ISO-10303-21;
HEADER;
FILE_DESCRIPTION(('FreeCAD Model'),'2;1');
FILE_NAME('Open CASCADE Shape Model','2026-10-09T04:29:52',('Author'),(
    ''),'Open CASCADE STEP processor 7.8','FreeCAD','Unknown');
FILE_SCHEMA(('AUTOMOTIVE_DESIGN { 1 0 10303 214 1 1 1 1 }'));
ENDSEC;
DATA;
#1 = APPLICATION_PROTOCOL_DEFINITION('international standard',
  'automotive_design',2000,#2);
#2 = APPLICATION_CONTEXT(
  'core data for automotive mechanical design processes');
#3 = SHAPE_DEFINITION_REPRESENTATION(#4,#10);
#4 = PRODUCT_DEFINITION_SHAPE('','',#5);
#5 = PRODUCT_DEFINITION('design','',#6,#9);
#6 = PRODUCT_DEFINITION_FORMATION('','',#7);
#7 = PRODUCT('AERIS10_head_pedestal','AERIS10_head_pedestal','',(#8));
#8 = PRODUCT_CONTEXT('',#2,'mechanical');
#9 = PRODUCT_DEFINITION_CONTEXT('part definition',#2,'design');
#10 = SHAPE_REPRESENTATION('',(#11,#15,#19,#23,#27,#31,#35,#39,#43,#47,
    #51,#55,#59,#63,#67,#71,#75,#79,#83,#87,#91,#95,#99,#103,#107,#111,
    #115,#119,#123,#127,#131,#135,#139,#143,#147,#151,#155,#159,#163,
    #167,#171,#175,#179,#183,#187,#191,#195,#199,#203,#207,#211,#215,
    #219,#223,#227,#231),#235);
#11 = AXIS2_PLACEMENT_3D('',#12,#13,#14);
#12 = CARTESIAN_POINT('',(0.,0.,0.));
#13 = DIRECTION('',(0.,0.,1.));
#14 = DIRECTION('',(1.,0.,-0.));
#15 = AXIS2_PLACEMENT_3D('',#16,#17,#18);
#16 = CARTESIAN_POINT('',(0.,0.,0.));
#17 = DIRECTION('',(0.,0.,1.));
#18 = DIRECTION('',(1.,0.,0.));
#19 = AXIS2_PLACEMENT_3D('',#20,#21,#22);
#20 = CARTESIAN_POINT('',(0.,0.,0.));
#21 = DIRECTION('',(0.,0.,1.));
#22 = DIRECTION('',(1.,0.,0.));
#23 = AXIS2_PLACEMENT_3D('',#24,#25,#26);
#24 = CARTESIAN_POINT('',(0.,0.,0.));
#25 = DIRECTION('',(0.,0.,1.));
#26 = DIRECTION('',(1.,0.,0.));
#27 = AXIS2_PLACEMENT_3D('',#28,#29,#30);
#28 = CARTESIAN_POINT('',(0.,0.,0.));
#29 = DIRECTION('',(0.,0.,1.));
#30 = DIRECTION('',(1.,0.,0.));
#31 = AXIS2_PLACEMENT_3D('',#32,#33,#34);
#32 = CARTESIAN_POINT('',(0.,0.,0.));
#33 = DIRECTION('',(0.,0.,1.));
#34 = DIRECTION('',(1.,0.,0.));
#35 = AXIS2_PLACEMENT_3D('',#36,#37,#38);
#36 = CARTESIAN_POINT('',(0.,0.,0.));
#37 = DIRECTION('',(0.,0.,1.));
#38 = DIRECTION('',(1.,0.,0.));
#39 = AXIS2_PLACEMENT_3D('',#40,#41,#42);
#40 = CARTESIAN_POINT('',(0.,0.,0.));
#41 = DIRECTION('',(0.,0.,1.));
#42 = DIRECTION('',(1.,0.,0.));
#43 = AXIS2_PLACEMENT_3D('',#44,#45,#46);
#44 = CARTESIAN_POINT('',(0.,0.,0.));
#45 = DIRECTION('',(0.,0.,1.));
#46 = DIRECTION('',(1.,0.,0.));
#47 = AXIS2_PLACEMENT_3D('',#48,#49,#50);
#48 = CARTESIAN_POINT('',(0.,0.,0.));
#49 = DIRECTION('',(0.,0.,1.));
#50 = DIRECTION('',(1.,0.,0.));
#51 = AXIS2_PLACEMENT_3D('',#52,#53,#54);
#52 = CARTESIAN_POINT('',(0.,0.,0.));
#53 = DIRECTION('',(0.,0.,1.));
#54 = DIRECTION('',(1.,0.,0.));
#55 = AXIS2_PLACEMENT_3D('',#56,#57,#58);
#56 = CARTESIAN_POINT('',(0.,0.,0.));
#57 = DIRECTION('',(0.,0.,1.));
#58 = DIRECTION('',(1.,0.,0.));
#59 = AXIS2_PLACEMENT_3D('',#60,#61,#62);
#60 = CARTESIAN_POINT('',(0.,0.,0.));
#61 = DIRECTION('',(0.,0.,1.));
#62 = DIRECTION('',(1.,0.,0.));
#63 = AXIS2_PLACEMENT_3D('',#64,#65,#66);
#64 = CARTESIAN_POINT('',(0.,0.,0.));
#65 = DIRECTION('',(0.,0.,1.));
#66 = DIRECTION('',(1.,0.,0.));
#67 = AXIS2_PLACEMENT_3D('',#68,#69,#70);
#68 = CARTESIAN_POINT('',(0.,0.,0.));
#69 = DIRECTION('',(0.,0.,1.));
#70 = DIRECTION('',(1.,0.,0.));
#71 = AXIS2_PLACEMENT_3D('',#72,#73,#74);
#72 = CARTESIAN_POINT('',(0.,0.,0.));
#73 = DIRECTION('',(0.,0.,1.));
#74 = DIRECTION('',(1.,0.,0.));
#75 = AXIS2_PLACEMENT_3D('',#76,#77,#78);
#76 = CARTESIAN_POINT('',(0.,0.,0.));
#77 = DIRECTION('',(0.,0.,1.));
#78 = DIRECTION('',(1.,0.,0.));
#79 = AXIS2_PLACEMENT_3D('',#80,#81,#82);
#80 = CARTESIAN_POINT('',(0.,0.,0.));
#81 = DIRECTION('',(0.,0.,1.));
#82 = DIRECTION('',(1.,0.,0.));
#83 = AXIS2_PLACEMENT_3D('',#84,#85,#86);
#84 = CARTESIAN_POINT('',(0.,0.,0.));
#85 = DIRECTION('',(0.,0.,1.));
#86 = DIRECTION('',(1.,0.,0.));
#87 = AXIS2_PLACEMENT_3D('',#88,#89,#90);
#88 = CARTESIAN_POINT('',(0.,0.,0.));
#89 = DIRECTION('',(0.,0.,1.));
#90 = DIRECTION('',(1.,0.,0.));
#91 = AXIS2_PLACEMENT_3D('',#92,#93,#94);
#92 = CARTESIAN_POINT('',(0.,0.,0.));
#93 = DIRECTION('',(0.,0.,1.));
#94 = DIRECTION('',(1.,0.,0.));
#95 = AXIS2_PLACEMENT_3D('',#96,#97,#98);
#96 = CARTESIAN_POINT('',(0.,0.,0.));
#97 = DIRECTION('',(0.,0.,1.));
#98 = DIRECTION('',(1.,0.,0.));
#99 = AXIS2_PLACEMENT_3D('',#100,#101,#102);
#100 = CARTESIAN_POINT('',(0.,0.,0.));
#101 = DIRECTION('',(0.,0.,1.));
#102 = DIRECTION('',(1.,0.,0.));
#103 = AXIS2_PLACEMENT_3D('',#104,#105,#106);
#104 = CARTESIAN_POINT('',(0.,0.,0.));
#105 = DIRECTION('',(0.,0.,1.));
#106 = DIRECTION('',(1.,0.,0.));
#107 = AXIS2_PLACEMENT_3D('',#108,#109,#110);
#108 = CARTESIAN_POINT('',(0.,0.,0.));
#109 = DIRECTION('',(0.,0.,1.));
#110 = DIRECTION('',(1.,0.,0.));
#111 = AXIS2_PLACEMENT_3D('',#112,#113,#114);
#112 = CARTESIAN_POINT('',(0.,0.,0.));
#113 = DIRECTION('',(0.,0.,1.));
#114 = DIRECTION('',(1.,0.,0.));
#115 = AXIS2_PLACEMENT_3D('',#116,#117,#118);
#116 = CARTESIAN_POINT('',(0.,0.,0.));
#117 = DIRECTION('',(0.,0.,1.));
#118 = DIRECTION('',(1.,0.,0.));
#119 = AXIS2_PLACEMENT_3D('',#120,#121,#122);
#120 = CARTESIAN_POINT('',(0.,0.,0.));
#121 = DIRECTION('',(0.,0.,1.));
#122 = DIRECTION('',(1.,0.,0.));
#123 = AXIS2_PLACEMENT_3D('',#124,#125,#126);
#124 = CARTESIAN_POINT('',(0.,0.,0.));
#125 = DIRECTION('',(0.,0.,1.));
#126 = DIRECTION('',(1.,0.,0.));
#127 = AXIS2_PLACEMENT_3D('',#128,#129,#130);
#128 = CARTESIAN_POINT('',(0.,0.,0.));
#129 = DIRECTION('',(0.,0.,1.));
#130 = DIRECTION('',(1.,0.,0.));
#131 = AXIS2_PLACEMENT_3D('',#132,#133,#134);
#132 = CARTESIAN_POINT('',(0.,0.,0.));
#133 = DIRECTION('',(0.,0.,1.));
#134 = DIRECTION('',(1.,0.,0.));
#135 = AXIS2_PLACEMENT_3D('',#136,#137,#138);
#136 = CARTESIAN_POINT('',(0.,0.,0.));
#137 = DIRECTION('',(0.,0.,1.));
#138 = DIRECTION('',(1.,0.,0.));
#139 = AXIS2_PLACEMENT_3D('',#140,#141,#142);
#140 = CARTESIAN_POINT('',(0.,0.,0.));
#141 = DIRECTION('',(0.,0.,1.));
#142 = DIRECTION('',(1.,0.,0.));
#143 = AXIS2_PLACEMENT_3D('',#144,#145,#146);
#144 = CARTESIAN_POINT('',(0.,0.,0.));
#145 = DIRECTION('',(0.,0.,1.));
#146 = DIRECTION('',(1.,0.,0.));
#147 = AXIS2_PLACEMENT_3D('',#148,#149,#150);
#148 = CARTESIAN_POINT('',(0.,0.,0.));
#149 = DIRECTION('',(0.,0.,1.));
#150 = DIRECTION('',(1.,0.,0.));
#151 = AXIS2_PLACEMENT_3D('',#152,#153,#154);
#152 = CARTESIAN_POINT('',(0.,0.,0.));
#153 = DIRECTION('',(0.,0.,1.));
#154 = DIRECTION('',(1.,0.,0.));
#155 = AXIS2_PLACEMENT_3D('',#156,#157,#158);
#156 = CARTESIAN_POINT('',(0.,0.,0.));
#157 = DIRECTION('',(0.,0.,1.));
#158 = DIRECTION('',(1.,0.,0.));
#159 = AXIS2_PLACEMENT_3D('',#160,#161,#162);
#160 = CARTESIAN_POINT('',(0.,0.,0.));
#161 = DIRECTION('',(0.,0.,1.));
#162 = DIRECTION('',(1.,0.,0.));
#163 = AXIS2_PLACEMENT_3D('',#164,#165,#166);
#164 = CARTESIAN_POINT('',(0.,0.,0.));
#165 = DIRECTION('',(0.,0.,1.));
#166 = DIRECTION('',(1.,0.,0.));
#167 = AXIS2_PLACEMENT_3D('',#168,#169,#170);
#168 = CARTESIAN_POINT('',(0.,0.,0.));
#169 = DIRECTION('',(0.,0.,1.));
#170 = DIRECTION('',(1.,0.,0.));
#171 = AXIS2_PLACEMENT_3D('',#172,#173,#174);
#172 = CARTESIAN_POINT('',(0.,0.,0.));
#173 = DIRECTION('',(0.,0.,1.));
#174 = DIRECTION('',(1.,0.,0.));
#175 = AXIS2_PLACEMENT_3D('',#176,#177,#178);
#176 = CARTESIAN_POINT('',(0.,0.,0.));
#177 = DIRECTION('',(0.,0.,1.));
#178 = DIRECTION('',(1.,0.,0.));
#179 = AXIS2_PLACEMENT_3D('',#180,#181,#182);
#180 = CARTESIAN_POINT('',(0.,0.,0.));
#181 = DIRECTION('',(0.,0.,1.));
#182 = DIRECTION('',(1.,0.,0.));
#183 = AXIS2_PLACEMENT_3D('',#184,#185,#186);
#184 = CARTESIAN_POINT('',(0.,0.,0.));
#185 = DIRECTION('',(0.,0.,1.));
#186 = DIRECTION('',(1.,0.,0.));
#187 = AXIS2_PLACEMENT_3D('',#188,#189,#190);
#188 = CARTESIAN_POINT('',(0.,0.,0.));
#189 = DIRECTION('',(0.,0.,1.));
#190 = DIRECTION('',(1.,0.,0.));
#191 = AXIS2_PLACEMENT_3D('',#192,#193,#194);
#192 = CARTESIAN_POINT('',(0.,0.,0.));
#193 = DIRECTION('',(0.,0.,1.));
#194 = DIRECTION('',(1.,0.,0.));
#195 = AXIS2_PLACEMENT_3D('',#196,#197,#198);
#196 = CARTESIAN_POINT('',(0.,0.,0.));
#197 = DIRECTION('',(0.,0.,1.));
#198 = DIRECTION('',(1.,0.,0.));
#199 = AXIS2_PLACEMENT_3D('',#200,#201,#202);
#200 = CARTESIAN_POINT('',(0.,0.,0.));
#201 = DIRECTION('',(0.,0.,1.));
#202 = DIRECTION('',(1.,0.,0.));
#203 = AXIS2_PLACEMENT_3D('',#204,#205,#206);
#204 = CARTESIAN_POINT('',(0.,0.,0.));
#205 = DIRECTION('',(0.,0.,1.));
#206 = DIRECTION('',(1.,0.,0.));
#207 = AXIS2_PLACEMENT_3D('',#208,#209,#210);
#208 = CARTESIAN_POINT('',(0.,0.,0.));
#209 = DIRECTION('',(0.,0.,1.));
#210 = DIRECTION('',(1.,0.,0.));
#211 = AXIS2_PLACEMENT_3D('',#212,#213,#214);
#212 = CARTESIAN_POINT('',(0.,0.,0.));
#213 = DIRECTION('',(0.,0.,1.));
#214 = DIRECTION('',(1.,0.,0.));
#215 = AXIS2_PLACEMENT_3D('',#216,#217,#218);
#216 = CARTESIAN_POINT('',(0.,0.,0.));
#217 = DIRECTION('',(0.,0.,1.));
#218 = DIRECTION('',(1.,0.,0.));
#219 = AXIS2_PLACEMENT_3D('',#220,#221,#222);
#220 = CARTESIAN_POINT('',(0.,0.,0.));
#221 = DIRECTION('',(0.,0.,1.));
#222 = DIRECTION('',(1.,0.,0.));
#223 = AXIS2_PLACEMENT_3D('',#224,#225,#226);
#224 = CARTESIAN_POINT('',(0.,0.,0.));
#225 = DIRECTION('',(0.,0.,1.));
#226 = DIRECTION('',(1.,0.,0.));
#227 = AXIS2_PLACEMENT_3D('',#228,#229,#230);
#228 = CARTESIAN_POINT('',(0.,0.,0.));
#229 = DIRECTION('',(0.,0.,1.));
#230 = DIRECTION('',(1.,0.,0.));
#231 = AXIS2_PLACEMENT_3D('',#232,#233,#234);
#232 = CARTESIAN_POINT('',(0.,0.,0.));
#233 = DIRECTION('',(0.,0.,1.));
#234 = DIRECTION('',(1.,0.,0.));
#235 = ( GEOMETRIC_REPRESENTATION_CONTEXT(3) 
GLOBAL_UNCERTAINTY_ASSIGNED_CONTEXT((#239)) GLOBAL_UNIT_ASSIGNED_CONTEXT
((#236,#237,#238)) REPRESENTATION_CONTEXT('Context #1',
  '3D Context with UNIT and UNCERTAINTY') );
#236 = ( LENGTH_UNIT() NAMED_UNIT(*) SI_UNIT(.MILLI.,.METRE.) );
#237 = ( NAMED_UNIT(*) PLANE_ANGLE_UNIT() SI_UNIT($,.RADIAN.) );
#238 = ( NAMED_UNIT(*) SI_UNIT($,.STERADIAN.) SOLID_ANGLE_UNIT() );
#239 = UNCERTAINTY_MEASURE_WITH_UNIT(LENGTH_MEASURE(1.E-07),#236,
  'distance_accuracy_value','confusion accuracy');
#240 = PRODUCT_RELATED_PRODUCT_CATEGORY('part',$,(#7));
#241 = SHAPE_DEFINITION_REPRESENTATION(#242,#248);
#242 = PRODUCT_DEFINITION_SHAPE('','',#243);
#243 = PRODUCT_DEFINITION('design','',#244,#247);
#244 = PRODUCT_DEFINITION_FORMATION('','',#245);
#245 = PRODUCT('Chassis (2.5 mm Al, folded)',
  'Chassis (2.5 mm Al, folded)','',(#246));
#246 = PRODUCT_CONTEXT('',#2,'mechanical');
#247 = PRODUCT_DEFINITION_CONTEXT('part definition',#2,'design');
#248 = ADVANCED_BREP_SHAPE_REPRESENTATION('',(#11,#249),#988);
#249 = MANIFOLD_SOLID_BREP('',#250);
#250 = CLOSED_SHELL('',(#251,#291,#356,#414,#438,#534,#546,#577,#601,
    #625,#642,#679,#703,#727,#744,#775,#799,#823,#840,#871,#895,#919,
    #936,#961));
#251 = ADVANCED_FACE('',(#252),#286,.F.);
#252 = FACE_BOUND('',#253,.F.);
#253 = EDGE_LOOP('',(#254,#264,#272,#280));
#254 = ORIENTED_EDGE('',*,*,#255,.F.);
#255 = EDGE_CURVE('',#256,#258,#260,.T.);
#256 = VERTEX_POINT('',#257);
#257 = CARTESIAN_POINT('',(-2.5,-2.5,-2.5));
#258 = VERTEX_POINT('',#259);
#259 = CARTESIAN_POINT('',(-2.5,-2.5,310.));
#260 = LINE('',#261,#262);
#261 = CARTESIAN_POINT('',(-2.5,-2.5,-2.5));
#262 = VECTOR('',#263,1.);
#263 = DIRECTION('',(0.,0.,1.));
#264 = ORIENTED_EDGE('',*,*,#265,.T.);
#265 = EDGE_CURVE('',#256,#266,#268,.T.);
#266 = VERTEX_POINT('',#267);
#267 = CARTESIAN_POINT('',(-2.5,130.1,-2.5));
#268 = LINE('',#269,#270);
#269 = CARTESIAN_POINT('',(-2.5,-2.5,-2.5));
#270 = VECTOR('',#271,1.);
#271 = DIRECTION('',(-0.,1.,0.));
#272 = ORIENTED_EDGE('',*,*,#273,.T.);
#273 = EDGE_CURVE('',#266,#274,#276,.T.);
#274 = VERTEX_POINT('',#275);
#275 = CARTESIAN_POINT('',(-2.5,130.1,310.));
#276 = LINE('',#277,#278);
#277 = CARTESIAN_POINT('',(-2.5,130.1,-2.5));
#278 = VECTOR('',#279,1.);
#279 = DIRECTION('',(0.,0.,1.));
#280 = ORIENTED_EDGE('',*,*,#281,.F.);
#281 = EDGE_CURVE('',#258,#274,#282,.T.);
#282 = LINE('',#283,#284);
#283 = CARTESIAN_POINT('',(-2.5,-2.5,310.));
#284 = VECTOR('',#285,1.);
#285 = DIRECTION('',(-0.,1.,0.));
#286 = PLANE('',#287);
#287 = AXIS2_PLACEMENT_3D('',#288,#289,#290);
#288 = CARTESIAN_POINT('',(-2.5,-2.5,-2.5));
#289 = DIRECTION('',(1.,0.,-0.));
#290 = DIRECTION('',(0.,0.,1.));
#291 = ADVANCED_FACE('',(#292,#317),#351,.F.);
#292 = FACE_BOUND('',#293,.F.);
#293 = EDGE_LOOP('',(#294,#302,#303,#311));
#294 = ORIENTED_EDGE('',*,*,#295,.F.);
#295 = EDGE_CURVE('',#256,#296,#298,.T.);
#296 = VERTEX_POINT('',#297);
#297 = CARTESIAN_POINT('',(312.5,-2.5,-2.5));
#298 = LINE('',#299,#300);
#299 = CARTESIAN_POINT('',(-2.5,-2.5,-2.5));
#300 = VECTOR('',#301,1.);
#301 = DIRECTION('',(1.,0.,-0.));
#302 = ORIENTED_EDGE('',*,*,#255,.T.);
#303 = ORIENTED_EDGE('',*,*,#304,.T.);
#304 = EDGE_CURVE('',#258,#305,#307,.T.);
#305 = VERTEX_POINT('',#306);
#306 = CARTESIAN_POINT('',(312.5,-2.5,310.));
#307 = LINE('',#308,#309);
#308 = CARTESIAN_POINT('',(-2.5,-2.5,310.));
#309 = VECTOR('',#310,1.);
#310 = DIRECTION('',(1.,0.,-0.));
#311 = ORIENTED_EDGE('',*,*,#312,.F.);
#312 = EDGE_CURVE('',#296,#305,#313,.T.);
#313 = LINE('',#314,#315);
#314 = CARTESIAN_POINT('',(312.5,-2.5,-2.5));
#315 = VECTOR('',#316,1.);
#316 = DIRECTION('',(0.,0.,1.));
#317 = FACE_BOUND('',#318,.F.);
#318 = EDGE_LOOP('',(#319,#329,#337,#345));
#319 = ORIENTED_EDGE('',*,*,#320,.F.);
#320 = EDGE_CURVE('',#321,#323,#325,.T.);
#321 = VERTEX_POINT('',#322);
#322 = CARTESIAN_POINT('',(67.5,-2.5,284.));
#323 = VERTEX_POINT('',#324);
#324 = CARTESIAN_POINT('',(242.5,-2.5,284.));
#325 = LINE('',#326,#327);
#326 = CARTESIAN_POINT('',(32.5,-2.5,284.));
#327 = VECTOR('',#328,1.);
#328 = DIRECTION('',(1.,0.,-0.));
#329 = ORIENTED_EDGE('',*,*,#330,.T.);
#330 = EDGE_CURVE('',#321,#331,#333,.T.);
#331 = VERTEX_POINT('',#332);
#332 = CARTESIAN_POINT('',(67.5,-2.5,26.));
#333 = LINE('',#334,#335);
#334 = CARTESIAN_POINT('',(67.5,-2.5,11.75));
#335 = VECTOR('',#336,1.);
#336 = DIRECTION('',(-0.,0.,-1.));
#337 = ORIENTED_EDGE('',*,*,#338,.T.);
#338 = EDGE_CURVE('',#331,#339,#341,.T.);
#339 = VERTEX_POINT('',#340);
#340 = CARTESIAN_POINT('',(242.5,-2.5,26.));
#341 = LINE('',#342,#343);
#342 = CARTESIAN_POINT('',(32.5,-2.5,26.));
#343 = VECTOR('',#344,1.);
#344 = DIRECTION('',(1.,0.,-0.));
#345 = ORIENTED_EDGE('',*,*,#346,.F.);
#346 = EDGE_CURVE('',#323,#339,#347,.T.);
#347 = LINE('',#348,#349);
#348 = CARTESIAN_POINT('',(242.5,-2.5,11.75));
#349 = VECTOR('',#350,1.);
#350 = DIRECTION('',(-0.,0.,-1.));
#351 = PLANE('',#352);
#352 = AXIS2_PLACEMENT_3D('',#353,#354,#355);
#353 = CARTESIAN_POINT('',(-2.5,-2.5,-2.5));
#354 = DIRECTION('',(-0.,1.,0.));
#355 = DIRECTION('',(0.,0.,1.));
#356 = ADVANCED_FACE('',(#357,#375),#409,.T.);
#357 = FACE_BOUND('',#358,.T.);
#358 = EDGE_LOOP('',(#359,#360,#361,#369));
#359 = ORIENTED_EDGE('',*,*,#281,.F.);
#360 = ORIENTED_EDGE('',*,*,#304,.T.);
#361 = ORIENTED_EDGE('',*,*,#362,.T.);
#362 = EDGE_CURVE('',#305,#363,#365,.T.);
#363 = VERTEX_POINT('',#364);
#364 = CARTESIAN_POINT('',(312.5,130.1,310.));
#365 = LINE('',#366,#367);
#366 = CARTESIAN_POINT('',(312.5,-2.5,310.));
#367 = VECTOR('',#368,1.);
#368 = DIRECTION('',(-0.,1.,0.));
#369 = ORIENTED_EDGE('',*,*,#370,.F.);
#370 = EDGE_CURVE('',#274,#363,#371,.T.);
#371 = LINE('',#372,#373);
#372 = CARTESIAN_POINT('',(-2.5,130.1,310.));
#373 = VECTOR('',#374,1.);
#374 = DIRECTION('',(1.,0.,-0.));
#375 = FACE_BOUND('',#376,.T.);
#376 = EDGE_LOOP('',(#377,#387,#395,#403));
#377 = ORIENTED_EDGE('',*,*,#378,.T.);
#378 = EDGE_CURVE('',#379,#381,#383,.T.);
#379 = VERTEX_POINT('',#380);
#380 = CARTESIAN_POINT('',(310.,0.,310.));
#381 = VERTEX_POINT('',#382);
#382 = CARTESIAN_POINT('',(0.,0.,310.));
#383 = LINE('',#384,#385);
#384 = CARTESIAN_POINT('',(-1.25,0.,310.));
#385 = VECTOR('',#386,1.);
#386 = DIRECTION('',(-1.,-0.,0.));
#387 = ORIENTED_EDGE('',*,*,#388,.T.);
#388 = EDGE_CURVE('',#381,#389,#391,.T.);
#389 = VERTEX_POINT('',#390);
#390 = CARTESIAN_POINT('',(0.,127.6,310.));
#391 = LINE('',#392,#393);
#392 = CARTESIAN_POINT('',(0.,-1.25,310.));
#393 = VECTOR('',#394,1.);
#394 = DIRECTION('',(-0.,1.,0.));
#395 = ORIENTED_EDGE('',*,*,#396,.F.);
#396 = EDGE_CURVE('',#397,#389,#399,.T.);
#397 = VERTEX_POINT('',#398);
#398 = CARTESIAN_POINT('',(310.,127.6,310.));
#399 = LINE('',#400,#401);
#400 = CARTESIAN_POINT('',(-1.25,127.6,310.));
#401 = VECTOR('',#402,1.);
#402 = DIRECTION('',(-1.,-0.,0.));
#403 = ORIENTED_EDGE('',*,*,#404,.F.);
#404 = EDGE_CURVE('',#379,#397,#405,.T.);
#405 = LINE('',#406,#407);
#406 = CARTESIAN_POINT('',(310.,-1.25,310.));
#407 = VECTOR('',#408,1.);
#408 = DIRECTION('',(-0.,1.,0.));
#409 = PLANE('',#410);
#410 = AXIS2_PLACEMENT_3D('',#411,#412,#413);
#411 = CARTESIAN_POINT('',(-2.5,-2.5,310.));
#412 = DIRECTION('',(0.,0.,1.));
#413 = DIRECTION('',(1.,0.,-0.));
#414 = ADVANCED_FACE('',(#415),#433,.T.);
#415 = FACE_BOUND('',#416,.T.);
#416 = EDGE_LOOP('',(#417,#425,#426,#427));
#417 = ORIENTED_EDGE('',*,*,#418,.F.);
#418 = EDGE_CURVE('',#266,#419,#421,.T.);
#419 = VERTEX_POINT('',#420);
#420 = CARTESIAN_POINT('',(312.5,130.1,-2.5));
#421 = LINE('',#422,#423);
#422 = CARTESIAN_POINT('',(-2.5,130.1,-2.5));
#423 = VECTOR('',#424,1.);
#424 = DIRECTION('',(1.,0.,-0.));
#425 = ORIENTED_EDGE('',*,*,#273,.T.);
#426 = ORIENTED_EDGE('',*,*,#370,.T.);
#427 = ORIENTED_EDGE('',*,*,#428,.F.);
#428 = EDGE_CURVE('',#419,#363,#429,.T.);
#429 = LINE('',#430,#431);
#430 = CARTESIAN_POINT('',(312.5,130.1,-2.5));
#431 = VECTOR('',#432,1.);
#432 = DIRECTION('',(0.,0.,1.));
#433 = PLANE('',#434);
#434 = AXIS2_PLACEMENT_3D('',#435,#436,#437);
#435 = CARTESIAN_POINT('',(-2.5,130.1,-2.5));
#436 = DIRECTION('',(-0.,1.,0.));
#437 = DIRECTION('',(0.,0.,1.));
#438 = ADVANCED_FACE('',(#439,#450,#484,#518),#529,.F.);
#439 = FACE_BOUND('',#440,.F.);
#440 = EDGE_LOOP('',(#441,#442,#443,#449));
#441 = ORIENTED_EDGE('',*,*,#265,.F.);
#442 = ORIENTED_EDGE('',*,*,#295,.T.);
#443 = ORIENTED_EDGE('',*,*,#444,.T.);
#444 = EDGE_CURVE('',#296,#419,#445,.T.);
#445 = LINE('',#446,#447);
#446 = CARTESIAN_POINT('',(312.5,-2.5,-2.5));
#447 = VECTOR('',#448,1.);
#448 = DIRECTION('',(-0.,1.,0.));
#449 = ORIENTED_EDGE('',*,*,#418,.F.);
#450 = FACE_BOUND('',#451,.F.);
#451 = EDGE_LOOP('',(#452,#462,#470,#478));
#452 = ORIENTED_EDGE('',*,*,#453,.T.);
#453 = EDGE_CURVE('',#454,#456,#458,.T.);
#454 = VERTEX_POINT('',#455);
#455 = CARTESIAN_POINT('',(55.,21.,-2.5));
#456 = VERTEX_POINT('',#457);
#457 = CARTESIAN_POINT('',(10.,21.,-2.5));
#458 = LINE('',#459,#460);
#459 = CARTESIAN_POINT('',(3.75,21.,-2.5));
#460 = VECTOR('',#461,1.);
#461 = DIRECTION('',(-1.,-0.,0.));
#462 = ORIENTED_EDGE('',*,*,#463,.T.);
#463 = EDGE_CURVE('',#456,#464,#466,.T.);
#464 = VERTEX_POINT('',#465);
#465 = CARTESIAN_POINT('',(10.,48.,-2.5));
#466 = LINE('',#467,#468);
#467 = CARTESIAN_POINT('',(10.,9.25,-2.5));
#468 = VECTOR('',#469,1.);
#469 = DIRECTION('',(-0.,1.,0.));
#470 = ORIENTED_EDGE('',*,*,#471,.F.);
#471 = EDGE_CURVE('',#472,#464,#474,.T.);
#472 = VERTEX_POINT('',#473);
#473 = CARTESIAN_POINT('',(55.,48.,-2.5));
#474 = LINE('',#475,#476);
#475 = CARTESIAN_POINT('',(3.75,48.,-2.5));
#476 = VECTOR('',#477,1.);
#477 = DIRECTION('',(-1.,-0.,0.));
#478 = ORIENTED_EDGE('',*,*,#479,.F.);
#479 = EDGE_CURVE('',#454,#472,#480,.T.);
#480 = LINE('',#481,#482);
#481 = CARTESIAN_POINT('',(55.,9.25,-2.5));
#482 = VECTOR('',#483,1.);
#483 = DIRECTION('',(-0.,1.,0.));
#484 = FACE_BOUND('',#485,.F.);
#485 = EDGE_LOOP('',(#486,#496,#504,#512));
#486 = ORIENTED_EDGE('',*,*,#487,.T.);
#487 = EDGE_CURVE('',#488,#490,#492,.T.);
#488 = VERTEX_POINT('',#489);
#489 = CARTESIAN_POINT('',(300.,21.,-2.5));
#490 = VERTEX_POINT('',#491);
#491 = CARTESIAN_POINT('',(255.,21.,-2.5));
#492 = LINE('',#493,#494);
#493 = CARTESIAN_POINT('',(126.25,21.,-2.5));
#494 = VECTOR('',#495,1.);
#495 = DIRECTION('',(-1.,-0.,0.));
#496 = ORIENTED_EDGE('',*,*,#497,.T.);
#497 = EDGE_CURVE('',#490,#498,#500,.T.);
#498 = VERTEX_POINT('',#499);
#499 = CARTESIAN_POINT('',(255.,48.,-2.5));
#500 = LINE('',#501,#502);
#501 = CARTESIAN_POINT('',(255.,9.25,-2.5));
#502 = VECTOR('',#503,1.);
#503 = DIRECTION('',(-0.,1.,0.));
#504 = ORIENTED_EDGE('',*,*,#505,.F.);
#505 = EDGE_CURVE('',#506,#498,#508,.T.);
#506 = VERTEX_POINT('',#507);
#507 = CARTESIAN_POINT('',(300.,48.,-2.5));
#508 = LINE('',#509,#510);
#509 = CARTESIAN_POINT('',(126.25,48.,-2.5));
#510 = VECTOR('',#511,1.);
#511 = DIRECTION('',(-1.,-0.,0.));
#512 = ORIENTED_EDGE('',*,*,#513,.F.);
#513 = EDGE_CURVE('',#488,#506,#514,.T.);
#514 = LINE('',#515,#516);
#515 = CARTESIAN_POINT('',(300.,9.25,-2.5));
#516 = VECTOR('',#517,1.);
#517 = DIRECTION('',(-0.,1.,0.));
#518 = FACE_BOUND('',#519,.F.);
#519 = EDGE_LOOP('',(#520));
#520 = ORIENTED_EDGE('',*,*,#521,.F.);
#521 = EDGE_CURVE('',#522,#522,#524,.T.);
#522 = VERTEX_POINT('',#523);
#523 = CARTESIAN_POINT('',(190.,86.,-2.5));
#524 = CIRCLE('',#525,35.);
#525 = AXIS2_PLACEMENT_3D('',#526,#527,#528);
#526 = CARTESIAN_POINT('',(155.,86.,-2.5));
#527 = DIRECTION('',(0.,0.,1.));
#528 = DIRECTION('',(1.,0.,-0.));
#529 = PLANE('',#530);
#530 = AXIS2_PLACEMENT_3D('',#531,#532,#533);
#531 = CARTESIAN_POINT('',(-2.5,-2.5,-2.5));
#532 = DIRECTION('',(0.,0.,1.));
#533 = DIRECTION('',(1.,0.,-0.));
#534 = ADVANCED_FACE('',(#535),#541,.T.);
#535 = FACE_BOUND('',#536,.T.);
#536 = EDGE_LOOP('',(#537,#538,#539,#540));
#537 = ORIENTED_EDGE('',*,*,#312,.F.);
#538 = ORIENTED_EDGE('',*,*,#444,.T.);
#539 = ORIENTED_EDGE('',*,*,#428,.T.);
#540 = ORIENTED_EDGE('',*,*,#362,.F.);
#541 = PLANE('',#542);
#542 = AXIS2_PLACEMENT_3D('',#543,#544,#545);
#543 = CARTESIAN_POINT('',(312.5,-2.5,-2.5));
#544 = DIRECTION('',(1.,0.,-0.));
#545 = DIRECTION('',(0.,0.,1.));
#546 = ADVANCED_FACE('',(#547),#572,.F.);
#547 = FACE_BOUND('',#548,.F.);
#548 = EDGE_LOOP('',(#549,#557,#558,#566));
#549 = ORIENTED_EDGE('',*,*,#550,.F.);
#550 = EDGE_CURVE('',#321,#551,#553,.T.);
#551 = VERTEX_POINT('',#552);
#552 = CARTESIAN_POINT('',(67.5,0.,284.));
#553 = LINE('',#554,#555);
#554 = CARTESIAN_POINT('',(67.5,-3.5,284.));
#555 = VECTOR('',#556,1.);
#556 = DIRECTION('',(-0.,1.,0.));
#557 = ORIENTED_EDGE('',*,*,#320,.T.);
#558 = ORIENTED_EDGE('',*,*,#559,.T.);
#559 = EDGE_CURVE('',#323,#560,#562,.T.);
#560 = VERTEX_POINT('',#561);
#561 = CARTESIAN_POINT('',(242.5,0.,284.));
#562 = LINE('',#563,#564);
#563 = CARTESIAN_POINT('',(242.5,-3.5,284.));
#564 = VECTOR('',#565,1.);
#565 = DIRECTION('',(-0.,1.,0.));
#566 = ORIENTED_EDGE('',*,*,#567,.F.);
#567 = EDGE_CURVE('',#551,#560,#568,.T.);
#568 = LINE('',#569,#570);
#569 = CARTESIAN_POINT('',(33.75,0.,284.));
#570 = VECTOR('',#571,1.);
#571 = DIRECTION('',(1.,0.,-0.));
#572 = PLANE('',#573);
#573 = AXIS2_PLACEMENT_3D('',#574,#575,#576);
#574 = CARTESIAN_POINT('',(67.5,-3.5,284.));
#575 = DIRECTION('',(0.,0.,1.));
#576 = DIRECTION('',(1.,0.,-0.));
#577 = ADVANCED_FACE('',(#578),#596,.F.);
#578 = FACE_BOUND('',#579,.F.);
#579 = EDGE_LOOP('',(#580,#581,#582,#590));
#580 = ORIENTED_EDGE('',*,*,#559,.F.);
#581 = ORIENTED_EDGE('',*,*,#346,.T.);
#582 = ORIENTED_EDGE('',*,*,#583,.T.);
#583 = EDGE_CURVE('',#339,#584,#586,.T.);
#584 = VERTEX_POINT('',#585);
#585 = CARTESIAN_POINT('',(242.5,0.,26.));
#586 = LINE('',#587,#588);
#587 = CARTESIAN_POINT('',(242.5,-3.5,26.));
#588 = VECTOR('',#589,1.);
#589 = DIRECTION('',(-0.,1.,0.));
#590 = ORIENTED_EDGE('',*,*,#591,.F.);
#591 = EDGE_CURVE('',#560,#584,#592,.T.);
#592 = LINE('',#593,#594);
#593 = CARTESIAN_POINT('',(242.5,0.,13.));
#594 = VECTOR('',#595,1.);
#595 = DIRECTION('',(-0.,0.,-1.));
#596 = PLANE('',#597);
#597 = AXIS2_PLACEMENT_3D('',#598,#599,#600);
#598 = CARTESIAN_POINT('',(242.5,-3.5,26.));
#599 = DIRECTION('',(1.,0.,-0.));
#600 = DIRECTION('',(0.,0.,1.));
#601 = ADVANCED_FACE('',(#602),#620,.T.);
#602 = FACE_BOUND('',#603,.T.);
#603 = EDGE_LOOP('',(#604,#612,#613,#614));
#604 = ORIENTED_EDGE('',*,*,#605,.F.);
#605 = EDGE_CURVE('',#331,#606,#608,.T.);
#606 = VERTEX_POINT('',#607);
#607 = CARTESIAN_POINT('',(67.5,0.,26.));
#608 = LINE('',#609,#610);
#609 = CARTESIAN_POINT('',(67.5,-3.5,26.));
#610 = VECTOR('',#611,1.);
#611 = DIRECTION('',(-0.,1.,0.));
#612 = ORIENTED_EDGE('',*,*,#338,.T.);
#613 = ORIENTED_EDGE('',*,*,#583,.T.);
#614 = ORIENTED_EDGE('',*,*,#615,.F.);
#615 = EDGE_CURVE('',#606,#584,#616,.T.);
#616 = LINE('',#617,#618);
#617 = CARTESIAN_POINT('',(33.75,0.,26.));
#618 = VECTOR('',#619,1.);
#619 = DIRECTION('',(1.,0.,-0.));
#620 = PLANE('',#621);
#621 = AXIS2_PLACEMENT_3D('',#622,#623,#624);
#622 = CARTESIAN_POINT('',(67.5,-3.5,26.));
#623 = DIRECTION('',(0.,0.,1.));
#624 = DIRECTION('',(1.,0.,-0.));
#625 = ADVANCED_FACE('',(#626),#637,.T.);
#626 = FACE_BOUND('',#627,.T.);
#627 = EDGE_LOOP('',(#628,#629,#630,#631));
#628 = ORIENTED_EDGE('',*,*,#550,.F.);
#629 = ORIENTED_EDGE('',*,*,#330,.T.);
#630 = ORIENTED_EDGE('',*,*,#605,.T.);
#631 = ORIENTED_EDGE('',*,*,#632,.F.);
#632 = EDGE_CURVE('',#551,#606,#633,.T.);
#633 = LINE('',#634,#635);
#634 = CARTESIAN_POINT('',(67.5,0.,13.));
#635 = VECTOR('',#636,1.);
#636 = DIRECTION('',(-0.,0.,-1.));
#637 = PLANE('',#638);
#638 = AXIS2_PLACEMENT_3D('',#639,#640,#641);
#639 = CARTESIAN_POINT('',(67.5,-3.5,26.));
#640 = DIRECTION('',(1.,0.,-0.));
#641 = DIRECTION('',(0.,0.,1.));
#642 = ADVANCED_FACE('',(#643,#668),#674,.T.);
#643 = FACE_BOUND('',#644,.T.);
#644 = EDGE_LOOP('',(#645,#653,#661,#667));
#645 = ORIENTED_EDGE('',*,*,#646,.F.);
#646 = EDGE_CURVE('',#647,#379,#649,.T.);
#647 = VERTEX_POINT('',#648);
#648 = CARTESIAN_POINT('',(310.,0.,0.));
#649 = LINE('',#650,#651);
#650 = CARTESIAN_POINT('',(310.,0.,0.));
#651 = VECTOR('',#652,1.);
#652 = DIRECTION('',(0.,0.,1.));
#653 = ORIENTED_EDGE('',*,*,#654,.F.);
#654 = EDGE_CURVE('',#655,#647,#657,.T.);
#655 = VERTEX_POINT('',#656);
#656 = CARTESIAN_POINT('',(0.,0.,0.));
#657 = LINE('',#658,#659);
#658 = CARTESIAN_POINT('',(0.,0.,0.));
#659 = VECTOR('',#660,1.);
#660 = DIRECTION('',(1.,0.,-0.));
#661 = ORIENTED_EDGE('',*,*,#662,.T.);
#662 = EDGE_CURVE('',#655,#381,#663,.T.);
#663 = LINE('',#664,#665);
#664 = CARTESIAN_POINT('',(0.,0.,0.));
#665 = VECTOR('',#666,1.);
#666 = DIRECTION('',(0.,0.,1.));
#667 = ORIENTED_EDGE('',*,*,#378,.F.);
#668 = FACE_BOUND('',#669,.T.);
#669 = EDGE_LOOP('',(#670,#671,#672,#673));
#670 = ORIENTED_EDGE('',*,*,#567,.F.);
#671 = ORIENTED_EDGE('',*,*,#632,.T.);
#672 = ORIENTED_EDGE('',*,*,#615,.T.);
#673 = ORIENTED_EDGE('',*,*,#591,.F.);
#674 = PLANE('',#675);
#675 = AXIS2_PLACEMENT_3D('',#676,#677,#678);
#676 = CARTESIAN_POINT('',(0.,0.,0.));
#677 = DIRECTION('',(-0.,1.,0.));
#678 = DIRECTION('',(0.,0.,1.));
#679 = ADVANCED_FACE('',(#680),#698,.F.);
#680 = FACE_BOUND('',#681,.F.);
#681 = EDGE_LOOP('',(#682,#683,#691,#697));
#682 = ORIENTED_EDGE('',*,*,#646,.F.);
#683 = ORIENTED_EDGE('',*,*,#684,.T.);
#684 = EDGE_CURVE('',#647,#685,#687,.T.);
#685 = VERTEX_POINT('',#686);
#686 = CARTESIAN_POINT('',(310.,127.6,0.));
#687 = LINE('',#688,#689);
#688 = CARTESIAN_POINT('',(310.,0.,0.));
#689 = VECTOR('',#690,1.);
#690 = DIRECTION('',(-0.,1.,0.));
#691 = ORIENTED_EDGE('',*,*,#692,.T.);
#692 = EDGE_CURVE('',#685,#397,#693,.T.);
#693 = LINE('',#694,#695);
#694 = CARTESIAN_POINT('',(310.,127.6,0.));
#695 = VECTOR('',#696,1.);
#696 = DIRECTION('',(0.,0.,1.));
#697 = ORIENTED_EDGE('',*,*,#404,.F.);
#698 = PLANE('',#699);
#699 = AXIS2_PLACEMENT_3D('',#700,#701,#702);
#700 = CARTESIAN_POINT('',(310.,0.,0.));
#701 = DIRECTION('',(1.,0.,-0.));
#702 = DIRECTION('',(0.,0.,1.));
#703 = ADVANCED_FACE('',(#704),#722,.F.);
#704 = FACE_BOUND('',#705,.F.);
#705 = EDGE_LOOP('',(#706,#707,#715,#721));
#706 = ORIENTED_EDGE('',*,*,#692,.F.);
#707 = ORIENTED_EDGE('',*,*,#708,.F.);
#708 = EDGE_CURVE('',#709,#685,#711,.T.);
#709 = VERTEX_POINT('',#710);
#710 = CARTESIAN_POINT('',(0.,127.6,0.));
#711 = LINE('',#712,#713);
#712 = CARTESIAN_POINT('',(0.,127.6,0.));
#713 = VECTOR('',#714,1.);
#714 = DIRECTION('',(1.,0.,-0.));
#715 = ORIENTED_EDGE('',*,*,#716,.T.);
#716 = EDGE_CURVE('',#709,#389,#717,.T.);
#717 = LINE('',#718,#719);
#718 = CARTESIAN_POINT('',(0.,127.6,0.));
#719 = VECTOR('',#720,1.);
#720 = DIRECTION('',(0.,0.,1.));
#721 = ORIENTED_EDGE('',*,*,#396,.F.);
#722 = PLANE('',#723);
#723 = AXIS2_PLACEMENT_3D('',#724,#725,#726);
#724 = CARTESIAN_POINT('',(0.,127.6,0.));
#725 = DIRECTION('',(-0.,1.,0.));
#726 = DIRECTION('',(0.,0.,1.));
#727 = ADVANCED_FACE('',(#728),#739,.T.);
#728 = FACE_BOUND('',#729,.T.);
#729 = EDGE_LOOP('',(#730,#731,#737,#738));
#730 = ORIENTED_EDGE('',*,*,#662,.F.);
#731 = ORIENTED_EDGE('',*,*,#732,.T.);
#732 = EDGE_CURVE('',#655,#709,#733,.T.);
#733 = LINE('',#734,#735);
#734 = CARTESIAN_POINT('',(0.,0.,0.));
#735 = VECTOR('',#736,1.);
#736 = DIRECTION('',(-0.,1.,0.));
#737 = ORIENTED_EDGE('',*,*,#716,.T.);
#738 = ORIENTED_EDGE('',*,*,#388,.F.);
#739 = PLANE('',#740);
#740 = AXIS2_PLACEMENT_3D('',#741,#742,#743);
#741 = CARTESIAN_POINT('',(0.,0.,0.));
#742 = DIRECTION('',(1.,0.,-0.));
#743 = DIRECTION('',(0.,0.,1.));
#744 = ADVANCED_FACE('',(#745),#770,.T.);
#745 = FACE_BOUND('',#746,.T.);
#746 = EDGE_LOOP('',(#747,#755,#756,#764));
#747 = ORIENTED_EDGE('',*,*,#748,.F.);
#748 = EDGE_CURVE('',#454,#749,#751,.T.);
#749 = VERTEX_POINT('',#750);
#750 = CARTESIAN_POINT('',(55.,21.,0.));
#751 = LINE('',#752,#753);
#752 = CARTESIAN_POINT('',(55.,21.,-3.5));
#753 = VECTOR('',#754,1.);
#754 = DIRECTION('',(0.,0.,1.));
#755 = ORIENTED_EDGE('',*,*,#453,.T.);
#756 = ORIENTED_EDGE('',*,*,#757,.T.);
#757 = EDGE_CURVE('',#456,#758,#760,.T.);
#758 = VERTEX_POINT('',#759);
#759 = CARTESIAN_POINT('',(10.,21.,0.));
#760 = LINE('',#761,#762);
#761 = CARTESIAN_POINT('',(10.,21.,-3.5));
#762 = VECTOR('',#763,1.);
#763 = DIRECTION('',(0.,0.,1.));
#764 = ORIENTED_EDGE('',*,*,#765,.F.);
#765 = EDGE_CURVE('',#749,#758,#766,.T.);
#766 = LINE('',#767,#768);
#767 = CARTESIAN_POINT('',(5.,21.,0.));
#768 = VECTOR('',#769,1.);
#769 = DIRECTION('',(-1.,-0.,0.));
#770 = PLANE('',#771);
#771 = AXIS2_PLACEMENT_3D('',#772,#773,#774);
#772 = CARTESIAN_POINT('',(10.,21.,-3.5));
#773 = DIRECTION('',(-0.,1.,0.));
#774 = DIRECTION('',(0.,0.,1.));
#775 = ADVANCED_FACE('',(#776),#794,.F.);
#776 = FACE_BOUND('',#777,.F.);
#777 = EDGE_LOOP('',(#778,#779,#780,#788));
#778 = ORIENTED_EDGE('',*,*,#748,.F.);
#779 = ORIENTED_EDGE('',*,*,#479,.T.);
#780 = ORIENTED_EDGE('',*,*,#781,.T.);
#781 = EDGE_CURVE('',#472,#782,#784,.T.);
#782 = VERTEX_POINT('',#783);
#783 = CARTESIAN_POINT('',(55.,48.,0.));
#784 = LINE('',#785,#786);
#785 = CARTESIAN_POINT('',(55.,48.,-3.5));
#786 = VECTOR('',#787,1.);
#787 = DIRECTION('',(0.,0.,1.));
#788 = ORIENTED_EDGE('',*,*,#789,.F.);
#789 = EDGE_CURVE('',#749,#782,#790,.T.);
#790 = LINE('',#791,#792);
#791 = CARTESIAN_POINT('',(55.,10.5,0.));
#792 = VECTOR('',#793,1.);
#793 = DIRECTION('',(-0.,1.,0.));
#794 = PLANE('',#795);
#795 = AXIS2_PLACEMENT_3D('',#796,#797,#798);
#796 = CARTESIAN_POINT('',(55.,21.,-3.5));
#797 = DIRECTION('',(1.,0.,-0.));
#798 = DIRECTION('',(0.,0.,1.));
#799 = ADVANCED_FACE('',(#800),#818,.T.);
#800 = FACE_BOUND('',#801,.T.);
#801 = EDGE_LOOP('',(#802,#803,#804,#812));
#802 = ORIENTED_EDGE('',*,*,#757,.F.);
#803 = ORIENTED_EDGE('',*,*,#463,.T.);
#804 = ORIENTED_EDGE('',*,*,#805,.T.);
#805 = EDGE_CURVE('',#464,#806,#808,.T.);
#806 = VERTEX_POINT('',#807);
#807 = CARTESIAN_POINT('',(10.,48.,0.));
#808 = LINE('',#809,#810);
#809 = CARTESIAN_POINT('',(10.,48.,-3.5));
#810 = VECTOR('',#811,1.);
#811 = DIRECTION('',(0.,0.,1.));
#812 = ORIENTED_EDGE('',*,*,#813,.F.);
#813 = EDGE_CURVE('',#758,#806,#814,.T.);
#814 = LINE('',#815,#816);
#815 = CARTESIAN_POINT('',(10.,10.5,0.));
#816 = VECTOR('',#817,1.);
#817 = DIRECTION('',(-0.,1.,0.));
#818 = PLANE('',#819);
#819 = AXIS2_PLACEMENT_3D('',#820,#821,#822);
#820 = CARTESIAN_POINT('',(10.,21.,-3.5));
#821 = DIRECTION('',(1.,0.,-0.));
#822 = DIRECTION('',(0.,0.,1.));
#823 = ADVANCED_FACE('',(#824),#835,.F.);
#824 = FACE_BOUND('',#825,.F.);
#825 = EDGE_LOOP('',(#826,#827,#828,#829));
#826 = ORIENTED_EDGE('',*,*,#781,.F.);
#827 = ORIENTED_EDGE('',*,*,#471,.T.);
#828 = ORIENTED_EDGE('',*,*,#805,.T.);
#829 = ORIENTED_EDGE('',*,*,#830,.F.);
#830 = EDGE_CURVE('',#782,#806,#831,.T.);
#831 = LINE('',#832,#833);
#832 = CARTESIAN_POINT('',(5.,48.,0.));
#833 = VECTOR('',#834,1.);
#834 = DIRECTION('',(-1.,-0.,0.));
#835 = PLANE('',#836);
#836 = AXIS2_PLACEMENT_3D('',#837,#838,#839);
#837 = CARTESIAN_POINT('',(10.,48.,-3.5));
#838 = DIRECTION('',(-0.,1.,0.));
#839 = DIRECTION('',(0.,0.,1.));
#840 = ADVANCED_FACE('',(#841),#866,.T.);
#841 = FACE_BOUND('',#842,.T.);
#842 = EDGE_LOOP('',(#843,#851,#852,#860));
#843 = ORIENTED_EDGE('',*,*,#844,.F.);
#844 = EDGE_CURVE('',#488,#845,#847,.T.);
#845 = VERTEX_POINT('',#846);
#846 = CARTESIAN_POINT('',(300.,21.,0.));
#847 = LINE('',#848,#849);
#848 = CARTESIAN_POINT('',(300.,21.,-3.5));
#849 = VECTOR('',#850,1.);
#850 = DIRECTION('',(0.,0.,1.));
#851 = ORIENTED_EDGE('',*,*,#487,.T.);
#852 = ORIENTED_EDGE('',*,*,#853,.T.);
#853 = EDGE_CURVE('',#490,#854,#856,.T.);
#854 = VERTEX_POINT('',#855);
#855 = CARTESIAN_POINT('',(255.,21.,0.));
#856 = LINE('',#857,#858);
#857 = CARTESIAN_POINT('',(255.,21.,-3.5));
#858 = VECTOR('',#859,1.);
#859 = DIRECTION('',(0.,0.,1.));
#860 = ORIENTED_EDGE('',*,*,#861,.F.);
#861 = EDGE_CURVE('',#845,#854,#862,.T.);
#862 = LINE('',#863,#864);
#863 = CARTESIAN_POINT('',(127.5,21.,0.));
#864 = VECTOR('',#865,1.);
#865 = DIRECTION('',(-1.,-0.,0.));
#866 = PLANE('',#867);
#867 = AXIS2_PLACEMENT_3D('',#868,#869,#870);
#868 = CARTESIAN_POINT('',(255.,21.,-3.5));
#869 = DIRECTION('',(-0.,1.,0.));
#870 = DIRECTION('',(0.,0.,1.));
#871 = ADVANCED_FACE('',(#872),#890,.F.);
#872 = FACE_BOUND('',#873,.F.);
#873 = EDGE_LOOP('',(#874,#875,#876,#884));
#874 = ORIENTED_EDGE('',*,*,#844,.F.);
#875 = ORIENTED_EDGE('',*,*,#513,.T.);
#876 = ORIENTED_EDGE('',*,*,#877,.T.);
#877 = EDGE_CURVE('',#506,#878,#880,.T.);
#878 = VERTEX_POINT('',#879);
#879 = CARTESIAN_POINT('',(300.,48.,0.));
#880 = LINE('',#881,#882);
#881 = CARTESIAN_POINT('',(300.,48.,-3.5));
#882 = VECTOR('',#883,1.);
#883 = DIRECTION('',(0.,0.,1.));
#884 = ORIENTED_EDGE('',*,*,#885,.F.);
#885 = EDGE_CURVE('',#845,#878,#886,.T.);
#886 = LINE('',#887,#888);
#887 = CARTESIAN_POINT('',(300.,10.5,0.));
#888 = VECTOR('',#889,1.);
#889 = DIRECTION('',(-0.,1.,0.));
#890 = PLANE('',#891);
#891 = AXIS2_PLACEMENT_3D('',#892,#893,#894);
#892 = CARTESIAN_POINT('',(300.,21.,-3.5));
#893 = DIRECTION('',(1.,0.,-0.));
#894 = DIRECTION('',(0.,0.,1.));
#895 = ADVANCED_FACE('',(#896),#914,.T.);
#896 = FACE_BOUND('',#897,.T.);
#897 = EDGE_LOOP('',(#898,#899,#900,#908));
#898 = ORIENTED_EDGE('',*,*,#853,.F.);
#899 = ORIENTED_EDGE('',*,*,#497,.T.);
#900 = ORIENTED_EDGE('',*,*,#901,.T.);
#901 = EDGE_CURVE('',#498,#902,#904,.T.);
#902 = VERTEX_POINT('',#903);
#903 = CARTESIAN_POINT('',(255.,48.,0.));
#904 = LINE('',#905,#906);
#905 = CARTESIAN_POINT('',(255.,48.,-3.5));
#906 = VECTOR('',#907,1.);
#907 = DIRECTION('',(0.,0.,1.));
#908 = ORIENTED_EDGE('',*,*,#909,.F.);
#909 = EDGE_CURVE('',#854,#902,#910,.T.);
#910 = LINE('',#911,#912);
#911 = CARTESIAN_POINT('',(255.,10.5,0.));
#912 = VECTOR('',#913,1.);
#913 = DIRECTION('',(-0.,1.,0.));
#914 = PLANE('',#915);
#915 = AXIS2_PLACEMENT_3D('',#916,#917,#918);
#916 = CARTESIAN_POINT('',(255.,21.,-3.5));
#917 = DIRECTION('',(1.,0.,-0.));
#918 = DIRECTION('',(0.,0.,1.));
#919 = ADVANCED_FACE('',(#920),#931,.F.);
#920 = FACE_BOUND('',#921,.F.);
#921 = EDGE_LOOP('',(#922,#923,#924,#925));
#922 = ORIENTED_EDGE('',*,*,#877,.F.);
#923 = ORIENTED_EDGE('',*,*,#505,.T.);
#924 = ORIENTED_EDGE('',*,*,#901,.T.);
#925 = ORIENTED_EDGE('',*,*,#926,.F.);
#926 = EDGE_CURVE('',#878,#902,#927,.T.);
#927 = LINE('',#928,#929);
#928 = CARTESIAN_POINT('',(127.5,48.,0.));
#929 = VECTOR('',#930,1.);
#930 = DIRECTION('',(-1.,-0.,0.));
#931 = PLANE('',#932);
#932 = AXIS2_PLACEMENT_3D('',#933,#934,#935);
#933 = CARTESIAN_POINT('',(255.,48.,-3.5));
#934 = DIRECTION('',(-0.,1.,0.));
#935 = DIRECTION('',(0.,0.,1.));
#936 = ADVANCED_FACE('',(#937),#956,.F.);
#937 = FACE_BOUND('',#938,.F.);
#938 = EDGE_LOOP('',(#939,#948,#954,#955));
#939 = ORIENTED_EDGE('',*,*,#940,.F.);
#940 = EDGE_CURVE('',#941,#941,#943,.T.);
#941 = VERTEX_POINT('',#942);
#942 = CARTESIAN_POINT('',(190.,86.,0.));
#943 = CIRCLE('',#944,35.);
#944 = AXIS2_PLACEMENT_3D('',#945,#946,#947);
#945 = CARTESIAN_POINT('',(155.,86.,0.));
#946 = DIRECTION('',(0.,0.,1.));
#947 = DIRECTION('',(1.,0.,-0.));
#948 = ORIENTED_EDGE('',*,*,#949,.F.);
#949 = EDGE_CURVE('',#522,#941,#950,.T.);
#950 = LINE('',#951,#952);
#951 = CARTESIAN_POINT('',(190.,86.,-3.5));
#952 = VECTOR('',#953,1.);
#953 = DIRECTION('',(0.,0.,1.));
#954 = ORIENTED_EDGE('',*,*,#521,.T.);
#955 = ORIENTED_EDGE('',*,*,#949,.T.);
#956 = CYLINDRICAL_SURFACE('',#957,35.);
#957 = AXIS2_PLACEMENT_3D('',#958,#959,#960);
#958 = CARTESIAN_POINT('',(155.,86.,-3.5));
#959 = DIRECTION('',(0.,0.,1.));
#960 = DIRECTION('',(1.,0.,-0.));
#961 = ADVANCED_FACE('',(#962,#968,#974,#980),#983,.T.);
#962 = FACE_BOUND('',#963,.T.);
#963 = EDGE_LOOP('',(#964,#965,#966,#967));
#964 = ORIENTED_EDGE('',*,*,#732,.F.);
#965 = ORIENTED_EDGE('',*,*,#654,.T.);
#966 = ORIENTED_EDGE('',*,*,#684,.T.);
#967 = ORIENTED_EDGE('',*,*,#708,.F.);
#968 = FACE_BOUND('',#969,.T.);
#969 = EDGE_LOOP('',(#970,#971,#972,#973));
#970 = ORIENTED_EDGE('',*,*,#765,.T.);
#971 = ORIENTED_EDGE('',*,*,#813,.T.);
#972 = ORIENTED_EDGE('',*,*,#830,.F.);
#973 = ORIENTED_EDGE('',*,*,#789,.F.);
#974 = FACE_BOUND('',#975,.T.);
#975 = EDGE_LOOP('',(#976,#977,#978,#979));
#976 = ORIENTED_EDGE('',*,*,#861,.T.);
#977 = ORIENTED_EDGE('',*,*,#909,.T.);
#978 = ORIENTED_EDGE('',*,*,#926,.F.);
#979 = ORIENTED_EDGE('',*,*,#885,.F.);
#980 = FACE_BOUND('',#981,.T.);
#981 = EDGE_LOOP('',(#982));
#982 = ORIENTED_EDGE('',*,*,#940,.F.);
#983 = PLANE('',#984);
#984 = AXIS2_PLACEMENT_3D('',#985,#986,#987);
#985 = CARTESIAN_POINT('',(0.,0.,0.));
#986 = DIRECTION('',(0.,0.,1.));
#987 = DIRECTION('',(1.,0.,-0.));
#988 = ( GEOMETRIC_REPRESENTATION_CONTEXT(3) 
GLOBAL_UNCERTAINTY_ASSIGNED_CONTEXT((#992)) GLOBAL_UNIT_ASSIGNED_CONTEXT
((#989,#990,#991)) REPRESENTATION_CONTEXT('Context #1',
  '3D Context with UNIT and UNCERTAINTY') );
#989 = ( LENGTH_UNIT() NAMED_UNIT(*) SI_UNIT(.MILLI.,.METRE.) );
#990 = ( NAMED_UNIT(*) PLANE_ANGLE_UNIT() SI_UNIT($,.RADIAN.) );
#991 = ( NAMED_UNIT(*) SI_UNIT($,.STERADIAN.) SOLID_ANGLE_UNIT() );
#992 = UNCERTAINTY_MEASURE_WITH_UNIT(LENGTH_MEASURE(1.E-07),#989,
  'distance_accuracy_value','confusion accuracy');
#993 = CONTEXT_DEPENDENT_SHAPE_REPRESENTATION(#994,#996);
#994 = ( REPRESENTATION_RELATIONSHIP('','',#248,#10) 
REPRESENTATION_RELATIONSHIP_WITH_TRANSFORMATION(#995) 
SHAPE_REPRESENTATION_RELATIONSHIP() );
#995 = ITEM_DEFINED_TRANSFORMATION('','',#11,#15);
#996 = PRODUCT_DEFINITION_SHAPE('Placement','Placement of an item',#997
  );
#997 = NEXT_ASSEMBLY_USAGE_OCCURRENCE('1','Chassis (2.5 mm Al, folded)',
  '',#5,#243,$);
#998 = PRODUCT_RELATED_PRODUCT_CATEGORY('part',$,(#245));
#999 = SHAPE_DEFINITION_REPRESENTATION(#1000,#1006);
#1000 = PRODUCT_DEFINITION_SHAPE('','',#1001);
#1001 = PRODUCT_DEFINITION('design','',#1002,#1005);
#1002 = PRODUCT_DEFINITION_FORMATION('','',#1003);
#1003 = PRODUCT('Lid (2.5 mm Al)','Lid (2.5 mm Al)','',(#1004));
#1004 = PRODUCT_CONTEXT('',#2,'mechanical');
#1005 = PRODUCT_DEFINITION_CONTEXT('part definition',#2,'design');
#1006 = ADVANCED_BREP_SHAPE_REPRESENTATION('',(#11,#1007),#1429);
#1007 = MANIFOLD_SOLID_BREP('',#1008);
#1008 = CLOSED_SHELL('',(#1009,#1049,#1080,#1172,#1196,#1281,#1293,#1315
    ,#1332,#1349,#1361,#1383,#1400,#1417));
#1009 = ADVANCED_FACE('',(#1010),#1044,.F.);
#1010 = FACE_BOUND('',#1011,.F.);
#1011 = EDGE_LOOP('',(#1012,#1022,#1030,#1038));
#1012 = ORIENTED_EDGE('',*,*,#1013,.F.);
#1013 = EDGE_CURVE('',#1014,#1016,#1018,.T.);
#1014 = VERTEX_POINT('',#1015);
#1015 = CARTESIAN_POINT('',(-2.5,-2.5,310.));
#1016 = VERTEX_POINT('',#1017);
#1017 = CARTESIAN_POINT('',(-2.5,-2.5,312.5));
#1018 = LINE('',#1019,#1020);
#1019 = CARTESIAN_POINT('',(-2.5,-2.5,310.));
#1020 = VECTOR('',#1021,1.);
#1021 = DIRECTION('',(0.,0.,1.));
#1022 = ORIENTED_EDGE('',*,*,#1023,.T.);
#1023 = EDGE_CURVE('',#1014,#1024,#1026,.T.);
#1024 = VERTEX_POINT('',#1025);
#1025 = CARTESIAN_POINT('',(-2.5,130.1,310.));
#1026 = LINE('',#1027,#1028);
#1027 = CARTESIAN_POINT('',(-2.5,-2.5,310.));
#1028 = VECTOR('',#1029,1.);
#1029 = DIRECTION('',(-0.,1.,0.));
#1030 = ORIENTED_EDGE('',*,*,#1031,.T.);
#1031 = EDGE_CURVE('',#1024,#1032,#1034,.T.);
#1032 = VERTEX_POINT('',#1033);
#1033 = CARTESIAN_POINT('',(-2.5,130.1,312.5));
#1034 = LINE('',#1035,#1036);
#1035 = CARTESIAN_POINT('',(-2.5,130.1,310.));
#1036 = VECTOR('',#1037,1.);
#1037 = DIRECTION('',(0.,0.,1.));
#1038 = ORIENTED_EDGE('',*,*,#1039,.F.);
#1039 = EDGE_CURVE('',#1016,#1032,#1040,.T.);
#1040 = LINE('',#1041,#1042);
#1041 = CARTESIAN_POINT('',(-2.5,-2.5,312.5));
#1042 = VECTOR('',#1043,1.);
#1043 = DIRECTION('',(-0.,1.,0.));
#1044 = PLANE('',#1045);
#1045 = AXIS2_PLACEMENT_3D('',#1046,#1047,#1048);
#1046 = CARTESIAN_POINT('',(-2.5,-2.5,310.));
#1047 = DIRECTION('',(1.,0.,-0.));
#1048 = DIRECTION('',(0.,0.,1.));
#1049 = ADVANCED_FACE('',(#1050),#1075,.F.);
#1050 = FACE_BOUND('',#1051,.F.);
#1051 = EDGE_LOOP('',(#1052,#1060,#1061,#1069));
#1052 = ORIENTED_EDGE('',*,*,#1053,.F.);
#1053 = EDGE_CURVE('',#1014,#1054,#1056,.T.);
#1054 = VERTEX_POINT('',#1055);
#1055 = CARTESIAN_POINT('',(312.5,-2.5,310.));
#1056 = LINE('',#1057,#1058);
#1057 = CARTESIAN_POINT('',(-2.5,-2.5,310.));
#1058 = VECTOR('',#1059,1.);
#1059 = DIRECTION('',(1.,0.,-0.));
#1060 = ORIENTED_EDGE('',*,*,#1013,.T.);
#1061 = ORIENTED_EDGE('',*,*,#1062,.T.);
#1062 = EDGE_CURVE('',#1016,#1063,#1065,.T.);
#1063 = VERTEX_POINT('',#1064);
#1064 = CARTESIAN_POINT('',(312.5,-2.5,312.5));
#1065 = LINE('',#1066,#1067);
#1066 = CARTESIAN_POINT('',(-2.5,-2.5,312.5));
#1067 = VECTOR('',#1068,1.);
#1068 = DIRECTION('',(1.,0.,-0.));
#1069 = ORIENTED_EDGE('',*,*,#1070,.F.);
#1070 = EDGE_CURVE('',#1054,#1063,#1071,.T.);
#1071 = LINE('',#1072,#1073);
#1072 = CARTESIAN_POINT('',(312.5,-2.5,310.));
#1073 = VECTOR('',#1074,1.);
#1074 = DIRECTION('',(0.,0.,1.));
#1075 = PLANE('',#1076);
#1076 = AXIS2_PLACEMENT_3D('',#1077,#1078,#1079);
#1077 = CARTESIAN_POINT('',(-2.5,-2.5,310.));
#1078 = DIRECTION('',(-0.,1.,0.));
#1079 = DIRECTION('',(0.,0.,1.));
#1080 = ADVANCED_FACE('',(#1081,#1099,#1133),#1167,.T.);
#1081 = FACE_BOUND('',#1082,.T.);
#1082 = EDGE_LOOP('',(#1083,#1084,#1085,#1093));
#1083 = ORIENTED_EDGE('',*,*,#1039,.F.);
#1084 = ORIENTED_EDGE('',*,*,#1062,.T.);
#1085 = ORIENTED_EDGE('',*,*,#1086,.T.);
#1086 = EDGE_CURVE('',#1063,#1087,#1089,.T.);
#1087 = VERTEX_POINT('',#1088);
#1088 = CARTESIAN_POINT('',(312.5,130.1,312.5));
#1089 = LINE('',#1090,#1091);
#1090 = CARTESIAN_POINT('',(312.5,-2.5,312.5));
#1091 = VECTOR('',#1092,1.);
#1092 = DIRECTION('',(-0.,1.,0.));
#1093 = ORIENTED_EDGE('',*,*,#1094,.F.);
#1094 = EDGE_CURVE('',#1032,#1087,#1095,.T.);
#1095 = LINE('',#1096,#1097);
#1096 = CARTESIAN_POINT('',(-2.5,130.1,312.5));
#1097 = VECTOR('',#1098,1.);
#1098 = DIRECTION('',(1.,0.,-0.));
#1099 = FACE_BOUND('',#1100,.T.);
#1100 = EDGE_LOOP('',(#1101,#1111,#1119,#1127));
#1101 = ORIENTED_EDGE('',*,*,#1102,.T.);
#1102 = EDGE_CURVE('',#1103,#1105,#1107,.T.);
#1103 = VERTEX_POINT('',#1104);
#1104 = CARTESIAN_POINT('',(55.,21.,312.5));
#1105 = VERTEX_POINT('',#1106);
#1106 = CARTESIAN_POINT('',(10.,21.,312.5));
#1107 = LINE('',#1108,#1109);
#1108 = CARTESIAN_POINT('',(3.75,21.,312.5));
#1109 = VECTOR('',#1110,1.);
#1110 = DIRECTION('',(-1.,-0.,0.));
#1111 = ORIENTED_EDGE('',*,*,#1112,.T.);
#1112 = EDGE_CURVE('',#1105,#1113,#1115,.T.);
#1113 = VERTEX_POINT('',#1114);
#1114 = CARTESIAN_POINT('',(10.,48.,312.5));
#1115 = LINE('',#1116,#1117);
#1116 = CARTESIAN_POINT('',(10.,9.25,312.5));
#1117 = VECTOR('',#1118,1.);
#1118 = DIRECTION('',(-0.,1.,0.));
#1119 = ORIENTED_EDGE('',*,*,#1120,.F.);
#1120 = EDGE_CURVE('',#1121,#1113,#1123,.T.);
#1121 = VERTEX_POINT('',#1122);
#1122 = CARTESIAN_POINT('',(55.,48.,312.5));
#1123 = LINE('',#1124,#1125);
#1124 = CARTESIAN_POINT('',(3.75,48.,312.5));
#1125 = VECTOR('',#1126,1.);
#1126 = DIRECTION('',(-1.,-0.,0.));
#1127 = ORIENTED_EDGE('',*,*,#1128,.F.);
#1128 = EDGE_CURVE('',#1103,#1121,#1129,.T.);
#1129 = LINE('',#1130,#1131);
#1130 = CARTESIAN_POINT('',(55.,9.25,312.5));
#1131 = VECTOR('',#1132,1.);
#1132 = DIRECTION('',(-0.,1.,0.));
#1133 = FACE_BOUND('',#1134,.T.);
#1134 = EDGE_LOOP('',(#1135,#1145,#1153,#1161));
#1135 = ORIENTED_EDGE('',*,*,#1136,.T.);
#1136 = EDGE_CURVE('',#1137,#1139,#1141,.T.);
#1137 = VERTEX_POINT('',#1138);
#1138 = CARTESIAN_POINT('',(300.,21.,312.5));
#1139 = VERTEX_POINT('',#1140);
#1140 = CARTESIAN_POINT('',(255.,21.,312.5));
#1141 = LINE('',#1142,#1143);
#1142 = CARTESIAN_POINT('',(126.25,21.,312.5));
#1143 = VECTOR('',#1144,1.);
#1144 = DIRECTION('',(-1.,-0.,0.));
#1145 = ORIENTED_EDGE('',*,*,#1146,.T.);
#1146 = EDGE_CURVE('',#1139,#1147,#1149,.T.);
#1147 = VERTEX_POINT('',#1148);
#1148 = CARTESIAN_POINT('',(255.,48.,312.5));
#1149 = LINE('',#1150,#1151);
#1150 = CARTESIAN_POINT('',(255.,9.25,312.5));
#1151 = VECTOR('',#1152,1.);
#1152 = DIRECTION('',(-0.,1.,0.));
#1153 = ORIENTED_EDGE('',*,*,#1154,.F.);
#1154 = EDGE_CURVE('',#1155,#1147,#1157,.T.);
#1155 = VERTEX_POINT('',#1156);
#1156 = CARTESIAN_POINT('',(300.,48.,312.5));
#1157 = LINE('',#1158,#1159);
#1158 = CARTESIAN_POINT('',(126.25,48.,312.5));
#1159 = VECTOR('',#1160,1.);
#1160 = DIRECTION('',(-1.,-0.,0.));
#1161 = ORIENTED_EDGE('',*,*,#1162,.F.);
#1162 = EDGE_CURVE('',#1137,#1155,#1163,.T.);
#1163 = LINE('',#1164,#1165);
#1164 = CARTESIAN_POINT('',(300.,9.25,312.5));
#1165 = VECTOR('',#1166,1.);
#1166 = DIRECTION('',(-0.,1.,0.));
#1167 = PLANE('',#1168);
#1168 = AXIS2_PLACEMENT_3D('',#1169,#1170,#1171);
#1169 = CARTESIAN_POINT('',(-2.5,-2.5,312.5));
#1170 = DIRECTION('',(0.,0.,1.));
#1171 = DIRECTION('',(1.,0.,-0.));
#1172 = ADVANCED_FACE('',(#1173),#1191,.T.);
#1173 = FACE_BOUND('',#1174,.T.);
#1174 = EDGE_LOOP('',(#1175,#1183,#1184,#1185));
#1175 = ORIENTED_EDGE('',*,*,#1176,.F.);
#1176 = EDGE_CURVE('',#1024,#1177,#1179,.T.);
#1177 = VERTEX_POINT('',#1178);
#1178 = CARTESIAN_POINT('',(312.5,130.1,310.));
#1179 = LINE('',#1180,#1181);
#1180 = CARTESIAN_POINT('',(-2.5,130.1,310.));
#1181 = VECTOR('',#1182,1.);
#1182 = DIRECTION('',(1.,0.,-0.));
#1183 = ORIENTED_EDGE('',*,*,#1031,.T.);
#1184 = ORIENTED_EDGE('',*,*,#1094,.T.);
#1185 = ORIENTED_EDGE('',*,*,#1186,.F.);
#1186 = EDGE_CURVE('',#1177,#1087,#1187,.T.);
#1187 = LINE('',#1188,#1189);
#1188 = CARTESIAN_POINT('',(312.5,130.1,310.));
#1189 = VECTOR('',#1190,1.);
#1190 = DIRECTION('',(0.,0.,1.));
#1191 = PLANE('',#1192);
#1192 = AXIS2_PLACEMENT_3D('',#1193,#1194,#1195);
#1193 = CARTESIAN_POINT('',(-2.5,130.1,310.));
#1194 = DIRECTION('',(-0.,1.,0.));
#1195 = DIRECTION('',(0.,0.,1.));
#1196 = ADVANCED_FACE('',(#1197,#1208,#1242),#1276,.F.);
#1197 = FACE_BOUND('',#1198,.F.);
#1198 = EDGE_LOOP('',(#1199,#1200,#1201,#1207));
#1199 = ORIENTED_EDGE('',*,*,#1023,.F.);
#1200 = ORIENTED_EDGE('',*,*,#1053,.T.);
#1201 = ORIENTED_EDGE('',*,*,#1202,.T.);
#1202 = EDGE_CURVE('',#1054,#1177,#1203,.T.);
#1203 = LINE('',#1204,#1205);
#1204 = CARTESIAN_POINT('',(312.5,-2.5,310.));
#1205 = VECTOR('',#1206,1.);
#1206 = DIRECTION('',(-0.,1.,0.));
#1207 = ORIENTED_EDGE('',*,*,#1176,.F.);
#1208 = FACE_BOUND('',#1209,.F.);
#1209 = EDGE_LOOP('',(#1210,#1220,#1228,#1236));
#1210 = ORIENTED_EDGE('',*,*,#1211,.T.);
#1211 = EDGE_CURVE('',#1212,#1214,#1216,.T.);
#1212 = VERTEX_POINT('',#1213);
#1213 = CARTESIAN_POINT('',(55.,21.,310.));
#1214 = VERTEX_POINT('',#1215);
#1215 = CARTESIAN_POINT('',(10.,21.,310.));
#1216 = LINE('',#1217,#1218);
#1217 = CARTESIAN_POINT('',(3.75,21.,310.));
#1218 = VECTOR('',#1219,1.);
#1219 = DIRECTION('',(-1.,-0.,0.));
#1220 = ORIENTED_EDGE('',*,*,#1221,.T.);
#1221 = EDGE_CURVE('',#1214,#1222,#1224,.T.);
#1222 = VERTEX_POINT('',#1223);
#1223 = CARTESIAN_POINT('',(10.,48.,310.));
#1224 = LINE('',#1225,#1226);
#1225 = CARTESIAN_POINT('',(10.,9.25,310.));
#1226 = VECTOR('',#1227,1.);
#1227 = DIRECTION('',(-0.,1.,0.));
#1228 = ORIENTED_EDGE('',*,*,#1229,.F.);
#1229 = EDGE_CURVE('',#1230,#1222,#1232,.T.);
#1230 = VERTEX_POINT('',#1231);
#1231 = CARTESIAN_POINT('',(55.,48.,310.));
#1232 = LINE('',#1233,#1234);
#1233 = CARTESIAN_POINT('',(3.75,48.,310.));
#1234 = VECTOR('',#1235,1.);
#1235 = DIRECTION('',(-1.,-0.,0.));
#1236 = ORIENTED_EDGE('',*,*,#1237,.F.);
#1237 = EDGE_CURVE('',#1212,#1230,#1238,.T.);
#1238 = LINE('',#1239,#1240);
#1239 = CARTESIAN_POINT('',(55.,9.25,310.));
#1240 = VECTOR('',#1241,1.);
#1241 = DIRECTION('',(-0.,1.,0.));
#1242 = FACE_BOUND('',#1243,.F.);
#1243 = EDGE_LOOP('',(#1244,#1254,#1262,#1270));
#1244 = ORIENTED_EDGE('',*,*,#1245,.T.);
#1245 = EDGE_CURVE('',#1246,#1248,#1250,.T.);
#1246 = VERTEX_POINT('',#1247);
#1247 = CARTESIAN_POINT('',(300.,21.,310.));
#1248 = VERTEX_POINT('',#1249);
#1249 = CARTESIAN_POINT('',(255.,21.,310.));
#1250 = LINE('',#1251,#1252);
#1251 = CARTESIAN_POINT('',(126.25,21.,310.));
#1252 = VECTOR('',#1253,1.);
#1253 = DIRECTION('',(-1.,-0.,0.));
#1254 = ORIENTED_EDGE('',*,*,#1255,.T.);
#1255 = EDGE_CURVE('',#1248,#1256,#1258,.T.);
#1256 = VERTEX_POINT('',#1257);
#1257 = CARTESIAN_POINT('',(255.,48.,310.));
#1258 = LINE('',#1259,#1260);
#1259 = CARTESIAN_POINT('',(255.,9.25,310.));
#1260 = VECTOR('',#1261,1.);
#1261 = DIRECTION('',(-0.,1.,0.));
#1262 = ORIENTED_EDGE('',*,*,#1263,.F.);
#1263 = EDGE_CURVE('',#1264,#1256,#1266,.T.);
#1264 = VERTEX_POINT('',#1265);
#1265 = CARTESIAN_POINT('',(300.,48.,310.));
#1266 = LINE('',#1267,#1268);
#1267 = CARTESIAN_POINT('',(126.25,48.,310.));
#1268 = VECTOR('',#1269,1.);
#1269 = DIRECTION('',(-1.,-0.,0.));
#1270 = ORIENTED_EDGE('',*,*,#1271,.F.);
#1271 = EDGE_CURVE('',#1246,#1264,#1272,.T.);
#1272 = LINE('',#1273,#1274);
#1273 = CARTESIAN_POINT('',(300.,9.25,310.));
#1274 = VECTOR('',#1275,1.);
#1275 = DIRECTION('',(-0.,1.,0.));
#1276 = PLANE('',#1277);
#1277 = AXIS2_PLACEMENT_3D('',#1278,#1279,#1280);
#1278 = CARTESIAN_POINT('',(-2.5,-2.5,310.));
#1279 = DIRECTION('',(0.,0.,1.));
#1280 = DIRECTION('',(1.,0.,-0.));
#1281 = ADVANCED_FACE('',(#1282),#1288,.T.);
#1282 = FACE_BOUND('',#1283,.T.);
#1283 = EDGE_LOOP('',(#1284,#1285,#1286,#1287));
#1284 = ORIENTED_EDGE('',*,*,#1070,.F.);
#1285 = ORIENTED_EDGE('',*,*,#1202,.T.);
#1286 = ORIENTED_EDGE('',*,*,#1186,.T.);
#1287 = ORIENTED_EDGE('',*,*,#1086,.F.);
#1288 = PLANE('',#1289);
#1289 = AXIS2_PLACEMENT_3D('',#1290,#1291,#1292);
#1290 = CARTESIAN_POINT('',(312.5,-2.5,310.));
#1291 = DIRECTION('',(1.,0.,-0.));
#1292 = DIRECTION('',(0.,0.,1.));
#1293 = ADVANCED_FACE('',(#1294),#1310,.T.);
#1294 = FACE_BOUND('',#1295,.T.);
#1295 = EDGE_LOOP('',(#1296,#1302,#1303,#1309));
#1296 = ORIENTED_EDGE('',*,*,#1297,.F.);
#1297 = EDGE_CURVE('',#1212,#1103,#1298,.T.);
#1298 = LINE('',#1299,#1300);
#1299 = CARTESIAN_POINT('',(55.,21.,309.));
#1300 = VECTOR('',#1301,1.);
#1301 = DIRECTION('',(0.,0.,1.));
#1302 = ORIENTED_EDGE('',*,*,#1211,.T.);
#1303 = ORIENTED_EDGE('',*,*,#1304,.T.);
#1304 = EDGE_CURVE('',#1214,#1105,#1305,.T.);
#1305 = LINE('',#1306,#1307);
#1306 = CARTESIAN_POINT('',(10.,21.,309.));
#1307 = VECTOR('',#1308,1.);
#1308 = DIRECTION('',(0.,0.,1.));
#1309 = ORIENTED_EDGE('',*,*,#1102,.F.);
#1310 = PLANE('',#1311);
#1311 = AXIS2_PLACEMENT_3D('',#1312,#1313,#1314);
#1312 = CARTESIAN_POINT('',(10.,21.,309.));
#1313 = DIRECTION('',(-0.,1.,0.));
#1314 = DIRECTION('',(0.,0.,1.));
#1315 = ADVANCED_FACE('',(#1316),#1327,.F.);
#1316 = FACE_BOUND('',#1317,.F.);
#1317 = EDGE_LOOP('',(#1318,#1319,#1320,#1326));
#1318 = ORIENTED_EDGE('',*,*,#1297,.F.);
#1319 = ORIENTED_EDGE('',*,*,#1237,.T.);
#1320 = ORIENTED_EDGE('',*,*,#1321,.T.);
#1321 = EDGE_CURVE('',#1230,#1121,#1322,.T.);
#1322 = LINE('',#1323,#1324);
#1323 = CARTESIAN_POINT('',(55.,48.,309.));
#1324 = VECTOR('',#1325,1.);
#1325 = DIRECTION('',(0.,0.,1.));
#1326 = ORIENTED_EDGE('',*,*,#1128,.F.);
#1327 = PLANE('',#1328);
#1328 = AXIS2_PLACEMENT_3D('',#1329,#1330,#1331);
#1329 = CARTESIAN_POINT('',(55.,21.,309.));
#1330 = DIRECTION('',(1.,0.,-0.));
#1331 = DIRECTION('',(0.,0.,1.));
#1332 = ADVANCED_FACE('',(#1333),#1344,.T.);
#1333 = FACE_BOUND('',#1334,.T.);
#1334 = EDGE_LOOP('',(#1335,#1336,#1337,#1343));
#1335 = ORIENTED_EDGE('',*,*,#1304,.F.);
#1336 = ORIENTED_EDGE('',*,*,#1221,.T.);
#1337 = ORIENTED_EDGE('',*,*,#1338,.T.);
#1338 = EDGE_CURVE('',#1222,#1113,#1339,.T.);
#1339 = LINE('',#1340,#1341);
#1340 = CARTESIAN_POINT('',(10.,48.,309.));
#1341 = VECTOR('',#1342,1.);
#1342 = DIRECTION('',(0.,0.,1.));
#1343 = ORIENTED_EDGE('',*,*,#1112,.F.);
#1344 = PLANE('',#1345);
#1345 = AXIS2_PLACEMENT_3D('',#1346,#1347,#1348);
#1346 = CARTESIAN_POINT('',(10.,21.,309.));
#1347 = DIRECTION('',(1.,0.,-0.));
#1348 = DIRECTION('',(0.,0.,1.));
#1349 = ADVANCED_FACE('',(#1350),#1356,.F.);
#1350 = FACE_BOUND('',#1351,.F.);
#1351 = EDGE_LOOP('',(#1352,#1353,#1354,#1355));
#1352 = ORIENTED_EDGE('',*,*,#1321,.F.);
#1353 = ORIENTED_EDGE('',*,*,#1229,.T.);
#1354 = ORIENTED_EDGE('',*,*,#1338,.T.);
#1355 = ORIENTED_EDGE('',*,*,#1120,.F.);
#1356 = PLANE('',#1357);
#1357 = AXIS2_PLACEMENT_3D('',#1358,#1359,#1360);
#1358 = CARTESIAN_POINT('',(10.,48.,309.));
#1359 = DIRECTION('',(-0.,1.,0.));
#1360 = DIRECTION('',(0.,0.,1.));
#1361 = ADVANCED_FACE('',(#1362),#1378,.T.);
#1362 = FACE_BOUND('',#1363,.T.);
#1363 = EDGE_LOOP('',(#1364,#1370,#1371,#1377));
#1364 = ORIENTED_EDGE('',*,*,#1365,.F.);
#1365 = EDGE_CURVE('',#1246,#1137,#1366,.T.);
#1366 = LINE('',#1367,#1368);
#1367 = CARTESIAN_POINT('',(300.,21.,309.));
#1368 = VECTOR('',#1369,1.);
#1369 = DIRECTION('',(0.,0.,1.));
#1370 = ORIENTED_EDGE('',*,*,#1245,.T.);
#1371 = ORIENTED_EDGE('',*,*,#1372,.T.);
#1372 = EDGE_CURVE('',#1248,#1139,#1373,.T.);
#1373 = LINE('',#1374,#1375);
#1374 = CARTESIAN_POINT('',(255.,21.,309.));
#1375 = VECTOR('',#1376,1.);
#1376 = DIRECTION('',(0.,0.,1.));
#1377 = ORIENTED_EDGE('',*,*,#1136,.F.);
#1378 = PLANE('',#1379);
#1379 = AXIS2_PLACEMENT_3D('',#1380,#1381,#1382);
#1380 = CARTESIAN_POINT('',(255.,21.,309.));
#1381 = DIRECTION('',(-0.,1.,0.));
#1382 = DIRECTION('',(0.,0.,1.));
#1383 = ADVANCED_FACE('',(#1384),#1395,.F.);
#1384 = FACE_BOUND('',#1385,.F.);
#1385 = EDGE_LOOP('',(#1386,#1387,#1388,#1394));
#1386 = ORIENTED_EDGE('',*,*,#1365,.F.);
#1387 = ORIENTED_EDGE('',*,*,#1271,.T.);
#1388 = ORIENTED_EDGE('',*,*,#1389,.T.);
#1389 = EDGE_CURVE('',#1264,#1155,#1390,.T.);
#1390 = LINE('',#1391,#1392);
#1391 = CARTESIAN_POINT('',(300.,48.,309.));
#1392 = VECTOR('',#1393,1.);
#1393 = DIRECTION('',(0.,0.,1.));
#1394 = ORIENTED_EDGE('',*,*,#1162,.F.);
#1395 = PLANE('',#1396);
#1396 = AXIS2_PLACEMENT_3D('',#1397,#1398,#1399);
#1397 = CARTESIAN_POINT('',(300.,21.,309.));
#1398 = DIRECTION('',(1.,0.,-0.));
#1399 = DIRECTION('',(0.,0.,1.));
#1400 = ADVANCED_FACE('',(#1401),#1412,.F.);
#1401 = FACE_BOUND('',#1402,.F.);
#1402 = EDGE_LOOP('',(#1403,#1404,#1405,#1411));
#1403 = ORIENTED_EDGE('',*,*,#1389,.F.);
#1404 = ORIENTED_EDGE('',*,*,#1263,.T.);
#1405 = ORIENTED_EDGE('',*,*,#1406,.T.);
#1406 = EDGE_CURVE('',#1256,#1147,#1407,.T.);
#1407 = LINE('',#1408,#1409);
#1408 = CARTESIAN_POINT('',(255.,48.,309.));
#1409 = VECTOR('',#1410,1.);
#1410 = DIRECTION('',(0.,0.,1.));
#1411 = ORIENTED_EDGE('',*,*,#1154,.F.);
#1412 = PLANE('',#1413);
#1413 = AXIS2_PLACEMENT_3D('',#1414,#1415,#1416);
#1414 = CARTESIAN_POINT('',(255.,48.,309.));
#1415 = DIRECTION('',(-0.,1.,0.));
#1416 = DIRECTION('',(0.,0.,1.));
#1417 = ADVANCED_FACE('',(#1418),#1424,.T.);
#1418 = FACE_BOUND('',#1419,.T.);
#1419 = EDGE_LOOP('',(#1420,#1421,#1422,#1423));
#1420 = ORIENTED_EDGE('',*,*,#1372,.F.);
#1421 = ORIENTED_EDGE('',*,*,#1255,.T.);
#1422 = ORIENTED_EDGE('',*,*,#1406,.T.);
#1423 = ORIENTED_EDGE('',*,*,#1146,.F.);
#1424 = PLANE('',#1425);
#1425 = AXIS2_PLACEMENT_3D('',#1426,#1427,#1428);
#1426 = CARTESIAN_POINT('',(255.,21.,309.));
#1427 = DIRECTION('',(1.,0.,-0.));
#1428 = DIRECTION('',(0.,0.,1.));
#1429 = ( GEOMETRIC_REPRESENTATION_CONTEXT(3) 
GLOBAL_UNCERTAINTY_ASSIGNED_CONTEXT((#1433)) 
GLOBAL_UNIT_ASSIGNED_CONTEXT((#1430,#1431,#1432)) REPRESENTATION_CONTEXT
('Context #1','3D Context with UNIT and UNCERTAINTY') );
#1430 = ( LENGTH_UNIT() NAMED_UNIT(*) SI_UNIT(.MILLI.,.METRE.) );
#1431 = ( NAMED_UNIT(*) PLANE_ANGLE_UNIT() SI_UNIT($,.RADIAN.) );
#1432 = ( NAMED_UNIT(*) SI_UNIT($,.STERADIAN.) SOLID_ANGLE_UNIT() );
#1433 = UNCERTAINTY_MEASURE_WITH_UNIT(LENGTH_MEASURE(1.E-07),#1430,
  'distance_accuracy_value','confusion accuracy');
#1434 = CONTEXT_DEPENDENT_SHAPE_REPRESENTATION(#1435,#1437);
#1435 = ( REPRESENTATION_RELATIONSHIP('','',#1006,#10) 
REPRESENTATION_RELATIONSHIP_WITH_TRANSFORMATION(#1436) 
SHAPE_REPRESENTATION_RELATIONSHIP() );
#1436 = ITEM_DEFINED_TRANSFORMATION('','',#11,#19);
#1437 = PRODUCT_DEFINITION_SHAPE('Placement','Placement of an item',
  #1438);
#1438 = NEXT_ASSEMBLY_USAGE_OCCURRENCE('2','Lid (2.5 mm Al)','',#5,#1001
  ,$);
#1439 = PRODUCT_RELATED_PRODUCT_CATEGORY('part',$,(#1003));
#1440 = SHAPE_DEFINITION_REPRESENTATION(#1441,#1447);
#1441 = PRODUCT_DEFINITION_SHAPE('','',#1442);
#1442 = PRODUCT_DEFINITION('design','',#1443,#1446);
#1443 = PRODUCT_DEFINITION_FORMATION('','',#1444);
#1444 = PRODUCT('Radome window (PTFE 2 mm)','Radome window (PTFE 2 mm)',
  '',(#1445));
#1445 = PRODUCT_CONTEXT('',#2,'mechanical');
#1446 = PRODUCT_DEFINITION_CONTEXT('part definition',#2,'design');
#1447 = ADVANCED_BREP_SHAPE_REPRESENTATION('',(#11,#1448),#1598);
#1448 = MANIFOLD_SOLID_BREP('',#1449);
#1449 = CLOSED_SHELL('',(#1450,#1490,#1530,#1552,#1574,#1586));
#1450 = ADVANCED_FACE('',(#1451),#1485,.F.);
#1451 = FACE_BOUND('',#1452,.F.);
#1452 = EDGE_LOOP('',(#1453,#1463,#1471,#1479));
#1453 = ORIENTED_EDGE('',*,*,#1454,.F.);
#1454 = EDGE_CURVE('',#1455,#1457,#1459,.T.);
#1455 = VERTEX_POINT('',#1456);
#1456 = CARTESIAN_POINT('',(67.5,-2.5,26.));
#1457 = VERTEX_POINT('',#1458);
#1458 = CARTESIAN_POINT('',(67.5,-2.5,284.));
#1459 = LINE('',#1460,#1461);
#1460 = CARTESIAN_POINT('',(67.5,-2.5,26.));
#1461 = VECTOR('',#1462,1.);
#1462 = DIRECTION('',(0.,0.,1.));
#1463 = ORIENTED_EDGE('',*,*,#1464,.T.);
#1464 = EDGE_CURVE('',#1455,#1465,#1467,.T.);
#1465 = VERTEX_POINT('',#1466);
#1466 = CARTESIAN_POINT('',(67.5,-0.5,26.));
#1467 = LINE('',#1468,#1469);
#1468 = CARTESIAN_POINT('',(67.5,-2.5,26.));
#1469 = VECTOR('',#1470,1.);
#1470 = DIRECTION('',(-0.,1.,0.));
#1471 = ORIENTED_EDGE('',*,*,#1472,.T.);
#1472 = EDGE_CURVE('',#1465,#1473,#1475,.T.);
#1473 = VERTEX_POINT('',#1474);
#1474 = CARTESIAN_POINT('',(67.5,-0.5,284.));
#1475 = LINE('',#1476,#1477);
#1476 = CARTESIAN_POINT('',(67.5,-0.5,26.));
#1477 = VECTOR('',#1478,1.);
#1478 = DIRECTION('',(0.,0.,1.));
#1479 = ORIENTED_EDGE('',*,*,#1480,.F.);
#1480 = EDGE_CURVE('',#1457,#1473,#1481,.T.);
#1481 = LINE('',#1482,#1483);
#1482 = CARTESIAN_POINT('',(67.5,-2.5,284.));
#1483 = VECTOR('',#1484,1.);
#1484 = DIRECTION('',(-0.,1.,0.));
#1485 = PLANE('',#1486);
#1486 = AXIS2_PLACEMENT_3D('',#1487,#1488,#1489);
#1487 = CARTESIAN_POINT('',(67.5,-2.5,26.));
#1488 = DIRECTION('',(1.,0.,-0.));
#1489 = DIRECTION('',(0.,0.,1.));
#1490 = ADVANCED_FACE('',(#1491),#1525,.T.);
#1491 = FACE_BOUND('',#1492,.T.);
#1492 = EDGE_LOOP('',(#1493,#1503,#1511,#1519));
#1493 = ORIENTED_EDGE('',*,*,#1494,.F.);
#1494 = EDGE_CURVE('',#1495,#1497,#1499,.T.);
#1495 = VERTEX_POINT('',#1496);
#1496 = CARTESIAN_POINT('',(242.5,-2.5,26.));
#1497 = VERTEX_POINT('',#1498);
#1498 = CARTESIAN_POINT('',(242.5,-2.5,284.));
#1499 = LINE('',#1500,#1501);
#1500 = CARTESIAN_POINT('',(242.5,-2.5,26.));
#1501 = VECTOR('',#1502,1.);
#1502 = DIRECTION('',(0.,0.,1.));
#1503 = ORIENTED_EDGE('',*,*,#1504,.T.);
#1504 = EDGE_CURVE('',#1495,#1505,#1507,.T.);
#1505 = VERTEX_POINT('',#1506);
#1506 = CARTESIAN_POINT('',(242.5,-0.5,26.));
#1507 = LINE('',#1508,#1509);
#1508 = CARTESIAN_POINT('',(242.5,-2.5,26.));
#1509 = VECTOR('',#1510,1.);
#1510 = DIRECTION('',(-0.,1.,0.));
#1511 = ORIENTED_EDGE('',*,*,#1512,.T.);
#1512 = EDGE_CURVE('',#1505,#1513,#1515,.T.);
#1513 = VERTEX_POINT('',#1514);
#1514 = CARTESIAN_POINT('',(242.5,-0.5,284.));
#1515 = LINE('',#1516,#1517);
#1516 = CARTESIAN_POINT('',(242.5,-0.5,26.));
#1517 = VECTOR('',#1518,1.);
#1518 = DIRECTION('',(0.,0.,1.));
#1519 = ORIENTED_EDGE('',*,*,#1520,.F.);
#1520 = EDGE_CURVE('',#1497,#1513,#1521,.T.);
#1521 = LINE('',#1522,#1523);
#1522 = CARTESIAN_POINT('',(242.5,-2.5,284.));
#1523 = VECTOR('',#1524,1.);
#1524 = DIRECTION('',(-0.,1.,0.));
#1525 = PLANE('',#1526);
#1526 = AXIS2_PLACEMENT_3D('',#1527,#1528,#1529);
#1527 = CARTESIAN_POINT('',(242.5,-2.5,26.));
#1528 = DIRECTION('',(1.,0.,-0.));
#1529 = DIRECTION('',(0.,0.,1.));
#1530 = ADVANCED_FACE('',(#1531),#1547,.F.);
#1531 = FACE_BOUND('',#1532,.F.);
#1532 = EDGE_LOOP('',(#1533,#1539,#1540,#1546));
#1533 = ORIENTED_EDGE('',*,*,#1534,.F.);
#1534 = EDGE_CURVE('',#1455,#1495,#1535,.T.);
#1535 = LINE('',#1536,#1537);
#1536 = CARTESIAN_POINT('',(67.5,-2.5,26.));
#1537 = VECTOR('',#1538,1.);
#1538 = DIRECTION('',(1.,0.,-0.));
#1539 = ORIENTED_EDGE('',*,*,#1454,.T.);
#1540 = ORIENTED_EDGE('',*,*,#1541,.T.);
#1541 = EDGE_CURVE('',#1457,#1497,#1542,.T.);
#1542 = LINE('',#1543,#1544);
#1543 = CARTESIAN_POINT('',(67.5,-2.5,284.));
#1544 = VECTOR('',#1545,1.);
#1545 = DIRECTION('',(1.,0.,-0.));
#1546 = ORIENTED_EDGE('',*,*,#1494,.F.);
#1547 = PLANE('',#1548);
#1548 = AXIS2_PLACEMENT_3D('',#1549,#1550,#1551);
#1549 = CARTESIAN_POINT('',(67.5,-2.5,26.));
#1550 = DIRECTION('',(-0.,1.,0.));
#1551 = DIRECTION('',(0.,0.,1.));
#1552 = ADVANCED_FACE('',(#1553),#1569,.T.);
#1553 = FACE_BOUND('',#1554,.T.);
#1554 = EDGE_LOOP('',(#1555,#1561,#1562,#1568));
#1555 = ORIENTED_EDGE('',*,*,#1556,.F.);
#1556 = EDGE_CURVE('',#1465,#1505,#1557,.T.);
#1557 = LINE('',#1558,#1559);
#1558 = CARTESIAN_POINT('',(67.5,-0.5,26.));
#1559 = VECTOR('',#1560,1.);
#1560 = DIRECTION('',(1.,0.,-0.));
#1561 = ORIENTED_EDGE('',*,*,#1472,.T.);
#1562 = ORIENTED_EDGE('',*,*,#1563,.T.);
#1563 = EDGE_CURVE('',#1473,#1513,#1564,.T.);
#1564 = LINE('',#1565,#1566);
#1565 = CARTESIAN_POINT('',(67.5,-0.5,284.));
#1566 = VECTOR('',#1567,1.);
#1567 = DIRECTION('',(1.,0.,-0.));
#1568 = ORIENTED_EDGE('',*,*,#1512,.F.);
#1569 = PLANE('',#1570);
#1570 = AXIS2_PLACEMENT_3D('',#1571,#1572,#1573);
#1571 = CARTESIAN_POINT('',(67.5,-0.5,26.));
#1572 = DIRECTION('',(-0.,1.,0.));
#1573 = DIRECTION('',(0.,0.,1.));
#1574 = ADVANCED_FACE('',(#1575),#1581,.F.);
#1575 = FACE_BOUND('',#1576,.F.);
#1576 = EDGE_LOOP('',(#1577,#1578,#1579,#1580));
#1577 = ORIENTED_EDGE('',*,*,#1464,.F.);
#1578 = ORIENTED_EDGE('',*,*,#1534,.T.);
#1579 = ORIENTED_EDGE('',*,*,#1504,.T.);
#1580 = ORIENTED_EDGE('',*,*,#1556,.F.);
#1581 = PLANE('',#1582);
#1582 = AXIS2_PLACEMENT_3D('',#1583,#1584,#1585);
#1583 = CARTESIAN_POINT('',(67.5,-2.5,26.));
#1584 = DIRECTION('',(0.,0.,1.));
#1585 = DIRECTION('',(1.,0.,-0.));
#1586 = ADVANCED_FACE('',(#1587),#1593,.T.);
#1587 = FACE_BOUND('',#1588,.T.);
#1588 = EDGE_LOOP('',(#1589,#1590,#1591,#1592));
#1589 = ORIENTED_EDGE('',*,*,#1480,.F.);
#1590 = ORIENTED_EDGE('',*,*,#1541,.T.);
#1591 = ORIENTED_EDGE('',*,*,#1520,.T.);
#1592 = ORIENTED_EDGE('',*,*,#1563,.F.);
#1593 = PLANE('',#1594);
#1594 = AXIS2_PLACEMENT_3D('',#1595,#1596,#1597);
#1595 = CARTESIAN_POINT('',(67.5,-2.5,284.));
#1596 = DIRECTION('',(0.,0.,1.));
#1597 = DIRECTION('',(1.,0.,-0.));
#1598 = ( GEOMETRIC_REPRESENTATION_CONTEXT(3) 
GLOBAL_UNCERTAINTY_ASSIGNED_CONTEXT((#1602)) 
GLOBAL_UNIT_ASSIGNED_CONTEXT((#1599,#1600,#1601)) REPRESENTATION_CONTEXT
('Context #1','3D Context with UNIT and UNCERTAINTY') );
#1599 = ( LENGTH_UNIT() NAMED_UNIT(*) SI_UNIT(.MILLI.,.METRE.) );
#1600 = ( NAMED_UNIT(*) PLANE_ANGLE_UNIT() SI_UNIT($,.RADIAN.) );
#1601 = ( NAMED_UNIT(*) SI_UNIT($,.STERADIAN.) SOLID_ANGLE_UNIT() );
#1602 = UNCERTAINTY_MEASURE_WITH_UNIT(LENGTH_MEASURE(1.E-07),#1599,
  'distance_accuracy_value','confusion accuracy');
#1603 = CONTEXT_DEPENDENT_SHAPE_REPRESENTATION(#1604,#1606);
#1604 = ( REPRESENTATION_RELATIONSHIP('','',#1447,#10) 
REPRESENTATION_RELATIONSHIP_WITH_TRANSFORMATION(#1605) 
SHAPE_REPRESENTATION_RELATIONSHIP() );
#1605 = ITEM_DEFINED_TRANSFORMATION('','',#11,#23);
#1606 = PRODUCT_DEFINITION_SHAPE('Placement','Placement of an item',
  #1607);
#1607 = NEXT_ASSEMBLY_USAGE_OCCURRENCE('3','Radome window (PTFE 2 mm)',
  '',#5,#1442,$);
#1608 = PRODUCT_RELATED_PRODUCT_CATEGORY('part',$,(#1444));
#1609 = SHAPE_DEFINITION_REPRESENTATION(#1610,#1616);
#1610 = PRODUCT_DEFINITION_SHAPE('','',#1611);
#1611 = PRODUCT_DEFINITION('design','',#1612,#1615);
#1612 = PRODUCT_DEFINITION_FORMATION('','',#1613);
#1613 = PRODUCT('Antenna panel PCB 16x8 patches (RO4350B 0.508 + Cu)',
  'Antenna panel PCB 16x8 patches (RO4350B 0.508 + Cu)','',(#1614));
#1614 = PRODUCT_CONTEXT('',#2,'mechanical');
#1615 = PRODUCT_DEFINITION_CONTEXT('part definition',#2,'design');
#1616 = ADVANCED_BREP_SHAPE_REPRESENTATION('',(#11,#1617),#1767);
#1617 = MANIFOLD_SOLID_BREP('',#1618);
#1618 = CLOSED_SHELL('',(#1619,#1659,#1699,#1721,#1743,#1755));
#1619 = ADVANCED_FACE('',(#1620),#1654,.F.);
#1620 = FACE_BOUND('',#1621,.F.);
#1621 = EDGE_LOOP('',(#1622,#1632,#1640,#1648));
#1622 = ORIENTED_EDGE('',*,*,#1623,.F.);
#1623 = EDGE_CURVE('',#1624,#1626,#1628,.T.);
#1624 = VERTEX_POINT('',#1625);
#1625 = CARTESIAN_POINT('',(72.5,8.,31.));
#1626 = VERTEX_POINT('',#1627);
#1627 = CARTESIAN_POINT('',(72.5,8.,279.));
#1628 = LINE('',#1629,#1630);
#1629 = CARTESIAN_POINT('',(72.5,8.,31.));
#1630 = VECTOR('',#1631,1.);
#1631 = DIRECTION('',(0.,0.,1.));
#1632 = ORIENTED_EDGE('',*,*,#1633,.T.);
#1633 = EDGE_CURVE('',#1624,#1634,#1636,.T.);
#1634 = VERTEX_POINT('',#1635);
#1635 = CARTESIAN_POINT('',(72.5,8.6,31.));
#1636 = LINE('',#1637,#1638);
#1637 = CARTESIAN_POINT('',(72.5,8.,31.));
#1638 = VECTOR('',#1639,1.);
#1639 = DIRECTION('',(-0.,1.,0.));
#1640 = ORIENTED_EDGE('',*,*,#1641,.T.);
#1641 = EDGE_CURVE('',#1634,#1642,#1644,.T.);
#1642 = VERTEX_POINT('',#1643);
#1643 = CARTESIAN_POINT('',(72.5,8.6,279.));
#1644 = LINE('',#1645,#1646);
#1645 = CARTESIAN_POINT('',(72.5,8.6,31.));
#1646 = VECTOR('',#1647,1.);
#1647 = DIRECTION('',(0.,0.,1.));
#1648 = ORIENTED_EDGE('',*,*,#1649,.F.);
#1649 = EDGE_CURVE('',#1626,#1642,#1650,.T.);
#1650 = LINE('',#1651,#1652);
#1651 = CARTESIAN_POINT('',(72.5,8.,279.));
#1652 = VECTOR('',#1653,1.);
#1653 = DIRECTION('',(-0.,1.,0.));
#1654 = PLANE('',#1655);
#1655 = AXIS2_PLACEMENT_3D('',#1656,#1657,#1658);
#1656 = CARTESIAN_POINT('',(72.5,8.,31.));
#1657 = DIRECTION('',(1.,0.,-0.));
#1658 = DIRECTION('',(0.,0.,1.));
#1659 = ADVANCED_FACE('',(#1660),#1694,.T.);
#1660 = FACE_BOUND('',#1661,.T.);
#1661 = EDGE_LOOP('',(#1662,#1672,#1680,#1688));
#1662 = ORIENTED_EDGE('',*,*,#1663,.F.);
#1663 = EDGE_CURVE('',#1664,#1666,#1668,.T.);
#1664 = VERTEX_POINT('',#1665);
#1665 = CARTESIAN_POINT('',(237.5,8.,31.));
#1666 = VERTEX_POINT('',#1667);
#1667 = CARTESIAN_POINT('',(237.5,8.,279.));
#1668 = LINE('',#1669,#1670);
#1669 = CARTESIAN_POINT('',(237.5,8.,31.));
#1670 = VECTOR('',#1671,1.);
#1671 = DIRECTION('',(0.,0.,1.));
#1672 = ORIENTED_EDGE('',*,*,#1673,.T.);
#1673 = EDGE_CURVE('',#1664,#1674,#1676,.T.);
#1674 = VERTEX_POINT('',#1675);
#1675 = CARTESIAN_POINT('',(237.5,8.6,31.));
#1676 = LINE('',#1677,#1678);
#1677 = CARTESIAN_POINT('',(237.5,8.,31.));
#1678 = VECTOR('',#1679,1.);
#1679 = DIRECTION('',(-0.,1.,0.));
#1680 = ORIENTED_EDGE('',*,*,#1681,.T.);
#1681 = EDGE_CURVE('',#1674,#1682,#1684,.T.);
#1682 = VERTEX_POINT('',#1683);
#1683 = CARTESIAN_POINT('',(237.5,8.6,279.));
#1684 = LINE('',#1685,#1686);
#1685 = CARTESIAN_POINT('',(237.5,8.6,31.));
#1686 = VECTOR('',#1687,1.);
#1687 = DIRECTION('',(0.,0.,1.));
#1688 = ORIENTED_EDGE('',*,*,#1689,.F.);
#1689 = EDGE_CURVE('',#1666,#1682,#1690,.T.);
#1690 = LINE('',#1691,#1692);
#1691 = CARTESIAN_POINT('',(237.5,8.,279.));
#1692 = VECTOR('',#1693,1.);
#1693 = DIRECTION('',(-0.,1.,0.));
#1694 = PLANE('',#1695);
#1695 = AXIS2_PLACEMENT_3D('',#1696,#1697,#1698);
#1696 = CARTESIAN_POINT('',(237.5,8.,31.));
#1697 = DIRECTION('',(1.,0.,-0.));
#1698 = DIRECTION('',(0.,0.,1.));
#1699 = ADVANCED_FACE('',(#1700),#1716,.F.);
#1700 = FACE_BOUND('',#1701,.F.);
#1701 = EDGE_LOOP('',(#1702,#1708,#1709,#1715));
#1702 = ORIENTED_EDGE('',*,*,#1703,.F.);
#1703 = EDGE_CURVE('',#1624,#1664,#1704,.T.);
#1704 = LINE('',#1705,#1706);
#1705 = CARTESIAN_POINT('',(72.5,8.,31.));
#1706 = VECTOR('',#1707,1.);
#1707 = DIRECTION('',(1.,0.,-0.));
#1708 = ORIENTED_EDGE('',*,*,#1623,.T.);
#1709 = ORIENTED_EDGE('',*,*,#1710,.T.);
#1710 = EDGE_CURVE('',#1626,#1666,#1711,.T.);
#1711 = LINE('',#1712,#1713);
#1712 = CARTESIAN_POINT('',(72.5,8.,279.));
#1713 = VECTOR('',#1714,1.);
#1714 = DIRECTION('',(1.,0.,-0.));
#1715 = ORIENTED_EDGE('',*,*,#1663,.F.);
#1716 = PLANE('',#1717);
#1717 = AXIS2_PLACEMENT_3D('',#1718,#1719,#1720);
#1718 = CARTESIAN_POINT('',(72.5,8.,31.));
#1719 = DIRECTION('',(-0.,1.,0.));
#1720 = DIRECTION('',(0.,0.,1.));
#1721 = ADVANCED_FACE('',(#1722),#1738,.T.);
#1722 = FACE_BOUND('',#1723,.T.);
#1723 = EDGE_LOOP('',(#1724,#1730,#1731,#1737));
#1724 = ORIENTED_EDGE('',*,*,#1725,.F.);
#1725 = EDGE_CURVE('',#1634,#1674,#1726,.T.);
#1726 = LINE('',#1727,#1728);
#1727 = CARTESIAN_POINT('',(72.5,8.6,31.));
#1728 = VECTOR('',#1729,1.);
#1729 = DIRECTION('',(1.,0.,-0.));
#1730 = ORIENTED_EDGE('',*,*,#1641,.T.);
#1731 = ORIENTED_EDGE('',*,*,#1732,.T.);
#1732 = EDGE_CURVE('',#1642,#1682,#1733,.T.);
#1733 = LINE('',#1734,#1735);
#1734 = CARTESIAN_POINT('',(72.5,8.6,279.));
#1735 = VECTOR('',#1736,1.);
#1736 = DIRECTION('',(1.,0.,-0.));
#1737 = ORIENTED_EDGE('',*,*,#1681,.F.);
#1738 = PLANE('',#1739);
#1739 = AXIS2_PLACEMENT_3D('',#1740,#1741,#1742);
#1740 = CARTESIAN_POINT('',(72.5,8.6,31.));
#1741 = DIRECTION('',(-0.,1.,0.));
#1742 = DIRECTION('',(0.,0.,1.));
#1743 = ADVANCED_FACE('',(#1744),#1750,.F.);
#1744 = FACE_BOUND('',#1745,.F.);
#1745 = EDGE_LOOP('',(#1746,#1747,#1748,#1749));
#1746 = ORIENTED_EDGE('',*,*,#1633,.F.);
#1747 = ORIENTED_EDGE('',*,*,#1703,.T.);
#1748 = ORIENTED_EDGE('',*,*,#1673,.T.);
#1749 = ORIENTED_EDGE('',*,*,#1725,.F.);
#1750 = PLANE('',#1751);
#1751 = AXIS2_PLACEMENT_3D('',#1752,#1753,#1754);
#1752 = CARTESIAN_POINT('',(72.5,8.,31.));
#1753 = DIRECTION('',(0.,0.,1.));
#1754 = DIRECTION('',(1.,0.,-0.));
#1755 = ADVANCED_FACE('',(#1756),#1762,.T.);
#1756 = FACE_BOUND('',#1757,.T.);
#1757 = EDGE_LOOP('',(#1758,#1759,#1760,#1761));
#1758 = ORIENTED_EDGE('',*,*,#1649,.F.);
#1759 = ORIENTED_EDGE('',*,*,#1710,.T.);
#1760 = ORIENTED_EDGE('',*,*,#1689,.T.);
#1761 = ORIENTED_EDGE('',*,*,#1732,.F.);
#1762 = PLANE('',#1763);
#1763 = AXIS2_PLACEMENT_3D('',#1764,#1765,#1766);
#1764 = CARTESIAN_POINT('',(72.5,8.,279.));
#1765 = DIRECTION('',(0.,0.,1.));
#1766 = DIRECTION('',(1.,0.,-0.));
#1767 = ( GEOMETRIC_REPRESENTATION_CONTEXT(3) 
GLOBAL_UNCERTAINTY_ASSIGNED_CONTEXT((#1771)) 
GLOBAL_UNIT_ASSIGNED_CONTEXT((#1768,#1769,#1770)) REPRESENTATION_CONTEXT
('Context #1','3D Context with UNIT and UNCERTAINTY') );
#1768 = ( LENGTH_UNIT() NAMED_UNIT(*) SI_UNIT(.MILLI.,.METRE.) );
#1769 = ( NAMED_UNIT(*) PLANE_ANGLE_UNIT() SI_UNIT($,.RADIAN.) );
#1770 = ( NAMED_UNIT(*) SI_UNIT($,.STERADIAN.) SOLID_ANGLE_UNIT() );
#1771 = UNCERTAINTY_MEASURE_WITH_UNIT(LENGTH_MEASURE(1.E-07),#1768,
  'distance_accuracy_value','confusion accuracy');
#1772 = CONTEXT_DEPENDENT_SHAPE_REPRESENTATION(#1773,#1775);
#1773 = ( REPRESENTATION_RELATIONSHIP('','',#1616,#10) 
REPRESENTATION_RELATIONSHIP_WITH_TRANSFORMATION(#1774) 
SHAPE_REPRESENTATION_RELATIONSHIP() );
#1774 = ITEM_DEFINED_TRANSFORMATION('','',#11,#27);
#1775 = PRODUCT_DEFINITION_SHAPE('Placement','Placement of an item',
  #1776);
#1776 = NEXT_ASSEMBLY_USAGE_OCCURRENCE('4',
  'Antenna panel PCB 16x8 patches (RO4350B 0.508 + Cu)','',#5,#1611,$);
#1777 = PRODUCT_RELATED_PRODUCT_CATEGORY('part',$,(#1613));
#1778 = SHAPE_DEFINITION_REPRESENTATION(#1779,#1785);
#1779 = PRODUCT_DEFINITION_SHAPE('','',#1780);
#1780 = PRODUCT_DEFINITION('design','',#1781,#1784);
#1781 = PRODUCT_DEFINITION_FORMATION('','',#1782);
#1782 = PRODUCT('PA heat spreader 300x300x10 Al with 2 fin fields',
  'PA heat spreader 300x300x10 Al with 2 fin fields','',(#1783));
#1783 = PRODUCT_CONTEXT('',#2,'mechanical');
#1784 = PRODUCT_DEFINITION_CONTEXT('part definition',#2,'design');
#1785 = ADVANCED_BREP_SHAPE_REPRESENTATION('',(#11,#1786),#5628);
#1786 = MANIFOLD_SOLID_BREP('',#1787);
#1787 = CLOSED_SHELL('',(#1788,#1828,#1859,#1883,#2791,#2808,#2820,#2851
    ,#2875,#2899,#2916,#2947,#2971,#2995,#3012,#3043,#3067,#3091,#3108,
    #3139,#3163,#3187,#3204,#3235,#3259,#3283,#3300,#3331,#3355,#3379,
    #3396,#3427,#3451,#3475,#3492,#3523,#3547,#3571,#3588,#3619,#3643,
    #3667,#3684,#3715,#3739,#3763,#3780,#3811,#3835,#3859,#3876,#3907,
    #3931,#3955,#3972,#4003,#4027,#4051,#4068,#4099,#4123,#4147,#4164,
    #4195,#4219,#4243,#4260,#4291,#4315,#4339,#4356,#4387,#4411,#4435,
    #4452,#4483,#4507,#4531,#4548,#4579,#4603,#4627,#4644,#4675,#4699,
    #4723,#4740,#4771,#4795,#4819,#4836,#4867,#4891,#4915,#4932,#4963,
    #4987,#5011,#5028,#5059,#5083,#5107,#5124,#5155,#5179,#5203,#5220,
    #5251,#5275,#5299,#5316,#5328,#5340,#5352,#5364,#5376,#5388,#5400,
    #5412,#5424,#5436,#5448,#5460,#5472,#5484,#5496,#5508,#5520,#5532,
    #5544,#5556,#5568,#5580,#5592,#5604,#5616));
#1788 = ADVANCED_FACE('',(#1789),#1823,.F.);
#1789 = FACE_BOUND('',#1790,.F.);
#1790 = EDGE_LOOP('',(#1791,#1801,#1809,#1817));
#1791 = ORIENTED_EDGE('',*,*,#1792,.F.);
#1792 = EDGE_CURVE('',#1793,#1795,#1797,.T.);
#1793 = VERTEX_POINT('',#1794);
#1794 = CARTESIAN_POINT('',(5.,11.,5.));
#1795 = VERTEX_POINT('',#1796);
#1796 = CARTESIAN_POINT('',(5.,11.,305.));
#1797 = LINE('',#1798,#1799);
#1798 = CARTESIAN_POINT('',(5.,11.,5.));
#1799 = VECTOR('',#1800,1.);
#1800 = DIRECTION('',(0.,0.,1.));
#1801 = ORIENTED_EDGE('',*,*,#1802,.T.);
#1802 = EDGE_CURVE('',#1793,#1803,#1805,.T.);
#1803 = VERTEX_POINT('',#1804);
#1804 = CARTESIAN_POINT('',(5.,21.,5.));
#1805 = LINE('',#1806,#1807);
#1806 = CARTESIAN_POINT('',(5.,11.,5.));
#1807 = VECTOR('',#1808,1.);
#1808 = DIRECTION('',(-0.,1.,0.));
#1809 = ORIENTED_EDGE('',*,*,#1810,.T.);
#1810 = EDGE_CURVE('',#1803,#1811,#1813,.T.);
#1811 = VERTEX_POINT('',#1812);
#1812 = CARTESIAN_POINT('',(5.,21.,305.));
#1813 = LINE('',#1814,#1815);
#1814 = CARTESIAN_POINT('',(5.,21.,5.));
#1815 = VECTOR('',#1816,1.);
#1816 = DIRECTION('',(0.,0.,1.));
#1817 = ORIENTED_EDGE('',*,*,#1818,.F.);
#1818 = EDGE_CURVE('',#1795,#1811,#1819,.T.);
#1819 = LINE('',#1820,#1821);
#1820 = CARTESIAN_POINT('',(5.,11.,305.));
#1821 = VECTOR('',#1822,1.);
#1822 = DIRECTION('',(-0.,1.,0.));
#1823 = PLANE('',#1824);
#1824 = AXIS2_PLACEMENT_3D('',#1825,#1826,#1827);
#1825 = CARTESIAN_POINT('',(5.,11.,5.));
#1826 = DIRECTION('',(1.,0.,-0.));
#1827 = DIRECTION('',(0.,0.,1.));
#1828 = ADVANCED_FACE('',(#1829),#1854,.F.);
#1829 = FACE_BOUND('',#1830,.F.);
#1830 = EDGE_LOOP('',(#1831,#1839,#1840,#1848));
#1831 = ORIENTED_EDGE('',*,*,#1832,.F.);
#1832 = EDGE_CURVE('',#1793,#1833,#1835,.T.);
#1833 = VERTEX_POINT('',#1834);
#1834 = CARTESIAN_POINT('',(305.,11.,5.));
#1835 = LINE('',#1836,#1837);
#1836 = CARTESIAN_POINT('',(5.,11.,5.));
#1837 = VECTOR('',#1838,1.);
#1838 = DIRECTION('',(1.,0.,-0.));
#1839 = ORIENTED_EDGE('',*,*,#1792,.T.);
#1840 = ORIENTED_EDGE('',*,*,#1841,.T.);
#1841 = EDGE_CURVE('',#1795,#1842,#1844,.T.);
#1842 = VERTEX_POINT('',#1843);
#1843 = CARTESIAN_POINT('',(305.,11.,305.));
#1844 = LINE('',#1845,#1846);
#1845 = CARTESIAN_POINT('',(5.,11.,305.));
#1846 = VECTOR('',#1847,1.);
#1847 = DIRECTION('',(1.,0.,-0.));
#1848 = ORIENTED_EDGE('',*,*,#1849,.F.);
#1849 = EDGE_CURVE('',#1833,#1842,#1850,.T.);
#1850 = LINE('',#1851,#1852);
#1851 = CARTESIAN_POINT('',(305.,11.,5.));
#1852 = VECTOR('',#1853,1.);
#1853 = DIRECTION('',(0.,0.,1.));
#1854 = PLANE('',#1855);
#1855 = AXIS2_PLACEMENT_3D('',#1856,#1857,#1858);
#1856 = CARTESIAN_POINT('',(5.,11.,5.));
#1857 = DIRECTION('',(-0.,1.,0.));
#1858 = DIRECTION('',(0.,0.,1.));
#1859 = ADVANCED_FACE('',(#1860),#1878,.T.);
#1860 = FACE_BOUND('',#1861,.T.);
#1861 = EDGE_LOOP('',(#1862,#1863,#1864,#1872));
#1862 = ORIENTED_EDGE('',*,*,#1818,.F.);
#1863 = ORIENTED_EDGE('',*,*,#1841,.T.);
#1864 = ORIENTED_EDGE('',*,*,#1865,.T.);
#1865 = EDGE_CURVE('',#1842,#1866,#1868,.T.);
#1866 = VERTEX_POINT('',#1867);
#1867 = CARTESIAN_POINT('',(305.,21.,305.));
#1868 = LINE('',#1869,#1870);
#1869 = CARTESIAN_POINT('',(305.,11.,305.));
#1870 = VECTOR('',#1871,1.);
#1871 = DIRECTION('',(-0.,1.,0.));
#1872 = ORIENTED_EDGE('',*,*,#1873,.F.);
#1873 = EDGE_CURVE('',#1811,#1866,#1874,.T.);
#1874 = LINE('',#1875,#1876);
#1875 = CARTESIAN_POINT('',(5.,21.,305.));
#1876 = VECTOR('',#1877,1.);
#1877 = DIRECTION('',(1.,0.,-0.));
#1878 = PLANE('',#1879);
#1879 = AXIS2_PLACEMENT_3D('',#1880,#1881,#1882);
#1880 = CARTESIAN_POINT('',(5.,11.,305.));
#1881 = DIRECTION('',(0.,0.,1.));
#1882 = DIRECTION('',(1.,0.,-0.));
#1883 = ADVANCED_FACE('',(#1884,#1902,#1936,#1970,#2004,#2038,#2072,
    #2106,#2140,#2174,#2208,#2242,#2276,#2310,#2344,#2378,#2412,#2446,
    #2480,#2514,#2548,#2582,#2616,#2650,#2684,#2718,#2752),#2786,.T.);
#1884 = FACE_BOUND('',#1885,.T.);
#1885 = EDGE_LOOP('',(#1886,#1894,#1895,#1896));
#1886 = ORIENTED_EDGE('',*,*,#1887,.F.);
#1887 = EDGE_CURVE('',#1803,#1888,#1890,.T.);
#1888 = VERTEX_POINT('',#1889);
#1889 = CARTESIAN_POINT('',(305.,21.,5.));
#1890 = LINE('',#1891,#1892);
#1891 = CARTESIAN_POINT('',(5.,21.,5.));
#1892 = VECTOR('',#1893,1.);
#1893 = DIRECTION('',(1.,0.,-0.));
#1894 = ORIENTED_EDGE('',*,*,#1810,.T.);
#1895 = ORIENTED_EDGE('',*,*,#1873,.T.);
#1896 = ORIENTED_EDGE('',*,*,#1897,.F.);
#1897 = EDGE_CURVE('',#1888,#1866,#1898,.T.);
#1898 = LINE('',#1899,#1900);
#1899 = CARTESIAN_POINT('',(305.,21.,5.));
#1900 = VECTOR('',#1901,1.);
#1901 = DIRECTION('',(0.,0.,1.));
#1902 = FACE_BOUND('',#1903,.T.);
#1903 = EDGE_LOOP('',(#1904,#1914,#1922,#1930));
#1904 = ORIENTED_EDGE('',*,*,#1905,.F.);
#1905 = EDGE_CURVE('',#1906,#1908,#1910,.T.);
#1906 = VERTEX_POINT('',#1907);
#1907 = CARTESIAN_POINT('',(6.,21.,15.));
#1908 = VERTEX_POINT('',#1909);
#1909 = CARTESIAN_POINT('',(6.,21.,295.));
#1910 = LINE('',#1911,#1912);
#1911 = CARTESIAN_POINT('',(6.,21.,15.));
#1912 = VECTOR('',#1913,1.);
#1913 = DIRECTION('',(0.,0.,1.));
#1914 = ORIENTED_EDGE('',*,*,#1915,.T.);
#1915 = EDGE_CURVE('',#1906,#1916,#1918,.T.);
#1916 = VERTEX_POINT('',#1917);
#1917 = CARTESIAN_POINT('',(8.,21.,15.));
#1918 = LINE('',#1919,#1920);
#1919 = CARTESIAN_POINT('',(6.,21.,15.));
#1920 = VECTOR('',#1921,1.);
#1921 = DIRECTION('',(1.,0.,-0.));
#1922 = ORIENTED_EDGE('',*,*,#1923,.T.);
#1923 = EDGE_CURVE('',#1916,#1924,#1926,.T.);
#1924 = VERTEX_POINT('',#1925);
#1925 = CARTESIAN_POINT('',(8.,21.,295.));
#1926 = LINE('',#1927,#1928);
#1927 = CARTESIAN_POINT('',(8.,21.,15.));
#1928 = VECTOR('',#1929,1.);
#1929 = DIRECTION('',(0.,0.,1.));
#1930 = ORIENTED_EDGE('',*,*,#1931,.F.);
#1931 = EDGE_CURVE('',#1908,#1924,#1932,.T.);
#1932 = LINE('',#1933,#1934);
#1933 = CARTESIAN_POINT('',(6.,21.,295.));
#1934 = VECTOR('',#1935,1.);
#1935 = DIRECTION('',(1.,0.,-0.));
#1936 = FACE_BOUND('',#1937,.T.);
#1937 = EDGE_LOOP('',(#1938,#1948,#1956,#1964));
#1938 = ORIENTED_EDGE('',*,*,#1939,.F.);
#1939 = EDGE_CURVE('',#1940,#1942,#1944,.T.);
#1940 = VERTEX_POINT('',#1941);
#1941 = CARTESIAN_POINT('',(10.,21.,15.));
#1942 = VERTEX_POINT('',#1943);
#1943 = CARTESIAN_POINT('',(10.,21.,295.));
#1944 = LINE('',#1945,#1946);
#1945 = CARTESIAN_POINT('',(10.,21.,15.));
#1946 = VECTOR('',#1947,1.);
#1947 = DIRECTION('',(0.,0.,1.));
#1948 = ORIENTED_EDGE('',*,*,#1949,.T.);
#1949 = EDGE_CURVE('',#1940,#1950,#1952,.T.);
#1950 = VERTEX_POINT('',#1951);
#1951 = CARTESIAN_POINT('',(12.,21.,15.));
#1952 = LINE('',#1953,#1954);
#1953 = CARTESIAN_POINT('',(10.,21.,15.));
#1954 = VECTOR('',#1955,1.);
#1955 = DIRECTION('',(1.,0.,-0.));
#1956 = ORIENTED_EDGE('',*,*,#1957,.T.);
#1957 = EDGE_CURVE('',#1950,#1958,#1960,.T.);
#1958 = VERTEX_POINT('',#1959);
#1959 = CARTESIAN_POINT('',(12.,21.,295.));
#1960 = LINE('',#1961,#1962);
#1961 = CARTESIAN_POINT('',(12.,21.,15.));
#1962 = VECTOR('',#1963,1.);
#1963 = DIRECTION('',(0.,0.,1.));
#1964 = ORIENTED_EDGE('',*,*,#1965,.F.);
#1965 = EDGE_CURVE('',#1942,#1958,#1966,.T.);
#1966 = LINE('',#1967,#1968);
#1967 = CARTESIAN_POINT('',(10.,21.,295.));
#1968 = VECTOR('',#1969,1.);
#1969 = DIRECTION('',(1.,0.,-0.));
#1970 = FACE_BOUND('',#1971,.T.);
#1971 = EDGE_LOOP('',(#1972,#1982,#1990,#1998));
#1972 = ORIENTED_EDGE('',*,*,#1973,.F.);
#1973 = EDGE_CURVE('',#1974,#1976,#1978,.T.);
#1974 = VERTEX_POINT('',#1975);
#1975 = CARTESIAN_POINT('',(14.,21.,15.));
#1976 = VERTEX_POINT('',#1977);
#1977 = CARTESIAN_POINT('',(14.,21.,295.));
#1978 = LINE('',#1979,#1980);
#1979 = CARTESIAN_POINT('',(14.,21.,15.));
#1980 = VECTOR('',#1981,1.);
#1981 = DIRECTION('',(0.,0.,1.));
#1982 = ORIENTED_EDGE('',*,*,#1983,.T.);
#1983 = EDGE_CURVE('',#1974,#1984,#1986,.T.);
#1984 = VERTEX_POINT('',#1985);
#1985 = CARTESIAN_POINT('',(16.,21.,15.));
#1986 = LINE('',#1987,#1988);
#1987 = CARTESIAN_POINT('',(14.,21.,15.));
#1988 = VECTOR('',#1989,1.);
#1989 = DIRECTION('',(1.,0.,-0.));
#1990 = ORIENTED_EDGE('',*,*,#1991,.T.);
#1991 = EDGE_CURVE('',#1984,#1992,#1994,.T.);
#1992 = VERTEX_POINT('',#1993);
#1993 = CARTESIAN_POINT('',(16.,21.,295.));
#1994 = LINE('',#1995,#1996);
#1995 = CARTESIAN_POINT('',(16.,21.,15.));
#1996 = VECTOR('',#1997,1.);
#1997 = DIRECTION('',(0.,0.,1.));
#1998 = ORIENTED_EDGE('',*,*,#1999,.F.);
#1999 = EDGE_CURVE('',#1976,#1992,#2000,.T.);
#2000 = LINE('',#2001,#2002);
#2001 = CARTESIAN_POINT('',(14.,21.,295.));
#2002 = VECTOR('',#2003,1.);
#2003 = DIRECTION('',(1.,0.,-0.));
#2004 = FACE_BOUND('',#2005,.T.);
#2005 = EDGE_LOOP('',(#2006,#2016,#2024,#2032));
#2006 = ORIENTED_EDGE('',*,*,#2007,.F.);
#2007 = EDGE_CURVE('',#2008,#2010,#2012,.T.);
#2008 = VERTEX_POINT('',#2009);
#2009 = CARTESIAN_POINT('',(18.,21.,15.));
#2010 = VERTEX_POINT('',#2011);
#2011 = CARTESIAN_POINT('',(18.,21.,295.));
#2012 = LINE('',#2013,#2014);
#2013 = CARTESIAN_POINT('',(18.,21.,15.));
#2014 = VECTOR('',#2015,1.);
#2015 = DIRECTION('',(0.,0.,1.));
#2016 = ORIENTED_EDGE('',*,*,#2017,.T.);
#2017 = EDGE_CURVE('',#2008,#2018,#2020,.T.);
#2018 = VERTEX_POINT('',#2019);
#2019 = CARTESIAN_POINT('',(20.,21.,15.));
#2020 = LINE('',#2021,#2022);
#2021 = CARTESIAN_POINT('',(18.,21.,15.));
#2022 = VECTOR('',#2023,1.);
#2023 = DIRECTION('',(1.,0.,-0.));
#2024 = ORIENTED_EDGE('',*,*,#2025,.T.);
#2025 = EDGE_CURVE('',#2018,#2026,#2028,.T.);
#2026 = VERTEX_POINT('',#2027);
#2027 = CARTESIAN_POINT('',(20.,21.,295.));
#2028 = LINE('',#2029,#2030);
#2029 = CARTESIAN_POINT('',(20.,21.,15.));
#2030 = VECTOR('',#2031,1.);
#2031 = DIRECTION('',(0.,0.,1.));
#2032 = ORIENTED_EDGE('',*,*,#2033,.F.);
#2033 = EDGE_CURVE('',#2010,#2026,#2034,.T.);
#2034 = LINE('',#2035,#2036);
#2035 = CARTESIAN_POINT('',(18.,21.,295.));
#2036 = VECTOR('',#2037,1.);
#2037 = DIRECTION('',(1.,0.,-0.));
#2038 = FACE_BOUND('',#2039,.T.);
#2039 = EDGE_LOOP('',(#2040,#2050,#2058,#2066));
#2040 = ORIENTED_EDGE('',*,*,#2041,.F.);
#2041 = EDGE_CURVE('',#2042,#2044,#2046,.T.);
#2042 = VERTEX_POINT('',#2043);
#2043 = CARTESIAN_POINT('',(22.,21.,15.));
#2044 = VERTEX_POINT('',#2045);
#2045 = CARTESIAN_POINT('',(22.,21.,295.));
#2046 = LINE('',#2047,#2048);
#2047 = CARTESIAN_POINT('',(22.,21.,15.));
#2048 = VECTOR('',#2049,1.);
#2049 = DIRECTION('',(0.,0.,1.));
#2050 = ORIENTED_EDGE('',*,*,#2051,.T.);
#2051 = EDGE_CURVE('',#2042,#2052,#2054,.T.);
#2052 = VERTEX_POINT('',#2053);
#2053 = CARTESIAN_POINT('',(24.,21.,15.));
#2054 = LINE('',#2055,#2056);
#2055 = CARTESIAN_POINT('',(22.,21.,15.));
#2056 = VECTOR('',#2057,1.);
#2057 = DIRECTION('',(1.,0.,-0.));
#2058 = ORIENTED_EDGE('',*,*,#2059,.T.);
#2059 = EDGE_CURVE('',#2052,#2060,#2062,.T.);
#2060 = VERTEX_POINT('',#2061);
#2061 = CARTESIAN_POINT('',(24.,21.,295.));
#2062 = LINE('',#2063,#2064);
#2063 = CARTESIAN_POINT('',(24.,21.,15.));
#2064 = VECTOR('',#2065,1.);
#2065 = DIRECTION('',(0.,0.,1.));
#2066 = ORIENTED_EDGE('',*,*,#2067,.F.);
#2067 = EDGE_CURVE('',#2044,#2060,#2068,.T.);
#2068 = LINE('',#2069,#2070);
#2069 = CARTESIAN_POINT('',(22.,21.,295.));
#2070 = VECTOR('',#2071,1.);
#2071 = DIRECTION('',(1.,0.,-0.));
#2072 = FACE_BOUND('',#2073,.T.);
#2073 = EDGE_LOOP('',(#2074,#2084,#2092,#2100));
#2074 = ORIENTED_EDGE('',*,*,#2075,.F.);
#2075 = EDGE_CURVE('',#2076,#2078,#2080,.T.);
#2076 = VERTEX_POINT('',#2077);
#2077 = CARTESIAN_POINT('',(26.,21.,15.));
#2078 = VERTEX_POINT('',#2079);
#2079 = CARTESIAN_POINT('',(26.,21.,295.));
#2080 = LINE('',#2081,#2082);
#2081 = CARTESIAN_POINT('',(26.,21.,15.));
#2082 = VECTOR('',#2083,1.);
#2083 = DIRECTION('',(0.,0.,1.));
#2084 = ORIENTED_EDGE('',*,*,#2085,.T.);
#2085 = EDGE_CURVE('',#2076,#2086,#2088,.T.);
#2086 = VERTEX_POINT('',#2087);
#2087 = CARTESIAN_POINT('',(28.,21.,15.));
#2088 = LINE('',#2089,#2090);
#2089 = CARTESIAN_POINT('',(26.,21.,15.));
#2090 = VECTOR('',#2091,1.);
#2091 = DIRECTION('',(1.,0.,-0.));
#2092 = ORIENTED_EDGE('',*,*,#2093,.T.);
#2093 = EDGE_CURVE('',#2086,#2094,#2096,.T.);
#2094 = VERTEX_POINT('',#2095);
#2095 = CARTESIAN_POINT('',(28.,21.,295.));
#2096 = LINE('',#2097,#2098);
#2097 = CARTESIAN_POINT('',(28.,21.,15.));
#2098 = VECTOR('',#2099,1.);
#2099 = DIRECTION('',(0.,0.,1.));
#2100 = ORIENTED_EDGE('',*,*,#2101,.F.);
#2101 = EDGE_CURVE('',#2078,#2094,#2102,.T.);
#2102 = LINE('',#2103,#2104);
#2103 = CARTESIAN_POINT('',(26.,21.,295.));
#2104 = VECTOR('',#2105,1.);
#2105 = DIRECTION('',(1.,0.,-0.));
#2106 = FACE_BOUND('',#2107,.T.);
#2107 = EDGE_LOOP('',(#2108,#2118,#2126,#2134));
#2108 = ORIENTED_EDGE('',*,*,#2109,.F.);
#2109 = EDGE_CURVE('',#2110,#2112,#2114,.T.);
#2110 = VERTEX_POINT('',#2111);
#2111 = CARTESIAN_POINT('',(30.,21.,15.));
#2112 = VERTEX_POINT('',#2113);
#2113 = CARTESIAN_POINT('',(30.,21.,295.));
#2114 = LINE('',#2115,#2116);
#2115 = CARTESIAN_POINT('',(30.,21.,15.));
#2116 = VECTOR('',#2117,1.);
#2117 = DIRECTION('',(0.,0.,1.));
#2118 = ORIENTED_EDGE('',*,*,#2119,.T.);
#2119 = EDGE_CURVE('',#2110,#2120,#2122,.T.);
#2120 = VERTEX_POINT('',#2121);
#2121 = CARTESIAN_POINT('',(32.,21.,15.));
#2122 = LINE('',#2123,#2124);
#2123 = CARTESIAN_POINT('',(30.,21.,15.));
#2124 = VECTOR('',#2125,1.);
#2125 = DIRECTION('',(1.,0.,-0.));
#2126 = ORIENTED_EDGE('',*,*,#2127,.T.);
#2127 = EDGE_CURVE('',#2120,#2128,#2130,.T.);
#2128 = VERTEX_POINT('',#2129);
#2129 = CARTESIAN_POINT('',(32.,21.,295.));
#2130 = LINE('',#2131,#2132);
#2131 = CARTESIAN_POINT('',(32.,21.,15.));
#2132 = VECTOR('',#2133,1.);
#2133 = DIRECTION('',(0.,0.,1.));
#2134 = ORIENTED_EDGE('',*,*,#2135,.F.);
#2135 = EDGE_CURVE('',#2112,#2128,#2136,.T.);
#2136 = LINE('',#2137,#2138);
#2137 = CARTESIAN_POINT('',(30.,21.,295.));
#2138 = VECTOR('',#2139,1.);
#2139 = DIRECTION('',(1.,0.,-0.));
#2140 = FACE_BOUND('',#2141,.T.);
#2141 = EDGE_LOOP('',(#2142,#2152,#2160,#2168));
#2142 = ORIENTED_EDGE('',*,*,#2143,.F.);
#2143 = EDGE_CURVE('',#2144,#2146,#2148,.T.);
#2144 = VERTEX_POINT('',#2145);
#2145 = CARTESIAN_POINT('',(34.,21.,15.));
#2146 = VERTEX_POINT('',#2147);
#2147 = CARTESIAN_POINT('',(34.,21.,295.));
#2148 = LINE('',#2149,#2150);
#2149 = CARTESIAN_POINT('',(34.,21.,15.));
#2150 = VECTOR('',#2151,1.);
#2151 = DIRECTION('',(0.,0.,1.));
#2152 = ORIENTED_EDGE('',*,*,#2153,.T.);
#2153 = EDGE_CURVE('',#2144,#2154,#2156,.T.);
#2154 = VERTEX_POINT('',#2155);
#2155 = CARTESIAN_POINT('',(36.,21.,15.));
#2156 = LINE('',#2157,#2158);
#2157 = CARTESIAN_POINT('',(34.,21.,15.));
#2158 = VECTOR('',#2159,1.);
#2159 = DIRECTION('',(1.,0.,-0.));
#2160 = ORIENTED_EDGE('',*,*,#2161,.T.);
#2161 = EDGE_CURVE('',#2154,#2162,#2164,.T.);
#2162 = VERTEX_POINT('',#2163);
#2163 = CARTESIAN_POINT('',(36.,21.,295.));
#2164 = LINE('',#2165,#2166);
#2165 = CARTESIAN_POINT('',(36.,21.,15.));
#2166 = VECTOR('',#2167,1.);
#2167 = DIRECTION('',(0.,0.,1.));
#2168 = ORIENTED_EDGE('',*,*,#2169,.F.);
#2169 = EDGE_CURVE('',#2146,#2162,#2170,.T.);
#2170 = LINE('',#2171,#2172);
#2171 = CARTESIAN_POINT('',(34.,21.,295.));
#2172 = VECTOR('',#2173,1.);
#2173 = DIRECTION('',(1.,0.,-0.));
#2174 = FACE_BOUND('',#2175,.T.);
#2175 = EDGE_LOOP('',(#2176,#2186,#2194,#2202));
#2176 = ORIENTED_EDGE('',*,*,#2177,.F.);
#2177 = EDGE_CURVE('',#2178,#2180,#2182,.T.);
#2178 = VERTEX_POINT('',#2179);
#2179 = CARTESIAN_POINT('',(38.,21.,15.));
#2180 = VERTEX_POINT('',#2181);
#2181 = CARTESIAN_POINT('',(38.,21.,295.));
#2182 = LINE('',#2183,#2184);
#2183 = CARTESIAN_POINT('',(38.,21.,15.));
#2184 = VECTOR('',#2185,1.);
#2185 = DIRECTION('',(0.,0.,1.));
#2186 = ORIENTED_EDGE('',*,*,#2187,.T.);
#2187 = EDGE_CURVE('',#2178,#2188,#2190,.T.);
#2188 = VERTEX_POINT('',#2189);
#2189 = CARTESIAN_POINT('',(40.,21.,15.));
#2190 = LINE('',#2191,#2192);
#2191 = CARTESIAN_POINT('',(38.,21.,15.));
#2192 = VECTOR('',#2193,1.);
#2193 = DIRECTION('',(1.,0.,-0.));
#2194 = ORIENTED_EDGE('',*,*,#2195,.T.);
#2195 = EDGE_CURVE('',#2188,#2196,#2198,.T.);
#2196 = VERTEX_POINT('',#2197);
#2197 = CARTESIAN_POINT('',(40.,21.,295.));
#2198 = LINE('',#2199,#2200);
#2199 = CARTESIAN_POINT('',(40.,21.,15.));
#2200 = VECTOR('',#2201,1.);
#2201 = DIRECTION('',(0.,0.,1.));
#2202 = ORIENTED_EDGE('',*,*,#2203,.F.);
#2203 = EDGE_CURVE('',#2180,#2196,#2204,.T.);
#2204 = LINE('',#2205,#2206);
#2205 = CARTESIAN_POINT('',(38.,21.,295.));
#2206 = VECTOR('',#2207,1.);
#2207 = DIRECTION('',(1.,0.,-0.));
#2208 = FACE_BOUND('',#2209,.T.);
#2209 = EDGE_LOOP('',(#2210,#2220,#2228,#2236));
#2210 = ORIENTED_EDGE('',*,*,#2211,.F.);
#2211 = EDGE_CURVE('',#2212,#2214,#2216,.T.);
#2212 = VERTEX_POINT('',#2213);
#2213 = CARTESIAN_POINT('',(42.,21.,15.));
#2214 = VERTEX_POINT('',#2215);
#2215 = CARTESIAN_POINT('',(42.,21.,295.));
#2216 = LINE('',#2217,#2218);
#2217 = CARTESIAN_POINT('',(42.,21.,15.));
#2218 = VECTOR('',#2219,1.);
#2219 = DIRECTION('',(0.,0.,1.));
#2220 = ORIENTED_EDGE('',*,*,#2221,.T.);
#2221 = EDGE_CURVE('',#2212,#2222,#2224,.T.);
#2222 = VERTEX_POINT('',#2223);
#2223 = CARTESIAN_POINT('',(44.,21.,15.));
#2224 = LINE('',#2225,#2226);
#2225 = CARTESIAN_POINT('',(42.,21.,15.));
#2226 = VECTOR('',#2227,1.);
#2227 = DIRECTION('',(1.,0.,-0.));
#2228 = ORIENTED_EDGE('',*,*,#2229,.T.);
#2229 = EDGE_CURVE('',#2222,#2230,#2232,.T.);
#2230 = VERTEX_POINT('',#2231);
#2231 = CARTESIAN_POINT('',(44.,21.,295.));
#2232 = LINE('',#2233,#2234);
#2233 = CARTESIAN_POINT('',(44.,21.,15.));
#2234 = VECTOR('',#2235,1.);
#2235 = DIRECTION('',(0.,0.,1.));
#2236 = ORIENTED_EDGE('',*,*,#2237,.F.);
#2237 = EDGE_CURVE('',#2214,#2230,#2238,.T.);
#2238 = LINE('',#2239,#2240);
#2239 = CARTESIAN_POINT('',(42.,21.,295.));
#2240 = VECTOR('',#2241,1.);
#2241 = DIRECTION('',(1.,0.,-0.));
#2242 = FACE_BOUND('',#2243,.T.);
#2243 = EDGE_LOOP('',(#2244,#2254,#2262,#2270));
#2244 = ORIENTED_EDGE('',*,*,#2245,.F.);
#2245 = EDGE_CURVE('',#2246,#2248,#2250,.T.);
#2246 = VERTEX_POINT('',#2247);
#2247 = CARTESIAN_POINT('',(46.,21.,15.));
#2248 = VERTEX_POINT('',#2249);
#2249 = CARTESIAN_POINT('',(46.,21.,295.));
#2250 = LINE('',#2251,#2252);
#2251 = CARTESIAN_POINT('',(46.,21.,15.));
#2252 = VECTOR('',#2253,1.);
#2253 = DIRECTION('',(0.,0.,1.));
#2254 = ORIENTED_EDGE('',*,*,#2255,.T.);
#2255 = EDGE_CURVE('',#2246,#2256,#2258,.T.);
#2256 = VERTEX_POINT('',#2257);
#2257 = CARTESIAN_POINT('',(48.,21.,15.));
#2258 = LINE('',#2259,#2260);
#2259 = CARTESIAN_POINT('',(46.,21.,15.));
#2260 = VECTOR('',#2261,1.);
#2261 = DIRECTION('',(1.,0.,-0.));
#2262 = ORIENTED_EDGE('',*,*,#2263,.T.);
#2263 = EDGE_CURVE('',#2256,#2264,#2266,.T.);
#2264 = VERTEX_POINT('',#2265);
#2265 = CARTESIAN_POINT('',(48.,21.,295.));
#2266 = LINE('',#2267,#2268);
#2267 = CARTESIAN_POINT('',(48.,21.,15.));
#2268 = VECTOR('',#2269,1.);
#2269 = DIRECTION('',(0.,0.,1.));
#2270 = ORIENTED_EDGE('',*,*,#2271,.F.);
#2271 = EDGE_CURVE('',#2248,#2264,#2272,.T.);
#2272 = LINE('',#2273,#2274);
#2273 = CARTESIAN_POINT('',(46.,21.,295.));
#2274 = VECTOR('',#2275,1.);
#2275 = DIRECTION('',(1.,0.,-0.));
#2276 = FACE_BOUND('',#2277,.T.);
#2277 = EDGE_LOOP('',(#2278,#2288,#2296,#2304));
#2278 = ORIENTED_EDGE('',*,*,#2279,.F.);
#2279 = EDGE_CURVE('',#2280,#2282,#2284,.T.);
#2280 = VERTEX_POINT('',#2281);
#2281 = CARTESIAN_POINT('',(50.,21.,15.));
#2282 = VERTEX_POINT('',#2283);
#2283 = CARTESIAN_POINT('',(50.,21.,295.));
#2284 = LINE('',#2285,#2286);
#2285 = CARTESIAN_POINT('',(50.,21.,15.));
#2286 = VECTOR('',#2287,1.);
#2287 = DIRECTION('',(0.,0.,1.));
#2288 = ORIENTED_EDGE('',*,*,#2289,.T.);
#2289 = EDGE_CURVE('',#2280,#2290,#2292,.T.);
#2290 = VERTEX_POINT('',#2291);
#2291 = CARTESIAN_POINT('',(52.,21.,15.));
#2292 = LINE('',#2293,#2294);
#2293 = CARTESIAN_POINT('',(50.,21.,15.));
#2294 = VECTOR('',#2295,1.);
#2295 = DIRECTION('',(1.,0.,-0.));
#2296 = ORIENTED_EDGE('',*,*,#2297,.T.);
#2297 = EDGE_CURVE('',#2290,#2298,#2300,.T.);
#2298 = VERTEX_POINT('',#2299);
#2299 = CARTESIAN_POINT('',(52.,21.,295.));
#2300 = LINE('',#2301,#2302);
#2301 = CARTESIAN_POINT('',(52.,21.,15.));
#2302 = VECTOR('',#2303,1.);
#2303 = DIRECTION('',(0.,0.,1.));
#2304 = ORIENTED_EDGE('',*,*,#2305,.F.);
#2305 = EDGE_CURVE('',#2282,#2298,#2306,.T.);
#2306 = LINE('',#2307,#2308);
#2307 = CARTESIAN_POINT('',(50.,21.,295.));
#2308 = VECTOR('',#2309,1.);
#2309 = DIRECTION('',(1.,0.,-0.));
#2310 = FACE_BOUND('',#2311,.T.);
#2311 = EDGE_LOOP('',(#2312,#2322,#2330,#2338));
#2312 = ORIENTED_EDGE('',*,*,#2313,.F.);
#2313 = EDGE_CURVE('',#2314,#2316,#2318,.T.);
#2314 = VERTEX_POINT('',#2315);
#2315 = CARTESIAN_POINT('',(54.,21.,15.));
#2316 = VERTEX_POINT('',#2317);
#2317 = CARTESIAN_POINT('',(54.,21.,295.));
#2318 = LINE('',#2319,#2320);
#2319 = CARTESIAN_POINT('',(54.,21.,15.));
#2320 = VECTOR('',#2321,1.);
#2321 = DIRECTION('',(0.,0.,1.));
#2322 = ORIENTED_EDGE('',*,*,#2323,.T.);
#2323 = EDGE_CURVE('',#2314,#2324,#2326,.T.);
#2324 = VERTEX_POINT('',#2325);
#2325 = CARTESIAN_POINT('',(56.,21.,15.));
#2326 = LINE('',#2327,#2328);
#2327 = CARTESIAN_POINT('',(54.,21.,15.));
#2328 = VECTOR('',#2329,1.);
#2329 = DIRECTION('',(1.,0.,-0.));
#2330 = ORIENTED_EDGE('',*,*,#2331,.T.);
#2331 = EDGE_CURVE('',#2324,#2332,#2334,.T.);
#2332 = VERTEX_POINT('',#2333);
#2333 = CARTESIAN_POINT('',(56.,21.,295.));
#2334 = LINE('',#2335,#2336);
#2335 = CARTESIAN_POINT('',(56.,21.,15.));
#2336 = VECTOR('',#2337,1.);
#2337 = DIRECTION('',(0.,0.,1.));
#2338 = ORIENTED_EDGE('',*,*,#2339,.F.);
#2339 = EDGE_CURVE('',#2316,#2332,#2340,.T.);
#2340 = LINE('',#2341,#2342);
#2341 = CARTESIAN_POINT('',(54.,21.,295.));
#2342 = VECTOR('',#2343,1.);
#2343 = DIRECTION('',(1.,0.,-0.));
#2344 = FACE_BOUND('',#2345,.T.);
#2345 = EDGE_LOOP('',(#2346,#2356,#2364,#2372));
#2346 = ORIENTED_EDGE('',*,*,#2347,.F.);
#2347 = EDGE_CURVE('',#2348,#2350,#2352,.T.);
#2348 = VERTEX_POINT('',#2349);
#2349 = CARTESIAN_POINT('',(251.,21.,15.));
#2350 = VERTEX_POINT('',#2351);
#2351 = CARTESIAN_POINT('',(251.,21.,295.));
#2352 = LINE('',#2353,#2354);
#2353 = CARTESIAN_POINT('',(251.,21.,15.));
#2354 = VECTOR('',#2355,1.);
#2355 = DIRECTION('',(0.,0.,1.));
#2356 = ORIENTED_EDGE('',*,*,#2357,.T.);
#2357 = EDGE_CURVE('',#2348,#2358,#2360,.T.);
#2358 = VERTEX_POINT('',#2359);
#2359 = CARTESIAN_POINT('',(253.,21.,15.));
#2360 = LINE('',#2361,#2362);
#2361 = CARTESIAN_POINT('',(251.,21.,15.));
#2362 = VECTOR('',#2363,1.);
#2363 = DIRECTION('',(1.,0.,-0.));
#2364 = ORIENTED_EDGE('',*,*,#2365,.T.);
#2365 = EDGE_CURVE('',#2358,#2366,#2368,.T.);
#2366 = VERTEX_POINT('',#2367);
#2367 = CARTESIAN_POINT('',(253.,21.,295.));
#2368 = LINE('',#2369,#2370);
#2369 = CARTESIAN_POINT('',(253.,21.,15.));
#2370 = VECTOR('',#2371,1.);
#2371 = DIRECTION('',(0.,0.,1.));
#2372 = ORIENTED_EDGE('',*,*,#2373,.F.);
#2373 = EDGE_CURVE('',#2350,#2366,#2374,.T.);
#2374 = LINE('',#2375,#2376);
#2375 = CARTESIAN_POINT('',(251.,21.,295.));
#2376 = VECTOR('',#2377,1.);
#2377 = DIRECTION('',(1.,0.,-0.));
#2378 = FACE_BOUND('',#2379,.T.);
#2379 = EDGE_LOOP('',(#2380,#2390,#2398,#2406));
#2380 = ORIENTED_EDGE('',*,*,#2381,.F.);
#2381 = EDGE_CURVE('',#2382,#2384,#2386,.T.);
#2382 = VERTEX_POINT('',#2383);
#2383 = CARTESIAN_POINT('',(255.,21.,15.));
#2384 = VERTEX_POINT('',#2385);
#2385 = CARTESIAN_POINT('',(255.,21.,295.));
#2386 = LINE('',#2387,#2388);
#2387 = CARTESIAN_POINT('',(255.,21.,15.));
#2388 = VECTOR('',#2389,1.);
#2389 = DIRECTION('',(0.,0.,1.));
#2390 = ORIENTED_EDGE('',*,*,#2391,.T.);
#2391 = EDGE_CURVE('',#2382,#2392,#2394,.T.);
#2392 = VERTEX_POINT('',#2393);
#2393 = CARTESIAN_POINT('',(257.,21.,15.));
#2394 = LINE('',#2395,#2396);
#2395 = CARTESIAN_POINT('',(255.,21.,15.));
#2396 = VECTOR('',#2397,1.);
#2397 = DIRECTION('',(1.,0.,-0.));
#2398 = ORIENTED_EDGE('',*,*,#2399,.T.);
#2399 = EDGE_CURVE('',#2392,#2400,#2402,.T.);
#2400 = VERTEX_POINT('',#2401);
#2401 = CARTESIAN_POINT('',(257.,21.,295.));
#2402 = LINE('',#2403,#2404);
#2403 = CARTESIAN_POINT('',(257.,21.,15.));
#2404 = VECTOR('',#2405,1.);
#2405 = DIRECTION('',(0.,0.,1.));
#2406 = ORIENTED_EDGE('',*,*,#2407,.F.);
#2407 = EDGE_CURVE('',#2384,#2400,#2408,.T.);
#2408 = LINE('',#2409,#2410);
#2409 = CARTESIAN_POINT('',(255.,21.,295.));
#2410 = VECTOR('',#2411,1.);
#2411 = DIRECTION('',(1.,0.,-0.));
#2412 = FACE_BOUND('',#2413,.T.);
#2413 = EDGE_LOOP('',(#2414,#2424,#2432,#2440));
#2414 = ORIENTED_EDGE('',*,*,#2415,.F.);
#2415 = EDGE_CURVE('',#2416,#2418,#2420,.T.);
#2416 = VERTEX_POINT('',#2417);
#2417 = CARTESIAN_POINT('',(259.,21.,15.));
#2418 = VERTEX_POINT('',#2419);
#2419 = CARTESIAN_POINT('',(259.,21.,295.));
#2420 = LINE('',#2421,#2422);
#2421 = CARTESIAN_POINT('',(259.,21.,15.));
#2422 = VECTOR('',#2423,1.);
#2423 = DIRECTION('',(0.,0.,1.));
#2424 = ORIENTED_EDGE('',*,*,#2425,.T.);
#2425 = EDGE_CURVE('',#2416,#2426,#2428,.T.);
#2426 = VERTEX_POINT('',#2427);
#2427 = CARTESIAN_POINT('',(261.,21.,15.));
#2428 = LINE('',#2429,#2430);
#2429 = CARTESIAN_POINT('',(259.,21.,15.));
#2430 = VECTOR('',#2431,1.);
#2431 = DIRECTION('',(1.,0.,-0.));
#2432 = ORIENTED_EDGE('',*,*,#2433,.T.);
#2433 = EDGE_CURVE('',#2426,#2434,#2436,.T.);
#2434 = VERTEX_POINT('',#2435);
#2435 = CARTESIAN_POINT('',(261.,21.,295.));
#2436 = LINE('',#2437,#2438);
#2437 = CARTESIAN_POINT('',(261.,21.,15.));
#2438 = VECTOR('',#2439,1.);
#2439 = DIRECTION('',(0.,0.,1.));
#2440 = ORIENTED_EDGE('',*,*,#2441,.F.);
#2441 = EDGE_CURVE('',#2418,#2434,#2442,.T.);
#2442 = LINE('',#2443,#2444);
#2443 = CARTESIAN_POINT('',(259.,21.,295.));
#2444 = VECTOR('',#2445,1.);
#2445 = DIRECTION('',(1.,0.,-0.));
#2446 = FACE_BOUND('',#2447,.T.);
#2447 = EDGE_LOOP('',(#2448,#2458,#2466,#2474));
#2448 = ORIENTED_EDGE('',*,*,#2449,.F.);
#2449 = EDGE_CURVE('',#2450,#2452,#2454,.T.);
#2450 = VERTEX_POINT('',#2451);
#2451 = CARTESIAN_POINT('',(263.,21.,15.));
#2452 = VERTEX_POINT('',#2453);
#2453 = CARTESIAN_POINT('',(263.,21.,295.));
#2454 = LINE('',#2455,#2456);
#2455 = CARTESIAN_POINT('',(263.,21.,15.));
#2456 = VECTOR('',#2457,1.);
#2457 = DIRECTION('',(0.,0.,1.));
#2458 = ORIENTED_EDGE('',*,*,#2459,.T.);
#2459 = EDGE_CURVE('',#2450,#2460,#2462,.T.);
#2460 = VERTEX_POINT('',#2461);
#2461 = CARTESIAN_POINT('',(265.,21.,15.));
#2462 = LINE('',#2463,#2464);
#2463 = CARTESIAN_POINT('',(263.,21.,15.));
#2464 = VECTOR('',#2465,1.);
#2465 = DIRECTION('',(1.,0.,-0.));
#2466 = ORIENTED_EDGE('',*,*,#2467,.T.);
#2467 = EDGE_CURVE('',#2460,#2468,#2470,.T.);
#2468 = VERTEX_POINT('',#2469);
#2469 = CARTESIAN_POINT('',(265.,21.,295.));
#2470 = LINE('',#2471,#2472);
#2471 = CARTESIAN_POINT('',(265.,21.,15.));
#2472 = VECTOR('',#2473,1.);
#2473 = DIRECTION('',(0.,0.,1.));
#2474 = ORIENTED_EDGE('',*,*,#2475,.F.);
#2475 = EDGE_CURVE('',#2452,#2468,#2476,.T.);
#2476 = LINE('',#2477,#2478);
#2477 = CARTESIAN_POINT('',(263.,21.,295.));
#2478 = VECTOR('',#2479,1.);
#2479 = DIRECTION('',(1.,0.,-0.));
#2480 = FACE_BOUND('',#2481,.T.);
#2481 = EDGE_LOOP('',(#2482,#2492,#2500,#2508));
#2482 = ORIENTED_EDGE('',*,*,#2483,.F.);
#2483 = EDGE_CURVE('',#2484,#2486,#2488,.T.);
#2484 = VERTEX_POINT('',#2485);
#2485 = CARTESIAN_POINT('',(267.,21.,15.));
#2486 = VERTEX_POINT('',#2487);
#2487 = CARTESIAN_POINT('',(267.,21.,295.));
#2488 = LINE('',#2489,#2490);
#2489 = CARTESIAN_POINT('',(267.,21.,15.));
#2490 = VECTOR('',#2491,1.);
#2491 = DIRECTION('',(0.,0.,1.));
#2492 = ORIENTED_EDGE('',*,*,#2493,.T.);
#2493 = EDGE_CURVE('',#2484,#2494,#2496,.T.);
#2494 = VERTEX_POINT('',#2495);
#2495 = CARTESIAN_POINT('',(269.,21.,15.));
#2496 = LINE('',#2497,#2498);
#2497 = CARTESIAN_POINT('',(267.,21.,15.));
#2498 = VECTOR('',#2499,1.);
#2499 = DIRECTION('',(1.,0.,-0.));
#2500 = ORIENTED_EDGE('',*,*,#2501,.T.);
#2501 = EDGE_CURVE('',#2494,#2502,#2504,.T.);
#2502 = VERTEX_POINT('',#2503);
#2503 = CARTESIAN_POINT('',(269.,21.,295.));
#2504 = LINE('',#2505,#2506);
#2505 = CARTESIAN_POINT('',(269.,21.,15.));
#2506 = VECTOR('',#2507,1.);
#2507 = DIRECTION('',(0.,0.,1.));
#2508 = ORIENTED_EDGE('',*,*,#2509,.F.);
#2509 = EDGE_CURVE('',#2486,#2502,#2510,.T.);
#2510 = LINE('',#2511,#2512);
#2511 = CARTESIAN_POINT('',(267.,21.,295.));
#2512 = VECTOR('',#2513,1.);
#2513 = DIRECTION('',(1.,0.,-0.));
#2514 = FACE_BOUND('',#2515,.T.);
#2515 = EDGE_LOOP('',(#2516,#2526,#2534,#2542));
#2516 = ORIENTED_EDGE('',*,*,#2517,.F.);
#2517 = EDGE_CURVE('',#2518,#2520,#2522,.T.);
#2518 = VERTEX_POINT('',#2519);
#2519 = CARTESIAN_POINT('',(271.,21.,15.));
#2520 = VERTEX_POINT('',#2521);
#2521 = CARTESIAN_POINT('',(271.,21.,295.));
#2522 = LINE('',#2523,#2524);
#2523 = CARTESIAN_POINT('',(271.,21.,15.));
#2524 = VECTOR('',#2525,1.);
#2525 = DIRECTION('',(0.,0.,1.));
#2526 = ORIENTED_EDGE('',*,*,#2527,.T.);
#2527 = EDGE_CURVE('',#2518,#2528,#2530,.T.);
#2528 = VERTEX_POINT('',#2529);
#2529 = CARTESIAN_POINT('',(273.,21.,15.));
#2530 = LINE('',#2531,#2532);
#2531 = CARTESIAN_POINT('',(271.,21.,15.));
#2532 = VECTOR('',#2533,1.);
#2533 = DIRECTION('',(1.,0.,-0.));
#2534 = ORIENTED_EDGE('',*,*,#2535,.T.);
#2535 = EDGE_CURVE('',#2528,#2536,#2538,.T.);
#2536 = VERTEX_POINT('',#2537);
#2537 = CARTESIAN_POINT('',(273.,21.,295.));
#2538 = LINE('',#2539,#2540);
#2539 = CARTESIAN_POINT('',(273.,21.,15.));
#2540 = VECTOR('',#2541,1.);
#2541 = DIRECTION('',(0.,0.,1.));
#2542 = ORIENTED_EDGE('',*,*,#2543,.F.);
#2543 = EDGE_CURVE('',#2520,#2536,#2544,.T.);
#2544 = LINE('',#2545,#2546);
#2545 = CARTESIAN_POINT('',(271.,21.,295.));
#2546 = VECTOR('',#2547,1.);
#2547 = DIRECTION('',(1.,0.,-0.));
#2548 = FACE_BOUND('',#2549,.T.);
#2549 = EDGE_LOOP('',(#2550,#2560,#2568,#2576));
#2550 = ORIENTED_EDGE('',*,*,#2551,.F.);
#2551 = EDGE_CURVE('',#2552,#2554,#2556,.T.);
#2552 = VERTEX_POINT('',#2553);
#2553 = CARTESIAN_POINT('',(275.,21.,15.));
#2554 = VERTEX_POINT('',#2555);
#2555 = CARTESIAN_POINT('',(275.,21.,295.));
#2556 = LINE('',#2557,#2558);
#2557 = CARTESIAN_POINT('',(275.,21.,15.));
#2558 = VECTOR('',#2559,1.);
#2559 = DIRECTION('',(0.,0.,1.));
#2560 = ORIENTED_EDGE('',*,*,#2561,.T.);
#2561 = EDGE_CURVE('',#2552,#2562,#2564,.T.);
#2562 = VERTEX_POINT('',#2563);
#2563 = CARTESIAN_POINT('',(277.,21.,15.));
#2564 = LINE('',#2565,#2566);
#2565 = CARTESIAN_POINT('',(275.,21.,15.));
#2566 = VECTOR('',#2567,1.);
#2567 = DIRECTION('',(1.,0.,-0.));
#2568 = ORIENTED_EDGE('',*,*,#2569,.T.);
#2569 = EDGE_CURVE('',#2562,#2570,#2572,.T.);
#2570 = VERTEX_POINT('',#2571);
#2571 = CARTESIAN_POINT('',(277.,21.,295.));
#2572 = LINE('',#2573,#2574);
#2573 = CARTESIAN_POINT('',(277.,21.,15.));
#2574 = VECTOR('',#2575,1.);
#2575 = DIRECTION('',(0.,0.,1.));
#2576 = ORIENTED_EDGE('',*,*,#2577,.F.);
#2577 = EDGE_CURVE('',#2554,#2570,#2578,.T.);
#2578 = LINE('',#2579,#2580);
#2579 = CARTESIAN_POINT('',(275.,21.,295.));
#2580 = VECTOR('',#2581,1.);
#2581 = DIRECTION('',(1.,0.,-0.));
#2582 = FACE_BOUND('',#2583,.T.);
#2583 = EDGE_LOOP('',(#2584,#2594,#2602,#2610));
#2584 = ORIENTED_EDGE('',*,*,#2585,.F.);
#2585 = EDGE_CURVE('',#2586,#2588,#2590,.T.);
#2586 = VERTEX_POINT('',#2587);
#2587 = CARTESIAN_POINT('',(279.,21.,15.));
#2588 = VERTEX_POINT('',#2589);
#2589 = CARTESIAN_POINT('',(279.,21.,295.));
#2590 = LINE('',#2591,#2592);
#2591 = CARTESIAN_POINT('',(279.,21.,15.));
#2592 = VECTOR('',#2593,1.);
#2593 = DIRECTION('',(0.,0.,1.));
#2594 = ORIENTED_EDGE('',*,*,#2595,.T.);
#2595 = EDGE_CURVE('',#2586,#2596,#2598,.T.);
#2596 = VERTEX_POINT('',#2597);
#2597 = CARTESIAN_POINT('',(281.,21.,15.));
#2598 = LINE('',#2599,#2600);
#2599 = CARTESIAN_POINT('',(279.,21.,15.));
#2600 = VECTOR('',#2601,1.);
#2601 = DIRECTION('',(1.,0.,-0.));
#2602 = ORIENTED_EDGE('',*,*,#2603,.T.);
#2603 = EDGE_CURVE('',#2596,#2604,#2606,.T.);
#2604 = VERTEX_POINT('',#2605);
#2605 = CARTESIAN_POINT('',(281.,21.,295.));
#2606 = LINE('',#2607,#2608);
#2607 = CARTESIAN_POINT('',(281.,21.,15.));
#2608 = VECTOR('',#2609,1.);
#2609 = DIRECTION('',(0.,0.,1.));
#2610 = ORIENTED_EDGE('',*,*,#2611,.F.);
#2611 = EDGE_CURVE('',#2588,#2604,#2612,.T.);
#2612 = LINE('',#2613,#2614);
#2613 = CARTESIAN_POINT('',(279.,21.,295.));
#2614 = VECTOR('',#2615,1.);
#2615 = DIRECTION('',(1.,0.,-0.));
#2616 = FACE_BOUND('',#2617,.T.);
#2617 = EDGE_LOOP('',(#2618,#2628,#2636,#2644));
#2618 = ORIENTED_EDGE('',*,*,#2619,.F.);
#2619 = EDGE_CURVE('',#2620,#2622,#2624,.T.);
#2620 = VERTEX_POINT('',#2621);
#2621 = CARTESIAN_POINT('',(283.,21.,15.));
#2622 = VERTEX_POINT('',#2623);
#2623 = CARTESIAN_POINT('',(283.,21.,295.));
#2624 = LINE('',#2625,#2626);
#2625 = CARTESIAN_POINT('',(283.,21.,15.));
#2626 = VECTOR('',#2627,1.);
#2627 = DIRECTION('',(0.,0.,1.));
#2628 = ORIENTED_EDGE('',*,*,#2629,.T.);
#2629 = EDGE_CURVE('',#2620,#2630,#2632,.T.);
#2630 = VERTEX_POINT('',#2631);
#2631 = CARTESIAN_POINT('',(285.,21.,15.));
#2632 = LINE('',#2633,#2634);
#2633 = CARTESIAN_POINT('',(283.,21.,15.));
#2634 = VECTOR('',#2635,1.);
#2635 = DIRECTION('',(1.,0.,-0.));
#2636 = ORIENTED_EDGE('',*,*,#2637,.T.);
#2637 = EDGE_CURVE('',#2630,#2638,#2640,.T.);
#2638 = VERTEX_POINT('',#2639);
#2639 = CARTESIAN_POINT('',(285.,21.,295.));
#2640 = LINE('',#2641,#2642);
#2641 = CARTESIAN_POINT('',(285.,21.,15.));
#2642 = VECTOR('',#2643,1.);
#2643 = DIRECTION('',(0.,0.,1.));
#2644 = ORIENTED_EDGE('',*,*,#2645,.F.);
#2645 = EDGE_CURVE('',#2622,#2638,#2646,.T.);
#2646 = LINE('',#2647,#2648);
#2647 = CARTESIAN_POINT('',(283.,21.,295.));
#2648 = VECTOR('',#2649,1.);
#2649 = DIRECTION('',(1.,0.,-0.));
#2650 = FACE_BOUND('',#2651,.T.);
#2651 = EDGE_LOOP('',(#2652,#2662,#2670,#2678));
#2652 = ORIENTED_EDGE('',*,*,#2653,.F.);
#2653 = EDGE_CURVE('',#2654,#2656,#2658,.T.);
#2654 = VERTEX_POINT('',#2655);
#2655 = CARTESIAN_POINT('',(287.,21.,15.));
#2656 = VERTEX_POINT('',#2657);
#2657 = CARTESIAN_POINT('',(287.,21.,295.));
#2658 = LINE('',#2659,#2660);
#2659 = CARTESIAN_POINT('',(287.,21.,15.));
#2660 = VECTOR('',#2661,1.);
#2661 = DIRECTION('',(0.,0.,1.));
#2662 = ORIENTED_EDGE('',*,*,#2663,.T.);
#2663 = EDGE_CURVE('',#2654,#2664,#2666,.T.);
#2664 = VERTEX_POINT('',#2665);
#2665 = CARTESIAN_POINT('',(289.,21.,15.));
#2666 = LINE('',#2667,#2668);
#2667 = CARTESIAN_POINT('',(287.,21.,15.));
#2668 = VECTOR('',#2669,1.);
#2669 = DIRECTION('',(1.,0.,-0.));
#2670 = ORIENTED_EDGE('',*,*,#2671,.T.);
#2671 = EDGE_CURVE('',#2664,#2672,#2674,.T.);
#2672 = VERTEX_POINT('',#2673);
#2673 = CARTESIAN_POINT('',(289.,21.,295.));
#2674 = LINE('',#2675,#2676);
#2675 = CARTESIAN_POINT('',(289.,21.,15.));
#2676 = VECTOR('',#2677,1.);
#2677 = DIRECTION('',(0.,0.,1.));
#2678 = ORIENTED_EDGE('',*,*,#2679,.F.);
#2679 = EDGE_CURVE('',#2656,#2672,#2680,.T.);
#2680 = LINE('',#2681,#2682);
#2681 = CARTESIAN_POINT('',(287.,21.,295.));
#2682 = VECTOR('',#2683,1.);
#2683 = DIRECTION('',(1.,0.,-0.));
#2684 = FACE_BOUND('',#2685,.T.);
#2685 = EDGE_LOOP('',(#2686,#2696,#2704,#2712));
#2686 = ORIENTED_EDGE('',*,*,#2687,.F.);
#2687 = EDGE_CURVE('',#2688,#2690,#2692,.T.);
#2688 = VERTEX_POINT('',#2689);
#2689 = CARTESIAN_POINT('',(291.,21.,15.));
#2690 = VERTEX_POINT('',#2691);
#2691 = CARTESIAN_POINT('',(291.,21.,295.));
#2692 = LINE('',#2693,#2694);
#2693 = CARTESIAN_POINT('',(291.,21.,15.));
#2694 = VECTOR('',#2695,1.);
#2695 = DIRECTION('',(0.,0.,1.));
#2696 = ORIENTED_EDGE('',*,*,#2697,.T.);
#2697 = EDGE_CURVE('',#2688,#2698,#2700,.T.);
#2698 = VERTEX_POINT('',#2699);
#2699 = CARTESIAN_POINT('',(293.,21.,15.));
#2700 = LINE('',#2701,#2702);
#2701 = CARTESIAN_POINT('',(291.,21.,15.));
#2702 = VECTOR('',#2703,1.);
#2703 = DIRECTION('',(1.,0.,-0.));
#2704 = ORIENTED_EDGE('',*,*,#2705,.T.);
#2705 = EDGE_CURVE('',#2698,#2706,#2708,.T.);
#2706 = VERTEX_POINT('',#2707);
#2707 = CARTESIAN_POINT('',(293.,21.,295.));
#2708 = LINE('',#2709,#2710);
#2709 = CARTESIAN_POINT('',(293.,21.,15.));
#2710 = VECTOR('',#2711,1.);
#2711 = DIRECTION('',(0.,0.,1.));
#2712 = ORIENTED_EDGE('',*,*,#2713,.F.);
#2713 = EDGE_CURVE('',#2690,#2706,#2714,.T.);
#2714 = LINE('',#2715,#2716);
#2715 = CARTESIAN_POINT('',(291.,21.,295.));
#2716 = VECTOR('',#2717,1.);
#2717 = DIRECTION('',(1.,0.,-0.));
#2718 = FACE_BOUND('',#2719,.T.);
#2719 = EDGE_LOOP('',(#2720,#2730,#2738,#2746));
#2720 = ORIENTED_EDGE('',*,*,#2721,.F.);
#2721 = EDGE_CURVE('',#2722,#2724,#2726,.T.);
#2722 = VERTEX_POINT('',#2723);
#2723 = CARTESIAN_POINT('',(295.,21.,15.));
#2724 = VERTEX_POINT('',#2725);
#2725 = CARTESIAN_POINT('',(295.,21.,295.));
#2726 = LINE('',#2727,#2728);
#2727 = CARTESIAN_POINT('',(295.,21.,15.));
#2728 = VECTOR('',#2729,1.);
#2729 = DIRECTION('',(0.,0.,1.));
#2730 = ORIENTED_EDGE('',*,*,#2731,.T.);
#2731 = EDGE_CURVE('',#2722,#2732,#2734,.T.);
#2732 = VERTEX_POINT('',#2733);
#2733 = CARTESIAN_POINT('',(297.,21.,15.));
#2734 = LINE('',#2735,#2736);
#2735 = CARTESIAN_POINT('',(295.,21.,15.));
#2736 = VECTOR('',#2737,1.);
#2737 = DIRECTION('',(1.,0.,-0.));
#2738 = ORIENTED_EDGE('',*,*,#2739,.T.);
#2739 = EDGE_CURVE('',#2732,#2740,#2742,.T.);
#2740 = VERTEX_POINT('',#2741);
#2741 = CARTESIAN_POINT('',(297.,21.,295.));
#2742 = LINE('',#2743,#2744);
#2743 = CARTESIAN_POINT('',(297.,21.,15.));
#2744 = VECTOR('',#2745,1.);
#2745 = DIRECTION('',(0.,0.,1.));
#2746 = ORIENTED_EDGE('',*,*,#2747,.F.);
#2747 = EDGE_CURVE('',#2724,#2740,#2748,.T.);
#2748 = LINE('',#2749,#2750);
#2749 = CARTESIAN_POINT('',(295.,21.,295.));
#2750 = VECTOR('',#2751,1.);
#2751 = DIRECTION('',(1.,0.,-0.));
#2752 = FACE_BOUND('',#2753,.T.);
#2753 = EDGE_LOOP('',(#2754,#2764,#2772,#2780));
#2754 = ORIENTED_EDGE('',*,*,#2755,.F.);
#2755 = EDGE_CURVE('',#2756,#2758,#2760,.T.);
#2756 = VERTEX_POINT('',#2757);
#2757 = CARTESIAN_POINT('',(299.,21.,15.));
#2758 = VERTEX_POINT('',#2759);
#2759 = CARTESIAN_POINT('',(299.,21.,295.));
#2760 = LINE('',#2761,#2762);
#2761 = CARTESIAN_POINT('',(299.,21.,15.));
#2762 = VECTOR('',#2763,1.);
#2763 = DIRECTION('',(0.,0.,1.));
#2764 = ORIENTED_EDGE('',*,*,#2765,.T.);
#2765 = EDGE_CURVE('',#2756,#2766,#2768,.T.);
#2766 = VERTEX_POINT('',#2767);
#2767 = CARTESIAN_POINT('',(301.,21.,15.));
#2768 = LINE('',#2769,#2770);
#2769 = CARTESIAN_POINT('',(299.,21.,15.));
#2770 = VECTOR('',#2771,1.);
#2771 = DIRECTION('',(1.,0.,-0.));
#2772 = ORIENTED_EDGE('',*,*,#2773,.T.);
#2773 = EDGE_CURVE('',#2766,#2774,#2776,.T.);
#2774 = VERTEX_POINT('',#2775);
#2775 = CARTESIAN_POINT('',(301.,21.,295.));
#2776 = LINE('',#2777,#2778);
#2777 = CARTESIAN_POINT('',(301.,21.,15.));
#2778 = VECTOR('',#2779,1.);
#2779 = DIRECTION('',(0.,0.,1.));
#2780 = ORIENTED_EDGE('',*,*,#2781,.F.);
#2781 = EDGE_CURVE('',#2758,#2774,#2782,.T.);
#2782 = LINE('',#2783,#2784);
#2783 = CARTESIAN_POINT('',(299.,21.,295.));
#2784 = VECTOR('',#2785,1.);
#2785 = DIRECTION('',(1.,0.,-0.));
#2786 = PLANE('',#2787);
#2787 = AXIS2_PLACEMENT_3D('',#2788,#2789,#2790);
#2788 = CARTESIAN_POINT('',(5.,21.,5.));
#2789 = DIRECTION('',(-0.,1.,0.));
#2790 = DIRECTION('',(0.,0.,1.));
#2791 = ADVANCED_FACE('',(#2792),#2803,.F.);
#2792 = FACE_BOUND('',#2793,.F.);
#2793 = EDGE_LOOP('',(#2794,#2795,#2796,#2802));
#2794 = ORIENTED_EDGE('',*,*,#1802,.F.);
#2795 = ORIENTED_EDGE('',*,*,#1832,.T.);
#2796 = ORIENTED_EDGE('',*,*,#2797,.T.);
#2797 = EDGE_CURVE('',#1833,#1888,#2798,.T.);
#2798 = LINE('',#2799,#2800);
#2799 = CARTESIAN_POINT('',(305.,11.,5.));
#2800 = VECTOR('',#2801,1.);
#2801 = DIRECTION('',(-0.,1.,0.));
#2802 = ORIENTED_EDGE('',*,*,#1887,.F.);
#2803 = PLANE('',#2804);
#2804 = AXIS2_PLACEMENT_3D('',#2805,#2806,#2807);
#2805 = CARTESIAN_POINT('',(5.,11.,5.));
#2806 = DIRECTION('',(0.,0.,1.));
#2807 = DIRECTION('',(1.,0.,-0.));
#2808 = ADVANCED_FACE('',(#2809),#2815,.T.);
#2809 = FACE_BOUND('',#2810,.T.);
#2810 = EDGE_LOOP('',(#2811,#2812,#2813,#2814));
#2811 = ORIENTED_EDGE('',*,*,#1849,.F.);
#2812 = ORIENTED_EDGE('',*,*,#2797,.T.);
#2813 = ORIENTED_EDGE('',*,*,#1897,.T.);
#2814 = ORIENTED_EDGE('',*,*,#1865,.F.);
#2815 = PLANE('',#2816);
#2816 = AXIS2_PLACEMENT_3D('',#2817,#2818,#2819);
#2817 = CARTESIAN_POINT('',(305.,11.,5.));
#2818 = DIRECTION('',(1.,0.,-0.));
#2819 = DIRECTION('',(0.,0.,1.));
#2820 = ADVANCED_FACE('',(#2821),#2846,.F.);
#2821 = FACE_BOUND('',#2822,.F.);
#2822 = EDGE_LOOP('',(#2823,#2824,#2832,#2840));
#2823 = ORIENTED_EDGE('',*,*,#1905,.F.);
#2824 = ORIENTED_EDGE('',*,*,#2825,.T.);
#2825 = EDGE_CURVE('',#1906,#2826,#2828,.T.);
#2826 = VERTEX_POINT('',#2827);
#2827 = CARTESIAN_POINT('',(6.,46.,15.));
#2828 = LINE('',#2829,#2830);
#2829 = CARTESIAN_POINT('',(6.,21.,15.));
#2830 = VECTOR('',#2831,1.);
#2831 = DIRECTION('',(-0.,1.,0.));
#2832 = ORIENTED_EDGE('',*,*,#2833,.T.);
#2833 = EDGE_CURVE('',#2826,#2834,#2836,.T.);
#2834 = VERTEX_POINT('',#2835);
#2835 = CARTESIAN_POINT('',(6.,46.,295.));
#2836 = LINE('',#2837,#2838);
#2837 = CARTESIAN_POINT('',(6.,46.,15.));
#2838 = VECTOR('',#2839,1.);
#2839 = DIRECTION('',(0.,0.,1.));
#2840 = ORIENTED_EDGE('',*,*,#2841,.F.);
#2841 = EDGE_CURVE('',#1908,#2834,#2842,.T.);
#2842 = LINE('',#2843,#2844);
#2843 = CARTESIAN_POINT('',(6.,21.,295.));
#2844 = VECTOR('',#2845,1.);
#2845 = DIRECTION('',(-0.,1.,0.));
#2846 = PLANE('',#2847);
#2847 = AXIS2_PLACEMENT_3D('',#2848,#2849,#2850);
#2848 = CARTESIAN_POINT('',(6.,21.,15.));
#2849 = DIRECTION('',(1.,0.,-0.));
#2850 = DIRECTION('',(0.,0.,1.));
#2851 = ADVANCED_FACE('',(#2852),#2870,.F.);
#2852 = FACE_BOUND('',#2853,.F.);
#2853 = EDGE_LOOP('',(#2854,#2855,#2856,#2864));
#2854 = ORIENTED_EDGE('',*,*,#2825,.F.);
#2855 = ORIENTED_EDGE('',*,*,#1915,.T.);
#2856 = ORIENTED_EDGE('',*,*,#2857,.T.);
#2857 = EDGE_CURVE('',#1916,#2858,#2860,.T.);
#2858 = VERTEX_POINT('',#2859);
#2859 = CARTESIAN_POINT('',(8.,46.,15.));
#2860 = LINE('',#2861,#2862);
#2861 = CARTESIAN_POINT('',(8.,21.,15.));
#2862 = VECTOR('',#2863,1.);
#2863 = DIRECTION('',(-0.,1.,0.));
#2864 = ORIENTED_EDGE('',*,*,#2865,.F.);
#2865 = EDGE_CURVE('',#2826,#2858,#2866,.T.);
#2866 = LINE('',#2867,#2868);
#2867 = CARTESIAN_POINT('',(6.,46.,15.));
#2868 = VECTOR('',#2869,1.);
#2869 = DIRECTION('',(1.,0.,-0.));
#2870 = PLANE('',#2871);
#2871 = AXIS2_PLACEMENT_3D('',#2872,#2873,#2874);
#2872 = CARTESIAN_POINT('',(6.,21.,15.));
#2873 = DIRECTION('',(0.,0.,1.));
#2874 = DIRECTION('',(1.,0.,-0.));
#2875 = ADVANCED_FACE('',(#2876),#2894,.T.);
#2876 = FACE_BOUND('',#2877,.T.);
#2877 = EDGE_LOOP('',(#2878,#2879,#2880,#2888));
#2878 = ORIENTED_EDGE('',*,*,#2841,.F.);
#2879 = ORIENTED_EDGE('',*,*,#1931,.T.);
#2880 = ORIENTED_EDGE('',*,*,#2881,.T.);
#2881 = EDGE_CURVE('',#1924,#2882,#2884,.T.);
#2882 = VERTEX_POINT('',#2883);
#2883 = CARTESIAN_POINT('',(8.,46.,295.));
#2884 = LINE('',#2885,#2886);
#2885 = CARTESIAN_POINT('',(8.,21.,295.));
#2886 = VECTOR('',#2887,1.);
#2887 = DIRECTION('',(-0.,1.,0.));
#2888 = ORIENTED_EDGE('',*,*,#2889,.F.);
#2889 = EDGE_CURVE('',#2834,#2882,#2890,.T.);
#2890 = LINE('',#2891,#2892);
#2891 = CARTESIAN_POINT('',(6.,46.,295.));
#2892 = VECTOR('',#2893,1.);
#2893 = DIRECTION('',(1.,0.,-0.));
#2894 = PLANE('',#2895);
#2895 = AXIS2_PLACEMENT_3D('',#2896,#2897,#2898);
#2896 = CARTESIAN_POINT('',(6.,21.,295.));
#2897 = DIRECTION('',(0.,0.,1.));
#2898 = DIRECTION('',(1.,0.,-0.));
#2899 = ADVANCED_FACE('',(#2900),#2911,.T.);
#2900 = FACE_BOUND('',#2901,.T.);
#2901 = EDGE_LOOP('',(#2902,#2903,#2904,#2910));
#2902 = ORIENTED_EDGE('',*,*,#1923,.F.);
#2903 = ORIENTED_EDGE('',*,*,#2857,.T.);
#2904 = ORIENTED_EDGE('',*,*,#2905,.T.);
#2905 = EDGE_CURVE('',#2858,#2882,#2906,.T.);
#2906 = LINE('',#2907,#2908);
#2907 = CARTESIAN_POINT('',(8.,46.,15.));
#2908 = VECTOR('',#2909,1.);
#2909 = DIRECTION('',(0.,0.,1.));
#2910 = ORIENTED_EDGE('',*,*,#2881,.F.);
#2911 = PLANE('',#2912);
#2912 = AXIS2_PLACEMENT_3D('',#2913,#2914,#2915);
#2913 = CARTESIAN_POINT('',(8.,21.,15.));
#2914 = DIRECTION('',(1.,0.,-0.));
#2915 = DIRECTION('',(0.,0.,1.));
#2916 = ADVANCED_FACE('',(#2917),#2942,.F.);
#2917 = FACE_BOUND('',#2918,.F.);
#2918 = EDGE_LOOP('',(#2919,#2920,#2928,#2936));
#2919 = ORIENTED_EDGE('',*,*,#1939,.F.);
#2920 = ORIENTED_EDGE('',*,*,#2921,.T.);
#2921 = EDGE_CURVE('',#1940,#2922,#2924,.T.);
#2922 = VERTEX_POINT('',#2923);
#2923 = CARTESIAN_POINT('',(10.,46.,15.));
#2924 = LINE('',#2925,#2926);
#2925 = CARTESIAN_POINT('',(10.,21.,15.));
#2926 = VECTOR('',#2927,1.);
#2927 = DIRECTION('',(-0.,1.,0.));
#2928 = ORIENTED_EDGE('',*,*,#2929,.T.);
#2929 = EDGE_CURVE('',#2922,#2930,#2932,.T.);
#2930 = VERTEX_POINT('',#2931);
#2931 = CARTESIAN_POINT('',(10.,46.,295.));
#2932 = LINE('',#2933,#2934);
#2933 = CARTESIAN_POINT('',(10.,46.,15.));
#2934 = VECTOR('',#2935,1.);
#2935 = DIRECTION('',(0.,0.,1.));
#2936 = ORIENTED_EDGE('',*,*,#2937,.F.);
#2937 = EDGE_CURVE('',#1942,#2930,#2938,.T.);
#2938 = LINE('',#2939,#2940);
#2939 = CARTESIAN_POINT('',(10.,21.,295.));
#2940 = VECTOR('',#2941,1.);
#2941 = DIRECTION('',(-0.,1.,0.));
#2942 = PLANE('',#2943);
#2943 = AXIS2_PLACEMENT_3D('',#2944,#2945,#2946);
#2944 = CARTESIAN_POINT('',(10.,21.,15.));
#2945 = DIRECTION('',(1.,0.,-0.));
#2946 = DIRECTION('',(0.,0.,1.));
#2947 = ADVANCED_FACE('',(#2948),#2966,.F.);
#2948 = FACE_BOUND('',#2949,.F.);
#2949 = EDGE_LOOP('',(#2950,#2951,#2952,#2960));
#2950 = ORIENTED_EDGE('',*,*,#2921,.F.);
#2951 = ORIENTED_EDGE('',*,*,#1949,.T.);
#2952 = ORIENTED_EDGE('',*,*,#2953,.T.);
#2953 = EDGE_CURVE('',#1950,#2954,#2956,.T.);
#2954 = VERTEX_POINT('',#2955);
#2955 = CARTESIAN_POINT('',(12.,46.,15.));
#2956 = LINE('',#2957,#2958);
#2957 = CARTESIAN_POINT('',(12.,21.,15.));
#2958 = VECTOR('',#2959,1.);
#2959 = DIRECTION('',(-0.,1.,0.));
#2960 = ORIENTED_EDGE('',*,*,#2961,.F.);
#2961 = EDGE_CURVE('',#2922,#2954,#2962,.T.);
#2962 = LINE('',#2963,#2964);
#2963 = CARTESIAN_POINT('',(10.,46.,15.));
#2964 = VECTOR('',#2965,1.);
#2965 = DIRECTION('',(1.,0.,-0.));
#2966 = PLANE('',#2967);
#2967 = AXIS2_PLACEMENT_3D('',#2968,#2969,#2970);
#2968 = CARTESIAN_POINT('',(10.,21.,15.));
#2969 = DIRECTION('',(0.,0.,1.));
#2970 = DIRECTION('',(1.,0.,-0.));
#2971 = ADVANCED_FACE('',(#2972),#2990,.T.);
#2972 = FACE_BOUND('',#2973,.T.);
#2973 = EDGE_LOOP('',(#2974,#2975,#2976,#2984));
#2974 = ORIENTED_EDGE('',*,*,#2937,.F.);
#2975 = ORIENTED_EDGE('',*,*,#1965,.T.);
#2976 = ORIENTED_EDGE('',*,*,#2977,.T.);
#2977 = EDGE_CURVE('',#1958,#2978,#2980,.T.);
#2978 = VERTEX_POINT('',#2979);
#2979 = CARTESIAN_POINT('',(12.,46.,295.));
#2980 = LINE('',#2981,#2982);
#2981 = CARTESIAN_POINT('',(12.,21.,295.));
#2982 = VECTOR('',#2983,1.);
#2983 = DIRECTION('',(-0.,1.,0.));
#2984 = ORIENTED_EDGE('',*,*,#2985,.F.);
#2985 = EDGE_CURVE('',#2930,#2978,#2986,.T.);
#2986 = LINE('',#2987,#2988);
#2987 = CARTESIAN_POINT('',(10.,46.,295.));
#2988 = VECTOR('',#2989,1.);
#2989 = DIRECTION('',(1.,0.,-0.));
#2990 = PLANE('',#2991);
#2991 = AXIS2_PLACEMENT_3D('',#2992,#2993,#2994);
#2992 = CARTESIAN_POINT('',(10.,21.,295.));
#2993 = DIRECTION('',(0.,0.,1.));
#2994 = DIRECTION('',(1.,0.,-0.));
#2995 = ADVANCED_FACE('',(#2996),#3007,.T.);
#2996 = FACE_BOUND('',#2997,.T.);
#2997 = EDGE_LOOP('',(#2998,#2999,#3000,#3006));
#2998 = ORIENTED_EDGE('',*,*,#1957,.F.);
#2999 = ORIENTED_EDGE('',*,*,#2953,.T.);
#3000 = ORIENTED_EDGE('',*,*,#3001,.T.);
#3001 = EDGE_CURVE('',#2954,#2978,#3002,.T.);
#3002 = LINE('',#3003,#3004);
#3003 = CARTESIAN_POINT('',(12.,46.,15.));
#3004 = VECTOR('',#3005,1.);
#3005 = DIRECTION('',(0.,0.,1.));
#3006 = ORIENTED_EDGE('',*,*,#2977,.F.);
#3007 = PLANE('',#3008);
#3008 = AXIS2_PLACEMENT_3D('',#3009,#3010,#3011);
#3009 = CARTESIAN_POINT('',(12.,21.,15.));
#3010 = DIRECTION('',(1.,0.,-0.));
#3011 = DIRECTION('',(0.,0.,1.));
#3012 = ADVANCED_FACE('',(#3013),#3038,.F.);
#3013 = FACE_BOUND('',#3014,.F.);
#3014 = EDGE_LOOP('',(#3015,#3016,#3024,#3032));
#3015 = ORIENTED_EDGE('',*,*,#1973,.F.);
#3016 = ORIENTED_EDGE('',*,*,#3017,.T.);
#3017 = EDGE_CURVE('',#1974,#3018,#3020,.T.);
#3018 = VERTEX_POINT('',#3019);
#3019 = CARTESIAN_POINT('',(14.,46.,15.));
#3020 = LINE('',#3021,#3022);
#3021 = CARTESIAN_POINT('',(14.,21.,15.));
#3022 = VECTOR('',#3023,1.);
#3023 = DIRECTION('',(-0.,1.,0.));
#3024 = ORIENTED_EDGE('',*,*,#3025,.T.);
#3025 = EDGE_CURVE('',#3018,#3026,#3028,.T.);
#3026 = VERTEX_POINT('',#3027);
#3027 = CARTESIAN_POINT('',(14.,46.,295.));
#3028 = LINE('',#3029,#3030);
#3029 = CARTESIAN_POINT('',(14.,46.,15.));
#3030 = VECTOR('',#3031,1.);
#3031 = DIRECTION('',(0.,0.,1.));
#3032 = ORIENTED_EDGE('',*,*,#3033,.F.);
#3033 = EDGE_CURVE('',#1976,#3026,#3034,.T.);
#3034 = LINE('',#3035,#3036);
#3035 = CARTESIAN_POINT('',(14.,21.,295.));
#3036 = VECTOR('',#3037,1.);
#3037 = DIRECTION('',(-0.,1.,0.));
#3038 = PLANE('',#3039);
#3039 = AXIS2_PLACEMENT_3D('',#3040,#3041,#3042);
#3040 = CARTESIAN_POINT('',(14.,21.,15.));
#3041 = DIRECTION('',(1.,0.,-0.));
#3042 = DIRECTION('',(0.,0.,1.));
#3043 = ADVANCED_FACE('',(#3044),#3062,.F.);
#3044 = FACE_BOUND('',#3045,.F.);
#3045 = EDGE_LOOP('',(#3046,#3047,#3048,#3056));
#3046 = ORIENTED_EDGE('',*,*,#3017,.F.);
#3047 = ORIENTED_EDGE('',*,*,#1983,.T.);
#3048 = ORIENTED_EDGE('',*,*,#3049,.T.);
#3049 = EDGE_CURVE('',#1984,#3050,#3052,.T.);
#3050 = VERTEX_POINT('',#3051);
#3051 = CARTESIAN_POINT('',(16.,46.,15.));
#3052 = LINE('',#3053,#3054);
#3053 = CARTESIAN_POINT('',(16.,21.,15.));
#3054 = VECTOR('',#3055,1.);
#3055 = DIRECTION('',(-0.,1.,0.));
#3056 = ORIENTED_EDGE('',*,*,#3057,.F.);
#3057 = EDGE_CURVE('',#3018,#3050,#3058,.T.);
#3058 = LINE('',#3059,#3060);
#3059 = CARTESIAN_POINT('',(14.,46.,15.));
#3060 = VECTOR('',#3061,1.);
#3061 = DIRECTION('',(1.,0.,-0.));
#3062 = PLANE('',#3063);
#3063 = AXIS2_PLACEMENT_3D('',#3064,#3065,#3066);
#3064 = CARTESIAN_POINT('',(14.,21.,15.));
#3065 = DIRECTION('',(0.,0.,1.));
#3066 = DIRECTION('',(1.,0.,-0.));
#3067 = ADVANCED_FACE('',(#3068),#3086,.T.);
#3068 = FACE_BOUND('',#3069,.T.);
#3069 = EDGE_LOOP('',(#3070,#3071,#3072,#3080));
#3070 = ORIENTED_EDGE('',*,*,#3033,.F.);
#3071 = ORIENTED_EDGE('',*,*,#1999,.T.);
#3072 = ORIENTED_EDGE('',*,*,#3073,.T.);
#3073 = EDGE_CURVE('',#1992,#3074,#3076,.T.);
#3074 = VERTEX_POINT('',#3075);
#3075 = CARTESIAN_POINT('',(16.,46.,295.));
#3076 = LINE('',#3077,#3078);
#3077 = CARTESIAN_POINT('',(16.,21.,295.));
#3078 = VECTOR('',#3079,1.);
#3079 = DIRECTION('',(-0.,1.,0.));
#3080 = ORIENTED_EDGE('',*,*,#3081,.F.);
#3081 = EDGE_CURVE('',#3026,#3074,#3082,.T.);
#3082 = LINE('',#3083,#3084);
#3083 = CARTESIAN_POINT('',(14.,46.,295.));
#3084 = VECTOR('',#3085,1.);
#3085 = DIRECTION('',(1.,0.,-0.));
#3086 = PLANE('',#3087);
#3087 = AXIS2_PLACEMENT_3D('',#3088,#3089,#3090);
#3088 = CARTESIAN_POINT('',(14.,21.,295.));
#3089 = DIRECTION('',(0.,0.,1.));
#3090 = DIRECTION('',(1.,0.,-0.));
#3091 = ADVANCED_FACE('',(#3092),#3103,.T.);
#3092 = FACE_BOUND('',#3093,.T.);
#3093 = EDGE_LOOP('',(#3094,#3095,#3096,#3102));
#3094 = ORIENTED_EDGE('',*,*,#1991,.F.);
#3095 = ORIENTED_EDGE('',*,*,#3049,.T.);
#3096 = ORIENTED_EDGE('',*,*,#3097,.T.);
#3097 = EDGE_CURVE('',#3050,#3074,#3098,.T.);
#3098 = LINE('',#3099,#3100);
#3099 = CARTESIAN_POINT('',(16.,46.,15.));
#3100 = VECTOR('',#3101,1.);
#3101 = DIRECTION('',(0.,0.,1.));
#3102 = ORIENTED_EDGE('',*,*,#3073,.F.);
#3103 = PLANE('',#3104);
#3104 = AXIS2_PLACEMENT_3D('',#3105,#3106,#3107);
#3105 = CARTESIAN_POINT('',(16.,21.,15.));
#3106 = DIRECTION('',(1.,0.,-0.));
#3107 = DIRECTION('',(0.,0.,1.));
#3108 = ADVANCED_FACE('',(#3109),#3134,.F.);
#3109 = FACE_BOUND('',#3110,.F.);
#3110 = EDGE_LOOP('',(#3111,#3112,#3120,#3128));
#3111 = ORIENTED_EDGE('',*,*,#2007,.F.);
#3112 = ORIENTED_EDGE('',*,*,#3113,.T.);
#3113 = EDGE_CURVE('',#2008,#3114,#3116,.T.);
#3114 = VERTEX_POINT('',#3115);
#3115 = CARTESIAN_POINT('',(18.,46.,15.));
#3116 = LINE('',#3117,#3118);
#3117 = CARTESIAN_POINT('',(18.,21.,15.));
#3118 = VECTOR('',#3119,1.);
#3119 = DIRECTION('',(-0.,1.,0.));
#3120 = ORIENTED_EDGE('',*,*,#3121,.T.);
#3121 = EDGE_CURVE('',#3114,#3122,#3124,.T.);
#3122 = VERTEX_POINT('',#3123);
#3123 = CARTESIAN_POINT('',(18.,46.,295.));
#3124 = LINE('',#3125,#3126);
#3125 = CARTESIAN_POINT('',(18.,46.,15.));
#3126 = VECTOR('',#3127,1.);
#3127 = DIRECTION('',(0.,0.,1.));
#3128 = ORIENTED_EDGE('',*,*,#3129,.F.);
#3129 = EDGE_CURVE('',#2010,#3122,#3130,.T.);
#3130 = LINE('',#3131,#3132);
#3131 = CARTESIAN_POINT('',(18.,21.,295.));
#3132 = VECTOR('',#3133,1.);
#3133 = DIRECTION('',(-0.,1.,0.));
#3134 = PLANE('',#3135);
#3135 = AXIS2_PLACEMENT_3D('',#3136,#3137,#3138);
#3136 = CARTESIAN_POINT('',(18.,21.,15.));
#3137 = DIRECTION('',(1.,0.,-0.));
#3138 = DIRECTION('',(0.,0.,1.));
#3139 = ADVANCED_FACE('',(#3140),#3158,.F.);
#3140 = FACE_BOUND('',#3141,.F.);
#3141 = EDGE_LOOP('',(#3142,#3143,#3144,#3152));
#3142 = ORIENTED_EDGE('',*,*,#3113,.F.);
#3143 = ORIENTED_EDGE('',*,*,#2017,.T.);
#3144 = ORIENTED_EDGE('',*,*,#3145,.T.);
#3145 = EDGE_CURVE('',#2018,#3146,#3148,.T.);
#3146 = VERTEX_POINT('',#3147);
#3147 = CARTESIAN_POINT('',(20.,46.,15.));
#3148 = LINE('',#3149,#3150);
#3149 = CARTESIAN_POINT('',(20.,21.,15.));
#3150 = VECTOR('',#3151,1.);
#3151 = DIRECTION('',(-0.,1.,0.));
#3152 = ORIENTED_EDGE('',*,*,#3153,.F.);
#3153 = EDGE_CURVE('',#3114,#3146,#3154,.T.);
#3154 = LINE('',#3155,#3156);
#3155 = CARTESIAN_POINT('',(18.,46.,15.));
#3156 = VECTOR('',#3157,1.);
#3157 = DIRECTION('',(1.,0.,-0.));
#3158 = PLANE('',#3159);
#3159 = AXIS2_PLACEMENT_3D('',#3160,#3161,#3162);
#3160 = CARTESIAN_POINT('',(18.,21.,15.));
#3161 = DIRECTION('',(0.,0.,1.));
#3162 = DIRECTION('',(1.,0.,-0.));
#3163 = ADVANCED_FACE('',(#3164),#3182,.T.);
#3164 = FACE_BOUND('',#3165,.T.);
#3165 = EDGE_LOOP('',(#3166,#3167,#3168,#3176));
#3166 = ORIENTED_EDGE('',*,*,#3129,.F.);
#3167 = ORIENTED_EDGE('',*,*,#2033,.T.);
#3168 = ORIENTED_EDGE('',*,*,#3169,.T.);
#3169 = EDGE_CURVE('',#2026,#3170,#3172,.T.);
#3170 = VERTEX_POINT('',#3171);
#3171 = CARTESIAN_POINT('',(20.,46.,295.));
#3172 = LINE('',#3173,#3174);
#3173 = CARTESIAN_POINT('',(20.,21.,295.));
#3174 = VECTOR('',#3175,1.);
#3175 = DIRECTION('',(-0.,1.,0.));
#3176 = ORIENTED_EDGE('',*,*,#3177,.F.);
#3177 = EDGE_CURVE('',#3122,#3170,#3178,.T.);
#3178 = LINE('',#3179,#3180);
#3179 = CARTESIAN_POINT('',(18.,46.,295.));
#3180 = VECTOR('',#3181,1.);
#3181 = DIRECTION('',(1.,0.,-0.));
#3182 = PLANE('',#3183);
#3183 = AXIS2_PLACEMENT_3D('',#3184,#3185,#3186);
#3184 = CARTESIAN_POINT('',(18.,21.,295.));
#3185 = DIRECTION('',(0.,0.,1.));
#3186 = DIRECTION('',(1.,0.,-0.));
#3187 = ADVANCED_FACE('',(#3188),#3199,.T.);
#3188 = FACE_BOUND('',#3189,.T.);
#3189 = EDGE_LOOP('',(#3190,#3191,#3192,#3198));
#3190 = ORIENTED_EDGE('',*,*,#2025,.F.);
#3191 = ORIENTED_EDGE('',*,*,#3145,.T.);
#3192 = ORIENTED_EDGE('',*,*,#3193,.T.);
#3193 = EDGE_CURVE('',#3146,#3170,#3194,.T.);
#3194 = LINE('',#3195,#3196);
#3195 = CARTESIAN_POINT('',(20.,46.,15.));
#3196 = VECTOR('',#3197,1.);
#3197 = DIRECTION('',(0.,0.,1.));
#3198 = ORIENTED_EDGE('',*,*,#3169,.F.);
#3199 = PLANE('',#3200);
#3200 = AXIS2_PLACEMENT_3D('',#3201,#3202,#3203);
#3201 = CARTESIAN_POINT('',(20.,21.,15.));
#3202 = DIRECTION('',(1.,0.,-0.));
#3203 = DIRECTION('',(0.,0.,1.));
#3204 = ADVANCED_FACE('',(#3205),#3230,.F.);
#3205 = FACE_BOUND('',#3206,.F.);
#3206 = EDGE_LOOP('',(#3207,#3208,#3216,#3224));
#3207 = ORIENTED_EDGE('',*,*,#2041,.F.);
#3208 = ORIENTED_EDGE('',*,*,#3209,.T.);
#3209 = EDGE_CURVE('',#2042,#3210,#3212,.T.);
#3210 = VERTEX_POINT('',#3211);
#3211 = CARTESIAN_POINT('',(22.,46.,15.));
#3212 = LINE('',#3213,#3214);
#3213 = CARTESIAN_POINT('',(22.,21.,15.));
#3214 = VECTOR('',#3215,1.);
#3215 = DIRECTION('',(-0.,1.,0.));
#3216 = ORIENTED_EDGE('',*,*,#3217,.T.);
#3217 = EDGE_CURVE('',#3210,#3218,#3220,.T.);
#3218 = VERTEX_POINT('',#3219);
#3219 = CARTESIAN_POINT('',(22.,46.,295.));
#3220 = LINE('',#3221,#3222);
#3221 = CARTESIAN_POINT('',(22.,46.,15.));
#3222 = VECTOR('',#3223,1.);
#3223 = DIRECTION('',(0.,0.,1.));
#3224 = ORIENTED_EDGE('',*,*,#3225,.F.);
#3225 = EDGE_CURVE('',#2044,#3218,#3226,.T.);
#3226 = LINE('',#3227,#3228);
#3227 = CARTESIAN_POINT('',(22.,21.,295.));
#3228 = VECTOR('',#3229,1.);
#3229 = DIRECTION('',(-0.,1.,0.));
#3230 = PLANE('',#3231);
#3231 = AXIS2_PLACEMENT_3D('',#3232,#3233,#3234);
#3232 = CARTESIAN_POINT('',(22.,21.,15.));
#3233 = DIRECTION('',(1.,0.,-0.));
#3234 = DIRECTION('',(0.,0.,1.));
#3235 = ADVANCED_FACE('',(#3236),#3254,.F.);
#3236 = FACE_BOUND('',#3237,.F.);
#3237 = EDGE_LOOP('',(#3238,#3239,#3240,#3248));
#3238 = ORIENTED_EDGE('',*,*,#3209,.F.);
#3239 = ORIENTED_EDGE('',*,*,#2051,.T.);
#3240 = ORIENTED_EDGE('',*,*,#3241,.T.);
#3241 = EDGE_CURVE('',#2052,#3242,#3244,.T.);
#3242 = VERTEX_POINT('',#3243);
#3243 = CARTESIAN_POINT('',(24.,46.,15.));
#3244 = LINE('',#3245,#3246);
#3245 = CARTESIAN_POINT('',(24.,21.,15.));
#3246 = VECTOR('',#3247,1.);
#3247 = DIRECTION('',(-0.,1.,0.));
#3248 = ORIENTED_EDGE('',*,*,#3249,.F.);
#3249 = EDGE_CURVE('',#3210,#3242,#3250,.T.);
#3250 = LINE('',#3251,#3252);
#3251 = CARTESIAN_POINT('',(22.,46.,15.));
#3252 = VECTOR('',#3253,1.);
#3253 = DIRECTION('',(1.,0.,-0.));
#3254 = PLANE('',#3255);
#3255 = AXIS2_PLACEMENT_3D('',#3256,#3257,#3258);
#3256 = CARTESIAN_POINT('',(22.,21.,15.));
#3257 = DIRECTION('',(0.,0.,1.));
#3258 = DIRECTION('',(1.,0.,-0.));
#3259 = ADVANCED_FACE('',(#3260),#3278,.T.);
#3260 = FACE_BOUND('',#3261,.T.);
#3261 = EDGE_LOOP('',(#3262,#3263,#3264,#3272));
#3262 = ORIENTED_EDGE('',*,*,#3225,.F.);
#3263 = ORIENTED_EDGE('',*,*,#2067,.T.);
#3264 = ORIENTED_EDGE('',*,*,#3265,.T.);
#3265 = EDGE_CURVE('',#2060,#3266,#3268,.T.);
#3266 = VERTEX_POINT('',#3267);
#3267 = CARTESIAN_POINT('',(24.,46.,295.));
#3268 = LINE('',#3269,#3270);
#3269 = CARTESIAN_POINT('',(24.,21.,295.));
#3270 = VECTOR('',#3271,1.);
#3271 = DIRECTION('',(-0.,1.,0.));
#3272 = ORIENTED_EDGE('',*,*,#3273,.F.);
#3273 = EDGE_CURVE('',#3218,#3266,#3274,.T.);
#3274 = LINE('',#3275,#3276);
#3275 = CARTESIAN_POINT('',(22.,46.,295.));
#3276 = VECTOR('',#3277,1.);
#3277 = DIRECTION('',(1.,0.,-0.));
#3278 = PLANE('',#3279);
#3279 = AXIS2_PLACEMENT_3D('',#3280,#3281,#3282);
#3280 = CARTESIAN_POINT('',(22.,21.,295.));
#3281 = DIRECTION('',(0.,0.,1.));
#3282 = DIRECTION('',(1.,0.,-0.));
#3283 = ADVANCED_FACE('',(#3284),#3295,.T.);
#3284 = FACE_BOUND('',#3285,.T.);
#3285 = EDGE_LOOP('',(#3286,#3287,#3288,#3294));
#3286 = ORIENTED_EDGE('',*,*,#2059,.F.);
#3287 = ORIENTED_EDGE('',*,*,#3241,.T.);
#3288 = ORIENTED_EDGE('',*,*,#3289,.T.);
#3289 = EDGE_CURVE('',#3242,#3266,#3290,.T.);
#3290 = LINE('',#3291,#3292);
#3291 = CARTESIAN_POINT('',(24.,46.,15.));
#3292 = VECTOR('',#3293,1.);
#3293 = DIRECTION('',(0.,0.,1.));
#3294 = ORIENTED_EDGE('',*,*,#3265,.F.);
#3295 = PLANE('',#3296);
#3296 = AXIS2_PLACEMENT_3D('',#3297,#3298,#3299);
#3297 = CARTESIAN_POINT('',(24.,21.,15.));
#3298 = DIRECTION('',(1.,0.,-0.));
#3299 = DIRECTION('',(0.,0.,1.));
#3300 = ADVANCED_FACE('',(#3301),#3326,.F.);
#3301 = FACE_BOUND('',#3302,.F.);
#3302 = EDGE_LOOP('',(#3303,#3304,#3312,#3320));
#3303 = ORIENTED_EDGE('',*,*,#2075,.F.);
#3304 = ORIENTED_EDGE('',*,*,#3305,.T.);
#3305 = EDGE_CURVE('',#2076,#3306,#3308,.T.);
#3306 = VERTEX_POINT('',#3307);
#3307 = CARTESIAN_POINT('',(26.,46.,15.));
#3308 = LINE('',#3309,#3310);
#3309 = CARTESIAN_POINT('',(26.,21.,15.));
#3310 = VECTOR('',#3311,1.);
#3311 = DIRECTION('',(-0.,1.,0.));
#3312 = ORIENTED_EDGE('',*,*,#3313,.T.);
#3313 = EDGE_CURVE('',#3306,#3314,#3316,.T.);
#3314 = VERTEX_POINT('',#3315);
#3315 = CARTESIAN_POINT('',(26.,46.,295.));
#3316 = LINE('',#3317,#3318);
#3317 = CARTESIAN_POINT('',(26.,46.,15.));
#3318 = VECTOR('',#3319,1.);
#3319 = DIRECTION('',(0.,0.,1.));
#3320 = ORIENTED_EDGE('',*,*,#3321,.F.);
#3321 = EDGE_CURVE('',#2078,#3314,#3322,.T.);
#3322 = LINE('',#3323,#3324);
#3323 = CARTESIAN_POINT('',(26.,21.,295.));
#3324 = VECTOR('',#3325,1.);
#3325 = DIRECTION('',(-0.,1.,0.));
#3326 = PLANE('',#3327);
#3327 = AXIS2_PLACEMENT_3D('',#3328,#3329,#3330);
#3328 = CARTESIAN_POINT('',(26.,21.,15.));
#3329 = DIRECTION('',(1.,0.,-0.));
#3330 = DIRECTION('',(0.,0.,1.));
#3331 = ADVANCED_FACE('',(#3332),#3350,.F.);
#3332 = FACE_BOUND('',#3333,.F.);
#3333 = EDGE_LOOP('',(#3334,#3335,#3336,#3344));
#3334 = ORIENTED_EDGE('',*,*,#3305,.F.);
#3335 = ORIENTED_EDGE('',*,*,#2085,.T.);
#3336 = ORIENTED_EDGE('',*,*,#3337,.T.);
#3337 = EDGE_CURVE('',#2086,#3338,#3340,.T.);
#3338 = VERTEX_POINT('',#3339);
#3339 = CARTESIAN_POINT('',(28.,46.,15.));
#3340 = LINE('',#3341,#3342);
#3341 = CARTESIAN_POINT('',(28.,21.,15.));
#3342 = VECTOR('',#3343,1.);
#3343 = DIRECTION('',(-0.,1.,0.));
#3344 = ORIENTED_EDGE('',*,*,#3345,.F.);
#3345 = EDGE_CURVE('',#3306,#3338,#3346,.T.);
#3346 = LINE('',#3347,#3348);
#3347 = CARTESIAN_POINT('',(26.,46.,15.));
#3348 = VECTOR('',#3349,1.);
#3349 = DIRECTION('',(1.,0.,-0.));
#3350 = PLANE('',#3351);
#3351 = AXIS2_PLACEMENT_3D('',#3352,#3353,#3354);
#3352 = CARTESIAN_POINT('',(26.,21.,15.));
#3353 = DIRECTION('',(0.,0.,1.));
#3354 = DIRECTION('',(1.,0.,-0.));
#3355 = ADVANCED_FACE('',(#3356),#3374,.T.);
#3356 = FACE_BOUND('',#3357,.T.);
#3357 = EDGE_LOOP('',(#3358,#3359,#3360,#3368));
#3358 = ORIENTED_EDGE('',*,*,#3321,.F.);
#3359 = ORIENTED_EDGE('',*,*,#2101,.T.);
#3360 = ORIENTED_EDGE('',*,*,#3361,.T.);
#3361 = EDGE_CURVE('',#2094,#3362,#3364,.T.);
#3362 = VERTEX_POINT('',#3363);
#3363 = CARTESIAN_POINT('',(28.,46.,295.));
#3364 = LINE('',#3365,#3366);
#3365 = CARTESIAN_POINT('',(28.,21.,295.));
#3366 = VECTOR('',#3367,1.);
#3367 = DIRECTION('',(-0.,1.,0.));
#3368 = ORIENTED_EDGE('',*,*,#3369,.F.);
#3369 = EDGE_CURVE('',#3314,#3362,#3370,.T.);
#3370 = LINE('',#3371,#3372);
#3371 = CARTESIAN_POINT('',(26.,46.,295.));
#3372 = VECTOR('',#3373,1.);
#3373 = DIRECTION('',(1.,0.,-0.));
#3374 = PLANE('',#3375);
#3375 = AXIS2_PLACEMENT_3D('',#3376,#3377,#3378);
#3376 = CARTESIAN_POINT('',(26.,21.,295.));
#3377 = DIRECTION('',(0.,0.,1.));
#3378 = DIRECTION('',(1.,0.,-0.));
#3379 = ADVANCED_FACE('',(#3380),#3391,.T.);
#3380 = FACE_BOUND('',#3381,.T.);
#3381 = EDGE_LOOP('',(#3382,#3383,#3384,#3390));
#3382 = ORIENTED_EDGE('',*,*,#2093,.F.);
#3383 = ORIENTED_EDGE('',*,*,#3337,.T.);
#3384 = ORIENTED_EDGE('',*,*,#3385,.T.);
#3385 = EDGE_CURVE('',#3338,#3362,#3386,.T.);
#3386 = LINE('',#3387,#3388);
#3387 = CARTESIAN_POINT('',(28.,46.,15.));
#3388 = VECTOR('',#3389,1.);
#3389 = DIRECTION('',(0.,0.,1.));
#3390 = ORIENTED_EDGE('',*,*,#3361,.F.);
#3391 = PLANE('',#3392);
#3392 = AXIS2_PLACEMENT_3D('',#3393,#3394,#3395);
#3393 = CARTESIAN_POINT('',(28.,21.,15.));
#3394 = DIRECTION('',(1.,0.,-0.));
#3395 = DIRECTION('',(0.,0.,1.));
#3396 = ADVANCED_FACE('',(#3397),#3422,.F.);
#3397 = FACE_BOUND('',#3398,.F.);
#3398 = EDGE_LOOP('',(#3399,#3400,#3408,#3416));
#3399 = ORIENTED_EDGE('',*,*,#2109,.F.);
#3400 = ORIENTED_EDGE('',*,*,#3401,.T.);
#3401 = EDGE_CURVE('',#2110,#3402,#3404,.T.);
#3402 = VERTEX_POINT('',#3403);
#3403 = CARTESIAN_POINT('',(30.,46.,15.));
#3404 = LINE('',#3405,#3406);
#3405 = CARTESIAN_POINT('',(30.,21.,15.));
#3406 = VECTOR('',#3407,1.);
#3407 = DIRECTION('',(-0.,1.,0.));
#3408 = ORIENTED_EDGE('',*,*,#3409,.T.);
#3409 = EDGE_CURVE('',#3402,#3410,#3412,.T.);
#3410 = VERTEX_POINT('',#3411);
#3411 = CARTESIAN_POINT('',(30.,46.,295.));
#3412 = LINE('',#3413,#3414);
#3413 = CARTESIAN_POINT('',(30.,46.,15.));
#3414 = VECTOR('',#3415,1.);
#3415 = DIRECTION('',(0.,0.,1.));
#3416 = ORIENTED_EDGE('',*,*,#3417,.F.);
#3417 = EDGE_CURVE('',#2112,#3410,#3418,.T.);
#3418 = LINE('',#3419,#3420);
#3419 = CARTESIAN_POINT('',(30.,21.,295.));
#3420 = VECTOR('',#3421,1.);
#3421 = DIRECTION('',(-0.,1.,0.));
#3422 = PLANE('',#3423);
#3423 = AXIS2_PLACEMENT_3D('',#3424,#3425,#3426);
#3424 = CARTESIAN_POINT('',(30.,21.,15.));
#3425 = DIRECTION('',(1.,0.,-0.));
#3426 = DIRECTION('',(0.,0.,1.));
#3427 = ADVANCED_FACE('',(#3428),#3446,.F.);
#3428 = FACE_BOUND('',#3429,.F.);
#3429 = EDGE_LOOP('',(#3430,#3431,#3432,#3440));
#3430 = ORIENTED_EDGE('',*,*,#3401,.F.);
#3431 = ORIENTED_EDGE('',*,*,#2119,.T.);
#3432 = ORIENTED_EDGE('',*,*,#3433,.T.);
#3433 = EDGE_CURVE('',#2120,#3434,#3436,.T.);
#3434 = VERTEX_POINT('',#3435);
#3435 = CARTESIAN_POINT('',(32.,46.,15.));
#3436 = LINE('',#3437,#3438);
#3437 = CARTESIAN_POINT('',(32.,21.,15.));
#3438 = VECTOR('',#3439,1.);
#3439 = DIRECTION('',(-0.,1.,0.));
#3440 = ORIENTED_EDGE('',*,*,#3441,.F.);
#3441 = EDGE_CURVE('',#3402,#3434,#3442,.T.);
#3442 = LINE('',#3443,#3444);
#3443 = CARTESIAN_POINT('',(30.,46.,15.));
#3444 = VECTOR('',#3445,1.);
#3445 = DIRECTION('',(1.,0.,-0.));
#3446 = PLANE('',#3447);
#3447 = AXIS2_PLACEMENT_3D('',#3448,#3449,#3450);
#3448 = CARTESIAN_POINT('',(30.,21.,15.));
#3449 = DIRECTION('',(0.,0.,1.));
#3450 = DIRECTION('',(1.,0.,-0.));
#3451 = ADVANCED_FACE('',(#3452),#3470,.T.);
#3452 = FACE_BOUND('',#3453,.T.);
#3453 = EDGE_LOOP('',(#3454,#3455,#3456,#3464));
#3454 = ORIENTED_EDGE('',*,*,#3417,.F.);
#3455 = ORIENTED_EDGE('',*,*,#2135,.T.);
#3456 = ORIENTED_EDGE('',*,*,#3457,.T.);
#3457 = EDGE_CURVE('',#2128,#3458,#3460,.T.);
#3458 = VERTEX_POINT('',#3459);
#3459 = CARTESIAN_POINT('',(32.,46.,295.));
#3460 = LINE('',#3461,#3462);
#3461 = CARTESIAN_POINT('',(32.,21.,295.));
#3462 = VECTOR('',#3463,1.);
#3463 = DIRECTION('',(-0.,1.,0.));
#3464 = ORIENTED_EDGE('',*,*,#3465,.F.);
#3465 = EDGE_CURVE('',#3410,#3458,#3466,.T.);
#3466 = LINE('',#3467,#3468);
#3467 = CARTESIAN_POINT('',(30.,46.,295.));
#3468 = VECTOR('',#3469,1.);
#3469 = DIRECTION('',(1.,0.,-0.));
#3470 = PLANE('',#3471);
#3471 = AXIS2_PLACEMENT_3D('',#3472,#3473,#3474);
#3472 = CARTESIAN_POINT('',(30.,21.,295.));
#3473 = DIRECTION('',(0.,0.,1.));
#3474 = DIRECTION('',(1.,0.,-0.));
#3475 = ADVANCED_FACE('',(#3476),#3487,.T.);
#3476 = FACE_BOUND('',#3477,.T.);
#3477 = EDGE_LOOP('',(#3478,#3479,#3480,#3486));
#3478 = ORIENTED_EDGE('',*,*,#2127,.F.);
#3479 = ORIENTED_EDGE('',*,*,#3433,.T.);
#3480 = ORIENTED_EDGE('',*,*,#3481,.T.);
#3481 = EDGE_CURVE('',#3434,#3458,#3482,.T.);
#3482 = LINE('',#3483,#3484);
#3483 = CARTESIAN_POINT('',(32.,46.,15.));
#3484 = VECTOR('',#3485,1.);
#3485 = DIRECTION('',(0.,0.,1.));
#3486 = ORIENTED_EDGE('',*,*,#3457,.F.);
#3487 = PLANE('',#3488);
#3488 = AXIS2_PLACEMENT_3D('',#3489,#3490,#3491);
#3489 = CARTESIAN_POINT('',(32.,21.,15.));
#3490 = DIRECTION('',(1.,0.,-0.));
#3491 = DIRECTION('',(0.,0.,1.));
#3492 = ADVANCED_FACE('',(#3493),#3518,.F.);
#3493 = FACE_BOUND('',#3494,.F.);
#3494 = EDGE_LOOP('',(#3495,#3496,#3504,#3512));
#3495 = ORIENTED_EDGE('',*,*,#2143,.F.);
#3496 = ORIENTED_EDGE('',*,*,#3497,.T.);
#3497 = EDGE_CURVE('',#2144,#3498,#3500,.T.);
#3498 = VERTEX_POINT('',#3499);
#3499 = CARTESIAN_POINT('',(34.,46.,15.));
#3500 = LINE('',#3501,#3502);
#3501 = CARTESIAN_POINT('',(34.,21.,15.));
#3502 = VECTOR('',#3503,1.);
#3503 = DIRECTION('',(-0.,1.,0.));
#3504 = ORIENTED_EDGE('',*,*,#3505,.T.);
#3505 = EDGE_CURVE('',#3498,#3506,#3508,.T.);
#3506 = VERTEX_POINT('',#3507);
#3507 = CARTESIAN_POINT('',(34.,46.,295.));
#3508 = LINE('',#3509,#3510);
#3509 = CARTESIAN_POINT('',(34.,46.,15.));
#3510 = VECTOR('',#3511,1.);
#3511 = DIRECTION('',(0.,0.,1.));
#3512 = ORIENTED_EDGE('',*,*,#3513,.F.);
#3513 = EDGE_CURVE('',#2146,#3506,#3514,.T.);
#3514 = LINE('',#3515,#3516);
#3515 = CARTESIAN_POINT('',(34.,21.,295.));
#3516 = VECTOR('',#3517,1.);
#3517 = DIRECTION('',(-0.,1.,0.));
#3518 = PLANE('',#3519);
#3519 = AXIS2_PLACEMENT_3D('',#3520,#3521,#3522);
#3520 = CARTESIAN_POINT('',(34.,21.,15.));
#3521 = DIRECTION('',(1.,0.,-0.));
#3522 = DIRECTION('',(0.,0.,1.));
#3523 = ADVANCED_FACE('',(#3524),#3542,.F.);
#3524 = FACE_BOUND('',#3525,.F.);
#3525 = EDGE_LOOP('',(#3526,#3527,#3528,#3536));
#3526 = ORIENTED_EDGE('',*,*,#3497,.F.);
#3527 = ORIENTED_EDGE('',*,*,#2153,.T.);
#3528 = ORIENTED_EDGE('',*,*,#3529,.T.);
#3529 = EDGE_CURVE('',#2154,#3530,#3532,.T.);
#3530 = VERTEX_POINT('',#3531);
#3531 = CARTESIAN_POINT('',(36.,46.,15.));
#3532 = LINE('',#3533,#3534);
#3533 = CARTESIAN_POINT('',(36.,21.,15.));
#3534 = VECTOR('',#3535,1.);
#3535 = DIRECTION('',(-0.,1.,0.));
#3536 = ORIENTED_EDGE('',*,*,#3537,.F.);
#3537 = EDGE_CURVE('',#3498,#3530,#3538,.T.);
#3538 = LINE('',#3539,#3540);
#3539 = CARTESIAN_POINT('',(34.,46.,15.));
#3540 = VECTOR('',#3541,1.);
#3541 = DIRECTION('',(1.,0.,-0.));
#3542 = PLANE('',#3543);
#3543 = AXIS2_PLACEMENT_3D('',#3544,#3545,#3546);
#3544 = CARTESIAN_POINT('',(34.,21.,15.));
#3545 = DIRECTION('',(0.,0.,1.));
#3546 = DIRECTION('',(1.,0.,-0.));
#3547 = ADVANCED_FACE('',(#3548),#3566,.T.);
#3548 = FACE_BOUND('',#3549,.T.);
#3549 = EDGE_LOOP('',(#3550,#3551,#3552,#3560));
#3550 = ORIENTED_EDGE('',*,*,#3513,.F.);
#3551 = ORIENTED_EDGE('',*,*,#2169,.T.);
#3552 = ORIENTED_EDGE('',*,*,#3553,.T.);
#3553 = EDGE_CURVE('',#2162,#3554,#3556,.T.);
#3554 = VERTEX_POINT('',#3555);
#3555 = CARTESIAN_POINT('',(36.,46.,295.));
#3556 = LINE('',#3557,#3558);
#3557 = CARTESIAN_POINT('',(36.,21.,295.));
#3558 = VECTOR('',#3559,1.);
#3559 = DIRECTION('',(-0.,1.,0.));
#3560 = ORIENTED_EDGE('',*,*,#3561,.F.);
#3561 = EDGE_CURVE('',#3506,#3554,#3562,.T.);
#3562 = LINE('',#3563,#3564);
#3563 = CARTESIAN_POINT('',(34.,46.,295.));
#3564 = VECTOR('',#3565,1.);
#3565 = DIRECTION('',(1.,0.,-0.));
#3566 = PLANE('',#3567);
#3567 = AXIS2_PLACEMENT_3D('',#3568,#3569,#3570);
#3568 = CARTESIAN_POINT('',(34.,21.,295.));
#3569 = DIRECTION('',(0.,0.,1.));
#3570 = DIRECTION('',(1.,0.,-0.));
#3571 = ADVANCED_FACE('',(#3572),#3583,.T.);
#3572 = FACE_BOUND('',#3573,.T.);
#3573 = EDGE_LOOP('',(#3574,#3575,#3576,#3582));
#3574 = ORIENTED_EDGE('',*,*,#2161,.F.);
#3575 = ORIENTED_EDGE('',*,*,#3529,.T.);
#3576 = ORIENTED_EDGE('',*,*,#3577,.T.);
#3577 = EDGE_CURVE('',#3530,#3554,#3578,.T.);
#3578 = LINE('',#3579,#3580);
#3579 = CARTESIAN_POINT('',(36.,46.,15.));
#3580 = VECTOR('',#3581,1.);
#3581 = DIRECTION('',(0.,0.,1.));
#3582 = ORIENTED_EDGE('',*,*,#3553,.F.);
#3583 = PLANE('',#3584);
#3584 = AXIS2_PLACEMENT_3D('',#3585,#3586,#3587);
#3585 = CARTESIAN_POINT('',(36.,21.,15.));
#3586 = DIRECTION('',(1.,0.,-0.));
#3587 = DIRECTION('',(0.,0.,1.));
#3588 = ADVANCED_FACE('',(#3589),#3614,.F.);
#3589 = FACE_BOUND('',#3590,.F.);
#3590 = EDGE_LOOP('',(#3591,#3592,#3600,#3608));
#3591 = ORIENTED_EDGE('',*,*,#2177,.F.);
#3592 = ORIENTED_EDGE('',*,*,#3593,.T.);
#3593 = EDGE_CURVE('',#2178,#3594,#3596,.T.);
#3594 = VERTEX_POINT('',#3595);
#3595 = CARTESIAN_POINT('',(38.,46.,15.));
#3596 = LINE('',#3597,#3598);
#3597 = CARTESIAN_POINT('',(38.,21.,15.));
#3598 = VECTOR('',#3599,1.);
#3599 = DIRECTION('',(-0.,1.,0.));
#3600 = ORIENTED_EDGE('',*,*,#3601,.T.);
#3601 = EDGE_CURVE('',#3594,#3602,#3604,.T.);
#3602 = VERTEX_POINT('',#3603);
#3603 = CARTESIAN_POINT('',(38.,46.,295.));
#3604 = LINE('',#3605,#3606);
#3605 = CARTESIAN_POINT('',(38.,46.,15.));
#3606 = VECTOR('',#3607,1.);
#3607 = DIRECTION('',(0.,0.,1.));
#3608 = ORIENTED_EDGE('',*,*,#3609,.F.);
#3609 = EDGE_CURVE('',#2180,#3602,#3610,.T.);
#3610 = LINE('',#3611,#3612);
#3611 = CARTESIAN_POINT('',(38.,21.,295.));
#3612 = VECTOR('',#3613,1.);
#3613 = DIRECTION('',(-0.,1.,0.));
#3614 = PLANE('',#3615);
#3615 = AXIS2_PLACEMENT_3D('',#3616,#3617,#3618);
#3616 = CARTESIAN_POINT('',(38.,21.,15.));
#3617 = DIRECTION('',(1.,0.,-0.));
#3618 = DIRECTION('',(0.,0.,1.));
#3619 = ADVANCED_FACE('',(#3620),#3638,.F.);
#3620 = FACE_BOUND('',#3621,.F.);
#3621 = EDGE_LOOP('',(#3622,#3623,#3624,#3632));
#3622 = ORIENTED_EDGE('',*,*,#3593,.F.);
#3623 = ORIENTED_EDGE('',*,*,#2187,.T.);
#3624 = ORIENTED_EDGE('',*,*,#3625,.T.);
#3625 = EDGE_CURVE('',#2188,#3626,#3628,.T.);
#3626 = VERTEX_POINT('',#3627);
#3627 = CARTESIAN_POINT('',(40.,46.,15.));
#3628 = LINE('',#3629,#3630);
#3629 = CARTESIAN_POINT('',(40.,21.,15.));
#3630 = VECTOR('',#3631,1.);
#3631 = DIRECTION('',(-0.,1.,0.));
#3632 = ORIENTED_EDGE('',*,*,#3633,.F.);
#3633 = EDGE_CURVE('',#3594,#3626,#3634,.T.);
#3634 = LINE('',#3635,#3636);
#3635 = CARTESIAN_POINT('',(38.,46.,15.));
#3636 = VECTOR('',#3637,1.);
#3637 = DIRECTION('',(1.,0.,-0.));
#3638 = PLANE('',#3639);
#3639 = AXIS2_PLACEMENT_3D('',#3640,#3641,#3642);
#3640 = CARTESIAN_POINT('',(38.,21.,15.));
#3641 = DIRECTION('',(0.,0.,1.));
#3642 = DIRECTION('',(1.,0.,-0.));
#3643 = ADVANCED_FACE('',(#3644),#3662,.T.);
#3644 = FACE_BOUND('',#3645,.T.);
#3645 = EDGE_LOOP('',(#3646,#3647,#3648,#3656));
#3646 = ORIENTED_EDGE('',*,*,#3609,.F.);
#3647 = ORIENTED_EDGE('',*,*,#2203,.T.);
#3648 = ORIENTED_EDGE('',*,*,#3649,.T.);
#3649 = EDGE_CURVE('',#2196,#3650,#3652,.T.);
#3650 = VERTEX_POINT('',#3651);
#3651 = CARTESIAN_POINT('',(40.,46.,295.));
#3652 = LINE('',#3653,#3654);
#3653 = CARTESIAN_POINT('',(40.,21.,295.));
#3654 = VECTOR('',#3655,1.);
#3655 = DIRECTION('',(-0.,1.,0.));
#3656 = ORIENTED_EDGE('',*,*,#3657,.F.);
#3657 = EDGE_CURVE('',#3602,#3650,#3658,.T.);
#3658 = LINE('',#3659,#3660);
#3659 = CARTESIAN_POINT('',(38.,46.,295.));
#3660 = VECTOR('',#3661,1.);
#3661 = DIRECTION('',(1.,0.,-0.));
#3662 = PLANE('',#3663);
#3663 = AXIS2_PLACEMENT_3D('',#3664,#3665,#3666);
#3664 = CARTESIAN_POINT('',(38.,21.,295.));
#3665 = DIRECTION('',(0.,0.,1.));
#3666 = DIRECTION('',(1.,0.,-0.));
#3667 = ADVANCED_FACE('',(#3668),#3679,.T.);
#3668 = FACE_BOUND('',#3669,.T.);
#3669 = EDGE_LOOP('',(#3670,#3671,#3672,#3678));
#3670 = ORIENTED_EDGE('',*,*,#2195,.F.);
#3671 = ORIENTED_EDGE('',*,*,#3625,.T.);
#3672 = ORIENTED_EDGE('',*,*,#3673,.T.);
#3673 = EDGE_CURVE('',#3626,#3650,#3674,.T.);
#3674 = LINE('',#3675,#3676);
#3675 = CARTESIAN_POINT('',(40.,46.,15.));
#3676 = VECTOR('',#3677,1.);
#3677 = DIRECTION('',(0.,0.,1.));
#3678 = ORIENTED_EDGE('',*,*,#3649,.F.);
#3679 = PLANE('',#3680);
#3680 = AXIS2_PLACEMENT_3D('',#3681,#3682,#3683);
#3681 = CARTESIAN_POINT('',(40.,21.,15.));
#3682 = DIRECTION('',(1.,0.,-0.));
#3683 = DIRECTION('',(0.,0.,1.));
#3684 = ADVANCED_FACE('',(#3685),#3710,.F.);
#3685 = FACE_BOUND('',#3686,.F.);
#3686 = EDGE_LOOP('',(#3687,#3688,#3696,#3704));
#3687 = ORIENTED_EDGE('',*,*,#2211,.F.);
#3688 = ORIENTED_EDGE('',*,*,#3689,.T.);
#3689 = EDGE_CURVE('',#2212,#3690,#3692,.T.);
#3690 = VERTEX_POINT('',#3691);
#3691 = CARTESIAN_POINT('',(42.,46.,15.));
#3692 = LINE('',#3693,#3694);
#3693 = CARTESIAN_POINT('',(42.,21.,15.));
#3694 = VECTOR('',#3695,1.);
#3695 = DIRECTION('',(-0.,1.,0.));
#3696 = ORIENTED_EDGE('',*,*,#3697,.T.);
#3697 = EDGE_CURVE('',#3690,#3698,#3700,.T.);
#3698 = VERTEX_POINT('',#3699);
#3699 = CARTESIAN_POINT('',(42.,46.,295.));
#3700 = LINE('',#3701,#3702);
#3701 = CARTESIAN_POINT('',(42.,46.,15.));
#3702 = VECTOR('',#3703,1.);
#3703 = DIRECTION('',(0.,0.,1.));
#3704 = ORIENTED_EDGE('',*,*,#3705,.F.);
#3705 = EDGE_CURVE('',#2214,#3698,#3706,.T.);
#3706 = LINE('',#3707,#3708);
#3707 = CARTESIAN_POINT('',(42.,21.,295.));
#3708 = VECTOR('',#3709,1.);
#3709 = DIRECTION('',(-0.,1.,0.));
#3710 = PLANE('',#3711);
#3711 = AXIS2_PLACEMENT_3D('',#3712,#3713,#3714);
#3712 = CARTESIAN_POINT('',(42.,21.,15.));
#3713 = DIRECTION('',(1.,0.,-0.));
#3714 = DIRECTION('',(0.,0.,1.));
#3715 = ADVANCED_FACE('',(#3716),#3734,.F.);
#3716 = FACE_BOUND('',#3717,.F.);
#3717 = EDGE_LOOP('',(#3718,#3719,#3720,#3728));
#3718 = ORIENTED_EDGE('',*,*,#3689,.F.);
#3719 = ORIENTED_EDGE('',*,*,#2221,.T.);
#3720 = ORIENTED_EDGE('',*,*,#3721,.T.);
#3721 = EDGE_CURVE('',#2222,#3722,#3724,.T.);
#3722 = VERTEX_POINT('',#3723);
#3723 = CARTESIAN_POINT('',(44.,46.,15.));
#3724 = LINE('',#3725,#3726);
#3725 = CARTESIAN_POINT('',(44.,21.,15.));
#3726 = VECTOR('',#3727,1.);
#3727 = DIRECTION('',(-0.,1.,0.));
#3728 = ORIENTED_EDGE('',*,*,#3729,.F.);
#3729 = EDGE_CURVE('',#3690,#3722,#3730,.T.);
#3730 = LINE('',#3731,#3732);
#3731 = CARTESIAN_POINT('',(42.,46.,15.));
#3732 = VECTOR('',#3733,1.);
#3733 = DIRECTION('',(1.,0.,-0.));
#3734 = PLANE('',#3735);
#3735 = AXIS2_PLACEMENT_3D('',#3736,#3737,#3738);
#3736 = CARTESIAN_POINT('',(42.,21.,15.));
#3737 = DIRECTION('',(0.,0.,1.));
#3738 = DIRECTION('',(1.,0.,-0.));
#3739 = ADVANCED_FACE('',(#3740),#3758,.T.);
#3740 = FACE_BOUND('',#3741,.T.);
#3741 = EDGE_LOOP('',(#3742,#3743,#3744,#3752));
#3742 = ORIENTED_EDGE('',*,*,#3705,.F.);
#3743 = ORIENTED_EDGE('',*,*,#2237,.T.);
#3744 = ORIENTED_EDGE('',*,*,#3745,.T.);
#3745 = EDGE_CURVE('',#2230,#3746,#3748,.T.);
#3746 = VERTEX_POINT('',#3747);
#3747 = CARTESIAN_POINT('',(44.,46.,295.));
#3748 = LINE('',#3749,#3750);
#3749 = CARTESIAN_POINT('',(44.,21.,295.));
#3750 = VECTOR('',#3751,1.);
#3751 = DIRECTION('',(-0.,1.,0.));
#3752 = ORIENTED_EDGE('',*,*,#3753,.F.);
#3753 = EDGE_CURVE('',#3698,#3746,#3754,.T.);
#3754 = LINE('',#3755,#3756);
#3755 = CARTESIAN_POINT('',(42.,46.,295.));
#3756 = VECTOR('',#3757,1.);
#3757 = DIRECTION('',(1.,0.,-0.));
#3758 = PLANE('',#3759);
#3759 = AXIS2_PLACEMENT_3D('',#3760,#3761,#3762);
#3760 = CARTESIAN_POINT('',(42.,21.,295.));
#3761 = DIRECTION('',(0.,0.,1.));
#3762 = DIRECTION('',(1.,0.,-0.));
#3763 = ADVANCED_FACE('',(#3764),#3775,.T.);
#3764 = FACE_BOUND('',#3765,.T.);
#3765 = EDGE_LOOP('',(#3766,#3767,#3768,#3774));
#3766 = ORIENTED_EDGE('',*,*,#2229,.F.);
#3767 = ORIENTED_EDGE('',*,*,#3721,.T.);
#3768 = ORIENTED_EDGE('',*,*,#3769,.T.);
#3769 = EDGE_CURVE('',#3722,#3746,#3770,.T.);
#3770 = LINE('',#3771,#3772);
#3771 = CARTESIAN_POINT('',(44.,46.,15.));
#3772 = VECTOR('',#3773,1.);
#3773 = DIRECTION('',(0.,0.,1.));
#3774 = ORIENTED_EDGE('',*,*,#3745,.F.);
#3775 = PLANE('',#3776);
#3776 = AXIS2_PLACEMENT_3D('',#3777,#3778,#3779);
#3777 = CARTESIAN_POINT('',(44.,21.,15.));
#3778 = DIRECTION('',(1.,0.,-0.));
#3779 = DIRECTION('',(0.,0.,1.));
#3780 = ADVANCED_FACE('',(#3781),#3806,.F.);
#3781 = FACE_BOUND('',#3782,.F.);
#3782 = EDGE_LOOP('',(#3783,#3784,#3792,#3800));
#3783 = ORIENTED_EDGE('',*,*,#2245,.F.);
#3784 = ORIENTED_EDGE('',*,*,#3785,.T.);
#3785 = EDGE_CURVE('',#2246,#3786,#3788,.T.);
#3786 = VERTEX_POINT('',#3787);
#3787 = CARTESIAN_POINT('',(46.,46.,15.));
#3788 = LINE('',#3789,#3790);
#3789 = CARTESIAN_POINT('',(46.,21.,15.));
#3790 = VECTOR('',#3791,1.);
#3791 = DIRECTION('',(-0.,1.,0.));
#3792 = ORIENTED_EDGE('',*,*,#3793,.T.);
#3793 = EDGE_CURVE('',#3786,#3794,#3796,.T.);
#3794 = VERTEX_POINT('',#3795);
#3795 = CARTESIAN_POINT('',(46.,46.,295.));
#3796 = LINE('',#3797,#3798);
#3797 = CARTESIAN_POINT('',(46.,46.,15.));
#3798 = VECTOR('',#3799,1.);
#3799 = DIRECTION('',(0.,0.,1.));
#3800 = ORIENTED_EDGE('',*,*,#3801,.F.);
#3801 = EDGE_CURVE('',#2248,#3794,#3802,.T.);
#3802 = LINE('',#3803,#3804);
#3803 = CARTESIAN_POINT('',(46.,21.,295.));
#3804 = VECTOR('',#3805,1.);
#3805 = DIRECTION('',(-0.,1.,0.));
#3806 = PLANE('',#3807);
#3807 = AXIS2_PLACEMENT_3D('',#3808,#3809,#3810);
#3808 = CARTESIAN_POINT('',(46.,21.,15.));
#3809 = DIRECTION('',(1.,0.,-0.));
#3810 = DIRECTION('',(0.,0.,1.));
#3811 = ADVANCED_FACE('',(#3812),#3830,.F.);
#3812 = FACE_BOUND('',#3813,.F.);
#3813 = EDGE_LOOP('',(#3814,#3815,#3816,#3824));
#3814 = ORIENTED_EDGE('',*,*,#3785,.F.);
#3815 = ORIENTED_EDGE('',*,*,#2255,.T.);
#3816 = ORIENTED_EDGE('',*,*,#3817,.T.);
#3817 = EDGE_CURVE('',#2256,#3818,#3820,.T.);
#3818 = VERTEX_POINT('',#3819);
#3819 = CARTESIAN_POINT('',(48.,46.,15.));
#3820 = LINE('',#3821,#3822);
#3821 = CARTESIAN_POINT('',(48.,21.,15.));
#3822 = VECTOR('',#3823,1.);
#3823 = DIRECTION('',(-0.,1.,0.));
#3824 = ORIENTED_EDGE('',*,*,#3825,.F.);
#3825 = EDGE_CURVE('',#3786,#3818,#3826,.T.);
#3826 = LINE('',#3827,#3828);
#3827 = CARTESIAN_POINT('',(46.,46.,15.));
#3828 = VECTOR('',#3829,1.);
#3829 = DIRECTION('',(1.,0.,-0.));
#3830 = PLANE('',#3831);
#3831 = AXIS2_PLACEMENT_3D('',#3832,#3833,#3834);
#3832 = CARTESIAN_POINT('',(46.,21.,15.));
#3833 = DIRECTION('',(0.,0.,1.));
#3834 = DIRECTION('',(1.,0.,-0.));
#3835 = ADVANCED_FACE('',(#3836),#3854,.T.);
#3836 = FACE_BOUND('',#3837,.T.);
#3837 = EDGE_LOOP('',(#3838,#3839,#3840,#3848));
#3838 = ORIENTED_EDGE('',*,*,#3801,.F.);
#3839 = ORIENTED_EDGE('',*,*,#2271,.T.);
#3840 = ORIENTED_EDGE('',*,*,#3841,.T.);
#3841 = EDGE_CURVE('',#2264,#3842,#3844,.T.);
#3842 = VERTEX_POINT('',#3843);
#3843 = CARTESIAN_POINT('',(48.,46.,295.));
#3844 = LINE('',#3845,#3846);
#3845 = CARTESIAN_POINT('',(48.,21.,295.));
#3846 = VECTOR('',#3847,1.);
#3847 = DIRECTION('',(-0.,1.,0.));
#3848 = ORIENTED_EDGE('',*,*,#3849,.F.);
#3849 = EDGE_CURVE('',#3794,#3842,#3850,.T.);
#3850 = LINE('',#3851,#3852);
#3851 = CARTESIAN_POINT('',(46.,46.,295.));
#3852 = VECTOR('',#3853,1.);
#3853 = DIRECTION('',(1.,0.,-0.));
#3854 = PLANE('',#3855);
#3855 = AXIS2_PLACEMENT_3D('',#3856,#3857,#3858);
#3856 = CARTESIAN_POINT('',(46.,21.,295.));
#3857 = DIRECTION('',(0.,0.,1.));
#3858 = DIRECTION('',(1.,0.,-0.));
#3859 = ADVANCED_FACE('',(#3860),#3871,.T.);
#3860 = FACE_BOUND('',#3861,.T.);
#3861 = EDGE_LOOP('',(#3862,#3863,#3864,#3870));
#3862 = ORIENTED_EDGE('',*,*,#2263,.F.);
#3863 = ORIENTED_EDGE('',*,*,#3817,.T.);
#3864 = ORIENTED_EDGE('',*,*,#3865,.T.);
#3865 = EDGE_CURVE('',#3818,#3842,#3866,.T.);
#3866 = LINE('',#3867,#3868);
#3867 = CARTESIAN_POINT('',(48.,46.,15.));
#3868 = VECTOR('',#3869,1.);
#3869 = DIRECTION('',(0.,0.,1.));
#3870 = ORIENTED_EDGE('',*,*,#3841,.F.);
#3871 = PLANE('',#3872);
#3872 = AXIS2_PLACEMENT_3D('',#3873,#3874,#3875);
#3873 = CARTESIAN_POINT('',(48.,21.,15.));
#3874 = DIRECTION('',(1.,0.,-0.));
#3875 = DIRECTION('',(0.,0.,1.));
#3876 = ADVANCED_FACE('',(#3877),#3902,.F.);
#3877 = FACE_BOUND('',#3878,.F.);
#3878 = EDGE_LOOP('',(#3879,#3880,#3888,#3896));
#3879 = ORIENTED_EDGE('',*,*,#2279,.F.);
#3880 = ORIENTED_EDGE('',*,*,#3881,.T.);
#3881 = EDGE_CURVE('',#2280,#3882,#3884,.T.);
#3882 = VERTEX_POINT('',#3883);
#3883 = CARTESIAN_POINT('',(50.,46.,15.));
#3884 = LINE('',#3885,#3886);
#3885 = CARTESIAN_POINT('',(50.,21.,15.));
#3886 = VECTOR('',#3887,1.);
#3887 = DIRECTION('',(-0.,1.,0.));
#3888 = ORIENTED_EDGE('',*,*,#3889,.T.);
#3889 = EDGE_CURVE('',#3882,#3890,#3892,.T.);
#3890 = VERTEX_POINT('',#3891);
#3891 = CARTESIAN_POINT('',(50.,46.,295.));
#3892 = LINE('',#3893,#3894);
#3893 = CARTESIAN_POINT('',(50.,46.,15.));
#3894 = VECTOR('',#3895,1.);
#3895 = DIRECTION('',(0.,0.,1.));
#3896 = ORIENTED_EDGE('',*,*,#3897,.F.);
#3897 = EDGE_CURVE('',#2282,#3890,#3898,.T.);
#3898 = LINE('',#3899,#3900);
#3899 = CARTESIAN_POINT('',(50.,21.,295.));
#3900 = VECTOR('',#3901,1.);
#3901 = DIRECTION('',(-0.,1.,0.));
#3902 = PLANE('',#3903);
#3903 = AXIS2_PLACEMENT_3D('',#3904,#3905,#3906);
#3904 = CARTESIAN_POINT('',(50.,21.,15.));
#3905 = DIRECTION('',(1.,0.,-0.));
#3906 = DIRECTION('',(0.,0.,1.));
#3907 = ADVANCED_FACE('',(#3908),#3926,.F.);
#3908 = FACE_BOUND('',#3909,.F.);
#3909 = EDGE_LOOP('',(#3910,#3911,#3912,#3920));
#3910 = ORIENTED_EDGE('',*,*,#3881,.F.);
#3911 = ORIENTED_EDGE('',*,*,#2289,.T.);
#3912 = ORIENTED_EDGE('',*,*,#3913,.T.);
#3913 = EDGE_CURVE('',#2290,#3914,#3916,.T.);
#3914 = VERTEX_POINT('',#3915);
#3915 = CARTESIAN_POINT('',(52.,46.,15.));
#3916 = LINE('',#3917,#3918);
#3917 = CARTESIAN_POINT('',(52.,21.,15.));
#3918 = VECTOR('',#3919,1.);
#3919 = DIRECTION('',(-0.,1.,0.));
#3920 = ORIENTED_EDGE('',*,*,#3921,.F.);
#3921 = EDGE_CURVE('',#3882,#3914,#3922,.T.);
#3922 = LINE('',#3923,#3924);
#3923 = CARTESIAN_POINT('',(50.,46.,15.));
#3924 = VECTOR('',#3925,1.);
#3925 = DIRECTION('',(1.,0.,-0.));
#3926 = PLANE('',#3927);
#3927 = AXIS2_PLACEMENT_3D('',#3928,#3929,#3930);
#3928 = CARTESIAN_POINT('',(50.,21.,15.));
#3929 = DIRECTION('',(0.,0.,1.));
#3930 = DIRECTION('',(1.,0.,-0.));
#3931 = ADVANCED_FACE('',(#3932),#3950,.T.);
#3932 = FACE_BOUND('',#3933,.T.);
#3933 = EDGE_LOOP('',(#3934,#3935,#3936,#3944));
#3934 = ORIENTED_EDGE('',*,*,#3897,.F.);
#3935 = ORIENTED_EDGE('',*,*,#2305,.T.);
#3936 = ORIENTED_EDGE('',*,*,#3937,.T.);
#3937 = EDGE_CURVE('',#2298,#3938,#3940,.T.);
#3938 = VERTEX_POINT('',#3939);
#3939 = CARTESIAN_POINT('',(52.,46.,295.));
#3940 = LINE('',#3941,#3942);
#3941 = CARTESIAN_POINT('',(52.,21.,295.));
#3942 = VECTOR('',#3943,1.);
#3943 = DIRECTION('',(-0.,1.,0.));
#3944 = ORIENTED_EDGE('',*,*,#3945,.F.);
#3945 = EDGE_CURVE('',#3890,#3938,#3946,.T.);
#3946 = LINE('',#3947,#3948);
#3947 = CARTESIAN_POINT('',(50.,46.,295.));
#3948 = VECTOR('',#3949,1.);
#3949 = DIRECTION('',(1.,0.,-0.));
#3950 = PLANE('',#3951);
#3951 = AXIS2_PLACEMENT_3D('',#3952,#3953,#3954);
#3952 = CARTESIAN_POINT('',(50.,21.,295.));
#3953 = DIRECTION('',(0.,0.,1.));
#3954 = DIRECTION('',(1.,0.,-0.));
#3955 = ADVANCED_FACE('',(#3956),#3967,.T.);
#3956 = FACE_BOUND('',#3957,.T.);
#3957 = EDGE_LOOP('',(#3958,#3959,#3960,#3966));
#3958 = ORIENTED_EDGE('',*,*,#2297,.F.);
#3959 = ORIENTED_EDGE('',*,*,#3913,.T.);
#3960 = ORIENTED_EDGE('',*,*,#3961,.T.);
#3961 = EDGE_CURVE('',#3914,#3938,#3962,.T.);
#3962 = LINE('',#3963,#3964);
#3963 = CARTESIAN_POINT('',(52.,46.,15.));
#3964 = VECTOR('',#3965,1.);
#3965 = DIRECTION('',(0.,0.,1.));
#3966 = ORIENTED_EDGE('',*,*,#3937,.F.);
#3967 = PLANE('',#3968);
#3968 = AXIS2_PLACEMENT_3D('',#3969,#3970,#3971);
#3969 = CARTESIAN_POINT('',(52.,21.,15.));
#3970 = DIRECTION('',(1.,0.,-0.));
#3971 = DIRECTION('',(0.,0.,1.));
#3972 = ADVANCED_FACE('',(#3973),#3998,.F.);
#3973 = FACE_BOUND('',#3974,.F.);
#3974 = EDGE_LOOP('',(#3975,#3976,#3984,#3992));
#3975 = ORIENTED_EDGE('',*,*,#2313,.F.);
#3976 = ORIENTED_EDGE('',*,*,#3977,.T.);
#3977 = EDGE_CURVE('',#2314,#3978,#3980,.T.);
#3978 = VERTEX_POINT('',#3979);
#3979 = CARTESIAN_POINT('',(54.,46.,15.));
#3980 = LINE('',#3981,#3982);
#3981 = CARTESIAN_POINT('',(54.,21.,15.));
#3982 = VECTOR('',#3983,1.);
#3983 = DIRECTION('',(-0.,1.,0.));
#3984 = ORIENTED_EDGE('',*,*,#3985,.T.);
#3985 = EDGE_CURVE('',#3978,#3986,#3988,.T.);
#3986 = VERTEX_POINT('',#3987);
#3987 = CARTESIAN_POINT('',(54.,46.,295.));
#3988 = LINE('',#3989,#3990);
#3989 = CARTESIAN_POINT('',(54.,46.,15.));
#3990 = VECTOR('',#3991,1.);
#3991 = DIRECTION('',(0.,0.,1.));
#3992 = ORIENTED_EDGE('',*,*,#3993,.F.);
#3993 = EDGE_CURVE('',#2316,#3986,#3994,.T.);
#3994 = LINE('',#3995,#3996);
#3995 = CARTESIAN_POINT('',(54.,21.,295.));
#3996 = VECTOR('',#3997,1.);
#3997 = DIRECTION('',(-0.,1.,0.));
#3998 = PLANE('',#3999);
#3999 = AXIS2_PLACEMENT_3D('',#4000,#4001,#4002);
#4000 = CARTESIAN_POINT('',(54.,21.,15.));
#4001 = DIRECTION('',(1.,0.,-0.));
#4002 = DIRECTION('',(0.,0.,1.));
#4003 = ADVANCED_FACE('',(#4004),#4022,.F.);
#4004 = FACE_BOUND('',#4005,.F.);
#4005 = EDGE_LOOP('',(#4006,#4007,#4008,#4016));
#4006 = ORIENTED_EDGE('',*,*,#3977,.F.);
#4007 = ORIENTED_EDGE('',*,*,#2323,.T.);
#4008 = ORIENTED_EDGE('',*,*,#4009,.T.);
#4009 = EDGE_CURVE('',#2324,#4010,#4012,.T.);
#4010 = VERTEX_POINT('',#4011);
#4011 = CARTESIAN_POINT('',(56.,46.,15.));
#4012 = LINE('',#4013,#4014);
#4013 = CARTESIAN_POINT('',(56.,21.,15.));
#4014 = VECTOR('',#4015,1.);
#4015 = DIRECTION('',(-0.,1.,0.));
#4016 = ORIENTED_EDGE('',*,*,#4017,.F.);
#4017 = EDGE_CURVE('',#3978,#4010,#4018,.T.);
#4018 = LINE('',#4019,#4020);
#4019 = CARTESIAN_POINT('',(54.,46.,15.));
#4020 = VECTOR('',#4021,1.);
#4021 = DIRECTION('',(1.,0.,-0.));
#4022 = PLANE('',#4023);
#4023 = AXIS2_PLACEMENT_3D('',#4024,#4025,#4026);
#4024 = CARTESIAN_POINT('',(54.,21.,15.));
#4025 = DIRECTION('',(0.,0.,1.));
#4026 = DIRECTION('',(1.,0.,-0.));
#4027 = ADVANCED_FACE('',(#4028),#4046,.T.);
#4028 = FACE_BOUND('',#4029,.T.);
#4029 = EDGE_LOOP('',(#4030,#4031,#4032,#4040));
#4030 = ORIENTED_EDGE('',*,*,#3993,.F.);
#4031 = ORIENTED_EDGE('',*,*,#2339,.T.);
#4032 = ORIENTED_EDGE('',*,*,#4033,.T.);
#4033 = EDGE_CURVE('',#2332,#4034,#4036,.T.);
#4034 = VERTEX_POINT('',#4035);
#4035 = CARTESIAN_POINT('',(56.,46.,295.));
#4036 = LINE('',#4037,#4038);
#4037 = CARTESIAN_POINT('',(56.,21.,295.));
#4038 = VECTOR('',#4039,1.);
#4039 = DIRECTION('',(-0.,1.,0.));
#4040 = ORIENTED_EDGE('',*,*,#4041,.F.);
#4041 = EDGE_CURVE('',#3986,#4034,#4042,.T.);
#4042 = LINE('',#4043,#4044);
#4043 = CARTESIAN_POINT('',(54.,46.,295.));
#4044 = VECTOR('',#4045,1.);
#4045 = DIRECTION('',(1.,0.,-0.));
#4046 = PLANE('',#4047);
#4047 = AXIS2_PLACEMENT_3D('',#4048,#4049,#4050);
#4048 = CARTESIAN_POINT('',(54.,21.,295.));
#4049 = DIRECTION('',(0.,0.,1.));
#4050 = DIRECTION('',(1.,0.,-0.));
#4051 = ADVANCED_FACE('',(#4052),#4063,.T.);
#4052 = FACE_BOUND('',#4053,.T.);
#4053 = EDGE_LOOP('',(#4054,#4055,#4056,#4062));
#4054 = ORIENTED_EDGE('',*,*,#2331,.F.);
#4055 = ORIENTED_EDGE('',*,*,#4009,.T.);
#4056 = ORIENTED_EDGE('',*,*,#4057,.T.);
#4057 = EDGE_CURVE('',#4010,#4034,#4058,.T.);
#4058 = LINE('',#4059,#4060);
#4059 = CARTESIAN_POINT('',(56.,46.,15.));
#4060 = VECTOR('',#4061,1.);
#4061 = DIRECTION('',(0.,0.,1.));
#4062 = ORIENTED_EDGE('',*,*,#4033,.F.);
#4063 = PLANE('',#4064);
#4064 = AXIS2_PLACEMENT_3D('',#4065,#4066,#4067);
#4065 = CARTESIAN_POINT('',(56.,21.,15.));
#4066 = DIRECTION('',(1.,0.,-0.));
#4067 = DIRECTION('',(0.,0.,1.));
#4068 = ADVANCED_FACE('',(#4069),#4094,.F.);
#4069 = FACE_BOUND('',#4070,.F.);
#4070 = EDGE_LOOP('',(#4071,#4072,#4080,#4088));
#4071 = ORIENTED_EDGE('',*,*,#2347,.F.);
#4072 = ORIENTED_EDGE('',*,*,#4073,.T.);
#4073 = EDGE_CURVE('',#2348,#4074,#4076,.T.);
#4074 = VERTEX_POINT('',#4075);
#4075 = CARTESIAN_POINT('',(251.,46.,15.));
#4076 = LINE('',#4077,#4078);
#4077 = CARTESIAN_POINT('',(251.,21.,15.));
#4078 = VECTOR('',#4079,1.);
#4079 = DIRECTION('',(-0.,1.,0.));
#4080 = ORIENTED_EDGE('',*,*,#4081,.T.);
#4081 = EDGE_CURVE('',#4074,#4082,#4084,.T.);
#4082 = VERTEX_POINT('',#4083);
#4083 = CARTESIAN_POINT('',(251.,46.,295.));
#4084 = LINE('',#4085,#4086);
#4085 = CARTESIAN_POINT('',(251.,46.,15.));
#4086 = VECTOR('',#4087,1.);
#4087 = DIRECTION('',(0.,0.,1.));
#4088 = ORIENTED_EDGE('',*,*,#4089,.F.);
#4089 = EDGE_CURVE('',#2350,#4082,#4090,.T.);
#4090 = LINE('',#4091,#4092);
#4091 = CARTESIAN_POINT('',(251.,21.,295.));
#4092 = VECTOR('',#4093,1.);
#4093 = DIRECTION('',(-0.,1.,0.));
#4094 = PLANE('',#4095);
#4095 = AXIS2_PLACEMENT_3D('',#4096,#4097,#4098);
#4096 = CARTESIAN_POINT('',(251.,21.,15.));
#4097 = DIRECTION('',(1.,0.,-0.));
#4098 = DIRECTION('',(0.,0.,1.));
#4099 = ADVANCED_FACE('',(#4100),#4118,.F.);
#4100 = FACE_BOUND('',#4101,.F.);
#4101 = EDGE_LOOP('',(#4102,#4103,#4104,#4112));
#4102 = ORIENTED_EDGE('',*,*,#4073,.F.);
#4103 = ORIENTED_EDGE('',*,*,#2357,.T.);
#4104 = ORIENTED_EDGE('',*,*,#4105,.T.);
#4105 = EDGE_CURVE('',#2358,#4106,#4108,.T.);
#4106 = VERTEX_POINT('',#4107);
#4107 = CARTESIAN_POINT('',(253.,46.,15.));
#4108 = LINE('',#4109,#4110);
#4109 = CARTESIAN_POINT('',(253.,21.,15.));
#4110 = VECTOR('',#4111,1.);
#4111 = DIRECTION('',(-0.,1.,0.));
#4112 = ORIENTED_EDGE('',*,*,#4113,.F.);
#4113 = EDGE_CURVE('',#4074,#4106,#4114,.T.);
#4114 = LINE('',#4115,#4116);
#4115 = CARTESIAN_POINT('',(251.,46.,15.));
#4116 = VECTOR('',#4117,1.);
#4117 = DIRECTION('',(1.,0.,-0.));
#4118 = PLANE('',#4119);
#4119 = AXIS2_PLACEMENT_3D('',#4120,#4121,#4122);
#4120 = CARTESIAN_POINT('',(251.,21.,15.));
#4121 = DIRECTION('',(0.,0.,1.));
#4122 = DIRECTION('',(1.,0.,-0.));
#4123 = ADVANCED_FACE('',(#4124),#4142,.T.);
#4124 = FACE_BOUND('',#4125,.T.);
#4125 = EDGE_LOOP('',(#4126,#4127,#4128,#4136));
#4126 = ORIENTED_EDGE('',*,*,#4089,.F.);
#4127 = ORIENTED_EDGE('',*,*,#2373,.T.);
#4128 = ORIENTED_EDGE('',*,*,#4129,.T.);
#4129 = EDGE_CURVE('',#2366,#4130,#4132,.T.);
#4130 = VERTEX_POINT('',#4131);
#4131 = CARTESIAN_POINT('',(253.,46.,295.));
#4132 = LINE('',#4133,#4134);
#4133 = CARTESIAN_POINT('',(253.,21.,295.));
#4134 = VECTOR('',#4135,1.);
#4135 = DIRECTION('',(-0.,1.,0.));
#4136 = ORIENTED_EDGE('',*,*,#4137,.F.);
#4137 = EDGE_CURVE('',#4082,#4130,#4138,.T.);
#4138 = LINE('',#4139,#4140);
#4139 = CARTESIAN_POINT('',(251.,46.,295.));
#4140 = VECTOR('',#4141,1.);
#4141 = DIRECTION('',(1.,0.,-0.));
#4142 = PLANE('',#4143);
#4143 = AXIS2_PLACEMENT_3D('',#4144,#4145,#4146);
#4144 = CARTESIAN_POINT('',(251.,21.,295.));
#4145 = DIRECTION('',(0.,0.,1.));
#4146 = DIRECTION('',(1.,0.,-0.));
#4147 = ADVANCED_FACE('',(#4148),#4159,.T.);
#4148 = FACE_BOUND('',#4149,.T.);
#4149 = EDGE_LOOP('',(#4150,#4151,#4152,#4158));
#4150 = ORIENTED_EDGE('',*,*,#2365,.F.);
#4151 = ORIENTED_EDGE('',*,*,#4105,.T.);
#4152 = ORIENTED_EDGE('',*,*,#4153,.T.);
#4153 = EDGE_CURVE('',#4106,#4130,#4154,.T.);
#4154 = LINE('',#4155,#4156);
#4155 = CARTESIAN_POINT('',(253.,46.,15.));
#4156 = VECTOR('',#4157,1.);
#4157 = DIRECTION('',(0.,0.,1.));
#4158 = ORIENTED_EDGE('',*,*,#4129,.F.);
#4159 = PLANE('',#4160);
#4160 = AXIS2_PLACEMENT_3D('',#4161,#4162,#4163);
#4161 = CARTESIAN_POINT('',(253.,21.,15.));
#4162 = DIRECTION('',(1.,0.,-0.));
#4163 = DIRECTION('',(0.,0.,1.));
#4164 = ADVANCED_FACE('',(#4165),#4190,.F.);
#4165 = FACE_BOUND('',#4166,.F.);
#4166 = EDGE_LOOP('',(#4167,#4168,#4176,#4184));
#4167 = ORIENTED_EDGE('',*,*,#2381,.F.);
#4168 = ORIENTED_EDGE('',*,*,#4169,.T.);
#4169 = EDGE_CURVE('',#2382,#4170,#4172,.T.);
#4170 = VERTEX_POINT('',#4171);
#4171 = CARTESIAN_POINT('',(255.,46.,15.));
#4172 = LINE('',#4173,#4174);
#4173 = CARTESIAN_POINT('',(255.,21.,15.));
#4174 = VECTOR('',#4175,1.);
#4175 = DIRECTION('',(-0.,1.,0.));
#4176 = ORIENTED_EDGE('',*,*,#4177,.T.);
#4177 = EDGE_CURVE('',#4170,#4178,#4180,.T.);
#4178 = VERTEX_POINT('',#4179);
#4179 = CARTESIAN_POINT('',(255.,46.,295.));
#4180 = LINE('',#4181,#4182);
#4181 = CARTESIAN_POINT('',(255.,46.,15.));
#4182 = VECTOR('',#4183,1.);
#4183 = DIRECTION('',(0.,0.,1.));
#4184 = ORIENTED_EDGE('',*,*,#4185,.F.);
#4185 = EDGE_CURVE('',#2384,#4178,#4186,.T.);
#4186 = LINE('',#4187,#4188);
#4187 = CARTESIAN_POINT('',(255.,21.,295.));
#4188 = VECTOR('',#4189,1.);
#4189 = DIRECTION('',(-0.,1.,0.));
#4190 = PLANE('',#4191);
#4191 = AXIS2_PLACEMENT_3D('',#4192,#4193,#4194);
#4192 = CARTESIAN_POINT('',(255.,21.,15.));
#4193 = DIRECTION('',(1.,0.,-0.));
#4194 = DIRECTION('',(0.,0.,1.));
#4195 = ADVANCED_FACE('',(#4196),#4214,.F.);
#4196 = FACE_BOUND('',#4197,.F.);
#4197 = EDGE_LOOP('',(#4198,#4199,#4200,#4208));
#4198 = ORIENTED_EDGE('',*,*,#4169,.F.);
#4199 = ORIENTED_EDGE('',*,*,#2391,.T.);
#4200 = ORIENTED_EDGE('',*,*,#4201,.T.);
#4201 = EDGE_CURVE('',#2392,#4202,#4204,.T.);
#4202 = VERTEX_POINT('',#4203);
#4203 = CARTESIAN_POINT('',(257.,46.,15.));
#4204 = LINE('',#4205,#4206);
#4205 = CARTESIAN_POINT('',(257.,21.,15.));
#4206 = VECTOR('',#4207,1.);
#4207 = DIRECTION('',(-0.,1.,0.));
#4208 = ORIENTED_EDGE('',*,*,#4209,.F.);
#4209 = EDGE_CURVE('',#4170,#4202,#4210,.T.);
#4210 = LINE('',#4211,#4212);
#4211 = CARTESIAN_POINT('',(255.,46.,15.));
#4212 = VECTOR('',#4213,1.);
#4213 = DIRECTION('',(1.,0.,-0.));
#4214 = PLANE('',#4215);
#4215 = AXIS2_PLACEMENT_3D('',#4216,#4217,#4218);
#4216 = CARTESIAN_POINT('',(255.,21.,15.));
#4217 = DIRECTION('',(0.,0.,1.));
#4218 = DIRECTION('',(1.,0.,-0.));
#4219 = ADVANCED_FACE('',(#4220),#4238,.T.);
#4220 = FACE_BOUND('',#4221,.T.);
#4221 = EDGE_LOOP('',(#4222,#4223,#4224,#4232));
#4222 = ORIENTED_EDGE('',*,*,#4185,.F.);
#4223 = ORIENTED_EDGE('',*,*,#2407,.T.);
#4224 = ORIENTED_EDGE('',*,*,#4225,.T.);
#4225 = EDGE_CURVE('',#2400,#4226,#4228,.T.);
#4226 = VERTEX_POINT('',#4227);
#4227 = CARTESIAN_POINT('',(257.,46.,295.));
#4228 = LINE('',#4229,#4230);
#4229 = CARTESIAN_POINT('',(257.,21.,295.));
#4230 = VECTOR('',#4231,1.);
#4231 = DIRECTION('',(-0.,1.,0.));
#4232 = ORIENTED_EDGE('',*,*,#4233,.F.);
#4233 = EDGE_CURVE('',#4178,#4226,#4234,.T.);
#4234 = LINE('',#4235,#4236);
#4235 = CARTESIAN_POINT('',(255.,46.,295.));
#4236 = VECTOR('',#4237,1.);
#4237 = DIRECTION('',(1.,0.,-0.));
#4238 = PLANE('',#4239);
#4239 = AXIS2_PLACEMENT_3D('',#4240,#4241,#4242);
#4240 = CARTESIAN_POINT('',(255.,21.,295.));
#4241 = DIRECTION('',(0.,0.,1.));
#4242 = DIRECTION('',(1.,0.,-0.));
#4243 = ADVANCED_FACE('',(#4244),#4255,.T.);
#4244 = FACE_BOUND('',#4245,.T.);
#4245 = EDGE_LOOP('',(#4246,#4247,#4248,#4254));
#4246 = ORIENTED_EDGE('',*,*,#2399,.F.);
#4247 = ORIENTED_EDGE('',*,*,#4201,.T.);
#4248 = ORIENTED_EDGE('',*,*,#4249,.T.);
#4249 = EDGE_CURVE('',#4202,#4226,#4250,.T.);
#4250 = LINE('',#4251,#4252);
#4251 = CARTESIAN_POINT('',(257.,46.,15.));
#4252 = VECTOR('',#4253,1.);
#4253 = DIRECTION('',(0.,0.,1.));
#4254 = ORIENTED_EDGE('',*,*,#4225,.F.);
#4255 = PLANE('',#4256);
#4256 = AXIS2_PLACEMENT_3D('',#4257,#4258,#4259);
#4257 = CARTESIAN_POINT('',(257.,21.,15.));
#4258 = DIRECTION('',(1.,0.,-0.));
#4259 = DIRECTION('',(0.,0.,1.));
#4260 = ADVANCED_FACE('',(#4261),#4286,.F.);
#4261 = FACE_BOUND('',#4262,.F.);
#4262 = EDGE_LOOP('',(#4263,#4264,#4272,#4280));
#4263 = ORIENTED_EDGE('',*,*,#2415,.F.);
#4264 = ORIENTED_EDGE('',*,*,#4265,.T.);
#4265 = EDGE_CURVE('',#2416,#4266,#4268,.T.);
#4266 = VERTEX_POINT('',#4267);
#4267 = CARTESIAN_POINT('',(259.,46.,15.));
#4268 = LINE('',#4269,#4270);
#4269 = CARTESIAN_POINT('',(259.,21.,15.));
#4270 = VECTOR('',#4271,1.);
#4271 = DIRECTION('',(-0.,1.,0.));
#4272 = ORIENTED_EDGE('',*,*,#4273,.T.);
#4273 = EDGE_CURVE('',#4266,#4274,#4276,.T.);
#4274 = VERTEX_POINT('',#4275);
#4275 = CARTESIAN_POINT('',(259.,46.,295.));
#4276 = LINE('',#4277,#4278);
#4277 = CARTESIAN_POINT('',(259.,46.,15.));
#4278 = VECTOR('',#4279,1.);
#4279 = DIRECTION('',(0.,0.,1.));
#4280 = ORIENTED_EDGE('',*,*,#4281,.F.);
#4281 = EDGE_CURVE('',#2418,#4274,#4282,.T.);
#4282 = LINE('',#4283,#4284);
#4283 = CARTESIAN_POINT('',(259.,21.,295.));
#4284 = VECTOR('',#4285,1.);
#4285 = DIRECTION('',(-0.,1.,0.));
#4286 = PLANE('',#4287);
#4287 = AXIS2_PLACEMENT_3D('',#4288,#4289,#4290);
#4288 = CARTESIAN_POINT('',(259.,21.,15.));
#4289 = DIRECTION('',(1.,0.,-0.));
#4290 = DIRECTION('',(0.,0.,1.));
#4291 = ADVANCED_FACE('',(#4292),#4310,.F.);
#4292 = FACE_BOUND('',#4293,.F.);
#4293 = EDGE_LOOP('',(#4294,#4295,#4296,#4304));
#4294 = ORIENTED_EDGE('',*,*,#4265,.F.);
#4295 = ORIENTED_EDGE('',*,*,#2425,.T.);
#4296 = ORIENTED_EDGE('',*,*,#4297,.T.);
#4297 = EDGE_CURVE('',#2426,#4298,#4300,.T.);
#4298 = VERTEX_POINT('',#4299);
#4299 = CARTESIAN_POINT('',(261.,46.,15.));
#4300 = LINE('',#4301,#4302);
#4301 = CARTESIAN_POINT('',(261.,21.,15.));
#4302 = VECTOR('',#4303,1.);
#4303 = DIRECTION('',(-0.,1.,0.));
#4304 = ORIENTED_EDGE('',*,*,#4305,.F.);
#4305 = EDGE_CURVE('',#4266,#4298,#4306,.T.);
#4306 = LINE('',#4307,#4308);
#4307 = CARTESIAN_POINT('',(259.,46.,15.));
#4308 = VECTOR('',#4309,1.);
#4309 = DIRECTION('',(1.,0.,-0.));
#4310 = PLANE('',#4311);
#4311 = AXIS2_PLACEMENT_3D('',#4312,#4313,#4314);
#4312 = CARTESIAN_POINT('',(259.,21.,15.));
#4313 = DIRECTION('',(0.,0.,1.));
#4314 = DIRECTION('',(1.,0.,-0.));
#4315 = ADVANCED_FACE('',(#4316),#4334,.T.);
#4316 = FACE_BOUND('',#4317,.T.);
#4317 = EDGE_LOOP('',(#4318,#4319,#4320,#4328));
#4318 = ORIENTED_EDGE('',*,*,#4281,.F.);
#4319 = ORIENTED_EDGE('',*,*,#2441,.T.);
#4320 = ORIENTED_EDGE('',*,*,#4321,.T.);
#4321 = EDGE_CURVE('',#2434,#4322,#4324,.T.);
#4322 = VERTEX_POINT('',#4323);
#4323 = CARTESIAN_POINT('',(261.,46.,295.));
#4324 = LINE('',#4325,#4326);
#4325 = CARTESIAN_POINT('',(261.,21.,295.));
#4326 = VECTOR('',#4327,1.);
#4327 = DIRECTION('',(-0.,1.,0.));
#4328 = ORIENTED_EDGE('',*,*,#4329,.F.);
#4329 = EDGE_CURVE('',#4274,#4322,#4330,.T.);
#4330 = LINE('',#4331,#4332);
#4331 = CARTESIAN_POINT('',(259.,46.,295.));
#4332 = VECTOR('',#4333,1.);
#4333 = DIRECTION('',(1.,0.,-0.));
#4334 = PLANE('',#4335);
#4335 = AXIS2_PLACEMENT_3D('',#4336,#4337,#4338);
#4336 = CARTESIAN_POINT('',(259.,21.,295.));
#4337 = DIRECTION('',(0.,0.,1.));
#4338 = DIRECTION('',(1.,0.,-0.));
#4339 = ADVANCED_FACE('',(#4340),#4351,.T.);
#4340 = FACE_BOUND('',#4341,.T.);
#4341 = EDGE_LOOP('',(#4342,#4343,#4344,#4350));
#4342 = ORIENTED_EDGE('',*,*,#2433,.F.);
#4343 = ORIENTED_EDGE('',*,*,#4297,.T.);
#4344 = ORIENTED_EDGE('',*,*,#4345,.T.);
#4345 = EDGE_CURVE('',#4298,#4322,#4346,.T.);
#4346 = LINE('',#4347,#4348);
#4347 = CARTESIAN_POINT('',(261.,46.,15.));
#4348 = VECTOR('',#4349,1.);
#4349 = DIRECTION('',(0.,0.,1.));
#4350 = ORIENTED_EDGE('',*,*,#4321,.F.);
#4351 = PLANE('',#4352);
#4352 = AXIS2_PLACEMENT_3D('',#4353,#4354,#4355);
#4353 = CARTESIAN_POINT('',(261.,21.,15.));
#4354 = DIRECTION('',(1.,0.,-0.));
#4355 = DIRECTION('',(0.,0.,1.));
#4356 = ADVANCED_FACE('',(#4357),#4382,.F.);
#4357 = FACE_BOUND('',#4358,.F.);
#4358 = EDGE_LOOP('',(#4359,#4360,#4368,#4376));
#4359 = ORIENTED_EDGE('',*,*,#2449,.F.);
#4360 = ORIENTED_EDGE('',*,*,#4361,.T.);
#4361 = EDGE_CURVE('',#2450,#4362,#4364,.T.);
#4362 = VERTEX_POINT('',#4363);
#4363 = CARTESIAN_POINT('',(263.,46.,15.));
#4364 = LINE('',#4365,#4366);
#4365 = CARTESIAN_POINT('',(263.,21.,15.));
#4366 = VECTOR('',#4367,1.);
#4367 = DIRECTION('',(-0.,1.,0.));
#4368 = ORIENTED_EDGE('',*,*,#4369,.T.);
#4369 = EDGE_CURVE('',#4362,#4370,#4372,.T.);
#4370 = VERTEX_POINT('',#4371);
#4371 = CARTESIAN_POINT('',(263.,46.,295.));
#4372 = LINE('',#4373,#4374);
#4373 = CARTESIAN_POINT('',(263.,46.,15.));
#4374 = VECTOR('',#4375,1.);
#4375 = DIRECTION('',(0.,0.,1.));
#4376 = ORIENTED_EDGE('',*,*,#4377,.F.);
#4377 = EDGE_CURVE('',#2452,#4370,#4378,.T.);
#4378 = LINE('',#4379,#4380);
#4379 = CARTESIAN_POINT('',(263.,21.,295.));
#4380 = VECTOR('',#4381,1.);
#4381 = DIRECTION('',(-0.,1.,0.));
#4382 = PLANE('',#4383);
#4383 = AXIS2_PLACEMENT_3D('',#4384,#4385,#4386);
#4384 = CARTESIAN_POINT('',(263.,21.,15.));
#4385 = DIRECTION('',(1.,0.,-0.));
#4386 = DIRECTION('',(0.,0.,1.));
#4387 = ADVANCED_FACE('',(#4388),#4406,.F.);
#4388 = FACE_BOUND('',#4389,.F.);
#4389 = EDGE_LOOP('',(#4390,#4391,#4392,#4400));
#4390 = ORIENTED_EDGE('',*,*,#4361,.F.);
#4391 = ORIENTED_EDGE('',*,*,#2459,.T.);
#4392 = ORIENTED_EDGE('',*,*,#4393,.T.);
#4393 = EDGE_CURVE('',#2460,#4394,#4396,.T.);
#4394 = VERTEX_POINT('',#4395);
#4395 = CARTESIAN_POINT('',(265.,46.,15.));
#4396 = LINE('',#4397,#4398);
#4397 = CARTESIAN_POINT('',(265.,21.,15.));
#4398 = VECTOR('',#4399,1.);
#4399 = DIRECTION('',(-0.,1.,0.));
#4400 = ORIENTED_EDGE('',*,*,#4401,.F.);
#4401 = EDGE_CURVE('',#4362,#4394,#4402,.T.);
#4402 = LINE('',#4403,#4404);
#4403 = CARTESIAN_POINT('',(263.,46.,15.));
#4404 = VECTOR('',#4405,1.);
#4405 = DIRECTION('',(1.,0.,-0.));
#4406 = PLANE('',#4407);
#4407 = AXIS2_PLACEMENT_3D('',#4408,#4409,#4410);
#4408 = CARTESIAN_POINT('',(263.,21.,15.));
#4409 = DIRECTION('',(0.,0.,1.));
#4410 = DIRECTION('',(1.,0.,-0.));
#4411 = ADVANCED_FACE('',(#4412),#4430,.T.);
#4412 = FACE_BOUND('',#4413,.T.);
#4413 = EDGE_LOOP('',(#4414,#4415,#4416,#4424));
#4414 = ORIENTED_EDGE('',*,*,#4377,.F.);
#4415 = ORIENTED_EDGE('',*,*,#2475,.T.);
#4416 = ORIENTED_EDGE('',*,*,#4417,.T.);
#4417 = EDGE_CURVE('',#2468,#4418,#4420,.T.);
#4418 = VERTEX_POINT('',#4419);
#4419 = CARTESIAN_POINT('',(265.,46.,295.));
#4420 = LINE('',#4421,#4422);
#4421 = CARTESIAN_POINT('',(265.,21.,295.));
#4422 = VECTOR('',#4423,1.);
#4423 = DIRECTION('',(-0.,1.,0.));
#4424 = ORIENTED_EDGE('',*,*,#4425,.F.);
#4425 = EDGE_CURVE('',#4370,#4418,#4426,.T.);
#4426 = LINE('',#4427,#4428);
#4427 = CARTESIAN_POINT('',(263.,46.,295.));
#4428 = VECTOR('',#4429,1.);
#4429 = DIRECTION('',(1.,0.,-0.));
#4430 = PLANE('',#4431);
#4431 = AXIS2_PLACEMENT_3D('',#4432,#4433,#4434);
#4432 = CARTESIAN_POINT('',(263.,21.,295.));
#4433 = DIRECTION('',(0.,0.,1.));
#4434 = DIRECTION('',(1.,0.,-0.));
#4435 = ADVANCED_FACE('',(#4436),#4447,.T.);
#4436 = FACE_BOUND('',#4437,.T.);
#4437 = EDGE_LOOP('',(#4438,#4439,#4440,#4446));
#4438 = ORIENTED_EDGE('',*,*,#2467,.F.);
#4439 = ORIENTED_EDGE('',*,*,#4393,.T.);
#4440 = ORIENTED_EDGE('',*,*,#4441,.T.);
#4441 = EDGE_CURVE('',#4394,#4418,#4442,.T.);
#4442 = LINE('',#4443,#4444);
#4443 = CARTESIAN_POINT('',(265.,46.,15.));
#4444 = VECTOR('',#4445,1.);
#4445 = DIRECTION('',(0.,0.,1.));
#4446 = ORIENTED_EDGE('',*,*,#4417,.F.);
#4447 = PLANE('',#4448);
#4448 = AXIS2_PLACEMENT_3D('',#4449,#4450,#4451);
#4449 = CARTESIAN_POINT('',(265.,21.,15.));
#4450 = DIRECTION('',(1.,0.,-0.));
#4451 = DIRECTION('',(0.,0.,1.));
#4452 = ADVANCED_FACE('',(#4453),#4478,.F.);
#4453 = FACE_BOUND('',#4454,.F.);
#4454 = EDGE_LOOP('',(#4455,#4456,#4464,#4472));
#4455 = ORIENTED_EDGE('',*,*,#2483,.F.);
#4456 = ORIENTED_EDGE('',*,*,#4457,.T.);
#4457 = EDGE_CURVE('',#2484,#4458,#4460,.T.);
#4458 = VERTEX_POINT('',#4459);
#4459 = CARTESIAN_POINT('',(267.,46.,15.));
#4460 = LINE('',#4461,#4462);
#4461 = CARTESIAN_POINT('',(267.,21.,15.));
#4462 = VECTOR('',#4463,1.);
#4463 = DIRECTION('',(-0.,1.,0.));
#4464 = ORIENTED_EDGE('',*,*,#4465,.T.);
#4465 = EDGE_CURVE('',#4458,#4466,#4468,.T.);
#4466 = VERTEX_POINT('',#4467);
#4467 = CARTESIAN_POINT('',(267.,46.,295.));
#4468 = LINE('',#4469,#4470);
#4469 = CARTESIAN_POINT('',(267.,46.,15.));
#4470 = VECTOR('',#4471,1.);
#4471 = DIRECTION('',(0.,0.,1.));
#4472 = ORIENTED_EDGE('',*,*,#4473,.F.);
#4473 = EDGE_CURVE('',#2486,#4466,#4474,.T.);
#4474 = LINE('',#4475,#4476);
#4475 = CARTESIAN_POINT('',(267.,21.,295.));
#4476 = VECTOR('',#4477,1.);
#4477 = DIRECTION('',(-0.,1.,0.));
#4478 = PLANE('',#4479);
#4479 = AXIS2_PLACEMENT_3D('',#4480,#4481,#4482);
#4480 = CARTESIAN_POINT('',(267.,21.,15.));
#4481 = DIRECTION('',(1.,0.,-0.));
#4482 = DIRECTION('',(0.,0.,1.));
#4483 = ADVANCED_FACE('',(#4484),#4502,.F.);
#4484 = FACE_BOUND('',#4485,.F.);
#4485 = EDGE_LOOP('',(#4486,#4487,#4488,#4496));
#4486 = ORIENTED_EDGE('',*,*,#4457,.F.);
#4487 = ORIENTED_EDGE('',*,*,#2493,.T.);
#4488 = ORIENTED_EDGE('',*,*,#4489,.T.);
#4489 = EDGE_CURVE('',#2494,#4490,#4492,.T.);
#4490 = VERTEX_POINT('',#4491);
#4491 = CARTESIAN_POINT('',(269.,46.,15.));
#4492 = LINE('',#4493,#4494);
#4493 = CARTESIAN_POINT('',(269.,21.,15.));
#4494 = VECTOR('',#4495,1.);
#4495 = DIRECTION('',(-0.,1.,0.));
#4496 = ORIENTED_EDGE('',*,*,#4497,.F.);
#4497 = EDGE_CURVE('',#4458,#4490,#4498,.T.);
#4498 = LINE('',#4499,#4500);
#4499 = CARTESIAN_POINT('',(267.,46.,15.));
#4500 = VECTOR('',#4501,1.);
#4501 = DIRECTION('',(1.,0.,-0.));
#4502 = PLANE('',#4503);
#4503 = AXIS2_PLACEMENT_3D('',#4504,#4505,#4506);
#4504 = CARTESIAN_POINT('',(267.,21.,15.));
#4505 = DIRECTION('',(0.,0.,1.));
#4506 = DIRECTION('',(1.,0.,-0.));
#4507 = ADVANCED_FACE('',(#4508),#4526,.T.);
#4508 = FACE_BOUND('',#4509,.T.);
#4509 = EDGE_LOOP('',(#4510,#4511,#4512,#4520));
#4510 = ORIENTED_EDGE('',*,*,#4473,.F.);
#4511 = ORIENTED_EDGE('',*,*,#2509,.T.);
#4512 = ORIENTED_EDGE('',*,*,#4513,.T.);
#4513 = EDGE_CURVE('',#2502,#4514,#4516,.T.);
#4514 = VERTEX_POINT('',#4515);
#4515 = CARTESIAN_POINT('',(269.,46.,295.));
#4516 = LINE('',#4517,#4518);
#4517 = CARTESIAN_POINT('',(269.,21.,295.));
#4518 = VECTOR('',#4519,1.);
#4519 = DIRECTION('',(-0.,1.,0.));
#4520 = ORIENTED_EDGE('',*,*,#4521,.F.);
#4521 = EDGE_CURVE('',#4466,#4514,#4522,.T.);
#4522 = LINE('',#4523,#4524);
#4523 = CARTESIAN_POINT('',(267.,46.,295.));
#4524 = VECTOR('',#4525,1.);
#4525 = DIRECTION('',(1.,0.,-0.));
#4526 = PLANE('',#4527);
#4527 = AXIS2_PLACEMENT_3D('',#4528,#4529,#4530);
#4528 = CARTESIAN_POINT('',(267.,21.,295.));
#4529 = DIRECTION('',(0.,0.,1.));
#4530 = DIRECTION('',(1.,0.,-0.));
#4531 = ADVANCED_FACE('',(#4532),#4543,.T.);
#4532 = FACE_BOUND('',#4533,.T.);
#4533 = EDGE_LOOP('',(#4534,#4535,#4536,#4542));
#4534 = ORIENTED_EDGE('',*,*,#2501,.F.);
#4535 = ORIENTED_EDGE('',*,*,#4489,.T.);
#4536 = ORIENTED_EDGE('',*,*,#4537,.T.);
#4537 = EDGE_CURVE('',#4490,#4514,#4538,.T.);
#4538 = LINE('',#4539,#4540);
#4539 = CARTESIAN_POINT('',(269.,46.,15.));
#4540 = VECTOR('',#4541,1.);
#4541 = DIRECTION('',(0.,0.,1.));
#4542 = ORIENTED_EDGE('',*,*,#4513,.F.);
#4543 = PLANE('',#4544);
#4544 = AXIS2_PLACEMENT_3D('',#4545,#4546,#4547);
#4545 = CARTESIAN_POINT('',(269.,21.,15.));
#4546 = DIRECTION('',(1.,0.,-0.));
#4547 = DIRECTION('',(0.,0.,1.));
#4548 = ADVANCED_FACE('',(#4549),#4574,.F.);
#4549 = FACE_BOUND('',#4550,.F.);
#4550 = EDGE_LOOP('',(#4551,#4552,#4560,#4568));
#4551 = ORIENTED_EDGE('',*,*,#2517,.F.);
#4552 = ORIENTED_EDGE('',*,*,#4553,.T.);
#4553 = EDGE_CURVE('',#2518,#4554,#4556,.T.);
#4554 = VERTEX_POINT('',#4555);
#4555 = CARTESIAN_POINT('',(271.,46.,15.));
#4556 = LINE('',#4557,#4558);
#4557 = CARTESIAN_POINT('',(271.,21.,15.));
#4558 = VECTOR('',#4559,1.);
#4559 = DIRECTION('',(-0.,1.,0.));
#4560 = ORIENTED_EDGE('',*,*,#4561,.T.);
#4561 = EDGE_CURVE('',#4554,#4562,#4564,.T.);
#4562 = VERTEX_POINT('',#4563);
#4563 = CARTESIAN_POINT('',(271.,46.,295.));
#4564 = LINE('',#4565,#4566);
#4565 = CARTESIAN_POINT('',(271.,46.,15.));
#4566 = VECTOR('',#4567,1.);
#4567 = DIRECTION('',(0.,0.,1.));
#4568 = ORIENTED_EDGE('',*,*,#4569,.F.);
#4569 = EDGE_CURVE('',#2520,#4562,#4570,.T.);
#4570 = LINE('',#4571,#4572);
#4571 = CARTESIAN_POINT('',(271.,21.,295.));
#4572 = VECTOR('',#4573,1.);
#4573 = DIRECTION('',(-0.,1.,0.));
#4574 = PLANE('',#4575);
#4575 = AXIS2_PLACEMENT_3D('',#4576,#4577,#4578);
#4576 = CARTESIAN_POINT('',(271.,21.,15.));
#4577 = DIRECTION('',(1.,0.,-0.));
#4578 = DIRECTION('',(0.,0.,1.));
#4579 = ADVANCED_FACE('',(#4580),#4598,.F.);
#4580 = FACE_BOUND('',#4581,.F.);
#4581 = EDGE_LOOP('',(#4582,#4583,#4584,#4592));
#4582 = ORIENTED_EDGE('',*,*,#4553,.F.);
#4583 = ORIENTED_EDGE('',*,*,#2527,.T.);
#4584 = ORIENTED_EDGE('',*,*,#4585,.T.);
#4585 = EDGE_CURVE('',#2528,#4586,#4588,.T.);
#4586 = VERTEX_POINT('',#4587);
#4587 = CARTESIAN_POINT('',(273.,46.,15.));
#4588 = LINE('',#4589,#4590);
#4589 = CARTESIAN_POINT('',(273.,21.,15.));
#4590 = VECTOR('',#4591,1.);
#4591 = DIRECTION('',(-0.,1.,0.));
#4592 = ORIENTED_EDGE('',*,*,#4593,.F.);
#4593 = EDGE_CURVE('',#4554,#4586,#4594,.T.);
#4594 = LINE('',#4595,#4596);
#4595 = CARTESIAN_POINT('',(271.,46.,15.));
#4596 = VECTOR('',#4597,1.);
#4597 = DIRECTION('',(1.,0.,-0.));
#4598 = PLANE('',#4599);
#4599 = AXIS2_PLACEMENT_3D('',#4600,#4601,#4602);
#4600 = CARTESIAN_POINT('',(271.,21.,15.));
#4601 = DIRECTION('',(0.,0.,1.));
#4602 = DIRECTION('',(1.,0.,-0.));
#4603 = ADVANCED_FACE('',(#4604),#4622,.T.);
#4604 = FACE_BOUND('',#4605,.T.);
#4605 = EDGE_LOOP('',(#4606,#4607,#4608,#4616));
#4606 = ORIENTED_EDGE('',*,*,#4569,.F.);
#4607 = ORIENTED_EDGE('',*,*,#2543,.T.);
#4608 = ORIENTED_EDGE('',*,*,#4609,.T.);
#4609 = EDGE_CURVE('',#2536,#4610,#4612,.T.);
#4610 = VERTEX_POINT('',#4611);
#4611 = CARTESIAN_POINT('',(273.,46.,295.));
#4612 = LINE('',#4613,#4614);
#4613 = CARTESIAN_POINT('',(273.,21.,295.));
#4614 = VECTOR('',#4615,1.);
#4615 = DIRECTION('',(-0.,1.,0.));
#4616 = ORIENTED_EDGE('',*,*,#4617,.F.);
#4617 = EDGE_CURVE('',#4562,#4610,#4618,.T.);
#4618 = LINE('',#4619,#4620);
#4619 = CARTESIAN_POINT('',(271.,46.,295.));
#4620 = VECTOR('',#4621,1.);
#4621 = DIRECTION('',(1.,0.,-0.));
#4622 = PLANE('',#4623);
#4623 = AXIS2_PLACEMENT_3D('',#4624,#4625,#4626);
#4624 = CARTESIAN_POINT('',(271.,21.,295.));
#4625 = DIRECTION('',(0.,0.,1.));
#4626 = DIRECTION('',(1.,0.,-0.));
#4627 = ADVANCED_FACE('',(#4628),#4639,.T.);
#4628 = FACE_BOUND('',#4629,.T.);
#4629 = EDGE_LOOP('',(#4630,#4631,#4632,#4638));
#4630 = ORIENTED_EDGE('',*,*,#2535,.F.);
#4631 = ORIENTED_EDGE('',*,*,#4585,.T.);
#4632 = ORIENTED_EDGE('',*,*,#4633,.T.);
#4633 = EDGE_CURVE('',#4586,#4610,#4634,.T.);
#4634 = LINE('',#4635,#4636);
#4635 = CARTESIAN_POINT('',(273.,46.,15.));
#4636 = VECTOR('',#4637,1.);
#4637 = DIRECTION('',(0.,0.,1.));
#4638 = ORIENTED_EDGE('',*,*,#4609,.F.);
#4639 = PLANE('',#4640);
#4640 = AXIS2_PLACEMENT_3D('',#4641,#4642,#4643);
#4641 = CARTESIAN_POINT('',(273.,21.,15.));
#4642 = DIRECTION('',(1.,0.,-0.));
#4643 = DIRECTION('',(0.,0.,1.));
#4644 = ADVANCED_FACE('',(#4645),#4670,.F.);
#4645 = FACE_BOUND('',#4646,.F.);
#4646 = EDGE_LOOP('',(#4647,#4648,#4656,#4664));
#4647 = ORIENTED_EDGE('',*,*,#2551,.F.);
#4648 = ORIENTED_EDGE('',*,*,#4649,.T.);
#4649 = EDGE_CURVE('',#2552,#4650,#4652,.T.);
#4650 = VERTEX_POINT('',#4651);
#4651 = CARTESIAN_POINT('',(275.,46.,15.));
#4652 = LINE('',#4653,#4654);
#4653 = CARTESIAN_POINT('',(275.,21.,15.));
#4654 = VECTOR('',#4655,1.);
#4655 = DIRECTION('',(-0.,1.,0.));
#4656 = ORIENTED_EDGE('',*,*,#4657,.T.);
#4657 = EDGE_CURVE('',#4650,#4658,#4660,.T.);
#4658 = VERTEX_POINT('',#4659);
#4659 = CARTESIAN_POINT('',(275.,46.,295.));
#4660 = LINE('',#4661,#4662);
#4661 = CARTESIAN_POINT('',(275.,46.,15.));
#4662 = VECTOR('',#4663,1.);
#4663 = DIRECTION('',(0.,0.,1.));
#4664 = ORIENTED_EDGE('',*,*,#4665,.F.);
#4665 = EDGE_CURVE('',#2554,#4658,#4666,.T.);
#4666 = LINE('',#4667,#4668);
#4667 = CARTESIAN_POINT('',(275.,21.,295.));
#4668 = VECTOR('',#4669,1.);
#4669 = DIRECTION('',(-0.,1.,0.));
#4670 = PLANE('',#4671);
#4671 = AXIS2_PLACEMENT_3D('',#4672,#4673,#4674);
#4672 = CARTESIAN_POINT('',(275.,21.,15.));
#4673 = DIRECTION('',(1.,0.,-0.));
#4674 = DIRECTION('',(0.,0.,1.));
#4675 = ADVANCED_FACE('',(#4676),#4694,.F.);
#4676 = FACE_BOUND('',#4677,.F.);
#4677 = EDGE_LOOP('',(#4678,#4679,#4680,#4688));
#4678 = ORIENTED_EDGE('',*,*,#4649,.F.);
#4679 = ORIENTED_EDGE('',*,*,#2561,.T.);
#4680 = ORIENTED_EDGE('',*,*,#4681,.T.);
#4681 = EDGE_CURVE('',#2562,#4682,#4684,.T.);
#4682 = VERTEX_POINT('',#4683);
#4683 = CARTESIAN_POINT('',(277.,46.,15.));
#4684 = LINE('',#4685,#4686);
#4685 = CARTESIAN_POINT('',(277.,21.,15.));
#4686 = VECTOR('',#4687,1.);
#4687 = DIRECTION('',(-0.,1.,0.));
#4688 = ORIENTED_EDGE('',*,*,#4689,.F.);
#4689 = EDGE_CURVE('',#4650,#4682,#4690,.T.);
#4690 = LINE('',#4691,#4692);
#4691 = CARTESIAN_POINT('',(275.,46.,15.));
#4692 = VECTOR('',#4693,1.);
#4693 = DIRECTION('',(1.,0.,-0.));
#4694 = PLANE('',#4695);
#4695 = AXIS2_PLACEMENT_3D('',#4696,#4697,#4698);
#4696 = CARTESIAN_POINT('',(275.,21.,15.));
#4697 = DIRECTION('',(0.,0.,1.));
#4698 = DIRECTION('',(1.,0.,-0.));
#4699 = ADVANCED_FACE('',(#4700),#4718,.T.);
#4700 = FACE_BOUND('',#4701,.T.);
#4701 = EDGE_LOOP('',(#4702,#4703,#4704,#4712));
#4702 = ORIENTED_EDGE('',*,*,#4665,.F.);
#4703 = ORIENTED_EDGE('',*,*,#2577,.T.);
#4704 = ORIENTED_EDGE('',*,*,#4705,.T.);
#4705 = EDGE_CURVE('',#2570,#4706,#4708,.T.);
#4706 = VERTEX_POINT('',#4707);
#4707 = CARTESIAN_POINT('',(277.,46.,295.));
#4708 = LINE('',#4709,#4710);
#4709 = CARTESIAN_POINT('',(277.,21.,295.));
#4710 = VECTOR('',#4711,1.);
#4711 = DIRECTION('',(-0.,1.,0.));
#4712 = ORIENTED_EDGE('',*,*,#4713,.F.);
#4713 = EDGE_CURVE('',#4658,#4706,#4714,.T.);
#4714 = LINE('',#4715,#4716);
#4715 = CARTESIAN_POINT('',(275.,46.,295.));
#4716 = VECTOR('',#4717,1.);
#4717 = DIRECTION('',(1.,0.,-0.));
#4718 = PLANE('',#4719);
#4719 = AXIS2_PLACEMENT_3D('',#4720,#4721,#4722);
#4720 = CARTESIAN_POINT('',(275.,21.,295.));
#4721 = DIRECTION('',(0.,0.,1.));
#4722 = DIRECTION('',(1.,0.,-0.));
#4723 = ADVANCED_FACE('',(#4724),#4735,.T.);
#4724 = FACE_BOUND('',#4725,.T.);
#4725 = EDGE_LOOP('',(#4726,#4727,#4728,#4734));
#4726 = ORIENTED_EDGE('',*,*,#2569,.F.);
#4727 = ORIENTED_EDGE('',*,*,#4681,.T.);
#4728 = ORIENTED_EDGE('',*,*,#4729,.T.);
#4729 = EDGE_CURVE('',#4682,#4706,#4730,.T.);
#4730 = LINE('',#4731,#4732);
#4731 = CARTESIAN_POINT('',(277.,46.,15.));
#4732 = VECTOR('',#4733,1.);
#4733 = DIRECTION('',(0.,0.,1.));
#4734 = ORIENTED_EDGE('',*,*,#4705,.F.);
#4735 = PLANE('',#4736);
#4736 = AXIS2_PLACEMENT_3D('',#4737,#4738,#4739);
#4737 = CARTESIAN_POINT('',(277.,21.,15.));
#4738 = DIRECTION('',(1.,0.,-0.));
#4739 = DIRECTION('',(0.,0.,1.));
#4740 = ADVANCED_FACE('',(#4741),#4766,.F.);
#4741 = FACE_BOUND('',#4742,.F.);
#4742 = EDGE_LOOP('',(#4743,#4744,#4752,#4760));
#4743 = ORIENTED_EDGE('',*,*,#2585,.F.);
#4744 = ORIENTED_EDGE('',*,*,#4745,.T.);
#4745 = EDGE_CURVE('',#2586,#4746,#4748,.T.);
#4746 = VERTEX_POINT('',#4747);
#4747 = CARTESIAN_POINT('',(279.,46.,15.));
#4748 = LINE('',#4749,#4750);
#4749 = CARTESIAN_POINT('',(279.,21.,15.));
#4750 = VECTOR('',#4751,1.);
#4751 = DIRECTION('',(-0.,1.,0.));
#4752 = ORIENTED_EDGE('',*,*,#4753,.T.);
#4753 = EDGE_CURVE('',#4746,#4754,#4756,.T.);
#4754 = VERTEX_POINT('',#4755);
#4755 = CARTESIAN_POINT('',(279.,46.,295.));
#4756 = LINE('',#4757,#4758);
#4757 = CARTESIAN_POINT('',(279.,46.,15.));
#4758 = VECTOR('',#4759,1.);
#4759 = DIRECTION('',(0.,0.,1.));
#4760 = ORIENTED_EDGE('',*,*,#4761,.F.);
#4761 = EDGE_CURVE('',#2588,#4754,#4762,.T.);
#4762 = LINE('',#4763,#4764);
#4763 = CARTESIAN_POINT('',(279.,21.,295.));
#4764 = VECTOR('',#4765,1.);
#4765 = DIRECTION('',(-0.,1.,0.));
#4766 = PLANE('',#4767);
#4767 = AXIS2_PLACEMENT_3D('',#4768,#4769,#4770);
#4768 = CARTESIAN_POINT('',(279.,21.,15.));
#4769 = DIRECTION('',(1.,0.,-0.));
#4770 = DIRECTION('',(0.,0.,1.));
#4771 = ADVANCED_FACE('',(#4772),#4790,.F.);
#4772 = FACE_BOUND('',#4773,.F.);
#4773 = EDGE_LOOP('',(#4774,#4775,#4776,#4784));
#4774 = ORIENTED_EDGE('',*,*,#4745,.F.);
#4775 = ORIENTED_EDGE('',*,*,#2595,.T.);
#4776 = ORIENTED_EDGE('',*,*,#4777,.T.);
#4777 = EDGE_CURVE('',#2596,#4778,#4780,.T.);
#4778 = VERTEX_POINT('',#4779);
#4779 = CARTESIAN_POINT('',(281.,46.,15.));
#4780 = LINE('',#4781,#4782);
#4781 = CARTESIAN_POINT('',(281.,21.,15.));
#4782 = VECTOR('',#4783,1.);
#4783 = DIRECTION('',(-0.,1.,0.));
#4784 = ORIENTED_EDGE('',*,*,#4785,.F.);
#4785 = EDGE_CURVE('',#4746,#4778,#4786,.T.);
#4786 = LINE('',#4787,#4788);
#4787 = CARTESIAN_POINT('',(279.,46.,15.));
#4788 = VECTOR('',#4789,1.);
#4789 = DIRECTION('',(1.,0.,-0.));
#4790 = PLANE('',#4791);
#4791 = AXIS2_PLACEMENT_3D('',#4792,#4793,#4794);
#4792 = CARTESIAN_POINT('',(279.,21.,15.));
#4793 = DIRECTION('',(0.,0.,1.));
#4794 = DIRECTION('',(1.,0.,-0.));
#4795 = ADVANCED_FACE('',(#4796),#4814,.T.);
#4796 = FACE_BOUND('',#4797,.T.);
#4797 = EDGE_LOOP('',(#4798,#4799,#4800,#4808));
#4798 = ORIENTED_EDGE('',*,*,#4761,.F.);
#4799 = ORIENTED_EDGE('',*,*,#2611,.T.);
#4800 = ORIENTED_EDGE('',*,*,#4801,.T.);
#4801 = EDGE_CURVE('',#2604,#4802,#4804,.T.);
#4802 = VERTEX_POINT('',#4803);
#4803 = CARTESIAN_POINT('',(281.,46.,295.));
#4804 = LINE('',#4805,#4806);
#4805 = CARTESIAN_POINT('',(281.,21.,295.));
#4806 = VECTOR('',#4807,1.);
#4807 = DIRECTION('',(-0.,1.,0.));
#4808 = ORIENTED_EDGE('',*,*,#4809,.F.);
#4809 = EDGE_CURVE('',#4754,#4802,#4810,.T.);
#4810 = LINE('',#4811,#4812);
#4811 = CARTESIAN_POINT('',(279.,46.,295.));
#4812 = VECTOR('',#4813,1.);
#4813 = DIRECTION('',(1.,0.,-0.));
#4814 = PLANE('',#4815);
#4815 = AXIS2_PLACEMENT_3D('',#4816,#4817,#4818);
#4816 = CARTESIAN_POINT('',(279.,21.,295.));
#4817 = DIRECTION('',(0.,0.,1.));
#4818 = DIRECTION('',(1.,0.,-0.));
#4819 = ADVANCED_FACE('',(#4820),#4831,.T.);
#4820 = FACE_BOUND('',#4821,.T.);
#4821 = EDGE_LOOP('',(#4822,#4823,#4824,#4830));
#4822 = ORIENTED_EDGE('',*,*,#2603,.F.);
#4823 = ORIENTED_EDGE('',*,*,#4777,.T.);
#4824 = ORIENTED_EDGE('',*,*,#4825,.T.);
#4825 = EDGE_CURVE('',#4778,#4802,#4826,.T.);
#4826 = LINE('',#4827,#4828);
#4827 = CARTESIAN_POINT('',(281.,46.,15.));
#4828 = VECTOR('',#4829,1.);
#4829 = DIRECTION('',(0.,0.,1.));
#4830 = ORIENTED_EDGE('',*,*,#4801,.F.);
#4831 = PLANE('',#4832);
#4832 = AXIS2_PLACEMENT_3D('',#4833,#4834,#4835);
#4833 = CARTESIAN_POINT('',(281.,21.,15.));
#4834 = DIRECTION('',(1.,0.,-0.));
#4835 = DIRECTION('',(0.,0.,1.));
#4836 = ADVANCED_FACE('',(#4837),#4862,.F.);
#4837 = FACE_BOUND('',#4838,.F.);
#4838 = EDGE_LOOP('',(#4839,#4840,#4848,#4856));
#4839 = ORIENTED_EDGE('',*,*,#2619,.F.);
#4840 = ORIENTED_EDGE('',*,*,#4841,.T.);
#4841 = EDGE_CURVE('',#2620,#4842,#4844,.T.);
#4842 = VERTEX_POINT('',#4843);
#4843 = CARTESIAN_POINT('',(283.,46.,15.));
#4844 = LINE('',#4845,#4846);
#4845 = CARTESIAN_POINT('',(283.,21.,15.));
#4846 = VECTOR('',#4847,1.);
#4847 = DIRECTION('',(-0.,1.,0.));
#4848 = ORIENTED_EDGE('',*,*,#4849,.T.);
#4849 = EDGE_CURVE('',#4842,#4850,#4852,.T.);
#4850 = VERTEX_POINT('',#4851);
#4851 = CARTESIAN_POINT('',(283.,46.,295.));
#4852 = LINE('',#4853,#4854);
#4853 = CARTESIAN_POINT('',(283.,46.,15.));
#4854 = VECTOR('',#4855,1.);
#4855 = DIRECTION('',(0.,0.,1.));
#4856 = ORIENTED_EDGE('',*,*,#4857,.F.);
#4857 = EDGE_CURVE('',#2622,#4850,#4858,.T.);
#4858 = LINE('',#4859,#4860);
#4859 = CARTESIAN_POINT('',(283.,21.,295.));
#4860 = VECTOR('',#4861,1.);
#4861 = DIRECTION('',(-0.,1.,0.));
#4862 = PLANE('',#4863);
#4863 = AXIS2_PLACEMENT_3D('',#4864,#4865,#4866);
#4864 = CARTESIAN_POINT('',(283.,21.,15.));
#4865 = DIRECTION('',(1.,0.,-0.));
#4866 = DIRECTION('',(0.,0.,1.));
#4867 = ADVANCED_FACE('',(#4868),#4886,.F.);
#4868 = FACE_BOUND('',#4869,.F.);
#4869 = EDGE_LOOP('',(#4870,#4871,#4872,#4880));
#4870 = ORIENTED_EDGE('',*,*,#4841,.F.);
#4871 = ORIENTED_EDGE('',*,*,#2629,.T.);
#4872 = ORIENTED_EDGE('',*,*,#4873,.T.);
#4873 = EDGE_CURVE('',#2630,#4874,#4876,.T.);
#4874 = VERTEX_POINT('',#4875);
#4875 = CARTESIAN_POINT('',(285.,46.,15.));
#4876 = LINE('',#4877,#4878);
#4877 = CARTESIAN_POINT('',(285.,21.,15.));
#4878 = VECTOR('',#4879,1.);
#4879 = DIRECTION('',(-0.,1.,0.));
#4880 = ORIENTED_EDGE('',*,*,#4881,.F.);
#4881 = EDGE_CURVE('',#4842,#4874,#4882,.T.);
#4882 = LINE('',#4883,#4884);
#4883 = CARTESIAN_POINT('',(283.,46.,15.));
#4884 = VECTOR('',#4885,1.);
#4885 = DIRECTION('',(1.,0.,-0.));
#4886 = PLANE('',#4887);
#4887 = AXIS2_PLACEMENT_3D('',#4888,#4889,#4890);
#4888 = CARTESIAN_POINT('',(283.,21.,15.));
#4889 = DIRECTION('',(0.,0.,1.));
#4890 = DIRECTION('',(1.,0.,-0.));
#4891 = ADVANCED_FACE('',(#4892),#4910,.T.);
#4892 = FACE_BOUND('',#4893,.T.);
#4893 = EDGE_LOOP('',(#4894,#4895,#4896,#4904));
#4894 = ORIENTED_EDGE('',*,*,#4857,.F.);
#4895 = ORIENTED_EDGE('',*,*,#2645,.T.);
#4896 = ORIENTED_EDGE('',*,*,#4897,.T.);
#4897 = EDGE_CURVE('',#2638,#4898,#4900,.T.);
#4898 = VERTEX_POINT('',#4899);
#4899 = CARTESIAN_POINT('',(285.,46.,295.));
#4900 = LINE('',#4901,#4902);
#4901 = CARTESIAN_POINT('',(285.,21.,295.));
#4902 = VECTOR('',#4903,1.);
#4903 = DIRECTION('',(-0.,1.,0.));
#4904 = ORIENTED_EDGE('',*,*,#4905,.F.);
#4905 = EDGE_CURVE('',#4850,#4898,#4906,.T.);
#4906 = LINE('',#4907,#4908);
#4907 = CARTESIAN_POINT('',(283.,46.,295.));
#4908 = VECTOR('',#4909,1.);
#4909 = DIRECTION('',(1.,0.,-0.));
#4910 = PLANE('',#4911);
#4911 = AXIS2_PLACEMENT_3D('',#4912,#4913,#4914);
#4912 = CARTESIAN_POINT('',(283.,21.,295.));
#4913 = DIRECTION('',(0.,0.,1.));
#4914 = DIRECTION('',(1.,0.,-0.));
#4915 = ADVANCED_FACE('',(#4916),#4927,.T.);
#4916 = FACE_BOUND('',#4917,.T.);
#4917 = EDGE_LOOP('',(#4918,#4919,#4920,#4926));
#4918 = ORIENTED_EDGE('',*,*,#2637,.F.);
#4919 = ORIENTED_EDGE('',*,*,#4873,.T.);
#4920 = ORIENTED_EDGE('',*,*,#4921,.T.);
#4921 = EDGE_CURVE('',#4874,#4898,#4922,.T.);
#4922 = LINE('',#4923,#4924);
#4923 = CARTESIAN_POINT('',(285.,46.,15.));
#4924 = VECTOR('',#4925,1.);
#4925 = DIRECTION('',(0.,0.,1.));
#4926 = ORIENTED_EDGE('',*,*,#4897,.F.);
#4927 = PLANE('',#4928);
#4928 = AXIS2_PLACEMENT_3D('',#4929,#4930,#4931);
#4929 = CARTESIAN_POINT('',(285.,21.,15.));
#4930 = DIRECTION('',(1.,0.,-0.));
#4931 = DIRECTION('',(0.,0.,1.));
#4932 = ADVANCED_FACE('',(#4933),#4958,.F.);
#4933 = FACE_BOUND('',#4934,.F.);
#4934 = EDGE_LOOP('',(#4935,#4936,#4944,#4952));
#4935 = ORIENTED_EDGE('',*,*,#2653,.F.);
#4936 = ORIENTED_EDGE('',*,*,#4937,.T.);
#4937 = EDGE_CURVE('',#2654,#4938,#4940,.T.);
#4938 = VERTEX_POINT('',#4939);
#4939 = CARTESIAN_POINT('',(287.,46.,15.));
#4940 = LINE('',#4941,#4942);
#4941 = CARTESIAN_POINT('',(287.,21.,15.));
#4942 = VECTOR('',#4943,1.);
#4943 = DIRECTION('',(-0.,1.,0.));
#4944 = ORIENTED_EDGE('',*,*,#4945,.T.);
#4945 = EDGE_CURVE('',#4938,#4946,#4948,.T.);
#4946 = VERTEX_POINT('',#4947);
#4947 = CARTESIAN_POINT('',(287.,46.,295.));
#4948 = LINE('',#4949,#4950);
#4949 = CARTESIAN_POINT('',(287.,46.,15.));
#4950 = VECTOR('',#4951,1.);
#4951 = DIRECTION('',(0.,0.,1.));
#4952 = ORIENTED_EDGE('',*,*,#4953,.F.);
#4953 = EDGE_CURVE('',#2656,#4946,#4954,.T.);
#4954 = LINE('',#4955,#4956);
#4955 = CARTESIAN_POINT('',(287.,21.,295.));
#4956 = VECTOR('',#4957,1.);
#4957 = DIRECTION('',(-0.,1.,0.));
#4958 = PLANE('',#4959);
#4959 = AXIS2_PLACEMENT_3D('',#4960,#4961,#4962);
#4960 = CARTESIAN_POINT('',(287.,21.,15.));
#4961 = DIRECTION('',(1.,0.,-0.));
#4962 = DIRECTION('',(0.,0.,1.));
#4963 = ADVANCED_FACE('',(#4964),#4982,.F.);
#4964 = FACE_BOUND('',#4965,.F.);
#4965 = EDGE_LOOP('',(#4966,#4967,#4968,#4976));
#4966 = ORIENTED_EDGE('',*,*,#4937,.F.);
#4967 = ORIENTED_EDGE('',*,*,#2663,.T.);
#4968 = ORIENTED_EDGE('',*,*,#4969,.T.);
#4969 = EDGE_CURVE('',#2664,#4970,#4972,.T.);
#4970 = VERTEX_POINT('',#4971);
#4971 = CARTESIAN_POINT('',(289.,46.,15.));
#4972 = LINE('',#4973,#4974);
#4973 = CARTESIAN_POINT('',(289.,21.,15.));
#4974 = VECTOR('',#4975,1.);
#4975 = DIRECTION('',(-0.,1.,0.));
#4976 = ORIENTED_EDGE('',*,*,#4977,.F.);
#4977 = EDGE_CURVE('',#4938,#4970,#4978,.T.);
#4978 = LINE('',#4979,#4980);
#4979 = CARTESIAN_POINT('',(287.,46.,15.));
#4980 = VECTOR('',#4981,1.);
#4981 = DIRECTION('',(1.,0.,-0.));
#4982 = PLANE('',#4983);
#4983 = AXIS2_PLACEMENT_3D('',#4984,#4985,#4986);
#4984 = CARTESIAN_POINT('',(287.,21.,15.));
#4985 = DIRECTION('',(0.,0.,1.));
#4986 = DIRECTION('',(1.,0.,-0.));
#4987 = ADVANCED_FACE('',(#4988),#5006,.T.);
#4988 = FACE_BOUND('',#4989,.T.);
#4989 = EDGE_LOOP('',(#4990,#4991,#4992,#5000));
#4990 = ORIENTED_EDGE('',*,*,#4953,.F.);
#4991 = ORIENTED_EDGE('',*,*,#2679,.T.);
#4992 = ORIENTED_EDGE('',*,*,#4993,.T.);
#4993 = EDGE_CURVE('',#2672,#4994,#4996,.T.);
#4994 = VERTEX_POINT('',#4995);
#4995 = CARTESIAN_POINT('',(289.,46.,295.));
#4996 = LINE('',#4997,#4998);
#4997 = CARTESIAN_POINT('',(289.,21.,295.));
#4998 = VECTOR('',#4999,1.);
#4999 = DIRECTION('',(-0.,1.,0.));
#5000 = ORIENTED_EDGE('',*,*,#5001,.F.);
#5001 = EDGE_CURVE('',#4946,#4994,#5002,.T.);
#5002 = LINE('',#5003,#5004);
#5003 = CARTESIAN_POINT('',(287.,46.,295.));
#5004 = VECTOR('',#5005,1.);
#5005 = DIRECTION('',(1.,0.,-0.));
#5006 = PLANE('',#5007);
#5007 = AXIS2_PLACEMENT_3D('',#5008,#5009,#5010);
#5008 = CARTESIAN_POINT('',(287.,21.,295.));
#5009 = DIRECTION('',(0.,0.,1.));
#5010 = DIRECTION('',(1.,0.,-0.));
#5011 = ADVANCED_FACE('',(#5012),#5023,.T.);
#5012 = FACE_BOUND('',#5013,.T.);
#5013 = EDGE_LOOP('',(#5014,#5015,#5016,#5022));
#5014 = ORIENTED_EDGE('',*,*,#2671,.F.);
#5015 = ORIENTED_EDGE('',*,*,#4969,.T.);
#5016 = ORIENTED_EDGE('',*,*,#5017,.T.);
#5017 = EDGE_CURVE('',#4970,#4994,#5018,.T.);
#5018 = LINE('',#5019,#5020);
#5019 = CARTESIAN_POINT('',(289.,46.,15.));
#5020 = VECTOR('',#5021,1.);
#5021 = DIRECTION('',(0.,0.,1.));
#5022 = ORIENTED_EDGE('',*,*,#4993,.F.);
#5023 = PLANE('',#5024);
#5024 = AXIS2_PLACEMENT_3D('',#5025,#5026,#5027);
#5025 = CARTESIAN_POINT('',(289.,21.,15.));
#5026 = DIRECTION('',(1.,0.,-0.));
#5027 = DIRECTION('',(0.,0.,1.));
#5028 = ADVANCED_FACE('',(#5029),#5054,.F.);
#5029 = FACE_BOUND('',#5030,.F.);
#5030 = EDGE_LOOP('',(#5031,#5032,#5040,#5048));
#5031 = ORIENTED_EDGE('',*,*,#2687,.F.);
#5032 = ORIENTED_EDGE('',*,*,#5033,.T.);
#5033 = EDGE_CURVE('',#2688,#5034,#5036,.T.);
#5034 = VERTEX_POINT('',#5035);
#5035 = CARTESIAN_POINT('',(291.,46.,15.));
#5036 = LINE('',#5037,#5038);
#5037 = CARTESIAN_POINT('',(291.,21.,15.));
#5038 = VECTOR('',#5039,1.);
#5039 = DIRECTION('',(-0.,1.,0.));
#5040 = ORIENTED_EDGE('',*,*,#5041,.T.);
#5041 = EDGE_CURVE('',#5034,#5042,#5044,.T.);
#5042 = VERTEX_POINT('',#5043);
#5043 = CARTESIAN_POINT('',(291.,46.,295.));
#5044 = LINE('',#5045,#5046);
#5045 = CARTESIAN_POINT('',(291.,46.,15.));
#5046 = VECTOR('',#5047,1.);
#5047 = DIRECTION('',(0.,0.,1.));
#5048 = ORIENTED_EDGE('',*,*,#5049,.F.);
#5049 = EDGE_CURVE('',#2690,#5042,#5050,.T.);
#5050 = LINE('',#5051,#5052);
#5051 = CARTESIAN_POINT('',(291.,21.,295.));
#5052 = VECTOR('',#5053,1.);
#5053 = DIRECTION('',(-0.,1.,0.));
#5054 = PLANE('',#5055);
#5055 = AXIS2_PLACEMENT_3D('',#5056,#5057,#5058);
#5056 = CARTESIAN_POINT('',(291.,21.,15.));
#5057 = DIRECTION('',(1.,0.,-0.));
#5058 = DIRECTION('',(0.,0.,1.));
#5059 = ADVANCED_FACE('',(#5060),#5078,.F.);
#5060 = FACE_BOUND('',#5061,.F.);
#5061 = EDGE_LOOP('',(#5062,#5063,#5064,#5072));
#5062 = ORIENTED_EDGE('',*,*,#5033,.F.);
#5063 = ORIENTED_EDGE('',*,*,#2697,.T.);
#5064 = ORIENTED_EDGE('',*,*,#5065,.T.);
#5065 = EDGE_CURVE('',#2698,#5066,#5068,.T.);
#5066 = VERTEX_POINT('',#5067);
#5067 = CARTESIAN_POINT('',(293.,46.,15.));
#5068 = LINE('',#5069,#5070);
#5069 = CARTESIAN_POINT('',(293.,21.,15.));
#5070 = VECTOR('',#5071,1.);
#5071 = DIRECTION('',(-0.,1.,0.));
#5072 = ORIENTED_EDGE('',*,*,#5073,.F.);
#5073 = EDGE_CURVE('',#5034,#5066,#5074,.T.);
#5074 = LINE('',#5075,#5076);
#5075 = CARTESIAN_POINT('',(291.,46.,15.));
#5076 = VECTOR('',#5077,1.);
#5077 = DIRECTION('',(1.,0.,-0.));
#5078 = PLANE('',#5079);
#5079 = AXIS2_PLACEMENT_3D('',#5080,#5081,#5082);
#5080 = CARTESIAN_POINT('',(291.,21.,15.));
#5081 = DIRECTION('',(0.,0.,1.));
#5082 = DIRECTION('',(1.,0.,-0.));
#5083 = ADVANCED_FACE('',(#5084),#5102,.T.);
#5084 = FACE_BOUND('',#5085,.T.);
#5085 = EDGE_LOOP('',(#5086,#5087,#5088,#5096));
#5086 = ORIENTED_EDGE('',*,*,#5049,.F.);
#5087 = ORIENTED_EDGE('',*,*,#2713,.T.);
#5088 = ORIENTED_EDGE('',*,*,#5089,.T.);
#5089 = EDGE_CURVE('',#2706,#5090,#5092,.T.);
#5090 = VERTEX_POINT('',#5091);
#5091 = CARTESIAN_POINT('',(293.,46.,295.));
#5092 = LINE('',#5093,#5094);
#5093 = CARTESIAN_POINT('',(293.,21.,295.));
#5094 = VECTOR('',#5095,1.);
#5095 = DIRECTION('',(-0.,1.,0.));
#5096 = ORIENTED_EDGE('',*,*,#5097,.F.);
#5097 = EDGE_CURVE('',#5042,#5090,#5098,.T.);
#5098 = LINE('',#5099,#5100);
#5099 = CARTESIAN_POINT('',(291.,46.,295.));
#5100 = VECTOR('',#5101,1.);
#5101 = DIRECTION('',(1.,0.,-0.));
#5102 = PLANE('',#5103);
#5103 = AXIS2_PLACEMENT_3D('',#5104,#5105,#5106);
#5104 = CARTESIAN_POINT('',(291.,21.,295.));
#5105 = DIRECTION('',(0.,0.,1.));
#5106 = DIRECTION('',(1.,0.,-0.));
#5107 = ADVANCED_FACE('',(#5108),#5119,.T.);
#5108 = FACE_BOUND('',#5109,.T.);
#5109 = EDGE_LOOP('',(#5110,#5111,#5112,#5118));
#5110 = ORIENTED_EDGE('',*,*,#2705,.F.);
#5111 = ORIENTED_EDGE('',*,*,#5065,.T.);
#5112 = ORIENTED_EDGE('',*,*,#5113,.T.);
#5113 = EDGE_CURVE('',#5066,#5090,#5114,.T.);
#5114 = LINE('',#5115,#5116);
#5115 = CARTESIAN_POINT('',(293.,46.,15.));
#5116 = VECTOR('',#5117,1.);
#5117 = DIRECTION('',(0.,0.,1.));
#5118 = ORIENTED_EDGE('',*,*,#5089,.F.);
#5119 = PLANE('',#5120);
#5120 = AXIS2_PLACEMENT_3D('',#5121,#5122,#5123);
#5121 = CARTESIAN_POINT('',(293.,21.,15.));
#5122 = DIRECTION('',(1.,0.,-0.));
#5123 = DIRECTION('',(0.,0.,1.));
#5124 = ADVANCED_FACE('',(#5125),#5150,.F.);
#5125 = FACE_BOUND('',#5126,.F.);
#5126 = EDGE_LOOP('',(#5127,#5128,#5136,#5144));
#5127 = ORIENTED_EDGE('',*,*,#2721,.F.);
#5128 = ORIENTED_EDGE('',*,*,#5129,.T.);
#5129 = EDGE_CURVE('',#2722,#5130,#5132,.T.);
#5130 = VERTEX_POINT('',#5131);
#5131 = CARTESIAN_POINT('',(295.,46.,15.));
#5132 = LINE('',#5133,#5134);
#5133 = CARTESIAN_POINT('',(295.,21.,15.));
#5134 = VECTOR('',#5135,1.);
#5135 = DIRECTION('',(-0.,1.,0.));
#5136 = ORIENTED_EDGE('',*,*,#5137,.T.);
#5137 = EDGE_CURVE('',#5130,#5138,#5140,.T.);
#5138 = VERTEX_POINT('',#5139);
#5139 = CARTESIAN_POINT('',(295.,46.,295.));
#5140 = LINE('',#5141,#5142);
#5141 = CARTESIAN_POINT('',(295.,46.,15.));
#5142 = VECTOR('',#5143,1.);
#5143 = DIRECTION('',(0.,0.,1.));
#5144 = ORIENTED_EDGE('',*,*,#5145,.F.);
#5145 = EDGE_CURVE('',#2724,#5138,#5146,.T.);
#5146 = LINE('',#5147,#5148);
#5147 = CARTESIAN_POINT('',(295.,21.,295.));
#5148 = VECTOR('',#5149,1.);
#5149 = DIRECTION('',(-0.,1.,0.));
#5150 = PLANE('',#5151);
#5151 = AXIS2_PLACEMENT_3D('',#5152,#5153,#5154);
#5152 = CARTESIAN_POINT('',(295.,21.,15.));
#5153 = DIRECTION('',(1.,0.,-0.));
#5154 = DIRECTION('',(0.,0.,1.));
#5155 = ADVANCED_FACE('',(#5156),#5174,.F.);
#5156 = FACE_BOUND('',#5157,.F.);
#5157 = EDGE_LOOP('',(#5158,#5159,#5160,#5168));
#5158 = ORIENTED_EDGE('',*,*,#5129,.F.);
#5159 = ORIENTED_EDGE('',*,*,#2731,.T.);
#5160 = ORIENTED_EDGE('',*,*,#5161,.T.);
#5161 = EDGE_CURVE('',#2732,#5162,#5164,.T.);
#5162 = VERTEX_POINT('',#5163);
#5163 = CARTESIAN_POINT('',(297.,46.,15.));
#5164 = LINE('',#5165,#5166);
#5165 = CARTESIAN_POINT('',(297.,21.,15.));
#5166 = VECTOR('',#5167,1.);
#5167 = DIRECTION('',(-0.,1.,0.));
#5168 = ORIENTED_EDGE('',*,*,#5169,.F.);
#5169 = EDGE_CURVE('',#5130,#5162,#5170,.T.);
#5170 = LINE('',#5171,#5172);
#5171 = CARTESIAN_POINT('',(295.,46.,15.));
#5172 = VECTOR('',#5173,1.);
#5173 = DIRECTION('',(1.,0.,-0.));
#5174 = PLANE('',#5175);
#5175 = AXIS2_PLACEMENT_3D('',#5176,#5177,#5178);
#5176 = CARTESIAN_POINT('',(295.,21.,15.));
#5177 = DIRECTION('',(0.,0.,1.));
#5178 = DIRECTION('',(1.,0.,-0.));
#5179 = ADVANCED_FACE('',(#5180),#5198,.T.);
#5180 = FACE_BOUND('',#5181,.T.);
#5181 = EDGE_LOOP('',(#5182,#5183,#5184,#5192));
#5182 = ORIENTED_EDGE('',*,*,#5145,.F.);
#5183 = ORIENTED_EDGE('',*,*,#2747,.T.);
#5184 = ORIENTED_EDGE('',*,*,#5185,.T.);
#5185 = EDGE_CURVE('',#2740,#5186,#5188,.T.);
#5186 = VERTEX_POINT('',#5187);
#5187 = CARTESIAN_POINT('',(297.,46.,295.));
#5188 = LINE('',#5189,#5190);
#5189 = CARTESIAN_POINT('',(297.,21.,295.));
#5190 = VECTOR('',#5191,1.);
#5191 = DIRECTION('',(-0.,1.,0.));
#5192 = ORIENTED_EDGE('',*,*,#5193,.F.);
#5193 = EDGE_CURVE('',#5138,#5186,#5194,.T.);
#5194 = LINE('',#5195,#5196);
#5195 = CARTESIAN_POINT('',(295.,46.,295.));
#5196 = VECTOR('',#5197,1.);
#5197 = DIRECTION('',(1.,0.,-0.));
#5198 = PLANE('',#5199);
#5199 = AXIS2_PLACEMENT_3D('',#5200,#5201,#5202);
#5200 = CARTESIAN_POINT('',(295.,21.,295.));
#5201 = DIRECTION('',(0.,0.,1.));
#5202 = DIRECTION('',(1.,0.,-0.));
#5203 = ADVANCED_FACE('',(#5204),#5215,.T.);
#5204 = FACE_BOUND('',#5205,.T.);
#5205 = EDGE_LOOP('',(#5206,#5207,#5208,#5214));
#5206 = ORIENTED_EDGE('',*,*,#2739,.F.);
#5207 = ORIENTED_EDGE('',*,*,#5161,.T.);
#5208 = ORIENTED_EDGE('',*,*,#5209,.T.);
#5209 = EDGE_CURVE('',#5162,#5186,#5210,.T.);
#5210 = LINE('',#5211,#5212);
#5211 = CARTESIAN_POINT('',(297.,46.,15.));
#5212 = VECTOR('',#5213,1.);
#5213 = DIRECTION('',(0.,0.,1.));
#5214 = ORIENTED_EDGE('',*,*,#5185,.F.);
#5215 = PLANE('',#5216);
#5216 = AXIS2_PLACEMENT_3D('',#5217,#5218,#5219);
#5217 = CARTESIAN_POINT('',(297.,21.,15.));
#5218 = DIRECTION('',(1.,0.,-0.));
#5219 = DIRECTION('',(0.,0.,1.));
#5220 = ADVANCED_FACE('',(#5221),#5246,.F.);
#5221 = FACE_BOUND('',#5222,.F.);
#5222 = EDGE_LOOP('',(#5223,#5224,#5232,#5240));
#5223 = ORIENTED_EDGE('',*,*,#2755,.F.);
#5224 = ORIENTED_EDGE('',*,*,#5225,.T.);
#5225 = EDGE_CURVE('',#2756,#5226,#5228,.T.);
#5226 = VERTEX_POINT('',#5227);
#5227 = CARTESIAN_POINT('',(299.,46.,15.));
#5228 = LINE('',#5229,#5230);
#5229 = CARTESIAN_POINT('',(299.,21.,15.));
#5230 = VECTOR('',#5231,1.);
#5231 = DIRECTION('',(-0.,1.,0.));
#5232 = ORIENTED_EDGE('',*,*,#5233,.T.);
#5233 = EDGE_CURVE('',#5226,#5234,#5236,.T.);
#5234 = VERTEX_POINT('',#5235);
#5235 = CARTESIAN_POINT('',(299.,46.,295.));
#5236 = LINE('',#5237,#5238);
#5237 = CARTESIAN_POINT('',(299.,46.,15.));
#5238 = VECTOR('',#5239,1.);
#5239 = DIRECTION('',(0.,0.,1.));
#5240 = ORIENTED_EDGE('',*,*,#5241,.F.);
#5241 = EDGE_CURVE('',#2758,#5234,#5242,.T.);
#5242 = LINE('',#5243,#5244);
#5243 = CARTESIAN_POINT('',(299.,21.,295.));
#5244 = VECTOR('',#5245,1.);
#5245 = DIRECTION('',(-0.,1.,0.));
#5246 = PLANE('',#5247);
#5247 = AXIS2_PLACEMENT_3D('',#5248,#5249,#5250);
#5248 = CARTESIAN_POINT('',(299.,21.,15.));
#5249 = DIRECTION('',(1.,0.,-0.));
#5250 = DIRECTION('',(0.,0.,1.));
#5251 = ADVANCED_FACE('',(#5252),#5270,.T.);
#5252 = FACE_BOUND('',#5253,.T.);
#5253 = EDGE_LOOP('',(#5254,#5255,#5256,#5264));
#5254 = ORIENTED_EDGE('',*,*,#5241,.F.);
#5255 = ORIENTED_EDGE('',*,*,#2781,.T.);
#5256 = ORIENTED_EDGE('',*,*,#5257,.T.);
#5257 = EDGE_CURVE('',#2774,#5258,#5260,.T.);
#5258 = VERTEX_POINT('',#5259);
#5259 = CARTESIAN_POINT('',(301.,46.,295.));
#5260 = LINE('',#5261,#5262);
#5261 = CARTESIAN_POINT('',(301.,21.,295.));
#5262 = VECTOR('',#5263,1.);
#5263 = DIRECTION('',(-0.,1.,0.));
#5264 = ORIENTED_EDGE('',*,*,#5265,.F.);
#5265 = EDGE_CURVE('',#5234,#5258,#5266,.T.);
#5266 = LINE('',#5267,#5268);
#5267 = CARTESIAN_POINT('',(299.,46.,295.));
#5268 = VECTOR('',#5269,1.);
#5269 = DIRECTION('',(1.,0.,-0.));
#5270 = PLANE('',#5271);
#5271 = AXIS2_PLACEMENT_3D('',#5272,#5273,#5274);
#5272 = CARTESIAN_POINT('',(299.,21.,295.));
#5273 = DIRECTION('',(0.,0.,1.));
#5274 = DIRECTION('',(1.,0.,-0.));
#5275 = ADVANCED_FACE('',(#5276),#5294,.T.);
#5276 = FACE_BOUND('',#5277,.T.);
#5277 = EDGE_LOOP('',(#5278,#5279,#5287,#5293));
#5278 = ORIENTED_EDGE('',*,*,#2773,.F.);
#5279 = ORIENTED_EDGE('',*,*,#5280,.T.);
#5280 = EDGE_CURVE('',#2766,#5281,#5283,.T.);
#5281 = VERTEX_POINT('',#5282);
#5282 = CARTESIAN_POINT('',(301.,46.,15.));
#5283 = LINE('',#5284,#5285);
#5284 = CARTESIAN_POINT('',(301.,21.,15.));
#5285 = VECTOR('',#5286,1.);
#5286 = DIRECTION('',(-0.,1.,0.));
#5287 = ORIENTED_EDGE('',*,*,#5288,.T.);
#5288 = EDGE_CURVE('',#5281,#5258,#5289,.T.);
#5289 = LINE('',#5290,#5291);
#5290 = CARTESIAN_POINT('',(301.,46.,15.));
#5291 = VECTOR('',#5292,1.);
#5292 = DIRECTION('',(0.,0.,1.));
#5293 = ORIENTED_EDGE('',*,*,#5257,.F.);
#5294 = PLANE('',#5295);
#5295 = AXIS2_PLACEMENT_3D('',#5296,#5297,#5298);
#5296 = CARTESIAN_POINT('',(301.,21.,15.));
#5297 = DIRECTION('',(1.,0.,-0.));
#5298 = DIRECTION('',(0.,0.,1.));
#5299 = ADVANCED_FACE('',(#5300),#5311,.F.);
#5300 = FACE_BOUND('',#5301,.F.);
#5301 = EDGE_LOOP('',(#5302,#5303,#5304,#5305));
#5302 = ORIENTED_EDGE('',*,*,#5225,.F.);
#5303 = ORIENTED_EDGE('',*,*,#2765,.T.);
#5304 = ORIENTED_EDGE('',*,*,#5280,.T.);
#5305 = ORIENTED_EDGE('',*,*,#5306,.F.);
#5306 = EDGE_CURVE('',#5226,#5281,#5307,.T.);
#5307 = LINE('',#5308,#5309);
#5308 = CARTESIAN_POINT('',(299.,46.,15.));
#5309 = VECTOR('',#5310,1.);
#5310 = DIRECTION('',(1.,0.,-0.));
#5311 = PLANE('',#5312);
#5312 = AXIS2_PLACEMENT_3D('',#5313,#5314,#5315);
#5313 = CARTESIAN_POINT('',(299.,21.,15.));
#5314 = DIRECTION('',(0.,0.,1.));
#5315 = DIRECTION('',(1.,0.,-0.));
#5316 = ADVANCED_FACE('',(#5317),#5323,.T.);
#5317 = FACE_BOUND('',#5318,.T.);
#5318 = EDGE_LOOP('',(#5319,#5320,#5321,#5322));
#5319 = ORIENTED_EDGE('',*,*,#2865,.F.);
#5320 = ORIENTED_EDGE('',*,*,#2833,.T.);
#5321 = ORIENTED_EDGE('',*,*,#2889,.T.);
#5322 = ORIENTED_EDGE('',*,*,#2905,.F.);
#5323 = PLANE('',#5324);
#5324 = AXIS2_PLACEMENT_3D('',#5325,#5326,#5327);
#5325 = CARTESIAN_POINT('',(6.,46.,15.));
#5326 = DIRECTION('',(-0.,1.,0.));
#5327 = DIRECTION('',(0.,0.,1.));
#5328 = ADVANCED_FACE('',(#5329),#5335,.T.);
#5329 = FACE_BOUND('',#5330,.T.);
#5330 = EDGE_LOOP('',(#5331,#5332,#5333,#5334));
#5331 = ORIENTED_EDGE('',*,*,#2961,.F.);
#5332 = ORIENTED_EDGE('',*,*,#2929,.T.);
#5333 = ORIENTED_EDGE('',*,*,#2985,.T.);
#5334 = ORIENTED_EDGE('',*,*,#3001,.F.);
#5335 = PLANE('',#5336);
#5336 = AXIS2_PLACEMENT_3D('',#5337,#5338,#5339);
#5337 = CARTESIAN_POINT('',(10.,46.,15.));
#5338 = DIRECTION('',(-0.,1.,0.));
#5339 = DIRECTION('',(0.,0.,1.));
#5340 = ADVANCED_FACE('',(#5341),#5347,.T.);
#5341 = FACE_BOUND('',#5342,.T.);
#5342 = EDGE_LOOP('',(#5343,#5344,#5345,#5346));
#5343 = ORIENTED_EDGE('',*,*,#3057,.F.);
#5344 = ORIENTED_EDGE('',*,*,#3025,.T.);
#5345 = ORIENTED_EDGE('',*,*,#3081,.T.);
#5346 = ORIENTED_EDGE('',*,*,#3097,.F.);
#5347 = PLANE('',#5348);
#5348 = AXIS2_PLACEMENT_3D('',#5349,#5350,#5351);
#5349 = CARTESIAN_POINT('',(14.,46.,15.));
#5350 = DIRECTION('',(-0.,1.,0.));
#5351 = DIRECTION('',(0.,0.,1.));
#5352 = ADVANCED_FACE('',(#5353),#5359,.T.);
#5353 = FACE_BOUND('',#5354,.T.);
#5354 = EDGE_LOOP('',(#5355,#5356,#5357,#5358));
#5355 = ORIENTED_EDGE('',*,*,#3153,.F.);
#5356 = ORIENTED_EDGE('',*,*,#3121,.T.);
#5357 = ORIENTED_EDGE('',*,*,#3177,.T.);
#5358 = ORIENTED_EDGE('',*,*,#3193,.F.);
#5359 = PLANE('',#5360);
#5360 = AXIS2_PLACEMENT_3D('',#5361,#5362,#5363);
#5361 = CARTESIAN_POINT('',(18.,46.,15.));
#5362 = DIRECTION('',(-0.,1.,0.));
#5363 = DIRECTION('',(0.,0.,1.));
#5364 = ADVANCED_FACE('',(#5365),#5371,.T.);
#5365 = FACE_BOUND('',#5366,.T.);
#5366 = EDGE_LOOP('',(#5367,#5368,#5369,#5370));
#5367 = ORIENTED_EDGE('',*,*,#3249,.F.);
#5368 = ORIENTED_EDGE('',*,*,#3217,.T.);
#5369 = ORIENTED_EDGE('',*,*,#3273,.T.);
#5370 = ORIENTED_EDGE('',*,*,#3289,.F.);
#5371 = PLANE('',#5372);
#5372 = AXIS2_PLACEMENT_3D('',#5373,#5374,#5375);
#5373 = CARTESIAN_POINT('',(22.,46.,15.));
#5374 = DIRECTION('',(-0.,1.,0.));
#5375 = DIRECTION('',(0.,0.,1.));
#5376 = ADVANCED_FACE('',(#5377),#5383,.T.);
#5377 = FACE_BOUND('',#5378,.T.);
#5378 = EDGE_LOOP('',(#5379,#5380,#5381,#5382));
#5379 = ORIENTED_EDGE('',*,*,#3345,.F.);
#5380 = ORIENTED_EDGE('',*,*,#3313,.T.);
#5381 = ORIENTED_EDGE('',*,*,#3369,.T.);
#5382 = ORIENTED_EDGE('',*,*,#3385,.F.);
#5383 = PLANE('',#5384);
#5384 = AXIS2_PLACEMENT_3D('',#5385,#5386,#5387);
#5385 = CARTESIAN_POINT('',(26.,46.,15.));
#5386 = DIRECTION('',(-0.,1.,0.));
#5387 = DIRECTION('',(0.,0.,1.));
#5388 = ADVANCED_FACE('',(#5389),#5395,.T.);
#5389 = FACE_BOUND('',#5390,.T.);
#5390 = EDGE_LOOP('',(#5391,#5392,#5393,#5394));
#5391 = ORIENTED_EDGE('',*,*,#3441,.F.);
#5392 = ORIENTED_EDGE('',*,*,#3409,.T.);
#5393 = ORIENTED_EDGE('',*,*,#3465,.T.);
#5394 = ORIENTED_EDGE('',*,*,#3481,.F.);
#5395 = PLANE('',#5396);
#5396 = AXIS2_PLACEMENT_3D('',#5397,#5398,#5399);
#5397 = CARTESIAN_POINT('',(30.,46.,15.));
#5398 = DIRECTION('',(-0.,1.,0.));
#5399 = DIRECTION('',(0.,0.,1.));
#5400 = ADVANCED_FACE('',(#5401),#5407,.T.);
#5401 = FACE_BOUND('',#5402,.T.);
#5402 = EDGE_LOOP('',(#5403,#5404,#5405,#5406));
#5403 = ORIENTED_EDGE('',*,*,#3537,.F.);
#5404 = ORIENTED_EDGE('',*,*,#3505,.T.);
#5405 = ORIENTED_EDGE('',*,*,#3561,.T.);
#5406 = ORIENTED_EDGE('',*,*,#3577,.F.);
#5407 = PLANE('',#5408);
#5408 = AXIS2_PLACEMENT_3D('',#5409,#5410,#5411);
#5409 = CARTESIAN_POINT('',(34.,46.,15.));
#5410 = DIRECTION('',(-0.,1.,0.));
#5411 = DIRECTION('',(0.,0.,1.));
#5412 = ADVANCED_FACE('',(#5413),#5419,.T.);
#5413 = FACE_BOUND('',#5414,.T.);
#5414 = EDGE_LOOP('',(#5415,#5416,#5417,#5418));
#5415 = ORIENTED_EDGE('',*,*,#3633,.F.);
#5416 = ORIENTED_EDGE('',*,*,#3601,.T.);
#5417 = ORIENTED_EDGE('',*,*,#3657,.T.);
#5418 = ORIENTED_EDGE('',*,*,#3673,.F.);
#5419 = PLANE('',#5420);
#5420 = AXIS2_PLACEMENT_3D('',#5421,#5422,#5423);
#5421 = CARTESIAN_POINT('',(38.,46.,15.));
#5422 = DIRECTION('',(-0.,1.,0.));
#5423 = DIRECTION('',(0.,0.,1.));
#5424 = ADVANCED_FACE('',(#5425),#5431,.T.);
#5425 = FACE_BOUND('',#5426,.T.);
#5426 = EDGE_LOOP('',(#5427,#5428,#5429,#5430));
#5427 = ORIENTED_EDGE('',*,*,#3729,.F.);
#5428 = ORIENTED_EDGE('',*,*,#3697,.T.);
#5429 = ORIENTED_EDGE('',*,*,#3753,.T.);
#5430 = ORIENTED_EDGE('',*,*,#3769,.F.);
#5431 = PLANE('',#5432);
#5432 = AXIS2_PLACEMENT_3D('',#5433,#5434,#5435);
#5433 = CARTESIAN_POINT('',(42.,46.,15.));
#5434 = DIRECTION('',(-0.,1.,0.));
#5435 = DIRECTION('',(0.,0.,1.));
#5436 = ADVANCED_FACE('',(#5437),#5443,.T.);
#5437 = FACE_BOUND('',#5438,.T.);
#5438 = EDGE_LOOP('',(#5439,#5440,#5441,#5442));
#5439 = ORIENTED_EDGE('',*,*,#3825,.F.);
#5440 = ORIENTED_EDGE('',*,*,#3793,.T.);
#5441 = ORIENTED_EDGE('',*,*,#3849,.T.);
#5442 = ORIENTED_EDGE('',*,*,#3865,.F.);
#5443 = PLANE('',#5444);
#5444 = AXIS2_PLACEMENT_3D('',#5445,#5446,#5447);
#5445 = CARTESIAN_POINT('',(46.,46.,15.));
#5446 = DIRECTION('',(-0.,1.,0.));
#5447 = DIRECTION('',(0.,0.,1.));
#5448 = ADVANCED_FACE('',(#5449),#5455,.T.);
#5449 = FACE_BOUND('',#5450,.T.);
#5450 = EDGE_LOOP('',(#5451,#5452,#5453,#5454));
#5451 = ORIENTED_EDGE('',*,*,#3921,.F.);
#5452 = ORIENTED_EDGE('',*,*,#3889,.T.);
#5453 = ORIENTED_EDGE('',*,*,#3945,.T.);
#5454 = ORIENTED_EDGE('',*,*,#3961,.F.);
#5455 = PLANE('',#5456);
#5456 = AXIS2_PLACEMENT_3D('',#5457,#5458,#5459);
#5457 = CARTESIAN_POINT('',(50.,46.,15.));
#5458 = DIRECTION('',(-0.,1.,0.));
#5459 = DIRECTION('',(0.,0.,1.));
#5460 = ADVANCED_FACE('',(#5461),#5467,.T.);
#5461 = FACE_BOUND('',#5462,.T.);
#5462 = EDGE_LOOP('',(#5463,#5464,#5465,#5466));
#5463 = ORIENTED_EDGE('',*,*,#4017,.F.);
#5464 = ORIENTED_EDGE('',*,*,#3985,.T.);
#5465 = ORIENTED_EDGE('',*,*,#4041,.T.);
#5466 = ORIENTED_EDGE('',*,*,#4057,.F.);
#5467 = PLANE('',#5468);
#5468 = AXIS2_PLACEMENT_3D('',#5469,#5470,#5471);
#5469 = CARTESIAN_POINT('',(54.,46.,15.));
#5470 = DIRECTION('',(-0.,1.,0.));
#5471 = DIRECTION('',(0.,0.,1.));
#5472 = ADVANCED_FACE('',(#5473),#5479,.T.);
#5473 = FACE_BOUND('',#5474,.T.);
#5474 = EDGE_LOOP('',(#5475,#5476,#5477,#5478));
#5475 = ORIENTED_EDGE('',*,*,#4113,.F.);
#5476 = ORIENTED_EDGE('',*,*,#4081,.T.);
#5477 = ORIENTED_EDGE('',*,*,#4137,.T.);
#5478 = ORIENTED_EDGE('',*,*,#4153,.F.);
#5479 = PLANE('',#5480);
#5480 = AXIS2_PLACEMENT_3D('',#5481,#5482,#5483);
#5481 = CARTESIAN_POINT('',(251.,46.,15.));
#5482 = DIRECTION('',(-0.,1.,0.));
#5483 = DIRECTION('',(0.,0.,1.));
#5484 = ADVANCED_FACE('',(#5485),#5491,.T.);
#5485 = FACE_BOUND('',#5486,.T.);
#5486 = EDGE_LOOP('',(#5487,#5488,#5489,#5490));
#5487 = ORIENTED_EDGE('',*,*,#4209,.F.);
#5488 = ORIENTED_EDGE('',*,*,#4177,.T.);
#5489 = ORIENTED_EDGE('',*,*,#4233,.T.);
#5490 = ORIENTED_EDGE('',*,*,#4249,.F.);
#5491 = PLANE('',#5492);
#5492 = AXIS2_PLACEMENT_3D('',#5493,#5494,#5495);
#5493 = CARTESIAN_POINT('',(255.,46.,15.));
#5494 = DIRECTION('',(-0.,1.,0.));
#5495 = DIRECTION('',(0.,0.,1.));
#5496 = ADVANCED_FACE('',(#5497),#5503,.T.);
#5497 = FACE_BOUND('',#5498,.T.);
#5498 = EDGE_LOOP('',(#5499,#5500,#5501,#5502));
#5499 = ORIENTED_EDGE('',*,*,#4305,.F.);
#5500 = ORIENTED_EDGE('',*,*,#4273,.T.);
#5501 = ORIENTED_EDGE('',*,*,#4329,.T.);
#5502 = ORIENTED_EDGE('',*,*,#4345,.F.);
#5503 = PLANE('',#5504);
#5504 = AXIS2_PLACEMENT_3D('',#5505,#5506,#5507);
#5505 = CARTESIAN_POINT('',(259.,46.,15.));
#5506 = DIRECTION('',(-0.,1.,0.));
#5507 = DIRECTION('',(0.,0.,1.));
#5508 = ADVANCED_FACE('',(#5509),#5515,.T.);
#5509 = FACE_BOUND('',#5510,.T.);
#5510 = EDGE_LOOP('',(#5511,#5512,#5513,#5514));
#5511 = ORIENTED_EDGE('',*,*,#4401,.F.);
#5512 = ORIENTED_EDGE('',*,*,#4369,.T.);
#5513 = ORIENTED_EDGE('',*,*,#4425,.T.);
#5514 = ORIENTED_EDGE('',*,*,#4441,.F.);
#5515 = PLANE('',#5516);
#5516 = AXIS2_PLACEMENT_3D('',#5517,#5518,#5519);
#5517 = CARTESIAN_POINT('',(263.,46.,15.));
#5518 = DIRECTION('',(-0.,1.,0.));
#5519 = DIRECTION('',(0.,0.,1.));
#5520 = ADVANCED_FACE('',(#5521),#5527,.T.);
#5521 = FACE_BOUND('',#5522,.T.);
#5522 = EDGE_LOOP('',(#5523,#5524,#5525,#5526));
#5523 = ORIENTED_EDGE('',*,*,#4497,.F.);
#5524 = ORIENTED_EDGE('',*,*,#4465,.T.);
#5525 = ORIENTED_EDGE('',*,*,#4521,.T.);
#5526 = ORIENTED_EDGE('',*,*,#4537,.F.);
#5527 = PLANE('',#5528);
#5528 = AXIS2_PLACEMENT_3D('',#5529,#5530,#5531);
#5529 = CARTESIAN_POINT('',(267.,46.,15.));
#5530 = DIRECTION('',(-0.,1.,0.));
#5531 = DIRECTION('',(0.,0.,1.));
#5532 = ADVANCED_FACE('',(#5533),#5539,.T.);
#5533 = FACE_BOUND('',#5534,.T.);
#5534 = EDGE_LOOP('',(#5535,#5536,#5537,#5538));
#5535 = ORIENTED_EDGE('',*,*,#4593,.F.);
#5536 = ORIENTED_EDGE('',*,*,#4561,.T.);
#5537 = ORIENTED_EDGE('',*,*,#4617,.T.);
#5538 = ORIENTED_EDGE('',*,*,#4633,.F.);
#5539 = PLANE('',#5540);
#5540 = AXIS2_PLACEMENT_3D('',#5541,#5542,#5543);
#5541 = CARTESIAN_POINT('',(271.,46.,15.));
#5542 = DIRECTION('',(-0.,1.,0.));
#5543 = DIRECTION('',(0.,0.,1.));
#5544 = ADVANCED_FACE('',(#5545),#5551,.T.);
#5545 = FACE_BOUND('',#5546,.T.);
#5546 = EDGE_LOOP('',(#5547,#5548,#5549,#5550));
#5547 = ORIENTED_EDGE('',*,*,#4689,.F.);
#5548 = ORIENTED_EDGE('',*,*,#4657,.T.);
#5549 = ORIENTED_EDGE('',*,*,#4713,.T.);
#5550 = ORIENTED_EDGE('',*,*,#4729,.F.);
#5551 = PLANE('',#5552);
#5552 = AXIS2_PLACEMENT_3D('',#5553,#5554,#5555);
#5553 = CARTESIAN_POINT('',(275.,46.,15.));
#5554 = DIRECTION('',(-0.,1.,0.));
#5555 = DIRECTION('',(0.,0.,1.));
#5556 = ADVANCED_FACE('',(#5557),#5563,.T.);
#5557 = FACE_BOUND('',#5558,.T.);
#5558 = EDGE_LOOP('',(#5559,#5560,#5561,#5562));
#5559 = ORIENTED_EDGE('',*,*,#4785,.F.);
#5560 = ORIENTED_EDGE('',*,*,#4753,.T.);
#5561 = ORIENTED_EDGE('',*,*,#4809,.T.);
#5562 = ORIENTED_EDGE('',*,*,#4825,.F.);
#5563 = PLANE('',#5564);
#5564 = AXIS2_PLACEMENT_3D('',#5565,#5566,#5567);
#5565 = CARTESIAN_POINT('',(279.,46.,15.));
#5566 = DIRECTION('',(-0.,1.,0.));
#5567 = DIRECTION('',(0.,0.,1.));
#5568 = ADVANCED_FACE('',(#5569),#5575,.T.);
#5569 = FACE_BOUND('',#5570,.T.);
#5570 = EDGE_LOOP('',(#5571,#5572,#5573,#5574));
#5571 = ORIENTED_EDGE('',*,*,#4881,.F.);
#5572 = ORIENTED_EDGE('',*,*,#4849,.T.);
#5573 = ORIENTED_EDGE('',*,*,#4905,.T.);
#5574 = ORIENTED_EDGE('',*,*,#4921,.F.);
#5575 = PLANE('',#5576);
#5576 = AXIS2_PLACEMENT_3D('',#5577,#5578,#5579);
#5577 = CARTESIAN_POINT('',(283.,46.,15.));
#5578 = DIRECTION('',(-0.,1.,0.));
#5579 = DIRECTION('',(0.,0.,1.));
#5580 = ADVANCED_FACE('',(#5581),#5587,.T.);
#5581 = FACE_BOUND('',#5582,.T.);
#5582 = EDGE_LOOP('',(#5583,#5584,#5585,#5586));
#5583 = ORIENTED_EDGE('',*,*,#4977,.F.);
#5584 = ORIENTED_EDGE('',*,*,#4945,.T.);
#5585 = ORIENTED_EDGE('',*,*,#5001,.T.);
#5586 = ORIENTED_EDGE('',*,*,#5017,.F.);
#5587 = PLANE('',#5588);
#5588 = AXIS2_PLACEMENT_3D('',#5589,#5590,#5591);
#5589 = CARTESIAN_POINT('',(287.,46.,15.));
#5590 = DIRECTION('',(-0.,1.,0.));
#5591 = DIRECTION('',(0.,0.,1.));
#5592 = ADVANCED_FACE('',(#5593),#5599,.T.);
#5593 = FACE_BOUND('',#5594,.T.);
#5594 = EDGE_LOOP('',(#5595,#5596,#5597,#5598));
#5595 = ORIENTED_EDGE('',*,*,#5073,.F.);
#5596 = ORIENTED_EDGE('',*,*,#5041,.T.);
#5597 = ORIENTED_EDGE('',*,*,#5097,.T.);
#5598 = ORIENTED_EDGE('',*,*,#5113,.F.);
#5599 = PLANE('',#5600);
#5600 = AXIS2_PLACEMENT_3D('',#5601,#5602,#5603);
#5601 = CARTESIAN_POINT('',(291.,46.,15.));
#5602 = DIRECTION('',(-0.,1.,0.));
#5603 = DIRECTION('',(0.,0.,1.));
#5604 = ADVANCED_FACE('',(#5605),#5611,.T.);
#5605 = FACE_BOUND('',#5606,.T.);
#5606 = EDGE_LOOP('',(#5607,#5608,#5609,#5610));
#5607 = ORIENTED_EDGE('',*,*,#5169,.F.);
#5608 = ORIENTED_EDGE('',*,*,#5137,.T.);
#5609 = ORIENTED_EDGE('',*,*,#5193,.T.);
#5610 = ORIENTED_EDGE('',*,*,#5209,.F.);
#5611 = PLANE('',#5612);
#5612 = AXIS2_PLACEMENT_3D('',#5613,#5614,#5615);
#5613 = CARTESIAN_POINT('',(295.,46.,15.));
#5614 = DIRECTION('',(-0.,1.,0.));
#5615 = DIRECTION('',(0.,0.,1.));
#5616 = ADVANCED_FACE('',(#5617),#5623,.T.);
#5617 = FACE_BOUND('',#5618,.T.);
#5618 = EDGE_LOOP('',(#5619,#5620,#5621,#5622));
#5619 = ORIENTED_EDGE('',*,*,#5306,.F.);
#5620 = ORIENTED_EDGE('',*,*,#5233,.T.);
#5621 = ORIENTED_EDGE('',*,*,#5265,.T.);
#5622 = ORIENTED_EDGE('',*,*,#5288,.F.);
#5623 = PLANE('',#5624);
#5624 = AXIS2_PLACEMENT_3D('',#5625,#5626,#5627);
#5625 = CARTESIAN_POINT('',(299.,46.,15.));
#5626 = DIRECTION('',(-0.,1.,0.));
#5627 = DIRECTION('',(0.,0.,1.));
#5628 = ( GEOMETRIC_REPRESENTATION_CONTEXT(3) 
GLOBAL_UNCERTAINTY_ASSIGNED_CONTEXT((#5632)) 
GLOBAL_UNIT_ASSIGNED_CONTEXT((#5629,#5630,#5631)) REPRESENTATION_CONTEXT
('Context #1','3D Context with UNIT and UNCERTAINTY') );
#5629 = ( LENGTH_UNIT() NAMED_UNIT(*) SI_UNIT(.MILLI.,.METRE.) );
#5630 = ( NAMED_UNIT(*) PLANE_ANGLE_UNIT() SI_UNIT($,.RADIAN.) );
#5631 = ( NAMED_UNIT(*) SI_UNIT($,.STERADIAN.) SOLID_ANGLE_UNIT() );
#5632 = UNCERTAINTY_MEASURE_WITH_UNIT(LENGTH_MEASURE(1.E-07),#5629,
  'distance_accuracy_value','confusion accuracy');
#5633 = CONTEXT_DEPENDENT_SHAPE_REPRESENTATION(#5634,#5636);
#5634 = ( REPRESENTATION_RELATIONSHIP('','',#1785,#10) 
REPRESENTATION_RELATIONSHIP_WITH_TRANSFORMATION(#5635) 
SHAPE_REPRESENTATION_RELATIONSHIP() );
#5635 = ITEM_DEFINED_TRANSFORMATION('','',#11,#31);
#5636 = PRODUCT_DEFINITION_SHAPE('Placement','Placement of an item',
  #5637);
#5637 = NEXT_ASSEMBLY_USAGE_OCCURRENCE('5',
  'PA heat spreader 300x300x10 Al with 2 fin fields','',#5,#1780,$);
#5638 = PRODUCT_RELATED_PRODUCT_CATEGORY('part',$,(#1782));
#5639 = SHAPE_DEFINITION_REPRESENTATION(#5640,#5646);
#5640 = PRODUCT_DEFINITION_SHAPE('','',#5641);
#5641 = PRODUCT_DEFINITION('design','',#5642,#5645);
#5642 = PRODUCT_DEFINITION_FORMATION('','',#5643);
#5643 = PRODUCT('RF PA board PA1 (35x60)','RF PA board PA1 (35x60)','',(
    #5644));
#5644 = PRODUCT_CONTEXT('',#2,'mechanical');
#5645 = PRODUCT_DEFINITION_CONTEXT('part definition',#2,'design');
#5646 = ADVANCED_BREP_SHAPE_REPRESENTATION('',(#11,#5647),#5797);
#5647 = MANIFOLD_SOLID_BREP('',#5648);
#5648 = CLOSED_SHELL('',(#5649,#5689,#5729,#5751,#5773,#5785));
#5649 = ADVANCED_FACE('',(#5650),#5684,.F.);
#5650 = FACE_BOUND('',#5651,.F.);
#5651 = EDGE_LOOP('',(#5652,#5662,#5670,#5678));
#5652 = ORIENTED_EDGE('',*,*,#5653,.F.);
#5653 = EDGE_CURVE('',#5654,#5656,#5658,.T.);
#5654 = VERTEX_POINT('',#5655);
#5655 = CARTESIAN_POINT('',(77.5,21.,23.));
#5656 = VERTEX_POINT('',#5657);
#5657 = CARTESIAN_POINT('',(77.5,21.,83.));
#5658 = LINE('',#5659,#5660);
#5659 = CARTESIAN_POINT('',(77.5,21.,23.));
#5660 = VECTOR('',#5661,1.);
#5661 = DIRECTION('',(0.,0.,1.));
#5662 = ORIENTED_EDGE('',*,*,#5663,.T.);
#5663 = EDGE_CURVE('',#5654,#5664,#5666,.T.);
#5664 = VERTEX_POINT('',#5665);
#5665 = CARTESIAN_POINT('',(77.5,22.6,23.));
#5666 = LINE('',#5667,#5668);
#5667 = CARTESIAN_POINT('',(77.5,21.,23.));
#5668 = VECTOR('',#5669,1.);
#5669 = DIRECTION('',(-0.,1.,0.));
#5670 = ORIENTED_EDGE('',*,*,#5671,.T.);
#5671 = EDGE_CURVE('',#5664,#5672,#5674,.T.);
#5672 = VERTEX_POINT('',#5673);
#5673 = CARTESIAN_POINT('',(77.5,22.6,83.));
#5674 = LINE('',#5675,#5676);
#5675 = CARTESIAN_POINT('',(77.5,22.6,23.));
#5676 = VECTOR('',#5677,1.);
#5677 = DIRECTION('',(0.,0.,1.));
#5678 = ORIENTED_EDGE('',*,*,#5679,.F.);
#5679 = EDGE_CURVE('',#5656,#5672,#5680,.T.);
#5680 = LINE('',#5681,#5682);
#5681 = CARTESIAN_POINT('',(77.5,21.,83.));
#5682 = VECTOR('',#5683,1.);
#5683 = DIRECTION('',(-0.,1.,0.));
#5684 = PLANE('',#5685);
#5685 = AXIS2_PLACEMENT_3D('',#5686,#5687,#5688);
#5686 = CARTESIAN_POINT('',(77.5,21.,23.));
#5687 = DIRECTION('',(1.,0.,-0.));
#5688 = DIRECTION('',(0.,0.,1.));
#5689 = ADVANCED_FACE('',(#5690),#5724,.T.);
#5690 = FACE_BOUND('',#5691,.T.);
#5691 = EDGE_LOOP('',(#5692,#5702,#5710,#5718));
#5692 = ORIENTED_EDGE('',*,*,#5693,.F.);
#5693 = EDGE_CURVE('',#5694,#5696,#5698,.T.);
#5694 = VERTEX_POINT('',#5695);
#5695 = CARTESIAN_POINT('',(112.5,21.,23.));
#5696 = VERTEX_POINT('',#5697);
#5697 = CARTESIAN_POINT('',(112.5,21.,83.));
#5698 = LINE('',#5699,#5700);
#5699 = CARTESIAN_POINT('',(112.5,21.,23.));
#5700 = VECTOR('',#5701,1.);
#5701 = DIRECTION('',(0.,0.,1.));
#5702 = ORIENTED_EDGE('',*,*,#5703,.T.);
#5703 = EDGE_CURVE('',#5694,#5704,#5706,.T.);
#5704 = VERTEX_POINT('',#5705);
#5705 = CARTESIAN_POINT('',(112.5,22.6,23.));
#5706 = LINE('',#5707,#5708);
#5707 = CARTESIAN_POINT('',(112.5,21.,23.));
#5708 = VECTOR('',#5709,1.);
#5709 = DIRECTION('',(-0.,1.,0.));
#5710 = ORIENTED_EDGE('',*,*,#5711,.T.);
#5711 = EDGE_CURVE('',#5704,#5712,#5714,.T.);
#5712 = VERTEX_POINT('',#5713);
#5713 = CARTESIAN_POINT('',(112.5,22.6,83.));
#5714 = LINE('',#5715,#5716);
#5715 = CARTESIAN_POINT('',(112.5,22.6,23.));
#5716 = VECTOR('',#5717,1.);
#5717 = DIRECTION('',(0.,0.,1.));
#5718 = ORIENTED_EDGE('',*,*,#5719,.F.);
#5719 = EDGE_CURVE('',#5696,#5712,#5720,.T.);
#5720 = LINE('',#5721,#5722);
#5721 = CARTESIAN_POINT('',(112.5,21.,83.));
#5722 = VECTOR('',#5723,1.);
#5723 = DIRECTION('',(-0.,1.,0.));
#5724 = PLANE('',#5725);
#5725 = AXIS2_PLACEMENT_3D('',#5726,#5727,#5728);
#5726 = CARTESIAN_POINT('',(112.5,21.,23.));
#5727 = DIRECTION('',(1.,0.,-0.));
#5728 = DIRECTION('',(0.,0.,1.));
#5729 = ADVANCED_FACE('',(#5730),#5746,.F.);
#5730 = FACE_BOUND('',#5731,.F.);
#5731 = EDGE_LOOP('',(#5732,#5738,#5739,#5745));
#5732 = ORIENTED_EDGE('',*,*,#5733,.F.);
#5733 = EDGE_CURVE('',#5654,#5694,#5734,.T.);
#5734 = LINE('',#5735,#5736);
#5735 = CARTESIAN_POINT('',(77.5,21.,23.));
#5736 = VECTOR('',#5737,1.);
#5737 = DIRECTION('',(1.,0.,-0.));
#5738 = ORIENTED_EDGE('',*,*,#5653,.T.);
#5739 = ORIENTED_EDGE('',*,*,#5740,.T.);
#5740 = EDGE_CURVE('',#5656,#5696,#5741,.T.);
#5741 = LINE('',#5742,#5743);
#5742 = CARTESIAN_POINT('',(77.5,21.,83.));
#5743 = VECTOR('',#5744,1.);
#5744 = DIRECTION('',(1.,0.,-0.));
#5745 = ORIENTED_EDGE('',*,*,#5693,.F.);
#5746 = PLANE('',#5747);
#5747 = AXIS2_PLACEMENT_3D('',#5748,#5749,#5750);
#5748 = CARTESIAN_POINT('',(77.5,21.,23.));
#5749 = DIRECTION('',(-0.,1.,0.));
#5750 = DIRECTION('',(0.,0.,1.));
#5751 = ADVANCED_FACE('',(#5752),#5768,.T.);
#5752 = FACE_BOUND('',#5753,.T.);
#5753 = EDGE_LOOP('',(#5754,#5760,#5761,#5767));
#5754 = ORIENTED_EDGE('',*,*,#5755,.F.);
#5755 = EDGE_CURVE('',#5664,#5704,#5756,.T.);
#5756 = LINE('',#5757,#5758);
#5757 = CARTESIAN_POINT('',(77.5,22.6,23.));
#5758 = VECTOR('',#5759,1.);
#5759 = DIRECTION('',(1.,0.,-0.));
#5760 = ORIENTED_EDGE('',*,*,#5671,.T.);
#5761 = ORIENTED_EDGE('',*,*,#5762,.T.);
#5762 = EDGE_CURVE('',#5672,#5712,#5763,.T.);
#5763 = LINE('',#5764,#5765);
#5764 = CARTESIAN_POINT('',(77.5,22.6,83.));
#5765 = VECTOR('',#5766,1.);
#5766 = DIRECTION('',(1.,0.,-0.));
#5767 = ORIENTED_EDGE('',*,*,#5711,.F.);
#5768 = PLANE('',#5769);
#5769 = AXIS2_PLACEMENT_3D('',#5770,#5771,#5772);
#5770 = CARTESIAN_POINT('',(77.5,22.6,23.));
#5771 = DIRECTION('',(-0.,1.,0.));
#5772 = DIRECTION('',(0.,0.,1.));
#5773 = ADVANCED_FACE('',(#5774),#5780,.F.);
#5774 = FACE_BOUND('',#5775,.F.);
#5775 = EDGE_LOOP('',(#5776,#5777,#5778,#5779));
#5776 = ORIENTED_EDGE('',*,*,#5663,.F.);
#5777 = ORIENTED_EDGE('',*,*,#5733,.T.);
#5778 = ORIENTED_EDGE('',*,*,#5703,.T.);
#5779 = ORIENTED_EDGE('',*,*,#5755,.F.);
#5780 = PLANE('',#5781);
#5781 = AXIS2_PLACEMENT_3D('',#5782,#5783,#5784);
#5782 = CARTESIAN_POINT('',(77.5,21.,23.));
#5783 = DIRECTION('',(0.,0.,1.));
#5784 = DIRECTION('',(1.,0.,-0.));
#5785 = ADVANCED_FACE('',(#5786),#5792,.T.);
#5786 = FACE_BOUND('',#5787,.T.);
#5787 = EDGE_LOOP('',(#5788,#5789,#5790,#5791));
#5788 = ORIENTED_EDGE('',*,*,#5679,.F.);
#5789 = ORIENTED_EDGE('',*,*,#5740,.T.);
#5790 = ORIENTED_EDGE('',*,*,#5719,.T.);
#5791 = ORIENTED_EDGE('',*,*,#5762,.F.);
#5792 = PLANE('',#5793);
#5793 = AXIS2_PLACEMENT_3D('',#5794,#5795,#5796);
#5794 = CARTESIAN_POINT('',(77.5,21.,83.));
#5795 = DIRECTION('',(0.,0.,1.));
#5796 = DIRECTION('',(1.,0.,-0.));
#5797 = ( GEOMETRIC_REPRESENTATION_CONTEXT(3) 
GLOBAL_UNCERTAINTY_ASSIGNED_CONTEXT((#5801)) 
GLOBAL_UNIT_ASSIGNED_CONTEXT((#5798,#5799,#5800)) REPRESENTATION_CONTEXT
('Context #1','3D Context with UNIT and UNCERTAINTY') );
#5798 = ( LENGTH_UNIT() NAMED_UNIT(*) SI_UNIT(.MILLI.,.METRE.) );
#5799 = ( NAMED_UNIT(*) PLANE_ANGLE_UNIT() SI_UNIT($,.RADIAN.) );
#5800 = ( NAMED_UNIT(*) SI_UNIT($,.STERADIAN.) SOLID_ANGLE_UNIT() );
#5801 = UNCERTAINTY_MEASURE_WITH_UNIT(LENGTH_MEASURE(1.E-07),#5798,
  'distance_accuracy_value','confusion accuracy');
#5802 = CONTEXT_DEPENDENT_SHAPE_REPRESENTATION(#5803,#5805);
#5803 = ( REPRESENTATION_RELATIONSHIP('','',#5646,#10) 
REPRESENTATION_RELATIONSHIP_WITH_TRANSFORMATION(#5804) 
SHAPE_REPRESENTATION_RELATIONSHIP() );
#5804 = ITEM_DEFINED_TRANSFORMATION('','',#11,#35);
#5805 = PRODUCT_DEFINITION_SHAPE('Placement','Placement of an item',
  #5806);
#5806 = NEXT_ASSEMBLY_USAGE_OCCURRENCE('6','RF PA board PA1 (35x60)','',
  #5,#5641,$);
#5807 = PRODUCT_RELATED_PRODUCT_CATEGORY('part',$,(#5643));
#5808 = SHAPE_DEFINITION_REPRESENTATION(#5809,#5815);
#5809 = PRODUCT_DEFINITION_SHAPE('','',#5810);
#5810 = PRODUCT_DEFINITION('design','',#5811,#5814);
#5811 = PRODUCT_DEFINITION_FORMATION('','',#5812);
#5812 = PRODUCT('PA1 component envelope','PA1 component envelope','',(
    #5813));
#5813 = PRODUCT_CONTEXT('',#2,'mechanical');
#5814 = PRODUCT_DEFINITION_CONTEXT('part definition',#2,'design');
#5815 = ADVANCED_BREP_SHAPE_REPRESENTATION('',(#11,#5816),#5966);
#5816 = MANIFOLD_SOLID_BREP('',#5817);
#5817 = CLOSED_SHELL('',(#5818,#5858,#5898,#5920,#5942,#5954));
#5818 = ADVANCED_FACE('',(#5819),#5853,.F.);
#5819 = FACE_BOUND('',#5820,.F.);
#5820 = EDGE_LOOP('',(#5821,#5831,#5839,#5847));
#5821 = ORIENTED_EDGE('',*,*,#5822,.F.);
#5822 = EDGE_CURVE('',#5823,#5825,#5827,.T.);
#5823 = VERTEX_POINT('',#5824);
#5824 = CARTESIAN_POINT('',(80.5,22.6,28.));
#5825 = VERTEX_POINT('',#5826);
#5826 = CARTESIAN_POINT('',(80.5,22.6,78.));
#5827 = LINE('',#5828,#5829);
#5828 = CARTESIAN_POINT('',(80.5,22.6,28.));
#5829 = VECTOR('',#5830,1.);
#5830 = DIRECTION('',(0.,0.,1.));
#5831 = ORIENTED_EDGE('',*,*,#5832,.T.);
#5832 = EDGE_CURVE('',#5823,#5833,#5835,.T.);
#5833 = VERTEX_POINT('',#5834);
#5834 = CARTESIAN_POINT('',(80.5,32.6,28.));
#5835 = LINE('',#5836,#5837);
#5836 = CARTESIAN_POINT('',(80.5,22.6,28.));
#5837 = VECTOR('',#5838,1.);
#5838 = DIRECTION('',(-0.,1.,0.));
#5839 = ORIENTED_EDGE('',*,*,#5840,.T.);
#5840 = EDGE_CURVE('',#5833,#5841,#5843,.T.);
#5841 = VERTEX_POINT('',#5842);
#5842 = CARTESIAN_POINT('',(80.5,32.6,78.));
#5843 = LINE('',#5844,#5845);
#5844 = CARTESIAN_POINT('',(80.5,32.6,28.));
#5845 = VECTOR('',#5846,1.);
#5846 = DIRECTION('',(0.,0.,1.));
#5847 = ORIENTED_EDGE('',*,*,#5848,.F.);
#5848 = EDGE_CURVE('',#5825,#5841,#5849,.T.);
#5849 = LINE('',#5850,#5851);
#5850 = CARTESIAN_POINT('',(80.5,22.6,78.));
#5851 = VECTOR('',#5852,1.);
#5852 = DIRECTION('',(-0.,1.,0.));
#5853 = PLANE('',#5854);
#5854 = AXIS2_PLACEMENT_3D('',#5855,#5856,#5857);
#5855 = CARTESIAN_POINT('',(80.5,22.6,28.));
#5856 = DIRECTION('',(1.,0.,-0.));
#5857 = DIRECTION('',(0.,0.,1.));
#5858 = ADVANCED_FACE('',(#5859),#5893,.T.);
#5859 = FACE_BOUND('',#5860,.T.);
#5860 = EDGE_LOOP('',(#5861,#5871,#5879,#5887));
#5861 = ORIENTED_EDGE('',*,*,#5862,.F.);
#5862 = EDGE_CURVE('',#5863,#5865,#5867,.T.);
#5863 = VERTEX_POINT('',#5864);
#5864 = CARTESIAN_POINT('',(109.5,22.6,28.));
#5865 = VERTEX_POINT('',#5866);
#5866 = CARTESIAN_POINT('',(109.5,22.6,78.));
#5867 = LINE('',#5868,#5869);
#5868 = CARTESIAN_POINT('',(109.5,22.6,28.));
#5869 = VECTOR('',#5870,1.);
#5870 = DIRECTION('',(0.,0.,1.));
#5871 = ORIENTED_EDGE('',*,*,#5872,.T.);
#5872 = EDGE_CURVE('',#5863,#5873,#5875,.T.);
#5873 = VERTEX_POINT('',#5874);
#5874 = CARTESIAN_POINT('',(109.5,32.6,28.));
#5875 = LINE('',#5876,#5877);
#5876 = CARTESIAN_POINT('',(109.5,22.6,28.));
#5877 = VECTOR('',#5878,1.);
#5878 = DIRECTION('',(-0.,1.,0.));
#5879 = ORIENTED_EDGE('',*,*,#5880,.T.);
#5880 = EDGE_CURVE('',#5873,#5881,#5883,.T.);
#5881 = VERTEX_POINT('',#5882);
#5882 = CARTESIAN_POINT('',(109.5,32.6,78.));
#5883 = LINE('',#5884,#5885);
#5884 = CARTESIAN_POINT('',(109.5,32.6,28.));
#5885 = VECTOR('',#5886,1.);
#5886 = DIRECTION('',(0.,0.,1.));
#5887 = ORIENTED_EDGE('',*,*,#5888,.F.);
#5888 = EDGE_CURVE('',#5865,#5881,#5889,.T.);
#5889 = LINE('',#5890,#5891);
#5890 = CARTESIAN_POINT('',(109.5,22.6,78.));
#5891 = VECTOR('',#5892,1.);
#5892 = DIRECTION('',(-0.,1.,0.));
#5893 = PLANE('',#5894);
#5894 = AXIS2_PLACEMENT_3D('',#5895,#5896,#5897);
#5895 = CARTESIAN_POINT('',(109.5,22.6,28.));
#5896 = DIRECTION('',(1.,0.,-0.));
#5897 = DIRECTION('',(0.,0.,1.));
#5898 = ADVANCED_FACE('',(#5899),#5915,.F.);
#5899 = FACE_BOUND('',#5900,.F.);
#5900 = EDGE_LOOP('',(#5901,#5907,#5908,#5914));
#5901 = ORIENTED_EDGE('',*,*,#5902,.F.);
#5902 = EDGE_CURVE('',#5823,#5863,#5903,.T.);
#5903 = LINE('',#5904,#5905);
#5904 = CARTESIAN_POINT('',(80.5,22.6,28.));
#5905 = VECTOR('',#5906,1.);
#5906 = DIRECTION('',(1.,0.,-0.));
#5907 = ORIENTED_EDGE('',*,*,#5822,.T.);
#5908 = ORIENTED_EDGE('',*,*,#5909,.T.);
#5909 = EDGE_CURVE('',#5825,#5865,#5910,.T.);
#5910 = LINE('',#5911,#5912);
#5911 = CARTESIAN_POINT('',(80.5,22.6,78.));
#5912 = VECTOR('',#5913,1.);
#5913 = DIRECTION('',(1.,0.,-0.));
#5914 = ORIENTED_EDGE('',*,*,#5862,.F.);
#5915 = PLANE('',#5916);
#5916 = AXIS2_PLACEMENT_3D('',#5917,#5918,#5919);
#5917 = CARTESIAN_POINT('',(80.5,22.6,28.));
#5918 = DIRECTION('',(-0.,1.,0.));
#5919 = DIRECTION('',(0.,0.,1.));
#5920 = ADVANCED_FACE('',(#5921),#5937,.T.);
#5921 = FACE_BOUND('',#5922,.T.);
#5922 = EDGE_LOOP('',(#5923,#5929,#5930,#5936));
#5923 = ORIENTED_EDGE('',*,*,#5924,.F.);
#5924 = EDGE_CURVE('',#5833,#5873,#5925,.T.);
#5925 = LINE('',#5926,#5927);
#5926 = CARTESIAN_POINT('',(80.5,32.6,28.));
#5927 = VECTOR('',#5928,1.);
#5928 = DIRECTION('',(1.,0.,-0.));
#5929 = ORIENTED_EDGE('',*,*,#5840,.T.);
#5930 = ORIENTED_EDGE('',*,*,#5931,.T.);
#5931 = EDGE_CURVE('',#5841,#5881,#5932,.T.);
#5932 = LINE('',#5933,#5934);
#5933 = CARTESIAN_POINT('',(80.5,32.6,78.));
#5934 = VECTOR('',#5935,1.);
#5935 = DIRECTION('',(1.,0.,-0.));
#5936 = ORIENTED_EDGE('',*,*,#5880,.F.);
#5937 = PLANE('',#5938);
#5938 = AXIS2_PLACEMENT_3D('',#5939,#5940,#5941);
#5939 = CARTESIAN_POINT('',(80.5,32.6,28.));
#5940 = DIRECTION('',(-0.,1.,0.));
#5941 = DIRECTION('',(0.,0.,1.));
#5942 = ADVANCED_FACE('',(#5943),#5949,.F.);
#5943 = FACE_BOUND('',#5944,.F.);
#5944 = EDGE_LOOP('',(#5945,#5946,#5947,#5948));
#5945 = ORIENTED_EDGE('',*,*,#5832,.F.);
#5946 = ORIENTED_EDGE('',*,*,#5902,.T.);
#5947 = ORIENTED_EDGE('',*,*,#5872,.T.);
#5948 = ORIENTED_EDGE('',*,*,#5924,.F.);
#5949 = PLANE('',#5950);
#5950 = AXIS2_PLACEMENT_3D('',#5951,#5952,#5953);
#5951 = CARTESIAN_POINT('',(80.5,22.6,28.));
#5952 = DIRECTION('',(0.,0.,1.));
#5953 = DIRECTION('',(1.,0.,-0.));
#5954 = ADVANCED_FACE('',(#5955),#5961,.T.);
#5955 = FACE_BOUND('',#5956,.T.);
#5956 = EDGE_LOOP('',(#5957,#5958,#5959,#5960));
#5957 = ORIENTED_EDGE('',*,*,#5848,.F.);
#5958 = ORIENTED_EDGE('',*,*,#5909,.T.);
#5959 = ORIENTED_EDGE('',*,*,#5888,.T.);
#5960 = ORIENTED_EDGE('',*,*,#5931,.F.);
#5961 = PLANE('',#5962);
#5962 = AXIS2_PLACEMENT_3D('',#5963,#5964,#5965);
#5963 = CARTESIAN_POINT('',(80.5,22.6,78.));
#5964 = DIRECTION('',(0.,0.,1.));
#5965 = DIRECTION('',(1.,0.,-0.));
#5966 = ( GEOMETRIC_REPRESENTATION_CONTEXT(3) 
GLOBAL_UNCERTAINTY_ASSIGNED_CONTEXT((#5970)) 
GLOBAL_UNIT_ASSIGNED_CONTEXT((#5967,#5968,#5969)) REPRESENTATION_CONTEXT
('Context #1','3D Context with UNIT and UNCERTAINTY') );
#5967 = ( LENGTH_UNIT() NAMED_UNIT(*) SI_UNIT(.MILLI.,.METRE.) );
#5968 = ( NAMED_UNIT(*) PLANE_ANGLE_UNIT() SI_UNIT($,.RADIAN.) );
#5969 = ( NAMED_UNIT(*) SI_UNIT($,.STERADIAN.) SOLID_ANGLE_UNIT() );
#5970 = UNCERTAINTY_MEASURE_WITH_UNIT(LENGTH_MEASURE(1.E-07),#5967,
  'distance_accuracy_value','confusion accuracy');
#5971 = CONTEXT_DEPENDENT_SHAPE_REPRESENTATION(#5972,#5974);
#5972 = ( REPRESENTATION_RELATIONSHIP('','',#5815,#10) 
REPRESENTATION_RELATIONSHIP_WITH_TRANSFORMATION(#5973) 
SHAPE_REPRESENTATION_RELATIONSHIP() );
#5973 = ITEM_DEFINED_TRANSFORMATION('','',#11,#39);
#5974 = PRODUCT_DEFINITION_SHAPE('Placement','Placement of an item',
  #5975);
#5975 = NEXT_ASSEMBLY_USAGE_OCCURRENCE('7','PA1 component envelope','',
  #5,#5810,$);
#5976 = PRODUCT_RELATED_PRODUCT_CATEGORY('part',$,(#5812));
#5977 = SHAPE_DEFINITION_REPRESENTATION(#5978,#5984);
#5978 = PRODUCT_DEFINITION_SHAPE('','',#5979);
#5979 = PRODUCT_DEFINITION('design','',#5980,#5983);
#5980 = PRODUCT_DEFINITION_FORMATION('','',#5981);
#5981 = PRODUCT('RF PA board PA2 (35x60)','RF PA board PA2 (35x60)','',(
    #5982));
#5982 = PRODUCT_CONTEXT('',#2,'mechanical');
#5983 = PRODUCT_DEFINITION_CONTEXT('part definition',#2,'design');
#5984 = ADVANCED_BREP_SHAPE_REPRESENTATION('',(#11,#5985),#6135);
#5985 = MANIFOLD_SOLID_BREP('',#5986);
#5986 = CLOSED_SHELL('',(#5987,#6027,#6067,#6089,#6111,#6123));
#5987 = ADVANCED_FACE('',(#5988),#6022,.F.);
#5988 = FACE_BOUND('',#5989,.F.);
#5989 = EDGE_LOOP('',(#5990,#6000,#6008,#6016));
#5990 = ORIENTED_EDGE('',*,*,#5991,.F.);
#5991 = EDGE_CURVE('',#5992,#5994,#5996,.T.);
#5992 = VERTEX_POINT('',#5993);
#5993 = CARTESIAN_POINT('',(117.5,21.,23.));
#5994 = VERTEX_POINT('',#5995);
#5995 = CARTESIAN_POINT('',(117.5,21.,83.));
#5996 = LINE('',#5997,#5998);
#5997 = CARTESIAN_POINT('',(117.5,21.,23.));
#5998 = VECTOR('',#5999,1.);
#5999 = DIRECTION('',(0.,0.,1.));
#6000 = ORIENTED_EDGE('',*,*,#6001,.T.);
#6001 = EDGE_CURVE('',#5992,#6002,#6004,.T.);
#6002 = VERTEX_POINT('',#6003);
#6003 = CARTESIAN_POINT('',(117.5,22.6,23.));
#6004 = LINE('',#6005,#6006);
#6005 = CARTESIAN_POINT('',(117.5,21.,23.));
#6006 = VECTOR('',#6007,1.);
#6007 = DIRECTION('',(-0.,1.,0.));
#6008 = ORIENTED_EDGE('',*,*,#6009,.T.);
#6009 = EDGE_CURVE('',#6002,#6010,#6012,.T.);
#6010 = VERTEX_POINT('',#6011);
#6011 = CARTESIAN_POINT('',(117.5,22.6,83.));
#6012 = LINE('',#6013,#6014);
#6013 = CARTESIAN_POINT('',(117.5,22.6,23.));
#6014 = VECTOR('',#6015,1.);
#6015 = DIRECTION('',(0.,0.,1.));
#6016 = ORIENTED_EDGE('',*,*,#6017,.F.);
#6017 = EDGE_CURVE('',#5994,#6010,#6018,.T.);
#6018 = LINE('',#6019,#6020);
#6019 = CARTESIAN_POINT('',(117.5,21.,83.));
#6020 = VECTOR('',#6021,1.);
#6021 = DIRECTION('',(-0.,1.,0.));
#6022 = PLANE('',#6023);
#6023 = AXIS2_PLACEMENT_3D('',#6024,#6025,#6026);
#6024 = CARTESIAN_POINT('',(117.5,21.,23.));
#6025 = DIRECTION('',(1.,0.,-0.));
#6026 = DIRECTION('',(0.,0.,1.));
#6027 = ADVANCED_FACE('',(#6028),#6062,.T.);
#6028 = FACE_BOUND('',#6029,.T.);
#6029 = EDGE_LOOP('',(#6030,#6040,#6048,#6056));
#6030 = ORIENTED_EDGE('',*,*,#6031,.F.);
#6031 = EDGE_CURVE('',#6032,#6034,#6036,.T.);
#6032 = VERTEX_POINT('',#6033);
#6033 = CARTESIAN_POINT('',(152.5,21.,23.));
#6034 = VERTEX_POINT('',#6035);
#6035 = CARTESIAN_POINT('',(152.5,21.,83.));
#6036 = LINE('',#6037,#6038);
#6037 = CARTESIAN_POINT('',(152.5,21.,23.));
#6038 = VECTOR('',#6039,1.);
#6039 = DIRECTION('',(0.,0.,1.));
#6040 = ORIENTED_EDGE('',*,*,#6041,.T.);
#6041 = EDGE_CURVE('',#6032,#6042,#6044,.T.);
#6042 = VERTEX_POINT('',#6043);
#6043 = CARTESIAN_POINT('',(152.5,22.6,23.));
#6044 = LINE('',#6045,#6046);
#6045 = CARTESIAN_POINT('',(152.5,21.,23.));
#6046 = VECTOR('',#6047,1.);
#6047 = DIRECTION('',(-0.,1.,0.));
#6048 = ORIENTED_EDGE('',*,*,#6049,.T.);
#6049 = EDGE_CURVE('',#6042,#6050,#6052,.T.);
#6050 = VERTEX_POINT('',#6051);
#6051 = CARTESIAN_POINT('',(152.5,22.6,83.));
#6052 = LINE('',#6053,#6054);
#6053 = CARTESIAN_POINT('',(152.5,22.6,23.));
#6054 = VECTOR('',#6055,1.);
#6055 = DIRECTION('',(0.,0.,1.));
#6056 = ORIENTED_EDGE('',*,*,#6057,.F.);
#6057 = EDGE_CURVE('',#6034,#6050,#6058,.T.);
#6058 = LINE('',#6059,#6060);
#6059 = CARTESIAN_POINT('',(152.5,21.,83.));
#6060 = VECTOR('',#6061,1.);
#6061 = DIRECTION('',(-0.,1.,0.));
#6062 = PLANE('',#6063);
#6063 = AXIS2_PLACEMENT_3D('',#6064,#6065,#6066);
#6064 = CARTESIAN_POINT('',(152.5,21.,23.));
#6065 = DIRECTION('',(1.,0.,-0.));
#6066 = DIRECTION('',(0.,0.,1.));
#6067 = ADVANCED_FACE('',(#6068),#6084,.F.);
#6068 = FACE_BOUND('',#6069,.F.);
#6069 = EDGE_LOOP('',(#6070,#6076,#6077,#6083));
#6070 = ORIENTED_EDGE('',*,*,#6071,.F.);
#6071 = EDGE_CURVE('',#5992,#6032,#6072,.T.);
#6072 = LINE('',#6073,#6074);
#6073 = CARTESIAN_POINT('',(117.5,21.,23.));
#6074 = VECTOR('',#6075,1.);
#6075 = DIRECTION('',(1.,0.,-0.));
#6076 = ORIENTED_EDGE('',*,*,#5991,.T.);
#6077 = ORIENTED_EDGE('',*,*,#6078,.T.);
#6078 = EDGE_CURVE('',#5994,#6034,#6079,.T.);
#6079 = LINE('',#6080,#6081);
#6080 = CARTESIAN_POINT('',(117.5,21.,83.));
#6081 = VECTOR('',#6082,1.);
#6082 = DIRECTION('',(1.,0.,-0.));
#6083 = ORIENTED_EDGE('',*,*,#6031,.F.);
#6084 = PLANE('',#6085);
#6085 = AXIS2_PLACEMENT_3D('',#6086,#6087,#6088);
#6086 = CARTESIAN_POINT('',(117.5,21.,23.));
#6087 = DIRECTION('',(-0.,1.,0.));
#6088 = DIRECTION('',(0.,0.,1.));
#6089 = ADVANCED_FACE('',(#6090),#6106,.T.);
#6090 = FACE_BOUND('',#6091,.T.);
#6091 = EDGE_LOOP('',(#6092,#6098,#6099,#6105));
#6092 = ORIENTED_EDGE('',*,*,#6093,.F.);
#6093 = EDGE_CURVE('',#6002,#6042,#6094,.T.);
#6094 = LINE('',#6095,#6096);
#6095 = CARTESIAN_POINT('',(117.5,22.6,23.));
#6096 = VECTOR('',#6097,1.);
#6097 = DIRECTION('',(1.,0.,-0.));
#6098 = ORIENTED_EDGE('',*,*,#6009,.T.);
#6099 = ORIENTED_EDGE('',*,*,#6100,.T.);
#6100 = EDGE_CURVE('',#6010,#6050,#6101,.T.);
#6101 = LINE('',#6102,#6103);
#6102 = CARTESIAN_POINT('',(117.5,22.6,83.));
#6103 = VECTOR('',#6104,1.);
#6104 = DIRECTION('',(1.,0.,-0.));
#6105 = ORIENTED_EDGE('',*,*,#6049,.F.);
#6106 = PLANE('',#6107);
#6107 = AXIS2_PLACEMENT_3D('',#6108,#6109,#6110);
#6108 = CARTESIAN_POINT('',(117.5,22.6,23.));
#6109 = DIRECTION('',(-0.,1.,0.));
#6110 = DIRECTION('',(0.,0.,1.));
#6111 = ADVANCED_FACE('',(#6112),#6118,.F.);
#6112 = FACE_BOUND('',#6113,.F.);
#6113 = EDGE_LOOP('',(#6114,#6115,#6116,#6117));
#6114 = ORIENTED_EDGE('',*,*,#6001,.F.);
#6115 = ORIENTED_EDGE('',*,*,#6071,.T.);
#6116 = ORIENTED_EDGE('',*,*,#6041,.T.);
#6117 = ORIENTED_EDGE('',*,*,#6093,.F.);
#6118 = PLANE('',#6119);
#6119 = AXIS2_PLACEMENT_3D('',#6120,#6121,#6122);
#6120 = CARTESIAN_POINT('',(117.5,21.,23.));
#6121 = DIRECTION('',(0.,0.,1.));
#6122 = DIRECTION('',(1.,0.,-0.));
#6123 = ADVANCED_FACE('',(#6124),#6130,.T.);
#6124 = FACE_BOUND('',#6125,.T.);
#6125 = EDGE_LOOP('',(#6126,#6127,#6128,#6129));
#6126 = ORIENTED_EDGE('',*,*,#6017,.F.);
#6127 = ORIENTED_EDGE('',*,*,#6078,.T.);
#6128 = ORIENTED_EDGE('',*,*,#6057,.T.);
#6129 = ORIENTED_EDGE('',*,*,#6100,.F.);
#6130 = PLANE('',#6131);
#6131 = AXIS2_PLACEMENT_3D('',#6132,#6133,#6134);
#6132 = CARTESIAN_POINT('',(117.5,21.,83.));
#6133 = DIRECTION('',(0.,0.,1.));
#6134 = DIRECTION('',(1.,0.,-0.));
#6135 = ( GEOMETRIC_REPRESENTATION_CONTEXT(3) 
GLOBAL_UNCERTAINTY_ASSIGNED_CONTEXT((#6139)) 
GLOBAL_UNIT_ASSIGNED_CONTEXT((#6136,#6137,#6138)) REPRESENTATION_CONTEXT
('Context #1','3D Context with UNIT and UNCERTAINTY') );
#6136 = ( LENGTH_UNIT() NAMED_UNIT(*) SI_UNIT(.MILLI.,.METRE.) );
#6137 = ( NAMED_UNIT(*) PLANE_ANGLE_UNIT() SI_UNIT($,.RADIAN.) );
#6138 = ( NAMED_UNIT(*) SI_UNIT($,.STERADIAN.) SOLID_ANGLE_UNIT() );
#6139 = UNCERTAINTY_MEASURE_WITH_UNIT(LENGTH_MEASURE(1.E-07),#6136,
  'distance_accuracy_value','confusion accuracy');
#6140 = CONTEXT_DEPENDENT_SHAPE_REPRESENTATION(#6141,#6143);
#6141 = ( REPRESENTATION_RELATIONSHIP('','',#5984,#10) 
REPRESENTATION_RELATIONSHIP_WITH_TRANSFORMATION(#6142) 
SHAPE_REPRESENTATION_RELATIONSHIP() );
#6142 = ITEM_DEFINED_TRANSFORMATION('','',#11,#43);
#6143 = PRODUCT_DEFINITION_SHAPE('Placement','Placement of an item',
  #6144);
#6144 = NEXT_ASSEMBLY_USAGE_OCCURRENCE('8','RF PA board PA2 (35x60)','',
  #5,#5979,$);
#6145 = PRODUCT_RELATED_PRODUCT_CATEGORY('part',$,(#5981));
#6146 = SHAPE_DEFINITION_REPRESENTATION(#6147,#6153);
#6147 = PRODUCT_DEFINITION_SHAPE('','',#6148);
#6148 = PRODUCT_DEFINITION('design','',#6149,#6152);
#6149 = PRODUCT_DEFINITION_FORMATION('','',#6150);
#6150 = PRODUCT('PA2 component envelope','PA2 component envelope','',(
    #6151));
#6151 = PRODUCT_CONTEXT('',#2,'mechanical');
#6152 = PRODUCT_DEFINITION_CONTEXT('part definition',#2,'design');
#6153 = ADVANCED_BREP_SHAPE_REPRESENTATION('',(#11,#6154),#6304);
#6154 = MANIFOLD_SOLID_BREP('',#6155);
#6155 = CLOSED_SHELL('',(#6156,#6196,#6236,#6258,#6280,#6292));
#6156 = ADVANCED_FACE('',(#6157),#6191,.F.);
#6157 = FACE_BOUND('',#6158,.F.);
#6158 = EDGE_LOOP('',(#6159,#6169,#6177,#6185));
#6159 = ORIENTED_EDGE('',*,*,#6160,.F.);
#6160 = EDGE_CURVE('',#6161,#6163,#6165,.T.);
#6161 = VERTEX_POINT('',#6162);
#6162 = CARTESIAN_POINT('',(120.5,22.6,28.));
#6163 = VERTEX_POINT('',#6164);
#6164 = CARTESIAN_POINT('',(120.5,22.6,78.));
#6165 = LINE('',#6166,#6167);
#6166 = CARTESIAN_POINT('',(120.5,22.6,28.));
#6167 = VECTOR('',#6168,1.);
#6168 = DIRECTION('',(0.,0.,1.));
#6169 = ORIENTED_EDGE('',*,*,#6170,.T.);
#6170 = EDGE_CURVE('',#6161,#6171,#6173,.T.);
#6171 = VERTEX_POINT('',#6172);
#6172 = CARTESIAN_POINT('',(120.5,32.6,28.));
#6173 = LINE('',#6174,#6175);
#6174 = CARTESIAN_POINT('',(120.5,22.6,28.));
#6175 = VECTOR('',#6176,1.);
#6176 = DIRECTION('',(-0.,1.,0.));
#6177 = ORIENTED_EDGE('',*,*,#6178,.T.);
#6178 = EDGE_CURVE('',#6171,#6179,#6181,.T.);
#6179 = VERTEX_POINT('',#6180);
#6180 = CARTESIAN_POINT('',(120.5,32.6,78.));
#6181 = LINE('',#6182,#6183);
#6182 = CARTESIAN_POINT('',(120.5,32.6,28.));
#6183 = VECTOR('',#6184,1.);
#6184 = DIRECTION('',(0.,0.,1.));
#6185 = ORIENTED_EDGE('',*,*,#6186,.F.);
#6186 = EDGE_CURVE('',#6163,#6179,#6187,.T.);
#6187 = LINE('',#6188,#6189);
#6188 = CARTESIAN_POINT('',(120.5,22.6,78.));
#6189 = VECTOR('',#6190,1.);
#6190 = DIRECTION('',(-0.,1.,0.));
#6191 = PLANE('',#6192);
#6192 = AXIS2_PLACEMENT_3D('',#6193,#6194,#6195);
#6193 = CARTESIAN_POINT('',(120.5,22.6,28.));
#6194 = DIRECTION('',(1.,0.,-0.));
#6195 = DIRECTION('',(0.,0.,1.));
#6196 = ADVANCED_FACE('',(#6197),#6231,.T.);
#6197 = FACE_BOUND('',#6198,.T.);
#6198 = EDGE_LOOP('',(#6199,#6209,#6217,#6225));
#6199 = ORIENTED_EDGE('',*,*,#6200,.F.);
#6200 = EDGE_CURVE('',#6201,#6203,#6205,.T.);
#6201 = VERTEX_POINT('',#6202);
#6202 = CARTESIAN_POINT('',(149.5,22.6,28.));
#6203 = VERTEX_POINT('',#6204);
#6204 = CARTESIAN_POINT('',(149.5,22.6,78.));
#6205 = LINE('',#6206,#6207);
#6206 = CARTESIAN_POINT('',(149.5,22.6,28.));
#6207 = VECTOR('',#6208,1.);
#6208 = DIRECTION('',(0.,0.,1.));
#6209 = ORIENTED_EDGE('',*,*,#6210,.T.);
#6210 = EDGE_CURVE('',#6201,#6211,#6213,.T.);
#6211 = VERTEX_POINT('',#6212);
#6212 = CARTESIAN_POINT('',(149.5,32.6,28.));
#6213 = LINE('',#6214,#6215);
#6214 = CARTESIAN_POINT('',(149.5,22.6,28.));
#6215 = VECTOR('',#6216,1.);
#6216 = DIRECTION('',(-0.,1.,0.));
#6217 = ORIENTED_EDGE('',*,*,#6218,.T.);
#6218 = EDGE_CURVE('',#6211,#6219,#6221,.T.);
#6219 = VERTEX_POINT('',#6220);
#6220 = CARTESIAN_POINT('',(149.5,32.6,78.));
#6221 = LINE('',#6222,#6223);
#6222 = CARTESIAN_POINT('',(149.5,32.6,28.));
#6223 = VECTOR('',#6224,1.);
#6224 = DIRECTION('',(0.,0.,1.));
#6225 = ORIENTED_EDGE('',*,*,#6226,.F.);
#6226 = EDGE_CURVE('',#6203,#6219,#6227,.T.);
#6227 = LINE('',#6228,#6229);
#6228 = CARTESIAN_POINT('',(149.5,22.6,78.));
#6229 = VECTOR('',#6230,1.);
#6230 = DIRECTION('',(-0.,1.,0.));
#6231 = PLANE('',#6232);
#6232 = AXIS2_PLACEMENT_3D('',#6233,#6234,#6235);
#6233 = CARTESIAN_POINT('',(149.5,22.6,28.));
#6234 = DIRECTION('',(1.,0.,-0.));
#6235 = DIRECTION('',(0.,0.,1.));
#6236 = ADVANCED_FACE('',(#6237),#6253,.F.);
#6237 = FACE_BOUND('',#6238,.F.);
#6238 = EDGE_LOOP('',(#6239,#6245,#6246,#6252));
#6239 = ORIENTED_EDGE('',*,*,#6240,.F.);
#6240 = EDGE_CURVE('',#6161,#6201,#6241,.T.);
#6241 = LINE('',#6242,#6243);
#6242 = CARTESIAN_POINT('',(120.5,22.6,28.));
#6243 = VECTOR('',#6244,1.);
#6244 = DIRECTION('',(1.,0.,-0.));
#6245 = ORIENTED_EDGE('',*,*,#6160,.T.);
#6246 = ORIENTED_EDGE('',*,*,#6247,.T.);
#6247 = EDGE_CURVE('',#6163,#6203,#6248,.T.);
#6248 = LINE('',#6249,#6250);
#6249 = CARTESIAN_POINT('',(120.5,22.6,78.));
#6250 = VECTOR('',#6251,1.);
#6251 = DIRECTION('',(1.,0.,-0.));
#6252 = ORIENTED_EDGE('',*,*,#6200,.F.);
#6253 = PLANE('',#6254);
#6254 = AXIS2_PLACEMENT_3D('',#6255,#6256,#6257);
#6255 = CARTESIAN_POINT('',(120.5,22.6,28.));
#6256 = DIRECTION('',(-0.,1.,0.));
#6257 = DIRECTION('',(0.,0.,1.));
#6258 = ADVANCED_FACE('',(#6259),#6275,.T.);
#6259 = FACE_BOUND('',#6260,.T.);
#6260 = EDGE_LOOP('',(#6261,#6267,#6268,#6274));
#6261 = ORIENTED_EDGE('',*,*,#6262,.F.);
#6262 = EDGE_CURVE('',#6171,#6211,#6263,.T.);
#6263 = LINE('',#6264,#6265);
#6264 = CARTESIAN_POINT('',(120.5,32.6,28.));
#6265 = VECTOR('',#6266,1.);
#6266 = DIRECTION('',(1.,0.,-0.));
#6267 = ORIENTED_EDGE('',*,*,#6178,.T.);
#6268 = ORIENTED_EDGE('',*,*,#6269,.T.);
#6269 = EDGE_CURVE('',#6179,#6219,#6270,.T.);
#6270 = LINE('',#6271,#6272);
#6271 = CARTESIAN_POINT('',(120.5,32.6,78.));
#6272 = VECTOR('',#6273,1.);
#6273 = DIRECTION('',(1.,0.,-0.));
#6274 = ORIENTED_EDGE('',*,*,#6218,.F.);
#6275 = PLANE('',#6276);
#6276 = AXIS2_PLACEMENT_3D('',#6277,#6278,#6279);
#6277 = CARTESIAN_POINT('',(120.5,32.6,28.));
#6278 = DIRECTION('',(-0.,1.,0.));
#6279 = DIRECTION('',(0.,0.,1.));
#6280 = ADVANCED_FACE('',(#6281),#6287,.F.);
#6281 = FACE_BOUND('',#6282,.F.);
#6282 = EDGE_LOOP('',(#6283,#6284,#6285,#6286));
#6283 = ORIENTED_EDGE('',*,*,#6170,.F.);
#6284 = ORIENTED_EDGE('',*,*,#6240,.T.);
#6285 = ORIENTED_EDGE('',*,*,#6210,.T.);
#6286 = ORIENTED_EDGE('',*,*,#6262,.F.);
#6287 = PLANE('',#6288);
#6288 = AXIS2_PLACEMENT_3D('',#6289,#6290,#6291);
#6289 = CARTESIAN_POINT('',(120.5,22.6,28.));
#6290 = DIRECTION('',(0.,0.,1.));
#6291 = DIRECTION('',(1.,0.,-0.));
#6292 = ADVANCED_FACE('',(#6293),#6299,.T.);
#6293 = FACE_BOUND('',#6294,.T.);
#6294 = EDGE_LOOP('',(#6295,#6296,#6297,#6298));
#6295 = ORIENTED_EDGE('',*,*,#6186,.F.);
#6296 = ORIENTED_EDGE('',*,*,#6247,.T.);
#6297 = ORIENTED_EDGE('',*,*,#6226,.T.);
#6298 = ORIENTED_EDGE('',*,*,#6269,.F.);
#6299 = PLANE('',#6300);
#6300 = AXIS2_PLACEMENT_3D('',#6301,#6302,#6303);
#6301 = CARTESIAN_POINT('',(120.5,22.6,78.));
#6302 = DIRECTION('',(0.,0.,1.));
#6303 = DIRECTION('',(1.,0.,-0.));
#6304 = ( GEOMETRIC_REPRESENTATION_CONTEXT(3) 
GLOBAL_UNCERTAINTY_ASSIGNED_CONTEXT((#6308)) 
GLOBAL_UNIT_ASSIGNED_CONTEXT((#6305,#6306,#6307)) REPRESENTATION_CONTEXT
('Context #1','3D Context with UNIT and UNCERTAINTY') );
#6305 = ( LENGTH_UNIT() NAMED_UNIT(*) SI_UNIT(.MILLI.,.METRE.) );
#6306 = ( NAMED_UNIT(*) PLANE_ANGLE_UNIT() SI_UNIT($,.RADIAN.) );
#6307 = ( NAMED_UNIT(*) SI_UNIT($,.STERADIAN.) SOLID_ANGLE_UNIT() );
#6308 = UNCERTAINTY_MEASURE_WITH_UNIT(LENGTH_MEASURE(1.E-07),#6305,
  'distance_accuracy_value','confusion accuracy');
#6309 = CONTEXT_DEPENDENT_SHAPE_REPRESENTATION(#6310,#6312);
#6310 = ( REPRESENTATION_RELATIONSHIP('','',#6153,#10) 
REPRESENTATION_RELATIONSHIP_WITH_TRANSFORMATION(#6311) 
SHAPE_REPRESENTATION_RELATIONSHIP() );
#6311 = ITEM_DEFINED_TRANSFORMATION('','',#11,#47);
#6312 = PRODUCT_DEFINITION_SHAPE('Placement','Placement of an item',
  #6313);
#6313 = NEXT_ASSEMBLY_USAGE_OCCURRENCE('9','PA2 component envelope','',
  #5,#6148,$);
#6314 = PRODUCT_RELATED_PRODUCT_CATEGORY('part',$,(#6150));
#6315 = SHAPE_DEFINITION_REPRESENTATION(#6316,#6322);
#6316 = PRODUCT_DEFINITION_SHAPE('','',#6317);
#6317 = PRODUCT_DEFINITION('design','',#6318,#6321);
#6318 = PRODUCT_DEFINITION_FORMATION('','',#6319);
#6319 = PRODUCT('RF PA board PA3 (35x60)','RF PA board PA3 (35x60)','',(
    #6320));
#6320 = PRODUCT_CONTEXT('',#2,'mechanical');
#6321 = PRODUCT_DEFINITION_CONTEXT('part definition',#2,'design');
#6322 = ADVANCED_BREP_SHAPE_REPRESENTATION('',(#11,#6323),#6473);
#6323 = MANIFOLD_SOLID_BREP('',#6324);
#6324 = CLOSED_SHELL('',(#6325,#6365,#6405,#6427,#6449,#6461));
#6325 = ADVANCED_FACE('',(#6326),#6360,.F.);
#6326 = FACE_BOUND('',#6327,.F.);
#6327 = EDGE_LOOP('',(#6328,#6338,#6346,#6354));
#6328 = ORIENTED_EDGE('',*,*,#6329,.F.);
#6329 = EDGE_CURVE('',#6330,#6332,#6334,.T.);
#6330 = VERTEX_POINT('',#6331);
#6331 = CARTESIAN_POINT('',(157.5,21.,23.));
#6332 = VERTEX_POINT('',#6333);
#6333 = CARTESIAN_POINT('',(157.5,21.,83.));
#6334 = LINE('',#6335,#6336);
#6335 = CARTESIAN_POINT('',(157.5,21.,23.));
#6336 = VECTOR('',#6337,1.);
#6337 = DIRECTION('',(0.,0.,1.));
#6338 = ORIENTED_EDGE('',*,*,#6339,.T.);
#6339 = EDGE_CURVE('',#6330,#6340,#6342,.T.);
#6340 = VERTEX_POINT('',#6341);
#6341 = CARTESIAN_POINT('',(157.5,22.6,23.));
#6342 = LINE('',#6343,#6344);
#6343 = CARTESIAN_POINT('',(157.5,21.,23.));
#6344 = VECTOR('',#6345,1.);
#6345 = DIRECTION('',(-0.,1.,0.));
#6346 = ORIENTED_EDGE('',*,*,#6347,.T.);
#6347 = EDGE_CURVE('',#6340,#6348,#6350,.T.);
#6348 = VERTEX_POINT('',#6349);
#6349 = CARTESIAN_POINT('',(157.5,22.6,83.));
#6350 = LINE('',#6351,#6352);
#6351 = CARTESIAN_POINT('',(157.5,22.6,23.));
#6352 = VECTOR('',#6353,1.);
#6353 = DIRECTION('',(0.,0.,1.));
#6354 = ORIENTED_EDGE('',*,*,#6355,.F.);
#6355 = EDGE_CURVE('',#6332,#6348,#6356,.T.);
#6356 = LINE('',#6357,#6358);
#6357 = CARTESIAN_POINT('',(157.5,21.,83.));
#6358 = VECTOR('',#6359,1.);
#6359 = DIRECTION('',(-0.,1.,0.));
#6360 = PLANE('',#6361);
#6361 = AXIS2_PLACEMENT_3D('',#6362,#6363,#6364);
#6362 = CARTESIAN_POINT('',(157.5,21.,23.));
#6363 = DIRECTION('',(1.,0.,-0.));
#6364 = DIRECTION('',(0.,0.,1.));
#6365 = ADVANCED_FACE('',(#6366),#6400,.T.);
#6366 = FACE_BOUND('',#6367,.T.);
#6367 = EDGE_LOOP('',(#6368,#6378,#6386,#6394));
#6368 = ORIENTED_EDGE('',*,*,#6369,.F.);
#6369 = EDGE_CURVE('',#6370,#6372,#6374,.T.);
#6370 = VERTEX_POINT('',#6371);
#6371 = CARTESIAN_POINT('',(192.5,21.,23.));
#6372 = VERTEX_POINT('',#6373);
#6373 = CARTESIAN_POINT('',(192.5,21.,83.));
#6374 = LINE('',#6375,#6376);
#6375 = CARTESIAN_POINT('',(192.5,21.,23.));
#6376 = VECTOR('',#6377,1.);
#6377 = DIRECTION('',(0.,0.,1.));
#6378 = ORIENTED_EDGE('',*,*,#6379,.T.);
#6379 = EDGE_CURVE('',#6370,#6380,#6382,.T.);
#6380 = VERTEX_POINT('',#6381);
#6381 = CARTESIAN_POINT('',(192.5,22.6,23.));
#6382 = LINE('',#6383,#6384);
#6383 = CARTESIAN_POINT('',(192.5,21.,23.));
#6384 = VECTOR('',#6385,1.);
#6385 = DIRECTION('',(-0.,1.,0.));
#6386 = ORIENTED_EDGE('',*,*,#6387,.T.);
#6387 = EDGE_CURVE('',#6380,#6388,#6390,.T.);
#6388 = VERTEX_POINT('',#6389);
#6389 = CARTESIAN_POINT('',(192.5,22.6,83.));
#6390 = LINE('',#6391,#6392);
#6391 = CARTESIAN_POINT('',(192.5,22.6,23.));
#6392 = VECTOR('',#6393,1.);
#6393 = DIRECTION('',(0.,0.,1.));
#6394 = ORIENTED_EDGE('',*,*,#6395,.F.);
#6395 = EDGE_CURVE('',#6372,#6388,#6396,.T.);
#6396 = LINE('',#6397,#6398);
#6397 = CARTESIAN_POINT('',(192.5,21.,83.));
#6398 = VECTOR('',#6399,1.);
#6399 = DIRECTION('',(-0.,1.,0.));
#6400 = PLANE('',#6401);
#6401 = AXIS2_PLACEMENT_3D('',#6402,#6403,#6404);
#6402 = CARTESIAN_POINT('',(192.5,21.,23.));
#6403 = DIRECTION('',(1.,0.,-0.));
#6404 = DIRECTION('',(0.,0.,1.));
#6405 = ADVANCED_FACE('',(#6406),#6422,.F.);
#6406 = FACE_BOUND('',#6407,.F.);
#6407 = EDGE_LOOP('',(#6408,#6414,#6415,#6421));
#6408 = ORIENTED_EDGE('',*,*,#6409,.F.);
#6409 = EDGE_CURVE('',#6330,#6370,#6410,.T.);
#6410 = LINE('',#6411,#6412);
#6411 = CARTESIAN_POINT('',(157.5,21.,23.));
#6412 = VECTOR('',#6413,1.);
#6413 = DIRECTION('',(1.,0.,-0.));
#6414 = ORIENTED_EDGE('',*,*,#6329,.T.);
#6415 = ORIENTED_EDGE('',*,*,#6416,.T.);
#6416 = EDGE_CURVE('',#6332,#6372,#6417,.T.);
#6417 = LINE('',#6418,#6419);
#6418 = CARTESIAN_POINT('',(157.5,21.,83.));
#6419 = VECTOR('',#6420,1.);
#6420 = DIRECTION('',(1.,0.,-0.));
#6421 = ORIENTED_EDGE('',*,*,#6369,.F.);
#6422 = PLANE('',#6423);
#6423 = AXIS2_PLACEMENT_3D('',#6424,#6425,#6426);
#6424 = CARTESIAN_POINT('',(157.5,21.,23.));
#6425 = DIRECTION('',(-0.,1.,0.));
#6426 = DIRECTION('',(0.,0.,1.));
#6427 = ADVANCED_FACE('',(#6428),#6444,.T.);
#6428 = FACE_BOUND('',#6429,.T.);
#6429 = EDGE_LOOP('',(#6430,#6436,#6437,#6443));
#6430 = ORIENTED_EDGE('',*,*,#6431,.F.);
#6431 = EDGE_CURVE('',#6340,#6380,#6432,.T.);
#6432 = LINE('',#6433,#6434);
#6433 = CARTESIAN_POINT('',(157.5,22.6,23.));
#6434 = VECTOR('',#6435,1.);
#6435 = DIRECTION('',(1.,0.,-0.));
#6436 = ORIENTED_EDGE('',*,*,#6347,.T.);
#6437 = ORIENTED_EDGE('',*,*,#6438,.T.);
#6438 = EDGE_CURVE('',#6348,#6388,#6439,.T.);
#6439 = LINE('',#6440,#6441);
#6440 = CARTESIAN_POINT('',(157.5,22.6,83.));
#6441 = VECTOR('',#6442,1.);
#6442 = DIRECTION('',(1.,0.,-0.));
#6443 = ORIENTED_EDGE('',*,*,#6387,.F.);
#6444 = PLANE('',#6445);
#6445 = AXIS2_PLACEMENT_3D('',#6446,#6447,#6448);
#6446 = CARTESIAN_POINT('',(157.5,22.6,23.));
#6447 = DIRECTION('',(-0.,1.,0.));
#6448 = DIRECTION('',(0.,0.,1.));
#6449 = ADVANCED_FACE('',(#6450),#6456,.F.);
#6450 = FACE_BOUND('',#6451,.F.);
#6451 = EDGE_LOOP('',(#6452,#6453,#6454,#6455));
#6452 = ORIENTED_EDGE('',*,*,#6339,.F.);
#6453 = ORIENTED_EDGE('',*,*,#6409,.T.);
#6454 = ORIENTED_EDGE('',*,*,#6379,.T.);
#6455 = ORIENTED_EDGE('',*,*,#6431,.F.);
#6456 = PLANE('',#6457);
#6457 = AXIS2_PLACEMENT_3D('',#6458,#6459,#6460);
#6458 = CARTESIAN_POINT('',(157.5,21.,23.));
#6459 = DIRECTION('',(0.,0.,1.));
#6460 = DIRECTION('',(1.,0.,-0.));
#6461 = ADVANCED_FACE('',(#6462),#6468,.T.);
#6462 = FACE_BOUND('',#6463,.T.);
#6463 = EDGE_LOOP('',(#6464,#6465,#6466,#6467));
#6464 = ORIENTED_EDGE('',*,*,#6355,.F.);
#6465 = ORIENTED_EDGE('',*,*,#6416,.T.);
#6466 = ORIENTED_EDGE('',*,*,#6395,.T.);
#6467 = ORIENTED_EDGE('',*,*,#6438,.F.);
#6468 = PLANE('',#6469);
#6469 = AXIS2_PLACEMENT_3D('',#6470,#6471,#6472);
#6470 = CARTESIAN_POINT('',(157.5,21.,83.));
#6471 = DIRECTION('',(0.,0.,1.));
#6472 = DIRECTION('',(1.,0.,-0.));
#6473 = ( GEOMETRIC_REPRESENTATION_CONTEXT(3) 
GLOBAL_UNCERTAINTY_ASSIGNED_CONTEXT((#6477)) 
GLOBAL_UNIT_ASSIGNED_CONTEXT((#6474,#6475,#6476)) REPRESENTATION_CONTEXT
('Context #1','3D Context with UNIT and UNCERTAINTY') );
#6474 = ( LENGTH_UNIT() NAMED_UNIT(*) SI_UNIT(.MILLI.,.METRE.) );
#6475 = ( NAMED_UNIT(*) PLANE_ANGLE_UNIT() SI_UNIT($,.RADIAN.) );
#6476 = ( NAMED_UNIT(*) SI_UNIT($,.STERADIAN.) SOLID_ANGLE_UNIT() );
#6477 = UNCERTAINTY_MEASURE_WITH_UNIT(LENGTH_MEASURE(1.E-07),#6474,
  'distance_accuracy_value','confusion accuracy');
#6478 = CONTEXT_DEPENDENT_SHAPE_REPRESENTATION(#6479,#6481);
#6479 = ( REPRESENTATION_RELATIONSHIP('','',#6322,#10) 
REPRESENTATION_RELATIONSHIP_WITH_TRANSFORMATION(#6480) 
SHAPE_REPRESENTATION_RELATIONSHIP() );
#6480 = ITEM_DEFINED_TRANSFORMATION('','',#11,#51);
#6481 = PRODUCT_DEFINITION_SHAPE('Placement','Placement of an item',
  #6482);
#6482 = NEXT_ASSEMBLY_USAGE_OCCURRENCE('10','RF PA board PA3 (35x60)',''
  ,#5,#6317,$);
#6483 = PRODUCT_RELATED_PRODUCT_CATEGORY('part',$,(#6319));
#6484 = SHAPE_DEFINITION_REPRESENTATION(#6485,#6491);
#6485 = PRODUCT_DEFINITION_SHAPE('','',#6486);
#6486 = PRODUCT_DEFINITION('design','',#6487,#6490);
#6487 = PRODUCT_DEFINITION_FORMATION('','',#6488);
#6488 = PRODUCT('PA3 component envelope','PA3 component envelope','',(
    #6489));
#6489 = PRODUCT_CONTEXT('',#2,'mechanical');
#6490 = PRODUCT_DEFINITION_CONTEXT('part definition',#2,'design');
#6491 = ADVANCED_BREP_SHAPE_REPRESENTATION('',(#11,#6492),#6642);
#6492 = MANIFOLD_SOLID_BREP('',#6493);
#6493 = CLOSED_SHELL('',(#6494,#6534,#6574,#6596,#6618,#6630));
#6494 = ADVANCED_FACE('',(#6495),#6529,.F.);
#6495 = FACE_BOUND('',#6496,.F.);
#6496 = EDGE_LOOP('',(#6497,#6507,#6515,#6523));
#6497 = ORIENTED_EDGE('',*,*,#6498,.F.);
#6498 = EDGE_CURVE('',#6499,#6501,#6503,.T.);
#6499 = VERTEX_POINT('',#6500);
#6500 = CARTESIAN_POINT('',(160.5,22.6,28.));
#6501 = VERTEX_POINT('',#6502);
#6502 = CARTESIAN_POINT('',(160.5,22.6,78.));
#6503 = LINE('',#6504,#6505);
#6504 = CARTESIAN_POINT('',(160.5,22.6,28.));
#6505 = VECTOR('',#6506,1.);
#6506 = DIRECTION('',(0.,0.,1.));
#6507 = ORIENTED_EDGE('',*,*,#6508,.T.);
#6508 = EDGE_CURVE('',#6499,#6509,#6511,.T.);
#6509 = VERTEX_POINT('',#6510);
#6510 = CARTESIAN_POINT('',(160.5,32.6,28.));
#6511 = LINE('',#6512,#6513);
#6512 = CARTESIAN_POINT('',(160.5,22.6,28.));
#6513 = VECTOR('',#6514,1.);
#6514 = DIRECTION('',(-0.,1.,0.));
#6515 = ORIENTED_EDGE('',*,*,#6516,.T.);
#6516 = EDGE_CURVE('',#6509,#6517,#6519,.T.);
#6517 = VERTEX_POINT('',#6518);
#6518 = CARTESIAN_POINT('',(160.5,32.6,78.));
#6519 = LINE('',#6520,#6521);
#6520 = CARTESIAN_POINT('',(160.5,32.6,28.));
#6521 = VECTOR('',#6522,1.);
#6522 = DIRECTION('',(0.,0.,1.));
#6523 = ORIENTED_EDGE('',*,*,#6524,.F.);
#6524 = EDGE_CURVE('',#6501,#6517,#6525,.T.);
#6525 = LINE('',#6526,#6527);
#6526 = CARTESIAN_POINT('',(160.5,22.6,78.));
#6527 = VECTOR('',#6528,1.);
#6528 = DIRECTION('',(-0.,1.,0.));
#6529 = PLANE('',#6530);
#6530 = AXIS2_PLACEMENT_3D('',#6531,#6532,#6533);
#6531 = CARTESIAN_POINT('',(160.5,22.6,28.));
#6532 = DIRECTION('',(1.,0.,-0.));
#6533 = DIRECTION('',(0.,0.,1.));
#6534 = ADVANCED_FACE('',(#6535),#6569,.T.);
#6535 = FACE_BOUND('',#6536,.T.);
#6536 = EDGE_LOOP('',(#6537,#6547,#6555,#6563));
#6537 = ORIENTED_EDGE('',*,*,#6538,.F.);
#6538 = EDGE_CURVE('',#6539,#6541,#6543,.T.);
#6539 = VERTEX_POINT('',#6540);
#6540 = CARTESIAN_POINT('',(189.5,22.6,28.));
#6541 = VERTEX_POINT('',#6542);
#6542 = CARTESIAN_POINT('',(189.5,22.6,78.));
#6543 = LINE('',#6544,#6545);
#6544 = CARTESIAN_POINT('',(189.5,22.6,28.));
#6545 = VECTOR('',#6546,1.);
#6546 = DIRECTION('',(0.,0.,1.));
#6547 = ORIENTED_EDGE('',*,*,#6548,.T.);
#6548 = EDGE_CURVE('',#6539,#6549,#6551,.T.);
#6549 = VERTEX_POINT('',#6550);
#6550 = CARTESIAN_POINT('',(189.5,32.6,28.));
#6551 = LINE('',#6552,#6553);
#6552 = CARTESIAN_POINT('',(189.5,22.6,28.));
#6553 = VECTOR('',#6554,1.);
#6554 = DIRECTION('',(-0.,1.,0.));
#6555 = ORIENTED_EDGE('',*,*,#6556,.T.);
#6556 = EDGE_CURVE('',#6549,#6557,#6559,.T.);
#6557 = VERTEX_POINT('',#6558);
#6558 = CARTESIAN_POINT('',(189.5,32.6,78.));
#6559 = LINE('',#6560,#6561);
#6560 = CARTESIAN_POINT('',(189.5,32.6,28.));
#6561 = VECTOR('',#6562,1.);
#6562 = DIRECTION('',(0.,0.,1.));
#6563 = ORIENTED_EDGE('',*,*,#6564,.F.);
#6564 = EDGE_CURVE('',#6541,#6557,#6565,.T.);
#6565 = LINE('',#6566,#6567);
#6566 = CARTESIAN_POINT('',(189.5,22.6,78.));
#6567 = VECTOR('',#6568,1.);
#6568 = DIRECTION('',(-0.,1.,0.));
#6569 = PLANE('',#6570);
#6570 = AXIS2_PLACEMENT_3D('',#6571,#6572,#6573);
#6571 = CARTESIAN_POINT('',(189.5,22.6,28.));
#6572 = DIRECTION('',(1.,0.,-0.));
#6573 = DIRECTION('',(0.,0.,1.));
#6574 = ADVANCED_FACE('',(#6575),#6591,.F.);
#6575 = FACE_BOUND('',#6576,.F.);
#6576 = EDGE_LOOP('',(#6577,#6583,#6584,#6590));
#6577 = ORIENTED_EDGE('',*,*,#6578,.F.);
#6578 = EDGE_CURVE('',#6499,#6539,#6579,.T.);
#6579 = LINE('',#6580,#6581);
#6580 = CARTESIAN_POINT('',(160.5,22.6,28.));
#6581 = VECTOR('',#6582,1.);
#6582 = DIRECTION('',(1.,0.,-0.));
#6583 = ORIENTED_EDGE('',*,*,#6498,.T.);
#6584 = ORIENTED_EDGE('',*,*,#6585,.T.);
#6585 = EDGE_CURVE('',#6501,#6541,#6586,.T.);
#6586 = LINE('',#6587,#6588);
#6587 = CARTESIAN_POINT('',(160.5,22.6,78.));
#6588 = VECTOR('',#6589,1.);
#6589 = DIRECTION('',(1.,0.,-0.));
#6590 = ORIENTED_EDGE('',*,*,#6538,.F.);
#6591 = PLANE('',#6592);
#6592 = AXIS2_PLACEMENT_3D('',#6593,#6594,#6595);
#6593 = CARTESIAN_POINT('',(160.5,22.6,28.));
#6594 = DIRECTION('',(-0.,1.,0.));
#6595 = DIRECTION('',(0.,0.,1.));
#6596 = ADVANCED_FACE('',(#6597),#6613,.T.);
#6597 = FACE_BOUND('',#6598,.T.);
#6598 = EDGE_LOOP('',(#6599,#6605,#6606,#6612));
#6599 = ORIENTED_EDGE('',*,*,#6600,.F.);
#6600 = EDGE_CURVE('',#6509,#6549,#6601,.T.);
#6601 = LINE('',#6602,#6603);
#6602 = CARTESIAN_POINT('',(160.5,32.6,28.));
#6603 = VECTOR('',#6604,1.);
#6604 = DIRECTION('',(1.,0.,-0.));
#6605 = ORIENTED_EDGE('',*,*,#6516,.T.);
#6606 = ORIENTED_EDGE('',*,*,#6607,.T.);
#6607 = EDGE_CURVE('',#6517,#6557,#6608,.T.);
#6608 = LINE('',#6609,#6610);
#6609 = CARTESIAN_POINT('',(160.5,32.6,78.));
#6610 = VECTOR('',#6611,1.);
#6611 = DIRECTION('',(1.,0.,-0.));
#6612 = ORIENTED_EDGE('',*,*,#6556,.F.);
#6613 = PLANE('',#6614);
#6614 = AXIS2_PLACEMENT_3D('',#6615,#6616,#6617);
#6615 = CARTESIAN_POINT('',(160.5,32.6,28.));
#6616 = DIRECTION('',(-0.,1.,0.));
#6617 = DIRECTION('',(0.,0.,1.));
#6618 = ADVANCED_FACE('',(#6619),#6625,.F.);
#6619 = FACE_BOUND('',#6620,.F.);
#6620 = EDGE_LOOP('',(#6621,#6622,#6623,#6624));
#6621 = ORIENTED_EDGE('',*,*,#6508,.F.);
#6622 = ORIENTED_EDGE('',*,*,#6578,.T.);
#6623 = ORIENTED_EDGE('',*,*,#6548,.T.);
#6624 = ORIENTED_EDGE('',*,*,#6600,.F.);
#6625 = PLANE('',#6626);
#6626 = AXIS2_PLACEMENT_3D('',#6627,#6628,#6629);
#6627 = CARTESIAN_POINT('',(160.5,22.6,28.));
#6628 = DIRECTION('',(0.,0.,1.));
#6629 = DIRECTION('',(1.,0.,-0.));
#6630 = ADVANCED_FACE('',(#6631),#6637,.T.);
#6631 = FACE_BOUND('',#6632,.T.);
#6632 = EDGE_LOOP('',(#6633,#6634,#6635,#6636));
#6633 = ORIENTED_EDGE('',*,*,#6524,.F.);
#6634 = ORIENTED_EDGE('',*,*,#6585,.T.);
#6635 = ORIENTED_EDGE('',*,*,#6564,.T.);
#6636 = ORIENTED_EDGE('',*,*,#6607,.F.);
#6637 = PLANE('',#6638);
#6638 = AXIS2_PLACEMENT_3D('',#6639,#6640,#6641);
#6639 = CARTESIAN_POINT('',(160.5,22.6,78.));
#6640 = DIRECTION('',(0.,0.,1.));
#6641 = DIRECTION('',(1.,0.,-0.));
#6642 = ( GEOMETRIC_REPRESENTATION_CONTEXT(3) 
GLOBAL_UNCERTAINTY_ASSIGNED_CONTEXT((#6646)) 
GLOBAL_UNIT_ASSIGNED_CONTEXT((#6643,#6644,#6645)) REPRESENTATION_CONTEXT
('Context #1','3D Context with UNIT and UNCERTAINTY') );
#6643 = ( LENGTH_UNIT() NAMED_UNIT(*) SI_UNIT(.MILLI.,.METRE.) );
#6644 = ( NAMED_UNIT(*) PLANE_ANGLE_UNIT() SI_UNIT($,.RADIAN.) );
#6645 = ( NAMED_UNIT(*) SI_UNIT($,.STERADIAN.) SOLID_ANGLE_UNIT() );
#6646 = UNCERTAINTY_MEASURE_WITH_UNIT(LENGTH_MEASURE(1.E-07),#6643,
  'distance_accuracy_value','confusion accuracy');
#6647 = CONTEXT_DEPENDENT_SHAPE_REPRESENTATION(#6648,#6650);
#6648 = ( REPRESENTATION_RELATIONSHIP('','',#6491,#10) 
REPRESENTATION_RELATIONSHIP_WITH_TRANSFORMATION(#6649) 
SHAPE_REPRESENTATION_RELATIONSHIP() );
#6649 = ITEM_DEFINED_TRANSFORMATION('','',#11,#55);
#6650 = PRODUCT_DEFINITION_SHAPE('Placement','Placement of an item',
  #6651);
#6651 = NEXT_ASSEMBLY_USAGE_OCCURRENCE('11','PA3 component envelope','',
  #5,#6486,$);
#6652 = PRODUCT_RELATED_PRODUCT_CATEGORY('part',$,(#6488));
#6653 = SHAPE_DEFINITION_REPRESENTATION(#6654,#6660);
#6654 = PRODUCT_DEFINITION_SHAPE('','',#6655);
#6655 = PRODUCT_DEFINITION('design','',#6656,#6659);
#6656 = PRODUCT_DEFINITION_FORMATION('','',#6657);
#6657 = PRODUCT('RF PA board PA4 (35x60)','RF PA board PA4 (35x60)','',(
    #6658));
#6658 = PRODUCT_CONTEXT('',#2,'mechanical');
#6659 = PRODUCT_DEFINITION_CONTEXT('part definition',#2,'design');
#6660 = ADVANCED_BREP_SHAPE_REPRESENTATION('',(#11,#6661),#6811);
#6661 = MANIFOLD_SOLID_BREP('',#6662);
#6662 = CLOSED_SHELL('',(#6663,#6703,#6743,#6765,#6787,#6799));
#6663 = ADVANCED_FACE('',(#6664),#6698,.F.);
#6664 = FACE_BOUND('',#6665,.F.);
#6665 = EDGE_LOOP('',(#6666,#6676,#6684,#6692));
#6666 = ORIENTED_EDGE('',*,*,#6667,.F.);
#6667 = EDGE_CURVE('',#6668,#6670,#6672,.T.);
#6668 = VERTEX_POINT('',#6669);
#6669 = CARTESIAN_POINT('',(197.5,21.,23.));
#6670 = VERTEX_POINT('',#6671);
#6671 = CARTESIAN_POINT('',(197.5,21.,83.));
#6672 = LINE('',#6673,#6674);
#6673 = CARTESIAN_POINT('',(197.5,21.,23.));
#6674 = VECTOR('',#6675,1.);
#6675 = DIRECTION('',(0.,0.,1.));
#6676 = ORIENTED_EDGE('',*,*,#6677,.T.);
#6677 = EDGE_CURVE('',#6668,#6678,#6680,.T.);
#6678 = VERTEX_POINT('',#6679);
#6679 = CARTESIAN_POINT('',(197.5,22.6,23.));
#6680 = LINE('',#6681,#6682);
#6681 = CARTESIAN_POINT('',(197.5,21.,23.));
#6682 = VECTOR('',#6683,1.);
#6683 = DIRECTION('',(-0.,1.,0.));
#6684 = ORIENTED_EDGE('',*,*,#6685,.T.);
#6685 = EDGE_CURVE('',#6678,#6686,#6688,.T.);
#6686 = VERTEX_POINT('',#6687);
#6687 = CARTESIAN_POINT('',(197.5,22.6,83.));
#6688 = LINE('',#6689,#6690);
#6689 = CARTESIAN_POINT('',(197.5,22.6,23.));
#6690 = VECTOR('',#6691,1.);
#6691 = DIRECTION('',(0.,0.,1.));
#6692 = ORIENTED_EDGE('',*,*,#6693,.F.);
#6693 = EDGE_CURVE('',#6670,#6686,#6694,.T.);
#6694 = LINE('',#6695,#6696);
#6695 = CARTESIAN_POINT('',(197.5,21.,83.));
#6696 = VECTOR('',#6697,1.);
#6697 = DIRECTION('',(-0.,1.,0.));
#6698 = PLANE('',#6699);
#6699 = AXIS2_PLACEMENT_3D('',#6700,#6701,#6702);
#6700 = CARTESIAN_POINT('',(197.5,21.,23.));
#6701 = DIRECTION('',(1.,0.,-0.));
#6702 = DIRECTION('',(0.,0.,1.));
#6703 = ADVANCED_FACE('',(#6704),#6738,.T.);
#6704 = FACE_BOUND('',#6705,.T.);
#6705 = EDGE_LOOP('',(#6706,#6716,#6724,#6732));
#6706 = ORIENTED_EDGE('',*,*,#6707,.F.);
#6707 = EDGE_CURVE('',#6708,#6710,#6712,.T.);
#6708 = VERTEX_POINT('',#6709);
#6709 = CARTESIAN_POINT('',(232.5,21.,23.));
#6710 = VERTEX_POINT('',#6711);
#6711 = CARTESIAN_POINT('',(232.5,21.,83.));
#6712 = LINE('',#6713,#6714);
#6713 = CARTESIAN_POINT('',(232.5,21.,23.));
#6714 = VECTOR('',#6715,1.);
#6715 = DIRECTION('',(0.,0.,1.));
#6716 = ORIENTED_EDGE('',*,*,#6717,.T.);
#6717 = EDGE_CURVE('',#6708,#6718,#6720,.T.);
#6718 = VERTEX_POINT('',#6719);
#6719 = CARTESIAN_POINT('',(232.5,22.6,23.));
#6720 = LINE('',#6721,#6722);
#6721 = CARTESIAN_POINT('',(232.5,21.,23.));
#6722 = VECTOR('',#6723,1.);
#6723 = DIRECTION('',(-0.,1.,0.));
#6724 = ORIENTED_EDGE('',*,*,#6725,.T.);
#6725 = EDGE_CURVE('',#6718,#6726,#6728,.T.);
#6726 = VERTEX_POINT('',#6727);
#6727 = CARTESIAN_POINT('',(232.5,22.6,83.));
#6728 = LINE('',#6729,#6730);
#6729 = CARTESIAN_POINT('',(232.5,22.6,23.));
#6730 = VECTOR('',#6731,1.);
#6731 = DIRECTION('',(0.,0.,1.));
#6732 = ORIENTED_EDGE('',*,*,#6733,.F.);
#6733 = EDGE_CURVE('',#6710,#6726,#6734,.T.);
#6734 = LINE('',#6735,#6736);
#6735 = CARTESIAN_POINT('',(232.5,21.,83.));
#6736 = VECTOR('',#6737,1.);
#6737 = DIRECTION('',(-0.,1.,0.));
#6738 = PLANE('',#6739);
#6739 = AXIS2_PLACEMENT_3D('',#6740,#6741,#6742);
#6740 = CARTESIAN_POINT('',(232.5,21.,23.));
#6741 = DIRECTION('',(1.,0.,-0.));
#6742 = DIRECTION('',(0.,0.,1.));
#6743 = ADVANCED_FACE('',(#6744),#6760,.F.);
#6744 = FACE_BOUND('',#6745,.F.);
#6745 = EDGE_LOOP('',(#6746,#6752,#6753,#6759));
#6746 = ORIENTED_EDGE('',*,*,#6747,.F.);
#6747 = EDGE_CURVE('',#6668,#6708,#6748,.T.);
#6748 = LINE('',#6749,#6750);
#6749 = CARTESIAN_POINT('',(197.5,21.,23.));
#6750 = VECTOR('',#6751,1.);
#6751 = DIRECTION('',(1.,0.,-0.));
#6752 = ORIENTED_EDGE('',*,*,#6667,.T.);
#6753 = ORIENTED_EDGE('',*,*,#6754,.T.);
#6754 = EDGE_CURVE('',#6670,#6710,#6755,.T.);
#6755 = LINE('',#6756,#6757);
#6756 = CARTESIAN_POINT('',(197.5,21.,83.));
#6757 = VECTOR('',#6758,1.);
#6758 = DIRECTION('',(1.,0.,-0.));
#6759 = ORIENTED_EDGE('',*,*,#6707,.F.);
#6760 = PLANE('',#6761);
#6761 = AXIS2_PLACEMENT_3D('',#6762,#6763,#6764);
#6762 = CARTESIAN_POINT('',(197.5,21.,23.));
#6763 = DIRECTION('',(-0.,1.,0.));
#6764 = DIRECTION('',(0.,0.,1.));
#6765 = ADVANCED_FACE('',(#6766),#6782,.T.);
#6766 = FACE_BOUND('',#6767,.T.);
#6767 = EDGE_LOOP('',(#6768,#6774,#6775,#6781));
#6768 = ORIENTED_EDGE('',*,*,#6769,.F.);
#6769 = EDGE_CURVE('',#6678,#6718,#6770,.T.);
#6770 = LINE('',#6771,#6772);
#6771 = CARTESIAN_POINT('',(197.5,22.6,23.));
#6772 = VECTOR('',#6773,1.);
#6773 = DIRECTION('',(1.,0.,-0.));
#6774 = ORIENTED_EDGE('',*,*,#6685,.T.);
#6775 = ORIENTED_EDGE('',*,*,#6776,.T.);
#6776 = EDGE_CURVE('',#6686,#6726,#6777,.T.);
#6777 = LINE('',#6778,#6779);
#6778 = CARTESIAN_POINT('',(197.5,22.6,83.));
#6779 = VECTOR('',#6780,1.);
#6780 = DIRECTION('',(1.,0.,-0.));
#6781 = ORIENTED_EDGE('',*,*,#6725,.F.);
#6782 = PLANE('',#6783);
#6783 = AXIS2_PLACEMENT_3D('',#6784,#6785,#6786);
#6784 = CARTESIAN_POINT('',(197.5,22.6,23.));
#6785 = DIRECTION('',(-0.,1.,0.));
#6786 = DIRECTION('',(0.,0.,1.));
#6787 = ADVANCED_FACE('',(#6788),#6794,.F.);
#6788 = FACE_BOUND('',#6789,.F.);
#6789 = EDGE_LOOP('',(#6790,#6791,#6792,#6793));
#6790 = ORIENTED_EDGE('',*,*,#6677,.F.);
#6791 = ORIENTED_EDGE('',*,*,#6747,.T.);
#6792 = ORIENTED_EDGE('',*,*,#6717,.T.);
#6793 = ORIENTED_EDGE('',*,*,#6769,.F.);
#6794 = PLANE('',#6795);
#6795 = AXIS2_PLACEMENT_3D('',#6796,#6797,#6798);
#6796 = CARTESIAN_POINT('',(197.5,21.,23.));
#6797 = DIRECTION('',(0.,0.,1.));
#6798 = DIRECTION('',(1.,0.,-0.));
#6799 = ADVANCED_FACE('',(#6800),#6806,.T.);
#6800 = FACE_BOUND('',#6801,.T.);
#6801 = EDGE_LOOP('',(#6802,#6803,#6804,#6805));
#6802 = ORIENTED_EDGE('',*,*,#6693,.F.);
#6803 = ORIENTED_EDGE('',*,*,#6754,.T.);
#6804 = ORIENTED_EDGE('',*,*,#6733,.T.);
#6805 = ORIENTED_EDGE('',*,*,#6776,.F.);
#6806 = PLANE('',#6807);
#6807 = AXIS2_PLACEMENT_3D('',#6808,#6809,#6810);
#6808 = CARTESIAN_POINT('',(197.5,21.,83.));
#6809 = DIRECTION('',(0.,0.,1.));
#6810 = DIRECTION('',(1.,0.,-0.));
#6811 = ( GEOMETRIC_REPRESENTATION_CONTEXT(3) 
GLOBAL_UNCERTAINTY_ASSIGNED_CONTEXT((#6815)) 
GLOBAL_UNIT_ASSIGNED_CONTEXT((#6812,#6813,#6814)) REPRESENTATION_CONTEXT
('Context #1','3D Context with UNIT and UNCERTAINTY') );
#6812 = ( LENGTH_UNIT() NAMED_UNIT(*) SI_UNIT(.MILLI.,.METRE.) );
#6813 = ( NAMED_UNIT(*) PLANE_ANGLE_UNIT() SI_UNIT($,.RADIAN.) );
#6814 = ( NAMED_UNIT(*) SI_UNIT($,.STERADIAN.) SOLID_ANGLE_UNIT() );
#6815 = UNCERTAINTY_MEASURE_WITH_UNIT(LENGTH_MEASURE(1.E-07),#6812,
  'distance_accuracy_value','confusion accuracy');
#6816 = CONTEXT_DEPENDENT_SHAPE_REPRESENTATION(#6817,#6819);
#6817 = ( REPRESENTATION_RELATIONSHIP('','',#6660,#10) 
REPRESENTATION_RELATIONSHIP_WITH_TRANSFORMATION(#6818) 
SHAPE_REPRESENTATION_RELATIONSHIP() );
#6818 = ITEM_DEFINED_TRANSFORMATION('','',#11,#59);
#6819 = PRODUCT_DEFINITION_SHAPE('Placement','Placement of an item',
  #6820);
#6820 = NEXT_ASSEMBLY_USAGE_OCCURRENCE('12','RF PA board PA4 (35x60)',''
  ,#5,#6655,$);
#6821 = PRODUCT_RELATED_PRODUCT_CATEGORY('part',$,(#6657));
#6822 = SHAPE_DEFINITION_REPRESENTATION(#6823,#6829);
#6823 = PRODUCT_DEFINITION_SHAPE('','',#6824);
#6824 = PRODUCT_DEFINITION('design','',#6825,#6828);
#6825 = PRODUCT_DEFINITION_FORMATION('','',#6826);
#6826 = PRODUCT('PA4 component envelope','PA4 component envelope','',(
    #6827));
#6827 = PRODUCT_CONTEXT('',#2,'mechanical');
#6828 = PRODUCT_DEFINITION_CONTEXT('part definition',#2,'design');
#6829 = ADVANCED_BREP_SHAPE_REPRESENTATION('',(#11,#6830),#6980);
#6830 = MANIFOLD_SOLID_BREP('',#6831);
#6831 = CLOSED_SHELL('',(#6832,#6872,#6912,#6934,#6956,#6968));
#6832 = ADVANCED_FACE('',(#6833),#6867,.F.);
#6833 = FACE_BOUND('',#6834,.F.);
#6834 = EDGE_LOOP('',(#6835,#6845,#6853,#6861));
#6835 = ORIENTED_EDGE('',*,*,#6836,.F.);
#6836 = EDGE_CURVE('',#6837,#6839,#6841,.T.);
#6837 = VERTEX_POINT('',#6838);
#6838 = CARTESIAN_POINT('',(200.5,22.6,28.));
#6839 = VERTEX_POINT('',#6840);
#6840 = CARTESIAN_POINT('',(200.5,22.6,78.));
#6841 = LINE('',#6842,#6843);
#6842 = CARTESIAN_POINT('',(200.5,22.6,28.));
#6843 = VECTOR('',#6844,1.);
#6844 = DIRECTION('',(0.,0.,1.));
#6845 = ORIENTED_EDGE('',*,*,#6846,.T.);
#6846 = EDGE_CURVE('',#6837,#6847,#6849,.T.);
#6847 = VERTEX_POINT('',#6848);
#6848 = CARTESIAN_POINT('',(200.5,32.6,28.));
#6849 = LINE('',#6850,#6851);
#6850 = CARTESIAN_POINT('',(200.5,22.6,28.));
#6851 = VECTOR('',#6852,1.);
#6852 = DIRECTION('',(-0.,1.,0.));
#6853 = ORIENTED_EDGE('',*,*,#6854,.T.);
#6854 = EDGE_CURVE('',#6847,#6855,#6857,.T.);
#6855 = VERTEX_POINT('',#6856);
#6856 = CARTESIAN_POINT('',(200.5,32.6,78.));
#6857 = LINE('',#6858,#6859);
#6858 = CARTESIAN_POINT('',(200.5,32.6,28.));
#6859 = VECTOR('',#6860,1.);
#6860 = DIRECTION('',(0.,0.,1.));
#6861 = ORIENTED_EDGE('',*,*,#6862,.F.);
#6862 = EDGE_CURVE('',#6839,#6855,#6863,.T.);
#6863 = LINE('',#6864,#6865);
#6864 = CARTESIAN_POINT('',(200.5,22.6,78.));
#6865 = VECTOR('',#6866,1.);
#6866 = DIRECTION('',(-0.,1.,0.));
#6867 = PLANE('',#6868);
#6868 = AXIS2_PLACEMENT_3D('',#6869,#6870,#6871);
#6869 = CARTESIAN_POINT('',(200.5,22.6,28.));
#6870 = DIRECTION('',(1.,0.,-0.));
#6871 = DIRECTION('',(0.,0.,1.));
#6872 = ADVANCED_FACE('',(#6873),#6907,.T.);
#6873 = FACE_BOUND('',#6874,.T.);
#6874 = EDGE_LOOP('',(#6875,#6885,#6893,#6901));
#6875 = ORIENTED_EDGE('',*,*,#6876,.F.);
#6876 = EDGE_CURVE('',#6877,#6879,#6881,.T.);
#6877 = VERTEX_POINT('',#6878);
#6878 = CARTESIAN_POINT('',(229.5,22.6,28.));
#6879 = VERTEX_POINT('',#6880);
#6880 = CARTESIAN_POINT('',(229.5,22.6,78.));
#6881 = LINE('',#6882,#6883);
#6882 = CARTESIAN_POINT('',(229.5,22.6,28.));
#6883 = VECTOR('',#6884,1.);
#6884 = DIRECTION('',(0.,0.,1.));
#6885 = ORIENTED_EDGE('',*,*,#6886,.T.);
#6886 = EDGE_CURVE('',#6877,#6887,#6889,.T.);
#6887 = VERTEX_POINT('',#6888);
#6888 = CARTESIAN_POINT('',(229.5,32.6,28.));
#6889 = LINE('',#6890,#6891);
#6890 = CARTESIAN_POINT('',(229.5,22.6,28.));
#6891 = VECTOR('',#6892,1.);
#6892 = DIRECTION('',(-0.,1.,0.));
#6893 = ORIENTED_EDGE('',*,*,#6894,.T.);
#6894 = EDGE_CURVE('',#6887,#6895,#6897,.T.);
#6895 = VERTEX_POINT('',#6896);
#6896 = CARTESIAN_POINT('',(229.5,32.6,78.));
#6897 = LINE('',#6898,#6899);
#6898 = CARTESIAN_POINT('',(229.5,32.6,28.));
#6899 = VECTOR('',#6900,1.);
#6900 = DIRECTION('',(0.,0.,1.));
#6901 = ORIENTED_EDGE('',*,*,#6902,.F.);
#6902 = EDGE_CURVE('',#6879,#6895,#6903,.T.);
#6903 = LINE('',#6904,#6905);
#6904 = CARTESIAN_POINT('',(229.5,22.6,78.));
#6905 = VECTOR('',#6906,1.);
#6906 = DIRECTION('',(-0.,1.,0.));
#6907 = PLANE('',#6908);
#6908 = AXIS2_PLACEMENT_3D('',#6909,#6910,#6911);
#6909 = CARTESIAN_POINT('',(229.5,22.6,28.));
#6910 = DIRECTION('',(1.,0.,-0.));
#6911 = DIRECTION('',(0.,0.,1.));
#6912 = ADVANCED_FACE('',(#6913),#6929,.F.);
#6913 = FACE_BOUND('',#6914,.F.);
#6914 = EDGE_LOOP('',(#6915,#6921,#6922,#6928));
#6915 = ORIENTED_EDGE('',*,*,#6916,.F.);
#6916 = EDGE_CURVE('',#6837,#6877,#6917,.T.);
#6917 = LINE('',#6918,#6919);
#6918 = CARTESIAN_POINT('',(200.5,22.6,28.));
#6919 = VECTOR('',#6920,1.);
#6920 = DIRECTION('',(1.,0.,-0.));
#6921 = ORIENTED_EDGE('',*,*,#6836,.T.);
#6922 = ORIENTED_EDGE('',*,*,#6923,.T.);
#6923 = EDGE_CURVE('',#6839,#6879,#6924,.T.);
#6924 = LINE('',#6925,#6926);
#6925 = CARTESIAN_POINT('',(200.5,22.6,78.));
#6926 = VECTOR('',#6927,1.);
#6927 = DIRECTION('',(1.,0.,-0.));
#6928 = ORIENTED_EDGE('',*,*,#6876,.F.);
#6929 = PLANE('',#6930);
#6930 = AXIS2_PLACEMENT_3D('',#6931,#6932,#6933);
#6931 = CARTESIAN_POINT('',(200.5,22.6,28.));
#6932 = DIRECTION('',(-0.,1.,0.));
#6933 = DIRECTION('',(0.,0.,1.));
#6934 = ADVANCED_FACE('',(#6935),#6951,.T.);
#6935 = FACE_BOUND('',#6936,.T.);
#6936 = EDGE_LOOP('',(#6937,#6943,#6944,#6950));
#6937 = ORIENTED_EDGE('',*,*,#6938,.F.);
#6938 = EDGE_CURVE('',#6847,#6887,#6939,.T.);
#6939 = LINE('',#6940,#6941);
#6940 = CARTESIAN_POINT('',(200.5,32.6,28.));
#6941 = VECTOR('',#6942,1.);
#6942 = DIRECTION('',(1.,0.,-0.));
#6943 = ORIENTED_EDGE('',*,*,#6854,.T.);
#6944 = ORIENTED_EDGE('',*,*,#6945,.T.);
#6945 = EDGE_CURVE('',#6855,#6895,#6946,.T.);
#6946 = LINE('',#6947,#6948);
#6947 = CARTESIAN_POINT('',(200.5,32.6,78.));
#6948 = VECTOR('',#6949,1.);
#6949 = DIRECTION('',(1.,0.,-0.));
#6950 = ORIENTED_EDGE('',*,*,#6894,.F.);
#6951 = PLANE('',#6952);
#6952 = AXIS2_PLACEMENT_3D('',#6953,#6954,#6955);
#6953 = CARTESIAN_POINT('',(200.5,32.6,28.));
#6954 = DIRECTION('',(-0.,1.,0.));
#6955 = DIRECTION('',(0.,0.,1.));
#6956 = ADVANCED_FACE('',(#6957),#6963,.F.);
#6957 = FACE_BOUND('',#6958,.F.);
#6958 = EDGE_LOOP('',(#6959,#6960,#6961,#6962));
#6959 = ORIENTED_EDGE('',*,*,#6846,.F.);
#6960 = ORIENTED_EDGE('',*,*,#6916,.T.);
#6961 = ORIENTED_EDGE('',*,*,#6886,.T.);
#6962 = ORIENTED_EDGE('',*,*,#6938,.F.);
#6963 = PLANE('',#6964);
#6964 = AXIS2_PLACEMENT_3D('',#6965,#6966,#6967);
#6965 = CARTESIAN_POINT('',(200.5,22.6,28.));
#6966 = DIRECTION('',(0.,0.,1.));
#6967 = DIRECTION('',(1.,0.,-0.));
#6968 = ADVANCED_FACE('',(#6969),#6975,.T.);
#6969 = FACE_BOUND('',#6970,.T.);
#6970 = EDGE_LOOP('',(#6971,#6972,#6973,#6974));
#6971 = ORIENTED_EDGE('',*,*,#6862,.F.);
#6972 = ORIENTED_EDGE('',*,*,#6923,.T.);
#6973 = ORIENTED_EDGE('',*,*,#6902,.T.);
#6974 = ORIENTED_EDGE('',*,*,#6945,.F.);
#6975 = PLANE('',#6976);
#6976 = AXIS2_PLACEMENT_3D('',#6977,#6978,#6979);
#6977 = CARTESIAN_POINT('',(200.5,22.6,78.));
#6978 = DIRECTION('',(0.,0.,1.));
#6979 = DIRECTION('',(1.,0.,-0.));
#6980 = ( GEOMETRIC_REPRESENTATION_CONTEXT(3) 
GLOBAL_UNCERTAINTY_ASSIGNED_CONTEXT((#6984)) 
GLOBAL_UNIT_ASSIGNED_CONTEXT((#6981,#6982,#6983)) REPRESENTATION_CONTEXT
('Context #1','3D Context with UNIT and UNCERTAINTY') );
#6981 = ( LENGTH_UNIT() NAMED_UNIT(*) SI_UNIT(.MILLI.,.METRE.) );
#6982 = ( NAMED_UNIT(*) PLANE_ANGLE_UNIT() SI_UNIT($,.RADIAN.) );
#6983 = ( NAMED_UNIT(*) SI_UNIT($,.STERADIAN.) SOLID_ANGLE_UNIT() );
#6984 = UNCERTAINTY_MEASURE_WITH_UNIT(LENGTH_MEASURE(1.E-07),#6981,
  'distance_accuracy_value','confusion accuracy');
#6985 = CONTEXT_DEPENDENT_SHAPE_REPRESENTATION(#6986,#6988);
#6986 = ( REPRESENTATION_RELATIONSHIP('','',#6829,#10) 
REPRESENTATION_RELATIONSHIP_WITH_TRANSFORMATION(#6987) 
SHAPE_REPRESENTATION_RELATIONSHIP() );
#6987 = ITEM_DEFINED_TRANSFORMATION('','',#11,#63);
#6988 = PRODUCT_DEFINITION_SHAPE('Placement','Placement of an item',
  #6989);
#6989 = NEXT_ASSEMBLY_USAGE_OCCURRENCE('13','PA4 component envelope','',
  #5,#6824,$);
#6990 = PRODUCT_RELATED_PRODUCT_CATEGORY('part',$,(#6826));
#6991 = SHAPE_DEFINITION_REPRESENTATION(#6992,#6998);
#6992 = PRODUCT_DEFINITION_SHAPE('','',#6993);
#6993 = PRODUCT_DEFINITION('design','',#6994,#6997);
#6994 = PRODUCT_DEFINITION_FORMATION('','',#6995);
#6995 = PRODUCT('RF PA board PA5 (35x60)','RF PA board PA5 (35x60)','',(
    #6996));
#6996 = PRODUCT_CONTEXT('',#2,'mechanical');
#6997 = PRODUCT_DEFINITION_CONTEXT('part definition',#2,'design');
#6998 = ADVANCED_BREP_SHAPE_REPRESENTATION('',(#11,#6999),#7149);
#6999 = MANIFOLD_SOLID_BREP('',#7000);
#7000 = CLOSED_SHELL('',(#7001,#7041,#7081,#7103,#7125,#7137));
#7001 = ADVANCED_FACE('',(#7002),#7036,.F.);
#7002 = FACE_BOUND('',#7003,.F.);
#7003 = EDGE_LOOP('',(#7004,#7014,#7022,#7030));
#7004 = ORIENTED_EDGE('',*,*,#7005,.F.);
#7005 = EDGE_CURVE('',#7006,#7008,#7010,.T.);
#7006 = VERTEX_POINT('',#7007);
#7007 = CARTESIAN_POINT('',(77.5,21.,91.));
#7008 = VERTEX_POINT('',#7009);
#7009 = CARTESIAN_POINT('',(77.5,21.,151.));
#7010 = LINE('',#7011,#7012);
#7011 = CARTESIAN_POINT('',(77.5,21.,91.));
#7012 = VECTOR('',#7013,1.);
#7013 = DIRECTION('',(0.,0.,1.));
#7014 = ORIENTED_EDGE('',*,*,#7015,.T.);
#7015 = EDGE_CURVE('',#7006,#7016,#7018,.T.);
#7016 = VERTEX_POINT('',#7017);
#7017 = CARTESIAN_POINT('',(77.5,22.6,91.));
#7018 = LINE('',#7019,#7020);
#7019 = CARTESIAN_POINT('',(77.5,21.,91.));
#7020 = VECTOR('',#7021,1.);
#7021 = DIRECTION('',(-0.,1.,0.));
#7022 = ORIENTED_EDGE('',*,*,#7023,.T.);
#7023 = EDGE_CURVE('',#7016,#7024,#7026,.T.);
#7024 = VERTEX_POINT('',#7025);
#7025 = CARTESIAN_POINT('',(77.5,22.6,151.));
#7026 = LINE('',#7027,#7028);
#7027 = CARTESIAN_POINT('',(77.5,22.6,91.));
#7028 = VECTOR('',#7029,1.);
#7029 = DIRECTION('',(0.,0.,1.));
#7030 = ORIENTED_EDGE('',*,*,#7031,.F.);
#7031 = EDGE_CURVE('',#7008,#7024,#7032,.T.);
#7032 = LINE('',#7033,#7034);
#7033 = CARTESIAN_POINT('',(77.5,21.,151.));
#7034 = VECTOR('',#7035,1.);
#7035 = DIRECTION('',(-0.,1.,0.));
#7036 = PLANE('',#7037);
#7037 = AXIS2_PLACEMENT_3D('',#7038,#7039,#7040);
#7038 = CARTESIAN_POINT('',(77.5,21.,91.));
#7039 = DIRECTION('',(1.,0.,-0.));
#7040 = DIRECTION('',(0.,0.,1.));
#7041 = ADVANCED_FACE('',(#7042),#7076,.T.);
#7042 = FACE_BOUND('',#7043,.T.);
#7043 = EDGE_LOOP('',(#7044,#7054,#7062,#7070));
#7044 = ORIENTED_EDGE('',*,*,#7045,.F.);
#7045 = EDGE_CURVE('',#7046,#7048,#7050,.T.);
#7046 = VERTEX_POINT('',#7047);
#7047 = CARTESIAN_POINT('',(112.5,21.,91.));
#7048 = VERTEX_POINT('',#7049);
#7049 = CARTESIAN_POINT('',(112.5,21.,151.));
#7050 = LINE('',#7051,#7052);
#7051 = CARTESIAN_POINT('',(112.5,21.,91.));
#7052 = VECTOR('',#7053,1.);
#7053 = DIRECTION('',(0.,0.,1.));
#7054 = ORIENTED_EDGE('',*,*,#7055,.T.);
#7055 = EDGE_CURVE('',#7046,#7056,#7058,.T.);
#7056 = VERTEX_POINT('',#7057);
#7057 = CARTESIAN_POINT('',(112.5,22.6,91.));
#7058 = LINE('',#7059,#7060);
#7059 = CARTESIAN_POINT('',(112.5,21.,91.));
#7060 = VECTOR('',#7061,1.);
#7061 = DIRECTION('',(-0.,1.,0.));
#7062 = ORIENTED_EDGE('',*,*,#7063,.T.);
#7063 = EDGE_CURVE('',#7056,#7064,#7066,.T.);
#7064 = VERTEX_POINT('',#7065);
#7065 = CARTESIAN_POINT('',(112.5,22.6,151.));
#7066 = LINE('',#7067,#7068);
#7067 = CARTESIAN_POINT('',(112.5,22.6,91.));
#7068 = VECTOR('',#7069,1.);
#7069 = DIRECTION('',(0.,0.,1.));
#7070 = ORIENTED_EDGE('',*,*,#7071,.F.);
#7071 = EDGE_CURVE('',#7048,#7064,#7072,.T.);
#7072 = LINE('',#7073,#7074);
#7073 = CARTESIAN_POINT('',(112.5,21.,151.));
#7074 = VECTOR('',#7075,1.);
#7075 = DIRECTION('',(-0.,1.,0.));
#7076 = PLANE('',#7077);
#7077 = AXIS2_PLACEMENT_3D('',#7078,#7079,#7080);
#7078 = CARTESIAN_POINT('',(112.5,21.,91.));
#7079 = DIRECTION('',(1.,0.,-0.));
#7080 = DIRECTION('',(0.,0.,1.));
#7081 = ADVANCED_FACE('',(#7082),#7098,.F.);
#7082 = FACE_BOUND('',#7083,.F.);
#7083 = EDGE_LOOP('',(#7084,#7090,#7091,#7097));
#7084 = ORIENTED_EDGE('',*,*,#7085,.F.);
#7085 = EDGE_CURVE('',#7006,#7046,#7086,.T.);
#7086 = LINE('',#7087,#7088);
#7087 = CARTESIAN_POINT('',(77.5,21.,91.));
#7088 = VECTOR('',#7089,1.);
#7089 = DIRECTION('',(1.,0.,-0.));
#7090 = ORIENTED_EDGE('',*,*,#7005,.T.);
#7091 = ORIENTED_EDGE('',*,*,#7092,.T.);
#7092 = EDGE_CURVE('',#7008,#7048,#7093,.T.);
#7093 = LINE('',#7094,#7095);
#7094 = CARTESIAN_POINT('',(77.5,21.,151.));
#7095 = VECTOR('',#7096,1.);
#7096 = DIRECTION('',(1.,0.,-0.));
#7097 = ORIENTED_EDGE('',*,*,#7045,.F.);
#7098 = PLANE('',#7099);
#7099 = AXIS2_PLACEMENT_3D('',#7100,#7101,#7102);
#7100 = CARTESIAN_POINT('',(77.5,21.,91.));
#7101 = DIRECTION('',(-0.,1.,0.));
#7102 = DIRECTION('',(0.,0.,1.));
#7103 = ADVANCED_FACE('',(#7104),#7120,.T.);
#7104 = FACE_BOUND('',#7105,.T.);
#7105 = EDGE_LOOP('',(#7106,#7112,#7113,#7119));
#7106 = ORIENTED_EDGE('',*,*,#7107,.F.);
#7107 = EDGE_CURVE('',#7016,#7056,#7108,.T.);
#7108 = LINE('',#7109,#7110);
#7109 = CARTESIAN_POINT('',(77.5,22.6,91.));
#7110 = VECTOR('',#7111,1.);
#7111 = DIRECTION('',(1.,0.,-0.));
#7112 = ORIENTED_EDGE('',*,*,#7023,.T.);
#7113 = ORIENTED_EDGE('',*,*,#7114,.T.);
#7114 = EDGE_CURVE('',#7024,#7064,#7115,.T.);
#7115 = LINE('',#7116,#7117);
#7116 = CARTESIAN_POINT('',(77.5,22.6,151.));
#7117 = VECTOR('',#7118,1.);
#7118 = DIRECTION('',(1.,0.,-0.));
#7119 = ORIENTED_EDGE('',*,*,#7063,.F.);
#7120 = PLANE('',#7121);
#7121 = AXIS2_PLACEMENT_3D('',#7122,#7123,#7124);
#7122 = CARTESIAN_POINT('',(77.5,22.6,91.));
#7123 = DIRECTION('',(-0.,1.,0.));
#7124 = DIRECTION('',(0.,0.,1.));
#7125 = ADVANCED_FACE('',(#7126),#7132,.F.);
#7126 = FACE_BOUND('',#7127,.F.);
#7127 = EDGE_LOOP('',(#7128,#7129,#7130,#7131));
#7128 = ORIENTED_EDGE('',*,*,#7015,.F.);
#7129 = ORIENTED_EDGE('',*,*,#7085,.T.);
#7130 = ORIENTED_EDGE('',*,*,#7055,.T.);
#7131 = ORIENTED_EDGE('',*,*,#7107,.F.);
#7132 = PLANE('',#7133);
#7133 = AXIS2_PLACEMENT_3D('',#7134,#7135,#7136);
#7134 = CARTESIAN_POINT('',(77.5,21.,91.));
#7135 = DIRECTION('',(0.,0.,1.));
#7136 = DIRECTION('',(1.,0.,-0.));
#7137 = ADVANCED_FACE('',(#7138),#7144,.T.);
#7138 = FACE_BOUND('',#7139,.T.);
#7139 = EDGE_LOOP('',(#7140,#7141,#7142,#7143));
#7140 = ORIENTED_EDGE('',*,*,#7031,.F.);
#7141 = ORIENTED_EDGE('',*,*,#7092,.T.);
#7142 = ORIENTED_EDGE('',*,*,#7071,.T.);
#7143 = ORIENTED_EDGE('',*,*,#7114,.F.);
#7144 = PLANE('',#7145);
#7145 = AXIS2_PLACEMENT_3D('',#7146,#7147,#7148);
#7146 = CARTESIAN_POINT('',(77.5,21.,151.));
#7147 = DIRECTION('',(0.,0.,1.));
#7148 = DIRECTION('',(1.,0.,-0.));
#7149 = ( GEOMETRIC_REPRESENTATION_CONTEXT(3) 
GLOBAL_UNCERTAINTY_ASSIGNED_CONTEXT((#7153)) 
GLOBAL_UNIT_ASSIGNED_CONTEXT((#7150,#7151,#7152)) REPRESENTATION_CONTEXT
('Context #1','3D Context with UNIT and UNCERTAINTY') );
#7150 = ( LENGTH_UNIT() NAMED_UNIT(*) SI_UNIT(.MILLI.,.METRE.) );
#7151 = ( NAMED_UNIT(*) PLANE_ANGLE_UNIT() SI_UNIT($,.RADIAN.) );
#7152 = ( NAMED_UNIT(*) SI_UNIT($,.STERADIAN.) SOLID_ANGLE_UNIT() );
#7153 = UNCERTAINTY_MEASURE_WITH_UNIT(LENGTH_MEASURE(1.E-07),#7150,
  'distance_accuracy_value','confusion accuracy');
#7154 = CONTEXT_DEPENDENT_SHAPE_REPRESENTATION(#7155,#7157);
#7155 = ( REPRESENTATION_RELATIONSHIP('','',#6998,#10) 
REPRESENTATION_RELATIONSHIP_WITH_TRANSFORMATION(#7156) 
SHAPE_REPRESENTATION_RELATIONSHIP() );
#7156 = ITEM_DEFINED_TRANSFORMATION('','',#11,#67);
#7157 = PRODUCT_DEFINITION_SHAPE('Placement','Placement of an item',
  #7158);
#7158 = NEXT_ASSEMBLY_USAGE_OCCURRENCE('14','RF PA board PA5 (35x60)',''
  ,#5,#6993,$);
#7159 = PRODUCT_RELATED_PRODUCT_CATEGORY('part',$,(#6995));
#7160 = SHAPE_DEFINITION_REPRESENTATION(#7161,#7167);
#7161 = PRODUCT_DEFINITION_SHAPE('','',#7162);
#7162 = PRODUCT_DEFINITION('design','',#7163,#7166);
#7163 = PRODUCT_DEFINITION_FORMATION('','',#7164);
#7164 = PRODUCT('PA5 component envelope','PA5 component envelope','',(
    #7165));
#7165 = PRODUCT_CONTEXT('',#2,'mechanical');
#7166 = PRODUCT_DEFINITION_CONTEXT('part definition',#2,'design');
#7167 = ADVANCED_BREP_SHAPE_REPRESENTATION('',(#11,#7168),#7318);
#7168 = MANIFOLD_SOLID_BREP('',#7169);
#7169 = CLOSED_SHELL('',(#7170,#7210,#7250,#7272,#7294,#7306));
#7170 = ADVANCED_FACE('',(#7171),#7205,.F.);
#7171 = FACE_BOUND('',#7172,.F.);
#7172 = EDGE_LOOP('',(#7173,#7183,#7191,#7199));
#7173 = ORIENTED_EDGE('',*,*,#7174,.F.);
#7174 = EDGE_CURVE('',#7175,#7177,#7179,.T.);
#7175 = VERTEX_POINT('',#7176);
#7176 = CARTESIAN_POINT('',(80.5,22.6,96.));
#7177 = VERTEX_POINT('',#7178);
#7178 = CARTESIAN_POINT('',(80.5,22.6,146.));
#7179 = LINE('',#7180,#7181);
#7180 = CARTESIAN_POINT('',(80.5,22.6,96.));
#7181 = VECTOR('',#7182,1.);
#7182 = DIRECTION('',(0.,0.,1.));
#7183 = ORIENTED_EDGE('',*,*,#7184,.T.);
#7184 = EDGE_CURVE('',#7175,#7185,#7187,.T.);
#7185 = VERTEX_POINT('',#7186);
#7186 = CARTESIAN_POINT('',(80.5,32.6,96.));
#7187 = LINE('',#7188,#7189);
#7188 = CARTESIAN_POINT('',(80.5,22.6,96.));
#7189 = VECTOR('',#7190,1.);
#7190 = DIRECTION('',(-0.,1.,0.));
#7191 = ORIENTED_EDGE('',*,*,#7192,.T.);
#7192 = EDGE_CURVE('',#7185,#7193,#7195,.T.);
#7193 = VERTEX_POINT('',#7194);
#7194 = CARTESIAN_POINT('',(80.5,32.6,146.));
#7195 = LINE('',#7196,#7197);
#7196 = CARTESIAN_POINT('',(80.5,32.6,96.));
#7197 = VECTOR('',#7198,1.);
#7198 = DIRECTION('',(0.,0.,1.));
#7199 = ORIENTED_EDGE('',*,*,#7200,.F.);
#7200 = EDGE_CURVE('',#7177,#7193,#7201,.T.);
#7201 = LINE('',#7202,#7203);
#7202 = CARTESIAN_POINT('',(80.5,22.6,146.));
#7203 = VECTOR('',#7204,1.);
#7204 = DIRECTION('',(-0.,1.,0.));
#7205 = PLANE('',#7206);
#7206 = AXIS2_PLACEMENT_3D('',#7207,#7208,#7209);
#7207 = CARTESIAN_POINT('',(80.5,22.6,96.));
#7208 = DIRECTION('',(1.,0.,-0.));
#7209 = DIRECTION('',(0.,0.,1.));
#7210 = ADVANCED_FACE('',(#7211),#7245,.T.);
#7211 = FACE_BOUND('',#7212,.T.);
#7212 = EDGE_LOOP('',(#7213,#7223,#7231,#7239));
#7213 = ORIENTED_EDGE('',*,*,#7214,.F.);
#7214 = EDGE_CURVE('',#7215,#7217,#7219,.T.);
#7215 = VERTEX_POINT('',#7216);
#7216 = CARTESIAN_POINT('',(109.5,22.6,96.));
#7217 = VERTEX_POINT('',#7218);
#7218 = CARTESIAN_POINT('',(109.5,22.6,146.));
#7219 = LINE('',#7220,#7221);
#7220 = CARTESIAN_POINT('',(109.5,22.6,96.));
#7221 = VECTOR('',#7222,1.);
#7222 = DIRECTION('',(0.,0.,1.));
#7223 = ORIENTED_EDGE('',*,*,#7224,.T.);
#7224 = EDGE_CURVE('',#7215,#7225,#7227,.T.);
#7225 = VERTEX_POINT('',#7226);
#7226 = CARTESIAN_POINT('',(109.5,32.6,96.));
#7227 = LINE('',#7228,#7229);
#7228 = CARTESIAN_POINT('',(109.5,22.6,96.));
#7229 = VECTOR('',#7230,1.);
#7230 = DIRECTION('',(-0.,1.,0.));
#7231 = ORIENTED_EDGE('',*,*,#7232,.T.);
#7232 = EDGE_CURVE('',#7225,#7233,#7235,.T.);
#7233 = VERTEX_POINT('',#7234);
#7234 = CARTESIAN_POINT('',(109.5,32.6,146.));
#7235 = LINE('',#7236,#7237);
#7236 = CARTESIAN_POINT('',(109.5,32.6,96.));
#7237 = VECTOR('',#7238,1.);
#7238 = DIRECTION('',(0.,0.,1.));
#7239 = ORIENTED_EDGE('',*,*,#7240,.F.);
#7240 = EDGE_CURVE('',#7217,#7233,#7241,.T.);
#7241 = LINE('',#7242,#7243);
#7242 = CARTESIAN_POINT('',(109.5,22.6,146.));
#7243 = VECTOR('',#7244,1.);
#7244 = DIRECTION('',(-0.,1.,0.));
#7245 = PLANE('',#7246);
#7246 = AXIS2_PLACEMENT_3D('',#7247,#7248,#7249);
#7247 = CARTESIAN_POINT('',(109.5,22.6,96.));
#7248 = DIRECTION('',(1.,0.,-0.));
#7249 = DIRECTION('',(0.,0.,1.));
#7250 = ADVANCED_FACE('',(#7251),#7267,.F.);
#7251 = FACE_BOUND('',#7252,.F.);
#7252 = EDGE_LOOP('',(#7253,#7259,#7260,#7266));
#7253 = ORIENTED_EDGE('',*,*,#7254,.F.);
#7254 = EDGE_CURVE('',#7175,#7215,#7255,.T.);
#7255 = LINE('',#7256,#7257);
#7256 = CARTESIAN_POINT('',(80.5,22.6,96.));
#7257 = VECTOR('',#7258,1.);
#7258 = DIRECTION('',(1.,0.,-0.));
#7259 = ORIENTED_EDGE('',*,*,#7174,.T.);
#7260 = ORIENTED_EDGE('',*,*,#7261,.T.);
#7261 = EDGE_CURVE('',#7177,#7217,#7262,.T.);
#7262 = LINE('',#7263,#7264);
#7263 = CARTESIAN_POINT('',(80.5,22.6,146.));
#7264 = VECTOR('',#7265,1.);
#7265 = DIRECTION('',(1.,0.,-0.));
#7266 = ORIENTED_EDGE('',*,*,#7214,.F.);
#7267 = PLANE('',#7268);
#7268 = AXIS2_PLACEMENT_3D('',#7269,#7270,#7271);
#7269 = CARTESIAN_POINT('',(80.5,22.6,96.));
#7270 = DIRECTION('',(-0.,1.,0.));
#7271 = DIRECTION('',(0.,0.,1.));
#7272 = ADVANCED_FACE('',(#7273),#7289,.T.);
#7273 = FACE_BOUND('',#7274,.T.);
#7274 = EDGE_LOOP('',(#7275,#7281,#7282,#7288));
#7275 = ORIENTED_EDGE('',*,*,#7276,.F.);
#7276 = EDGE_CURVE('',#7185,#7225,#7277,.T.);
#7277 = LINE('',#7278,#7279);
#7278 = CARTESIAN_POINT('',(80.5,32.6,96.));
#7279 = VECTOR('',#7280,1.);
#7280 = DIRECTION('',(1.,0.,-0.));
#7281 = ORIENTED_EDGE('',*,*,#7192,.T.);
#7282 = ORIENTED_EDGE('',*,*,#7283,.T.);
#7283 = EDGE_CURVE('',#7193,#7233,#7284,.T.);
#7284 = LINE('',#7285,#7286);
#7285 = CARTESIAN_POINT('',(80.5,32.6,146.));
#7286 = VECTOR('',#7287,1.);
#7287 = DIRECTION('',(1.,0.,-0.));
#7288 = ORIENTED_EDGE('',*,*,#7232,.F.);
#7289 = PLANE('',#7290);
#7290 = AXIS2_PLACEMENT_3D('',#7291,#7292,#7293);
#7291 = CARTESIAN_POINT('',(80.5,32.6,96.));
#7292 = DIRECTION('',(-0.,1.,0.));
#7293 = DIRECTION('',(0.,0.,1.));
#7294 = ADVANCED_FACE('',(#7295),#7301,.F.);
#7295 = FACE_BOUND('',#7296,.F.);
#7296 = EDGE_LOOP('',(#7297,#7298,#7299,#7300));
#7297 = ORIENTED_EDGE('',*,*,#7184,.F.);
#7298 = ORIENTED_EDGE('',*,*,#7254,.T.);
#7299 = ORIENTED_EDGE('',*,*,#7224,.T.);
#7300 = ORIENTED_EDGE('',*,*,#7276,.F.);
#7301 = PLANE('',#7302);
#7302 = AXIS2_PLACEMENT_3D('',#7303,#7304,#7305);
#7303 = CARTESIAN_POINT('',(80.5,22.6,96.));
#7304 = DIRECTION('',(0.,0.,1.));
#7305 = DIRECTION('',(1.,0.,-0.));
#7306 = ADVANCED_FACE('',(#7307),#7313,.T.);
#7307 = FACE_BOUND('',#7308,.T.);
#7308 = EDGE_LOOP('',(#7309,#7310,#7311,#7312));
#7309 = ORIENTED_EDGE('',*,*,#7200,.F.);
#7310 = ORIENTED_EDGE('',*,*,#7261,.T.);
#7311 = ORIENTED_EDGE('',*,*,#7240,.T.);
#7312 = ORIENTED_EDGE('',*,*,#7283,.F.);
#7313 = PLANE('',#7314);
#7314 = AXIS2_PLACEMENT_3D('',#7315,#7316,#7317);
#7315 = CARTESIAN_POINT('',(80.5,22.6,146.));
#7316 = DIRECTION('',(0.,0.,1.));
#7317 = DIRECTION('',(1.,0.,-0.));
#7318 = ( GEOMETRIC_REPRESENTATION_CONTEXT(3) 
GLOBAL_UNCERTAINTY_ASSIGNED_CONTEXT((#7322)) 
GLOBAL_UNIT_ASSIGNED_CONTEXT((#7319,#7320,#7321)) REPRESENTATION_CONTEXT
('Context #1','3D Context with UNIT and UNCERTAINTY') );
#7319 = ( LENGTH_UNIT() NAMED_UNIT(*) SI_UNIT(.MILLI.,.METRE.) );
#7320 = ( NAMED_UNIT(*) PLANE_ANGLE_UNIT() SI_UNIT($,.RADIAN.) );
#7321 = ( NAMED_UNIT(*) SI_UNIT($,.STERADIAN.) SOLID_ANGLE_UNIT() );
#7322 = UNCERTAINTY_MEASURE_WITH_UNIT(LENGTH_MEASURE(1.E-07),#7319,
  'distance_accuracy_value','confusion accuracy');
#7323 = CONTEXT_DEPENDENT_SHAPE_REPRESENTATION(#7324,#7326);
#7324 = ( REPRESENTATION_RELATIONSHIP('','',#7167,#10) 
REPRESENTATION_RELATIONSHIP_WITH_TRANSFORMATION(#7325) 
SHAPE_REPRESENTATION_RELATIONSHIP() );
#7325 = ITEM_DEFINED_TRANSFORMATION('','',#11,#71);
#7326 = PRODUCT_DEFINITION_SHAPE('Placement','Placement of an item',
  #7327);
#7327 = NEXT_ASSEMBLY_USAGE_OCCURRENCE('15','PA5 component envelope','',
  #5,#7162,$);
#7328 = PRODUCT_RELATED_PRODUCT_CATEGORY('part',$,(#7164));
#7329 = SHAPE_DEFINITION_REPRESENTATION(#7330,#7336);
#7330 = PRODUCT_DEFINITION_SHAPE('','',#7331);
#7331 = PRODUCT_DEFINITION('design','',#7332,#7335);
#7332 = PRODUCT_DEFINITION_FORMATION('','',#7333);
#7333 = PRODUCT('RF PA board PA6 (35x60)','RF PA board PA6 (35x60)','',(
    #7334));
#7334 = PRODUCT_CONTEXT('',#2,'mechanical');
#7335 = PRODUCT_DEFINITION_CONTEXT('part definition',#2,'design');
#7336 = ADVANCED_BREP_SHAPE_REPRESENTATION('',(#11,#7337),#7487);
#7337 = MANIFOLD_SOLID_BREP('',#7338);
#7338 = CLOSED_SHELL('',(#7339,#7379,#7419,#7441,#7463,#7475));
#7339 = ADVANCED_FACE('',(#7340),#7374,.F.);
#7340 = FACE_BOUND('',#7341,.F.);
#7341 = EDGE_LOOP('',(#7342,#7352,#7360,#7368));
#7342 = ORIENTED_EDGE('',*,*,#7343,.F.);
#7343 = EDGE_CURVE('',#7344,#7346,#7348,.T.);
#7344 = VERTEX_POINT('',#7345);
#7345 = CARTESIAN_POINT('',(117.5,21.,91.));
#7346 = VERTEX_POINT('',#7347);
#7347 = CARTESIAN_POINT('',(117.5,21.,151.));
#7348 = LINE('',#7349,#7350);
#7349 = CARTESIAN_POINT('',(117.5,21.,91.));
#7350 = VECTOR('',#7351,1.);
#7351 = DIRECTION('',(0.,0.,1.));
#7352 = ORIENTED_EDGE('',*,*,#7353,.T.);
#7353 = EDGE_CURVE('',#7344,#7354,#7356,.T.);
#7354 = VERTEX_POINT('',#7355);
#7355 = CARTESIAN_POINT('',(117.5,22.6,91.));
#7356 = LINE('',#7357,#7358);
#7357 = CARTESIAN_POINT('',(117.5,21.,91.));
#7358 = VECTOR('',#7359,1.);
#7359 = DIRECTION('',(-0.,1.,0.));
#7360 = ORIENTED_EDGE('',*,*,#7361,.T.);
#7361 = EDGE_CURVE('',#7354,#7362,#7364,.T.);
#7362 = VERTEX_POINT('',#7363);
#7363 = CARTESIAN_POINT('',(117.5,22.6,151.));
#7364 = LINE('',#7365,#7366);
#7365 = CARTESIAN_POINT('',(117.5,22.6,91.));
#7366 = VECTOR('',#7367,1.);
#7367 = DIRECTION('',(0.,0.,1.));
#7368 = ORIENTED_EDGE('',*,*,#7369,.F.);
#7369 = EDGE_CURVE('',#7346,#7362,#7370,.T.);
#7370 = LINE('',#7371,#7372);
#7371 = CARTESIAN_POINT('',(117.5,21.,151.));
#7372 = VECTOR('',#7373,1.);
#7373 = DIRECTION('',(-0.,1.,0.));
#7374 = PLANE('',#7375);
#7375 = AXIS2_PLACEMENT_3D('',#7376,#7377,#7378);
#7376 = CARTESIAN_POINT('',(117.5,21.,91.));
#7377 = DIRECTION('',(1.,0.,-0.));
#7378 = DIRECTION('',(0.,0.,1.));
#7379 = ADVANCED_FACE('',(#7380),#7414,.T.);
#7380 = FACE_BOUND('',#7381,.T.);
#7381 = EDGE_LOOP('',(#7382,#7392,#7400,#7408));
#7382 = ORIENTED_EDGE('',*,*,#7383,.F.);
#7383 = EDGE_CURVE('',#7384,#7386,#7388,.T.);
#7384 = VERTEX_POINT('',#7385);
#7385 = CARTESIAN_POINT('',(152.5,21.,91.));
#7386 = VERTEX_POINT('',#7387);
#7387 = CARTESIAN_POINT('',(152.5,21.,151.));
#7388 = LINE('',#7389,#7390);
#7389 = CARTESIAN_POINT('',(152.5,21.,91.));
#7390 = VECTOR('',#7391,1.);
#7391 = DIRECTION('',(0.,0.,1.));
#7392 = ORIENTED_EDGE('',*,*,#7393,.T.);
#7393 = EDGE_CURVE('',#7384,#7394,#7396,.T.);
#7394 = VERTEX_POINT('',#7395);
#7395 = CARTESIAN_POINT('',(152.5,22.6,91.));
#7396 = LINE('',#7397,#7398);
#7397 = CARTESIAN_POINT('',(152.5,21.,91.));
#7398 = VECTOR('',#7399,1.);
#7399 = DIRECTION('',(-0.,1.,0.));
#7400 = ORIENTED_EDGE('',*,*,#7401,.T.);
#7401 = EDGE_CURVE('',#7394,#7402,#7404,.T.);
#7402 = VERTEX_POINT('',#7403);
#7403 = CARTESIAN_POINT('',(152.5,22.6,151.));
#7404 = LINE('',#7405,#7406);
#7405 = CARTESIAN_POINT('',(152.5,22.6,91.));
#7406 = VECTOR('',#7407,1.);
#7407 = DIRECTION('',(0.,0.,1.));
#7408 = ORIENTED_EDGE('',*,*,#7409,.F.);
#7409 = EDGE_CURVE('',#7386,#7402,#7410,.T.);
#7410 = LINE('',#7411,#7412);
#7411 = CARTESIAN_POINT('',(152.5,21.,151.));
#7412 = VECTOR('',#7413,1.);
#7413 = DIRECTION('',(-0.,1.,0.));
#7414 = PLANE('',#7415);
#7415 = AXIS2_PLACEMENT_3D('',#7416,#7417,#7418);
#7416 = CARTESIAN_POINT('',(152.5,21.,91.));
#7417 = DIRECTION('',(1.,0.,-0.));
#7418 = DIRECTION('',(0.,0.,1.));
#7419 = ADVANCED_FACE('',(#7420),#7436,.F.);
#7420 = FACE_BOUND('',#7421,.F.);
#7421 = EDGE_LOOP('',(#7422,#7428,#7429,#7435));
#7422 = ORIENTED_EDGE('',*,*,#7423,.F.);
#7423 = EDGE_CURVE('',#7344,#7384,#7424,.T.);
#7424 = LINE('',#7425,#7426);
#7425 = CARTESIAN_POINT('',(117.5,21.,91.));
#7426 = VECTOR('',#7427,1.);
#7427 = DIRECTION('',(1.,0.,-0.));
#7428 = ORIENTED_EDGE('',*,*,#7343,.T.);
#7429 = ORIENTED_EDGE('',*,*,#7430,.T.);
#7430 = EDGE_CURVE('',#7346,#7386,#7431,.T.);
#7431 = LINE('',#7432,#7433);
#7432 = CARTESIAN_POINT('',(117.5,21.,151.));
#7433 = VECTOR('',#7434,1.);
#7434 = DIRECTION('',(1.,0.,-0.));
#7435 = ORIENTED_EDGE('',*,*,#7383,.F.);
#7436 = PLANE('',#7437);
#7437 = AXIS2_PLACEMENT_3D('',#7438,#7439,#7440);
#7438 = CARTESIAN_POINT('',(117.5,21.,91.));
#7439 = DIRECTION('',(-0.,1.,0.));
#7440 = DIRECTION('',(0.,0.,1.));
#7441 = ADVANCED_FACE('',(#7442),#7458,.T.);
#7442 = FACE_BOUND('',#7443,.T.);
#7443 = EDGE_LOOP('',(#7444,#7450,#7451,#7457));
#7444 = ORIENTED_EDGE('',*,*,#7445,.F.);
#7445 = EDGE_CURVE('',#7354,#7394,#7446,.T.);
#7446 = LINE('',#7447,#7448);
#7447 = CARTESIAN_POINT('',(117.5,22.6,91.));
#7448 = VECTOR('',#7449,1.);
#7449 = DIRECTION('',(1.,0.,-0.));
#7450 = ORIENTED_EDGE('',*,*,#7361,.T.);
#7451 = ORIENTED_EDGE('',*,*,#7452,.T.);
#7452 = EDGE_CURVE('',#7362,#7402,#7453,.T.);
#7453 = LINE('',#7454,#7455);
#7454 = CARTESIAN_POINT('',(117.5,22.6,151.));
#7455 = VECTOR('',#7456,1.);
#7456 = DIRECTION('',(1.,0.,-0.));
#7457 = ORIENTED_EDGE('',*,*,#7401,.F.);
#7458 = PLANE('',#7459);
#7459 = AXIS2_PLACEMENT_3D('',#7460,#7461,#7462);
#7460 = CARTESIAN_POINT('',(117.5,22.6,91.));
#7461 = DIRECTION('',(-0.,1.,0.));
#7462 = DIRECTION('',(0.,0.,1.));
#7463 = ADVANCED_FACE('',(#7464),#7470,.F.);
#7464 = FACE_BOUND('',#7465,.F.);
#7465 = EDGE_LOOP('',(#7466,#7467,#7468,#7469));
#7466 = ORIENTED_EDGE('',*,*,#7353,.F.);
#7467 = ORIENTED_EDGE('',*,*,#7423,.T.);
#7468 = ORIENTED_EDGE('',*,*,#7393,.T.);
#7469 = ORIENTED_EDGE('',*,*,#7445,.F.);
#7470 = PLANE('',#7471);
#7471 = AXIS2_PLACEMENT_3D('',#7472,#7473,#7474);
#7472 = CARTESIAN_POINT('',(117.5,21.,91.));
#7473 = DIRECTION('',(0.,0.,1.));
#7474 = DIRECTION('',(1.,0.,-0.));
#7475 = ADVANCED_FACE('',(#7476),#7482,.T.);
#7476 = FACE_BOUND('',#7477,.T.);
#7477 = EDGE_LOOP('',(#7478,#7479,#7480,#7481));
#7478 = ORIENTED_EDGE('',*,*,#7369,.F.);
#7479 = ORIENTED_EDGE('',*,*,#7430,.T.);
#7480 = ORIENTED_EDGE('',*,*,#7409,.T.);
#7481 = ORIENTED_EDGE('',*,*,#7452,.F.);
#7482 = PLANE('',#7483);
#7483 = AXIS2_PLACEMENT_3D('',#7484,#7485,#7486);
#7484 = CARTESIAN_POINT('',(117.5,21.,151.));
#7485 = DIRECTION('',(0.,0.,1.));
#7486 = DIRECTION('',(1.,0.,-0.));
#7487 = ( GEOMETRIC_REPRESENTATION_CONTEXT(3) 
GLOBAL_UNCERTAINTY_ASSIGNED_CONTEXT((#7491)) 
GLOBAL_UNIT_ASSIGNED_CONTEXT((#7488,#7489,#7490)) REPRESENTATION_CONTEXT
('Context #1','3D Context with UNIT and UNCERTAINTY') );
#7488 = ( LENGTH_UNIT() NAMED_UNIT(*) SI_UNIT(.MILLI.,.METRE.) );
#7489 = ( NAMED_UNIT(*) PLANE_ANGLE_UNIT() SI_UNIT($,.RADIAN.) );
#7490 = ( NAMED_UNIT(*) SI_UNIT($,.STERADIAN.) SOLID_ANGLE_UNIT() );
#7491 = UNCERTAINTY_MEASURE_WITH_UNIT(LENGTH_MEASURE(1.E-07),#7488,
  'distance_accuracy_value','confusion accuracy');
#7492 = CONTEXT_DEPENDENT_SHAPE_REPRESENTATION(#7493,#7495);
#7493 = ( REPRESENTATION_RELATIONSHIP('','',#7336,#10) 
REPRESENTATION_RELATIONSHIP_WITH_TRANSFORMATION(#7494) 
SHAPE_REPRESENTATION_RELATIONSHIP() );
#7494 = ITEM_DEFINED_TRANSFORMATION('','',#11,#75);
#7495 = PRODUCT_DEFINITION_SHAPE('Placement','Placement of an item',
  #7496);
#7496 = NEXT_ASSEMBLY_USAGE_OCCURRENCE('16','RF PA board PA6 (35x60)',''
  ,#5,#7331,$);
#7497 = PRODUCT_RELATED_PRODUCT_CATEGORY('part',$,(#7333));
#7498 = SHAPE_DEFINITION_REPRESENTATION(#7499,#7505);
#7499 = PRODUCT_DEFINITION_SHAPE('','',#7500);
#7500 = PRODUCT_DEFINITION('design','',#7501,#7504);
#7501 = PRODUCT_DEFINITION_FORMATION('','',#7502);
#7502 = PRODUCT('PA6 component envelope','PA6 component envelope','',(
    #7503));
#7503 = PRODUCT_CONTEXT('',#2,'mechanical');
#7504 = PRODUCT_DEFINITION_CONTEXT('part definition',#2,'design');
#7505 = ADVANCED_BREP_SHAPE_REPRESENTATION('',(#11,#7506),#7656);
#7506 = MANIFOLD_SOLID_BREP('',#7507);
#7507 = CLOSED_SHELL('',(#7508,#7548,#7588,#7610,#7632,#7644));
#7508 = ADVANCED_FACE('',(#7509),#7543,.F.);
#7509 = FACE_BOUND('',#7510,.F.);
#7510 = EDGE_LOOP('',(#7511,#7521,#7529,#7537));
#7511 = ORIENTED_EDGE('',*,*,#7512,.F.);
#7512 = EDGE_CURVE('',#7513,#7515,#7517,.T.);
#7513 = VERTEX_POINT('',#7514);
#7514 = CARTESIAN_POINT('',(120.5,22.6,96.));
#7515 = VERTEX_POINT('',#7516);
#7516 = CARTESIAN_POINT('',(120.5,22.6,146.));
#7517 = LINE('',#7518,#7519);
#7518 = CARTESIAN_POINT('',(120.5,22.6,96.));
#7519 = VECTOR('',#7520,1.);
#7520 = DIRECTION('',(0.,0.,1.));
#7521 = ORIENTED_EDGE('',*,*,#7522,.T.);
#7522 = EDGE_CURVE('',#7513,#7523,#7525,.T.);
#7523 = VERTEX_POINT('',#7524);
#7524 = CARTESIAN_POINT('',(120.5,32.6,96.));
#7525 = LINE('',#7526,#7527);
#7526 = CARTESIAN_POINT('',(120.5,22.6,96.));
#7527 = VECTOR('',#7528,1.);
#7528 = DIRECTION('',(-0.,1.,0.));
#7529 = ORIENTED_EDGE('',*,*,#7530,.T.);
#7530 = EDGE_CURVE('',#7523,#7531,#7533,.T.);
#7531 = VERTEX_POINT('',#7532);
#7532 = CARTESIAN_POINT('',(120.5,32.6,146.));
#7533 = LINE('',#7534,#7535);
#7534 = CARTESIAN_POINT('',(120.5,32.6,96.));
#7535 = VECTOR('',#7536,1.);
#7536 = DIRECTION('',(0.,0.,1.));
#7537 = ORIENTED_EDGE('',*,*,#7538,.F.);
#7538 = EDGE_CURVE('',#7515,#7531,#7539,.T.);
#7539 = LINE('',#7540,#7541);
#7540 = CARTESIAN_POINT('',(120.5,22.6,146.));
#7541 = VECTOR('',#7542,1.);
#7542 = DIRECTION('',(-0.,1.,0.));
#7543 = PLANE('',#7544);
#7544 = AXIS2_PLACEMENT_3D('',#7545,#7546,#7547);
#7545 = CARTESIAN_POINT('',(120.5,22.6,96.));
#7546 = DIRECTION('',(1.,0.,-0.));
#7547 = DIRECTION('',(0.,0.,1.));
#7548 = ADVANCED_FACE('',(#7549),#7583,.T.);
#7549 = FACE_BOUND('',#7550,.T.);
#7550 = EDGE_LOOP('',(#7551,#7561,#7569,#7577));
#7551 = ORIENTED_EDGE('',*,*,#7552,.F.);
#7552 = EDGE_CURVE('',#7553,#7555,#7557,.T.);
#7553 = VERTEX_POINT('',#7554);
#7554 = CARTESIAN_POINT('',(149.5,22.6,96.));
#7555 = VERTEX_POINT('',#7556);
#7556 = CARTESIAN_POINT('',(149.5,22.6,146.));
#7557 = LINE('',#7558,#7559);
#7558 = CARTESIAN_POINT('',(149.5,22.6,96.));
#7559 = VECTOR('',#7560,1.);
#7560 = DIRECTION('',(0.,0.,1.));
#7561 = ORIENTED_EDGE('',*,*,#7562,.T.);
#7562 = EDGE_CURVE('',#7553,#7563,#7565,.T.);
#7563 = VERTEX_POINT('',#7564);
#7564 = CARTESIAN_POINT('',(149.5,32.6,96.));
#7565 = LINE('',#7566,#7567);
#7566 = CARTESIAN_POINT('',(149.5,22.6,96.));
#7567 = VECTOR('',#7568,1.);
#7568 = DIRECTION('',(-0.,1.,0.));
#7569 = ORIENTED_EDGE('',*,*,#7570,.T.);
#7570 = EDGE_CURVE('',#7563,#7571,#7573,.T.);
#7571 = VERTEX_POINT('',#7572);
#7572 = CARTESIAN_POINT('',(149.5,32.6,146.));
#7573 = LINE('',#7574,#7575);
#7574 = CARTESIAN_POINT('',(149.5,32.6,96.));
#7575 = VECTOR('',#7576,1.);
#7576 = DIRECTION('',(0.,0.,1.));
#7577 = ORIENTED_EDGE('',*,*,#7578,.F.);
#7578 = EDGE_CURVE('',#7555,#7571,#7579,.T.);
#7579 = LINE('',#7580,#7581);
#7580 = CARTESIAN_POINT('',(149.5,22.6,146.));
#7581 = VECTOR('',#7582,1.);
#7582 = DIRECTION('',(-0.,1.,0.));
#7583 = PLANE('',#7584);
#7584 = AXIS2_PLACEMENT_3D('',#7585,#7586,#7587);
#7585 = CARTESIAN_POINT('',(149.5,22.6,96.));
#7586 = DIRECTION('',(1.,0.,-0.));
#7587 = DIRECTION('',(0.,0.,1.));
#7588 = ADVANCED_FACE('',(#7589),#7605,.F.);
#7589 = FACE_BOUND('',#7590,.F.);
#7590 = EDGE_LOOP('',(#7591,#7597,#7598,#7604));
#7591 = ORIENTED_EDGE('',*,*,#7592,.F.);
#7592 = EDGE_CURVE('',#7513,#7553,#7593,.T.);
#7593 = LINE('',#7594,#7595);
#7594 = CARTESIAN_POINT('',(120.5,22.6,96.));
#7595 = VECTOR('',#7596,1.);
#7596 = DIRECTION('',(1.,0.,-0.));
#7597 = ORIENTED_EDGE('',*,*,#7512,.T.);
#7598 = ORIENTED_EDGE('',*,*,#7599,.T.);
#7599 = EDGE_CURVE('',#7515,#7555,#7600,.T.);
#7600 = LINE('',#7601,#7602);
#7601 = CARTESIAN_POINT('',(120.5,22.6,146.));
#7602 = VECTOR('',#7603,1.);
#7603 = DIRECTION('',(1.,0.,-0.));
#7604 = ORIENTED_EDGE('',*,*,#7552,.F.);
#7605 = PLANE('',#7606);
#7606 = AXIS2_PLACEMENT_3D('',#7607,#7608,#7609);
#7607 = CARTESIAN_POINT('',(120.5,22.6,96.));
#7608 = DIRECTION('',(-0.,1.,0.));
#7609 = DIRECTION('',(0.,0.,1.));
#7610 = ADVANCED_FACE('',(#7611),#7627,.T.);
#7611 = FACE_BOUND('',#7612,.T.);
#7612 = EDGE_LOOP('',(#7613,#7619,#7620,#7626));
#7613 = ORIENTED_EDGE('',*,*,#7614,.F.);
#7614 = EDGE_CURVE('',#7523,#7563,#7615,.T.);
#7615 = LINE('',#7616,#7617);
#7616 = CARTESIAN_POINT('',(120.5,32.6,96.));
#7617 = VECTOR('',#7618,1.);
#7618 = DIRECTION('',(1.,0.,-0.));
#7619 = ORIENTED_EDGE('',*,*,#7530,.T.);
#7620 = ORIENTED_EDGE('',*,*,#7621,.T.);
#7621 = EDGE_CURVE('',#7531,#7571,#7622,.T.);
#7622 = LINE('',#7623,#7624);
#7623 = CARTESIAN_POINT('',(120.5,32.6,146.));
#7624 = VECTOR('',#7625,1.);
#7625 = DIRECTION('',(1.,0.,-0.));
#7626 = ORIENTED_EDGE('',*,*,#7570,.F.);
#7627 = PLANE('',#7628);
#7628 = AXIS2_PLACEMENT_3D('',#7629,#7630,#7631);
#7629 = CARTESIAN_POINT('',(120.5,32.6,96.));
#7630 = DIRECTION('',(-0.,1.,0.));
#7631 = DIRECTION('',(0.,0.,1.));
#7632 = ADVANCED_FACE('',(#7633),#7639,.F.);
#7633 = FACE_BOUND('',#7634,.F.);
#7634 = EDGE_LOOP('',(#7635,#7636,#7637,#7638));
#7635 = ORIENTED_EDGE('',*,*,#7522,.F.);
#7636 = ORIENTED_EDGE('',*,*,#7592,.T.);
#7637 = ORIENTED_EDGE('',*,*,#7562,.T.);
#7638 = ORIENTED_EDGE('',*,*,#7614,.F.);
#7639 = PLANE('',#7640);
#7640 = AXIS2_PLACEMENT_3D('',#7641,#7642,#7643);
#7641 = CARTESIAN_POINT('',(120.5,22.6,96.));
#7642 = DIRECTION('',(0.,0.,1.));
#7643 = DIRECTION('',(1.,0.,-0.));
#7644 = ADVANCED_FACE('',(#7645),#7651,.T.);
#7645 = FACE_BOUND('',#7646,.T.);
#7646 = EDGE_LOOP('',(#7647,#7648,#7649,#7650));
#7647 = ORIENTED_EDGE('',*,*,#7538,.F.);
#7648 = ORIENTED_EDGE('',*,*,#7599,.T.);
#7649 = ORIENTED_EDGE('',*,*,#7578,.T.);
#7650 = ORIENTED_EDGE('',*,*,#7621,.F.);
#7651 = PLANE('',#7652);
#7652 = AXIS2_PLACEMENT_3D('',#7653,#7654,#7655);
#7653 = CARTESIAN_POINT('',(120.5,22.6,146.));
#7654 = DIRECTION('',(0.,0.,1.));
#7655 = DIRECTION('',(1.,0.,-0.));
#7656 = ( GEOMETRIC_REPRESENTATION_CONTEXT(3) 
GLOBAL_UNCERTAINTY_ASSIGNED_CONTEXT((#7660)) 
GLOBAL_UNIT_ASSIGNED_CONTEXT((#7657,#7658,#7659)) REPRESENTATION_CONTEXT
('Context #1','3D Context with UNIT and UNCERTAINTY') );
#7657 = ( LENGTH_UNIT() NAMED_UNIT(*) SI_UNIT(.MILLI.,.METRE.) );
#7658 = ( NAMED_UNIT(*) PLANE_ANGLE_UNIT() SI_UNIT($,.RADIAN.) );
#7659 = ( NAMED_UNIT(*) SI_UNIT($,.STERADIAN.) SOLID_ANGLE_UNIT() );
#7660 = UNCERTAINTY_MEASURE_WITH_UNIT(LENGTH_MEASURE(1.E-07),#7657,
  'distance_accuracy_value','confusion accuracy');
#7661 = CONTEXT_DEPENDENT_SHAPE_REPRESENTATION(#7662,#7664);
#7662 = ( REPRESENTATION_RELATIONSHIP('','',#7505,#10) 
REPRESENTATION_RELATIONSHIP_WITH_TRANSFORMATION(#7663) 
SHAPE_REPRESENTATION_RELATIONSHIP() );
#7663 = ITEM_DEFINED_TRANSFORMATION('','',#11,#79);
#7664 = PRODUCT_DEFINITION_SHAPE('Placement','Placement of an item',
  #7665);
#7665 = NEXT_ASSEMBLY_USAGE_OCCURRENCE('17','PA6 component envelope','',
  #5,#7500,$);
#7666 = PRODUCT_RELATED_PRODUCT_CATEGORY('part',$,(#7502));
#7667 = SHAPE_DEFINITION_REPRESENTATION(#7668,#7674);
#7668 = PRODUCT_DEFINITION_SHAPE('','',#7669);
#7669 = PRODUCT_DEFINITION('design','',#7670,#7673);
#7670 = PRODUCT_DEFINITION_FORMATION('','',#7671);
#7671 = PRODUCT('RF PA board PA7 (35x60)','RF PA board PA7 (35x60)','',(
    #7672));
#7672 = PRODUCT_CONTEXT('',#2,'mechanical');
#7673 = PRODUCT_DEFINITION_CONTEXT('part definition',#2,'design');
#7674 = ADVANCED_BREP_SHAPE_REPRESENTATION('',(#11,#7675),#7825);
#7675 = MANIFOLD_SOLID_BREP('',#7676);
#7676 = CLOSED_SHELL('',(#7677,#7717,#7757,#7779,#7801,#7813));
#7677 = ADVANCED_FACE('',(#7678),#7712,.F.);
#7678 = FACE_BOUND('',#7679,.F.);
#7679 = EDGE_LOOP('',(#7680,#7690,#7698,#7706));
#7680 = ORIENTED_EDGE('',*,*,#7681,.F.);
#7681 = EDGE_CURVE('',#7682,#7684,#7686,.T.);
#7682 = VERTEX_POINT('',#7683);
#7683 = CARTESIAN_POINT('',(157.5,21.,91.));
#7684 = VERTEX_POINT('',#7685);
#7685 = CARTESIAN_POINT('',(157.5,21.,151.));
#7686 = LINE('',#7687,#7688);
#7687 = CARTESIAN_POINT('',(157.5,21.,91.));
#7688 = VECTOR('',#7689,1.);
#7689 = DIRECTION('',(0.,0.,1.));
#7690 = ORIENTED_EDGE('',*,*,#7691,.T.);
#7691 = EDGE_CURVE('',#7682,#7692,#7694,.T.);
#7692 = VERTEX_POINT('',#7693);
#7693 = CARTESIAN_POINT('',(157.5,22.6,91.));
#7694 = LINE('',#7695,#7696);
#7695 = CARTESIAN_POINT('',(157.5,21.,91.));
#7696 = VECTOR('',#7697,1.);
#7697 = DIRECTION('',(-0.,1.,0.));
#7698 = ORIENTED_EDGE('',*,*,#7699,.T.);
#7699 = EDGE_CURVE('',#7692,#7700,#7702,.T.);
#7700 = VERTEX_POINT('',#7701);
#7701 = CARTESIAN_POINT('',(157.5,22.6,151.));
#7702 = LINE('',#7703,#7704);
#7703 = CARTESIAN_POINT('',(157.5,22.6,91.));
#7704 = VECTOR('',#7705,1.);
#7705 = DIRECTION('',(0.,0.,1.));
#7706 = ORIENTED_EDGE('',*,*,#7707,.F.);
#7707 = EDGE_CURVE('',#7684,#7700,#7708,.T.);
#7708 = LINE('',#7709,#7710);
#7709 = CARTESIAN_POINT('',(157.5,21.,151.));
#7710 = VECTOR('',#7711,1.);
#7711 = DIRECTION('',(-0.,1.,0.));
#7712 = PLANE('',#7713);
#7713 = AXIS2_PLACEMENT_3D('',#7714,#7715,#7716);
#7714 = CARTESIAN_POINT('',(157.5,21.,91.));
#7715 = DIRECTION('',(1.,0.,-0.));
#7716 = DIRECTION('',(0.,0.,1.));
#7717 = ADVANCED_FACE('',(#7718),#7752,.T.);
#7718 = FACE_BOUND('',#7719,.T.);
#7719 = EDGE_LOOP('',(#7720,#7730,#7738,#7746));
#7720 = ORIENTED_EDGE('',*,*,#7721,.F.);
#7721 = EDGE_CURVE('',#7722,#7724,#7726,.T.);
#7722 = VERTEX_POINT('',#7723);
#7723 = CARTESIAN_POINT('',(192.5,21.,91.));
#7724 = VERTEX_POINT('',#7725);
#7725 = CARTESIAN_POINT('',(192.5,21.,151.));
#7726 = LINE('',#7727,#7728);
#7727 = CARTESIAN_POINT('',(192.5,21.,91.));
#7728 = VECTOR('',#7729,1.);
#7729 = DIRECTION('',(0.,0.,1.));
#7730 = ORIENTED_EDGE('',*,*,#7731,.T.);
#7731 = EDGE_CURVE('',#7722,#7732,#7734,.T.);
#7732 = VERTEX_POINT('',#7733);
#7733 = CARTESIAN_POINT('',(192.5,22.6,91.));
#7734 = LINE('',#7735,#7736);
#7735 = CARTESIAN_POINT('',(192.5,21.,91.));
#7736 = VECTOR('',#7737,1.);
#7737 = DIRECTION('',(-0.,1.,0.));
#7738 = ORIENTED_EDGE('',*,*,#7739,.T.);
#7739 = EDGE_CURVE('',#7732,#7740,#7742,.T.);
#7740 = VERTEX_POINT('',#7741);
#7741 = CARTESIAN_POINT('',(192.5,22.6,151.));
#7742 = LINE('',#7743,#7744);
#7743 = CARTESIAN_POINT('',(192.5,22.6,91.));
#7744 = VECTOR('',#7745,1.);
#7745 = DIRECTION('',(0.,0.,1.));
#7746 = ORIENTED_EDGE('',*,*,#7747,.F.);
#7747 = EDGE_CURVE('',#7724,#7740,#7748,.T.);
#7748 = LINE('',#7749,#7750);
#7749 = CARTESIAN_POINT('',(192.5,21.,151.));
#7750 = VECTOR('',#7751,1.);
#7751 = DIRECTION('',(-0.,1.,0.));
#7752 = PLANE('',#7753);
#7753 = AXIS2_PLACEMENT_3D('',#7754,#7755,#7756);
#7754 = CARTESIAN_POINT('',(192.5,21.,91.));
#7755 = DIRECTION('',(1.,0.,-0.));
#7756 = DIRECTION('',(0.,0.,1.));
#7757 = ADVANCED_FACE('',(#7758),#7774,.F.);
#7758 = FACE_BOUND('',#7759,.F.);
#7759 = EDGE_LOOP('',(#7760,#7766,#7767,#7773));
#7760 = ORIENTED_EDGE('',*,*,#7761,.F.);
#7761 = EDGE_CURVE('',#7682,#7722,#7762,.T.);
#7762 = LINE('',#7763,#7764);
#7763 = CARTESIAN_POINT('',(157.5,21.,91.));
#7764 = VECTOR('',#7765,1.);
#7765 = DIRECTION('',(1.,0.,-0.));
#7766 = ORIENTED_EDGE('',*,*,#7681,.T.);
#7767 = ORIENTED_EDGE('',*,*,#7768,.T.);
#7768 = EDGE_CURVE('',#7684,#7724,#7769,.T.);
#7769 = LINE('',#7770,#7771);
#7770 = CARTESIAN_POINT('',(157.5,21.,151.));
#7771 = VECTOR('',#7772,1.);
#7772 = DIRECTION('',(1.,0.,-0.));
#7773 = ORIENTED_EDGE('',*,*,#7721,.F.);
#7774 = PLANE('',#7775);
#7775 = AXIS2_PLACEMENT_3D('',#7776,#7777,#7778);
#7776 = CARTESIAN_POINT('',(157.5,21.,91.));
#7777 = DIRECTION('',(-0.,1.,0.));
#7778 = DIRECTION('',(0.,0.,1.));
#7779 = ADVANCED_FACE('',(#7780),#7796,.T.);
#7780 = FACE_BOUND('',#7781,.T.);
#7781 = EDGE_LOOP('',(#7782,#7788,#7789,#7795));
#7782 = ORIENTED_EDGE('',*,*,#7783,.F.);
#7783 = EDGE_CURVE('',#7692,#7732,#7784,.T.);
#7784 = LINE('',#7785,#7786);
#7785 = CARTESIAN_POINT('',(157.5,22.6,91.));
#7786 = VECTOR('',#7787,1.);
#7787 = DIRECTION('',(1.,0.,-0.));
#7788 = ORIENTED_EDGE('',*,*,#7699,.T.);
#7789 = ORIENTED_EDGE('',*,*,#7790,.T.);
#7790 = EDGE_CURVE('',#7700,#7740,#7791,.T.);
#7791 = LINE('',#7792,#7793);
#7792 = CARTESIAN_POINT('',(157.5,22.6,151.));
#7793 = VECTOR('',#7794,1.);
#7794 = DIRECTION('',(1.,0.,-0.));
#7795 = ORIENTED_EDGE('',*,*,#7739,.F.);
#7796 = PLANE('',#7797);
#7797 = AXIS2_PLACEMENT_3D('',#7798,#7799,#7800);
#7798 = CARTESIAN_POINT('',(157.5,22.6,91.));
#7799 = DIRECTION('',(-0.,1.,0.));
#7800 = DIRECTION('',(0.,0.,1.));
#7801 = ADVANCED_FACE('',(#7802),#7808,.F.);
#7802 = FACE_BOUND('',#7803,.F.);
#7803 = EDGE_LOOP('',(#7804,#7805,#7806,#7807));
#7804 = ORIENTED_EDGE('',*,*,#7691,.F.);
#7805 = ORIENTED_EDGE('',*,*,#7761,.T.);
#7806 = ORIENTED_EDGE('',*,*,#7731,.T.);
#7807 = ORIENTED_EDGE('',*,*,#7783,.F.);
#7808 = PLANE('',#7809);
#7809 = AXIS2_PLACEMENT_3D('',#7810,#7811,#7812);
#7810 = CARTESIAN_POINT('',(157.5,21.,91.));
#7811 = DIRECTION('',(0.,0.,1.));
#7812 = DIRECTION('',(1.,0.,-0.));
#7813 = ADVANCED_FACE('',(#7814),#7820,.T.);
#7814 = FACE_BOUND('',#7815,.T.);
#7815 = EDGE_LOOP('',(#7816,#7817,#7818,#7819));
#7816 = ORIENTED_EDGE('',*,*,#7707,.F.);
#7817 = ORIENTED_EDGE('',*,*,#7768,.T.);
#7818 = ORIENTED_EDGE('',*,*,#7747,.T.);
#7819 = ORIENTED_EDGE('',*,*,#7790,.F.);
#7820 = PLANE('',#7821);
#7821 = AXIS2_PLACEMENT_3D('',#7822,#7823,#7824);
#7822 = CARTESIAN_POINT('',(157.5,21.,151.));
#7823 = DIRECTION('',(0.,0.,1.));
#7824 = DIRECTION('',(1.,0.,-0.));
#7825 = ( GEOMETRIC_REPRESENTATION_CONTEXT(3) 
GLOBAL_UNCERTAINTY_ASSIGNED_CONTEXT((#7829)) 
GLOBAL_UNIT_ASSIGNED_CONTEXT((#7826,#7827,#7828)) REPRESENTATION_CONTEXT
('Context #1','3D Context with UNIT and UNCERTAINTY') );
#7826 = ( LENGTH_UNIT() NAMED_UNIT(*) SI_UNIT(.MILLI.,.METRE.) );
#7827 = ( NAMED_UNIT(*) PLANE_ANGLE_UNIT() SI_UNIT($,.RADIAN.) );
#7828 = ( NAMED_UNIT(*) SI_UNIT($,.STERADIAN.) SOLID_ANGLE_UNIT() );
#7829 = UNCERTAINTY_MEASURE_WITH_UNIT(LENGTH_MEASURE(1.E-07),#7826,
  'distance_accuracy_value','confusion accuracy');
#7830 = CONTEXT_DEPENDENT_SHAPE_REPRESENTATION(#7831,#7833);
#7831 = ( REPRESENTATION_RELATIONSHIP('','',#7674,#10) 
REPRESENTATION_RELATIONSHIP_WITH_TRANSFORMATION(#7832) 
SHAPE_REPRESENTATION_RELATIONSHIP() );
#7832 = ITEM_DEFINED_TRANSFORMATION('','',#11,#83);
#7833 = PRODUCT_DEFINITION_SHAPE('Placement','Placement of an item',
  #7834);
#7834 = NEXT_ASSEMBLY_USAGE_OCCURRENCE('18','RF PA board PA7 (35x60)',''
  ,#5,#7669,$);
#7835 = PRODUCT_RELATED_PRODUCT_CATEGORY('part',$,(#7671));
#7836 = SHAPE_DEFINITION_REPRESENTATION(#7837,#7843);
#7837 = PRODUCT_DEFINITION_SHAPE('','',#7838);
#7838 = PRODUCT_DEFINITION('design','',#7839,#7842);
#7839 = PRODUCT_DEFINITION_FORMATION('','',#7840);
#7840 = PRODUCT('PA7 component envelope','PA7 component envelope','',(
    #7841));
#7841 = PRODUCT_CONTEXT('',#2,'mechanical');
#7842 = PRODUCT_DEFINITION_CONTEXT('part definition',#2,'design');
#7843 = ADVANCED_BREP_SHAPE_REPRESENTATION('',(#11,#7844),#7994);
#7844 = MANIFOLD_SOLID_BREP('',#7845);
#7845 = CLOSED_SHELL('',(#7846,#7886,#7926,#7948,#7970,#7982));
#7846 = ADVANCED_FACE('',(#7847),#7881,.F.);
#7847 = FACE_BOUND('',#7848,.F.);
#7848 = EDGE_LOOP('',(#7849,#7859,#7867,#7875));
#7849 = ORIENTED_EDGE('',*,*,#7850,.F.);
#7850 = EDGE_CURVE('',#7851,#7853,#7855,.T.);
#7851 = VERTEX_POINT('',#7852);
#7852 = CARTESIAN_POINT('',(160.5,22.6,96.));
#7853 = VERTEX_POINT('',#7854);
#7854 = CARTESIAN_POINT('',(160.5,22.6,146.));
#7855 = LINE('',#7856,#7857);
#7856 = CARTESIAN_POINT('',(160.5,22.6,96.));
#7857 = VECTOR('',#7858,1.);
#7858 = DIRECTION('',(0.,0.,1.));
#7859 = ORIENTED_EDGE('',*,*,#7860,.T.);
#7860 = EDGE_CURVE('',#7851,#7861,#7863,.T.);
#7861 = VERTEX_POINT('',#7862);
#7862 = CARTESIAN_POINT('',(160.5,32.6,96.));
#7863 = LINE('',#7864,#7865);
#7864 = CARTESIAN_POINT('',(160.5,22.6,96.));
#7865 = VECTOR('',#7866,1.);
#7866 = DIRECTION('',(-0.,1.,0.));
#7867 = ORIENTED_EDGE('',*,*,#7868,.T.);
#7868 = EDGE_CURVE('',#7861,#7869,#7871,.T.);
#7869 = VERTEX_POINT('',#7870);
#7870 = CARTESIAN_POINT('',(160.5,32.6,146.));
#7871 = LINE('',#7872,#7873);
#7872 = CARTESIAN_POINT('',(160.5,32.6,96.));
#7873 = VECTOR('',#7874,1.);
#7874 = DIRECTION('',(0.,0.,1.));
#7875 = ORIENTED_EDGE('',*,*,#7876,.F.);
#7876 = EDGE_CURVE('',#7853,#7869,#7877,.T.);
#7877 = LINE('',#7878,#7879);
#7878 = CARTESIAN_POINT('',(160.5,22.6,146.));
#7879 = VECTOR('',#7880,1.);
#7880 = DIRECTION('',(-0.,1.,0.));
#7881 = PLANE('',#7882);
#7882 = AXIS2_PLACEMENT_3D('',#7883,#7884,#7885);
#7883 = CARTESIAN_POINT('',(160.5,22.6,96.));
#7884 = DIRECTION('',(1.,0.,-0.));
#7885 = DIRECTION('',(0.,0.,1.));
#7886 = ADVANCED_FACE('',(#7887),#7921,.T.);
#7887 = FACE_BOUND('',#7888,.T.);
#7888 = EDGE_LOOP('',(#7889,#7899,#7907,#7915));
#7889 = ORIENTED_EDGE('',*,*,#7890,.F.);
#7890 = EDGE_CURVE('',#7891,#7893,#7895,.T.);
#7891 = VERTEX_POINT('',#7892);
#7892 = CARTESIAN_POINT('',(189.5,22.6,96.));
#7893 = VERTEX_POINT('',#7894);
#7894 = CARTESIAN_POINT('',(189.5,22.6,146.));
#7895 = LINE('',#7896,#7897);
#7896 = CARTESIAN_POINT('',(189.5,22.6,96.));
#7897 = VECTOR('',#7898,1.);
#7898 = DIRECTION('',(0.,0.,1.));
#7899 = ORIENTED_EDGE('',*,*,#7900,.T.);
#7900 = EDGE_CURVE('',#7891,#7901,#7903,.T.);
#7901 = VERTEX_POINT('',#7902);
#7902 = CARTESIAN_POINT('',(189.5,32.6,96.));
#7903 = LINE('',#7904,#7905);
#7904 = CARTESIAN_POINT('',(189.5,22.6,96.));
#7905 = VECTOR('',#7906,1.);
#7906 = DIRECTION('',(-0.,1.,0.));
#7907 = ORIENTED_EDGE('',*,*,#7908,.T.);
#7908 = EDGE_CURVE('',#7901,#7909,#7911,.T.);
#7909 = VERTEX_POINT('',#7910);
#7910 = CARTESIAN_POINT('',(189.5,32.6,146.));
#7911 = LINE('',#7912,#7913);
#7912 = CARTESIAN_POINT('',(189.5,32.6,96.));
#7913 = VECTOR('',#7914,1.);
#7914 = DIRECTION('',(0.,0.,1.));
#7915 = ORIENTED_EDGE('',*,*,#7916,.F.);
#7916 = EDGE_CURVE('',#7893,#7909,#7917,.T.);
#7917 = LINE('',#7918,#7919);
#7918 = CARTESIAN_POINT('',(189.5,22.6,146.));
#7919 = VECTOR('',#7920,1.);
#7920 = DIRECTION('',(-0.,1.,0.));
#7921 = PLANE('',#7922);
#7922 = AXIS2_PLACEMENT_3D('',#7923,#7924,#7925);
#7923 = CARTESIAN_POINT('',(189.5,22.6,96.));
#7924 = DIRECTION('',(1.,0.,-0.));
#7925 = DIRECTION('',(0.,0.,1.));
#7926 = ADVANCED_FACE('',(#7927),#7943,.F.);
#7927 = FACE_BOUND('',#7928,.F.);
#7928 = EDGE_LOOP('',(#7929,#7935,#7936,#7942));
#7929 = ORIENTED_EDGE('',*,*,#7930,.F.);
#7930 = EDGE_CURVE('',#7851,#7891,#7931,.T.);
#7931 = LINE('',#7932,#7933);
#7932 = CARTESIAN_POINT('',(160.5,22.6,96.));
#7933 = VECTOR('',#7934,1.);
#7934 = DIRECTION('',(1.,0.,-0.));
#7935 = ORIENTED_EDGE('',*,*,#7850,.T.);
#7936 = ORIENTED_EDGE('',*,*,#7937,.T.);
#7937 = EDGE_CURVE('',#7853,#7893,#7938,.T.);
#7938 = LINE('',#7939,#7940);
#7939 = CARTESIAN_POINT('',(160.5,22.6,146.));
#7940 = VECTOR('',#7941,1.);
#7941 = DIRECTION('',(1.,0.,-0.));
#7942 = ORIENTED_EDGE('',*,*,#7890,.F.);
#7943 = PLANE('',#7944);
#7944 = AXIS2_PLACEMENT_3D('',#7945,#7946,#7947);
#7945 = CARTESIAN_POINT('',(160.5,22.6,96.));
#7946 = DIRECTION('',(-0.,1.,0.));
#7947 = DIRECTION('',(0.,0.,1.));
#7948 = ADVANCED_FACE('',(#7949),#7965,.T.);
#7949 = FACE_BOUND('',#7950,.T.);
#7950 = EDGE_LOOP('',(#7951,#7957,#7958,#7964));
#7951 = ORIENTED_EDGE('',*,*,#7952,.F.);
#7952 = EDGE_CURVE('',#7861,#7901,#7953,.T.);
#7953 = LINE('',#7954,#7955);
#7954 = CARTESIAN_POINT('',(160.5,32.6,96.));
#7955 = VECTOR('',#7956,1.);
#7956 = DIRECTION('',(1.,0.,-0.));
#7957 = ORIENTED_EDGE('',*,*,#7868,.T.);
#7958 = ORIENTED_EDGE('',*,*,#7959,.T.);
#7959 = EDGE_CURVE('',#7869,#7909,#7960,.T.);
#7960 = LINE('',#7961,#7962);
#7961 = CARTESIAN_POINT('',(160.5,32.6,146.));
#7962 = VECTOR('',#7963,1.);
#7963 = DIRECTION('',(1.,0.,-0.));
#7964 = ORIENTED_EDGE('',*,*,#7908,.F.);
#7965 = PLANE('',#7966);
#7966 = AXIS2_PLACEMENT_3D('',#7967,#7968,#7969);
#7967 = CARTESIAN_POINT('',(160.5,32.6,96.));
#7968 = DIRECTION('',(-0.,1.,0.));
#7969 = DIRECTION('',(0.,0.,1.));
#7970 = ADVANCED_FACE('',(#7971),#7977,.F.);
#7971 = FACE_BOUND('',#7972,.F.);
#7972 = EDGE_LOOP('',(#7973,#7974,#7975,#7976));
#7973 = ORIENTED_EDGE('',*,*,#7860,.F.);
#7974 = ORIENTED_EDGE('',*,*,#7930,.T.);
#7975 = ORIENTED_EDGE('',*,*,#7900,.T.);
#7976 = ORIENTED_EDGE('',*,*,#7952,.F.);
#7977 = PLANE('',#7978);
#7978 = AXIS2_PLACEMENT_3D('',#7979,#7980,#7981);
#7979 = CARTESIAN_POINT('',(160.5,22.6,96.));
#7980 = DIRECTION('',(0.,0.,1.));
#7981 = DIRECTION('',(1.,0.,-0.));
#7982 = ADVANCED_FACE('',(#7983),#7989,.T.);
#7983 = FACE_BOUND('',#7984,.T.);
#7984 = EDGE_LOOP('',(#7985,#7986,#7987,#7988));
#7985 = ORIENTED_EDGE('',*,*,#7876,.F.);
#7986 = ORIENTED_EDGE('',*,*,#7937,.T.);
#7987 = ORIENTED_EDGE('',*,*,#7916,.T.);
#7988 = ORIENTED_EDGE('',*,*,#7959,.F.);
#7989 = PLANE('',#7990);
#7990 = AXIS2_PLACEMENT_3D('',#7991,#7992,#7993);
#7991 = CARTESIAN_POINT('',(160.5,22.6,146.));
#7992 = DIRECTION('',(0.,0.,1.));
#7993 = DIRECTION('',(1.,0.,-0.));
#7994 = ( GEOMETRIC_REPRESENTATION_CONTEXT(3) 
GLOBAL_UNCERTAINTY_ASSIGNED_CONTEXT((#7998)) 
GLOBAL_UNIT_ASSIGNED_CONTEXT((#7995,#7996,#7997)) REPRESENTATION_CONTEXT
('Context #1','3D Context with UNIT and UNCERTAINTY') );
#7995 = ( LENGTH_UNIT() NAMED_UNIT(*) SI_UNIT(.MILLI.,.METRE.) );
#7996 = ( NAMED_UNIT(*) PLANE_ANGLE_UNIT() SI_UNIT($,.RADIAN.) );
#7997 = ( NAMED_UNIT(*) SI_UNIT($,.STERADIAN.) SOLID_ANGLE_UNIT() );
#7998 = UNCERTAINTY_MEASURE_WITH_UNIT(LENGTH_MEASURE(1.E-07),#7995,
  'distance_accuracy_value','confusion accuracy');
#7999 = CONTEXT_DEPENDENT_SHAPE_REPRESENTATION(#8000,#8002);
#8000 = ( REPRESENTATION_RELATIONSHIP('','',#7843,#10) 
REPRESENTATION_RELATIONSHIP_WITH_TRANSFORMATION(#8001) 
SHAPE_REPRESENTATION_RELATIONSHIP() );
#8001 = ITEM_DEFINED_TRANSFORMATION('','',#11,#87);
#8002 = PRODUCT_DEFINITION_SHAPE('Placement','Placement of an item',
  #8003);
#8003 = NEXT_ASSEMBLY_USAGE_OCCURRENCE('19','PA7 component envelope','',
  #5,#7838,$);
#8004 = PRODUCT_RELATED_PRODUCT_CATEGORY('part',$,(#7840));
#8005 = SHAPE_DEFINITION_REPRESENTATION(#8006,#8012);
#8006 = PRODUCT_DEFINITION_SHAPE('','',#8007);
#8007 = PRODUCT_DEFINITION('design','',#8008,#8011);
#8008 = PRODUCT_DEFINITION_FORMATION('','',#8009);
#8009 = PRODUCT('RF PA board PA8 (35x60)','RF PA board PA8 (35x60)','',(
    #8010));
#8010 = PRODUCT_CONTEXT('',#2,'mechanical');
#8011 = PRODUCT_DEFINITION_CONTEXT('part definition',#2,'design');
#8012 = ADVANCED_BREP_SHAPE_REPRESENTATION('',(#11,#8013),#8163);
#8013 = MANIFOLD_SOLID_BREP('',#8014);
#8014 = CLOSED_SHELL('',(#8015,#8055,#8095,#8117,#8139,#8151));
#8015 = ADVANCED_FACE('',(#8016),#8050,.F.);
#8016 = FACE_BOUND('',#8017,.F.);
#8017 = EDGE_LOOP('',(#8018,#8028,#8036,#8044));
#8018 = ORIENTED_EDGE('',*,*,#8019,.F.);
#8019 = EDGE_CURVE('',#8020,#8022,#8024,.T.);
#8020 = VERTEX_POINT('',#8021);
#8021 = CARTESIAN_POINT('',(197.5,21.,91.));
#8022 = VERTEX_POINT('',#8023);
#8023 = CARTESIAN_POINT('',(197.5,21.,151.));
#8024 = LINE('',#8025,#8026);
#8025 = CARTESIAN_POINT('',(197.5,21.,91.));
#8026 = VECTOR('',#8027,1.);
#8027 = DIRECTION('',(0.,0.,1.));
#8028 = ORIENTED_EDGE('',*,*,#8029,.T.);
#8029 = EDGE_CURVE('',#8020,#8030,#8032,.T.);
#8030 = VERTEX_POINT('',#8031);
#8031 = CARTESIAN_POINT('',(197.5,22.6,91.));
#8032 = LINE('',#8033,#8034);
#8033 = CARTESIAN_POINT('',(197.5,21.,91.));
#8034 = VECTOR('',#8035,1.);
#8035 = DIRECTION('',(-0.,1.,0.));
#8036 = ORIENTED_EDGE('',*,*,#8037,.T.);
#8037 = EDGE_CURVE('',#8030,#8038,#8040,.T.);
#8038 = VERTEX_POINT('',#8039);
#8039 = CARTESIAN_POINT('',(197.5,22.6,151.));
#8040 = LINE('',#8041,#8042);
#8041 = CARTESIAN_POINT('',(197.5,22.6,91.));
#8042 = VECTOR('',#8043,1.);
#8043 = DIRECTION('',(0.,0.,1.));
#8044 = ORIENTED_EDGE('',*,*,#8045,.F.);
#8045 = EDGE_CURVE('',#8022,#8038,#8046,.T.);
#8046 = LINE('',#8047,#8048);
#8047 = CARTESIAN_POINT('',(197.5,21.,151.));
#8048 = VECTOR('',#8049,1.);
#8049 = DIRECTION('',(-0.,1.,0.));
#8050 = PLANE('',#8051);
#8051 = AXIS2_PLACEMENT_3D('',#8052,#8053,#8054);
#8052 = CARTESIAN_POINT('',(197.5,21.,91.));
#8053 = DIRECTION('',(1.,0.,-0.));
#8054 = DIRECTION('',(0.,0.,1.));
#8055 = ADVANCED_FACE('',(#8056),#8090,.T.);
#8056 = FACE_BOUND('',#8057,.T.);
#8057 = EDGE_LOOP('',(#8058,#8068,#8076,#8084));
#8058 = ORIENTED_EDGE('',*,*,#8059,.F.);
#8059 = EDGE_CURVE('',#8060,#8062,#8064,.T.);
#8060 = VERTEX_POINT('',#8061);
#8061 = CARTESIAN_POINT('',(232.5,21.,91.));
#8062 = VERTEX_POINT('',#8063);
#8063 = CARTESIAN_POINT('',(232.5,21.,151.));
#8064 = LINE('',#8065,#8066);
#8065 = CARTESIAN_POINT('',(232.5,21.,91.));
#8066 = VECTOR('',#8067,1.);
#8067 = DIRECTION('',(0.,0.,1.));
#8068 = ORIENTED_EDGE('',*,*,#8069,.T.);
#8069 = EDGE_CURVE('',#8060,#8070,#8072,.T.);
#8070 = VERTEX_POINT('',#8071);
#8071 = CARTESIAN_POINT('',(232.5,22.6,91.));
#8072 = LINE('',#8073,#8074);
#8073 = CARTESIAN_POINT('',(232.5,21.,91.));
#8074 = VECTOR('',#8075,1.);
#8075 = DIRECTION('',(-0.,1.,0.));
#8076 = ORIENTED_EDGE('',*,*,#8077,.T.);
#8077 = EDGE_CURVE('',#8070,#8078,#8080,.T.);
#8078 = VERTEX_POINT('',#8079);
#8079 = CARTESIAN_POINT('',(232.5,22.6,151.));
#8080 = LINE('',#8081,#8082);
#8081 = CARTESIAN_POINT('',(232.5,22.6,91.));
#8082 = VECTOR('',#8083,1.);
#8083 = DIRECTION('',(0.,0.,1.));
#8084 = ORIENTED_EDGE('',*,*,#8085,.F.);
#8085 = EDGE_CURVE('',#8062,#8078,#8086,.T.);
#8086 = LINE('',#8087,#8088);
#8087 = CARTESIAN_POINT('',(232.5,21.,151.));
#8088 = VECTOR('',#8089,1.);
#8089 = DIRECTION('',(-0.,1.,0.));
#8090 = PLANE('',#8091);
#8091 = AXIS2_PLACEMENT_3D('',#8092,#8093,#8094);
#8092 = CARTESIAN_POINT('',(232.5,21.,91.));
#8093 = DIRECTION('',(1.,0.,-0.));
#8094 = DIRECTION('',(0.,0.,1.));
#8095 = ADVANCED_FACE('',(#8096),#8112,.F.);
#8096 = FACE_BOUND('',#8097,.F.);
#8097 = EDGE_LOOP('',(#8098,#8104,#8105,#8111));
#8098 = ORIENTED_EDGE('',*,*,#8099,.F.);
#8099 = EDGE_CURVE('',#8020,#8060,#8100,.T.);
#8100 = LINE('',#8101,#8102);
#8101 = CARTESIAN_POINT('',(197.5,21.,91.));
#8102 = VECTOR('',#8103,1.);
#8103 = DIRECTION('',(1.,0.,-0.));
#8104 = ORIENTED_EDGE('',*,*,#8019,.T.);
#8105 = ORIENTED_EDGE('',*,*,#8106,.T.);
#8106 = EDGE_CURVE('',#8022,#8062,#8107,.T.);
#8107 = LINE('',#8108,#8109);
#8108 = CARTESIAN_POINT('',(197.5,21.,151.));
#8109 = VECTOR('',#8110,1.);
#8110 = DIRECTION('',(1.,0.,-0.));
#8111 = ORIENTED_EDGE('',*,*,#8059,.F.);
#8112 = PLANE('',#8113);
#8113 = AXIS2_PLACEMENT_3D('',#8114,#8115,#8116);
#8114 = CARTESIAN_POINT('',(197.5,21.,91.));
#8115 = DIRECTION('',(-0.,1.,0.));
#8116 = DIRECTION('',(0.,0.,1.));
#8117 = ADVANCED_FACE('',(#8118),#8134,.T.);
#8118 = FACE_BOUND('',#8119,.T.);
#8119 = EDGE_LOOP('',(#8120,#8126,#8127,#8133));
#8120 = ORIENTED_EDGE('',*,*,#8121,.F.);
#8121 = EDGE_CURVE('',#8030,#8070,#8122,.T.);
#8122 = LINE('',#8123,#8124);
#8123 = CARTESIAN_POINT('',(197.5,22.6,91.));
#8124 = VECTOR('',#8125,1.);
#8125 = DIRECTION('',(1.,0.,-0.));
#8126 = ORIENTED_EDGE('',*,*,#8037,.T.);
#8127 = ORIENTED_EDGE('',*,*,#8128,.T.);
#8128 = EDGE_CURVE('',#8038,#8078,#8129,.T.);
#8129 = LINE('',#8130,#8131);
#8130 = CARTESIAN_POINT('',(197.5,22.6,151.));
#8131 = VECTOR('',#8132,1.);
#8132 = DIRECTION('',(1.,0.,-0.));
#8133 = ORIENTED_EDGE('',*,*,#8077,.F.);
#8134 = PLANE('',#8135);
#8135 = AXIS2_PLACEMENT_3D('',#8136,#8137,#8138);
#8136 = CARTESIAN_POINT('',(197.5,22.6,91.));
#8137 = DIRECTION('',(-0.,1.,0.));
#8138 = DIRECTION('',(0.,0.,1.));
#8139 = ADVANCED_FACE('',(#8140),#8146,.F.);
#8140 = FACE_BOUND('',#8141,.F.);
#8141 = EDGE_LOOP('',(#8142,#8143,#8144,#8145));
#8142 = ORIENTED_EDGE('',*,*,#8029,.F.);
#8143 = ORIENTED_EDGE('',*,*,#8099,.T.);
#8144 = ORIENTED_EDGE('',*,*,#8069,.T.);
#8145 = ORIENTED_EDGE('',*,*,#8121,.F.);
#8146 = PLANE('',#8147);
#8147 = AXIS2_PLACEMENT_3D('',#8148,#8149,#8150);
#8148 = CARTESIAN_POINT('',(197.5,21.,91.));
#8149 = DIRECTION('',(0.,0.,1.));
#8150 = DIRECTION('',(1.,0.,-0.));
#8151 = ADVANCED_FACE('',(#8152),#8158,.T.);
#8152 = FACE_BOUND('',#8153,.T.);
#8153 = EDGE_LOOP('',(#8154,#8155,#8156,#8157));
#8154 = ORIENTED_EDGE('',*,*,#8045,.F.);
#8155 = ORIENTED_EDGE('',*,*,#8106,.T.);
#8156 = ORIENTED_EDGE('',*,*,#8085,.T.);
#8157 = ORIENTED_EDGE('',*,*,#8128,.F.);
#8158 = PLANE('',#8159);
#8159 = AXIS2_PLACEMENT_3D('',#8160,#8161,#8162);
#8160 = CARTESIAN_POINT('',(197.5,21.,151.));
#8161 = DIRECTION('',(0.,0.,1.));
#8162 = DIRECTION('',(1.,0.,-0.));
#8163 = ( GEOMETRIC_REPRESENTATION_CONTEXT(3) 
GLOBAL_UNCERTAINTY_ASSIGNED_CONTEXT((#8167)) 
GLOBAL_UNIT_ASSIGNED_CONTEXT((#8164,#8165,#8166)) REPRESENTATION_CONTEXT
('Context #1','3D Context with UNIT and UNCERTAINTY') );
#8164 = ( LENGTH_UNIT() NAMED_UNIT(*) SI_UNIT(.MILLI.,.METRE.) );
#8165 = ( NAMED_UNIT(*) PLANE_ANGLE_UNIT() SI_UNIT($,.RADIAN.) );
#8166 = ( NAMED_UNIT(*) SI_UNIT($,.STERADIAN.) SOLID_ANGLE_UNIT() );
#8167 = UNCERTAINTY_MEASURE_WITH_UNIT(LENGTH_MEASURE(1.E-07),#8164,
  'distance_accuracy_value','confusion accuracy');
#8168 = CONTEXT_DEPENDENT_SHAPE_REPRESENTATION(#8169,#8171);
#8169 = ( REPRESENTATION_RELATIONSHIP('','',#8012,#10) 
REPRESENTATION_RELATIONSHIP_WITH_TRANSFORMATION(#8170) 
SHAPE_REPRESENTATION_RELATIONSHIP() );
#8170 = ITEM_DEFINED_TRANSFORMATION('','',#11,#91);
#8171 = PRODUCT_DEFINITION_SHAPE('Placement','Placement of an item',
  #8172);
#8172 = NEXT_ASSEMBLY_USAGE_OCCURRENCE('20','RF PA board PA8 (35x60)',''
  ,#5,#8007,$);
#8173 = PRODUCT_RELATED_PRODUCT_CATEGORY('part',$,(#8009));
#8174 = SHAPE_DEFINITION_REPRESENTATION(#8175,#8181);
#8175 = PRODUCT_DEFINITION_SHAPE('','',#8176);
#8176 = PRODUCT_DEFINITION('design','',#8177,#8180);
#8177 = PRODUCT_DEFINITION_FORMATION('','',#8178);
#8178 = PRODUCT('PA8 component envelope','PA8 component envelope','',(
    #8179));
#8179 = PRODUCT_CONTEXT('',#2,'mechanical');
#8180 = PRODUCT_DEFINITION_CONTEXT('part definition',#2,'design');
#8181 = ADVANCED_BREP_SHAPE_REPRESENTATION('',(#11,#8182),#8332);
#8182 = MANIFOLD_SOLID_BREP('',#8183);
#8183 = CLOSED_SHELL('',(#8184,#8224,#8264,#8286,#8308,#8320));
#8184 = ADVANCED_FACE('',(#8185),#8219,.F.);
#8185 = FACE_BOUND('',#8186,.F.);
#8186 = EDGE_LOOP('',(#8187,#8197,#8205,#8213));
#8187 = ORIENTED_EDGE('',*,*,#8188,.F.);
#8188 = EDGE_CURVE('',#8189,#8191,#8193,.T.);
#8189 = VERTEX_POINT('',#8190);
#8190 = CARTESIAN_POINT('',(200.5,22.6,96.));
#8191 = VERTEX_POINT('',#8192);
#8192 = CARTESIAN_POINT('',(200.5,22.6,146.));
#8193 = LINE('',#8194,#8195);
#8194 = CARTESIAN_POINT('',(200.5,22.6,96.));
#8195 = VECTOR('',#8196,1.);
#8196 = DIRECTION('',(0.,0.,1.));
#8197 = ORIENTED_EDGE('',*,*,#8198,.T.);
#8198 = EDGE_CURVE('',#8189,#8199,#8201,.T.);
#8199 = VERTEX_POINT('',#8200);
#8200 = CARTESIAN_POINT('',(200.5,32.6,96.));
#8201 = LINE('',#8202,#8203);
#8202 = CARTESIAN_POINT('',(200.5,22.6,96.));
#8203 = VECTOR('',#8204,1.);
#8204 = DIRECTION('',(-0.,1.,0.));
#8205 = ORIENTED_EDGE('',*,*,#8206,.T.);
#8206 = EDGE_CURVE('',#8199,#8207,#8209,.T.);
#8207 = VERTEX_POINT('',#8208);
#8208 = CARTESIAN_POINT('',(200.5,32.6,146.));
#8209 = LINE('',#8210,#8211);
#8210 = CARTESIAN_POINT('',(200.5,32.6,96.));
#8211 = VECTOR('',#8212,1.);
#8212 = DIRECTION('',(0.,0.,1.));
#8213 = ORIENTED_EDGE('',*,*,#8214,.F.);
#8214 = EDGE_CURVE('',#8191,#8207,#8215,.T.);
#8215 = LINE('',#8216,#8217);
#8216 = CARTESIAN_POINT('',(200.5,22.6,146.));
#8217 = VECTOR('',#8218,1.);
#8218 = DIRECTION('',(-0.,1.,0.));
#8219 = PLANE('',#8220);
#8220 = AXIS2_PLACEMENT_3D('',#8221,#8222,#8223);
#8221 = CARTESIAN_POINT('',(200.5,22.6,96.));
#8222 = DIRECTION('',(1.,0.,-0.));
#8223 = DIRECTION('',(0.,0.,1.));
#8224 = ADVANCED_FACE('',(#8225),#8259,.T.);
#8225 = FACE_BOUND('',#8226,.T.);
#8226 = EDGE_LOOP('',(#8227,#8237,#8245,#8253));
#8227 = ORIENTED_EDGE('',*,*,#8228,.F.);
#8228 = EDGE_CURVE('',#8229,#8231,#8233,.T.);
#8229 = VERTEX_POINT('',#8230);
#8230 = CARTESIAN_POINT('',(229.5,22.6,96.));
#8231 = VERTEX_POINT('',#8232);
#8232 = CARTESIAN_POINT('',(229.5,22.6,146.));
#8233 = LINE('',#8234,#8235);
#8234 = CARTESIAN_POINT('',(229.5,22.6,96.));
#8235 = VECTOR('',#8236,1.);
#8236 = DIRECTION('',(0.,0.,1.));
#8237 = ORIENTED_EDGE('',*,*,#8238,.T.);
#8238 = EDGE_CURVE('',#8229,#8239,#8241,.T.);
#8239 = VERTEX_POINT('',#8240);
#8240 = CARTESIAN_POINT('',(229.5,32.6,96.));
#8241 = LINE('',#8242,#8243);
#8242 = CARTESIAN_POINT('',(229.5,22.6,96.));
#8243 = VECTOR('',#8244,1.);
#8244 = DIRECTION('',(-0.,1.,0.));
#8245 = ORIENTED_EDGE('',*,*,#8246,.T.);
#8246 = EDGE_CURVE('',#8239,#8247,#8249,.T.);
#8247 = VERTEX_POINT('',#8248);
#8248 = CARTESIAN_POINT('',(229.5,32.6,146.));
#8249 = LINE('',#8250,#8251);
#8250 = CARTESIAN_POINT('',(229.5,32.6,96.));
#8251 = VECTOR('',#8252,1.);
#8252 = DIRECTION('',(0.,0.,1.));
#8253 = ORIENTED_EDGE('',*,*,#8254,.F.);
#8254 = EDGE_CURVE('',#8231,#8247,#8255,.T.);
#8255 = LINE('',#8256,#8257);
#8256 = CARTESIAN_POINT('',(229.5,22.6,146.));
#8257 = VECTOR('',#8258,1.);
#8258 = DIRECTION('',(-0.,1.,0.));
#8259 = PLANE('',#8260);
#8260 = AXIS2_PLACEMENT_3D('',#8261,#8262,#8263);
#8261 = CARTESIAN_POINT('',(229.5,22.6,96.));
#8262 = DIRECTION('',(1.,0.,-0.));
#8263 = DIRECTION('',(0.,0.,1.));
#8264 = ADVANCED_FACE('',(#8265),#8281,.F.);
#8265 = FACE_BOUND('',#8266,.F.);
#8266 = EDGE_LOOP('',(#8267,#8273,#8274,#8280));
#8267 = ORIENTED_EDGE('',*,*,#8268,.F.);
#8268 = EDGE_CURVE('',#8189,#8229,#8269,.T.);
#8269 = LINE('',#8270,#8271);
#8270 = CARTESIAN_POINT('',(200.5,22.6,96.));
#8271 = VECTOR('',#8272,1.);
#8272 = DIRECTION('',(1.,0.,-0.));
#8273 = ORIENTED_EDGE('',*,*,#8188,.T.);
#8274 = ORIENTED_EDGE('',*,*,#8275,.T.);
#8275 = EDGE_CURVE('',#8191,#8231,#8276,.T.);
#8276 = LINE('',#8277,#8278);
#8277 = CARTESIAN_POINT('',(200.5,22.6,146.));
#8278 = VECTOR('',#8279,1.);
#8279 = DIRECTION('',(1.,0.,-0.));
#8280 = ORIENTED_EDGE('',*,*,#8228,.F.);
#8281 = PLANE('',#8282);
#8282 = AXIS2_PLACEMENT_3D('',#8283,#8284,#8285);
#8283 = CARTESIAN_POINT('',(200.5,22.6,96.));
#8284 = DIRECTION('',(-0.,1.,0.));
#8285 = DIRECTION('',(0.,0.,1.));
#8286 = ADVANCED_FACE('',(#8287),#8303,.T.);
#8287 = FACE_BOUND('',#8288,.T.);
#8288 = EDGE_LOOP('',(#8289,#8295,#8296,#8302));
#8289 = ORIENTED_EDGE('',*,*,#8290,.F.);
#8290 = EDGE_CURVE('',#8199,#8239,#8291,.T.);
#8291 = LINE('',#8292,#8293);
#8292 = CARTESIAN_POINT('',(200.5,32.6,96.));
#8293 = VECTOR('',#8294,1.);
#8294 = DIRECTION('',(1.,0.,-0.));
#8295 = ORIENTED_EDGE('',*,*,#8206,.T.);
#8296 = ORIENTED_EDGE('',*,*,#8297,.T.);
#8297 = EDGE_CURVE('',#8207,#8247,#8298,.T.);
#8298 = LINE('',#8299,#8300);
#8299 = CARTESIAN_POINT('',(200.5,32.6,146.));
#8300 = VECTOR('',#8301,1.);
#8301 = DIRECTION('',(1.,0.,-0.));
#8302 = ORIENTED_EDGE('',*,*,#8246,.F.);
#8303 = PLANE('',#8304);
#8304 = AXIS2_PLACEMENT_3D('',#8305,#8306,#8307);
#8305 = CARTESIAN_POINT('',(200.5,32.6,96.));
#8306 = DIRECTION('',(-0.,1.,0.));
#8307 = DIRECTION('',(0.,0.,1.));
#8308 = ADVANCED_FACE('',(#8309),#8315,.F.);
#8309 = FACE_BOUND('',#8310,.F.);
#8310 = EDGE_LOOP('',(#8311,#8312,#8313,#8314));
#8311 = ORIENTED_EDGE('',*,*,#8198,.F.);
#8312 = ORIENTED_EDGE('',*,*,#8268,.T.);
#8313 = ORIENTED_EDGE('',*,*,#8238,.T.);
#8314 = ORIENTED_EDGE('',*,*,#8290,.F.);
#8315 = PLANE('',#8316);
#8316 = AXIS2_PLACEMENT_3D('',#8317,#8318,#8319);
#8317 = CARTESIAN_POINT('',(200.5,22.6,96.));
#8318 = DIRECTION('',(0.,0.,1.));
#8319 = DIRECTION('',(1.,0.,-0.));
#8320 = ADVANCED_FACE('',(#8321),#8327,.T.);
#8321 = FACE_BOUND('',#8322,.T.);
#8322 = EDGE_LOOP('',(#8323,#8324,#8325,#8326));
#8323 = ORIENTED_EDGE('',*,*,#8214,.F.);
#8324 = ORIENTED_EDGE('',*,*,#8275,.T.);
#8325 = ORIENTED_EDGE('',*,*,#8254,.T.);
#8326 = ORIENTED_EDGE('',*,*,#8297,.F.);
#8327 = PLANE('',#8328);
#8328 = AXIS2_PLACEMENT_3D('',#8329,#8330,#8331);
#8329 = CARTESIAN_POINT('',(200.5,22.6,146.));
#8330 = DIRECTION('',(0.,0.,1.));
#8331 = DIRECTION('',(1.,0.,-0.));
#8332 = ( GEOMETRIC_REPRESENTATION_CONTEXT(3) 
GLOBAL_UNCERTAINTY_ASSIGNED_CONTEXT((#8336)) 
GLOBAL_UNIT_ASSIGNED_CONTEXT((#8333,#8334,#8335)) REPRESENTATION_CONTEXT
('Context #1','3D Context with UNIT and UNCERTAINTY') );
#8333 = ( LENGTH_UNIT() NAMED_UNIT(*) SI_UNIT(.MILLI.,.METRE.) );
#8334 = ( NAMED_UNIT(*) PLANE_ANGLE_UNIT() SI_UNIT($,.RADIAN.) );
#8335 = ( NAMED_UNIT(*) SI_UNIT($,.STERADIAN.) SOLID_ANGLE_UNIT() );
#8336 = UNCERTAINTY_MEASURE_WITH_UNIT(LENGTH_MEASURE(1.E-07),#8333,
  'distance_accuracy_value','confusion accuracy');
#8337 = CONTEXT_DEPENDENT_SHAPE_REPRESENTATION(#8338,#8340);
#8338 = ( REPRESENTATION_RELATIONSHIP('','',#8181,#10) 
REPRESENTATION_RELATIONSHIP_WITH_TRANSFORMATION(#8339) 
SHAPE_REPRESENTATION_RELATIONSHIP() );
#8339 = ITEM_DEFINED_TRANSFORMATION('','',#11,#95);
#8340 = PRODUCT_DEFINITION_SHAPE('Placement','Placement of an item',
  #8341);
#8341 = NEXT_ASSEMBLY_USAGE_OCCURRENCE('21','PA8 component envelope','',
  #5,#8176,$);
#8342 = PRODUCT_RELATED_PRODUCT_CATEGORY('part',$,(#8178));
#8343 = SHAPE_DEFINITION_REPRESENTATION(#8344,#8350);
#8344 = PRODUCT_DEFINITION_SHAPE('','',#8345);
#8345 = PRODUCT_DEFINITION('design','',#8346,#8349);
#8346 = PRODUCT_DEFINITION_FORMATION('','',#8347);
#8347 = PRODUCT('RF PA board PA9 (35x60)','RF PA board PA9 (35x60)','',(
    #8348));
#8348 = PRODUCT_CONTEXT('',#2,'mechanical');
#8349 = PRODUCT_DEFINITION_CONTEXT('part definition',#2,'design');
#8350 = ADVANCED_BREP_SHAPE_REPRESENTATION('',(#11,#8351),#8501);
#8351 = MANIFOLD_SOLID_BREP('',#8352);
#8352 = CLOSED_SHELL('',(#8353,#8393,#8433,#8455,#8477,#8489));
#8353 = ADVANCED_FACE('',(#8354),#8388,.F.);
#8354 = FACE_BOUND('',#8355,.F.);
#8355 = EDGE_LOOP('',(#8356,#8366,#8374,#8382));
#8356 = ORIENTED_EDGE('',*,*,#8357,.F.);
#8357 = EDGE_CURVE('',#8358,#8360,#8362,.T.);
#8358 = VERTEX_POINT('',#8359);
#8359 = CARTESIAN_POINT('',(77.5,21.,159.));
#8360 = VERTEX_POINT('',#8361);
#8361 = CARTESIAN_POINT('',(77.5,21.,219.));
#8362 = LINE('',#8363,#8364);
#8363 = CARTESIAN_POINT('',(77.5,21.,159.));
#8364 = VECTOR('',#8365,1.);
#8365 = DIRECTION('',(0.,0.,1.));
#8366 = ORIENTED_EDGE('',*,*,#8367,.T.);
#8367 = EDGE_CURVE('',#8358,#8368,#8370,.T.);
#8368 = VERTEX_POINT('',#8369);
#8369 = CARTESIAN_POINT('',(77.5,22.6,159.));
#8370 = LINE('',#8371,#8372);
#8371 = CARTESIAN_POINT('',(77.5,21.,159.));
#8372 = VECTOR('',#8373,1.);
#8373 = DIRECTION('',(-0.,1.,0.));
#8374 = ORIENTED_EDGE('',*,*,#8375,.T.);
#8375 = EDGE_CURVE('',#8368,#8376,#8378,.T.);
#8376 = VERTEX_POINT('',#8377);
#8377 = CARTESIAN_POINT('',(77.5,22.6,219.));
#8378 = LINE('',#8379,#8380);
#8379 = CARTESIAN_POINT('',(77.5,22.6,159.));
#8380 = VECTOR('',#8381,1.);
#8381 = DIRECTION('',(0.,0.,1.));
#8382 = ORIENTED_EDGE('',*,*,#8383,.F.);
#8383 = EDGE_CURVE('',#8360,#8376,#8384,.T.);
#8384 = LINE('',#8385,#8386);
#8385 = CARTESIAN_POINT('',(77.5,21.,219.));
#8386 = VECTOR('',#8387,1.);
#8387 = DIRECTION('',(-0.,1.,0.));
#8388 = PLANE('',#8389);
#8389 = AXIS2_PLACEMENT_3D('',#8390,#8391,#8392);
#8390 = CARTESIAN_POINT('',(77.5,21.,159.));
#8391 = DIRECTION('',(1.,0.,-0.));
#8392 = DIRECTION('',(0.,0.,1.));
#8393 = ADVANCED_FACE('',(#8394),#8428,.T.);
#8394 = FACE_BOUND('',#8395,.T.);
#8395 = EDGE_LOOP('',(#8396,#8406,#8414,#8422));
#8396 = ORIENTED_EDGE('',*,*,#8397,.F.);
#8397 = EDGE_CURVE('',#8398,#8400,#8402,.T.);
#8398 = VERTEX_POINT('',#8399);
#8399 = CARTESIAN_POINT('',(112.5,21.,159.));
#8400 = VERTEX_POINT('',#8401);
#8401 = CARTESIAN_POINT('',(112.5,21.,219.));
#8402 = LINE('',#8403,#8404);
#8403 = CARTESIAN_POINT('',(112.5,21.,159.));
#8404 = VECTOR('',#8405,1.);
#8405 = DIRECTION('',(0.,0.,1.));
#8406 = ORIENTED_EDGE('',*,*,#8407,.T.);
#8407 = EDGE_CURVE('',#8398,#8408,#8410,.T.);
#8408 = VERTEX_POINT('',#8409);
#8409 = CARTESIAN_POINT('',(112.5,22.6,159.));
#8410 = LINE('',#8411,#8412);
#8411 = CARTESIAN_POINT('',(112.5,21.,159.));
#8412 = VECTOR('',#8413,1.);
#8413 = DIRECTION('',(-0.,1.,0.));
#8414 = ORIENTED_EDGE('',*,*,#8415,.T.);
#8415 = EDGE_CURVE('',#8408,#8416,#8418,.T.);
#8416 = VERTEX_POINT('',#8417);
#8417 = CARTESIAN_POINT('',(112.5,22.6,219.));
#8418 = LINE('',#8419,#8420);
#8419 = CARTESIAN_POINT('',(112.5,22.6,159.));
#8420 = VECTOR('',#8421,1.);
#8421 = DIRECTION('',(0.,0.,1.));
#8422 = ORIENTED_EDGE('',*,*,#8423,.F.);
#8423 = EDGE_CURVE('',#8400,#8416,#8424,.T.);
#8424 = LINE('',#8425,#8426);
#8425 = CARTESIAN_POINT('',(112.5,21.,219.));
#8426 = VECTOR('',#8427,1.);
#8427 = DIRECTION('',(-0.,1.,0.));
#8428 = PLANE('',#8429);
#8429 = AXIS2_PLACEMENT_3D('',#8430,#8431,#8432);
#8430 = CARTESIAN_POINT('',(112.5,21.,159.));
#8431 = DIRECTION('',(1.,0.,-0.));
#8432 = DIRECTION('',(0.,0.,1.));
#8433 = ADVANCED_FACE('',(#8434),#8450,.F.);
#8434 = FACE_BOUND('',#8435,.F.);
#8435 = EDGE_LOOP('',(#8436,#8442,#8443,#8449));
#8436 = ORIENTED_EDGE('',*,*,#8437,.F.);
#8437 = EDGE_CURVE('',#8358,#8398,#8438,.T.);
#8438 = LINE('',#8439,#8440);
#8439 = CARTESIAN_POINT('',(77.5,21.,159.));
#8440 = VECTOR('',#8441,1.);
#8441 = DIRECTION('',(1.,0.,-0.));
#8442 = ORIENTED_EDGE('',*,*,#8357,.T.);
#8443 = ORIENTED_EDGE('',*,*,#8444,.T.);
#8444 = EDGE_CURVE('',#8360,#8400,#8445,.T.);
#8445 = LINE('',#8446,#8447);
#8446 = CARTESIAN_POINT('',(77.5,21.,219.));
#8447 = VECTOR('',#8448,1.);
#8448 = DIRECTION('',(1.,0.,-0.));
#8449 = ORIENTED_EDGE('',*,*,#8397,.F.);
#8450 = PLANE('',#8451);
#8451 = AXIS2_PLACEMENT_3D('',#8452,#8453,#8454);
#8452 = CARTESIAN_POINT('',(77.5,21.,159.));
#8453 = DIRECTION('',(-0.,1.,0.));
#8454 = DIRECTION('',(0.,0.,1.));
#8455 = ADVANCED_FACE('',(#8456),#8472,.T.);
#8456 = FACE_BOUND('',#8457,.T.);
#8457 = EDGE_LOOP('',(#8458,#8464,#8465,#8471));
#8458 = ORIENTED_EDGE('',*,*,#8459,.F.);
#8459 = EDGE_CURVE('',#8368,#8408,#8460,.T.);
#8460 = LINE('',#8461,#8462);
#8461 = CARTESIAN_POINT('',(77.5,22.6,159.));
#8462 = VECTOR('',#8463,1.);
#8463 = DIRECTION('',(1.,0.,-0.));
#8464 = ORIENTED_EDGE('',*,*,#8375,.T.);
#8465 = ORIENTED_EDGE('',*,*,#8466,.T.);
#8466 = EDGE_CURVE('',#8376,#8416,#8467,.T.);
#8467 = LINE('',#8468,#8469);
#8468 = CARTESIAN_POINT('',(77.5,22.6,219.));
#8469 = VECTOR('',#8470,1.);
#8470 = DIRECTION('',(1.,0.,-0.));
#8471 = ORIENTED_EDGE('',*,*,#8415,.F.);
#8472 = PLANE('',#8473);
#8473 = AXIS2_PLACEMENT_3D('',#8474,#8475,#8476);
#8474 = CARTESIAN_POINT('',(77.5,22.6,159.));
#8475 = DIRECTION('',(-0.,1.,0.));
#8476 = DIRECTION('',(0.,0.,1.));
#8477 = ADVANCED_FACE('',(#8478),#8484,.F.);
#8478 = FACE_BOUND('',#8479,.F.);
#8479 = EDGE_LOOP('',(#8480,#8481,#8482,#8483));
#8480 = ORIENTED_EDGE('',*,*,#8367,.F.);
#8481 = ORIENTED_EDGE('',*,*,#8437,.T.);
#8482 = ORIENTED_EDGE('',*,*,#8407,.T.);
#8483 = ORIENTED_EDGE('',*,*,#8459,.F.);
#8484 = PLANE('',#8485);
#8485 = AXIS2_PLACEMENT_3D('',#8486,#8487,#8488);
#8486 = CARTESIAN_POINT('',(77.5,21.,159.));
#8487 = DIRECTION('',(0.,0.,1.));
#8488 = DIRECTION('',(1.,0.,-0.));
#8489 = ADVANCED_FACE('',(#8490),#8496,.T.);
#8490 = FACE_BOUND('',#8491,.T.);
#8491 = EDGE_LOOP('',(#8492,#8493,#8494,#8495));
#8492 = ORIENTED_EDGE('',*,*,#8383,.F.);
#8493 = ORIENTED_EDGE('',*,*,#8444,.T.);
#8494 = ORIENTED_EDGE('',*,*,#8423,.T.);
#8495 = ORIENTED_EDGE('',*,*,#8466,.F.);
#8496 = PLANE('',#8497);
#8497 = AXIS2_PLACEMENT_3D('',#8498,#8499,#8500);
#8498 = CARTESIAN_POINT('',(77.5,21.,219.));
#8499 = DIRECTION('',(0.,0.,1.));
#8500 = DIRECTION('',(1.,0.,-0.));
#8501 = ( GEOMETRIC_REPRESENTATION_CONTEXT(3) 
GLOBAL_UNCERTAINTY_ASSIGNED_CONTEXT((#8505)) 
GLOBAL_UNIT_ASSIGNED_CONTEXT((#8502,#8503,#8504)) REPRESENTATION_CONTEXT
('Context #1','3D Context with UNIT and UNCERTAINTY') );
#8502 = ( LENGTH_UNIT() NAMED_UNIT(*) SI_UNIT(.MILLI.,.METRE.) );
#8503 = ( NAMED_UNIT(*) PLANE_ANGLE_UNIT() SI_UNIT($,.RADIAN.) );
#8504 = ( NAMED_UNIT(*) SI_UNIT($,.STERADIAN.) SOLID_ANGLE_UNIT() );
#8505 = UNCERTAINTY_MEASURE_WITH_UNIT(LENGTH_MEASURE(1.E-07),#8502,
  'distance_accuracy_value','confusion accuracy');
#8506 = CONTEXT_DEPENDENT_SHAPE_REPRESENTATION(#8507,#8509);
#8507 = ( REPRESENTATION_RELATIONSHIP('','',#8350,#10) 
REPRESENTATION_RELATIONSHIP_WITH_TRANSFORMATION(#8508) 
SHAPE_REPRESENTATION_RELATIONSHIP() );
#8508 = ITEM_DEFINED_TRANSFORMATION('','',#11,#99);
#8509 = PRODUCT_DEFINITION_SHAPE('Placement','Placement of an item',
  #8510);
#8510 = NEXT_ASSEMBLY_USAGE_OCCURRENCE('22','RF PA board PA9 (35x60)',''
  ,#5,#8345,$);
#8511 = PRODUCT_RELATED_PRODUCT_CATEGORY('part',$,(#8347));
#8512 = SHAPE_DEFINITION_REPRESENTATION(#8513,#8519);
#8513 = PRODUCT_DEFINITION_SHAPE('','',#8514);
#8514 = PRODUCT_DEFINITION('design','',#8515,#8518);
#8515 = PRODUCT_DEFINITION_FORMATION('','',#8516);
#8516 = PRODUCT('PA9 component envelope','PA9 component envelope','',(
    #8517));
#8517 = PRODUCT_CONTEXT('',#2,'mechanical');
#8518 = PRODUCT_DEFINITION_CONTEXT('part definition',#2,'design');
#8519 = ADVANCED_BREP_SHAPE_REPRESENTATION('',(#11,#8520),#8670);
#8520 = MANIFOLD_SOLID_BREP('',#8521);
#8521 = CLOSED_SHELL('',(#8522,#8562,#8602,#8624,#8646,#8658));
#8522 = ADVANCED_FACE('',(#8523),#8557,.F.);
#8523 = FACE_BOUND('',#8524,.F.);
#8524 = EDGE_LOOP('',(#8525,#8535,#8543,#8551));
#8525 = ORIENTED_EDGE('',*,*,#8526,.F.);
#8526 = EDGE_CURVE('',#8527,#8529,#8531,.T.);
#8527 = VERTEX_POINT('',#8528);
#8528 = CARTESIAN_POINT('',(80.5,22.6,164.));
#8529 = VERTEX_POINT('',#8530);
#8530 = CARTESIAN_POINT('',(80.5,22.6,214.));
#8531 = LINE('',#8532,#8533);
#8532 = CARTESIAN_POINT('',(80.5,22.6,164.));
#8533 = VECTOR('',#8534,1.);
#8534 = DIRECTION('',(0.,0.,1.));
#8535 = ORIENTED_EDGE('',*,*,#8536,.T.);
#8536 = EDGE_CURVE('',#8527,#8537,#8539,.T.);
#8537 = VERTEX_POINT('',#8538);
#8538 = CARTESIAN_POINT('',(80.5,32.6,164.));
#8539 = LINE('',#8540,#8541);
#8540 = CARTESIAN_POINT('',(80.5,22.6,164.));
#8541 = VECTOR('',#8542,1.);
#8542 = DIRECTION('',(-0.,1.,0.));
#8543 = ORIENTED_EDGE('',*,*,#8544,.T.);
#8544 = EDGE_CURVE('',#8537,#8545,#8547,.T.);
#8545 = VERTEX_POINT('',#8546);
#8546 = CARTESIAN_POINT('',(80.5,32.6,214.));
#8547 = LINE('',#8548,#8549);
#8548 = CARTESIAN_POINT('',(80.5,32.6,164.));
#8549 = VECTOR('',#8550,1.);
#8550 = DIRECTION('',(0.,0.,1.));
#8551 = ORIENTED_EDGE('',*,*,#8552,.F.);
#8552 = EDGE_CURVE('',#8529,#8545,#8553,.T.);
#8553 = LINE('',#8554,#8555);
#8554 = CARTESIAN_POINT('',(80.5,22.6,214.));
#8555 = VECTOR('',#8556,1.);
#8556 = DIRECTION('',(-0.,1.,0.));
#8557 = PLANE('',#8558);
#8558 = AXIS2_PLACEMENT_3D('',#8559,#8560,#8561);
#8559 = CARTESIAN_POINT('',(80.5,22.6,164.));
#8560 = DIRECTION('',(1.,0.,-0.));
#8561 = DIRECTION('',(0.,0.,1.));
#8562 = ADVANCED_FACE('',(#8563),#8597,.T.);
#8563 = FACE_BOUND('',#8564,.T.);
#8564 = EDGE_LOOP('',(#8565,#8575,#8583,#8591));
#8565 = ORIENTED_EDGE('',*,*,#8566,.F.);
#8566 = EDGE_CURVE('',#8567,#8569,#8571,.T.);
#8567 = VERTEX_POINT('',#8568);
#8568 = CARTESIAN_POINT('',(109.5,22.6,164.));
#8569 = VERTEX_POINT('',#8570);
#8570 = CARTESIAN_POINT('',(109.5,22.6,214.));
#8571 = LINE('',#8572,#8573);
#8572 = CARTESIAN_POINT('',(109.5,22.6,164.));
#8573 = VECTOR('',#8574,1.);
#8574 = DIRECTION('',(0.,0.,1.));
#8575 = ORIENTED_EDGE('',*,*,#8576,.T.);
#8576 = EDGE_CURVE('',#8567,#8577,#8579,.T.);
#8577 = VERTEX_POINT('',#8578);
#8578 = CARTESIAN_POINT('',(109.5,32.6,164.));
#8579 = LINE('',#8580,#8581);
#8580 = CARTESIAN_POINT('',(109.5,22.6,164.));
#8581 = VECTOR('',#8582,1.);
#8582 = DIRECTION('',(-0.,1.,0.));
#8583 = ORIENTED_EDGE('',*,*,#8584,.T.);
#8584 = EDGE_CURVE('',#8577,#8585,#8587,.T.);
#8585 = VERTEX_POINT('',#8586);
#8586 = CARTESIAN_POINT('',(109.5,32.6,214.));
#8587 = LINE('',#8588,#8589);
#8588 = CARTESIAN_POINT('',(109.5,32.6,164.));
#8589 = VECTOR('',#8590,1.);
#8590 = DIRECTION('',(0.,0.,1.));
#8591 = ORIENTED_EDGE('',*,*,#8592,.F.);
#8592 = EDGE_CURVE('',#8569,#8585,#8593,.T.);
#8593 = LINE('',#8594,#8595);
#8594 = CARTESIAN_POINT('',(109.5,22.6,214.));
#8595 = VECTOR('',#8596,1.);
#8596 = DIRECTION('',(-0.,1.,0.));
#8597 = PLANE('',#8598);
#8598 = AXIS2_PLACEMENT_3D('',#8599,#8600,#8601);
#8599 = CARTESIAN_POINT('',(109.5,22.6,164.));
#8600 = DIRECTION('',(1.,0.,-0.));
#8601 = DIRECTION('',(0.,0.,1.));
#8602 = ADVANCED_FACE('',(#8603),#8619,.F.);
#8603 = FACE_BOUND('',#8604,.F.);
#8604 = EDGE_LOOP('',(#8605,#8611,#8612,#8618));
#8605 = ORIENTED_EDGE('',*,*,#8606,.F.);
#8606 = EDGE_CURVE('',#8527,#8567,#8607,.T.);
#8607 = LINE('',#8608,#8609);
#8608 = CARTESIAN_POINT('',(80.5,22.6,164.));
#8609 = VECTOR('',#8610,1.);
#8610 = DIRECTION('',(1.,0.,-0.));
#8611 = ORIENTED_EDGE('',*,*,#8526,.T.);
#8612 = ORIENTED_EDGE('',*,*,#8613,.T.);
#8613 = EDGE_CURVE('',#8529,#8569,#8614,.T.);
#8614 = LINE('',#8615,#8616);
#8615 = CARTESIAN_POINT('',(80.5,22.6,214.));
#8616 = VECTOR('',#8617,1.);
#8617 = DIRECTION('',(1.,0.,-0.));
#8618 = ORIENTED_EDGE('',*,*,#8566,.F.);
#8619 = PLANE('',#8620);
#8620 = AXIS2_PLACEMENT_3D('',#8621,#8622,#8623);
#8621 = CARTESIAN_POINT('',(80.5,22.6,164.));
#8622 = DIRECTION('',(-0.,1.,0.));
#8623 = DIRECTION('',(0.,0.,1.));
#8624 = ADVANCED_FACE('',(#8625),#8641,.T.);
#8625 = FACE_BOUND('',#8626,.T.);
#8626 = EDGE_LOOP('',(#8627,#8633,#8634,#8640));
#8627 = ORIENTED_EDGE('',*,*,#8628,.F.);
#8628 = EDGE_CURVE('',#8537,#8577,#8629,.T.);
#8629 = LINE('',#8630,#8631);
#8630 = CARTESIAN_POINT('',(80.5,32.6,164.));
#8631 = VECTOR('',#8632,1.);
#8632 = DIRECTION('',(1.,0.,-0.));
#8633 = ORIENTED_EDGE('',*,*,#8544,.T.);
#8634 = ORIENTED_EDGE('',*,*,#8635,.T.);
#8635 = EDGE_CURVE('',#8545,#8585,#8636,.T.);
#8636 = LINE('',#8637,#8638);
#8637 = CARTESIAN_POINT('',(80.5,32.6,214.));
#8638 = VECTOR('',#8639,1.);
#8639 = DIRECTION('',(1.,0.,-0.));
#8640 = ORIENTED_EDGE('',*,*,#8584,.F.);
#8641 = PLANE('',#8642);
#8642 = AXIS2_PLACEMENT_3D('',#8643,#8644,#8645);
#8643 = CARTESIAN_POINT('',(80.5,32.6,164.));
#8644 = DIRECTION('',(-0.,1.,0.));
#8645 = DIRECTION('',(0.,0.,1.));
#8646 = ADVANCED_FACE('',(#8647),#8653,.F.);
#8647 = FACE_BOUND('',#8648,.F.);
#8648 = EDGE_LOOP('',(#8649,#8650,#8651,#8652));
#8649 = ORIENTED_EDGE('',*,*,#8536,.F.);
#8650 = ORIENTED_EDGE('',*,*,#8606,.T.);
#8651 = ORIENTED_EDGE('',*,*,#8576,.T.);
#8652 = ORIENTED_EDGE('',*,*,#8628,.F.);
#8653 = PLANE('',#8654);
#8654 = AXIS2_PLACEMENT_3D('',#8655,#8656,#8657);
#8655 = CARTESIAN_POINT('',(80.5,22.6,164.));
#8656 = DIRECTION('',(0.,0.,1.));
#8657 = DIRECTION('',(1.,0.,-0.));
#8658 = ADVANCED_FACE('',(#8659),#8665,.T.);
#8659 = FACE_BOUND('',#8660,.T.);
#8660 = EDGE_LOOP('',(#8661,#8662,#8663,#8664));
#8661 = ORIENTED_EDGE('',*,*,#8552,.F.);
#8662 = ORIENTED_EDGE('',*,*,#8613,.T.);
#8663 = ORIENTED_EDGE('',*,*,#8592,.T.);
#8664 = ORIENTED_EDGE('',*,*,#8635,.F.);
#8665 = PLANE('',#8666);
#8666 = AXIS2_PLACEMENT_3D('',#8667,#8668,#8669);
#8667 = CARTESIAN_POINT('',(80.5,22.6,214.));
#8668 = DIRECTION('',(0.,0.,1.));
#8669 = DIRECTION('',(1.,0.,-0.));
#8670 = ( GEOMETRIC_REPRESENTATION_CONTEXT(3) 
GLOBAL_UNCERTAINTY_ASSIGNED_CONTEXT((#8674)) 
GLOBAL_UNIT_ASSIGNED_CONTEXT((#8671,#8672,#8673)) REPRESENTATION_CONTEXT
('Context #1','3D Context with UNIT and UNCERTAINTY') );
#8671 = ( LENGTH_UNIT() NAMED_UNIT(*) SI_UNIT(.MILLI.,.METRE.) );
#8672 = ( NAMED_UNIT(*) PLANE_ANGLE_UNIT() SI_UNIT($,.RADIAN.) );
#8673 = ( NAMED_UNIT(*) SI_UNIT($,.STERADIAN.) SOLID_ANGLE_UNIT() );
#8674 = UNCERTAINTY_MEASURE_WITH_UNIT(LENGTH_MEASURE(1.E-07),#8671,
  'distance_accuracy_value','confusion accuracy');
#8675 = CONTEXT_DEPENDENT_SHAPE_REPRESENTATION(#8676,#8678);
#8676 = ( REPRESENTATION_RELATIONSHIP('','',#8519,#10) 
REPRESENTATION_RELATIONSHIP_WITH_TRANSFORMATION(#8677) 
SHAPE_REPRESENTATION_RELATIONSHIP() );
#8677 = ITEM_DEFINED_TRANSFORMATION('','',#11,#103);
#8678 = PRODUCT_DEFINITION_SHAPE('Placement','Placement of an item',
  #8679);
#8679 = NEXT_ASSEMBLY_USAGE_OCCURRENCE('23','PA9 component envelope','',
  #5,#8514,$);
#8680 = PRODUCT_RELATED_PRODUCT_CATEGORY('part',$,(#8516));
#8681 = SHAPE_DEFINITION_REPRESENTATION(#8682,#8688);
#8682 = PRODUCT_DEFINITION_SHAPE('','',#8683);
#8683 = PRODUCT_DEFINITION('design','',#8684,#8687);
#8684 = PRODUCT_DEFINITION_FORMATION('','',#8685);
#8685 = PRODUCT('RF PA board PA10 (35x60)','RF PA board PA10 (35x60)',''
  ,(#8686));
#8686 = PRODUCT_CONTEXT('',#2,'mechanical');
#8687 = PRODUCT_DEFINITION_CONTEXT('part definition',#2,'design');
#8688 = ADVANCED_BREP_SHAPE_REPRESENTATION('',(#11,#8689),#8839);
#8689 = MANIFOLD_SOLID_BREP('',#8690);
#8690 = CLOSED_SHELL('',(#8691,#8731,#8771,#8793,#8815,#8827));
#8691 = ADVANCED_FACE('',(#8692),#8726,.F.);
#8692 = FACE_BOUND('',#8693,.F.);
#8693 = EDGE_LOOP('',(#8694,#8704,#8712,#8720));
#8694 = ORIENTED_EDGE('',*,*,#8695,.F.);
#8695 = EDGE_CURVE('',#8696,#8698,#8700,.T.);
#8696 = VERTEX_POINT('',#8697);
#8697 = CARTESIAN_POINT('',(117.5,21.,159.));
#8698 = VERTEX_POINT('',#8699);
#8699 = CARTESIAN_POINT('',(117.5,21.,219.));
#8700 = LINE('',#8701,#8702);
#8701 = CARTESIAN_POINT('',(117.5,21.,159.));
#8702 = VECTOR('',#8703,1.);
#8703 = DIRECTION('',(0.,0.,1.));
#8704 = ORIENTED_EDGE('',*,*,#8705,.T.);
#8705 = EDGE_CURVE('',#8696,#8706,#8708,.T.);
#8706 = VERTEX_POINT('',#8707);
#8707 = CARTESIAN_POINT('',(117.5,22.6,159.));
#8708 = LINE('',#8709,#8710);
#8709 = CARTESIAN_POINT('',(117.5,21.,159.));
#8710 = VECTOR('',#8711,1.);
#8711 = DIRECTION('',(-0.,1.,0.));
#8712 = ORIENTED_EDGE('',*,*,#8713,.T.);
#8713 = EDGE_CURVE('',#8706,#8714,#8716,.T.);
#8714 = VERTEX_POINT('',#8715);
#8715 = CARTESIAN_POINT('',(117.5,22.6,219.));
#8716 = LINE('',#8717,#8718);
#8717 = CARTESIAN_POINT('',(117.5,22.6,159.));
#8718 = VECTOR('',#8719,1.);
#8719 = DIRECTION('',(0.,0.,1.));
#8720 = ORIENTED_EDGE('',*,*,#8721,.F.);
#8721 = EDGE_CURVE('',#8698,#8714,#8722,.T.);
#8722 = LINE('',#8723,#8724);
#8723 = CARTESIAN_POINT('',(117.5,21.,219.));
#8724 = VECTOR('',#8725,1.);
#8725 = DIRECTION('',(-0.,1.,0.));
#8726 = PLANE('',#8727);
#8727 = AXIS2_PLACEMENT_3D('',#8728,#8729,#8730);
#8728 = CARTESIAN_POINT('',(117.5,21.,159.));
#8729 = DIRECTION('',(1.,0.,-0.));
#8730 = DIRECTION('',(0.,0.,1.));
#8731 = ADVANCED_FACE('',(#8732),#8766,.T.);
#8732 = FACE_BOUND('',#8733,.T.);
#8733 = EDGE_LOOP('',(#8734,#8744,#8752,#8760));
#8734 = ORIENTED_EDGE('',*,*,#8735,.F.);
#8735 = EDGE_CURVE('',#8736,#8738,#8740,.T.);
#8736 = VERTEX_POINT('',#8737);
#8737 = CARTESIAN_POINT('',(152.5,21.,159.));
#8738 = VERTEX_POINT('',#8739);
#8739 = CARTESIAN_POINT('',(152.5,21.,219.));
#8740 = LINE('',#8741,#8742);
#8741 = CARTESIAN_POINT('',(152.5,21.,159.));
#8742 = VECTOR('',#8743,1.);
#8743 = DIRECTION('',(0.,0.,1.));
#8744 = ORIENTED_EDGE('',*,*,#8745,.T.);
#8745 = EDGE_CURVE('',#8736,#8746,#8748,.T.);
#8746 = VERTEX_POINT('',#8747);
#8747 = CARTESIAN_POINT('',(152.5,22.6,159.));
#8748 = LINE('',#8749,#8750);
#8749 = CARTESIAN_POINT('',(152.5,21.,159.));
#8750 = VECTOR('',#8751,1.);
#8751 = DIRECTION('',(-0.,1.,0.));
#8752 = ORIENTED_EDGE('',*,*,#8753,.T.);
#8753 = EDGE_CURVE('',#8746,#8754,#8756,.T.);
#8754 = VERTEX_POINT('',#8755);
#8755 = CARTESIAN_POINT('',(152.5,22.6,219.));
#8756 = LINE('',#8757,#8758);
#8757 = CARTESIAN_POINT('',(152.5,22.6,159.));
#8758 = VECTOR('',#8759,1.);
#8759 = DIRECTION('',(0.,0.,1.));
#8760 = ORIENTED_EDGE('',*,*,#8761,.F.);
#8761 = EDGE_CURVE('',#8738,#8754,#8762,.T.);
#8762 = LINE('',#8763,#8764);
#8763 = CARTESIAN_POINT('',(152.5,21.,219.));
#8764 = VECTOR('',#8765,1.);
#8765 = DIRECTION('',(-0.,1.,0.));
#8766 = PLANE('',#8767);
#8767 = AXIS2_PLACEMENT_3D('',#8768,#8769,#8770);
#8768 = CARTESIAN_POINT('',(152.5,21.,159.));
#8769 = DIRECTION('',(1.,0.,-0.));
#8770 = DIRECTION('',(0.,0.,1.));
#8771 = ADVANCED_FACE('',(#8772),#8788,.F.);
#8772 = FACE_BOUND('',#8773,.F.);
#8773 = EDGE_LOOP('',(#8774,#8780,#8781,#8787));
#8774 = ORIENTED_EDGE('',*,*,#8775,.F.);
#8775 = EDGE_CURVE('',#8696,#8736,#8776,.T.);
#8776 = LINE('',#8777,#8778);
#8777 = CARTESIAN_POINT('',(117.5,21.,159.));
#8778 = VECTOR('',#8779,1.);
#8779 = DIRECTION('',(1.,0.,-0.));
#8780 = ORIENTED_EDGE('',*,*,#8695,.T.);
#8781 = ORIENTED_EDGE('',*,*,#8782,.T.);
#8782 = EDGE_CURVE('',#8698,#8738,#8783,.T.);
#8783 = LINE('',#8784,#8785);
#8784 = CARTESIAN_POINT('',(117.5,21.,219.));
#8785 = VECTOR('',#8786,1.);
#8786 = DIRECTION('',(1.,0.,-0.));
#8787 = ORIENTED_EDGE('',*,*,#8735,.F.);
#8788 = PLANE('',#8789);
#8789 = AXIS2_PLACEMENT_3D('',#8790,#8791,#8792);
#8790 = CARTESIAN_POINT('',(117.5,21.,159.));
#8791 = DIRECTION('',(-0.,1.,0.));
#8792 = DIRECTION('',(0.,0.,1.));
#8793 = ADVANCED_FACE('',(#8794),#8810,.T.);
#8794 = FACE_BOUND('',#8795,.T.);
#8795 = EDGE_LOOP('',(#8796,#8802,#8803,#8809));
#8796 = ORIENTED_EDGE('',*,*,#8797,.F.);
#8797 = EDGE_CURVE('',#8706,#8746,#8798,.T.);
#8798 = LINE('',#8799,#8800);
#8799 = CARTESIAN_POINT('',(117.5,22.6,159.));
#8800 = VECTOR('',#8801,1.);
#8801 = DIRECTION('',(1.,0.,-0.));
#8802 = ORIENTED_EDGE('',*,*,#8713,.T.);
#8803 = ORIENTED_EDGE('',*,*,#8804,.T.);
#8804 = EDGE_CURVE('',#8714,#8754,#8805,.T.);
#8805 = LINE('',#8806,#8807);
#8806 = CARTESIAN_POINT('',(117.5,22.6,219.));
#8807 = VECTOR('',#8808,1.);
#8808 = DIRECTION('',(1.,0.,-0.));
#8809 = ORIENTED_EDGE('',*,*,#8753,.F.);
#8810 = PLANE('',#8811);
#8811 = AXIS2_PLACEMENT_3D('',#8812,#8813,#8814);
#8812 = CARTESIAN_POINT('',(117.5,22.6,159.));
#8813 = DIRECTION('',(-0.,1.,0.));
#8814 = DIRECTION('',(0.,0.,1.));
#8815 = ADVANCED_FACE('',(#8816),#8822,.F.);
#8816 = FACE_BOUND('',#8817,.F.);
#8817 = EDGE_LOOP('',(#8818,#8819,#8820,#8821));
#8818 = ORIENTED_EDGE('',*,*,#8705,.F.);
#8819 = ORIENTED_EDGE('',*,*,#8775,.T.);
#8820 = ORIENTED_EDGE('',*,*,#8745,.T.);
#8821 = ORIENTED_EDGE('',*,*,#8797,.F.);
#8822 = PLANE('',#8823);
#8823 = AXIS2_PLACEMENT_3D('',#8824,#8825,#8826);
#8824 = CARTESIAN_POINT('',(117.5,21.,159.));
#8825 = DIRECTION('',(0.,0.,1.));
#8826 = DIRECTION('',(1.,0.,-0.));
#8827 = ADVANCED_FACE('',(#8828),#8834,.T.);
#8828 = FACE_BOUND('',#8829,.T.);
#8829 = EDGE_LOOP('',(#8830,#8831,#8832,#8833));
#8830 = ORIENTED_EDGE('',*,*,#8721,.F.);
#8831 = ORIENTED_EDGE('',*,*,#8782,.T.);
#8832 = ORIENTED_EDGE('',*,*,#8761,.T.);
#8833 = ORIENTED_EDGE('',*,*,#8804,.F.);
#8834 = PLANE('',#8835);
#8835 = AXIS2_PLACEMENT_3D('',#8836,#8837,#8838);
#8836 = CARTESIAN_POINT('',(117.5,21.,219.));
#8837 = DIRECTION('',(0.,0.,1.));
#8838 = DIRECTION('',(1.,0.,-0.));
#8839 = ( GEOMETRIC_REPRESENTATION_CONTEXT(3) 
GLOBAL_UNCERTAINTY_ASSIGNED_CONTEXT((#8843)) 
GLOBAL_UNIT_ASSIGNED_CONTEXT((#8840,#8841,#8842)) REPRESENTATION_CONTEXT
('Context #1','3D Context with UNIT and UNCERTAINTY') );
#8840 = ( LENGTH_UNIT() NAMED_UNIT(*) SI_UNIT(.MILLI.,.METRE.) );
#8841 = ( NAMED_UNIT(*) PLANE_ANGLE_UNIT() SI_UNIT($,.RADIAN.) );
#8842 = ( NAMED_UNIT(*) SI_UNIT($,.STERADIAN.) SOLID_ANGLE_UNIT() );
#8843 = UNCERTAINTY_MEASURE_WITH_UNIT(LENGTH_MEASURE(1.E-07),#8840,
  'distance_accuracy_value','confusion accuracy');
#8844 = CONTEXT_DEPENDENT_SHAPE_REPRESENTATION(#8845,#8847);
#8845 = ( REPRESENTATION_RELATIONSHIP('','',#8688,#10) 
REPRESENTATION_RELATIONSHIP_WITH_TRANSFORMATION(#8846) 
SHAPE_REPRESENTATION_RELATIONSHIP() );
#8846 = ITEM_DEFINED_TRANSFORMATION('','',#11,#107);
#8847 = PRODUCT_DEFINITION_SHAPE('Placement','Placement of an item',
  #8848);
#8848 = NEXT_ASSEMBLY_USAGE_OCCURRENCE('24','RF PA board PA10 (35x60)',
  '',#5,#8683,$);
#8849 = PRODUCT_RELATED_PRODUCT_CATEGORY('part',$,(#8685));
#8850 = SHAPE_DEFINITION_REPRESENTATION(#8851,#8857);
#8851 = PRODUCT_DEFINITION_SHAPE('','',#8852);
#8852 = PRODUCT_DEFINITION('design','',#8853,#8856);
#8853 = PRODUCT_DEFINITION_FORMATION('','',#8854);
#8854 = PRODUCT('PA10 component envelope','PA10 component envelope','',(
    #8855));
#8855 = PRODUCT_CONTEXT('',#2,'mechanical');
#8856 = PRODUCT_DEFINITION_CONTEXT('part definition',#2,'design');
#8857 = ADVANCED_BREP_SHAPE_REPRESENTATION('',(#11,#8858),#9008);
#8858 = MANIFOLD_SOLID_BREP('',#8859);
#8859 = CLOSED_SHELL('',(#8860,#8900,#8940,#8962,#8984,#8996));
#8860 = ADVANCED_FACE('',(#8861),#8895,.F.);
#8861 = FACE_BOUND('',#8862,.F.);
#8862 = EDGE_LOOP('',(#8863,#8873,#8881,#8889));
#8863 = ORIENTED_EDGE('',*,*,#8864,.F.);
#8864 = EDGE_CURVE('',#8865,#8867,#8869,.T.);
#8865 = VERTEX_POINT('',#8866);
#8866 = CARTESIAN_POINT('',(120.5,22.6,164.));
#8867 = VERTEX_POINT('',#8868);
#8868 = CARTESIAN_POINT('',(120.5,22.6,214.));
#8869 = LINE('',#8870,#8871);
#8870 = CARTESIAN_POINT('',(120.5,22.6,164.));
#8871 = VECTOR('',#8872,1.);
#8872 = DIRECTION('',(0.,0.,1.));
#8873 = ORIENTED_EDGE('',*,*,#8874,.T.);
#8874 = EDGE_CURVE('',#8865,#8875,#8877,.T.);
#8875 = VERTEX_POINT('',#8876);
#8876 = CARTESIAN_POINT('',(120.5,32.6,164.));
#8877 = LINE('',#8878,#8879);
#8878 = CARTESIAN_POINT('',(120.5,22.6,164.));
#8879 = VECTOR('',#8880,1.);
#8880 = DIRECTION('',(-0.,1.,0.));
#8881 = ORIENTED_EDGE('',*,*,#8882,.T.);
#8882 = EDGE_CURVE('',#8875,#8883,#8885,.T.);
#8883 = VERTEX_POINT('',#8884);
#8884 = CARTESIAN_POINT('',(120.5,32.6,214.));
#8885 = LINE('',#8886,#8887);
#8886 = CARTESIAN_POINT('',(120.5,32.6,164.));
#8887 = VECTOR('',#8888,1.);
#8888 = DIRECTION('',(0.,0.,1.));
#8889 = ORIENTED_EDGE('',*,*,#8890,.F.);
#8890 = EDGE_CURVE('',#8867,#8883,#8891,.T.);
#8891 = LINE('',#8892,#8893);
#8892 = CARTESIAN_POINT('',(120.5,22.6,214.));
#8893 = VECTOR('',#8894,1.);
#8894 = DIRECTION('',(-0.,1.,0.));
#8895 = PLANE('',#8896);
#8896 = AXIS2_PLACEMENT_3D('',#8897,#8898,#8899);
#8897 = CARTESIAN_POINT('',(120.5,22.6,164.));
#8898 = DIRECTION('',(1.,0.,-0.));
#8899 = DIRECTION('',(0.,0.,1.));
#8900 = ADVANCED_FACE('',(#8901),#8935,.T.);
#8901 = FACE_BOUND('',#8902,.T.);
#8902 = EDGE_LOOP('',(#8903,#8913,#8921,#8929));
#8903 = ORIENTED_EDGE('',*,*,#8904,.F.);
#8904 = EDGE_CURVE('',#8905,#8907,#8909,.T.);
#8905 = VERTEX_POINT('',#8906);
#8906 = CARTESIAN_POINT('',(149.5,22.6,164.));
#8907 = VERTEX_POINT('',#8908);
#8908 = CARTESIAN_POINT('',(149.5,22.6,214.));
#8909 = LINE('',#8910,#8911);
#8910 = CARTESIAN_POINT('',(149.5,22.6,164.));
#8911 = VECTOR('',#8912,1.);
#8912 = DIRECTION('',(0.,0.,1.));
#8913 = ORIENTED_EDGE('',*,*,#8914,.T.);
#8914 = EDGE_CURVE('',#8905,#8915,#8917,.T.);
#8915 = VERTEX_POINT('',#8916);
#8916 = CARTESIAN_POINT('',(149.5,32.6,164.));
#8917 = LINE('',#8918,#8919);
#8918 = CARTESIAN_POINT('',(149.5,22.6,164.));
#8919 = VECTOR('',#8920,1.);
#8920 = DIRECTION('',(-0.,1.,0.));
#8921 = ORIENTED_EDGE('',*,*,#8922,.T.);
#8922 = EDGE_CURVE('',#8915,#8923,#8925,.T.);
#8923 = VERTEX_POINT('',#8924);
#8924 = CARTESIAN_POINT('',(149.5,32.6,214.));
#8925 = LINE('',#8926,#8927);
#8926 = CARTESIAN_POINT('',(149.5,32.6,164.));
#8927 = VECTOR('',#8928,1.);
#8928 = DIRECTION('',(0.,0.,1.));
#8929 = ORIENTED_EDGE('',*,*,#8930,.F.);
#8930 = EDGE_CURVE('',#8907,#8923,#8931,.T.);
#8931 = LINE('',#8932,#8933);
#8932 = CARTESIAN_POINT('',(149.5,22.6,214.));
#8933 = VECTOR('',#8934,1.);
#8934 = DIRECTION('',(-0.,1.,0.));
#8935 = PLANE('',#8936);
#8936 = AXIS2_PLACEMENT_3D('',#8937,#8938,#8939);
#8937 = CARTESIAN_POINT('',(149.5,22.6,164.));
#8938 = DIRECTION('',(1.,0.,-0.));
#8939 = DIRECTION('',(0.,0.,1.));
#8940 = ADVANCED_FACE('',(#8941),#8957,.F.);
#8941 = FACE_BOUND('',#8942,.F.);
#8942 = EDGE_LOOP('',(#8943,#8949,#8950,#8956));
#8943 = ORIENTED_EDGE('',*,*,#8944,.F.);
#8944 = EDGE_CURVE('',#8865,#8905,#8945,.T.);
#8945 = LINE('',#8946,#8947);
#8946 = CARTESIAN_POINT('',(120.5,22.6,164.));
#8947 = VECTOR('',#8948,1.);
#8948 = DIRECTION('',(1.,0.,-0.));
#8949 = ORIENTED_EDGE('',*,*,#8864,.T.);
#8950 = ORIENTED_EDGE('',*,*,#8951,.T.);
#8951 = EDGE_CURVE('',#8867,#8907,#8952,.T.);
#8952 = LINE('',#8953,#8954);
#8953 = CARTESIAN_POINT('',(120.5,22.6,214.));
#8954 = VECTOR('',#8955,1.);
#8955 = DIRECTION('',(1.,0.,-0.));
#8956 = ORIENTED_EDGE('',*,*,#8904,.F.);
#8957 = PLANE('',#8958);
#8958 = AXIS2_PLACEMENT_3D('',#8959,#8960,#8961);
#8959 = CARTESIAN_POINT('',(120.5,22.6,164.));
#8960 = DIRECTION('',(-0.,1.,0.));
#8961 = DIRECTION('',(0.,0.,1.));
#8962 = ADVANCED_FACE('',(#8963),#8979,.T.);
#8963 = FACE_BOUND('',#8964,.T.);
#8964 = EDGE_LOOP('',(#8965,#8971,#8972,#8978));
#8965 = ORIENTED_EDGE('',*,*,#8966,.F.);
#8966 = EDGE_CURVE('',#8875,#8915,#8967,.T.);
#8967 = LINE('',#8968,#8969);
#8968 = CARTESIAN_POINT('',(120.5,32.6,164.));
#8969 = VECTOR('',#8970,1.);
#8970 = DIRECTION('',(1.,0.,-0.));
#8971 = ORIENTED_EDGE('',*,*,#8882,.T.);
#8972 = ORIENTED_EDGE('',*,*,#8973,.T.);
#8973 = EDGE_CURVE('',#8883,#8923,#8974,.T.);
#8974 = LINE('',#8975,#8976);
#8975 = CARTESIAN_POINT('',(120.5,32.6,214.));
#8976 = VECTOR('',#8977,1.);
#8977 = DIRECTION('',(1.,0.,-0.));
#8978 = ORIENTED_EDGE('',*,*,#8922,.F.);
#8979 = PLANE('',#8980);
#8980 = AXIS2_PLACEMENT_3D('',#8981,#8982,#8983);
#8981 = CARTESIAN_POINT('',(120.5,32.6,164.));
#8982 = DIRECTION('',(-0.,1.,0.));
#8983 = DIRECTION('',(0.,0.,1.));
#8984 = ADVANCED_FACE('',(#8985),#8991,.F.);
#8985 = FACE_BOUND('',#8986,.F.);
#8986 = EDGE_LOOP('',(#8987,#8988,#8989,#8990));
#8987 = ORIENTED_EDGE('',*,*,#8874,.F.);
#8988 = ORIENTED_EDGE('',*,*,#8944,.T.);
#8989 = ORIENTED_EDGE('',*,*,#8914,.T.);
#8990 = ORIENTED_EDGE('',*,*,#8966,.F.);
#8991 = PLANE('',#8992);
#8992 = AXIS2_PLACEMENT_3D('',#8993,#8994,#8995);
#8993 = CARTESIAN_POINT('',(120.5,22.6,164.));
#8994 = DIRECTION('',(0.,0.,1.));
#8995 = DIRECTION('',(1.,0.,-0.));
#8996 = ADVANCED_FACE('',(#8997),#9003,.T.);
#8997 = FACE_BOUND('',#8998,.T.);
#8998 = EDGE_LOOP('',(#8999,#9000,#9001,#9002));
#8999 = ORIENTED_EDGE('',*,*,#8890,.F.);
#9000 = ORIENTED_EDGE('',*,*,#8951,.T.);
#9001 = ORIENTED_EDGE('',*,*,#8930,.T.);
#9002 = ORIENTED_EDGE('',*,*,#8973,.F.);
#9003 = PLANE('',#9004);
#9004 = AXIS2_PLACEMENT_3D('',#9005,#9006,#9007);
#9005 = CARTESIAN_POINT('',(120.5,22.6,214.));
#9006 = DIRECTION('',(0.,0.,1.));
#9007 = DIRECTION('',(1.,0.,-0.));
#9008 = ( GEOMETRIC_REPRESENTATION_CONTEXT(3) 
GLOBAL_UNCERTAINTY_ASSIGNED_CONTEXT((#9012)) 
GLOBAL_UNIT_ASSIGNED_CONTEXT((#9009,#9010,#9011)) REPRESENTATION_CONTEXT
('Context #1','3D Context with UNIT and UNCERTAINTY') );
#9009 = ( LENGTH_UNIT() NAMED_UNIT(*) SI_UNIT(.MILLI.,.METRE.) );
#9010 = ( NAMED_UNIT(*) PLANE_ANGLE_UNIT() SI_UNIT($,.RADIAN.) );
#9011 = ( NAMED_UNIT(*) SI_UNIT($,.STERADIAN.) SOLID_ANGLE_UNIT() );
#9012 = UNCERTAINTY_MEASURE_WITH_UNIT(LENGTH_MEASURE(1.E-07),#9009,
  'distance_accuracy_value','confusion accuracy');
#9013 = CONTEXT_DEPENDENT_SHAPE_REPRESENTATION(#9014,#9016);
#9014 = ( REPRESENTATION_RELATIONSHIP('','',#8857,#10) 
REPRESENTATION_RELATIONSHIP_WITH_TRANSFORMATION(#9015) 
SHAPE_REPRESENTATION_RELATIONSHIP() );
#9015 = ITEM_DEFINED_TRANSFORMATION('','',#11,#111);
#9016 = PRODUCT_DEFINITION_SHAPE('Placement','Placement of an item',
  #9017);
#9017 = NEXT_ASSEMBLY_USAGE_OCCURRENCE('25','PA10 component envelope',''
  ,#5,#8852,$);
#9018 = PRODUCT_RELATED_PRODUCT_CATEGORY('part',$,(#8854));
#9019 = SHAPE_DEFINITION_REPRESENTATION(#9020,#9026);
#9020 = PRODUCT_DEFINITION_SHAPE('','',#9021);
#9021 = PRODUCT_DEFINITION('design','',#9022,#9025);
#9022 = PRODUCT_DEFINITION_FORMATION('','',#9023);
#9023 = PRODUCT('RF PA board PA11 (35x60)','RF PA board PA11 (35x60)',''
  ,(#9024));
#9024 = PRODUCT_CONTEXT('',#2,'mechanical');
#9025 = PRODUCT_DEFINITION_CONTEXT('part definition',#2,'design');
#9026 = ADVANCED_BREP_SHAPE_REPRESENTATION('',(#11,#9027),#9177);
#9027 = MANIFOLD_SOLID_BREP('',#9028);
#9028 = CLOSED_SHELL('',(#9029,#9069,#9109,#9131,#9153,#9165));
#9029 = ADVANCED_FACE('',(#9030),#9064,.F.);
#9030 = FACE_BOUND('',#9031,.F.);
#9031 = EDGE_LOOP('',(#9032,#9042,#9050,#9058));
#9032 = ORIENTED_EDGE('',*,*,#9033,.F.);
#9033 = EDGE_CURVE('',#9034,#9036,#9038,.T.);
#9034 = VERTEX_POINT('',#9035);
#9035 = CARTESIAN_POINT('',(157.5,21.,159.));
#9036 = VERTEX_POINT('',#9037);
#9037 = CARTESIAN_POINT('',(157.5,21.,219.));
#9038 = LINE('',#9039,#9040);
#9039 = CARTESIAN_POINT('',(157.5,21.,159.));
#9040 = VECTOR('',#9041,1.);
#9041 = DIRECTION('',(0.,0.,1.));
#9042 = ORIENTED_EDGE('',*,*,#9043,.T.);
#9043 = EDGE_CURVE('',#9034,#9044,#9046,.T.);
#9044 = VERTEX_POINT('',#9045);
#9045 = CARTESIAN_POINT('',(157.5,22.6,159.));
#9046 = LINE('',#9047,#9048);
#9047 = CARTESIAN_POINT('',(157.5,21.,159.));
#9048 = VECTOR('',#9049,1.);
#9049 = DIRECTION('',(-0.,1.,0.));
#9050 = ORIENTED_EDGE('',*,*,#9051,.T.);
#9051 = EDGE_CURVE('',#9044,#9052,#9054,.T.);
#9052 = VERTEX_POINT('',#9053);
#9053 = CARTESIAN_POINT('',(157.5,22.6,219.));
#9054 = LINE('',#9055,#9056);
#9055 = CARTESIAN_POINT('',(157.5,22.6,159.));
#9056 = VECTOR('',#9057,1.);
#9057 = DIRECTION('',(0.,0.,1.));
#9058 = ORIENTED_EDGE('',*,*,#9059,.F.);
#9059 = EDGE_CURVE('',#9036,#9052,#9060,.T.);
#9060 = LINE('',#9061,#9062);
#9061 = CARTESIAN_POINT('',(157.5,21.,219.));
#9062 = VECTOR('',#9063,1.);
#9063 = DIRECTION('',(-0.,1.,0.));
#9064 = PLANE('',#9065);
#9065 = AXIS2_PLACEMENT_3D('',#9066,#9067,#9068);
#9066 = CARTESIAN_POINT('',(157.5,21.,159.));
#9067 = DIRECTION('',(1.,0.,-0.));
#9068 = DIRECTION('',(0.,0.,1.));
#9069 = ADVANCED_FACE('',(#9070),#9104,.T.);
#9070 = FACE_BOUND('',#9071,.T.);
#9071 = EDGE_LOOP('',(#9072,#9082,#9090,#9098));
#9072 = ORIENTED_EDGE('',*,*,#9073,.F.);
#9073 = EDGE_CURVE('',#9074,#9076,#9078,.T.);
#9074 = VERTEX_POINT('',#9075);
#9075 = CARTESIAN_POINT('',(192.5,21.,159.));
#9076 = VERTEX_POINT('',#9077);
#9077 = CARTESIAN_POINT('',(192.5,21.,219.));
#9078 = LINE('',#9079,#9080);
#9079 = CARTESIAN_POINT('',(192.5,21.,159.));
#9080 = VECTOR('',#9081,1.);
#9081 = DIRECTION('',(0.,0.,1.));
#9082 = ORIENTED_EDGE('',*,*,#9083,.T.);
#9083 = EDGE_CURVE('',#9074,#9084,#9086,.T.);
#9084 = VERTEX_POINT('',#9085);
#9085 = CARTESIAN_POINT('',(192.5,22.6,159.));
#9086 = LINE('',#9087,#9088);
#9087 = CARTESIAN_POINT('',(192.5,21.,159.));
#9088 = VECTOR('',#9089,1.);
#9089 = DIRECTION('',(-0.,1.,0.));
#9090 = ORIENTED_EDGE('',*,*,#9091,.T.);
#9091 = EDGE_CURVE('',#9084,#9092,#9094,.T.);
#9092 = VERTEX_POINT('',#9093);
#9093 = CARTESIAN_POINT('',(192.5,22.6,219.));
#9094 = LINE('',#9095,#9096);
#9095 = CARTESIAN_POINT('',(192.5,22.6,159.));
#9096 = VECTOR('',#9097,1.);
#9097 = DIRECTION('',(0.,0.,1.));
#9098 = ORIENTED_EDGE('',*,*,#9099,.F.);
#9099 = EDGE_CURVE('',#9076,#9092,#9100,.T.);
#9100 = LINE('',#9101,#9102);
#9101 = CARTESIAN_POINT('',(192.5,21.,219.));
#9102 = VECTOR('',#9103,1.);
#9103 = DIRECTION('',(-0.,1.,0.));
#9104 = PLANE('',#9105);
#9105 = AXIS2_PLACEMENT_3D('',#9106,#9107,#9108);
#9106 = CARTESIAN_POINT('',(192.5,21.,159.));
#9107 = DIRECTION('',(1.,0.,-0.));
#9108 = DIRECTION('',(0.,0.,1.));
#9109 = ADVANCED_FACE('',(#9110),#9126,.F.);
#9110 = FACE_BOUND('',#9111,.F.);
#9111 = EDGE_LOOP('',(#9112,#9118,#9119,#9125));
#9112 = ORIENTED_EDGE('',*,*,#9113,.F.);
#9113 = EDGE_CURVE('',#9034,#9074,#9114,.T.);
#9114 = LINE('',#9115,#9116);
#9115 = CARTESIAN_POINT('',(157.5,21.,159.));
#9116 = VECTOR('',#9117,1.);
#9117 = DIRECTION('',(1.,0.,-0.));
#9118 = ORIENTED_EDGE('',*,*,#9033,.T.);
#9119 = ORIENTED_EDGE('',*,*,#9120,.T.);
#9120 = EDGE_CURVE('',#9036,#9076,#9121,.T.);
#9121 = LINE('',#9122,#9123);
#9122 = CARTESIAN_POINT('',(157.5,21.,219.));
#9123 = VECTOR('',#9124,1.);
#9124 = DIRECTION('',(1.,0.,-0.));
#9125 = ORIENTED_EDGE('',*,*,#9073,.F.);
#9126 = PLANE('',#9127);
#9127 = AXIS2_PLACEMENT_3D('',#9128,#9129,#9130);
#9128 = CARTESIAN_POINT('',(157.5,21.,159.));
#9129 = DIRECTION('',(-0.,1.,0.));
#9130 = DIRECTION('',(0.,0.,1.));
#9131 = ADVANCED_FACE('',(#9132),#9148,.T.);
#9132 = FACE_BOUND('',#9133,.T.);
#9133 = EDGE_LOOP('',(#9134,#9140,#9141,#9147));
#9134 = ORIENTED_EDGE('',*,*,#9135,.F.);
#9135 = EDGE_CURVE('',#9044,#9084,#9136,.T.);
#9136 = LINE('',#9137,#9138);
#9137 = CARTESIAN_POINT('',(157.5,22.6,159.));
#9138 = VECTOR('',#9139,1.);
#9139 = DIRECTION('',(1.,0.,-0.));
#9140 = ORIENTED_EDGE('',*,*,#9051,.T.);
#9141 = ORIENTED_EDGE('',*,*,#9142,.T.);
#9142 = EDGE_CURVE('',#9052,#9092,#9143,.T.);
#9143 = LINE('',#9144,#9145);
#9144 = CARTESIAN_POINT('',(157.5,22.6,219.));
#9145 = VECTOR('',#9146,1.);
#9146 = DIRECTION('',(1.,0.,-0.));
#9147 = ORIENTED_EDGE('',*,*,#9091,.F.);
#9148 = PLANE('',#9149);
#9149 = AXIS2_PLACEMENT_3D('',#9150,#9151,#9152);
#9150 = CARTESIAN_POINT('',(157.5,22.6,159.));
#9151 = DIRECTION('',(-0.,1.,0.));
#9152 = DIRECTION('',(0.,0.,1.));
#9153 = ADVANCED_FACE('',(#9154),#9160,.F.);
#9154 = FACE_BOUND('',#9155,.F.);
#9155 = EDGE_LOOP('',(#9156,#9157,#9158,#9159));
#9156 = ORIENTED_EDGE('',*,*,#9043,.F.);
#9157 = ORIENTED_EDGE('',*,*,#9113,.T.);
#9158 = ORIENTED_EDGE('',*,*,#9083,.T.);
#9159 = ORIENTED_EDGE('',*,*,#9135,.F.);
#9160 = PLANE('',#9161);
#9161 = AXIS2_PLACEMENT_3D('',#9162,#9163,#9164);
#9162 = CARTESIAN_POINT('',(157.5,21.,159.));
#9163 = DIRECTION('',(0.,0.,1.));
#9164 = DIRECTION('',(1.,0.,-0.));
#9165 = ADVANCED_FACE('',(#9166),#9172,.T.);
#9166 = FACE_BOUND('',#9167,.T.);
#9167 = EDGE_LOOP('',(#9168,#9169,#9170,#9171));
#9168 = ORIENTED_EDGE('',*,*,#9059,.F.);
#9169 = ORIENTED_EDGE('',*,*,#9120,.T.);
#9170 = ORIENTED_EDGE('',*,*,#9099,.T.);
#9171 = ORIENTED_EDGE('',*,*,#9142,.F.);
#9172 = PLANE('',#9173);
#9173 = AXIS2_PLACEMENT_3D('',#9174,#9175,#9176);
#9174 = CARTESIAN_POINT('',(157.5,21.,219.));
#9175 = DIRECTION('',(0.,0.,1.));
#9176 = DIRECTION('',(1.,0.,-0.));
#9177 = ( GEOMETRIC_REPRESENTATION_CONTEXT(3) 
GLOBAL_UNCERTAINTY_ASSIGNED_CONTEXT((#9181)) 
GLOBAL_UNIT_ASSIGNED_CONTEXT((#9178,#9179,#9180)) REPRESENTATION_CONTEXT
('Context #1','3D Context with UNIT and UNCERTAINTY') );
#9178 = ( LENGTH_UNIT() NAMED_UNIT(*) SI_UNIT(.MILLI.,.METRE.) );
#9179 = ( NAMED_UNIT(*) PLANE_ANGLE_UNIT() SI_UNIT($,.RADIAN.) );
#9180 = ( NAMED_UNIT(*) SI_UNIT($,.STERADIAN.) SOLID_ANGLE_UNIT() );
#9181 = UNCERTAINTY_MEASURE_WITH_UNIT(LENGTH_MEASURE(1.E-07),#9178,
  'distance_accuracy_value','confusion accuracy');
#9182 = CONTEXT_DEPENDENT_SHAPE_REPRESENTATION(#9183,#9185);
#9183 = ( REPRESENTATION_RELATIONSHIP('','',#9026,#10) 
REPRESENTATION_RELATIONSHIP_WITH_TRANSFORMATION(#9184) 
SHAPE_REPRESENTATION_RELATIONSHIP() );
#9184 = ITEM_DEFINED_TRANSFORMATION('','',#11,#115);
#9185 = PRODUCT_DEFINITION_SHAPE('Placement','Placement of an item',
  #9186);
#9186 = NEXT_ASSEMBLY_USAGE_OCCURRENCE('26','RF PA board PA11 (35x60)',
  '',#5,#9021,$);
#9187 = PRODUCT_RELATED_PRODUCT_CATEGORY('part',$,(#9023));
#9188 = SHAPE_DEFINITION_REPRESENTATION(#9189,#9195);
#9189 = PRODUCT_DEFINITION_SHAPE('','',#9190);
#9190 = PRODUCT_DEFINITION('design','',#9191,#9194);
#9191 = PRODUCT_DEFINITION_FORMATION('','',#9192);
#9192 = PRODUCT('PA11 component envelope','PA11 component envelope','',(
    #9193));
#9193 = PRODUCT_CONTEXT('',#2,'mechanical');
#9194 = PRODUCT_DEFINITION_CONTEXT('part definition',#2,'design');
#9195 = ADVANCED_BREP_SHAPE_REPRESENTATION('',(#11,#9196),#9346);
#9196 = MANIFOLD_SOLID_BREP('',#9197);
#9197 = CLOSED_SHELL('',(#9198,#9238,#9278,#9300,#9322,#9334));
#9198 = ADVANCED_FACE('',(#9199),#9233,.F.);
#9199 = FACE_BOUND('',#9200,.F.);
#9200 = EDGE_LOOP('',(#9201,#9211,#9219,#9227));
#9201 = ORIENTED_EDGE('',*,*,#9202,.F.);
#9202 = EDGE_CURVE('',#9203,#9205,#9207,.T.);
#9203 = VERTEX_POINT('',#9204);
#9204 = CARTESIAN_POINT('',(160.5,22.6,164.));
#9205 = VERTEX_POINT('',#9206);
#9206 = CARTESIAN_POINT('',(160.5,22.6,214.));
#9207 = LINE('',#9208,#9209);
#9208 = CARTESIAN_POINT('',(160.5,22.6,164.));
#9209 = VECTOR('',#9210,1.);
#9210 = DIRECTION('',(0.,0.,1.));
#9211 = ORIENTED_EDGE('',*,*,#9212,.T.);
#9212 = EDGE_CURVE('',#9203,#9213,#9215,.T.);
#9213 = VERTEX_POINT('',#9214);
#9214 = CARTESIAN_POINT('',(160.5,32.6,164.));
#9215 = LINE('',#9216,#9217);
#9216 = CARTESIAN_POINT('',(160.5,22.6,164.));
#9217 = VECTOR('',#9218,1.);
#9218 = DIRECTION('',(-0.,1.,0.));
#9219 = ORIENTED_EDGE('',*,*,#9220,.T.);
#9220 = EDGE_CURVE('',#9213,#9221,#9223,.T.);
#9221 = VERTEX_POINT('',#9222);
#9222 = CARTESIAN_POINT('',(160.5,32.6,214.));
#9223 = LINE('',#9224,#9225);
#9224 = CARTESIAN_POINT('',(160.5,32.6,164.));
#9225 = VECTOR('',#9226,1.);
#9226 = DIRECTION('',(0.,0.,1.));
#9227 = ORIENTED_EDGE('',*,*,#9228,.F.);
#9228 = EDGE_CURVE('',#9205,#9221,#9229,.T.);
#9229 = LINE('',#9230,#9231);
#9230 = CARTESIAN_POINT('',(160.5,22.6,214.));
#9231 = VECTOR('',#9232,1.);
#9232 = DIRECTION('',(-0.,1.,0.));
#9233 = PLANE('',#9234);
#9234 = AXIS2_PLACEMENT_3D('',#9235,#9236,#9237);
#9235 = CARTESIAN_POINT('',(160.5,22.6,164.));
#9236 = DIRECTION('',(1.,0.,-0.));
#9237 = DIRECTION('',(0.,0.,1.));
#9238 = ADVANCED_FACE('',(#9239),#9273,.T.);
#9239 = FACE_BOUND('',#9240,.T.);
#9240 = EDGE_LOOP('',(#9241,#9251,#9259,#9267));
#9241 = ORIENTED_EDGE('',*,*,#9242,.F.);
#9242 = EDGE_CURVE('',#9243,#9245,#9247,.T.);
#9243 = VERTEX_POINT('',#9244);
#9244 = CARTESIAN_POINT('',(189.5,22.6,164.));
#9245 = VERTEX_POINT('',#9246);
#9246 = CARTESIAN_POINT('',(189.5,22.6,214.));
#9247 = LINE('',#9248,#9249);
#9248 = CARTESIAN_POINT('',(189.5,22.6,164.));
#9249 = VECTOR('',#9250,1.);
#9250 = DIRECTION('',(0.,0.,1.));
#9251 = ORIENTED_EDGE('',*,*,#9252,.T.);
#9252 = EDGE_CURVE('',#9243,#9253,#9255,.T.);
#9253 = VERTEX_POINT('',#9254);
#9254 = CARTESIAN_POINT('',(189.5,32.6,164.));
#9255 = LINE('',#9256,#9257);
#9256 = CARTESIAN_POINT('',(189.5,22.6,164.));
#9257 = VECTOR('',#9258,1.);
#9258 = DIRECTION('',(-0.,1.,0.));
#9259 = ORIENTED_EDGE('',*,*,#9260,.T.);
#9260 = EDGE_CURVE('',#9253,#9261,#9263,.T.);
#9261 = VERTEX_POINT('',#9262);
#9262 = CARTESIAN_POINT('',(189.5,32.6,214.));
#9263 = LINE('',#9264,#9265);
#9264 = CARTESIAN_POINT('',(189.5,32.6,164.));
#9265 = VECTOR('',#9266,1.);
#9266 = DIRECTION('',(0.,0.,1.));
#9267 = ORIENTED_EDGE('',*,*,#9268,.F.);
#9268 = EDGE_CURVE('',#9245,#9261,#9269,.T.);
#9269 = LINE('',#9270,#9271);
#9270 = CARTESIAN_POINT('',(189.5,22.6,214.));
#9271 = VECTOR('',#9272,1.);
#9272 = DIRECTION('',(-0.,1.,0.));
#9273 = PLANE('',#9274);
#9274 = AXIS2_PLACEMENT_3D('',#9275,#9276,#9277);
#9275 = CARTESIAN_POINT('',(189.5,22.6,164.));
#9276 = DIRECTION('',(1.,0.,-0.));
#9277 = DIRECTION('',(0.,0.,1.));
#9278 = ADVANCED_FACE('',(#9279),#9295,.F.);
#9279 = FACE_BOUND('',#9280,.F.);
#9280 = EDGE_LOOP('',(#9281,#9287,#9288,#9294));
#9281 = ORIENTED_EDGE('',*,*,#9282,.F.);
#9282 = EDGE_CURVE('',#9203,#9243,#9283,.T.);
#9283 = LINE('',#9284,#9285);
#9284 = CARTESIAN_POINT('',(160.5,22.6,164.));
#9285 = VECTOR('',#9286,1.);
#9286 = DIRECTION('',(1.,0.,-0.));
#9287 = ORIENTED_EDGE('',*,*,#9202,.T.);
#9288 = ORIENTED_EDGE('',*,*,#9289,.T.);
#9289 = EDGE_CURVE('',#9205,#9245,#9290,.T.);
#9290 = LINE('',#9291,#9292);
#9291 = CARTESIAN_POINT('',(160.5,22.6,214.));
#9292 = VECTOR('',#9293,1.);
#9293 = DIRECTION('',(1.,0.,-0.));
#9294 = ORIENTED_EDGE('',*,*,#9242,.F.);
#9295 = PLANE('',#9296);
#9296 = AXIS2_PLACEMENT_3D('',#9297,#9298,#9299);
#9297 = CARTESIAN_POINT('',(160.5,22.6,164.));
#9298 = DIRECTION('',(-0.,1.,0.));
#9299 = DIRECTION('',(0.,0.,1.));
#9300 = ADVANCED_FACE('',(#9301),#9317,.T.);
#9301 = FACE_BOUND('',#9302,.T.);
#9302 = EDGE_LOOP('',(#9303,#9309,#9310,#9316));
#9303 = ORIENTED_EDGE('',*,*,#9304,.F.);
#9304 = EDGE_CURVE('',#9213,#9253,#9305,.T.);
#9305 = LINE('',#9306,#9307);
#9306 = CARTESIAN_POINT('',(160.5,32.6,164.));
#9307 = VECTOR('',#9308,1.);
#9308 = DIRECTION('',(1.,0.,-0.));
#9309 = ORIENTED_EDGE('',*,*,#9220,.T.);
#9310 = ORIENTED_EDGE('',*,*,#9311,.T.);
#9311 = EDGE_CURVE('',#9221,#9261,#9312,.T.);
#9312 = LINE('',#9313,#9314);
#9313 = CARTESIAN_POINT('',(160.5,32.6,214.));
#9314 = VECTOR('',#9315,1.);
#9315 = DIRECTION('',(1.,0.,-0.));
#9316 = ORIENTED_EDGE('',*,*,#9260,.F.);
#9317 = PLANE('',#9318);
#9318 = AXIS2_PLACEMENT_3D('',#9319,#9320,#9321);
#9319 = CARTESIAN_POINT('',(160.5,32.6,164.));
#9320 = DIRECTION('',(-0.,1.,0.));
#9321 = DIRECTION('',(0.,0.,1.));
#9322 = ADVANCED_FACE('',(#9323),#9329,.F.);
#9323 = FACE_BOUND('',#9324,.F.);
#9324 = EDGE_LOOP('',(#9325,#9326,#9327,#9328));
#9325 = ORIENTED_EDGE('',*,*,#9212,.F.);
#9326 = ORIENTED_EDGE('',*,*,#9282,.T.);
#9327 = ORIENTED_EDGE('',*,*,#9252,.T.);
#9328 = ORIENTED_EDGE('',*,*,#9304,.F.);
#9329 = PLANE('',#9330);
#9330 = AXIS2_PLACEMENT_3D('',#9331,#9332,#9333);
#9331 = CARTESIAN_POINT('',(160.5,22.6,164.));
#9332 = DIRECTION('',(0.,0.,1.));
#9333 = DIRECTION('',(1.,0.,-0.));
#9334 = ADVANCED_FACE('',(#9335),#9341,.T.);
#9335 = FACE_BOUND('',#9336,.T.);
#9336 = EDGE_LOOP('',(#9337,#9338,#9339,#9340));
#9337 = ORIENTED_EDGE('',*,*,#9228,.F.);
#9338 = ORIENTED_EDGE('',*,*,#9289,.T.);
#9339 = ORIENTED_EDGE('',*,*,#9268,.T.);
#9340 = ORIENTED_EDGE('',*,*,#9311,.F.);
#9341 = PLANE('',#9342);
#9342 = AXIS2_PLACEMENT_3D('',#9343,#9344,#9345);
#9343 = CARTESIAN_POINT('',(160.5,22.6,214.));
#9344 = DIRECTION('',(0.,0.,1.));
#9345 = DIRECTION('',(1.,0.,-0.));
#9346 = ( GEOMETRIC_REPRESENTATION_CONTEXT(3) 
GLOBAL_UNCERTAINTY_ASSIGNED_CONTEXT((#9350)) 
GLOBAL_UNIT_ASSIGNED_CONTEXT((#9347,#9348,#9349)) REPRESENTATION_CONTEXT
('Context #1','3D Context with UNIT and UNCERTAINTY') );
#9347 = ( LENGTH_UNIT() NAMED_UNIT(*) SI_UNIT(.MILLI.,.METRE.) );
#9348 = ( NAMED_UNIT(*) PLANE_ANGLE_UNIT() SI_UNIT($,.RADIAN.) );
#9349 = ( NAMED_UNIT(*) SI_UNIT($,.STERADIAN.) SOLID_ANGLE_UNIT() );
#9350 = UNCERTAINTY_MEASURE_WITH_UNIT(LENGTH_MEASURE(1.E-07),#9347,
  'distance_accuracy_value','confusion accuracy');
#9351 = CONTEXT_DEPENDENT_SHAPE_REPRESENTATION(#9352,#9354);
#9352 = ( REPRESENTATION_RELATIONSHIP('','',#9195,#10) 
REPRESENTATION_RELATIONSHIP_WITH_TRANSFORMATION(#9353) 
SHAPE_REPRESENTATION_RELATIONSHIP() );
#9353 = ITEM_DEFINED_TRANSFORMATION('','',#11,#119);
#9354 = PRODUCT_DEFINITION_SHAPE('Placement','Placement of an item',
  #9355);
#9355 = NEXT_ASSEMBLY_USAGE_OCCURRENCE('27','PA11 component envelope',''
  ,#5,#9190,$);
#9356 = PRODUCT_RELATED_PRODUCT_CATEGORY('part',$,(#9192));
#9357 = SHAPE_DEFINITION_REPRESENTATION(#9358,#9364);
#9358 = PRODUCT_DEFINITION_SHAPE('','',#9359);
#9359 = PRODUCT_DEFINITION('design','',#9360,#9363);
#9360 = PRODUCT_DEFINITION_FORMATION('','',#9361);
#9361 = PRODUCT('RF PA board PA12 (35x60)','RF PA board PA12 (35x60)',''
  ,(#9362));
#9362 = PRODUCT_CONTEXT('',#2,'mechanical');
#9363 = PRODUCT_DEFINITION_CONTEXT('part definition',#2,'design');
#9364 = ADVANCED_BREP_SHAPE_REPRESENTATION('',(#11,#9365),#9515);
#9365 = MANIFOLD_SOLID_BREP('',#9366);
#9366 = CLOSED_SHELL('',(#9367,#9407,#9447,#9469,#9491,#9503));
#9367 = ADVANCED_FACE('',(#9368),#9402,.F.);
#9368 = FACE_BOUND('',#9369,.F.);
#9369 = EDGE_LOOP('',(#9370,#9380,#9388,#9396));
#9370 = ORIENTED_EDGE('',*,*,#9371,.F.);
#9371 = EDGE_CURVE('',#9372,#9374,#9376,.T.);
#9372 = VERTEX_POINT('',#9373);
#9373 = CARTESIAN_POINT('',(197.5,21.,159.));
#9374 = VERTEX_POINT('',#9375);
#9375 = CARTESIAN_POINT('',(197.5,21.,219.));
#9376 = LINE('',#9377,#9378);
#9377 = CARTESIAN_POINT('',(197.5,21.,159.));
#9378 = VECTOR('',#9379,1.);
#9379 = DIRECTION('',(0.,0.,1.));
#9380 = ORIENTED_EDGE('',*,*,#9381,.T.);
#9381 = EDGE_CURVE('',#9372,#9382,#9384,.T.);
#9382 = VERTEX_POINT('',#9383);
#9383 = CARTESIAN_POINT('',(197.5,22.6,159.));
#9384 = LINE('',#9385,#9386);
#9385 = CARTESIAN_POINT('',(197.5,21.,159.));
#9386 = VECTOR('',#9387,1.);
#9387 = DIRECTION('',(-0.,1.,0.));
#9388 = ORIENTED_EDGE('',*,*,#9389,.T.);
#9389 = EDGE_CURVE('',#9382,#9390,#9392,.T.);
#9390 = VERTEX_POINT('',#9391);
#9391 = CARTESIAN_POINT('',(197.5,22.6,219.));
#9392 = LINE('',#9393,#9394);
#9393 = CARTESIAN_POINT('',(197.5,22.6,159.));
#9394 = VECTOR('',#9395,1.);
#9395 = DIRECTION('',(0.,0.,1.));
#9396 = ORIENTED_EDGE('',*,*,#9397,.F.);
#9397 = EDGE_CURVE('',#9374,#9390,#9398,.T.);
#9398 = LINE('',#9399,#9400);
#9399 = CARTESIAN_POINT('',(197.5,21.,219.));
#9400 = VECTOR('',#9401,1.);
#9401 = DIRECTION('',(-0.,1.,0.));
#9402 = PLANE('',#9403);
#9403 = AXIS2_PLACEMENT_3D('',#9404,#9405,#9406);
#9404 = CARTESIAN_POINT('',(197.5,21.,159.));
#9405 = DIRECTION('',(1.,0.,-0.));
#9406 = DIRECTION('',(0.,0.,1.));
#9407 = ADVANCED_FACE('',(#9408),#9442,.T.);
#9408 = FACE_BOUND('',#9409,.T.);
#9409 = EDGE_LOOP('',(#9410,#9420,#9428,#9436));
#9410 = ORIENTED_EDGE('',*,*,#9411,.F.);
#9411 = EDGE_CURVE('',#9412,#9414,#9416,.T.);
#9412 = VERTEX_POINT('',#9413);
#9413 = CARTESIAN_POINT('',(232.5,21.,159.));
#9414 = VERTEX_POINT('',#9415);
#9415 = CARTESIAN_POINT('',(232.5,21.,219.));
#9416 = LINE('',#9417,#9418);
#9417 = CARTESIAN_POINT('',(232.5,21.,159.));
#9418 = VECTOR('',#9419,1.);
#9419 = DIRECTION('',(0.,0.,1.));
#9420 = ORIENTED_EDGE('',*,*,#9421,.T.);
#9421 = EDGE_CURVE('',#9412,#9422,#9424,.T.);
#9422 = VERTEX_POINT('',#9423);
#9423 = CARTESIAN_POINT('',(232.5,22.6,159.));
#9424 = LINE('',#9425,#9426);
#9425 = CARTESIAN_POINT('',(232.5,21.,159.));
#9426 = VECTOR('',#9427,1.);
#9427 = DIRECTION('',(-0.,1.,0.));
#9428 = ORIENTED_EDGE('',*,*,#9429,.T.);
#9429 = EDGE_CURVE('',#9422,#9430,#9432,.T.);
#9430 = VERTEX_POINT('',#9431);
#9431 = CARTESIAN_POINT('',(232.5,22.6,219.));
#9432 = LINE('',#9433,#9434);
#9433 = CARTESIAN_POINT('',(232.5,22.6,159.));
#9434 = VECTOR('',#9435,1.);
#9435 = DIRECTION('',(0.,0.,1.));
#9436 = ORIENTED_EDGE('',*,*,#9437,.F.);
#9437 = EDGE_CURVE('',#9414,#9430,#9438,.T.);
#9438 = LINE('',#9439,#9440);
#9439 = CARTESIAN_POINT('',(232.5,21.,219.));
#9440 = VECTOR('',#9441,1.);
#9441 = DIRECTION('',(-0.,1.,0.));
#9442 = PLANE('',#9443);
#9443 = AXIS2_PLACEMENT_3D('',#9444,#9445,#9446);
#9444 = CARTESIAN_POINT('',(232.5,21.,159.));
#9445 = DIRECTION('',(1.,0.,-0.));
#9446 = DIRECTION('',(0.,0.,1.));
#9447 = ADVANCED_FACE('',(#9448),#9464,.F.);
#9448 = FACE_BOUND('',#9449,.F.);
#9449 = EDGE_LOOP('',(#9450,#9456,#9457,#9463));
#9450 = ORIENTED_EDGE('',*,*,#9451,.F.);
#9451 = EDGE_CURVE('',#9372,#9412,#9452,.T.);
#9452 = LINE('',#9453,#9454);
#9453 = CARTESIAN_POINT('',(197.5,21.,159.));
#9454 = VECTOR('',#9455,1.);
#9455 = DIRECTION('',(1.,0.,-0.));
#9456 = ORIENTED_EDGE('',*,*,#9371,.T.);
#9457 = ORIENTED_EDGE('',*,*,#9458,.T.);
#9458 = EDGE_CURVE('',#9374,#9414,#9459,.T.);
#9459 = LINE('',#9460,#9461);
#9460 = CARTESIAN_POINT('',(197.5,21.,219.));
#9461 = VECTOR('',#9462,1.);
#9462 = DIRECTION('',(1.,0.,-0.));
#9463 = ORIENTED_EDGE('',*,*,#9411,.F.);
#9464 = PLANE('',#9465);
#9465 = AXIS2_PLACEMENT_3D('',#9466,#9467,#9468);
#9466 = CARTESIAN_POINT('',(197.5,21.,159.));
#9467 = DIRECTION('',(-0.,1.,0.));
#9468 = DIRECTION('',(0.,0.,1.));
#9469 = ADVANCED_FACE('',(#9470),#9486,.T.);
#9470 = FACE_BOUND('',#9471,.T.);
#9471 = EDGE_LOOP('',(#9472,#9478,#9479,#9485));
#9472 = ORIENTED_EDGE('',*,*,#9473,.F.);
#9473 = EDGE_CURVE('',#9382,#9422,#9474,.T.);
#9474 = LINE('',#9475,#9476);
#9475 = CARTESIAN_POINT('',(197.5,22.6,159.));
#9476 = VECTOR('',#9477,1.);
#9477 = DIRECTION('',(1.,0.,-0.));
#9478 = ORIENTED_EDGE('',*,*,#9389,.T.);
#9479 = ORIENTED_EDGE('',*,*,#9480,.T.);
#9480 = EDGE_CURVE('',#9390,#9430,#9481,.T.);
#9481 = LINE('',#9482,#9483);
#9482 = CARTESIAN_POINT('',(197.5,22.6,219.));
#9483 = VECTOR('',#9484,1.);
#9484 = DIRECTION('',(1.,0.,-0.));
#9485 = ORIENTED_EDGE('',*,*,#9429,.F.);
#9486 = PLANE('',#9487);
#9487 = AXIS2_PLACEMENT_3D('',#9488,#9489,#9490);
#9488 = CARTESIAN_POINT('',(197.5,22.6,159.));
#9489 = DIRECTION('',(-0.,1.,0.));
#9490 = DIRECTION('',(0.,0.,1.));
#9491 = ADVANCED_FACE('',(#9492),#9498,.F.);
#9492 = FACE_BOUND('',#9493,.F.);
#9493 = EDGE_LOOP('',(#9494,#9495,#9496,#9497));
#9494 = ORIENTED_EDGE('',*,*,#9381,.F.);
#9495 = ORIENTED_EDGE('',*,*,#9451,.T.);
#9496 = ORIENTED_EDGE('',*,*,#9421,.T.);
#9497 = ORIENTED_EDGE('',*,*,#9473,.F.);
#9498 = PLANE('',#9499);
#9499 = AXIS2_PLACEMENT_3D('',#9500,#9501,#9502);
#9500 = CARTESIAN_POINT('',(197.5,21.,159.));
#9501 = DIRECTION('',(0.,0.,1.));
#9502 = DIRECTION('',(1.,0.,-0.));
#9503 = ADVANCED_FACE('',(#9504),#9510,.T.);
#9504 = FACE_BOUND('',#9505,.T.);
#9505 = EDGE_LOOP('',(#9506,#9507,#9508,#9509));
#9506 = ORIENTED_EDGE('',*,*,#9397,.F.);
#9507 = ORIENTED_EDGE('',*,*,#9458,.T.);
#9508 = ORIENTED_EDGE('',*,*,#9437,.T.);
#9509 = ORIENTED_EDGE('',*,*,#9480,.F.);
#9510 = PLANE('',#9511);
#9511 = AXIS2_PLACEMENT_3D('',#9512,#9513,#9514);
#9512 = CARTESIAN_POINT('',(197.5,21.,219.));
#9513 = DIRECTION('',(0.,0.,1.));
#9514 = DIRECTION('',(1.,0.,-0.));
#9515 = ( GEOMETRIC_REPRESENTATION_CONTEXT(3) 
GLOBAL_UNCERTAINTY_ASSIGNED_CONTEXT((#9519)) 
GLOBAL_UNIT_ASSIGNED_CONTEXT((#9516,#9517,#9518)) REPRESENTATION_CONTEXT
('Context #1','3D Context with UNIT and UNCERTAINTY') );
#9516 = ( LENGTH_UNIT() NAMED_UNIT(*) SI_UNIT(.MILLI.,.METRE.) );
#9517 = ( NAMED_UNIT(*) PLANE_ANGLE_UNIT() SI_UNIT($,.RADIAN.) );
#9518 = ( NAMED_UNIT(*) SI_UNIT($,.STERADIAN.) SOLID_ANGLE_UNIT() );
#9519 = UNCERTAINTY_MEASURE_WITH_UNIT(LENGTH_MEASURE(1.E-07),#9516,
  'distance_accuracy_value','confusion accuracy');
#9520 = CONTEXT_DEPENDENT_SHAPE_REPRESENTATION(#9521,#9523);
#9521 = ( REPRESENTATION_RELATIONSHIP('','',#9364,#10) 
REPRESENTATION_RELATIONSHIP_WITH_TRANSFORMATION(#9522) 
SHAPE_REPRESENTATION_RELATIONSHIP() );
#9522 = ITEM_DEFINED_TRANSFORMATION('','',#11,#123);
#9523 = PRODUCT_DEFINITION_SHAPE('Placement','Placement of an item',
  #9524);
#9524 = NEXT_ASSEMBLY_USAGE_OCCURRENCE('28','RF PA board PA12 (35x60)',
  '',#5,#9359,$);
#9525 = PRODUCT_RELATED_PRODUCT_CATEGORY('part',$,(#9361));
#9526 = SHAPE_DEFINITION_REPRESENTATION(#9527,#9533);
#9527 = PRODUCT_DEFINITION_SHAPE('','',#9528);
#9528 = PRODUCT_DEFINITION('design','',#9529,#9532);
#9529 = PRODUCT_DEFINITION_FORMATION('','',#9530);
#9530 = PRODUCT('PA12 component envelope','PA12 component envelope','',(
    #9531));
#9531 = PRODUCT_CONTEXT('',#2,'mechanical');
#9532 = PRODUCT_DEFINITION_CONTEXT('part definition',#2,'design');
#9533 = ADVANCED_BREP_SHAPE_REPRESENTATION('',(#11,#9534),#9684);
#9534 = MANIFOLD_SOLID_BREP('',#9535);
#9535 = CLOSED_SHELL('',(#9536,#9576,#9616,#9638,#9660,#9672));
#9536 = ADVANCED_FACE('',(#9537),#9571,.F.);
#9537 = FACE_BOUND('',#9538,.F.);
#9538 = EDGE_LOOP('',(#9539,#9549,#9557,#9565));
#9539 = ORIENTED_EDGE('',*,*,#9540,.F.);
#9540 = EDGE_CURVE('',#9541,#9543,#9545,.T.);
#9541 = VERTEX_POINT('',#9542);
#9542 = CARTESIAN_POINT('',(200.5,22.6,164.));
#9543 = VERTEX_POINT('',#9544);
#9544 = CARTESIAN_POINT('',(200.5,22.6,214.));
#9545 = LINE('',#9546,#9547);
#9546 = CARTESIAN_POINT('',(200.5,22.6,164.));
#9547 = VECTOR('',#9548,1.);
#9548 = DIRECTION('',(0.,0.,1.));
#9549 = ORIENTED_EDGE('',*,*,#9550,.T.);
#9550 = EDGE_CURVE('',#9541,#9551,#9553,.T.);
#9551 = VERTEX_POINT('',#9552);
#9552 = CARTESIAN_POINT('',(200.5,32.6,164.));
#9553 = LINE('',#9554,#9555);
#9554 = CARTESIAN_POINT('',(200.5,22.6,164.));
#9555 = VECTOR('',#9556,1.);
#9556 = DIRECTION('',(-0.,1.,0.));
#9557 = ORIENTED_EDGE('',*,*,#9558,.T.);
#9558 = EDGE_CURVE('',#9551,#9559,#9561,.T.);
#9559 = VERTEX_POINT('',#9560);
#9560 = CARTESIAN_POINT('',(200.5,32.6,214.));
#9561 = LINE('',#9562,#9563);
#9562 = CARTESIAN_POINT('',(200.5,32.6,164.));
#9563 = VECTOR('',#9564,1.);
#9564 = DIRECTION('',(0.,0.,1.));
#9565 = ORIENTED_EDGE('',*,*,#9566,.F.);
#9566 = EDGE_CURVE('',#9543,#9559,#9567,.T.);
#9567 = LINE('',#9568,#9569);
#9568 = CARTESIAN_POINT('',(200.5,22.6,214.));
#9569 = VECTOR('',#9570,1.);
#9570 = DIRECTION('',(-0.,1.,0.));
#9571 = PLANE('',#9572);
#9572 = AXIS2_PLACEMENT_3D('',#9573,#9574,#9575);
#9573 = CARTESIAN_POINT('',(200.5,22.6,164.));
#9574 = DIRECTION('',(1.,0.,-0.));
#9575 = DIRECTION('',(0.,0.,1.));
#9576 = ADVANCED_FACE('',(#9577),#9611,.T.);
#9577 = FACE_BOUND('',#9578,.T.);
#9578 = EDGE_LOOP('',(#9579,#9589,#9597,#9605));
#9579 = ORIENTED_EDGE('',*,*,#9580,.F.);
#9580 = EDGE_CURVE('',#9581,#9583,#9585,.T.);
#9581 = VERTEX_POINT('',#9582);
#9582 = CARTESIAN_POINT('',(229.5,22.6,164.));
#9583 = VERTEX_POINT('',#9584);
#9584 = CARTESIAN_POINT('',(229.5,22.6,214.));
#9585 = LINE('',#9586,#9587);
#9586 = CARTESIAN_POINT('',(229.5,22.6,164.));
#9587 = VECTOR('',#9588,1.);
#9588 = DIRECTION('',(0.,0.,1.));
#9589 = ORIENTED_EDGE('',*,*,#9590,.T.);
#9590 = EDGE_CURVE('',#9581,#9591,#9593,.T.);
#9591 = VERTEX_POINT('',#9592);
#9592 = CARTESIAN_POINT('',(229.5,32.6,164.));
#9593 = LINE('',#9594,#9595);
#9594 = CARTESIAN_POINT('',(229.5,22.6,164.));
#9595 = VECTOR('',#9596,1.);
#9596 = DIRECTION('',(-0.,1.,0.));
#9597 = ORIENTED_EDGE('',*,*,#9598,.T.);
#9598 = EDGE_CURVE('',#9591,#9599,#9601,.T.);
#9599 = VERTEX_POINT('',#9600);
#9600 = CARTESIAN_POINT('',(229.5,32.6,214.));
#9601 = LINE('',#9602,#9603);
#9602 = CARTESIAN_POINT('',(229.5,32.6,164.));
#9603 = VECTOR('',#9604,1.);
#9604 = DIRECTION('',(0.,0.,1.));
#9605 = ORIENTED_EDGE('',*,*,#9606,.F.);
#9606 = EDGE_CURVE('',#9583,#9599,#9607,.T.);
#9607 = LINE('',#9608,#9609);
#9608 = CARTESIAN_POINT('',(229.5,22.6,214.));
#9609 = VECTOR('',#9610,1.);
#9610 = DIRECTION('',(-0.,1.,0.));
#9611 = PLANE('',#9612);
#9612 = AXIS2_PLACEMENT_3D('',#9613,#9614,#9615);
#9613 = CARTESIAN_POINT('',(229.5,22.6,164.));
#9614 = DIRECTION('',(1.,0.,-0.));
#9615 = DIRECTION('',(0.,0.,1.));
#9616 = ADVANCED_FACE('',(#9617),#9633,.F.);
#9617 = FACE_BOUND('',#9618,.F.);
#9618 = EDGE_LOOP('',(#9619,#9625,#9626,#9632));
#9619 = ORIENTED_EDGE('',*,*,#9620,.F.);
#9620 = EDGE_CURVE('',#9541,#9581,#9621,.T.);
#9621 = LINE('',#9622,#9623);
#9622 = CARTESIAN_POINT('',(200.5,22.6,164.));
#9623 = VECTOR('',#9624,1.);
#9624 = DIRECTION('',(1.,0.,-0.));
#9625 = ORIENTED_EDGE('',*,*,#9540,.T.);
#9626 = ORIENTED_EDGE('',*,*,#9627,.T.);
#9627 = EDGE_CURVE('',#9543,#9583,#9628,.T.);
#9628 = LINE('',#9629,#9630);
#9629 = CARTESIAN_POINT('',(200.5,22.6,214.));
#9630 = VECTOR('',#9631,1.);
#9631 = DIRECTION('',(1.,0.,-0.));
#9632 = ORIENTED_EDGE('',*,*,#9580,.F.);
#9633 = PLANE('',#9634);
#9634 = AXIS2_PLACEMENT_3D('',#9635,#9636,#9637);
#9635 = CARTESIAN_POINT('',(200.5,22.6,164.));
#9636 = DIRECTION('',(-0.,1.,0.));
#9637 = DIRECTION('',(0.,0.,1.));
#9638 = ADVANCED_FACE('',(#9639),#9655,.T.);
#9639 = FACE_BOUND('',#9640,.T.);
#9640 = EDGE_LOOP('',(#9641,#9647,#9648,#9654));
#9641 = ORIENTED_EDGE('',*,*,#9642,.F.);
#9642 = EDGE_CURVE('',#9551,#9591,#9643,.T.);
#9643 = LINE('',#9644,#9645);
#9644 = CARTESIAN_POINT('',(200.5,32.6,164.));
#9645 = VECTOR('',#9646,1.);
#9646 = DIRECTION('',(1.,0.,-0.));
#9647 = ORIENTED_EDGE('',*,*,#9558,.T.);
#9648 = ORIENTED_EDGE('',*,*,#9649,.T.);
#9649 = EDGE_CURVE('',#9559,#9599,#9650,.T.);
#9650 = LINE('',#9651,#9652);
#9651 = CARTESIAN_POINT('',(200.5,32.6,214.));
#9652 = VECTOR('',#9653,1.);
#9653 = DIRECTION('',(1.,0.,-0.));
#9654 = ORIENTED_EDGE('',*,*,#9598,.F.);
#9655 = PLANE('',#9656);
#9656 = AXIS2_PLACEMENT_3D('',#9657,#9658,#9659);
#9657 = CARTESIAN_POINT('',(200.5,32.6,164.));
#9658 = DIRECTION('',(-0.,1.,0.));
#9659 = DIRECTION('',(0.,0.,1.));
#9660 = ADVANCED_FACE('',(#9661),#9667,.F.);
#9661 = FACE_BOUND('',#9662,.F.);
#9662 = EDGE_LOOP('',(#9663,#9664,#9665,#9666));
#9663 = ORIENTED_EDGE('',*,*,#9550,.F.);
#9664 = ORIENTED_EDGE('',*,*,#9620,.T.);
#9665 = ORIENTED_EDGE('',*,*,#9590,.T.);
#9666 = ORIENTED_EDGE('',*,*,#9642,.F.);
#9667 = PLANE('',#9668);
#9668 = AXIS2_PLACEMENT_3D('',#9669,#9670,#9671);
#9669 = CARTESIAN_POINT('',(200.5,22.6,164.));
#9670 = DIRECTION('',(0.,0.,1.));
#9671 = DIRECTION('',(1.,0.,-0.));
#9672 = ADVANCED_FACE('',(#9673),#9679,.T.);
#9673 = FACE_BOUND('',#9674,.T.);
#9674 = EDGE_LOOP('',(#9675,#9676,#9677,#9678));
#9675 = ORIENTED_EDGE('',*,*,#9566,.F.);
#9676 = ORIENTED_EDGE('',*,*,#9627,.T.);
#9677 = ORIENTED_EDGE('',*,*,#9606,.T.);
#9678 = ORIENTED_EDGE('',*,*,#9649,.F.);
#9679 = PLANE('',#9680);
#9680 = AXIS2_PLACEMENT_3D('',#9681,#9682,#9683);
#9681 = CARTESIAN_POINT('',(200.5,22.6,214.));
#9682 = DIRECTION('',(0.,0.,1.));
#9683 = DIRECTION('',(1.,0.,-0.));
#9684 = ( GEOMETRIC_REPRESENTATION_CONTEXT(3) 
GLOBAL_UNCERTAINTY_ASSIGNED_CONTEXT((#9688)) 
GLOBAL_UNIT_ASSIGNED_CONTEXT((#9685,#9686,#9687)) REPRESENTATION_CONTEXT
('Context #1','3D Context with UNIT and UNCERTAINTY') );
#9685 = ( LENGTH_UNIT() NAMED_UNIT(*) SI_UNIT(.MILLI.,.METRE.) );
#9686 = ( NAMED_UNIT(*) PLANE_ANGLE_UNIT() SI_UNIT($,.RADIAN.) );
#9687 = ( NAMED_UNIT(*) SI_UNIT($,.STERADIAN.) SOLID_ANGLE_UNIT() );
#9688 = UNCERTAINTY_MEASURE_WITH_UNIT(LENGTH_MEASURE(1.E-07),#9685,
  'distance_accuracy_value','confusion accuracy');
#9689 = CONTEXT_DEPENDENT_SHAPE_REPRESENTATION(#9690,#9692);
#9690 = ( REPRESENTATION_RELATIONSHIP('','',#9533,#10) 
REPRESENTATION_RELATIONSHIP_WITH_TRANSFORMATION(#9691) 
SHAPE_REPRESENTATION_RELATIONSHIP() );
#9691 = ITEM_DEFINED_TRANSFORMATION('','',#11,#127);
#9692 = PRODUCT_DEFINITION_SHAPE('Placement','Placement of an item',
  #9693);
#9693 = NEXT_ASSEMBLY_USAGE_OCCURRENCE('29','PA12 component envelope',''
  ,#5,#9528,$);
#9694 = PRODUCT_RELATED_PRODUCT_CATEGORY('part',$,(#9530));
#9695 = SHAPE_DEFINITION_REPRESENTATION(#9696,#9702);
#9696 = PRODUCT_DEFINITION_SHAPE('','',#9697);
#9697 = PRODUCT_DEFINITION('design','',#9698,#9701);
#9698 = PRODUCT_DEFINITION_FORMATION('','',#9699);
#9699 = PRODUCT('RF PA board PA13 (35x60)','RF PA board PA13 (35x60)',''
  ,(#9700));
#9700 = PRODUCT_CONTEXT('',#2,'mechanical');
#9701 = PRODUCT_DEFINITION_CONTEXT('part definition',#2,'design');
#9702 = ADVANCED_BREP_SHAPE_REPRESENTATION('',(#11,#9703),#9853);
#9703 = MANIFOLD_SOLID_BREP('',#9704);
#9704 = CLOSED_SHELL('',(#9705,#9745,#9785,#9807,#9829,#9841));
#9705 = ADVANCED_FACE('',(#9706),#9740,.F.);
#9706 = FACE_BOUND('',#9707,.F.);
#9707 = EDGE_LOOP('',(#9708,#9718,#9726,#9734));
#9708 = ORIENTED_EDGE('',*,*,#9709,.F.);
#9709 = EDGE_CURVE('',#9710,#9712,#9714,.T.);
#9710 = VERTEX_POINT('',#9711);
#9711 = CARTESIAN_POINT('',(77.5,21.,227.));
#9712 = VERTEX_POINT('',#9713);
#9713 = CARTESIAN_POINT('',(77.5,21.,287.));
#9714 = LINE('',#9715,#9716);
#9715 = CARTESIAN_POINT('',(77.5,21.,227.));
#9716 = VECTOR('',#9717,1.);
#9717 = DIRECTION('',(0.,0.,1.));
#9718 = ORIENTED_EDGE('',*,*,#9719,.T.);
#9719 = EDGE_CURVE('',#9710,#9720,#9722,.T.);
#9720 = VERTEX_POINT('',#9721);
#9721 = CARTESIAN_POINT('',(77.5,22.6,227.));
#9722 = LINE('',#9723,#9724);
#9723 = CARTESIAN_POINT('',(77.5,21.,227.));
#9724 = VECTOR('',#9725,1.);
#9725 = DIRECTION('',(-0.,1.,0.));
#9726 = ORIENTED_EDGE('',*,*,#9727,.T.);
#9727 = EDGE_CURVE('',#9720,#9728,#9730,.T.);
#9728 = VERTEX_POINT('',#9729);
#9729 = CARTESIAN_POINT('',(77.5,22.6,287.));
#9730 = LINE('',#9731,#9732);
#9731 = CARTESIAN_POINT('',(77.5,22.6,227.));
#9732 = VECTOR('',#9733,1.);
#9733 = DIRECTION('',(0.,0.,1.));
#9734 = ORIENTED_EDGE('',*,*,#9735,.F.);
#9735 = EDGE_CURVE('',#9712,#9728,#9736,.T.);
#9736 = LINE('',#9737,#9738);
#9737 = CARTESIAN_POINT('',(77.5,21.,287.));
#9738 = VECTOR('',#9739,1.);
#9739 = DIRECTION('',(-0.,1.,0.));
#9740 = PLANE('',#9741);
#9741 = AXIS2_PLACEMENT_3D('',#9742,#9743,#9744);
#9742 = CARTESIAN_POINT('',(77.5,21.,227.));
#9743 = DIRECTION('',(1.,0.,-0.));
#9744 = DIRECTION('',(0.,0.,1.));
#9745 = ADVANCED_FACE('',(#9746),#9780,.T.);
#9746 = FACE_BOUND('',#9747,.T.);
#9747 = EDGE_LOOP('',(#9748,#9758,#9766,#9774));
#9748 = ORIENTED_EDGE('',*,*,#9749,.F.);
#9749 = EDGE_CURVE('',#9750,#9752,#9754,.T.);
#9750 = VERTEX_POINT('',#9751);
#9751 = CARTESIAN_POINT('',(112.5,21.,227.));
#9752 = VERTEX_POINT('',#9753);
#9753 = CARTESIAN_POINT('',(112.5,21.,287.));
#9754 = LINE('',#9755,#9756);
#9755 = CARTESIAN_POINT('',(112.5,21.,227.));
#9756 = VECTOR('',#9757,1.);
#9757 = DIRECTION('',(0.,0.,1.));
#9758 = ORIENTED_EDGE('',*,*,#9759,.T.);
#9759 = EDGE_CURVE('',#9750,#9760,#9762,.T.);
#9760 = VERTEX_POINT('',#9761);
#9761 = CARTESIAN_POINT('',(112.5,22.6,227.));
#9762 = LINE('',#9763,#9764);
#9763 = CARTESIAN_POINT('',(112.5,21.,227.));
#9764 = VECTOR('',#9765,1.);
#9765 = DIRECTION('',(-0.,1.,0.));
#9766 = ORIENTED_EDGE('',*,*,#9767,.T.);
#9767 = EDGE_CURVE('',#9760,#9768,#9770,.T.);
#9768 = VERTEX_POINT('',#9769);
#9769 = CARTESIAN_POINT('',(112.5,22.6,287.));
#9770 = LINE('',#9771,#9772);
#9771 = CARTESIAN_POINT('',(112.5,22.6,227.));
#9772 = VECTOR('',#9773,1.);
#9773 = DIRECTION('',(0.,0.,1.));
#9774 = ORIENTED_EDGE('',*,*,#9775,.F.);
#9775 = EDGE_CURVE('',#9752,#9768,#9776,.T.);
#9776 = LINE('',#9777,#9778);
#9777 = CARTESIAN_POINT('',(112.5,21.,287.));
#9778 = VECTOR('',#9779,1.);
#9779 = DIRECTION('',(-0.,1.,0.));
#9780 = PLANE('',#9781);
#9781 = AXIS2_PLACEMENT_3D('',#9782,#9783,#9784);
#9782 = CARTESIAN_POINT('',(112.5,21.,227.));
#9783 = DIRECTION('',(1.,0.,-0.));
#9784 = DIRECTION('',(0.,0.,1.));
#9785 = ADVANCED_FACE('',(#9786),#9802,.F.);
#9786 = FACE_BOUND('',#9787,.F.);
#9787 = EDGE_LOOP('',(#9788,#9794,#9795,#9801));
#9788 = ORIENTED_EDGE('',*,*,#9789,.F.);
#9789 = EDGE_CURVE('',#9710,#9750,#9790,.T.);
#9790 = LINE('',#9791,#9792);
#9791 = CARTESIAN_POINT('',(77.5,21.,227.));
#9792 = VECTOR('',#9793,1.);
#9793 = DIRECTION('',(1.,0.,-0.));
#9794 = ORIENTED_EDGE('',*,*,#9709,.T.);
#9795 = ORIENTED_EDGE('',*,*,#9796,.T.);
#9796 = EDGE_CURVE('',#9712,#9752,#9797,.T.);
#9797 = LINE('',#9798,#9799);
#9798 = CARTESIAN_POINT('',(77.5,21.,287.));
#9799 = VECTOR('',#9800,1.);
#9800 = DIRECTION('',(1.,0.,-0.));
#9801 = ORIENTED_EDGE('',*,*,#9749,.F.);
#9802 = PLANE('',#9803);
#9803 = AXIS2_PLACEMENT_3D('',#9804,#9805,#9806);
#9804 = CARTESIAN_POINT('',(77.5,21.,227.));
#9805 = DIRECTION('',(-0.,1.,0.));
#9806 = DIRECTION('',(0.,0.,1.));
#9807 = ADVANCED_FACE('',(#9808),#9824,.T.);
#9808 = FACE_BOUND('',#9809,.T.);
#9809 = EDGE_LOOP('',(#9810,#9816,#9817,#9823));
#9810 = ORIENTED_EDGE('',*,*,#9811,.F.);
#9811 = EDGE_CURVE('',#9720,#9760,#9812,.T.);
#9812 = LINE('',#9813,#9814);
#9813 = CARTESIAN_POINT('',(77.5,22.6,227.));
#9814 = VECTOR('',#9815,1.);
#9815 = DIRECTION('',(1.,0.,-0.));
#9816 = ORIENTED_EDGE('',*,*,#9727,.T.);
#9817 = ORIENTED_EDGE('',*,*,#9818,.T.);
#9818 = EDGE_CURVE('',#9728,#9768,#9819,.T.);
#9819 = LINE('',#9820,#9821);
#9820 = CARTESIAN_POINT('',(77.5,22.6,287.));
#9821 = VECTOR('',#9822,1.);
#9822 = DIRECTION('',(1.,0.,-0.));
#9823 = ORIENTED_EDGE('',*,*,#9767,.F.);
#9824 = PLANE('',#9825);
#9825 = AXIS2_PLACEMENT_3D('',#9826,#9827,#9828);
#9826 = CARTESIAN_POINT('',(77.5,22.6,227.));
#9827 = DIRECTION('',(-0.,1.,0.));
#9828 = DIRECTION('',(0.,0.,1.));
#9829 = ADVANCED_FACE('',(#9830),#9836,.F.);
#9830 = FACE_BOUND('',#9831,.F.);
#9831 = EDGE_LOOP('',(#9832,#9833,#9834,#9835));
#9832 = ORIENTED_EDGE('',*,*,#9719,.F.);
#9833 = ORIENTED_EDGE('',*,*,#9789,.T.);
#9834 = ORIENTED_EDGE('',*,*,#9759,.T.);
#9835 = ORIENTED_EDGE('',*,*,#9811,.F.);
#9836 = PLANE('',#9837);
#9837 = AXIS2_PLACEMENT_3D('',#9838,#9839,#9840);
#9838 = CARTESIAN_POINT('',(77.5,21.,227.));
#9839 = DIRECTION('',(0.,0.,1.));
#9840 = DIRECTION('',(1.,0.,-0.));
#9841 = ADVANCED_FACE('',(#9842),#9848,.T.);
#9842 = FACE_BOUND('',#9843,.T.);
#9843 = EDGE_LOOP('',(#9844,#9845,#9846,#9847));
#9844 = ORIENTED_EDGE('',*,*,#9735,.F.);
#9845 = ORIENTED_EDGE('',*,*,#9796,.T.);
#9846 = ORIENTED_EDGE('',*,*,#9775,.T.);
#9847 = ORIENTED_EDGE('',*,*,#9818,.F.);
#9848 = PLANE('',#9849);
#9849 = AXIS2_PLACEMENT_3D('',#9850,#9851,#9852);
#9850 = CARTESIAN_POINT('',(77.5,21.,287.));
#9851 = DIRECTION('',(0.,0.,1.));
#9852 = DIRECTION('',(1.,0.,-0.));
#9853 = ( GEOMETRIC_REPRESENTATION_CONTEXT(3) 
GLOBAL_UNCERTAINTY_ASSIGNED_CONTEXT((#9857)) 
GLOBAL_UNIT_ASSIGNED_CONTEXT((#9854,#9855,#9856)) REPRESENTATION_CONTEXT
('Context #1','3D Context with UNIT and UNCERTAINTY') );
#9854 = ( LENGTH_UNIT() NAMED_UNIT(*) SI_UNIT(.MILLI.,.METRE.) );
#9855 = ( NAMED_UNIT(*) PLANE_ANGLE_UNIT() SI_UNIT($,.RADIAN.) );
#9856 = ( NAMED_UNIT(*) SI_UNIT($,.STERADIAN.) SOLID_ANGLE_UNIT() );
#9857 = UNCERTAINTY_MEASURE_WITH_UNIT(LENGTH_MEASURE(1.E-07),#9854,
  'distance_accuracy_value','confusion accuracy');
#9858 = CONTEXT_DEPENDENT_SHAPE_REPRESENTATION(#9859,#9861);
#9859 = ( REPRESENTATION_RELATIONSHIP('','',#9702,#10) 
REPRESENTATION_RELATIONSHIP_WITH_TRANSFORMATION(#9860) 
SHAPE_REPRESENTATION_RELATIONSHIP() );
#9860 = ITEM_DEFINED_TRANSFORMATION('','',#11,#131);
#9861 = PRODUCT_DEFINITION_SHAPE('Placement','Placement of an item',
  #9862);
#9862 = NEXT_ASSEMBLY_USAGE_OCCURRENCE('30','RF PA board PA13 (35x60)',
  '',#5,#9697,$);
#9863 = PRODUCT_RELATED_PRODUCT_CATEGORY('part',$,(#9699));
#9864 = SHAPE_DEFINITION_REPRESENTATION(#9865,#9871);
#9865 = PRODUCT_DEFINITION_SHAPE('','',#9866);
#9866 = PRODUCT_DEFINITION('design','',#9867,#9870);
#9867 = PRODUCT_DEFINITION_FORMATION('','',#9868);
#9868 = PRODUCT('PA13 component envelope','PA13 component envelope','',(
    #9869));
#9869 = PRODUCT_CONTEXT('',#2,'mechanical');
#9870 = PRODUCT_DEFINITION_CONTEXT('part definition',#2,'design');
#9871 = ADVANCED_BREP_SHAPE_REPRESENTATION('',(#11,#9872),#10022);
#9872 = MANIFOLD_SOLID_BREP('',#9873);
#9873 = CLOSED_SHELL('',(#9874,#9914,#9954,#9976,#9998,#10010));
#9874 = ADVANCED_FACE('',(#9875),#9909,.F.);
#9875 = FACE_BOUND('',#9876,.F.);
#9876 = EDGE_LOOP('',(#9877,#9887,#9895,#9903));
#9877 = ORIENTED_EDGE('',*,*,#9878,.F.);
#9878 = EDGE_CURVE('',#9879,#9881,#9883,.T.);
#9879 = VERTEX_POINT('',#9880);
#9880 = CARTESIAN_POINT('',(80.5,22.6,232.));
#9881 = VERTEX_POINT('',#9882);
#9882 = CARTESIAN_POINT('',(80.5,22.6,282.));
#9883 = LINE('',#9884,#9885);
#9884 = CARTESIAN_POINT('',(80.5,22.6,232.));
#9885 = VECTOR('',#9886,1.);
#9886 = DIRECTION('',(0.,0.,1.));
#9887 = ORIENTED_EDGE('',*,*,#9888,.T.);
#9888 = EDGE_CURVE('',#9879,#9889,#9891,.T.);
#9889 = VERTEX_POINT('',#9890);
#9890 = CARTESIAN_POINT('',(80.5,32.6,232.));
#9891 = LINE('',#9892,#9893);
#9892 = CARTESIAN_POINT('',(80.5,22.6,232.));
#9893 = VECTOR('',#9894,1.);
#9894 = DIRECTION('',(-0.,1.,0.));
#9895 = ORIENTED_EDGE('',*,*,#9896,.T.);
#9896 = EDGE_CURVE('',#9889,#9897,#9899,.T.);
#9897 = VERTEX_POINT('',#9898);
#9898 = CARTESIAN_POINT('',(80.5,32.6,282.));
#9899 = LINE('',#9900,#9901);
#9900 = CARTESIAN_POINT('',(80.5,32.6,232.));
#9901 = VECTOR('',#9902,1.);
#9902 = DIRECTION('',(0.,0.,1.));
#9903 = ORIENTED_EDGE('',*,*,#9904,.F.);
#9904 = EDGE_CURVE('',#9881,#9897,#9905,.T.);
#9905 = LINE('',#9906,#9907);
#9906 = CARTESIAN_POINT('',(80.5,22.6,282.));
#9907 = VECTOR('',#9908,1.);
#9908 = DIRECTION('',(-0.,1.,0.));
#9909 = PLANE('',#9910);
#9910 = AXIS2_PLACEMENT_3D('',#9911,#9912,#9913);
#9911 = CARTESIAN_POINT('',(80.5,22.6,232.));
#9912 = DIRECTION('',(1.,0.,-0.));
#9913 = DIRECTION('',(0.,0.,1.));
#9914 = ADVANCED_FACE('',(#9915),#9949,.T.);
#9915 = FACE_BOUND('',#9916,.T.);
#9916 = EDGE_LOOP('',(#9917,#9927,#9935,#9943));
#9917 = ORIENTED_EDGE('',*,*,#9918,.F.);
#9918 = EDGE_CURVE('',#9919,#9921,#9923,.T.);
#9919 = VERTEX_POINT('',#9920);
#9920 = CARTESIAN_POINT('',(109.5,22.6,232.));
#9921 = VERTEX_POINT('',#9922);
#9922 = CARTESIAN_POINT('',(109.5,22.6,282.));
#9923 = LINE('',#9924,#9925);
#9924 = CARTESIAN_POINT('',(109.5,22.6,232.));
#9925 = VECTOR('',#9926,1.);
#9926 = DIRECTION('',(0.,0.,1.));
#9927 = ORIENTED_EDGE('',*,*,#9928,.T.);
#9928 = EDGE_CURVE('',#9919,#9929,#9931,.T.);
#9929 = VERTEX_POINT('',#9930);
#9930 = CARTESIAN_POINT('',(109.5,32.6,232.));
#9931 = LINE('',#9932,#9933);
#9932 = CARTESIAN_POINT('',(109.5,22.6,232.));
#9933 = VECTOR('',#9934,1.);
#9934 = DIRECTION('',(-0.,1.,0.));
#9935 = ORIENTED_EDGE('',*,*,#9936,.T.);
#9936 = EDGE_CURVE('',#9929,#9937,#9939,.T.);
#9937 = VERTEX_POINT('',#9938);
#9938 = CARTESIAN_POINT('',(109.5,32.6,282.));
#9939 = LINE('',#9940,#9941);
#9940 = CARTESIAN_POINT('',(109.5,32.6,232.));
#9941 = VECTOR('',#9942,1.);
#9942 = DIRECTION('',(0.,0.,1.));
#9943 = ORIENTED_EDGE('',*,*,#9944,.F.);
#9944 = EDGE_CURVE('',#9921,#9937,#9945,.T.);
#9945 = LINE('',#9946,#9947);
#9946 = CARTESIAN_POINT('',(109.5,22.6,282.));
#9947 = VECTOR('',#9948,1.);
#9948 = DIRECTION('',(-0.,1.,0.));
#9949 = PLANE('',#9950);
#9950 = AXIS2_PLACEMENT_3D('',#9951,#9952,#9953);
#9951 = CARTESIAN_POINT('',(109.5,22.6,232.));
#9952 = DIRECTION('',(1.,0.,-0.));
#9953 = DIRECTION('',(0.,0.,1.));
#9954 = ADVANCED_FACE('',(#9955),#9971,.F.);
#9955 = FACE_BOUND('',#9956,.F.);
#9956 = EDGE_LOOP('',(#9957,#9963,#9964,#9970));
#9957 = ORIENTED_EDGE('',*,*,#9958,.F.);
#9958 = EDGE_CURVE('',#9879,#9919,#9959,.T.);
#9959 = LINE('',#9960,#9961);
#9960 = CARTESIAN_POINT('',(80.5,22.6,232.));
#9961 = VECTOR('',#9962,1.);
#9962 = DIRECTION('',(1.,0.,-0.));
#9963 = ORIENTED_EDGE('',*,*,#9878,.T.);
#9964 = ORIENTED_EDGE('',*,*,#9965,.T.);
#9965 = EDGE_CURVE('',#9881,#9921,#9966,.T.);
#9966 = LINE('',#9967,#9968);
#9967 = CARTESIAN_POINT('',(80.5,22.6,282.));
#9968 = VECTOR('',#9969,1.);
#9969 = DIRECTION('',(1.,0.,-0.));
#9970 = ORIENTED_EDGE('',*,*,#9918,.F.);
#9971 = PLANE('',#9972);
#9972 = AXIS2_PLACEMENT_3D('',#9973,#9974,#9975);
#9973 = CARTESIAN_POINT('',(80.5,22.6,232.));
#9974 = DIRECTION('',(-0.,1.,0.));
#9975 = DIRECTION('',(0.,0.,1.));
#9976 = ADVANCED_FACE('',(#9977),#9993,.T.);
#9977 = FACE_BOUND('',#9978,.T.);
#9978 = EDGE_LOOP('',(#9979,#9985,#9986,#9992));
#9979 = ORIENTED_EDGE('',*,*,#9980,.F.);
#9980 = EDGE_CURVE('',#9889,#9929,#9981,.T.);
#9981 = LINE('',#9982,#9983);
#9982 = CARTESIAN_POINT('',(80.5,32.6,232.));
#9983 = VECTOR('',#9984,1.);
#9984 = DIRECTION('',(1.,0.,-0.));
#9985 = ORIENTED_EDGE('',*,*,#9896,.T.);
#9986 = ORIENTED_EDGE('',*,*,#9987,.T.);
#9987 = EDGE_CURVE('',#9897,#9937,#9988,.T.);
#9988 = LINE('',#9989,#9990);
#9989 = CARTESIAN_POINT('',(80.5,32.6,282.));
#9990 = VECTOR('',#9991,1.);
#9991 = DIRECTION('',(1.,0.,-0.));
#9992 = ORIENTED_EDGE('',*,*,#9936,.F.);
#9993 = PLANE('',#9994);
#9994 = AXIS2_PLACEMENT_3D('',#9995,#9996,#9997);
#9995 = CARTESIAN_POINT('',(80.5,32.6,232.));
#9996 = DIRECTION('',(-0.,1.,0.));
#9997 = DIRECTION('',(0.,0.,1.));
#9998 = ADVANCED_FACE('',(#9999),#10005,.F.);
#9999 = FACE_BOUND('',#10000,.F.);
#10000 = EDGE_LOOP('',(#10001,#10002,#10003,#10004));
#10001 = ORIENTED_EDGE('',*,*,#9888,.F.);
#10002 = ORIENTED_EDGE('',*,*,#9958,.T.);
#10003 = ORIENTED_EDGE('',*,*,#9928,.T.);
#10004 = ORIENTED_EDGE('',*,*,#9980,.F.);
#10005 = PLANE('',#10006);
#10006 = AXIS2_PLACEMENT_3D('',#10007,#10008,#10009);
#10007 = CARTESIAN_POINT('',(80.5,22.6,232.));
#10008 = DIRECTION('',(0.,0.,1.));
#10009 = DIRECTION('',(1.,0.,-0.));
#10010 = ADVANCED_FACE('',(#10011),#10017,.T.);
#10011 = FACE_BOUND('',#10012,.T.);
#10012 = EDGE_LOOP('',(#10013,#10014,#10015,#10016));
#10013 = ORIENTED_EDGE('',*,*,#9904,.F.);
#10014 = ORIENTED_EDGE('',*,*,#9965,.T.);
#10015 = ORIENTED_EDGE('',*,*,#9944,.T.);
#10016 = ORIENTED_EDGE('',*,*,#9987,.F.);
#10017 = PLANE('',#10018);
#10018 = AXIS2_PLACEMENT_3D('',#10019,#10020,#10021);
#10019 = CARTESIAN_POINT('',(80.5,22.6,282.));
#10020 = DIRECTION('',(0.,0.,1.));
#10021 = DIRECTION('',(1.,0.,-0.));
#10022 = ( GEOMETRIC_REPRESENTATION_CONTEXT(3) 
GLOBAL_UNCERTAINTY_ASSIGNED_CONTEXT((#10026)) 
GLOBAL_UNIT_ASSIGNED_CONTEXT((#10023,#10024,#10025)) 
REPRESENTATION_CONTEXT('Context #1',
  '3D Context with UNIT and UNCERTAINTY') );
#10023 = ( LENGTH_UNIT() NAMED_UNIT(*) SI_UNIT(.MILLI.,.METRE.) );
#10024 = ( NAMED_UNIT(*) PLANE_ANGLE_UNIT() SI_UNIT($,.RADIAN.) );
#10025 = ( NAMED_UNIT(*) SI_UNIT($,.STERADIAN.) SOLID_ANGLE_UNIT() );
#10026 = UNCERTAINTY_MEASURE_WITH_UNIT(LENGTH_MEASURE(1.E-07),#10023,
  'distance_accuracy_value','confusion accuracy');
#10027 = CONTEXT_DEPENDENT_SHAPE_REPRESENTATION(#10028,#10030);
#10028 = ( REPRESENTATION_RELATIONSHIP('','',#9871,#10) 
REPRESENTATION_RELATIONSHIP_WITH_TRANSFORMATION(#10029) 
SHAPE_REPRESENTATION_RELATIONSHIP() );
#10029 = ITEM_DEFINED_TRANSFORMATION('','',#11,#135);
#10030 = PRODUCT_DEFINITION_SHAPE('Placement','Placement of an item',
  #10031);
#10031 = NEXT_ASSEMBLY_USAGE_OCCURRENCE('31','PA13 component envelope',
  '',#5,#9866,$);
#10032 = PRODUCT_RELATED_PRODUCT_CATEGORY('part',$,(#9868));
#10033 = SHAPE_DEFINITION_REPRESENTATION(#10034,#10040);
#10034 = PRODUCT_DEFINITION_SHAPE('','',#10035);
#10035 = PRODUCT_DEFINITION('design','',#10036,#10039);
#10036 = PRODUCT_DEFINITION_FORMATION('','',#10037);
#10037 = PRODUCT('RF PA board PA14 (35x60)','RF PA board PA14 (35x60)',
  '',(#10038));
#10038 = PRODUCT_CONTEXT('',#2,'mechanical');
#10039 = PRODUCT_DEFINITION_CONTEXT('part definition',#2,'design');
#10040 = ADVANCED_BREP_SHAPE_REPRESENTATION('',(#11,#10041),#10191);
#10041 = MANIFOLD_SOLID_BREP('',#10042);
#10042 = CLOSED_SHELL('',(#10043,#10083,#10123,#10145,#10167,#10179));
#10043 = ADVANCED_FACE('',(#10044),#10078,.F.);
#10044 = FACE_BOUND('',#10045,.F.);
#10045 = EDGE_LOOP('',(#10046,#10056,#10064,#10072));
#10046 = ORIENTED_EDGE('',*,*,#10047,.F.);
#10047 = EDGE_CURVE('',#10048,#10050,#10052,.T.);
#10048 = VERTEX_POINT('',#10049);
#10049 = CARTESIAN_POINT('',(117.5,21.,227.));
#10050 = VERTEX_POINT('',#10051);
#10051 = CARTESIAN_POINT('',(117.5,21.,287.));
#10052 = LINE('',#10053,#10054);
#10053 = CARTESIAN_POINT('',(117.5,21.,227.));
#10054 = VECTOR('',#10055,1.);
#10055 = DIRECTION('',(0.,0.,1.));
#10056 = ORIENTED_EDGE('',*,*,#10057,.T.);
#10057 = EDGE_CURVE('',#10048,#10058,#10060,.T.);
#10058 = VERTEX_POINT('',#10059);
#10059 = CARTESIAN_POINT('',(117.5,22.6,227.));
#10060 = LINE('',#10061,#10062);
#10061 = CARTESIAN_POINT('',(117.5,21.,227.));
#10062 = VECTOR('',#10063,1.);
#10063 = DIRECTION('',(-0.,1.,0.));
#10064 = ORIENTED_EDGE('',*,*,#10065,.T.);
#10065 = EDGE_CURVE('',#10058,#10066,#10068,.T.);
#10066 = VERTEX_POINT('',#10067);
#10067 = CARTESIAN_POINT('',(117.5,22.6,287.));
#10068 = LINE('',#10069,#10070);
#10069 = CARTESIAN_POINT('',(117.5,22.6,227.));
#10070 = VECTOR('',#10071,1.);
#10071 = DIRECTION('',(0.,0.,1.));
#10072 = ORIENTED_EDGE('',*,*,#10073,.F.);
#10073 = EDGE_CURVE('',#10050,#10066,#10074,.T.);
#10074 = LINE('',#10075,#10076);
#10075 = CARTESIAN_POINT('',(117.5,21.,287.));
#10076 = VECTOR('',#10077,1.);
#10077 = DIRECTION('',(-0.,1.,0.));
#10078 = PLANE('',#10079);
#10079 = AXIS2_PLACEMENT_3D('',#10080,#10081,#10082);
#10080 = CARTESIAN_POINT('',(117.5,21.,227.));
#10081 = DIRECTION('',(1.,0.,-0.));
#10082 = DIRECTION('',(0.,0.,1.));
#10083 = ADVANCED_FACE('',(#10084),#10118,.T.);
#10084 = FACE_BOUND('',#10085,.T.);
#10085 = EDGE_LOOP('',(#10086,#10096,#10104,#10112));
#10086 = ORIENTED_EDGE('',*,*,#10087,.F.);
#10087 = EDGE_CURVE('',#10088,#10090,#10092,.T.);
#10088 = VERTEX_POINT('',#10089);
#10089 = CARTESIAN_POINT('',(152.5,21.,227.));
#10090 = VERTEX_POINT('',#10091);
#10091 = CARTESIAN_POINT('',(152.5,21.,287.));
#10092 = LINE('',#10093,#10094);
#10093 = CARTESIAN_POINT('',(152.5,21.,227.));
#10094 = VECTOR('',#10095,1.);
#10095 = DIRECTION('',(0.,0.,1.));
#10096 = ORIENTED_EDGE('',*,*,#10097,.T.);
#10097 = EDGE_CURVE('',#10088,#10098,#10100,.T.);
#10098 = VERTEX_POINT('',#10099);
#10099 = CARTESIAN_POINT('',(152.5,22.6,227.));
#10100 = LINE('',#10101,#10102);
#10101 = CARTESIAN_POINT('',(152.5,21.,227.));
#10102 = VECTOR('',#10103,1.);
#10103 = DIRECTION('',(-0.,1.,0.));
#10104 = ORIENTED_EDGE('',*,*,#10105,.T.);
#10105 = EDGE_CURVE('',#10098,#10106,#10108,.T.);
#10106 = VERTEX_POINT('',#10107);
#10107 = CARTESIAN_POINT('',(152.5,22.6,287.));
#10108 = LINE('',#10109,#10110);
#10109 = CARTESIAN_POINT('',(152.5,22.6,227.));
#10110 = VECTOR('',#10111,1.);
#10111 = DIRECTION('',(0.,0.,1.));
#10112 = ORIENTED_EDGE('',*,*,#10113,.F.);
#10113 = EDGE_CURVE('',#10090,#10106,#10114,.T.);
#10114 = LINE('',#10115,#10116);
#10115 = CARTESIAN_POINT('',(152.5,21.,287.));
#10116 = VECTOR('',#10117,1.);
#10117 = DIRECTION('',(-0.,1.,0.));
#10118 = PLANE('',#10119);
#10119 = AXIS2_PLACEMENT_3D('',#10120,#10121,#10122);
#10120 = CARTESIAN_POINT('',(152.5,21.,227.));
#10121 = DIRECTION('',(1.,0.,-0.));
#10122 = DIRECTION('',(0.,0.,1.));
#10123 = ADVANCED_FACE('',(#10124),#10140,.F.);
#10124 = FACE_BOUND('',#10125,.F.);
#10125 = EDGE_LOOP('',(#10126,#10132,#10133,#10139));
#10126 = ORIENTED_EDGE('',*,*,#10127,.F.);
#10127 = EDGE_CURVE('',#10048,#10088,#10128,.T.);
#10128 = LINE('',#10129,#10130);
#10129 = CARTESIAN_POINT('',(117.5,21.,227.));
#10130 = VECTOR('',#10131,1.);
#10131 = DIRECTION('',(1.,0.,-0.));
#10132 = ORIENTED_EDGE('',*,*,#10047,.T.);
#10133 = ORIENTED_EDGE('',*,*,#10134,.T.);
#10134 = EDGE_CURVE('',#10050,#10090,#10135,.T.);
#10135 = LINE('',#10136,#10137);
#10136 = CARTESIAN_POINT('',(117.5,21.,287.));
#10137 = VECTOR('',#10138,1.);
#10138 = DIRECTION('',(1.,0.,-0.));
#10139 = ORIENTED_EDGE('',*,*,#10087,.F.);
#10140 = PLANE('',#10141);
#10141 = AXIS2_PLACEMENT_3D('',#10142,#10143,#10144);
#10142 = CARTESIAN_POINT('',(117.5,21.,227.));
#10143 = DIRECTION('',(-0.,1.,0.));
#10144 = DIRECTION('',(0.,0.,1.));
#10145 = ADVANCED_FACE('',(#10146),#10162,.T.);
#10146 = FACE_BOUND('',#10147,.T.);
#10147 = EDGE_LOOP('',(#10148,#10154,#10155,#10161));
#10148 = ORIENTED_EDGE('',*,*,#10149,.F.);
#10149 = EDGE_CURVE('',#10058,#10098,#10150,.T.);
#10150 = LINE('',#10151,#10152);
#10151 = CARTESIAN_POINT('',(117.5,22.6,227.));
#10152 = VECTOR('',#10153,1.);
#10153 = DIRECTION('',(1.,0.,-0.));
#10154 = ORIENTED_EDGE('',*,*,#10065,.T.);
#10155 = ORIENTED_EDGE('',*,*,#10156,.T.);
#10156 = EDGE_CURVE('',#10066,#10106,#10157,.T.);
#10157 = LINE('',#10158,#10159);
#10158 = CARTESIAN_POINT('',(117.5,22.6,287.));
#10159 = VECTOR('',#10160,1.);
#10160 = DIRECTION('',(1.,0.,-0.));
#10161 = ORIENTED_EDGE('',*,*,#10105,.F.);
#10162 = PLANE('',#10163);
#10163 = AXIS2_PLACEMENT_3D('',#10164,#10165,#10166);
#10164 = CARTESIAN_POINT('',(117.5,22.6,227.));
#10165 = DIRECTION('',(-0.,1.,0.));
#10166 = DIRECTION('',(0.,0.,1.));
#10167 = ADVANCED_FACE('',(#10168),#10174,.F.);
#10168 = FACE_BOUND('',#10169,.F.);
#10169 = EDGE_LOOP('',(#10170,#10171,#10172,#10173));
#10170 = ORIENTED_EDGE('',*,*,#10057,.F.);
#10171 = ORIENTED_EDGE('',*,*,#10127,.T.);
#10172 = ORIENTED_EDGE('',*,*,#10097,.T.);
#10173 = ORIENTED_EDGE('',*,*,#10149,.F.);
#10174 = PLANE('',#10175);
#10175 = AXIS2_PLACEMENT_3D('',#10176,#10177,#10178);
#10176 = CARTESIAN_POINT('',(117.5,21.,227.));
#10177 = DIRECTION('',(0.,0.,1.));
#10178 = DIRECTION('',(1.,0.,-0.));
#10179 = ADVANCED_FACE('',(#10180),#10186,.T.);
#10180 = FACE_BOUND('',#10181,.T.);
#10181 = EDGE_LOOP('',(#10182,#10183,#10184,#10185));
#10182 = ORIENTED_EDGE('',*,*,#10073,.F.);
#10183 = ORIENTED_EDGE('',*,*,#10134,.T.);
#10184 = ORIENTED_EDGE('',*,*,#10113,.T.);
#10185 = ORIENTED_EDGE('',*,*,#10156,.F.);
#10186 = PLANE('',#10187);
#10187 = AXIS2_PLACEMENT_3D('',#10188,#10189,#10190);
#10188 = CARTESIAN_POINT('',(117.5,21.,287.));
#10189 = DIRECTION('',(0.,0.,1.));
#10190 = DIRECTION('',(1.,0.,-0.));
#10191 = ( GEOMETRIC_REPRESENTATION_CONTEXT(3) 
GLOBAL_UNCERTAINTY_ASSIGNED_CONTEXT((#10195)) 
GLOBAL_UNIT_ASSIGNED_CONTEXT((#10192,#10193,#10194)) 
REPRESENTATION_CONTEXT('Context #1',
  '3D Context with UNIT and UNCERTAINTY') );
#10192 = ( LENGTH_UNIT() NAMED_UNIT(*) SI_UNIT(.MILLI.,.METRE.) );
#10193 = ( NAMED_UNIT(*) PLANE_ANGLE_UNIT() SI_UNIT($,.RADIAN.) );
#10194 = ( NAMED_UNIT(*) SI_UNIT($,.STERADIAN.) SOLID_ANGLE_UNIT() );
#10195 = UNCERTAINTY_MEASURE_WITH_UNIT(LENGTH_MEASURE(1.E-07),#10192,
  'distance_accuracy_value','confusion accuracy');
#10196 = CONTEXT_DEPENDENT_SHAPE_REPRESENTATION(#10197,#10199);
#10197 = ( REPRESENTATION_RELATIONSHIP('','',#10040,#10) 
REPRESENTATION_RELATIONSHIP_WITH_TRANSFORMATION(#10198) 
SHAPE_REPRESENTATION_RELATIONSHIP() );
#10198 = ITEM_DEFINED_TRANSFORMATION('','',#11,#139);
#10199 = PRODUCT_DEFINITION_SHAPE('Placement','Placement of an item',
  #10200);
#10200 = NEXT_ASSEMBLY_USAGE_OCCURRENCE('32','RF PA board PA14 (35x60)',
  '',#5,#10035,$);
#10201 = PRODUCT_RELATED_PRODUCT_CATEGORY('part',$,(#10037));
#10202 = SHAPE_DEFINITION_REPRESENTATION(#10203,#10209);
#10203 = PRODUCT_DEFINITION_SHAPE('','',#10204);
#10204 = PRODUCT_DEFINITION('design','',#10205,#10208);
#10205 = PRODUCT_DEFINITION_FORMATION('','',#10206);
#10206 = PRODUCT('PA14 component envelope','PA14 component envelope','',
  (#10207));
#10207 = PRODUCT_CONTEXT('',#2,'mechanical');
#10208 = PRODUCT_DEFINITION_CONTEXT('part definition',#2,'design');
#10209 = ADVANCED_BREP_SHAPE_REPRESENTATION('',(#11,#10210),#10360);
#10210 = MANIFOLD_SOLID_BREP('',#10211);
#10211 = CLOSED_SHELL('',(#10212,#10252,#10292,#10314,#10336,#10348));
#10212 = ADVANCED_FACE('',(#10213),#10247,.F.);
#10213 = FACE_BOUND('',#10214,.F.);
#10214 = EDGE_LOOP('',(#10215,#10225,#10233,#10241));
#10215 = ORIENTED_EDGE('',*,*,#10216,.F.);
#10216 = EDGE_CURVE('',#10217,#10219,#10221,.T.);
#10217 = VERTEX_POINT('',#10218);
#10218 = CARTESIAN_POINT('',(120.5,22.6,232.));
#10219 = VERTEX_POINT('',#10220);
#10220 = CARTESIAN_POINT('',(120.5,22.6,282.));
#10221 = LINE('',#10222,#10223);
#10222 = CARTESIAN_POINT('',(120.5,22.6,232.));
#10223 = VECTOR('',#10224,1.);
#10224 = DIRECTION('',(0.,0.,1.));
#10225 = ORIENTED_EDGE('',*,*,#10226,.T.);
#10226 = EDGE_CURVE('',#10217,#10227,#10229,.T.);
#10227 = VERTEX_POINT('',#10228);
#10228 = CARTESIAN_POINT('',(120.5,32.6,232.));
#10229 = LINE('',#10230,#10231);
#10230 = CARTESIAN_POINT('',(120.5,22.6,232.));
#10231 = VECTOR('',#10232,1.);
#10232 = DIRECTION('',(-0.,1.,0.));
#10233 = ORIENTED_EDGE('',*,*,#10234,.T.);
#10234 = EDGE_CURVE('',#10227,#10235,#10237,.T.);
#10235 = VERTEX_POINT('',#10236);
#10236 = CARTESIAN_POINT('',(120.5,32.6,282.));
#10237 = LINE('',#10238,#10239);
#10238 = CARTESIAN_POINT('',(120.5,32.6,232.));
#10239 = VECTOR('',#10240,1.);
#10240 = DIRECTION('',(0.,0.,1.));
#10241 = ORIENTED_EDGE('',*,*,#10242,.F.);
#10242 = EDGE_CURVE('',#10219,#10235,#10243,.T.);
#10243 = LINE('',#10244,#10245);
#10244 = CARTESIAN_POINT('',(120.5,22.6,282.));
#10245 = VECTOR('',#10246,1.);
#10246 = DIRECTION('',(-0.,1.,0.));
#10247 = PLANE('',#10248);
#10248 = AXIS2_PLACEMENT_3D('',#10249,#10250,#10251);
#10249 = CARTESIAN_POINT('',(120.5,22.6,232.));
#10250 = DIRECTION('',(1.,0.,-0.));
#10251 = DIRECTION('',(0.,0.,1.));
#10252 = ADVANCED_FACE('',(#10253),#10287,.T.);
#10253 = FACE_BOUND('',#10254,.T.);
#10254 = EDGE_LOOP('',(#10255,#10265,#10273,#10281));
#10255 = ORIENTED_EDGE('',*,*,#10256,.F.);
#10256 = EDGE_CURVE('',#10257,#10259,#10261,.T.);
#10257 = VERTEX_POINT('',#10258);
#10258 = CARTESIAN_POINT('',(149.5,22.6,232.));
#10259 = VERTEX_POINT('',#10260);
#10260 = CARTESIAN_POINT('',(149.5,22.6,282.));
#10261 = LINE('',#10262,#10263);
#10262 = CARTESIAN_POINT('',(149.5,22.6,232.));
#10263 = VECTOR('',#10264,1.);
#10264 = DIRECTION('',(0.,0.,1.));
#10265 = ORIENTED_EDGE('',*,*,#10266,.T.);
#10266 = EDGE_CURVE('',#10257,#10267,#10269,.T.);
#10267 = VERTEX_POINT('',#10268);
#10268 = CARTESIAN_POINT('',(149.5,32.6,232.));
#10269 = LINE('',#10270,#10271);
#10270 = CARTESIAN_POINT('',(149.5,22.6,232.));
#10271 = VECTOR('',#10272,1.);
#10272 = DIRECTION('',(-0.,1.,0.));
#10273 = ORIENTED_EDGE('',*,*,#10274,.T.);
#10274 = EDGE_CURVE('',#10267,#10275,#10277,.T.);
#10275 = VERTEX_POINT('',#10276);
#10276 = CARTESIAN_POINT('',(149.5,32.6,282.));
#10277 = LINE('',#10278,#10279);
#10278 = CARTESIAN_POINT('',(149.5,32.6,232.));
#10279 = VECTOR('',#10280,1.);
#10280 = DIRECTION('',(0.,0.,1.));
#10281 = ORIENTED_EDGE('',*,*,#10282,.F.);
#10282 = EDGE_CURVE('',#10259,#10275,#10283,.T.);
#10283 = LINE('',#10284,#10285);
#10284 = CARTESIAN_POINT('',(149.5,22.6,282.));
#10285 = VECTOR('',#10286,1.);
#10286 = DIRECTION('',(-0.,1.,0.));
#10287 = PLANE('',#10288);
#10288 = AXIS2_PLACEMENT_3D('',#10289,#10290,#10291);
#10289 = CARTESIAN_POINT('',(149.5,22.6,232.));
#10290 = DIRECTION('',(1.,0.,-0.));
#10291 = DIRECTION('',(0.,0.,1.));
#10292 = ADVANCED_FACE('',(#10293),#10309,.F.);
#10293 = FACE_BOUND('',#10294,.F.);
#10294 = EDGE_LOOP('',(#10295,#10301,#10302,#10308));
#10295 = ORIENTED_EDGE('',*,*,#10296,.F.);
#10296 = EDGE_CURVE('',#10217,#10257,#10297,.T.);
#10297 = LINE('',#10298,#10299);
#10298 = CARTESIAN_POINT('',(120.5,22.6,232.));
#10299 = VECTOR('',#10300,1.);
#10300 = DIRECTION('',(1.,0.,-0.));
#10301 = ORIENTED_EDGE('',*,*,#10216,.T.);
#10302 = ORIENTED_EDGE('',*,*,#10303,.T.);
#10303 = EDGE_CURVE('',#10219,#10259,#10304,.T.);
#10304 = LINE('',#10305,#10306);
#10305 = CARTESIAN_POINT('',(120.5,22.6,282.));
#10306 = VECTOR('',#10307,1.);
#10307 = DIRECTION('',(1.,0.,-0.));
#10308 = ORIENTED_EDGE('',*,*,#10256,.F.);
#10309 = PLANE('',#10310);
#10310 = AXIS2_PLACEMENT_3D('',#10311,#10312,#10313);
#10311 = CARTESIAN_POINT('',(120.5,22.6,232.));
#10312 = DIRECTION('',(-0.,1.,0.));
#10313 = DIRECTION('',(0.,0.,1.));
#10314 = ADVANCED_FACE('',(#10315),#10331,.T.);
#10315 = FACE_BOUND('',#10316,.T.);
#10316 = EDGE_LOOP('',(#10317,#10323,#10324,#10330));
#10317 = ORIENTED_EDGE('',*,*,#10318,.F.);
#10318 = EDGE_CURVE('',#10227,#10267,#10319,.T.);
#10319 = LINE('',#10320,#10321);
#10320 = CARTESIAN_POINT('',(120.5,32.6,232.));
#10321 = VECTOR('',#10322,1.);
#10322 = DIRECTION('',(1.,0.,-0.));
#10323 = ORIENTED_EDGE('',*,*,#10234,.T.);
#10324 = ORIENTED_EDGE('',*,*,#10325,.T.);
#10325 = EDGE_CURVE('',#10235,#10275,#10326,.T.);
#10326 = LINE('',#10327,#10328);
#10327 = CARTESIAN_POINT('',(120.5,32.6,282.));
#10328 = VECTOR('',#10329,1.);
#10329 = DIRECTION('',(1.,0.,-0.));
#10330 = ORIENTED_EDGE('',*,*,#10274,.F.);
#10331 = PLANE('',#10332);
#10332 = AXIS2_PLACEMENT_3D('',#10333,#10334,#10335);
#10333 = CARTESIAN_POINT('',(120.5,32.6,232.));
#10334 = DIRECTION('',(-0.,1.,0.));
#10335 = DIRECTION('',(0.,0.,1.));
#10336 = ADVANCED_FACE('',(#10337),#10343,.F.);
#10337 = FACE_BOUND('',#10338,.F.);
#10338 = EDGE_LOOP('',(#10339,#10340,#10341,#10342));
#10339 = ORIENTED_EDGE('',*,*,#10226,.F.);
#10340 = ORIENTED_EDGE('',*,*,#10296,.T.);
#10341 = ORIENTED_EDGE('',*,*,#10266,.T.);
#10342 = ORIENTED_EDGE('',*,*,#10318,.F.);
#10343 = PLANE('',#10344);
#10344 = AXIS2_PLACEMENT_3D('',#10345,#10346,#10347);
#10345 = CARTESIAN_POINT('',(120.5,22.6,232.));
#10346 = DIRECTION('',(0.,0.,1.));
#10347 = DIRECTION('',(1.,0.,-0.));
#10348 = ADVANCED_FACE('',(#10349),#10355,.T.);
#10349 = FACE_BOUND('',#10350,.T.);
#10350 = EDGE_LOOP('',(#10351,#10352,#10353,#10354));
#10351 = ORIENTED_EDGE('',*,*,#10242,.F.);
#10352 = ORIENTED_EDGE('',*,*,#10303,.T.);
#10353 = ORIENTED_EDGE('',*,*,#10282,.T.);
#10354 = ORIENTED_EDGE('',*,*,#10325,.F.);
#10355 = PLANE('',#10356);
#10356 = AXIS2_PLACEMENT_3D('',#10357,#10358,#10359);
#10357 = CARTESIAN_POINT('',(120.5,22.6,282.));
#10358 = DIRECTION('',(0.,0.,1.));
#10359 = DIRECTION('',(1.,0.,-0.));
#10360 = ( GEOMETRIC_REPRESENTATION_CONTEXT(3) 
GLOBAL_UNCERTAINTY_ASSIGNED_CONTEXT((#10364)) 
GLOBAL_UNIT_ASSIGNED_CONTEXT((#10361,#10362,#10363)) 
REPRESENTATION_CONTEXT('Context #1',
  '3D Context with UNIT and UNCERTAINTY') );
#10361 = ( LENGTH_UNIT() NAMED_UNIT(*) SI_UNIT(.MILLI.,.METRE.) );
#10362 = ( NAMED_UNIT(*) PLANE_ANGLE_UNIT() SI_UNIT($,.RADIAN.) );
#10363 = ( NAMED_UNIT(*) SI_UNIT($,.STERADIAN.) SOLID_ANGLE_UNIT() );
#10364 = UNCERTAINTY_MEASURE_WITH_UNIT(LENGTH_MEASURE(1.E-07),#10361,
  'distance_accuracy_value','confusion accuracy');
#10365 = CONTEXT_DEPENDENT_SHAPE_REPRESENTATION(#10366,#10368);
#10366 = ( REPRESENTATION_RELATIONSHIP('','',#10209,#10) 
REPRESENTATION_RELATIONSHIP_WITH_TRANSFORMATION(#10367) 
SHAPE_REPRESENTATION_RELATIONSHIP() );
#10367 = ITEM_DEFINED_TRANSFORMATION('','',#11,#143);
#10368 = PRODUCT_DEFINITION_SHAPE('Placement','Placement of an item',
  #10369);
#10369 = NEXT_ASSEMBLY_USAGE_OCCURRENCE('33','PA14 component envelope',
  '',#5,#10204,$);
#10370 = PRODUCT_RELATED_PRODUCT_CATEGORY('part',$,(#10206));
#10371 = SHAPE_DEFINITION_REPRESENTATION(#10372,#10378);
#10372 = PRODUCT_DEFINITION_SHAPE('','',#10373);
#10373 = PRODUCT_DEFINITION('design','',#10374,#10377);
#10374 = PRODUCT_DEFINITION_FORMATION('','',#10375);
#10375 = PRODUCT('RF PA board PA15 (35x60)','RF PA board PA15 (35x60)',
  '',(#10376));
#10376 = PRODUCT_CONTEXT('',#2,'mechanical');
#10377 = PRODUCT_DEFINITION_CONTEXT('part definition',#2,'design');
#10378 = ADVANCED_BREP_SHAPE_REPRESENTATION('',(#11,#10379),#10529);
#10379 = MANIFOLD_SOLID_BREP('',#10380);
#10380 = CLOSED_SHELL('',(#10381,#10421,#10461,#10483,#10505,#10517));
#10381 = ADVANCED_FACE('',(#10382),#10416,.F.);
#10382 = FACE_BOUND('',#10383,.F.);
#10383 = EDGE_LOOP('',(#10384,#10394,#10402,#10410));
#10384 = ORIENTED_EDGE('',*,*,#10385,.F.);
#10385 = EDGE_CURVE('',#10386,#10388,#10390,.T.);
#10386 = VERTEX_POINT('',#10387);
#10387 = CARTESIAN_POINT('',(157.5,21.,227.));
#10388 = VERTEX_POINT('',#10389);
#10389 = CARTESIAN_POINT('',(157.5,21.,287.));
#10390 = LINE('',#10391,#10392);
#10391 = CARTESIAN_POINT('',(157.5,21.,227.));
#10392 = VECTOR('',#10393,1.);
#10393 = DIRECTION('',(0.,0.,1.));
#10394 = ORIENTED_EDGE('',*,*,#10395,.T.);
#10395 = EDGE_CURVE('',#10386,#10396,#10398,.T.);
#10396 = VERTEX_POINT('',#10397);
#10397 = CARTESIAN_POINT('',(157.5,22.6,227.));
#10398 = LINE('',#10399,#10400);
#10399 = CARTESIAN_POINT('',(157.5,21.,227.));
#10400 = VECTOR('',#10401,1.);
#10401 = DIRECTION('',(-0.,1.,0.));
#10402 = ORIENTED_EDGE('',*,*,#10403,.T.);
#10403 = EDGE_CURVE('',#10396,#10404,#10406,.T.);
#10404 = VERTEX_POINT('',#10405);
#10405 = CARTESIAN_POINT('',(157.5,22.6,287.));
#10406 = LINE('',#10407,#10408);
#10407 = CARTESIAN_POINT('',(157.5,22.6,227.));
#10408 = VECTOR('',#10409,1.);
#10409 = DIRECTION('',(0.,0.,1.));
#10410 = ORIENTED_EDGE('',*,*,#10411,.F.);
#10411 = EDGE_CURVE('',#10388,#10404,#10412,.T.);
#10412 = LINE('',#10413,#10414);
#10413 = CARTESIAN_POINT('',(157.5,21.,287.));
#10414 = VECTOR('',#10415,1.);
#10415 = DIRECTION('',(-0.,1.,0.));
#10416 = PLANE('',#10417);
#10417 = AXIS2_PLACEMENT_3D('',#10418,#10419,#10420);
#10418 = CARTESIAN_POINT('',(157.5,21.,227.));
#10419 = DIRECTION('',(1.,0.,-0.));
#10420 = DIRECTION('',(0.,0.,1.));
#10421 = ADVANCED_FACE('',(#10422),#10456,.T.);
#10422 = FACE_BOUND('',#10423,.T.);
#10423 = EDGE_LOOP('',(#10424,#10434,#10442,#10450));
#10424 = ORIENTED_EDGE('',*,*,#10425,.F.);
#10425 = EDGE_CURVE('',#10426,#10428,#10430,.T.);
#10426 = VERTEX_POINT('',#10427);
#10427 = CARTESIAN_POINT('',(192.5,21.,227.));
#10428 = VERTEX_POINT('',#10429);
#10429 = CARTESIAN_POINT('',(192.5,21.,287.));
#10430 = LINE('',#10431,#10432);
#10431 = CARTESIAN_POINT('',(192.5,21.,227.));
#10432 = VECTOR('',#10433,1.);
#10433 = DIRECTION('',(0.,0.,1.));
#10434 = ORIENTED_EDGE('',*,*,#10435,.T.);
#10435 = EDGE_CURVE('',#10426,#10436,#10438,.T.);
#10436 = VERTEX_POINT('',#10437);
#10437 = CARTESIAN_POINT('',(192.5,22.6,227.));
#10438 = LINE('',#10439,#10440);
#10439 = CARTESIAN_POINT('',(192.5,21.,227.));
#10440 = VECTOR('',#10441,1.);
#10441 = DIRECTION('',(-0.,1.,0.));
#10442 = ORIENTED_EDGE('',*,*,#10443,.T.);
#10443 = EDGE_CURVE('',#10436,#10444,#10446,.T.);
#10444 = VERTEX_POINT('',#10445);
#10445 = CARTESIAN_POINT('',(192.5,22.6,287.));
#10446 = LINE('',#10447,#10448);
#10447 = CARTESIAN_POINT('',(192.5,22.6,227.));
#10448 = VECTOR('',#10449,1.);
#10449 = DIRECTION('',(0.,0.,1.));
#10450 = ORIENTED_EDGE('',*,*,#10451,.F.);
#10451 = EDGE_CURVE('',#10428,#10444,#10452,.T.);
#10452 = LINE('',#10453,#10454);
#10453 = CARTESIAN_POINT('',(192.5,21.,287.));
#10454 = VECTOR('',#10455,1.);
#10455 = DIRECTION('',(-0.,1.,0.));
#10456 = PLANE('',#10457);
#10457 = AXIS2_PLACEMENT_3D('',#10458,#10459,#10460);
#10458 = CARTESIAN_POINT('',(192.5,21.,227.));
#10459 = DIRECTION('',(1.,0.,-0.));
#10460 = DIRECTION('',(0.,0.,1.));
#10461 = ADVANCED_FACE('',(#10462),#10478,.F.);
#10462 = FACE_BOUND('',#10463,.F.);
#10463 = EDGE_LOOP('',(#10464,#10470,#10471,#10477));
#10464 = ORIENTED_EDGE('',*,*,#10465,.F.);
#10465 = EDGE_CURVE('',#10386,#10426,#10466,.T.);
#10466 = LINE('',#10467,#10468);
#10467 = CARTESIAN_POINT('',(157.5,21.,227.));
#10468 = VECTOR('',#10469,1.);
#10469 = DIRECTION('',(1.,0.,-0.));
#10470 = ORIENTED_EDGE('',*,*,#10385,.T.);
#10471 = ORIENTED_EDGE('',*,*,#10472,.T.);
#10472 = EDGE_CURVE('',#10388,#10428,#10473,.T.);
#10473 = LINE('',#10474,#10475);
#10474 = CARTESIAN_POINT('',(157.5,21.,287.));
#10475 = VECTOR('',#10476,1.);
#10476 = DIRECTION('',(1.,0.,-0.));
#10477 = ORIENTED_EDGE('',*,*,#10425,.F.);
#10478 = PLANE('',#10479);
#10479 = AXIS2_PLACEMENT_3D('',#10480,#10481,#10482);
#10480 = CARTESIAN_POINT('',(157.5,21.,227.));
#10481 = DIRECTION('',(-0.,1.,0.));
#10482 = DIRECTION('',(0.,0.,1.));
#10483 = ADVANCED_FACE('',(#10484),#10500,.T.);
#10484 = FACE_BOUND('',#10485,.T.);
#10485 = EDGE_LOOP('',(#10486,#10492,#10493,#10499));
#10486 = ORIENTED_EDGE('',*,*,#10487,.F.);
#10487 = EDGE_CURVE('',#10396,#10436,#10488,.T.);
#10488 = LINE('',#10489,#10490);
#10489 = CARTESIAN_POINT('',(157.5,22.6,227.));
#10490 = VECTOR('',#10491,1.);
#10491 = DIRECTION('',(1.,0.,-0.));
#10492 = ORIENTED_EDGE('',*,*,#10403,.T.);
#10493 = ORIENTED_EDGE('',*,*,#10494,.T.);
#10494 = EDGE_CURVE('',#10404,#10444,#10495,.T.);
#10495 = LINE('',#10496,#10497);
#10496 = CARTESIAN_POINT('',(157.5,22.6,287.));
#10497 = VECTOR('',#10498,1.);
#10498 = DIRECTION('',(1.,0.,-0.));
#10499 = ORIENTED_EDGE('',*,*,#10443,.F.);
#10500 = PLANE('',#10501);
#10501 = AXIS2_PLACEMENT_3D('',#10502,#10503,#10504);
#10502 = CARTESIAN_POINT('',(157.5,22.6,227.));
#10503 = DIRECTION('',(-0.,1.,0.));
#10504 = DIRECTION('',(0.,0.,1.));
#10505 = ADVANCED_FACE('',(#10506),#10512,.F.);
#10506 = FACE_BOUND('',#10507,.F.);
#10507 = EDGE_LOOP('',(#10508,#10509,#10510,#10511));
#10508 = ORIENTED_EDGE('',*,*,#10395,.F.);
#10509 = ORIENTED_EDGE('',*,*,#10465,.T.);
#10510 = ORIENTED_EDGE('',*,*,#10435,.T.);
#10511 = ORIENTED_EDGE('',*,*,#10487,.F.);
#10512 = PLANE('',#10513);
#10513 = AXIS2_PLACEMENT_3D('',#10514,#10515,#10516);
#10514 = CARTESIAN_POINT('',(157.5,21.,227.));
#10515 = DIRECTION('',(0.,0.,1.));
#10516 = DIRECTION('',(1.,0.,-0.));
#10517 = ADVANCED_FACE('',(#10518),#10524,.T.);
#10518 = FACE_BOUND('',#10519,.T.);
#10519 = EDGE_LOOP('',(#10520,#10521,#10522,#10523));
#10520 = ORIENTED_EDGE('',*,*,#10411,.F.);
#10521 = ORIENTED_EDGE('',*,*,#10472,.T.);
#10522 = ORIENTED_EDGE('',*,*,#10451,.T.);
#10523 = ORIENTED_EDGE('',*,*,#10494,.F.);
#10524 = PLANE('',#10525);
#10525 = AXIS2_PLACEMENT_3D('',#10526,#10527,#10528);
#10526 = CARTESIAN_POINT('',(157.5,21.,287.));
#10527 = DIRECTION('',(0.,0.,1.));
#10528 = DIRECTION('',(1.,0.,-0.));
#10529 = ( GEOMETRIC_REPRESENTATION_CONTEXT(3) 
GLOBAL_UNCERTAINTY_ASSIGNED_CONTEXT((#10533)) 
GLOBAL_UNIT_ASSIGNED_CONTEXT((#10530,#10531,#10532)) 
REPRESENTATION_CONTEXT('Context #1',
  '3D Context with UNIT and UNCERTAINTY') );
#10530 = ( LENGTH_UNIT() NAMED_UNIT(*) SI_UNIT(.MILLI.,.METRE.) );
#10531 = ( NAMED_UNIT(*) PLANE_ANGLE_UNIT() SI_UNIT($,.RADIAN.) );
#10532 = ( NAMED_UNIT(*) SI_UNIT($,.STERADIAN.) SOLID_ANGLE_UNIT() );
#10533 = UNCERTAINTY_MEASURE_WITH_UNIT(LENGTH_MEASURE(1.E-07),#10530,
  'distance_accuracy_value','confusion accuracy');
#10534 = CONTEXT_DEPENDENT_SHAPE_REPRESENTATION(#10535,#10537);
#10535 = ( REPRESENTATION_RELATIONSHIP('','',#10378,#10) 
REPRESENTATION_RELATIONSHIP_WITH_TRANSFORMATION(#10536) 
SHAPE_REPRESENTATION_RELATIONSHIP() );
#10536 = ITEM_DEFINED_TRANSFORMATION('','',#11,#147);
#10537 = PRODUCT_DEFINITION_SHAPE('Placement','Placement of an item',
  #10538);
#10538 = NEXT_ASSEMBLY_USAGE_OCCURRENCE('34','RF PA board PA15 (35x60)',
  '',#5,#10373,$);
#10539 = PRODUCT_RELATED_PRODUCT_CATEGORY('part',$,(#10375));
#10540 = SHAPE_DEFINITION_REPRESENTATION(#10541,#10547);
#10541 = PRODUCT_DEFINITION_SHAPE('','',#10542);
#10542 = PRODUCT_DEFINITION('design','',#10543,#10546);
#10543 = PRODUCT_DEFINITION_FORMATION('','',#10544);
#10544 = PRODUCT('PA15 component envelope','PA15 component envelope','',
  (#10545));
#10545 = PRODUCT_CONTEXT('',#2,'mechanical');
#10546 = PRODUCT_DEFINITION_CONTEXT('part definition',#2,'design');
#10547 = ADVANCED_BREP_SHAPE_REPRESENTATION('',(#11,#10548),#10698);
#10548 = MANIFOLD_SOLID_BREP('',#10549);
#10549 = CLOSED_SHELL('',(#10550,#10590,#10630,#10652,#10674,#10686));
#10550 = ADVANCED_FACE('',(#10551),#10585,.F.);
#10551 = FACE_BOUND('',#10552,.F.);
#10552 = EDGE_LOOP('',(#10553,#10563,#10571,#10579));
#10553 = ORIENTED_EDGE('',*,*,#10554,.F.);
#10554 = EDGE_CURVE('',#10555,#10557,#10559,.T.);
#10555 = VERTEX_POINT('',#10556);
#10556 = CARTESIAN_POINT('',(160.5,22.6,232.));
#10557 = VERTEX_POINT('',#10558);
#10558 = CARTESIAN_POINT('',(160.5,22.6,282.));
#10559 = LINE('',#10560,#10561);
#10560 = CARTESIAN_POINT('',(160.5,22.6,232.));
#10561 = VECTOR('',#10562,1.);
#10562 = DIRECTION('',(0.,0.,1.));
#10563 = ORIENTED_EDGE('',*,*,#10564,.T.);
#10564 = EDGE_CURVE('',#10555,#10565,#10567,.T.);
#10565 = VERTEX_POINT('',#10566);
#10566 = CARTESIAN_POINT('',(160.5,32.6,232.));
#10567 = LINE('',#10568,#10569);
#10568 = CARTESIAN_POINT('',(160.5,22.6,232.));
#10569 = VECTOR('',#10570,1.);
#10570 = DIRECTION('',(-0.,1.,0.));
#10571 = ORIENTED_EDGE('',*,*,#10572,.T.);
#10572 = EDGE_CURVE('',#10565,#10573,#10575,.T.);
#10573 = VERTEX_POINT('',#10574);
#10574 = CARTESIAN_POINT('',(160.5,32.6,282.));
#10575 = LINE('',#10576,#10577);
#10576 = CARTESIAN_POINT('',(160.5,32.6,232.));
#10577 = VECTOR('',#10578,1.);
#10578 = DIRECTION('',(0.,0.,1.));
#10579 = ORIENTED_EDGE('',*,*,#10580,.F.);
#10580 = EDGE_CURVE('',#10557,#10573,#10581,.T.);
#10581 = LINE('',#10582,#10583);
#10582 = CARTESIAN_POINT('',(160.5,22.6,282.));
#10583 = VECTOR('',#10584,1.);
#10584 = DIRECTION('',(-0.,1.,0.));
#10585 = PLANE('',#10586);
#10586 = AXIS2_PLACEMENT_3D('',#10587,#10588,#10589);
#10587 = CARTESIAN_POINT('',(160.5,22.6,232.));
#10588 = DIRECTION('',(1.,0.,-0.));
#10589 = DIRECTION('',(0.,0.,1.));
#10590 = ADVANCED_FACE('',(#10591),#10625,.T.);
#10591 = FACE_BOUND('',#10592,.T.);
#10592 = EDGE_LOOP('',(#10593,#10603,#10611,#10619));
#10593 = ORIENTED_EDGE('',*,*,#10594,.F.);
#10594 = EDGE_CURVE('',#10595,#10597,#10599,.T.);
#10595 = VERTEX_POINT('',#10596);
#10596 = CARTESIAN_POINT('',(189.5,22.6,232.));
#10597 = VERTEX_POINT('',#10598);
#10598 = CARTESIAN_POINT('',(189.5,22.6,282.));
#10599 = LINE('',#10600,#10601);
#10600 = CARTESIAN_POINT('',(189.5,22.6,232.));
#10601 = VECTOR('',#10602,1.);
#10602 = DIRECTION('',(0.,0.,1.));
#10603 = ORIENTED_EDGE('',*,*,#10604,.T.);
#10604 = EDGE_CURVE('',#10595,#10605,#10607,.T.);
#10605 = VERTEX_POINT('',#10606);
#10606 = CARTESIAN_POINT('',(189.5,32.6,232.));
#10607 = LINE('',#10608,#10609);
#10608 = CARTESIAN_POINT('',(189.5,22.6,232.));
#10609 = VECTOR('',#10610,1.);
#10610 = DIRECTION('',(-0.,1.,0.));
#10611 = ORIENTED_EDGE('',*,*,#10612,.T.);
#10612 = EDGE_CURVE('',#10605,#10613,#10615,.T.);
#10613 = VERTEX_POINT('',#10614);
#10614 = CARTESIAN_POINT('',(189.5,32.6,282.));
#10615 = LINE('',#10616,#10617);
#10616 = CARTESIAN_POINT('',(189.5,32.6,232.));
#10617 = VECTOR('',#10618,1.);
#10618 = DIRECTION('',(0.,0.,1.));
#10619 = ORIENTED_EDGE('',*,*,#10620,.F.);
#10620 = EDGE_CURVE('',#10597,#10613,#10621,.T.);
#10621 = LINE('',#10622,#10623);
#10622 = CARTESIAN_POINT('',(189.5,22.6,282.));
#10623 = VECTOR('',#10624,1.);
#10624 = DIRECTION('',(-0.,1.,0.));
#10625 = PLANE('',#10626);
#10626 = AXIS2_PLACEMENT_3D('',#10627,#10628,#10629);
#10627 = CARTESIAN_POINT('',(189.5,22.6,232.));
#10628 = DIRECTION('',(1.,0.,-0.));
#10629 = DIRECTION('',(0.,0.,1.));
#10630 = ADVANCED_FACE('',(#10631),#10647,.F.);
#10631 = FACE_BOUND('',#10632,.F.);
#10632 = EDGE_LOOP('',(#10633,#10639,#10640,#10646));
#10633 = ORIENTED_EDGE('',*,*,#10634,.F.);
#10634 = EDGE_CURVE('',#10555,#10595,#10635,.T.);
#10635 = LINE('',#10636,#10637);
#10636 = CARTESIAN_POINT('',(160.5,22.6,232.));
#10637 = VECTOR('',#10638,1.);
#10638 = DIRECTION('',(1.,0.,-0.));
#10639 = ORIENTED_EDGE('',*,*,#10554,.T.);
#10640 = ORIENTED_EDGE('',*,*,#10641,.T.);
#10641 = EDGE_CURVE('',#10557,#10597,#10642,.T.);
#10642 = LINE('',#10643,#10644);
#10643 = CARTESIAN_POINT('',(160.5,22.6,282.));
#10644 = VECTOR('',#10645,1.);
#10645 = DIRECTION('',(1.,0.,-0.));
#10646 = ORIENTED_EDGE('',*,*,#10594,.F.);
#10647 = PLANE('',#10648);
#10648 = AXIS2_PLACEMENT_3D('',#10649,#10650,#10651);
#10649 = CARTESIAN_POINT('',(160.5,22.6,232.));
#10650 = DIRECTION('',(-0.,1.,0.));
#10651 = DIRECTION('',(0.,0.,1.));
#10652 = ADVANCED_FACE('',(#10653),#10669,.T.);
#10653 = FACE_BOUND('',#10654,.T.);
#10654 = EDGE_LOOP('',(#10655,#10661,#10662,#10668));
#10655 = ORIENTED_EDGE('',*,*,#10656,.F.);
#10656 = EDGE_CURVE('',#10565,#10605,#10657,.T.);
#10657 = LINE('',#10658,#10659);
#10658 = CARTESIAN_POINT('',(160.5,32.6,232.));
#10659 = VECTOR('',#10660,1.);
#10660 = DIRECTION('',(1.,0.,-0.));
#10661 = ORIENTED_EDGE('',*,*,#10572,.T.);
#10662 = ORIENTED_EDGE('',*,*,#10663,.T.);
#10663 = EDGE_CURVE('',#10573,#10613,#10664,.T.);
#10664 = LINE('',#10665,#10666);
#10665 = CARTESIAN_POINT('',(160.5,32.6,282.));
#10666 = VECTOR('',#10667,1.);
#10667 = DIRECTION('',(1.,0.,-0.));
#10668 = ORIENTED_EDGE('',*,*,#10612,.F.);
#10669 = PLANE('',#10670);
#10670 = AXIS2_PLACEMENT_3D('',#10671,#10672,#10673);
#10671 = CARTESIAN_POINT('',(160.5,32.6,232.));
#10672 = DIRECTION('',(-0.,1.,0.));
#10673 = DIRECTION('',(0.,0.,1.));
#10674 = ADVANCED_FACE('',(#10675),#10681,.F.);
#10675 = FACE_BOUND('',#10676,.F.);
#10676 = EDGE_LOOP('',(#10677,#10678,#10679,#10680));
#10677 = ORIENTED_EDGE('',*,*,#10564,.F.);
#10678 = ORIENTED_EDGE('',*,*,#10634,.T.);
#10679 = ORIENTED_EDGE('',*,*,#10604,.T.);
#10680 = ORIENTED_EDGE('',*,*,#10656,.F.);
#10681 = PLANE('',#10682);
#10682 = AXIS2_PLACEMENT_3D('',#10683,#10684,#10685);
#10683 = CARTESIAN_POINT('',(160.5,22.6,232.));
#10684 = DIRECTION('',(0.,0.,1.));
#10685 = DIRECTION('',(1.,0.,-0.));
#10686 = ADVANCED_FACE('',(#10687),#10693,.T.);
#10687 = FACE_BOUND('',#10688,.T.);
#10688 = EDGE_LOOP('',(#10689,#10690,#10691,#10692));
#10689 = ORIENTED_EDGE('',*,*,#10580,.F.);
#10690 = ORIENTED_EDGE('',*,*,#10641,.T.);
#10691 = ORIENTED_EDGE('',*,*,#10620,.T.);
#10692 = ORIENTED_EDGE('',*,*,#10663,.F.);
#10693 = PLANE('',#10694);
#10694 = AXIS2_PLACEMENT_3D('',#10695,#10696,#10697);
#10695 = CARTESIAN_POINT('',(160.5,22.6,282.));
#10696 = DIRECTION('',(0.,0.,1.));
#10697 = DIRECTION('',(1.,0.,-0.));
#10698 = ( GEOMETRIC_REPRESENTATION_CONTEXT(3) 
GLOBAL_UNCERTAINTY_ASSIGNED_CONTEXT((#10702)) 
GLOBAL_UNIT_ASSIGNED_CONTEXT((#10699,#10700,#10701)) 
REPRESENTATION_CONTEXT('Context #1',
  '3D Context with UNIT and UNCERTAINTY') );
#10699 = ( LENGTH_UNIT() NAMED_UNIT(*) SI_UNIT(.MILLI.,.METRE.) );
#10700 = ( NAMED_UNIT(*) PLANE_ANGLE_UNIT() SI_UNIT($,.RADIAN.) );
#10701 = ( NAMED_UNIT(*) SI_UNIT($,.STERADIAN.) SOLID_ANGLE_UNIT() );
#10702 = UNCERTAINTY_MEASURE_WITH_UNIT(LENGTH_MEASURE(1.E-07),#10699,
  'distance_accuracy_value','confusion accuracy');
#10703 = CONTEXT_DEPENDENT_SHAPE_REPRESENTATION(#10704,#10706);
#10704 = ( REPRESENTATION_RELATIONSHIP('','',#10547,#10) 
REPRESENTATION_RELATIONSHIP_WITH_TRANSFORMATION(#10705) 
SHAPE_REPRESENTATION_RELATIONSHIP() );
#10705 = ITEM_DEFINED_TRANSFORMATION('','',#11,#151);
#10706 = PRODUCT_DEFINITION_SHAPE('Placement','Placement of an item',
  #10707);
#10707 = NEXT_ASSEMBLY_USAGE_OCCURRENCE('35','PA15 component envelope',
  '',#5,#10542,$);
#10708 = PRODUCT_RELATED_PRODUCT_CATEGORY('part',$,(#10544));
#10709 = SHAPE_DEFINITION_REPRESENTATION(#10710,#10716);
#10710 = PRODUCT_DEFINITION_SHAPE('','',#10711);
#10711 = PRODUCT_DEFINITION('design','',#10712,#10715);
#10712 = PRODUCT_DEFINITION_FORMATION('','',#10713);
#10713 = PRODUCT('RF PA board PA16 (35x60)','RF PA board PA16 (35x60)',
  '',(#10714));
#10714 = PRODUCT_CONTEXT('',#2,'mechanical');
#10715 = PRODUCT_DEFINITION_CONTEXT('part definition',#2,'design');
#10716 = ADVANCED_BREP_SHAPE_REPRESENTATION('',(#11,#10717),#10867);
#10717 = MANIFOLD_SOLID_BREP('',#10718);
#10718 = CLOSED_SHELL('',(#10719,#10759,#10799,#10821,#10843,#10855));
#10719 = ADVANCED_FACE('',(#10720),#10754,.F.);
#10720 = FACE_BOUND('',#10721,.F.);
#10721 = EDGE_LOOP('',(#10722,#10732,#10740,#10748));
#10722 = ORIENTED_EDGE('',*,*,#10723,.F.);
#10723 = EDGE_CURVE('',#10724,#10726,#10728,.T.);
#10724 = VERTEX_POINT('',#10725);
#10725 = CARTESIAN_POINT('',(197.5,21.,227.));
#10726 = VERTEX_POINT('',#10727);
#10727 = CARTESIAN_POINT('',(197.5,21.,287.));
#10728 = LINE('',#10729,#10730);
#10729 = CARTESIAN_POINT('',(197.5,21.,227.));
#10730 = VECTOR('',#10731,1.);
#10731 = DIRECTION('',(0.,0.,1.));
#10732 = ORIENTED_EDGE('',*,*,#10733,.T.);
#10733 = EDGE_CURVE('',#10724,#10734,#10736,.T.);
#10734 = VERTEX_POINT('',#10735);
#10735 = CARTESIAN_POINT('',(197.5,22.6,227.));
#10736 = LINE('',#10737,#10738);
#10737 = CARTESIAN_POINT('',(197.5,21.,227.));
#10738 = VECTOR('',#10739,1.);
#10739 = DIRECTION('',(-0.,1.,0.));
#10740 = ORIENTED_EDGE('',*,*,#10741,.T.);
#10741 = EDGE_CURVE('',#10734,#10742,#10744,.T.);
#10742 = VERTEX_POINT('',#10743);
#10743 = CARTESIAN_POINT('',(197.5,22.6,287.));
#10744 = LINE('',#10745,#10746);
#10745 = CARTESIAN_POINT('',(197.5,22.6,227.));
#10746 = VECTOR('',#10747,1.);
#10747 = DIRECTION('',(0.,0.,1.));
#10748 = ORIENTED_EDGE('',*,*,#10749,.F.);
#10749 = EDGE_CURVE('',#10726,#10742,#10750,.T.);
#10750 = LINE('',#10751,#10752);
#10751 = CARTESIAN_POINT('',(197.5,21.,287.));
#10752 = VECTOR('',#10753,1.);
#10753 = DIRECTION('',(-0.,1.,0.));
#10754 = PLANE('',#10755);
#10755 = AXIS2_PLACEMENT_3D('',#10756,#10757,#10758);
#10756 = CARTESIAN_POINT('',(197.5,21.,227.));
#10757 = DIRECTION('',(1.,0.,-0.));
#10758 = DIRECTION('',(0.,0.,1.));
#10759 = ADVANCED_FACE('',(#10760),#10794,.T.);
#10760 = FACE_BOUND('',#10761,.T.);
#10761 = EDGE_LOOP('',(#10762,#10772,#10780,#10788));
#10762 = ORIENTED_EDGE('',*,*,#10763,.F.);
#10763 = EDGE_CURVE('',#10764,#10766,#10768,.T.);
#10764 = VERTEX_POINT('',#10765);
#10765 = CARTESIAN_POINT('',(232.5,21.,227.));
#10766 = VERTEX_POINT('',#10767);
#10767 = CARTESIAN_POINT('',(232.5,21.,287.));
#10768 = LINE('',#10769,#10770);
#10769 = CARTESIAN_POINT('',(232.5,21.,227.));
#10770 = VECTOR('',#10771,1.);
#10771 = DIRECTION('',(0.,0.,1.));
#10772 = ORIENTED_EDGE('',*,*,#10773,.T.);
#10773 = EDGE_CURVE('',#10764,#10774,#10776,.T.);
#10774 = VERTEX_POINT('',#10775);
#10775 = CARTESIAN_POINT('',(232.5,22.6,227.));
#10776 = LINE('',#10777,#10778);
#10777 = CARTESIAN_POINT('',(232.5,21.,227.));
#10778 = VECTOR('',#10779,1.);
#10779 = DIRECTION('',(-0.,1.,0.));
#10780 = ORIENTED_EDGE('',*,*,#10781,.T.);
#10781 = EDGE_CURVE('',#10774,#10782,#10784,.T.);
#10782 = VERTEX_POINT('',#10783);
#10783 = CARTESIAN_POINT('',(232.5,22.6,287.));
#10784 = LINE('',#10785,#10786);
#10785 = CARTESIAN_POINT('',(232.5,22.6,227.));
#10786 = VECTOR('',#10787,1.);
#10787 = DIRECTION('',(0.,0.,1.));
#10788 = ORIENTED_EDGE('',*,*,#10789,.F.);
#10789 = EDGE_CURVE('',#10766,#10782,#10790,.T.);
#10790 = LINE('',#10791,#10792);
#10791 = CARTESIAN_POINT('',(232.5,21.,287.));
#10792 = VECTOR('',#10793,1.);
#10793 = DIRECTION('',(-0.,1.,0.));
#10794 = PLANE('',#10795);
#10795 = AXIS2_PLACEMENT_3D('',#10796,#10797,#10798);
#10796 = CARTESIAN_POINT('',(232.5,21.,227.));
#10797 = DIRECTION('',(1.,0.,-0.));
#10798 = DIRECTION('',(0.,0.,1.));
#10799 = ADVANCED_FACE('',(#10800),#10816,.F.);
#10800 = FACE_BOUND('',#10801,.F.);
#10801 = EDGE_LOOP('',(#10802,#10808,#10809,#10815));
#10802 = ORIENTED_EDGE('',*,*,#10803,.F.);
#10803 = EDGE_CURVE('',#10724,#10764,#10804,.T.);
#10804 = LINE('',#10805,#10806);
#10805 = CARTESIAN_POINT('',(197.5,21.,227.));
#10806 = VECTOR('',#10807,1.);
#10807 = DIRECTION('',(1.,0.,-0.));
#10808 = ORIENTED_EDGE('',*,*,#10723,.T.);
#10809 = ORIENTED_EDGE('',*,*,#10810,.T.);
#10810 = EDGE_CURVE('',#10726,#10766,#10811,.T.);
#10811 = LINE('',#10812,#10813);
#10812 = CARTESIAN_POINT('',(197.5,21.,287.));
#10813 = VECTOR('',#10814,1.);
#10814 = DIRECTION('',(1.,0.,-0.));
#10815 = ORIENTED_EDGE('',*,*,#10763,.F.);
#10816 = PLANE('',#10817);
#10817 = AXIS2_PLACEMENT_3D('',#10818,#10819,#10820);
#10818 = CARTESIAN_POINT('',(197.5,21.,227.));
#10819 = DIRECTION('',(-0.,1.,0.));
#10820 = DIRECTION('',(0.,0.,1.));
#10821 = ADVANCED_FACE('',(#10822),#10838,.T.);
#10822 = FACE_BOUND('',#10823,.T.);
#10823 = EDGE_LOOP('',(#10824,#10830,#10831,#10837));
#10824 = ORIENTED_EDGE('',*,*,#10825,.F.);
#10825 = EDGE_CURVE('',#10734,#10774,#10826,.T.);
#10826 = LINE('',#10827,#10828);
#10827 = CARTESIAN_POINT('',(197.5,22.6,227.));
#10828 = VECTOR('',#10829,1.);
#10829 = DIRECTION('',(1.,0.,-0.));
#10830 = ORIENTED_EDGE('',*,*,#10741,.T.);
#10831 = ORIENTED_EDGE('',*,*,#10832,.T.);
#10832 = EDGE_CURVE('',#10742,#10782,#10833,.T.);
#10833 = LINE('',#10834,#10835);
#10834 = CARTESIAN_POINT('',(197.5,22.6,287.));
#10835 = VECTOR('',#10836,1.);
#10836 = DIRECTION('',(1.,0.,-0.));
#10837 = ORIENTED_EDGE('',*,*,#10781,.F.);
#10838 = PLANE('',#10839);
#10839 = AXIS2_PLACEMENT_3D('',#10840,#10841,#10842);
#10840 = CARTESIAN_POINT('',(197.5,22.6,227.));
#10841 = DIRECTION('',(-0.,1.,0.));
#10842 = DIRECTION('',(0.,0.,1.));
#10843 = ADVANCED_FACE('',(#10844),#10850,.F.);
#10844 = FACE_BOUND('',#10845,.F.);
#10845 = EDGE_LOOP('',(#10846,#10847,#10848,#10849));
#10846 = ORIENTED_EDGE('',*,*,#10733,.F.);
#10847 = ORIENTED_EDGE('',*,*,#10803,.T.);
#10848 = ORIENTED_EDGE('',*,*,#10773,.T.);
#10849 = ORIENTED_EDGE('',*,*,#10825,.F.);
#10850 = PLANE('',#10851);
#10851 = AXIS2_PLACEMENT_3D('',#10852,#10853,#10854);
#10852 = CARTESIAN_POINT('',(197.5,21.,227.));
#10853 = DIRECTION('',(0.,0.,1.));
#10854 = DIRECTION('',(1.,0.,-0.));
#10855 = ADVANCED_FACE('',(#10856),#10862,.T.);
#10856 = FACE_BOUND('',#10857,.T.);
#10857 = EDGE_LOOP('',(#10858,#10859,#10860,#10861));
#10858 = ORIENTED_EDGE('',*,*,#10749,.F.);
#10859 = ORIENTED_EDGE('',*,*,#10810,.T.);
#10860 = ORIENTED_EDGE('',*,*,#10789,.T.);
#10861 = ORIENTED_EDGE('',*,*,#10832,.F.);
#10862 = PLANE('',#10863);
#10863 = AXIS2_PLACEMENT_3D('',#10864,#10865,#10866);
#10864 = CARTESIAN_POINT('',(197.5,21.,287.));
#10865 = DIRECTION('',(0.,0.,1.));
#10866 = DIRECTION('',(1.,0.,-0.));
#10867 = ( GEOMETRIC_REPRESENTATION_CONTEXT(3) 
GLOBAL_UNCERTAINTY_ASSIGNED_CONTEXT((#10871)) 
GLOBAL_UNIT_ASSIGNED_CONTEXT((#10868,#10869,#10870)) 
REPRESENTATION_CONTEXT('Context #1',
  '3D Context with UNIT and UNCERTAINTY') );
#10868 = ( LENGTH_UNIT() NAMED_UNIT(*) SI_UNIT(.MILLI.,.METRE.) );
#10869 = ( NAMED_UNIT(*) PLANE_ANGLE_UNIT() SI_UNIT($,.RADIAN.) );
#10870 = ( NAMED_UNIT(*) SI_UNIT($,.STERADIAN.) SOLID_ANGLE_UNIT() );
#10871 = UNCERTAINTY_MEASURE_WITH_UNIT(LENGTH_MEASURE(1.E-07),#10868,
  'distance_accuracy_value','confusion accuracy');
#10872 = CONTEXT_DEPENDENT_SHAPE_REPRESENTATION(#10873,#10875);
#10873 = ( REPRESENTATION_RELATIONSHIP('','',#10716,#10) 
REPRESENTATION_RELATIONSHIP_WITH_TRANSFORMATION(#10874) 
SHAPE_REPRESENTATION_RELATIONSHIP() );
#10874 = ITEM_DEFINED_TRANSFORMATION('','',#11,#155);
#10875 = PRODUCT_DEFINITION_SHAPE('Placement','Placement of an item',
  #10876);
#10876 = NEXT_ASSEMBLY_USAGE_OCCURRENCE('36','RF PA board PA16 (35x60)',
  '',#5,#10711,$);
#10877 = PRODUCT_RELATED_PRODUCT_CATEGORY('part',$,(#10713));
#10878 = SHAPE_DEFINITION_REPRESENTATION(#10879,#10885);
#10879 = PRODUCT_DEFINITION_SHAPE('','',#10880);
#10880 = PRODUCT_DEFINITION('design','',#10881,#10884);
#10881 = PRODUCT_DEFINITION_FORMATION('','',#10882);
#10882 = PRODUCT('PA16 component envelope','PA16 component envelope','',
  (#10883));
#10883 = PRODUCT_CONTEXT('',#2,'mechanical');
#10884 = PRODUCT_DEFINITION_CONTEXT('part definition',#2,'design');
#10885 = ADVANCED_BREP_SHAPE_REPRESENTATION('',(#11,#10886),#11036);
#10886 = MANIFOLD_SOLID_BREP('',#10887);
#10887 = CLOSED_SHELL('',(#10888,#10928,#10968,#10990,#11012,#11024));
#10888 = ADVANCED_FACE('',(#10889),#10923,.F.);
#10889 = FACE_BOUND('',#10890,.F.);
#10890 = EDGE_LOOP('',(#10891,#10901,#10909,#10917));
#10891 = ORIENTED_EDGE('',*,*,#10892,.F.);
#10892 = EDGE_CURVE('',#10893,#10895,#10897,.T.);
#10893 = VERTEX_POINT('',#10894);
#10894 = CARTESIAN_POINT('',(200.5,22.6,232.));
#10895 = VERTEX_POINT('',#10896);
#10896 = CARTESIAN_POINT('',(200.5,22.6,282.));
#10897 = LINE('',#10898,#10899);
#10898 = CARTESIAN_POINT('',(200.5,22.6,232.));
#10899 = VECTOR('',#10900,1.);
#10900 = DIRECTION('',(0.,0.,1.));
#10901 = ORIENTED_EDGE('',*,*,#10902,.T.);
#10902 = EDGE_CURVE('',#10893,#10903,#10905,.T.);
#10903 = VERTEX_POINT('',#10904);
#10904 = CARTESIAN_POINT('',(200.5,32.6,232.));
#10905 = LINE('',#10906,#10907);
#10906 = CARTESIAN_POINT('',(200.5,22.6,232.));
#10907 = VECTOR('',#10908,1.);
#10908 = DIRECTION('',(-0.,1.,0.));
#10909 = ORIENTED_EDGE('',*,*,#10910,.T.);
#10910 = EDGE_CURVE('',#10903,#10911,#10913,.T.);
#10911 = VERTEX_POINT('',#10912);
#10912 = CARTESIAN_POINT('',(200.5,32.6,282.));
#10913 = LINE('',#10914,#10915);
#10914 = CARTESIAN_POINT('',(200.5,32.6,232.));
#10915 = VECTOR('',#10916,1.);
#10916 = DIRECTION('',(0.,0.,1.));
#10917 = ORIENTED_EDGE('',*,*,#10918,.F.);
#10918 = EDGE_CURVE('',#10895,#10911,#10919,.T.);
#10919 = LINE('',#10920,#10921);
#10920 = CARTESIAN_POINT('',(200.5,22.6,282.));
#10921 = VECTOR('',#10922,1.);
#10922 = DIRECTION('',(-0.,1.,0.));
#10923 = PLANE('',#10924);
#10924 = AXIS2_PLACEMENT_3D('',#10925,#10926,#10927);
#10925 = CARTESIAN_POINT('',(200.5,22.6,232.));
#10926 = DIRECTION('',(1.,0.,-0.));
#10927 = DIRECTION('',(0.,0.,1.));
#10928 = ADVANCED_FACE('',(#10929),#10963,.T.);
#10929 = FACE_BOUND('',#10930,.T.);
#10930 = EDGE_LOOP('',(#10931,#10941,#10949,#10957));
#10931 = ORIENTED_EDGE('',*,*,#10932,.F.);
#10932 = EDGE_CURVE('',#10933,#10935,#10937,.T.);
#10933 = VERTEX_POINT('',#10934);
#10934 = CARTESIAN_POINT('',(229.5,22.6,232.));
#10935 = VERTEX_POINT('',#10936);
#10936 = CARTESIAN_POINT('',(229.5,22.6,282.));
#10937 = LINE('',#10938,#10939);
#10938 = CARTESIAN_POINT('',(229.5,22.6,232.));
#10939 = VECTOR('',#10940,1.);
#10940 = DIRECTION('',(0.,0.,1.));
#10941 = ORIENTED_EDGE('',*,*,#10942,.T.);
#10942 = EDGE_CURVE('',#10933,#10943,#10945,.T.);
#10943 = VERTEX_POINT('',#10944);
#10944 = CARTESIAN_POINT('',(229.5,32.6,232.));
#10945 = LINE('',#10946,#10947);
#10946 = CARTESIAN_POINT('',(229.5,22.6,232.));
#10947 = VECTOR('',#10948,1.);
#10948 = DIRECTION('',(-0.,1.,0.));
#10949 = ORIENTED_EDGE('',*,*,#10950,.T.);
#10950 = EDGE_CURVE('',#10943,#10951,#10953,.T.);
#10951 = VERTEX_POINT('',#10952);
#10952 = CARTESIAN_POINT('',(229.5,32.6,282.));
#10953 = LINE('',#10954,#10955);
#10954 = CARTESIAN_POINT('',(229.5,32.6,232.));
#10955 = VECTOR('',#10956,1.);
#10956 = DIRECTION('',(0.,0.,1.));
#10957 = ORIENTED_EDGE('',*,*,#10958,.F.);
#10958 = EDGE_CURVE('',#10935,#10951,#10959,.T.);
#10959 = LINE('',#10960,#10961);
#10960 = CARTESIAN_POINT('',(229.5,22.6,282.));
#10961 = VECTOR('',#10962,1.);
#10962 = DIRECTION('',(-0.,1.,0.));
#10963 = PLANE('',#10964);
#10964 = AXIS2_PLACEMENT_3D('',#10965,#10966,#10967);
#10965 = CARTESIAN_POINT('',(229.5,22.6,232.));
#10966 = DIRECTION('',(1.,0.,-0.));
#10967 = DIRECTION('',(0.,0.,1.));
#10968 = ADVANCED_FACE('',(#10969),#10985,.F.);
#10969 = FACE_BOUND('',#10970,.F.);
#10970 = EDGE_LOOP('',(#10971,#10977,#10978,#10984));
#10971 = ORIENTED_EDGE('',*,*,#10972,.F.);
#10972 = EDGE_CURVE('',#10893,#10933,#10973,.T.);
#10973 = LINE('',#10974,#10975);
#10974 = CARTESIAN_POINT('',(200.5,22.6,232.));
#10975 = VECTOR('',#10976,1.);
#10976 = DIRECTION('',(1.,0.,-0.));
#10977 = ORIENTED_EDGE('',*,*,#10892,.T.);
#10978 = ORIENTED_EDGE('',*,*,#10979,.T.);
#10979 = EDGE_CURVE('',#10895,#10935,#10980,.T.);
#10980 = LINE('',#10981,#10982);
#10981 = CARTESIAN_POINT('',(200.5,22.6,282.));
#10982 = VECTOR('',#10983,1.);
#10983 = DIRECTION('',(1.,0.,-0.));
#10984 = ORIENTED_EDGE('',*,*,#10932,.F.);
#10985 = PLANE('',#10986);
#10986 = AXIS2_PLACEMENT_3D('',#10987,#10988,#10989);
#10987 = CARTESIAN_POINT('',(200.5,22.6,232.));
#10988 = DIRECTION('',(-0.,1.,0.));
#10989 = DIRECTION('',(0.,0.,1.));
#10990 = ADVANCED_FACE('',(#10991),#11007,.T.);
#10991 = FACE_BOUND('',#10992,.T.);
#10992 = EDGE_LOOP('',(#10993,#10999,#11000,#11006));
#10993 = ORIENTED_EDGE('',*,*,#10994,.F.);
#10994 = EDGE_CURVE('',#10903,#10943,#10995,.T.);
#10995 = LINE('',#10996,#10997);
#10996 = CARTESIAN_POINT('',(200.5,32.6,232.));
#10997 = VECTOR('',#10998,1.);
#10998 = DIRECTION('',(1.,0.,-0.));
#10999 = ORIENTED_EDGE('',*,*,#10910,.T.);
#11000 = ORIENTED_EDGE('',*,*,#11001,.T.);
#11001 = EDGE_CURVE('',#10911,#10951,#11002,.T.);
#11002 = LINE('',#11003,#11004);
#11003 = CARTESIAN_POINT('',(200.5,32.6,282.));
#11004 = VECTOR('',#11005,1.);
#11005 = DIRECTION('',(1.,0.,-0.));
#11006 = ORIENTED_EDGE('',*,*,#10950,.F.);
#11007 = PLANE('',#11008);
#11008 = AXIS2_PLACEMENT_3D('',#11009,#11010,#11011);
#11009 = CARTESIAN_POINT('',(200.5,32.6,232.));
#11010 = DIRECTION('',(-0.,1.,0.));
#11011 = DIRECTION('',(0.,0.,1.));
#11012 = ADVANCED_FACE('',(#11013),#11019,.F.);
#11013 = FACE_BOUND('',#11014,.F.);
#11014 = EDGE_LOOP('',(#11015,#11016,#11017,#11018));
#11015 = ORIENTED_EDGE('',*,*,#10902,.F.);
#11016 = ORIENTED_EDGE('',*,*,#10972,.T.);
#11017 = ORIENTED_EDGE('',*,*,#10942,.T.);
#11018 = ORIENTED_EDGE('',*,*,#10994,.F.);
#11019 = PLANE('',#11020);
#11020 = AXIS2_PLACEMENT_3D('',#11021,#11022,#11023);
#11021 = CARTESIAN_POINT('',(200.5,22.6,232.));
#11022 = DIRECTION('',(0.,0.,1.));
#11023 = DIRECTION('',(1.,0.,-0.));
#11024 = ADVANCED_FACE('',(#11025),#11031,.T.);
#11025 = FACE_BOUND('',#11026,.T.);
#11026 = EDGE_LOOP('',(#11027,#11028,#11029,#11030));
#11027 = ORIENTED_EDGE('',*,*,#10918,.F.);
#11028 = ORIENTED_EDGE('',*,*,#10979,.T.);
#11029 = ORIENTED_EDGE('',*,*,#10958,.T.);
#11030 = ORIENTED_EDGE('',*,*,#11001,.F.);
#11031 = PLANE('',#11032);
#11032 = AXIS2_PLACEMENT_3D('',#11033,#11034,#11035);
#11033 = CARTESIAN_POINT('',(200.5,22.6,282.));
#11034 = DIRECTION('',(0.,0.,1.));
#11035 = DIRECTION('',(1.,0.,-0.));
#11036 = ( GEOMETRIC_REPRESENTATION_CONTEXT(3) 
GLOBAL_UNCERTAINTY_ASSIGNED_CONTEXT((#11040)) 
GLOBAL_UNIT_ASSIGNED_CONTEXT((#11037,#11038,#11039)) 
REPRESENTATION_CONTEXT('Context #1',
  '3D Context with UNIT and UNCERTAINTY') );
#11037 = ( LENGTH_UNIT() NAMED_UNIT(*) SI_UNIT(.MILLI.,.METRE.) );
#11038 = ( NAMED_UNIT(*) PLANE_ANGLE_UNIT() SI_UNIT($,.RADIAN.) );
#11039 = ( NAMED_UNIT(*) SI_UNIT($,.STERADIAN.) SOLID_ANGLE_UNIT() );
#11040 = UNCERTAINTY_MEASURE_WITH_UNIT(LENGTH_MEASURE(1.E-07),#11037,
  'distance_accuracy_value','confusion accuracy');
#11041 = CONTEXT_DEPENDENT_SHAPE_REPRESENTATION(#11042,#11044);
#11042 = ( REPRESENTATION_RELATIONSHIP('','',#10885,#10) 
REPRESENTATION_RELATIONSHIP_WITH_TRANSFORMATION(#11043) 
SHAPE_REPRESENTATION_RELATIONSHIP() );
#11043 = ITEM_DEFINED_TRANSFORMATION('','',#11,#159);
#11044 = PRODUCT_DEFINITION_SHAPE('Placement','Placement of an item',
  #11045);
#11045 = NEXT_ASSEMBLY_USAGE_OCCURRENCE('37','PA16 component envelope',
  '',#5,#10880,$);
#11046 = PRODUCT_RELATED_PRODUCT_CATEGORY('part',$,(#10882));
#11047 = SHAPE_DEFINITION_REPRESENTATION(#11048,#11054);
#11048 = PRODUCT_DEFINITION_SHAPE('','',#11049);
#11049 = PRODUCT_DEFINITION('design','',#11050,#11053);
#11050 = PRODUCT_DEFINITION_FORMATION('','',#11051);
#11051 = PRODUCT('Main Board (260x300, vertical)',
  'Main Board (260x300, vertical)','',(#11052));
#11052 = PRODUCT_CONTEXT('',#2,'mechanical');
#11053 = PRODUCT_DEFINITION_CONTEXT('part definition',#2,'design');
#11054 = ADVANCED_BREP_SHAPE_REPRESENTATION('',(#11,#11055),#11205);
#11055 = MANIFOLD_SOLID_BREP('',#11056);
#11056 = CLOSED_SHELL('',(#11057,#11097,#11137,#11159,#11181,#11193));
#11057 = ADVANCED_FACE('',(#11058),#11092,.F.);
#11058 = FACE_BOUND('',#11059,.F.);
#11059 = EDGE_LOOP('',(#11060,#11070,#11078,#11086));
#11060 = ORIENTED_EDGE('',*,*,#11061,.F.);
#11061 = EDGE_CURVE('',#11062,#11064,#11066,.T.);
#11062 = VERTEX_POINT('',#11063);
#11063 = CARTESIAN_POINT('',(25.,56.,5.));
#11064 = VERTEX_POINT('',#11065);
#11065 = CARTESIAN_POINT('',(25.,56.,305.));
#11066 = LINE('',#11067,#11068);
#11067 = CARTESIAN_POINT('',(25.,56.,5.));
#11068 = VECTOR('',#11069,1.);
#11069 = DIRECTION('',(0.,0.,1.));
#11070 = ORIENTED_EDGE('',*,*,#11071,.T.);
#11071 = EDGE_CURVE('',#11062,#11072,#11074,.T.);
#11072 = VERTEX_POINT('',#11073);
#11073 = CARTESIAN_POINT('',(25.,57.6,5.));
#11074 = LINE('',#11075,#11076);
#11075 = CARTESIAN_POINT('',(25.,56.,5.));
#11076 = VECTOR('',#11077,1.);
#11077 = DIRECTION('',(-0.,1.,0.));
#11078 = ORIENTED_EDGE('',*,*,#11079,.T.);
#11079 = EDGE_CURVE('',#11072,#11080,#11082,.T.);
#11080 = VERTEX_POINT('',#11081);
#11081 = CARTESIAN_POINT('',(25.,57.6,305.));
#11082 = LINE('',#11083,#11084);
#11083 = CARTESIAN_POINT('',(25.,57.6,5.));
#11084 = VECTOR('',#11085,1.);
#11085 = DIRECTION('',(0.,0.,1.));
#11086 = ORIENTED_EDGE('',*,*,#11087,.F.);
#11087 = EDGE_CURVE('',#11064,#11080,#11088,.T.);
#11088 = LINE('',#11089,#11090);
#11089 = CARTESIAN_POINT('',(25.,56.,305.));
#11090 = VECTOR('',#11091,1.);
#11091 = DIRECTION('',(-0.,1.,0.));
#11092 = PLANE('',#11093);
#11093 = AXIS2_PLACEMENT_3D('',#11094,#11095,#11096);
#11094 = CARTESIAN_POINT('',(25.,56.,5.));
#11095 = DIRECTION('',(1.,0.,-0.));
#11096 = DIRECTION('',(0.,0.,1.));
#11097 = ADVANCED_FACE('',(#11098),#11132,.T.);
#11098 = FACE_BOUND('',#11099,.T.);
#11099 = EDGE_LOOP('',(#11100,#11110,#11118,#11126));
#11100 = ORIENTED_EDGE('',*,*,#11101,.F.);
#11101 = EDGE_CURVE('',#11102,#11104,#11106,.T.);
#11102 = VERTEX_POINT('',#11103);
#11103 = CARTESIAN_POINT('',(285.,56.,5.));
#11104 = VERTEX_POINT('',#11105);
#11105 = CARTESIAN_POINT('',(285.,56.,305.));
#11106 = LINE('',#11107,#11108);
#11107 = CARTESIAN_POINT('',(285.,56.,5.));
#11108 = VECTOR('',#11109,1.);
#11109 = DIRECTION('',(0.,0.,1.));
#11110 = ORIENTED_EDGE('',*,*,#11111,.T.);
#11111 = EDGE_CURVE('',#11102,#11112,#11114,.T.);
#11112 = VERTEX_POINT('',#11113);
#11113 = CARTESIAN_POINT('',(285.,57.6,5.));
#11114 = LINE('',#11115,#11116);
#11115 = CARTESIAN_POINT('',(285.,56.,5.));
#11116 = VECTOR('',#11117,1.);
#11117 = DIRECTION('',(-0.,1.,0.));
#11118 = ORIENTED_EDGE('',*,*,#11119,.T.);
#11119 = EDGE_CURVE('',#11112,#11120,#11122,.T.);
#11120 = VERTEX_POINT('',#11121);
#11121 = CARTESIAN_POINT('',(285.,57.6,305.));
#11122 = LINE('',#11123,#11124);
#11123 = CARTESIAN_POINT('',(285.,57.6,5.));
#11124 = VECTOR('',#11125,1.);
#11125 = DIRECTION('',(0.,0.,1.));
#11126 = ORIENTED_EDGE('',*,*,#11127,.F.);
#11127 = EDGE_CURVE('',#11104,#11120,#11128,.T.);
#11128 = LINE('',#11129,#11130);
#11129 = CARTESIAN_POINT('',(285.,56.,305.));
#11130 = VECTOR('',#11131,1.);
#11131 = DIRECTION('',(-0.,1.,0.));
#11132 = PLANE('',#11133);
#11133 = AXIS2_PLACEMENT_3D('',#11134,#11135,#11136);
#11134 = CARTESIAN_POINT('',(285.,56.,5.));
#11135 = DIRECTION('',(1.,0.,-0.));
#11136 = DIRECTION('',(0.,0.,1.));
#11137 = ADVANCED_FACE('',(#11138),#11154,.F.);
#11138 = FACE_BOUND('',#11139,.F.);
#11139 = EDGE_LOOP('',(#11140,#11146,#11147,#11153));
#11140 = ORIENTED_EDGE('',*,*,#11141,.F.);
#11141 = EDGE_CURVE('',#11062,#11102,#11142,.T.);
#11142 = LINE('',#11143,#11144);
#11143 = CARTESIAN_POINT('',(25.,56.,5.));
#11144 = VECTOR('',#11145,1.);
#11145 = DIRECTION('',(1.,0.,-0.));
#11146 = ORIENTED_EDGE('',*,*,#11061,.T.);
#11147 = ORIENTED_EDGE('',*,*,#11148,.T.);
#11148 = EDGE_CURVE('',#11064,#11104,#11149,.T.);
#11149 = LINE('',#11150,#11151);
#11150 = CARTESIAN_POINT('',(25.,56.,305.));
#11151 = VECTOR('',#11152,1.);
#11152 = DIRECTION('',(1.,0.,-0.));
#11153 = ORIENTED_EDGE('',*,*,#11101,.F.);
#11154 = PLANE('',#11155);
#11155 = AXIS2_PLACEMENT_3D('',#11156,#11157,#11158);
#11156 = CARTESIAN_POINT('',(25.,56.,5.));
#11157 = DIRECTION('',(-0.,1.,0.));
#11158 = DIRECTION('',(0.,0.,1.));
#11159 = ADVANCED_FACE('',(#11160),#11176,.T.);
#11160 = FACE_BOUND('',#11161,.T.);
#11161 = EDGE_LOOP('',(#11162,#11168,#11169,#11175));
#11162 = ORIENTED_EDGE('',*,*,#11163,.F.);
#11163 = EDGE_CURVE('',#11072,#11112,#11164,.T.);
#11164 = LINE('',#11165,#11166);
#11165 = CARTESIAN_POINT('',(25.,57.6,5.));
#11166 = VECTOR('',#11167,1.);
#11167 = DIRECTION('',(1.,0.,-0.));
#11168 = ORIENTED_EDGE('',*,*,#11079,.T.);
#11169 = ORIENTED_EDGE('',*,*,#11170,.T.);
#11170 = EDGE_CURVE('',#11080,#11120,#11171,.T.);
#11171 = LINE('',#11172,#11173);
#11172 = CARTESIAN_POINT('',(25.,57.6,305.));
#11173 = VECTOR('',#11174,1.);
#11174 = DIRECTION('',(1.,0.,-0.));
#11175 = ORIENTED_EDGE('',*,*,#11119,.F.);
#11176 = PLANE('',#11177);
#11177 = AXIS2_PLACEMENT_3D('',#11178,#11179,#11180);
#11178 = CARTESIAN_POINT('',(25.,57.6,5.));
#11179 = DIRECTION('',(-0.,1.,0.));
#11180 = DIRECTION('',(0.,0.,1.));
#11181 = ADVANCED_FACE('',(#11182),#11188,.F.);
#11182 = FACE_BOUND('',#11183,.F.);
#11183 = EDGE_LOOP('',(#11184,#11185,#11186,#11187));
#11184 = ORIENTED_EDGE('',*,*,#11071,.F.);
#11185 = ORIENTED_EDGE('',*,*,#11141,.T.);
#11186 = ORIENTED_EDGE('',*,*,#11111,.T.);
#11187 = ORIENTED_EDGE('',*,*,#11163,.F.);
#11188 = PLANE('',#11189);
#11189 = AXIS2_PLACEMENT_3D('',#11190,#11191,#11192);
#11190 = CARTESIAN_POINT('',(25.,56.,5.));
#11191 = DIRECTION('',(0.,0.,1.));
#11192 = DIRECTION('',(1.,0.,-0.));
#11193 = ADVANCED_FACE('',(#11194),#11200,.T.);
#11194 = FACE_BOUND('',#11195,.T.);
#11195 = EDGE_LOOP('',(#11196,#11197,#11198,#11199));
#11196 = ORIENTED_EDGE('',*,*,#11087,.F.);
#11197 = ORIENTED_EDGE('',*,*,#11148,.T.);
#11198 = ORIENTED_EDGE('',*,*,#11127,.T.);
#11199 = ORIENTED_EDGE('',*,*,#11170,.F.);
#11200 = PLANE('',#11201);
#11201 = AXIS2_PLACEMENT_3D('',#11202,#11203,#11204);
#11202 = CARTESIAN_POINT('',(25.,56.,305.));
#11203 = DIRECTION('',(0.,0.,1.));
#11204 = DIRECTION('',(1.,0.,-0.));
#11205 = ( GEOMETRIC_REPRESENTATION_CONTEXT(3) 
GLOBAL_UNCERTAINTY_ASSIGNED_CONTEXT((#11209)) 
GLOBAL_UNIT_ASSIGNED_CONTEXT((#11206,#11207,#11208)) 
REPRESENTATION_CONTEXT('Context #1',
  '3D Context with UNIT and UNCERTAINTY') );
#11206 = ( LENGTH_UNIT() NAMED_UNIT(*) SI_UNIT(.MILLI.,.METRE.) );
#11207 = ( NAMED_UNIT(*) PLANE_ANGLE_UNIT() SI_UNIT($,.RADIAN.) );
#11208 = ( NAMED_UNIT(*) SI_UNIT($,.STERADIAN.) SOLID_ANGLE_UNIT() );
#11209 = UNCERTAINTY_MEASURE_WITH_UNIT(LENGTH_MEASURE(1.E-07),#11206,
  'distance_accuracy_value','confusion accuracy');
#11210 = CONTEXT_DEPENDENT_SHAPE_REPRESENTATION(#11211,#11213);
#11211 = ( REPRESENTATION_RELATIONSHIP('','',#11054,#10) 
REPRESENTATION_RELATIONSHIP_WITH_TRANSFORMATION(#11212) 
SHAPE_REPRESENTATION_RELATIONSHIP() );
#11212 = ITEM_DEFINED_TRANSFORMATION('','',#11,#163);
#11213 = PRODUCT_DEFINITION_SHAPE('Placement','Placement of an item',
  #11214);
#11214 = NEXT_ASSEMBLY_USAGE_OCCURRENCE('38',
  'Main Board (260x300, vertical)','',#5,#11049,$);
#11215 = PRODUCT_RELATED_PRODUCT_CATEGORY('part',$,(#11051));
#11216 = SHAPE_DEFINITION_REPRESENTATION(#11217,#11223);
#11217 = PRODUCT_DEFINITION_SHAPE('','',#11218);
#11218 = PRODUCT_DEFINITION('design','',#11219,#11222);
#11219 = PRODUCT_DEFINITION_FORMATION('','',#11220);
#11220 = PRODUCT('Main Board component envelope (15 mm, ASSUMED)',
  'Main Board component envelope (15 mm, ASSUMED)','',(#11221));
#11221 = PRODUCT_CONTEXT('',#2,'mechanical');
#11222 = PRODUCT_DEFINITION_CONTEXT('part definition',#2,'design');
#11223 = ADVANCED_BREP_SHAPE_REPRESENTATION('',(#11,#11224),#11374);
#11224 = MANIFOLD_SOLID_BREP('',#11225);
#11225 = CLOSED_SHELL('',(#11226,#11266,#11306,#11328,#11350,#11362));
#11226 = ADVANCED_FACE('',(#11227),#11261,.F.);
#11227 = FACE_BOUND('',#11228,.F.);
#11228 = EDGE_LOOP('',(#11229,#11239,#11247,#11255));
#11229 = ORIENTED_EDGE('',*,*,#11230,.F.);
#11230 = EDGE_CURVE('',#11231,#11233,#11235,.T.);
#11231 = VERTEX_POINT('',#11232);
#11232 = CARTESIAN_POINT('',(30.,57.6,10.));
#11233 = VERTEX_POINT('',#11234);
#11234 = CARTESIAN_POINT('',(30.,57.6,300.));
#11235 = LINE('',#11236,#11237);
#11236 = CARTESIAN_POINT('',(30.,57.6,10.));
#11237 = VECTOR('',#11238,1.);
#11238 = DIRECTION('',(0.,0.,1.));
#11239 = ORIENTED_EDGE('',*,*,#11240,.T.);
#11240 = EDGE_CURVE('',#11231,#11241,#11243,.T.);
#11241 = VERTEX_POINT('',#11242);
#11242 = CARTESIAN_POINT('',(30.,72.6,10.));
#11243 = LINE('',#11244,#11245);
#11244 = CARTESIAN_POINT('',(30.,57.6,10.));
#11245 = VECTOR('',#11246,1.);
#11246 = DIRECTION('',(-0.,1.,0.));
#11247 = ORIENTED_EDGE('',*,*,#11248,.T.);
#11248 = EDGE_CURVE('',#11241,#11249,#11251,.T.);
#11249 = VERTEX_POINT('',#11250);
#11250 = CARTESIAN_POINT('',(30.,72.6,300.));
#11251 = LINE('',#11252,#11253);
#11252 = CARTESIAN_POINT('',(30.,72.6,10.));
#11253 = VECTOR('',#11254,1.);
#11254 = DIRECTION('',(0.,0.,1.));
#11255 = ORIENTED_EDGE('',*,*,#11256,.F.);
#11256 = EDGE_CURVE('',#11233,#11249,#11257,.T.);
#11257 = LINE('',#11258,#11259);
#11258 = CARTESIAN_POINT('',(30.,57.6,300.));
#11259 = VECTOR('',#11260,1.);
#11260 = DIRECTION('',(-0.,1.,0.));
#11261 = PLANE('',#11262);
#11262 = AXIS2_PLACEMENT_3D('',#11263,#11264,#11265);
#11263 = CARTESIAN_POINT('',(30.,57.6,10.));
#11264 = DIRECTION('',(1.,0.,-0.));
#11265 = DIRECTION('',(0.,0.,1.));
#11266 = ADVANCED_FACE('',(#11267),#11301,.T.);
#11267 = FACE_BOUND('',#11268,.T.);
#11268 = EDGE_LOOP('',(#11269,#11279,#11287,#11295));
#11269 = ORIENTED_EDGE('',*,*,#11270,.F.);
#11270 = EDGE_CURVE('',#11271,#11273,#11275,.T.);
#11271 = VERTEX_POINT('',#11272);
#11272 = CARTESIAN_POINT('',(280.,57.6,10.));
#11273 = VERTEX_POINT('',#11274);
#11274 = CARTESIAN_POINT('',(280.,57.6,300.));
#11275 = LINE('',#11276,#11277);
#11276 = CARTESIAN_POINT('',(280.,57.6,10.));
#11277 = VECTOR('',#11278,1.);
#11278 = DIRECTION('',(0.,0.,1.));
#11279 = ORIENTED_EDGE('',*,*,#11280,.T.);
#11280 = EDGE_CURVE('',#11271,#11281,#11283,.T.);
#11281 = VERTEX_POINT('',#11282);
#11282 = CARTESIAN_POINT('',(280.,72.6,10.));
#11283 = LINE('',#11284,#11285);
#11284 = CARTESIAN_POINT('',(280.,57.6,10.));
#11285 = VECTOR('',#11286,1.);
#11286 = DIRECTION('',(-0.,1.,0.));
#11287 = ORIENTED_EDGE('',*,*,#11288,.T.);
#11288 = EDGE_CURVE('',#11281,#11289,#11291,.T.);
#11289 = VERTEX_POINT('',#11290);
#11290 = CARTESIAN_POINT('',(280.,72.6,300.));
#11291 = LINE('',#11292,#11293);
#11292 = CARTESIAN_POINT('',(280.,72.6,10.));
#11293 = VECTOR('',#11294,1.);
#11294 = DIRECTION('',(0.,0.,1.));
#11295 = ORIENTED_EDGE('',*,*,#11296,.F.);
#11296 = EDGE_CURVE('',#11273,#11289,#11297,.T.);
#11297 = LINE('',#11298,#11299);
#11298 = CARTESIAN_POINT('',(280.,57.6,300.));
#11299 = VECTOR('',#11300,1.);
#11300 = DIRECTION('',(-0.,1.,0.));
#11301 = PLANE('',#11302);
#11302 = AXIS2_PLACEMENT_3D('',#11303,#11304,#11305);
#11303 = CARTESIAN_POINT('',(280.,57.6,10.));
#11304 = DIRECTION('',(1.,0.,-0.));
#11305 = DIRECTION('',(0.,0.,1.));
#11306 = ADVANCED_FACE('',(#11307),#11323,.F.);
#11307 = FACE_BOUND('',#11308,.F.);
#11308 = EDGE_LOOP('',(#11309,#11315,#11316,#11322));
#11309 = ORIENTED_EDGE('',*,*,#11310,.F.);
#11310 = EDGE_CURVE('',#11231,#11271,#11311,.T.);
#11311 = LINE('',#11312,#11313);
#11312 = CARTESIAN_POINT('',(30.,57.6,10.));
#11313 = VECTOR('',#11314,1.);
#11314 = DIRECTION('',(1.,0.,-0.));
#11315 = ORIENTED_EDGE('',*,*,#11230,.T.);
#11316 = ORIENTED_EDGE('',*,*,#11317,.T.);
#11317 = EDGE_CURVE('',#11233,#11273,#11318,.T.);
#11318 = LINE('',#11319,#11320);
#11319 = CARTESIAN_POINT('',(30.,57.6,300.));
#11320 = VECTOR('',#11321,1.);
#11321 = DIRECTION('',(1.,0.,-0.));
#11322 = ORIENTED_EDGE('',*,*,#11270,.F.);
#11323 = PLANE('',#11324);
#11324 = AXIS2_PLACEMENT_3D('',#11325,#11326,#11327);
#11325 = CARTESIAN_POINT('',(30.,57.6,10.));
#11326 = DIRECTION('',(-0.,1.,0.));
#11327 = DIRECTION('',(0.,0.,1.));
#11328 = ADVANCED_FACE('',(#11329),#11345,.T.);
#11329 = FACE_BOUND('',#11330,.T.);
#11330 = EDGE_LOOP('',(#11331,#11337,#11338,#11344));
#11331 = ORIENTED_EDGE('',*,*,#11332,.F.);
#11332 = EDGE_CURVE('',#11241,#11281,#11333,.T.);
#11333 = LINE('',#11334,#11335);
#11334 = CARTESIAN_POINT('',(30.,72.6,10.));
#11335 = VECTOR('',#11336,1.);
#11336 = DIRECTION('',(1.,0.,-0.));
#11337 = ORIENTED_EDGE('',*,*,#11248,.T.);
#11338 = ORIENTED_EDGE('',*,*,#11339,.T.);
#11339 = EDGE_CURVE('',#11249,#11289,#11340,.T.);
#11340 = LINE('',#11341,#11342);
#11341 = CARTESIAN_POINT('',(30.,72.6,300.));
#11342 = VECTOR('',#11343,1.);
#11343 = DIRECTION('',(1.,0.,-0.));
#11344 = ORIENTED_EDGE('',*,*,#11288,.F.);
#11345 = PLANE('',#11346);
#11346 = AXIS2_PLACEMENT_3D('',#11347,#11348,#11349);
#11347 = CARTESIAN_POINT('',(30.,72.6,10.));
#11348 = DIRECTION('',(-0.,1.,0.));
#11349 = DIRECTION('',(0.,0.,1.));
#11350 = ADVANCED_FACE('',(#11351),#11357,.F.);
#11351 = FACE_BOUND('',#11352,.F.);
#11352 = EDGE_LOOP('',(#11353,#11354,#11355,#11356));
#11353 = ORIENTED_EDGE('',*,*,#11240,.F.);
#11354 = ORIENTED_EDGE('',*,*,#11310,.T.);
#11355 = ORIENTED_EDGE('',*,*,#11280,.T.);
#11356 = ORIENTED_EDGE('',*,*,#11332,.F.);
#11357 = PLANE('',#11358);
#11358 = AXIS2_PLACEMENT_3D('',#11359,#11360,#11361);
#11359 = CARTESIAN_POINT('',(30.,57.6,10.));
#11360 = DIRECTION('',(0.,0.,1.));
#11361 = DIRECTION('',(1.,0.,-0.));
#11362 = ADVANCED_FACE('',(#11363),#11369,.T.);
#11363 = FACE_BOUND('',#11364,.T.);
#11364 = EDGE_LOOP('',(#11365,#11366,#11367,#11368));
#11365 = ORIENTED_EDGE('',*,*,#11256,.F.);
#11366 = ORIENTED_EDGE('',*,*,#11317,.T.);
#11367 = ORIENTED_EDGE('',*,*,#11296,.T.);
#11368 = ORIENTED_EDGE('',*,*,#11339,.F.);
#11369 = PLANE('',#11370);
#11370 = AXIS2_PLACEMENT_3D('',#11371,#11372,#11373);
#11371 = CARTESIAN_POINT('',(30.,57.6,300.));
#11372 = DIRECTION('',(0.,0.,1.));
#11373 = DIRECTION('',(1.,0.,-0.));
#11374 = ( GEOMETRIC_REPRESENTATION_CONTEXT(3) 
GLOBAL_UNCERTAINTY_ASSIGNED_CONTEXT((#11378)) 
GLOBAL_UNIT_ASSIGNED_CONTEXT((#11375,#11376,#11377)) 
REPRESENTATION_CONTEXT('Context #1',
  '3D Context with UNIT and UNCERTAINTY') );
#11375 = ( LENGTH_UNIT() NAMED_UNIT(*) SI_UNIT(.MILLI.,.METRE.) );
#11376 = ( NAMED_UNIT(*) PLANE_ANGLE_UNIT() SI_UNIT($,.RADIAN.) );
#11377 = ( NAMED_UNIT(*) SI_UNIT($,.STERADIAN.) SOLID_ANGLE_UNIT() );
#11378 = UNCERTAINTY_MEASURE_WITH_UNIT(LENGTH_MEASURE(1.E-07),#11375,
  'distance_accuracy_value','confusion accuracy');
#11379 = CONTEXT_DEPENDENT_SHAPE_REPRESENTATION(#11380,#11382);
#11380 = ( REPRESENTATION_RELATIONSHIP('','',#11223,#10) 
REPRESENTATION_RELATIONSHIP_WITH_TRANSFORMATION(#11381) 
SHAPE_REPRESENTATION_RELATIONSHIP() );
#11381 = ITEM_DEFINED_TRANSFORMATION('','',#11,#167);
#11382 = PRODUCT_DEFINITION_SHAPE('Placement','Placement of an item',
  #11383);
#11383 = NEXT_ASSEMBLY_USAGE_OCCURRENCE('39',
  'Main Board component envelope (15 mm, ASSUMED)','',#5,#11218,$);
#11384 = PRODUCT_RELATED_PRODUCT_CATEGORY('part',$,(#11220));
#11385 = SHAPE_DEFINITION_REPRESENTATION(#11386,#11392);
#11386 = PRODUCT_DEFINITION_SHAPE('','',#11387);
#11387 = PRODUCT_DEFINITION('design','',#11388,#11391);
#11388 = PRODUCT_DEFINITION_FORMATION('','',#11389);
#11389 = PRODUCT('Frequency Synthesizer (100x100, vertical)',
  'Frequency Synthesizer (100x100, vertical)','',(#11390));
#11390 = PRODUCT_CONTEXT('',#2,'mechanical');
#11391 = PRODUCT_DEFINITION_CONTEXT('part definition',#2,'design');
#11392 = ADVANCED_BREP_SHAPE_REPRESENTATION('',(#11,#11393),#11543);
#11393 = MANIFOLD_SOLID_BREP('',#11394);
#11394 = CLOSED_SHELL('',(#11395,#11435,#11475,#11497,#11519,#11531));
#11395 = ADVANCED_FACE('',(#11396),#11430,.F.);
#11396 = FACE_BOUND('',#11397,.F.);
#11397 = EDGE_LOOP('',(#11398,#11408,#11416,#11424));
#11398 = ORIENTED_EDGE('',*,*,#11399,.F.);
#11399 = EDGE_CURVE('',#11400,#11402,#11404,.T.);
#11400 = VERTEX_POINT('',#11401);
#11401 = CARTESIAN_POINT('',(46.363333333333,81.,141.60187183333));
#11402 = VERTEX_POINT('',#11403);
#11403 = CARTESIAN_POINT('',(46.363333333333,81.,241.60187183333));
#11404 = LINE('',#11405,#11406);
#11405 = CARTESIAN_POINT('',(46.363333333333,81.,141.60187183333));
#11406 = VECTOR('',#11407,1.);
#11407 = DIRECTION('',(0.,0.,1.));
#11408 = ORIENTED_EDGE('',*,*,#11409,.T.);
#11409 = EDGE_CURVE('',#11400,#11410,#11412,.T.);
#11410 = VERTEX_POINT('',#11411);
#11411 = CARTESIAN_POINT('',(46.363333333333,82.6,141.60187183333));
#11412 = LINE('',#11413,#11414);
#11413 = CARTESIAN_POINT('',(46.363333333333,81.,141.60187183333));
#11414 = VECTOR('',#11415,1.);
#11415 = DIRECTION('',(-0.,1.,0.));
#11416 = ORIENTED_EDGE('',*,*,#11417,.T.);
#11417 = EDGE_CURVE('',#11410,#11418,#11420,.T.);
#11418 = VERTEX_POINT('',#11419);
#11419 = CARTESIAN_POINT('',(46.363333333333,82.6,241.60187183333));
#11420 = LINE('',#11421,#11422);
#11421 = CARTESIAN_POINT('',(46.363333333333,82.6,141.60187183333));
#11422 = VECTOR('',#11423,1.);
#11423 = DIRECTION('',(0.,0.,1.));
#11424 = ORIENTED_EDGE('',*,*,#11425,.F.);
#11425 = EDGE_CURVE('',#11402,#11418,#11426,.T.);
#11426 = LINE('',#11427,#11428);
#11427 = CARTESIAN_POINT('',(46.363333333333,81.,241.60187183333));
#11428 = VECTOR('',#11429,1.);
#11429 = DIRECTION('',(-0.,1.,0.));
#11430 = PLANE('',#11431);
#11431 = AXIS2_PLACEMENT_3D('',#11432,#11433,#11434);
#11432 = CARTESIAN_POINT('',(46.363333333333,81.,141.60187183333));
#11433 = DIRECTION('',(1.,0.,-0.));
#11434 = DIRECTION('',(0.,0.,1.));
#11435 = ADVANCED_FACE('',(#11436),#11470,.T.);
#11436 = FACE_BOUND('',#11437,.T.);
#11437 = EDGE_LOOP('',(#11438,#11448,#11456,#11464));
#11438 = ORIENTED_EDGE('',*,*,#11439,.F.);
#11439 = EDGE_CURVE('',#11440,#11442,#11444,.T.);
#11440 = VERTEX_POINT('',#11441);
#11441 = CARTESIAN_POINT('',(146.36333333333,81.,141.60187183333));
#11442 = VERTEX_POINT('',#11443);
#11443 = CARTESIAN_POINT('',(146.36333333333,81.,241.60187183333));
#11444 = LINE('',#11445,#11446);
#11445 = CARTESIAN_POINT('',(146.36333333333,81.,141.60187183333));
#11446 = VECTOR('',#11447,1.);
#11447 = DIRECTION('',(0.,0.,1.));
#11448 = ORIENTED_EDGE('',*,*,#11449,.T.);
#11449 = EDGE_CURVE('',#11440,#11450,#11452,.T.);
#11450 = VERTEX_POINT('',#11451);
#11451 = CARTESIAN_POINT('',(146.36333333333,82.6,141.60187183333));
#11452 = LINE('',#11453,#11454);
#11453 = CARTESIAN_POINT('',(146.36333333333,81.,141.60187183333));
#11454 = VECTOR('',#11455,1.);
#11455 = DIRECTION('',(-0.,1.,0.));
#11456 = ORIENTED_EDGE('',*,*,#11457,.T.);
#11457 = EDGE_CURVE('',#11450,#11458,#11460,.T.);
#11458 = VERTEX_POINT('',#11459);
#11459 = CARTESIAN_POINT('',(146.36333333333,82.6,241.60187183333));
#11460 = LINE('',#11461,#11462);
#11461 = CARTESIAN_POINT('',(146.36333333333,82.6,141.60187183333));
#11462 = VECTOR('',#11463,1.);
#11463 = DIRECTION('',(0.,0.,1.));
#11464 = ORIENTED_EDGE('',*,*,#11465,.F.);
#11465 = EDGE_CURVE('',#11442,#11458,#11466,.T.);
#11466 = LINE('',#11467,#11468);
#11467 = CARTESIAN_POINT('',(146.36333333333,81.,241.60187183333));
#11468 = VECTOR('',#11469,1.);
#11469 = DIRECTION('',(-0.,1.,0.));
#11470 = PLANE('',#11471);
#11471 = AXIS2_PLACEMENT_3D('',#11472,#11473,#11474);
#11472 = CARTESIAN_POINT('',(146.36333333333,81.,141.60187183333));
#11473 = DIRECTION('',(1.,0.,-0.));
#11474 = DIRECTION('',(0.,0.,1.));
#11475 = ADVANCED_FACE('',(#11476),#11492,.F.);
#11476 = FACE_BOUND('',#11477,.F.);
#11477 = EDGE_LOOP('',(#11478,#11484,#11485,#11491));
#11478 = ORIENTED_EDGE('',*,*,#11479,.F.);
#11479 = EDGE_CURVE('',#11400,#11440,#11480,.T.);
#11480 = LINE('',#11481,#11482);
#11481 = CARTESIAN_POINT('',(46.363333333333,81.,141.60187183333));
#11482 = VECTOR('',#11483,1.);
#11483 = DIRECTION('',(1.,0.,-0.));
#11484 = ORIENTED_EDGE('',*,*,#11399,.T.);
#11485 = ORIENTED_EDGE('',*,*,#11486,.T.);
#11486 = EDGE_CURVE('',#11402,#11442,#11487,.T.);
#11487 = LINE('',#11488,#11489);
#11488 = CARTESIAN_POINT('',(46.363333333333,81.,241.60187183333));
#11489 = VECTOR('',#11490,1.);
#11490 = DIRECTION('',(1.,0.,-0.));
#11491 = ORIENTED_EDGE('',*,*,#11439,.F.);
#11492 = PLANE('',#11493);
#11493 = AXIS2_PLACEMENT_3D('',#11494,#11495,#11496);
#11494 = CARTESIAN_POINT('',(46.363333333333,81.,141.60187183333));
#11495 = DIRECTION('',(-0.,1.,0.));
#11496 = DIRECTION('',(0.,0.,1.));
#11497 = ADVANCED_FACE('',(#11498),#11514,.T.);
#11498 = FACE_BOUND('',#11499,.T.);
#11499 = EDGE_LOOP('',(#11500,#11506,#11507,#11513));
#11500 = ORIENTED_EDGE('',*,*,#11501,.F.);
#11501 = EDGE_CURVE('',#11410,#11450,#11502,.T.);
#11502 = LINE('',#11503,#11504);
#11503 = CARTESIAN_POINT('',(46.363333333333,82.6,141.60187183333));
#11504 = VECTOR('',#11505,1.);
#11505 = DIRECTION('',(1.,0.,-0.));
#11506 = ORIENTED_EDGE('',*,*,#11417,.T.);
#11507 = ORIENTED_EDGE('',*,*,#11508,.T.);
#11508 = EDGE_CURVE('',#11418,#11458,#11509,.T.);
#11509 = LINE('',#11510,#11511);
#11510 = CARTESIAN_POINT('',(46.363333333333,82.6,241.60187183333));
#11511 = VECTOR('',#11512,1.);
#11512 = DIRECTION('',(1.,0.,-0.));
#11513 = ORIENTED_EDGE('',*,*,#11457,.F.);
#11514 = PLANE('',#11515);
#11515 = AXIS2_PLACEMENT_3D('',#11516,#11517,#11518);
#11516 = CARTESIAN_POINT('',(46.363333333333,82.6,141.60187183333));
#11517 = DIRECTION('',(-0.,1.,0.));
#11518 = DIRECTION('',(0.,0.,1.));
#11519 = ADVANCED_FACE('',(#11520),#11526,.F.);
#11520 = FACE_BOUND('',#11521,.F.);
#11521 = EDGE_LOOP('',(#11522,#11523,#11524,#11525));
#11522 = ORIENTED_EDGE('',*,*,#11409,.F.);
#11523 = ORIENTED_EDGE('',*,*,#11479,.T.);
#11524 = ORIENTED_EDGE('',*,*,#11449,.T.);
#11525 = ORIENTED_EDGE('',*,*,#11501,.F.);
#11526 = PLANE('',#11527);
#11527 = AXIS2_PLACEMENT_3D('',#11528,#11529,#11530);
#11528 = CARTESIAN_POINT('',(46.363333333333,81.,141.60187183333));
#11529 = DIRECTION('',(0.,0.,1.));
#11530 = DIRECTION('',(1.,0.,-0.));
#11531 = ADVANCED_FACE('',(#11532),#11538,.T.);
#11532 = FACE_BOUND('',#11533,.T.);
#11533 = EDGE_LOOP('',(#11534,#11535,#11536,#11537));
#11534 = ORIENTED_EDGE('',*,*,#11425,.F.);
#11535 = ORIENTED_EDGE('',*,*,#11486,.T.);
#11536 = ORIENTED_EDGE('',*,*,#11465,.T.);
#11537 = ORIENTED_EDGE('',*,*,#11508,.F.);
#11538 = PLANE('',#11539);
#11539 = AXIS2_PLACEMENT_3D('',#11540,#11541,#11542);
#11540 = CARTESIAN_POINT('',(46.363333333333,81.,241.60187183333));
#11541 = DIRECTION('',(0.,0.,1.));
#11542 = DIRECTION('',(1.,0.,-0.));
#11543 = ( GEOMETRIC_REPRESENTATION_CONTEXT(3) 
GLOBAL_UNCERTAINTY_ASSIGNED_CONTEXT((#11547)) 
GLOBAL_UNIT_ASSIGNED_CONTEXT((#11544,#11545,#11546)) 
REPRESENTATION_CONTEXT('Context #1',
  '3D Context with UNIT and UNCERTAINTY') );
#11544 = ( LENGTH_UNIT() NAMED_UNIT(*) SI_UNIT(.MILLI.,.METRE.) );
#11545 = ( NAMED_UNIT(*) PLANE_ANGLE_UNIT() SI_UNIT($,.RADIAN.) );
#11546 = ( NAMED_UNIT(*) SI_UNIT($,.STERADIAN.) SOLID_ANGLE_UNIT() );
#11547 = UNCERTAINTY_MEASURE_WITH_UNIT(LENGTH_MEASURE(1.E-07),#11544,
  'distance_accuracy_value','confusion accuracy');
#11548 = CONTEXT_DEPENDENT_SHAPE_REPRESENTATION(#11549,#11551);
#11549 = ( REPRESENTATION_RELATIONSHIP('','',#11392,#10) 
REPRESENTATION_RELATIONSHIP_WITH_TRANSFORMATION(#11550) 
SHAPE_REPRESENTATION_RELATIONSHIP() );
#11550 = ITEM_DEFINED_TRANSFORMATION('','',#11,#171);
#11551 = PRODUCT_DEFINITION_SHAPE('Placement','Placement of an item',
  #11552);
#11552 = NEXT_ASSEMBLY_USAGE_OCCURRENCE('40',
  'Frequency Synthesizer (100x100, vertical)','',#5,#11387,$);
#11553 = PRODUCT_RELATED_PRODUCT_CATEGORY('part',$,(#11389));
#11554 = SHAPE_DEFINITION_REPRESENTATION(#11555,#11561);
#11555 = PRODUCT_DEFINITION_SHAPE('','',#11556);
#11556 = PRODUCT_DEFINITION('design','',#11557,#11560);
#11557 = PRODUCT_DEFINITION_FORMATION('','',#11558);
#11558 = PRODUCT('Synth component envelope','Synth component envelope',
  '',(#11559));
#11559 = PRODUCT_CONTEXT('',#2,'mechanical');
#11560 = PRODUCT_DEFINITION_CONTEXT('part definition',#2,'design');
#11561 = ADVANCED_BREP_SHAPE_REPRESENTATION('',(#11,#11562),#11712);
#11562 = MANIFOLD_SOLID_BREP('',#11563);
#11563 = CLOSED_SHELL('',(#11564,#11604,#11644,#11666,#11688,#11700));
#11564 = ADVANCED_FACE('',(#11565),#11599,.F.);
#11565 = FACE_BOUND('',#11566,.F.);
#11566 = EDGE_LOOP('',(#11567,#11577,#11585,#11593));
#11567 = ORIENTED_EDGE('',*,*,#11568,.F.);
#11568 = EDGE_CURVE('',#11569,#11571,#11573,.T.);
#11569 = VERTEX_POINT('',#11570);
#11570 = CARTESIAN_POINT('',(49.363333333333,82.6,144.60187183333));
#11571 = VERTEX_POINT('',#11572);
#11572 = CARTESIAN_POINT('',(49.363333333333,82.6,238.60187183333));
#11573 = LINE('',#11574,#11575);
#11574 = CARTESIAN_POINT('',(49.363333333333,82.6,144.60187183333));
#11575 = VECTOR('',#11576,1.);
#11576 = DIRECTION('',(0.,0.,1.));
#11577 = ORIENTED_EDGE('',*,*,#11578,.T.);
#11578 = EDGE_CURVE('',#11569,#11579,#11581,.T.);
#11579 = VERTEX_POINT('',#11580);
#11580 = CARTESIAN_POINT('',(49.363333333333,94.6,144.60187183333));
#11581 = LINE('',#11582,#11583);
#11582 = CARTESIAN_POINT('',(49.363333333333,82.6,144.60187183333));
#11583 = VECTOR('',#11584,1.);
#11584 = DIRECTION('',(-0.,1.,0.));
#11585 = ORIENTED_EDGE('',*,*,#11586,.T.);
#11586 = EDGE_CURVE('',#11579,#11587,#11589,.T.);
#11587 = VERTEX_POINT('',#11588);
#11588 = CARTESIAN_POINT('',(49.363333333333,94.6,238.60187183333));
#11589 = LINE('',#11590,#11591);
#11590 = CARTESIAN_POINT('',(49.363333333333,94.6,144.60187183333));
#11591 = VECTOR('',#11592,1.);
#11592 = DIRECTION('',(0.,0.,1.));
#11593 = ORIENTED_EDGE('',*,*,#11594,.F.);
#11594 = EDGE_CURVE('',#11571,#11587,#11595,.T.);
#11595 = LINE('',#11596,#11597);
#11596 = CARTESIAN_POINT('',(49.363333333333,82.6,238.60187183333));
#11597 = VECTOR('',#11598,1.);
#11598 = DIRECTION('',(-0.,1.,0.));
#11599 = PLANE('',#11600);
#11600 = AXIS2_PLACEMENT_3D('',#11601,#11602,#11603);
#11601 = CARTESIAN_POINT('',(49.363333333333,82.6,144.60187183333));
#11602 = DIRECTION('',(1.,0.,-0.));
#11603 = DIRECTION('',(0.,0.,1.));
#11604 = ADVANCED_FACE('',(#11605),#11639,.T.);
#11605 = FACE_BOUND('',#11606,.T.);
#11606 = EDGE_LOOP('',(#11607,#11617,#11625,#11633));
#11607 = ORIENTED_EDGE('',*,*,#11608,.F.);
#11608 = EDGE_CURVE('',#11609,#11611,#11613,.T.);
#11609 = VERTEX_POINT('',#11610);
#11610 = CARTESIAN_POINT('',(143.36333333333,82.6,144.60187183333));
#11611 = VERTEX_POINT('',#11612);
#11612 = CARTESIAN_POINT('',(143.36333333333,82.6,238.60187183333));
#11613 = LINE('',#11614,#11615);
#11614 = CARTESIAN_POINT('',(143.36333333333,82.6,144.60187183333));
#11615 = VECTOR('',#11616,1.);
#11616 = DIRECTION('',(0.,0.,1.));
#11617 = ORIENTED_EDGE('',*,*,#11618,.T.);
#11618 = EDGE_CURVE('',#11609,#11619,#11621,.T.);
#11619 = VERTEX_POINT('',#11620);
#11620 = CARTESIAN_POINT('',(143.36333333333,94.6,144.60187183333));
#11621 = LINE('',#11622,#11623);
#11622 = CARTESIAN_POINT('',(143.36333333333,82.6,144.60187183333));
#11623 = VECTOR('',#11624,1.);
#11624 = DIRECTION('',(-0.,1.,0.));
#11625 = ORIENTED_EDGE('',*,*,#11626,.T.);
#11626 = EDGE_CURVE('',#11619,#11627,#11629,.T.);
#11627 = VERTEX_POINT('',#11628);
#11628 = CARTESIAN_POINT('',(143.36333333333,94.6,238.60187183333));
#11629 = LINE('',#11630,#11631);
#11630 = CARTESIAN_POINT('',(143.36333333333,94.6,144.60187183333));
#11631 = VECTOR('',#11632,1.);
#11632 = DIRECTION('',(0.,0.,1.));
#11633 = ORIENTED_EDGE('',*,*,#11634,.F.);
#11634 = EDGE_CURVE('',#11611,#11627,#11635,.T.);
#11635 = LINE('',#11636,#11637);
#11636 = CARTESIAN_POINT('',(143.36333333333,82.6,238.60187183333));
#11637 = VECTOR('',#11638,1.);
#11638 = DIRECTION('',(-0.,1.,0.));
#11639 = PLANE('',#11640);
#11640 = AXIS2_PLACEMENT_3D('',#11641,#11642,#11643);
#11641 = CARTESIAN_POINT('',(143.36333333333,82.6,144.60187183333));
#11642 = DIRECTION('',(1.,0.,-0.));
#11643 = DIRECTION('',(0.,0.,1.));
#11644 = ADVANCED_FACE('',(#11645),#11661,.F.);
#11645 = FACE_BOUND('',#11646,.F.);
#11646 = EDGE_LOOP('',(#11647,#11653,#11654,#11660));
#11647 = ORIENTED_EDGE('',*,*,#11648,.F.);
#11648 = EDGE_CURVE('',#11569,#11609,#11649,.T.);
#11649 = LINE('',#11650,#11651);
#11650 = CARTESIAN_POINT('',(49.363333333333,82.6,144.60187183333));
#11651 = VECTOR('',#11652,1.);
#11652 = DIRECTION('',(1.,0.,-0.));
#11653 = ORIENTED_EDGE('',*,*,#11568,.T.);
#11654 = ORIENTED_EDGE('',*,*,#11655,.T.);
#11655 = EDGE_CURVE('',#11571,#11611,#11656,.T.);
#11656 = LINE('',#11657,#11658);
#11657 = CARTESIAN_POINT('',(49.363333333333,82.6,238.60187183333));
#11658 = VECTOR('',#11659,1.);
#11659 = DIRECTION('',(1.,0.,-0.));
#11660 = ORIENTED_EDGE('',*,*,#11608,.F.);
#11661 = PLANE('',#11662);
#11662 = AXIS2_PLACEMENT_3D('',#11663,#11664,#11665);
#11663 = CARTESIAN_POINT('',(49.363333333333,82.6,144.60187183333));
#11664 = DIRECTION('',(-0.,1.,0.));
#11665 = DIRECTION('',(0.,0.,1.));
#11666 = ADVANCED_FACE('',(#11667),#11683,.T.);
#11667 = FACE_BOUND('',#11668,.T.);
#11668 = EDGE_LOOP('',(#11669,#11675,#11676,#11682));
#11669 = ORIENTED_EDGE('',*,*,#11670,.F.);
#11670 = EDGE_CURVE('',#11579,#11619,#11671,.T.);
#11671 = LINE('',#11672,#11673);
#11672 = CARTESIAN_POINT('',(49.363333333333,94.6,144.60187183333));
#11673 = VECTOR('',#11674,1.);
#11674 = DIRECTION('',(1.,0.,-0.));
#11675 = ORIENTED_EDGE('',*,*,#11586,.T.);
#11676 = ORIENTED_EDGE('',*,*,#11677,.T.);
#11677 = EDGE_CURVE('',#11587,#11627,#11678,.T.);
#11678 = LINE('',#11679,#11680);
#11679 = CARTESIAN_POINT('',(49.363333333333,94.6,238.60187183333));
#11680 = VECTOR('',#11681,1.);
#11681 = DIRECTION('',(1.,0.,-0.));
#11682 = ORIENTED_EDGE('',*,*,#11626,.F.);
#11683 = PLANE('',#11684);
#11684 = AXIS2_PLACEMENT_3D('',#11685,#11686,#11687);
#11685 = CARTESIAN_POINT('',(49.363333333333,94.6,144.60187183333));
#11686 = DIRECTION('',(-0.,1.,0.));
#11687 = DIRECTION('',(0.,0.,1.));
#11688 = ADVANCED_FACE('',(#11689),#11695,.F.);
#11689 = FACE_BOUND('',#11690,.F.);
#11690 = EDGE_LOOP('',(#11691,#11692,#11693,#11694));
#11691 = ORIENTED_EDGE('',*,*,#11578,.F.);
#11692 = ORIENTED_EDGE('',*,*,#11648,.T.);
#11693 = ORIENTED_EDGE('',*,*,#11618,.T.);
#11694 = ORIENTED_EDGE('',*,*,#11670,.F.);
#11695 = PLANE('',#11696);
#11696 = AXIS2_PLACEMENT_3D('',#11697,#11698,#11699);
#11697 = CARTESIAN_POINT('',(49.363333333333,82.6,144.60187183333));
#11698 = DIRECTION('',(0.,0.,1.));
#11699 = DIRECTION('',(1.,0.,-0.));
#11700 = ADVANCED_FACE('',(#11701),#11707,.T.);
#11701 = FACE_BOUND('',#11702,.T.);
#11702 = EDGE_LOOP('',(#11703,#11704,#11705,#11706));
#11703 = ORIENTED_EDGE('',*,*,#11594,.F.);
#11704 = ORIENTED_EDGE('',*,*,#11655,.T.);
#11705 = ORIENTED_EDGE('',*,*,#11634,.T.);
#11706 = ORIENTED_EDGE('',*,*,#11677,.F.);
#11707 = PLANE('',#11708);
#11708 = AXIS2_PLACEMENT_3D('',#11709,#11710,#11711);
#11709 = CARTESIAN_POINT('',(49.363333333333,82.6,238.60187183333));
#11710 = DIRECTION('',(0.,0.,1.));
#11711 = DIRECTION('',(1.,0.,-0.));
#11712 = ( GEOMETRIC_REPRESENTATION_CONTEXT(3) 
GLOBAL_UNCERTAINTY_ASSIGNED_CONTEXT((#11716)) 
GLOBAL_UNIT_ASSIGNED_CONTEXT((#11713,#11714,#11715)) 
REPRESENTATION_CONTEXT('Context #1',
  '3D Context with UNIT and UNCERTAINTY') );
#11713 = ( LENGTH_UNIT() NAMED_UNIT(*) SI_UNIT(.MILLI.,.METRE.) );
#11714 = ( NAMED_UNIT(*) PLANE_ANGLE_UNIT() SI_UNIT($,.RADIAN.) );
#11715 = ( NAMED_UNIT(*) SI_UNIT($,.STERADIAN.) SOLID_ANGLE_UNIT() );
#11716 = UNCERTAINTY_MEASURE_WITH_UNIT(LENGTH_MEASURE(1.E-07),#11713,
  'distance_accuracy_value','confusion accuracy');
#11717 = CONTEXT_DEPENDENT_SHAPE_REPRESENTATION(#11718,#11720);
#11718 = ( REPRESENTATION_RELATIONSHIP('','',#11561,#10) 
REPRESENTATION_RELATIONSHIP_WITH_TRANSFORMATION(#11719) 
SHAPE_REPRESENTATION_RELATIONSHIP() );
#11719 = ITEM_DEFINED_TRANSFORMATION('','',#11,#175);
#11720 = PRODUCT_DEFINITION_SHAPE('Placement','Placement of an item',
  #11721);
#11721 = NEXT_ASSEMBLY_USAGE_OCCURRENCE('41','Synth component envelope',
  '',#5,#11556,$);
#11722 = PRODUCT_RELATED_PRODUCT_CATEGORY('part',$,(#11558));
#11723 = SHAPE_DEFINITION_REPRESENTATION(#11724,#11730);
#11724 = PRODUCT_DEFINITION_SHAPE('','',#11725);
#11725 = PRODUCT_DEFINITION('design','',#11726,#11729);
#11726 = PRODUCT_DEFINITION_FORMATION('','',#11727);
#11727 = PRODUCT('Power Board (280x300, vertical)',
  'Power Board (280x300, vertical)','',(#11728));
#11728 = PRODUCT_CONTEXT('',#2,'mechanical');
#11729 = PRODUCT_DEFINITION_CONTEXT('part definition',#2,'design');
#11730 = ADVANCED_BREP_SHAPE_REPRESENTATION('',(#11,#11731),#11881);
#11731 = MANIFOLD_SOLID_BREP('',#11732);
#11732 = CLOSED_SHELL('',(#11733,#11773,#11813,#11835,#11857,#11869));
#11733 = ADVANCED_FACE('',(#11734),#11768,.F.);
#11734 = FACE_BOUND('',#11735,.F.);
#11735 = EDGE_LOOP('',(#11736,#11746,#11754,#11762));
#11736 = ORIENTED_EDGE('',*,*,#11737,.F.);
#11737 = EDGE_CURVE('',#11738,#11740,#11742,.T.);
#11738 = VERTEX_POINT('',#11739);
#11739 = CARTESIAN_POINT('',(15.,106.,5.));
#11740 = VERTEX_POINT('',#11741);
#11741 = CARTESIAN_POINT('',(15.,106.,305.));
#11742 = LINE('',#11743,#11744);
#11743 = CARTESIAN_POINT('',(15.,106.,5.));
#11744 = VECTOR('',#11745,1.);
#11745 = DIRECTION('',(0.,0.,1.));
#11746 = ORIENTED_EDGE('',*,*,#11747,.T.);
#11747 = EDGE_CURVE('',#11738,#11748,#11750,.T.);
#11748 = VERTEX_POINT('',#11749);
#11749 = CARTESIAN_POINT('',(15.,107.6,5.));
#11750 = LINE('',#11751,#11752);
#11751 = CARTESIAN_POINT('',(15.,106.,5.));
#11752 = VECTOR('',#11753,1.);
#11753 = DIRECTION('',(-0.,1.,0.));
#11754 = ORIENTED_EDGE('',*,*,#11755,.T.);
#11755 = EDGE_CURVE('',#11748,#11756,#11758,.T.);
#11756 = VERTEX_POINT('',#11757);
#11757 = CARTESIAN_POINT('',(15.,107.6,305.));
#11758 = LINE('',#11759,#11760);
#11759 = CARTESIAN_POINT('',(15.,107.6,5.));
#11760 = VECTOR('',#11761,1.);
#11761 = DIRECTION('',(0.,0.,1.));
#11762 = ORIENTED_EDGE('',*,*,#11763,.F.);
#11763 = EDGE_CURVE('',#11740,#11756,#11764,.T.);
#11764 = LINE('',#11765,#11766);
#11765 = CARTESIAN_POINT('',(15.,106.,305.));
#11766 = VECTOR('',#11767,1.);
#11767 = DIRECTION('',(-0.,1.,0.));
#11768 = PLANE('',#11769);
#11769 = AXIS2_PLACEMENT_3D('',#11770,#11771,#11772);
#11770 = CARTESIAN_POINT('',(15.,106.,5.));
#11771 = DIRECTION('',(1.,0.,-0.));
#11772 = DIRECTION('',(0.,0.,1.));
#11773 = ADVANCED_FACE('',(#11774),#11808,.T.);
#11774 = FACE_BOUND('',#11775,.T.);
#11775 = EDGE_LOOP('',(#11776,#11786,#11794,#11802));
#11776 = ORIENTED_EDGE('',*,*,#11777,.F.);
#11777 = EDGE_CURVE('',#11778,#11780,#11782,.T.);
#11778 = VERTEX_POINT('',#11779);
#11779 = CARTESIAN_POINT('',(295.,106.,5.));
#11780 = VERTEX_POINT('',#11781);
#11781 = CARTESIAN_POINT('',(295.,106.,305.));
#11782 = LINE('',#11783,#11784);
#11783 = CARTESIAN_POINT('',(295.,106.,5.));
#11784 = VECTOR('',#11785,1.);
#11785 = DIRECTION('',(0.,0.,1.));
#11786 = ORIENTED_EDGE('',*,*,#11787,.T.);
#11787 = EDGE_CURVE('',#11778,#11788,#11790,.T.);
#11788 = VERTEX_POINT('',#11789);
#11789 = CARTESIAN_POINT('',(295.,107.6,5.));
#11790 = LINE('',#11791,#11792);
#11791 = CARTESIAN_POINT('',(295.,106.,5.));
#11792 = VECTOR('',#11793,1.);
#11793 = DIRECTION('',(-0.,1.,0.));
#11794 = ORIENTED_EDGE('',*,*,#11795,.T.);
#11795 = EDGE_CURVE('',#11788,#11796,#11798,.T.);
#11796 = VERTEX_POINT('',#11797);
#11797 = CARTESIAN_POINT('',(295.,107.6,305.));
#11798 = LINE('',#11799,#11800);
#11799 = CARTESIAN_POINT('',(295.,107.6,5.));
#11800 = VECTOR('',#11801,1.);
#11801 = DIRECTION('',(0.,0.,1.));
#11802 = ORIENTED_EDGE('',*,*,#11803,.F.);
#11803 = EDGE_CURVE('',#11780,#11796,#11804,.T.);
#11804 = LINE('',#11805,#11806);
#11805 = CARTESIAN_POINT('',(295.,106.,305.));
#11806 = VECTOR('',#11807,1.);
#11807 = DIRECTION('',(-0.,1.,0.));
#11808 = PLANE('',#11809);
#11809 = AXIS2_PLACEMENT_3D('',#11810,#11811,#11812);
#11810 = CARTESIAN_POINT('',(295.,106.,5.));
#11811 = DIRECTION('',(1.,0.,-0.));
#11812 = DIRECTION('',(0.,0.,1.));
#11813 = ADVANCED_FACE('',(#11814),#11830,.F.);
#11814 = FACE_BOUND('',#11815,.F.);
#11815 = EDGE_LOOP('',(#11816,#11822,#11823,#11829));
#11816 = ORIENTED_EDGE('',*,*,#11817,.F.);
#11817 = EDGE_CURVE('',#11738,#11778,#11818,.T.);
#11818 = LINE('',#11819,#11820);
#11819 = CARTESIAN_POINT('',(15.,106.,5.));
#11820 = VECTOR('',#11821,1.);
#11821 = DIRECTION('',(1.,0.,-0.));
#11822 = ORIENTED_EDGE('',*,*,#11737,.T.);
#11823 = ORIENTED_EDGE('',*,*,#11824,.T.);
#11824 = EDGE_CURVE('',#11740,#11780,#11825,.T.);
#11825 = LINE('',#11826,#11827);
#11826 = CARTESIAN_POINT('',(15.,106.,305.));
#11827 = VECTOR('',#11828,1.);
#11828 = DIRECTION('',(1.,0.,-0.));
#11829 = ORIENTED_EDGE('',*,*,#11777,.F.);
#11830 = PLANE('',#11831);
#11831 = AXIS2_PLACEMENT_3D('',#11832,#11833,#11834);
#11832 = CARTESIAN_POINT('',(15.,106.,5.));
#11833 = DIRECTION('',(-0.,1.,0.));
#11834 = DIRECTION('',(0.,0.,1.));
#11835 = ADVANCED_FACE('',(#11836),#11852,.T.);
#11836 = FACE_BOUND('',#11837,.T.);
#11837 = EDGE_LOOP('',(#11838,#11844,#11845,#11851));
#11838 = ORIENTED_EDGE('',*,*,#11839,.F.);
#11839 = EDGE_CURVE('',#11748,#11788,#11840,.T.);
#11840 = LINE('',#11841,#11842);
#11841 = CARTESIAN_POINT('',(15.,107.6,5.));
#11842 = VECTOR('',#11843,1.);
#11843 = DIRECTION('',(1.,0.,-0.));
#11844 = ORIENTED_EDGE('',*,*,#11755,.T.);
#11845 = ORIENTED_EDGE('',*,*,#11846,.T.);
#11846 = EDGE_CURVE('',#11756,#11796,#11847,.T.);
#11847 = LINE('',#11848,#11849);
#11848 = CARTESIAN_POINT('',(15.,107.6,305.));
#11849 = VECTOR('',#11850,1.);
#11850 = DIRECTION('',(1.,0.,-0.));
#11851 = ORIENTED_EDGE('',*,*,#11795,.F.);
#11852 = PLANE('',#11853);
#11853 = AXIS2_PLACEMENT_3D('',#11854,#11855,#11856);
#11854 = CARTESIAN_POINT('',(15.,107.6,5.));
#11855 = DIRECTION('',(-0.,1.,0.));
#11856 = DIRECTION('',(0.,0.,1.));
#11857 = ADVANCED_FACE('',(#11858),#11864,.F.);
#11858 = FACE_BOUND('',#11859,.F.);
#11859 = EDGE_LOOP('',(#11860,#11861,#11862,#11863));
#11860 = ORIENTED_EDGE('',*,*,#11747,.F.);
#11861 = ORIENTED_EDGE('',*,*,#11817,.T.);
#11862 = ORIENTED_EDGE('',*,*,#11787,.T.);
#11863 = ORIENTED_EDGE('',*,*,#11839,.F.);
#11864 = PLANE('',#11865);
#11865 = AXIS2_PLACEMENT_3D('',#11866,#11867,#11868);
#11866 = CARTESIAN_POINT('',(15.,106.,5.));
#11867 = DIRECTION('',(0.,0.,1.));
#11868 = DIRECTION('',(1.,0.,-0.));
#11869 = ADVANCED_FACE('',(#11870),#11876,.T.);
#11870 = FACE_BOUND('',#11871,.T.);
#11871 = EDGE_LOOP('',(#11872,#11873,#11874,#11875));
#11872 = ORIENTED_EDGE('',*,*,#11763,.F.);
#11873 = ORIENTED_EDGE('',*,*,#11824,.T.);
#11874 = ORIENTED_EDGE('',*,*,#11803,.T.);
#11875 = ORIENTED_EDGE('',*,*,#11846,.F.);
#11876 = PLANE('',#11877);
#11877 = AXIS2_PLACEMENT_3D('',#11878,#11879,#11880);
#11878 = CARTESIAN_POINT('',(15.,106.,305.));
#11879 = DIRECTION('',(0.,0.,1.));
#11880 = DIRECTION('',(1.,0.,-0.));
#11881 = ( GEOMETRIC_REPRESENTATION_CONTEXT(3) 
GLOBAL_UNCERTAINTY_ASSIGNED_CONTEXT((#11885)) 
GLOBAL_UNIT_ASSIGNED_CONTEXT((#11882,#11883,#11884)) 
REPRESENTATION_CONTEXT('Context #1',
  '3D Context with UNIT and UNCERTAINTY') );
#11882 = ( LENGTH_UNIT() NAMED_UNIT(*) SI_UNIT(.MILLI.,.METRE.) );
#11883 = ( NAMED_UNIT(*) PLANE_ANGLE_UNIT() SI_UNIT($,.RADIAN.) );
#11884 = ( NAMED_UNIT(*) SI_UNIT($,.STERADIAN.) SOLID_ANGLE_UNIT() );
#11885 = UNCERTAINTY_MEASURE_WITH_UNIT(LENGTH_MEASURE(1.E-07),#11882,
  'distance_accuracy_value','confusion accuracy');
#11886 = CONTEXT_DEPENDENT_SHAPE_REPRESENTATION(#11887,#11889);
#11887 = ( REPRESENTATION_RELATIONSHIP('','',#11730,#10) 
REPRESENTATION_RELATIONSHIP_WITH_TRANSFORMATION(#11888) 
SHAPE_REPRESENTATION_RELATIONSHIP() );
#11888 = ITEM_DEFINED_TRANSFORMATION('','',#11,#179);
#11889 = PRODUCT_DEFINITION_SHAPE('Placement','Placement of an item',
  #11890);
#11890 = NEXT_ASSEMBLY_USAGE_OCCURRENCE('42',
  'Power Board (280x300, vertical)','',#5,#11725,$);
#11891 = PRODUCT_RELATED_PRODUCT_CATEGORY('part',$,(#11727));
#11892 = SHAPE_DEFINITION_REPRESENTATION(#11893,#11899);
#11893 = PRODUCT_DEFINITION_SHAPE('','',#11894);
#11894 = PRODUCT_DEFINITION('design','',#11895,#11898);
#11895 = PRODUCT_DEFINITION_FORMATION('','',#11896);
#11896 = PRODUCT('Power Board component envelope (15 mm, ASSUMED)',
  'Power Board component envelope (15 mm, ASSUMED)','',(#11897));
#11897 = PRODUCT_CONTEXT('',#2,'mechanical');
#11898 = PRODUCT_DEFINITION_CONTEXT('part definition',#2,'design');
#11899 = ADVANCED_BREP_SHAPE_REPRESENTATION('',(#11,#11900),#12050);
#11900 = MANIFOLD_SOLID_BREP('',#11901);
#11901 = CLOSED_SHELL('',(#11902,#11942,#11982,#12004,#12026,#12038));
#11902 = ADVANCED_FACE('',(#11903),#11937,.F.);
#11903 = FACE_BOUND('',#11904,.F.);
#11904 = EDGE_LOOP('',(#11905,#11915,#11923,#11931));
#11905 = ORIENTED_EDGE('',*,*,#11906,.F.);
#11906 = EDGE_CURVE('',#11907,#11909,#11911,.T.);
#11907 = VERTEX_POINT('',#11908);
#11908 = CARTESIAN_POINT('',(20.,107.6,10.));
#11909 = VERTEX_POINT('',#11910);
#11910 = CARTESIAN_POINT('',(20.,107.6,300.));
#11911 = LINE('',#11912,#11913);
#11912 = CARTESIAN_POINT('',(20.,107.6,10.));
#11913 = VECTOR('',#11914,1.);
#11914 = DIRECTION('',(0.,0.,1.));
#11915 = ORIENTED_EDGE('',*,*,#11916,.T.);
#11916 = EDGE_CURVE('',#11907,#11917,#11919,.T.);
#11917 = VERTEX_POINT('',#11918);
#11918 = CARTESIAN_POINT('',(20.,122.6,10.));
#11919 = LINE('',#11920,#11921);
#11920 = CARTESIAN_POINT('',(20.,107.6,10.));
#11921 = VECTOR('',#11922,1.);
#11922 = DIRECTION('',(-0.,1.,0.));
#11923 = ORIENTED_EDGE('',*,*,#11924,.T.);
#11924 = EDGE_CURVE('',#11917,#11925,#11927,.T.);
#11925 = VERTEX_POINT('',#11926);
#11926 = CARTESIAN_POINT('',(20.,122.6,300.));
#11927 = LINE('',#11928,#11929);
#11928 = CARTESIAN_POINT('',(20.,122.6,10.));
#11929 = VECTOR('',#11930,1.);
#11930 = DIRECTION('',(0.,0.,1.));
#11931 = ORIENTED_EDGE('',*,*,#11932,.F.);
#11932 = EDGE_CURVE('',#11909,#11925,#11933,.T.);
#11933 = LINE('',#11934,#11935);
#11934 = CARTESIAN_POINT('',(20.,107.6,300.));
#11935 = VECTOR('',#11936,1.);
#11936 = DIRECTION('',(-0.,1.,0.));
#11937 = PLANE('',#11938);
#11938 = AXIS2_PLACEMENT_3D('',#11939,#11940,#11941);
#11939 = CARTESIAN_POINT('',(20.,107.6,10.));
#11940 = DIRECTION('',(1.,0.,-0.));
#11941 = DIRECTION('',(0.,0.,1.));
#11942 = ADVANCED_FACE('',(#11943),#11977,.T.);
#11943 = FACE_BOUND('',#11944,.T.);
#11944 = EDGE_LOOP('',(#11945,#11955,#11963,#11971));
#11945 = ORIENTED_EDGE('',*,*,#11946,.F.);
#11946 = EDGE_CURVE('',#11947,#11949,#11951,.T.);
#11947 = VERTEX_POINT('',#11948);
#11948 = CARTESIAN_POINT('',(290.,107.6,10.));
#11949 = VERTEX_POINT('',#11950);
#11950 = CARTESIAN_POINT('',(290.,107.6,300.));
#11951 = LINE('',#11952,#11953);
#11952 = CARTESIAN_POINT('',(290.,107.6,10.));
#11953 = VECTOR('',#11954,1.);
#11954 = DIRECTION('',(0.,0.,1.));
#11955 = ORIENTED_EDGE('',*,*,#11956,.T.);
#11956 = EDGE_CURVE('',#11947,#11957,#11959,.T.);
#11957 = VERTEX_POINT('',#11958);
#11958 = CARTESIAN_POINT('',(290.,122.6,10.));
#11959 = LINE('',#11960,#11961);
#11960 = CARTESIAN_POINT('',(290.,107.6,10.));
#11961 = VECTOR('',#11962,1.);
#11962 = DIRECTION('',(-0.,1.,0.));
#11963 = ORIENTED_EDGE('',*,*,#11964,.T.);
#11964 = EDGE_CURVE('',#11957,#11965,#11967,.T.);
#11965 = VERTEX_POINT('',#11966);
#11966 = CARTESIAN_POINT('',(290.,122.6,300.));
#11967 = LINE('',#11968,#11969);
#11968 = CARTESIAN_POINT('',(290.,122.6,10.));
#11969 = VECTOR('',#11970,1.);
#11970 = DIRECTION('',(0.,0.,1.));
#11971 = ORIENTED_EDGE('',*,*,#11972,.F.);
#11972 = EDGE_CURVE('',#11949,#11965,#11973,.T.);
#11973 = LINE('',#11974,#11975);
#11974 = CARTESIAN_POINT('',(290.,107.6,300.));
#11975 = VECTOR('',#11976,1.);
#11976 = DIRECTION('',(-0.,1.,0.));
#11977 = PLANE('',#11978);
#11978 = AXIS2_PLACEMENT_3D('',#11979,#11980,#11981);
#11979 = CARTESIAN_POINT('',(290.,107.6,10.));
#11980 = DIRECTION('',(1.,0.,-0.));
#11981 = DIRECTION('',(0.,0.,1.));
#11982 = ADVANCED_FACE('',(#11983),#11999,.F.);
#11983 = FACE_BOUND('',#11984,.F.);
#11984 = EDGE_LOOP('',(#11985,#11991,#11992,#11998));
#11985 = ORIENTED_EDGE('',*,*,#11986,.F.);
#11986 = EDGE_CURVE('',#11907,#11947,#11987,.T.);
#11987 = LINE('',#11988,#11989);
#11988 = CARTESIAN_POINT('',(20.,107.6,10.));
#11989 = VECTOR('',#11990,1.);
#11990 = DIRECTION('',(1.,0.,-0.));
#11991 = ORIENTED_EDGE('',*,*,#11906,.T.);
#11992 = ORIENTED_EDGE('',*,*,#11993,.T.);
#11993 = EDGE_CURVE('',#11909,#11949,#11994,.T.);
#11994 = LINE('',#11995,#11996);
#11995 = CARTESIAN_POINT('',(20.,107.6,300.));
#11996 = VECTOR('',#11997,1.);
#11997 = DIRECTION('',(1.,0.,-0.));
#11998 = ORIENTED_EDGE('',*,*,#11946,.F.);
#11999 = PLANE('',#12000);
#12000 = AXIS2_PLACEMENT_3D('',#12001,#12002,#12003);
#12001 = CARTESIAN_POINT('',(20.,107.6,10.));
#12002 = DIRECTION('',(-0.,1.,0.));
#12003 = DIRECTION('',(0.,0.,1.));
#12004 = ADVANCED_FACE('',(#12005),#12021,.T.);
#12005 = FACE_BOUND('',#12006,.T.);
#12006 = EDGE_LOOP('',(#12007,#12013,#12014,#12020));
#12007 = ORIENTED_EDGE('',*,*,#12008,.F.);
#12008 = EDGE_CURVE('',#11917,#11957,#12009,.T.);
#12009 = LINE('',#12010,#12011);
#12010 = CARTESIAN_POINT('',(20.,122.6,10.));
#12011 = VECTOR('',#12012,1.);
#12012 = DIRECTION('',(1.,0.,-0.));
#12013 = ORIENTED_EDGE('',*,*,#11924,.T.);
#12014 = ORIENTED_EDGE('',*,*,#12015,.T.);
#12015 = EDGE_CURVE('',#11925,#11965,#12016,.T.);
#12016 = LINE('',#12017,#12018);
#12017 = CARTESIAN_POINT('',(20.,122.6,300.));
#12018 = VECTOR('',#12019,1.);
#12019 = DIRECTION('',(1.,0.,-0.));
#12020 = ORIENTED_EDGE('',*,*,#11964,.F.);
#12021 = PLANE('',#12022);
#12022 = AXIS2_PLACEMENT_3D('',#12023,#12024,#12025);
#12023 = CARTESIAN_POINT('',(20.,122.6,10.));
#12024 = DIRECTION('',(-0.,1.,0.));
#12025 = DIRECTION('',(0.,0.,1.));
#12026 = ADVANCED_FACE('',(#12027),#12033,.F.);
#12027 = FACE_BOUND('',#12028,.F.);
#12028 = EDGE_LOOP('',(#12029,#12030,#12031,#12032));
#12029 = ORIENTED_EDGE('',*,*,#11916,.F.);
#12030 = ORIENTED_EDGE('',*,*,#11986,.T.);
#12031 = ORIENTED_EDGE('',*,*,#11956,.T.);
#12032 = ORIENTED_EDGE('',*,*,#12008,.F.);
#12033 = PLANE('',#12034);
#12034 = AXIS2_PLACEMENT_3D('',#12035,#12036,#12037);
#12035 = CARTESIAN_POINT('',(20.,107.6,10.));
#12036 = DIRECTION('',(0.,0.,1.));
#12037 = DIRECTION('',(1.,0.,-0.));
#12038 = ADVANCED_FACE('',(#12039),#12045,.T.);
#12039 = FACE_BOUND('',#12040,.T.);
#12040 = EDGE_LOOP('',(#12041,#12042,#12043,#12044));
#12041 = ORIENTED_EDGE('',*,*,#11932,.F.);
#12042 = ORIENTED_EDGE('',*,*,#11993,.T.);
#12043 = ORIENTED_EDGE('',*,*,#11972,.T.);
#12044 = ORIENTED_EDGE('',*,*,#12015,.F.);
#12045 = PLANE('',#12046);
#12046 = AXIS2_PLACEMENT_3D('',#12047,#12048,#12049);
#12047 = CARTESIAN_POINT('',(20.,107.6,300.));
#12048 = DIRECTION('',(0.,0.,1.));
#12049 = DIRECTION('',(1.,0.,-0.));
#12050 = ( GEOMETRIC_REPRESENTATION_CONTEXT(3) 
GLOBAL_UNCERTAINTY_ASSIGNED_CONTEXT((#12054)) 
GLOBAL_UNIT_ASSIGNED_CONTEXT((#12051,#12052,#12053)) 
REPRESENTATION_CONTEXT('Context #1',
  '3D Context with UNIT and UNCERTAINTY') );
#12051 = ( LENGTH_UNIT() NAMED_UNIT(*) SI_UNIT(.MILLI.,.METRE.) );
#12052 = ( NAMED_UNIT(*) PLANE_ANGLE_UNIT() SI_UNIT($,.RADIAN.) );
#12053 = ( NAMED_UNIT(*) SI_UNIT($,.STERADIAN.) SOLID_ANGLE_UNIT() );
#12054 = UNCERTAINTY_MEASURE_WITH_UNIT(LENGTH_MEASURE(1.E-07),#12051,
  'distance_accuracy_value','confusion accuracy');
#12055 = CONTEXT_DEPENDENT_SHAPE_REPRESENTATION(#12056,#12058);
#12056 = ( REPRESENTATION_RELATIONSHIP('','',#11899,#10) 
REPRESENTATION_RELATIONSHIP_WITH_TRANSFORMATION(#12057) 
SHAPE_REPRESENTATION_RELATIONSHIP() );
#12057 = ITEM_DEFINED_TRANSFORMATION('','',#11,#183);
#12058 = PRODUCT_DEFINITION_SHAPE('Placement','Placement of an item',
  #12059);
#12059 = NEXT_ASSEMBLY_USAGE_OCCURRENCE('43',
  'Power Board component envelope (15 mm, ASSUMED)','',#5,#11894,$);
#12060 = PRODUCT_RELATED_PRODUCT_CATEGORY('part',$,(#11896));
#12061 = SHAPE_DEFINITION_REPRESENTATION(#12062,#12068);
#12062 = PRODUCT_DEFINITION_SHAPE('','',#12063);
#12063 = PRODUCT_DEFINITION('design','',#12064,#12067);
#12064 = PRODUCT_DEFINITION_FORMATION('','',#12065);
#12065 = PRODUCT('Fan 60x60x15 (duct intake)',
  'Fan 60x60x15 (duct intake)','',(#12066));
#12066 = PRODUCT_CONTEXT('',#2,'mechanical');
#12067 = PRODUCT_DEFINITION_CONTEXT('part definition',#2,'design');
#12068 = ADVANCED_BREP_SHAPE_REPRESENTATION('',(#11,#12069),#12219);
#12069 = MANIFOLD_SOLID_BREP('',#12070);
#12070 = CLOSED_SHELL('',(#12071,#12111,#12151,#12173,#12195,#12207));
#12071 = ADVANCED_FACE('',(#12072),#12106,.F.);
#12072 = FACE_BOUND('',#12073,.F.);
#12073 = EDGE_LOOP('',(#12074,#12084,#12092,#12100));
#12074 = ORIENTED_EDGE('',*,*,#12075,.F.);
#12075 = EDGE_CURVE('',#12076,#12078,#12080,.T.);
#12076 = VERTEX_POINT('',#12077);
#12077 = CARTESIAN_POINT('',(3.,19.,0.));
#12078 = VERTEX_POINT('',#12079);
#12079 = CARTESIAN_POINT('',(3.,19.,15.));
#12080 = LINE('',#12081,#12082);
#12081 = CARTESIAN_POINT('',(3.,19.,0.));
#12082 = VECTOR('',#12083,1.);
#12083 = DIRECTION('',(0.,0.,1.));
#12084 = ORIENTED_EDGE('',*,*,#12085,.T.);
#12085 = EDGE_CURVE('',#12076,#12086,#12088,.T.);
#12086 = VERTEX_POINT('',#12087);
#12087 = CARTESIAN_POINT('',(3.,48.,0.));
#12088 = LINE('',#12089,#12090);
#12089 = CARTESIAN_POINT('',(3.,19.,0.));
#12090 = VECTOR('',#12091,1.);
#12091 = DIRECTION('',(-0.,1.,0.));
#12092 = ORIENTED_EDGE('',*,*,#12093,.T.);
#12093 = EDGE_CURVE('',#12086,#12094,#12096,.T.);
#12094 = VERTEX_POINT('',#12095);
#12095 = CARTESIAN_POINT('',(3.,48.,15.));
#12096 = LINE('',#12097,#12098);
#12097 = CARTESIAN_POINT('',(3.,48.,0.));
#12098 = VECTOR('',#12099,1.);
#12099 = DIRECTION('',(0.,0.,1.));
#12100 = ORIENTED_EDGE('',*,*,#12101,.F.);
#12101 = EDGE_CURVE('',#12078,#12094,#12102,.T.);
#12102 = LINE('',#12103,#12104);
#12103 = CARTESIAN_POINT('',(3.,19.,15.));
#12104 = VECTOR('',#12105,1.);
#12105 = DIRECTION('',(-0.,1.,0.));
#12106 = PLANE('',#12107);
#12107 = AXIS2_PLACEMENT_3D('',#12108,#12109,#12110);
#12108 = CARTESIAN_POINT('',(3.,19.,0.));
#12109 = DIRECTION('',(1.,0.,-0.));
#12110 = DIRECTION('',(0.,0.,1.));
#12111 = ADVANCED_FACE('',(#12112),#12146,.T.);
#12112 = FACE_BOUND('',#12113,.T.);
#12113 = EDGE_LOOP('',(#12114,#12124,#12132,#12140));
#12114 = ORIENTED_EDGE('',*,*,#12115,.F.);
#12115 = EDGE_CURVE('',#12116,#12118,#12120,.T.);
#12116 = VERTEX_POINT('',#12117);
#12117 = CARTESIAN_POINT('',(62.,19.,0.));
#12118 = VERTEX_POINT('',#12119);
#12119 = CARTESIAN_POINT('',(62.,19.,15.));
#12120 = LINE('',#12121,#12122);
#12121 = CARTESIAN_POINT('',(62.,19.,0.));
#12122 = VECTOR('',#12123,1.);
#12123 = DIRECTION('',(0.,0.,1.));
#12124 = ORIENTED_EDGE('',*,*,#12125,.T.);
#12125 = EDGE_CURVE('',#12116,#12126,#12128,.T.);
#12126 = VERTEX_POINT('',#12127);
#12127 = CARTESIAN_POINT('',(62.,48.,0.));
#12128 = LINE('',#12129,#12130);
#12129 = CARTESIAN_POINT('',(62.,19.,0.));
#12130 = VECTOR('',#12131,1.);
#12131 = DIRECTION('',(-0.,1.,0.));
#12132 = ORIENTED_EDGE('',*,*,#12133,.T.);
#12133 = EDGE_CURVE('',#12126,#12134,#12136,.T.);
#12134 = VERTEX_POINT('',#12135);
#12135 = CARTESIAN_POINT('',(62.,48.,15.));
#12136 = LINE('',#12137,#12138);
#12137 = CARTESIAN_POINT('',(62.,48.,0.));
#12138 = VECTOR('',#12139,1.);
#12139 = DIRECTION('',(0.,0.,1.));
#12140 = ORIENTED_EDGE('',*,*,#12141,.F.);
#12141 = EDGE_CURVE('',#12118,#12134,#12142,.T.);
#12142 = LINE('',#12143,#12144);
#12143 = CARTESIAN_POINT('',(62.,19.,15.));
#12144 = VECTOR('',#12145,1.);
#12145 = DIRECTION('',(-0.,1.,0.));
#12146 = PLANE('',#12147);
#12147 = AXIS2_PLACEMENT_3D('',#12148,#12149,#12150);
#12148 = CARTESIAN_POINT('',(62.,19.,0.));
#12149 = DIRECTION('',(1.,0.,-0.));
#12150 = DIRECTION('',(0.,0.,1.));
#12151 = ADVANCED_FACE('',(#12152),#12168,.F.);
#12152 = FACE_BOUND('',#12153,.F.);
#12153 = EDGE_LOOP('',(#12154,#12160,#12161,#12167));
#12154 = ORIENTED_EDGE('',*,*,#12155,.F.);
#12155 = EDGE_CURVE('',#12076,#12116,#12156,.T.);
#12156 = LINE('',#12157,#12158);
#12157 = CARTESIAN_POINT('',(3.,19.,0.));
#12158 = VECTOR('',#12159,1.);
#12159 = DIRECTION('',(1.,0.,-0.));
#12160 = ORIENTED_EDGE('',*,*,#12075,.T.);
#12161 = ORIENTED_EDGE('',*,*,#12162,.T.);
#12162 = EDGE_CURVE('',#12078,#12118,#12163,.T.);
#12163 = LINE('',#12164,#12165);
#12164 = CARTESIAN_POINT('',(3.,19.,15.));
#12165 = VECTOR('',#12166,1.);
#12166 = DIRECTION('',(1.,0.,-0.));
#12167 = ORIENTED_EDGE('',*,*,#12115,.F.);
#12168 = PLANE('',#12169);
#12169 = AXIS2_PLACEMENT_3D('',#12170,#12171,#12172);
#12170 = CARTESIAN_POINT('',(3.,19.,0.));
#12171 = DIRECTION('',(-0.,1.,0.));
#12172 = DIRECTION('',(0.,0.,1.));
#12173 = ADVANCED_FACE('',(#12174),#12190,.T.);
#12174 = FACE_BOUND('',#12175,.T.);
#12175 = EDGE_LOOP('',(#12176,#12182,#12183,#12189));
#12176 = ORIENTED_EDGE('',*,*,#12177,.F.);
#12177 = EDGE_CURVE('',#12086,#12126,#12178,.T.);
#12178 = LINE('',#12179,#12180);
#12179 = CARTESIAN_POINT('',(3.,48.,0.));
#12180 = VECTOR('',#12181,1.);
#12181 = DIRECTION('',(1.,0.,-0.));
#12182 = ORIENTED_EDGE('',*,*,#12093,.T.);
#12183 = ORIENTED_EDGE('',*,*,#12184,.T.);
#12184 = EDGE_CURVE('',#12094,#12134,#12185,.T.);
#12185 = LINE('',#12186,#12187);
#12186 = CARTESIAN_POINT('',(3.,48.,15.));
#12187 = VECTOR('',#12188,1.);
#12188 = DIRECTION('',(1.,0.,-0.));
#12189 = ORIENTED_EDGE('',*,*,#12133,.F.);
#12190 = PLANE('',#12191);
#12191 = AXIS2_PLACEMENT_3D('',#12192,#12193,#12194);
#12192 = CARTESIAN_POINT('',(3.,48.,0.));
#12193 = DIRECTION('',(-0.,1.,0.));
#12194 = DIRECTION('',(0.,0.,1.));
#12195 = ADVANCED_FACE('',(#12196),#12202,.F.);
#12196 = FACE_BOUND('',#12197,.F.);
#12197 = EDGE_LOOP('',(#12198,#12199,#12200,#12201));
#12198 = ORIENTED_EDGE('',*,*,#12085,.F.);
#12199 = ORIENTED_EDGE('',*,*,#12155,.T.);
#12200 = ORIENTED_EDGE('',*,*,#12125,.T.);
#12201 = ORIENTED_EDGE('',*,*,#12177,.F.);
#12202 = PLANE('',#12203);
#12203 = AXIS2_PLACEMENT_3D('',#12204,#12205,#12206);
#12204 = CARTESIAN_POINT('',(3.,19.,0.));
#12205 = DIRECTION('',(0.,0.,1.));
#12206 = DIRECTION('',(1.,0.,-0.));
#12207 = ADVANCED_FACE('',(#12208),#12214,.T.);
#12208 = FACE_BOUND('',#12209,.T.);
#12209 = EDGE_LOOP('',(#12210,#12211,#12212,#12213));
#12210 = ORIENTED_EDGE('',*,*,#12101,.F.);
#12211 = ORIENTED_EDGE('',*,*,#12162,.T.);
#12212 = ORIENTED_EDGE('',*,*,#12141,.T.);
#12213 = ORIENTED_EDGE('',*,*,#12184,.F.);
#12214 = PLANE('',#12215);
#12215 = AXIS2_PLACEMENT_3D('',#12216,#12217,#12218);
#12216 = CARTESIAN_POINT('',(3.,19.,15.));
#12217 = DIRECTION('',(0.,0.,1.));
#12218 = DIRECTION('',(1.,0.,-0.));
#12219 = ( GEOMETRIC_REPRESENTATION_CONTEXT(3) 
GLOBAL_UNCERTAINTY_ASSIGNED_CONTEXT((#12223)) 
GLOBAL_UNIT_ASSIGNED_CONTEXT((#12220,#12221,#12222)) 
REPRESENTATION_CONTEXT('Context #1',
  '3D Context with UNIT and UNCERTAINTY') );
#12220 = ( LENGTH_UNIT() NAMED_UNIT(*) SI_UNIT(.MILLI.,.METRE.) );
#12221 = ( NAMED_UNIT(*) PLANE_ANGLE_UNIT() SI_UNIT($,.RADIAN.) );
#12222 = ( NAMED_UNIT(*) SI_UNIT($,.STERADIAN.) SOLID_ANGLE_UNIT() );
#12223 = UNCERTAINTY_MEASURE_WITH_UNIT(LENGTH_MEASURE(1.E-07),#12220,
  'distance_accuracy_value','confusion accuracy');
#12224 = CONTEXT_DEPENDENT_SHAPE_REPRESENTATION(#12225,#12227);
#12225 = ( REPRESENTATION_RELATIONSHIP('','',#12068,#10) 
REPRESENTATION_RELATIONSHIP_WITH_TRANSFORMATION(#12226) 
SHAPE_REPRESENTATION_RELATIONSHIP() );
#12226 = ITEM_DEFINED_TRANSFORMATION('','',#11,#187);
#12227 = PRODUCT_DEFINITION_SHAPE('Placement','Placement of an item',
  #12228);
#12228 = NEXT_ASSEMBLY_USAGE_OCCURRENCE('44',
  'Fan 60x60x15 (duct intake)','',#5,#12063,$);
#12229 = PRODUCT_RELATED_PRODUCT_CATEGORY('part',$,(#12065));
#12230 = SHAPE_DEFINITION_REPRESENTATION(#12231,#12237);
#12231 = PRODUCT_DEFINITION_SHAPE('','',#12232);
#12232 = PRODUCT_DEFINITION('design','',#12233,#12236);
#12233 = PRODUCT_DEFINITION_FORMATION('','',#12234);
#12234 = PRODUCT('Fan 60x60x15 (duct intake)001',
  'Fan 60x60x15 (duct intake)001','',(#12235));
#12235 = PRODUCT_CONTEXT('',#2,'mechanical');
#12236 = PRODUCT_DEFINITION_CONTEXT('part definition',#2,'design');
#12237 = ADVANCED_BREP_SHAPE_REPRESENTATION('',(#11,#12238),#12388);
#12238 = MANIFOLD_SOLID_BREP('',#12239);
#12239 = CLOSED_SHELL('',(#12240,#12280,#12320,#12342,#12364,#12376));
#12240 = ADVANCED_FACE('',(#12241),#12275,.F.);
#12241 = FACE_BOUND('',#12242,.F.);
#12242 = EDGE_LOOP('',(#12243,#12253,#12261,#12269));
#12243 = ORIENTED_EDGE('',*,*,#12244,.F.);
#12244 = EDGE_CURVE('',#12245,#12247,#12249,.T.);
#12245 = VERTEX_POINT('',#12246);
#12246 = CARTESIAN_POINT('',(248.,19.,0.));
#12247 = VERTEX_POINT('',#12248);
#12248 = CARTESIAN_POINT('',(248.,19.,15.));
#12249 = LINE('',#12250,#12251);
#12250 = CARTESIAN_POINT('',(248.,19.,0.));
#12251 = VECTOR('',#12252,1.);
#12252 = DIRECTION('',(0.,0.,1.));
#12253 = ORIENTED_EDGE('',*,*,#12254,.T.);
#12254 = EDGE_CURVE('',#12245,#12255,#12257,.T.);
#12255 = VERTEX_POINT('',#12256);
#12256 = CARTESIAN_POINT('',(248.,48.,0.));
#12257 = LINE('',#12258,#12259);
#12258 = CARTESIAN_POINT('',(248.,19.,0.));
#12259 = VECTOR('',#12260,1.);
#12260 = DIRECTION('',(-0.,1.,0.));
#12261 = ORIENTED_EDGE('',*,*,#12262,.T.);
#12262 = EDGE_CURVE('',#12255,#12263,#12265,.T.);
#12263 = VERTEX_POINT('',#12264);
#12264 = CARTESIAN_POINT('',(248.,48.,15.));
#12265 = LINE('',#12266,#12267);
#12266 = CARTESIAN_POINT('',(248.,48.,0.));
#12267 = VECTOR('',#12268,1.);
#12268 = DIRECTION('',(0.,0.,1.));
#12269 = ORIENTED_EDGE('',*,*,#12270,.F.);
#12270 = EDGE_CURVE('',#12247,#12263,#12271,.T.);
#12271 = LINE('',#12272,#12273);
#12272 = CARTESIAN_POINT('',(248.,19.,15.));
#12273 = VECTOR('',#12274,1.);
#12274 = DIRECTION('',(-0.,1.,0.));
#12275 = PLANE('',#12276);
#12276 = AXIS2_PLACEMENT_3D('',#12277,#12278,#12279);
#12277 = CARTESIAN_POINT('',(248.,19.,0.));
#12278 = DIRECTION('',(1.,0.,-0.));
#12279 = DIRECTION('',(0.,0.,1.));
#12280 = ADVANCED_FACE('',(#12281),#12315,.T.);
#12281 = FACE_BOUND('',#12282,.T.);
#12282 = EDGE_LOOP('',(#12283,#12293,#12301,#12309));
#12283 = ORIENTED_EDGE('',*,*,#12284,.F.);
#12284 = EDGE_CURVE('',#12285,#12287,#12289,.T.);
#12285 = VERTEX_POINT('',#12286);
#12286 = CARTESIAN_POINT('',(307.,19.,0.));
#12287 = VERTEX_POINT('',#12288);
#12288 = CARTESIAN_POINT('',(307.,19.,15.));
#12289 = LINE('',#12290,#12291);
#12290 = CARTESIAN_POINT('',(307.,19.,0.));
#12291 = VECTOR('',#12292,1.);
#12292 = DIRECTION('',(0.,0.,1.));
#12293 = ORIENTED_EDGE('',*,*,#12294,.T.);
#12294 = EDGE_CURVE('',#12285,#12295,#12297,.T.);
#12295 = VERTEX_POINT('',#12296);
#12296 = CARTESIAN_POINT('',(307.,48.,0.));
#12297 = LINE('',#12298,#12299);
#12298 = CARTESIAN_POINT('',(307.,19.,0.));
#12299 = VECTOR('',#12300,1.);
#12300 = DIRECTION('',(-0.,1.,0.));
#12301 = ORIENTED_EDGE('',*,*,#12302,.T.);
#12302 = EDGE_CURVE('',#12295,#12303,#12305,.T.);
#12303 = VERTEX_POINT('',#12304);
#12304 = CARTESIAN_POINT('',(307.,48.,15.));
#12305 = LINE('',#12306,#12307);
#12306 = CARTESIAN_POINT('',(307.,48.,0.));
#12307 = VECTOR('',#12308,1.);
#12308 = DIRECTION('',(0.,0.,1.));
#12309 = ORIENTED_EDGE('',*,*,#12310,.F.);
#12310 = EDGE_CURVE('',#12287,#12303,#12311,.T.);
#12311 = LINE('',#12312,#12313);
#12312 = CARTESIAN_POINT('',(307.,19.,15.));
#12313 = VECTOR('',#12314,1.);
#12314 = DIRECTION('',(-0.,1.,0.));
#12315 = PLANE('',#12316);
#12316 = AXIS2_PLACEMENT_3D('',#12317,#12318,#12319);
#12317 = CARTESIAN_POINT('',(307.,19.,0.));
#12318 = DIRECTION('',(1.,0.,-0.));
#12319 = DIRECTION('',(0.,0.,1.));
#12320 = ADVANCED_FACE('',(#12321),#12337,.F.);
#12321 = FACE_BOUND('',#12322,.F.);
#12322 = EDGE_LOOP('',(#12323,#12329,#12330,#12336));
#12323 = ORIENTED_EDGE('',*,*,#12324,.F.);
#12324 = EDGE_CURVE('',#12245,#12285,#12325,.T.);
#12325 = LINE('',#12326,#12327);
#12326 = CARTESIAN_POINT('',(248.,19.,0.));
#12327 = VECTOR('',#12328,1.);
#12328 = DIRECTION('',(1.,0.,-0.));
#12329 = ORIENTED_EDGE('',*,*,#12244,.T.);
#12330 = ORIENTED_EDGE('',*,*,#12331,.T.);
#12331 = EDGE_CURVE('',#12247,#12287,#12332,.T.);
#12332 = LINE('',#12333,#12334);
#12333 = CARTESIAN_POINT('',(248.,19.,15.));
#12334 = VECTOR('',#12335,1.);
#12335 = DIRECTION('',(1.,0.,-0.));
#12336 = ORIENTED_EDGE('',*,*,#12284,.F.);
#12337 = PLANE('',#12338);
#12338 = AXIS2_PLACEMENT_3D('',#12339,#12340,#12341);
#12339 = CARTESIAN_POINT('',(248.,19.,0.));
#12340 = DIRECTION('',(-0.,1.,0.));
#12341 = DIRECTION('',(0.,0.,1.));
#12342 = ADVANCED_FACE('',(#12343),#12359,.T.);
#12343 = FACE_BOUND('',#12344,.T.);
#12344 = EDGE_LOOP('',(#12345,#12351,#12352,#12358));
#12345 = ORIENTED_EDGE('',*,*,#12346,.F.);
#12346 = EDGE_CURVE('',#12255,#12295,#12347,.T.);
#12347 = LINE('',#12348,#12349);
#12348 = CARTESIAN_POINT('',(248.,48.,0.));
#12349 = VECTOR('',#12350,1.);
#12350 = DIRECTION('',(1.,0.,-0.));
#12351 = ORIENTED_EDGE('',*,*,#12262,.T.);
#12352 = ORIENTED_EDGE('',*,*,#12353,.T.);
#12353 = EDGE_CURVE('',#12263,#12303,#12354,.T.);
#12354 = LINE('',#12355,#12356);
#12355 = CARTESIAN_POINT('',(248.,48.,15.));
#12356 = VECTOR('',#12357,1.);
#12357 = DIRECTION('',(1.,0.,-0.));
#12358 = ORIENTED_EDGE('',*,*,#12302,.F.);
#12359 = PLANE('',#12360);
#12360 = AXIS2_PLACEMENT_3D('',#12361,#12362,#12363);
#12361 = CARTESIAN_POINT('',(248.,48.,0.));
#12362 = DIRECTION('',(-0.,1.,0.));
#12363 = DIRECTION('',(0.,0.,1.));
#12364 = ADVANCED_FACE('',(#12365),#12371,.F.);
#12365 = FACE_BOUND('',#12366,.F.);
#12366 = EDGE_LOOP('',(#12367,#12368,#12369,#12370));
#12367 = ORIENTED_EDGE('',*,*,#12254,.F.);
#12368 = ORIENTED_EDGE('',*,*,#12324,.T.);
#12369 = ORIENTED_EDGE('',*,*,#12294,.T.);
#12370 = ORIENTED_EDGE('',*,*,#12346,.F.);
#12371 = PLANE('',#12372);
#12372 = AXIS2_PLACEMENT_3D('',#12373,#12374,#12375);
#12373 = CARTESIAN_POINT('',(248.,19.,0.));
#12374 = DIRECTION('',(0.,0.,1.));
#12375 = DIRECTION('',(1.,0.,-0.));
#12376 = ADVANCED_FACE('',(#12377),#12383,.T.);
#12377 = FACE_BOUND('',#12378,.T.);
#12378 = EDGE_LOOP('',(#12379,#12380,#12381,#12382));
#12379 = ORIENTED_EDGE('',*,*,#12270,.F.);
#12380 = ORIENTED_EDGE('',*,*,#12331,.T.);
#12381 = ORIENTED_EDGE('',*,*,#12310,.T.);
#12382 = ORIENTED_EDGE('',*,*,#12353,.F.);
#12383 = PLANE('',#12384);
#12384 = AXIS2_PLACEMENT_3D('',#12385,#12386,#12387);
#12385 = CARTESIAN_POINT('',(248.,19.,15.));
#12386 = DIRECTION('',(0.,0.,1.));
#12387 = DIRECTION('',(1.,0.,-0.));
#12388 = ( GEOMETRIC_REPRESENTATION_CONTEXT(3) 
GLOBAL_UNCERTAINTY_ASSIGNED_CONTEXT((#12392)) 
GLOBAL_UNIT_ASSIGNED_CONTEXT((#12389,#12390,#12391)) 
REPRESENTATION_CONTEXT('Context #1',
  '3D Context with UNIT and UNCERTAINTY') );
#12389 = ( LENGTH_UNIT() NAMED_UNIT(*) SI_UNIT(.MILLI.,.METRE.) );
#12390 = ( NAMED_UNIT(*) PLANE_ANGLE_UNIT() SI_UNIT($,.RADIAN.) );
#12391 = ( NAMED_UNIT(*) SI_UNIT($,.STERADIAN.) SOLID_ANGLE_UNIT() );
#12392 = UNCERTAINTY_MEASURE_WITH_UNIT(LENGTH_MEASURE(1.E-07),#12389,
  'distance_accuracy_value','confusion accuracy');
#12393 = CONTEXT_DEPENDENT_SHAPE_REPRESENTATION(#12394,#12396);
#12394 = ( REPRESENTATION_RELATIONSHIP('','',#12237,#10) 
REPRESENTATION_RELATIONSHIP_WITH_TRANSFORMATION(#12395) 
SHAPE_REPRESENTATION_RELATIONSHIP() );
#12395 = ITEM_DEFINED_TRANSFORMATION('','',#11,#191);
#12396 = PRODUCT_DEFINITION_SHAPE('Placement','Placement of an item',
  #12397);
#12397 = NEXT_ASSEMBLY_USAGE_OCCURRENCE('45',
  'Fan 60x60x15 (duct intake)001','',#5,#12232,$);
#12398 = PRODUCT_RELATED_PRODUCT_CATEGORY('part',$,(#12234));
#12399 = SHAPE_DEFINITION_REPRESENTATION(#12400,#12406);
#12400 = PRODUCT_DEFINITION_SHAPE('','',#12401);
#12401 = PRODUCT_DEFINITION('design','',#12402,#12405);
#12402 = PRODUCT_DEFINITION_FORMATION('','',#12403);
#12403 = PRODUCT('22 V PA supply + gate module (DSN-PSU-01, 120x80)',
  '22 V PA supply + gate module (DSN-PSU-01, 120x80)','',(#12404));
#12404 = PRODUCT_CONTEXT('',#2,'mechanical');
#12405 = PRODUCT_DEFINITION_CONTEXT('part definition',#2,'design');
#12406 = ADVANCED_BREP_SHAPE_REPRESENTATION('',(#11,#12407),#12557);
#12407 = MANIFOLD_SOLID_BREP('',#12408);
#12408 = CLOSED_SHELL('',(#12409,#12449,#12489,#12511,#12533,#12545));
#12409 = ADVANCED_FACE('',(#12410),#12444,.F.);
#12410 = FACE_BOUND('',#12411,.F.);
#12411 = EDGE_LOOP('',(#12412,#12422,#12430,#12438));
#12412 = ORIENTED_EDGE('',*,*,#12413,.F.);
#12413 = EDGE_CURVE('',#12414,#12416,#12418,.T.);
#12414 = VERTEX_POINT('',#12415);
#12415 = CARTESIAN_POINT('',(180.,107.6,220.));
#12416 = VERTEX_POINT('',#12417);
#12417 = CARTESIAN_POINT('',(180.,107.6,300.));
#12418 = LINE('',#12419,#12420);
#12419 = CARTESIAN_POINT('',(180.,107.6,220.));
#12420 = VECTOR('',#12421,1.);
#12421 = DIRECTION('',(0.,0.,1.));
#12422 = ORIENTED_EDGE('',*,*,#12423,.T.);
#12423 = EDGE_CURVE('',#12414,#12424,#12426,.T.);
#12424 = VERTEX_POINT('',#12425);
#12425 = CARTESIAN_POINT('',(180.,127.6,220.));
#12426 = LINE('',#12427,#12428);
#12427 = CARTESIAN_POINT('',(180.,107.6,220.));
#12428 = VECTOR('',#12429,1.);
#12429 = DIRECTION('',(-0.,1.,0.));
#12430 = ORIENTED_EDGE('',*,*,#12431,.T.);
#12431 = EDGE_CURVE('',#12424,#12432,#12434,.T.);
#12432 = VERTEX_POINT('',#12433);
#12433 = CARTESIAN_POINT('',(180.,127.6,300.));
#12434 = LINE('',#12435,#12436);
#12435 = CARTESIAN_POINT('',(180.,127.6,220.));
#12436 = VECTOR('',#12437,1.);
#12437 = DIRECTION('',(0.,0.,1.));
#12438 = ORIENTED_EDGE('',*,*,#12439,.F.);
#12439 = EDGE_CURVE('',#12416,#12432,#12440,.T.);
#12440 = LINE('',#12441,#12442);
#12441 = CARTESIAN_POINT('',(180.,107.6,300.));
#12442 = VECTOR('',#12443,1.);
#12443 = DIRECTION('',(-0.,1.,0.));
#12444 = PLANE('',#12445);
#12445 = AXIS2_PLACEMENT_3D('',#12446,#12447,#12448);
#12446 = CARTESIAN_POINT('',(180.,107.6,220.));
#12447 = DIRECTION('',(1.,0.,-0.));
#12448 = DIRECTION('',(0.,0.,1.));
#12449 = ADVANCED_FACE('',(#12450),#12484,.T.);
#12450 = FACE_BOUND('',#12451,.T.);
#12451 = EDGE_LOOP('',(#12452,#12462,#12470,#12478));
#12452 = ORIENTED_EDGE('',*,*,#12453,.F.);
#12453 = EDGE_CURVE('',#12454,#12456,#12458,.T.);
#12454 = VERTEX_POINT('',#12455);
#12455 = CARTESIAN_POINT('',(300.,107.6,220.));
#12456 = VERTEX_POINT('',#12457);
#12457 = CARTESIAN_POINT('',(300.,107.6,300.));
#12458 = LINE('',#12459,#12460);
#12459 = CARTESIAN_POINT('',(300.,107.6,220.));
#12460 = VECTOR('',#12461,1.);
#12461 = DIRECTION('',(0.,0.,1.));
#12462 = ORIENTED_EDGE('',*,*,#12463,.T.);
#12463 = EDGE_CURVE('',#12454,#12464,#12466,.T.);
#12464 = VERTEX_POINT('',#12465);
#12465 = CARTESIAN_POINT('',(300.,127.6,220.));
#12466 = LINE('',#12467,#12468);
#12467 = CARTESIAN_POINT('',(300.,107.6,220.));
#12468 = VECTOR('',#12469,1.);
#12469 = DIRECTION('',(-0.,1.,0.));
#12470 = ORIENTED_EDGE('',*,*,#12471,.T.);
#12471 = EDGE_CURVE('',#12464,#12472,#12474,.T.);
#12472 = VERTEX_POINT('',#12473);
#12473 = CARTESIAN_POINT('',(300.,127.6,300.));
#12474 = LINE('',#12475,#12476);
#12475 = CARTESIAN_POINT('',(300.,127.6,220.));
#12476 = VECTOR('',#12477,1.);
#12477 = DIRECTION('',(0.,0.,1.));
#12478 = ORIENTED_EDGE('',*,*,#12479,.F.);
#12479 = EDGE_CURVE('',#12456,#12472,#12480,.T.);
#12480 = LINE('',#12481,#12482);
#12481 = CARTESIAN_POINT('',(300.,107.6,300.));
#12482 = VECTOR('',#12483,1.);
#12483 = DIRECTION('',(-0.,1.,0.));
#12484 = PLANE('',#12485);
#12485 = AXIS2_PLACEMENT_3D('',#12486,#12487,#12488);
#12486 = CARTESIAN_POINT('',(300.,107.6,220.));
#12487 = DIRECTION('',(1.,0.,-0.));
#12488 = DIRECTION('',(0.,0.,1.));
#12489 = ADVANCED_FACE('',(#12490),#12506,.F.);
#12490 = FACE_BOUND('',#12491,.F.);
#12491 = EDGE_LOOP('',(#12492,#12498,#12499,#12505));
#12492 = ORIENTED_EDGE('',*,*,#12493,.F.);
#12493 = EDGE_CURVE('',#12414,#12454,#12494,.T.);
#12494 = LINE('',#12495,#12496);
#12495 = CARTESIAN_POINT('',(180.,107.6,220.));
#12496 = VECTOR('',#12497,1.);
#12497 = DIRECTION('',(1.,0.,-0.));
#12498 = ORIENTED_EDGE('',*,*,#12413,.T.);
#12499 = ORIENTED_EDGE('',*,*,#12500,.T.);
#12500 = EDGE_CURVE('',#12416,#12456,#12501,.T.);
#12501 = LINE('',#12502,#12503);
#12502 = CARTESIAN_POINT('',(180.,107.6,300.));
#12503 = VECTOR('',#12504,1.);
#12504 = DIRECTION('',(1.,0.,-0.));
#12505 = ORIENTED_EDGE('',*,*,#12453,.F.);
#12506 = PLANE('',#12507);
#12507 = AXIS2_PLACEMENT_3D('',#12508,#12509,#12510);
#12508 = CARTESIAN_POINT('',(180.,107.6,220.));
#12509 = DIRECTION('',(-0.,1.,0.));
#12510 = DIRECTION('',(0.,0.,1.));
#12511 = ADVANCED_FACE('',(#12512),#12528,.T.);
#12512 = FACE_BOUND('',#12513,.T.);
#12513 = EDGE_LOOP('',(#12514,#12520,#12521,#12527));
#12514 = ORIENTED_EDGE('',*,*,#12515,.F.);
#12515 = EDGE_CURVE('',#12424,#12464,#12516,.T.);
#12516 = LINE('',#12517,#12518);
#12517 = CARTESIAN_POINT('',(180.,127.6,220.));
#12518 = VECTOR('',#12519,1.);
#12519 = DIRECTION('',(1.,0.,-0.));
#12520 = ORIENTED_EDGE('',*,*,#12431,.T.);
#12521 = ORIENTED_EDGE('',*,*,#12522,.T.);
#12522 = EDGE_CURVE('',#12432,#12472,#12523,.T.);
#12523 = LINE('',#12524,#12525);
#12524 = CARTESIAN_POINT('',(180.,127.6,300.));
#12525 = VECTOR('',#12526,1.);
#12526 = DIRECTION('',(1.,0.,-0.));
#12527 = ORIENTED_EDGE('',*,*,#12471,.F.);
#12528 = PLANE('',#12529);
#12529 = AXIS2_PLACEMENT_3D('',#12530,#12531,#12532);
#12530 = CARTESIAN_POINT('',(180.,127.6,220.));
#12531 = DIRECTION('',(-0.,1.,0.));
#12532 = DIRECTION('',(0.,0.,1.));
#12533 = ADVANCED_FACE('',(#12534),#12540,.F.);
#12534 = FACE_BOUND('',#12535,.F.);
#12535 = EDGE_LOOP('',(#12536,#12537,#12538,#12539));
#12536 = ORIENTED_EDGE('',*,*,#12423,.F.);
#12537 = ORIENTED_EDGE('',*,*,#12493,.T.);
#12538 = ORIENTED_EDGE('',*,*,#12463,.T.);
#12539 = ORIENTED_EDGE('',*,*,#12515,.F.);
#12540 = PLANE('',#12541);
#12541 = AXIS2_PLACEMENT_3D('',#12542,#12543,#12544);
#12542 = CARTESIAN_POINT('',(180.,107.6,220.));
#12543 = DIRECTION('',(0.,0.,1.));
#12544 = DIRECTION('',(1.,0.,-0.));
#12545 = ADVANCED_FACE('',(#12546),#12552,.T.);
#12546 = FACE_BOUND('',#12547,.T.);
#12547 = EDGE_LOOP('',(#12548,#12549,#12550,#12551));
#12548 = ORIENTED_EDGE('',*,*,#12439,.F.);
#12549 = ORIENTED_EDGE('',*,*,#12500,.T.);
#12550 = ORIENTED_EDGE('',*,*,#12479,.T.);
#12551 = ORIENTED_EDGE('',*,*,#12522,.F.);
#12552 = PLANE('',#12553);
#12553 = AXIS2_PLACEMENT_3D('',#12554,#12555,#12556);
#12554 = CARTESIAN_POINT('',(180.,107.6,300.));
#12555 = DIRECTION('',(0.,0.,1.));
#12556 = DIRECTION('',(1.,0.,-0.));
#12557 = ( GEOMETRIC_REPRESENTATION_CONTEXT(3) 
GLOBAL_UNCERTAINTY_ASSIGNED_CONTEXT((#12561)) 
GLOBAL_UNIT_ASSIGNED_CONTEXT((#12558,#12559,#12560)) 
REPRESENTATION_CONTEXT('Context #1',
  '3D Context with UNIT and UNCERTAINTY') );
#12558 = ( LENGTH_UNIT() NAMED_UNIT(*) SI_UNIT(.MILLI.,.METRE.) );
#12559 = ( NAMED_UNIT(*) PLANE_ANGLE_UNIT() SI_UNIT($,.RADIAN.) );
#12560 = ( NAMED_UNIT(*) SI_UNIT($,.STERADIAN.) SOLID_ANGLE_UNIT() );
#12561 = UNCERTAINTY_MEASURE_WITH_UNIT(LENGTH_MEASURE(1.E-07),#12558,
  'distance_accuracy_value','confusion accuracy');
#12562 = CONTEXT_DEPENDENT_SHAPE_REPRESENTATION(#12563,#12565);
#12563 = ( REPRESENTATION_RELATIONSHIP('','',#12406,#10) 
REPRESENTATION_RELATIONSHIP_WITH_TRANSFORMATION(#12564) 
SHAPE_REPRESENTATION_RELATIONSHIP() );
#12564 = ITEM_DEFINED_TRANSFORMATION('','',#11,#195);
#12565 = PRODUCT_DEFINITION_SHAPE('Placement','Placement of an item',
  #12566);
#12566 = NEXT_ASSEMBLY_USAGE_OCCURRENCE('46',
  '22 V PA supply + gate module (DSN-PSU-01, 120x80)','',#5,#12401,$);
#12567 = PRODUCT_RELATED_PRODUCT_CATEGORY('part',$,(#12403));
#12568 = SHAPE_DEFINITION_REPRESENTATION(#12569,#12575);
#12569 = PRODUCT_DEFINITION_SHAPE('','',#12570);
#12570 = PRODUCT_DEFINITION('design','',#12571,#12574);
#12571 = PRODUCT_DEFINITION_FORMATION('','',#12572);
#12572 = PRODUCT('Turntable plate Ø340x8 Al (bolted to the head base)',
  'Turntable plate Ø340x8 Al (bolted to the head base)','',(#12573));
#12573 = PRODUCT_CONTEXT('',#2,'mechanical');
#12574 = PRODUCT_DEFINITION_CONTEXT('part definition',#2,'design');
#12575 = ADVANCED_BREP_SHAPE_REPRESENTATION('',(#11,#12576),#12668);
#12576 = MANIFOLD_SOLID_BREP('',#12577);
#12577 = CLOSED_SHELL('',(#12578,#12611,#12631,#12651));
#12578 = ADVANCED_FACE('',(#12579),#12606,.T.);
#12579 = FACE_BOUND('',#12580,.T.);
#12580 = EDGE_LOOP('',(#12581,#12590,#12598,#12605));
#12581 = ORIENTED_EDGE('',*,*,#12582,.F.);
#12582 = EDGE_CURVE('',#12583,#12583,#12585,.T.);
#12583 = VERTEX_POINT('',#12584);
#12584 = CARTESIAN_POINT('',(325.,86.,-2.5));
#12585 = CIRCLE('',#12586,170.);
#12586 = AXIS2_PLACEMENT_3D('',#12587,#12588,#12589);
#12587 = CARTESIAN_POINT('',(155.,86.,-2.5));
#12588 = DIRECTION('',(0.,0.,1.));
#12589 = DIRECTION('',(1.,0.,-0.));
#12590 = ORIENTED_EDGE('',*,*,#12591,.F.);
#12591 = EDGE_CURVE('',#12592,#12583,#12594,.T.);
#12592 = VERTEX_POINT('',#12593);
#12593 = CARTESIAN_POINT('',(325.,86.,-10.5));
#12594 = LINE('',#12595,#12596);
#12595 = CARTESIAN_POINT('',(325.,86.,-10.5));
#12596 = VECTOR('',#12597,1.);
#12597 = DIRECTION('',(0.,0.,1.));
#12598 = ORIENTED_EDGE('',*,*,#12599,.T.);
#12599 = EDGE_CURVE('',#12592,#12592,#12600,.T.);
#12600 = CIRCLE('',#12601,170.);
#12601 = AXIS2_PLACEMENT_3D('',#12602,#12603,#12604);
#12602 = CARTESIAN_POINT('',(155.,86.,-10.5));
#12603 = DIRECTION('',(0.,0.,1.));
#12604 = DIRECTION('',(1.,0.,-0.));
#12605 = ORIENTED_EDGE('',*,*,#12591,.T.);
#12606 = CYLINDRICAL_SURFACE('',#12607,170.);
#12607 = AXIS2_PLACEMENT_3D('',#12608,#12609,#12610);
#12608 = CARTESIAN_POINT('',(155.,86.,-10.5));
#12609 = DIRECTION('',(0.,0.,1.));
#12610 = DIRECTION('',(1.,0.,-0.));
#12611 = ADVANCED_FACE('',(#12612,#12615),#12626,.T.);
#12612 = FACE_BOUND('',#12613,.T.);
#12613 = EDGE_LOOP('',(#12614));
#12614 = ORIENTED_EDGE('',*,*,#12582,.T.);
#12615 = FACE_BOUND('',#12616,.T.);
#12616 = EDGE_LOOP('',(#12617));
#12617 = ORIENTED_EDGE('',*,*,#12618,.F.);
#12618 = EDGE_CURVE('',#12619,#12619,#12621,.T.);
#12619 = VERTEX_POINT('',#12620);
#12620 = CARTESIAN_POINT('',(190.,86.,-2.5));
#12621 = CIRCLE('',#12622,35.);
#12622 = AXIS2_PLACEMENT_3D('',#12623,#12624,#12625);
#12623 = CARTESIAN_POINT('',(155.,86.,-2.5));
#12624 = DIRECTION('',(0.,0.,1.));
#12625 = DIRECTION('',(1.,0.,-0.));
#12626 = PLANE('',#12627);
#12627 = AXIS2_PLACEMENT_3D('',#12628,#12629,#12630);
#12628 = CARTESIAN_POINT('',(155.,86.,-2.5));
#12629 = DIRECTION('',(0.,0.,1.));
#12630 = DIRECTION('',(1.,0.,-0.));
#12631 = ADVANCED_FACE('',(#12632,#12635),#12646,.F.);
#12632 = FACE_BOUND('',#12633,.F.);
#12633 = EDGE_LOOP('',(#12634));
#12634 = ORIENTED_EDGE('',*,*,#12599,.T.);
#12635 = FACE_BOUND('',#12636,.F.);
#12636 = EDGE_LOOP('',(#12637));
#12637 = ORIENTED_EDGE('',*,*,#12638,.F.);
#12638 = EDGE_CURVE('',#12639,#12639,#12641,.T.);
#12639 = VERTEX_POINT('',#12640);
#12640 = CARTESIAN_POINT('',(190.,86.,-10.5));
#12641 = CIRCLE('',#12642,35.);
#12642 = AXIS2_PLACEMENT_3D('',#12643,#12644,#12645);
#12643 = CARTESIAN_POINT('',(155.,86.,-10.5));
#12644 = DIRECTION('',(0.,0.,1.));
#12645 = DIRECTION('',(1.,0.,-0.));
#12646 = PLANE('',#12647);
#12647 = AXIS2_PLACEMENT_3D('',#12648,#12649,#12650);
#12648 = CARTESIAN_POINT('',(155.,86.,-10.5));
#12649 = DIRECTION('',(0.,0.,1.));
#12650 = DIRECTION('',(1.,0.,-0.));
#12651 = ADVANCED_FACE('',(#12652),#12663,.F.);
#12652 = FACE_BOUND('',#12653,.F.);
#12653 = EDGE_LOOP('',(#12654,#12655,#12661,#12662));
#12654 = ORIENTED_EDGE('',*,*,#12618,.F.);
#12655 = ORIENTED_EDGE('',*,*,#12656,.F.);
#12656 = EDGE_CURVE('',#12639,#12619,#12657,.T.);
#12657 = LINE('',#12658,#12659);
#12658 = CARTESIAN_POINT('',(190.,86.,-15.5));
#12659 = VECTOR('',#12660,1.);
#12660 = DIRECTION('',(0.,0.,1.));
#12661 = ORIENTED_EDGE('',*,*,#12638,.T.);
#12662 = ORIENTED_EDGE('',*,*,#12656,.T.);
#12663 = CYLINDRICAL_SURFACE('',#12664,35.);
#12664 = AXIS2_PLACEMENT_3D('',#12665,#12666,#12667);
#12665 = CARTESIAN_POINT('',(155.,86.,-15.5));
#12666 = DIRECTION('',(0.,0.,1.));
#12667 = DIRECTION('',(1.,0.,-0.));
#12668 = ( GEOMETRIC_REPRESENTATION_CONTEXT(3) 
GLOBAL_UNCERTAINTY_ASSIGNED_CONTEXT((#12672)) 
GLOBAL_UNIT_ASSIGNED_CONTEXT((#12669,#12670,#12671)) 
REPRESENTATION_CONTEXT('Context #1',
  '3D Context with UNIT and UNCERTAINTY') );
#12669 = ( LENGTH_UNIT() NAMED_UNIT(*) SI_UNIT(.MILLI.,.METRE.) );
#12670 = ( NAMED_UNIT(*) PLANE_ANGLE_UNIT() SI_UNIT($,.RADIAN.) );
#12671 = ( NAMED_UNIT(*) SI_UNIT($,.STERADIAN.) SOLID_ANGLE_UNIT() );
#12672 = UNCERTAINTY_MEASURE_WITH_UNIT(LENGTH_MEASURE(1.E-07),#12669,
  'distance_accuracy_value','confusion accuracy');
#12673 = CONTEXT_DEPENDENT_SHAPE_REPRESENTATION(#12674,#12676);
#12674 = ( REPRESENTATION_RELATIONSHIP('','',#12575,#10) 
REPRESENTATION_RELATIONSHIP_WITH_TRANSFORMATION(#12675) 
SHAPE_REPRESENTATION_RELATIONSHIP() );
#12675 = ITEM_DEFINED_TRANSFORMATION('','',#11,#199);
#12676 = PRODUCT_DEFINITION_SHAPE('Placement','Placement of an item',
  #12677);
#12677 = NEXT_ASSEMBLY_USAGE_OCCURRENCE('47',
  'Turntable plate Ø340x8 Al (bolted to the head base)','',#5,#12570,$
  );
#12678 = PRODUCT_RELATED_PRODUCT_CATEGORY('part',$,(#12572));
#12679 = SHAPE_DEFINITION_REPRESENTATION(#12680,#12686);
#12680 = PRODUCT_DEFINITION_SHAPE('','',#12681);
#12681 = PRODUCT_DEFINITION('design','',#12682,#12685);
#12682 = PRODUCT_DEFINITION_FORMATION('','',#12683);
#12683 = PRODUCT('Slewing bearing OD190/ID100x20 (steel)',
  'Slewing bearing OD190/ID100x20 (steel)','',(#12684));
#12684 = PRODUCT_CONTEXT('',#2,'mechanical');
#12685 = PRODUCT_DEFINITION_CONTEXT('part definition',#2,'design');
#12686 = ADVANCED_BREP_SHAPE_REPRESENTATION('',(#11,#12687),#12779);
#12687 = MANIFOLD_SOLID_BREP('',#12688);
#12688 = CLOSED_SHELL('',(#12689,#12722,#12742,#12762));
#12689 = ADVANCED_FACE('',(#12690),#12717,.T.);
#12690 = FACE_BOUND('',#12691,.T.);
#12691 = EDGE_LOOP('',(#12692,#12701,#12709,#12716));
#12692 = ORIENTED_EDGE('',*,*,#12693,.F.);
#12693 = EDGE_CURVE('',#12694,#12694,#12696,.T.);
#12694 = VERTEX_POINT('',#12695);
#12695 = CARTESIAN_POINT('',(250.,86.,-10.5));
#12696 = CIRCLE('',#12697,95.);
#12697 = AXIS2_PLACEMENT_3D('',#12698,#12699,#12700);
#12698 = CARTESIAN_POINT('',(155.,86.,-10.5));
#12699 = DIRECTION('',(0.,0.,1.));
#12700 = DIRECTION('',(1.,0.,-0.));
#12701 = ORIENTED_EDGE('',*,*,#12702,.F.);
#12702 = EDGE_CURVE('',#12703,#12694,#12705,.T.);
#12703 = VERTEX_POINT('',#12704);
#12704 = CARTESIAN_POINT('',(250.,86.,-30.5));
#12705 = LINE('',#12706,#12707);
#12706 = CARTESIAN_POINT('',(250.,86.,-30.5));
#12707 = VECTOR('',#12708,1.);
#12708 = DIRECTION('',(0.,0.,1.));
#12709 = ORIENTED_EDGE('',*,*,#12710,.T.);
#12710 = EDGE_CURVE('',#12703,#12703,#12711,.T.);
#12711 = CIRCLE('',#12712,95.);
#12712 = AXIS2_PLACEMENT_3D('',#12713,#12714,#12715);
#12713 = CARTESIAN_POINT('',(155.,86.,-30.5));
#12714 = DIRECTION('',(0.,0.,1.));
#12715 = DIRECTION('',(1.,0.,-0.));
#12716 = ORIENTED_EDGE('',*,*,#12702,.T.);
#12717 = CYLINDRICAL_SURFACE('',#12718,95.);
#12718 = AXIS2_PLACEMENT_3D('',#12719,#12720,#12721);
#12719 = CARTESIAN_POINT('',(155.,86.,-30.5));
#12720 = DIRECTION('',(0.,0.,1.));
#12721 = DIRECTION('',(1.,0.,-0.));
#12722 = ADVANCED_FACE('',(#12723,#12726),#12737,.T.);
#12723 = FACE_BOUND('',#12724,.T.);
#12724 = EDGE_LOOP('',(#12725));
#12725 = ORIENTED_EDGE('',*,*,#12693,.T.);
#12726 = FACE_BOUND('',#12727,.T.);
#12727 = EDGE_LOOP('',(#12728));
#12728 = ORIENTED_EDGE('',*,*,#12729,.F.);
#12729 = EDGE_CURVE('',#12730,#12730,#12732,.T.);
#12730 = VERTEX_POINT('',#12731);
#12731 = CARTESIAN_POINT('',(205.,86.,-10.5));
#12732 = CIRCLE('',#12733,50.);
#12733 = AXIS2_PLACEMENT_3D('',#12734,#12735,#12736);
#12734 = CARTESIAN_POINT('',(155.,86.,-10.5));
#12735 = DIRECTION('',(0.,0.,1.));
#12736 = DIRECTION('',(1.,0.,-0.));
#12737 = PLANE('',#12738);
#12738 = AXIS2_PLACEMENT_3D('',#12739,#12740,#12741);
#12739 = CARTESIAN_POINT('',(155.,86.,-10.5));
#12740 = DIRECTION('',(0.,0.,1.));
#12741 = DIRECTION('',(1.,0.,-0.));
#12742 = ADVANCED_FACE('',(#12743,#12746),#12757,.F.);
#12743 = FACE_BOUND('',#12744,.F.);
#12744 = EDGE_LOOP('',(#12745));
#12745 = ORIENTED_EDGE('',*,*,#12710,.T.);
#12746 = FACE_BOUND('',#12747,.F.);
#12747 = EDGE_LOOP('',(#12748));
#12748 = ORIENTED_EDGE('',*,*,#12749,.F.);
#12749 = EDGE_CURVE('',#12750,#12750,#12752,.T.);
#12750 = VERTEX_POINT('',#12751);
#12751 = CARTESIAN_POINT('',(205.,86.,-30.5));
#12752 = CIRCLE('',#12753,50.);
#12753 = AXIS2_PLACEMENT_3D('',#12754,#12755,#12756);
#12754 = CARTESIAN_POINT('',(155.,86.,-30.5));
#12755 = DIRECTION('',(0.,0.,1.));
#12756 = DIRECTION('',(1.,0.,-0.));
#12757 = PLANE('',#12758);
#12758 = AXIS2_PLACEMENT_3D('',#12759,#12760,#12761);
#12759 = CARTESIAN_POINT('',(155.,86.,-30.5));
#12760 = DIRECTION('',(0.,0.,1.));
#12761 = DIRECTION('',(1.,0.,-0.));
#12762 = ADVANCED_FACE('',(#12763),#12774,.F.);
#12763 = FACE_BOUND('',#12764,.F.);
#12764 = EDGE_LOOP('',(#12765,#12766,#12772,#12773));
#12765 = ORIENTED_EDGE('',*,*,#12729,.F.);
#12766 = ORIENTED_EDGE('',*,*,#12767,.F.);
#12767 = EDGE_CURVE('',#12750,#12730,#12768,.T.);
#12768 = LINE('',#12769,#12770);
#12769 = CARTESIAN_POINT('',(205.,86.,-31.5));
#12770 = VECTOR('',#12771,1.);
#12771 = DIRECTION('',(0.,0.,1.));
#12772 = ORIENTED_EDGE('',*,*,#12749,.T.);
#12773 = ORIENTED_EDGE('',*,*,#12767,.T.);
#12774 = CYLINDRICAL_SURFACE('',#12775,50.);
#12775 = AXIS2_PLACEMENT_3D('',#12776,#12777,#12778);
#12776 = CARTESIAN_POINT('',(155.,86.,-31.5));
#12777 = DIRECTION('',(0.,0.,1.));
#12778 = DIRECTION('',(1.,0.,-0.));
#12779 = ( GEOMETRIC_REPRESENTATION_CONTEXT(3) 
GLOBAL_UNCERTAINTY_ASSIGNED_CONTEXT((#12783)) 
GLOBAL_UNIT_ASSIGNED_CONTEXT((#12780,#12781,#12782)) 
REPRESENTATION_CONTEXT('Context #1',
  '3D Context with UNIT and UNCERTAINTY') );
#12780 = ( LENGTH_UNIT() NAMED_UNIT(*) SI_UNIT(.MILLI.,.METRE.) );
#12781 = ( NAMED_UNIT(*) PLANE_ANGLE_UNIT() SI_UNIT($,.RADIAN.) );
#12782 = ( NAMED_UNIT(*) SI_UNIT($,.STERADIAN.) SOLID_ANGLE_UNIT() );
#12783 = UNCERTAINTY_MEASURE_WITH_UNIT(LENGTH_MEASURE(1.E-07),#12780,
  'distance_accuracy_value','confusion accuracy');
#12784 = CONTEXT_DEPENDENT_SHAPE_REPRESENTATION(#12785,#12787);
#12785 = ( REPRESENTATION_RELATIONSHIP('','',#12686,#10) 
REPRESENTATION_RELATIONSHIP_WITH_TRANSFORMATION(#12786) 
SHAPE_REPRESENTATION_RELATIONSHIP() );
#12786 = ITEM_DEFINED_TRANSFORMATION('','',#11,#203);
#12787 = PRODUCT_DEFINITION_SHAPE('Placement','Placement of an item',
  #12788);
#12788 = NEXT_ASSEMBLY_USAGE_OCCURRENCE('48',
  'Slewing bearing OD190/ID100x20 (steel)','',#5,#12681,$);
#12789 = PRODUCT_RELATED_PRODUCT_CATEGORY('part',$,(#12683));
#12790 = SHAPE_DEFINITION_REPRESENTATION(#12791,#12797);
#12791 = PRODUCT_DEFINITION_SHAPE('','',#12792);
#12792 = PRODUCT_DEFINITION('design','',#12793,#12796);
#12793 = PRODUCT_DEFINITION_FORMATION('','',#12794);
#12794 = PRODUCT('Ring pulley GT3 180T Ø172.0 (Al, on the turntable)',
  'Ring pulley GT3 180T Ø172.0 (Al, on the turntable)','',(#12795));
#12795 = PRODUCT_CONTEXT('',#2,'mechanical');
#12796 = PRODUCT_DEFINITION_CONTEXT('part definition',#2,'design');
#12797 = SHAPE_REPRESENTATION('',(#11),#12798);
#12798 = ( GEOMETRIC_REPRESENTATION_CONTEXT(3) 
GLOBAL_UNCERTAINTY_ASSIGNED_CONTEXT((#12802)) 
GLOBAL_UNIT_ASSIGNED_CONTEXT((#12799,#12800,#12801)) 
REPRESENTATION_CONTEXT('Context #1',
  '3D Context with UNIT and UNCERTAINTY') );
#12799 = ( LENGTH_UNIT() NAMED_UNIT(*) SI_UNIT(.MILLI.,.METRE.) );
#12800 = ( NAMED_UNIT(*) PLANE_ANGLE_UNIT() SI_UNIT($,.RADIAN.) );
#12801 = ( NAMED_UNIT(*) SI_UNIT($,.STERADIAN.) SOLID_ANGLE_UNIT() );
#12802 = UNCERTAINTY_MEASURE_WITH_UNIT(LENGTH_MEASURE(1.E-07),#12799,
  'distance_accuracy_value','confusion accuracy');
#12803 = CONTEXT_DEPENDENT_SHAPE_REPRESENTATION(#12804,#12806);
#12804 = ( REPRESENTATION_RELATIONSHIP('','',#12797,#10) 
REPRESENTATION_RELATIONSHIP_WITH_TRANSFORMATION(#12805) 
SHAPE_REPRESENTATION_RELATIONSHIP() );
#12805 = ITEM_DEFINED_TRANSFORMATION('','',#11,#207);
#12806 = PRODUCT_DEFINITION_SHAPE('Placement','Placement of an item',
  #12807);
#12807 = NEXT_ASSEMBLY_USAGE_OCCURRENCE('49',
  'Ring pulley GT3 180T Ø172.0 (Al, on the turntable)','',#5,#12792,$);
#12808 = PRODUCT_RELATED_PRODUCT_CATEGORY('part',$,(#12794));
#12809 = SHAPE_DEFINITION_REPRESENTATION(#12810,#12816);
#12810 = PRODUCT_DEFINITION_SHAPE('','',#12811);
#12811 = PRODUCT_DEFINITION('design','',#12812,#12815);
#12812 = PRODUCT_DEFINITION_FORMATION('','',#12813);
#12813 = PRODUCT('Through-bore slip ring Ø99x60, 12 circuits',
  'Through-bore slip ring Ø99x60, 12 circuits','',(#12814));
#12814 = PRODUCT_CONTEXT('',#2,'mechanical');
#12815 = PRODUCT_DEFINITION_CONTEXT('part definition',#2,'design');
#12816 = ADVANCED_BREP_SHAPE_REPRESENTATION('',(#11,#12817),#12909);
#12817 = MANIFOLD_SOLID_BREP('',#12818);
#12818 = CLOSED_SHELL('',(#12819,#12852,#12872,#12892));
#12819 = ADVANCED_FACE('',(#12820),#12847,.T.);
#12820 = FACE_BOUND('',#12821,.T.);
#12821 = EDGE_LOOP('',(#12822,#12831,#12839,#12846));
#12822 = ORIENTED_EDGE('',*,*,#12823,.F.);
#12823 = EDGE_CURVE('',#12824,#12824,#12826,.T.);
#12824 = VERTEX_POINT('',#12825);
#12825 = CARTESIAN_POINT('',(204.5,86.,-0.5));
#12826 = CIRCLE('',#12827,49.5);
#12827 = AXIS2_PLACEMENT_3D('',#12828,#12829,#12830);
#12828 = CARTESIAN_POINT('',(155.,86.,-0.5));
#12829 = DIRECTION('',(0.,0.,1.));
#12830 = DIRECTION('',(1.,0.,-0.));
#12831 = ORIENTED_EDGE('',*,*,#12832,.F.);
#12832 = EDGE_CURVE('',#12833,#12824,#12835,.T.);
#12833 = VERTEX_POINT('',#12834);
#12834 = CARTESIAN_POINT('',(204.5,86.,-60.5));
#12835 = LINE('',#12836,#12837);
#12836 = CARTESIAN_POINT('',(204.5,86.,-60.5));
#12837 = VECTOR('',#12838,1.);
#12838 = DIRECTION('',(0.,0.,1.));
#12839 = ORIENTED_EDGE('',*,*,#12840,.T.);
#12840 = EDGE_CURVE('',#12833,#12833,#12841,.T.);
#12841 = CIRCLE('',#12842,49.5);
#12842 = AXIS2_PLACEMENT_3D('',#12843,#12844,#12845);
#12843 = CARTESIAN_POINT('',(155.,86.,-60.5));
#12844 = DIRECTION('',(0.,0.,1.));
#12845 = DIRECTION('',(1.,0.,-0.));
#12846 = ORIENTED_EDGE('',*,*,#12832,.T.);
#12847 = CYLINDRICAL_SURFACE('',#12848,49.5);
#12848 = AXIS2_PLACEMENT_3D('',#12849,#12850,#12851);
#12849 = CARTESIAN_POINT('',(155.,86.,-60.5));
#12850 = DIRECTION('',(0.,0.,1.));
#12851 = DIRECTION('',(1.,0.,-0.));
#12852 = ADVANCED_FACE('',(#12853,#12856),#12867,.T.);
#12853 = FACE_BOUND('',#12854,.T.);
#12854 = EDGE_LOOP('',(#12855));
#12855 = ORIENTED_EDGE('',*,*,#12823,.T.);
#12856 = FACE_BOUND('',#12857,.T.);
#12857 = EDGE_LOOP('',(#12858));
#12858 = ORIENTED_EDGE('',*,*,#12859,.F.);
#12859 = EDGE_CURVE('',#12860,#12860,#12862,.T.);
#12860 = VERTEX_POINT('',#12861);
#12861 = CARTESIAN_POINT('',(185.,86.,-0.5));
#12862 = CIRCLE('',#12863,30.);
#12863 = AXIS2_PLACEMENT_3D('',#12864,#12865,#12866);
#12864 = CARTESIAN_POINT('',(155.,86.,-0.5));
#12865 = DIRECTION('',(0.,0.,1.));
#12866 = DIRECTION('',(1.,0.,-0.));
#12867 = PLANE('',#12868);
#12868 = AXIS2_PLACEMENT_3D('',#12869,#12870,#12871);
#12869 = CARTESIAN_POINT('',(155.,86.,-0.5));
#12870 = DIRECTION('',(0.,0.,1.));
#12871 = DIRECTION('',(1.,0.,-0.));
#12872 = ADVANCED_FACE('',(#12873,#12876),#12887,.F.);
#12873 = FACE_BOUND('',#12874,.F.);
#12874 = EDGE_LOOP('',(#12875));
#12875 = ORIENTED_EDGE('',*,*,#12840,.T.);
#12876 = FACE_BOUND('',#12877,.F.);
#12877 = EDGE_LOOP('',(#12878));
#12878 = ORIENTED_EDGE('',*,*,#12879,.F.);
#12879 = EDGE_CURVE('',#12880,#12880,#12882,.T.);
#12880 = VERTEX_POINT('',#12881);
#12881 = CARTESIAN_POINT('',(185.,86.,-60.5));
#12882 = CIRCLE('',#12883,30.);
#12883 = AXIS2_PLACEMENT_3D('',#12884,#12885,#12886);
#12884 = CARTESIAN_POINT('',(155.,86.,-60.5));
#12885 = DIRECTION('',(0.,0.,1.));
#12886 = DIRECTION('',(1.,0.,-0.));
#12887 = PLANE('',#12888);
#12888 = AXIS2_PLACEMENT_3D('',#12889,#12890,#12891);
#12889 = CARTESIAN_POINT('',(155.,86.,-60.5));
#12890 = DIRECTION('',(0.,0.,1.));
#12891 = DIRECTION('',(1.,0.,-0.));
#12892 = ADVANCED_FACE('',(#12893),#12904,.F.);
#12893 = FACE_BOUND('',#12894,.F.);
#12894 = EDGE_LOOP('',(#12895,#12896,#12902,#12903));
#12895 = ORIENTED_EDGE('',*,*,#12859,.F.);
#12896 = ORIENTED_EDGE('',*,*,#12897,.F.);
#12897 = EDGE_CURVE('',#12880,#12860,#12898,.T.);
#12898 = LINE('',#12899,#12900);
#12899 = CARTESIAN_POINT('',(185.,86.,-61.5));
#12900 = VECTOR('',#12901,1.);
#12901 = DIRECTION('',(0.,0.,1.));
#12902 = ORIENTED_EDGE('',*,*,#12879,.T.);
#12903 = ORIENTED_EDGE('',*,*,#12897,.T.);
#12904 = CYLINDRICAL_SURFACE('',#12905,30.);
#12905 = AXIS2_PLACEMENT_3D('',#12906,#12907,#12908);
#12906 = CARTESIAN_POINT('',(155.,86.,-61.5));
#12907 = DIRECTION('',(0.,0.,1.));
#12908 = DIRECTION('',(1.,0.,-0.));
#12909 = ( GEOMETRIC_REPRESENTATION_CONTEXT(3) 
GLOBAL_UNCERTAINTY_ASSIGNED_CONTEXT((#12913)) 
GLOBAL_UNIT_ASSIGNED_CONTEXT((#12910,#12911,#12912)) 
REPRESENTATION_CONTEXT('Context #1',
  '3D Context with UNIT and UNCERTAINTY') );
#12910 = ( LENGTH_UNIT() NAMED_UNIT(*) SI_UNIT(.MILLI.,.METRE.) );
#12911 = ( NAMED_UNIT(*) PLANE_ANGLE_UNIT() SI_UNIT($,.RADIAN.) );
#12912 = ( NAMED_UNIT(*) SI_UNIT($,.STERADIAN.) SOLID_ANGLE_UNIT() );
#12913 = UNCERTAINTY_MEASURE_WITH_UNIT(LENGTH_MEASURE(1.E-07),#12910,
  'distance_accuracy_value','confusion accuracy');
#12914 = CONTEXT_DEPENDENT_SHAPE_REPRESENTATION(#12915,#12917);
#12915 = ( REPRESENTATION_RELATIONSHIP('','',#12816,#10) 
REPRESENTATION_RELATIONSHIP_WITH_TRANSFORMATION(#12916) 
SHAPE_REPRESENTATION_RELATIONSHIP() );
#12916 = ITEM_DEFINED_TRANSFORMATION('','',#11,#211);
#12917 = PRODUCT_DEFINITION_SHAPE('Placement','Placement of an item',
  #12918);
#12918 = NEXT_ASSEMBLY_USAGE_OCCURRENCE('50',
  'Through-bore slip ring Ø99x60, 12 circuits','',#5,#12811,$);
#12919 = PRODUCT_RELATED_PRODUCT_CATEGORY('part',$,(#12813));
#12920 = SHAPE_DEFINITION_REPRESENTATION(#12921,#12927);
#12921 = PRODUCT_DEFINITION_SHAPE('','',#12922);
#12922 = PRODUCT_DEFINITION('design','',#12923,#12926);
#12923 = PRODUCT_DEFINITION_FORMATION('','',#12924);
#12924 = PRODUCT('Pedestal housing 360x360x130 (2.5 mm Al)',
  'Pedestal housing 360x360x130 (2.5 mm Al)','',(#12925));
#12925 = PRODUCT_CONTEXT('',#2,'mechanical');
#12926 = PRODUCT_DEFINITION_CONTEXT('part definition',#2,'design');
#12927 = ADVANCED_BREP_SHAPE_REPRESENTATION('',(#11,#12928),#13265);
#12928 = MANIFOLD_SOLID_BREP('',#12929);
#12929 = CLOSED_SHELL('',(#12930,#12970,#13001,#13036,#13060,#13077,
    #13089,#13114,#13157,#13188,#13212,#13236,#13253));
#12930 = ADVANCED_FACE('',(#12931),#12965,.F.);
#12931 = FACE_BOUND('',#12932,.F.);
#12932 = EDGE_LOOP('',(#12933,#12943,#12951,#12959));
#12933 = ORIENTED_EDGE('',*,*,#12934,.F.);
#12934 = EDGE_CURVE('',#12935,#12937,#12939,.T.);
#12935 = VERTEX_POINT('',#12936);
#12936 = CARTESIAN_POINT('',(-25.,-94.,-160.5));
#12937 = VERTEX_POINT('',#12938);
#12938 = CARTESIAN_POINT('',(-25.,-94.,-30.5));
#12939 = LINE('',#12940,#12941);
#12940 = CARTESIAN_POINT('',(-25.,-94.,-160.5));
#12941 = VECTOR('',#12942,1.);
#12942 = DIRECTION('',(0.,0.,1.));
#12943 = ORIENTED_EDGE('',*,*,#12944,.T.);
#12944 = EDGE_CURVE('',#12935,#12945,#12947,.T.);
#12945 = VERTEX_POINT('',#12946);
#12946 = CARTESIAN_POINT('',(-25.,266.,-160.5));
#12947 = LINE('',#12948,#12949);
#12948 = CARTESIAN_POINT('',(-25.,-94.,-160.5));
#12949 = VECTOR('',#12950,1.);
#12950 = DIRECTION('',(-0.,1.,0.));
#12951 = ORIENTED_EDGE('',*,*,#12952,.T.);
#12952 = EDGE_CURVE('',#12945,#12953,#12955,.T.);
#12953 = VERTEX_POINT('',#12954);
#12954 = CARTESIAN_POINT('',(-25.,266.,-30.5));
#12955 = LINE('',#12956,#12957);
#12956 = CARTESIAN_POINT('',(-25.,266.,-160.5));
#12957 = VECTOR('',#12958,1.);
#12958 = DIRECTION('',(0.,0.,1.));
#12959 = ORIENTED_EDGE('',*,*,#12960,.F.);
#12960 = EDGE_CURVE('',#12937,#12953,#12961,.T.);
#12961 = LINE('',#12962,#12963);
#12962 = CARTESIAN_POINT('',(-25.,-94.,-30.5));
#12963 = VECTOR('',#12964,1.);
#12964 = DIRECTION('',(-0.,1.,0.));
#12965 = PLANE('',#12966);
#12966 = AXIS2_PLACEMENT_3D('',#12967,#12968,#12969);
#12967 = CARTESIAN_POINT('',(-25.,-94.,-160.5));
#12968 = DIRECTION('',(1.,0.,-0.));
#12969 = DIRECTION('',(0.,0.,1.));
#12970 = ADVANCED_FACE('',(#12971),#12996,.F.);
#12971 = FACE_BOUND('',#12972,.F.);
#12972 = EDGE_LOOP('',(#12973,#12981,#12982,#12990));
#12973 = ORIENTED_EDGE('',*,*,#12974,.F.);
#12974 = EDGE_CURVE('',#12935,#12975,#12977,.T.);
#12975 = VERTEX_POINT('',#12976);
#12976 = CARTESIAN_POINT('',(335.,-94.,-160.5));
#12977 = LINE('',#12978,#12979);
#12978 = CARTESIAN_POINT('',(-25.,-94.,-160.5));
#12979 = VECTOR('',#12980,1.);
#12980 = DIRECTION('',(1.,0.,-0.));
#12981 = ORIENTED_EDGE('',*,*,#12934,.T.);
#12982 = ORIENTED_EDGE('',*,*,#12983,.T.);
#12983 = EDGE_CURVE('',#12937,#12984,#12986,.T.);
#12984 = VERTEX_POINT('',#12985);
#12985 = CARTESIAN_POINT('',(335.,-94.,-30.5));
#12986 = LINE('',#12987,#12988);
#12987 = CARTESIAN_POINT('',(-25.,-94.,-30.5));
#12988 = VECTOR('',#12989,1.);
#12989 = DIRECTION('',(1.,0.,-0.));
#12990 = ORIENTED_EDGE('',*,*,#12991,.F.);
#12991 = EDGE_CURVE('',#12975,#12984,#12992,.T.);
#12992 = LINE('',#12993,#12994);
#12993 = CARTESIAN_POINT('',(335.,-94.,-160.5));
#12994 = VECTOR('',#12995,1.);
#12995 = DIRECTION('',(0.,0.,1.));
#12996 = PLANE('',#12997);
#12997 = AXIS2_PLACEMENT_3D('',#12998,#12999,#13000);
#12998 = CARTESIAN_POINT('',(-25.,-94.,-160.5));
#12999 = DIRECTION('',(-0.,1.,0.));
#13000 = DIRECTION('',(0.,0.,1.));
#13001 = ADVANCED_FACE('',(#13002,#13020),#13031,.T.);
#13002 = FACE_BOUND('',#13003,.T.);
#13003 = EDGE_LOOP('',(#13004,#13005,#13006,#13014));
#13004 = ORIENTED_EDGE('',*,*,#12960,.F.);
#13005 = ORIENTED_EDGE('',*,*,#12983,.T.);
#13006 = ORIENTED_EDGE('',*,*,#13007,.T.);
#13007 = EDGE_CURVE('',#12984,#13008,#13010,.T.);
#13008 = VERTEX_POINT('',#13009);
#13009 = CARTESIAN_POINT('',(335.,266.,-30.5));
#13010 = LINE('',#13011,#13012);
#13011 = CARTESIAN_POINT('',(335.,-94.,-30.5));
#13012 = VECTOR('',#13013,1.);
#13013 = DIRECTION('',(-0.,1.,0.));
#13014 = ORIENTED_EDGE('',*,*,#13015,.F.);
#13015 = EDGE_CURVE('',#12953,#13008,#13016,.T.);
#13016 = LINE('',#13017,#13018);
#13017 = CARTESIAN_POINT('',(-25.,266.,-30.5));
#13018 = VECTOR('',#13019,1.);
#13019 = DIRECTION('',(1.,0.,-0.));
#13020 = FACE_BOUND('',#13021,.T.);
#13021 = EDGE_LOOP('',(#13022));
#13022 = ORIENTED_EDGE('',*,*,#13023,.F.);
#13023 = EDGE_CURVE('',#13024,#13024,#13026,.T.);
#13024 = VERTEX_POINT('',#13025);
#13025 = CARTESIAN_POINT('',(200.,86.,-30.5));
#13026 = CIRCLE('',#13027,45.);
#13027 = AXIS2_PLACEMENT_3D('',#13028,#13029,#13030);
#13028 = CARTESIAN_POINT('',(155.,86.,-30.5));
#13029 = DIRECTION('',(0.,0.,1.));
#13030 = DIRECTION('',(1.,0.,-0.));
#13031 = PLANE('',#13032);
#13032 = AXIS2_PLACEMENT_3D('',#13033,#13034,#13035);
#13033 = CARTESIAN_POINT('',(-25.,-94.,-30.5));
#13034 = DIRECTION('',(0.,0.,1.));
#13035 = DIRECTION('',(1.,0.,-0.));
#13036 = ADVANCED_FACE('',(#13037),#13055,.T.);
#13037 = FACE_BOUND('',#13038,.T.);
#13038 = EDGE_LOOP('',(#13039,#13047,#13048,#13049));
#13039 = ORIENTED_EDGE('',*,*,#13040,.F.);
#13040 = EDGE_CURVE('',#12945,#13041,#13043,.T.);
#13041 = VERTEX_POINT('',#13042);
#13042 = CARTESIAN_POINT('',(335.,266.,-160.5));
#13043 = LINE('',#13044,#13045);
#13044 = CARTESIAN_POINT('',(-25.,266.,-160.5));
#13045 = VECTOR('',#13046,1.);
#13046 = DIRECTION('',(1.,0.,-0.));
#13047 = ORIENTED_EDGE('',*,*,#12952,.T.);
#13048 = ORIENTED_EDGE('',*,*,#13015,.T.);
#13049 = ORIENTED_EDGE('',*,*,#13050,.F.);
#13050 = EDGE_CURVE('',#13041,#13008,#13051,.T.);
#13051 = LINE('',#13052,#13053);
#13052 = CARTESIAN_POINT('',(335.,266.,-160.5));
#13053 = VECTOR('',#13054,1.);
#13054 = DIRECTION('',(0.,0.,1.));
#13055 = PLANE('',#13056);
#13056 = AXIS2_PLACEMENT_3D('',#13057,#13058,#13059);
#13057 = CARTESIAN_POINT('',(-25.,266.,-160.5));
#13058 = DIRECTION('',(-0.,1.,0.));
#13059 = DIRECTION('',(0.,0.,1.));
#13060 = ADVANCED_FACE('',(#13061),#13072,.F.);
#13061 = FACE_BOUND('',#13062,.F.);
#13062 = EDGE_LOOP('',(#13063,#13064,#13065,#13071));
#13063 = ORIENTED_EDGE('',*,*,#12944,.F.);
#13064 = ORIENTED_EDGE('',*,*,#12974,.T.);
#13065 = ORIENTED_EDGE('',*,*,#13066,.T.);
#13066 = EDGE_CURVE('',#12975,#13041,#13067,.T.);
#13067 = LINE('',#13068,#13069);
#13068 = CARTESIAN_POINT('',(335.,-94.,-160.5));
#13069 = VECTOR('',#13070,1.);
#13070 = DIRECTION('',(-0.,1.,0.));
#13071 = ORIENTED_EDGE('',*,*,#13040,.F.);
#13072 = PLANE('',#13073);
#13073 = AXIS2_PLACEMENT_3D('',#13074,#13075,#13076);
#13074 = CARTESIAN_POINT('',(-25.,-94.,-160.5));
#13075 = DIRECTION('',(0.,0.,1.));
#13076 = DIRECTION('',(1.,0.,-0.));
#13077 = ADVANCED_FACE('',(#13078),#13084,.T.);
#13078 = FACE_BOUND('',#13079,.T.);
#13079 = EDGE_LOOP('',(#13080,#13081,#13082,#13083));
#13080 = ORIENTED_EDGE('',*,*,#12991,.F.);
#13081 = ORIENTED_EDGE('',*,*,#13066,.T.);
#13082 = ORIENTED_EDGE('',*,*,#13050,.T.);
#13083 = ORIENTED_EDGE('',*,*,#13007,.F.);
#13084 = PLANE('',#13085);
#13085 = AXIS2_PLACEMENT_3D('',#13086,#13087,#13088);
#13086 = CARTESIAN_POINT('',(335.,-94.,-160.5));
#13087 = DIRECTION('',(1.,0.,-0.));
#13088 = DIRECTION('',(0.,0.,1.));
#13089 = ADVANCED_FACE('',(#13090),#13109,.F.);
#13090 = FACE_BOUND('',#13091,.F.);
#13091 = EDGE_LOOP('',(#13092,#13093,#13101,#13108));
#13092 = ORIENTED_EDGE('',*,*,#13023,.F.);
#13093 = ORIENTED_EDGE('',*,*,#13094,.F.);
#13094 = EDGE_CURVE('',#13095,#13024,#13097,.T.);
#13095 = VERTEX_POINT('',#13096);
#13096 = CARTESIAN_POINT('',(200.,86.,-33.));
#13097 = LINE('',#13098,#13099);
#13098 = CARTESIAN_POINT('',(200.,86.,-34.));
#13099 = VECTOR('',#13100,1.);
#13100 = DIRECTION('',(0.,0.,1.));
#13101 = ORIENTED_EDGE('',*,*,#13102,.T.);
#13102 = EDGE_CURVE('',#13095,#13095,#13103,.T.);
#13103 = CIRCLE('',#13104,45.);
#13104 = AXIS2_PLACEMENT_3D('',#13105,#13106,#13107);
#13105 = CARTESIAN_POINT('',(155.,86.,-33.));
#13106 = DIRECTION('',(0.,0.,1.));
#13107 = DIRECTION('',(1.,0.,-0.));
#13108 = ORIENTED_EDGE('',*,*,#13094,.T.);
#13109 = CYLINDRICAL_SURFACE('',#13110,45.);
#13110 = AXIS2_PLACEMENT_3D('',#13111,#13112,#13113);
#13111 = CARTESIAN_POINT('',(155.,86.,-34.));
#13112 = DIRECTION('',(0.,0.,1.));
#13113 = DIRECTION('',(1.,0.,-0.));
#13114 = ADVANCED_FACE('',(#13115,#13149),#13152,.F.);
#13115 = FACE_BOUND('',#13116,.F.);
#13116 = EDGE_LOOP('',(#13117,#13127,#13135,#13143));
#13117 = ORIENTED_EDGE('',*,*,#13118,.F.);
#13118 = EDGE_CURVE('',#13119,#13121,#13123,.T.);
#13119 = VERTEX_POINT('',#13120);
#13120 = CARTESIAN_POINT('',(-22.5,-91.5,-33.));
#13121 = VERTEX_POINT('',#13122);
#13122 = CARTESIAN_POINT('',(-22.5,263.5,-33.));
#13123 = LINE('',#13124,#13125);
#13124 = CARTESIAN_POINT('',(-22.5,-91.5,-33.));
#13125 = VECTOR('',#13126,1.);
#13126 = DIRECTION('',(-0.,1.,0.));
#13127 = ORIENTED_EDGE('',*,*,#13128,.T.);
#13128 = EDGE_CURVE('',#13119,#13129,#13131,.T.);
#13129 = VERTEX_POINT('',#13130);
#13130 = CARTESIAN_POINT('',(332.5,-91.5,-33.));
#13131 = LINE('',#13132,#13133);
#13132 = CARTESIAN_POINT('',(-22.5,-91.5,-33.));
#13133 = VECTOR('',#13134,1.);
#13134 = DIRECTION('',(1.,0.,-0.));
#13135 = ORIENTED_EDGE('',*,*,#13136,.T.);
#13136 = EDGE_CURVE('',#13129,#13137,#13139,.T.);
#13137 = VERTEX_POINT('',#13138);
#13138 = CARTESIAN_POINT('',(332.5,263.5,-33.));
#13139 = LINE('',#13140,#13141);
#13140 = CARTESIAN_POINT('',(332.5,-91.5,-33.));
#13141 = VECTOR('',#13142,1.);
#13142 = DIRECTION('',(-0.,1.,0.));
#13143 = ORIENTED_EDGE('',*,*,#13144,.F.);
#13144 = EDGE_CURVE('',#13121,#13137,#13145,.T.);
#13145 = LINE('',#13146,#13147);
#13146 = CARTESIAN_POINT('',(-22.5,263.5,-33.));
#13147 = VECTOR('',#13148,1.);
#13148 = DIRECTION('',(1.,0.,-0.));
#13149 = FACE_BOUND('',#13150,.F.);
#13150 = EDGE_LOOP('',(#13151));
#13151 = ORIENTED_EDGE('',*,*,#13102,.F.);
#13152 = PLANE('',#13153);
#13153 = AXIS2_PLACEMENT_3D('',#13154,#13155,#13156);
#13154 = CARTESIAN_POINT('',(-22.5,-91.5,-33.));
#13155 = DIRECTION('',(0.,0.,1.));
#13156 = DIRECTION('',(1.,0.,-0.));
#13157 = ADVANCED_FACE('',(#13158),#13183,.T.);
#13158 = FACE_BOUND('',#13159,.T.);
#13159 = EDGE_LOOP('',(#13160,#13168,#13176,#13182));
#13160 = ORIENTED_EDGE('',*,*,#13161,.F.);
#13161 = EDGE_CURVE('',#13162,#13119,#13164,.T.);
#13162 = VERTEX_POINT('',#13163);
#13163 = CARTESIAN_POINT('',(-22.5,-91.5,-158.));
#13164 = LINE('',#13165,#13166);
#13165 = CARTESIAN_POINT('',(-22.5,-91.5,-158.));
#13166 = VECTOR('',#13167,1.);
#13167 = DIRECTION('',(0.,0.,1.));
#13168 = ORIENTED_EDGE('',*,*,#13169,.T.);
#13169 = EDGE_CURVE('',#13162,#13170,#13172,.T.);
#13170 = VERTEX_POINT('',#13171);
#13171 = CARTESIAN_POINT('',(-22.5,263.5,-158.));
#13172 = LINE('',#13173,#13174);
#13173 = CARTESIAN_POINT('',(-22.5,-91.5,-158.));
#13174 = VECTOR('',#13175,1.);
#13175 = DIRECTION('',(-0.,1.,0.));
#13176 = ORIENTED_EDGE('',*,*,#13177,.T.);
#13177 = EDGE_CURVE('',#13170,#13121,#13178,.T.);
#13178 = LINE('',#13179,#13180);
#13179 = CARTESIAN_POINT('',(-22.5,263.5,-158.));
#13180 = VECTOR('',#13181,1.);
#13181 = DIRECTION('',(0.,0.,1.));
#13182 = ORIENTED_EDGE('',*,*,#13118,.F.);
#13183 = PLANE('',#13184);
#13184 = AXIS2_PLACEMENT_3D('',#13185,#13186,#13187);
#13185 = CARTESIAN_POINT('',(-22.5,-91.5,-158.));
#13186 = DIRECTION('',(1.,0.,-0.));
#13187 = DIRECTION('',(0.,0.,1.));
#13188 = ADVANCED_FACE('',(#13189),#13207,.F.);
#13189 = FACE_BOUND('',#13190,.F.);
#13190 = EDGE_LOOP('',(#13191,#13199,#13200,#13201));
#13191 = ORIENTED_EDGE('',*,*,#13192,.F.);
#13192 = EDGE_CURVE('',#13170,#13193,#13195,.T.);
#13193 = VERTEX_POINT('',#13194);
#13194 = CARTESIAN_POINT('',(332.5,263.5,-158.));
#13195 = LINE('',#13196,#13197);
#13196 = CARTESIAN_POINT('',(-22.5,263.5,-158.));
#13197 = VECTOR('',#13198,1.);
#13198 = DIRECTION('',(1.,0.,-0.));
#13199 = ORIENTED_EDGE('',*,*,#13177,.T.);
#13200 = ORIENTED_EDGE('',*,*,#13144,.T.);
#13201 = ORIENTED_EDGE('',*,*,#13202,.F.);
#13202 = EDGE_CURVE('',#13193,#13137,#13203,.T.);
#13203 = LINE('',#13204,#13205);
#13204 = CARTESIAN_POINT('',(332.5,263.5,-158.));
#13205 = VECTOR('',#13206,1.);
#13206 = DIRECTION('',(0.,0.,1.));
#13207 = PLANE('',#13208);
#13208 = AXIS2_PLACEMENT_3D('',#13209,#13210,#13211);
#13209 = CARTESIAN_POINT('',(-22.5,263.5,-158.));
#13210 = DIRECTION('',(-0.,1.,0.));
#13211 = DIRECTION('',(0.,0.,1.));
#13212 = ADVANCED_FACE('',(#13213),#13231,.T.);
#13213 = FACE_BOUND('',#13214,.T.);
#13214 = EDGE_LOOP('',(#13215,#13223,#13224,#13225));
#13215 = ORIENTED_EDGE('',*,*,#13216,.F.);
#13216 = EDGE_CURVE('',#13162,#13217,#13219,.T.);
#13217 = VERTEX_POINT('',#13218);
#13218 = CARTESIAN_POINT('',(332.5,-91.5,-158.));
#13219 = LINE('',#13220,#13221);
#13220 = CARTESIAN_POINT('',(-22.5,-91.5,-158.));
#13221 = VECTOR('',#13222,1.);
#13222 = DIRECTION('',(1.,0.,-0.));
#13223 = ORIENTED_EDGE('',*,*,#13161,.T.);
#13224 = ORIENTED_EDGE('',*,*,#13128,.T.);
#13225 = ORIENTED_EDGE('',*,*,#13226,.F.);
#13226 = EDGE_CURVE('',#13217,#13129,#13227,.T.);
#13227 = LINE('',#13228,#13229);
#13228 = CARTESIAN_POINT('',(332.5,-91.5,-158.));
#13229 = VECTOR('',#13230,1.);
#13230 = DIRECTION('',(0.,0.,1.));
#13231 = PLANE('',#13232);
#13232 = AXIS2_PLACEMENT_3D('',#13233,#13234,#13235);
#13233 = CARTESIAN_POINT('',(-22.5,-91.5,-158.));
#13234 = DIRECTION('',(-0.,1.,0.));
#13235 = DIRECTION('',(0.,0.,1.));
#13236 = ADVANCED_FACE('',(#13237),#13248,.F.);
#13237 = FACE_BOUND('',#13238,.F.);
#13238 = EDGE_LOOP('',(#13239,#13240,#13246,#13247));
#13239 = ORIENTED_EDGE('',*,*,#13226,.F.);
#13240 = ORIENTED_EDGE('',*,*,#13241,.T.);
#13241 = EDGE_CURVE('',#13217,#13193,#13242,.T.);
#13242 = LINE('',#13243,#13244);
#13243 = CARTESIAN_POINT('',(332.5,-91.5,-158.));
#13244 = VECTOR('',#13245,1.);
#13245 = DIRECTION('',(-0.,1.,0.));
#13246 = ORIENTED_EDGE('',*,*,#13202,.T.);
#13247 = ORIENTED_EDGE('',*,*,#13136,.F.);
#13248 = PLANE('',#13249);
#13249 = AXIS2_PLACEMENT_3D('',#13250,#13251,#13252);
#13250 = CARTESIAN_POINT('',(332.5,-91.5,-158.));
#13251 = DIRECTION('',(1.,0.,-0.));
#13252 = DIRECTION('',(0.,0.,1.));
#13253 = ADVANCED_FACE('',(#13254),#13260,.T.);
#13254 = FACE_BOUND('',#13255,.T.);
#13255 = EDGE_LOOP('',(#13256,#13257,#13258,#13259));
#13256 = ORIENTED_EDGE('',*,*,#13169,.F.);
#13257 = ORIENTED_EDGE('',*,*,#13216,.T.);
#13258 = ORIENTED_EDGE('',*,*,#13241,.T.);
#13259 = ORIENTED_EDGE('',*,*,#13192,.F.);
#13260 = PLANE('',#13261);
#13261 = AXIS2_PLACEMENT_3D('',#13262,#13263,#13264);
#13262 = CARTESIAN_POINT('',(-22.5,-91.5,-158.));
#13263 = DIRECTION('',(0.,0.,1.));
#13264 = DIRECTION('',(1.,0.,-0.));
#13265 = ( GEOMETRIC_REPRESENTATION_CONTEXT(3) 
GLOBAL_UNCERTAINTY_ASSIGNED_CONTEXT((#13269)) 
GLOBAL_UNIT_ASSIGNED_CONTEXT((#13266,#13267,#13268)) 
REPRESENTATION_CONTEXT('Context #1',
  '3D Context with UNIT and UNCERTAINTY') );
#13266 = ( LENGTH_UNIT() NAMED_UNIT(*) SI_UNIT(.MILLI.,.METRE.) );
#13267 = ( NAMED_UNIT(*) PLANE_ANGLE_UNIT() SI_UNIT($,.RADIAN.) );
#13268 = ( NAMED_UNIT(*) SI_UNIT($,.STERADIAN.) SOLID_ANGLE_UNIT() );
#13269 = UNCERTAINTY_MEASURE_WITH_UNIT(LENGTH_MEASURE(1.E-07),#13266,
  'distance_accuracy_value','confusion accuracy');
#13270 = CONTEXT_DEPENDENT_SHAPE_REPRESENTATION(#13271,#13273);
#13271 = ( REPRESENTATION_RELATIONSHIP('','',#12927,#10) 
REPRESENTATION_RELATIONSHIP_WITH_TRANSFORMATION(#13272) 
SHAPE_REPRESENTATION_RELATIONSHIP() );
#13272 = ITEM_DEFINED_TRANSFORMATION('','',#11,#215);
#13273 = PRODUCT_DEFINITION_SHAPE('Placement','Placement of an item',
  #13274);
#13274 = NEXT_ASSEMBLY_USAGE_OCCURRENCE('51',
  'Pedestal housing 360x360x130 (2.5 mm Al)','',#5,#12922,$);
#13275 = PRODUCT_RELATED_PRODUCT_CATEGORY('part',$,(#12924));
#13276 = SHAPE_DEFINITION_REPRESENTATION(#13277,#13283);
#13277 = PRODUCT_DEFINITION_SHAPE('','',#13278);
#13278 = PRODUCT_DEFINITION('design','',#13279,#13282);
#13279 = PRODUCT_DEFINITION_FORMATION('','',#13280);
#13280 = PRODUCT('Stepper NEMA 23 (56.4x56.4x76)',
  'Stepper NEMA 23 (56.4x56.4x76)','',(#13281));
#13281 = PRODUCT_CONTEXT('',#2,'mechanical');
#13282 = PRODUCT_DEFINITION_CONTEXT('part definition',#2,'design');
#13283 = ADVANCED_BREP_SHAPE_REPRESENTATION('',(#11,#13284),#13434);
#13284 = MANIFOLD_SOLID_BREP('',#13285);
#13285 = CLOSED_SHELL('',(#13286,#13326,#13366,#13388,#13410,#13422));
#13286 = ADVANCED_FACE('',(#13287),#13321,.F.);
#13287 = FACE_BOUND('',#13288,.F.);
#13288 = EDGE_LOOP('',(#13289,#13299,#13307,#13315));
#13289 = ORIENTED_EDGE('',*,*,#13290,.F.);
#13290 = EDGE_CURVE('',#13291,#13293,#13295,.T.);
#13291 = VERTEX_POINT('',#13292);
#13292 = CARTESIAN_POINT('',(266.45,57.8,-126.5));
#13293 = VERTEX_POINT('',#13294);
#13294 = CARTESIAN_POINT('',(266.45,57.8,-50.5));
#13295 = LINE('',#13296,#13297);
#13296 = CARTESIAN_POINT('',(266.45,57.8,-126.5));
#13297 = VECTOR('',#13298,1.);
#13298 = DIRECTION('',(0.,0.,1.));
#13299 = ORIENTED_EDGE('',*,*,#13300,.T.);
#13300 = EDGE_CURVE('',#13291,#13301,#13303,.T.);
#13301 = VERTEX_POINT('',#13302);
#13302 = CARTESIAN_POINT('',(266.45,114.2,-126.5));
#13303 = LINE('',#13304,#13305);
#13304 = CARTESIAN_POINT('',(266.45,57.8,-126.5));
#13305 = VECTOR('',#13306,1.);
#13306 = DIRECTION('',(-0.,1.,0.));
#13307 = ORIENTED_EDGE('',*,*,#13308,.T.);
#13308 = EDGE_CURVE('',#13301,#13309,#13311,.T.);
#13309 = VERTEX_POINT('',#13310);
#13310 = CARTESIAN_POINT('',(266.45,114.2,-50.5));
#13311 = LINE('',#13312,#13313);
#13312 = CARTESIAN_POINT('',(266.45,114.2,-126.5));
#13313 = VECTOR('',#13314,1.);
#13314 = DIRECTION('',(0.,0.,1.));
#13315 = ORIENTED_EDGE('',*,*,#13316,.F.);
#13316 = EDGE_CURVE('',#13293,#13309,#13317,.T.);
#13317 = LINE('',#13318,#13319);
#13318 = CARTESIAN_POINT('',(266.45,57.8,-50.5));
#13319 = VECTOR('',#13320,1.);
#13320 = DIRECTION('',(-0.,1.,0.));
#13321 = PLANE('',#13322);
#13322 = AXIS2_PLACEMENT_3D('',#13323,#13324,#13325);
#13323 = CARTESIAN_POINT('',(266.45,57.8,-126.5));
#13324 = DIRECTION('',(1.,0.,-0.));
#13325 = DIRECTION('',(0.,0.,1.));
#13326 = ADVANCED_FACE('',(#13327),#13361,.T.);
#13327 = FACE_BOUND('',#13328,.T.);
#13328 = EDGE_LOOP('',(#13329,#13339,#13347,#13355));
#13329 = ORIENTED_EDGE('',*,*,#13330,.F.);
#13330 = EDGE_CURVE('',#13331,#13333,#13335,.T.);
#13331 = VERTEX_POINT('',#13332);
#13332 = CARTESIAN_POINT('',(322.85,57.8,-126.5));
#13333 = VERTEX_POINT('',#13334);
#13334 = CARTESIAN_POINT('',(322.85,57.8,-50.5));
#13335 = LINE('',#13336,#13337);
#13336 = CARTESIAN_POINT('',(322.85,57.8,-126.5));
#13337 = VECTOR('',#13338,1.);
#13338 = DIRECTION('',(0.,0.,1.));
#13339 = ORIENTED_EDGE('',*,*,#13340,.T.);
#13340 = EDGE_CURVE('',#13331,#13341,#13343,.T.);
#13341 = VERTEX_POINT('',#13342);
#13342 = CARTESIAN_POINT('',(322.85,114.2,-126.5));
#13343 = LINE('',#13344,#13345);
#13344 = CARTESIAN_POINT('',(322.85,57.8,-126.5));
#13345 = VECTOR('',#13346,1.);
#13346 = DIRECTION('',(-0.,1.,0.));
#13347 = ORIENTED_EDGE('',*,*,#13348,.T.);
#13348 = EDGE_CURVE('',#13341,#13349,#13351,.T.);
#13349 = VERTEX_POINT('',#13350);
#13350 = CARTESIAN_POINT('',(322.85,114.2,-50.5));
#13351 = LINE('',#13352,#13353);
#13352 = CARTESIAN_POINT('',(322.85,114.2,-126.5));
#13353 = VECTOR('',#13354,1.);
#13354 = DIRECTION('',(0.,0.,1.));
#13355 = ORIENTED_EDGE('',*,*,#13356,.F.);
#13356 = EDGE_CURVE('',#13333,#13349,#13357,.T.);
#13357 = LINE('',#13358,#13359);
#13358 = CARTESIAN_POINT('',(322.85,57.8,-50.5));
#13359 = VECTOR('',#13360,1.);
#13360 = DIRECTION('',(-0.,1.,0.));
#13361 = PLANE('',#13362);
#13362 = AXIS2_PLACEMENT_3D('',#13363,#13364,#13365);
#13363 = CARTESIAN_POINT('',(322.85,57.8,-126.5));
#13364 = DIRECTION('',(1.,0.,-0.));
#13365 = DIRECTION('',(0.,0.,1.));
#13366 = ADVANCED_FACE('',(#13367),#13383,.F.);
#13367 = FACE_BOUND('',#13368,.F.);
#13368 = EDGE_LOOP('',(#13369,#13375,#13376,#13382));
#13369 = ORIENTED_EDGE('',*,*,#13370,.F.);
#13370 = EDGE_CURVE('',#13291,#13331,#13371,.T.);
#13371 = LINE('',#13372,#13373);
#13372 = CARTESIAN_POINT('',(266.45,57.8,-126.5));
#13373 = VECTOR('',#13374,1.);
#13374 = DIRECTION('',(1.,0.,-0.));
#13375 = ORIENTED_EDGE('',*,*,#13290,.T.);
#13376 = ORIENTED_EDGE('',*,*,#13377,.T.);
#13377 = EDGE_CURVE('',#13293,#13333,#13378,.T.);
#13378 = LINE('',#13379,#13380);
#13379 = CARTESIAN_POINT('',(266.45,57.8,-50.5));
#13380 = VECTOR('',#13381,1.);
#13381 = DIRECTION('',(1.,0.,-0.));
#13382 = ORIENTED_EDGE('',*,*,#13330,.F.);
#13383 = PLANE('',#13384);
#13384 = AXIS2_PLACEMENT_3D('',#13385,#13386,#13387);
#13385 = CARTESIAN_POINT('',(266.45,57.8,-126.5));
#13386 = DIRECTION('',(-0.,1.,0.));
#13387 = DIRECTION('',(0.,0.,1.));
#13388 = ADVANCED_FACE('',(#13389),#13405,.T.);
#13389 = FACE_BOUND('',#13390,.T.);
#13390 = EDGE_LOOP('',(#13391,#13397,#13398,#13404));
#13391 = ORIENTED_EDGE('',*,*,#13392,.F.);
#13392 = EDGE_CURVE('',#13301,#13341,#13393,.T.);
#13393 = LINE('',#13394,#13395);
#13394 = CARTESIAN_POINT('',(266.45,114.2,-126.5));
#13395 = VECTOR('',#13396,1.);
#13396 = DIRECTION('',(1.,0.,-0.));
#13397 = ORIENTED_EDGE('',*,*,#13308,.T.);
#13398 = ORIENTED_EDGE('',*,*,#13399,.T.);
#13399 = EDGE_CURVE('',#13309,#13349,#13400,.T.);
#13400 = LINE('',#13401,#13402);
#13401 = CARTESIAN_POINT('',(266.45,114.2,-50.5));
#13402 = VECTOR('',#13403,1.);
#13403 = DIRECTION('',(1.,0.,-0.));
#13404 = ORIENTED_EDGE('',*,*,#13348,.F.);
#13405 = PLANE('',#13406);
#13406 = AXIS2_PLACEMENT_3D('',#13407,#13408,#13409);
#13407 = CARTESIAN_POINT('',(266.45,114.2,-126.5));
#13408 = DIRECTION('',(-0.,1.,0.));
#13409 = DIRECTION('',(0.,0.,1.));
#13410 = ADVANCED_FACE('',(#13411),#13417,.F.);
#13411 = FACE_BOUND('',#13412,.F.);
#13412 = EDGE_LOOP('',(#13413,#13414,#13415,#13416));
#13413 = ORIENTED_EDGE('',*,*,#13300,.F.);
#13414 = ORIENTED_EDGE('',*,*,#13370,.T.);
#13415 = ORIENTED_EDGE('',*,*,#13340,.T.);
#13416 = ORIENTED_EDGE('',*,*,#13392,.F.);
#13417 = PLANE('',#13418);
#13418 = AXIS2_PLACEMENT_3D('',#13419,#13420,#13421);
#13419 = CARTESIAN_POINT('',(266.45,57.8,-126.5));
#13420 = DIRECTION('',(0.,0.,1.));
#13421 = DIRECTION('',(1.,0.,-0.));
#13422 = ADVANCED_FACE('',(#13423),#13429,.T.);
#13423 = FACE_BOUND('',#13424,.T.);
#13424 = EDGE_LOOP('',(#13425,#13426,#13427,#13428));
#13425 = ORIENTED_EDGE('',*,*,#13316,.F.);
#13426 = ORIENTED_EDGE('',*,*,#13377,.T.);
#13427 = ORIENTED_EDGE('',*,*,#13356,.T.);
#13428 = ORIENTED_EDGE('',*,*,#13399,.F.);
#13429 = PLANE('',#13430);
#13430 = AXIS2_PLACEMENT_3D('',#13431,#13432,#13433);
#13431 = CARTESIAN_POINT('',(266.45,57.8,-50.5));
#13432 = DIRECTION('',(0.,0.,1.));
#13433 = DIRECTION('',(1.,0.,-0.));
#13434 = ( GEOMETRIC_REPRESENTATION_CONTEXT(3) 
GLOBAL_UNCERTAINTY_ASSIGNED_CONTEXT((#13438)) 
GLOBAL_UNIT_ASSIGNED_CONTEXT((#13435,#13436,#13437)) 
REPRESENTATION_CONTEXT('Context #1',
  '3D Context with UNIT and UNCERTAINTY') );
#13435 = ( LENGTH_UNIT() NAMED_UNIT(*) SI_UNIT(.MILLI.,.METRE.) );
#13436 = ( NAMED_UNIT(*) PLANE_ANGLE_UNIT() SI_UNIT($,.RADIAN.) );
#13437 = ( NAMED_UNIT(*) SI_UNIT($,.STERADIAN.) SOLID_ANGLE_UNIT() );
#13438 = UNCERTAINTY_MEASURE_WITH_UNIT(LENGTH_MEASURE(1.E-07),#13435,
  'distance_accuracy_value','confusion accuracy');
#13439 = CONTEXT_DEPENDENT_SHAPE_REPRESENTATION(#13440,#13442);
#13440 = ( REPRESENTATION_RELATIONSHIP('','',#13283,#10) 
REPRESENTATION_RELATIONSHIP_WITH_TRANSFORMATION(#13441) 
SHAPE_REPRESENTATION_RELATIONSHIP() );
#13441 = ITEM_DEFINED_TRANSFORMATION('','',#11,#219);
#13442 = PRODUCT_DEFINITION_SHAPE('Placement','Placement of an item',
  #13443);
#13443 = NEXT_ASSEMBLY_USAGE_OCCURRENCE('52',
  'Stepper NEMA 23 (56.4x56.4x76)','',#5,#13278,$);
#13444 = PRODUCT_RELATED_PRODUCT_CATEGORY('part',$,(#13280));
#13445 = SHAPE_DEFINITION_REPRESENTATION(#13446,#13452);
#13446 = PRODUCT_DEFINITION_SHAPE('','',#13447);
#13447 = PRODUCT_DEFINITION('design','',#13448,#13451);
#13448 = PRODUCT_DEFINITION_FORMATION('','',#13449);
#13449 = PRODUCT('Motor pulley GT3 60T','Motor pulley GT3 60T','',(
    #13450));
#13450 = PRODUCT_CONTEXT('',#2,'mechanical');
#13451 = PRODUCT_DEFINITION_CONTEXT('part definition',#2,'design');
#13452 = ADVANCED_BREP_SHAPE_REPRESENTATION('',(#11,#13453),#13506);
#13453 = MANIFOLD_SOLID_BREP('',#13454);
#13454 = CLOSED_SHELL('',(#13455,#13488,#13497));
#13455 = ADVANCED_FACE('',(#13456),#13483,.T.);
#13456 = FACE_BOUND('',#13457,.T.);
#13457 = EDGE_LOOP('',(#13458,#13467,#13475,#13482));
#13458 = ORIENTED_EDGE('',*,*,#13459,.F.);
#13459 = EDGE_CURVE('',#13460,#13460,#13462,.T.);
#13460 = VERTEX_POINT('',#13461);
#13461 = CARTESIAN_POINT('',(323.3,86.,-14.5));
#13462 = CIRCLE('',#13463,28.65);
#13463 = AXIS2_PLACEMENT_3D('',#13464,#13465,#13466);
#13464 = CARTESIAN_POINT('',(294.65,86.,-14.5));
#13465 = DIRECTION('',(0.,0.,1.));
#13466 = DIRECTION('',(1.,0.,-0.));
#13467 = ORIENTED_EDGE('',*,*,#13468,.F.);
#13468 = EDGE_CURVE('',#13469,#13460,#13471,.T.);
#13469 = VERTEX_POINT('',#13470);
#13470 = CARTESIAN_POINT('',(323.3,86.,-26.5));
#13471 = LINE('',#13472,#13473);
#13472 = CARTESIAN_POINT('',(323.3,86.,-26.5));
#13473 = VECTOR('',#13474,1.);
#13474 = DIRECTION('',(0.,0.,1.));
#13475 = ORIENTED_EDGE('',*,*,#13476,.T.);
#13476 = EDGE_CURVE('',#13469,#13469,#13477,.T.);
#13477 = CIRCLE('',#13478,28.65);
#13478 = AXIS2_PLACEMENT_3D('',#13479,#13480,#13481);
#13479 = CARTESIAN_POINT('',(294.65,86.,-26.5));
#13480 = DIRECTION('',(0.,0.,1.));
#13481 = DIRECTION('',(1.,0.,-0.));
#13482 = ORIENTED_EDGE('',*,*,#13468,.T.);
#13483 = CYLINDRICAL_SURFACE('',#13484,28.65);
#13484 = AXIS2_PLACEMENT_3D('',#13485,#13486,#13487);
#13485 = CARTESIAN_POINT('',(294.65,86.,-26.5));
#13486 = DIRECTION('',(0.,0.,1.));
#13487 = DIRECTION('',(1.,0.,-0.));
#13488 = ADVANCED_FACE('',(#13489),#13492,.T.);
#13489 = FACE_BOUND('',#13490,.T.);
#13490 = EDGE_LOOP('',(#13491));
#13491 = ORIENTED_EDGE('',*,*,#13459,.T.);
#13492 = PLANE('',#13493);
#13493 = AXIS2_PLACEMENT_3D('',#13494,#13495,#13496);
#13494 = CARTESIAN_POINT('',(294.65,86.,-14.5));
#13495 = DIRECTION('',(0.,0.,1.));
#13496 = DIRECTION('',(1.,0.,-0.));
#13497 = ADVANCED_FACE('',(#13498),#13501,.F.);
#13498 = FACE_BOUND('',#13499,.T.);
#13499 = EDGE_LOOP('',(#13500));
#13500 = ORIENTED_EDGE('',*,*,#13476,.F.);
#13501 = PLANE('',#13502);
#13502 = AXIS2_PLACEMENT_3D('',#13503,#13504,#13505);
#13503 = CARTESIAN_POINT('',(294.65,86.,-26.5));
#13504 = DIRECTION('',(0.,0.,1.));
#13505 = DIRECTION('',(1.,0.,-0.));
#13506 = ( GEOMETRIC_REPRESENTATION_CONTEXT(3) 
GLOBAL_UNCERTAINTY_ASSIGNED_CONTEXT((#13510)) 
GLOBAL_UNIT_ASSIGNED_CONTEXT((#13507,#13508,#13509)) 
REPRESENTATION_CONTEXT('Context #1',
  '3D Context with UNIT and UNCERTAINTY') );
#13507 = ( LENGTH_UNIT() NAMED_UNIT(*) SI_UNIT(.MILLI.,.METRE.) );
#13508 = ( NAMED_UNIT(*) PLANE_ANGLE_UNIT() SI_UNIT($,.RADIAN.) );
#13509 = ( NAMED_UNIT(*) SI_UNIT($,.STERADIAN.) SOLID_ANGLE_UNIT() );
#13510 = UNCERTAINTY_MEASURE_WITH_UNIT(LENGTH_MEASURE(1.E-07),#13507,
  'distance_accuracy_value','confusion accuracy');
#13511 = CONTEXT_DEPENDENT_SHAPE_REPRESENTATION(#13512,#13514);
#13512 = ( REPRESENTATION_RELATIONSHIP('','',#13452,#10) 
REPRESENTATION_RELATIONSHIP_WITH_TRANSFORMATION(#13513) 
SHAPE_REPRESENTATION_RELATIONSHIP() );
#13513 = ITEM_DEFINED_TRANSFORMATION('','',#11,#223);
#13514 = PRODUCT_DEFINITION_SHAPE('Placement','Placement of an item',
  #13515);
#13515 = NEXT_ASSEMBLY_USAGE_OCCURRENCE('53','Motor pulley GT3 60T','',
  #5,#13447,$);
#13516 = PRODUCT_RELATED_PRODUCT_CATEGORY('part',$,(#13449));
#13517 = SHAPE_DEFINITION_REPRESENTATION(#13518,#13524);
#13518 = PRODUCT_DEFINITION_SHAPE('','',#13519);
#13519 = PRODUCT_DEFINITION('design','',#13520,#13523);
#13520 = PRODUCT_DEFINITION_FORMATION('','',#13521);
#13521 = PRODUCT('Stepper driver TB6600 (96x72x36)',
  'Stepper driver TB6600 (96x72x36)','',(#13522));
#13522 = PRODUCT_CONTEXT('',#2,'mechanical');
#13523 = PRODUCT_DEFINITION_CONTEXT('part definition',#2,'design');
#13524 = ADVANCED_BREP_SHAPE_REPRESENTATION('',(#11,#13525),#13675);
#13525 = MANIFOLD_SOLID_BREP('',#13526);
#13526 = CLOSED_SHELL('',(#13527,#13567,#13607,#13629,#13651,#13663));
#13527 = ADVANCED_FACE('',(#13528),#13562,.F.);
#13528 = FACE_BOUND('',#13529,.F.);
#13529 = EDGE_LOOP('',(#13530,#13540,#13548,#13556));
#13530 = ORIENTED_EDGE('',*,*,#13531,.F.);
#13531 = EDGE_CURVE('',#13532,#13534,#13536,.T.);
#13532 = VERTEX_POINT('',#13533);
#13533 = CARTESIAN_POINT('',(5.,166.,-156.));
#13534 = VERTEX_POINT('',#13535);
#13535 = CARTESIAN_POINT('',(5.,166.,-120.));
#13536 = LINE('',#13537,#13538);
#13537 = CARTESIAN_POINT('',(5.,166.,-156.));
#13538 = VECTOR('',#13539,1.);
#13539 = DIRECTION('',(0.,0.,1.));
#13540 = ORIENTED_EDGE('',*,*,#13541,.T.);
#13541 = EDGE_CURVE('',#13532,#13542,#13544,.T.);
#13542 = VERTEX_POINT('',#13543);
#13543 = CARTESIAN_POINT('',(5.,238.,-156.));
#13544 = LINE('',#13545,#13546);
#13545 = CARTESIAN_POINT('',(5.,166.,-156.));
#13546 = VECTOR('',#13547,1.);
#13547 = DIRECTION('',(-0.,1.,0.));
#13548 = ORIENTED_EDGE('',*,*,#13549,.T.);
#13549 = EDGE_CURVE('',#13542,#13550,#13552,.T.);
#13550 = VERTEX_POINT('',#13551);
#13551 = CARTESIAN_POINT('',(5.,238.,-120.));
#13552 = LINE('',#13553,#13554);
#13553 = CARTESIAN_POINT('',(5.,238.,-156.));
#13554 = VECTOR('',#13555,1.);
#13555 = DIRECTION('',(0.,0.,1.));
#13556 = ORIENTED_EDGE('',*,*,#13557,.F.);
#13557 = EDGE_CURVE('',#13534,#13550,#13558,.T.);
#13558 = LINE('',#13559,#13560);
#13559 = CARTESIAN_POINT('',(5.,166.,-120.));
#13560 = VECTOR('',#13561,1.);
#13561 = DIRECTION('',(-0.,1.,0.));
#13562 = PLANE('',#13563);
#13563 = AXIS2_PLACEMENT_3D('',#13564,#13565,#13566);
#13564 = CARTESIAN_POINT('',(5.,166.,-156.));
#13565 = DIRECTION('',(1.,0.,-0.));
#13566 = DIRECTION('',(0.,0.,1.));
#13567 = ADVANCED_FACE('',(#13568),#13602,.T.);
#13568 = FACE_BOUND('',#13569,.T.);
#13569 = EDGE_LOOP('',(#13570,#13580,#13588,#13596));
#13570 = ORIENTED_EDGE('',*,*,#13571,.F.);
#13571 = EDGE_CURVE('',#13572,#13574,#13576,.T.);
#13572 = VERTEX_POINT('',#13573);
#13573 = CARTESIAN_POINT('',(101.,166.,-156.));
#13574 = VERTEX_POINT('',#13575);
#13575 = CARTESIAN_POINT('',(101.,166.,-120.));
#13576 = LINE('',#13577,#13578);
#13577 = CARTESIAN_POINT('',(101.,166.,-156.));
#13578 = VECTOR('',#13579,1.);
#13579 = DIRECTION('',(0.,0.,1.));
#13580 = ORIENTED_EDGE('',*,*,#13581,.T.);
#13581 = EDGE_CURVE('',#13572,#13582,#13584,.T.);
#13582 = VERTEX_POINT('',#13583);
#13583 = CARTESIAN_POINT('',(101.,238.,-156.));
#13584 = LINE('',#13585,#13586);
#13585 = CARTESIAN_POINT('',(101.,166.,-156.));
#13586 = VECTOR('',#13587,1.);
#13587 = DIRECTION('',(-0.,1.,0.));
#13588 = ORIENTED_EDGE('',*,*,#13589,.T.);
#13589 = EDGE_CURVE('',#13582,#13590,#13592,.T.);
#13590 = VERTEX_POINT('',#13591);
#13591 = CARTESIAN_POINT('',(101.,238.,-120.));
#13592 = LINE('',#13593,#13594);
#13593 = CARTESIAN_POINT('',(101.,238.,-156.));
#13594 = VECTOR('',#13595,1.);
#13595 = DIRECTION('',(0.,0.,1.));
#13596 = ORIENTED_EDGE('',*,*,#13597,.F.);
#13597 = EDGE_CURVE('',#13574,#13590,#13598,.T.);
#13598 = LINE('',#13599,#13600);
#13599 = CARTESIAN_POINT('',(101.,166.,-120.));
#13600 = VECTOR('',#13601,1.);
#13601 = DIRECTION('',(-0.,1.,0.));
#13602 = PLANE('',#13603);
#13603 = AXIS2_PLACEMENT_3D('',#13604,#13605,#13606);
#13604 = CARTESIAN_POINT('',(101.,166.,-156.));
#13605 = DIRECTION('',(1.,0.,-0.));
#13606 = DIRECTION('',(0.,0.,1.));
#13607 = ADVANCED_FACE('',(#13608),#13624,.F.);
#13608 = FACE_BOUND('',#13609,.F.);
#13609 = EDGE_LOOP('',(#13610,#13616,#13617,#13623));
#13610 = ORIENTED_EDGE('',*,*,#13611,.F.);
#13611 = EDGE_CURVE('',#13532,#13572,#13612,.T.);
#13612 = LINE('',#13613,#13614);
#13613 = CARTESIAN_POINT('',(5.,166.,-156.));
#13614 = VECTOR('',#13615,1.);
#13615 = DIRECTION('',(1.,0.,-0.));
#13616 = ORIENTED_EDGE('',*,*,#13531,.T.);
#13617 = ORIENTED_EDGE('',*,*,#13618,.T.);
#13618 = EDGE_CURVE('',#13534,#13574,#13619,.T.);
#13619 = LINE('',#13620,#13621);
#13620 = CARTESIAN_POINT('',(5.,166.,-120.));
#13621 = VECTOR('',#13622,1.);
#13622 = DIRECTION('',(1.,0.,-0.));
#13623 = ORIENTED_EDGE('',*,*,#13571,.F.);
#13624 = PLANE('',#13625);
#13625 = AXIS2_PLACEMENT_3D('',#13626,#13627,#13628);
#13626 = CARTESIAN_POINT('',(5.,166.,-156.));
#13627 = DIRECTION('',(-0.,1.,0.));
#13628 = DIRECTION('',(0.,0.,1.));
#13629 = ADVANCED_FACE('',(#13630),#13646,.T.);
#13630 = FACE_BOUND('',#13631,.T.);
#13631 = EDGE_LOOP('',(#13632,#13638,#13639,#13645));
#13632 = ORIENTED_EDGE('',*,*,#13633,.F.);
#13633 = EDGE_CURVE('',#13542,#13582,#13634,.T.);
#13634 = LINE('',#13635,#13636);
#13635 = CARTESIAN_POINT('',(5.,238.,-156.));
#13636 = VECTOR('',#13637,1.);
#13637 = DIRECTION('',(1.,0.,-0.));
#13638 = ORIENTED_EDGE('',*,*,#13549,.T.);
#13639 = ORIENTED_EDGE('',*,*,#13640,.T.);
#13640 = EDGE_CURVE('',#13550,#13590,#13641,.T.);
#13641 = LINE('',#13642,#13643);
#13642 = CARTESIAN_POINT('',(5.,238.,-120.));
#13643 = VECTOR('',#13644,1.);
#13644 = DIRECTION('',(1.,0.,-0.));
#13645 = ORIENTED_EDGE('',*,*,#13589,.F.);
#13646 = PLANE('',#13647);
#13647 = AXIS2_PLACEMENT_3D('',#13648,#13649,#13650);
#13648 = CARTESIAN_POINT('',(5.,238.,-156.));
#13649 = DIRECTION('',(-0.,1.,0.));
#13650 = DIRECTION('',(0.,0.,1.));
#13651 = ADVANCED_FACE('',(#13652),#13658,.F.);
#13652 = FACE_BOUND('',#13653,.F.);
#13653 = EDGE_LOOP('',(#13654,#13655,#13656,#13657));
#13654 = ORIENTED_EDGE('',*,*,#13541,.F.);
#13655 = ORIENTED_EDGE('',*,*,#13611,.T.);
#13656 = ORIENTED_EDGE('',*,*,#13581,.T.);
#13657 = ORIENTED_EDGE('',*,*,#13633,.F.);
#13658 = PLANE('',#13659);
#13659 = AXIS2_PLACEMENT_3D('',#13660,#13661,#13662);
#13660 = CARTESIAN_POINT('',(5.,166.,-156.));
#13661 = DIRECTION('',(0.,0.,1.));
#13662 = DIRECTION('',(1.,0.,-0.));
#13663 = ADVANCED_FACE('',(#13664),#13670,.T.);
#13664 = FACE_BOUND('',#13665,.T.);
#13665 = EDGE_LOOP('',(#13666,#13667,#13668,#13669));
#13666 = ORIENTED_EDGE('',*,*,#13557,.F.);
#13667 = ORIENTED_EDGE('',*,*,#13618,.T.);
#13668 = ORIENTED_EDGE('',*,*,#13597,.T.);
#13669 = ORIENTED_EDGE('',*,*,#13640,.F.);
#13670 = PLANE('',#13671);
#13671 = AXIS2_PLACEMENT_3D('',#13672,#13673,#13674);
#13672 = CARTESIAN_POINT('',(5.,166.,-120.));
#13673 = DIRECTION('',(0.,0.,1.));
#13674 = DIRECTION('',(1.,0.,-0.));
#13675 = ( GEOMETRIC_REPRESENTATION_CONTEXT(3) 
GLOBAL_UNCERTAINTY_ASSIGNED_CONTEXT((#13679)) 
GLOBAL_UNIT_ASSIGNED_CONTEXT((#13676,#13677,#13678)) 
REPRESENTATION_CONTEXT('Context #1',
  '3D Context with UNIT and UNCERTAINTY') );
#13676 = ( LENGTH_UNIT() NAMED_UNIT(*) SI_UNIT(.MILLI.,.METRE.) );
#13677 = ( NAMED_UNIT(*) PLANE_ANGLE_UNIT() SI_UNIT($,.RADIAN.) );
#13678 = ( NAMED_UNIT(*) SI_UNIT($,.STERADIAN.) SOLID_ANGLE_UNIT() );
#13679 = UNCERTAINTY_MEASURE_WITH_UNIT(LENGTH_MEASURE(1.E-07),#13676,
  'distance_accuracy_value','confusion accuracy');
#13680 = CONTEXT_DEPENDENT_SHAPE_REPRESENTATION(#13681,#13683);
#13681 = ( REPRESENTATION_RELATIONSHIP('','',#13524,#10) 
REPRESENTATION_RELATIONSHIP_WITH_TRANSFORMATION(#13682) 
SHAPE_REPRESENTATION_RELATIONSHIP() );
#13682 = ITEM_DEFINED_TRANSFORMATION('','',#11,#227);
#13683 = PRODUCT_DEFINITION_SHAPE('Placement','Placement of an item',
  #13684);
#13684 = NEXT_ASSEMBLY_USAGE_OCCURRENCE('54',
  'Stepper driver TB6600 (96x72x36)','',#5,#13519,$);
#13685 = PRODUCT_RELATED_PRODUCT_CATEGORY('part',$,(#13521));
#13686 = SHAPE_DEFINITION_REPRESENTATION(#13687,#13693);
#13687 = PRODUCT_DEFINITION_SHAPE('','',#13688);
#13688 = PRODUCT_DEFINITION('design','',#13689,#13692);
#13689 = PRODUCT_DEFINITION_FORMATION('','',#13690);
#13690 = PRODUCT('Mast flange Ø150x10, 4xM10 PCD110 (ASSUMPTION)',
  'Mast flange Ø150x10, 4xM10 PCD110 (ASSUMPTION)','',(#13691));
#13691 = PRODUCT_CONTEXT('',#2,'mechanical');
#13692 = PRODUCT_DEFINITION_CONTEXT('part definition',#2,'design');
#13693 = ADVANCED_BREP_SHAPE_REPRESENTATION('',(#11,#13694),#13747);
#13694 = MANIFOLD_SOLID_BREP('',#13695);
#13695 = CLOSED_SHELL('',(#13696,#13729,#13738));
#13696 = ADVANCED_FACE('',(#13697),#13724,.T.);
#13697 = FACE_BOUND('',#13698,.T.);
#13698 = EDGE_LOOP('',(#13699,#13708,#13716,#13723));
#13699 = ORIENTED_EDGE('',*,*,#13700,.F.);
#13700 = EDGE_CURVE('',#13701,#13701,#13703,.T.);
#13701 = VERTEX_POINT('',#13702);
#13702 = CARTESIAN_POINT('',(230.,86.,-160.5));
#13703 = CIRCLE('',#13704,75.);
#13704 = AXIS2_PLACEMENT_3D('',#13705,#13706,#13707);
#13705 = CARTESIAN_POINT('',(155.,86.,-160.5));
#13706 = DIRECTION('',(0.,0.,1.));
#13707 = DIRECTION('',(1.,0.,-0.));
#13708 = ORIENTED_EDGE('',*,*,#13709,.F.);
#13709 = EDGE_CURVE('',#13710,#13701,#13712,.T.);
#13710 = VERTEX_POINT('',#13711);
#13711 = CARTESIAN_POINT('',(230.,86.,-170.5));
#13712 = LINE('',#13713,#13714);
#13713 = CARTESIAN_POINT('',(230.,86.,-170.5));
#13714 = VECTOR('',#13715,1.);
#13715 = DIRECTION('',(0.,0.,1.));
#13716 = ORIENTED_EDGE('',*,*,#13717,.T.);
#13717 = EDGE_CURVE('',#13710,#13710,#13718,.T.);
#13718 = CIRCLE('',#13719,75.);
#13719 = AXIS2_PLACEMENT_3D('',#13720,#13721,#13722);
#13720 = CARTESIAN_POINT('',(155.,86.,-170.5));
#13721 = DIRECTION('',(0.,0.,1.));
#13722 = DIRECTION('',(1.,0.,-0.));
#13723 = ORIENTED_EDGE('',*,*,#13709,.T.);
#13724 = CYLINDRICAL_SURFACE('',#13725,75.);
#13725 = AXIS2_PLACEMENT_3D('',#13726,#13727,#13728);
#13726 = CARTESIAN_POINT('',(155.,86.,-170.5));
#13727 = DIRECTION('',(0.,0.,1.));
#13728 = DIRECTION('',(1.,0.,-0.));
#13729 = ADVANCED_FACE('',(#13730),#13733,.T.);
#13730 = FACE_BOUND('',#13731,.T.);
#13731 = EDGE_LOOP('',(#13732));
#13732 = ORIENTED_EDGE('',*,*,#13700,.T.);
#13733 = PLANE('',#13734);
#13734 = AXIS2_PLACEMENT_3D('',#13735,#13736,#13737);
#13735 = CARTESIAN_POINT('',(155.,86.,-160.5));
#13736 = DIRECTION('',(0.,0.,1.));
#13737 = DIRECTION('',(1.,0.,-0.));
#13738 = ADVANCED_FACE('',(#13739),#13742,.F.);
#13739 = FACE_BOUND('',#13740,.T.);
#13740 = EDGE_LOOP('',(#13741));
#13741 = ORIENTED_EDGE('',*,*,#13717,.F.);
#13742 = PLANE('',#13743);
#13743 = AXIS2_PLACEMENT_3D('',#13744,#13745,#13746);
#13744 = CARTESIAN_POINT('',(155.,86.,-170.5));
#13745 = DIRECTION('',(0.,0.,1.));
#13746 = DIRECTION('',(1.,0.,-0.));
#13747 = ( GEOMETRIC_REPRESENTATION_CONTEXT(3) 
GLOBAL_UNCERTAINTY_ASSIGNED_CONTEXT((#13751)) 
GLOBAL_UNIT_ASSIGNED_CONTEXT((#13748,#13749,#13750)) 
REPRESENTATION_CONTEXT('Context #1',
  '3D Context with UNIT and UNCERTAINTY') );
#13748 = ( LENGTH_UNIT() NAMED_UNIT(*) SI_UNIT(.MILLI.,.METRE.) );
#13749 = ( NAMED_UNIT(*) PLANE_ANGLE_UNIT() SI_UNIT($,.RADIAN.) );
#13750 = ( NAMED_UNIT(*) SI_UNIT($,.STERADIAN.) SOLID_ANGLE_UNIT() );
#13751 = UNCERTAINTY_MEASURE_WITH_UNIT(LENGTH_MEASURE(1.E-07),#13748,
  'distance_accuracy_value','confusion accuracy');
#13752 = CONTEXT_DEPENDENT_SHAPE_REPRESENTATION(#13753,#13755);
#13753 = ( REPRESENTATION_RELATIONSHIP('','',#13693,#10) 
REPRESENTATION_RELATIONSHIP_WITH_TRANSFORMATION(#13754) 
SHAPE_REPRESENTATION_RELATIONSHIP() );
#13754 = ITEM_DEFINED_TRANSFORMATION('','',#11,#231);
#13755 = PRODUCT_DEFINITION_SHAPE('Placement','Placement of an item',
  #13756);
#13756 = NEXT_ASSEMBLY_USAGE_OCCURRENCE('55',
  'Mast flange Ø150x10, 4xM10 PCD110 (ASSUMPTION)','',#5,#13688,$);
#13757 = PRODUCT_RELATED_PRODUCT_CATEGORY('part',$,(#13690));
ENDSEC;
END-ISO-10303-21;
