ISO-10303-21;
HEADER;
FILE_DESCRIPTION(('FreeCAD Model'),'2;1');
FILE_NAME('Open CASCADE Shape Model','2026-10-09T04:29:52',('Author'),(
    ''),'Open CASCADE STEP processor 7.8','FreeCAD','Unknown');
FILE_SCHEMA(('AUTOMOTIVE_DESIGN { 1 0 10303 214 1 1 1 1 }'));
ENDSEC;
DATA;
#1 = APPLICATION_PROTOCOL_DEFINITION('international standard',
  'automotive_design',2000,#2);
#2 = APPLICATION_CONTEXT(
  'core data for automotive mechanical design processes');
#3 = SHAPE_DEFINITION_REPRESENTATION(#4,#10);
#4 = PRODUCT_DEFINITION_SHAPE('','',#5);
#5 = PRODUCT_DEFINITION('design','',#6,#9);
#6 = PRODUCT_DEFINITION_FORMATION('','',#7);
#7 = PRODUCT('AERIS10_head_pedestal','AERIS10_head_pedestal','',(#8));
#8 = PRODUCT_CONTEXT('',#2,'mechanical');
#9 = PRODUCT_DEFINITION_CONTEXT('part definition',#2,'design');
#10 = SHAPE_REPRESENTATION('',(#11,#15,#19,#23,#27,#31,#35,#39,#43,#47,
    #51,#55,#59,#63,#67,#71,#75,#79,#83,#87,#91,#95,#99,#103,#107,#111,
    #115,#119,#123,#127,#131,#135,#139,#143,#147,#151,#155,#159,#163,
    #167,#171,#175,#179,#183,#187,#191,#195),#199);
#11 = AXIS2_PLACEMENT_3D('',#12,#13,#14);
#12 = CARTESIAN_POINT('',(0.,0.,0.));
#13 = DIRECTION('',(0.,0.,1.));
#14 = DIRECTION('',(1.,0.,-0.));
#15 = AXIS2_PLACEMENT_3D('',#16,#17,#18);
#16 = CARTESIAN_POINT('',(0.,0.,0.));
#17 = DIRECTION('',(0.,0.,1.));
#18 = DIRECTION('',(1.,0.,0.));
#19 = AXIS2_PLACEMENT_3D('',#20,#21,#22);
#20 = CARTESIAN_POINT('',(0.,0.,0.));
#21 = DIRECTION('',(0.,0.,1.));
#22 = DIRECTION('',(1.,0.,0.));
#23 = AXIS2_PLACEMENT_3D('',#24,#25,#26);
#24 = CARTESIAN_POINT('',(0.,0.,0.));
#25 = DIRECTION('',(0.,0.,1.));
#26 = DIRECTION('',(1.,0.,0.));
#27 = AXIS2_PLACEMENT_3D('',#28,#29,#30);
#28 = CARTESIAN_POINT('',(0.,0.,0.));
#29 = DIRECTION('',(0.,0.,1.));
#30 = DIRECTION('',(1.,0.,0.));
#31 = AXIS2_PLACEMENT_3D('',#32,#33,#34);
#32 = CARTESIAN_POINT('',(0.,0.,0.));
#33 = DIRECTION('',(0.,0.,1.));
#34 = DIRECTION('',(1.,0.,0.));
#35 = AXIS2_PLACEMENT_3D('',#36,#37,#38);
#36 = CARTESIAN_POINT('',(0.,0.,0.));
#37 = DIRECTION('',(0.,0.,1.));
#38 = DIRECTION('',(1.,0.,0.));
#39 = AXIS2_PLACEMENT_3D('',#40,#41,#42);
#40 = CARTESIAN_POINT('',(0.,0.,0.));
#41 = DIRECTION('',(0.,0.,1.));
#42 = DIRECTION('',(1.,0.,0.));
#43 = AXIS2_PLACEMENT_3D('',#44,#45,#46);
#44 = CARTESIAN_POINT('',(0.,0.,0.));
#45 = DIRECTION('',(0.,0.,1.));
#46 = DIRECTION('',(1.,0.,0.));
#47 = AXIS2_PLACEMENT_3D('',#48,#49,#50);
#48 = CARTESIAN_POINT('',(0.,0.,0.));
#49 = DIRECTION('',(0.,0.,1.));
#50 = DIRECTION('',(1.,0.,0.));
#51 = AXIS2_PLACEMENT_3D('',#52,#53,#54);
#52 = CARTESIAN_POINT('',(0.,0.,0.));
#53 = DIRECTION('',(0.,0.,1.));
#54 = DIRECTION('',(1.,0.,0.));
#55 = AXIS2_PLACEMENT_3D('',#56,#57,#58);
#56 = CARTESIAN_POINT('',(0.,0.,0.));
#57 = DIRECTION('',(0.,0.,1.));
#58 = DIRECTION('',(1.,0.,0.));
#59 = AXIS2_PLACEMENT_3D('',#60,#61,#62);
#60 = CARTESIAN_POINT('',(0.,0.,0.));
#61 = DIRECTION('',(0.,0.,1.));
#62 = DIRECTION('',(1.,0.,0.));
#63 = AXIS2_PLACEMENT_3D('',#64,#65,#66);
#64 = CARTESIAN_POINT('',(0.,0.,0.));
#65 = DIRECTION('',(0.,0.,1.));
#66 = DIRECTION('',(1.,0.,0.));
#67 = AXIS2_PLACEMENT_3D('',#68,#69,#70);
#68 = CARTESIAN_POINT('',(0.,0.,0.));
#69 = DIRECTION('',(0.,0.,1.));
#70 = DIRECTION('',(1.,0.,0.));
#71 = AXIS2_PLACEMENT_3D('',#72,#73,#74);
#72 = CARTESIAN_POINT('',(0.,0.,0.));
#73 = DIRECTION('',(0.,0.,1.));
#74 = DIRECTION('',(1.,0.,0.));
#75 = AXIS2_PLACEMENT_3D('',#76,#77,#78);
#76 = CARTESIAN_POINT('',(0.,0.,0.));
#77 = DIRECTION('',(0.,0.,1.));
#78 = DIRECTION('',(1.,0.,0.));
#79 = AXIS2_PLACEMENT_3D('',#80,#81,#82);
#80 = CARTESIAN_POINT('',(0.,0.,0.));
#81 = DIRECTION('',(0.,0.,1.));
#82 = DIRECTION('',(1.,0.,0.));
#83 = AXIS2_PLACEMENT_3D('',#84,#85,#86);
#84 = CARTESIAN_POINT('',(0.,0.,0.));
#85 = DIRECTION('',(0.,0.,1.));
#86 = DIRECTION('',(1.,0.,0.));
#87 = AXIS2_PLACEMENT_3D('',#88,#89,#90);
#88 = CARTESIAN_POINT('',(0.,0.,0.));
#89 = DIRECTION('',(0.,0.,1.));
#90 = DIRECTION('',(1.,0.,0.));
#91 = AXIS2_PLACEMENT_3D('',#92,#93,#94);
#92 = CARTESIAN_POINT('',(0.,0.,0.));
#93 = DIRECTION('',(0.,0.,1.));
#94 = DIRECTION('',(1.,0.,0.));
#95 = AXIS2_PLACEMENT_3D('',#96,#97,#98);
#96 = CARTESIAN_POINT('',(0.,0.,0.));
#97 = DIRECTION('',(0.,0.,1.));
#98 = DIRECTION('',(1.,0.,0.));
#99 = AXIS2_PLACEMENT_3D('',#100,#101,#102);
#100 = CARTESIAN_POINT('',(0.,0.,0.));
#101 = DIRECTION('',(0.,0.,1.));
#102 = DIRECTION('',(1.,0.,0.));
#103 = AXIS2_PLACEMENT_3D('',#104,#105,#106);
#104 = CARTESIAN_POINT('',(0.,0.,0.));
#105 = DIRECTION('',(0.,0.,1.));
#106 = DIRECTION('',(1.,0.,0.));
#107 = AXIS2_PLACEMENT_3D('',#108,#109,#110);
#108 = CARTESIAN_POINT('',(0.,0.,0.));
#109 = DIRECTION('',(0.,0.,1.));
#110 = DIRECTION('',(1.,0.,0.));
#111 = AXIS2_PLACEMENT_3D('',#112,#113,#114);
#112 = CARTESIAN_POINT('',(0.,0.,0.));
#113 = DIRECTION('',(0.,0.,1.));
#114 = DIRECTION('',(1.,0.,0.));
#115 = AXIS2_PLACEMENT_3D('',#116,#117,#118);
#116 = CARTESIAN_POINT('',(0.,0.,0.));
#117 = DIRECTION('',(0.,0.,1.));
#118 = DIRECTION('',(1.,0.,0.));
#119 = AXIS2_PLACEMENT_3D('',#120,#121,#122);
#120 = CARTESIAN_POINT('',(0.,0.,0.));
#121 = DIRECTION('',(0.,0.,1.));
#122 = DIRECTION('',(1.,0.,0.));
#123 = AXIS2_PLACEMENT_3D('',#124,#125,#126);
#124 = CARTESIAN_POINT('',(0.,0.,0.));
#125 = DIRECTION('',(0.,0.,1.));
#126 = DIRECTION('',(1.,0.,0.));
#127 = AXIS2_PLACEMENT_3D('',#128,#129,#130);
#128 = CARTESIAN_POINT('',(0.,0.,0.));
#129 = DIRECTION('',(0.,0.,1.));
#130 = DIRECTION('',(1.,0.,0.));
#131 = AXIS2_PLACEMENT_3D('',#132,#133,#134);
#132 = CARTESIAN_POINT('',(0.,0.,0.));
#133 = DIRECTION('',(0.,0.,1.));
#134 = DIRECTION('',(1.,0.,0.));
#135 = AXIS2_PLACEMENT_3D('',#136,#137,#138);
#136 = CARTESIAN_POINT('',(0.,0.,0.));
#137 = DIRECTION('',(0.,0.,1.));
#138 = DIRECTION('',(1.,0.,0.));
#139 = AXIS2_PLACEMENT_3D('',#140,#141,#142);
#140 = CARTESIAN_POINT('',(0.,0.,0.));
#141 = DIRECTION('',(0.,0.,1.));
#142 = DIRECTION('',(1.,0.,0.));
#143 = AXIS2_PLACEMENT_3D('',#144,#145,#146);
#144 = CARTESIAN_POINT('',(0.,0.,0.));
#145 = DIRECTION('',(0.,0.,1.));
#146 = DIRECTION('',(1.,0.,0.));
#147 = AXIS2_PLACEMENT_3D('',#148,#149,#150);
#148 = CARTESIAN_POINT('',(0.,0.,0.));
#149 = DIRECTION('',(0.,0.,1.));
#150 = DIRECTION('',(1.,0.,0.));
#151 = AXIS2_PLACEMENT_3D('',#152,#153,#154);
#152 = CARTESIAN_POINT('',(0.,0.,0.));
#153 = DIRECTION('',(0.,0.,1.));
#154 = DIRECTION('',(1.,0.,0.));
#155 = AXIS2_PLACEMENT_3D('',#156,#157,#158);
#156 = CARTESIAN_POINT('',(0.,0.,0.));
#157 = DIRECTION('',(0.,0.,1.));
#158 = DIRECTION('',(1.,0.,0.));
#159 = AXIS2_PLACEMENT_3D('',#160,#161,#162);
#160 = CARTESIAN_POINT('',(0.,0.,0.));
#161 = DIRECTION('',(0.,0.,1.));
#162 = DIRECTION('',(1.,0.,0.));
#163 = AXIS2_PLACEMENT_3D('',#164,#165,#166);
#164 = CARTESIAN_POINT('',(0.,0.,0.));
#165 = DIRECTION('',(0.,0.,1.));
#166 = DIRECTION('',(1.,0.,0.));
#167 = AXIS2_PLACEMENT_3D('',#168,#169,#170);
#168 = CARTESIAN_POINT('',(0.,0.,0.));
#169 = DIRECTION('',(0.,0.,1.));
#170 = DIRECTION('',(1.,0.,0.));
#171 = AXIS2_PLACEMENT_3D('',#172,#173,#174);
#172 = CARTESIAN_POINT('',(0.,0.,0.));
#173 = DIRECTION('',(0.,0.,1.));
#174 = DIRECTION('',(1.,0.,0.));
#175 = AXIS2_PLACEMENT_3D('',#176,#177,#178);
#176 = CARTESIAN_POINT('',(0.,0.,0.));
#177 = DIRECTION('',(0.,0.,1.));
#178 = DIRECTION('',(1.,0.,0.));
#179 = AXIS2_PLACEMENT_3D('',#180,#181,#182);
#180 = CARTESIAN_POINT('',(0.,0.,0.));
#181 = DIRECTION('',(0.,0.,1.));
#182 = DIRECTION('',(1.,0.,0.));
#183 = AXIS2_PLACEMENT_3D('',#184,#185,#186);
#184 = CARTESIAN_POINT('',(0.,0.,0.));
#185 = DIRECTION('',(0.,0.,1.));
#186 = DIRECTION('',(1.,0.,0.));
#187 = AXIS2_PLACEMENT_3D('',#188,#189,#190);
#188 = CARTESIAN_POINT('',(0.,0.,0.));
#189 = DIRECTION('',(0.,0.,1.));
#190 = DIRECTION('',(1.,0.,0.));
#191 = AXIS2_PLACEMENT_3D('',#192,#193,#194);
#192 = CARTESIAN_POINT('',(0.,0.,0.));
#193 = DIRECTION('',(0.,0.,1.));
#194 = DIRECTION('',(1.,0.,0.));
#195 = AXIS2_PLACEMENT_3D('',#196,#197,#198);
#196 = CARTESIAN_POINT('',(0.,0.,0.));
#197 = DIRECTION('',(0.,0.,1.));
#198 = DIRECTION('',(1.,0.,0.));
#199 = ( GEOMETRIC_REPRESENTATION_CONTEXT(3) 
GLOBAL_UNCERTAINTY_ASSIGNED_CONTEXT((#203)) GLOBAL_UNIT_ASSIGNED_CONTEXT
((#200,#201,#202)) REPRESENTATION_CONTEXT('Context #1',
  '3D Context with UNIT and UNCERTAINTY') );
#200 = ( LENGTH_UNIT() NAMED_UNIT(*) SI_UNIT(.MILLI.,.METRE.) );
#201 = ( NAMED_UNIT(*) PLANE_ANGLE_UNIT() SI_UNIT($,.RADIAN.) );
#202 = ( NAMED_UNIT(*) SI_UNIT($,.STERADIAN.) SOLID_ANGLE_UNIT() );
#203 = UNCERTAINTY_MEASURE_WITH_UNIT(LENGTH_MEASURE(1.E-07),#200,
  'distance_accuracy_value','confusion accuracy');
#204 = PRODUCT_RELATED_PRODUCT_CATEGORY('part',$,(#7));
#205 = SHAPE_DEFINITION_REPRESENTATION(#206,#212);
#206 = PRODUCT_DEFINITION_SHAPE('','',#207);
#207 = PRODUCT_DEFINITION('design','',#208,#211);
#208 = PRODUCT_DEFINITION_FORMATION('','',#209);
#209 = PRODUCT('Chassis (2.5 mm Al, folded)',
  'Chassis (2.5 mm Al, folded)','',(#210));
#210 = PRODUCT_CONTEXT('',#2,'mechanical');
#211 = PRODUCT_DEFINITION_CONTEXT('part definition',#2,'design');
#212 = ADVANCED_BREP_SHAPE_REPRESENTATION('',(#11,#213),#952);
#213 = MANIFOLD_SOLID_BREP('',#214);
#214 = CLOSED_SHELL('',(#215,#255,#320,#378,#402,#498,#510,#541,#565,
    #589,#606,#643,#667,#691,#708,#739,#763,#787,#804,#835,#859,#883,
    #900,#925));
#215 = ADVANCED_FACE('',(#216),#250,.F.);
#216 = FACE_BOUND('',#217,.F.);
#217 = EDGE_LOOP('',(#218,#228,#236,#244));
#218 = ORIENTED_EDGE('',*,*,#219,.F.);
#219 = EDGE_CURVE('',#220,#222,#224,.T.);
#220 = VERTEX_POINT('',#221);
#221 = CARTESIAN_POINT('',(-2.5,-2.5,-2.5));
#222 = VERTEX_POINT('',#223);
#223 = CARTESIAN_POINT('',(-2.5,-2.5,310.));
#224 = LINE('',#225,#226);
#225 = CARTESIAN_POINT('',(-2.5,-2.5,-2.5));
#226 = VECTOR('',#227,1.);
#227 = DIRECTION('',(0.,0.,1.));
#228 = ORIENTED_EDGE('',*,*,#229,.T.);
#229 = EDGE_CURVE('',#220,#230,#232,.T.);
#230 = VERTEX_POINT('',#231);
#231 = CARTESIAN_POINT('',(-2.5,130.1,-2.5));
#232 = LINE('',#233,#234);
#233 = CARTESIAN_POINT('',(-2.5,-2.5,-2.5));
#234 = VECTOR('',#235,1.);
#235 = DIRECTION('',(-0.,1.,0.));
#236 = ORIENTED_EDGE('',*,*,#237,.T.);
#237 = EDGE_CURVE('',#230,#238,#240,.T.);
#238 = VERTEX_POINT('',#239);
#239 = CARTESIAN_POINT('',(-2.5,130.1,310.));
#240 = LINE('',#241,#242);
#241 = CARTESIAN_POINT('',(-2.5,130.1,-2.5));
#242 = VECTOR('',#243,1.);
#243 = DIRECTION('',(0.,0.,1.));
#244 = ORIENTED_EDGE('',*,*,#245,.F.);
#245 = EDGE_CURVE('',#222,#238,#246,.T.);
#246 = LINE('',#247,#248);
#247 = CARTESIAN_POINT('',(-2.5,-2.5,310.));
#248 = VECTOR('',#249,1.);
#249 = DIRECTION('',(-0.,1.,0.));
#250 = PLANE('',#251);
#251 = AXIS2_PLACEMENT_3D('',#252,#253,#254);
#252 = CARTESIAN_POINT('',(-2.5,-2.5,-2.5));
#253 = DIRECTION('',(1.,0.,-0.));
#254 = DIRECTION('',(0.,0.,1.));
#255 = ADVANCED_FACE('',(#256,#281),#315,.F.);
#256 = FACE_BOUND('',#257,.F.);
#257 = EDGE_LOOP('',(#258,#266,#267,#275));
#258 = ORIENTED_EDGE('',*,*,#259,.F.);
#259 = EDGE_CURVE('',#220,#260,#262,.T.);
#260 = VERTEX_POINT('',#261);
#261 = CARTESIAN_POINT('',(312.5,-2.5,-2.5));
#262 = LINE('',#263,#264);
#263 = CARTESIAN_POINT('',(-2.5,-2.5,-2.5));
#264 = VECTOR('',#265,1.);
#265 = DIRECTION('',(1.,0.,-0.));
#266 = ORIENTED_EDGE('',*,*,#219,.T.);
#267 = ORIENTED_EDGE('',*,*,#268,.T.);
#268 = EDGE_CURVE('',#222,#269,#271,.T.);
#269 = VERTEX_POINT('',#270);
#270 = CARTESIAN_POINT('',(312.5,-2.5,310.));
#271 = LINE('',#272,#273);
#272 = CARTESIAN_POINT('',(-2.5,-2.5,310.));
#273 = VECTOR('',#274,1.);
#274 = DIRECTION('',(1.,0.,-0.));
#275 = ORIENTED_EDGE('',*,*,#276,.F.);
#276 = EDGE_CURVE('',#260,#269,#277,.T.);
#277 = LINE('',#278,#279);
#278 = CARTESIAN_POINT('',(312.5,-2.5,-2.5));
#279 = VECTOR('',#280,1.);
#280 = DIRECTION('',(0.,0.,1.));
#281 = FACE_BOUND('',#282,.F.);
#282 = EDGE_LOOP('',(#283,#293,#301,#309));
#283 = ORIENTED_EDGE('',*,*,#284,.F.);
#284 = EDGE_CURVE('',#285,#287,#289,.T.);
#285 = VERTEX_POINT('',#286);
#286 = CARTESIAN_POINT('',(67.5,-2.5,284.));
#287 = VERTEX_POINT('',#288);
#288 = CARTESIAN_POINT('',(242.5,-2.5,284.));
#289 = LINE('',#290,#291);
#290 = CARTESIAN_POINT('',(32.5,-2.5,284.));
#291 = VECTOR('',#292,1.);
#292 = DIRECTION('',(1.,0.,-0.));
#293 = ORIENTED_EDGE('',*,*,#294,.T.);
#294 = EDGE_CURVE('',#285,#295,#297,.T.);
#295 = VERTEX_POINT('',#296);
#296 = CARTESIAN_POINT('',(67.5,-2.5,26.));
#297 = LINE('',#298,#299);
#298 = CARTESIAN_POINT('',(67.5,-2.5,11.75));
#299 = VECTOR('',#300,1.);
#300 = DIRECTION('',(-0.,0.,-1.));
#301 = ORIENTED_EDGE('',*,*,#302,.T.);
#302 = EDGE_CURVE('',#295,#303,#305,.T.);
#303 = VERTEX_POINT('',#304);
#304 = CARTESIAN_POINT('',(242.5,-2.5,26.));
#305 = LINE('',#306,#307);
#306 = CARTESIAN_POINT('',(32.5,-2.5,26.));
#307 = VECTOR('',#308,1.);
#308 = DIRECTION('',(1.,0.,-0.));
#309 = ORIENTED_EDGE('',*,*,#310,.F.);
#310 = EDGE_CURVE('',#287,#303,#311,.T.);
#311 = LINE('',#312,#313);
#312 = CARTESIAN_POINT('',(242.5,-2.5,11.75));
#313 = VECTOR('',#314,1.);
#314 = DIRECTION('',(-0.,0.,-1.));
#315 = PLANE('',#316);
#316 = AXIS2_PLACEMENT_3D('',#317,#318,#319);
#317 = CARTESIAN_POINT('',(-2.5,-2.5,-2.5));
#318 = DIRECTION('',(-0.,1.,0.));
#319 = DIRECTION('',(0.,0.,1.));
#320 = ADVANCED_FACE('',(#321,#339),#373,.T.);
#321 = FACE_BOUND('',#322,.T.);
#322 = EDGE_LOOP('',(#323,#324,#325,#333));
#323 = ORIENTED_EDGE('',*,*,#245,.F.);
#324 = ORIENTED_EDGE('',*,*,#268,.T.);
#325 = ORIENTED_EDGE('',*,*,#326,.T.);
#326 = EDGE_CURVE('',#269,#327,#329,.T.);
#327 = VERTEX_POINT('',#328);
#328 = CARTESIAN_POINT('',(312.5,130.1,310.));
#329 = LINE('',#330,#331);
#330 = CARTESIAN_POINT('',(312.5,-2.5,310.));
#331 = VECTOR('',#332,1.);
#332 = DIRECTION('',(-0.,1.,0.));
#333 = ORIENTED_EDGE('',*,*,#334,.F.);
#334 = EDGE_CURVE('',#238,#327,#335,.T.);
#335 = LINE('',#336,#337);
#336 = CARTESIAN_POINT('',(-2.5,130.1,310.));
#337 = VECTOR('',#338,1.);
#338 = DIRECTION('',(1.,0.,-0.));
#339 = FACE_BOUND('',#340,.T.);
#340 = EDGE_LOOP('',(#341,#351,#359,#367));
#341 = ORIENTED_EDGE('',*,*,#342,.T.);
#342 = EDGE_CURVE('',#343,#345,#347,.T.);
#343 = VERTEX_POINT('',#344);
#344 = CARTESIAN_POINT('',(310.,0.,310.));
#345 = VERTEX_POINT('',#346);
#346 = CARTESIAN_POINT('',(0.,0.,310.));
#347 = LINE('',#348,#349);
#348 = CARTESIAN_POINT('',(-1.25,0.,310.));
#349 = VECTOR('',#350,1.);
#350 = DIRECTION('',(-1.,-0.,0.));
#351 = ORIENTED_EDGE('',*,*,#352,.T.);
#352 = EDGE_CURVE('',#345,#353,#355,.T.);
#353 = VERTEX_POINT('',#354);
#354 = CARTESIAN_POINT('',(0.,127.6,310.));
#355 = LINE('',#356,#357);
#356 = CARTESIAN_POINT('',(0.,-1.25,310.));
#357 = VECTOR('',#358,1.);
#358 = DIRECTION('',(-0.,1.,0.));
#359 = ORIENTED_EDGE('',*,*,#360,.F.);
#360 = EDGE_CURVE('',#361,#353,#363,.T.);
#361 = VERTEX_POINT('',#362);
#362 = CARTESIAN_POINT('',(310.,127.6,310.));
#363 = LINE('',#364,#365);
#364 = CARTESIAN_POINT('',(-1.25,127.6,310.));
#365 = VECTOR('',#366,1.);
#366 = DIRECTION('',(-1.,-0.,0.));
#367 = ORIENTED_EDGE('',*,*,#368,.F.);
#368 = EDGE_CURVE('',#343,#361,#369,.T.);
#369 = LINE('',#370,#371);
#370 = CARTESIAN_POINT('',(310.,-1.25,310.));
#371 = VECTOR('',#372,1.);
#372 = DIRECTION('',(-0.,1.,0.));
#373 = PLANE('',#374);
#374 = AXIS2_PLACEMENT_3D('',#375,#376,#377);
#375 = CARTESIAN_POINT('',(-2.5,-2.5,310.));
#376 = DIRECTION('',(0.,0.,1.));
#377 = DIRECTION('',(1.,0.,-0.));
#378 = ADVANCED_FACE('',(#379),#397,.T.);
#379 = FACE_BOUND('',#380,.T.);
#380 = EDGE_LOOP('',(#381,#389,#390,#391));
#381 = ORIENTED_EDGE('',*,*,#382,.F.);
#382 = EDGE_CURVE('',#230,#383,#385,.T.);
#383 = VERTEX_POINT('',#384);
#384 = CARTESIAN_POINT('',(312.5,130.1,-2.5));
#385 = LINE('',#386,#387);
#386 = CARTESIAN_POINT('',(-2.5,130.1,-2.5));
#387 = VECTOR('',#388,1.);
#388 = DIRECTION('',(1.,0.,-0.));
#389 = ORIENTED_EDGE('',*,*,#237,.T.);
#390 = ORIENTED_EDGE('',*,*,#334,.T.);
#391 = ORIENTED_EDGE('',*,*,#392,.F.);
#392 = EDGE_CURVE('',#383,#327,#393,.T.);
#393 = LINE('',#394,#395);
#394 = CARTESIAN_POINT('',(312.5,130.1,-2.5));
#395 = VECTOR('',#396,1.);
#396 = DIRECTION('',(0.,0.,1.));
#397 = PLANE('',#398);
#398 = AXIS2_PLACEMENT_3D('',#399,#400,#401);
#399 = CARTESIAN_POINT('',(-2.5,130.1,-2.5));
#400 = DIRECTION('',(-0.,1.,0.));
#401 = DIRECTION('',(0.,0.,1.));
#402 = ADVANCED_FACE('',(#403,#414,#448,#482),#493,.F.);
#403 = FACE_BOUND('',#404,.F.);
#404 = EDGE_LOOP('',(#405,#406,#407,#413));
#405 = ORIENTED_EDGE('',*,*,#229,.F.);
#406 = ORIENTED_EDGE('',*,*,#259,.T.);
#407 = ORIENTED_EDGE('',*,*,#408,.T.);
#408 = EDGE_CURVE('',#260,#383,#409,.T.);
#409 = LINE('',#410,#411);
#410 = CARTESIAN_POINT('',(312.5,-2.5,-2.5));
#411 = VECTOR('',#412,1.);
#412 = DIRECTION('',(-0.,1.,0.));
#413 = ORIENTED_EDGE('',*,*,#382,.F.);
#414 = FACE_BOUND('',#415,.F.);
#415 = EDGE_LOOP('',(#416,#426,#434,#442));
#416 = ORIENTED_EDGE('',*,*,#417,.T.);
#417 = EDGE_CURVE('',#418,#420,#422,.T.);
#418 = VERTEX_POINT('',#419);
#419 = CARTESIAN_POINT('',(55.,21.,-2.5));
#420 = VERTEX_POINT('',#421);
#421 = CARTESIAN_POINT('',(10.,21.,-2.5));
#422 = LINE('',#423,#424);
#423 = CARTESIAN_POINT('',(3.75,21.,-2.5));
#424 = VECTOR('',#425,1.);
#425 = DIRECTION('',(-1.,-0.,0.));
#426 = ORIENTED_EDGE('',*,*,#427,.T.);
#427 = EDGE_CURVE('',#420,#428,#430,.T.);
#428 = VERTEX_POINT('',#429);
#429 = CARTESIAN_POINT('',(10.,48.,-2.5));
#430 = LINE('',#431,#432);
#431 = CARTESIAN_POINT('',(10.,9.25,-2.5));
#432 = VECTOR('',#433,1.);
#433 = DIRECTION('',(-0.,1.,0.));
#434 = ORIENTED_EDGE('',*,*,#435,.F.);
#435 = EDGE_CURVE('',#436,#428,#438,.T.);
#436 = VERTEX_POINT('',#437);
#437 = CARTESIAN_POINT('',(55.,48.,-2.5));
#438 = LINE('',#439,#440);
#439 = CARTESIAN_POINT('',(3.75,48.,-2.5));
#440 = VECTOR('',#441,1.);
#441 = DIRECTION('',(-1.,-0.,0.));
#442 = ORIENTED_EDGE('',*,*,#443,.F.);
#443 = EDGE_CURVE('',#418,#436,#444,.T.);
#444 = LINE('',#445,#446);
#445 = CARTESIAN_POINT('',(55.,9.25,-2.5));
#446 = VECTOR('',#447,1.);
#447 = DIRECTION('',(-0.,1.,0.));
#448 = FACE_BOUND('',#449,.F.);
#449 = EDGE_LOOP('',(#450,#460,#468,#476));
#450 = ORIENTED_EDGE('',*,*,#451,.T.);
#451 = EDGE_CURVE('',#452,#454,#456,.T.);
#452 = VERTEX_POINT('',#453);
#453 = CARTESIAN_POINT('',(300.,21.,-2.5));
#454 = VERTEX_POINT('',#455);
#455 = CARTESIAN_POINT('',(255.,21.,-2.5));
#456 = LINE('',#457,#458);
#457 = CARTESIAN_POINT('',(126.25,21.,-2.5));
#458 = VECTOR('',#459,1.);
#459 = DIRECTION('',(-1.,-0.,0.));
#460 = ORIENTED_EDGE('',*,*,#461,.T.);
#461 = EDGE_CURVE('',#454,#462,#464,.T.);
#462 = VERTEX_POINT('',#463);
#463 = CARTESIAN_POINT('',(255.,48.,-2.5));
#464 = LINE('',#465,#466);
#465 = CARTESIAN_POINT('',(255.,9.25,-2.5));
#466 = VECTOR('',#467,1.);
#467 = DIRECTION('',(-0.,1.,0.));
#468 = ORIENTED_EDGE('',*,*,#469,.F.);
#469 = EDGE_CURVE('',#470,#462,#472,.T.);
#470 = VERTEX_POINT('',#471);
#471 = CARTESIAN_POINT('',(300.,48.,-2.5));
#472 = LINE('',#473,#474);
#473 = CARTESIAN_POINT('',(126.25,48.,-2.5));
#474 = VECTOR('',#475,1.);
#475 = DIRECTION('',(-1.,-0.,0.));
#476 = ORIENTED_EDGE('',*,*,#477,.F.);
#477 = EDGE_CURVE('',#452,#470,#478,.T.);
#478 = LINE('',#479,#480);
#479 = CARTESIAN_POINT('',(300.,9.25,-2.5));
#480 = VECTOR('',#481,1.);
#481 = DIRECTION('',(-0.,1.,0.));
#482 = FACE_BOUND('',#483,.F.);
#483 = EDGE_LOOP('',(#484));
#484 = ORIENTED_EDGE('',*,*,#485,.F.);
#485 = EDGE_CURVE('',#486,#486,#488,.T.);
#486 = VERTEX_POINT('',#487);
#487 = CARTESIAN_POINT('',(190.,86.,-2.5));
#488 = CIRCLE('',#489,35.);
#489 = AXIS2_PLACEMENT_3D('',#490,#491,#492);
#490 = CARTESIAN_POINT('',(155.,86.,-2.5));
#491 = DIRECTION('',(0.,0.,1.));
#492 = DIRECTION('',(1.,0.,-0.));
#493 = PLANE('',#494);
#494 = AXIS2_PLACEMENT_3D('',#495,#496,#497);
#495 = CARTESIAN_POINT('',(-2.5,-2.5,-2.5));
#496 = DIRECTION('',(0.,0.,1.));
#497 = DIRECTION('',(1.,0.,-0.));
#498 = ADVANCED_FACE('',(#499),#505,.T.);
#499 = FACE_BOUND('',#500,.T.);
#500 = EDGE_LOOP('',(#501,#502,#503,#504));
#501 = ORIENTED_EDGE('',*,*,#276,.F.);
#502 = ORIENTED_EDGE('',*,*,#408,.T.);
#503 = ORIENTED_EDGE('',*,*,#392,.T.);
#504 = ORIENTED_EDGE('',*,*,#326,.F.);
#505 = PLANE('',#506);
#506 = AXIS2_PLACEMENT_3D('',#507,#508,#509);
#507 = CARTESIAN_POINT('',(312.5,-2.5,-2.5));
#508 = DIRECTION('',(1.,0.,-0.));
#509 = DIRECTION('',(0.,0.,1.));
#510 = ADVANCED_FACE('',(#511),#536,.F.);
#511 = FACE_BOUND('',#512,.F.);
#512 = EDGE_LOOP('',(#513,#521,#522,#530));
#513 = ORIENTED_EDGE('',*,*,#514,.F.);
#514 = EDGE_CURVE('',#285,#515,#517,.T.);
#515 = VERTEX_POINT('',#516);
#516 = CARTESIAN_POINT('',(67.5,0.,284.));
#517 = LINE('',#518,#519);
#518 = CARTESIAN_POINT('',(67.5,-3.5,284.));
#519 = VECTOR('',#520,1.);
#520 = DIRECTION('',(-0.,1.,0.));
#521 = ORIENTED_EDGE('',*,*,#284,.T.);
#522 = ORIENTED_EDGE('',*,*,#523,.T.);
#523 = EDGE_CURVE('',#287,#524,#526,.T.);
#524 = VERTEX_POINT('',#525);
#525 = CARTESIAN_POINT('',(242.5,0.,284.));
#526 = LINE('',#527,#528);
#527 = CARTESIAN_POINT('',(242.5,-3.5,284.));
#528 = VECTOR('',#529,1.);
#529 = DIRECTION('',(-0.,1.,0.));
#530 = ORIENTED_EDGE('',*,*,#531,.F.);
#531 = EDGE_CURVE('',#515,#524,#532,.T.);
#532 = LINE('',#533,#534);
#533 = CARTESIAN_POINT('',(33.75,0.,284.));
#534 = VECTOR('',#535,1.);
#535 = DIRECTION('',(1.,0.,-0.));
#536 = PLANE('',#537);
#537 = AXIS2_PLACEMENT_3D('',#538,#539,#540);
#538 = CARTESIAN_POINT('',(67.5,-3.5,284.));
#539 = DIRECTION('',(0.,0.,1.));
#540 = DIRECTION('',(1.,0.,-0.));
#541 = ADVANCED_FACE('',(#542),#560,.F.);
#542 = FACE_BOUND('',#543,.F.);
#543 = EDGE_LOOP('',(#544,#545,#546,#554));
#544 = ORIENTED_EDGE('',*,*,#523,.F.);
#545 = ORIENTED_EDGE('',*,*,#310,.T.);
#546 = ORIENTED_EDGE('',*,*,#547,.T.);
#547 = EDGE_CURVE('',#303,#548,#550,.T.);
#548 = VERTEX_POINT('',#549);
#549 = CARTESIAN_POINT('',(242.5,0.,26.));
#550 = LINE('',#551,#552);
#551 = CARTESIAN_POINT('',(242.5,-3.5,26.));
#552 = VECTOR('',#553,1.);
#553 = DIRECTION('',(-0.,1.,0.));
#554 = ORIENTED_EDGE('',*,*,#555,.F.);
#555 = EDGE_CURVE('',#524,#548,#556,.T.);
#556 = LINE('',#557,#558);
#557 = CARTESIAN_POINT('',(242.5,0.,13.));
#558 = VECTOR('',#559,1.);
#559 = DIRECTION('',(-0.,0.,-1.));
#560 = PLANE('',#561);
#561 = AXIS2_PLACEMENT_3D('',#562,#563,#564);
#562 = CARTESIAN_POINT('',(242.5,-3.5,26.));
#563 = DIRECTION('',(1.,0.,-0.));
#564 = DIRECTION('',(0.,0.,1.));
#565 = ADVANCED_FACE('',(#566),#584,.T.);
#566 = FACE_BOUND('',#567,.T.);
#567 = EDGE_LOOP('',(#568,#576,#577,#578));
#568 = ORIENTED_EDGE('',*,*,#569,.F.);
#569 = EDGE_CURVE('',#295,#570,#572,.T.);
#570 = VERTEX_POINT('',#571);
#571 = CARTESIAN_POINT('',(67.5,0.,26.));
#572 = LINE('',#573,#574);
#573 = CARTESIAN_POINT('',(67.5,-3.5,26.));
#574 = VECTOR('',#575,1.);
#575 = DIRECTION('',(-0.,1.,0.));
#576 = ORIENTED_EDGE('',*,*,#302,.T.);
#577 = ORIENTED_EDGE('',*,*,#547,.T.);
#578 = ORIENTED_EDGE('',*,*,#579,.F.);
#579 = EDGE_CURVE('',#570,#548,#580,.T.);
#580 = LINE('',#581,#582);
#581 = CARTESIAN_POINT('',(33.75,0.,26.));
#582 = VECTOR('',#583,1.);
#583 = DIRECTION('',(1.,0.,-0.));
#584 = PLANE('',#585);
#585 = AXIS2_PLACEMENT_3D('',#586,#587,#588);
#586 = CARTESIAN_POINT('',(67.5,-3.5,26.));
#587 = DIRECTION('',(0.,0.,1.));
#588 = DIRECTION('',(1.,0.,-0.));
#589 = ADVANCED_FACE('',(#590),#601,.T.);
#590 = FACE_BOUND('',#591,.T.);
#591 = EDGE_LOOP('',(#592,#593,#594,#595));
#592 = ORIENTED_EDGE('',*,*,#514,.F.);
#593 = ORIENTED_EDGE('',*,*,#294,.T.);
#594 = ORIENTED_EDGE('',*,*,#569,.T.);
#595 = ORIENTED_EDGE('',*,*,#596,.F.);
#596 = EDGE_CURVE('',#515,#570,#597,.T.);
#597 = LINE('',#598,#599);
#598 = CARTESIAN_POINT('',(67.5,0.,13.));
#599 = VECTOR('',#600,1.);
#600 = DIRECTION('',(-0.,0.,-1.));
#601 = PLANE('',#602);
#602 = AXIS2_PLACEMENT_3D('',#603,#604,#605);
#603 = CARTESIAN_POINT('',(67.5,-3.5,26.));
#604 = DIRECTION('',(1.,0.,-0.));
#605 = DIRECTION('',(0.,0.,1.));
#606 = ADVANCED_FACE('',(#607,#632),#638,.T.);
#607 = FACE_BOUND('',#608,.T.);
#608 = EDGE_LOOP('',(#609,#617,#625,#631));
#609 = ORIENTED_EDGE('',*,*,#610,.F.);
#610 = EDGE_CURVE('',#611,#343,#613,.T.);
#611 = VERTEX_POINT('',#612);
#612 = CARTESIAN_POINT('',(310.,0.,0.));
#613 = LINE('',#614,#615);
#614 = CARTESIAN_POINT('',(310.,0.,0.));
#615 = VECTOR('',#616,1.);
#616 = DIRECTION('',(0.,0.,1.));
#617 = ORIENTED_EDGE('',*,*,#618,.F.);
#618 = EDGE_CURVE('',#619,#611,#621,.T.);
#619 = VERTEX_POINT('',#620);
#620 = CARTESIAN_POINT('',(0.,0.,0.));
#621 = LINE('',#622,#623);
#622 = CARTESIAN_POINT('',(0.,0.,0.));
#623 = VECTOR('',#624,1.);
#624 = DIRECTION('',(1.,0.,-0.));
#625 = ORIENTED_EDGE('',*,*,#626,.T.);
#626 = EDGE_CURVE('',#619,#345,#627,.T.);
#627 = LINE('',#628,#629);
#628 = CARTESIAN_POINT('',(0.,0.,0.));
#629 = VECTOR('',#630,1.);
#630 = DIRECTION('',(0.,0.,1.));
#631 = ORIENTED_EDGE('',*,*,#342,.F.);
#632 = FACE_BOUND('',#633,.T.);
#633 = EDGE_LOOP('',(#634,#635,#636,#637));
#634 = ORIENTED_EDGE('',*,*,#531,.F.);
#635 = ORIENTED_EDGE('',*,*,#596,.T.);
#636 = ORIENTED_EDGE('',*,*,#579,.T.);
#637 = ORIENTED_EDGE('',*,*,#555,.F.);
#638 = PLANE('',#639);
#639 = AXIS2_PLACEMENT_3D('',#640,#641,#642);
#640 = CARTESIAN_POINT('',(0.,0.,0.));
#641 = DIRECTION('',(-0.,1.,0.));
#642 = DIRECTION('',(0.,0.,1.));
#643 = ADVANCED_FACE('',(#644),#662,.F.);
#644 = FACE_BOUND('',#645,.F.);
#645 = EDGE_LOOP('',(#646,#647,#655,#661));
#646 = ORIENTED_EDGE('',*,*,#610,.F.);
#647 = ORIENTED_EDGE('',*,*,#648,.T.);
#648 = EDGE_CURVE('',#611,#649,#651,.T.);
#649 = VERTEX_POINT('',#650);
#650 = CARTESIAN_POINT('',(310.,127.6,0.));
#651 = LINE('',#652,#653);
#652 = CARTESIAN_POINT('',(310.,0.,0.));
#653 = VECTOR('',#654,1.);
#654 = DIRECTION('',(-0.,1.,0.));
#655 = ORIENTED_EDGE('',*,*,#656,.T.);
#656 = EDGE_CURVE('',#649,#361,#657,.T.);
#657 = LINE('',#658,#659);
#658 = CARTESIAN_POINT('',(310.,127.6,0.));
#659 = VECTOR('',#660,1.);
#660 = DIRECTION('',(0.,0.,1.));
#661 = ORIENTED_EDGE('',*,*,#368,.F.);
#662 = PLANE('',#663);
#663 = AXIS2_PLACEMENT_3D('',#664,#665,#666);
#664 = CARTESIAN_POINT('',(310.,0.,0.));
#665 = DIRECTION('',(1.,0.,-0.));
#666 = DIRECTION('',(0.,0.,1.));
#667 = ADVANCED_FACE('',(#668),#686,.F.);
#668 = FACE_BOUND('',#669,.F.);
#669 = EDGE_LOOP('',(#670,#671,#679,#685));
#670 = ORIENTED_EDGE('',*,*,#656,.F.);
#671 = ORIENTED_EDGE('',*,*,#672,.F.);
#672 = EDGE_CURVE('',#673,#649,#675,.T.);
#673 = VERTEX_POINT('',#674);
#674 = CARTESIAN_POINT('',(0.,127.6,0.));
#675 = LINE('',#676,#677);
#676 = CARTESIAN_POINT('',(0.,127.6,0.));
#677 = VECTOR('',#678,1.);
#678 = DIRECTION('',(1.,0.,-0.));
#679 = ORIENTED_EDGE('',*,*,#680,.T.);
#680 = EDGE_CURVE('',#673,#353,#681,.T.);
#681 = LINE('',#682,#683);
#682 = CARTESIAN_POINT('',(0.,127.6,0.));
#683 = VECTOR('',#684,1.);
#684 = DIRECTION('',(0.,0.,1.));
#685 = ORIENTED_EDGE('',*,*,#360,.F.);
#686 = PLANE('',#687);
#687 = AXIS2_PLACEMENT_3D('',#688,#689,#690);
#688 = CARTESIAN_POINT('',(0.,127.6,0.));
#689 = DIRECTION('',(-0.,1.,0.));
#690 = DIRECTION('',(0.,0.,1.));
#691 = ADVANCED_FACE('',(#692),#703,.T.);
#692 = FACE_BOUND('',#693,.T.);
#693 = EDGE_LOOP('',(#694,#695,#701,#702));
#694 = ORIENTED_EDGE('',*,*,#626,.F.);
#695 = ORIENTED_EDGE('',*,*,#696,.T.);
#696 = EDGE_CURVE('',#619,#673,#697,.T.);
#697 = LINE('',#698,#699);
#698 = CARTESIAN_POINT('',(0.,0.,0.));
#699 = VECTOR('',#700,1.);
#700 = DIRECTION('',(-0.,1.,0.));
#701 = ORIENTED_EDGE('',*,*,#680,.T.);
#702 = ORIENTED_EDGE('',*,*,#352,.F.);
#703 = PLANE('',#704);
#704 = AXIS2_PLACEMENT_3D('',#705,#706,#707);
#705 = CARTESIAN_POINT('',(0.,0.,0.));
#706 = DIRECTION('',(1.,0.,-0.));
#707 = DIRECTION('',(0.,0.,1.));
#708 = ADVANCED_FACE('',(#709),#734,.T.);
#709 = FACE_BOUND('',#710,.T.);
#710 = EDGE_LOOP('',(#711,#719,#720,#728));
#711 = ORIENTED_EDGE('',*,*,#712,.F.);
#712 = EDGE_CURVE('',#418,#713,#715,.T.);
#713 = VERTEX_POINT('',#714);
#714 = CARTESIAN_POINT('',(55.,21.,0.));
#715 = LINE('',#716,#717);
#716 = CARTESIAN_POINT('',(55.,21.,-3.5));
#717 = VECTOR('',#718,1.);
#718 = DIRECTION('',(0.,0.,1.));
#719 = ORIENTED_EDGE('',*,*,#417,.T.);
#720 = ORIENTED_EDGE('',*,*,#721,.T.);
#721 = EDGE_CURVE('',#420,#722,#724,.T.);
#722 = VERTEX_POINT('',#723);
#723 = CARTESIAN_POINT('',(10.,21.,0.));
#724 = LINE('',#725,#726);
#725 = CARTESIAN_POINT('',(10.,21.,-3.5));
#726 = VECTOR('',#727,1.);
#727 = DIRECTION('',(0.,0.,1.));
#728 = ORIENTED_EDGE('',*,*,#729,.F.);
#729 = EDGE_CURVE('',#713,#722,#730,.T.);
#730 = LINE('',#731,#732);
#731 = CARTESIAN_POINT('',(5.,21.,0.));
#732 = VECTOR('',#733,1.);
#733 = DIRECTION('',(-1.,-0.,0.));
#734 = PLANE('',#735);
#735 = AXIS2_PLACEMENT_3D('',#736,#737,#738);
#736 = CARTESIAN_POINT('',(10.,21.,-3.5));
#737 = DIRECTION('',(-0.,1.,0.));
#738 = DIRECTION('',(0.,0.,1.));
#739 = ADVANCED_FACE('',(#740),#758,.F.);
#740 = FACE_BOUND('',#741,.F.);
#741 = EDGE_LOOP('',(#742,#743,#744,#752));
#742 = ORIENTED_EDGE('',*,*,#712,.F.);
#743 = ORIENTED_EDGE('',*,*,#443,.T.);
#744 = ORIENTED_EDGE('',*,*,#745,.T.);
#745 = EDGE_CURVE('',#436,#746,#748,.T.);
#746 = VERTEX_POINT('',#747);
#747 = CARTESIAN_POINT('',(55.,48.,0.));
#748 = LINE('',#749,#750);
#749 = CARTESIAN_POINT('',(55.,48.,-3.5));
#750 = VECTOR('',#751,1.);
#751 = DIRECTION('',(0.,0.,1.));
#752 = ORIENTED_EDGE('',*,*,#753,.F.);
#753 = EDGE_CURVE('',#713,#746,#754,.T.);
#754 = LINE('',#755,#756);
#755 = CARTESIAN_POINT('',(55.,10.5,0.));
#756 = VECTOR('',#757,1.);
#757 = DIRECTION('',(-0.,1.,0.));
#758 = PLANE('',#759);
#759 = AXIS2_PLACEMENT_3D('',#760,#761,#762);
#760 = CARTESIAN_POINT('',(55.,21.,-3.5));
#761 = DIRECTION('',(1.,0.,-0.));
#762 = DIRECTION('',(0.,0.,1.));
#763 = ADVANCED_FACE('',(#764),#782,.T.);
#764 = FACE_BOUND('',#765,.T.);
#765 = EDGE_LOOP('',(#766,#767,#768,#776));
#766 = ORIENTED_EDGE('',*,*,#721,.F.);
#767 = ORIENTED_EDGE('',*,*,#427,.T.);
#768 = ORIENTED_EDGE('',*,*,#769,.T.);
#769 = EDGE_CURVE('',#428,#770,#772,.T.);
#770 = VERTEX_POINT('',#771);
#771 = CARTESIAN_POINT('',(10.,48.,0.));
#772 = LINE('',#773,#774);
#773 = CARTESIAN_POINT('',(10.,48.,-3.5));
#774 = VECTOR('',#775,1.);
#775 = DIRECTION('',(0.,0.,1.));
#776 = ORIENTED_EDGE('',*,*,#777,.F.);
#777 = EDGE_CURVE('',#722,#770,#778,.T.);
#778 = LINE('',#779,#780);
#779 = CARTESIAN_POINT('',(10.,10.5,0.));
#780 = VECTOR('',#781,1.);
#781 = DIRECTION('',(-0.,1.,0.));
#782 = PLANE('',#783);
#783 = AXIS2_PLACEMENT_3D('',#784,#785,#786);
#784 = CARTESIAN_POINT('',(10.,21.,-3.5));
#785 = DIRECTION('',(1.,0.,-0.));
#786 = DIRECTION('',(0.,0.,1.));
#787 = ADVANCED_FACE('',(#788),#799,.F.);
#788 = FACE_BOUND('',#789,.F.);
#789 = EDGE_LOOP('',(#790,#791,#792,#793));
#790 = ORIENTED_EDGE('',*,*,#745,.F.);
#791 = ORIENTED_EDGE('',*,*,#435,.T.);
#792 = ORIENTED_EDGE('',*,*,#769,.T.);
#793 = ORIENTED_EDGE('',*,*,#794,.F.);
#794 = EDGE_CURVE('',#746,#770,#795,.T.);
#795 = LINE('',#796,#797);
#796 = CARTESIAN_POINT('',(5.,48.,0.));
#797 = VECTOR('',#798,1.);
#798 = DIRECTION('',(-1.,-0.,0.));
#799 = PLANE('',#800);
#800 = AXIS2_PLACEMENT_3D('',#801,#802,#803);
#801 = CARTESIAN_POINT('',(10.,48.,-3.5));
#802 = DIRECTION('',(-0.,1.,0.));
#803 = DIRECTION('',(0.,0.,1.));
#804 = ADVANCED_FACE('',(#805),#830,.T.);
#805 = FACE_BOUND('',#806,.T.);
#806 = EDGE_LOOP('',(#807,#815,#816,#824));
#807 = ORIENTED_EDGE('',*,*,#808,.F.);
#808 = EDGE_CURVE('',#452,#809,#811,.T.);
#809 = VERTEX_POINT('',#810);
#810 = CARTESIAN_POINT('',(300.,21.,0.));
#811 = LINE('',#812,#813);
#812 = CARTESIAN_POINT('',(300.,21.,-3.5));
#813 = VECTOR('',#814,1.);
#814 = DIRECTION('',(0.,0.,1.));
#815 = ORIENTED_EDGE('',*,*,#451,.T.);
#816 = ORIENTED_EDGE('',*,*,#817,.T.);
#817 = EDGE_CURVE('',#454,#818,#820,.T.);
#818 = VERTEX_POINT('',#819);
#819 = CARTESIAN_POINT('',(255.,21.,0.));
#820 = LINE('',#821,#822);
#821 = CARTESIAN_POINT('',(255.,21.,-3.5));
#822 = VECTOR('',#823,1.);
#823 = DIRECTION('',(0.,0.,1.));
#824 = ORIENTED_EDGE('',*,*,#825,.F.);
#825 = EDGE_CURVE('',#809,#818,#826,.T.);
#826 = LINE('',#827,#828);
#827 = CARTESIAN_POINT('',(127.5,21.,0.));
#828 = VECTOR('',#829,1.);
#829 = DIRECTION('',(-1.,-0.,0.));
#830 = PLANE('',#831);
#831 = AXIS2_PLACEMENT_3D('',#832,#833,#834);
#832 = CARTESIAN_POINT('',(255.,21.,-3.5));
#833 = DIRECTION('',(-0.,1.,0.));
#834 = DIRECTION('',(0.,0.,1.));
#835 = ADVANCED_FACE('',(#836),#854,.F.);
#836 = FACE_BOUND('',#837,.F.);
#837 = EDGE_LOOP('',(#838,#839,#840,#848));
#838 = ORIENTED_EDGE('',*,*,#808,.F.);
#839 = ORIENTED_EDGE('',*,*,#477,.T.);
#840 = ORIENTED_EDGE('',*,*,#841,.T.);
#841 = EDGE_CURVE('',#470,#842,#844,.T.);
#842 = VERTEX_POINT('',#843);
#843 = CARTESIAN_POINT('',(300.,48.,0.));
#844 = LINE('',#845,#846);
#845 = CARTESIAN_POINT('',(300.,48.,-3.5));
#846 = VECTOR('',#847,1.);
#847 = DIRECTION('',(0.,0.,1.));
#848 = ORIENTED_EDGE('',*,*,#849,.F.);
#849 = EDGE_CURVE('',#809,#842,#850,.T.);
#850 = LINE('',#851,#852);
#851 = CARTESIAN_POINT('',(300.,10.5,0.));
#852 = VECTOR('',#853,1.);
#853 = DIRECTION('',(-0.,1.,0.));
#854 = PLANE('',#855);
#855 = AXIS2_PLACEMENT_3D('',#856,#857,#858);
#856 = CARTESIAN_POINT('',(300.,21.,-3.5));
#857 = DIRECTION('',(1.,0.,-0.));
#858 = DIRECTION('',(0.,0.,1.));
#859 = ADVANCED_FACE('',(#860),#878,.T.);
#860 = FACE_BOUND('',#861,.T.);
#861 = EDGE_LOOP('',(#862,#863,#864,#872));
#862 = ORIENTED_EDGE('',*,*,#817,.F.);
#863 = ORIENTED_EDGE('',*,*,#461,.T.);
#864 = ORIENTED_EDGE('',*,*,#865,.T.);
#865 = EDGE_CURVE('',#462,#866,#868,.T.);
#866 = VERTEX_POINT('',#867);
#867 = CARTESIAN_POINT('',(255.,48.,0.));
#868 = LINE('',#869,#870);
#869 = CARTESIAN_POINT('',(255.,48.,-3.5));
#870 = VECTOR('',#871,1.);
#871 = DIRECTION('',(0.,0.,1.));
#872 = ORIENTED_EDGE('',*,*,#873,.F.);
#873 = EDGE_CURVE('',#818,#866,#874,.T.);
#874 = LINE('',#875,#876);
#875 = CARTESIAN_POINT('',(255.,10.5,0.));
#876 = VECTOR('',#877,1.);
#877 = DIRECTION('',(-0.,1.,0.));
#878 = PLANE('',#879);
#879 = AXIS2_PLACEMENT_3D('',#880,#881,#882);
#880 = CARTESIAN_POINT('',(255.,21.,-3.5));
#881 = DIRECTION('',(1.,0.,-0.));
#882 = DIRECTION('',(0.,0.,1.));
#883 = ADVANCED_FACE('',(#884),#895,.F.);
#884 = FACE_BOUND('',#885,.F.);
#885 = EDGE_LOOP('',(#886,#887,#888,#889));
#886 = ORIENTED_EDGE('',*,*,#841,.F.);
#887 = ORIENTED_EDGE('',*,*,#469,.T.);
#888 = ORIENTED_EDGE('',*,*,#865,.T.);
#889 = ORIENTED_EDGE('',*,*,#890,.F.);
#890 = EDGE_CURVE('',#842,#866,#891,.T.);
#891 = LINE('',#892,#893);
#892 = CARTESIAN_POINT('',(127.5,48.,0.));
#893 = VECTOR('',#894,1.);
#894 = DIRECTION('',(-1.,-0.,0.));
#895 = PLANE('',#896);
#896 = AXIS2_PLACEMENT_3D('',#897,#898,#899);
#897 = CARTESIAN_POINT('',(255.,48.,-3.5));
#898 = DIRECTION('',(-0.,1.,0.));
#899 = DIRECTION('',(0.,0.,1.));
#900 = ADVANCED_FACE('',(#901),#920,.F.);
#901 = FACE_BOUND('',#902,.F.);
#902 = EDGE_LOOP('',(#903,#912,#918,#919));
#903 = ORIENTED_EDGE('',*,*,#904,.F.);
#904 = EDGE_CURVE('',#905,#905,#907,.T.);
#905 = VERTEX_POINT('',#906);
#906 = CARTESIAN_POINT('',(190.,86.,0.));
#907 = CIRCLE('',#908,35.);
#908 = AXIS2_PLACEMENT_3D('',#909,#910,#911);
#909 = CARTESIAN_POINT('',(155.,86.,0.));
#910 = DIRECTION('',(0.,0.,1.));
#911 = DIRECTION('',(1.,0.,-0.));
#912 = ORIENTED_EDGE('',*,*,#913,.F.);
#913 = EDGE_CURVE('',#486,#905,#914,.T.);
#914 = LINE('',#915,#916);
#915 = CARTESIAN_POINT('',(190.,86.,-3.5));
#916 = VECTOR('',#917,1.);
#917 = DIRECTION('',(0.,0.,1.));
#918 = ORIENTED_EDGE('',*,*,#485,.T.);
#919 = ORIENTED_EDGE('',*,*,#913,.T.);
#920 = CYLINDRICAL_SURFACE('',#921,35.);
#921 = AXIS2_PLACEMENT_3D('',#922,#923,#924);
#922 = CARTESIAN_POINT('',(155.,86.,-3.5));
#923 = DIRECTION('',(0.,0.,1.));
#924 = DIRECTION('',(1.,0.,-0.));
#925 = ADVANCED_FACE('',(#926,#932,#938,#944),#947,.T.);
#926 = FACE_BOUND('',#927,.T.);
#927 = EDGE_LOOP('',(#928,#929,#930,#931));
#928 = ORIENTED_EDGE('',*,*,#696,.F.);
#929 = ORIENTED_EDGE('',*,*,#618,.T.);
#930 = ORIENTED_EDGE('',*,*,#648,.T.);
#931 = ORIENTED_EDGE('',*,*,#672,.F.);
#932 = FACE_BOUND('',#933,.T.);
#933 = EDGE_LOOP('',(#934,#935,#936,#937));
#934 = ORIENTED_EDGE('',*,*,#729,.T.);
#935 = ORIENTED_EDGE('',*,*,#777,.T.);
#936 = ORIENTED_EDGE('',*,*,#794,.F.);
#937 = ORIENTED_EDGE('',*,*,#753,.F.);
#938 = FACE_BOUND('',#939,.T.);
#939 = EDGE_LOOP('',(#940,#941,#942,#943));
#940 = ORIENTED_EDGE('',*,*,#825,.T.);
#941 = ORIENTED_EDGE('',*,*,#873,.T.);
#942 = ORIENTED_EDGE('',*,*,#890,.F.);
#943 = ORIENTED_EDGE('',*,*,#849,.F.);
#944 = FACE_BOUND('',#945,.T.);
#945 = EDGE_LOOP('',(#946));
#946 = ORIENTED_EDGE('',*,*,#904,.F.);
#947 = PLANE('',#948);
#948 = AXIS2_PLACEMENT_3D('',#949,#950,#951);
#949 = CARTESIAN_POINT('',(0.,0.,0.));
#950 = DIRECTION('',(0.,0.,1.));
#951 = DIRECTION('',(1.,0.,-0.));
#952 = ( GEOMETRIC_REPRESENTATION_CONTEXT(3) 
GLOBAL_UNCERTAINTY_ASSIGNED_CONTEXT((#956)) GLOBAL_UNIT_ASSIGNED_CONTEXT
((#953,#954,#955)) REPRESENTATION_CONTEXT('Context #1',
  '3D Context with UNIT and UNCERTAINTY') );
#953 = ( LENGTH_UNIT() NAMED_UNIT(*) SI_UNIT(.MILLI.,.METRE.) );
#954 = ( NAMED_UNIT(*) PLANE_ANGLE_UNIT() SI_UNIT($,.RADIAN.) );
#955 = ( NAMED_UNIT(*) SI_UNIT($,.STERADIAN.) SOLID_ANGLE_UNIT() );
#956 = UNCERTAINTY_MEASURE_WITH_UNIT(LENGTH_MEASURE(1.E-07),#953,
  'distance_accuracy_value','confusion accuracy');
#957 = CONTEXT_DEPENDENT_SHAPE_REPRESENTATION(#958,#960);
#958 = ( REPRESENTATION_RELATIONSHIP('','',#212,#10) 
REPRESENTATION_RELATIONSHIP_WITH_TRANSFORMATION(#959) 
SHAPE_REPRESENTATION_RELATIONSHIP() );
#959 = ITEM_DEFINED_TRANSFORMATION('','',#11,#15);
#960 = PRODUCT_DEFINITION_SHAPE('Placement','Placement of an item',#961
  );
#961 = NEXT_ASSEMBLY_USAGE_OCCURRENCE('56','Chassis (2.5 mm Al, folded)'
  ,'',#5,#207,$);
#962 = PRODUCT_RELATED_PRODUCT_CATEGORY('part',$,(#209));
#963 = SHAPE_DEFINITION_REPRESENTATION(#964,#970);
#964 = PRODUCT_DEFINITION_SHAPE('','',#965);
#965 = PRODUCT_DEFINITION('design','',#966,#969);
#966 = PRODUCT_DEFINITION_FORMATION('','',#967);
#967 = PRODUCT('Lid (2.5 mm Al)','Lid (2.5 mm Al)','',(#968));
#968 = PRODUCT_CONTEXT('',#2,'mechanical');
#969 = PRODUCT_DEFINITION_CONTEXT('part definition',#2,'design');
#970 = ADVANCED_BREP_SHAPE_REPRESENTATION('',(#11,#971),#1393);
#971 = MANIFOLD_SOLID_BREP('',#972);
#972 = CLOSED_SHELL('',(#973,#1013,#1044,#1136,#1160,#1245,#1257,#1279,
    #1296,#1313,#1325,#1347,#1364,#1381));
#973 = ADVANCED_FACE('',(#974),#1008,.F.);
#974 = FACE_BOUND('',#975,.F.);
#975 = EDGE_LOOP('',(#976,#986,#994,#1002));
#976 = ORIENTED_EDGE('',*,*,#977,.F.);
#977 = EDGE_CURVE('',#978,#980,#982,.T.);
#978 = VERTEX_POINT('',#979);
#979 = CARTESIAN_POINT('',(-2.5,-2.5,310.));
#980 = VERTEX_POINT('',#981);
#981 = CARTESIAN_POINT('',(-2.5,-2.5,312.5));
#982 = LINE('',#983,#984);
#983 = CARTESIAN_POINT('',(-2.5,-2.5,310.));
#984 = VECTOR('',#985,1.);
#985 = DIRECTION('',(0.,0.,1.));
#986 = ORIENTED_EDGE('',*,*,#987,.T.);
#987 = EDGE_CURVE('',#978,#988,#990,.T.);
#988 = VERTEX_POINT('',#989);
#989 = CARTESIAN_POINT('',(-2.5,130.1,310.));
#990 = LINE('',#991,#992);
#991 = CARTESIAN_POINT('',(-2.5,-2.5,310.));
#992 = VECTOR('',#993,1.);
#993 = DIRECTION('',(-0.,1.,0.));
#994 = ORIENTED_EDGE('',*,*,#995,.T.);
#995 = EDGE_CURVE('',#988,#996,#998,.T.);
#996 = VERTEX_POINT('',#997);
#997 = CARTESIAN_POINT('',(-2.5,130.1,312.5));
#998 = LINE('',#999,#1000);
#999 = CARTESIAN_POINT('',(-2.5,130.1,310.));
#1000 = VECTOR('',#1001,1.);
#1001 = DIRECTION('',(0.,0.,1.));
#1002 = ORIENTED_EDGE('',*,*,#1003,.F.);
#1003 = EDGE_CURVE('',#980,#996,#1004,.T.);
#1004 = LINE('',#1005,#1006);
#1005 = CARTESIAN_POINT('',(-2.5,-2.5,312.5));
#1006 = VECTOR('',#1007,1.);
#1007 = DIRECTION('',(-0.,1.,0.));
#1008 = PLANE('',#1009);
#1009 = AXIS2_PLACEMENT_3D('',#1010,#1011,#1012);
#1010 = CARTESIAN_POINT('',(-2.5,-2.5,310.));
#1011 = DIRECTION('',(1.,0.,-0.));
#1012 = DIRECTION('',(0.,0.,1.));
#1013 = ADVANCED_FACE('',(#1014),#1039,.F.);
#1014 = FACE_BOUND('',#1015,.F.);
#1015 = EDGE_LOOP('',(#1016,#1024,#1025,#1033));
#1016 = ORIENTED_EDGE('',*,*,#1017,.F.);
#1017 = EDGE_CURVE('',#978,#1018,#1020,.T.);
#1018 = VERTEX_POINT('',#1019);
#1019 = CARTESIAN_POINT('',(312.5,-2.5,310.));
#1020 = LINE('',#1021,#1022);
#1021 = CARTESIAN_POINT('',(-2.5,-2.5,310.));
#1022 = VECTOR('',#1023,1.);
#1023 = DIRECTION('',(1.,0.,-0.));
#1024 = ORIENTED_EDGE('',*,*,#977,.T.);
#1025 = ORIENTED_EDGE('',*,*,#1026,.T.);
#1026 = EDGE_CURVE('',#980,#1027,#1029,.T.);
#1027 = VERTEX_POINT('',#1028);
#1028 = CARTESIAN_POINT('',(312.5,-2.5,312.5));
#1029 = LINE('',#1030,#1031);
#1030 = CARTESIAN_POINT('',(-2.5,-2.5,312.5));
#1031 = VECTOR('',#1032,1.);
#1032 = DIRECTION('',(1.,0.,-0.));
#1033 = ORIENTED_EDGE('',*,*,#1034,.F.);
#1034 = EDGE_CURVE('',#1018,#1027,#1035,.T.);
#1035 = LINE('',#1036,#1037);
#1036 = CARTESIAN_POINT('',(312.5,-2.5,310.));
#1037 = VECTOR('',#1038,1.);
#1038 = DIRECTION('',(0.,0.,1.));
#1039 = PLANE('',#1040);
#1040 = AXIS2_PLACEMENT_3D('',#1041,#1042,#1043);
#1041 = CARTESIAN_POINT('',(-2.5,-2.5,310.));
#1042 = DIRECTION('',(-0.,1.,0.));
#1043 = DIRECTION('',(0.,0.,1.));
#1044 = ADVANCED_FACE('',(#1045,#1063,#1097),#1131,.T.);
#1045 = FACE_BOUND('',#1046,.T.);
#1046 = EDGE_LOOP('',(#1047,#1048,#1049,#1057));
#1047 = ORIENTED_EDGE('',*,*,#1003,.F.);
#1048 = ORIENTED_EDGE('',*,*,#1026,.T.);
#1049 = ORIENTED_EDGE('',*,*,#1050,.T.);
#1050 = EDGE_CURVE('',#1027,#1051,#1053,.T.);
#1051 = VERTEX_POINT('',#1052);
#1052 = CARTESIAN_POINT('',(312.5,130.1,312.5));
#1053 = LINE('',#1054,#1055);
#1054 = CARTESIAN_POINT('',(312.5,-2.5,312.5));
#1055 = VECTOR('',#1056,1.);
#1056 = DIRECTION('',(-0.,1.,0.));
#1057 = ORIENTED_EDGE('',*,*,#1058,.F.);
#1058 = EDGE_CURVE('',#996,#1051,#1059,.T.);
#1059 = LINE('',#1060,#1061);
#1060 = CARTESIAN_POINT('',(-2.5,130.1,312.5));
#1061 = VECTOR('',#1062,1.);
#1062 = DIRECTION('',(1.,0.,-0.));
#1063 = FACE_BOUND('',#1064,.T.);
#1064 = EDGE_LOOP('',(#1065,#1075,#1083,#1091));
#1065 = ORIENTED_EDGE('',*,*,#1066,.T.);
#1066 = EDGE_CURVE('',#1067,#1069,#1071,.T.);
#1067 = VERTEX_POINT('',#1068);
#1068 = CARTESIAN_POINT('',(55.,21.,312.5));
#1069 = VERTEX_POINT('',#1070);
#1070 = CARTESIAN_POINT('',(10.,21.,312.5));
#1071 = LINE('',#1072,#1073);
#1072 = CARTESIAN_POINT('',(3.75,21.,312.5));
#1073 = VECTOR('',#1074,1.);
#1074 = DIRECTION('',(-1.,-0.,0.));
#1075 = ORIENTED_EDGE('',*,*,#1076,.T.);
#1076 = EDGE_CURVE('',#1069,#1077,#1079,.T.);
#1077 = VERTEX_POINT('',#1078);
#1078 = CARTESIAN_POINT('',(10.,48.,312.5));
#1079 = LINE('',#1080,#1081);
#1080 = CARTESIAN_POINT('',(10.,9.25,312.5));
#1081 = VECTOR('',#1082,1.);
#1082 = DIRECTION('',(-0.,1.,0.));
#1083 = ORIENTED_EDGE('',*,*,#1084,.F.);
#1084 = EDGE_CURVE('',#1085,#1077,#1087,.T.);
#1085 = VERTEX_POINT('',#1086);
#1086 = CARTESIAN_POINT('',(55.,48.,312.5));
#1087 = LINE('',#1088,#1089);
#1088 = CARTESIAN_POINT('',(3.75,48.,312.5));
#1089 = VECTOR('',#1090,1.);
#1090 = DIRECTION('',(-1.,-0.,0.));
#1091 = ORIENTED_EDGE('',*,*,#1092,.F.);
#1092 = EDGE_CURVE('',#1067,#1085,#1093,.T.);
#1093 = LINE('',#1094,#1095);
#1094 = CARTESIAN_POINT('',(55.,9.25,312.5));
#1095 = VECTOR('',#1096,1.);
#1096 = DIRECTION('',(-0.,1.,0.));
#1097 = FACE_BOUND('',#1098,.T.);
#1098 = EDGE_LOOP('',(#1099,#1109,#1117,#1125));
#1099 = ORIENTED_EDGE('',*,*,#1100,.T.);
#1100 = EDGE_CURVE('',#1101,#1103,#1105,.T.);
#1101 = VERTEX_POINT('',#1102);
#1102 = CARTESIAN_POINT('',(300.,21.,312.5));
#1103 = VERTEX_POINT('',#1104);
#1104 = CARTESIAN_POINT('',(255.,21.,312.5));
#1105 = LINE('',#1106,#1107);
#1106 = CARTESIAN_POINT('',(126.25,21.,312.5));
#1107 = VECTOR('',#1108,1.);
#1108 = DIRECTION('',(-1.,-0.,0.));
#1109 = ORIENTED_EDGE('',*,*,#1110,.T.);
#1110 = EDGE_CURVE('',#1103,#1111,#1113,.T.);
#1111 = VERTEX_POINT('',#1112);
#1112 = CARTESIAN_POINT('',(255.,48.,312.5));
#1113 = LINE('',#1114,#1115);
#1114 = CARTESIAN_POINT('',(255.,9.25,312.5));
#1115 = VECTOR('',#1116,1.);
#1116 = DIRECTION('',(-0.,1.,0.));
#1117 = ORIENTED_EDGE('',*,*,#1118,.F.);
#1118 = EDGE_CURVE('',#1119,#1111,#1121,.T.);
#1119 = VERTEX_POINT('',#1120);
#1120 = CARTESIAN_POINT('',(300.,48.,312.5));
#1121 = LINE('',#1122,#1123);
#1122 = CARTESIAN_POINT('',(126.25,48.,312.5));
#1123 = VECTOR('',#1124,1.);
#1124 = DIRECTION('',(-1.,-0.,0.));
#1125 = ORIENTED_EDGE('',*,*,#1126,.F.);
#1126 = EDGE_CURVE('',#1101,#1119,#1127,.T.);
#1127 = LINE('',#1128,#1129);
#1128 = CARTESIAN_POINT('',(300.,9.25,312.5));
#1129 = VECTOR('',#1130,1.);
#1130 = DIRECTION('',(-0.,1.,0.));
#1131 = PLANE('',#1132);
#1132 = AXIS2_PLACEMENT_3D('',#1133,#1134,#1135);
#1133 = CARTESIAN_POINT('',(-2.5,-2.5,312.5));
#1134 = DIRECTION('',(0.,0.,1.));
#1135 = DIRECTION('',(1.,0.,-0.));
#1136 = ADVANCED_FACE('',(#1137),#1155,.T.);
#1137 = FACE_BOUND('',#1138,.T.);
#1138 = EDGE_LOOP('',(#1139,#1147,#1148,#1149));
#1139 = ORIENTED_EDGE('',*,*,#1140,.F.);
#1140 = EDGE_CURVE('',#988,#1141,#1143,.T.);
#1141 = VERTEX_POINT('',#1142);
#1142 = CARTESIAN_POINT('',(312.5,130.1,310.));
#1143 = LINE('',#1144,#1145);
#1144 = CARTESIAN_POINT('',(-2.5,130.1,310.));
#1145 = VECTOR('',#1146,1.);
#1146 = DIRECTION('',(1.,0.,-0.));
#1147 = ORIENTED_EDGE('',*,*,#995,.T.);
#1148 = ORIENTED_EDGE('',*,*,#1058,.T.);
#1149 = ORIENTED_EDGE('',*,*,#1150,.F.);
#1150 = EDGE_CURVE('',#1141,#1051,#1151,.T.);
#1151 = LINE('',#1152,#1153);
#1152 = CARTESIAN_POINT('',(312.5,130.1,310.));
#1153 = VECTOR('',#1154,1.);
#1154 = DIRECTION('',(0.,0.,1.));
#1155 = PLANE('',#1156);
#1156 = AXIS2_PLACEMENT_3D('',#1157,#1158,#1159);
#1157 = CARTESIAN_POINT('',(-2.5,130.1,310.));
#1158 = DIRECTION('',(-0.,1.,0.));
#1159 = DIRECTION('',(0.,0.,1.));
#1160 = ADVANCED_FACE('',(#1161,#1172,#1206),#1240,.F.);
#1161 = FACE_BOUND('',#1162,.F.);
#1162 = EDGE_LOOP('',(#1163,#1164,#1165,#1171));
#1163 = ORIENTED_EDGE('',*,*,#987,.F.);
#1164 = ORIENTED_EDGE('',*,*,#1017,.T.);
#1165 = ORIENTED_EDGE('',*,*,#1166,.T.);
#1166 = EDGE_CURVE('',#1018,#1141,#1167,.T.);
#1167 = LINE('',#1168,#1169);
#1168 = CARTESIAN_POINT('',(312.5,-2.5,310.));
#1169 = VECTOR('',#1170,1.);
#1170 = DIRECTION('',(-0.,1.,0.));
#1171 = ORIENTED_EDGE('',*,*,#1140,.F.);
#1172 = FACE_BOUND('',#1173,.F.);
#1173 = EDGE_LOOP('',(#1174,#1184,#1192,#1200));
#1174 = ORIENTED_EDGE('',*,*,#1175,.T.);
#1175 = EDGE_CURVE('',#1176,#1178,#1180,.T.);
#1176 = VERTEX_POINT('',#1177);
#1177 = CARTESIAN_POINT('',(55.,21.,310.));
#1178 = VERTEX_POINT('',#1179);
#1179 = CARTESIAN_POINT('',(10.,21.,310.));
#1180 = LINE('',#1181,#1182);
#1181 = CARTESIAN_POINT('',(3.75,21.,310.));
#1182 = VECTOR('',#1183,1.);
#1183 = DIRECTION('',(-1.,-0.,0.));
#1184 = ORIENTED_EDGE('',*,*,#1185,.T.);
#1185 = EDGE_CURVE('',#1178,#1186,#1188,.T.);
#1186 = VERTEX_POINT('',#1187);
#1187 = CARTESIAN_POINT('',(10.,48.,310.));
#1188 = LINE('',#1189,#1190);
#1189 = CARTESIAN_POINT('',(10.,9.25,310.));
#1190 = VECTOR('',#1191,1.);
#1191 = DIRECTION('',(-0.,1.,0.));
#1192 = ORIENTED_EDGE('',*,*,#1193,.F.);
#1193 = EDGE_CURVE('',#1194,#1186,#1196,.T.);
#1194 = VERTEX_POINT('',#1195);
#1195 = CARTESIAN_POINT('',(55.,48.,310.));
#1196 = LINE('',#1197,#1198);
#1197 = CARTESIAN_POINT('',(3.75,48.,310.));
#1198 = VECTOR('',#1199,1.);
#1199 = DIRECTION('',(-1.,-0.,0.));
#1200 = ORIENTED_EDGE('',*,*,#1201,.F.);
#1201 = EDGE_CURVE('',#1176,#1194,#1202,.T.);
#1202 = LINE('',#1203,#1204);
#1203 = CARTESIAN_POINT('',(55.,9.25,310.));
#1204 = VECTOR('',#1205,1.);
#1205 = DIRECTION('',(-0.,1.,0.));
#1206 = FACE_BOUND('',#1207,.F.);
#1207 = EDGE_LOOP('',(#1208,#1218,#1226,#1234));
#1208 = ORIENTED_EDGE('',*,*,#1209,.T.);
#1209 = EDGE_CURVE('',#1210,#1212,#1214,.T.);
#1210 = VERTEX_POINT('',#1211);
#1211 = CARTESIAN_POINT('',(300.,21.,310.));
#1212 = VERTEX_POINT('',#1213);
#1213 = CARTESIAN_POINT('',(255.,21.,310.));
#1214 = LINE('',#1215,#1216);
#1215 = CARTESIAN_POINT('',(126.25,21.,310.));
#1216 = VECTOR('',#1217,1.);
#1217 = DIRECTION('',(-1.,-0.,0.));
#1218 = ORIENTED_EDGE('',*,*,#1219,.T.);
#1219 = EDGE_CURVE('',#1212,#1220,#1222,.T.);
#1220 = VERTEX_POINT('',#1221);
#1221 = CARTESIAN_POINT('',(255.,48.,310.));
#1222 = LINE('',#1223,#1224);
#1223 = CARTESIAN_POINT('',(255.,9.25,310.));
#1224 = VECTOR('',#1225,1.);
#1225 = DIRECTION('',(-0.,1.,0.));
#1226 = ORIENTED_EDGE('',*,*,#1227,.F.);
#1227 = EDGE_CURVE('',#1228,#1220,#1230,.T.);
#1228 = VERTEX_POINT('',#1229);
#1229 = CARTESIAN_POINT('',(300.,48.,310.));
#1230 = LINE('',#1231,#1232);
#1231 = CARTESIAN_POINT('',(126.25,48.,310.));
#1232 = VECTOR('',#1233,1.);
#1233 = DIRECTION('',(-1.,-0.,0.));
#1234 = ORIENTED_EDGE('',*,*,#1235,.F.);
#1235 = EDGE_CURVE('',#1210,#1228,#1236,.T.);
#1236 = LINE('',#1237,#1238);
#1237 = CARTESIAN_POINT('',(300.,9.25,310.));
#1238 = VECTOR('',#1239,1.);
#1239 = DIRECTION('',(-0.,1.,0.));
#1240 = PLANE('',#1241);
#1241 = AXIS2_PLACEMENT_3D('',#1242,#1243,#1244);
#1242 = CARTESIAN_POINT('',(-2.5,-2.5,310.));
#1243 = DIRECTION('',(0.,0.,1.));
#1244 = DIRECTION('',(1.,0.,-0.));
#1245 = ADVANCED_FACE('',(#1246),#1252,.T.);
#1246 = FACE_BOUND('',#1247,.T.);
#1247 = EDGE_LOOP('',(#1248,#1249,#1250,#1251));
#1248 = ORIENTED_EDGE('',*,*,#1034,.F.);
#1249 = ORIENTED_EDGE('',*,*,#1166,.T.);
#1250 = ORIENTED_EDGE('',*,*,#1150,.T.);
#1251 = ORIENTED_EDGE('',*,*,#1050,.F.);
#1252 = PLANE('',#1253);
#1253 = AXIS2_PLACEMENT_3D('',#1254,#1255,#1256);
#1254 = CARTESIAN_POINT('',(312.5,-2.5,310.));
#1255 = DIRECTION('',(1.,0.,-0.));
#1256 = DIRECTION('',(0.,0.,1.));
#1257 = ADVANCED_FACE('',(#1258),#1274,.T.);
#1258 = FACE_BOUND('',#1259,.T.);
#1259 = EDGE_LOOP('',(#1260,#1266,#1267,#1273));
#1260 = ORIENTED_EDGE('',*,*,#1261,.F.);
#1261 = EDGE_CURVE('',#1176,#1067,#1262,.T.);
#1262 = LINE('',#1263,#1264);
#1263 = CARTESIAN_POINT('',(55.,21.,309.));
#1264 = VECTOR('',#1265,1.);
#1265 = DIRECTION('',(0.,0.,1.));
#1266 = ORIENTED_EDGE('',*,*,#1175,.T.);
#1267 = ORIENTED_EDGE('',*,*,#1268,.T.);
#1268 = EDGE_CURVE('',#1178,#1069,#1269,.T.);
#1269 = LINE('',#1270,#1271);
#1270 = CARTESIAN_POINT('',(10.,21.,309.));
#1271 = VECTOR('',#1272,1.);
#1272 = DIRECTION('',(0.,0.,1.));
#1273 = ORIENTED_EDGE('',*,*,#1066,.F.);
#1274 = PLANE('',#1275);
#1275 = AXIS2_PLACEMENT_3D('',#1276,#1277,#1278);
#1276 = CARTESIAN_POINT('',(10.,21.,309.));
#1277 = DIRECTION('',(-0.,1.,0.));
#1278 = DIRECTION('',(0.,0.,1.));
#1279 = ADVANCED_FACE('',(#1280),#1291,.F.);
#1280 = FACE_BOUND('',#1281,.F.);
#1281 = EDGE_LOOP('',(#1282,#1283,#1284,#1290));
#1282 = ORIENTED_EDGE('',*,*,#1261,.F.);
#1283 = ORIENTED_EDGE('',*,*,#1201,.T.);
#1284 = ORIENTED_EDGE('',*,*,#1285,.T.);
#1285 = EDGE_CURVE('',#1194,#1085,#1286,.T.);
#1286 = LINE('',#1287,#1288);
#1287 = CARTESIAN_POINT('',(55.,48.,309.));
#1288 = VECTOR('',#1289,1.);
#1289 = DIRECTION('',(0.,0.,1.));
#1290 = ORIENTED_EDGE('',*,*,#1092,.F.);
#1291 = PLANE('',#1292);
#1292 = AXIS2_PLACEMENT_3D('',#1293,#1294,#1295);
#1293 = CARTESIAN_POINT('',(55.,21.,309.));
#1294 = DIRECTION('',(1.,0.,-0.));
#1295 = DIRECTION('',(0.,0.,1.));
#1296 = ADVANCED_FACE('',(#1297),#1308,.T.);
#1297 = FACE_BOUND('',#1298,.T.);
#1298 = EDGE_LOOP('',(#1299,#1300,#1301,#1307));
#1299 = ORIENTED_EDGE('',*,*,#1268,.F.);
#1300 = ORIENTED_EDGE('',*,*,#1185,.T.);
#1301 = ORIENTED_EDGE('',*,*,#1302,.T.);
#1302 = EDGE_CURVE('',#1186,#1077,#1303,.T.);
#1303 = LINE('',#1304,#1305);
#1304 = CARTESIAN_POINT('',(10.,48.,309.));
#1305 = VECTOR('',#1306,1.);
#1306 = DIRECTION('',(0.,0.,1.));
#1307 = ORIENTED_EDGE('',*,*,#1076,.F.);
#1308 = PLANE('',#1309);
#1309 = AXIS2_PLACEMENT_3D('',#1310,#1311,#1312);
#1310 = CARTESIAN_POINT('',(10.,21.,309.));
#1311 = DIRECTION('',(1.,0.,-0.));
#1312 = DIRECTION('',(0.,0.,1.));
#1313 = ADVANCED_FACE('',(#1314),#1320,.F.);
#1314 = FACE_BOUND('',#1315,.F.);
#1315 = EDGE_LOOP('',(#1316,#1317,#1318,#1319));
#1316 = ORIENTED_EDGE('',*,*,#1285,.F.);
#1317 = ORIENTED_EDGE('',*,*,#1193,.T.);
#1318 = ORIENTED_EDGE('',*,*,#1302,.T.);
#1319 = ORIENTED_EDGE('',*,*,#1084,.F.);
#1320 = PLANE('',#1321);
#1321 = AXIS2_PLACEMENT_3D('',#1322,#1323,#1324);
#1322 = CARTESIAN_POINT('',(10.,48.,309.));
#1323 = DIRECTION('',(-0.,1.,0.));
#1324 = DIRECTION('',(0.,0.,1.));
#1325 = ADVANCED_FACE('',(#1326),#1342,.T.);
#1326 = FACE_BOUND('',#1327,.T.);
#1327 = EDGE_LOOP('',(#1328,#1334,#1335,#1341));
#1328 = ORIENTED_EDGE('',*,*,#1329,.F.);
#1329 = EDGE_CURVE('',#1210,#1101,#1330,.T.);
#1330 = LINE('',#1331,#1332);
#1331 = CARTESIAN_POINT('',(300.,21.,309.));
#1332 = VECTOR('',#1333,1.);
#1333 = DIRECTION('',(0.,0.,1.));
#1334 = ORIENTED_EDGE('',*,*,#1209,.T.);
#1335 = ORIENTED_EDGE('',*,*,#1336,.T.);
#1336 = EDGE_CURVE('',#1212,#1103,#1337,.T.);
#1337 = LINE('',#1338,#1339);
#1338 = CARTESIAN_POINT('',(255.,21.,309.));
#1339 = VECTOR('',#1340,1.);
#1340 = DIRECTION('',(0.,0.,1.));
#1341 = ORIENTED_EDGE('',*,*,#1100,.F.);
#1342 = PLANE('',#1343);
#1343 = AXIS2_PLACEMENT_3D('',#1344,#1345,#1346);
#1344 = CARTESIAN_POINT('',(255.,21.,309.));
#1345 = DIRECTION('',(-0.,1.,0.));
#1346 = DIRECTION('',(0.,0.,1.));
#1347 = ADVANCED_FACE('',(#1348),#1359,.F.);
#1348 = FACE_BOUND('',#1349,.F.);
#1349 = EDGE_LOOP('',(#1350,#1351,#1352,#1358));
#1350 = ORIENTED_EDGE('',*,*,#1329,.F.);
#1351 = ORIENTED_EDGE('',*,*,#1235,.T.);
#1352 = ORIENTED_EDGE('',*,*,#1353,.T.);
#1353 = EDGE_CURVE('',#1228,#1119,#1354,.T.);
#1354 = LINE('',#1355,#1356);
#1355 = CARTESIAN_POINT('',(300.,48.,309.));
#1356 = VECTOR('',#1357,1.);
#1357 = DIRECTION('',(0.,0.,1.));
#1358 = ORIENTED_EDGE('',*,*,#1126,.F.);
#1359 = PLANE('',#1360);
#1360 = AXIS2_PLACEMENT_3D('',#1361,#1362,#1363);
#1361 = CARTESIAN_POINT('',(300.,21.,309.));
#1362 = DIRECTION('',(1.,0.,-0.));
#1363 = DIRECTION('',(0.,0.,1.));
#1364 = ADVANCED_FACE('',(#1365),#1376,.F.);
#1365 = FACE_BOUND('',#1366,.F.);
#1366 = EDGE_LOOP('',(#1367,#1368,#1369,#1375));
#1367 = ORIENTED_EDGE('',*,*,#1353,.F.);
#1368 = ORIENTED_EDGE('',*,*,#1227,.T.);
#1369 = ORIENTED_EDGE('',*,*,#1370,.T.);
#1370 = EDGE_CURVE('',#1220,#1111,#1371,.T.);
#1371 = LINE('',#1372,#1373);
#1372 = CARTESIAN_POINT('',(255.,48.,309.));
#1373 = VECTOR('',#1374,1.);
#1374 = DIRECTION('',(0.,0.,1.));
#1375 = ORIENTED_EDGE('',*,*,#1118,.F.);
#1376 = PLANE('',#1377);
#1377 = AXIS2_PLACEMENT_3D('',#1378,#1379,#1380);
#1378 = CARTESIAN_POINT('',(255.,48.,309.));
#1379 = DIRECTION('',(-0.,1.,0.));
#1380 = DIRECTION('',(0.,0.,1.));
#1381 = ADVANCED_FACE('',(#1382),#1388,.T.);
#1382 = FACE_BOUND('',#1383,.T.);
#1383 = EDGE_LOOP('',(#1384,#1385,#1386,#1387));
#1384 = ORIENTED_EDGE('',*,*,#1336,.F.);
#1385 = ORIENTED_EDGE('',*,*,#1219,.T.);
#1386 = ORIENTED_EDGE('',*,*,#1370,.T.);
#1387 = ORIENTED_EDGE('',*,*,#1110,.F.);
#1388 = PLANE('',#1389);
#1389 = AXIS2_PLACEMENT_3D('',#1390,#1391,#1392);
#1390 = CARTESIAN_POINT('',(255.,21.,309.));
#1391 = DIRECTION('',(1.,0.,-0.));
#1392 = DIRECTION('',(0.,0.,1.));
#1393 = ( GEOMETRIC_REPRESENTATION_CONTEXT(3) 
GLOBAL_UNCERTAINTY_ASSIGNED_CONTEXT((#1397)) 
GLOBAL_UNIT_ASSIGNED_CONTEXT((#1394,#1395,#1396)) REPRESENTATION_CONTEXT
('Context #1','3D Context with UNIT and UNCERTAINTY') );
#1394 = ( LENGTH_UNIT() NAMED_UNIT(*) SI_UNIT(.MILLI.,.METRE.) );
#1395 = ( NAMED_UNIT(*) PLANE_ANGLE_UNIT() SI_UNIT($,.RADIAN.) );
#1396 = ( NAMED_UNIT(*) SI_UNIT($,.STERADIAN.) SOLID_ANGLE_UNIT() );
#1397 = UNCERTAINTY_MEASURE_WITH_UNIT(LENGTH_MEASURE(1.E-07),#1394,
  'distance_accuracy_value','confusion accuracy');
#1398 = CONTEXT_DEPENDENT_SHAPE_REPRESENTATION(#1399,#1401);
#1399 = ( REPRESENTATION_RELATIONSHIP('','',#970,#10) 
REPRESENTATION_RELATIONSHIP_WITH_TRANSFORMATION(#1400) 
SHAPE_REPRESENTATION_RELATIONSHIP() );
#1400 = ITEM_DEFINED_TRANSFORMATION('','',#11,#19);
#1401 = PRODUCT_DEFINITION_SHAPE('Placement','Placement of an item',
  #1402);
#1402 = NEXT_ASSEMBLY_USAGE_OCCURRENCE('57','Lid (2.5 mm Al)','',#5,#965
  ,$);
#1403 = PRODUCT_RELATED_PRODUCT_CATEGORY('part',$,(#967));
#1404 = SHAPE_DEFINITION_REPRESENTATION(#1405,#1411);
#1405 = PRODUCT_DEFINITION_SHAPE('','',#1406);
#1406 = PRODUCT_DEFINITION('design','',#1407,#1410);
#1407 = PRODUCT_DEFINITION_FORMATION('','',#1408);
#1408 = PRODUCT('Radome window (PTFE 2 mm)','Radome window (PTFE 2 mm)',
  '',(#1409));
#1409 = PRODUCT_CONTEXT('',#2,'mechanical');
#1410 = PRODUCT_DEFINITION_CONTEXT('part definition',#2,'design');
#1411 = ADVANCED_BREP_SHAPE_REPRESENTATION('',(#11,#1412),#1562);
#1412 = MANIFOLD_SOLID_BREP('',#1413);
#1413 = CLOSED_SHELL('',(#1414,#1454,#1494,#1516,#1538,#1550));
#1414 = ADVANCED_FACE('',(#1415),#1449,.F.);
#1415 = FACE_BOUND('',#1416,.F.);
#1416 = EDGE_LOOP('',(#1417,#1427,#1435,#1443));
#1417 = ORIENTED_EDGE('',*,*,#1418,.F.);
#1418 = EDGE_CURVE('',#1419,#1421,#1423,.T.);
#1419 = VERTEX_POINT('',#1420);
#1420 = CARTESIAN_POINT('',(67.5,-2.5,26.));
#1421 = VERTEX_POINT('',#1422);
#1422 = CARTESIAN_POINT('',(67.5,-2.5,284.));
#1423 = LINE('',#1424,#1425);
#1424 = CARTESIAN_POINT('',(67.5,-2.5,26.));
#1425 = VECTOR('',#1426,1.);
#1426 = DIRECTION('',(0.,0.,1.));
#1427 = ORIENTED_EDGE('',*,*,#1428,.T.);
#1428 = EDGE_CURVE('',#1419,#1429,#1431,.T.);
#1429 = VERTEX_POINT('',#1430);
#1430 = CARTESIAN_POINT('',(67.5,-0.5,26.));
#1431 = LINE('',#1432,#1433);
#1432 = CARTESIAN_POINT('',(67.5,-2.5,26.));
#1433 = VECTOR('',#1434,1.);
#1434 = DIRECTION('',(-0.,1.,0.));
#1435 = ORIENTED_EDGE('',*,*,#1436,.T.);
#1436 = EDGE_CURVE('',#1429,#1437,#1439,.T.);
#1437 = VERTEX_POINT('',#1438);
#1438 = CARTESIAN_POINT('',(67.5,-0.5,284.));
#1439 = LINE('',#1440,#1441);
#1440 = CARTESIAN_POINT('',(67.5,-0.5,26.));
#1441 = VECTOR('',#1442,1.);
#1442 = DIRECTION('',(0.,0.,1.));
#1443 = ORIENTED_EDGE('',*,*,#1444,.F.);
#1444 = EDGE_CURVE('',#1421,#1437,#1445,.T.);
#1445 = LINE('',#1446,#1447);
#1446 = CARTESIAN_POINT('',(67.5,-2.5,284.));
#1447 = VECTOR('',#1448,1.);
#1448 = DIRECTION('',(-0.,1.,0.));
#1449 = PLANE('',#1450);
#1450 = AXIS2_PLACEMENT_3D('',#1451,#1452,#1453);
#1451 = CARTESIAN_POINT('',(67.5,-2.5,26.));
#1452 = DIRECTION('',(1.,0.,-0.));
#1453 = DIRECTION('',(0.,0.,1.));
#1454 = ADVANCED_FACE('',(#1455),#1489,.T.);
#1455 = FACE_BOUND('',#1456,.T.);
#1456 = EDGE_LOOP('',(#1457,#1467,#1475,#1483));
#1457 = ORIENTED_EDGE('',*,*,#1458,.F.);
#1458 = EDGE_CURVE('',#1459,#1461,#1463,.T.);
#1459 = VERTEX_POINT('',#1460);
#1460 = CARTESIAN_POINT('',(242.5,-2.5,26.));
#1461 = VERTEX_POINT('',#1462);
#1462 = CARTESIAN_POINT('',(242.5,-2.5,284.));
#1463 = LINE('',#1464,#1465);
#1464 = CARTESIAN_POINT('',(242.5,-2.5,26.));
#1465 = VECTOR('',#1466,1.);
#1466 = DIRECTION('',(0.,0.,1.));
#1467 = ORIENTED_EDGE('',*,*,#1468,.T.);
#1468 = EDGE_CURVE('',#1459,#1469,#1471,.T.);
#1469 = VERTEX_POINT('',#1470);
#1470 = CARTESIAN_POINT('',(242.5,-0.5,26.));
#1471 = LINE('',#1472,#1473);
#1472 = CARTESIAN_POINT('',(242.5,-2.5,26.));
#1473 = VECTOR('',#1474,1.);
#1474 = DIRECTION('',(-0.,1.,0.));
#1475 = ORIENTED_EDGE('',*,*,#1476,.T.);
#1476 = EDGE_CURVE('',#1469,#1477,#1479,.T.);
#1477 = VERTEX_POINT('',#1478);
#1478 = CARTESIAN_POINT('',(242.5,-0.5,284.));
#1479 = LINE('',#1480,#1481);
#1480 = CARTESIAN_POINT('',(242.5,-0.5,26.));
#1481 = VECTOR('',#1482,1.);
#1482 = DIRECTION('',(0.,0.,1.));
#1483 = ORIENTED_EDGE('',*,*,#1484,.F.);
#1484 = EDGE_CURVE('',#1461,#1477,#1485,.T.);
#1485 = LINE('',#1486,#1487);
#1486 = CARTESIAN_POINT('',(242.5,-2.5,284.));
#1487 = VECTOR('',#1488,1.);
#1488 = DIRECTION('',(-0.,1.,0.));
#1489 = PLANE('',#1490);
#1490 = AXIS2_PLACEMENT_3D('',#1491,#1492,#1493);
#1491 = CARTESIAN_POINT('',(242.5,-2.5,26.));
#1492 = DIRECTION('',(1.,0.,-0.));
#1493 = DIRECTION('',(0.,0.,1.));
#1494 = ADVANCED_FACE('',(#1495),#1511,.F.);
#1495 = FACE_BOUND('',#1496,.F.);
#1496 = EDGE_LOOP('',(#1497,#1503,#1504,#1510));
#1497 = ORIENTED_EDGE('',*,*,#1498,.F.);
#1498 = EDGE_CURVE('',#1419,#1459,#1499,.T.);
#1499 = LINE('',#1500,#1501);
#1500 = CARTESIAN_POINT('',(67.5,-2.5,26.));
#1501 = VECTOR('',#1502,1.);
#1502 = DIRECTION('',(1.,0.,-0.));
#1503 = ORIENTED_EDGE('',*,*,#1418,.T.);
#1504 = ORIENTED_EDGE('',*,*,#1505,.T.);
#1505 = EDGE_CURVE('',#1421,#1461,#1506,.T.);
#1506 = LINE('',#1507,#1508);
#1507 = CARTESIAN_POINT('',(67.5,-2.5,284.));
#1508 = VECTOR('',#1509,1.);
#1509 = DIRECTION('',(1.,0.,-0.));
#1510 = ORIENTED_EDGE('',*,*,#1458,.F.);
#1511 = PLANE('',#1512);
#1512 = AXIS2_PLACEMENT_3D('',#1513,#1514,#1515);
#1513 = CARTESIAN_POINT('',(67.5,-2.5,26.));
#1514 = DIRECTION('',(-0.,1.,0.));
#1515 = DIRECTION('',(0.,0.,1.));
#1516 = ADVANCED_FACE('',(#1517),#1533,.T.);
#1517 = FACE_BOUND('',#1518,.T.);
#1518 = EDGE_LOOP('',(#1519,#1525,#1526,#1532));
#1519 = ORIENTED_EDGE('',*,*,#1520,.F.);
#1520 = EDGE_CURVE('',#1429,#1469,#1521,.T.);
#1521 = LINE('',#1522,#1523);
#1522 = CARTESIAN_POINT('',(67.5,-0.5,26.));
#1523 = VECTOR('',#1524,1.);
#1524 = DIRECTION('',(1.,0.,-0.));
#1525 = ORIENTED_EDGE('',*,*,#1436,.T.);
#1526 = ORIENTED_EDGE('',*,*,#1527,.T.);
#1527 = EDGE_CURVE('',#1437,#1477,#1528,.T.);
#1528 = LINE('',#1529,#1530);
#1529 = CARTESIAN_POINT('',(67.5,-0.5,284.));
#1530 = VECTOR('',#1531,1.);
#1531 = DIRECTION('',(1.,0.,-0.));
#1532 = ORIENTED_EDGE('',*,*,#1476,.F.);
#1533 = PLANE('',#1534);
#1534 = AXIS2_PLACEMENT_3D('',#1535,#1536,#1537);
#1535 = CARTESIAN_POINT('',(67.5,-0.5,26.));
#1536 = DIRECTION('',(-0.,1.,0.));
#1537 = DIRECTION('',(0.,0.,1.));
#1538 = ADVANCED_FACE('',(#1539),#1545,.F.);
#1539 = FACE_BOUND('',#1540,.F.);
#1540 = EDGE_LOOP('',(#1541,#1542,#1543,#1544));
#1541 = ORIENTED_EDGE('',*,*,#1428,.F.);
#1542 = ORIENTED_EDGE('',*,*,#1498,.T.);
#1543 = ORIENTED_EDGE('',*,*,#1468,.T.);
#1544 = ORIENTED_EDGE('',*,*,#1520,.F.);
#1545 = PLANE('',#1546);
#1546 = AXIS2_PLACEMENT_3D('',#1547,#1548,#1549);
#1547 = CARTESIAN_POINT('',(67.5,-2.5,26.));
#1548 = DIRECTION('',(0.,0.,1.));
#1549 = DIRECTION('',(1.,0.,-0.));
#1550 = ADVANCED_FACE('',(#1551),#1557,.T.);
#1551 = FACE_BOUND('',#1552,.T.);
#1552 = EDGE_LOOP('',(#1553,#1554,#1555,#1556));
#1553 = ORIENTED_EDGE('',*,*,#1444,.F.);
#1554 = ORIENTED_EDGE('',*,*,#1505,.T.);
#1555 = ORIENTED_EDGE('',*,*,#1484,.T.);
#1556 = ORIENTED_EDGE('',*,*,#1527,.F.);
#1557 = PLANE('',#1558);
#1558 = AXIS2_PLACEMENT_3D('',#1559,#1560,#1561);
#1559 = CARTESIAN_POINT('',(67.5,-2.5,284.));
#1560 = DIRECTION('',(0.,0.,1.));
#1561 = DIRECTION('',(1.,0.,-0.));
#1562 = ( GEOMETRIC_REPRESENTATION_CONTEXT(3) 
GLOBAL_UNCERTAINTY_ASSIGNED_CONTEXT((#1566)) 
GLOBAL_UNIT_ASSIGNED_CONTEXT((#1563,#1564,#1565)) REPRESENTATION_CONTEXT
('Context #1','3D Context with UNIT and UNCERTAINTY') );
#1563 = ( LENGTH_UNIT() NAMED_UNIT(*) SI_UNIT(.MILLI.,.METRE.) );
#1564 = ( NAMED_UNIT(*) PLANE_ANGLE_UNIT() SI_UNIT($,.RADIAN.) );
#1565 = ( NAMED_UNIT(*) SI_UNIT($,.STERADIAN.) SOLID_ANGLE_UNIT() );
#1566 = UNCERTAINTY_MEASURE_WITH_UNIT(LENGTH_MEASURE(1.E-07),#1563,
  'distance_accuracy_value','confusion accuracy');
#1567 = CONTEXT_DEPENDENT_SHAPE_REPRESENTATION(#1568,#1570);
#1568 = ( REPRESENTATION_RELATIONSHIP('','',#1411,#10) 
REPRESENTATION_RELATIONSHIP_WITH_TRANSFORMATION(#1569) 
SHAPE_REPRESENTATION_RELATIONSHIP() );
#1569 = ITEM_DEFINED_TRANSFORMATION('','',#11,#23);
#1570 = PRODUCT_DEFINITION_SHAPE('Placement','Placement of an item',
  #1571);
#1571 = NEXT_ASSEMBLY_USAGE_OCCURRENCE('58','Radome window (PTFE 2 mm)',
  '',#5,#1406,$);
#1572 = PRODUCT_RELATED_PRODUCT_CATEGORY('part',$,(#1408));
#1573 = SHAPE_DEFINITION_REPRESENTATION(#1574,#1580);
#1574 = PRODUCT_DEFINITION_SHAPE('','',#1575);
#1575 = PRODUCT_DEFINITION('design','',#1576,#1579);
#1576 = PRODUCT_DEFINITION_FORMATION('','',#1577);
#1577 = PRODUCT('Antenna panel PCB 16x8 patches (RO4350B 0.508 + Cu)',
  'Antenna panel PCB 16x8 patches (RO4350B 0.508 + Cu)','',(#1578));
#1578 = PRODUCT_CONTEXT('',#2,'mechanical');
#1579 = PRODUCT_DEFINITION_CONTEXT('part definition',#2,'design');
#1580 = ADVANCED_BREP_SHAPE_REPRESENTATION('',(#11,#1581),#1731);
#1581 = MANIFOLD_SOLID_BREP('',#1582);
#1582 = CLOSED_SHELL('',(#1583,#1623,#1663,#1685,#1707,#1719));
#1583 = ADVANCED_FACE('',(#1584),#1618,.F.);
#1584 = FACE_BOUND('',#1585,.F.);
#1585 = EDGE_LOOP('',(#1586,#1596,#1604,#1612));
#1586 = ORIENTED_EDGE('',*,*,#1587,.F.);
#1587 = EDGE_CURVE('',#1588,#1590,#1592,.T.);
#1588 = VERTEX_POINT('',#1589);
#1589 = CARTESIAN_POINT('',(72.5,8.,31.));
#1590 = VERTEX_POINT('',#1591);
#1591 = CARTESIAN_POINT('',(72.5,8.,279.));
#1592 = LINE('',#1593,#1594);
#1593 = CARTESIAN_POINT('',(72.5,8.,31.));
#1594 = VECTOR('',#1595,1.);
#1595 = DIRECTION('',(0.,0.,1.));
#1596 = ORIENTED_EDGE('',*,*,#1597,.T.);
#1597 = EDGE_CURVE('',#1588,#1598,#1600,.T.);
#1598 = VERTEX_POINT('',#1599);
#1599 = CARTESIAN_POINT('',(72.5,8.6,31.));
#1600 = LINE('',#1601,#1602);
#1601 = CARTESIAN_POINT('',(72.5,8.,31.));
#1602 = VECTOR('',#1603,1.);
#1603 = DIRECTION('',(-0.,1.,0.));
#1604 = ORIENTED_EDGE('',*,*,#1605,.T.);
#1605 = EDGE_CURVE('',#1598,#1606,#1608,.T.);
#1606 = VERTEX_POINT('',#1607);
#1607 = CARTESIAN_POINT('',(72.5,8.6,279.));
#1608 = LINE('',#1609,#1610);
#1609 = CARTESIAN_POINT('',(72.5,8.6,31.));
#1610 = VECTOR('',#1611,1.);
#1611 = DIRECTION('',(0.,0.,1.));
#1612 = ORIENTED_EDGE('',*,*,#1613,.F.);
#1613 = EDGE_CURVE('',#1590,#1606,#1614,.T.);
#1614 = LINE('',#1615,#1616);
#1615 = CARTESIAN_POINT('',(72.5,8.,279.));
#1616 = VECTOR('',#1617,1.);
#1617 = DIRECTION('',(-0.,1.,0.));
#1618 = PLANE('',#1619);
#1619 = AXIS2_PLACEMENT_3D('',#1620,#1621,#1622);
#1620 = CARTESIAN_POINT('',(72.5,8.,31.));
#1621 = DIRECTION('',(1.,0.,-0.));
#1622 = DIRECTION('',(0.,0.,1.));
#1623 = ADVANCED_FACE('',(#1624),#1658,.T.);
#1624 = FACE_BOUND('',#1625,.T.);
#1625 = EDGE_LOOP('',(#1626,#1636,#1644,#1652));
#1626 = ORIENTED_EDGE('',*,*,#1627,.F.);
#1627 = EDGE_CURVE('',#1628,#1630,#1632,.T.);
#1628 = VERTEX_POINT('',#1629);
#1629 = CARTESIAN_POINT('',(237.5,8.,31.));
#1630 = VERTEX_POINT('',#1631);
#1631 = CARTESIAN_POINT('',(237.5,8.,279.));
#1632 = LINE('',#1633,#1634);
#1633 = CARTESIAN_POINT('',(237.5,8.,31.));
#1634 = VECTOR('',#1635,1.);
#1635 = DIRECTION('',(0.,0.,1.));
#1636 = ORIENTED_EDGE('',*,*,#1637,.T.);
#1637 = EDGE_CURVE('',#1628,#1638,#1640,.T.);
#1638 = VERTEX_POINT('',#1639);
#1639 = CARTESIAN_POINT('',(237.5,8.6,31.));
#1640 = LINE('',#1641,#1642);
#1641 = CARTESIAN_POINT('',(237.5,8.,31.));
#1642 = VECTOR('',#1643,1.);
#1643 = DIRECTION('',(-0.,1.,0.));
#1644 = ORIENTED_EDGE('',*,*,#1645,.T.);
#1645 = EDGE_CURVE('',#1638,#1646,#1648,.T.);
#1646 = VERTEX_POINT('',#1647);
#1647 = CARTESIAN_POINT('',(237.5,8.6,279.));
#1648 = LINE('',#1649,#1650);
#1649 = CARTESIAN_POINT('',(237.5,8.6,31.));
#1650 = VECTOR('',#1651,1.);
#1651 = DIRECTION('',(0.,0.,1.));
#1652 = ORIENTED_EDGE('',*,*,#1653,.F.);
#1653 = EDGE_CURVE('',#1630,#1646,#1654,.T.);
#1654 = LINE('',#1655,#1656);
#1655 = CARTESIAN_POINT('',(237.5,8.,279.));
#1656 = VECTOR('',#1657,1.);
#1657 = DIRECTION('',(-0.,1.,0.));
#1658 = PLANE('',#1659);
#1659 = AXIS2_PLACEMENT_3D('',#1660,#1661,#1662);
#1660 = CARTESIAN_POINT('',(237.5,8.,31.));
#1661 = DIRECTION('',(1.,0.,-0.));
#1662 = DIRECTION('',(0.,0.,1.));
#1663 = ADVANCED_FACE('',(#1664),#1680,.F.);
#1664 = FACE_BOUND('',#1665,.F.);
#1665 = EDGE_LOOP('',(#1666,#1672,#1673,#1679));
#1666 = ORIENTED_EDGE('',*,*,#1667,.F.);
#1667 = EDGE_CURVE('',#1588,#1628,#1668,.T.);
#1668 = LINE('',#1669,#1670);
#1669 = CARTESIAN_POINT('',(72.5,8.,31.));
#1670 = VECTOR('',#1671,1.);
#1671 = DIRECTION('',(1.,0.,-0.));
#1672 = ORIENTED_EDGE('',*,*,#1587,.T.);
#1673 = ORIENTED_EDGE('',*,*,#1674,.T.);
#1674 = EDGE_CURVE('',#1590,#1630,#1675,.T.);
#1675 = LINE('',#1676,#1677);
#1676 = CARTESIAN_POINT('',(72.5,8.,279.));
#1677 = VECTOR('',#1678,1.);
#1678 = DIRECTION('',(1.,0.,-0.));
#1679 = ORIENTED_EDGE('',*,*,#1627,.F.);
#1680 = PLANE('',#1681);
#1681 = AXIS2_PLACEMENT_3D('',#1682,#1683,#1684);
#1682 = CARTESIAN_POINT('',(72.5,8.,31.));
#1683 = DIRECTION('',(-0.,1.,0.));
#1684 = DIRECTION('',(0.,0.,1.));
#1685 = ADVANCED_FACE('',(#1686),#1702,.T.);
#1686 = FACE_BOUND('',#1687,.T.);
#1687 = EDGE_LOOP('',(#1688,#1694,#1695,#1701));
#1688 = ORIENTED_EDGE('',*,*,#1689,.F.);
#1689 = EDGE_CURVE('',#1598,#1638,#1690,.T.);
#1690 = LINE('',#1691,#1692);
#1691 = CARTESIAN_POINT('',(72.5,8.6,31.));
#1692 = VECTOR('',#1693,1.);
#1693 = DIRECTION('',(1.,0.,-0.));
#1694 = ORIENTED_EDGE('',*,*,#1605,.T.);
#1695 = ORIENTED_EDGE('',*,*,#1696,.T.);
#1696 = EDGE_CURVE('',#1606,#1646,#1697,.T.);
#1697 = LINE('',#1698,#1699);
#1698 = CARTESIAN_POINT('',(72.5,8.6,279.));
#1699 = VECTOR('',#1700,1.);
#1700 = DIRECTION('',(1.,0.,-0.));
#1701 = ORIENTED_EDGE('',*,*,#1645,.F.);
#1702 = PLANE('',#1703);
#1703 = AXIS2_PLACEMENT_3D('',#1704,#1705,#1706);
#1704 = CARTESIAN_POINT('',(72.5,8.6,31.));
#1705 = DIRECTION('',(-0.,1.,0.));
#1706 = DIRECTION('',(0.,0.,1.));
#1707 = ADVANCED_FACE('',(#1708),#1714,.F.);
#1708 = FACE_BOUND('',#1709,.F.);
#1709 = EDGE_LOOP('',(#1710,#1711,#1712,#1713));
#1710 = ORIENTED_EDGE('',*,*,#1597,.F.);
#1711 = ORIENTED_EDGE('',*,*,#1667,.T.);
#1712 = ORIENTED_EDGE('',*,*,#1637,.T.);
#1713 = ORIENTED_EDGE('',*,*,#1689,.F.);
#1714 = PLANE('',#1715);
#1715 = AXIS2_PLACEMENT_3D('',#1716,#1717,#1718);
#1716 = CARTESIAN_POINT('',(72.5,8.,31.));
#1717 = DIRECTION('',(0.,0.,1.));
#1718 = DIRECTION('',(1.,0.,-0.));
#1719 = ADVANCED_FACE('',(#1720),#1726,.T.);
#1720 = FACE_BOUND('',#1721,.T.);
#1721 = EDGE_LOOP('',(#1722,#1723,#1724,#1725));
#1722 = ORIENTED_EDGE('',*,*,#1613,.F.);
#1723 = ORIENTED_EDGE('',*,*,#1674,.T.);
#1724 = ORIENTED_EDGE('',*,*,#1653,.T.);
#1725 = ORIENTED_EDGE('',*,*,#1696,.F.);
#1726 = PLANE('',#1727);
#1727 = AXIS2_PLACEMENT_3D('',#1728,#1729,#1730);
#1728 = CARTESIAN_POINT('',(72.5,8.,279.));
#1729 = DIRECTION('',(0.,0.,1.));
#1730 = DIRECTION('',(1.,0.,-0.));
#1731 = ( GEOMETRIC_REPRESENTATION_CONTEXT(3) 
GLOBAL_UNCERTAINTY_ASSIGNED_CONTEXT((#1735)) 
GLOBAL_UNIT_ASSIGNED_CONTEXT((#1732,#1733,#1734)) REPRESENTATION_CONTEXT
('Context #1','3D Context with UNIT and UNCERTAINTY') );
#1732 = ( LENGTH_UNIT() NAMED_UNIT(*) SI_UNIT(.MILLI.,.METRE.) );
#1733 = ( NAMED_UNIT(*) PLANE_ANGLE_UNIT() SI_UNIT($,.RADIAN.) );
#1734 = ( NAMED_UNIT(*) SI_UNIT($,.STERADIAN.) SOLID_ANGLE_UNIT() );
#1735 = UNCERTAINTY_MEASURE_WITH_UNIT(LENGTH_MEASURE(1.E-07),#1732,
  'distance_accuracy_value','confusion accuracy');
#1736 = CONTEXT_DEPENDENT_SHAPE_REPRESENTATION(#1737,#1739);
#1737 = ( REPRESENTATION_RELATIONSHIP('','',#1580,#10) 
REPRESENTATION_RELATIONSHIP_WITH_TRANSFORMATION(#1738) 
SHAPE_REPRESENTATION_RELATIONSHIP() );
#1738 = ITEM_DEFINED_TRANSFORMATION('','',#11,#27);
#1739 = PRODUCT_DEFINITION_SHAPE('Placement','Placement of an item',
  #1740);
#1740 = NEXT_ASSEMBLY_USAGE_OCCURRENCE('59',
  'Antenna panel PCB 16x8 patches (RO4350B 0.508 + Cu)','',#5,#1575,$);
#1741 = PRODUCT_RELATED_PRODUCT_CATEGORY('part',$,(#1577));
#1742 = SHAPE_DEFINITION_REPRESENTATION(#1743,#1749);
#1743 = PRODUCT_DEFINITION_SHAPE('','',#1744);
#1744 = PRODUCT_DEFINITION('design','',#1745,#1748);
#1745 = PRODUCT_DEFINITION_FORMATION('','',#1746);
#1746 = PRODUCT('PA heat spreader 300x300x10 Al with 2 fin fields',
  'PA heat spreader 300x300x10 Al with 2 fin fields','',(#1747));
#1747 = PRODUCT_CONTEXT('',#2,'mechanical');
#1748 = PRODUCT_DEFINITION_CONTEXT('part definition',#2,'design');
#1749 = ADVANCED_BREP_SHAPE_REPRESENTATION('',(#11,#1750),#5592);
#1750 = MANIFOLD_SOLID_BREP('',#1751);
#1751 = CLOSED_SHELL('',(#1752,#1792,#1823,#1847,#2755,#2772,#2784,#2815
    ,#2839,#2863,#2880,#2911,#2935,#2959,#2976,#3007,#3031,#3055,#3072,
    #3103,#3127,#3151,#3168,#3199,#3223,#3247,#3264,#3295,#3319,#3343,
    #3360,#3391,#3415,#3439,#3456,#3487,#3511,#3535,#3552,#3583,#3607,
    #3631,#3648,#3679,#3703,#3727,#3744,#3775,#3799,#3823,#3840,#3871,
    #3895,#3919,#3936,#3967,#3991,#4015,#4032,#4063,#4087,#4111,#4128,
    #4159,#4183,#4207,#4224,#4255,#4279,#4303,#4320,#4351,#4375,#4399,
    #4416,#4447,#4471,#4495,#4512,#4543,#4567,#4591,#4608,#4639,#4663,
    #4687,#4704,#4735,#4759,#4783,#4800,#4831,#4855,#4879,#4896,#4927,
    #4951,#4975,#4992,#5023,#5047,#5071,#5088,#5119,#5143,#5167,#5184,
    #5215,#5239,#5263,#5280,#5292,#5304,#5316,#5328,#5340,#5352,#5364,
    #5376,#5388,#5400,#5412,#5424,#5436,#5448,#5460,#5472,#5484,#5496,
    #5508,#5520,#5532,#5544,#5556,#5568,#5580));
#1752 = ADVANCED_FACE('',(#1753),#1787,.F.);
#1753 = FACE_BOUND('',#1754,.F.);
#1754 = EDGE_LOOP('',(#1755,#1765,#1773,#1781));
#1755 = ORIENTED_EDGE('',*,*,#1756,.F.);
#1756 = EDGE_CURVE('',#1757,#1759,#1761,.T.);
#1757 = VERTEX_POINT('',#1758);
#1758 = CARTESIAN_POINT('',(5.,11.,5.));
#1759 = VERTEX_POINT('',#1760);
#1760 = CARTESIAN_POINT('',(5.,11.,305.));
#1761 = LINE('',#1762,#1763);
#1762 = CARTESIAN_POINT('',(5.,11.,5.));
#1763 = VECTOR('',#1764,1.);
#1764 = DIRECTION('',(0.,0.,1.));
#1765 = ORIENTED_EDGE('',*,*,#1766,.T.);
#1766 = EDGE_CURVE('',#1757,#1767,#1769,.T.);
#1767 = VERTEX_POINT('',#1768);
#1768 = CARTESIAN_POINT('',(5.,21.,5.));
#1769 = LINE('',#1770,#1771);
#1770 = CARTESIAN_POINT('',(5.,11.,5.));
#1771 = VECTOR('',#1772,1.);
#1772 = DIRECTION('',(-0.,1.,0.));
#1773 = ORIENTED_EDGE('',*,*,#1774,.T.);
#1774 = EDGE_CURVE('',#1767,#1775,#1777,.T.);
#1775 = VERTEX_POINT('',#1776);
#1776 = CARTESIAN_POINT('',(5.,21.,305.));
#1777 = LINE('',#1778,#1779);
#1778 = CARTESIAN_POINT('',(5.,21.,5.));
#1779 = VECTOR('',#1780,1.);
#1780 = DIRECTION('',(0.,0.,1.));
#1781 = ORIENTED_EDGE('',*,*,#1782,.F.);
#1782 = EDGE_CURVE('',#1759,#1775,#1783,.T.);
#1783 = LINE('',#1784,#1785);
#1784 = CARTESIAN_POINT('',(5.,11.,305.));
#1785 = VECTOR('',#1786,1.);
#1786 = DIRECTION('',(-0.,1.,0.));
#1787 = PLANE('',#1788);
#1788 = AXIS2_PLACEMENT_3D('',#1789,#1790,#1791);
#1789 = CARTESIAN_POINT('',(5.,11.,5.));
#1790 = DIRECTION('',(1.,0.,-0.));
#1791 = DIRECTION('',(0.,0.,1.));
#1792 = ADVANCED_FACE('',(#1793),#1818,.F.);
#1793 = FACE_BOUND('',#1794,.F.);
#1794 = EDGE_LOOP('',(#1795,#1803,#1804,#1812));
#1795 = ORIENTED_EDGE('',*,*,#1796,.F.);
#1796 = EDGE_CURVE('',#1757,#1797,#1799,.T.);
#1797 = VERTEX_POINT('',#1798);
#1798 = CARTESIAN_POINT('',(305.,11.,5.));
#1799 = LINE('',#1800,#1801);
#1800 = CARTESIAN_POINT('',(5.,11.,5.));
#1801 = VECTOR('',#1802,1.);
#1802 = DIRECTION('',(1.,0.,-0.));
#1803 = ORIENTED_EDGE('',*,*,#1756,.T.);
#1804 = ORIENTED_EDGE('',*,*,#1805,.T.);
#1805 = EDGE_CURVE('',#1759,#1806,#1808,.T.);
#1806 = VERTEX_POINT('',#1807);
#1807 = CARTESIAN_POINT('',(305.,11.,305.));
#1808 = LINE('',#1809,#1810);
#1809 = CARTESIAN_POINT('',(5.,11.,305.));
#1810 = VECTOR('',#1811,1.);
#1811 = DIRECTION('',(1.,0.,-0.));
#1812 = ORIENTED_EDGE('',*,*,#1813,.F.);
#1813 = EDGE_CURVE('',#1797,#1806,#1814,.T.);
#1814 = LINE('',#1815,#1816);
#1815 = CARTESIAN_POINT('',(305.,11.,5.));
#1816 = VECTOR('',#1817,1.);
#1817 = DIRECTION('',(0.,0.,1.));
#1818 = PLANE('',#1819);
#1819 = AXIS2_PLACEMENT_3D('',#1820,#1821,#1822);
#1820 = CARTESIAN_POINT('',(5.,11.,5.));
#1821 = DIRECTION('',(-0.,1.,0.));
#1822 = DIRECTION('',(0.,0.,1.));
#1823 = ADVANCED_FACE('',(#1824),#1842,.T.);
#1824 = FACE_BOUND('',#1825,.T.);
#1825 = EDGE_LOOP('',(#1826,#1827,#1828,#1836));
#1826 = ORIENTED_EDGE('',*,*,#1782,.F.);
#1827 = ORIENTED_EDGE('',*,*,#1805,.T.);
#1828 = ORIENTED_EDGE('',*,*,#1829,.T.);
#1829 = EDGE_CURVE('',#1806,#1830,#1832,.T.);
#1830 = VERTEX_POINT('',#1831);
#1831 = CARTESIAN_POINT('',(305.,21.,305.));
#1832 = LINE('',#1833,#1834);
#1833 = CARTESIAN_POINT('',(305.,11.,305.));
#1834 = VECTOR('',#1835,1.);
#1835 = DIRECTION('',(-0.,1.,0.));
#1836 = ORIENTED_EDGE('',*,*,#1837,.F.);
#1837 = EDGE_CURVE('',#1775,#1830,#1838,.T.);
#1838 = LINE('',#1839,#1840);
#1839 = CARTESIAN_POINT('',(5.,21.,305.));
#1840 = VECTOR('',#1841,1.);
#1841 = DIRECTION('',(1.,0.,-0.));
#1842 = PLANE('',#1843);
#1843 = AXIS2_PLACEMENT_3D('',#1844,#1845,#1846);
#1844 = CARTESIAN_POINT('',(5.,11.,305.));
#1845 = DIRECTION('',(0.,0.,1.));
#1846 = DIRECTION('',(1.,0.,-0.));
#1847 = ADVANCED_FACE('',(#1848,#1866,#1900,#1934,#1968,#2002,#2036,
    #2070,#2104,#2138,#2172,#2206,#2240,#2274,#2308,#2342,#2376,#2410,
    #2444,#2478,#2512,#2546,#2580,#2614,#2648,#2682,#2716),#2750,.T.);
#1848 = FACE_BOUND('',#1849,.T.);
#1849 = EDGE_LOOP('',(#1850,#1858,#1859,#1860));
#1850 = ORIENTED_EDGE('',*,*,#1851,.F.);
#1851 = EDGE_CURVE('',#1767,#1852,#1854,.T.);
#1852 = VERTEX_POINT('',#1853);
#1853 = CARTESIAN_POINT('',(305.,21.,5.));
#1854 = LINE('',#1855,#1856);
#1855 = CARTESIAN_POINT('',(5.,21.,5.));
#1856 = VECTOR('',#1857,1.);
#1857 = DIRECTION('',(1.,0.,-0.));
#1858 = ORIENTED_EDGE('',*,*,#1774,.T.);
#1859 = ORIENTED_EDGE('',*,*,#1837,.T.);
#1860 = ORIENTED_EDGE('',*,*,#1861,.F.);
#1861 = EDGE_CURVE('',#1852,#1830,#1862,.T.);
#1862 = LINE('',#1863,#1864);
#1863 = CARTESIAN_POINT('',(305.,21.,5.));
#1864 = VECTOR('',#1865,1.);
#1865 = DIRECTION('',(0.,0.,1.));
#1866 = FACE_BOUND('',#1867,.T.);
#1867 = EDGE_LOOP('',(#1868,#1878,#1886,#1894));
#1868 = ORIENTED_EDGE('',*,*,#1869,.F.);
#1869 = EDGE_CURVE('',#1870,#1872,#1874,.T.);
#1870 = VERTEX_POINT('',#1871);
#1871 = CARTESIAN_POINT('',(6.,21.,15.));
#1872 = VERTEX_POINT('',#1873);
#1873 = CARTESIAN_POINT('',(6.,21.,295.));
#1874 = LINE('',#1875,#1876);
#1875 = CARTESIAN_POINT('',(6.,21.,15.));
#1876 = VECTOR('',#1877,1.);
#1877 = DIRECTION('',(0.,0.,1.));
#1878 = ORIENTED_EDGE('',*,*,#1879,.T.);
#1879 = EDGE_CURVE('',#1870,#1880,#1882,.T.);
#1880 = VERTEX_POINT('',#1881);
#1881 = CARTESIAN_POINT('',(8.,21.,15.));
#1882 = LINE('',#1883,#1884);
#1883 = CARTESIAN_POINT('',(6.,21.,15.));
#1884 = VECTOR('',#1885,1.);
#1885 = DIRECTION('',(1.,0.,-0.));
#1886 = ORIENTED_EDGE('',*,*,#1887,.T.);
#1887 = EDGE_CURVE('',#1880,#1888,#1890,.T.);
#1888 = VERTEX_POINT('',#1889);
#1889 = CARTESIAN_POINT('',(8.,21.,295.));
#1890 = LINE('',#1891,#1892);
#1891 = CARTESIAN_POINT('',(8.,21.,15.));
#1892 = VECTOR('',#1893,1.);
#1893 = DIRECTION('',(0.,0.,1.));
#1894 = ORIENTED_EDGE('',*,*,#1895,.F.);
#1895 = EDGE_CURVE('',#1872,#1888,#1896,.T.);
#1896 = LINE('',#1897,#1898);
#1897 = CARTESIAN_POINT('',(6.,21.,295.));
#1898 = VECTOR('',#1899,1.);
#1899 = DIRECTION('',(1.,0.,-0.));
#1900 = FACE_BOUND('',#1901,.T.);
#1901 = EDGE_LOOP('',(#1902,#1912,#1920,#1928));
#1902 = ORIENTED_EDGE('',*,*,#1903,.F.);
#1903 = EDGE_CURVE('',#1904,#1906,#1908,.T.);
#1904 = VERTEX_POINT('',#1905);
#1905 = CARTESIAN_POINT('',(10.,21.,15.));
#1906 = VERTEX_POINT('',#1907);
#1907 = CARTESIAN_POINT('',(10.,21.,295.));
#1908 = LINE('',#1909,#1910);
#1909 = CARTESIAN_POINT('',(10.,21.,15.));
#1910 = VECTOR('',#1911,1.);
#1911 = DIRECTION('',(0.,0.,1.));
#1912 = ORIENTED_EDGE('',*,*,#1913,.T.);
#1913 = EDGE_CURVE('',#1904,#1914,#1916,.T.);
#1914 = VERTEX_POINT('',#1915);
#1915 = CARTESIAN_POINT('',(12.,21.,15.));
#1916 = LINE('',#1917,#1918);
#1917 = CARTESIAN_POINT('',(10.,21.,15.));
#1918 = VECTOR('',#1919,1.);
#1919 = DIRECTION('',(1.,0.,-0.));
#1920 = ORIENTED_EDGE('',*,*,#1921,.T.);
#1921 = EDGE_CURVE('',#1914,#1922,#1924,.T.);
#1922 = VERTEX_POINT('',#1923);
#1923 = CARTESIAN_POINT('',(12.,21.,295.));
#1924 = LINE('',#1925,#1926);
#1925 = CARTESIAN_POINT('',(12.,21.,15.));
#1926 = VECTOR('',#1927,1.);
#1927 = DIRECTION('',(0.,0.,1.));
#1928 = ORIENTED_EDGE('',*,*,#1929,.F.);
#1929 = EDGE_CURVE('',#1906,#1922,#1930,.T.);
#1930 = LINE('',#1931,#1932);
#1931 = CARTESIAN_POINT('',(10.,21.,295.));
#1932 = VECTOR('',#1933,1.);
#1933 = DIRECTION('',(1.,0.,-0.));
#1934 = FACE_BOUND('',#1935,.T.);
#1935 = EDGE_LOOP('',(#1936,#1946,#1954,#1962));
#1936 = ORIENTED_EDGE('',*,*,#1937,.F.);
#1937 = EDGE_CURVE('',#1938,#1940,#1942,.T.);
#1938 = VERTEX_POINT('',#1939);
#1939 = CARTESIAN_POINT('',(14.,21.,15.));
#1940 = VERTEX_POINT('',#1941);
#1941 = CARTESIAN_POINT('',(14.,21.,295.));
#1942 = LINE('',#1943,#1944);
#1943 = CARTESIAN_POINT('',(14.,21.,15.));
#1944 = VECTOR('',#1945,1.);
#1945 = DIRECTION('',(0.,0.,1.));
#1946 = ORIENTED_EDGE('',*,*,#1947,.T.);
#1947 = EDGE_CURVE('',#1938,#1948,#1950,.T.);
#1948 = VERTEX_POINT('',#1949);
#1949 = CARTESIAN_POINT('',(16.,21.,15.));
#1950 = LINE('',#1951,#1952);
#1951 = CARTESIAN_POINT('',(14.,21.,15.));
#1952 = VECTOR('',#1953,1.);
#1953 = DIRECTION('',(1.,0.,-0.));
#1954 = ORIENTED_EDGE('',*,*,#1955,.T.);
#1955 = EDGE_CURVE('',#1948,#1956,#1958,.T.);
#1956 = VERTEX_POINT('',#1957);
#1957 = CARTESIAN_POINT('',(16.,21.,295.));
#1958 = LINE('',#1959,#1960);
#1959 = CARTESIAN_POINT('',(16.,21.,15.));
#1960 = VECTOR('',#1961,1.);
#1961 = DIRECTION('',(0.,0.,1.));
#1962 = ORIENTED_EDGE('',*,*,#1963,.F.);
#1963 = EDGE_CURVE('',#1940,#1956,#1964,.T.);
#1964 = LINE('',#1965,#1966);
#1965 = CARTESIAN_POINT('',(14.,21.,295.));
#1966 = VECTOR('',#1967,1.);
#1967 = DIRECTION('',(1.,0.,-0.));
#1968 = FACE_BOUND('',#1969,.T.);
#1969 = EDGE_LOOP('',(#1970,#1980,#1988,#1996));
#1970 = ORIENTED_EDGE('',*,*,#1971,.F.);
#1971 = EDGE_CURVE('',#1972,#1974,#1976,.T.);
#1972 = VERTEX_POINT('',#1973);
#1973 = CARTESIAN_POINT('',(18.,21.,15.));
#1974 = VERTEX_POINT('',#1975);
#1975 = CARTESIAN_POINT('',(18.,21.,295.));
#1976 = LINE('',#1977,#1978);
#1977 = CARTESIAN_POINT('',(18.,21.,15.));
#1978 = VECTOR('',#1979,1.);
#1979 = DIRECTION('',(0.,0.,1.));
#1980 = ORIENTED_EDGE('',*,*,#1981,.T.);
#1981 = EDGE_CURVE('',#1972,#1982,#1984,.T.);
#1982 = VERTEX_POINT('',#1983);
#1983 = CARTESIAN_POINT('',(20.,21.,15.));
#1984 = LINE('',#1985,#1986);
#1985 = CARTESIAN_POINT('',(18.,21.,15.));
#1986 = VECTOR('',#1987,1.);
#1987 = DIRECTION('',(1.,0.,-0.));
#1988 = ORIENTED_EDGE('',*,*,#1989,.T.);
#1989 = EDGE_CURVE('',#1982,#1990,#1992,.T.);
#1990 = VERTEX_POINT('',#1991);
#1991 = CARTESIAN_POINT('',(20.,21.,295.));
#1992 = LINE('',#1993,#1994);
#1993 = CARTESIAN_POINT('',(20.,21.,15.));
#1994 = VECTOR('',#1995,1.);
#1995 = DIRECTION('',(0.,0.,1.));
#1996 = ORIENTED_EDGE('',*,*,#1997,.F.);
#1997 = EDGE_CURVE('',#1974,#1990,#1998,.T.);
#1998 = LINE('',#1999,#2000);
#1999 = CARTESIAN_POINT('',(18.,21.,295.));
#2000 = VECTOR('',#2001,1.);
#2001 = DIRECTION('',(1.,0.,-0.));
#2002 = FACE_BOUND('',#2003,.T.);
#2003 = EDGE_LOOP('',(#2004,#2014,#2022,#2030));
#2004 = ORIENTED_EDGE('',*,*,#2005,.F.);
#2005 = EDGE_CURVE('',#2006,#2008,#2010,.T.);
#2006 = VERTEX_POINT('',#2007);
#2007 = CARTESIAN_POINT('',(22.,21.,15.));
#2008 = VERTEX_POINT('',#2009);
#2009 = CARTESIAN_POINT('',(22.,21.,295.));
#2010 = LINE('',#2011,#2012);
#2011 = CARTESIAN_POINT('',(22.,21.,15.));
#2012 = VECTOR('',#2013,1.);
#2013 = DIRECTION('',(0.,0.,1.));
#2014 = ORIENTED_EDGE('',*,*,#2015,.T.);
#2015 = EDGE_CURVE('',#2006,#2016,#2018,.T.);
#2016 = VERTEX_POINT('',#2017);
#2017 = CARTESIAN_POINT('',(24.,21.,15.));
#2018 = LINE('',#2019,#2020);
#2019 = CARTESIAN_POINT('',(22.,21.,15.));
#2020 = VECTOR('',#2021,1.);
#2021 = DIRECTION('',(1.,0.,-0.));
#2022 = ORIENTED_EDGE('',*,*,#2023,.T.);
#2023 = EDGE_CURVE('',#2016,#2024,#2026,.T.);
#2024 = VERTEX_POINT('',#2025);
#2025 = CARTESIAN_POINT('',(24.,21.,295.));
#2026 = LINE('',#2027,#2028);
#2027 = CARTESIAN_POINT('',(24.,21.,15.));
#2028 = VECTOR('',#2029,1.);
#2029 = DIRECTION('',(0.,0.,1.));
#2030 = ORIENTED_EDGE('',*,*,#2031,.F.);
#2031 = EDGE_CURVE('',#2008,#2024,#2032,.T.);
#2032 = LINE('',#2033,#2034);
#2033 = CARTESIAN_POINT('',(22.,21.,295.));
#2034 = VECTOR('',#2035,1.);
#2035 = DIRECTION('',(1.,0.,-0.));
#2036 = FACE_BOUND('',#2037,.T.);
#2037 = EDGE_LOOP('',(#2038,#2048,#2056,#2064));
#2038 = ORIENTED_EDGE('',*,*,#2039,.F.);
#2039 = EDGE_CURVE('',#2040,#2042,#2044,.T.);
#2040 = VERTEX_POINT('',#2041);
#2041 = CARTESIAN_POINT('',(26.,21.,15.));
#2042 = VERTEX_POINT('',#2043);
#2043 = CARTESIAN_POINT('',(26.,21.,295.));
#2044 = LINE('',#2045,#2046);
#2045 = CARTESIAN_POINT('',(26.,21.,15.));
#2046 = VECTOR('',#2047,1.);
#2047 = DIRECTION('',(0.,0.,1.));
#2048 = ORIENTED_EDGE('',*,*,#2049,.T.);
#2049 = EDGE_CURVE('',#2040,#2050,#2052,.T.);
#2050 = VERTEX_POINT('',#2051);
#2051 = CARTESIAN_POINT('',(28.,21.,15.));
#2052 = LINE('',#2053,#2054);
#2053 = CARTESIAN_POINT('',(26.,21.,15.));
#2054 = VECTOR('',#2055,1.);
#2055 = DIRECTION('',(1.,0.,-0.));
#2056 = ORIENTED_EDGE('',*,*,#2057,.T.);
#2057 = EDGE_CURVE('',#2050,#2058,#2060,.T.);
#2058 = VERTEX_POINT('',#2059);
#2059 = CARTESIAN_POINT('',(28.,21.,295.));
#2060 = LINE('',#2061,#2062);
#2061 = CARTESIAN_POINT('',(28.,21.,15.));
#2062 = VECTOR('',#2063,1.);
#2063 = DIRECTION('',(0.,0.,1.));
#2064 = ORIENTED_EDGE('',*,*,#2065,.F.);
#2065 = EDGE_CURVE('',#2042,#2058,#2066,.T.);
#2066 = LINE('',#2067,#2068);
#2067 = CARTESIAN_POINT('',(26.,21.,295.));
#2068 = VECTOR('',#2069,1.);
#2069 = DIRECTION('',(1.,0.,-0.));
#2070 = FACE_BOUND('',#2071,.T.);
#2071 = EDGE_LOOP('',(#2072,#2082,#2090,#2098));
#2072 = ORIENTED_EDGE('',*,*,#2073,.F.);
#2073 = EDGE_CURVE('',#2074,#2076,#2078,.T.);
#2074 = VERTEX_POINT('',#2075);
#2075 = CARTESIAN_POINT('',(30.,21.,15.));
#2076 = VERTEX_POINT('',#2077);
#2077 = CARTESIAN_POINT('',(30.,21.,295.));
#2078 = LINE('',#2079,#2080);
#2079 = CARTESIAN_POINT('',(30.,21.,15.));
#2080 = VECTOR('',#2081,1.);
#2081 = DIRECTION('',(0.,0.,1.));
#2082 = ORIENTED_EDGE('',*,*,#2083,.T.);
#2083 = EDGE_CURVE('',#2074,#2084,#2086,.T.);
#2084 = VERTEX_POINT('',#2085);
#2085 = CARTESIAN_POINT('',(32.,21.,15.));
#2086 = LINE('',#2087,#2088);
#2087 = CARTESIAN_POINT('',(30.,21.,15.));
#2088 = VECTOR('',#2089,1.);
#2089 = DIRECTION('',(1.,0.,-0.));
#2090 = ORIENTED_EDGE('',*,*,#2091,.T.);
#2091 = EDGE_CURVE('',#2084,#2092,#2094,.T.);
#2092 = VERTEX_POINT('',#2093);
#2093 = CARTESIAN_POINT('',(32.,21.,295.));
#2094 = LINE('',#2095,#2096);
#2095 = CARTESIAN_POINT('',(32.,21.,15.));
#2096 = VECTOR('',#2097,1.);
#2097 = DIRECTION('',(0.,0.,1.));
#2098 = ORIENTED_EDGE('',*,*,#2099,.F.);
#2099 = EDGE_CURVE('',#2076,#2092,#2100,.T.);
#2100 = LINE('',#2101,#2102);
#2101 = CARTESIAN_POINT('',(30.,21.,295.));
#2102 = VECTOR('',#2103,1.);
#2103 = DIRECTION('',(1.,0.,-0.));
#2104 = FACE_BOUND('',#2105,.T.);
#2105 = EDGE_LOOP('',(#2106,#2116,#2124,#2132));
#2106 = ORIENTED_EDGE('',*,*,#2107,.F.);
#2107 = EDGE_CURVE('',#2108,#2110,#2112,.T.);
#2108 = VERTEX_POINT('',#2109);
#2109 = CARTESIAN_POINT('',(34.,21.,15.));
#2110 = VERTEX_POINT('',#2111);
#2111 = CARTESIAN_POINT('',(34.,21.,295.));
#2112 = LINE('',#2113,#2114);
#2113 = CARTESIAN_POINT('',(34.,21.,15.));
#2114 = VECTOR('',#2115,1.);
#2115 = DIRECTION('',(0.,0.,1.));
#2116 = ORIENTED_EDGE('',*,*,#2117,.T.);
#2117 = EDGE_CURVE('',#2108,#2118,#2120,.T.);
#2118 = VERTEX_POINT('',#2119);
#2119 = CARTESIAN_POINT('',(36.,21.,15.));
#2120 = LINE('',#2121,#2122);
#2121 = CARTESIAN_POINT('',(34.,21.,15.));
#2122 = VECTOR('',#2123,1.);
#2123 = DIRECTION('',(1.,0.,-0.));
#2124 = ORIENTED_EDGE('',*,*,#2125,.T.);
#2125 = EDGE_CURVE('',#2118,#2126,#2128,.T.);
#2126 = VERTEX_POINT('',#2127);
#2127 = CARTESIAN_POINT('',(36.,21.,295.));
#2128 = LINE('',#2129,#2130);
#2129 = CARTESIAN_POINT('',(36.,21.,15.));
#2130 = VECTOR('',#2131,1.);
#2131 = DIRECTION('',(0.,0.,1.));
#2132 = ORIENTED_EDGE('',*,*,#2133,.F.);
#2133 = EDGE_CURVE('',#2110,#2126,#2134,.T.);
#2134 = LINE('',#2135,#2136);
#2135 = CARTESIAN_POINT('',(34.,21.,295.));
#2136 = VECTOR('',#2137,1.);
#2137 = DIRECTION('',(1.,0.,-0.));
#2138 = FACE_BOUND('',#2139,.T.);
#2139 = EDGE_LOOP('',(#2140,#2150,#2158,#2166));
#2140 = ORIENTED_EDGE('',*,*,#2141,.F.);
#2141 = EDGE_CURVE('',#2142,#2144,#2146,.T.);
#2142 = VERTEX_POINT('',#2143);
#2143 = CARTESIAN_POINT('',(38.,21.,15.));
#2144 = VERTEX_POINT('',#2145);
#2145 = CARTESIAN_POINT('',(38.,21.,295.));
#2146 = LINE('',#2147,#2148);
#2147 = CARTESIAN_POINT('',(38.,21.,15.));
#2148 = VECTOR('',#2149,1.);
#2149 = DIRECTION('',(0.,0.,1.));
#2150 = ORIENTED_EDGE('',*,*,#2151,.T.);
#2151 = EDGE_CURVE('',#2142,#2152,#2154,.T.);
#2152 = VERTEX_POINT('',#2153);
#2153 = CARTESIAN_POINT('',(40.,21.,15.));
#2154 = LINE('',#2155,#2156);
#2155 = CARTESIAN_POINT('',(38.,21.,15.));
#2156 = VECTOR('',#2157,1.);
#2157 = DIRECTION('',(1.,0.,-0.));
#2158 = ORIENTED_EDGE('',*,*,#2159,.T.);
#2159 = EDGE_CURVE('',#2152,#2160,#2162,.T.);
#2160 = VERTEX_POINT('',#2161);
#2161 = CARTESIAN_POINT('',(40.,21.,295.));
#2162 = LINE('',#2163,#2164);
#2163 = CARTESIAN_POINT('',(40.,21.,15.));
#2164 = VECTOR('',#2165,1.);
#2165 = DIRECTION('',(0.,0.,1.));
#2166 = ORIENTED_EDGE('',*,*,#2167,.F.);
#2167 = EDGE_CURVE('',#2144,#2160,#2168,.T.);
#2168 = LINE('',#2169,#2170);
#2169 = CARTESIAN_POINT('',(38.,21.,295.));
#2170 = VECTOR('',#2171,1.);
#2171 = DIRECTION('',(1.,0.,-0.));
#2172 = FACE_BOUND('',#2173,.T.);
#2173 = EDGE_LOOP('',(#2174,#2184,#2192,#2200));
#2174 = ORIENTED_EDGE('',*,*,#2175,.F.);
#2175 = EDGE_CURVE('',#2176,#2178,#2180,.T.);
#2176 = VERTEX_POINT('',#2177);
#2177 = CARTESIAN_POINT('',(42.,21.,15.));
#2178 = VERTEX_POINT('',#2179);
#2179 = CARTESIAN_POINT('',(42.,21.,295.));
#2180 = LINE('',#2181,#2182);
#2181 = CARTESIAN_POINT('',(42.,21.,15.));
#2182 = VECTOR('',#2183,1.);
#2183 = DIRECTION('',(0.,0.,1.));
#2184 = ORIENTED_EDGE('',*,*,#2185,.T.);
#2185 = EDGE_CURVE('',#2176,#2186,#2188,.T.);
#2186 = VERTEX_POINT('',#2187);
#2187 = CARTESIAN_POINT('',(44.,21.,15.));
#2188 = LINE('',#2189,#2190);
#2189 = CARTESIAN_POINT('',(42.,21.,15.));
#2190 = VECTOR('',#2191,1.);
#2191 = DIRECTION('',(1.,0.,-0.));
#2192 = ORIENTED_EDGE('',*,*,#2193,.T.);
#2193 = EDGE_CURVE('',#2186,#2194,#2196,.T.);
#2194 = VERTEX_POINT('',#2195);
#2195 = CARTESIAN_POINT('',(44.,21.,295.));
#2196 = LINE('',#2197,#2198);
#2197 = CARTESIAN_POINT('',(44.,21.,15.));
#2198 = VECTOR('',#2199,1.);
#2199 = DIRECTION('',(0.,0.,1.));
#2200 = ORIENTED_EDGE('',*,*,#2201,.F.);
#2201 = EDGE_CURVE('',#2178,#2194,#2202,.T.);
#2202 = LINE('',#2203,#2204);
#2203 = CARTESIAN_POINT('',(42.,21.,295.));
#2204 = VECTOR('',#2205,1.);
#2205 = DIRECTION('',(1.,0.,-0.));
#2206 = FACE_BOUND('',#2207,.T.);
#2207 = EDGE_LOOP('',(#2208,#2218,#2226,#2234));
#2208 = ORIENTED_EDGE('',*,*,#2209,.F.);
#2209 = EDGE_CURVE('',#2210,#2212,#2214,.T.);
#2210 = VERTEX_POINT('',#2211);
#2211 = CARTESIAN_POINT('',(46.,21.,15.));
#2212 = VERTEX_POINT('',#2213);
#2213 = CARTESIAN_POINT('',(46.,21.,295.));
#2214 = LINE('',#2215,#2216);
#2215 = CARTESIAN_POINT('',(46.,21.,15.));
#2216 = VECTOR('',#2217,1.);
#2217 = DIRECTION('',(0.,0.,1.));
#2218 = ORIENTED_EDGE('',*,*,#2219,.T.);
#2219 = EDGE_CURVE('',#2210,#2220,#2222,.T.);
#2220 = VERTEX_POINT('',#2221);
#2221 = CARTESIAN_POINT('',(48.,21.,15.));
#2222 = LINE('',#2223,#2224);
#2223 = CARTESIAN_POINT('',(46.,21.,15.));
#2224 = VECTOR('',#2225,1.);
#2225 = DIRECTION('',(1.,0.,-0.));
#2226 = ORIENTED_EDGE('',*,*,#2227,.T.);
#2227 = EDGE_CURVE('',#2220,#2228,#2230,.T.);
#2228 = VERTEX_POINT('',#2229);
#2229 = CARTESIAN_POINT('',(48.,21.,295.));
#2230 = LINE('',#2231,#2232);
#2231 = CARTESIAN_POINT('',(48.,21.,15.));
#2232 = VECTOR('',#2233,1.);
#2233 = DIRECTION('',(0.,0.,1.));
#2234 = ORIENTED_EDGE('',*,*,#2235,.F.);
#2235 = EDGE_CURVE('',#2212,#2228,#2236,.T.);
#2236 = LINE('',#2237,#2238);
#2237 = CARTESIAN_POINT('',(46.,21.,295.));
#2238 = VECTOR('',#2239,1.);
#2239 = DIRECTION('',(1.,0.,-0.));
#2240 = FACE_BOUND('',#2241,.T.);
#2241 = EDGE_LOOP('',(#2242,#2252,#2260,#2268));
#2242 = ORIENTED_EDGE('',*,*,#2243,.F.);
#2243 = EDGE_CURVE('',#2244,#2246,#2248,.T.);
#2244 = VERTEX_POINT('',#2245);
#2245 = CARTESIAN_POINT('',(50.,21.,15.));
#2246 = VERTEX_POINT('',#2247);
#2247 = CARTESIAN_POINT('',(50.,21.,295.));
#2248 = LINE('',#2249,#2250);
#2249 = CARTESIAN_POINT('',(50.,21.,15.));
#2250 = VECTOR('',#2251,1.);
#2251 = DIRECTION('',(0.,0.,1.));
#2252 = ORIENTED_EDGE('',*,*,#2253,.T.);
#2253 = EDGE_CURVE('',#2244,#2254,#2256,.T.);
#2254 = VERTEX_POINT('',#2255);
#2255 = CARTESIAN_POINT('',(52.,21.,15.));
#2256 = LINE('',#2257,#2258);
#2257 = CARTESIAN_POINT('',(50.,21.,15.));
#2258 = VECTOR('',#2259,1.);
#2259 = DIRECTION('',(1.,0.,-0.));
#2260 = ORIENTED_EDGE('',*,*,#2261,.T.);
#2261 = EDGE_CURVE('',#2254,#2262,#2264,.T.);
#2262 = VERTEX_POINT('',#2263);
#2263 = CARTESIAN_POINT('',(52.,21.,295.));
#2264 = LINE('',#2265,#2266);
#2265 = CARTESIAN_POINT('',(52.,21.,15.));
#2266 = VECTOR('',#2267,1.);
#2267 = DIRECTION('',(0.,0.,1.));
#2268 = ORIENTED_EDGE('',*,*,#2269,.F.);
#2269 = EDGE_CURVE('',#2246,#2262,#2270,.T.);
#2270 = LINE('',#2271,#2272);
#2271 = CARTESIAN_POINT('',(50.,21.,295.));
#2272 = VECTOR('',#2273,1.);
#2273 = DIRECTION('',(1.,0.,-0.));
#2274 = FACE_BOUND('',#2275,.T.);
#2275 = EDGE_LOOP('',(#2276,#2286,#2294,#2302));
#2276 = ORIENTED_EDGE('',*,*,#2277,.F.);
#2277 = EDGE_CURVE('',#2278,#2280,#2282,.T.);
#2278 = VERTEX_POINT('',#2279);
#2279 = CARTESIAN_POINT('',(54.,21.,15.));
#2280 = VERTEX_POINT('',#2281);
#2281 = CARTESIAN_POINT('',(54.,21.,295.));
#2282 = LINE('',#2283,#2284);
#2283 = CARTESIAN_POINT('',(54.,21.,15.));
#2284 = VECTOR('',#2285,1.);
#2285 = DIRECTION('',(0.,0.,1.));
#2286 = ORIENTED_EDGE('',*,*,#2287,.T.);
#2287 = EDGE_CURVE('',#2278,#2288,#2290,.T.);
#2288 = VERTEX_POINT('',#2289);
#2289 = CARTESIAN_POINT('',(56.,21.,15.));
#2290 = LINE('',#2291,#2292);
#2291 = CARTESIAN_POINT('',(54.,21.,15.));
#2292 = VECTOR('',#2293,1.);
#2293 = DIRECTION('',(1.,0.,-0.));
#2294 = ORIENTED_EDGE('',*,*,#2295,.T.);
#2295 = EDGE_CURVE('',#2288,#2296,#2298,.T.);
#2296 = VERTEX_POINT('',#2297);
#2297 = CARTESIAN_POINT('',(56.,21.,295.));
#2298 = LINE('',#2299,#2300);
#2299 = CARTESIAN_POINT('',(56.,21.,15.));
#2300 = VECTOR('',#2301,1.);
#2301 = DIRECTION('',(0.,0.,1.));
#2302 = ORIENTED_EDGE('',*,*,#2303,.F.);
#2303 = EDGE_CURVE('',#2280,#2296,#2304,.T.);
#2304 = LINE('',#2305,#2306);
#2305 = CARTESIAN_POINT('',(54.,21.,295.));
#2306 = VECTOR('',#2307,1.);
#2307 = DIRECTION('',(1.,0.,-0.));
#2308 = FACE_BOUND('',#2309,.T.);
#2309 = EDGE_LOOP('',(#2310,#2320,#2328,#2336));
#2310 = ORIENTED_EDGE('',*,*,#2311,.F.);
#2311 = EDGE_CURVE('',#2312,#2314,#2316,.T.);
#2312 = VERTEX_POINT('',#2313);
#2313 = CARTESIAN_POINT('',(251.,21.,15.));
#2314 = VERTEX_POINT('',#2315);
#2315 = CARTESIAN_POINT('',(251.,21.,295.));
#2316 = LINE('',#2317,#2318);
#2317 = CARTESIAN_POINT('',(251.,21.,15.));
#2318 = VECTOR('',#2319,1.);
#2319 = DIRECTION('',(0.,0.,1.));
#2320 = ORIENTED_EDGE('',*,*,#2321,.T.);
#2321 = EDGE_CURVE('',#2312,#2322,#2324,.T.);
#2322 = VERTEX_POINT('',#2323);
#2323 = CARTESIAN_POINT('',(253.,21.,15.));
#2324 = LINE('',#2325,#2326);
#2325 = CARTESIAN_POINT('',(251.,21.,15.));
#2326 = VECTOR('',#2327,1.);
#2327 = DIRECTION('',(1.,0.,-0.));
#2328 = ORIENTED_EDGE('',*,*,#2329,.T.);
#2329 = EDGE_CURVE('',#2322,#2330,#2332,.T.);
#2330 = VERTEX_POINT('',#2331);
#2331 = CARTESIAN_POINT('',(253.,21.,295.));
#2332 = LINE('',#2333,#2334);
#2333 = CARTESIAN_POINT('',(253.,21.,15.));
#2334 = VECTOR('',#2335,1.);
#2335 = DIRECTION('',(0.,0.,1.));
#2336 = ORIENTED_EDGE('',*,*,#2337,.F.);
#2337 = EDGE_CURVE('',#2314,#2330,#2338,.T.);
#2338 = LINE('',#2339,#2340);
#2339 = CARTESIAN_POINT('',(251.,21.,295.));
#2340 = VECTOR('',#2341,1.);
#2341 = DIRECTION('',(1.,0.,-0.));
#2342 = FACE_BOUND('',#2343,.T.);
#2343 = EDGE_LOOP('',(#2344,#2354,#2362,#2370));
#2344 = ORIENTED_EDGE('',*,*,#2345,.F.);
#2345 = EDGE_CURVE('',#2346,#2348,#2350,.T.);
#2346 = VERTEX_POINT('',#2347);
#2347 = CARTESIAN_POINT('',(255.,21.,15.));
#2348 = VERTEX_POINT('',#2349);
#2349 = CARTESIAN_POINT('',(255.,21.,295.));
#2350 = LINE('',#2351,#2352);
#2351 = CARTESIAN_POINT('',(255.,21.,15.));
#2352 = VECTOR('',#2353,1.);
#2353 = DIRECTION('',(0.,0.,1.));
#2354 = ORIENTED_EDGE('',*,*,#2355,.T.);
#2355 = EDGE_CURVE('',#2346,#2356,#2358,.T.);
#2356 = VERTEX_POINT('',#2357);
#2357 = CARTESIAN_POINT('',(257.,21.,15.));
#2358 = LINE('',#2359,#2360);
#2359 = CARTESIAN_POINT('',(255.,21.,15.));
#2360 = VECTOR('',#2361,1.);
#2361 = DIRECTION('',(1.,0.,-0.));
#2362 = ORIENTED_EDGE('',*,*,#2363,.T.);
#2363 = EDGE_CURVE('',#2356,#2364,#2366,.T.);
#2364 = VERTEX_POINT('',#2365);
#2365 = CARTESIAN_POINT('',(257.,21.,295.));
#2366 = LINE('',#2367,#2368);
#2367 = CARTESIAN_POINT('',(257.,21.,15.));
#2368 = VECTOR('',#2369,1.);
#2369 = DIRECTION('',(0.,0.,1.));
#2370 = ORIENTED_EDGE('',*,*,#2371,.F.);
#2371 = EDGE_CURVE('',#2348,#2364,#2372,.T.);
#2372 = LINE('',#2373,#2374);
#2373 = CARTESIAN_POINT('',(255.,21.,295.));
#2374 = VECTOR('',#2375,1.);
#2375 = DIRECTION('',(1.,0.,-0.));
#2376 = FACE_BOUND('',#2377,.T.);
#2377 = EDGE_LOOP('',(#2378,#2388,#2396,#2404));
#2378 = ORIENTED_EDGE('',*,*,#2379,.F.);
#2379 = EDGE_CURVE('',#2380,#2382,#2384,.T.);
#2380 = VERTEX_POINT('',#2381);
#2381 = CARTESIAN_POINT('',(259.,21.,15.));
#2382 = VERTEX_POINT('',#2383);
#2383 = CARTESIAN_POINT('',(259.,21.,295.));
#2384 = LINE('',#2385,#2386);
#2385 = CARTESIAN_POINT('',(259.,21.,15.));
#2386 = VECTOR('',#2387,1.);
#2387 = DIRECTION('',(0.,0.,1.));
#2388 = ORIENTED_EDGE('',*,*,#2389,.T.);
#2389 = EDGE_CURVE('',#2380,#2390,#2392,.T.);
#2390 = VERTEX_POINT('',#2391);
#2391 = CARTESIAN_POINT('',(261.,21.,15.));
#2392 = LINE('',#2393,#2394);
#2393 = CARTESIAN_POINT('',(259.,21.,15.));
#2394 = VECTOR('',#2395,1.);
#2395 = DIRECTION('',(1.,0.,-0.));
#2396 = ORIENTED_EDGE('',*,*,#2397,.T.);
#2397 = EDGE_CURVE('',#2390,#2398,#2400,.T.);
#2398 = VERTEX_POINT('',#2399);
#2399 = CARTESIAN_POINT('',(261.,21.,295.));
#2400 = LINE('',#2401,#2402);
#2401 = CARTESIAN_POINT('',(261.,21.,15.));
#2402 = VECTOR('',#2403,1.);
#2403 = DIRECTION('',(0.,0.,1.));
#2404 = ORIENTED_EDGE('',*,*,#2405,.F.);
#2405 = EDGE_CURVE('',#2382,#2398,#2406,.T.);
#2406 = LINE('',#2407,#2408);
#2407 = CARTESIAN_POINT('',(259.,21.,295.));
#2408 = VECTOR('',#2409,1.);
#2409 = DIRECTION('',(1.,0.,-0.));
#2410 = FACE_BOUND('',#2411,.T.);
#2411 = EDGE_LOOP('',(#2412,#2422,#2430,#2438));
#2412 = ORIENTED_EDGE('',*,*,#2413,.F.);
#2413 = EDGE_CURVE('',#2414,#2416,#2418,.T.);
#2414 = VERTEX_POINT('',#2415);
#2415 = CARTESIAN_POINT('',(263.,21.,15.));
#2416 = VERTEX_POINT('',#2417);
#2417 = CARTESIAN_POINT('',(263.,21.,295.));
#2418 = LINE('',#2419,#2420);
#2419 = CARTESIAN_POINT('',(263.,21.,15.));
#2420 = VECTOR('',#2421,1.);
#2421 = DIRECTION('',(0.,0.,1.));
#2422 = ORIENTED_EDGE('',*,*,#2423,.T.);
#2423 = EDGE_CURVE('',#2414,#2424,#2426,.T.);
#2424 = VERTEX_POINT('',#2425);
#2425 = CARTESIAN_POINT('',(265.,21.,15.));
#2426 = LINE('',#2427,#2428);
#2427 = CARTESIAN_POINT('',(263.,21.,15.));
#2428 = VECTOR('',#2429,1.);
#2429 = DIRECTION('',(1.,0.,-0.));
#2430 = ORIENTED_EDGE('',*,*,#2431,.T.);
#2431 = EDGE_CURVE('',#2424,#2432,#2434,.T.);
#2432 = VERTEX_POINT('',#2433);
#2433 = CARTESIAN_POINT('',(265.,21.,295.));
#2434 = LINE('',#2435,#2436);
#2435 = CARTESIAN_POINT('',(265.,21.,15.));
#2436 = VECTOR('',#2437,1.);
#2437 = DIRECTION('',(0.,0.,1.));
#2438 = ORIENTED_EDGE('',*,*,#2439,.F.);
#2439 = EDGE_CURVE('',#2416,#2432,#2440,.T.);
#2440 = LINE('',#2441,#2442);
#2441 = CARTESIAN_POINT('',(263.,21.,295.));
#2442 = VECTOR('',#2443,1.);
#2443 = DIRECTION('',(1.,0.,-0.));
#2444 = FACE_BOUND('',#2445,.T.);
#2445 = EDGE_LOOP('',(#2446,#2456,#2464,#2472));
#2446 = ORIENTED_EDGE('',*,*,#2447,.F.);
#2447 = EDGE_CURVE('',#2448,#2450,#2452,.T.);
#2448 = VERTEX_POINT('',#2449);
#2449 = CARTESIAN_POINT('',(267.,21.,15.));
#2450 = VERTEX_POINT('',#2451);
#2451 = CARTESIAN_POINT('',(267.,21.,295.));
#2452 = LINE('',#2453,#2454);
#2453 = CARTESIAN_POINT('',(267.,21.,15.));
#2454 = VECTOR('',#2455,1.);
#2455 = DIRECTION('',(0.,0.,1.));
#2456 = ORIENTED_EDGE('',*,*,#2457,.T.);
#2457 = EDGE_CURVE('',#2448,#2458,#2460,.T.);
#2458 = VERTEX_POINT('',#2459);
#2459 = CARTESIAN_POINT('',(269.,21.,15.));
#2460 = LINE('',#2461,#2462);
#2461 = CARTESIAN_POINT('',(267.,21.,15.));
#2462 = VECTOR('',#2463,1.);
#2463 = DIRECTION('',(1.,0.,-0.));
#2464 = ORIENTED_EDGE('',*,*,#2465,.T.);
#2465 = EDGE_CURVE('',#2458,#2466,#2468,.T.);
#2466 = VERTEX_POINT('',#2467);
#2467 = CARTESIAN_POINT('',(269.,21.,295.));
#2468 = LINE('',#2469,#2470);
#2469 = CARTESIAN_POINT('',(269.,21.,15.));
#2470 = VECTOR('',#2471,1.);
#2471 = DIRECTION('',(0.,0.,1.));
#2472 = ORIENTED_EDGE('',*,*,#2473,.F.);
#2473 = EDGE_CURVE('',#2450,#2466,#2474,.T.);
#2474 = LINE('',#2475,#2476);
#2475 = CARTESIAN_POINT('',(267.,21.,295.));
#2476 = VECTOR('',#2477,1.);
#2477 = DIRECTION('',(1.,0.,-0.));
#2478 = FACE_BOUND('',#2479,.T.);
#2479 = EDGE_LOOP('',(#2480,#2490,#2498,#2506));
#2480 = ORIENTED_EDGE('',*,*,#2481,.F.);
#2481 = EDGE_CURVE('',#2482,#2484,#2486,.T.);
#2482 = VERTEX_POINT('',#2483);
#2483 = CARTESIAN_POINT('',(271.,21.,15.));
#2484 = VERTEX_POINT('',#2485);
#2485 = CARTESIAN_POINT('',(271.,21.,295.));
#2486 = LINE('',#2487,#2488);
#2487 = CARTESIAN_POINT('',(271.,21.,15.));
#2488 = VECTOR('',#2489,1.);
#2489 = DIRECTION('',(0.,0.,1.));
#2490 = ORIENTED_EDGE('',*,*,#2491,.T.);
#2491 = EDGE_CURVE('',#2482,#2492,#2494,.T.);
#2492 = VERTEX_POINT('',#2493);
#2493 = CARTESIAN_POINT('',(273.,21.,15.));
#2494 = LINE('',#2495,#2496);
#2495 = CARTESIAN_POINT('',(271.,21.,15.));
#2496 = VECTOR('',#2497,1.);
#2497 = DIRECTION('',(1.,0.,-0.));
#2498 = ORIENTED_EDGE('',*,*,#2499,.T.);
#2499 = EDGE_CURVE('',#2492,#2500,#2502,.T.);
#2500 = VERTEX_POINT('',#2501);
#2501 = CARTESIAN_POINT('',(273.,21.,295.));
#2502 = LINE('',#2503,#2504);
#2503 = CARTESIAN_POINT('',(273.,21.,15.));
#2504 = VECTOR('',#2505,1.);
#2505 = DIRECTION('',(0.,0.,1.));
#2506 = ORIENTED_EDGE('',*,*,#2507,.F.);
#2507 = EDGE_CURVE('',#2484,#2500,#2508,.T.);
#2508 = LINE('',#2509,#2510);
#2509 = CARTESIAN_POINT('',(271.,21.,295.));
#2510 = VECTOR('',#2511,1.);
#2511 = DIRECTION('',(1.,0.,-0.));
#2512 = FACE_BOUND('',#2513,.T.);
#2513 = EDGE_LOOP('',(#2514,#2524,#2532,#2540));
#2514 = ORIENTED_EDGE('',*,*,#2515,.F.);
#2515 = EDGE_CURVE('',#2516,#2518,#2520,.T.);
#2516 = VERTEX_POINT('',#2517);
#2517 = CARTESIAN_POINT('',(275.,21.,15.));
#2518 = VERTEX_POINT('',#2519);
#2519 = CARTESIAN_POINT('',(275.,21.,295.));
#2520 = LINE('',#2521,#2522);
#2521 = CARTESIAN_POINT('',(275.,21.,15.));
#2522 = VECTOR('',#2523,1.);
#2523 = DIRECTION('',(0.,0.,1.));
#2524 = ORIENTED_EDGE('',*,*,#2525,.T.);
#2525 = EDGE_CURVE('',#2516,#2526,#2528,.T.);
#2526 = VERTEX_POINT('',#2527);
#2527 = CARTESIAN_POINT('',(277.,21.,15.));
#2528 = LINE('',#2529,#2530);
#2529 = CARTESIAN_POINT('',(275.,21.,15.));
#2530 = VECTOR('',#2531,1.);
#2531 = DIRECTION('',(1.,0.,-0.));
#2532 = ORIENTED_EDGE('',*,*,#2533,.T.);
#2533 = EDGE_CURVE('',#2526,#2534,#2536,.T.);
#2534 = VERTEX_POINT('',#2535);
#2535 = CARTESIAN_POINT('',(277.,21.,295.));
#2536 = LINE('',#2537,#2538);
#2537 = CARTESIAN_POINT('',(277.,21.,15.));
#2538 = VECTOR('',#2539,1.);
#2539 = DIRECTION('',(0.,0.,1.));
#2540 = ORIENTED_EDGE('',*,*,#2541,.F.);
#2541 = EDGE_CURVE('',#2518,#2534,#2542,.T.);
#2542 = LINE('',#2543,#2544);
#2543 = CARTESIAN_POINT('',(275.,21.,295.));
#2544 = VECTOR('',#2545,1.);
#2545 = DIRECTION('',(1.,0.,-0.));
#2546 = FACE_BOUND('',#2547,.T.);
#2547 = EDGE_LOOP('',(#2548,#2558,#2566,#2574));
#2548 = ORIENTED_EDGE('',*,*,#2549,.F.);
#2549 = EDGE_CURVE('',#2550,#2552,#2554,.T.);
#2550 = VERTEX_POINT('',#2551);
#2551 = CARTESIAN_POINT('',(279.,21.,15.));
#2552 = VERTEX_POINT('',#2553);
#2553 = CARTESIAN_POINT('',(279.,21.,295.));
#2554 = LINE('',#2555,#2556);
#2555 = CARTESIAN_POINT('',(279.,21.,15.));
#2556 = VECTOR('',#2557,1.);
#2557 = DIRECTION('',(0.,0.,1.));
#2558 = ORIENTED_EDGE('',*,*,#2559,.T.);
#2559 = EDGE_CURVE('',#2550,#2560,#2562,.T.);
#2560 = VERTEX_POINT('',#2561);
#2561 = CARTESIAN_POINT('',(281.,21.,15.));
#2562 = LINE('',#2563,#2564);
#2563 = CARTESIAN_POINT('',(279.,21.,15.));
#2564 = VECTOR('',#2565,1.);
#2565 = DIRECTION('',(1.,0.,-0.));
#2566 = ORIENTED_EDGE('',*,*,#2567,.T.);
#2567 = EDGE_CURVE('',#2560,#2568,#2570,.T.);
#2568 = VERTEX_POINT('',#2569);
#2569 = CARTESIAN_POINT('',(281.,21.,295.));
#2570 = LINE('',#2571,#2572);
#2571 = CARTESIAN_POINT('',(281.,21.,15.));
#2572 = VECTOR('',#2573,1.);
#2573 = DIRECTION('',(0.,0.,1.));
#2574 = ORIENTED_EDGE('',*,*,#2575,.F.);
#2575 = EDGE_CURVE('',#2552,#2568,#2576,.T.);
#2576 = LINE('',#2577,#2578);
#2577 = CARTESIAN_POINT('',(279.,21.,295.));
#2578 = VECTOR('',#2579,1.);
#2579 = DIRECTION('',(1.,0.,-0.));
#2580 = FACE_BOUND('',#2581,.T.);
#2581 = EDGE_LOOP('',(#2582,#2592,#2600,#2608));
#2582 = ORIENTED_EDGE('',*,*,#2583,.F.);
#2583 = EDGE_CURVE('',#2584,#2586,#2588,.T.);
#2584 = VERTEX_POINT('',#2585);
#2585 = CARTESIAN_POINT('',(283.,21.,15.));
#2586 = VERTEX_POINT('',#2587);
#2587 = CARTESIAN_POINT('',(283.,21.,295.));
#2588 = LINE('',#2589,#2590);
#2589 = CARTESIAN_POINT('',(283.,21.,15.));
#2590 = VECTOR('',#2591,1.);
#2591 = DIRECTION('',(0.,0.,1.));
#2592 = ORIENTED_EDGE('',*,*,#2593,.T.);
#2593 = EDGE_CURVE('',#2584,#2594,#2596,.T.);
#2594 = VERTEX_POINT('',#2595);
#2595 = CARTESIAN_POINT('',(285.,21.,15.));
#2596 = LINE('',#2597,#2598);
#2597 = CARTESIAN_POINT('',(283.,21.,15.));
#2598 = VECTOR('',#2599,1.);
#2599 = DIRECTION('',(1.,0.,-0.));
#2600 = ORIENTED_EDGE('',*,*,#2601,.T.);
#2601 = EDGE_CURVE('',#2594,#2602,#2604,.T.);
#2602 = VERTEX_POINT('',#2603);
#2603 = CARTESIAN_POINT('',(285.,21.,295.));
#2604 = LINE('',#2605,#2606);
#2605 = CARTESIAN_POINT('',(285.,21.,15.));
#2606 = VECTOR('',#2607,1.);
#2607 = DIRECTION('',(0.,0.,1.));
#2608 = ORIENTED_EDGE('',*,*,#2609,.F.);
#2609 = EDGE_CURVE('',#2586,#2602,#2610,.T.);
#2610 = LINE('',#2611,#2612);
#2611 = CARTESIAN_POINT('',(283.,21.,295.));
#2612 = VECTOR('',#2613,1.);
#2613 = DIRECTION('',(1.,0.,-0.));
#2614 = FACE_BOUND('',#2615,.T.);
#2615 = EDGE_LOOP('',(#2616,#2626,#2634,#2642));
#2616 = ORIENTED_EDGE('',*,*,#2617,.F.);
#2617 = EDGE_CURVE('',#2618,#2620,#2622,.T.);
#2618 = VERTEX_POINT('',#2619);
#2619 = CARTESIAN_POINT('',(287.,21.,15.));
#2620 = VERTEX_POINT('',#2621);
#2621 = CARTESIAN_POINT('',(287.,21.,295.));
#2622 = LINE('',#2623,#2624);
#2623 = CARTESIAN_POINT('',(287.,21.,15.));
#2624 = VECTOR('',#2625,1.);
#2625 = DIRECTION('',(0.,0.,1.));
#2626 = ORIENTED_EDGE('',*,*,#2627,.T.);
#2627 = EDGE_CURVE('',#2618,#2628,#2630,.T.);
#2628 = VERTEX_POINT('',#2629);
#2629 = CARTESIAN_POINT('',(289.,21.,15.));
#2630 = LINE('',#2631,#2632);
#2631 = CARTESIAN_POINT('',(287.,21.,15.));
#2632 = VECTOR('',#2633,1.);
#2633 = DIRECTION('',(1.,0.,-0.));
#2634 = ORIENTED_EDGE('',*,*,#2635,.T.);
#2635 = EDGE_CURVE('',#2628,#2636,#2638,.T.);
#2636 = VERTEX_POINT('',#2637);
#2637 = CARTESIAN_POINT('',(289.,21.,295.));
#2638 = LINE('',#2639,#2640);
#2639 = CARTESIAN_POINT('',(289.,21.,15.));
#2640 = VECTOR('',#2641,1.);
#2641 = DIRECTION('',(0.,0.,1.));
#2642 = ORIENTED_EDGE('',*,*,#2643,.F.);
#2643 = EDGE_CURVE('',#2620,#2636,#2644,.T.);
#2644 = LINE('',#2645,#2646);
#2645 = CARTESIAN_POINT('',(287.,21.,295.));
#2646 = VECTOR('',#2647,1.);
#2647 = DIRECTION('',(1.,0.,-0.));
#2648 = FACE_BOUND('',#2649,.T.);
#2649 = EDGE_LOOP('',(#2650,#2660,#2668,#2676));
#2650 = ORIENTED_EDGE('',*,*,#2651,.F.);
#2651 = EDGE_CURVE('',#2652,#2654,#2656,.T.);
#2652 = VERTEX_POINT('',#2653);
#2653 = CARTESIAN_POINT('',(291.,21.,15.));
#2654 = VERTEX_POINT('',#2655);
#2655 = CARTESIAN_POINT('',(291.,21.,295.));
#2656 = LINE('',#2657,#2658);
#2657 = CARTESIAN_POINT('',(291.,21.,15.));
#2658 = VECTOR('',#2659,1.);
#2659 = DIRECTION('',(0.,0.,1.));
#2660 = ORIENTED_EDGE('',*,*,#2661,.T.);
#2661 = EDGE_CURVE('',#2652,#2662,#2664,.T.);
#2662 = VERTEX_POINT('',#2663);
#2663 = CARTESIAN_POINT('',(293.,21.,15.));
#2664 = LINE('',#2665,#2666);
#2665 = CARTESIAN_POINT('',(291.,21.,15.));
#2666 = VECTOR('',#2667,1.);
#2667 = DIRECTION('',(1.,0.,-0.));
#2668 = ORIENTED_EDGE('',*,*,#2669,.T.);
#2669 = EDGE_CURVE('',#2662,#2670,#2672,.T.);
#2670 = VERTEX_POINT('',#2671);
#2671 = CARTESIAN_POINT('',(293.,21.,295.));
#2672 = LINE('',#2673,#2674);
#2673 = CARTESIAN_POINT('',(293.,21.,15.));
#2674 = VECTOR('',#2675,1.);
#2675 = DIRECTION('',(0.,0.,1.));
#2676 = ORIENTED_EDGE('',*,*,#2677,.F.);
#2677 = EDGE_CURVE('',#2654,#2670,#2678,.T.);
#2678 = LINE('',#2679,#2680);
#2679 = CARTESIAN_POINT('',(291.,21.,295.));
#2680 = VECTOR('',#2681,1.);
#2681 = DIRECTION('',(1.,0.,-0.));
#2682 = FACE_BOUND('',#2683,.T.);
#2683 = EDGE_LOOP('',(#2684,#2694,#2702,#2710));
#2684 = ORIENTED_EDGE('',*,*,#2685,.F.);
#2685 = EDGE_CURVE('',#2686,#2688,#2690,.T.);
#2686 = VERTEX_POINT('',#2687);
#2687 = CARTESIAN_POINT('',(295.,21.,15.));
#2688 = VERTEX_POINT('',#2689);
#2689 = CARTESIAN_POINT('',(295.,21.,295.));
#2690 = LINE('',#2691,#2692);
#2691 = CARTESIAN_POINT('',(295.,21.,15.));
#2692 = VECTOR('',#2693,1.);
#2693 = DIRECTION('',(0.,0.,1.));
#2694 = ORIENTED_EDGE('',*,*,#2695,.T.);
#2695 = EDGE_CURVE('',#2686,#2696,#2698,.T.);
#2696 = VERTEX_POINT('',#2697);
#2697 = CARTESIAN_POINT('',(297.,21.,15.));
#2698 = LINE('',#2699,#2700);
#2699 = CARTESIAN_POINT('',(295.,21.,15.));
#2700 = VECTOR('',#2701,1.);
#2701 = DIRECTION('',(1.,0.,-0.));
#2702 = ORIENTED_EDGE('',*,*,#2703,.T.);
#2703 = EDGE_CURVE('',#2696,#2704,#2706,.T.);
#2704 = VERTEX_POINT('',#2705);
#2705 = CARTESIAN_POINT('',(297.,21.,295.));
#2706 = LINE('',#2707,#2708);
#2707 = CARTESIAN_POINT('',(297.,21.,15.));
#2708 = VECTOR('',#2709,1.);
#2709 = DIRECTION('',(0.,0.,1.));
#2710 = ORIENTED_EDGE('',*,*,#2711,.F.);
#2711 = EDGE_CURVE('',#2688,#2704,#2712,.T.);
#2712 = LINE('',#2713,#2714);
#2713 = CARTESIAN_POINT('',(295.,21.,295.));
#2714 = VECTOR('',#2715,1.);
#2715 = DIRECTION('',(1.,0.,-0.));
#2716 = FACE_BOUND('',#2717,.T.);
#2717 = EDGE_LOOP('',(#2718,#2728,#2736,#2744));
#2718 = ORIENTED_EDGE('',*,*,#2719,.F.);
#2719 = EDGE_CURVE('',#2720,#2722,#2724,.T.);
#2720 = VERTEX_POINT('',#2721);
#2721 = CARTESIAN_POINT('',(299.,21.,15.));
#2722 = VERTEX_POINT('',#2723);
#2723 = CARTESIAN_POINT('',(299.,21.,295.));
#2724 = LINE('',#2725,#2726);
#2725 = CARTESIAN_POINT('',(299.,21.,15.));
#2726 = VECTOR('',#2727,1.);
#2727 = DIRECTION('',(0.,0.,1.));
#2728 = ORIENTED_EDGE('',*,*,#2729,.T.);
#2729 = EDGE_CURVE('',#2720,#2730,#2732,.T.);
#2730 = VERTEX_POINT('',#2731);
#2731 = CARTESIAN_POINT('',(301.,21.,15.));
#2732 = LINE('',#2733,#2734);
#2733 = CARTESIAN_POINT('',(299.,21.,15.));
#2734 = VECTOR('',#2735,1.);
#2735 = DIRECTION('',(1.,0.,-0.));
#2736 = ORIENTED_EDGE('',*,*,#2737,.T.);
#2737 = EDGE_CURVE('',#2730,#2738,#2740,.T.);
#2738 = VERTEX_POINT('',#2739);
#2739 = CARTESIAN_POINT('',(301.,21.,295.));
#2740 = LINE('',#2741,#2742);
#2741 = CARTESIAN_POINT('',(301.,21.,15.));
#2742 = VECTOR('',#2743,1.);
#2743 = DIRECTION('',(0.,0.,1.));
#2744 = ORIENTED_EDGE('',*,*,#2745,.F.);
#2745 = EDGE_CURVE('',#2722,#2738,#2746,.T.);
#2746 = LINE('',#2747,#2748);
#2747 = CARTESIAN_POINT('',(299.,21.,295.));
#2748 = VECTOR('',#2749,1.);
#2749 = DIRECTION('',(1.,0.,-0.));
#2750 = PLANE('',#2751);
#2751 = AXIS2_PLACEMENT_3D('',#2752,#2753,#2754);
#2752 = CARTESIAN_POINT('',(5.,21.,5.));
#2753 = DIRECTION('',(-0.,1.,0.));
#2754 = DIRECTION('',(0.,0.,1.));
#2755 = ADVANCED_FACE('',(#2756),#2767,.F.);
#2756 = FACE_BOUND('',#2757,.F.);
#2757 = EDGE_LOOP('',(#2758,#2759,#2760,#2766));
#2758 = ORIENTED_EDGE('',*,*,#1766,.F.);
#2759 = ORIENTED_EDGE('',*,*,#1796,.T.);
#2760 = ORIENTED_EDGE('',*,*,#2761,.T.);
#2761 = EDGE_CURVE('',#1797,#1852,#2762,.T.);
#2762 = LINE('',#2763,#2764);
#2763 = CARTESIAN_POINT('',(305.,11.,5.));
#2764 = VECTOR('',#2765,1.);
#2765 = DIRECTION('',(-0.,1.,0.));
#2766 = ORIENTED_EDGE('',*,*,#1851,.F.);
#2767 = PLANE('',#2768);
#2768 = AXIS2_PLACEMENT_3D('',#2769,#2770,#2771);
#2769 = CARTESIAN_POINT('',(5.,11.,5.));
#2770 = DIRECTION('',(0.,0.,1.));
#2771 = DIRECTION('',(1.,0.,-0.));
#2772 = ADVANCED_FACE('',(#2773),#2779,.T.);
#2773 = FACE_BOUND('',#2774,.T.);
#2774 = EDGE_LOOP('',(#2775,#2776,#2777,#2778));
#2775 = ORIENTED_EDGE('',*,*,#1813,.F.);
#2776 = ORIENTED_EDGE('',*,*,#2761,.T.);
#2777 = ORIENTED_EDGE('',*,*,#1861,.T.);
#2778 = ORIENTED_EDGE('',*,*,#1829,.F.);
#2779 = PLANE('',#2780);
#2780 = AXIS2_PLACEMENT_3D('',#2781,#2782,#2783);
#2781 = CARTESIAN_POINT('',(305.,11.,5.));
#2782 = DIRECTION('',(1.,0.,-0.));
#2783 = DIRECTION('',(0.,0.,1.));
#2784 = ADVANCED_FACE('',(#2785),#2810,.F.);
#2785 = FACE_BOUND('',#2786,.F.);
#2786 = EDGE_LOOP('',(#2787,#2788,#2796,#2804));
#2787 = ORIENTED_EDGE('',*,*,#1869,.F.);
#2788 = ORIENTED_EDGE('',*,*,#2789,.T.);
#2789 = EDGE_CURVE('',#1870,#2790,#2792,.T.);
#2790 = VERTEX_POINT('',#2791);
#2791 = CARTESIAN_POINT('',(6.,46.,15.));
#2792 = LINE('',#2793,#2794);
#2793 = CARTESIAN_POINT('',(6.,21.,15.));
#2794 = VECTOR('',#2795,1.);
#2795 = DIRECTION('',(-0.,1.,0.));
#2796 = ORIENTED_EDGE('',*,*,#2797,.T.);
#2797 = EDGE_CURVE('',#2790,#2798,#2800,.T.);
#2798 = VERTEX_POINT('',#2799);
#2799 = CARTESIAN_POINT('',(6.,46.,295.));
#2800 = LINE('',#2801,#2802);
#2801 = CARTESIAN_POINT('',(6.,46.,15.));
#2802 = VECTOR('',#2803,1.);
#2803 = DIRECTION('',(0.,0.,1.));
#2804 = ORIENTED_EDGE('',*,*,#2805,.F.);
#2805 = EDGE_CURVE('',#1872,#2798,#2806,.T.);
#2806 = LINE('',#2807,#2808);
#2807 = CARTESIAN_POINT('',(6.,21.,295.));
#2808 = VECTOR('',#2809,1.);
#2809 = DIRECTION('',(-0.,1.,0.));
#2810 = PLANE('',#2811);
#2811 = AXIS2_PLACEMENT_3D('',#2812,#2813,#2814);
#2812 = CARTESIAN_POINT('',(6.,21.,15.));
#2813 = DIRECTION('',(1.,0.,-0.));
#2814 = DIRECTION('',(0.,0.,1.));
#2815 = ADVANCED_FACE('',(#2816),#2834,.F.);
#2816 = FACE_BOUND('',#2817,.F.);
#2817 = EDGE_LOOP('',(#2818,#2819,#2820,#2828));
#2818 = ORIENTED_EDGE('',*,*,#2789,.F.);
#2819 = ORIENTED_EDGE('',*,*,#1879,.T.);
#2820 = ORIENTED_EDGE('',*,*,#2821,.T.);
#2821 = EDGE_CURVE('',#1880,#2822,#2824,.T.);
#2822 = VERTEX_POINT('',#2823);
#2823 = CARTESIAN_POINT('',(8.,46.,15.));
#2824 = LINE('',#2825,#2826);
#2825 = CARTESIAN_POINT('',(8.,21.,15.));
#2826 = VECTOR('',#2827,1.);
#2827 = DIRECTION('',(-0.,1.,0.));
#2828 = ORIENTED_EDGE('',*,*,#2829,.F.);
#2829 = EDGE_CURVE('',#2790,#2822,#2830,.T.);
#2830 = LINE('',#2831,#2832);
#2831 = CARTESIAN_POINT('',(6.,46.,15.));
#2832 = VECTOR('',#2833,1.);
#2833 = DIRECTION('',(1.,0.,-0.));
#2834 = PLANE('',#2835);
#2835 = AXIS2_PLACEMENT_3D('',#2836,#2837,#2838);
#2836 = CARTESIAN_POINT('',(6.,21.,15.));
#2837 = DIRECTION('',(0.,0.,1.));
#2838 = DIRECTION('',(1.,0.,-0.));
#2839 = ADVANCED_FACE('',(#2840),#2858,.T.);
#2840 = FACE_BOUND('',#2841,.T.);
#2841 = EDGE_LOOP('',(#2842,#2843,#2844,#2852));
#2842 = ORIENTED_EDGE('',*,*,#2805,.F.);
#2843 = ORIENTED_EDGE('',*,*,#1895,.T.);
#2844 = ORIENTED_EDGE('',*,*,#2845,.T.);
#2845 = EDGE_CURVE('',#1888,#2846,#2848,.T.);
#2846 = VERTEX_POINT('',#2847);
#2847 = CARTESIAN_POINT('',(8.,46.,295.));
#2848 = LINE('',#2849,#2850);
#2849 = CARTESIAN_POINT('',(8.,21.,295.));
#2850 = VECTOR('',#2851,1.);
#2851 = DIRECTION('',(-0.,1.,0.));
#2852 = ORIENTED_EDGE('',*,*,#2853,.F.);
#2853 = EDGE_CURVE('',#2798,#2846,#2854,.T.);
#2854 = LINE('',#2855,#2856);
#2855 = CARTESIAN_POINT('',(6.,46.,295.));
#2856 = VECTOR('',#2857,1.);
#2857 = DIRECTION('',(1.,0.,-0.));
#2858 = PLANE('',#2859);
#2859 = AXIS2_PLACEMENT_3D('',#2860,#2861,#2862);
#2860 = CARTESIAN_POINT('',(6.,21.,295.));
#2861 = DIRECTION('',(0.,0.,1.));
#2862 = DIRECTION('',(1.,0.,-0.));
#2863 = ADVANCED_FACE('',(#2864),#2875,.T.);
#2864 = FACE_BOUND('',#2865,.T.);
#2865 = EDGE_LOOP('',(#2866,#2867,#2868,#2874));
#2866 = ORIENTED_EDGE('',*,*,#1887,.F.);
#2867 = ORIENTED_EDGE('',*,*,#2821,.T.);
#2868 = ORIENTED_EDGE('',*,*,#2869,.T.);
#2869 = EDGE_CURVE('',#2822,#2846,#2870,.T.);
#2870 = LINE('',#2871,#2872);
#2871 = CARTESIAN_POINT('',(8.,46.,15.));
#2872 = VECTOR('',#2873,1.);
#2873 = DIRECTION('',(0.,0.,1.));
#2874 = ORIENTED_EDGE('',*,*,#2845,.F.);
#2875 = PLANE('',#2876);
#2876 = AXIS2_PLACEMENT_3D('',#2877,#2878,#2879);
#2877 = CARTESIAN_POINT('',(8.,21.,15.));
#2878 = DIRECTION('',(1.,0.,-0.));
#2879 = DIRECTION('',(0.,0.,1.));
#2880 = ADVANCED_FACE('',(#2881),#2906,.F.);
#2881 = FACE_BOUND('',#2882,.F.);
#2882 = EDGE_LOOP('',(#2883,#2884,#2892,#2900));
#2883 = ORIENTED_EDGE('',*,*,#1903,.F.);
#2884 = ORIENTED_EDGE('',*,*,#2885,.T.);
#2885 = EDGE_CURVE('',#1904,#2886,#2888,.T.);
#2886 = VERTEX_POINT('',#2887);
#2887 = CARTESIAN_POINT('',(10.,46.,15.));
#2888 = LINE('',#2889,#2890);
#2889 = CARTESIAN_POINT('',(10.,21.,15.));
#2890 = VECTOR('',#2891,1.);
#2891 = DIRECTION('',(-0.,1.,0.));
#2892 = ORIENTED_EDGE('',*,*,#2893,.T.);
#2893 = EDGE_CURVE('',#2886,#2894,#2896,.T.);
#2894 = VERTEX_POINT('',#2895);
#2895 = CARTESIAN_POINT('',(10.,46.,295.));
#2896 = LINE('',#2897,#2898);
#2897 = CARTESIAN_POINT('',(10.,46.,15.));
#2898 = VECTOR('',#2899,1.);
#2899 = DIRECTION('',(0.,0.,1.));
#2900 = ORIENTED_EDGE('',*,*,#2901,.F.);
#2901 = EDGE_CURVE('',#1906,#2894,#2902,.T.);
#2902 = LINE('',#2903,#2904);
#2903 = CARTESIAN_POINT('',(10.,21.,295.));
#2904 = VECTOR('',#2905,1.);
#2905 = DIRECTION('',(-0.,1.,0.));
#2906 = PLANE('',#2907);
#2907 = AXIS2_PLACEMENT_3D('',#2908,#2909,#2910);
#2908 = CARTESIAN_POINT('',(10.,21.,15.));
#2909 = DIRECTION('',(1.,0.,-0.));
#2910 = DIRECTION('',(0.,0.,1.));
#2911 = ADVANCED_FACE('',(#2912),#2930,.F.);
#2912 = FACE_BOUND('',#2913,.F.);
#2913 = EDGE_LOOP('',(#2914,#2915,#2916,#2924));
#2914 = ORIENTED_EDGE('',*,*,#2885,.F.);
#2915 = ORIENTED_EDGE('',*,*,#1913,.T.);
#2916 = ORIENTED_EDGE('',*,*,#2917,.T.);
#2917 = EDGE_CURVE('',#1914,#2918,#2920,.T.);
#2918 = VERTEX_POINT('',#2919);
#2919 = CARTESIAN_POINT('',(12.,46.,15.));
#2920 = LINE('',#2921,#2922);
#2921 = CARTESIAN_POINT('',(12.,21.,15.));
#2922 = VECTOR('',#2923,1.);
#2923 = DIRECTION('',(-0.,1.,0.));
#2924 = ORIENTED_EDGE('',*,*,#2925,.F.);
#2925 = EDGE_CURVE('',#2886,#2918,#2926,.T.);
#2926 = LINE('',#2927,#2928);
#2927 = CARTESIAN_POINT('',(10.,46.,15.));
#2928 = VECTOR('',#2929,1.);
#2929 = DIRECTION('',(1.,0.,-0.));
#2930 = PLANE('',#2931);
#2931 = AXIS2_PLACEMENT_3D('',#2932,#2933,#2934);
#2932 = CARTESIAN_POINT('',(10.,21.,15.));
#2933 = DIRECTION('',(0.,0.,1.));
#2934 = DIRECTION('',(1.,0.,-0.));
#2935 = ADVANCED_FACE('',(#2936),#2954,.T.);
#2936 = FACE_BOUND('',#2937,.T.);
#2937 = EDGE_LOOP('',(#2938,#2939,#2940,#2948));
#2938 = ORIENTED_EDGE('',*,*,#2901,.F.);
#2939 = ORIENTED_EDGE('',*,*,#1929,.T.);
#2940 = ORIENTED_EDGE('',*,*,#2941,.T.);
#2941 = EDGE_CURVE('',#1922,#2942,#2944,.T.);
#2942 = VERTEX_POINT('',#2943);
#2943 = CARTESIAN_POINT('',(12.,46.,295.));
#2944 = LINE('',#2945,#2946);
#2945 = CARTESIAN_POINT('',(12.,21.,295.));
#2946 = VECTOR('',#2947,1.);
#2947 = DIRECTION('',(-0.,1.,0.));
#2948 = ORIENTED_EDGE('',*,*,#2949,.F.);
#2949 = EDGE_CURVE('',#2894,#2942,#2950,.T.);
#2950 = LINE('',#2951,#2952);
#2951 = CARTESIAN_POINT('',(10.,46.,295.));
#2952 = VECTOR('',#2953,1.);
#2953 = DIRECTION('',(1.,0.,-0.));
#2954 = PLANE('',#2955);
#2955 = AXIS2_PLACEMENT_3D('',#2956,#2957,#2958);
#2956 = CARTESIAN_POINT('',(10.,21.,295.));
#2957 = DIRECTION('',(0.,0.,1.));
#2958 = DIRECTION('',(1.,0.,-0.));
#2959 = ADVANCED_FACE('',(#2960),#2971,.T.);
#2960 = FACE_BOUND('',#2961,.T.);
#2961 = EDGE_LOOP('',(#2962,#2963,#2964,#2970));
#2962 = ORIENTED_EDGE('',*,*,#1921,.F.);
#2963 = ORIENTED_EDGE('',*,*,#2917,.T.);
#2964 = ORIENTED_EDGE('',*,*,#2965,.T.);
#2965 = EDGE_CURVE('',#2918,#2942,#2966,.T.);
#2966 = LINE('',#2967,#2968);
#2967 = CARTESIAN_POINT('',(12.,46.,15.));
#2968 = VECTOR('',#2969,1.);
#2969 = DIRECTION('',(0.,0.,1.));
#2970 = ORIENTED_EDGE('',*,*,#2941,.F.);
#2971 = PLANE('',#2972);
#2972 = AXIS2_PLACEMENT_3D('',#2973,#2974,#2975);
#2973 = CARTESIAN_POINT('',(12.,21.,15.));
#2974 = DIRECTION('',(1.,0.,-0.));
#2975 = DIRECTION('',(0.,0.,1.));
#2976 = ADVANCED_FACE('',(#2977),#3002,.F.);
#2977 = FACE_BOUND('',#2978,.F.);
#2978 = EDGE_LOOP('',(#2979,#2980,#2988,#2996));
#2979 = ORIENTED_EDGE('',*,*,#1937,.F.);
#2980 = ORIENTED_EDGE('',*,*,#2981,.T.);
#2981 = EDGE_CURVE('',#1938,#2982,#2984,.T.);
#2982 = VERTEX_POINT('',#2983);
#2983 = CARTESIAN_POINT('',(14.,46.,15.));
#2984 = LINE('',#2985,#2986);
#2985 = CARTESIAN_POINT('',(14.,21.,15.));
#2986 = VECTOR('',#2987,1.);
#2987 = DIRECTION('',(-0.,1.,0.));
#2988 = ORIENTED_EDGE('',*,*,#2989,.T.);
#2989 = EDGE_CURVE('',#2982,#2990,#2992,.T.);
#2990 = VERTEX_POINT('',#2991);
#2991 = CARTESIAN_POINT('',(14.,46.,295.));
#2992 = LINE('',#2993,#2994);
#2993 = CARTESIAN_POINT('',(14.,46.,15.));
#2994 = VECTOR('',#2995,1.);
#2995 = DIRECTION('',(0.,0.,1.));
#2996 = ORIENTED_EDGE('',*,*,#2997,.F.);
#2997 = EDGE_CURVE('',#1940,#2990,#2998,.T.);
#2998 = LINE('',#2999,#3000);
#2999 = CARTESIAN_POINT('',(14.,21.,295.));
#3000 = VECTOR('',#3001,1.);
#3001 = DIRECTION('',(-0.,1.,0.));
#3002 = PLANE('',#3003);
#3003 = AXIS2_PLACEMENT_3D('',#3004,#3005,#3006);
#3004 = CARTESIAN_POINT('',(14.,21.,15.));
#3005 = DIRECTION('',(1.,0.,-0.));
#3006 = DIRECTION('',(0.,0.,1.));
#3007 = ADVANCED_FACE('',(#3008),#3026,.F.);
#3008 = FACE_BOUND('',#3009,.F.);
#3009 = EDGE_LOOP('',(#3010,#3011,#3012,#3020));
#3010 = ORIENTED_EDGE('',*,*,#2981,.F.);
#3011 = ORIENTED_EDGE('',*,*,#1947,.T.);
#3012 = ORIENTED_EDGE('',*,*,#3013,.T.);
#3013 = EDGE_CURVE('',#1948,#3014,#3016,.T.);
#3014 = VERTEX_POINT('',#3015);
#3015 = CARTESIAN_POINT('',(16.,46.,15.));
#3016 = LINE('',#3017,#3018);
#3017 = CARTESIAN_POINT('',(16.,21.,15.));
#3018 = VECTOR('',#3019,1.);
#3019 = DIRECTION('',(-0.,1.,0.));
#3020 = ORIENTED_EDGE('',*,*,#3021,.F.);
#3021 = EDGE_CURVE('',#2982,#3014,#3022,.T.);
#3022 = LINE('',#3023,#3024);
#3023 = CARTESIAN_POINT('',(14.,46.,15.));
#3024 = VECTOR('',#3025,1.);
#3025 = DIRECTION('',(1.,0.,-0.));
#3026 = PLANE('',#3027);
#3027 = AXIS2_PLACEMENT_3D('',#3028,#3029,#3030);
#3028 = CARTESIAN_POINT('',(14.,21.,15.));
#3029 = DIRECTION('',(0.,0.,1.));
#3030 = DIRECTION('',(1.,0.,-0.));
#3031 = ADVANCED_FACE('',(#3032),#3050,.T.);
#3032 = FACE_BOUND('',#3033,.T.);
#3033 = EDGE_LOOP('',(#3034,#3035,#3036,#3044));
#3034 = ORIENTED_EDGE('',*,*,#2997,.F.);
#3035 = ORIENTED_EDGE('',*,*,#1963,.T.);
#3036 = ORIENTED_EDGE('',*,*,#3037,.T.);
#3037 = EDGE_CURVE('',#1956,#3038,#3040,.T.);
#3038 = VERTEX_POINT('',#3039);
#3039 = CARTESIAN_POINT('',(16.,46.,295.));
#3040 = LINE('',#3041,#3042);
#3041 = CARTESIAN_POINT('',(16.,21.,295.));
#3042 = VECTOR('',#3043,1.);
#3043 = DIRECTION('',(-0.,1.,0.));
#3044 = ORIENTED_EDGE('',*,*,#3045,.F.);
#3045 = EDGE_CURVE('',#2990,#3038,#3046,.T.);
#3046 = LINE('',#3047,#3048);
#3047 = CARTESIAN_POINT('',(14.,46.,295.));
#3048 = VECTOR('',#3049,1.);
#3049 = DIRECTION('',(1.,0.,-0.));
#3050 = PLANE('',#3051);
#3051 = AXIS2_PLACEMENT_3D('',#3052,#3053,#3054);
#3052 = CARTESIAN_POINT('',(14.,21.,295.));
#3053 = DIRECTION('',(0.,0.,1.));
#3054 = DIRECTION('',(1.,0.,-0.));
#3055 = ADVANCED_FACE('',(#3056),#3067,.T.);
#3056 = FACE_BOUND('',#3057,.T.);
#3057 = EDGE_LOOP('',(#3058,#3059,#3060,#3066));
#3058 = ORIENTED_EDGE('',*,*,#1955,.F.);
#3059 = ORIENTED_EDGE('',*,*,#3013,.T.);
#3060 = ORIENTED_EDGE('',*,*,#3061,.T.);
#3061 = EDGE_CURVE('',#3014,#3038,#3062,.T.);
#3062 = LINE('',#3063,#3064);
#3063 = CARTESIAN_POINT('',(16.,46.,15.));
#3064 = VECTOR('',#3065,1.);
#3065 = DIRECTION('',(0.,0.,1.));
#3066 = ORIENTED_EDGE('',*,*,#3037,.F.);
#3067 = PLANE('',#3068);
#3068 = AXIS2_PLACEMENT_3D('',#3069,#3070,#3071);
#3069 = CARTESIAN_POINT('',(16.,21.,15.));
#3070 = DIRECTION('',(1.,0.,-0.));
#3071 = DIRECTION('',(0.,0.,1.));
#3072 = ADVANCED_FACE('',(#3073),#3098,.F.);
#3073 = FACE_BOUND('',#3074,.F.);
#3074 = EDGE_LOOP('',(#3075,#3076,#3084,#3092));
#3075 = ORIENTED_EDGE('',*,*,#1971,.F.);
#3076 = ORIENTED_EDGE('',*,*,#3077,.T.);
#3077 = EDGE_CURVE('',#1972,#3078,#3080,.T.);
#3078 = VERTEX_POINT('',#3079);
#3079 = CARTESIAN_POINT('',(18.,46.,15.));
#3080 = LINE('',#3081,#3082);
#3081 = CARTESIAN_POINT('',(18.,21.,15.));
#3082 = VECTOR('',#3083,1.);
#3083 = DIRECTION('',(-0.,1.,0.));
#3084 = ORIENTED_EDGE('',*,*,#3085,.T.);
#3085 = EDGE_CURVE('',#3078,#3086,#3088,.T.);
#3086 = VERTEX_POINT('',#3087);
#3087 = CARTESIAN_POINT('',(18.,46.,295.));
#3088 = LINE('',#3089,#3090);
#3089 = CARTESIAN_POINT('',(18.,46.,15.));
#3090 = VECTOR('',#3091,1.);
#3091 = DIRECTION('',(0.,0.,1.));
#3092 = ORIENTED_EDGE('',*,*,#3093,.F.);
#3093 = EDGE_CURVE('',#1974,#3086,#3094,.T.);
#3094 = LINE('',#3095,#3096);
#3095 = CARTESIAN_POINT('',(18.,21.,295.));
#3096 = VECTOR('',#3097,1.);
#3097 = DIRECTION('',(-0.,1.,0.));
#3098 = PLANE('',#3099);
#3099 = AXIS2_PLACEMENT_3D('',#3100,#3101,#3102);
#3100 = CARTESIAN_POINT('',(18.,21.,15.));
#3101 = DIRECTION('',(1.,0.,-0.));
#3102 = DIRECTION('',(0.,0.,1.));
#3103 = ADVANCED_FACE('',(#3104),#3122,.F.);
#3104 = FACE_BOUND('',#3105,.F.);
#3105 = EDGE_LOOP('',(#3106,#3107,#3108,#3116));
#3106 = ORIENTED_EDGE('',*,*,#3077,.F.);
#3107 = ORIENTED_EDGE('',*,*,#1981,.T.);
#3108 = ORIENTED_EDGE('',*,*,#3109,.T.);
#3109 = EDGE_CURVE('',#1982,#3110,#3112,.T.);
#3110 = VERTEX_POINT('',#3111);
#3111 = CARTESIAN_POINT('',(20.,46.,15.));
#3112 = LINE('',#3113,#3114);
#3113 = CARTESIAN_POINT('',(20.,21.,15.));
#3114 = VECTOR('',#3115,1.);
#3115 = DIRECTION('',(-0.,1.,0.));
#3116 = ORIENTED_EDGE('',*,*,#3117,.F.);
#3117 = EDGE_CURVE('',#3078,#3110,#3118,.T.);
#3118 = LINE('',#3119,#3120);
#3119 = CARTESIAN_POINT('',(18.,46.,15.));
#3120 = VECTOR('',#3121,1.);
#3121 = DIRECTION('',(1.,0.,-0.));
#3122 = PLANE('',#3123);
#3123 = AXIS2_PLACEMENT_3D('',#3124,#3125,#3126);
#3124 = CARTESIAN_POINT('',(18.,21.,15.));
#3125 = DIRECTION('',(0.,0.,1.));
#3126 = DIRECTION('',(1.,0.,-0.));
#3127 = ADVANCED_FACE('',(#3128),#3146,.T.);
#3128 = FACE_BOUND('',#3129,.T.);
#3129 = EDGE_LOOP('',(#3130,#3131,#3132,#3140));
#3130 = ORIENTED_EDGE('',*,*,#3093,.F.);
#3131 = ORIENTED_EDGE('',*,*,#1997,.T.);
#3132 = ORIENTED_EDGE('',*,*,#3133,.T.);
#3133 = EDGE_CURVE('',#1990,#3134,#3136,.T.);
#3134 = VERTEX_POINT('',#3135);
#3135 = CARTESIAN_POINT('',(20.,46.,295.));
#3136 = LINE('',#3137,#3138);
#3137 = CARTESIAN_POINT('',(20.,21.,295.));
#3138 = VECTOR('',#3139,1.);
#3139 = DIRECTION('',(-0.,1.,0.));
#3140 = ORIENTED_EDGE('',*,*,#3141,.F.);
#3141 = EDGE_CURVE('',#3086,#3134,#3142,.T.);
#3142 = LINE('',#3143,#3144);
#3143 = CARTESIAN_POINT('',(18.,46.,295.));
#3144 = VECTOR('',#3145,1.);
#3145 = DIRECTION('',(1.,0.,-0.));
#3146 = PLANE('',#3147);
#3147 = AXIS2_PLACEMENT_3D('',#3148,#3149,#3150);
#3148 = CARTESIAN_POINT('',(18.,21.,295.));
#3149 = DIRECTION('',(0.,0.,1.));
#3150 = DIRECTION('',(1.,0.,-0.));
#3151 = ADVANCED_FACE('',(#3152),#3163,.T.);
#3152 = FACE_BOUND('',#3153,.T.);
#3153 = EDGE_LOOP('',(#3154,#3155,#3156,#3162));
#3154 = ORIENTED_EDGE('',*,*,#1989,.F.);
#3155 = ORIENTED_EDGE('',*,*,#3109,.T.);
#3156 = ORIENTED_EDGE('',*,*,#3157,.T.);
#3157 = EDGE_CURVE('',#3110,#3134,#3158,.T.);
#3158 = LINE('',#3159,#3160);
#3159 = CARTESIAN_POINT('',(20.,46.,15.));
#3160 = VECTOR('',#3161,1.);
#3161 = DIRECTION('',(0.,0.,1.));
#3162 = ORIENTED_EDGE('',*,*,#3133,.F.);
#3163 = PLANE('',#3164);
#3164 = AXIS2_PLACEMENT_3D('',#3165,#3166,#3167);
#3165 = CARTESIAN_POINT('',(20.,21.,15.));
#3166 = DIRECTION('',(1.,0.,-0.));
#3167 = DIRECTION('',(0.,0.,1.));
#3168 = ADVANCED_FACE('',(#3169),#3194,.F.);
#3169 = FACE_BOUND('',#3170,.F.);
#3170 = EDGE_LOOP('',(#3171,#3172,#3180,#3188));
#3171 = ORIENTED_EDGE('',*,*,#2005,.F.);
#3172 = ORIENTED_EDGE('',*,*,#3173,.T.);
#3173 = EDGE_CURVE('',#2006,#3174,#3176,.T.);
#3174 = VERTEX_POINT('',#3175);
#3175 = CARTESIAN_POINT('',(22.,46.,15.));
#3176 = LINE('',#3177,#3178);
#3177 = CARTESIAN_POINT('',(22.,21.,15.));
#3178 = VECTOR('',#3179,1.);
#3179 = DIRECTION('',(-0.,1.,0.));
#3180 = ORIENTED_EDGE('',*,*,#3181,.T.);
#3181 = EDGE_CURVE('',#3174,#3182,#3184,.T.);
#3182 = VERTEX_POINT('',#3183);
#3183 = CARTESIAN_POINT('',(22.,46.,295.));
#3184 = LINE('',#3185,#3186);
#3185 = CARTESIAN_POINT('',(22.,46.,15.));
#3186 = VECTOR('',#3187,1.);
#3187 = DIRECTION('',(0.,0.,1.));
#3188 = ORIENTED_EDGE('',*,*,#3189,.F.);
#3189 = EDGE_CURVE('',#2008,#3182,#3190,.T.);
#3190 = LINE('',#3191,#3192);
#3191 = CARTESIAN_POINT('',(22.,21.,295.));
#3192 = VECTOR('',#3193,1.);
#3193 = DIRECTION('',(-0.,1.,0.));
#3194 = PLANE('',#3195);
#3195 = AXIS2_PLACEMENT_3D('',#3196,#3197,#3198);
#3196 = CARTESIAN_POINT('',(22.,21.,15.));
#3197 = DIRECTION('',(1.,0.,-0.));
#3198 = DIRECTION('',(0.,0.,1.));
#3199 = ADVANCED_FACE('',(#3200),#3218,.F.);
#3200 = FACE_BOUND('',#3201,.F.);
#3201 = EDGE_LOOP('',(#3202,#3203,#3204,#3212));
#3202 = ORIENTED_EDGE('',*,*,#3173,.F.);
#3203 = ORIENTED_EDGE('',*,*,#2015,.T.);
#3204 = ORIENTED_EDGE('',*,*,#3205,.T.);
#3205 = EDGE_CURVE('',#2016,#3206,#3208,.T.);
#3206 = VERTEX_POINT('',#3207);
#3207 = CARTESIAN_POINT('',(24.,46.,15.));
#3208 = LINE('',#3209,#3210);
#3209 = CARTESIAN_POINT('',(24.,21.,15.));
#3210 = VECTOR('',#3211,1.);
#3211 = DIRECTION('',(-0.,1.,0.));
#3212 = ORIENTED_EDGE('',*,*,#3213,.F.);
#3213 = EDGE_CURVE('',#3174,#3206,#3214,.T.);
#3214 = LINE('',#3215,#3216);
#3215 = CARTESIAN_POINT('',(22.,46.,15.));
#3216 = VECTOR('',#3217,1.);
#3217 = DIRECTION('',(1.,0.,-0.));
#3218 = PLANE('',#3219);
#3219 = AXIS2_PLACEMENT_3D('',#3220,#3221,#3222);
#3220 = CARTESIAN_POINT('',(22.,21.,15.));
#3221 = DIRECTION('',(0.,0.,1.));
#3222 = DIRECTION('',(1.,0.,-0.));
#3223 = ADVANCED_FACE('',(#3224),#3242,.T.);
#3224 = FACE_BOUND('',#3225,.T.);
#3225 = EDGE_LOOP('',(#3226,#3227,#3228,#3236));
#3226 = ORIENTED_EDGE('',*,*,#3189,.F.);
#3227 = ORIENTED_EDGE('',*,*,#2031,.T.);
#3228 = ORIENTED_EDGE('',*,*,#3229,.T.);
#3229 = EDGE_CURVE('',#2024,#3230,#3232,.T.);
#3230 = VERTEX_POINT('',#3231);
#3231 = CARTESIAN_POINT('',(24.,46.,295.));
#3232 = LINE('',#3233,#3234);
#3233 = CARTESIAN_POINT('',(24.,21.,295.));
#3234 = VECTOR('',#3235,1.);
#3235 = DIRECTION('',(-0.,1.,0.));
#3236 = ORIENTED_EDGE('',*,*,#3237,.F.);
#3237 = EDGE_CURVE('',#3182,#3230,#3238,.T.);
#3238 = LINE('',#3239,#3240);
#3239 = CARTESIAN_POINT('',(22.,46.,295.));
#3240 = VECTOR('',#3241,1.);
#3241 = DIRECTION('',(1.,0.,-0.));
#3242 = PLANE('',#3243);
#3243 = AXIS2_PLACEMENT_3D('',#3244,#3245,#3246);
#3244 = CARTESIAN_POINT('',(22.,21.,295.));
#3245 = DIRECTION('',(0.,0.,1.));
#3246 = DIRECTION('',(1.,0.,-0.));
#3247 = ADVANCED_FACE('',(#3248),#3259,.T.);
#3248 = FACE_BOUND('',#3249,.T.);
#3249 = EDGE_LOOP('',(#3250,#3251,#3252,#3258));
#3250 = ORIENTED_EDGE('',*,*,#2023,.F.);
#3251 = ORIENTED_EDGE('',*,*,#3205,.T.);
#3252 = ORIENTED_EDGE('',*,*,#3253,.T.);
#3253 = EDGE_CURVE('',#3206,#3230,#3254,.T.);
#3254 = LINE('',#3255,#3256);
#3255 = CARTESIAN_POINT('',(24.,46.,15.));
#3256 = VECTOR('',#3257,1.);
#3257 = DIRECTION('',(0.,0.,1.));
#3258 = ORIENTED_EDGE('',*,*,#3229,.F.);
#3259 = PLANE('',#3260);
#3260 = AXIS2_PLACEMENT_3D('',#3261,#3262,#3263);
#3261 = CARTESIAN_POINT('',(24.,21.,15.));
#3262 = DIRECTION('',(1.,0.,-0.));
#3263 = DIRECTION('',(0.,0.,1.));
#3264 = ADVANCED_FACE('',(#3265),#3290,.F.);
#3265 = FACE_BOUND('',#3266,.F.);
#3266 = EDGE_LOOP('',(#3267,#3268,#3276,#3284));
#3267 = ORIENTED_EDGE('',*,*,#2039,.F.);
#3268 = ORIENTED_EDGE('',*,*,#3269,.T.);
#3269 = EDGE_CURVE('',#2040,#3270,#3272,.T.);
#3270 = VERTEX_POINT('',#3271);
#3271 = CARTESIAN_POINT('',(26.,46.,15.));
#3272 = LINE('',#3273,#3274);
#3273 = CARTESIAN_POINT('',(26.,21.,15.));
#3274 = VECTOR('',#3275,1.);
#3275 = DIRECTION('',(-0.,1.,0.));
#3276 = ORIENTED_EDGE('',*,*,#3277,.T.);
#3277 = EDGE_CURVE('',#3270,#3278,#3280,.T.);
#3278 = VERTEX_POINT('',#3279);
#3279 = CARTESIAN_POINT('',(26.,46.,295.));
#3280 = LINE('',#3281,#3282);
#3281 = CARTESIAN_POINT('',(26.,46.,15.));
#3282 = VECTOR('',#3283,1.);
#3283 = DIRECTION('',(0.,0.,1.));
#3284 = ORIENTED_EDGE('',*,*,#3285,.F.);
#3285 = EDGE_CURVE('',#2042,#3278,#3286,.T.);
#3286 = LINE('',#3287,#3288);
#3287 = CARTESIAN_POINT('',(26.,21.,295.));
#3288 = VECTOR('',#3289,1.);
#3289 = DIRECTION('',(-0.,1.,0.));
#3290 = PLANE('',#3291);
#3291 = AXIS2_PLACEMENT_3D('',#3292,#3293,#3294);
#3292 = CARTESIAN_POINT('',(26.,21.,15.));
#3293 = DIRECTION('',(1.,0.,-0.));
#3294 = DIRECTION('',(0.,0.,1.));
#3295 = ADVANCED_FACE('',(#3296),#3314,.F.);
#3296 = FACE_BOUND('',#3297,.F.);
#3297 = EDGE_LOOP('',(#3298,#3299,#3300,#3308));
#3298 = ORIENTED_EDGE('',*,*,#3269,.F.);
#3299 = ORIENTED_EDGE('',*,*,#2049,.T.);
#3300 = ORIENTED_EDGE('',*,*,#3301,.T.);
#3301 = EDGE_CURVE('',#2050,#3302,#3304,.T.);
#3302 = VERTEX_POINT('',#3303);
#3303 = CARTESIAN_POINT('',(28.,46.,15.));
#3304 = LINE('',#3305,#3306);
#3305 = CARTESIAN_POINT('',(28.,21.,15.));
#3306 = VECTOR('',#3307,1.);
#3307 = DIRECTION('',(-0.,1.,0.));
#3308 = ORIENTED_EDGE('',*,*,#3309,.F.);
#3309 = EDGE_CURVE('',#3270,#3302,#3310,.T.);
#3310 = LINE('',#3311,#3312);
#3311 = CARTESIAN_POINT('',(26.,46.,15.));
#3312 = VECTOR('',#3313,1.);
#3313 = DIRECTION('',(1.,0.,-0.));
#3314 = PLANE('',#3315);
#3315 = AXIS2_PLACEMENT_3D('',#3316,#3317,#3318);
#3316 = CARTESIAN_POINT('',(26.,21.,15.));
#3317 = DIRECTION('',(0.,0.,1.));
#3318 = DIRECTION('',(1.,0.,-0.));
#3319 = ADVANCED_FACE('',(#3320),#3338,.T.);
#3320 = FACE_BOUND('',#3321,.T.);
#3321 = EDGE_LOOP('',(#3322,#3323,#3324,#3332));
#3322 = ORIENTED_EDGE('',*,*,#3285,.F.);
#3323 = ORIENTED_EDGE('',*,*,#2065,.T.);
#3324 = ORIENTED_EDGE('',*,*,#3325,.T.);
#3325 = EDGE_CURVE('',#2058,#3326,#3328,.T.);
#3326 = VERTEX_POINT('',#3327);
#3327 = CARTESIAN_POINT('',(28.,46.,295.));
#3328 = LINE('',#3329,#3330);
#3329 = CARTESIAN_POINT('',(28.,21.,295.));
#3330 = VECTOR('',#3331,1.);
#3331 = DIRECTION('',(-0.,1.,0.));
#3332 = ORIENTED_EDGE('',*,*,#3333,.F.);
#3333 = EDGE_CURVE('',#3278,#3326,#3334,.T.);
#3334 = LINE('',#3335,#3336);
#3335 = CARTESIAN_POINT('',(26.,46.,295.));
#3336 = VECTOR('',#3337,1.);
#3337 = DIRECTION('',(1.,0.,-0.));
#3338 = PLANE('',#3339);
#3339 = AXIS2_PLACEMENT_3D('',#3340,#3341,#3342);
#3340 = CARTESIAN_POINT('',(26.,21.,295.));
#3341 = DIRECTION('',(0.,0.,1.));
#3342 = DIRECTION('',(1.,0.,-0.));
#3343 = ADVANCED_FACE('',(#3344),#3355,.T.);
#3344 = FACE_BOUND('',#3345,.T.);
#3345 = EDGE_LOOP('',(#3346,#3347,#3348,#3354));
#3346 = ORIENTED_EDGE('',*,*,#2057,.F.);
#3347 = ORIENTED_EDGE('',*,*,#3301,.T.);
#3348 = ORIENTED_EDGE('',*,*,#3349,.T.);
#3349 = EDGE_CURVE('',#3302,#3326,#3350,.T.);
#3350 = LINE('',#3351,#3352);
#3351 = CARTESIAN_POINT('',(28.,46.,15.));
#3352 = VECTOR('',#3353,1.);
#3353 = DIRECTION('',(0.,0.,1.));
#3354 = ORIENTED_EDGE('',*,*,#3325,.F.);
#3355 = PLANE('',#3356);
#3356 = AXIS2_PLACEMENT_3D('',#3357,#3358,#3359);
#3357 = CARTESIAN_POINT('',(28.,21.,15.));
#3358 = DIRECTION('',(1.,0.,-0.));
#3359 = DIRECTION('',(0.,0.,1.));
#3360 = ADVANCED_FACE('',(#3361),#3386,.F.);
#3361 = FACE_BOUND('',#3362,.F.);
#3362 = EDGE_LOOP('',(#3363,#3364,#3372,#3380));
#3363 = ORIENTED_EDGE('',*,*,#2073,.F.);
#3364 = ORIENTED_EDGE('',*,*,#3365,.T.);
#3365 = EDGE_CURVE('',#2074,#3366,#3368,.T.);
#3366 = VERTEX_POINT('',#3367);
#3367 = CARTESIAN_POINT('',(30.,46.,15.));
#3368 = LINE('',#3369,#3370);
#3369 = CARTESIAN_POINT('',(30.,21.,15.));
#3370 = VECTOR('',#3371,1.);
#3371 = DIRECTION('',(-0.,1.,0.));
#3372 = ORIENTED_EDGE('',*,*,#3373,.T.);
#3373 = EDGE_CURVE('',#3366,#3374,#3376,.T.);
#3374 = VERTEX_POINT('',#3375);
#3375 = CARTESIAN_POINT('',(30.,46.,295.));
#3376 = LINE('',#3377,#3378);
#3377 = CARTESIAN_POINT('',(30.,46.,15.));
#3378 = VECTOR('',#3379,1.);
#3379 = DIRECTION('',(0.,0.,1.));
#3380 = ORIENTED_EDGE('',*,*,#3381,.F.);
#3381 = EDGE_CURVE('',#2076,#3374,#3382,.T.);
#3382 = LINE('',#3383,#3384);
#3383 = CARTESIAN_POINT('',(30.,21.,295.));
#3384 = VECTOR('',#3385,1.);
#3385 = DIRECTION('',(-0.,1.,0.));
#3386 = PLANE('',#3387);
#3387 = AXIS2_PLACEMENT_3D('',#3388,#3389,#3390);
#3388 = CARTESIAN_POINT('',(30.,21.,15.));
#3389 = DIRECTION('',(1.,0.,-0.));
#3390 = DIRECTION('',(0.,0.,1.));
#3391 = ADVANCED_FACE('',(#3392),#3410,.F.);
#3392 = FACE_BOUND('',#3393,.F.);
#3393 = EDGE_LOOP('',(#3394,#3395,#3396,#3404));
#3394 = ORIENTED_EDGE('',*,*,#3365,.F.);
#3395 = ORIENTED_EDGE('',*,*,#2083,.T.);
#3396 = ORIENTED_EDGE('',*,*,#3397,.T.);
#3397 = EDGE_CURVE('',#2084,#3398,#3400,.T.);
#3398 = VERTEX_POINT('',#3399);
#3399 = CARTESIAN_POINT('',(32.,46.,15.));
#3400 = LINE('',#3401,#3402);
#3401 = CARTESIAN_POINT('',(32.,21.,15.));
#3402 = VECTOR('',#3403,1.);
#3403 = DIRECTION('',(-0.,1.,0.));
#3404 = ORIENTED_EDGE('',*,*,#3405,.F.);
#3405 = EDGE_CURVE('',#3366,#3398,#3406,.T.);
#3406 = LINE('',#3407,#3408);
#3407 = CARTESIAN_POINT('',(30.,46.,15.));
#3408 = VECTOR('',#3409,1.);
#3409 = DIRECTION('',(1.,0.,-0.));
#3410 = PLANE('',#3411);
#3411 = AXIS2_PLACEMENT_3D('',#3412,#3413,#3414);
#3412 = CARTESIAN_POINT('',(30.,21.,15.));
#3413 = DIRECTION('',(0.,0.,1.));
#3414 = DIRECTION('',(1.,0.,-0.));
#3415 = ADVANCED_FACE('',(#3416),#3434,.T.);
#3416 = FACE_BOUND('',#3417,.T.);
#3417 = EDGE_LOOP('',(#3418,#3419,#3420,#3428));
#3418 = ORIENTED_EDGE('',*,*,#3381,.F.);
#3419 = ORIENTED_EDGE('',*,*,#2099,.T.);
#3420 = ORIENTED_EDGE('',*,*,#3421,.T.);
#3421 = EDGE_CURVE('',#2092,#3422,#3424,.T.);
#3422 = VERTEX_POINT('',#3423);
#3423 = CARTESIAN_POINT('',(32.,46.,295.));
#3424 = LINE('',#3425,#3426);
#3425 = CARTESIAN_POINT('',(32.,21.,295.));
#3426 = VECTOR('',#3427,1.);
#3427 = DIRECTION('',(-0.,1.,0.));
#3428 = ORIENTED_EDGE('',*,*,#3429,.F.);
#3429 = EDGE_CURVE('',#3374,#3422,#3430,.T.);
#3430 = LINE('',#3431,#3432);
#3431 = CARTESIAN_POINT('',(30.,46.,295.));
#3432 = VECTOR('',#3433,1.);
#3433 = DIRECTION('',(1.,0.,-0.));
#3434 = PLANE('',#3435);
#3435 = AXIS2_PLACEMENT_3D('',#3436,#3437,#3438);
#3436 = CARTESIAN_POINT('',(30.,21.,295.));
#3437 = DIRECTION('',(0.,0.,1.));
#3438 = DIRECTION('',(1.,0.,-0.));
#3439 = ADVANCED_FACE('',(#3440),#3451,.T.);
#3440 = FACE_BOUND('',#3441,.T.);
#3441 = EDGE_LOOP('',(#3442,#3443,#3444,#3450));
#3442 = ORIENTED_EDGE('',*,*,#2091,.F.);
#3443 = ORIENTED_EDGE('',*,*,#3397,.T.);
#3444 = ORIENTED_EDGE('',*,*,#3445,.T.);
#3445 = EDGE_CURVE('',#3398,#3422,#3446,.T.);
#3446 = LINE('',#3447,#3448);
#3447 = CARTESIAN_POINT('',(32.,46.,15.));
#3448 = VECTOR('',#3449,1.);
#3449 = DIRECTION('',(0.,0.,1.));
#3450 = ORIENTED_EDGE('',*,*,#3421,.F.);
#3451 = PLANE('',#3452);
#3452 = AXIS2_PLACEMENT_3D('',#3453,#3454,#3455);
#3453 = CARTESIAN_POINT('',(32.,21.,15.));
#3454 = DIRECTION('',(1.,0.,-0.));
#3455 = DIRECTION('',(0.,0.,1.));
#3456 = ADVANCED_FACE('',(#3457),#3482,.F.);
#3457 = FACE_BOUND('',#3458,.F.);
#3458 = EDGE_LOOP('',(#3459,#3460,#3468,#3476));
#3459 = ORIENTED_EDGE('',*,*,#2107,.F.);
#3460 = ORIENTED_EDGE('',*,*,#3461,.T.);
#3461 = EDGE_CURVE('',#2108,#3462,#3464,.T.);
#3462 = VERTEX_POINT('',#3463);
#3463 = CARTESIAN_POINT('',(34.,46.,15.));
#3464 = LINE('',#3465,#3466);
#3465 = CARTESIAN_POINT('',(34.,21.,15.));
#3466 = VECTOR('',#3467,1.);
#3467 = DIRECTION('',(-0.,1.,0.));
#3468 = ORIENTED_EDGE('',*,*,#3469,.T.);
#3469 = EDGE_CURVE('',#3462,#3470,#3472,.T.);
#3470 = VERTEX_POINT('',#3471);
#3471 = CARTESIAN_POINT('',(34.,46.,295.));
#3472 = LINE('',#3473,#3474);
#3473 = CARTESIAN_POINT('',(34.,46.,15.));
#3474 = VECTOR('',#3475,1.);
#3475 = DIRECTION('',(0.,0.,1.));
#3476 = ORIENTED_EDGE('',*,*,#3477,.F.);
#3477 = EDGE_CURVE('',#2110,#3470,#3478,.T.);
#3478 = LINE('',#3479,#3480);
#3479 = CARTESIAN_POINT('',(34.,21.,295.));
#3480 = VECTOR('',#3481,1.);
#3481 = DIRECTION('',(-0.,1.,0.));
#3482 = PLANE('',#3483);
#3483 = AXIS2_PLACEMENT_3D('',#3484,#3485,#3486);
#3484 = CARTESIAN_POINT('',(34.,21.,15.));
#3485 = DIRECTION('',(1.,0.,-0.));
#3486 = DIRECTION('',(0.,0.,1.));
#3487 = ADVANCED_FACE('',(#3488),#3506,.F.);
#3488 = FACE_BOUND('',#3489,.F.);
#3489 = EDGE_LOOP('',(#3490,#3491,#3492,#3500));
#3490 = ORIENTED_EDGE('',*,*,#3461,.F.);
#3491 = ORIENTED_EDGE('',*,*,#2117,.T.);
#3492 = ORIENTED_EDGE('',*,*,#3493,.T.);
#3493 = EDGE_CURVE('',#2118,#3494,#3496,.T.);
#3494 = VERTEX_POINT('',#3495);
#3495 = CARTESIAN_POINT('',(36.,46.,15.));
#3496 = LINE('',#3497,#3498);
#3497 = CARTESIAN_POINT('',(36.,21.,15.));
#3498 = VECTOR('',#3499,1.);
#3499 = DIRECTION('',(-0.,1.,0.));
#3500 = ORIENTED_EDGE('',*,*,#3501,.F.);
#3501 = EDGE_CURVE('',#3462,#3494,#3502,.T.);
#3502 = LINE('',#3503,#3504);
#3503 = CARTESIAN_POINT('',(34.,46.,15.));
#3504 = VECTOR('',#3505,1.);
#3505 = DIRECTION('',(1.,0.,-0.));
#3506 = PLANE('',#3507);
#3507 = AXIS2_PLACEMENT_3D('',#3508,#3509,#3510);
#3508 = CARTESIAN_POINT('',(34.,21.,15.));
#3509 = DIRECTION('',(0.,0.,1.));
#3510 = DIRECTION('',(1.,0.,-0.));
#3511 = ADVANCED_FACE('',(#3512),#3530,.T.);
#3512 = FACE_BOUND('',#3513,.T.);
#3513 = EDGE_LOOP('',(#3514,#3515,#3516,#3524));
#3514 = ORIENTED_EDGE('',*,*,#3477,.F.);
#3515 = ORIENTED_EDGE('',*,*,#2133,.T.);
#3516 = ORIENTED_EDGE('',*,*,#3517,.T.);
#3517 = EDGE_CURVE('',#2126,#3518,#3520,.T.);
#3518 = VERTEX_POINT('',#3519);
#3519 = CARTESIAN_POINT('',(36.,46.,295.));
#3520 = LINE('',#3521,#3522);
#3521 = CARTESIAN_POINT('',(36.,21.,295.));
#3522 = VECTOR('',#3523,1.);
#3523 = DIRECTION('',(-0.,1.,0.));
#3524 = ORIENTED_EDGE('',*,*,#3525,.F.);
#3525 = EDGE_CURVE('',#3470,#3518,#3526,.T.);
#3526 = LINE('',#3527,#3528);
#3527 = CARTESIAN_POINT('',(34.,46.,295.));
#3528 = VECTOR('',#3529,1.);
#3529 = DIRECTION('',(1.,0.,-0.));
#3530 = PLANE('',#3531);
#3531 = AXIS2_PLACEMENT_3D('',#3532,#3533,#3534);
#3532 = CARTESIAN_POINT('',(34.,21.,295.));
#3533 = DIRECTION('',(0.,0.,1.));
#3534 = DIRECTION('',(1.,0.,-0.));
#3535 = ADVANCED_FACE('',(#3536),#3547,.T.);
#3536 = FACE_BOUND('',#3537,.T.);
#3537 = EDGE_LOOP('',(#3538,#3539,#3540,#3546));
#3538 = ORIENTED_EDGE('',*,*,#2125,.F.);
#3539 = ORIENTED_EDGE('',*,*,#3493,.T.);
#3540 = ORIENTED_EDGE('',*,*,#3541,.T.);
#3541 = EDGE_CURVE('',#3494,#3518,#3542,.T.);
#3542 = LINE('',#3543,#3544);
#3543 = CARTESIAN_POINT('',(36.,46.,15.));
#3544 = VECTOR('',#3545,1.);
#3545 = DIRECTION('',(0.,0.,1.));
#3546 = ORIENTED_EDGE('',*,*,#3517,.F.);
#3547 = PLANE('',#3548);
#3548 = AXIS2_PLACEMENT_3D('',#3549,#3550,#3551);
#3549 = CARTESIAN_POINT('',(36.,21.,15.));
#3550 = DIRECTION('',(1.,0.,-0.));
#3551 = DIRECTION('',(0.,0.,1.));
#3552 = ADVANCED_FACE('',(#3553),#3578,.F.);
#3553 = FACE_BOUND('',#3554,.F.);
#3554 = EDGE_LOOP('',(#3555,#3556,#3564,#3572));
#3555 = ORIENTED_EDGE('',*,*,#2141,.F.);
#3556 = ORIENTED_EDGE('',*,*,#3557,.T.);
#3557 = EDGE_CURVE('',#2142,#3558,#3560,.T.);
#3558 = VERTEX_POINT('',#3559);
#3559 = CARTESIAN_POINT('',(38.,46.,15.));
#3560 = LINE('',#3561,#3562);
#3561 = CARTESIAN_POINT('',(38.,21.,15.));
#3562 = VECTOR('',#3563,1.);
#3563 = DIRECTION('',(-0.,1.,0.));
#3564 = ORIENTED_EDGE('',*,*,#3565,.T.);
#3565 = EDGE_CURVE('',#3558,#3566,#3568,.T.);
#3566 = VERTEX_POINT('',#3567);
#3567 = CARTESIAN_POINT('',(38.,46.,295.));
#3568 = LINE('',#3569,#3570);
#3569 = CARTESIAN_POINT('',(38.,46.,15.));
#3570 = VECTOR('',#3571,1.);
#3571 = DIRECTION('',(0.,0.,1.));
#3572 = ORIENTED_EDGE('',*,*,#3573,.F.);
#3573 = EDGE_CURVE('',#2144,#3566,#3574,.T.);
#3574 = LINE('',#3575,#3576);
#3575 = CARTESIAN_POINT('',(38.,21.,295.));
#3576 = VECTOR('',#3577,1.);
#3577 = DIRECTION('',(-0.,1.,0.));
#3578 = PLANE('',#3579);
#3579 = AXIS2_PLACEMENT_3D('',#3580,#3581,#3582);
#3580 = CARTESIAN_POINT('',(38.,21.,15.));
#3581 = DIRECTION('',(1.,0.,-0.));
#3582 = DIRECTION('',(0.,0.,1.));
#3583 = ADVANCED_FACE('',(#3584),#3602,.F.);
#3584 = FACE_BOUND('',#3585,.F.);
#3585 = EDGE_LOOP('',(#3586,#3587,#3588,#3596));
#3586 = ORIENTED_EDGE('',*,*,#3557,.F.);
#3587 = ORIENTED_EDGE('',*,*,#2151,.T.);
#3588 = ORIENTED_EDGE('',*,*,#3589,.T.);
#3589 = EDGE_CURVE('',#2152,#3590,#3592,.T.);
#3590 = VERTEX_POINT('',#3591);
#3591 = CARTESIAN_POINT('',(40.,46.,15.));
#3592 = LINE('',#3593,#3594);
#3593 = CARTESIAN_POINT('',(40.,21.,15.));
#3594 = VECTOR('',#3595,1.);
#3595 = DIRECTION('',(-0.,1.,0.));
#3596 = ORIENTED_EDGE('',*,*,#3597,.F.);
#3597 = EDGE_CURVE('',#3558,#3590,#3598,.T.);
#3598 = LINE('',#3599,#3600);
#3599 = CARTESIAN_POINT('',(38.,46.,15.));
#3600 = VECTOR('',#3601,1.);
#3601 = DIRECTION('',(1.,0.,-0.));
#3602 = PLANE('',#3603);
#3603 = AXIS2_PLACEMENT_3D('',#3604,#3605,#3606);
#3604 = CARTESIAN_POINT('',(38.,21.,15.));
#3605 = DIRECTION('',(0.,0.,1.));
#3606 = DIRECTION('',(1.,0.,-0.));
#3607 = ADVANCED_FACE('',(#3608),#3626,.T.);
#3608 = FACE_BOUND('',#3609,.T.);
#3609 = EDGE_LOOP('',(#3610,#3611,#3612,#3620));
#3610 = ORIENTED_EDGE('',*,*,#3573,.F.);
#3611 = ORIENTED_EDGE('',*,*,#2167,.T.);
#3612 = ORIENTED_EDGE('',*,*,#3613,.T.);
#3613 = EDGE_CURVE('',#2160,#3614,#3616,.T.);
#3614 = VERTEX_POINT('',#3615);
#3615 = CARTESIAN_POINT('',(40.,46.,295.));
#3616 = LINE('',#3617,#3618);
#3617 = CARTESIAN_POINT('',(40.,21.,295.));
#3618 = VECTOR('',#3619,1.);
#3619 = DIRECTION('',(-0.,1.,0.));
#3620 = ORIENTED_EDGE('',*,*,#3621,.F.);
#3621 = EDGE_CURVE('',#3566,#3614,#3622,.T.);
#3622 = LINE('',#3623,#3624);
#3623 = CARTESIAN_POINT('',(38.,46.,295.));
#3624 = VECTOR('',#3625,1.);
#3625 = DIRECTION('',(1.,0.,-0.));
#3626 = PLANE('',#3627);
#3627 = AXIS2_PLACEMENT_3D('',#3628,#3629,#3630);
#3628 = CARTESIAN_POINT('',(38.,21.,295.));
#3629 = DIRECTION('',(0.,0.,1.));
#3630 = DIRECTION('',(1.,0.,-0.));
#3631 = ADVANCED_FACE('',(#3632),#3643,.T.);
#3632 = FACE_BOUND('',#3633,.T.);
#3633 = EDGE_LOOP('',(#3634,#3635,#3636,#3642));
#3634 = ORIENTED_EDGE('',*,*,#2159,.F.);
#3635 = ORIENTED_EDGE('',*,*,#3589,.T.);
#3636 = ORIENTED_EDGE('',*,*,#3637,.T.);
#3637 = EDGE_CURVE('',#3590,#3614,#3638,.T.);
#3638 = LINE('',#3639,#3640);
#3639 = CARTESIAN_POINT('',(40.,46.,15.));
#3640 = VECTOR('',#3641,1.);
#3641 = DIRECTION('',(0.,0.,1.));
#3642 = ORIENTED_EDGE('',*,*,#3613,.F.);
#3643 = PLANE('',#3644);
#3644 = AXIS2_PLACEMENT_3D('',#3645,#3646,#3647);
#3645 = CARTESIAN_POINT('',(40.,21.,15.));
#3646 = DIRECTION('',(1.,0.,-0.));
#3647 = DIRECTION('',(0.,0.,1.));
#3648 = ADVANCED_FACE('',(#3649),#3674,.F.);
#3649 = FACE_BOUND('',#3650,.F.);
#3650 = EDGE_LOOP('',(#3651,#3652,#3660,#3668));
#3651 = ORIENTED_EDGE('',*,*,#2175,.F.);
#3652 = ORIENTED_EDGE('',*,*,#3653,.T.);
#3653 = EDGE_CURVE('',#2176,#3654,#3656,.T.);
#3654 = VERTEX_POINT('',#3655);
#3655 = CARTESIAN_POINT('',(42.,46.,15.));
#3656 = LINE('',#3657,#3658);
#3657 = CARTESIAN_POINT('',(42.,21.,15.));
#3658 = VECTOR('',#3659,1.);
#3659 = DIRECTION('',(-0.,1.,0.));
#3660 = ORIENTED_EDGE('',*,*,#3661,.T.);
#3661 = EDGE_CURVE('',#3654,#3662,#3664,.T.);
#3662 = VERTEX_POINT('',#3663);
#3663 = CARTESIAN_POINT('',(42.,46.,295.));
#3664 = LINE('',#3665,#3666);
#3665 = CARTESIAN_POINT('',(42.,46.,15.));
#3666 = VECTOR('',#3667,1.);
#3667 = DIRECTION('',(0.,0.,1.));
#3668 = ORIENTED_EDGE('',*,*,#3669,.F.);
#3669 = EDGE_CURVE('',#2178,#3662,#3670,.T.);
#3670 = LINE('',#3671,#3672);
#3671 = CARTESIAN_POINT('',(42.,21.,295.));
#3672 = VECTOR('',#3673,1.);
#3673 = DIRECTION('',(-0.,1.,0.));
#3674 = PLANE('',#3675);
#3675 = AXIS2_PLACEMENT_3D('',#3676,#3677,#3678);
#3676 = CARTESIAN_POINT('',(42.,21.,15.));
#3677 = DIRECTION('',(1.,0.,-0.));
#3678 = DIRECTION('',(0.,0.,1.));
#3679 = ADVANCED_FACE('',(#3680),#3698,.F.);
#3680 = FACE_BOUND('',#3681,.F.);
#3681 = EDGE_LOOP('',(#3682,#3683,#3684,#3692));
#3682 = ORIENTED_EDGE('',*,*,#3653,.F.);
#3683 = ORIENTED_EDGE('',*,*,#2185,.T.);
#3684 = ORIENTED_EDGE('',*,*,#3685,.T.);
#3685 = EDGE_CURVE('',#2186,#3686,#3688,.T.);
#3686 = VERTEX_POINT('',#3687);
#3687 = CARTESIAN_POINT('',(44.,46.,15.));
#3688 = LINE('',#3689,#3690);
#3689 = CARTESIAN_POINT('',(44.,21.,15.));
#3690 = VECTOR('',#3691,1.);
#3691 = DIRECTION('',(-0.,1.,0.));
#3692 = ORIENTED_EDGE('',*,*,#3693,.F.);
#3693 = EDGE_CURVE('',#3654,#3686,#3694,.T.);
#3694 = LINE('',#3695,#3696);
#3695 = CARTESIAN_POINT('',(42.,46.,15.));
#3696 = VECTOR('',#3697,1.);
#3697 = DIRECTION('',(1.,0.,-0.));
#3698 = PLANE('',#3699);
#3699 = AXIS2_PLACEMENT_3D('',#3700,#3701,#3702);
#3700 = CARTESIAN_POINT('',(42.,21.,15.));
#3701 = DIRECTION('',(0.,0.,1.));
#3702 = DIRECTION('',(1.,0.,-0.));
#3703 = ADVANCED_FACE('',(#3704),#3722,.T.);
#3704 = FACE_BOUND('',#3705,.T.);
#3705 = EDGE_LOOP('',(#3706,#3707,#3708,#3716));
#3706 = ORIENTED_EDGE('',*,*,#3669,.F.);
#3707 = ORIENTED_EDGE('',*,*,#2201,.T.);
#3708 = ORIENTED_EDGE('',*,*,#3709,.T.);
#3709 = EDGE_CURVE('',#2194,#3710,#3712,.T.);
#3710 = VERTEX_POINT('',#3711);
#3711 = CARTESIAN_POINT('',(44.,46.,295.));
#3712 = LINE('',#3713,#3714);
#3713 = CARTESIAN_POINT('',(44.,21.,295.));
#3714 = VECTOR('',#3715,1.);
#3715 = DIRECTION('',(-0.,1.,0.));
#3716 = ORIENTED_EDGE('',*,*,#3717,.F.);
#3717 = EDGE_CURVE('',#3662,#3710,#3718,.T.);
#3718 = LINE('',#3719,#3720);
#3719 = CARTESIAN_POINT('',(42.,46.,295.));
#3720 = VECTOR('',#3721,1.);
#3721 = DIRECTION('',(1.,0.,-0.));
#3722 = PLANE('',#3723);
#3723 = AXIS2_PLACEMENT_3D('',#3724,#3725,#3726);
#3724 = CARTESIAN_POINT('',(42.,21.,295.));
#3725 = DIRECTION('',(0.,0.,1.));
#3726 = DIRECTION('',(1.,0.,-0.));
#3727 = ADVANCED_FACE('',(#3728),#3739,.T.);
#3728 = FACE_BOUND('',#3729,.T.);
#3729 = EDGE_LOOP('',(#3730,#3731,#3732,#3738));
#3730 = ORIENTED_EDGE('',*,*,#2193,.F.);
#3731 = ORIENTED_EDGE('',*,*,#3685,.T.);
#3732 = ORIENTED_EDGE('',*,*,#3733,.T.);
#3733 = EDGE_CURVE('',#3686,#3710,#3734,.T.);
#3734 = LINE('',#3735,#3736);
#3735 = CARTESIAN_POINT('',(44.,46.,15.));
#3736 = VECTOR('',#3737,1.);
#3737 = DIRECTION('',(0.,0.,1.));
#3738 = ORIENTED_EDGE('',*,*,#3709,.F.);
#3739 = PLANE('',#3740);
#3740 = AXIS2_PLACEMENT_3D('',#3741,#3742,#3743);
#3741 = CARTESIAN_POINT('',(44.,21.,15.));
#3742 = DIRECTION('',(1.,0.,-0.));
#3743 = DIRECTION('',(0.,0.,1.));
#3744 = ADVANCED_FACE('',(#3745),#3770,.F.);
#3745 = FACE_BOUND('',#3746,.F.);
#3746 = EDGE_LOOP('',(#3747,#3748,#3756,#3764));
#3747 = ORIENTED_EDGE('',*,*,#2209,.F.);
#3748 = ORIENTED_EDGE('',*,*,#3749,.T.);
#3749 = EDGE_CURVE('',#2210,#3750,#3752,.T.);
#3750 = VERTEX_POINT('',#3751);
#3751 = CARTESIAN_POINT('',(46.,46.,15.));
#3752 = LINE('',#3753,#3754);
#3753 = CARTESIAN_POINT('',(46.,21.,15.));
#3754 = VECTOR('',#3755,1.);
#3755 = DIRECTION('',(-0.,1.,0.));
#3756 = ORIENTED_EDGE('',*,*,#3757,.T.);
#3757 = EDGE_CURVE('',#3750,#3758,#3760,.T.);
#3758 = VERTEX_POINT('',#3759);
#3759 = CARTESIAN_POINT('',(46.,46.,295.));
#3760 = LINE('',#3761,#3762);
#3761 = CARTESIAN_POINT('',(46.,46.,15.));
#3762 = VECTOR('',#3763,1.);
#3763 = DIRECTION('',(0.,0.,1.));
#3764 = ORIENTED_EDGE('',*,*,#3765,.F.);
#3765 = EDGE_CURVE('',#2212,#3758,#3766,.T.);
#3766 = LINE('',#3767,#3768);
#3767 = CARTESIAN_POINT('',(46.,21.,295.));
#3768 = VECTOR('',#3769,1.);
#3769 = DIRECTION('',(-0.,1.,0.));
#3770 = PLANE('',#3771);
#3771 = AXIS2_PLACEMENT_3D('',#3772,#3773,#3774);
#3772 = CARTESIAN_POINT('',(46.,21.,15.));
#3773 = DIRECTION('',(1.,0.,-0.));
#3774 = DIRECTION('',(0.,0.,1.));
#3775 = ADVANCED_FACE('',(#3776),#3794,.F.);
#3776 = FACE_BOUND('',#3777,.F.);
#3777 = EDGE_LOOP('',(#3778,#3779,#3780,#3788));
#3778 = ORIENTED_EDGE('',*,*,#3749,.F.);
#3779 = ORIENTED_EDGE('',*,*,#2219,.T.);
#3780 = ORIENTED_EDGE('',*,*,#3781,.T.);
#3781 = EDGE_CURVE('',#2220,#3782,#3784,.T.);
#3782 = VERTEX_POINT('',#3783);
#3783 = CARTESIAN_POINT('',(48.,46.,15.));
#3784 = LINE('',#3785,#3786);
#3785 = CARTESIAN_POINT('',(48.,21.,15.));
#3786 = VECTOR('',#3787,1.);
#3787 = DIRECTION('',(-0.,1.,0.));
#3788 = ORIENTED_EDGE('',*,*,#3789,.F.);
#3789 = EDGE_CURVE('',#3750,#3782,#3790,.T.);
#3790 = LINE('',#3791,#3792);
#3791 = CARTESIAN_POINT('',(46.,46.,15.));
#3792 = VECTOR('',#3793,1.);
#3793 = DIRECTION('',(1.,0.,-0.));
#3794 = PLANE('',#3795);
#3795 = AXIS2_PLACEMENT_3D('',#3796,#3797,#3798);
#3796 = CARTESIAN_POINT('',(46.,21.,15.));
#3797 = DIRECTION('',(0.,0.,1.));
#3798 = DIRECTION('',(1.,0.,-0.));
#3799 = ADVANCED_FACE('',(#3800),#3818,.T.);
#3800 = FACE_BOUND('',#3801,.T.);
#3801 = EDGE_LOOP('',(#3802,#3803,#3804,#3812));
#3802 = ORIENTED_EDGE('',*,*,#3765,.F.);
#3803 = ORIENTED_EDGE('',*,*,#2235,.T.);
#3804 = ORIENTED_EDGE('',*,*,#3805,.T.);
#3805 = EDGE_CURVE('',#2228,#3806,#3808,.T.);
#3806 = VERTEX_POINT('',#3807);
#3807 = CARTESIAN_POINT('',(48.,46.,295.));
#3808 = LINE('',#3809,#3810);
#3809 = CARTESIAN_POINT('',(48.,21.,295.));
#3810 = VECTOR('',#3811,1.);
#3811 = DIRECTION('',(-0.,1.,0.));
#3812 = ORIENTED_EDGE('',*,*,#3813,.F.);
#3813 = EDGE_CURVE('',#3758,#3806,#3814,.T.);
#3814 = LINE('',#3815,#3816);
#3815 = CARTESIAN_POINT('',(46.,46.,295.));
#3816 = VECTOR('',#3817,1.);
#3817 = DIRECTION('',(1.,0.,-0.));
#3818 = PLANE('',#3819);
#3819 = AXIS2_PLACEMENT_3D('',#3820,#3821,#3822);
#3820 = CARTESIAN_POINT('',(46.,21.,295.));
#3821 = DIRECTION('',(0.,0.,1.));
#3822 = DIRECTION('',(1.,0.,-0.));
#3823 = ADVANCED_FACE('',(#3824),#3835,.T.);
#3824 = FACE_BOUND('',#3825,.T.);
#3825 = EDGE_LOOP('',(#3826,#3827,#3828,#3834));
#3826 = ORIENTED_EDGE('',*,*,#2227,.F.);
#3827 = ORIENTED_EDGE('',*,*,#3781,.T.);
#3828 = ORIENTED_EDGE('',*,*,#3829,.T.);
#3829 = EDGE_CURVE('',#3782,#3806,#3830,.T.);
#3830 = LINE('',#3831,#3832);
#3831 = CARTESIAN_POINT('',(48.,46.,15.));
#3832 = VECTOR('',#3833,1.);
#3833 = DIRECTION('',(0.,0.,1.));
#3834 = ORIENTED_EDGE('',*,*,#3805,.F.);
#3835 = PLANE('',#3836);
#3836 = AXIS2_PLACEMENT_3D('',#3837,#3838,#3839);
#3837 = CARTESIAN_POINT('',(48.,21.,15.));
#3838 = DIRECTION('',(1.,0.,-0.));
#3839 = DIRECTION('',(0.,0.,1.));
#3840 = ADVANCED_FACE('',(#3841),#3866,.F.);
#3841 = FACE_BOUND('',#3842,.F.);
#3842 = EDGE_LOOP('',(#3843,#3844,#3852,#3860));
#3843 = ORIENTED_EDGE('',*,*,#2243,.F.);
#3844 = ORIENTED_EDGE('',*,*,#3845,.T.);
#3845 = EDGE_CURVE('',#2244,#3846,#3848,.T.);
#3846 = VERTEX_POINT('',#3847);
#3847 = CARTESIAN_POINT('',(50.,46.,15.));
#3848 = LINE('',#3849,#3850);
#3849 = CARTESIAN_POINT('',(50.,21.,15.));
#3850 = VECTOR('',#3851,1.);
#3851 = DIRECTION('',(-0.,1.,0.));
#3852 = ORIENTED_EDGE('',*,*,#3853,.T.);
#3853 = EDGE_CURVE('',#3846,#3854,#3856,.T.);
#3854 = VERTEX_POINT('',#3855);
#3855 = CARTESIAN_POINT('',(50.,46.,295.));
#3856 = LINE('',#3857,#3858);
#3857 = CARTESIAN_POINT('',(50.,46.,15.));
#3858 = VECTOR('',#3859,1.);
#3859 = DIRECTION('',(0.,0.,1.));
#3860 = ORIENTED_EDGE('',*,*,#3861,.F.);
#3861 = EDGE_CURVE('',#2246,#3854,#3862,.T.);
#3862 = LINE('',#3863,#3864);
#3863 = CARTESIAN_POINT('',(50.,21.,295.));
#3864 = VECTOR('',#3865,1.);
#3865 = DIRECTION('',(-0.,1.,0.));
#3866 = PLANE('',#3867);
#3867 = AXIS2_PLACEMENT_3D('',#3868,#3869,#3870);
#3868 = CARTESIAN_POINT('',(50.,21.,15.));
#3869 = DIRECTION('',(1.,0.,-0.));
#3870 = DIRECTION('',(0.,0.,1.));
#3871 = ADVANCED_FACE('',(#3872),#3890,.F.);
#3872 = FACE_BOUND('',#3873,.F.);
#3873 = EDGE_LOOP('',(#3874,#3875,#3876,#3884));
#3874 = ORIENTED_EDGE('',*,*,#3845,.F.);
#3875 = ORIENTED_EDGE('',*,*,#2253,.T.);
#3876 = ORIENTED_EDGE('',*,*,#3877,.T.);
#3877 = EDGE_CURVE('',#2254,#3878,#3880,.T.);
#3878 = VERTEX_POINT('',#3879);
#3879 = CARTESIAN_POINT('',(52.,46.,15.));
#3880 = LINE('',#3881,#3882);
#3881 = CARTESIAN_POINT('',(52.,21.,15.));
#3882 = VECTOR('',#3883,1.);
#3883 = DIRECTION('',(-0.,1.,0.));
#3884 = ORIENTED_EDGE('',*,*,#3885,.F.);
#3885 = EDGE_CURVE('',#3846,#3878,#3886,.T.);
#3886 = LINE('',#3887,#3888);
#3887 = CARTESIAN_POINT('',(50.,46.,15.));
#3888 = VECTOR('',#3889,1.);
#3889 = DIRECTION('',(1.,0.,-0.));
#3890 = PLANE('',#3891);
#3891 = AXIS2_PLACEMENT_3D('',#3892,#3893,#3894);
#3892 = CARTESIAN_POINT('',(50.,21.,15.));
#3893 = DIRECTION('',(0.,0.,1.));
#3894 = DIRECTION('',(1.,0.,-0.));
#3895 = ADVANCED_FACE('',(#3896),#3914,.T.);
#3896 = FACE_BOUND('',#3897,.T.);
#3897 = EDGE_LOOP('',(#3898,#3899,#3900,#3908));
#3898 = ORIENTED_EDGE('',*,*,#3861,.F.);
#3899 = ORIENTED_EDGE('',*,*,#2269,.T.);
#3900 = ORIENTED_EDGE('',*,*,#3901,.T.);
#3901 = EDGE_CURVE('',#2262,#3902,#3904,.T.);
#3902 = VERTEX_POINT('',#3903);
#3903 = CARTESIAN_POINT('',(52.,46.,295.));
#3904 = LINE('',#3905,#3906);
#3905 = CARTESIAN_POINT('',(52.,21.,295.));
#3906 = VECTOR('',#3907,1.);
#3907 = DIRECTION('',(-0.,1.,0.));
#3908 = ORIENTED_EDGE('',*,*,#3909,.F.);
#3909 = EDGE_CURVE('',#3854,#3902,#3910,.T.);
#3910 = LINE('',#3911,#3912);
#3911 = CARTESIAN_POINT('',(50.,46.,295.));
#3912 = VECTOR('',#3913,1.);
#3913 = DIRECTION('',(1.,0.,-0.));
#3914 = PLANE('',#3915);
#3915 = AXIS2_PLACEMENT_3D('',#3916,#3917,#3918);
#3916 = CARTESIAN_POINT('',(50.,21.,295.));
#3917 = DIRECTION('',(0.,0.,1.));
#3918 = DIRECTION('',(1.,0.,-0.));
#3919 = ADVANCED_FACE('',(#3920),#3931,.T.);
#3920 = FACE_BOUND('',#3921,.T.);
#3921 = EDGE_LOOP('',(#3922,#3923,#3924,#3930));
#3922 = ORIENTED_EDGE('',*,*,#2261,.F.);
#3923 = ORIENTED_EDGE('',*,*,#3877,.T.);
#3924 = ORIENTED_EDGE('',*,*,#3925,.T.);
#3925 = EDGE_CURVE('',#3878,#3902,#3926,.T.);
#3926 = LINE('',#3927,#3928);
#3927 = CARTESIAN_POINT('',(52.,46.,15.));
#3928 = VECTOR('',#3929,1.);
#3929 = DIRECTION('',(0.,0.,1.));
#3930 = ORIENTED_EDGE('',*,*,#3901,.F.);
#3931 = PLANE('',#3932);
#3932 = AXIS2_PLACEMENT_3D('',#3933,#3934,#3935);
#3933 = CARTESIAN_POINT('',(52.,21.,15.));
#3934 = DIRECTION('',(1.,0.,-0.));
#3935 = DIRECTION('',(0.,0.,1.));
#3936 = ADVANCED_FACE('',(#3937),#3962,.F.);
#3937 = FACE_BOUND('',#3938,.F.);
#3938 = EDGE_LOOP('',(#3939,#3940,#3948,#3956));
#3939 = ORIENTED_EDGE('',*,*,#2277,.F.);
#3940 = ORIENTED_EDGE('',*,*,#3941,.T.);
#3941 = EDGE_CURVE('',#2278,#3942,#3944,.T.);
#3942 = VERTEX_POINT('',#3943);
#3943 = CARTESIAN_POINT('',(54.,46.,15.));
#3944 = LINE('',#3945,#3946);
#3945 = CARTESIAN_POINT('',(54.,21.,15.));
#3946 = VECTOR('',#3947,1.);
#3947 = DIRECTION('',(-0.,1.,0.));
#3948 = ORIENTED_EDGE('',*,*,#3949,.T.);
#3949 = EDGE_CURVE('',#3942,#3950,#3952,.T.);
#3950 = VERTEX_POINT('',#3951);
#3951 = CARTESIAN_POINT('',(54.,46.,295.));
#3952 = LINE('',#3953,#3954);
#3953 = CARTESIAN_POINT('',(54.,46.,15.));
#3954 = VECTOR('',#3955,1.);
#3955 = DIRECTION('',(0.,0.,1.));
#3956 = ORIENTED_EDGE('',*,*,#3957,.F.);
#3957 = EDGE_CURVE('',#2280,#3950,#3958,.T.);
#3958 = LINE('',#3959,#3960);
#3959 = CARTESIAN_POINT('',(54.,21.,295.));
#3960 = VECTOR('',#3961,1.);
#3961 = DIRECTION('',(-0.,1.,0.));
#3962 = PLANE('',#3963);
#3963 = AXIS2_PLACEMENT_3D('',#3964,#3965,#3966);
#3964 = CARTESIAN_POINT('',(54.,21.,15.));
#3965 = DIRECTION('',(1.,0.,-0.));
#3966 = DIRECTION('',(0.,0.,1.));
#3967 = ADVANCED_FACE('',(#3968),#3986,.F.);
#3968 = FACE_BOUND('',#3969,.F.);
#3969 = EDGE_LOOP('',(#3970,#3971,#3972,#3980));
#3970 = ORIENTED_EDGE('',*,*,#3941,.F.);
#3971 = ORIENTED_EDGE('',*,*,#2287,.T.);
#3972 = ORIENTED_EDGE('',*,*,#3973,.T.);
#3973 = EDGE_CURVE('',#2288,#3974,#3976,.T.);
#3974 = VERTEX_POINT('',#3975);
#3975 = CARTESIAN_POINT('',(56.,46.,15.));
#3976 = LINE('',#3977,#3978);
#3977 = CARTESIAN_POINT('',(56.,21.,15.));
#3978 = VECTOR('',#3979,1.);
#3979 = DIRECTION('',(-0.,1.,0.));
#3980 = ORIENTED_EDGE('',*,*,#3981,.F.);
#3981 = EDGE_CURVE('',#3942,#3974,#3982,.T.);
#3982 = LINE('',#3983,#3984);
#3983 = CARTESIAN_POINT('',(54.,46.,15.));
#3984 = VECTOR('',#3985,1.);
#3985 = DIRECTION('',(1.,0.,-0.));
#3986 = PLANE('',#3987);
#3987 = AXIS2_PLACEMENT_3D('',#3988,#3989,#3990);
#3988 = CARTESIAN_POINT('',(54.,21.,15.));
#3989 = DIRECTION('',(0.,0.,1.));
#3990 = DIRECTION('',(1.,0.,-0.));
#3991 = ADVANCED_FACE('',(#3992),#4010,.T.);
#3992 = FACE_BOUND('',#3993,.T.);
#3993 = EDGE_LOOP('',(#3994,#3995,#3996,#4004));
#3994 = ORIENTED_EDGE('',*,*,#3957,.F.);
#3995 = ORIENTED_EDGE('',*,*,#2303,.T.);
#3996 = ORIENTED_EDGE('',*,*,#3997,.T.);
#3997 = EDGE_CURVE('',#2296,#3998,#4000,.T.);
#3998 = VERTEX_POINT('',#3999);
#3999 = CARTESIAN_POINT('',(56.,46.,295.));
#4000 = LINE('',#4001,#4002);
#4001 = CARTESIAN_POINT('',(56.,21.,295.));
#4002 = VECTOR('',#4003,1.);
#4003 = DIRECTION('',(-0.,1.,0.));
#4004 = ORIENTED_EDGE('',*,*,#4005,.F.);
#4005 = EDGE_CURVE('',#3950,#3998,#4006,.T.);
#4006 = LINE('',#4007,#4008);
#4007 = CARTESIAN_POINT('',(54.,46.,295.));
#4008 = VECTOR('',#4009,1.);
#4009 = DIRECTION('',(1.,0.,-0.));
#4010 = PLANE('',#4011);
#4011 = AXIS2_PLACEMENT_3D('',#4012,#4013,#4014);
#4012 = CARTESIAN_POINT('',(54.,21.,295.));
#4013 = DIRECTION('',(0.,0.,1.));
#4014 = DIRECTION('',(1.,0.,-0.));
#4015 = ADVANCED_FACE('',(#4016),#4027,.T.);
#4016 = FACE_BOUND('',#4017,.T.);
#4017 = EDGE_LOOP('',(#4018,#4019,#4020,#4026));
#4018 = ORIENTED_EDGE('',*,*,#2295,.F.);
#4019 = ORIENTED_EDGE('',*,*,#3973,.T.);
#4020 = ORIENTED_EDGE('',*,*,#4021,.T.);
#4021 = EDGE_CURVE('',#3974,#3998,#4022,.T.);
#4022 = LINE('',#4023,#4024);
#4023 = CARTESIAN_POINT('',(56.,46.,15.));
#4024 = VECTOR('',#4025,1.);
#4025 = DIRECTION('',(0.,0.,1.));
#4026 = ORIENTED_EDGE('',*,*,#3997,.F.);
#4027 = PLANE('',#4028);
#4028 = AXIS2_PLACEMENT_3D('',#4029,#4030,#4031);
#4029 = CARTESIAN_POINT('',(56.,21.,15.));
#4030 = DIRECTION('',(1.,0.,-0.));
#4031 = DIRECTION('',(0.,0.,1.));
#4032 = ADVANCED_FACE('',(#4033),#4058,.F.);
#4033 = FACE_BOUND('',#4034,.F.);
#4034 = EDGE_LOOP('',(#4035,#4036,#4044,#4052));
#4035 = ORIENTED_EDGE('',*,*,#2311,.F.);
#4036 = ORIENTED_EDGE('',*,*,#4037,.T.);
#4037 = EDGE_CURVE('',#2312,#4038,#4040,.T.);
#4038 = VERTEX_POINT('',#4039);
#4039 = CARTESIAN_POINT('',(251.,46.,15.));
#4040 = LINE('',#4041,#4042);
#4041 = CARTESIAN_POINT('',(251.,21.,15.));
#4042 = VECTOR('',#4043,1.);
#4043 = DIRECTION('',(-0.,1.,0.));
#4044 = ORIENTED_EDGE('',*,*,#4045,.T.);
#4045 = EDGE_CURVE('',#4038,#4046,#4048,.T.);
#4046 = VERTEX_POINT('',#4047);
#4047 = CARTESIAN_POINT('',(251.,46.,295.));
#4048 = LINE('',#4049,#4050);
#4049 = CARTESIAN_POINT('',(251.,46.,15.));
#4050 = VECTOR('',#4051,1.);
#4051 = DIRECTION('',(0.,0.,1.));
#4052 = ORIENTED_EDGE('',*,*,#4053,.F.);
#4053 = EDGE_CURVE('',#2314,#4046,#4054,.T.);
#4054 = LINE('',#4055,#4056);
#4055 = CARTESIAN_POINT('',(251.,21.,295.));
#4056 = VECTOR('',#4057,1.);
#4057 = DIRECTION('',(-0.,1.,0.));
#4058 = PLANE('',#4059);
#4059 = AXIS2_PLACEMENT_3D('',#4060,#4061,#4062);
#4060 = CARTESIAN_POINT('',(251.,21.,15.));
#4061 = DIRECTION('',(1.,0.,-0.));
#4062 = DIRECTION('',(0.,0.,1.));
#4063 = ADVANCED_FACE('',(#4064),#4082,.F.);
#4064 = FACE_BOUND('',#4065,.F.);
#4065 = EDGE_LOOP('',(#4066,#4067,#4068,#4076));
#4066 = ORIENTED_EDGE('',*,*,#4037,.F.);
#4067 = ORIENTED_EDGE('',*,*,#2321,.T.);
#4068 = ORIENTED_EDGE('',*,*,#4069,.T.);
#4069 = EDGE_CURVE('',#2322,#4070,#4072,.T.);
#4070 = VERTEX_POINT('',#4071);
#4071 = CARTESIAN_POINT('',(253.,46.,15.));
#4072 = LINE('',#4073,#4074);
#4073 = CARTESIAN_POINT('',(253.,21.,15.));
#4074 = VECTOR('',#4075,1.);
#4075 = DIRECTION('',(-0.,1.,0.));
#4076 = ORIENTED_EDGE('',*,*,#4077,.F.);
#4077 = EDGE_CURVE('',#4038,#4070,#4078,.T.);
#4078 = LINE('',#4079,#4080);
#4079 = CARTESIAN_POINT('',(251.,46.,15.));
#4080 = VECTOR('',#4081,1.);
#4081 = DIRECTION('',(1.,0.,-0.));
#4082 = PLANE('',#4083);
#4083 = AXIS2_PLACEMENT_3D('',#4084,#4085,#4086);
#4084 = CARTESIAN_POINT('',(251.,21.,15.));
#4085 = DIRECTION('',(0.,0.,1.));
#4086 = DIRECTION('',(1.,0.,-0.));
#4087 = ADVANCED_FACE('',(#4088),#4106,.T.);
#4088 = FACE_BOUND('',#4089,.T.);
#4089 = EDGE_LOOP('',(#4090,#4091,#4092,#4100));
#4090 = ORIENTED_EDGE('',*,*,#4053,.F.);
#4091 = ORIENTED_EDGE('',*,*,#2337,.T.);
#4092 = ORIENTED_EDGE('',*,*,#4093,.T.);
#4093 = EDGE_CURVE('',#2330,#4094,#4096,.T.);
#4094 = VERTEX_POINT('',#4095);
#4095 = CARTESIAN_POINT('',(253.,46.,295.));
#4096 = LINE('',#4097,#4098);
#4097 = CARTESIAN_POINT('',(253.,21.,295.));
#4098 = VECTOR('',#4099,1.);
#4099 = DIRECTION('',(-0.,1.,0.));
#4100 = ORIENTED_EDGE('',*,*,#4101,.F.);
#4101 = EDGE_CURVE('',#4046,#4094,#4102,.T.);
#4102 = LINE('',#4103,#4104);
#4103 = CARTESIAN_POINT('',(251.,46.,295.));
#4104 = VECTOR('',#4105,1.);
#4105 = DIRECTION('',(1.,0.,-0.));
#4106 = PLANE('',#4107);
#4107 = AXIS2_PLACEMENT_3D('',#4108,#4109,#4110);
#4108 = CARTESIAN_POINT('',(251.,21.,295.));
#4109 = DIRECTION('',(0.,0.,1.));
#4110 = DIRECTION('',(1.,0.,-0.));
#4111 = ADVANCED_FACE('',(#4112),#4123,.T.);
#4112 = FACE_BOUND('',#4113,.T.);
#4113 = EDGE_LOOP('',(#4114,#4115,#4116,#4122));
#4114 = ORIENTED_EDGE('',*,*,#2329,.F.);
#4115 = ORIENTED_EDGE('',*,*,#4069,.T.);
#4116 = ORIENTED_EDGE('',*,*,#4117,.T.);
#4117 = EDGE_CURVE('',#4070,#4094,#4118,.T.);
#4118 = LINE('',#4119,#4120);
#4119 = CARTESIAN_POINT('',(253.,46.,15.));
#4120 = VECTOR('',#4121,1.);
#4121 = DIRECTION('',(0.,0.,1.));
#4122 = ORIENTED_EDGE('',*,*,#4093,.F.);
#4123 = PLANE('',#4124);
#4124 = AXIS2_PLACEMENT_3D('',#4125,#4126,#4127);
#4125 = CARTESIAN_POINT('',(253.,21.,15.));
#4126 = DIRECTION('',(1.,0.,-0.));
#4127 = DIRECTION('',(0.,0.,1.));
#4128 = ADVANCED_FACE('',(#4129),#4154,.F.);
#4129 = FACE_BOUND('',#4130,.F.);
#4130 = EDGE_LOOP('',(#4131,#4132,#4140,#4148));
#4131 = ORIENTED_EDGE('',*,*,#2345,.F.);
#4132 = ORIENTED_EDGE('',*,*,#4133,.T.);
#4133 = EDGE_CURVE('',#2346,#4134,#4136,.T.);
#4134 = VERTEX_POINT('',#4135);
#4135 = CARTESIAN_POINT('',(255.,46.,15.));
#4136 = LINE('',#4137,#4138);
#4137 = CARTESIAN_POINT('',(255.,21.,15.));
#4138 = VECTOR('',#4139,1.);
#4139 = DIRECTION('',(-0.,1.,0.));
#4140 = ORIENTED_EDGE('',*,*,#4141,.T.);
#4141 = EDGE_CURVE('',#4134,#4142,#4144,.T.);
#4142 = VERTEX_POINT('',#4143);
#4143 = CARTESIAN_POINT('',(255.,46.,295.));
#4144 = LINE('',#4145,#4146);
#4145 = CARTESIAN_POINT('',(255.,46.,15.));
#4146 = VECTOR('',#4147,1.);
#4147 = DIRECTION('',(0.,0.,1.));
#4148 = ORIENTED_EDGE('',*,*,#4149,.F.);
#4149 = EDGE_CURVE('',#2348,#4142,#4150,.T.);
#4150 = LINE('',#4151,#4152);
#4151 = CARTESIAN_POINT('',(255.,21.,295.));
#4152 = VECTOR('',#4153,1.);
#4153 = DIRECTION('',(-0.,1.,0.));
#4154 = PLANE('',#4155);
#4155 = AXIS2_PLACEMENT_3D('',#4156,#4157,#4158);
#4156 = CARTESIAN_POINT('',(255.,21.,15.));
#4157 = DIRECTION('',(1.,0.,-0.));
#4158 = DIRECTION('',(0.,0.,1.));
#4159 = ADVANCED_FACE('',(#4160),#4178,.F.);
#4160 = FACE_BOUND('',#4161,.F.);
#4161 = EDGE_LOOP('',(#4162,#4163,#4164,#4172));
#4162 = ORIENTED_EDGE('',*,*,#4133,.F.);
#4163 = ORIENTED_EDGE('',*,*,#2355,.T.);
#4164 = ORIENTED_EDGE('',*,*,#4165,.T.);
#4165 = EDGE_CURVE('',#2356,#4166,#4168,.T.);
#4166 = VERTEX_POINT('',#4167);
#4167 = CARTESIAN_POINT('',(257.,46.,15.));
#4168 = LINE('',#4169,#4170);
#4169 = CARTESIAN_POINT('',(257.,21.,15.));
#4170 = VECTOR('',#4171,1.);
#4171 = DIRECTION('',(-0.,1.,0.));
#4172 = ORIENTED_EDGE('',*,*,#4173,.F.);
#4173 = EDGE_CURVE('',#4134,#4166,#4174,.T.);
#4174 = LINE('',#4175,#4176);
#4175 = CARTESIAN_POINT('',(255.,46.,15.));
#4176 = VECTOR('',#4177,1.);
#4177 = DIRECTION('',(1.,0.,-0.));
#4178 = PLANE('',#4179);
#4179 = AXIS2_PLACEMENT_3D('',#4180,#4181,#4182);
#4180 = CARTESIAN_POINT('',(255.,21.,15.));
#4181 = DIRECTION('',(0.,0.,1.));
#4182 = DIRECTION('',(1.,0.,-0.));
#4183 = ADVANCED_FACE('',(#4184),#4202,.T.);
#4184 = FACE_BOUND('',#4185,.T.);
#4185 = EDGE_LOOP('',(#4186,#4187,#4188,#4196));
#4186 = ORIENTED_EDGE('',*,*,#4149,.F.);
#4187 = ORIENTED_EDGE('',*,*,#2371,.T.);
#4188 = ORIENTED_EDGE('',*,*,#4189,.T.);
#4189 = EDGE_CURVE('',#2364,#4190,#4192,.T.);
#4190 = VERTEX_POINT('',#4191);
#4191 = CARTESIAN_POINT('',(257.,46.,295.));
#4192 = LINE('',#4193,#4194);
#4193 = CARTESIAN_POINT('',(257.,21.,295.));
#4194 = VECTOR('',#4195,1.);
#4195 = DIRECTION('',(-0.,1.,0.));
#4196 = ORIENTED_EDGE('',*,*,#4197,.F.);
#4197 = EDGE_CURVE('',#4142,#4190,#4198,.T.);
#4198 = LINE('',#4199,#4200);
#4199 = CARTESIAN_POINT('',(255.,46.,295.));
#4200 = VECTOR('',#4201,1.);
#4201 = DIRECTION('',(1.,0.,-0.));
#4202 = PLANE('',#4203);
#4203 = AXIS2_PLACEMENT_3D('',#4204,#4205,#4206);
#4204 = CARTESIAN_POINT('',(255.,21.,295.));
#4205 = DIRECTION('',(0.,0.,1.));
#4206 = DIRECTION('',(1.,0.,-0.));
#4207 = ADVANCED_FACE('',(#4208),#4219,.T.);
#4208 = FACE_BOUND('',#4209,.T.);
#4209 = EDGE_LOOP('',(#4210,#4211,#4212,#4218));
#4210 = ORIENTED_EDGE('',*,*,#2363,.F.);
#4211 = ORIENTED_EDGE('',*,*,#4165,.T.);
#4212 = ORIENTED_EDGE('',*,*,#4213,.T.);
#4213 = EDGE_CURVE('',#4166,#4190,#4214,.T.);
#4214 = LINE('',#4215,#4216);
#4215 = CARTESIAN_POINT('',(257.,46.,15.));
#4216 = VECTOR('',#4217,1.);
#4217 = DIRECTION('',(0.,0.,1.));
#4218 = ORIENTED_EDGE('',*,*,#4189,.F.);
#4219 = PLANE('',#4220);
#4220 = AXIS2_PLACEMENT_3D('',#4221,#4222,#4223);
#4221 = CARTESIAN_POINT('',(257.,21.,15.));
#4222 = DIRECTION('',(1.,0.,-0.));
#4223 = DIRECTION('',(0.,0.,1.));
#4224 = ADVANCED_FACE('',(#4225),#4250,.F.);
#4225 = FACE_BOUND('',#4226,.F.);
#4226 = EDGE_LOOP('',(#4227,#4228,#4236,#4244));
#4227 = ORIENTED_EDGE('',*,*,#2379,.F.);
#4228 = ORIENTED_EDGE('',*,*,#4229,.T.);
#4229 = EDGE_CURVE('',#2380,#4230,#4232,.T.);
#4230 = VERTEX_POINT('',#4231);
#4231 = CARTESIAN_POINT('',(259.,46.,15.));
#4232 = LINE('',#4233,#4234);
#4233 = CARTESIAN_POINT('',(259.,21.,15.));
#4234 = VECTOR('',#4235,1.);
#4235 = DIRECTION('',(-0.,1.,0.));
#4236 = ORIENTED_EDGE('',*,*,#4237,.T.);
#4237 = EDGE_CURVE('',#4230,#4238,#4240,.T.);
#4238 = VERTEX_POINT('',#4239);
#4239 = CARTESIAN_POINT('',(259.,46.,295.));
#4240 = LINE('',#4241,#4242);
#4241 = CARTESIAN_POINT('',(259.,46.,15.));
#4242 = VECTOR('',#4243,1.);
#4243 = DIRECTION('',(0.,0.,1.));
#4244 = ORIENTED_EDGE('',*,*,#4245,.F.);
#4245 = EDGE_CURVE('',#2382,#4238,#4246,.T.);
#4246 = LINE('',#4247,#4248);
#4247 = CARTESIAN_POINT('',(259.,21.,295.));
#4248 = VECTOR('',#4249,1.);
#4249 = DIRECTION('',(-0.,1.,0.));
#4250 = PLANE('',#4251);
#4251 = AXIS2_PLACEMENT_3D('',#4252,#4253,#4254);
#4252 = CARTESIAN_POINT('',(259.,21.,15.));
#4253 = DIRECTION('',(1.,0.,-0.));
#4254 = DIRECTION('',(0.,0.,1.));
#4255 = ADVANCED_FACE('',(#4256),#4274,.F.);
#4256 = FACE_BOUND('',#4257,.F.);
#4257 = EDGE_LOOP('',(#4258,#4259,#4260,#4268));
#4258 = ORIENTED_EDGE('',*,*,#4229,.F.);
#4259 = ORIENTED_EDGE('',*,*,#2389,.T.);
#4260 = ORIENTED_EDGE('',*,*,#4261,.T.);
#4261 = EDGE_CURVE('',#2390,#4262,#4264,.T.);
#4262 = VERTEX_POINT('',#4263);
#4263 = CARTESIAN_POINT('',(261.,46.,15.));
#4264 = LINE('',#4265,#4266);
#4265 = CARTESIAN_POINT('',(261.,21.,15.));
#4266 = VECTOR('',#4267,1.);
#4267 = DIRECTION('',(-0.,1.,0.));
#4268 = ORIENTED_EDGE('',*,*,#4269,.F.);
#4269 = EDGE_CURVE('',#4230,#4262,#4270,.T.);
#4270 = LINE('',#4271,#4272);
#4271 = CARTESIAN_POINT('',(259.,46.,15.));
#4272 = VECTOR('',#4273,1.);
#4273 = DIRECTION('',(1.,0.,-0.));
#4274 = PLANE('',#4275);
#4275 = AXIS2_PLACEMENT_3D('',#4276,#4277,#4278);
#4276 = CARTESIAN_POINT('',(259.,21.,15.));
#4277 = DIRECTION('',(0.,0.,1.));
#4278 = DIRECTION('',(1.,0.,-0.));
#4279 = ADVANCED_FACE('',(#4280),#4298,.T.);
#4280 = FACE_BOUND('',#4281,.T.);
#4281 = EDGE_LOOP('',(#4282,#4283,#4284,#4292));
#4282 = ORIENTED_EDGE('',*,*,#4245,.F.);
#4283 = ORIENTED_EDGE('',*,*,#2405,.T.);
#4284 = ORIENTED_EDGE('',*,*,#4285,.T.);
#4285 = EDGE_CURVE('',#2398,#4286,#4288,.T.);
#4286 = VERTEX_POINT('',#4287);
#4287 = CARTESIAN_POINT('',(261.,46.,295.));
#4288 = LINE('',#4289,#4290);
#4289 = CARTESIAN_POINT('',(261.,21.,295.));
#4290 = VECTOR('',#4291,1.);
#4291 = DIRECTION('',(-0.,1.,0.));
#4292 = ORIENTED_EDGE('',*,*,#4293,.F.);
#4293 = EDGE_CURVE('',#4238,#4286,#4294,.T.);
#4294 = LINE('',#4295,#4296);
#4295 = CARTESIAN_POINT('',(259.,46.,295.));
#4296 = VECTOR('',#4297,1.);
#4297 = DIRECTION('',(1.,0.,-0.));
#4298 = PLANE('',#4299);
#4299 = AXIS2_PLACEMENT_3D('',#4300,#4301,#4302);
#4300 = CARTESIAN_POINT('',(259.,21.,295.));
#4301 = DIRECTION('',(0.,0.,1.));
#4302 = DIRECTION('',(1.,0.,-0.));
#4303 = ADVANCED_FACE('',(#4304),#4315,.T.);
#4304 = FACE_BOUND('',#4305,.T.);
#4305 = EDGE_LOOP('',(#4306,#4307,#4308,#4314));
#4306 = ORIENTED_EDGE('',*,*,#2397,.F.);
#4307 = ORIENTED_EDGE('',*,*,#4261,.T.);
#4308 = ORIENTED_EDGE('',*,*,#4309,.T.);
#4309 = EDGE_CURVE('',#4262,#4286,#4310,.T.);
#4310 = LINE('',#4311,#4312);
#4311 = CARTESIAN_POINT('',(261.,46.,15.));
#4312 = VECTOR('',#4313,1.);
#4313 = DIRECTION('',(0.,0.,1.));
#4314 = ORIENTED_EDGE('',*,*,#4285,.F.);
#4315 = PLANE('',#4316);
#4316 = AXIS2_PLACEMENT_3D('',#4317,#4318,#4319);
#4317 = CARTESIAN_POINT('',(261.,21.,15.));
#4318 = DIRECTION('',(1.,0.,-0.));
#4319 = DIRECTION('',(0.,0.,1.));
#4320 = ADVANCED_FACE('',(#4321),#4346,.F.);
#4321 = FACE_BOUND('',#4322,.F.);
#4322 = EDGE_LOOP('',(#4323,#4324,#4332,#4340));
#4323 = ORIENTED_EDGE('',*,*,#2413,.F.);
#4324 = ORIENTED_EDGE('',*,*,#4325,.T.);
#4325 = EDGE_CURVE('',#2414,#4326,#4328,.T.);
#4326 = VERTEX_POINT('',#4327);
#4327 = CARTESIAN_POINT('',(263.,46.,15.));
#4328 = LINE('',#4329,#4330);
#4329 = CARTESIAN_POINT('',(263.,21.,15.));
#4330 = VECTOR('',#4331,1.);
#4331 = DIRECTION('',(-0.,1.,0.));
#4332 = ORIENTED_EDGE('',*,*,#4333,.T.);
#4333 = EDGE_CURVE('',#4326,#4334,#4336,.T.);
#4334 = VERTEX_POINT('',#4335);
#4335 = CARTESIAN_POINT('',(263.,46.,295.));
#4336 = LINE('',#4337,#4338);
#4337 = CARTESIAN_POINT('',(263.,46.,15.));
#4338 = VECTOR('',#4339,1.);
#4339 = DIRECTION('',(0.,0.,1.));
#4340 = ORIENTED_EDGE('',*,*,#4341,.F.);
#4341 = EDGE_CURVE('',#2416,#4334,#4342,.T.);
#4342 = LINE('',#4343,#4344);
#4343 = CARTESIAN_POINT('',(263.,21.,295.));
#4344 = VECTOR('',#4345,1.);
#4345 = DIRECTION('',(-0.,1.,0.));
#4346 = PLANE('',#4347);
#4347 = AXIS2_PLACEMENT_3D('',#4348,#4349,#4350);
#4348 = CARTESIAN_POINT('',(263.,21.,15.));
#4349 = DIRECTION('',(1.,0.,-0.));
#4350 = DIRECTION('',(0.,0.,1.));
#4351 = ADVANCED_FACE('',(#4352),#4370,.F.);
#4352 = FACE_BOUND('',#4353,.F.);
#4353 = EDGE_LOOP('',(#4354,#4355,#4356,#4364));
#4354 = ORIENTED_EDGE('',*,*,#4325,.F.);
#4355 = ORIENTED_EDGE('',*,*,#2423,.T.);
#4356 = ORIENTED_EDGE('',*,*,#4357,.T.);
#4357 = EDGE_CURVE('',#2424,#4358,#4360,.T.);
#4358 = VERTEX_POINT('',#4359);
#4359 = CARTESIAN_POINT('',(265.,46.,15.));
#4360 = LINE('',#4361,#4362);
#4361 = CARTESIAN_POINT('',(265.,21.,15.));
#4362 = VECTOR('',#4363,1.);
#4363 = DIRECTION('',(-0.,1.,0.));
#4364 = ORIENTED_EDGE('',*,*,#4365,.F.);
#4365 = EDGE_CURVE('',#4326,#4358,#4366,.T.);
#4366 = LINE('',#4367,#4368);
#4367 = CARTESIAN_POINT('',(263.,46.,15.));
#4368 = VECTOR('',#4369,1.);
#4369 = DIRECTION('',(1.,0.,-0.));
#4370 = PLANE('',#4371);
#4371 = AXIS2_PLACEMENT_3D('',#4372,#4373,#4374);
#4372 = CARTESIAN_POINT('',(263.,21.,15.));
#4373 = DIRECTION('',(0.,0.,1.));
#4374 = DIRECTION('',(1.,0.,-0.));
#4375 = ADVANCED_FACE('',(#4376),#4394,.T.);
#4376 = FACE_BOUND('',#4377,.T.);
#4377 = EDGE_LOOP('',(#4378,#4379,#4380,#4388));
#4378 = ORIENTED_EDGE('',*,*,#4341,.F.);
#4379 = ORIENTED_EDGE('',*,*,#2439,.T.);
#4380 = ORIENTED_EDGE('',*,*,#4381,.T.);
#4381 = EDGE_CURVE('',#2432,#4382,#4384,.T.);
#4382 = VERTEX_POINT('',#4383);
#4383 = CARTESIAN_POINT('',(265.,46.,295.));
#4384 = LINE('',#4385,#4386);
#4385 = CARTESIAN_POINT('',(265.,21.,295.));
#4386 = VECTOR('',#4387,1.);
#4387 = DIRECTION('',(-0.,1.,0.));
#4388 = ORIENTED_EDGE('',*,*,#4389,.F.);
#4389 = EDGE_CURVE('',#4334,#4382,#4390,.T.);
#4390 = LINE('',#4391,#4392);
#4391 = CARTESIAN_POINT('',(263.,46.,295.));
#4392 = VECTOR('',#4393,1.);
#4393 = DIRECTION('',(1.,0.,-0.));
#4394 = PLANE('',#4395);
#4395 = AXIS2_PLACEMENT_3D('',#4396,#4397,#4398);
#4396 = CARTESIAN_POINT('',(263.,21.,295.));
#4397 = DIRECTION('',(0.,0.,1.));
#4398 = DIRECTION('',(1.,0.,-0.));
#4399 = ADVANCED_FACE('',(#4400),#4411,.T.);
#4400 = FACE_BOUND('',#4401,.T.);
#4401 = EDGE_LOOP('',(#4402,#4403,#4404,#4410));
#4402 = ORIENTED_EDGE('',*,*,#2431,.F.);
#4403 = ORIENTED_EDGE('',*,*,#4357,.T.);
#4404 = ORIENTED_EDGE('',*,*,#4405,.T.);
#4405 = EDGE_CURVE('',#4358,#4382,#4406,.T.);
#4406 = LINE('',#4407,#4408);
#4407 = CARTESIAN_POINT('',(265.,46.,15.));
#4408 = VECTOR('',#4409,1.);
#4409 = DIRECTION('',(0.,0.,1.));
#4410 = ORIENTED_EDGE('',*,*,#4381,.F.);
#4411 = PLANE('',#4412);
#4412 = AXIS2_PLACEMENT_3D('',#4413,#4414,#4415);
#4413 = CARTESIAN_POINT('',(265.,21.,15.));
#4414 = DIRECTION('',(1.,0.,-0.));
#4415 = DIRECTION('',(0.,0.,1.));
#4416 = ADVANCED_FACE('',(#4417),#4442,.F.);
#4417 = FACE_BOUND('',#4418,.F.);
#4418 = EDGE_LOOP('',(#4419,#4420,#4428,#4436));
#4419 = ORIENTED_EDGE('',*,*,#2447,.F.);
#4420 = ORIENTED_EDGE('',*,*,#4421,.T.);
#4421 = EDGE_CURVE('',#2448,#4422,#4424,.T.);
#4422 = VERTEX_POINT('',#4423);
#4423 = CARTESIAN_POINT('',(267.,46.,15.));
#4424 = LINE('',#4425,#4426);
#4425 = CARTESIAN_POINT('',(267.,21.,15.));
#4426 = VECTOR('',#4427,1.);
#4427 = DIRECTION('',(-0.,1.,0.));
#4428 = ORIENTED_EDGE('',*,*,#4429,.T.);
#4429 = EDGE_CURVE('',#4422,#4430,#4432,.T.);
#4430 = VERTEX_POINT('',#4431);
#4431 = CARTESIAN_POINT('',(267.,46.,295.));
#4432 = LINE('',#4433,#4434);
#4433 = CARTESIAN_POINT('',(267.,46.,15.));
#4434 = VECTOR('',#4435,1.);
#4435 = DIRECTION('',(0.,0.,1.));
#4436 = ORIENTED_EDGE('',*,*,#4437,.F.);
#4437 = EDGE_CURVE('',#2450,#4430,#4438,.T.);
#4438 = LINE('',#4439,#4440);
#4439 = CARTESIAN_POINT('',(267.,21.,295.));
#4440 = VECTOR('',#4441,1.);
#4441 = DIRECTION('',(-0.,1.,0.));
#4442 = PLANE('',#4443);
#4443 = AXIS2_PLACEMENT_3D('',#4444,#4445,#4446);
#4444 = CARTESIAN_POINT('',(267.,21.,15.));
#4445 = DIRECTION('',(1.,0.,-0.));
#4446 = DIRECTION('',(0.,0.,1.));
#4447 = ADVANCED_FACE('',(#4448),#4466,.F.);
#4448 = FACE_BOUND('',#4449,.F.);
#4449 = EDGE_LOOP('',(#4450,#4451,#4452,#4460));
#4450 = ORIENTED_EDGE('',*,*,#4421,.F.);
#4451 = ORIENTED_EDGE('',*,*,#2457,.T.);
#4452 = ORIENTED_EDGE('',*,*,#4453,.T.);
#4453 = EDGE_CURVE('',#2458,#4454,#4456,.T.);
#4454 = VERTEX_POINT('',#4455);
#4455 = CARTESIAN_POINT('',(269.,46.,15.));
#4456 = LINE('',#4457,#4458);
#4457 = CARTESIAN_POINT('',(269.,21.,15.));
#4458 = VECTOR('',#4459,1.);
#4459 = DIRECTION('',(-0.,1.,0.));
#4460 = ORIENTED_EDGE('',*,*,#4461,.F.);
#4461 = EDGE_CURVE('',#4422,#4454,#4462,.T.);
#4462 = LINE('',#4463,#4464);
#4463 = CARTESIAN_POINT('',(267.,46.,15.));
#4464 = VECTOR('',#4465,1.);
#4465 = DIRECTION('',(1.,0.,-0.));
#4466 = PLANE('',#4467);
#4467 = AXIS2_PLACEMENT_3D('',#4468,#4469,#4470);
#4468 = CARTESIAN_POINT('',(267.,21.,15.));
#4469 = DIRECTION('',(0.,0.,1.));
#4470 = DIRECTION('',(1.,0.,-0.));
#4471 = ADVANCED_FACE('',(#4472),#4490,.T.);
#4472 = FACE_BOUND('',#4473,.T.);
#4473 = EDGE_LOOP('',(#4474,#4475,#4476,#4484));
#4474 = ORIENTED_EDGE('',*,*,#4437,.F.);
#4475 = ORIENTED_EDGE('',*,*,#2473,.T.);
#4476 = ORIENTED_EDGE('',*,*,#4477,.T.);
#4477 = EDGE_CURVE('',#2466,#4478,#4480,.T.);
#4478 = VERTEX_POINT('',#4479);
#4479 = CARTESIAN_POINT('',(269.,46.,295.));
#4480 = LINE('',#4481,#4482);
#4481 = CARTESIAN_POINT('',(269.,21.,295.));
#4482 = VECTOR('',#4483,1.);
#4483 = DIRECTION('',(-0.,1.,0.));
#4484 = ORIENTED_EDGE('',*,*,#4485,.F.);
#4485 = EDGE_CURVE('',#4430,#4478,#4486,.T.);
#4486 = LINE('',#4487,#4488);
#4487 = CARTESIAN_POINT('',(267.,46.,295.));
#4488 = VECTOR('',#4489,1.);
#4489 = DIRECTION('',(1.,0.,-0.));
#4490 = PLANE('',#4491);
#4491 = AXIS2_PLACEMENT_3D('',#4492,#4493,#4494);
#4492 = CARTESIAN_POINT('',(267.,21.,295.));
#4493 = DIRECTION('',(0.,0.,1.));
#4494 = DIRECTION('',(1.,0.,-0.));
#4495 = ADVANCED_FACE('',(#4496),#4507,.T.);
#4496 = FACE_BOUND('',#4497,.T.);
#4497 = EDGE_LOOP('',(#4498,#4499,#4500,#4506));
#4498 = ORIENTED_EDGE('',*,*,#2465,.F.);
#4499 = ORIENTED_EDGE('',*,*,#4453,.T.);
#4500 = ORIENTED_EDGE('',*,*,#4501,.T.);
#4501 = EDGE_CURVE('',#4454,#4478,#4502,.T.);
#4502 = LINE('',#4503,#4504);
#4503 = CARTESIAN_POINT('',(269.,46.,15.));
#4504 = VECTOR('',#4505,1.);
#4505 = DIRECTION('',(0.,0.,1.));
#4506 = ORIENTED_EDGE('',*,*,#4477,.F.);
#4507 = PLANE('',#4508);
#4508 = AXIS2_PLACEMENT_3D('',#4509,#4510,#4511);
#4509 = CARTESIAN_POINT('',(269.,21.,15.));
#4510 = DIRECTION('',(1.,0.,-0.));
#4511 = DIRECTION('',(0.,0.,1.));
#4512 = ADVANCED_FACE('',(#4513),#4538,.F.);
#4513 = FACE_BOUND('',#4514,.F.);
#4514 = EDGE_LOOP('',(#4515,#4516,#4524,#4532));
#4515 = ORIENTED_EDGE('',*,*,#2481,.F.);
#4516 = ORIENTED_EDGE('',*,*,#4517,.T.);
#4517 = EDGE_CURVE('',#2482,#4518,#4520,.T.);
#4518 = VERTEX_POINT('',#4519);
#4519 = CARTESIAN_POINT('',(271.,46.,15.));
#4520 = LINE('',#4521,#4522);
#4521 = CARTESIAN_POINT('',(271.,21.,15.));
#4522 = VECTOR('',#4523,1.);
#4523 = DIRECTION('',(-0.,1.,0.));
#4524 = ORIENTED_EDGE('',*,*,#4525,.T.);
#4525 = EDGE_CURVE('',#4518,#4526,#4528,.T.);
#4526 = VERTEX_POINT('',#4527);
#4527 = CARTESIAN_POINT('',(271.,46.,295.));
#4528 = LINE('',#4529,#4530);
#4529 = CARTESIAN_POINT('',(271.,46.,15.));
#4530 = VECTOR('',#4531,1.);
#4531 = DIRECTION('',(0.,0.,1.));
#4532 = ORIENTED_EDGE('',*,*,#4533,.F.);
#4533 = EDGE_CURVE('',#2484,#4526,#4534,.T.);
#4534 = LINE('',#4535,#4536);
#4535 = CARTESIAN_POINT('',(271.,21.,295.));
#4536 = VECTOR('',#4537,1.);
#4537 = DIRECTION('',(-0.,1.,0.));
#4538 = PLANE('',#4539);
#4539 = AXIS2_PLACEMENT_3D('',#4540,#4541,#4542);
#4540 = CARTESIAN_POINT('',(271.,21.,15.));
#4541 = DIRECTION('',(1.,0.,-0.));
#4542 = DIRECTION('',(0.,0.,1.));
#4543 = ADVANCED_FACE('',(#4544),#4562,.F.);
#4544 = FACE_BOUND('',#4545,.F.);
#4545 = EDGE_LOOP('',(#4546,#4547,#4548,#4556));
#4546 = ORIENTED_EDGE('',*,*,#4517,.F.);
#4547 = ORIENTED_EDGE('',*,*,#2491,.T.);
#4548 = ORIENTED_EDGE('',*,*,#4549,.T.);
#4549 = EDGE_CURVE('',#2492,#4550,#4552,.T.);
#4550 = VERTEX_POINT('',#4551);
#4551 = CARTESIAN_POINT('',(273.,46.,15.));
#4552 = LINE('',#4553,#4554);
#4553 = CARTESIAN_POINT('',(273.,21.,15.));
#4554 = VECTOR('',#4555,1.);
#4555 = DIRECTION('',(-0.,1.,0.));
#4556 = ORIENTED_EDGE('',*,*,#4557,.F.);
#4557 = EDGE_CURVE('',#4518,#4550,#4558,.T.);
#4558 = LINE('',#4559,#4560);
#4559 = CARTESIAN_POINT('',(271.,46.,15.));
#4560 = VECTOR('',#4561,1.);
#4561 = DIRECTION('',(1.,0.,-0.));
#4562 = PLANE('',#4563);
#4563 = AXIS2_PLACEMENT_3D('',#4564,#4565,#4566);
#4564 = CARTESIAN_POINT('',(271.,21.,15.));
#4565 = DIRECTION('',(0.,0.,1.));
#4566 = DIRECTION('',(1.,0.,-0.));
#4567 = ADVANCED_FACE('',(#4568),#4586,.T.);
#4568 = FACE_BOUND('',#4569,.T.);
#4569 = EDGE_LOOP('',(#4570,#4571,#4572,#4580));
#4570 = ORIENTED_EDGE('',*,*,#4533,.F.);
#4571 = ORIENTED_EDGE('',*,*,#2507,.T.);
#4572 = ORIENTED_EDGE('',*,*,#4573,.T.);
#4573 = EDGE_CURVE('',#2500,#4574,#4576,.T.);
#4574 = VERTEX_POINT('',#4575);
#4575 = CARTESIAN_POINT('',(273.,46.,295.));
#4576 = LINE('',#4577,#4578);
#4577 = CARTESIAN_POINT('',(273.,21.,295.));
#4578 = VECTOR('',#4579,1.);
#4579 = DIRECTION('',(-0.,1.,0.));
#4580 = ORIENTED_EDGE('',*,*,#4581,.F.);
#4581 = EDGE_CURVE('',#4526,#4574,#4582,.T.);
#4582 = LINE('',#4583,#4584);
#4583 = CARTESIAN_POINT('',(271.,46.,295.));
#4584 = VECTOR('',#4585,1.);
#4585 = DIRECTION('',(1.,0.,-0.));
#4586 = PLANE('',#4587);
#4587 = AXIS2_PLACEMENT_3D('',#4588,#4589,#4590);
#4588 = CARTESIAN_POINT('',(271.,21.,295.));
#4589 = DIRECTION('',(0.,0.,1.));
#4590 = DIRECTION('',(1.,0.,-0.));
#4591 = ADVANCED_FACE('',(#4592),#4603,.T.);
#4592 = FACE_BOUND('',#4593,.T.);
#4593 = EDGE_LOOP('',(#4594,#4595,#4596,#4602));
#4594 = ORIENTED_EDGE('',*,*,#2499,.F.);
#4595 = ORIENTED_EDGE('',*,*,#4549,.T.);
#4596 = ORIENTED_EDGE('',*,*,#4597,.T.);
#4597 = EDGE_CURVE('',#4550,#4574,#4598,.T.);
#4598 = LINE('',#4599,#4600);
#4599 = CARTESIAN_POINT('',(273.,46.,15.));
#4600 = VECTOR('',#4601,1.);
#4601 = DIRECTION('',(0.,0.,1.));
#4602 = ORIENTED_EDGE('',*,*,#4573,.F.);
#4603 = PLANE('',#4604);
#4604 = AXIS2_PLACEMENT_3D('',#4605,#4606,#4607);
#4605 = CARTESIAN_POINT('',(273.,21.,15.));
#4606 = DIRECTION('',(1.,0.,-0.));
#4607 = DIRECTION('',(0.,0.,1.));
#4608 = ADVANCED_FACE('',(#4609),#4634,.F.);
#4609 = FACE_BOUND('',#4610,.F.);
#4610 = EDGE_LOOP('',(#4611,#4612,#4620,#4628));
#4611 = ORIENTED_EDGE('',*,*,#2515,.F.);
#4612 = ORIENTED_EDGE('',*,*,#4613,.T.);
#4613 = EDGE_CURVE('',#2516,#4614,#4616,.T.);
#4614 = VERTEX_POINT('',#4615);
#4615 = CARTESIAN_POINT('',(275.,46.,15.));
#4616 = LINE('',#4617,#4618);
#4617 = CARTESIAN_POINT('',(275.,21.,15.));
#4618 = VECTOR('',#4619,1.);
#4619 = DIRECTION('',(-0.,1.,0.));
#4620 = ORIENTED_EDGE('',*,*,#4621,.T.);
#4621 = EDGE_CURVE('',#4614,#4622,#4624,.T.);
#4622 = VERTEX_POINT('',#4623);
#4623 = CARTESIAN_POINT('',(275.,46.,295.));
#4624 = LINE('',#4625,#4626);
#4625 = CARTESIAN_POINT('',(275.,46.,15.));
#4626 = VECTOR('',#4627,1.);
#4627 = DIRECTION('',(0.,0.,1.));
#4628 = ORIENTED_EDGE('',*,*,#4629,.F.);
#4629 = EDGE_CURVE('',#2518,#4622,#4630,.T.);
#4630 = LINE('',#4631,#4632);
#4631 = CARTESIAN_POINT('',(275.,21.,295.));
#4632 = VECTOR('',#4633,1.);
#4633 = DIRECTION('',(-0.,1.,0.));
#4634 = PLANE('',#4635);
#4635 = AXIS2_PLACEMENT_3D('',#4636,#4637,#4638);
#4636 = CARTESIAN_POINT('',(275.,21.,15.));
#4637 = DIRECTION('',(1.,0.,-0.));
#4638 = DIRECTION('',(0.,0.,1.));
#4639 = ADVANCED_FACE('',(#4640),#4658,.F.);
#4640 = FACE_BOUND('',#4641,.F.);
#4641 = EDGE_LOOP('',(#4642,#4643,#4644,#4652));
#4642 = ORIENTED_EDGE('',*,*,#4613,.F.);
#4643 = ORIENTED_EDGE('',*,*,#2525,.T.);
#4644 = ORIENTED_EDGE('',*,*,#4645,.T.);
#4645 = EDGE_CURVE('',#2526,#4646,#4648,.T.);
#4646 = VERTEX_POINT('',#4647);
#4647 = CARTESIAN_POINT('',(277.,46.,15.));
#4648 = LINE('',#4649,#4650);
#4649 = CARTESIAN_POINT('',(277.,21.,15.));
#4650 = VECTOR('',#4651,1.);
#4651 = DIRECTION('',(-0.,1.,0.));
#4652 = ORIENTED_EDGE('',*,*,#4653,.F.);
#4653 = EDGE_CURVE('',#4614,#4646,#4654,.T.);
#4654 = LINE('',#4655,#4656);
#4655 = CARTESIAN_POINT('',(275.,46.,15.));
#4656 = VECTOR('',#4657,1.);
#4657 = DIRECTION('',(1.,0.,-0.));
#4658 = PLANE('',#4659);
#4659 = AXIS2_PLACEMENT_3D('',#4660,#4661,#4662);
#4660 = CARTESIAN_POINT('',(275.,21.,15.));
#4661 = DIRECTION('',(0.,0.,1.));
#4662 = DIRECTION('',(1.,0.,-0.));
#4663 = ADVANCED_FACE('',(#4664),#4682,.T.);
#4664 = FACE_BOUND('',#4665,.T.);
#4665 = EDGE_LOOP('',(#4666,#4667,#4668,#4676));
#4666 = ORIENTED_EDGE('',*,*,#4629,.F.);
#4667 = ORIENTED_EDGE('',*,*,#2541,.T.);
#4668 = ORIENTED_EDGE('',*,*,#4669,.T.);
#4669 = EDGE_CURVE('',#2534,#4670,#4672,.T.);
#4670 = VERTEX_POINT('',#4671);
#4671 = CARTESIAN_POINT('',(277.,46.,295.));
#4672 = LINE('',#4673,#4674);
#4673 = CARTESIAN_POINT('',(277.,21.,295.));
#4674 = VECTOR('',#4675,1.);
#4675 = DIRECTION('',(-0.,1.,0.));
#4676 = ORIENTED_EDGE('',*,*,#4677,.F.);
#4677 = EDGE_CURVE('',#4622,#4670,#4678,.T.);
#4678 = LINE('',#4679,#4680);
#4679 = CARTESIAN_POINT('',(275.,46.,295.));
#4680 = VECTOR('',#4681,1.);
#4681 = DIRECTION('',(1.,0.,-0.));
#4682 = PLANE('',#4683);
#4683 = AXIS2_PLACEMENT_3D('',#4684,#4685,#4686);
#4684 = CARTESIAN_POINT('',(275.,21.,295.));
#4685 = DIRECTION('',(0.,0.,1.));
#4686 = DIRECTION('',(1.,0.,-0.));
#4687 = ADVANCED_FACE('',(#4688),#4699,.T.);
#4688 = FACE_BOUND('',#4689,.T.);
#4689 = EDGE_LOOP('',(#4690,#4691,#4692,#4698));
#4690 = ORIENTED_EDGE('',*,*,#2533,.F.);
#4691 = ORIENTED_EDGE('',*,*,#4645,.T.);
#4692 = ORIENTED_EDGE('',*,*,#4693,.T.);
#4693 = EDGE_CURVE('',#4646,#4670,#4694,.T.);
#4694 = LINE('',#4695,#4696);
#4695 = CARTESIAN_POINT('',(277.,46.,15.));
#4696 = VECTOR('',#4697,1.);
#4697 = DIRECTION('',(0.,0.,1.));
#4698 = ORIENTED_EDGE('',*,*,#4669,.F.);
#4699 = PLANE('',#4700);
#4700 = AXIS2_PLACEMENT_3D('',#4701,#4702,#4703);
#4701 = CARTESIAN_POINT('',(277.,21.,15.));
#4702 = DIRECTION('',(1.,0.,-0.));
#4703 = DIRECTION('',(0.,0.,1.));
#4704 = ADVANCED_FACE('',(#4705),#4730,.F.);
#4705 = FACE_BOUND('',#4706,.F.);
#4706 = EDGE_LOOP('',(#4707,#4708,#4716,#4724));
#4707 = ORIENTED_EDGE('',*,*,#2549,.F.);
#4708 = ORIENTED_EDGE('',*,*,#4709,.T.);
#4709 = EDGE_CURVE('',#2550,#4710,#4712,.T.);
#4710 = VERTEX_POINT('',#4711);
#4711 = CARTESIAN_POINT('',(279.,46.,15.));
#4712 = LINE('',#4713,#4714);
#4713 = CARTESIAN_POINT('',(279.,21.,15.));
#4714 = VECTOR('',#4715,1.);
#4715 = DIRECTION('',(-0.,1.,0.));
#4716 = ORIENTED_EDGE('',*,*,#4717,.T.);
#4717 = EDGE_CURVE('',#4710,#4718,#4720,.T.);
#4718 = VERTEX_POINT('',#4719);
#4719 = CARTESIAN_POINT('',(279.,46.,295.));
#4720 = LINE('',#4721,#4722);
#4721 = CARTESIAN_POINT('',(279.,46.,15.));
#4722 = VECTOR('',#4723,1.);
#4723 = DIRECTION('',(0.,0.,1.));
#4724 = ORIENTED_EDGE('',*,*,#4725,.F.);
#4725 = EDGE_CURVE('',#2552,#4718,#4726,.T.);
#4726 = LINE('',#4727,#4728);
#4727 = CARTESIAN_POINT('',(279.,21.,295.));
#4728 = VECTOR('',#4729,1.);
#4729 = DIRECTION('',(-0.,1.,0.));
#4730 = PLANE('',#4731);
#4731 = AXIS2_PLACEMENT_3D('',#4732,#4733,#4734);
#4732 = CARTESIAN_POINT('',(279.,21.,15.));
#4733 = DIRECTION('',(1.,0.,-0.));
#4734 = DIRECTION('',(0.,0.,1.));
#4735 = ADVANCED_FACE('',(#4736),#4754,.F.);
#4736 = FACE_BOUND('',#4737,.F.);
#4737 = EDGE_LOOP('',(#4738,#4739,#4740,#4748));
#4738 = ORIENTED_EDGE('',*,*,#4709,.F.);
#4739 = ORIENTED_EDGE('',*,*,#2559,.T.);
#4740 = ORIENTED_EDGE('',*,*,#4741,.T.);
#4741 = EDGE_CURVE('',#2560,#4742,#4744,.T.);
#4742 = VERTEX_POINT('',#4743);
#4743 = CARTESIAN_POINT('',(281.,46.,15.));
#4744 = LINE('',#4745,#4746);
#4745 = CARTESIAN_POINT('',(281.,21.,15.));
#4746 = VECTOR('',#4747,1.);
#4747 = DIRECTION('',(-0.,1.,0.));
#4748 = ORIENTED_EDGE('',*,*,#4749,.F.);
#4749 = EDGE_CURVE('',#4710,#4742,#4750,.T.);
#4750 = LINE('',#4751,#4752);
#4751 = CARTESIAN_POINT('',(279.,46.,15.));
#4752 = VECTOR('',#4753,1.);
#4753 = DIRECTION('',(1.,0.,-0.));
#4754 = PLANE('',#4755);
#4755 = AXIS2_PLACEMENT_3D('',#4756,#4757,#4758);
#4756 = CARTESIAN_POINT('',(279.,21.,15.));
#4757 = DIRECTION('',(0.,0.,1.));
#4758 = DIRECTION('',(1.,0.,-0.));
#4759 = ADVANCED_FACE('',(#4760),#4778,.T.);
#4760 = FACE_BOUND('',#4761,.T.);
#4761 = EDGE_LOOP('',(#4762,#4763,#4764,#4772));
#4762 = ORIENTED_EDGE('',*,*,#4725,.F.);
#4763 = ORIENTED_EDGE('',*,*,#2575,.T.);
#4764 = ORIENTED_EDGE('',*,*,#4765,.T.);
#4765 = EDGE_CURVE('',#2568,#4766,#4768,.T.);
#4766 = VERTEX_POINT('',#4767);
#4767 = CARTESIAN_POINT('',(281.,46.,295.));
#4768 = LINE('',#4769,#4770);
#4769 = CARTESIAN_POINT('',(281.,21.,295.));
#4770 = VECTOR('',#4771,1.);
#4771 = DIRECTION('',(-0.,1.,0.));
#4772 = ORIENTED_EDGE('',*,*,#4773,.F.);
#4773 = EDGE_CURVE('',#4718,#4766,#4774,.T.);
#4774 = LINE('',#4775,#4776);
#4775 = CARTESIAN_POINT('',(279.,46.,295.));
#4776 = VECTOR('',#4777,1.);
#4777 = DIRECTION('',(1.,0.,-0.));
#4778 = PLANE('',#4779);
#4779 = AXIS2_PLACEMENT_3D('',#4780,#4781,#4782);
#4780 = CARTESIAN_POINT('',(279.,21.,295.));
#4781 = DIRECTION('',(0.,0.,1.));
#4782 = DIRECTION('',(1.,0.,-0.));
#4783 = ADVANCED_FACE('',(#4784),#4795,.T.);
#4784 = FACE_BOUND('',#4785,.T.);
#4785 = EDGE_LOOP('',(#4786,#4787,#4788,#4794));
#4786 = ORIENTED_EDGE('',*,*,#2567,.F.);
#4787 = ORIENTED_EDGE('',*,*,#4741,.T.);
#4788 = ORIENTED_EDGE('',*,*,#4789,.T.);
#4789 = EDGE_CURVE('',#4742,#4766,#4790,.T.);
#4790 = LINE('',#4791,#4792);
#4791 = CARTESIAN_POINT('',(281.,46.,15.));
#4792 = VECTOR('',#4793,1.);
#4793 = DIRECTION('',(0.,0.,1.));
#4794 = ORIENTED_EDGE('',*,*,#4765,.F.);
#4795 = PLANE('',#4796);
#4796 = AXIS2_PLACEMENT_3D('',#4797,#4798,#4799);
#4797 = CARTESIAN_POINT('',(281.,21.,15.));
#4798 = DIRECTION('',(1.,0.,-0.));
#4799 = DIRECTION('',(0.,0.,1.));
#4800 = ADVANCED_FACE('',(#4801),#4826,.F.);
#4801 = FACE_BOUND('',#4802,.F.);
#4802 = EDGE_LOOP('',(#4803,#4804,#4812,#4820));
#4803 = ORIENTED_EDGE('',*,*,#2583,.F.);
#4804 = ORIENTED_EDGE('',*,*,#4805,.T.);
#4805 = EDGE_CURVE('',#2584,#4806,#4808,.T.);
#4806 = VERTEX_POINT('',#4807);
#4807 = CARTESIAN_POINT('',(283.,46.,15.));
#4808 = LINE('',#4809,#4810);
#4809 = CARTESIAN_POINT('',(283.,21.,15.));
#4810 = VECTOR('',#4811,1.);
#4811 = DIRECTION('',(-0.,1.,0.));
#4812 = ORIENTED_EDGE('',*,*,#4813,.T.);
#4813 = EDGE_CURVE('',#4806,#4814,#4816,.T.);
#4814 = VERTEX_POINT('',#4815);
#4815 = CARTESIAN_POINT('',(283.,46.,295.));
#4816 = LINE('',#4817,#4818);
#4817 = CARTESIAN_POINT('',(283.,46.,15.));
#4818 = VECTOR('',#4819,1.);
#4819 = DIRECTION('',(0.,0.,1.));
#4820 = ORIENTED_EDGE('',*,*,#4821,.F.);
#4821 = EDGE_CURVE('',#2586,#4814,#4822,.T.);
#4822 = LINE('',#4823,#4824);
#4823 = CARTESIAN_POINT('',(283.,21.,295.));
#4824 = VECTOR('',#4825,1.);
#4825 = DIRECTION('',(-0.,1.,0.));
#4826 = PLANE('',#4827);
#4827 = AXIS2_PLACEMENT_3D('',#4828,#4829,#4830);
#4828 = CARTESIAN_POINT('',(283.,21.,15.));
#4829 = DIRECTION('',(1.,0.,-0.));
#4830 = DIRECTION('',(0.,0.,1.));
#4831 = ADVANCED_FACE('',(#4832),#4850,.F.);
#4832 = FACE_BOUND('',#4833,.F.);
#4833 = EDGE_LOOP('',(#4834,#4835,#4836,#4844));
#4834 = ORIENTED_EDGE('',*,*,#4805,.F.);
#4835 = ORIENTED_EDGE('',*,*,#2593,.T.);
#4836 = ORIENTED_EDGE('',*,*,#4837,.T.);
#4837 = EDGE_CURVE('',#2594,#4838,#4840,.T.);
#4838 = VERTEX_POINT('',#4839);
#4839 = CARTESIAN_POINT('',(285.,46.,15.));
#4840 = LINE('',#4841,#4842);
#4841 = CARTESIAN_POINT('',(285.,21.,15.));
#4842 = VECTOR('',#4843,1.);
#4843 = DIRECTION('',(-0.,1.,0.));
#4844 = ORIENTED_EDGE('',*,*,#4845,.F.);
#4845 = EDGE_CURVE('',#4806,#4838,#4846,.T.);
#4846 = LINE('',#4847,#4848);
#4847 = CARTESIAN_POINT('',(283.,46.,15.));
#4848 = VECTOR('',#4849,1.);
#4849 = DIRECTION('',(1.,0.,-0.));
#4850 = PLANE('',#4851);
#4851 = AXIS2_PLACEMENT_3D('',#4852,#4853,#4854);
#4852 = CARTESIAN_POINT('',(283.,21.,15.));
#4853 = DIRECTION('',(0.,0.,1.));
#4854 = DIRECTION('',(1.,0.,-0.));
#4855 = ADVANCED_FACE('',(#4856),#4874,.T.);
#4856 = FACE_BOUND('',#4857,.T.);
#4857 = EDGE_LOOP('',(#4858,#4859,#4860,#4868));
#4858 = ORIENTED_EDGE('',*,*,#4821,.F.);
#4859 = ORIENTED_EDGE('',*,*,#2609,.T.);
#4860 = ORIENTED_EDGE('',*,*,#4861,.T.);
#4861 = EDGE_CURVE('',#2602,#4862,#4864,.T.);
#4862 = VERTEX_POINT('',#4863);
#4863 = CARTESIAN_POINT('',(285.,46.,295.));
#4864 = LINE('',#4865,#4866);
#4865 = CARTESIAN_POINT('',(285.,21.,295.));
#4866 = VECTOR('',#4867,1.);
#4867 = DIRECTION('',(-0.,1.,0.));
#4868 = ORIENTED_EDGE('',*,*,#4869,.F.);
#4869 = EDGE_CURVE('',#4814,#4862,#4870,.T.);
#4870 = LINE('',#4871,#4872);
#4871 = CARTESIAN_POINT('',(283.,46.,295.));
#4872 = VECTOR('',#4873,1.);
#4873 = DIRECTION('',(1.,0.,-0.));
#4874 = PLANE('',#4875);
#4875 = AXIS2_PLACEMENT_3D('',#4876,#4877,#4878);
#4876 = CARTESIAN_POINT('',(283.,21.,295.));
#4877 = DIRECTION('',(0.,0.,1.));
#4878 = DIRECTION('',(1.,0.,-0.));
#4879 = ADVANCED_FACE('',(#4880),#4891,.T.);
#4880 = FACE_BOUND('',#4881,.T.);
#4881 = EDGE_LOOP('',(#4882,#4883,#4884,#4890));
#4882 = ORIENTED_EDGE('',*,*,#2601,.F.);
#4883 = ORIENTED_EDGE('',*,*,#4837,.T.);
#4884 = ORIENTED_EDGE('',*,*,#4885,.T.);
#4885 = EDGE_CURVE('',#4838,#4862,#4886,.T.);
#4886 = LINE('',#4887,#4888);
#4887 = CARTESIAN_POINT('',(285.,46.,15.));
#4888 = VECTOR('',#4889,1.);
#4889 = DIRECTION('',(0.,0.,1.));
#4890 = ORIENTED_EDGE('',*,*,#4861,.F.);
#4891 = PLANE('',#4892);
#4892 = AXIS2_PLACEMENT_3D('',#4893,#4894,#4895);
#4893 = CARTESIAN_POINT('',(285.,21.,15.));
#4894 = DIRECTION('',(1.,0.,-0.));
#4895 = DIRECTION('',(0.,0.,1.));
#4896 = ADVANCED_FACE('',(#4897),#4922,.F.);
#4897 = FACE_BOUND('',#4898,.F.);
#4898 = EDGE_LOOP('',(#4899,#4900,#4908,#4916));
#4899 = ORIENTED_EDGE('',*,*,#2617,.F.);
#4900 = ORIENTED_EDGE('',*,*,#4901,.T.);
#4901 = EDGE_CURVE('',#2618,#4902,#4904,.T.);
#4902 = VERTEX_POINT('',#4903);
#4903 = CARTESIAN_POINT('',(287.,46.,15.));
#4904 = LINE('',#4905,#4906);
#4905 = CARTESIAN_POINT('',(287.,21.,15.));
#4906 = VECTOR('',#4907,1.);
#4907 = DIRECTION('',(-0.,1.,0.));
#4908 = ORIENTED_EDGE('',*,*,#4909,.T.);
#4909 = EDGE_CURVE('',#4902,#4910,#4912,.T.);
#4910 = VERTEX_POINT('',#4911);
#4911 = CARTESIAN_POINT('',(287.,46.,295.));
#4912 = LINE('',#4913,#4914);
#4913 = CARTESIAN_POINT('',(287.,46.,15.));
#4914 = VECTOR('',#4915,1.);
#4915 = DIRECTION('',(0.,0.,1.));
#4916 = ORIENTED_EDGE('',*,*,#4917,.F.);
#4917 = EDGE_CURVE('',#2620,#4910,#4918,.T.);
#4918 = LINE('',#4919,#4920);
#4919 = CARTESIAN_POINT('',(287.,21.,295.));
#4920 = VECTOR('',#4921,1.);
#4921 = DIRECTION('',(-0.,1.,0.));
#4922 = PLANE('',#4923);
#4923 = AXIS2_PLACEMENT_3D('',#4924,#4925,#4926);
#4924 = CARTESIAN_POINT('',(287.,21.,15.));
#4925 = DIRECTION('',(1.,0.,-0.));
#4926 = DIRECTION('',(0.,0.,1.));
#4927 = ADVANCED_FACE('',(#4928),#4946,.F.);
#4928 = FACE_BOUND('',#4929,.F.);
#4929 = EDGE_LOOP('',(#4930,#4931,#4932,#4940));
#4930 = ORIENTED_EDGE('',*,*,#4901,.F.);
#4931 = ORIENTED_EDGE('',*,*,#2627,.T.);
#4932 = ORIENTED_EDGE('',*,*,#4933,.T.);
#4933 = EDGE_CURVE('',#2628,#4934,#4936,.T.);
#4934 = VERTEX_POINT('',#4935);
#4935 = CARTESIAN_POINT('',(289.,46.,15.));
#4936 = LINE('',#4937,#4938);
#4937 = CARTESIAN_POINT('',(289.,21.,15.));
#4938 = VECTOR('',#4939,1.);
#4939 = DIRECTION('',(-0.,1.,0.));
#4940 = ORIENTED_EDGE('',*,*,#4941,.F.);
#4941 = EDGE_CURVE('',#4902,#4934,#4942,.T.);
#4942 = LINE('',#4943,#4944);
#4943 = CARTESIAN_POINT('',(287.,46.,15.));
#4944 = VECTOR('',#4945,1.);
#4945 = DIRECTION('',(1.,0.,-0.));
#4946 = PLANE('',#4947);
#4947 = AXIS2_PLACEMENT_3D('',#4948,#4949,#4950);
#4948 = CARTESIAN_POINT('',(287.,21.,15.));
#4949 = DIRECTION('',(0.,0.,1.));
#4950 = DIRECTION('',(1.,0.,-0.));
#4951 = ADVANCED_FACE('',(#4952),#4970,.T.);
#4952 = FACE_BOUND('',#4953,.T.);
#4953 = EDGE_LOOP('',(#4954,#4955,#4956,#4964));
#4954 = ORIENTED_EDGE('',*,*,#4917,.F.);
#4955 = ORIENTED_EDGE('',*,*,#2643,.T.);
#4956 = ORIENTED_EDGE('',*,*,#4957,.T.);
#4957 = EDGE_CURVE('',#2636,#4958,#4960,.T.);
#4958 = VERTEX_POINT('',#4959);
#4959 = CARTESIAN_POINT('',(289.,46.,295.));
#4960 = LINE('',#4961,#4962);
#4961 = CARTESIAN_POINT('',(289.,21.,295.));
#4962 = VECTOR('',#4963,1.);
#4963 = DIRECTION('',(-0.,1.,0.));
#4964 = ORIENTED_EDGE('',*,*,#4965,.F.);
#4965 = EDGE_CURVE('',#4910,#4958,#4966,.T.);
#4966 = LINE('',#4967,#4968);
#4967 = CARTESIAN_POINT('',(287.,46.,295.));
#4968 = VECTOR('',#4969,1.);
#4969 = DIRECTION('',(1.,0.,-0.));
#4970 = PLANE('',#4971);
#4971 = AXIS2_PLACEMENT_3D('',#4972,#4973,#4974);
#4972 = CARTESIAN_POINT('',(287.,21.,295.));
#4973 = DIRECTION('',(0.,0.,1.));
#4974 = DIRECTION('',(1.,0.,-0.));
#4975 = ADVANCED_FACE('',(#4976),#4987,.T.);
#4976 = FACE_BOUND('',#4977,.T.);
#4977 = EDGE_LOOP('',(#4978,#4979,#4980,#4986));
#4978 = ORIENTED_EDGE('',*,*,#2635,.F.);
#4979 = ORIENTED_EDGE('',*,*,#4933,.T.);
#4980 = ORIENTED_EDGE('',*,*,#4981,.T.);
#4981 = EDGE_CURVE('',#4934,#4958,#4982,.T.);
#4982 = LINE('',#4983,#4984);
#4983 = CARTESIAN_POINT('',(289.,46.,15.));
#4984 = VECTOR('',#4985,1.);
#4985 = DIRECTION('',(0.,0.,1.));
#4986 = ORIENTED_EDGE('',*,*,#4957,.F.);
#4987 = PLANE('',#4988);
#4988 = AXIS2_PLACEMENT_3D('',#4989,#4990,#4991);
#4989 = CARTESIAN_POINT('',(289.,21.,15.));
#4990 = DIRECTION('',(1.,0.,-0.));
#4991 = DIRECTION('',(0.,0.,1.));
#4992 = ADVANCED_FACE('',(#4993),#5018,.F.);
#4993 = FACE_BOUND('',#4994,.F.);
#4994 = EDGE_LOOP('',(#4995,#4996,#5004,#5012));
#4995 = ORIENTED_EDGE('',*,*,#2651,.F.);
#4996 = ORIENTED_EDGE('',*,*,#4997,.T.);
#4997 = EDGE_CURVE('',#2652,#4998,#5000,.T.);
#4998 = VERTEX_POINT('',#4999);
#4999 = CARTESIAN_POINT('',(291.,46.,15.));
#5000 = LINE('',#5001,#5002);
#5001 = CARTESIAN_POINT('',(291.,21.,15.));
#5002 = VECTOR('',#5003,1.);
#5003 = DIRECTION('',(-0.,1.,0.));
#5004 = ORIENTED_EDGE('',*,*,#5005,.T.);
#5005 = EDGE_CURVE('',#4998,#5006,#5008,.T.);
#5006 = VERTEX_POINT('',#5007);
#5007 = CARTESIAN_POINT('',(291.,46.,295.));
#5008 = LINE('',#5009,#5010);
#5009 = CARTESIAN_POINT('',(291.,46.,15.));
#5010 = VECTOR('',#5011,1.);
#5011 = DIRECTION('',(0.,0.,1.));
#5012 = ORIENTED_EDGE('',*,*,#5013,.F.);
#5013 = EDGE_CURVE('',#2654,#5006,#5014,.T.);
#5014 = LINE('',#5015,#5016);
#5015 = CARTESIAN_POINT('',(291.,21.,295.));
#5016 = VECTOR('',#5017,1.);
#5017 = DIRECTION('',(-0.,1.,0.));
#5018 = PLANE('',#5019);
#5019 = AXIS2_PLACEMENT_3D('',#5020,#5021,#5022);
#5020 = CARTESIAN_POINT('',(291.,21.,15.));
#5021 = DIRECTION('',(1.,0.,-0.));
#5022 = DIRECTION('',(0.,0.,1.));
#5023 = ADVANCED_FACE('',(#5024),#5042,.F.);
#5024 = FACE_BOUND('',#5025,.F.);
#5025 = EDGE_LOOP('',(#5026,#5027,#5028,#5036));
#5026 = ORIENTED_EDGE('',*,*,#4997,.F.);
#5027 = ORIENTED_EDGE('',*,*,#2661,.T.);
#5028 = ORIENTED_EDGE('',*,*,#5029,.T.);
#5029 = EDGE_CURVE('',#2662,#5030,#5032,.T.);
#5030 = VERTEX_POINT('',#5031);
#5031 = CARTESIAN_POINT('',(293.,46.,15.));
#5032 = LINE('',#5033,#5034);
#5033 = CARTESIAN_POINT('',(293.,21.,15.));
#5034 = VECTOR('',#5035,1.);
#5035 = DIRECTION('',(-0.,1.,0.));
#5036 = ORIENTED_EDGE('',*,*,#5037,.F.);
#5037 = EDGE_CURVE('',#4998,#5030,#5038,.T.);
#5038 = LINE('',#5039,#5040);
#5039 = CARTESIAN_POINT('',(291.,46.,15.));
#5040 = VECTOR('',#5041,1.);
#5041 = DIRECTION('',(1.,0.,-0.));
#5042 = PLANE('',#5043);
#5043 = AXIS2_PLACEMENT_3D('',#5044,#5045,#5046);
#5044 = CARTESIAN_POINT('',(291.,21.,15.));
#5045 = DIRECTION('',(0.,0.,1.));
#5046 = DIRECTION('',(1.,0.,-0.));
#5047 = ADVANCED_FACE('',(#5048),#5066,.T.);
#5048 = FACE_BOUND('',#5049,.T.);
#5049 = EDGE_LOOP('',(#5050,#5051,#5052,#5060));
#5050 = ORIENTED_EDGE('',*,*,#5013,.F.);
#5051 = ORIENTED_EDGE('',*,*,#2677,.T.);
#5052 = ORIENTED_EDGE('',*,*,#5053,.T.);
#5053 = EDGE_CURVE('',#2670,#5054,#5056,.T.);
#5054 = VERTEX_POINT('',#5055);
#5055 = CARTESIAN_POINT('',(293.,46.,295.));
#5056 = LINE('',#5057,#5058);
#5057 = CARTESIAN_POINT('',(293.,21.,295.));
#5058 = VECTOR('',#5059,1.);
#5059 = DIRECTION('',(-0.,1.,0.));
#5060 = ORIENTED_EDGE('',*,*,#5061,.F.);
#5061 = EDGE_CURVE('',#5006,#5054,#5062,.T.);
#5062 = LINE('',#5063,#5064);
#5063 = CARTESIAN_POINT('',(291.,46.,295.));
#5064 = VECTOR('',#5065,1.);
#5065 = DIRECTION('',(1.,0.,-0.));
#5066 = PLANE('',#5067);
#5067 = AXIS2_PLACEMENT_3D('',#5068,#5069,#5070);
#5068 = CARTESIAN_POINT('',(291.,21.,295.));
#5069 = DIRECTION('',(0.,0.,1.));
#5070 = DIRECTION('',(1.,0.,-0.));
#5071 = ADVANCED_FACE('',(#5072),#5083,.T.);
#5072 = FACE_BOUND('',#5073,.T.);
#5073 = EDGE_LOOP('',(#5074,#5075,#5076,#5082));
#5074 = ORIENTED_EDGE('',*,*,#2669,.F.);
#5075 = ORIENTED_EDGE('',*,*,#5029,.T.);
#5076 = ORIENTED_EDGE('',*,*,#5077,.T.);
#5077 = EDGE_CURVE('',#5030,#5054,#5078,.T.);
#5078 = LINE('',#5079,#5080);
#5079 = CARTESIAN_POINT('',(293.,46.,15.));
#5080 = VECTOR('',#5081,1.);
#5081 = DIRECTION('',(0.,0.,1.));
#5082 = ORIENTED_EDGE('',*,*,#5053,.F.);
#5083 = PLANE('',#5084);
#5084 = AXIS2_PLACEMENT_3D('',#5085,#5086,#5087);
#5085 = CARTESIAN_POINT('',(293.,21.,15.));
#5086 = DIRECTION('',(1.,0.,-0.));
#5087 = DIRECTION('',(0.,0.,1.));
#5088 = ADVANCED_FACE('',(#5089),#5114,.F.);
#5089 = FACE_BOUND('',#5090,.F.);
#5090 = EDGE_LOOP('',(#5091,#5092,#5100,#5108));
#5091 = ORIENTED_EDGE('',*,*,#2685,.F.);
#5092 = ORIENTED_EDGE('',*,*,#5093,.T.);
#5093 = EDGE_CURVE('',#2686,#5094,#5096,.T.);
#5094 = VERTEX_POINT('',#5095);
#5095 = CARTESIAN_POINT('',(295.,46.,15.));
#5096 = LINE('',#5097,#5098);
#5097 = CARTESIAN_POINT('',(295.,21.,15.));
#5098 = VECTOR('',#5099,1.);
#5099 = DIRECTION('',(-0.,1.,0.));
#5100 = ORIENTED_EDGE('',*,*,#5101,.T.);
#5101 = EDGE_CURVE('',#5094,#5102,#5104,.T.);
#5102 = VERTEX_POINT('',#5103);
#5103 = CARTESIAN_POINT('',(295.,46.,295.));
#5104 = LINE('',#5105,#5106);
#5105 = CARTESIAN_POINT('',(295.,46.,15.));
#5106 = VECTOR('',#5107,1.);
#5107 = DIRECTION('',(0.,0.,1.));
#5108 = ORIENTED_EDGE('',*,*,#5109,.F.);
#5109 = EDGE_CURVE('',#2688,#5102,#5110,.T.);
#5110 = LINE('',#5111,#5112);
#5111 = CARTESIAN_POINT('',(295.,21.,295.));
#5112 = VECTOR('',#5113,1.);
#5113 = DIRECTION('',(-0.,1.,0.));
#5114 = PLANE('',#5115);
#5115 = AXIS2_PLACEMENT_3D('',#5116,#5117,#5118);
#5116 = CARTESIAN_POINT('',(295.,21.,15.));
#5117 = DIRECTION('',(1.,0.,-0.));
#5118 = DIRECTION('',(0.,0.,1.));
#5119 = ADVANCED_FACE('',(#5120),#5138,.F.);
#5120 = FACE_BOUND('',#5121,.F.);
#5121 = EDGE_LOOP('',(#5122,#5123,#5124,#5132));
#5122 = ORIENTED_EDGE('',*,*,#5093,.F.);
#5123 = ORIENTED_EDGE('',*,*,#2695,.T.);
#5124 = ORIENTED_EDGE('',*,*,#5125,.T.);
#5125 = EDGE_CURVE('',#2696,#5126,#5128,.T.);
#5126 = VERTEX_POINT('',#5127);
#5127 = CARTESIAN_POINT('',(297.,46.,15.));
#5128 = LINE('',#5129,#5130);
#5129 = CARTESIAN_POINT('',(297.,21.,15.));
#5130 = VECTOR('',#5131,1.);
#5131 = DIRECTION('',(-0.,1.,0.));
#5132 = ORIENTED_EDGE('',*,*,#5133,.F.);
#5133 = EDGE_CURVE('',#5094,#5126,#5134,.T.);
#5134 = LINE('',#5135,#5136);
#5135 = CARTESIAN_POINT('',(295.,46.,15.));
#5136 = VECTOR('',#5137,1.);
#5137 = DIRECTION('',(1.,0.,-0.));
#5138 = PLANE('',#5139);
#5139 = AXIS2_PLACEMENT_3D('',#5140,#5141,#5142);
#5140 = CARTESIAN_POINT('',(295.,21.,15.));
#5141 = DIRECTION('',(0.,0.,1.));
#5142 = DIRECTION('',(1.,0.,-0.));
#5143 = ADVANCED_FACE('',(#5144),#5162,.T.);
#5144 = FACE_BOUND('',#5145,.T.);
#5145 = EDGE_LOOP('',(#5146,#5147,#5148,#5156));
#5146 = ORIENTED_EDGE('',*,*,#5109,.F.);
#5147 = ORIENTED_EDGE('',*,*,#2711,.T.);
#5148 = ORIENTED_EDGE('',*,*,#5149,.T.);
#5149 = EDGE_CURVE('',#2704,#5150,#5152,.T.);
#5150 = VERTEX_POINT('',#5151);
#5151 = CARTESIAN_POINT('',(297.,46.,295.));
#5152 = LINE('',#5153,#5154);
#5153 = CARTESIAN_POINT('',(297.,21.,295.));
#5154 = VECTOR('',#5155,1.);
#5155 = DIRECTION('',(-0.,1.,0.));
#5156 = ORIENTED_EDGE('',*,*,#5157,.F.);
#5157 = EDGE_CURVE('',#5102,#5150,#5158,.T.);
#5158 = LINE('',#5159,#5160);
#5159 = CARTESIAN_POINT('',(295.,46.,295.));
#5160 = VECTOR('',#5161,1.);
#5161 = DIRECTION('',(1.,0.,-0.));
#5162 = PLANE('',#5163);
#5163 = AXIS2_PLACEMENT_3D('',#5164,#5165,#5166);
#5164 = CARTESIAN_POINT('',(295.,21.,295.));
#5165 = DIRECTION('',(0.,0.,1.));
#5166 = DIRECTION('',(1.,0.,-0.));
#5167 = ADVANCED_FACE('',(#5168),#5179,.T.);
#5168 = FACE_BOUND('',#5169,.T.);
#5169 = EDGE_LOOP('',(#5170,#5171,#5172,#5178));
#5170 = ORIENTED_EDGE('',*,*,#2703,.F.);
#5171 = ORIENTED_EDGE('',*,*,#5125,.T.);
#5172 = ORIENTED_EDGE('',*,*,#5173,.T.);
#5173 = EDGE_CURVE('',#5126,#5150,#5174,.T.);
#5174 = LINE('',#5175,#5176);
#5175 = CARTESIAN_POINT('',(297.,46.,15.));
#5176 = VECTOR('',#5177,1.);
#5177 = DIRECTION('',(0.,0.,1.));
#5178 = ORIENTED_EDGE('',*,*,#5149,.F.);
#5179 = PLANE('',#5180);
#5180 = AXIS2_PLACEMENT_3D('',#5181,#5182,#5183);
#5181 = CARTESIAN_POINT('',(297.,21.,15.));
#5182 = DIRECTION('',(1.,0.,-0.));
#5183 = DIRECTION('',(0.,0.,1.));
#5184 = ADVANCED_FACE('',(#5185),#5210,.F.);
#5185 = FACE_BOUND('',#5186,.F.);
#5186 = EDGE_LOOP('',(#5187,#5188,#5196,#5204));
#5187 = ORIENTED_EDGE('',*,*,#2719,.F.);
#5188 = ORIENTED_EDGE('',*,*,#5189,.T.);
#5189 = EDGE_CURVE('',#2720,#5190,#5192,.T.);
#5190 = VERTEX_POINT('',#5191);
#5191 = CARTESIAN_POINT('',(299.,46.,15.));
#5192 = LINE('',#5193,#5194);
#5193 = CARTESIAN_POINT('',(299.,21.,15.));
#5194 = VECTOR('',#5195,1.);
#5195 = DIRECTION('',(-0.,1.,0.));
#5196 = ORIENTED_EDGE('',*,*,#5197,.T.);
#5197 = EDGE_CURVE('',#5190,#5198,#5200,.T.);
#5198 = VERTEX_POINT('',#5199);
#5199 = CARTESIAN_POINT('',(299.,46.,295.));
#5200 = LINE('',#5201,#5202);
#5201 = CARTESIAN_POINT('',(299.,46.,15.));
#5202 = VECTOR('',#5203,1.);
#5203 = DIRECTION('',(0.,0.,1.));
#5204 = ORIENTED_EDGE('',*,*,#5205,.F.);
#5205 = EDGE_CURVE('',#2722,#5198,#5206,.T.);
#5206 = LINE('',#5207,#5208);
#5207 = CARTESIAN_POINT('',(299.,21.,295.));
#5208 = VECTOR('',#5209,1.);
#5209 = DIRECTION('',(-0.,1.,0.));
#5210 = PLANE('',#5211);
#5211 = AXIS2_PLACEMENT_3D('',#5212,#5213,#5214);
#5212 = CARTESIAN_POINT('',(299.,21.,15.));
#5213 = DIRECTION('',(1.,0.,-0.));
#5214 = DIRECTION('',(0.,0.,1.));
#5215 = ADVANCED_FACE('',(#5216),#5234,.T.);
#5216 = FACE_BOUND('',#5217,.T.);
#5217 = EDGE_LOOP('',(#5218,#5219,#5220,#5228));
#5218 = ORIENTED_EDGE('',*,*,#5205,.F.);
#5219 = ORIENTED_EDGE('',*,*,#2745,.T.);
#5220 = ORIENTED_EDGE('',*,*,#5221,.T.);
#5221 = EDGE_CURVE('',#2738,#5222,#5224,.T.);
#5222 = VERTEX_POINT('',#5223);
#5223 = CARTESIAN_POINT('',(301.,46.,295.));
#5224 = LINE('',#5225,#5226);
#5225 = CARTESIAN_POINT('',(301.,21.,295.));
#5226 = VECTOR('',#5227,1.);
#5227 = DIRECTION('',(-0.,1.,0.));
#5228 = ORIENTED_EDGE('',*,*,#5229,.F.);
#5229 = EDGE_CURVE('',#5198,#5222,#5230,.T.);
#5230 = LINE('',#5231,#5232);
#5231 = CARTESIAN_POINT('',(299.,46.,295.));
#5232 = VECTOR('',#5233,1.);
#5233 = DIRECTION('',(1.,0.,-0.));
#5234 = PLANE('',#5235);
#5235 = AXIS2_PLACEMENT_3D('',#5236,#5237,#5238);
#5236 = CARTESIAN_POINT('',(299.,21.,295.));
#5237 = DIRECTION('',(0.,0.,1.));
#5238 = DIRECTION('',(1.,0.,-0.));
#5239 = ADVANCED_FACE('',(#5240),#5258,.T.);
#5240 = FACE_BOUND('',#5241,.T.);
#5241 = EDGE_LOOP('',(#5242,#5243,#5251,#5257));
#5242 = ORIENTED_EDGE('',*,*,#2737,.F.);
#5243 = ORIENTED_EDGE('',*,*,#5244,.T.);
#5244 = EDGE_CURVE('',#2730,#5245,#5247,.T.);
#5245 = VERTEX_POINT('',#5246);
#5246 = CARTESIAN_POINT('',(301.,46.,15.));
#5247 = LINE('',#5248,#5249);
#5248 = CARTESIAN_POINT('',(301.,21.,15.));
#5249 = VECTOR('',#5250,1.);
#5250 = DIRECTION('',(-0.,1.,0.));
#5251 = ORIENTED_EDGE('',*,*,#5252,.T.);
#5252 = EDGE_CURVE('',#5245,#5222,#5253,.T.);
#5253 = LINE('',#5254,#5255);
#5254 = CARTESIAN_POINT('',(301.,46.,15.));
#5255 = VECTOR('',#5256,1.);
#5256 = DIRECTION('',(0.,0.,1.));
#5257 = ORIENTED_EDGE('',*,*,#5221,.F.);
#5258 = PLANE('',#5259);
#5259 = AXIS2_PLACEMENT_3D('',#5260,#5261,#5262);
#5260 = CARTESIAN_POINT('',(301.,21.,15.));
#5261 = DIRECTION('',(1.,0.,-0.));
#5262 = DIRECTION('',(0.,0.,1.));
#5263 = ADVANCED_FACE('',(#5264),#5275,.F.);
#5264 = FACE_BOUND('',#5265,.F.);
#5265 = EDGE_LOOP('',(#5266,#5267,#5268,#5269));
#5266 = ORIENTED_EDGE('',*,*,#5189,.F.);
#5267 = ORIENTED_EDGE('',*,*,#2729,.T.);
#5268 = ORIENTED_EDGE('',*,*,#5244,.T.);
#5269 = ORIENTED_EDGE('',*,*,#5270,.F.);
#5270 = EDGE_CURVE('',#5190,#5245,#5271,.T.);
#5271 = LINE('',#5272,#5273);
#5272 = CARTESIAN_POINT('',(299.,46.,15.));
#5273 = VECTOR('',#5274,1.);
#5274 = DIRECTION('',(1.,0.,-0.));
#5275 = PLANE('',#5276);
#5276 = AXIS2_PLACEMENT_3D('',#5277,#5278,#5279);
#5277 = CARTESIAN_POINT('',(299.,21.,15.));
#5278 = DIRECTION('',(0.,0.,1.));
#5279 = DIRECTION('',(1.,0.,-0.));
#5280 = ADVANCED_FACE('',(#5281),#5287,.T.);
#5281 = FACE_BOUND('',#5282,.T.);
#5282 = EDGE_LOOP('',(#5283,#5284,#5285,#5286));
#5283 = ORIENTED_EDGE('',*,*,#2829,.F.);
#5284 = ORIENTED_EDGE('',*,*,#2797,.T.);
#5285 = ORIENTED_EDGE('',*,*,#2853,.T.);
#5286 = ORIENTED_EDGE('',*,*,#2869,.F.);
#5287 = PLANE('',#5288);
#5288 = AXIS2_PLACEMENT_3D('',#5289,#5290,#5291);
#5289 = CARTESIAN_POINT('',(6.,46.,15.));
#5290 = DIRECTION('',(-0.,1.,0.));
#5291 = DIRECTION('',(0.,0.,1.));
#5292 = ADVANCED_FACE('',(#5293),#5299,.T.);
#5293 = FACE_BOUND('',#5294,.T.);
#5294 = EDGE_LOOP('',(#5295,#5296,#5297,#5298));
#5295 = ORIENTED_EDGE('',*,*,#2925,.F.);
#5296 = ORIENTED_EDGE('',*,*,#2893,.T.);
#5297 = ORIENTED_EDGE('',*,*,#2949,.T.);
#5298 = ORIENTED_EDGE('',*,*,#2965,.F.);
#5299 = PLANE('',#5300);
#5300 = AXIS2_PLACEMENT_3D('',#5301,#5302,#5303);
#5301 = CARTESIAN_POINT('',(10.,46.,15.));
#5302 = DIRECTION('',(-0.,1.,0.));
#5303 = DIRECTION('',(0.,0.,1.));
#5304 = ADVANCED_FACE('',(#5305),#5311,.T.);
#5305 = FACE_BOUND('',#5306,.T.);
#5306 = EDGE_LOOP('',(#5307,#5308,#5309,#5310));
#5307 = ORIENTED_EDGE('',*,*,#3021,.F.);
#5308 = ORIENTED_EDGE('',*,*,#2989,.T.);
#5309 = ORIENTED_EDGE('',*,*,#3045,.T.);
#5310 = ORIENTED_EDGE('',*,*,#3061,.F.);
#5311 = PLANE('',#5312);
#5312 = AXIS2_PLACEMENT_3D('',#5313,#5314,#5315);
#5313 = CARTESIAN_POINT('',(14.,46.,15.));
#5314 = DIRECTION('',(-0.,1.,0.));
#5315 = DIRECTION('',(0.,0.,1.));
#5316 = ADVANCED_FACE('',(#5317),#5323,.T.);
#5317 = FACE_BOUND('',#5318,.T.);
#5318 = EDGE_LOOP('',(#5319,#5320,#5321,#5322));
#5319 = ORIENTED_EDGE('',*,*,#3117,.F.);
#5320 = ORIENTED_EDGE('',*,*,#3085,.T.);
#5321 = ORIENTED_EDGE('',*,*,#3141,.T.);
#5322 = ORIENTED_EDGE('',*,*,#3157,.F.);
#5323 = PLANE('',#5324);
#5324 = AXIS2_PLACEMENT_3D('',#5325,#5326,#5327);
#5325 = CARTESIAN_POINT('',(18.,46.,15.));
#5326 = DIRECTION('',(-0.,1.,0.));
#5327 = DIRECTION('',(0.,0.,1.));
#5328 = ADVANCED_FACE('',(#5329),#5335,.T.);
#5329 = FACE_BOUND('',#5330,.T.);
#5330 = EDGE_LOOP('',(#5331,#5332,#5333,#5334));
#5331 = ORIENTED_EDGE('',*,*,#3213,.F.);
#5332 = ORIENTED_EDGE('',*,*,#3181,.T.);
#5333 = ORIENTED_EDGE('',*,*,#3237,.T.);
#5334 = ORIENTED_EDGE('',*,*,#3253,.F.);
#5335 = PLANE('',#5336);
#5336 = AXIS2_PLACEMENT_3D('',#5337,#5338,#5339);
#5337 = CARTESIAN_POINT('',(22.,46.,15.));
#5338 = DIRECTION('',(-0.,1.,0.));
#5339 = DIRECTION('',(0.,0.,1.));
#5340 = ADVANCED_FACE('',(#5341),#5347,.T.);
#5341 = FACE_BOUND('',#5342,.T.);
#5342 = EDGE_LOOP('',(#5343,#5344,#5345,#5346));
#5343 = ORIENTED_EDGE('',*,*,#3309,.F.);
#5344 = ORIENTED_EDGE('',*,*,#3277,.T.);
#5345 = ORIENTED_EDGE('',*,*,#3333,.T.);
#5346 = ORIENTED_EDGE('',*,*,#3349,.F.);
#5347 = PLANE('',#5348);
#5348 = AXIS2_PLACEMENT_3D('',#5349,#5350,#5351);
#5349 = CARTESIAN_POINT('',(26.,46.,15.));
#5350 = DIRECTION('',(-0.,1.,0.));
#5351 = DIRECTION('',(0.,0.,1.));
#5352 = ADVANCED_FACE('',(#5353),#5359,.T.);
#5353 = FACE_BOUND('',#5354,.T.);
#5354 = EDGE_LOOP('',(#5355,#5356,#5357,#5358));
#5355 = ORIENTED_EDGE('',*,*,#3405,.F.);
#5356 = ORIENTED_EDGE('',*,*,#3373,.T.);
#5357 = ORIENTED_EDGE('',*,*,#3429,.T.);
#5358 = ORIENTED_EDGE('',*,*,#3445,.F.);
#5359 = PLANE('',#5360);
#5360 = AXIS2_PLACEMENT_3D('',#5361,#5362,#5363);
#5361 = CARTESIAN_POINT('',(30.,46.,15.));
#5362 = DIRECTION('',(-0.,1.,0.));
#5363 = DIRECTION('',(0.,0.,1.));
#5364 = ADVANCED_FACE('',(#5365),#5371,.T.);
#5365 = FACE_BOUND('',#5366,.T.);
#5366 = EDGE_LOOP('',(#5367,#5368,#5369,#5370));
#5367 = ORIENTED_EDGE('',*,*,#3501,.F.);
#5368 = ORIENTED_EDGE('',*,*,#3469,.T.);
#5369 = ORIENTED_EDGE('',*,*,#3525,.T.);
#5370 = ORIENTED_EDGE('',*,*,#3541,.F.);
#5371 = PLANE('',#5372);
#5372 = AXIS2_PLACEMENT_3D('',#5373,#5374,#5375);
#5373 = CARTESIAN_POINT('',(34.,46.,15.));
#5374 = DIRECTION('',(-0.,1.,0.));
#5375 = DIRECTION('',(0.,0.,1.));
#5376 = ADVANCED_FACE('',(#5377),#5383,.T.);
#5377 = FACE_BOUND('',#5378,.T.);
#5378 = EDGE_LOOP('',(#5379,#5380,#5381,#5382));
#5379 = ORIENTED_EDGE('',*,*,#3597,.F.);
#5380 = ORIENTED_EDGE('',*,*,#3565,.T.);
#5381 = ORIENTED_EDGE('',*,*,#3621,.T.);
#5382 = ORIENTED_EDGE('',*,*,#3637,.F.);
#5383 = PLANE('',#5384);
#5384 = AXIS2_PLACEMENT_3D('',#5385,#5386,#5387);
#5385 = CARTESIAN_POINT('',(38.,46.,15.));
#5386 = DIRECTION('',(-0.,1.,0.));
#5387 = DIRECTION('',(0.,0.,1.));
#5388 = ADVANCED_FACE('',(#5389),#5395,.T.);
#5389 = FACE_BOUND('',#5390,.T.);
#5390 = EDGE_LOOP('',(#5391,#5392,#5393,#5394));
#5391 = ORIENTED_EDGE('',*,*,#3693,.F.);
#5392 = ORIENTED_EDGE('',*,*,#3661,.T.);
#5393 = ORIENTED_EDGE('',*,*,#3717,.T.);
#5394 = ORIENTED_EDGE('',*,*,#3733,.F.);
#5395 = PLANE('',#5396);
#5396 = AXIS2_PLACEMENT_3D('',#5397,#5398,#5399);
#5397 = CARTESIAN_POINT('',(42.,46.,15.));
#5398 = DIRECTION('',(-0.,1.,0.));
#5399 = DIRECTION('',(0.,0.,1.));
#5400 = ADVANCED_FACE('',(#5401),#5407,.T.);
#5401 = FACE_BOUND('',#5402,.T.);
#5402 = EDGE_LOOP('',(#5403,#5404,#5405,#5406));
#5403 = ORIENTED_EDGE('',*,*,#3789,.F.);
#5404 = ORIENTED_EDGE('',*,*,#3757,.T.);
#5405 = ORIENTED_EDGE('',*,*,#3813,.T.);
#5406 = ORIENTED_EDGE('',*,*,#3829,.F.);
#5407 = PLANE('',#5408);
#5408 = AXIS2_PLACEMENT_3D('',#5409,#5410,#5411);
#5409 = CARTESIAN_POINT('',(46.,46.,15.));
#5410 = DIRECTION('',(-0.,1.,0.));
#5411 = DIRECTION('',(0.,0.,1.));
#5412 = ADVANCED_FACE('',(#5413),#5419,.T.);
#5413 = FACE_BOUND('',#5414,.T.);
#5414 = EDGE_LOOP('',(#5415,#5416,#5417,#5418));
#5415 = ORIENTED_EDGE('',*,*,#3885,.F.);
#5416 = ORIENTED_EDGE('',*,*,#3853,.T.);
#5417 = ORIENTED_EDGE('',*,*,#3909,.T.);
#5418 = ORIENTED_EDGE('',*,*,#3925,.F.);
#5419 = PLANE('',#5420);
#5420 = AXIS2_PLACEMENT_3D('',#5421,#5422,#5423);
#5421 = CARTESIAN_POINT('',(50.,46.,15.));
#5422 = DIRECTION('',(-0.,1.,0.));
#5423 = DIRECTION('',(0.,0.,1.));
#5424 = ADVANCED_FACE('',(#5425),#5431,.T.);
#5425 = FACE_BOUND('',#5426,.T.);
#5426 = EDGE_LOOP('',(#5427,#5428,#5429,#5430));
#5427 = ORIENTED_EDGE('',*,*,#3981,.F.);
#5428 = ORIENTED_EDGE('',*,*,#3949,.T.);
#5429 = ORIENTED_EDGE('',*,*,#4005,.T.);
#5430 = ORIENTED_EDGE('',*,*,#4021,.F.);
#5431 = PLANE('',#5432);
#5432 = AXIS2_PLACEMENT_3D('',#5433,#5434,#5435);
#5433 = CARTESIAN_POINT('',(54.,46.,15.));
#5434 = DIRECTION('',(-0.,1.,0.));
#5435 = DIRECTION('',(0.,0.,1.));
#5436 = ADVANCED_FACE('',(#5437),#5443,.T.);
#5437 = FACE_BOUND('',#5438,.T.);
#5438 = EDGE_LOOP('',(#5439,#5440,#5441,#5442));
#5439 = ORIENTED_EDGE('',*,*,#4077,.F.);
#5440 = ORIENTED_EDGE('',*,*,#4045,.T.);
#5441 = ORIENTED_EDGE('',*,*,#4101,.T.);
#5442 = ORIENTED_EDGE('',*,*,#4117,.F.);
#5443 = PLANE('',#5444);
#5444 = AXIS2_PLACEMENT_3D('',#5445,#5446,#5447);
#5445 = CARTESIAN_POINT('',(251.,46.,15.));
#5446 = DIRECTION('',(-0.,1.,0.));
#5447 = DIRECTION('',(0.,0.,1.));
#5448 = ADVANCED_FACE('',(#5449),#5455,.T.);
#5449 = FACE_BOUND('',#5450,.T.);
#5450 = EDGE_LOOP('',(#5451,#5452,#5453,#5454));
#5451 = ORIENTED_EDGE('',*,*,#4173,.F.);
#5452 = ORIENTED_EDGE('',*,*,#4141,.T.);
#5453 = ORIENTED_EDGE('',*,*,#4197,.T.);
#5454 = ORIENTED_EDGE('',*,*,#4213,.F.);
#5455 = PLANE('',#5456);
#5456 = AXIS2_PLACEMENT_3D('',#5457,#5458,#5459);
#5457 = CARTESIAN_POINT('',(255.,46.,15.));
#5458 = DIRECTION('',(-0.,1.,0.));
#5459 = DIRECTION('',(0.,0.,1.));
#5460 = ADVANCED_FACE('',(#5461),#5467,.T.);
#5461 = FACE_BOUND('',#5462,.T.);
#5462 = EDGE_LOOP('',(#5463,#5464,#5465,#5466));
#5463 = ORIENTED_EDGE('',*,*,#4269,.F.);
#5464 = ORIENTED_EDGE('',*,*,#4237,.T.);
#5465 = ORIENTED_EDGE('',*,*,#4293,.T.);
#5466 = ORIENTED_EDGE('',*,*,#4309,.F.);
#5467 = PLANE('',#5468);
#5468 = AXIS2_PLACEMENT_3D('',#5469,#5470,#5471);
#5469 = CARTESIAN_POINT('',(259.,46.,15.));
#5470 = DIRECTION('',(-0.,1.,0.));
#5471 = DIRECTION('',(0.,0.,1.));
#5472 = ADVANCED_FACE('',(#5473),#5479,.T.);
#5473 = FACE_BOUND('',#5474,.T.);
#5474 = EDGE_LOOP('',(#5475,#5476,#5477,#5478));
#5475 = ORIENTED_EDGE('',*,*,#4365,.F.);
#5476 = ORIENTED_EDGE('',*,*,#4333,.T.);
#5477 = ORIENTED_EDGE('',*,*,#4389,.T.);
#5478 = ORIENTED_EDGE('',*,*,#4405,.F.);
#5479 = PLANE('',#5480);
#5480 = AXIS2_PLACEMENT_3D('',#5481,#5482,#5483);
#5481 = CARTESIAN_POINT('',(263.,46.,15.));
#5482 = DIRECTION('',(-0.,1.,0.));
#5483 = DIRECTION('',(0.,0.,1.));
#5484 = ADVANCED_FACE('',(#5485),#5491,.T.);
#5485 = FACE_BOUND('',#5486,.T.);
#5486 = EDGE_LOOP('',(#5487,#5488,#5489,#5490));
#5487 = ORIENTED_EDGE('',*,*,#4461,.F.);
#5488 = ORIENTED_EDGE('',*,*,#4429,.T.);
#5489 = ORIENTED_EDGE('',*,*,#4485,.T.);
#5490 = ORIENTED_EDGE('',*,*,#4501,.F.);
#5491 = PLANE('',#5492);
#5492 = AXIS2_PLACEMENT_3D('',#5493,#5494,#5495);
#5493 = CARTESIAN_POINT('',(267.,46.,15.));
#5494 = DIRECTION('',(-0.,1.,0.));
#5495 = DIRECTION('',(0.,0.,1.));
#5496 = ADVANCED_FACE('',(#5497),#5503,.T.);
#5497 = FACE_BOUND('',#5498,.T.);
#5498 = EDGE_LOOP('',(#5499,#5500,#5501,#5502));
#5499 = ORIENTED_EDGE('',*,*,#4557,.F.);
#5500 = ORIENTED_EDGE('',*,*,#4525,.T.);
#5501 = ORIENTED_EDGE('',*,*,#4581,.T.);
#5502 = ORIENTED_EDGE('',*,*,#4597,.F.);
#5503 = PLANE('',#5504);
#5504 = AXIS2_PLACEMENT_3D('',#5505,#5506,#5507);
#5505 = CARTESIAN_POINT('',(271.,46.,15.));
#5506 = DIRECTION('',(-0.,1.,0.));
#5507 = DIRECTION('',(0.,0.,1.));
#5508 = ADVANCED_FACE('',(#5509),#5515,.T.);
#5509 = FACE_BOUND('',#5510,.T.);
#5510 = EDGE_LOOP('',(#5511,#5512,#5513,#5514));
#5511 = ORIENTED_EDGE('',*,*,#4653,.F.);
#5512 = ORIENTED_EDGE('',*,*,#4621,.T.);
#5513 = ORIENTED_EDGE('',*,*,#4677,.T.);
#5514 = ORIENTED_EDGE('',*,*,#4693,.F.);
#5515 = PLANE('',#5516);
#5516 = AXIS2_PLACEMENT_3D('',#5517,#5518,#5519);
#5517 = CARTESIAN_POINT('',(275.,46.,15.));
#5518 = DIRECTION('',(-0.,1.,0.));
#5519 = DIRECTION('',(0.,0.,1.));
#5520 = ADVANCED_FACE('',(#5521),#5527,.T.);
#5521 = FACE_BOUND('',#5522,.T.);
#5522 = EDGE_LOOP('',(#5523,#5524,#5525,#5526));
#5523 = ORIENTED_EDGE('',*,*,#4749,.F.);
#5524 = ORIENTED_EDGE('',*,*,#4717,.T.);
#5525 = ORIENTED_EDGE('',*,*,#4773,.T.);
#5526 = ORIENTED_EDGE('',*,*,#4789,.F.);
#5527 = PLANE('',#5528);
#5528 = AXIS2_PLACEMENT_3D('',#5529,#5530,#5531);
#5529 = CARTESIAN_POINT('',(279.,46.,15.));
#5530 = DIRECTION('',(-0.,1.,0.));
#5531 = DIRECTION('',(0.,0.,1.));
#5532 = ADVANCED_FACE('',(#5533),#5539,.T.);
#5533 = FACE_BOUND('',#5534,.T.);
#5534 = EDGE_LOOP('',(#5535,#5536,#5537,#5538));
#5535 = ORIENTED_EDGE('',*,*,#4845,.F.);
#5536 = ORIENTED_EDGE('',*,*,#4813,.T.);
#5537 = ORIENTED_EDGE('',*,*,#4869,.T.);
#5538 = ORIENTED_EDGE('',*,*,#4885,.F.);
#5539 = PLANE('',#5540);
#5540 = AXIS2_PLACEMENT_3D('',#5541,#5542,#5543);
#5541 = CARTESIAN_POINT('',(283.,46.,15.));
#5542 = DIRECTION('',(-0.,1.,0.));
#5543 = DIRECTION('',(0.,0.,1.));
#5544 = ADVANCED_FACE('',(#5545),#5551,.T.);
#5545 = FACE_BOUND('',#5546,.T.);
#5546 = EDGE_LOOP('',(#5547,#5548,#5549,#5550));
#5547 = ORIENTED_EDGE('',*,*,#4941,.F.);
#5548 = ORIENTED_EDGE('',*,*,#4909,.T.);
#5549 = ORIENTED_EDGE('',*,*,#4965,.T.);
#5550 = ORIENTED_EDGE('',*,*,#4981,.F.);
#5551 = PLANE('',#5552);
#5552 = AXIS2_PLACEMENT_3D('',#5553,#5554,#5555);
#5553 = CARTESIAN_POINT('',(287.,46.,15.));
#5554 = DIRECTION('',(-0.,1.,0.));
#5555 = DIRECTION('',(0.,0.,1.));
#5556 = ADVANCED_FACE('',(#5557),#5563,.T.);
#5557 = FACE_BOUND('',#5558,.T.);
#5558 = EDGE_LOOP('',(#5559,#5560,#5561,#5562));
#5559 = ORIENTED_EDGE('',*,*,#5037,.F.);
#5560 = ORIENTED_EDGE('',*,*,#5005,.T.);
#5561 = ORIENTED_EDGE('',*,*,#5061,.T.);
#5562 = ORIENTED_EDGE('',*,*,#5077,.F.);
#5563 = PLANE('',#5564);
#5564 = AXIS2_PLACEMENT_3D('',#5565,#5566,#5567);
#5565 = CARTESIAN_POINT('',(291.,46.,15.));
#5566 = DIRECTION('',(-0.,1.,0.));
#5567 = DIRECTION('',(0.,0.,1.));
#5568 = ADVANCED_FACE('',(#5569),#5575,.T.);
#5569 = FACE_BOUND('',#5570,.T.);
#5570 = EDGE_LOOP('',(#5571,#5572,#5573,#5574));
#5571 = ORIENTED_EDGE('',*,*,#5133,.F.);
#5572 = ORIENTED_EDGE('',*,*,#5101,.T.);
#5573 = ORIENTED_EDGE('',*,*,#5157,.T.);
#5574 = ORIENTED_EDGE('',*,*,#5173,.F.);
#5575 = PLANE('',#5576);
#5576 = AXIS2_PLACEMENT_3D('',#5577,#5578,#5579);
#5577 = CARTESIAN_POINT('',(295.,46.,15.));
#5578 = DIRECTION('',(-0.,1.,0.));
#5579 = DIRECTION('',(0.,0.,1.));
#5580 = ADVANCED_FACE('',(#5581),#5587,.T.);
#5581 = FACE_BOUND('',#5582,.T.);
#5582 = EDGE_LOOP('',(#5583,#5584,#5585,#5586));
#5583 = ORIENTED_EDGE('',*,*,#5270,.F.);
#5584 = ORIENTED_EDGE('',*,*,#5197,.T.);
#5585 = ORIENTED_EDGE('',*,*,#5229,.T.);
#5586 = ORIENTED_EDGE('',*,*,#5252,.F.);
#5587 = PLANE('',#5588);
#5588 = AXIS2_PLACEMENT_3D('',#5589,#5590,#5591);
#5589 = CARTESIAN_POINT('',(299.,46.,15.));
#5590 = DIRECTION('',(-0.,1.,0.));
#5591 = DIRECTION('',(0.,0.,1.));
#5592 = ( GEOMETRIC_REPRESENTATION_CONTEXT(3) 
GLOBAL_UNCERTAINTY_ASSIGNED_CONTEXT((#5596)) 
GLOBAL_UNIT_ASSIGNED_CONTEXT((#5593,#5594,#5595)) REPRESENTATION_CONTEXT
('Context #1','3D Context with UNIT and UNCERTAINTY') );
#5593 = ( LENGTH_UNIT() NAMED_UNIT(*) SI_UNIT(.MILLI.,.METRE.) );
#5594 = ( NAMED_UNIT(*) PLANE_ANGLE_UNIT() SI_UNIT($,.RADIAN.) );
#5595 = ( NAMED_UNIT(*) SI_UNIT($,.STERADIAN.) SOLID_ANGLE_UNIT() );
#5596 = UNCERTAINTY_MEASURE_WITH_UNIT(LENGTH_MEASURE(1.E-07),#5593,
  'distance_accuracy_value','confusion accuracy');
#5597 = CONTEXT_DEPENDENT_SHAPE_REPRESENTATION(#5598,#5600);
#5598 = ( REPRESENTATION_RELATIONSHIP('','',#1749,#10) 
REPRESENTATION_RELATIONSHIP_WITH_TRANSFORMATION(#5599) 
SHAPE_REPRESENTATION_RELATIONSHIP() );
#5599 = ITEM_DEFINED_TRANSFORMATION('','',#11,#31);
#5600 = PRODUCT_DEFINITION_SHAPE('Placement','Placement of an item',
  #5601);
#5601 = NEXT_ASSEMBLY_USAGE_OCCURRENCE('60',
  'PA heat spreader 300x300x10 Al with 2 fin fields','',#5,#1744,$);
#5602 = PRODUCT_RELATED_PRODUCT_CATEGORY('part',$,(#1746));
#5603 = SHAPE_DEFINITION_REPRESENTATION(#5604,#5610);
#5604 = PRODUCT_DEFINITION_SHAPE('','',#5605);
#5605 = PRODUCT_DEFINITION('design','',#5606,#5609);
#5606 = PRODUCT_DEFINITION_FORMATION('','',#5607);
#5607 = PRODUCT('RF PA board PA1 (35x60)','RF PA board PA1 (35x60)','',(
    #5608));
#5608 = PRODUCT_CONTEXT('',#2,'mechanical');
#5609 = PRODUCT_DEFINITION_CONTEXT('part definition',#2,'design');
#5610 = ADVANCED_BREP_SHAPE_REPRESENTATION('',(#11,#5611),#5761);
#5611 = MANIFOLD_SOLID_BREP('',#5612);
#5612 = CLOSED_SHELL('',(#5613,#5653,#5693,#5715,#5737,#5749));
#5613 = ADVANCED_FACE('',(#5614),#5648,.F.);
#5614 = FACE_BOUND('',#5615,.F.);
#5615 = EDGE_LOOP('',(#5616,#5626,#5634,#5642));
#5616 = ORIENTED_EDGE('',*,*,#5617,.F.);
#5617 = EDGE_CURVE('',#5618,#5620,#5622,.T.);
#5618 = VERTEX_POINT('',#5619);
#5619 = CARTESIAN_POINT('',(77.5,21.,23.));
#5620 = VERTEX_POINT('',#5621);
#5621 = CARTESIAN_POINT('',(77.5,21.,83.));
#5622 = LINE('',#5623,#5624);
#5623 = CARTESIAN_POINT('',(77.5,21.,23.));
#5624 = VECTOR('',#5625,1.);
#5625 = DIRECTION('',(0.,0.,1.));
#5626 = ORIENTED_EDGE('',*,*,#5627,.T.);
#5627 = EDGE_CURVE('',#5618,#5628,#5630,.T.);
#5628 = VERTEX_POINT('',#5629);
#5629 = CARTESIAN_POINT('',(77.5,22.6,23.));
#5630 = LINE('',#5631,#5632);
#5631 = CARTESIAN_POINT('',(77.5,21.,23.));
#5632 = VECTOR('',#5633,1.);
#5633 = DIRECTION('',(-0.,1.,0.));
#5634 = ORIENTED_EDGE('',*,*,#5635,.T.);
#5635 = EDGE_CURVE('',#5628,#5636,#5638,.T.);
#5636 = VERTEX_POINT('',#5637);
#5637 = CARTESIAN_POINT('',(77.5,22.6,83.));
#5638 = LINE('',#5639,#5640);
#5639 = CARTESIAN_POINT('',(77.5,22.6,23.));
#5640 = VECTOR('',#5641,1.);
#5641 = DIRECTION('',(0.,0.,1.));
#5642 = ORIENTED_EDGE('',*,*,#5643,.F.);
#5643 = EDGE_CURVE('',#5620,#5636,#5644,.T.);
#5644 = LINE('',#5645,#5646);
#5645 = CARTESIAN_POINT('',(77.5,21.,83.));
#5646 = VECTOR('',#5647,1.);
#5647 = DIRECTION('',(-0.,1.,0.));
#5648 = PLANE('',#5649);
#5649 = AXIS2_PLACEMENT_3D('',#5650,#5651,#5652);
#5650 = CARTESIAN_POINT('',(77.5,21.,23.));
#5651 = DIRECTION('',(1.,0.,-0.));
#5652 = DIRECTION('',(0.,0.,1.));
#5653 = ADVANCED_FACE('',(#5654),#5688,.T.);
#5654 = FACE_BOUND('',#5655,.T.);
#5655 = EDGE_LOOP('',(#5656,#5666,#5674,#5682));
#5656 = ORIENTED_EDGE('',*,*,#5657,.F.);
#5657 = EDGE_CURVE('',#5658,#5660,#5662,.T.);
#5658 = VERTEX_POINT('',#5659);
#5659 = CARTESIAN_POINT('',(112.5,21.,23.));
#5660 = VERTEX_POINT('',#5661);
#5661 = CARTESIAN_POINT('',(112.5,21.,83.));
#5662 = LINE('',#5663,#5664);
#5663 = CARTESIAN_POINT('',(112.5,21.,23.));
#5664 = VECTOR('',#5665,1.);
#5665 = DIRECTION('',(0.,0.,1.));
#5666 = ORIENTED_EDGE('',*,*,#5667,.T.);
#5667 = EDGE_CURVE('',#5658,#5668,#5670,.T.);
#5668 = VERTEX_POINT('',#5669);
#5669 = CARTESIAN_POINT('',(112.5,22.6,23.));
#5670 = LINE('',#5671,#5672);
#5671 = CARTESIAN_POINT('',(112.5,21.,23.));
#5672 = VECTOR('',#5673,1.);
#5673 = DIRECTION('',(-0.,1.,0.));
#5674 = ORIENTED_EDGE('',*,*,#5675,.T.);
#5675 = EDGE_CURVE('',#5668,#5676,#5678,.T.);
#5676 = VERTEX_POINT('',#5677);
#5677 = CARTESIAN_POINT('',(112.5,22.6,83.));
#5678 = LINE('',#5679,#5680);
#5679 = CARTESIAN_POINT('',(112.5,22.6,23.));
#5680 = VECTOR('',#5681,1.);
#5681 = DIRECTION('',(0.,0.,1.));
#5682 = ORIENTED_EDGE('',*,*,#5683,.F.);
#5683 = EDGE_CURVE('',#5660,#5676,#5684,.T.);
#5684 = LINE('',#5685,#5686);
#5685 = CARTESIAN_POINT('',(112.5,21.,83.));
#5686 = VECTOR('',#5687,1.);
#5687 = DIRECTION('',(-0.,1.,0.));
#5688 = PLANE('',#5689);
#5689 = AXIS2_PLACEMENT_3D('',#5690,#5691,#5692);
#5690 = CARTESIAN_POINT('',(112.5,21.,23.));
#5691 = DIRECTION('',(1.,0.,-0.));
#5692 = DIRECTION('',(0.,0.,1.));
#5693 = ADVANCED_FACE('',(#5694),#5710,.F.);
#5694 = FACE_BOUND('',#5695,.F.);
#5695 = EDGE_LOOP('',(#5696,#5702,#5703,#5709));
#5696 = ORIENTED_EDGE('',*,*,#5697,.F.);
#5697 = EDGE_CURVE('',#5618,#5658,#5698,.T.);
#5698 = LINE('',#5699,#5700);
#5699 = CARTESIAN_POINT('',(77.5,21.,23.));
#5700 = VECTOR('',#5701,1.);
#5701 = DIRECTION('',(1.,0.,-0.));
#5702 = ORIENTED_EDGE('',*,*,#5617,.T.);
#5703 = ORIENTED_EDGE('',*,*,#5704,.T.);
#5704 = EDGE_CURVE('',#5620,#5660,#5705,.T.);
#5705 = LINE('',#5706,#5707);
#5706 = CARTESIAN_POINT('',(77.5,21.,83.));
#5707 = VECTOR('',#5708,1.);
#5708 = DIRECTION('',(1.,0.,-0.));
#5709 = ORIENTED_EDGE('',*,*,#5657,.F.);
#5710 = PLANE('',#5711);
#5711 = AXIS2_PLACEMENT_3D('',#5712,#5713,#5714);
#5712 = CARTESIAN_POINT('',(77.5,21.,23.));
#5713 = DIRECTION('',(-0.,1.,0.));
#5714 = DIRECTION('',(0.,0.,1.));
#5715 = ADVANCED_FACE('',(#5716),#5732,.T.);
#5716 = FACE_BOUND('',#5717,.T.);
#5717 = EDGE_LOOP('',(#5718,#5724,#5725,#5731));
#5718 = ORIENTED_EDGE('',*,*,#5719,.F.);
#5719 = EDGE_CURVE('',#5628,#5668,#5720,.T.);
#5720 = LINE('',#5721,#5722);
#5721 = CARTESIAN_POINT('',(77.5,22.6,23.));
#5722 = VECTOR('',#5723,1.);
#5723 = DIRECTION('',(1.,0.,-0.));
#5724 = ORIENTED_EDGE('',*,*,#5635,.T.);
#5725 = ORIENTED_EDGE('',*,*,#5726,.T.);
#5726 = EDGE_CURVE('',#5636,#5676,#5727,.T.);
#5727 = LINE('',#5728,#5729);
#5728 = CARTESIAN_POINT('',(77.5,22.6,83.));
#5729 = VECTOR('',#5730,1.);
#5730 = DIRECTION('',(1.,0.,-0.));
#5731 = ORIENTED_EDGE('',*,*,#5675,.F.);
#5732 = PLANE('',#5733);
#5733 = AXIS2_PLACEMENT_3D('',#5734,#5735,#5736);
#5734 = CARTESIAN_POINT('',(77.5,22.6,23.));
#5735 = DIRECTION('',(-0.,1.,0.));
#5736 = DIRECTION('',(0.,0.,1.));
#5737 = ADVANCED_FACE('',(#5738),#5744,.F.);
#5738 = FACE_BOUND('',#5739,.F.);
#5739 = EDGE_LOOP('',(#5740,#5741,#5742,#5743));
#5740 = ORIENTED_EDGE('',*,*,#5627,.F.);
#5741 = ORIENTED_EDGE('',*,*,#5697,.T.);
#5742 = ORIENTED_EDGE('',*,*,#5667,.T.);
#5743 = ORIENTED_EDGE('',*,*,#5719,.F.);
#5744 = PLANE('',#5745);
#5745 = AXIS2_PLACEMENT_3D('',#5746,#5747,#5748);
#5746 = CARTESIAN_POINT('',(77.5,21.,23.));
#5747 = DIRECTION('',(0.,0.,1.));
#5748 = DIRECTION('',(1.,0.,-0.));
#5749 = ADVANCED_FACE('',(#5750),#5756,.T.);
#5750 = FACE_BOUND('',#5751,.T.);
#5751 = EDGE_LOOP('',(#5752,#5753,#5754,#5755));
#5752 = ORIENTED_EDGE('',*,*,#5643,.F.);
#5753 = ORIENTED_EDGE('',*,*,#5704,.T.);
#5754 = ORIENTED_EDGE('',*,*,#5683,.T.);
#5755 = ORIENTED_EDGE('',*,*,#5726,.F.);
#5756 = PLANE('',#5757);
#5757 = AXIS2_PLACEMENT_3D('',#5758,#5759,#5760);
#5758 = CARTESIAN_POINT('',(77.5,21.,83.));
#5759 = DIRECTION('',(0.,0.,1.));
#5760 = DIRECTION('',(1.,0.,-0.));
#5761 = ( GEOMETRIC_REPRESENTATION_CONTEXT(3) 
GLOBAL_UNCERTAINTY_ASSIGNED_CONTEXT((#5765)) 
GLOBAL_UNIT_ASSIGNED_CONTEXT((#5762,#5763,#5764)) REPRESENTATION_CONTEXT
('Context #1','3D Context with UNIT and UNCERTAINTY') );
#5762 = ( LENGTH_UNIT() NAMED_UNIT(*) SI_UNIT(.MILLI.,.METRE.) );
#5763 = ( NAMED_UNIT(*) PLANE_ANGLE_UNIT() SI_UNIT($,.RADIAN.) );
#5764 = ( NAMED_UNIT(*) SI_UNIT($,.STERADIAN.) SOLID_ANGLE_UNIT() );
#5765 = UNCERTAINTY_MEASURE_WITH_UNIT(LENGTH_MEASURE(1.E-07),#5762,
  'distance_accuracy_value','confusion accuracy');
#5766 = CONTEXT_DEPENDENT_SHAPE_REPRESENTATION(#5767,#5769);
#5767 = ( REPRESENTATION_RELATIONSHIP('','',#5610,#10) 
REPRESENTATION_RELATIONSHIP_WITH_TRANSFORMATION(#5768) 
SHAPE_REPRESENTATION_RELATIONSHIP() );
#5768 = ITEM_DEFINED_TRANSFORMATION('','',#11,#35);
#5769 = PRODUCT_DEFINITION_SHAPE('Placement','Placement of an item',
  #5770);
#5770 = NEXT_ASSEMBLY_USAGE_OCCURRENCE('61','RF PA board PA1 (35x60)',''
  ,#5,#5605,$);
#5771 = PRODUCT_RELATED_PRODUCT_CATEGORY('part',$,(#5607));
#5772 = SHAPE_DEFINITION_REPRESENTATION(#5773,#5779);
#5773 = PRODUCT_DEFINITION_SHAPE('','',#5774);
#5774 = PRODUCT_DEFINITION('design','',#5775,#5778);
#5775 = PRODUCT_DEFINITION_FORMATION('','',#5776);
#5776 = PRODUCT('PA1 component envelope','PA1 component envelope','',(
    #5777));
#5777 = PRODUCT_CONTEXT('',#2,'mechanical');
#5778 = PRODUCT_DEFINITION_CONTEXT('part definition',#2,'design');
#5779 = ADVANCED_BREP_SHAPE_REPRESENTATION('',(#11,#5780),#5930);
#5780 = MANIFOLD_SOLID_BREP('',#5781);
#5781 = CLOSED_SHELL('',(#5782,#5822,#5862,#5884,#5906,#5918));
#5782 = ADVANCED_FACE('',(#5783),#5817,.F.);
#5783 = FACE_BOUND('',#5784,.F.);
#5784 = EDGE_LOOP('',(#5785,#5795,#5803,#5811));
#5785 = ORIENTED_EDGE('',*,*,#5786,.F.);
#5786 = EDGE_CURVE('',#5787,#5789,#5791,.T.);
#5787 = VERTEX_POINT('',#5788);
#5788 = CARTESIAN_POINT('',(80.5,22.6,28.));
#5789 = VERTEX_POINT('',#5790);
#5790 = CARTESIAN_POINT('',(80.5,22.6,78.));
#5791 = LINE('',#5792,#5793);
#5792 = CARTESIAN_POINT('',(80.5,22.6,28.));
#5793 = VECTOR('',#5794,1.);
#5794 = DIRECTION('',(0.,0.,1.));
#5795 = ORIENTED_EDGE('',*,*,#5796,.T.);
#5796 = EDGE_CURVE('',#5787,#5797,#5799,.T.);
#5797 = VERTEX_POINT('',#5798);
#5798 = CARTESIAN_POINT('',(80.5,32.6,28.));
#5799 = LINE('',#5800,#5801);
#5800 = CARTESIAN_POINT('',(80.5,22.6,28.));
#5801 = VECTOR('',#5802,1.);
#5802 = DIRECTION('',(-0.,1.,0.));
#5803 = ORIENTED_EDGE('',*,*,#5804,.T.);
#5804 = EDGE_CURVE('',#5797,#5805,#5807,.T.);
#5805 = VERTEX_POINT('',#5806);
#5806 = CARTESIAN_POINT('',(80.5,32.6,78.));
#5807 = LINE('',#5808,#5809);
#5808 = CARTESIAN_POINT('',(80.5,32.6,28.));
#5809 = VECTOR('',#5810,1.);
#5810 = DIRECTION('',(0.,0.,1.));
#5811 = ORIENTED_EDGE('',*,*,#5812,.F.);
#5812 = EDGE_CURVE('',#5789,#5805,#5813,.T.);
#5813 = LINE('',#5814,#5815);
#5814 = CARTESIAN_POINT('',(80.5,22.6,78.));
#5815 = VECTOR('',#5816,1.);
#5816 = DIRECTION('',(-0.,1.,0.));
#5817 = PLANE('',#5818);
#5818 = AXIS2_PLACEMENT_3D('',#5819,#5820,#5821);
#5819 = CARTESIAN_POINT('',(80.5,22.6,28.));
#5820 = DIRECTION('',(1.,0.,-0.));
#5821 = DIRECTION('',(0.,0.,1.));
#5822 = ADVANCED_FACE('',(#5823),#5857,.T.);
#5823 = FACE_BOUND('',#5824,.T.);
#5824 = EDGE_LOOP('',(#5825,#5835,#5843,#5851));
#5825 = ORIENTED_EDGE('',*,*,#5826,.F.);
#5826 = EDGE_CURVE('',#5827,#5829,#5831,.T.);
#5827 = VERTEX_POINT('',#5828);
#5828 = CARTESIAN_POINT('',(109.5,22.6,28.));
#5829 = VERTEX_POINT('',#5830);
#5830 = CARTESIAN_POINT('',(109.5,22.6,78.));
#5831 = LINE('',#5832,#5833);
#5832 = CARTESIAN_POINT('',(109.5,22.6,28.));
#5833 = VECTOR('',#5834,1.);
#5834 = DIRECTION('',(0.,0.,1.));
#5835 = ORIENTED_EDGE('',*,*,#5836,.T.);
#5836 = EDGE_CURVE('',#5827,#5837,#5839,.T.);
#5837 = VERTEX_POINT('',#5838);
#5838 = CARTESIAN_POINT('',(109.5,32.6,28.));
#5839 = LINE('',#5840,#5841);
#5840 = CARTESIAN_POINT('',(109.5,22.6,28.));
#5841 = VECTOR('',#5842,1.);
#5842 = DIRECTION('',(-0.,1.,0.));
#5843 = ORIENTED_EDGE('',*,*,#5844,.T.);
#5844 = EDGE_CURVE('',#5837,#5845,#5847,.T.);
#5845 = VERTEX_POINT('',#5846);
#5846 = CARTESIAN_POINT('',(109.5,32.6,78.));
#5847 = LINE('',#5848,#5849);
#5848 = CARTESIAN_POINT('',(109.5,32.6,28.));
#5849 = VECTOR('',#5850,1.);
#5850 = DIRECTION('',(0.,0.,1.));
#5851 = ORIENTED_EDGE('',*,*,#5852,.F.);
#5852 = EDGE_CURVE('',#5829,#5845,#5853,.T.);
#5853 = LINE('',#5854,#5855);
#5854 = CARTESIAN_POINT('',(109.5,22.6,78.));
#5855 = VECTOR('',#5856,1.);
#5856 = DIRECTION('',(-0.,1.,0.));
#5857 = PLANE('',#5858);
#5858 = AXIS2_PLACEMENT_3D('',#5859,#5860,#5861);
#5859 = CARTESIAN_POINT('',(109.5,22.6,28.));
#5860 = DIRECTION('',(1.,0.,-0.));
#5861 = DIRECTION('',(0.,0.,1.));
#5862 = ADVANCED_FACE('',(#5863),#5879,.F.);
#5863 = FACE_BOUND('',#5864,.F.);
#5864 = EDGE_LOOP('',(#5865,#5871,#5872,#5878));
#5865 = ORIENTED_EDGE('',*,*,#5866,.F.);
#5866 = EDGE_CURVE('',#5787,#5827,#5867,.T.);
#5867 = LINE('',#5868,#5869);
#5868 = CARTESIAN_POINT('',(80.5,22.6,28.));
#5869 = VECTOR('',#5870,1.);
#5870 = DIRECTION('',(1.,0.,-0.));
#5871 = ORIENTED_EDGE('',*,*,#5786,.T.);
#5872 = ORIENTED_EDGE('',*,*,#5873,.T.);
#5873 = EDGE_CURVE('',#5789,#5829,#5874,.T.);
#5874 = LINE('',#5875,#5876);
#5875 = CARTESIAN_POINT('',(80.5,22.6,78.));
#5876 = VECTOR('',#5877,1.);
#5877 = DIRECTION('',(1.,0.,-0.));
#5878 = ORIENTED_EDGE('',*,*,#5826,.F.);
#5879 = PLANE('',#5880);
#5880 = AXIS2_PLACEMENT_3D('',#5881,#5882,#5883);
#5881 = CARTESIAN_POINT('',(80.5,22.6,28.));
#5882 = DIRECTION('',(-0.,1.,0.));
#5883 = DIRECTION('',(0.,0.,1.));
#5884 = ADVANCED_FACE('',(#5885),#5901,.T.);
#5885 = FACE_BOUND('',#5886,.T.);
#5886 = EDGE_LOOP('',(#5887,#5893,#5894,#5900));
#5887 = ORIENTED_EDGE('',*,*,#5888,.F.);
#5888 = EDGE_CURVE('',#5797,#5837,#5889,.T.);
#5889 = LINE('',#5890,#5891);
#5890 = CARTESIAN_POINT('',(80.5,32.6,28.));
#5891 = VECTOR('',#5892,1.);
#5892 = DIRECTION('',(1.,0.,-0.));
#5893 = ORIENTED_EDGE('',*,*,#5804,.T.);
#5894 = ORIENTED_EDGE('',*,*,#5895,.T.);
#5895 = EDGE_CURVE('',#5805,#5845,#5896,.T.);
#5896 = LINE('',#5897,#5898);
#5897 = CARTESIAN_POINT('',(80.5,32.6,78.));
#5898 = VECTOR('',#5899,1.);
#5899 = DIRECTION('',(1.,0.,-0.));
#5900 = ORIENTED_EDGE('',*,*,#5844,.F.);
#5901 = PLANE('',#5902);
#5902 = AXIS2_PLACEMENT_3D('',#5903,#5904,#5905);
#5903 = CARTESIAN_POINT('',(80.5,32.6,28.));
#5904 = DIRECTION('',(-0.,1.,0.));
#5905 = DIRECTION('',(0.,0.,1.));
#5906 = ADVANCED_FACE('',(#5907),#5913,.F.);
#5907 = FACE_BOUND('',#5908,.F.);
#5908 = EDGE_LOOP('',(#5909,#5910,#5911,#5912));
#5909 = ORIENTED_EDGE('',*,*,#5796,.F.);
#5910 = ORIENTED_EDGE('',*,*,#5866,.T.);
#5911 = ORIENTED_EDGE('',*,*,#5836,.T.);
#5912 = ORIENTED_EDGE('',*,*,#5888,.F.);
#5913 = PLANE('',#5914);
#5914 = AXIS2_PLACEMENT_3D('',#5915,#5916,#5917);
#5915 = CARTESIAN_POINT('',(80.5,22.6,28.));
#5916 = DIRECTION('',(0.,0.,1.));
#5917 = DIRECTION('',(1.,0.,-0.));
#5918 = ADVANCED_FACE('',(#5919),#5925,.T.);
#5919 = FACE_BOUND('',#5920,.T.);
#5920 = EDGE_LOOP('',(#5921,#5922,#5923,#5924));
#5921 = ORIENTED_EDGE('',*,*,#5812,.F.);
#5922 = ORIENTED_EDGE('',*,*,#5873,.T.);
#5923 = ORIENTED_EDGE('',*,*,#5852,.T.);
#5924 = ORIENTED_EDGE('',*,*,#5895,.F.);
#5925 = PLANE('',#5926);
#5926 = AXIS2_PLACEMENT_3D('',#5927,#5928,#5929);
#5927 = CARTESIAN_POINT('',(80.5,22.6,78.));
#5928 = DIRECTION('',(0.,0.,1.));
#5929 = DIRECTION('',(1.,0.,-0.));
#5930 = ( GEOMETRIC_REPRESENTATION_CONTEXT(3) 
GLOBAL_UNCERTAINTY_ASSIGNED_CONTEXT((#5934)) 
GLOBAL_UNIT_ASSIGNED_CONTEXT((#5931,#5932,#5933)) REPRESENTATION_CONTEXT
('Context #1','3D Context with UNIT and UNCERTAINTY') );
#5931 = ( LENGTH_UNIT() NAMED_UNIT(*) SI_UNIT(.MILLI.,.METRE.) );
#5932 = ( NAMED_UNIT(*) PLANE_ANGLE_UNIT() SI_UNIT($,.RADIAN.) );
#5933 = ( NAMED_UNIT(*) SI_UNIT($,.STERADIAN.) SOLID_ANGLE_UNIT() );
#5934 = UNCERTAINTY_MEASURE_WITH_UNIT(LENGTH_MEASURE(1.E-07),#5931,
  'distance_accuracy_value','confusion accuracy');
#5935 = CONTEXT_DEPENDENT_SHAPE_REPRESENTATION(#5936,#5938);
#5936 = ( REPRESENTATION_RELATIONSHIP('','',#5779,#10) 
REPRESENTATION_RELATIONSHIP_WITH_TRANSFORMATION(#5937) 
SHAPE_REPRESENTATION_RELATIONSHIP() );
#5937 = ITEM_DEFINED_TRANSFORMATION('','',#11,#39);
#5938 = PRODUCT_DEFINITION_SHAPE('Placement','Placement of an item',
  #5939);
#5939 = NEXT_ASSEMBLY_USAGE_OCCURRENCE('62','PA1 component envelope','',
  #5,#5774,$);
#5940 = PRODUCT_RELATED_PRODUCT_CATEGORY('part',$,(#5776));
#5941 = SHAPE_DEFINITION_REPRESENTATION(#5942,#5948);
#5942 = PRODUCT_DEFINITION_SHAPE('','',#5943);
#5943 = PRODUCT_DEFINITION('design','',#5944,#5947);
#5944 = PRODUCT_DEFINITION_FORMATION('','',#5945);
#5945 = PRODUCT('RF PA board PA2 (35x60)','RF PA board PA2 (35x60)','',(
    #5946));
#5946 = PRODUCT_CONTEXT('',#2,'mechanical');
#5947 = PRODUCT_DEFINITION_CONTEXT('part definition',#2,'design');
#5948 = ADVANCED_BREP_SHAPE_REPRESENTATION('',(#11,#5949),#6099);
#5949 = MANIFOLD_SOLID_BREP('',#5950);
#5950 = CLOSED_SHELL('',(#5951,#5991,#6031,#6053,#6075,#6087));
#5951 = ADVANCED_FACE('',(#5952),#5986,.F.);
#5952 = FACE_BOUND('',#5953,.F.);
#5953 = EDGE_LOOP('',(#5954,#5964,#5972,#5980));
#5954 = ORIENTED_EDGE('',*,*,#5955,.F.);
#5955 = EDGE_CURVE('',#5956,#5958,#5960,.T.);
#5956 = VERTEX_POINT('',#5957);
#5957 = CARTESIAN_POINT('',(117.5,21.,23.));
#5958 = VERTEX_POINT('',#5959);
#5959 = CARTESIAN_POINT('',(117.5,21.,83.));
#5960 = LINE('',#5961,#5962);
#5961 = CARTESIAN_POINT('',(117.5,21.,23.));
#5962 = VECTOR('',#5963,1.);
#5963 = DIRECTION('',(0.,0.,1.));
#5964 = ORIENTED_EDGE('',*,*,#5965,.T.);
#5965 = EDGE_CURVE('',#5956,#5966,#5968,.T.);
#5966 = VERTEX_POINT('',#5967);
#5967 = CARTESIAN_POINT('',(117.5,22.6,23.));
#5968 = LINE('',#5969,#5970);
#5969 = CARTESIAN_POINT('',(117.5,21.,23.));
#5970 = VECTOR('',#5971,1.);
#5971 = DIRECTION('',(-0.,1.,0.));
#5972 = ORIENTED_EDGE('',*,*,#5973,.T.);
#5973 = EDGE_CURVE('',#5966,#5974,#5976,.T.);
#5974 = VERTEX_POINT('',#5975);
#5975 = CARTESIAN_POINT('',(117.5,22.6,83.));
#5976 = LINE('',#5977,#5978);
#5977 = CARTESIAN_POINT('',(117.5,22.6,23.));
#5978 = VECTOR('',#5979,1.);
#5979 = DIRECTION('',(0.,0.,1.));
#5980 = ORIENTED_EDGE('',*,*,#5981,.F.);
#5981 = EDGE_CURVE('',#5958,#5974,#5982,.T.);
#5982 = LINE('',#5983,#5984);
#5983 = CARTESIAN_POINT('',(117.5,21.,83.));
#5984 = VECTOR('',#5985,1.);
#5985 = DIRECTION('',(-0.,1.,0.));
#5986 = PLANE('',#5987);
#5987 = AXIS2_PLACEMENT_3D('',#5988,#5989,#5990);
#5988 = CARTESIAN_POINT('',(117.5,21.,23.));
#5989 = DIRECTION('',(1.,0.,-0.));
#5990 = DIRECTION('',(0.,0.,1.));
#5991 = ADVANCED_FACE('',(#5992),#6026,.T.);
#5992 = FACE_BOUND('',#5993,.T.);
#5993 = EDGE_LOOP('',(#5994,#6004,#6012,#6020));
#5994 = ORIENTED_EDGE('',*,*,#5995,.F.);
#5995 = EDGE_CURVE('',#5996,#5998,#6000,.T.);
#5996 = VERTEX_POINT('',#5997);
#5997 = CARTESIAN_POINT('',(152.5,21.,23.));
#5998 = VERTEX_POINT('',#5999);
#5999 = CARTESIAN_POINT('',(152.5,21.,83.));
#6000 = LINE('',#6001,#6002);
#6001 = CARTESIAN_POINT('',(152.5,21.,23.));
#6002 = VECTOR('',#6003,1.);
#6003 = DIRECTION('',(0.,0.,1.));
#6004 = ORIENTED_EDGE('',*,*,#6005,.T.);
#6005 = EDGE_CURVE('',#5996,#6006,#6008,.T.);
#6006 = VERTEX_POINT('',#6007);
#6007 = CARTESIAN_POINT('',(152.5,22.6,23.));
#6008 = LINE('',#6009,#6010);
#6009 = CARTESIAN_POINT('',(152.5,21.,23.));
#6010 = VECTOR('',#6011,1.);
#6011 = DIRECTION('',(-0.,1.,0.));
#6012 = ORIENTED_EDGE('',*,*,#6013,.T.);
#6013 = EDGE_CURVE('',#6006,#6014,#6016,.T.);
#6014 = VERTEX_POINT('',#6015);
#6015 = CARTESIAN_POINT('',(152.5,22.6,83.));
#6016 = LINE('',#6017,#6018);
#6017 = CARTESIAN_POINT('',(152.5,22.6,23.));
#6018 = VECTOR('',#6019,1.);
#6019 = DIRECTION('',(0.,0.,1.));
#6020 = ORIENTED_EDGE('',*,*,#6021,.F.);
#6021 = EDGE_CURVE('',#5998,#6014,#6022,.T.);
#6022 = LINE('',#6023,#6024);
#6023 = CARTESIAN_POINT('',(152.5,21.,83.));
#6024 = VECTOR('',#6025,1.);
#6025 = DIRECTION('',(-0.,1.,0.));
#6026 = PLANE('',#6027);
#6027 = AXIS2_PLACEMENT_3D('',#6028,#6029,#6030);
#6028 = CARTESIAN_POINT('',(152.5,21.,23.));
#6029 = DIRECTION('',(1.,0.,-0.));
#6030 = DIRECTION('',(0.,0.,1.));
#6031 = ADVANCED_FACE('',(#6032),#6048,.F.);
#6032 = FACE_BOUND('',#6033,.F.);
#6033 = EDGE_LOOP('',(#6034,#6040,#6041,#6047));
#6034 = ORIENTED_EDGE('',*,*,#6035,.F.);
#6035 = EDGE_CURVE('',#5956,#5996,#6036,.T.);
#6036 = LINE('',#6037,#6038);
#6037 = CARTESIAN_POINT('',(117.5,21.,23.));
#6038 = VECTOR('',#6039,1.);
#6039 = DIRECTION('',(1.,0.,-0.));
#6040 = ORIENTED_EDGE('',*,*,#5955,.T.);
#6041 = ORIENTED_EDGE('',*,*,#6042,.T.);
#6042 = EDGE_CURVE('',#5958,#5998,#6043,.T.);
#6043 = LINE('',#6044,#6045);
#6044 = CARTESIAN_POINT('',(117.5,21.,83.));
#6045 = VECTOR('',#6046,1.);
#6046 = DIRECTION('',(1.,0.,-0.));
#6047 = ORIENTED_EDGE('',*,*,#5995,.F.);
#6048 = PLANE('',#6049);
#6049 = AXIS2_PLACEMENT_3D('',#6050,#6051,#6052);
#6050 = CARTESIAN_POINT('',(117.5,21.,23.));
#6051 = DIRECTION('',(-0.,1.,0.));
#6052 = DIRECTION('',(0.,0.,1.));
#6053 = ADVANCED_FACE('',(#6054),#6070,.T.);
#6054 = FACE_BOUND('',#6055,.T.);
#6055 = EDGE_LOOP('',(#6056,#6062,#6063,#6069));
#6056 = ORIENTED_EDGE('',*,*,#6057,.F.);
#6057 = EDGE_CURVE('',#5966,#6006,#6058,.T.);
#6058 = LINE('',#6059,#6060);
#6059 = CARTESIAN_POINT('',(117.5,22.6,23.));
#6060 = VECTOR('',#6061,1.);
#6061 = DIRECTION('',(1.,0.,-0.));
#6062 = ORIENTED_EDGE('',*,*,#5973,.T.);
#6063 = ORIENTED_EDGE('',*,*,#6064,.T.);
#6064 = EDGE_CURVE('',#5974,#6014,#6065,.T.);
#6065 = LINE('',#6066,#6067);
#6066 = CARTESIAN_POINT('',(117.5,22.6,83.));
#6067 = VECTOR('',#6068,1.);
#6068 = DIRECTION('',(1.,0.,-0.));
#6069 = ORIENTED_EDGE('',*,*,#6013,.F.);
#6070 = PLANE('',#6071);
#6071 = AXIS2_PLACEMENT_3D('',#6072,#6073,#6074);
#6072 = CARTESIAN_POINT('',(117.5,22.6,23.));
#6073 = DIRECTION('',(-0.,1.,0.));
#6074 = DIRECTION('',(0.,0.,1.));
#6075 = ADVANCED_FACE('',(#6076),#6082,.F.);
#6076 = FACE_BOUND('',#6077,.F.);
#6077 = EDGE_LOOP('',(#6078,#6079,#6080,#6081));
#6078 = ORIENTED_EDGE('',*,*,#5965,.F.);
#6079 = ORIENTED_EDGE('',*,*,#6035,.T.);
#6080 = ORIENTED_EDGE('',*,*,#6005,.T.);
#6081 = ORIENTED_EDGE('',*,*,#6057,.F.);
#6082 = PLANE('',#6083);
#6083 = AXIS2_PLACEMENT_3D('',#6084,#6085,#6086);
#6084 = CARTESIAN_POINT('',(117.5,21.,23.));
#6085 = DIRECTION('',(0.,0.,1.));
#6086 = DIRECTION('',(1.,0.,-0.));
#6087 = ADVANCED_FACE('',(#6088),#6094,.T.);
#6088 = FACE_BOUND('',#6089,.T.);
#6089 = EDGE_LOOP('',(#6090,#6091,#6092,#6093));
#6090 = ORIENTED_EDGE('',*,*,#5981,.F.);
#6091 = ORIENTED_EDGE('',*,*,#6042,.T.);
#6092 = ORIENTED_EDGE('',*,*,#6021,.T.);
#6093 = ORIENTED_EDGE('',*,*,#6064,.F.);
#6094 = PLANE('',#6095);
#6095 = AXIS2_PLACEMENT_3D('',#6096,#6097,#6098);
#6096 = CARTESIAN_POINT('',(117.5,21.,83.));
#6097 = DIRECTION('',(0.,0.,1.));
#6098 = DIRECTION('',(1.,0.,-0.));
#6099 = ( GEOMETRIC_REPRESENTATION_CONTEXT(3) 
GLOBAL_UNCERTAINTY_ASSIGNED_CONTEXT((#6103)) 
GLOBAL_UNIT_ASSIGNED_CONTEXT((#6100,#6101,#6102)) REPRESENTATION_CONTEXT
('Context #1','3D Context with UNIT and UNCERTAINTY') );
#6100 = ( LENGTH_UNIT() NAMED_UNIT(*) SI_UNIT(.MILLI.,.METRE.) );
#6101 = ( NAMED_UNIT(*) PLANE_ANGLE_UNIT() SI_UNIT($,.RADIAN.) );
#6102 = ( NAMED_UNIT(*) SI_UNIT($,.STERADIAN.) SOLID_ANGLE_UNIT() );
#6103 = UNCERTAINTY_MEASURE_WITH_UNIT(LENGTH_MEASURE(1.E-07),#6100,
  'distance_accuracy_value','confusion accuracy');
#6104 = CONTEXT_DEPENDENT_SHAPE_REPRESENTATION(#6105,#6107);
#6105 = ( REPRESENTATION_RELATIONSHIP('','',#5948,#10) 
REPRESENTATION_RELATIONSHIP_WITH_TRANSFORMATION(#6106) 
SHAPE_REPRESENTATION_RELATIONSHIP() );
#6106 = ITEM_DEFINED_TRANSFORMATION('','',#11,#43);
#6107 = PRODUCT_DEFINITION_SHAPE('Placement','Placement of an item',
  #6108);
#6108 = NEXT_ASSEMBLY_USAGE_OCCURRENCE('63','RF PA board PA2 (35x60)',''
  ,#5,#5943,$);
#6109 = PRODUCT_RELATED_PRODUCT_CATEGORY('part',$,(#5945));
#6110 = SHAPE_DEFINITION_REPRESENTATION(#6111,#6117);
#6111 = PRODUCT_DEFINITION_SHAPE('','',#6112);
#6112 = PRODUCT_DEFINITION('design','',#6113,#6116);
#6113 = PRODUCT_DEFINITION_FORMATION('','',#6114);
#6114 = PRODUCT('PA2 component envelope','PA2 component envelope','',(
    #6115));
#6115 = PRODUCT_CONTEXT('',#2,'mechanical');
#6116 = PRODUCT_DEFINITION_CONTEXT('part definition',#2,'design');
#6117 = ADVANCED_BREP_SHAPE_REPRESENTATION('',(#11,#6118),#6268);
#6118 = MANIFOLD_SOLID_BREP('',#6119);
#6119 = CLOSED_SHELL('',(#6120,#6160,#6200,#6222,#6244,#6256));
#6120 = ADVANCED_FACE('',(#6121),#6155,.F.);
#6121 = FACE_BOUND('',#6122,.F.);
#6122 = EDGE_LOOP('',(#6123,#6133,#6141,#6149));
#6123 = ORIENTED_EDGE('',*,*,#6124,.F.);
#6124 = EDGE_CURVE('',#6125,#6127,#6129,.T.);
#6125 = VERTEX_POINT('',#6126);
#6126 = CARTESIAN_POINT('',(120.5,22.6,28.));
#6127 = VERTEX_POINT('',#6128);
#6128 = CARTESIAN_POINT('',(120.5,22.6,78.));
#6129 = LINE('',#6130,#6131);
#6130 = CARTESIAN_POINT('',(120.5,22.6,28.));
#6131 = VECTOR('',#6132,1.);
#6132 = DIRECTION('',(0.,0.,1.));
#6133 = ORIENTED_EDGE('',*,*,#6134,.T.);
#6134 = EDGE_CURVE('',#6125,#6135,#6137,.T.);
#6135 = VERTEX_POINT('',#6136);
#6136 = CARTESIAN_POINT('',(120.5,32.6,28.));
#6137 = LINE('',#6138,#6139);
#6138 = CARTESIAN_POINT('',(120.5,22.6,28.));
#6139 = VECTOR('',#6140,1.);
#6140 = DIRECTION('',(-0.,1.,0.));
#6141 = ORIENTED_EDGE('',*,*,#6142,.T.);
#6142 = EDGE_CURVE('',#6135,#6143,#6145,.T.);
#6143 = VERTEX_POINT('',#6144);
#6144 = CARTESIAN_POINT('',(120.5,32.6,78.));
#6145 = LINE('',#6146,#6147);
#6146 = CARTESIAN_POINT('',(120.5,32.6,28.));
#6147 = VECTOR('',#6148,1.);
#6148 = DIRECTION('',(0.,0.,1.));
#6149 = ORIENTED_EDGE('',*,*,#6150,.F.);
#6150 = EDGE_CURVE('',#6127,#6143,#6151,.T.);
#6151 = LINE('',#6152,#6153);
#6152 = CARTESIAN_POINT('',(120.5,22.6,78.));
#6153 = VECTOR('',#6154,1.);
#6154 = DIRECTION('',(-0.,1.,0.));
#6155 = PLANE('',#6156);
#6156 = AXIS2_PLACEMENT_3D('',#6157,#6158,#6159);
#6157 = CARTESIAN_POINT('',(120.5,22.6,28.));
#6158 = DIRECTION('',(1.,0.,-0.));
#6159 = DIRECTION('',(0.,0.,1.));
#6160 = ADVANCED_FACE('',(#6161),#6195,.T.);
#6161 = FACE_BOUND('',#6162,.T.);
#6162 = EDGE_LOOP('',(#6163,#6173,#6181,#6189));
#6163 = ORIENTED_EDGE('',*,*,#6164,.F.);
#6164 = EDGE_CURVE('',#6165,#6167,#6169,.T.);
#6165 = VERTEX_POINT('',#6166);
#6166 = CARTESIAN_POINT('',(149.5,22.6,28.));
#6167 = VERTEX_POINT('',#6168);
#6168 = CARTESIAN_POINT('',(149.5,22.6,78.));
#6169 = LINE('',#6170,#6171);
#6170 = CARTESIAN_POINT('',(149.5,22.6,28.));
#6171 = VECTOR('',#6172,1.);
#6172 = DIRECTION('',(0.,0.,1.));
#6173 = ORIENTED_EDGE('',*,*,#6174,.T.);
#6174 = EDGE_CURVE('',#6165,#6175,#6177,.T.);
#6175 = VERTEX_POINT('',#6176);
#6176 = CARTESIAN_POINT('',(149.5,32.6,28.));
#6177 = LINE('',#6178,#6179);
#6178 = CARTESIAN_POINT('',(149.5,22.6,28.));
#6179 = VECTOR('',#6180,1.);
#6180 = DIRECTION('',(-0.,1.,0.));
#6181 = ORIENTED_EDGE('',*,*,#6182,.T.);
#6182 = EDGE_CURVE('',#6175,#6183,#6185,.T.);
#6183 = VERTEX_POINT('',#6184);
#6184 = CARTESIAN_POINT('',(149.5,32.6,78.));
#6185 = LINE('',#6186,#6187);
#6186 = CARTESIAN_POINT('',(149.5,32.6,28.));
#6187 = VECTOR('',#6188,1.);
#6188 = DIRECTION('',(0.,0.,1.));
#6189 = ORIENTED_EDGE('',*,*,#6190,.F.);
#6190 = EDGE_CURVE('',#6167,#6183,#6191,.T.);
#6191 = LINE('',#6192,#6193);
#6192 = CARTESIAN_POINT('',(149.5,22.6,78.));
#6193 = VECTOR('',#6194,1.);
#6194 = DIRECTION('',(-0.,1.,0.));
#6195 = PLANE('',#6196);
#6196 = AXIS2_PLACEMENT_3D('',#6197,#6198,#6199);
#6197 = CARTESIAN_POINT('',(149.5,22.6,28.));
#6198 = DIRECTION('',(1.,0.,-0.));
#6199 = DIRECTION('',(0.,0.,1.));
#6200 = ADVANCED_FACE('',(#6201),#6217,.F.);
#6201 = FACE_BOUND('',#6202,.F.);
#6202 = EDGE_LOOP('',(#6203,#6209,#6210,#6216));
#6203 = ORIENTED_EDGE('',*,*,#6204,.F.);
#6204 = EDGE_CURVE('',#6125,#6165,#6205,.T.);
#6205 = LINE('',#6206,#6207);
#6206 = CARTESIAN_POINT('',(120.5,22.6,28.));
#6207 = VECTOR('',#6208,1.);
#6208 = DIRECTION('',(1.,0.,-0.));
#6209 = ORIENTED_EDGE('',*,*,#6124,.T.);
#6210 = ORIENTED_EDGE('',*,*,#6211,.T.);
#6211 = EDGE_CURVE('',#6127,#6167,#6212,.T.);
#6212 = LINE('',#6213,#6214);
#6213 = CARTESIAN_POINT('',(120.5,22.6,78.));
#6214 = VECTOR('',#6215,1.);
#6215 = DIRECTION('',(1.,0.,-0.));
#6216 = ORIENTED_EDGE('',*,*,#6164,.F.);
#6217 = PLANE('',#6218);
#6218 = AXIS2_PLACEMENT_3D('',#6219,#6220,#6221);
#6219 = CARTESIAN_POINT('',(120.5,22.6,28.));
#6220 = DIRECTION('',(-0.,1.,0.));
#6221 = DIRECTION('',(0.,0.,1.));
#6222 = ADVANCED_FACE('',(#6223),#6239,.T.);
#6223 = FACE_BOUND('',#6224,.T.);
#6224 = EDGE_LOOP('',(#6225,#6231,#6232,#6238));
#6225 = ORIENTED_EDGE('',*,*,#6226,.F.);
#6226 = EDGE_CURVE('',#6135,#6175,#6227,.T.);
#6227 = LINE('',#6228,#6229);
#6228 = CARTESIAN_POINT('',(120.5,32.6,28.));
#6229 = VECTOR('',#6230,1.);
#6230 = DIRECTION('',(1.,0.,-0.));
#6231 = ORIENTED_EDGE('',*,*,#6142,.T.);
#6232 = ORIENTED_EDGE('',*,*,#6233,.T.);
#6233 = EDGE_CURVE('',#6143,#6183,#6234,.T.);
#6234 = LINE('',#6235,#6236);
#6235 = CARTESIAN_POINT('',(120.5,32.6,78.));
#6236 = VECTOR('',#6237,1.);
#6237 = DIRECTION('',(1.,0.,-0.));
#6238 = ORIENTED_EDGE('',*,*,#6182,.F.);
#6239 = PLANE('',#6240);
#6240 = AXIS2_PLACEMENT_3D('',#6241,#6242,#6243);
#6241 = CARTESIAN_POINT('',(120.5,32.6,28.));
#6242 = DIRECTION('',(-0.,1.,0.));
#6243 = DIRECTION('',(0.,0.,1.));
#6244 = ADVANCED_FACE('',(#6245),#6251,.F.);
#6245 = FACE_BOUND('',#6246,.F.);
#6246 = EDGE_LOOP('',(#6247,#6248,#6249,#6250));
#6247 = ORIENTED_EDGE('',*,*,#6134,.F.);
#6248 = ORIENTED_EDGE('',*,*,#6204,.T.);
#6249 = ORIENTED_EDGE('',*,*,#6174,.T.);
#6250 = ORIENTED_EDGE('',*,*,#6226,.F.);
#6251 = PLANE('',#6252);
#6252 = AXIS2_PLACEMENT_3D('',#6253,#6254,#6255);
#6253 = CARTESIAN_POINT('',(120.5,22.6,28.));
#6254 = DIRECTION('',(0.,0.,1.));
#6255 = DIRECTION('',(1.,0.,-0.));
#6256 = ADVANCED_FACE('',(#6257),#6263,.T.);
#6257 = FACE_BOUND('',#6258,.T.);
#6258 = EDGE_LOOP('',(#6259,#6260,#6261,#6262));
#6259 = ORIENTED_EDGE('',*,*,#6150,.F.);
#6260 = ORIENTED_EDGE('',*,*,#6211,.T.);
#6261 = ORIENTED_EDGE('',*,*,#6190,.T.);
#6262 = ORIENTED_EDGE('',*,*,#6233,.F.);
#6263 = PLANE('',#6264);
#6264 = AXIS2_PLACEMENT_3D('',#6265,#6266,#6267);
#6265 = CARTESIAN_POINT('',(120.5,22.6,78.));
#6266 = DIRECTION('',(0.,0.,1.));
#6267 = DIRECTION('',(1.,0.,-0.));
#6268 = ( GEOMETRIC_REPRESENTATION_CONTEXT(3) 
GLOBAL_UNCERTAINTY_ASSIGNED_CONTEXT((#6272)) 
GLOBAL_UNIT_ASSIGNED_CONTEXT((#6269,#6270,#6271)) REPRESENTATION_CONTEXT
('Context #1','3D Context with UNIT and UNCERTAINTY') );
#6269 = ( LENGTH_UNIT() NAMED_UNIT(*) SI_UNIT(.MILLI.,.METRE.) );
#6270 = ( NAMED_UNIT(*) PLANE_ANGLE_UNIT() SI_UNIT($,.RADIAN.) );
#6271 = ( NAMED_UNIT(*) SI_UNIT($,.STERADIAN.) SOLID_ANGLE_UNIT() );
#6272 = UNCERTAINTY_MEASURE_WITH_UNIT(LENGTH_MEASURE(1.E-07),#6269,
  'distance_accuracy_value','confusion accuracy');
#6273 = CONTEXT_DEPENDENT_SHAPE_REPRESENTATION(#6274,#6276);
#6274 = ( REPRESENTATION_RELATIONSHIP('','',#6117,#10) 
REPRESENTATION_RELATIONSHIP_WITH_TRANSFORMATION(#6275) 
SHAPE_REPRESENTATION_RELATIONSHIP() );
#6275 = ITEM_DEFINED_TRANSFORMATION('','',#11,#47);
#6276 = PRODUCT_DEFINITION_SHAPE('Placement','Placement of an item',
  #6277);
#6277 = NEXT_ASSEMBLY_USAGE_OCCURRENCE('64','PA2 component envelope','',
  #5,#6112,$);
#6278 = PRODUCT_RELATED_PRODUCT_CATEGORY('part',$,(#6114));
#6279 = SHAPE_DEFINITION_REPRESENTATION(#6280,#6286);
#6280 = PRODUCT_DEFINITION_SHAPE('','',#6281);
#6281 = PRODUCT_DEFINITION('design','',#6282,#6285);
#6282 = PRODUCT_DEFINITION_FORMATION('','',#6283);
#6283 = PRODUCT('RF PA board PA3 (35x60)','RF PA board PA3 (35x60)','',(
    #6284));
#6284 = PRODUCT_CONTEXT('',#2,'mechanical');
#6285 = PRODUCT_DEFINITION_CONTEXT('part definition',#2,'design');
#6286 = ADVANCED_BREP_SHAPE_REPRESENTATION('',(#11,#6287),#6437);
#6287 = MANIFOLD_SOLID_BREP('',#6288);
#6288 = CLOSED_SHELL('',(#6289,#6329,#6369,#6391,#6413,#6425));
#6289 = ADVANCED_FACE('',(#6290),#6324,.F.);
#6290 = FACE_BOUND('',#6291,.F.);
#6291 = EDGE_LOOP('',(#6292,#6302,#6310,#6318));
#6292 = ORIENTED_EDGE('',*,*,#6293,.F.);
#6293 = EDGE_CURVE('',#6294,#6296,#6298,.T.);
#6294 = VERTEX_POINT('',#6295);
#6295 = CARTESIAN_POINT('',(157.5,21.,23.));
#6296 = VERTEX_POINT('',#6297);
#6297 = CARTESIAN_POINT('',(157.5,21.,83.));
#6298 = LINE('',#6299,#6300);
#6299 = CARTESIAN_POINT('',(157.5,21.,23.));
#6300 = VECTOR('',#6301,1.);
#6301 = DIRECTION('',(0.,0.,1.));
#6302 = ORIENTED_EDGE('',*,*,#6303,.T.);
#6303 = EDGE_CURVE('',#6294,#6304,#6306,.T.);
#6304 = VERTEX_POINT('',#6305);
#6305 = CARTESIAN_POINT('',(157.5,22.6,23.));
#6306 = LINE('',#6307,#6308);
#6307 = CARTESIAN_POINT('',(157.5,21.,23.));
#6308 = VECTOR('',#6309,1.);
#6309 = DIRECTION('',(-0.,1.,0.));
#6310 = ORIENTED_EDGE('',*,*,#6311,.T.);
#6311 = EDGE_CURVE('',#6304,#6312,#6314,.T.);
#6312 = VERTEX_POINT('',#6313);
#6313 = CARTESIAN_POINT('',(157.5,22.6,83.));
#6314 = LINE('',#6315,#6316);
#6315 = CARTESIAN_POINT('',(157.5,22.6,23.));
#6316 = VECTOR('',#6317,1.);
#6317 = DIRECTION('',(0.,0.,1.));
#6318 = ORIENTED_EDGE('',*,*,#6319,.F.);
#6319 = EDGE_CURVE('',#6296,#6312,#6320,.T.);
#6320 = LINE('',#6321,#6322);
#6321 = CARTESIAN_POINT('',(157.5,21.,83.));
#6322 = VECTOR('',#6323,1.);
#6323 = DIRECTION('',(-0.,1.,0.));
#6324 = PLANE('',#6325);
#6325 = AXIS2_PLACEMENT_3D('',#6326,#6327,#6328);
#6326 = CARTESIAN_POINT('',(157.5,21.,23.));
#6327 = DIRECTION('',(1.,0.,-0.));
#6328 = DIRECTION('',(0.,0.,1.));
#6329 = ADVANCED_FACE('',(#6330),#6364,.T.);
#6330 = FACE_BOUND('',#6331,.T.);
#6331 = EDGE_LOOP('',(#6332,#6342,#6350,#6358));
#6332 = ORIENTED_EDGE('',*,*,#6333,.F.);
#6333 = EDGE_CURVE('',#6334,#6336,#6338,.T.);
#6334 = VERTEX_POINT('',#6335);
#6335 = CARTESIAN_POINT('',(192.5,21.,23.));
#6336 = VERTEX_POINT('',#6337);
#6337 = CARTESIAN_POINT('',(192.5,21.,83.));
#6338 = LINE('',#6339,#6340);
#6339 = CARTESIAN_POINT('',(192.5,21.,23.));
#6340 = VECTOR('',#6341,1.);
#6341 = DIRECTION('',(0.,0.,1.));
#6342 = ORIENTED_EDGE('',*,*,#6343,.T.);
#6343 = EDGE_CURVE('',#6334,#6344,#6346,.T.);
#6344 = VERTEX_POINT('',#6345);
#6345 = CARTESIAN_POINT('',(192.5,22.6,23.));
#6346 = LINE('',#6347,#6348);
#6347 = CARTESIAN_POINT('',(192.5,21.,23.));
#6348 = VECTOR('',#6349,1.);
#6349 = DIRECTION('',(-0.,1.,0.));
#6350 = ORIENTED_EDGE('',*,*,#6351,.T.);
#6351 = EDGE_CURVE('',#6344,#6352,#6354,.T.);
#6352 = VERTEX_POINT('',#6353);
#6353 = CARTESIAN_POINT('',(192.5,22.6,83.));
#6354 = LINE('',#6355,#6356);
#6355 = CARTESIAN_POINT('',(192.5,22.6,23.));
#6356 = VECTOR('',#6357,1.);
#6357 = DIRECTION('',(0.,0.,1.));
#6358 = ORIENTED_EDGE('',*,*,#6359,.F.);
#6359 = EDGE_CURVE('',#6336,#6352,#6360,.T.);
#6360 = LINE('',#6361,#6362);
#6361 = CARTESIAN_POINT('',(192.5,21.,83.));
#6362 = VECTOR('',#6363,1.);
#6363 = DIRECTION('',(-0.,1.,0.));
#6364 = PLANE('',#6365);
#6365 = AXIS2_PLACEMENT_3D('',#6366,#6367,#6368);
#6366 = CARTESIAN_POINT('',(192.5,21.,23.));
#6367 = DIRECTION('',(1.,0.,-0.));
#6368 = DIRECTION('',(0.,0.,1.));
#6369 = ADVANCED_FACE('',(#6370),#6386,.F.);
#6370 = FACE_BOUND('',#6371,.F.);
#6371 = EDGE_LOOP('',(#6372,#6378,#6379,#6385));
#6372 = ORIENTED_EDGE('',*,*,#6373,.F.);
#6373 = EDGE_CURVE('',#6294,#6334,#6374,.T.);
#6374 = LINE('',#6375,#6376);
#6375 = CARTESIAN_POINT('',(157.5,21.,23.));
#6376 = VECTOR('',#6377,1.);
#6377 = DIRECTION('',(1.,0.,-0.));
#6378 = ORIENTED_EDGE('',*,*,#6293,.T.);
#6379 = ORIENTED_EDGE('',*,*,#6380,.T.);
#6380 = EDGE_CURVE('',#6296,#6336,#6381,.T.);
#6381 = LINE('',#6382,#6383);
#6382 = CARTESIAN_POINT('',(157.5,21.,83.));
#6383 = VECTOR('',#6384,1.);
#6384 = DIRECTION('',(1.,0.,-0.));
#6385 = ORIENTED_EDGE('',*,*,#6333,.F.);
#6386 = PLANE('',#6387);
#6387 = AXIS2_PLACEMENT_3D('',#6388,#6389,#6390);
#6388 = CARTESIAN_POINT('',(157.5,21.,23.));
#6389 = DIRECTION('',(-0.,1.,0.));
#6390 = DIRECTION('',(0.,0.,1.));
#6391 = ADVANCED_FACE('',(#6392),#6408,.T.);
#6392 = FACE_BOUND('',#6393,.T.);
#6393 = EDGE_LOOP('',(#6394,#6400,#6401,#6407));
#6394 = ORIENTED_EDGE('',*,*,#6395,.F.);
#6395 = EDGE_CURVE('',#6304,#6344,#6396,.T.);
#6396 = LINE('',#6397,#6398);
#6397 = CARTESIAN_POINT('',(157.5,22.6,23.));
#6398 = VECTOR('',#6399,1.);
#6399 = DIRECTION('',(1.,0.,-0.));
#6400 = ORIENTED_EDGE('',*,*,#6311,.T.);
#6401 = ORIENTED_EDGE('',*,*,#6402,.T.);
#6402 = EDGE_CURVE('',#6312,#6352,#6403,.T.);
#6403 = LINE('',#6404,#6405);
#6404 = CARTESIAN_POINT('',(157.5,22.6,83.));
#6405 = VECTOR('',#6406,1.);
#6406 = DIRECTION('',(1.,0.,-0.));
#6407 = ORIENTED_EDGE('',*,*,#6351,.F.);
#6408 = PLANE('',#6409);
#6409 = AXIS2_PLACEMENT_3D('',#6410,#6411,#6412);
#6410 = CARTESIAN_POINT('',(157.5,22.6,23.));
#6411 = DIRECTION('',(-0.,1.,0.));
#6412 = DIRECTION('',(0.,0.,1.));
#6413 = ADVANCED_FACE('',(#6414),#6420,.F.);
#6414 = FACE_BOUND('',#6415,.F.);
#6415 = EDGE_LOOP('',(#6416,#6417,#6418,#6419));
#6416 = ORIENTED_EDGE('',*,*,#6303,.F.);
#6417 = ORIENTED_EDGE('',*,*,#6373,.T.);
#6418 = ORIENTED_EDGE('',*,*,#6343,.T.);
#6419 = ORIENTED_EDGE('',*,*,#6395,.F.);
#6420 = PLANE('',#6421);
#6421 = AXIS2_PLACEMENT_3D('',#6422,#6423,#6424);
#6422 = CARTESIAN_POINT('',(157.5,21.,23.));
#6423 = DIRECTION('',(0.,0.,1.));
#6424 = DIRECTION('',(1.,0.,-0.));
#6425 = ADVANCED_FACE('',(#6426),#6432,.T.);
#6426 = FACE_BOUND('',#6427,.T.);
#6427 = EDGE_LOOP('',(#6428,#6429,#6430,#6431));
#6428 = ORIENTED_EDGE('',*,*,#6319,.F.);
#6429 = ORIENTED_EDGE('',*,*,#6380,.T.);
#6430 = ORIENTED_EDGE('',*,*,#6359,.T.);
#6431 = ORIENTED_EDGE('',*,*,#6402,.F.);
#6432 = PLANE('',#6433);
#6433 = AXIS2_PLACEMENT_3D('',#6434,#6435,#6436);
#6434 = CARTESIAN_POINT('',(157.5,21.,83.));
#6435 = DIRECTION('',(0.,0.,1.));
#6436 = DIRECTION('',(1.,0.,-0.));
#6437 = ( GEOMETRIC_REPRESENTATION_CONTEXT(3) 
GLOBAL_UNCERTAINTY_ASSIGNED_CONTEXT((#6441)) 
GLOBAL_UNIT_ASSIGNED_CONTEXT((#6438,#6439,#6440)) REPRESENTATION_CONTEXT
('Context #1','3D Context with UNIT and UNCERTAINTY') );
#6438 = ( LENGTH_UNIT() NAMED_UNIT(*) SI_UNIT(.MILLI.,.METRE.) );
#6439 = ( NAMED_UNIT(*) PLANE_ANGLE_UNIT() SI_UNIT($,.RADIAN.) );
#6440 = ( NAMED_UNIT(*) SI_UNIT($,.STERADIAN.) SOLID_ANGLE_UNIT() );
#6441 = UNCERTAINTY_MEASURE_WITH_UNIT(LENGTH_MEASURE(1.E-07),#6438,
  'distance_accuracy_value','confusion accuracy');
#6442 = CONTEXT_DEPENDENT_SHAPE_REPRESENTATION(#6443,#6445);
#6443 = ( REPRESENTATION_RELATIONSHIP('','',#6286,#10) 
REPRESENTATION_RELATIONSHIP_WITH_TRANSFORMATION(#6444) 
SHAPE_REPRESENTATION_RELATIONSHIP() );
#6444 = ITEM_DEFINED_TRANSFORMATION('','',#11,#51);
#6445 = PRODUCT_DEFINITION_SHAPE('Placement','Placement of an item',
  #6446);
#6446 = NEXT_ASSEMBLY_USAGE_OCCURRENCE('65','RF PA board PA3 (35x60)',''
  ,#5,#6281,$);
#6447 = PRODUCT_RELATED_PRODUCT_CATEGORY('part',$,(#6283));
#6448 = SHAPE_DEFINITION_REPRESENTATION(#6449,#6455);
#6449 = PRODUCT_DEFINITION_SHAPE('','',#6450);
#6450 = PRODUCT_DEFINITION('design','',#6451,#6454);
#6451 = PRODUCT_DEFINITION_FORMATION('','',#6452);
#6452 = PRODUCT('PA3 component envelope','PA3 component envelope','',(
    #6453));
#6453 = PRODUCT_CONTEXT('',#2,'mechanical');
#6454 = PRODUCT_DEFINITION_CONTEXT('part definition',#2,'design');
#6455 = ADVANCED_BREP_SHAPE_REPRESENTATION('',(#11,#6456),#6606);
#6456 = MANIFOLD_SOLID_BREP('',#6457);
#6457 = CLOSED_SHELL('',(#6458,#6498,#6538,#6560,#6582,#6594));
#6458 = ADVANCED_FACE('',(#6459),#6493,.F.);
#6459 = FACE_BOUND('',#6460,.F.);
#6460 = EDGE_LOOP('',(#6461,#6471,#6479,#6487));
#6461 = ORIENTED_EDGE('',*,*,#6462,.F.);
#6462 = EDGE_CURVE('',#6463,#6465,#6467,.T.);
#6463 = VERTEX_POINT('',#6464);
#6464 = CARTESIAN_POINT('',(160.5,22.6,28.));
#6465 = VERTEX_POINT('',#6466);
#6466 = CARTESIAN_POINT('',(160.5,22.6,78.));
#6467 = LINE('',#6468,#6469);
#6468 = CARTESIAN_POINT('',(160.5,22.6,28.));
#6469 = VECTOR('',#6470,1.);
#6470 = DIRECTION('',(0.,0.,1.));
#6471 = ORIENTED_EDGE('',*,*,#6472,.T.);
#6472 = EDGE_CURVE('',#6463,#6473,#6475,.T.);
#6473 = VERTEX_POINT('',#6474);
#6474 = CARTESIAN_POINT('',(160.5,32.6,28.));
#6475 = LINE('',#6476,#6477);
#6476 = CARTESIAN_POINT('',(160.5,22.6,28.));
#6477 = VECTOR('',#6478,1.);
#6478 = DIRECTION('',(-0.,1.,0.));
#6479 = ORIENTED_EDGE('',*,*,#6480,.T.);
#6480 = EDGE_CURVE('',#6473,#6481,#6483,.T.);
#6481 = VERTEX_POINT('',#6482);
#6482 = CARTESIAN_POINT('',(160.5,32.6,78.));
#6483 = LINE('',#6484,#6485);
#6484 = CARTESIAN_POINT('',(160.5,32.6,28.));
#6485 = VECTOR('',#6486,1.);
#6486 = DIRECTION('',(0.,0.,1.));
#6487 = ORIENTED_EDGE('',*,*,#6488,.F.);
#6488 = EDGE_CURVE('',#6465,#6481,#6489,.T.);
#6489 = LINE('',#6490,#6491);
#6490 = CARTESIAN_POINT('',(160.5,22.6,78.));
#6491 = VECTOR('',#6492,1.);
#6492 = DIRECTION('',(-0.,1.,0.));
#6493 = PLANE('',#6494);
#6494 = AXIS2_PLACEMENT_3D('',#6495,#6496,#6497);
#6495 = CARTESIAN_POINT('',(160.5,22.6,28.));
#6496 = DIRECTION('',(1.,0.,-0.));
#6497 = DIRECTION('',(0.,0.,1.));
#6498 = ADVANCED_FACE('',(#6499),#6533,.T.);
#6499 = FACE_BOUND('',#6500,.T.);
#6500 = EDGE_LOOP('',(#6501,#6511,#6519,#6527));
#6501 = ORIENTED_EDGE('',*,*,#6502,.F.);
#6502 = EDGE_CURVE('',#6503,#6505,#6507,.T.);
#6503 = VERTEX_POINT('',#6504);
#6504 = CARTESIAN_POINT('',(189.5,22.6,28.));
#6505 = VERTEX_POINT('',#6506);
#6506 = CARTESIAN_POINT('',(189.5,22.6,78.));
#6507 = LINE('',#6508,#6509);
#6508 = CARTESIAN_POINT('',(189.5,22.6,28.));
#6509 = VECTOR('',#6510,1.);
#6510 = DIRECTION('',(0.,0.,1.));
#6511 = ORIENTED_EDGE('',*,*,#6512,.T.);
#6512 = EDGE_CURVE('',#6503,#6513,#6515,.T.);
#6513 = VERTEX_POINT('',#6514);
#6514 = CARTESIAN_POINT('',(189.5,32.6,28.));
#6515 = LINE('',#6516,#6517);
#6516 = CARTESIAN_POINT('',(189.5,22.6,28.));
#6517 = VECTOR('',#6518,1.);
#6518 = DIRECTION('',(-0.,1.,0.));
#6519 = ORIENTED_EDGE('',*,*,#6520,.T.);
#6520 = EDGE_CURVE('',#6513,#6521,#6523,.T.);
#6521 = VERTEX_POINT('',#6522);
#6522 = CARTESIAN_POINT('',(189.5,32.6,78.));
#6523 = LINE('',#6524,#6525);
#6524 = CARTESIAN_POINT('',(189.5,32.6,28.));
#6525 = VECTOR('',#6526,1.);
#6526 = DIRECTION('',(0.,0.,1.));
#6527 = ORIENTED_EDGE('',*,*,#6528,.F.);
#6528 = EDGE_CURVE('',#6505,#6521,#6529,.T.);
#6529 = LINE('',#6530,#6531);
#6530 = CARTESIAN_POINT('',(189.5,22.6,78.));
#6531 = VECTOR('',#6532,1.);
#6532 = DIRECTION('',(-0.,1.,0.));
#6533 = PLANE('',#6534);
#6534 = AXIS2_PLACEMENT_3D('',#6535,#6536,#6537);
#6535 = CARTESIAN_POINT('',(189.5,22.6,28.));
#6536 = DIRECTION('',(1.,0.,-0.));
#6537 = DIRECTION('',(0.,0.,1.));
#6538 = ADVANCED_FACE('',(#6539),#6555,.F.);
#6539 = FACE_BOUND('',#6540,.F.);
#6540 = EDGE_LOOP('',(#6541,#6547,#6548,#6554));
#6541 = ORIENTED_EDGE('',*,*,#6542,.F.);
#6542 = EDGE_CURVE('',#6463,#6503,#6543,.T.);
#6543 = LINE('',#6544,#6545);
#6544 = CARTESIAN_POINT('',(160.5,22.6,28.));
#6545 = VECTOR('',#6546,1.);
#6546 = DIRECTION('',(1.,0.,-0.));
#6547 = ORIENTED_EDGE('',*,*,#6462,.T.);
#6548 = ORIENTED_EDGE('',*,*,#6549,.T.);
#6549 = EDGE_CURVE('',#6465,#6505,#6550,.T.);
#6550 = LINE('',#6551,#6552);
#6551 = CARTESIAN_POINT('',(160.5,22.6,78.));
#6552 = VECTOR('',#6553,1.);
#6553 = DIRECTION('',(1.,0.,-0.));
#6554 = ORIENTED_EDGE('',*,*,#6502,.F.);
#6555 = PLANE('',#6556);
#6556 = AXIS2_PLACEMENT_3D('',#6557,#6558,#6559);
#6557 = CARTESIAN_POINT('',(160.5,22.6,28.));
#6558 = DIRECTION('',(-0.,1.,0.));
#6559 = DIRECTION('',(0.,0.,1.));
#6560 = ADVANCED_FACE('',(#6561),#6577,.T.);
#6561 = FACE_BOUND('',#6562,.T.);
#6562 = EDGE_LOOP('',(#6563,#6569,#6570,#6576));
#6563 = ORIENTED_EDGE('',*,*,#6564,.F.);
#6564 = EDGE_CURVE('',#6473,#6513,#6565,.T.);
#6565 = LINE('',#6566,#6567);
#6566 = CARTESIAN_POINT('',(160.5,32.6,28.));
#6567 = VECTOR('',#6568,1.);
#6568 = DIRECTION('',(1.,0.,-0.));
#6569 = ORIENTED_EDGE('',*,*,#6480,.T.);
#6570 = ORIENTED_EDGE('',*,*,#6571,.T.);
#6571 = EDGE_CURVE('',#6481,#6521,#6572,.T.);
#6572 = LINE('',#6573,#6574);
#6573 = CARTESIAN_POINT('',(160.5,32.6,78.));
#6574 = VECTOR('',#6575,1.);
#6575 = DIRECTION('',(1.,0.,-0.));
#6576 = ORIENTED_EDGE('',*,*,#6520,.F.);
#6577 = PLANE('',#6578);
#6578 = AXIS2_PLACEMENT_3D('',#6579,#6580,#6581);
#6579 = CARTESIAN_POINT('',(160.5,32.6,28.));
#6580 = DIRECTION('',(-0.,1.,0.));
#6581 = DIRECTION('',(0.,0.,1.));
#6582 = ADVANCED_FACE('',(#6583),#6589,.F.);
#6583 = FACE_BOUND('',#6584,.F.);
#6584 = EDGE_LOOP('',(#6585,#6586,#6587,#6588));
#6585 = ORIENTED_EDGE('',*,*,#6472,.F.);
#6586 = ORIENTED_EDGE('',*,*,#6542,.T.);
#6587 = ORIENTED_EDGE('',*,*,#6512,.T.);
#6588 = ORIENTED_EDGE('',*,*,#6564,.F.);
#6589 = PLANE('',#6590);
#6590 = AXIS2_PLACEMENT_3D('',#6591,#6592,#6593);
#6591 = CARTESIAN_POINT('',(160.5,22.6,28.));
#6592 = DIRECTION('',(0.,0.,1.));
#6593 = DIRECTION('',(1.,0.,-0.));
#6594 = ADVANCED_FACE('',(#6595),#6601,.T.);
#6595 = FACE_BOUND('',#6596,.T.);
#6596 = EDGE_LOOP('',(#6597,#6598,#6599,#6600));
#6597 = ORIENTED_EDGE('',*,*,#6488,.F.);
#6598 = ORIENTED_EDGE('',*,*,#6549,.T.);
#6599 = ORIENTED_EDGE('',*,*,#6528,.T.);
#6600 = ORIENTED_EDGE('',*,*,#6571,.F.);
#6601 = PLANE('',#6602);
#6602 = AXIS2_PLACEMENT_3D('',#6603,#6604,#6605);
#6603 = CARTESIAN_POINT('',(160.5,22.6,78.));
#6604 = DIRECTION('',(0.,0.,1.));
#6605 = DIRECTION('',(1.,0.,-0.));
#6606 = ( GEOMETRIC_REPRESENTATION_CONTEXT(3) 
GLOBAL_UNCERTAINTY_ASSIGNED_CONTEXT((#6610)) 
GLOBAL_UNIT_ASSIGNED_CONTEXT((#6607,#6608,#6609)) REPRESENTATION_CONTEXT
('Context #1','3D Context with UNIT and UNCERTAINTY') );
#6607 = ( LENGTH_UNIT() NAMED_UNIT(*) SI_UNIT(.MILLI.,.METRE.) );
#6608 = ( NAMED_UNIT(*) PLANE_ANGLE_UNIT() SI_UNIT($,.RADIAN.) );
#6609 = ( NAMED_UNIT(*) SI_UNIT($,.STERADIAN.) SOLID_ANGLE_UNIT() );
#6610 = UNCERTAINTY_MEASURE_WITH_UNIT(LENGTH_MEASURE(1.E-07),#6607,
  'distance_accuracy_value','confusion accuracy');
#6611 = CONTEXT_DEPENDENT_SHAPE_REPRESENTATION(#6612,#6614);
#6612 = ( REPRESENTATION_RELATIONSHIP('','',#6455,#10) 
REPRESENTATION_RELATIONSHIP_WITH_TRANSFORMATION(#6613) 
SHAPE_REPRESENTATION_RELATIONSHIP() );
#6613 = ITEM_DEFINED_TRANSFORMATION('','',#11,#55);
#6614 = PRODUCT_DEFINITION_SHAPE('Placement','Placement of an item',
  #6615);
#6615 = NEXT_ASSEMBLY_USAGE_OCCURRENCE('66','PA3 component envelope','',
  #5,#6450,$);
#6616 = PRODUCT_RELATED_PRODUCT_CATEGORY('part',$,(#6452));
#6617 = SHAPE_DEFINITION_REPRESENTATION(#6618,#6624);
#6618 = PRODUCT_DEFINITION_SHAPE('','',#6619);
#6619 = PRODUCT_DEFINITION('design','',#6620,#6623);
#6620 = PRODUCT_DEFINITION_FORMATION('','',#6621);
#6621 = PRODUCT('RF PA board PA4 (35x60)','RF PA board PA4 (35x60)','',(
    #6622));
#6622 = PRODUCT_CONTEXT('',#2,'mechanical');
#6623 = PRODUCT_DEFINITION_CONTEXT('part definition',#2,'design');
#6624 = ADVANCED_BREP_SHAPE_REPRESENTATION('',(#11,#6625),#6775);
#6625 = MANIFOLD_SOLID_BREP('',#6626);
#6626 = CLOSED_SHELL('',(#6627,#6667,#6707,#6729,#6751,#6763));
#6627 = ADVANCED_FACE('',(#6628),#6662,.F.);
#6628 = FACE_BOUND('',#6629,.F.);
#6629 = EDGE_LOOP('',(#6630,#6640,#6648,#6656));
#6630 = ORIENTED_EDGE('',*,*,#6631,.F.);
#6631 = EDGE_CURVE('',#6632,#6634,#6636,.T.);
#6632 = VERTEX_POINT('',#6633);
#6633 = CARTESIAN_POINT('',(197.5,21.,23.));
#6634 = VERTEX_POINT('',#6635);
#6635 = CARTESIAN_POINT('',(197.5,21.,83.));
#6636 = LINE('',#6637,#6638);
#6637 = CARTESIAN_POINT('',(197.5,21.,23.));
#6638 = VECTOR('',#6639,1.);
#6639 = DIRECTION('',(0.,0.,1.));
#6640 = ORIENTED_EDGE('',*,*,#6641,.T.);
#6641 = EDGE_CURVE('',#6632,#6642,#6644,.T.);
#6642 = VERTEX_POINT('',#6643);
#6643 = CARTESIAN_POINT('',(197.5,22.6,23.));
#6644 = LINE('',#6645,#6646);
#6645 = CARTESIAN_POINT('',(197.5,21.,23.));
#6646 = VECTOR('',#6647,1.);
#6647 = DIRECTION('',(-0.,1.,0.));
#6648 = ORIENTED_EDGE('',*,*,#6649,.T.);
#6649 = EDGE_CURVE('',#6642,#6650,#6652,.T.);
#6650 = VERTEX_POINT('',#6651);
#6651 = CARTESIAN_POINT('',(197.5,22.6,83.));
#6652 = LINE('',#6653,#6654);
#6653 = CARTESIAN_POINT('',(197.5,22.6,23.));
#6654 = VECTOR('',#6655,1.);
#6655 = DIRECTION('',(0.,0.,1.));
#6656 = ORIENTED_EDGE('',*,*,#6657,.F.);
#6657 = EDGE_CURVE('',#6634,#6650,#6658,.T.);
#6658 = LINE('',#6659,#6660);
#6659 = CARTESIAN_POINT('',(197.5,21.,83.));
#6660 = VECTOR('',#6661,1.);
#6661 = DIRECTION('',(-0.,1.,0.));
#6662 = PLANE('',#6663);
#6663 = AXIS2_PLACEMENT_3D('',#6664,#6665,#6666);
#6664 = CARTESIAN_POINT('',(197.5,21.,23.));
#6665 = DIRECTION('',(1.,0.,-0.));
#6666 = DIRECTION('',(0.,0.,1.));
#6667 = ADVANCED_FACE('',(#6668),#6702,.T.);
#6668 = FACE_BOUND('',#6669,.T.);
#6669 = EDGE_LOOP('',(#6670,#6680,#6688,#6696));
#6670 = ORIENTED_EDGE('',*,*,#6671,.F.);
#6671 = EDGE_CURVE('',#6672,#6674,#6676,.T.);
#6672 = VERTEX_POINT('',#6673);
#6673 = CARTESIAN_POINT('',(232.5,21.,23.));
#6674 = VERTEX_POINT('',#6675);
#6675 = CARTESIAN_POINT('',(232.5,21.,83.));
#6676 = LINE('',#6677,#6678);
#6677 = CARTESIAN_POINT('',(232.5,21.,23.));
#6678 = VECTOR('',#6679,1.);
#6679 = DIRECTION('',(0.,0.,1.));
#6680 = ORIENTED_EDGE('',*,*,#6681,.T.);
#6681 = EDGE_CURVE('',#6672,#6682,#6684,.T.);
#6682 = VERTEX_POINT('',#6683);
#6683 = CARTESIAN_POINT('',(232.5,22.6,23.));
#6684 = LINE('',#6685,#6686);
#6685 = CARTESIAN_POINT('',(232.5,21.,23.));
#6686 = VECTOR('',#6687,1.);
#6687 = DIRECTION('',(-0.,1.,0.));
#6688 = ORIENTED_EDGE('',*,*,#6689,.T.);
#6689 = EDGE_CURVE('',#6682,#6690,#6692,.T.);
#6690 = VERTEX_POINT('',#6691);
#6691 = CARTESIAN_POINT('',(232.5,22.6,83.));
#6692 = LINE('',#6693,#6694);
#6693 = CARTESIAN_POINT('',(232.5,22.6,23.));
#6694 = VECTOR('',#6695,1.);
#6695 = DIRECTION('',(0.,0.,1.));
#6696 = ORIENTED_EDGE('',*,*,#6697,.F.);
#6697 = EDGE_CURVE('',#6674,#6690,#6698,.T.);
#6698 = LINE('',#6699,#6700);
#6699 = CARTESIAN_POINT('',(232.5,21.,83.));
#6700 = VECTOR('',#6701,1.);
#6701 = DIRECTION('',(-0.,1.,0.));
#6702 = PLANE('',#6703);
#6703 = AXIS2_PLACEMENT_3D('',#6704,#6705,#6706);
#6704 = CARTESIAN_POINT('',(232.5,21.,23.));
#6705 = DIRECTION('',(1.,0.,-0.));
#6706 = DIRECTION('',(0.,0.,1.));
#6707 = ADVANCED_FACE('',(#6708),#6724,.F.);
#6708 = FACE_BOUND('',#6709,.F.);
#6709 = EDGE_LOOP('',(#6710,#6716,#6717,#6723));
#6710 = ORIENTED_EDGE('',*,*,#6711,.F.);
#6711 = EDGE_CURVE('',#6632,#6672,#6712,.T.);
#6712 = LINE('',#6713,#6714);
#6713 = CARTESIAN_POINT('',(197.5,21.,23.));
#6714 = VECTOR('',#6715,1.);
#6715 = DIRECTION('',(1.,0.,-0.));
#6716 = ORIENTED_EDGE('',*,*,#6631,.T.);
#6717 = ORIENTED_EDGE('',*,*,#6718,.T.);
#6718 = EDGE_CURVE('',#6634,#6674,#6719,.T.);
#6719 = LINE('',#6720,#6721);
#6720 = CARTESIAN_POINT('',(197.5,21.,83.));
#6721 = VECTOR('',#6722,1.);
#6722 = DIRECTION('',(1.,0.,-0.));
#6723 = ORIENTED_EDGE('',*,*,#6671,.F.);
#6724 = PLANE('',#6725);
#6725 = AXIS2_PLACEMENT_3D('',#6726,#6727,#6728);
#6726 = CARTESIAN_POINT('',(197.5,21.,23.));
#6727 = DIRECTION('',(-0.,1.,0.));
#6728 = DIRECTION('',(0.,0.,1.));
#6729 = ADVANCED_FACE('',(#6730),#6746,.T.);
#6730 = FACE_BOUND('',#6731,.T.);
#6731 = EDGE_LOOP('',(#6732,#6738,#6739,#6745));
#6732 = ORIENTED_EDGE('',*,*,#6733,.F.);
#6733 = EDGE_CURVE('',#6642,#6682,#6734,.T.);
#6734 = LINE('',#6735,#6736);
#6735 = CARTESIAN_POINT('',(197.5,22.6,23.));
#6736 = VECTOR('',#6737,1.);
#6737 = DIRECTION('',(1.,0.,-0.));
#6738 = ORIENTED_EDGE('',*,*,#6649,.T.);
#6739 = ORIENTED_EDGE('',*,*,#6740,.T.);
#6740 = EDGE_CURVE('',#6650,#6690,#6741,.T.);
#6741 = LINE('',#6742,#6743);
#6742 = CARTESIAN_POINT('',(197.5,22.6,83.));
#6743 = VECTOR('',#6744,1.);
#6744 = DIRECTION('',(1.,0.,-0.));
#6745 = ORIENTED_EDGE('',*,*,#6689,.F.);
#6746 = PLANE('',#6747);
#6747 = AXIS2_PLACEMENT_3D('',#6748,#6749,#6750);
#6748 = CARTESIAN_POINT('',(197.5,22.6,23.));
#6749 = DIRECTION('',(-0.,1.,0.));
#6750 = DIRECTION('',(0.,0.,1.));
#6751 = ADVANCED_FACE('',(#6752),#6758,.F.);
#6752 = FACE_BOUND('',#6753,.F.);
#6753 = EDGE_LOOP('',(#6754,#6755,#6756,#6757));
#6754 = ORIENTED_EDGE('',*,*,#6641,.F.);
#6755 = ORIENTED_EDGE('',*,*,#6711,.T.);
#6756 = ORIENTED_EDGE('',*,*,#6681,.T.);
#6757 = ORIENTED_EDGE('',*,*,#6733,.F.);
#6758 = PLANE('',#6759);
#6759 = AXIS2_PLACEMENT_3D('',#6760,#6761,#6762);
#6760 = CARTESIAN_POINT('',(197.5,21.,23.));
#6761 = DIRECTION('',(0.,0.,1.));
#6762 = DIRECTION('',(1.,0.,-0.));
#6763 = ADVANCED_FACE('',(#6764),#6770,.T.);
#6764 = FACE_BOUND('',#6765,.T.);
#6765 = EDGE_LOOP('',(#6766,#6767,#6768,#6769));
#6766 = ORIENTED_EDGE('',*,*,#6657,.F.);
#6767 = ORIENTED_EDGE('',*,*,#6718,.T.);
#6768 = ORIENTED_EDGE('',*,*,#6697,.T.);
#6769 = ORIENTED_EDGE('',*,*,#6740,.F.);
#6770 = PLANE('',#6771);
#6771 = AXIS2_PLACEMENT_3D('',#6772,#6773,#6774);
#6772 = CARTESIAN_POINT('',(197.5,21.,83.));
#6773 = DIRECTION('',(0.,0.,1.));
#6774 = DIRECTION('',(1.,0.,-0.));
#6775 = ( GEOMETRIC_REPRESENTATION_CONTEXT(3) 
GLOBAL_UNCERTAINTY_ASSIGNED_CONTEXT((#6779)) 
GLOBAL_UNIT_ASSIGNED_CONTEXT((#6776,#6777,#6778)) REPRESENTATION_CONTEXT
('Context #1','3D Context with UNIT and UNCERTAINTY') );
#6776 = ( LENGTH_UNIT() NAMED_UNIT(*) SI_UNIT(.MILLI.,.METRE.) );
#6777 = ( NAMED_UNIT(*) PLANE_ANGLE_UNIT() SI_UNIT($,.RADIAN.) );
#6778 = ( NAMED_UNIT(*) SI_UNIT($,.STERADIAN.) SOLID_ANGLE_UNIT() );
#6779 = UNCERTAINTY_MEASURE_WITH_UNIT(LENGTH_MEASURE(1.E-07),#6776,
  'distance_accuracy_value','confusion accuracy');
#6780 = CONTEXT_DEPENDENT_SHAPE_REPRESENTATION(#6781,#6783);
#6781 = ( REPRESENTATION_RELATIONSHIP('','',#6624,#10) 
REPRESENTATION_RELATIONSHIP_WITH_TRANSFORMATION(#6782) 
SHAPE_REPRESENTATION_RELATIONSHIP() );
#6782 = ITEM_DEFINED_TRANSFORMATION('','',#11,#59);
#6783 = PRODUCT_DEFINITION_SHAPE('Placement','Placement of an item',
  #6784);
#6784 = NEXT_ASSEMBLY_USAGE_OCCURRENCE('67','RF PA board PA4 (35x60)',''
  ,#5,#6619,$);
#6785 = PRODUCT_RELATED_PRODUCT_CATEGORY('part',$,(#6621));
#6786 = SHAPE_DEFINITION_REPRESENTATION(#6787,#6793);
#6787 = PRODUCT_DEFINITION_SHAPE('','',#6788);
#6788 = PRODUCT_DEFINITION('design','',#6789,#6792);
#6789 = PRODUCT_DEFINITION_FORMATION('','',#6790);
#6790 = PRODUCT('PA4 component envelope','PA4 component envelope','',(
    #6791));
#6791 = PRODUCT_CONTEXT('',#2,'mechanical');
#6792 = PRODUCT_DEFINITION_CONTEXT('part definition',#2,'design');
#6793 = ADVANCED_BREP_SHAPE_REPRESENTATION('',(#11,#6794),#6944);
#6794 = MANIFOLD_SOLID_BREP('',#6795);
#6795 = CLOSED_SHELL('',(#6796,#6836,#6876,#6898,#6920,#6932));
#6796 = ADVANCED_FACE('',(#6797),#6831,.F.);
#6797 = FACE_BOUND('',#6798,.F.);
#6798 = EDGE_LOOP('',(#6799,#6809,#6817,#6825));
#6799 = ORIENTED_EDGE('',*,*,#6800,.F.);
#6800 = EDGE_CURVE('',#6801,#6803,#6805,.T.);
#6801 = VERTEX_POINT('',#6802);
#6802 = CARTESIAN_POINT('',(200.5,22.6,28.));
#6803 = VERTEX_POINT('',#6804);
#6804 = CARTESIAN_POINT('',(200.5,22.6,78.));
#6805 = LINE('',#6806,#6807);
#6806 = CARTESIAN_POINT('',(200.5,22.6,28.));
#6807 = VECTOR('',#6808,1.);
#6808 = DIRECTION('',(0.,0.,1.));
#6809 = ORIENTED_EDGE('',*,*,#6810,.T.);
#6810 = EDGE_CURVE('',#6801,#6811,#6813,.T.);
#6811 = VERTEX_POINT('',#6812);
#6812 = CARTESIAN_POINT('',(200.5,32.6,28.));
#6813 = LINE('',#6814,#6815);
#6814 = CARTESIAN_POINT('',(200.5,22.6,28.));
#6815 = VECTOR('',#6816,1.);
#6816 = DIRECTION('',(-0.,1.,0.));
#6817 = ORIENTED_EDGE('',*,*,#6818,.T.);
#6818 = EDGE_CURVE('',#6811,#6819,#6821,.T.);
#6819 = VERTEX_POINT('',#6820);
#6820 = CARTESIAN_POINT('',(200.5,32.6,78.));
#6821 = LINE('',#6822,#6823);
#6822 = CARTESIAN_POINT('',(200.5,32.6,28.));
#6823 = VECTOR('',#6824,1.);
#6824 = DIRECTION('',(0.,0.,1.));
#6825 = ORIENTED_EDGE('',*,*,#6826,.F.);
#6826 = EDGE_CURVE('',#6803,#6819,#6827,.T.);
#6827 = LINE('',#6828,#6829);
#6828 = CARTESIAN_POINT('',(200.5,22.6,78.));
#6829 = VECTOR('',#6830,1.);
#6830 = DIRECTION('',(-0.,1.,0.));
#6831 = PLANE('',#6832);
#6832 = AXIS2_PLACEMENT_3D('',#6833,#6834,#6835);
#6833 = CARTESIAN_POINT('',(200.5,22.6,28.));
#6834 = DIRECTION('',(1.,0.,-0.));
#6835 = DIRECTION('',(0.,0.,1.));
#6836 = ADVANCED_FACE('',(#6837),#6871,.T.);
#6837 = FACE_BOUND('',#6838,.T.);
#6838 = EDGE_LOOP('',(#6839,#6849,#6857,#6865));
#6839 = ORIENTED_EDGE('',*,*,#6840,.F.);
#6840 = EDGE_CURVE('',#6841,#6843,#6845,.T.);
#6841 = VERTEX_POINT('',#6842);
#6842 = CARTESIAN_POINT('',(229.5,22.6,28.));
#6843 = VERTEX_POINT('',#6844);
#6844 = CARTESIAN_POINT('',(229.5,22.6,78.));
#6845 = LINE('',#6846,#6847);
#6846 = CARTESIAN_POINT('',(229.5,22.6,28.));
#6847 = VECTOR('',#6848,1.);
#6848 = DIRECTION('',(0.,0.,1.));
#6849 = ORIENTED_EDGE('',*,*,#6850,.T.);
#6850 = EDGE_CURVE('',#6841,#6851,#6853,.T.);
#6851 = VERTEX_POINT('',#6852);
#6852 = CARTESIAN_POINT('',(229.5,32.6,28.));
#6853 = LINE('',#6854,#6855);
#6854 = CARTESIAN_POINT('',(229.5,22.6,28.));
#6855 = VECTOR('',#6856,1.);
#6856 = DIRECTION('',(-0.,1.,0.));
#6857 = ORIENTED_EDGE('',*,*,#6858,.T.);
#6858 = EDGE_CURVE('',#6851,#6859,#6861,.T.);
#6859 = VERTEX_POINT('',#6860);
#6860 = CARTESIAN_POINT('',(229.5,32.6,78.));
#6861 = LINE('',#6862,#6863);
#6862 = CARTESIAN_POINT('',(229.5,32.6,28.));
#6863 = VECTOR('',#6864,1.);
#6864 = DIRECTION('',(0.,0.,1.));
#6865 = ORIENTED_EDGE('',*,*,#6866,.F.);
#6866 = EDGE_CURVE('',#6843,#6859,#6867,.T.);
#6867 = LINE('',#6868,#6869);
#6868 = CARTESIAN_POINT('',(229.5,22.6,78.));
#6869 = VECTOR('',#6870,1.);
#6870 = DIRECTION('',(-0.,1.,0.));
#6871 = PLANE('',#6872);
#6872 = AXIS2_PLACEMENT_3D('',#6873,#6874,#6875);
#6873 = CARTESIAN_POINT('',(229.5,22.6,28.));
#6874 = DIRECTION('',(1.,0.,-0.));
#6875 = DIRECTION('',(0.,0.,1.));
#6876 = ADVANCED_FACE('',(#6877),#6893,.F.);
#6877 = FACE_BOUND('',#6878,.F.);
#6878 = EDGE_LOOP('',(#6879,#6885,#6886,#6892));
#6879 = ORIENTED_EDGE('',*,*,#6880,.F.);
#6880 = EDGE_CURVE('',#6801,#6841,#6881,.T.);
#6881 = LINE('',#6882,#6883);
#6882 = CARTESIAN_POINT('',(200.5,22.6,28.));
#6883 = VECTOR('',#6884,1.);
#6884 = DIRECTION('',(1.,0.,-0.));
#6885 = ORIENTED_EDGE('',*,*,#6800,.T.);
#6886 = ORIENTED_EDGE('',*,*,#6887,.T.);
#6887 = EDGE_CURVE('',#6803,#6843,#6888,.T.);
#6888 = LINE('',#6889,#6890);
#6889 = CARTESIAN_POINT('',(200.5,22.6,78.));
#6890 = VECTOR('',#6891,1.);
#6891 = DIRECTION('',(1.,0.,-0.));
#6892 = ORIENTED_EDGE('',*,*,#6840,.F.);
#6893 = PLANE('',#6894);
#6894 = AXIS2_PLACEMENT_3D('',#6895,#6896,#6897);
#6895 = CARTESIAN_POINT('',(200.5,22.6,28.));
#6896 = DIRECTION('',(-0.,1.,0.));
#6897 = DIRECTION('',(0.,0.,1.));
#6898 = ADVANCED_FACE('',(#6899),#6915,.T.);
#6899 = FACE_BOUND('',#6900,.T.);
#6900 = EDGE_LOOP('',(#6901,#6907,#6908,#6914));
#6901 = ORIENTED_EDGE('',*,*,#6902,.F.);
#6902 = EDGE_CURVE('',#6811,#6851,#6903,.T.);
#6903 = LINE('',#6904,#6905);
#6904 = CARTESIAN_POINT('',(200.5,32.6,28.));
#6905 = VECTOR('',#6906,1.);
#6906 = DIRECTION('',(1.,0.,-0.));
#6907 = ORIENTED_EDGE('',*,*,#6818,.T.);
#6908 = ORIENTED_EDGE('',*,*,#6909,.T.);
#6909 = EDGE_CURVE('',#6819,#6859,#6910,.T.);
#6910 = LINE('',#6911,#6912);
#6911 = CARTESIAN_POINT('',(200.5,32.6,78.));
#6912 = VECTOR('',#6913,1.);
#6913 = DIRECTION('',(1.,0.,-0.));
#6914 = ORIENTED_EDGE('',*,*,#6858,.F.);
#6915 = PLANE('',#6916);
#6916 = AXIS2_PLACEMENT_3D('',#6917,#6918,#6919);
#6917 = CARTESIAN_POINT('',(200.5,32.6,28.));
#6918 = DIRECTION('',(-0.,1.,0.));
#6919 = DIRECTION('',(0.,0.,1.));
#6920 = ADVANCED_FACE('',(#6921),#6927,.F.);
#6921 = FACE_BOUND('',#6922,.F.);
#6922 = EDGE_LOOP('',(#6923,#6924,#6925,#6926));
#6923 = ORIENTED_EDGE('',*,*,#6810,.F.);
#6924 = ORIENTED_EDGE('',*,*,#6880,.T.);
#6925 = ORIENTED_EDGE('',*,*,#6850,.T.);
#6926 = ORIENTED_EDGE('',*,*,#6902,.F.);
#6927 = PLANE('',#6928);
#6928 = AXIS2_PLACEMENT_3D('',#6929,#6930,#6931);
#6929 = CARTESIAN_POINT('',(200.5,22.6,28.));
#6930 = DIRECTION('',(0.,0.,1.));
#6931 = DIRECTION('',(1.,0.,-0.));
#6932 = ADVANCED_FACE('',(#6933),#6939,.T.);
#6933 = FACE_BOUND('',#6934,.T.);
#6934 = EDGE_LOOP('',(#6935,#6936,#6937,#6938));
#6935 = ORIENTED_EDGE('',*,*,#6826,.F.);
#6936 = ORIENTED_EDGE('',*,*,#6887,.T.);
#6937 = ORIENTED_EDGE('',*,*,#6866,.T.);
#6938 = ORIENTED_EDGE('',*,*,#6909,.F.);
#6939 = PLANE('',#6940);
#6940 = AXIS2_PLACEMENT_3D('',#6941,#6942,#6943);
#6941 = CARTESIAN_POINT('',(200.5,22.6,78.));
#6942 = DIRECTION('',(0.,0.,1.));
#6943 = DIRECTION('',(1.,0.,-0.));
#6944 = ( GEOMETRIC_REPRESENTATION_CONTEXT(3) 
GLOBAL_UNCERTAINTY_ASSIGNED_CONTEXT((#6948)) 
GLOBAL_UNIT_ASSIGNED_CONTEXT((#6945,#6946,#6947)) REPRESENTATION_CONTEXT
('Context #1','3D Context with UNIT and UNCERTAINTY') );
#6945 = ( LENGTH_UNIT() NAMED_UNIT(*) SI_UNIT(.MILLI.,.METRE.) );
#6946 = ( NAMED_UNIT(*) PLANE_ANGLE_UNIT() SI_UNIT($,.RADIAN.) );
#6947 = ( NAMED_UNIT(*) SI_UNIT($,.STERADIAN.) SOLID_ANGLE_UNIT() );
#6948 = UNCERTAINTY_MEASURE_WITH_UNIT(LENGTH_MEASURE(1.E-07),#6945,
  'distance_accuracy_value','confusion accuracy');
#6949 = CONTEXT_DEPENDENT_SHAPE_REPRESENTATION(#6950,#6952);
#6950 = ( REPRESENTATION_RELATIONSHIP('','',#6793,#10) 
REPRESENTATION_RELATIONSHIP_WITH_TRANSFORMATION(#6951) 
SHAPE_REPRESENTATION_RELATIONSHIP() );
#6951 = ITEM_DEFINED_TRANSFORMATION('','',#11,#63);
#6952 = PRODUCT_DEFINITION_SHAPE('Placement','Placement of an item',
  #6953);
#6953 = NEXT_ASSEMBLY_USAGE_OCCURRENCE('68','PA4 component envelope','',
  #5,#6788,$);
#6954 = PRODUCT_RELATED_PRODUCT_CATEGORY('part',$,(#6790));
#6955 = SHAPE_DEFINITION_REPRESENTATION(#6956,#6962);
#6956 = PRODUCT_DEFINITION_SHAPE('','',#6957);
#6957 = PRODUCT_DEFINITION('design','',#6958,#6961);
#6958 = PRODUCT_DEFINITION_FORMATION('','',#6959);
#6959 = PRODUCT('RF PA board PA5 (35x60)','RF PA board PA5 (35x60)','',(
    #6960));
#6960 = PRODUCT_CONTEXT('',#2,'mechanical');
#6961 = PRODUCT_DEFINITION_CONTEXT('part definition',#2,'design');
#6962 = ADVANCED_BREP_SHAPE_REPRESENTATION('',(#11,#6963),#7113);
#6963 = MANIFOLD_SOLID_BREP('',#6964);
#6964 = CLOSED_SHELL('',(#6965,#7005,#7045,#7067,#7089,#7101));
#6965 = ADVANCED_FACE('',(#6966),#7000,.F.);
#6966 = FACE_BOUND('',#6967,.F.);
#6967 = EDGE_LOOP('',(#6968,#6978,#6986,#6994));
#6968 = ORIENTED_EDGE('',*,*,#6969,.F.);
#6969 = EDGE_CURVE('',#6970,#6972,#6974,.T.);
#6970 = VERTEX_POINT('',#6971);
#6971 = CARTESIAN_POINT('',(77.5,21.,91.));
#6972 = VERTEX_POINT('',#6973);
#6973 = CARTESIAN_POINT('',(77.5,21.,151.));
#6974 = LINE('',#6975,#6976);
#6975 = CARTESIAN_POINT('',(77.5,21.,91.));
#6976 = VECTOR('',#6977,1.);
#6977 = DIRECTION('',(0.,0.,1.));
#6978 = ORIENTED_EDGE('',*,*,#6979,.T.);
#6979 = EDGE_CURVE('',#6970,#6980,#6982,.T.);
#6980 = VERTEX_POINT('',#6981);
#6981 = CARTESIAN_POINT('',(77.5,22.6,91.));
#6982 = LINE('',#6983,#6984);
#6983 = CARTESIAN_POINT('',(77.5,21.,91.));
#6984 = VECTOR('',#6985,1.);
#6985 = DIRECTION('',(-0.,1.,0.));
#6986 = ORIENTED_EDGE('',*,*,#6987,.T.);
#6987 = EDGE_CURVE('',#6980,#6988,#6990,.T.);
#6988 = VERTEX_POINT('',#6989);
#6989 = CARTESIAN_POINT('',(77.5,22.6,151.));
#6990 = LINE('',#6991,#6992);
#6991 = CARTESIAN_POINT('',(77.5,22.6,91.));
#6992 = VECTOR('',#6993,1.);
#6993 = DIRECTION('',(0.,0.,1.));
#6994 = ORIENTED_EDGE('',*,*,#6995,.F.);
#6995 = EDGE_CURVE('',#6972,#6988,#6996,.T.);
#6996 = LINE('',#6997,#6998);
#6997 = CARTESIAN_POINT('',(77.5,21.,151.));
#6998 = VECTOR('',#6999,1.);
#6999 = DIRECTION('',(-0.,1.,0.));
#7000 = PLANE('',#7001);
#7001 = AXIS2_PLACEMENT_3D('',#7002,#7003,#7004);
#7002 = CARTESIAN_POINT('',(77.5,21.,91.));
#7003 = DIRECTION('',(1.,0.,-0.));
#7004 = DIRECTION('',(0.,0.,1.));
#7005 = ADVANCED_FACE('',(#7006),#7040,.T.);
#7006 = FACE_BOUND('',#7007,.T.);
#7007 = EDGE_LOOP('',(#7008,#7018,#7026,#7034));
#7008 = ORIENTED_EDGE('',*,*,#7009,.F.);
#7009 = EDGE_CURVE('',#7010,#7012,#7014,.T.);
#7010 = VERTEX_POINT('',#7011);
#7011 = CARTESIAN_POINT('',(112.5,21.,91.));
#7012 = VERTEX_POINT('',#7013);
#7013 = CARTESIAN_POINT('',(112.5,21.,151.));
#7014 = LINE('',#7015,#7016);
#7015 = CARTESIAN_POINT('',(112.5,21.,91.));
#7016 = VECTOR('',#7017,1.);
#7017 = DIRECTION('',(0.,0.,1.));
#7018 = ORIENTED_EDGE('',*,*,#7019,.T.);
#7019 = EDGE_CURVE('',#7010,#7020,#7022,.T.);
#7020 = VERTEX_POINT('',#7021);
#7021 = CARTESIAN_POINT('',(112.5,22.6,91.));
#7022 = LINE('',#7023,#7024);
#7023 = CARTESIAN_POINT('',(112.5,21.,91.));
#7024 = VECTOR('',#7025,1.);
#7025 = DIRECTION('',(-0.,1.,0.));
#7026 = ORIENTED_EDGE('',*,*,#7027,.T.);
#7027 = EDGE_CURVE('',#7020,#7028,#7030,.T.);
#7028 = VERTEX_POINT('',#7029);
#7029 = CARTESIAN_POINT('',(112.5,22.6,151.));
#7030 = LINE('',#7031,#7032);
#7031 = CARTESIAN_POINT('',(112.5,22.6,91.));
#7032 = VECTOR('',#7033,1.);
#7033 = DIRECTION('',(0.,0.,1.));
#7034 = ORIENTED_EDGE('',*,*,#7035,.F.);
#7035 = EDGE_CURVE('',#7012,#7028,#7036,.T.);
#7036 = LINE('',#7037,#7038);
#7037 = CARTESIAN_POINT('',(112.5,21.,151.));
#7038 = VECTOR('',#7039,1.);
#7039 = DIRECTION('',(-0.,1.,0.));
#7040 = PLANE('',#7041);
#7041 = AXIS2_PLACEMENT_3D('',#7042,#7043,#7044);
#7042 = CARTESIAN_POINT('',(112.5,21.,91.));
#7043 = DIRECTION('',(1.,0.,-0.));
#7044 = DIRECTION('',(0.,0.,1.));
#7045 = ADVANCED_FACE('',(#7046),#7062,.F.);
#7046 = FACE_BOUND('',#7047,.F.);
#7047 = EDGE_LOOP('',(#7048,#7054,#7055,#7061));
#7048 = ORIENTED_EDGE('',*,*,#7049,.F.);
#7049 = EDGE_CURVE('',#6970,#7010,#7050,.T.);
#7050 = LINE('',#7051,#7052);
#7051 = CARTESIAN_POINT('',(77.5,21.,91.));
#7052 = VECTOR('',#7053,1.);
#7053 = DIRECTION('',(1.,0.,-0.));
#7054 = ORIENTED_EDGE('',*,*,#6969,.T.);
#7055 = ORIENTED_EDGE('',*,*,#7056,.T.);
#7056 = EDGE_CURVE('',#6972,#7012,#7057,.T.);
#7057 = LINE('',#7058,#7059);
#7058 = CARTESIAN_POINT('',(77.5,21.,151.));
#7059 = VECTOR('',#7060,1.);
#7060 = DIRECTION('',(1.,0.,-0.));
#7061 = ORIENTED_EDGE('',*,*,#7009,.F.);
#7062 = PLANE('',#7063);
#7063 = AXIS2_PLACEMENT_3D('',#7064,#7065,#7066);
#7064 = CARTESIAN_POINT('',(77.5,21.,91.));
#7065 = DIRECTION('',(-0.,1.,0.));
#7066 = DIRECTION('',(0.,0.,1.));
#7067 = ADVANCED_FACE('',(#7068),#7084,.T.);
#7068 = FACE_BOUND('',#7069,.T.);
#7069 = EDGE_LOOP('',(#7070,#7076,#7077,#7083));
#7070 = ORIENTED_EDGE('',*,*,#7071,.F.);
#7071 = EDGE_CURVE('',#6980,#7020,#7072,.T.);
#7072 = LINE('',#7073,#7074);
#7073 = CARTESIAN_POINT('',(77.5,22.6,91.));
#7074 = VECTOR('',#7075,1.);
#7075 = DIRECTION('',(1.,0.,-0.));
#7076 = ORIENTED_EDGE('',*,*,#6987,.T.);
#7077 = ORIENTED_EDGE('',*,*,#7078,.T.);
#7078 = EDGE_CURVE('',#6988,#7028,#7079,.T.);
#7079 = LINE('',#7080,#7081);
#7080 = CARTESIAN_POINT('',(77.5,22.6,151.));
#7081 = VECTOR('',#7082,1.);
#7082 = DIRECTION('',(1.,0.,-0.));
#7083 = ORIENTED_EDGE('',*,*,#7027,.F.);
#7084 = PLANE('',#7085);
#7085 = AXIS2_PLACEMENT_3D('',#7086,#7087,#7088);
#7086 = CARTESIAN_POINT('',(77.5,22.6,91.));
#7087 = DIRECTION('',(-0.,1.,0.));
#7088 = DIRECTION('',(0.,0.,1.));
#7089 = ADVANCED_FACE('',(#7090),#7096,.F.);
#7090 = FACE_BOUND('',#7091,.F.);
#7091 = EDGE_LOOP('',(#7092,#7093,#7094,#7095));
#7092 = ORIENTED_EDGE('',*,*,#6979,.F.);
#7093 = ORIENTED_EDGE('',*,*,#7049,.T.);
#7094 = ORIENTED_EDGE('',*,*,#7019,.T.);
#7095 = ORIENTED_EDGE('',*,*,#7071,.F.);
#7096 = PLANE('',#7097);
#7097 = AXIS2_PLACEMENT_3D('',#7098,#7099,#7100);
#7098 = CARTESIAN_POINT('',(77.5,21.,91.));
#7099 = DIRECTION('',(0.,0.,1.));
#7100 = DIRECTION('',(1.,0.,-0.));
#7101 = ADVANCED_FACE('',(#7102),#7108,.T.);
#7102 = FACE_BOUND('',#7103,.T.);
#7103 = EDGE_LOOP('',(#7104,#7105,#7106,#7107));
#7104 = ORIENTED_EDGE('',*,*,#6995,.F.);
#7105 = ORIENTED_EDGE('',*,*,#7056,.T.);
#7106 = ORIENTED_EDGE('',*,*,#7035,.T.);
#7107 = ORIENTED_EDGE('',*,*,#7078,.F.);
#7108 = PLANE('',#7109);
#7109 = AXIS2_PLACEMENT_3D('',#7110,#7111,#7112);
#7110 = CARTESIAN_POINT('',(77.5,21.,151.));
#7111 = DIRECTION('',(0.,0.,1.));
#7112 = DIRECTION('',(1.,0.,-0.));
#7113 = ( GEOMETRIC_REPRESENTATION_CONTEXT(3) 
GLOBAL_UNCERTAINTY_ASSIGNED_CONTEXT((#7117)) 
GLOBAL_UNIT_ASSIGNED_CONTEXT((#7114,#7115,#7116)) REPRESENTATION_CONTEXT
('Context #1','3D Context with UNIT and UNCERTAINTY') );
#7114 = ( LENGTH_UNIT() NAMED_UNIT(*) SI_UNIT(.MILLI.,.METRE.) );
#7115 = ( NAMED_UNIT(*) PLANE_ANGLE_UNIT() SI_UNIT($,.RADIAN.) );
#7116 = ( NAMED_UNIT(*) SI_UNIT($,.STERADIAN.) SOLID_ANGLE_UNIT() );
#7117 = UNCERTAINTY_MEASURE_WITH_UNIT(LENGTH_MEASURE(1.E-07),#7114,
  'distance_accuracy_value','confusion accuracy');
#7118 = CONTEXT_DEPENDENT_SHAPE_REPRESENTATION(#7119,#7121);
#7119 = ( REPRESENTATION_RELATIONSHIP('','',#6962,#10) 
REPRESENTATION_RELATIONSHIP_WITH_TRANSFORMATION(#7120) 
SHAPE_REPRESENTATION_RELATIONSHIP() );
#7120 = ITEM_DEFINED_TRANSFORMATION('','',#11,#67);
#7121 = PRODUCT_DEFINITION_SHAPE('Placement','Placement of an item',
  #7122);
#7122 = NEXT_ASSEMBLY_USAGE_OCCURRENCE('69','RF PA board PA5 (35x60)',''
  ,#5,#6957,$);
#7123 = PRODUCT_RELATED_PRODUCT_CATEGORY('part',$,(#6959));
#7124 = SHAPE_DEFINITION_REPRESENTATION(#7125,#7131);
#7125 = PRODUCT_DEFINITION_SHAPE('','',#7126);
#7126 = PRODUCT_DEFINITION('design','',#7127,#7130);
#7127 = PRODUCT_DEFINITION_FORMATION('','',#7128);
#7128 = PRODUCT('PA5 component envelope','PA5 component envelope','',(
    #7129));
#7129 = PRODUCT_CONTEXT('',#2,'mechanical');
#7130 = PRODUCT_DEFINITION_CONTEXT('part definition',#2,'design');
#7131 = ADVANCED_BREP_SHAPE_REPRESENTATION('',(#11,#7132),#7282);
#7132 = MANIFOLD_SOLID_BREP('',#7133);
#7133 = CLOSED_SHELL('',(#7134,#7174,#7214,#7236,#7258,#7270));
#7134 = ADVANCED_FACE('',(#7135),#7169,.F.);
#7135 = FACE_BOUND('',#7136,.F.);
#7136 = EDGE_LOOP('',(#7137,#7147,#7155,#7163));
#7137 = ORIENTED_EDGE('',*,*,#7138,.F.);
#7138 = EDGE_CURVE('',#7139,#7141,#7143,.T.);
#7139 = VERTEX_POINT('',#7140);
#7140 = CARTESIAN_POINT('',(80.5,22.6,96.));
#7141 = VERTEX_POINT('',#7142);
#7142 = CARTESIAN_POINT('',(80.5,22.6,146.));
#7143 = LINE('',#7144,#7145);
#7144 = CARTESIAN_POINT('',(80.5,22.6,96.));
#7145 = VECTOR('',#7146,1.);
#7146 = DIRECTION('',(0.,0.,1.));
#7147 = ORIENTED_EDGE('',*,*,#7148,.T.);
#7148 = EDGE_CURVE('',#7139,#7149,#7151,.T.);
#7149 = VERTEX_POINT('',#7150);
#7150 = CARTESIAN_POINT('',(80.5,32.6,96.));
#7151 = LINE('',#7152,#7153);
#7152 = CARTESIAN_POINT('',(80.5,22.6,96.));
#7153 = VECTOR('',#7154,1.);
#7154 = DIRECTION('',(-0.,1.,0.));
#7155 = ORIENTED_EDGE('',*,*,#7156,.T.);
#7156 = EDGE_CURVE('',#7149,#7157,#7159,.T.);
#7157 = VERTEX_POINT('',#7158);
#7158 = CARTESIAN_POINT('',(80.5,32.6,146.));
#7159 = LINE('',#7160,#7161);
#7160 = CARTESIAN_POINT('',(80.5,32.6,96.));
#7161 = VECTOR('',#7162,1.);
#7162 = DIRECTION('',(0.,0.,1.));
#7163 = ORIENTED_EDGE('',*,*,#7164,.F.);
#7164 = EDGE_CURVE('',#7141,#7157,#7165,.T.);
#7165 = LINE('',#7166,#7167);
#7166 = CARTESIAN_POINT('',(80.5,22.6,146.));
#7167 = VECTOR('',#7168,1.);
#7168 = DIRECTION('',(-0.,1.,0.));
#7169 = PLANE('',#7170);
#7170 = AXIS2_PLACEMENT_3D('',#7171,#7172,#7173);
#7171 = CARTESIAN_POINT('',(80.5,22.6,96.));
#7172 = DIRECTION('',(1.,0.,-0.));
#7173 = DIRECTION('',(0.,0.,1.));
#7174 = ADVANCED_FACE('',(#7175),#7209,.T.);
#7175 = FACE_BOUND('',#7176,.T.);
#7176 = EDGE_LOOP('',(#7177,#7187,#7195,#7203));
#7177 = ORIENTED_EDGE('',*,*,#7178,.F.);
#7178 = EDGE_CURVE('',#7179,#7181,#7183,.T.);
#7179 = VERTEX_POINT('',#7180);
#7180 = CARTESIAN_POINT('',(109.5,22.6,96.));
#7181 = VERTEX_POINT('',#7182);
#7182 = CARTESIAN_POINT('',(109.5,22.6,146.));
#7183 = LINE('',#7184,#7185);
#7184 = CARTESIAN_POINT('',(109.5,22.6,96.));
#7185 = VECTOR('',#7186,1.);
#7186 = DIRECTION('',(0.,0.,1.));
#7187 = ORIENTED_EDGE('',*,*,#7188,.T.);
#7188 = EDGE_CURVE('',#7179,#7189,#7191,.T.);
#7189 = VERTEX_POINT('',#7190);
#7190 = CARTESIAN_POINT('',(109.5,32.6,96.));
#7191 = LINE('',#7192,#7193);
#7192 = CARTESIAN_POINT('',(109.5,22.6,96.));
#7193 = VECTOR('',#7194,1.);
#7194 = DIRECTION('',(-0.,1.,0.));
#7195 = ORIENTED_EDGE('',*,*,#7196,.T.);
#7196 = EDGE_CURVE('',#7189,#7197,#7199,.T.);
#7197 = VERTEX_POINT('',#7198);
#7198 = CARTESIAN_POINT('',(109.5,32.6,146.));
#7199 = LINE('',#7200,#7201);
#7200 = CARTESIAN_POINT('',(109.5,32.6,96.));
#7201 = VECTOR('',#7202,1.);
#7202 = DIRECTION('',(0.,0.,1.));
#7203 = ORIENTED_EDGE('',*,*,#7204,.F.);
#7204 = EDGE_CURVE('',#7181,#7197,#7205,.T.);
#7205 = LINE('',#7206,#7207);
#7206 = CARTESIAN_POINT('',(109.5,22.6,146.));
#7207 = VECTOR('',#7208,1.);
#7208 = DIRECTION('',(-0.,1.,0.));
#7209 = PLANE('',#7210);
#7210 = AXIS2_PLACEMENT_3D('',#7211,#7212,#7213);
#7211 = CARTESIAN_POINT('',(109.5,22.6,96.));
#7212 = DIRECTION('',(1.,0.,-0.));
#7213 = DIRECTION('',(0.,0.,1.));
#7214 = ADVANCED_FACE('',(#7215),#7231,.F.);
#7215 = FACE_BOUND('',#7216,.F.);
#7216 = EDGE_LOOP('',(#7217,#7223,#7224,#7230));
#7217 = ORIENTED_EDGE('',*,*,#7218,.F.);
#7218 = EDGE_CURVE('',#7139,#7179,#7219,.T.);
#7219 = LINE('',#7220,#7221);
#7220 = CARTESIAN_POINT('',(80.5,22.6,96.));
#7221 = VECTOR('',#7222,1.);
#7222 = DIRECTION('',(1.,0.,-0.));
#7223 = ORIENTED_EDGE('',*,*,#7138,.T.);
#7224 = ORIENTED_EDGE('',*,*,#7225,.T.);
#7225 = EDGE_CURVE('',#7141,#7181,#7226,.T.);
#7226 = LINE('',#7227,#7228);
#7227 = CARTESIAN_POINT('',(80.5,22.6,146.));
#7228 = VECTOR('',#7229,1.);
#7229 = DIRECTION('',(1.,0.,-0.));
#7230 = ORIENTED_EDGE('',*,*,#7178,.F.);
#7231 = PLANE('',#7232);
#7232 = AXIS2_PLACEMENT_3D('',#7233,#7234,#7235);
#7233 = CARTESIAN_POINT('',(80.5,22.6,96.));
#7234 = DIRECTION('',(-0.,1.,0.));
#7235 = DIRECTION('',(0.,0.,1.));
#7236 = ADVANCED_FACE('',(#7237),#7253,.T.);
#7237 = FACE_BOUND('',#7238,.T.);
#7238 = EDGE_LOOP('',(#7239,#7245,#7246,#7252));
#7239 = ORIENTED_EDGE('',*,*,#7240,.F.);
#7240 = EDGE_CURVE('',#7149,#7189,#7241,.T.);
#7241 = LINE('',#7242,#7243);
#7242 = CARTESIAN_POINT('',(80.5,32.6,96.));
#7243 = VECTOR('',#7244,1.);
#7244 = DIRECTION('',(1.,0.,-0.));
#7245 = ORIENTED_EDGE('',*,*,#7156,.T.);
#7246 = ORIENTED_EDGE('',*,*,#7247,.T.);
#7247 = EDGE_CURVE('',#7157,#7197,#7248,.T.);
#7248 = LINE('',#7249,#7250);
#7249 = CARTESIAN_POINT('',(80.5,32.6,146.));
#7250 = VECTOR('',#7251,1.);
#7251 = DIRECTION('',(1.,0.,-0.));
#7252 = ORIENTED_EDGE('',*,*,#7196,.F.);
#7253 = PLANE('',#7254);
#7254 = AXIS2_PLACEMENT_3D('',#7255,#7256,#7257);
#7255 = CARTESIAN_POINT('',(80.5,32.6,96.));
#7256 = DIRECTION('',(-0.,1.,0.));
#7257 = DIRECTION('',(0.,0.,1.));
#7258 = ADVANCED_FACE('',(#7259),#7265,.F.);
#7259 = FACE_BOUND('',#7260,.F.);
#7260 = EDGE_LOOP('',(#7261,#7262,#7263,#7264));
#7261 = ORIENTED_EDGE('',*,*,#7148,.F.);
#7262 = ORIENTED_EDGE('',*,*,#7218,.T.);
#7263 = ORIENTED_EDGE('',*,*,#7188,.T.);
#7264 = ORIENTED_EDGE('',*,*,#7240,.F.);
#7265 = PLANE('',#7266);
#7266 = AXIS2_PLACEMENT_3D('',#7267,#7268,#7269);
#7267 = CARTESIAN_POINT('',(80.5,22.6,96.));
#7268 = DIRECTION('',(0.,0.,1.));
#7269 = DIRECTION('',(1.,0.,-0.));
#7270 = ADVANCED_FACE('',(#7271),#7277,.T.);
#7271 = FACE_BOUND('',#7272,.T.);
#7272 = EDGE_LOOP('',(#7273,#7274,#7275,#7276));
#7273 = ORIENTED_EDGE('',*,*,#7164,.F.);
#7274 = ORIENTED_EDGE('',*,*,#7225,.T.);
#7275 = ORIENTED_EDGE('',*,*,#7204,.T.);
#7276 = ORIENTED_EDGE('',*,*,#7247,.F.);
#7277 = PLANE('',#7278);
#7278 = AXIS2_PLACEMENT_3D('',#7279,#7280,#7281);
#7279 = CARTESIAN_POINT('',(80.5,22.6,146.));
#7280 = DIRECTION('',(0.,0.,1.));
#7281 = DIRECTION('',(1.,0.,-0.));
#7282 = ( GEOMETRIC_REPRESENTATION_CONTEXT(3) 
GLOBAL_UNCERTAINTY_ASSIGNED_CONTEXT((#7286)) 
GLOBAL_UNIT_ASSIGNED_CONTEXT((#7283,#7284,#7285)) REPRESENTATION_CONTEXT
('Context #1','3D Context with UNIT and UNCERTAINTY') );
#7283 = ( LENGTH_UNIT() NAMED_UNIT(*) SI_UNIT(.MILLI.,.METRE.) );
#7284 = ( NAMED_UNIT(*) PLANE_ANGLE_UNIT() SI_UNIT($,.RADIAN.) );
#7285 = ( NAMED_UNIT(*) SI_UNIT($,.STERADIAN.) SOLID_ANGLE_UNIT() );
#7286 = UNCERTAINTY_MEASURE_WITH_UNIT(LENGTH_MEASURE(1.E-07),#7283,
  'distance_accuracy_value','confusion accuracy');
#7287 = CONTEXT_DEPENDENT_SHAPE_REPRESENTATION(#7288,#7290);
#7288 = ( REPRESENTATION_RELATIONSHIP('','',#7131,#10) 
REPRESENTATION_RELATIONSHIP_WITH_TRANSFORMATION(#7289) 
SHAPE_REPRESENTATION_RELATIONSHIP() );
#7289 = ITEM_DEFINED_TRANSFORMATION('','',#11,#71);
#7290 = PRODUCT_DEFINITION_SHAPE('Placement','Placement of an item',
  #7291);
#7291 = NEXT_ASSEMBLY_USAGE_OCCURRENCE('70','PA5 component envelope','',
  #5,#7126,$);
#7292 = PRODUCT_RELATED_PRODUCT_CATEGORY('part',$,(#7128));
#7293 = SHAPE_DEFINITION_REPRESENTATION(#7294,#7300);
#7294 = PRODUCT_DEFINITION_SHAPE('','',#7295);
#7295 = PRODUCT_DEFINITION('design','',#7296,#7299);
#7296 = PRODUCT_DEFINITION_FORMATION('','',#7297);
#7297 = PRODUCT('RF PA board PA6 (35x60)','RF PA board PA6 (35x60)','',(
    #7298));
#7298 = PRODUCT_CONTEXT('',#2,'mechanical');
#7299 = PRODUCT_DEFINITION_CONTEXT('part definition',#2,'design');
#7300 = ADVANCED_BREP_SHAPE_REPRESENTATION('',(#11,#7301),#7451);
#7301 = MANIFOLD_SOLID_BREP('',#7302);
#7302 = CLOSED_SHELL('',(#7303,#7343,#7383,#7405,#7427,#7439));
#7303 = ADVANCED_FACE('',(#7304),#7338,.F.);
#7304 = FACE_BOUND('',#7305,.F.);
#7305 = EDGE_LOOP('',(#7306,#7316,#7324,#7332));
#7306 = ORIENTED_EDGE('',*,*,#7307,.F.);
#7307 = EDGE_CURVE('',#7308,#7310,#7312,.T.);
#7308 = VERTEX_POINT('',#7309);
#7309 = CARTESIAN_POINT('',(117.5,21.,91.));
#7310 = VERTEX_POINT('',#7311);
#7311 = CARTESIAN_POINT('',(117.5,21.,151.));
#7312 = LINE('',#7313,#7314);
#7313 = CARTESIAN_POINT('',(117.5,21.,91.));
#7314 = VECTOR('',#7315,1.);
#7315 = DIRECTION('',(0.,0.,1.));
#7316 = ORIENTED_EDGE('',*,*,#7317,.T.);
#7317 = EDGE_CURVE('',#7308,#7318,#7320,.T.);
#7318 = VERTEX_POINT('',#7319);
#7319 = CARTESIAN_POINT('',(117.5,22.6,91.));
#7320 = LINE('',#7321,#7322);
#7321 = CARTESIAN_POINT('',(117.5,21.,91.));
#7322 = VECTOR('',#7323,1.);
#7323 = DIRECTION('',(-0.,1.,0.));
#7324 = ORIENTED_EDGE('',*,*,#7325,.T.);
#7325 = EDGE_CURVE('',#7318,#7326,#7328,.T.);
#7326 = VERTEX_POINT('',#7327);
#7327 = CARTESIAN_POINT('',(117.5,22.6,151.));
#7328 = LINE('',#7329,#7330);
#7329 = CARTESIAN_POINT('',(117.5,22.6,91.));
#7330 = VECTOR('',#7331,1.);
#7331 = DIRECTION('',(0.,0.,1.));
#7332 = ORIENTED_EDGE('',*,*,#7333,.F.);
#7333 = EDGE_CURVE('',#7310,#7326,#7334,.T.);
#7334 = LINE('',#7335,#7336);
#7335 = CARTESIAN_POINT('',(117.5,21.,151.));
#7336 = VECTOR('',#7337,1.);
#7337 = DIRECTION('',(-0.,1.,0.));
#7338 = PLANE('',#7339);
#7339 = AXIS2_PLACEMENT_3D('',#7340,#7341,#7342);
#7340 = CARTESIAN_POINT('',(117.5,21.,91.));
#7341 = DIRECTION('',(1.,0.,-0.));
#7342 = DIRECTION('',(0.,0.,1.));
#7343 = ADVANCED_FACE('',(#7344),#7378,.T.);
#7344 = FACE_BOUND('',#7345,.T.);
#7345 = EDGE_LOOP('',(#7346,#7356,#7364,#7372));
#7346 = ORIENTED_EDGE('',*,*,#7347,.F.);
#7347 = EDGE_CURVE('',#7348,#7350,#7352,.T.);
#7348 = VERTEX_POINT('',#7349);
#7349 = CARTESIAN_POINT('',(152.5,21.,91.));
#7350 = VERTEX_POINT('',#7351);
#7351 = CARTESIAN_POINT('',(152.5,21.,151.));
#7352 = LINE('',#7353,#7354);
#7353 = CARTESIAN_POINT('',(152.5,21.,91.));
#7354 = VECTOR('',#7355,1.);
#7355 = DIRECTION('',(0.,0.,1.));
#7356 = ORIENTED_EDGE('',*,*,#7357,.T.);
#7357 = EDGE_CURVE('',#7348,#7358,#7360,.T.);
#7358 = VERTEX_POINT('',#7359);
#7359 = CARTESIAN_POINT('',(152.5,22.6,91.));
#7360 = LINE('',#7361,#7362);
#7361 = CARTESIAN_POINT('',(152.5,21.,91.));
#7362 = VECTOR('',#7363,1.);
#7363 = DIRECTION('',(-0.,1.,0.));
#7364 = ORIENTED_EDGE('',*,*,#7365,.T.);
#7365 = EDGE_CURVE('',#7358,#7366,#7368,.T.);
#7366 = VERTEX_POINT('',#7367);
#7367 = CARTESIAN_POINT('',(152.5,22.6,151.));
#7368 = LINE('',#7369,#7370);
#7369 = CARTESIAN_POINT('',(152.5,22.6,91.));
#7370 = VECTOR('',#7371,1.);
#7371 = DIRECTION('',(0.,0.,1.));
#7372 = ORIENTED_EDGE('',*,*,#7373,.F.);
#7373 = EDGE_CURVE('',#7350,#7366,#7374,.T.);
#7374 = LINE('',#7375,#7376);
#7375 = CARTESIAN_POINT('',(152.5,21.,151.));
#7376 = VECTOR('',#7377,1.);
#7377 = DIRECTION('',(-0.,1.,0.));
#7378 = PLANE('',#7379);
#7379 = AXIS2_PLACEMENT_3D('',#7380,#7381,#7382);
#7380 = CARTESIAN_POINT('',(152.5,21.,91.));
#7381 = DIRECTION('',(1.,0.,-0.));
#7382 = DIRECTION('',(0.,0.,1.));
#7383 = ADVANCED_FACE('',(#7384),#7400,.F.);
#7384 = FACE_BOUND('',#7385,.F.);
#7385 = EDGE_LOOP('',(#7386,#7392,#7393,#7399));
#7386 = ORIENTED_EDGE('',*,*,#7387,.F.);
#7387 = EDGE_CURVE('',#7308,#7348,#7388,.T.);
#7388 = LINE('',#7389,#7390);
#7389 = CARTESIAN_POINT('',(117.5,21.,91.));
#7390 = VECTOR('',#7391,1.);
#7391 = DIRECTION('',(1.,0.,-0.));
#7392 = ORIENTED_EDGE('',*,*,#7307,.T.);
#7393 = ORIENTED_EDGE('',*,*,#7394,.T.);
#7394 = EDGE_CURVE('',#7310,#7350,#7395,.T.);
#7395 = LINE('',#7396,#7397);
#7396 = CARTESIAN_POINT('',(117.5,21.,151.));
#7397 = VECTOR('',#7398,1.);
#7398 = DIRECTION('',(1.,0.,-0.));
#7399 = ORIENTED_EDGE('',*,*,#7347,.F.);
#7400 = PLANE('',#7401);
#7401 = AXIS2_PLACEMENT_3D('',#7402,#7403,#7404);
#7402 = CARTESIAN_POINT('',(117.5,21.,91.));
#7403 = DIRECTION('',(-0.,1.,0.));
#7404 = DIRECTION('',(0.,0.,1.));
#7405 = ADVANCED_FACE('',(#7406),#7422,.T.);
#7406 = FACE_BOUND('',#7407,.T.);
#7407 = EDGE_LOOP('',(#7408,#7414,#7415,#7421));
#7408 = ORIENTED_EDGE('',*,*,#7409,.F.);
#7409 = EDGE_CURVE('',#7318,#7358,#7410,.T.);
#7410 = LINE('',#7411,#7412);
#7411 = CARTESIAN_POINT('',(117.5,22.6,91.));
#7412 = VECTOR('',#7413,1.);
#7413 = DIRECTION('',(1.,0.,-0.));
#7414 = ORIENTED_EDGE('',*,*,#7325,.T.);
#7415 = ORIENTED_EDGE('',*,*,#7416,.T.);
#7416 = EDGE_CURVE('',#7326,#7366,#7417,.T.);
#7417 = LINE('',#7418,#7419);
#7418 = CARTESIAN_POINT('',(117.5,22.6,151.));
#7419 = VECTOR('',#7420,1.);
#7420 = DIRECTION('',(1.,0.,-0.));
#7421 = ORIENTED_EDGE('',*,*,#7365,.F.);
#7422 = PLANE('',#7423);
#7423 = AXIS2_PLACEMENT_3D('',#7424,#7425,#7426);
#7424 = CARTESIAN_POINT('',(117.5,22.6,91.));
#7425 = DIRECTION('',(-0.,1.,0.));
#7426 = DIRECTION('',(0.,0.,1.));
#7427 = ADVANCED_FACE('',(#7428),#7434,.F.);
#7428 = FACE_BOUND('',#7429,.F.);
#7429 = EDGE_LOOP('',(#7430,#7431,#7432,#7433));
#7430 = ORIENTED_EDGE('',*,*,#7317,.F.);
#7431 = ORIENTED_EDGE('',*,*,#7387,.T.);
#7432 = ORIENTED_EDGE('',*,*,#7357,.T.);
#7433 = ORIENTED_EDGE('',*,*,#7409,.F.);
#7434 = PLANE('',#7435);
#7435 = AXIS2_PLACEMENT_3D('',#7436,#7437,#7438);
#7436 = CARTESIAN_POINT('',(117.5,21.,91.));
#7437 = DIRECTION('',(0.,0.,1.));
#7438 = DIRECTION('',(1.,0.,-0.));
#7439 = ADVANCED_FACE('',(#7440),#7446,.T.);
#7440 = FACE_BOUND('',#7441,.T.);
#7441 = EDGE_LOOP('',(#7442,#7443,#7444,#7445));
#7442 = ORIENTED_EDGE('',*,*,#7333,.F.);
#7443 = ORIENTED_EDGE('',*,*,#7394,.T.);
#7444 = ORIENTED_EDGE('',*,*,#7373,.T.);
#7445 = ORIENTED_EDGE('',*,*,#7416,.F.);
#7446 = PLANE('',#7447);
#7447 = AXIS2_PLACEMENT_3D('',#7448,#7449,#7450);
#7448 = CARTESIAN_POINT('',(117.5,21.,151.));
#7449 = DIRECTION('',(0.,0.,1.));
#7450 = DIRECTION('',(1.,0.,-0.));
#7451 = ( GEOMETRIC_REPRESENTATION_CONTEXT(3) 
GLOBAL_UNCERTAINTY_ASSIGNED_CONTEXT((#7455)) 
GLOBAL_UNIT_ASSIGNED_CONTEXT((#7452,#7453,#7454)) REPRESENTATION_CONTEXT
('Context #1','3D Context with UNIT and UNCERTAINTY') );
#7452 = ( LENGTH_UNIT() NAMED_UNIT(*) SI_UNIT(.MILLI.,.METRE.) );
#7453 = ( NAMED_UNIT(*) PLANE_ANGLE_UNIT() SI_UNIT($,.RADIAN.) );
#7454 = ( NAMED_UNIT(*) SI_UNIT($,.STERADIAN.) SOLID_ANGLE_UNIT() );
#7455 = UNCERTAINTY_MEASURE_WITH_UNIT(LENGTH_MEASURE(1.E-07),#7452,
  'distance_accuracy_value','confusion accuracy');
#7456 = CONTEXT_DEPENDENT_SHAPE_REPRESENTATION(#7457,#7459);
#7457 = ( REPRESENTATION_RELATIONSHIP('','',#7300,#10) 
REPRESENTATION_RELATIONSHIP_WITH_TRANSFORMATION(#7458) 
SHAPE_REPRESENTATION_RELATIONSHIP() );
#7458 = ITEM_DEFINED_TRANSFORMATION('','',#11,#75);
#7459 = PRODUCT_DEFINITION_SHAPE('Placement','Placement of an item',
  #7460);
#7460 = NEXT_ASSEMBLY_USAGE_OCCURRENCE('71','RF PA board PA6 (35x60)',''
  ,#5,#7295,$);
#7461 = PRODUCT_RELATED_PRODUCT_CATEGORY('part',$,(#7297));
#7462 = SHAPE_DEFINITION_REPRESENTATION(#7463,#7469);
#7463 = PRODUCT_DEFINITION_SHAPE('','',#7464);
#7464 = PRODUCT_DEFINITION('design','',#7465,#7468);
#7465 = PRODUCT_DEFINITION_FORMATION('','',#7466);
#7466 = PRODUCT('PA6 component envelope','PA6 component envelope','',(
    #7467));
#7467 = PRODUCT_CONTEXT('',#2,'mechanical');
#7468 = PRODUCT_DEFINITION_CONTEXT('part definition',#2,'design');
#7469 = ADVANCED_BREP_SHAPE_REPRESENTATION('',(#11,#7470),#7620);
#7470 = MANIFOLD_SOLID_BREP('',#7471);
#7471 = CLOSED_SHELL('',(#7472,#7512,#7552,#7574,#7596,#7608));
#7472 = ADVANCED_FACE('',(#7473),#7507,.F.);
#7473 = FACE_BOUND('',#7474,.F.);
#7474 = EDGE_LOOP('',(#7475,#7485,#7493,#7501));
#7475 = ORIENTED_EDGE('',*,*,#7476,.F.);
#7476 = EDGE_CURVE('',#7477,#7479,#7481,.T.);
#7477 = VERTEX_POINT('',#7478);
#7478 = CARTESIAN_POINT('',(120.5,22.6,96.));
#7479 = VERTEX_POINT('',#7480);
#7480 = CARTESIAN_POINT('',(120.5,22.6,146.));
#7481 = LINE('',#7482,#7483);
#7482 = CARTESIAN_POINT('',(120.5,22.6,96.));
#7483 = VECTOR('',#7484,1.);
#7484 = DIRECTION('',(0.,0.,1.));
#7485 = ORIENTED_EDGE('',*,*,#7486,.T.);
#7486 = EDGE_CURVE('',#7477,#7487,#7489,.T.);
#7487 = VERTEX_POINT('',#7488);
#7488 = CARTESIAN_POINT('',(120.5,32.6,96.));
#7489 = LINE('',#7490,#7491);
#7490 = CARTESIAN_POINT('',(120.5,22.6,96.));
#7491 = VECTOR('',#7492,1.);
#7492 = DIRECTION('',(-0.,1.,0.));
#7493 = ORIENTED_EDGE('',*,*,#7494,.T.);
#7494 = EDGE_CURVE('',#7487,#7495,#7497,.T.);
#7495 = VERTEX_POINT('',#7496);
#7496 = CARTESIAN_POINT('',(120.5,32.6,146.));
#7497 = LINE('',#7498,#7499);
#7498 = CARTESIAN_POINT('',(120.5,32.6,96.));
#7499 = VECTOR('',#7500,1.);
#7500 = DIRECTION('',(0.,0.,1.));
#7501 = ORIENTED_EDGE('',*,*,#7502,.F.);
#7502 = EDGE_CURVE('',#7479,#7495,#7503,.T.);
#7503 = LINE('',#7504,#7505);
#7504 = CARTESIAN_POINT('',(120.5,22.6,146.));
#7505 = VECTOR('',#7506,1.);
#7506 = DIRECTION('',(-0.,1.,0.));
#7507 = PLANE('',#7508);
#7508 = AXIS2_PLACEMENT_3D('',#7509,#7510,#7511);
#7509 = CARTESIAN_POINT('',(120.5,22.6,96.));
#7510 = DIRECTION('',(1.,0.,-0.));
#7511 = DIRECTION('',(0.,0.,1.));
#7512 = ADVANCED_FACE('',(#7513),#7547,.T.);
#7513 = FACE_BOUND('',#7514,.T.);
#7514 = EDGE_LOOP('',(#7515,#7525,#7533,#7541));
#7515 = ORIENTED_EDGE('',*,*,#7516,.F.);
#7516 = EDGE_CURVE('',#7517,#7519,#7521,.T.);
#7517 = VERTEX_POINT('',#7518);
#7518 = CARTESIAN_POINT('',(149.5,22.6,96.));
#7519 = VERTEX_POINT('',#7520);
#7520 = CARTESIAN_POINT('',(149.5,22.6,146.));
#7521 = LINE('',#7522,#7523);
#7522 = CARTESIAN_POINT('',(149.5,22.6,96.));
#7523 = VECTOR('',#7524,1.);
#7524 = DIRECTION('',(0.,0.,1.));
#7525 = ORIENTED_EDGE('',*,*,#7526,.T.);
#7526 = EDGE_CURVE('',#7517,#7527,#7529,.T.);
#7527 = VERTEX_POINT('',#7528);
#7528 = CARTESIAN_POINT('',(149.5,32.6,96.));
#7529 = LINE('',#7530,#7531);
#7530 = CARTESIAN_POINT('',(149.5,22.6,96.));
#7531 = VECTOR('',#7532,1.);
#7532 = DIRECTION('',(-0.,1.,0.));
#7533 = ORIENTED_EDGE('',*,*,#7534,.T.);
#7534 = EDGE_CURVE('',#7527,#7535,#7537,.T.);
#7535 = VERTEX_POINT('',#7536);
#7536 = CARTESIAN_POINT('',(149.5,32.6,146.));
#7537 = LINE('',#7538,#7539);
#7538 = CARTESIAN_POINT('',(149.5,32.6,96.));
#7539 = VECTOR('',#7540,1.);
#7540 = DIRECTION('',(0.,0.,1.));
#7541 = ORIENTED_EDGE('',*,*,#7542,.F.);
#7542 = EDGE_CURVE('',#7519,#7535,#7543,.T.);
#7543 = LINE('',#7544,#7545);
#7544 = CARTESIAN_POINT('',(149.5,22.6,146.));
#7545 = VECTOR('',#7546,1.);
#7546 = DIRECTION('',(-0.,1.,0.));
#7547 = PLANE('',#7548);
#7548 = AXIS2_PLACEMENT_3D('',#7549,#7550,#7551);
#7549 = CARTESIAN_POINT('',(149.5,22.6,96.));
#7550 = DIRECTION('',(1.,0.,-0.));
#7551 = DIRECTION('',(0.,0.,1.));
#7552 = ADVANCED_FACE('',(#7553),#7569,.F.);
#7553 = FACE_BOUND('',#7554,.F.);
#7554 = EDGE_LOOP('',(#7555,#7561,#7562,#7568));
#7555 = ORIENTED_EDGE('',*,*,#7556,.F.);
#7556 = EDGE_CURVE('',#7477,#7517,#7557,.T.);
#7557 = LINE('',#7558,#7559);
#7558 = CARTESIAN_POINT('',(120.5,22.6,96.));
#7559 = VECTOR('',#7560,1.);
#7560 = DIRECTION('',(1.,0.,-0.));
#7561 = ORIENTED_EDGE('',*,*,#7476,.T.);
#7562 = ORIENTED_EDGE('',*,*,#7563,.T.);
#7563 = EDGE_CURVE('',#7479,#7519,#7564,.T.);
#7564 = LINE('',#7565,#7566);
#7565 = CARTESIAN_POINT('',(120.5,22.6,146.));
#7566 = VECTOR('',#7567,1.);
#7567 = DIRECTION('',(1.,0.,-0.));
#7568 = ORIENTED_EDGE('',*,*,#7516,.F.);
#7569 = PLANE('',#7570);
#7570 = AXIS2_PLACEMENT_3D('',#7571,#7572,#7573);
#7571 = CARTESIAN_POINT('',(120.5,22.6,96.));
#7572 = DIRECTION('',(-0.,1.,0.));
#7573 = DIRECTION('',(0.,0.,1.));
#7574 = ADVANCED_FACE('',(#7575),#7591,.T.);
#7575 = FACE_BOUND('',#7576,.T.);
#7576 = EDGE_LOOP('',(#7577,#7583,#7584,#7590));
#7577 = ORIENTED_EDGE('',*,*,#7578,.F.);
#7578 = EDGE_CURVE('',#7487,#7527,#7579,.T.);
#7579 = LINE('',#7580,#7581);
#7580 = CARTESIAN_POINT('',(120.5,32.6,96.));
#7581 = VECTOR('',#7582,1.);
#7582 = DIRECTION('',(1.,0.,-0.));
#7583 = ORIENTED_EDGE('',*,*,#7494,.T.);
#7584 = ORIENTED_EDGE('',*,*,#7585,.T.);
#7585 = EDGE_CURVE('',#7495,#7535,#7586,.T.);
#7586 = LINE('',#7587,#7588);
#7587 = CARTESIAN_POINT('',(120.5,32.6,146.));
#7588 = VECTOR('',#7589,1.);
#7589 = DIRECTION('',(1.,0.,-0.));
#7590 = ORIENTED_EDGE('',*,*,#7534,.F.);
#7591 = PLANE('',#7592);
#7592 = AXIS2_PLACEMENT_3D('',#7593,#7594,#7595);
#7593 = CARTESIAN_POINT('',(120.5,32.6,96.));
#7594 = DIRECTION('',(-0.,1.,0.));
#7595 = DIRECTION('',(0.,0.,1.));
#7596 = ADVANCED_FACE('',(#7597),#7603,.F.);
#7597 = FACE_BOUND('',#7598,.F.);
#7598 = EDGE_LOOP('',(#7599,#7600,#7601,#7602));
#7599 = ORIENTED_EDGE('',*,*,#7486,.F.);
#7600 = ORIENTED_EDGE('',*,*,#7556,.T.);
#7601 = ORIENTED_EDGE('',*,*,#7526,.T.);
#7602 = ORIENTED_EDGE('',*,*,#7578,.F.);
#7603 = PLANE('',#7604);
#7604 = AXIS2_PLACEMENT_3D('',#7605,#7606,#7607);
#7605 = CARTESIAN_POINT('',(120.5,22.6,96.));
#7606 = DIRECTION('',(0.,0.,1.));
#7607 = DIRECTION('',(1.,0.,-0.));
#7608 = ADVANCED_FACE('',(#7609),#7615,.T.);
#7609 = FACE_BOUND('',#7610,.T.);
#7610 = EDGE_LOOP('',(#7611,#7612,#7613,#7614));
#7611 = ORIENTED_EDGE('',*,*,#7502,.F.);
#7612 = ORIENTED_EDGE('',*,*,#7563,.T.);
#7613 = ORIENTED_EDGE('',*,*,#7542,.T.);
#7614 = ORIENTED_EDGE('',*,*,#7585,.F.);
#7615 = PLANE('',#7616);
#7616 = AXIS2_PLACEMENT_3D('',#7617,#7618,#7619);
#7617 = CARTESIAN_POINT('',(120.5,22.6,146.));
#7618 = DIRECTION('',(0.,0.,1.));
#7619 = DIRECTION('',(1.,0.,-0.));
#7620 = ( GEOMETRIC_REPRESENTATION_CONTEXT(3) 
GLOBAL_UNCERTAINTY_ASSIGNED_CONTEXT((#7624)) 
GLOBAL_UNIT_ASSIGNED_CONTEXT((#7621,#7622,#7623)) REPRESENTATION_CONTEXT
('Context #1','3D Context with UNIT and UNCERTAINTY') );
#7621 = ( LENGTH_UNIT() NAMED_UNIT(*) SI_UNIT(.MILLI.,.METRE.) );
#7622 = ( NAMED_UNIT(*) PLANE_ANGLE_UNIT() SI_UNIT($,.RADIAN.) );
#7623 = ( NAMED_UNIT(*) SI_UNIT($,.STERADIAN.) SOLID_ANGLE_UNIT() );
#7624 = UNCERTAINTY_MEASURE_WITH_UNIT(LENGTH_MEASURE(1.E-07),#7621,
  'distance_accuracy_value','confusion accuracy');
#7625 = CONTEXT_DEPENDENT_SHAPE_REPRESENTATION(#7626,#7628);
#7626 = ( REPRESENTATION_RELATIONSHIP('','',#7469,#10) 
REPRESENTATION_RELATIONSHIP_WITH_TRANSFORMATION(#7627) 
SHAPE_REPRESENTATION_RELATIONSHIP() );
#7627 = ITEM_DEFINED_TRANSFORMATION('','',#11,#79);
#7628 = PRODUCT_DEFINITION_SHAPE('Placement','Placement of an item',
  #7629);
#7629 = NEXT_ASSEMBLY_USAGE_OCCURRENCE('72','PA6 component envelope','',
  #5,#7464,$);
#7630 = PRODUCT_RELATED_PRODUCT_CATEGORY('part',$,(#7466));
#7631 = SHAPE_DEFINITION_REPRESENTATION(#7632,#7638);
#7632 = PRODUCT_DEFINITION_SHAPE('','',#7633);
#7633 = PRODUCT_DEFINITION('design','',#7634,#7637);
#7634 = PRODUCT_DEFINITION_FORMATION('','',#7635);
#7635 = PRODUCT('RF PA board PA7 (35x60)','RF PA board PA7 (35x60)','',(
    #7636));
#7636 = PRODUCT_CONTEXT('',#2,'mechanical');
#7637 = PRODUCT_DEFINITION_CONTEXT('part definition',#2,'design');
#7638 = ADVANCED_BREP_SHAPE_REPRESENTATION('',(#11,#7639),#7789);
#7639 = MANIFOLD_SOLID_BREP('',#7640);
#7640 = CLOSED_SHELL('',(#7641,#7681,#7721,#7743,#7765,#7777));
#7641 = ADVANCED_FACE('',(#7642),#7676,.F.);
#7642 = FACE_BOUND('',#7643,.F.);
#7643 = EDGE_LOOP('',(#7644,#7654,#7662,#7670));
#7644 = ORIENTED_EDGE('',*,*,#7645,.F.);
#7645 = EDGE_CURVE('',#7646,#7648,#7650,.T.);
#7646 = VERTEX_POINT('',#7647);
#7647 = CARTESIAN_POINT('',(157.5,21.,91.));
#7648 = VERTEX_POINT('',#7649);
#7649 = CARTESIAN_POINT('',(157.5,21.,151.));
#7650 = LINE('',#7651,#7652);
#7651 = CARTESIAN_POINT('',(157.5,21.,91.));
#7652 = VECTOR('',#7653,1.);
#7653 = DIRECTION('',(0.,0.,1.));
#7654 = ORIENTED_EDGE('',*,*,#7655,.T.);
#7655 = EDGE_CURVE('',#7646,#7656,#7658,.T.);
#7656 = VERTEX_POINT('',#7657);
#7657 = CARTESIAN_POINT('',(157.5,22.6,91.));
#7658 = LINE('',#7659,#7660);
#7659 = CARTESIAN_POINT('',(157.5,21.,91.));
#7660 = VECTOR('',#7661,1.);
#7661 = DIRECTION('',(-0.,1.,0.));
#7662 = ORIENTED_EDGE('',*,*,#7663,.T.);
#7663 = EDGE_CURVE('',#7656,#7664,#7666,.T.);
#7664 = VERTEX_POINT('',#7665);
#7665 = CARTESIAN_POINT('',(157.5,22.6,151.));
#7666 = LINE('',#7667,#7668);
#7667 = CARTESIAN_POINT('',(157.5,22.6,91.));
#7668 = VECTOR('',#7669,1.);
#7669 = DIRECTION('',(0.,0.,1.));
#7670 = ORIENTED_EDGE('',*,*,#7671,.F.);
#7671 = EDGE_CURVE('',#7648,#7664,#7672,.T.);
#7672 = LINE('',#7673,#7674);
#7673 = CARTESIAN_POINT('',(157.5,21.,151.));
#7674 = VECTOR('',#7675,1.);
#7675 = DIRECTION('',(-0.,1.,0.));
#7676 = PLANE('',#7677);
#7677 = AXIS2_PLACEMENT_3D('',#7678,#7679,#7680);
#7678 = CARTESIAN_POINT('',(157.5,21.,91.));
#7679 = DIRECTION('',(1.,0.,-0.));
#7680 = DIRECTION('',(0.,0.,1.));
#7681 = ADVANCED_FACE('',(#7682),#7716,.T.);
#7682 = FACE_BOUND('',#7683,.T.);
#7683 = EDGE_LOOP('',(#7684,#7694,#7702,#7710));
#7684 = ORIENTED_EDGE('',*,*,#7685,.F.);
#7685 = EDGE_CURVE('',#7686,#7688,#7690,.T.);
#7686 = VERTEX_POINT('',#7687);
#7687 = CARTESIAN_POINT('',(192.5,21.,91.));
#7688 = VERTEX_POINT('',#7689);
#7689 = CARTESIAN_POINT('',(192.5,21.,151.));
#7690 = LINE('',#7691,#7692);
#7691 = CARTESIAN_POINT('',(192.5,21.,91.));
#7692 = VECTOR('',#7693,1.);
#7693 = DIRECTION('',(0.,0.,1.));
#7694 = ORIENTED_EDGE('',*,*,#7695,.T.);
#7695 = EDGE_CURVE('',#7686,#7696,#7698,.T.);
#7696 = VERTEX_POINT('',#7697);
#7697 = CARTESIAN_POINT('',(192.5,22.6,91.));
#7698 = LINE('',#7699,#7700);
#7699 = CARTESIAN_POINT('',(192.5,21.,91.));
#7700 = VECTOR('',#7701,1.);
#7701 = DIRECTION('',(-0.,1.,0.));
#7702 = ORIENTED_EDGE('',*,*,#7703,.T.);
#7703 = EDGE_CURVE('',#7696,#7704,#7706,.T.);
#7704 = VERTEX_POINT('',#7705);
#7705 = CARTESIAN_POINT('',(192.5,22.6,151.));
#7706 = LINE('',#7707,#7708);
#7707 = CARTESIAN_POINT('',(192.5,22.6,91.));
#7708 = VECTOR('',#7709,1.);
#7709 = DIRECTION('',(0.,0.,1.));
#7710 = ORIENTED_EDGE('',*,*,#7711,.F.);
#7711 = EDGE_CURVE('',#7688,#7704,#7712,.T.);
#7712 = LINE('',#7713,#7714);
#7713 = CARTESIAN_POINT('',(192.5,21.,151.));
#7714 = VECTOR('',#7715,1.);
#7715 = DIRECTION('',(-0.,1.,0.));
#7716 = PLANE('',#7717);
#7717 = AXIS2_PLACEMENT_3D('',#7718,#7719,#7720);
#7718 = CARTESIAN_POINT('',(192.5,21.,91.));
#7719 = DIRECTION('',(1.,0.,-0.));
#7720 = DIRECTION('',(0.,0.,1.));
#7721 = ADVANCED_FACE('',(#7722),#7738,.F.);
#7722 = FACE_BOUND('',#7723,.F.);
#7723 = EDGE_LOOP('',(#7724,#7730,#7731,#7737));
#7724 = ORIENTED_EDGE('',*,*,#7725,.F.);
#7725 = EDGE_CURVE('',#7646,#7686,#7726,.T.);
#7726 = LINE('',#7727,#7728);
#7727 = CARTESIAN_POINT('',(157.5,21.,91.));
#7728 = VECTOR('',#7729,1.);
#7729 = DIRECTION('',(1.,0.,-0.));
#7730 = ORIENTED_EDGE('',*,*,#7645,.T.);
#7731 = ORIENTED_EDGE('',*,*,#7732,.T.);
#7732 = EDGE_CURVE('',#7648,#7688,#7733,.T.);
#7733 = LINE('',#7734,#7735);
#7734 = CARTESIAN_POINT('',(157.5,21.,151.));
#7735 = VECTOR('',#7736,1.);
#7736 = DIRECTION('',(1.,0.,-0.));
#7737 = ORIENTED_EDGE('',*,*,#7685,.F.);
#7738 = PLANE('',#7739);
#7739 = AXIS2_PLACEMENT_3D('',#7740,#7741,#7742);
#7740 = CARTESIAN_POINT('',(157.5,21.,91.));
#7741 = DIRECTION('',(-0.,1.,0.));
#7742 = DIRECTION('',(0.,0.,1.));
#7743 = ADVANCED_FACE('',(#7744),#7760,.T.);
#7744 = FACE_BOUND('',#7745,.T.);
#7745 = EDGE_LOOP('',(#7746,#7752,#7753,#7759));
#7746 = ORIENTED_EDGE('',*,*,#7747,.F.);
#7747 = EDGE_CURVE('',#7656,#7696,#7748,.T.);
#7748 = LINE('',#7749,#7750);
#7749 = CARTESIAN_POINT('',(157.5,22.6,91.));
#7750 = VECTOR('',#7751,1.);
#7751 = DIRECTION('',(1.,0.,-0.));
#7752 = ORIENTED_EDGE('',*,*,#7663,.T.);
#7753 = ORIENTED_EDGE('',*,*,#7754,.T.);
#7754 = EDGE_CURVE('',#7664,#7704,#7755,.T.);
#7755 = LINE('',#7756,#7757);
#7756 = CARTESIAN_POINT('',(157.5,22.6,151.));
#7757 = VECTOR('',#7758,1.);
#7758 = DIRECTION('',(1.,0.,-0.));
#7759 = ORIENTED_EDGE('',*,*,#7703,.F.);
#7760 = PLANE('',#7761);
#7761 = AXIS2_PLACEMENT_3D('',#7762,#7763,#7764);
#7762 = CARTESIAN_POINT('',(157.5,22.6,91.));
#7763 = DIRECTION('',(-0.,1.,0.));
#7764 = DIRECTION('',(0.,0.,1.));
#7765 = ADVANCED_FACE('',(#7766),#7772,.F.);
#7766 = FACE_BOUND('',#7767,.F.);
#7767 = EDGE_LOOP('',(#7768,#7769,#7770,#7771));
#7768 = ORIENTED_EDGE('',*,*,#7655,.F.);
#7769 = ORIENTED_EDGE('',*,*,#7725,.T.);
#7770 = ORIENTED_EDGE('',*,*,#7695,.T.);
#7771 = ORIENTED_EDGE('',*,*,#7747,.F.);
#7772 = PLANE('',#7773);
#7773 = AXIS2_PLACEMENT_3D('',#7774,#7775,#7776);
#7774 = CARTESIAN_POINT('',(157.5,21.,91.));
#7775 = DIRECTION('',(0.,0.,1.));
#7776 = DIRECTION('',(1.,0.,-0.));
#7777 = ADVANCED_FACE('',(#7778),#7784,.T.);
#7778 = FACE_BOUND('',#7779,.T.);
#7779 = EDGE_LOOP('',(#7780,#7781,#7782,#7783));
#7780 = ORIENTED_EDGE('',*,*,#7671,.F.);
#7781 = ORIENTED_EDGE('',*,*,#7732,.T.);
#7782 = ORIENTED_EDGE('',*,*,#7711,.T.);
#7783 = ORIENTED_EDGE('',*,*,#7754,.F.);
#7784 = PLANE('',#7785);
#7785 = AXIS2_PLACEMENT_3D('',#7786,#7787,#7788);
#7786 = CARTESIAN_POINT('',(157.5,21.,151.));
#7787 = DIRECTION('',(0.,0.,1.));
#7788 = DIRECTION('',(1.,0.,-0.));
#7789 = ( GEOMETRIC_REPRESENTATION_CONTEXT(3) 
GLOBAL_UNCERTAINTY_ASSIGNED_CONTEXT((#7793)) 
GLOBAL_UNIT_ASSIGNED_CONTEXT((#7790,#7791,#7792)) REPRESENTATION_CONTEXT
('Context #1','3D Context with UNIT and UNCERTAINTY') );
#7790 = ( LENGTH_UNIT() NAMED_UNIT(*) SI_UNIT(.MILLI.,.METRE.) );
#7791 = ( NAMED_UNIT(*) PLANE_ANGLE_UNIT() SI_UNIT($,.RADIAN.) );
#7792 = ( NAMED_UNIT(*) SI_UNIT($,.STERADIAN.) SOLID_ANGLE_UNIT() );
#7793 = UNCERTAINTY_MEASURE_WITH_UNIT(LENGTH_MEASURE(1.E-07),#7790,
  'distance_accuracy_value','confusion accuracy');
#7794 = CONTEXT_DEPENDENT_SHAPE_REPRESENTATION(#7795,#7797);
#7795 = ( REPRESENTATION_RELATIONSHIP('','',#7638,#10) 
REPRESENTATION_RELATIONSHIP_WITH_TRANSFORMATION(#7796) 
SHAPE_REPRESENTATION_RELATIONSHIP() );
#7796 = ITEM_DEFINED_TRANSFORMATION('','',#11,#83);
#7797 = PRODUCT_DEFINITION_SHAPE('Placement','Placement of an item',
  #7798);
#7798 = NEXT_ASSEMBLY_USAGE_OCCURRENCE('73','RF PA board PA7 (35x60)',''
  ,#5,#7633,$);
#7799 = PRODUCT_RELATED_PRODUCT_CATEGORY('part',$,(#7635));
#7800 = SHAPE_DEFINITION_REPRESENTATION(#7801,#7807);
#7801 = PRODUCT_DEFINITION_SHAPE('','',#7802);
#7802 = PRODUCT_DEFINITION('design','',#7803,#7806);
#7803 = PRODUCT_DEFINITION_FORMATION('','',#7804);
#7804 = PRODUCT('PA7 component envelope','PA7 component envelope','',(
    #7805));
#7805 = PRODUCT_CONTEXT('',#2,'mechanical');
#7806 = PRODUCT_DEFINITION_CONTEXT('part definition',#2,'design');
#7807 = ADVANCED_BREP_SHAPE_REPRESENTATION('',(#11,#7808),#7958);
#7808 = MANIFOLD_SOLID_BREP('',#7809);
#7809 = CLOSED_SHELL('',(#7810,#7850,#7890,#7912,#7934,#7946));
#7810 = ADVANCED_FACE('',(#7811),#7845,.F.);
#7811 = FACE_BOUND('',#7812,.F.);
#7812 = EDGE_LOOP('',(#7813,#7823,#7831,#7839));
#7813 = ORIENTED_EDGE('',*,*,#7814,.F.);
#7814 = EDGE_CURVE('',#7815,#7817,#7819,.T.);
#7815 = VERTEX_POINT('',#7816);
#7816 = CARTESIAN_POINT('',(160.5,22.6,96.));
#7817 = VERTEX_POINT('',#7818);
#7818 = CARTESIAN_POINT('',(160.5,22.6,146.));
#7819 = LINE('',#7820,#7821);
#7820 = CARTESIAN_POINT('',(160.5,22.6,96.));
#7821 = VECTOR('',#7822,1.);
#7822 = DIRECTION('',(0.,0.,1.));
#7823 = ORIENTED_EDGE('',*,*,#7824,.T.);
#7824 = EDGE_CURVE('',#7815,#7825,#7827,.T.);
#7825 = VERTEX_POINT('',#7826);
#7826 = CARTESIAN_POINT('',(160.5,32.6,96.));
#7827 = LINE('',#7828,#7829);
#7828 = CARTESIAN_POINT('',(160.5,22.6,96.));
#7829 = VECTOR('',#7830,1.);
#7830 = DIRECTION('',(-0.,1.,0.));
#7831 = ORIENTED_EDGE('',*,*,#7832,.T.);
#7832 = EDGE_CURVE('',#7825,#7833,#7835,.T.);
#7833 = VERTEX_POINT('',#7834);
#7834 = CARTESIAN_POINT('',(160.5,32.6,146.));
#7835 = LINE('',#7836,#7837);
#7836 = CARTESIAN_POINT('',(160.5,32.6,96.));
#7837 = VECTOR('',#7838,1.);
#7838 = DIRECTION('',(0.,0.,1.));
#7839 = ORIENTED_EDGE('',*,*,#7840,.F.);
#7840 = EDGE_CURVE('',#7817,#7833,#7841,.T.);
#7841 = LINE('',#7842,#7843);
#7842 = CARTESIAN_POINT('',(160.5,22.6,146.));
#7843 = VECTOR('',#7844,1.);
#7844 = DIRECTION('',(-0.,1.,0.));
#7845 = PLANE('',#7846);
#7846 = AXIS2_PLACEMENT_3D('',#7847,#7848,#7849);
#7847 = CARTESIAN_POINT('',(160.5,22.6,96.));
#7848 = DIRECTION('',(1.,0.,-0.));
#7849 = DIRECTION('',(0.,0.,1.));
#7850 = ADVANCED_FACE('',(#7851),#7885,.T.);
#7851 = FACE_BOUND('',#7852,.T.);
#7852 = EDGE_LOOP('',(#7853,#7863,#7871,#7879));
#7853 = ORIENTED_EDGE('',*,*,#7854,.F.);
#7854 = EDGE_CURVE('',#7855,#7857,#7859,.T.);
#7855 = VERTEX_POINT('',#7856);
#7856 = CARTESIAN_POINT('',(189.5,22.6,96.));
#7857 = VERTEX_POINT('',#7858);
#7858 = CARTESIAN_POINT('',(189.5,22.6,146.));
#7859 = LINE('',#7860,#7861);
#7860 = CARTESIAN_POINT('',(189.5,22.6,96.));
#7861 = VECTOR('',#7862,1.);
#7862 = DIRECTION('',(0.,0.,1.));
#7863 = ORIENTED_EDGE('',*,*,#7864,.T.);
#7864 = EDGE_CURVE('',#7855,#7865,#7867,.T.);
#7865 = VERTEX_POINT('',#7866);
#7866 = CARTESIAN_POINT('',(189.5,32.6,96.));
#7867 = LINE('',#7868,#7869);
#7868 = CARTESIAN_POINT('',(189.5,22.6,96.));
#7869 = VECTOR('',#7870,1.);
#7870 = DIRECTION('',(-0.,1.,0.));
#7871 = ORIENTED_EDGE('',*,*,#7872,.T.);
#7872 = EDGE_CURVE('',#7865,#7873,#7875,.T.);
#7873 = VERTEX_POINT('',#7874);
#7874 = CARTESIAN_POINT('',(189.5,32.6,146.));
#7875 = LINE('',#7876,#7877);
#7876 = CARTESIAN_POINT('',(189.5,32.6,96.));
#7877 = VECTOR('',#7878,1.);
#7878 = DIRECTION('',(0.,0.,1.));
#7879 = ORIENTED_EDGE('',*,*,#7880,.F.);
#7880 = EDGE_CURVE('',#7857,#7873,#7881,.T.);
#7881 = LINE('',#7882,#7883);
#7882 = CARTESIAN_POINT('',(189.5,22.6,146.));
#7883 = VECTOR('',#7884,1.);
#7884 = DIRECTION('',(-0.,1.,0.));
#7885 = PLANE('',#7886);
#7886 = AXIS2_PLACEMENT_3D('',#7887,#7888,#7889);
#7887 = CARTESIAN_POINT('',(189.5,22.6,96.));
#7888 = DIRECTION('',(1.,0.,-0.));
#7889 = DIRECTION('',(0.,0.,1.));
#7890 = ADVANCED_FACE('',(#7891),#7907,.F.);
#7891 = FACE_BOUND('',#7892,.F.);
#7892 = EDGE_LOOP('',(#7893,#7899,#7900,#7906));
#7893 = ORIENTED_EDGE('',*,*,#7894,.F.);
#7894 = EDGE_CURVE('',#7815,#7855,#7895,.T.);
#7895 = LINE('',#7896,#7897);
#7896 = CARTESIAN_POINT('',(160.5,22.6,96.));
#7897 = VECTOR('',#7898,1.);
#7898 = DIRECTION('',(1.,0.,-0.));
#7899 = ORIENTED_EDGE('',*,*,#7814,.T.);
#7900 = ORIENTED_EDGE('',*,*,#7901,.T.);
#7901 = EDGE_CURVE('',#7817,#7857,#7902,.T.);
#7902 = LINE('',#7903,#7904);
#7903 = CARTESIAN_POINT('',(160.5,22.6,146.));
#7904 = VECTOR('',#7905,1.);
#7905 = DIRECTION('',(1.,0.,-0.));
#7906 = ORIENTED_EDGE('',*,*,#7854,.F.);
#7907 = PLANE('',#7908);
#7908 = AXIS2_PLACEMENT_3D('',#7909,#7910,#7911);
#7909 = CARTESIAN_POINT('',(160.5,22.6,96.));
#7910 = DIRECTION('',(-0.,1.,0.));
#7911 = DIRECTION('',(0.,0.,1.));
#7912 = ADVANCED_FACE('',(#7913),#7929,.T.);
#7913 = FACE_BOUND('',#7914,.T.);
#7914 = EDGE_LOOP('',(#7915,#7921,#7922,#7928));
#7915 = ORIENTED_EDGE('',*,*,#7916,.F.);
#7916 = EDGE_CURVE('',#7825,#7865,#7917,.T.);
#7917 = LINE('',#7918,#7919);
#7918 = CARTESIAN_POINT('',(160.5,32.6,96.));
#7919 = VECTOR('',#7920,1.);
#7920 = DIRECTION('',(1.,0.,-0.));
#7921 = ORIENTED_EDGE('',*,*,#7832,.T.);
#7922 = ORIENTED_EDGE('',*,*,#7923,.T.);
#7923 = EDGE_CURVE('',#7833,#7873,#7924,.T.);
#7924 = LINE('',#7925,#7926);
#7925 = CARTESIAN_POINT('',(160.5,32.6,146.));
#7926 = VECTOR('',#7927,1.);
#7927 = DIRECTION('',(1.,0.,-0.));
#7928 = ORIENTED_EDGE('',*,*,#7872,.F.);
#7929 = PLANE('',#7930);
#7930 = AXIS2_PLACEMENT_3D('',#7931,#7932,#7933);
#7931 = CARTESIAN_POINT('',(160.5,32.6,96.));
#7932 = DIRECTION('',(-0.,1.,0.));
#7933 = DIRECTION('',(0.,0.,1.));
#7934 = ADVANCED_FACE('',(#7935),#7941,.F.);
#7935 = FACE_BOUND('',#7936,.F.);
#7936 = EDGE_LOOP('',(#7937,#7938,#7939,#7940));
#7937 = ORIENTED_EDGE('',*,*,#7824,.F.);
#7938 = ORIENTED_EDGE('',*,*,#7894,.T.);
#7939 = ORIENTED_EDGE('',*,*,#7864,.T.);
#7940 = ORIENTED_EDGE('',*,*,#7916,.F.);
#7941 = PLANE('',#7942);
#7942 = AXIS2_PLACEMENT_3D('',#7943,#7944,#7945);
#7943 = CARTESIAN_POINT('',(160.5,22.6,96.));
#7944 = DIRECTION('',(0.,0.,1.));
#7945 = DIRECTION('',(1.,0.,-0.));
#7946 = ADVANCED_FACE('',(#7947),#7953,.T.);
#7947 = FACE_BOUND('',#7948,.T.);
#7948 = EDGE_LOOP('',(#7949,#7950,#7951,#7952));
#7949 = ORIENTED_EDGE('',*,*,#7840,.F.);
#7950 = ORIENTED_EDGE('',*,*,#7901,.T.);
#7951 = ORIENTED_EDGE('',*,*,#7880,.T.);
#7952 = ORIENTED_EDGE('',*,*,#7923,.F.);
#7953 = PLANE('',#7954);
#7954 = AXIS2_PLACEMENT_3D('',#7955,#7956,#7957);
#7955 = CARTESIAN_POINT('',(160.5,22.6,146.));
#7956 = DIRECTION('',(0.,0.,1.));
#7957 = DIRECTION('',(1.,0.,-0.));
#7958 = ( GEOMETRIC_REPRESENTATION_CONTEXT(3) 
GLOBAL_UNCERTAINTY_ASSIGNED_CONTEXT((#7962)) 
GLOBAL_UNIT_ASSIGNED_CONTEXT((#7959,#7960,#7961)) REPRESENTATION_CONTEXT
('Context #1','3D Context with UNIT and UNCERTAINTY') );
#7959 = ( LENGTH_UNIT() NAMED_UNIT(*) SI_UNIT(.MILLI.,.METRE.) );
#7960 = ( NAMED_UNIT(*) PLANE_ANGLE_UNIT() SI_UNIT($,.RADIAN.) );
#7961 = ( NAMED_UNIT(*) SI_UNIT($,.STERADIAN.) SOLID_ANGLE_UNIT() );
#7962 = UNCERTAINTY_MEASURE_WITH_UNIT(LENGTH_MEASURE(1.E-07),#7959,
  'distance_accuracy_value','confusion accuracy');
#7963 = CONTEXT_DEPENDENT_SHAPE_REPRESENTATION(#7964,#7966);
#7964 = ( REPRESENTATION_RELATIONSHIP('','',#7807,#10) 
REPRESENTATION_RELATIONSHIP_WITH_TRANSFORMATION(#7965) 
SHAPE_REPRESENTATION_RELATIONSHIP() );
#7965 = ITEM_DEFINED_TRANSFORMATION('','',#11,#87);
#7966 = PRODUCT_DEFINITION_SHAPE('Placement','Placement of an item',
  #7967);
#7967 = NEXT_ASSEMBLY_USAGE_OCCURRENCE('74','PA7 component envelope','',
  #5,#7802,$);
#7968 = PRODUCT_RELATED_PRODUCT_CATEGORY('part',$,(#7804));
#7969 = SHAPE_DEFINITION_REPRESENTATION(#7970,#7976);
#7970 = PRODUCT_DEFINITION_SHAPE('','',#7971);
#7971 = PRODUCT_DEFINITION('design','',#7972,#7975);
#7972 = PRODUCT_DEFINITION_FORMATION('','',#7973);
#7973 = PRODUCT('RF PA board PA8 (35x60)','RF PA board PA8 (35x60)','',(
    #7974));
#7974 = PRODUCT_CONTEXT('',#2,'mechanical');
#7975 = PRODUCT_DEFINITION_CONTEXT('part definition',#2,'design');
#7976 = ADVANCED_BREP_SHAPE_REPRESENTATION('',(#11,#7977),#8127);
#7977 = MANIFOLD_SOLID_BREP('',#7978);
#7978 = CLOSED_SHELL('',(#7979,#8019,#8059,#8081,#8103,#8115));
#7979 = ADVANCED_FACE('',(#7980),#8014,.F.);
#7980 = FACE_BOUND('',#7981,.F.);
#7981 = EDGE_LOOP('',(#7982,#7992,#8000,#8008));
#7982 = ORIENTED_EDGE('',*,*,#7983,.F.);
#7983 = EDGE_CURVE('',#7984,#7986,#7988,.T.);
#7984 = VERTEX_POINT('',#7985);
#7985 = CARTESIAN_POINT('',(197.5,21.,91.));
#7986 = VERTEX_POINT('',#7987);
#7987 = CARTESIAN_POINT('',(197.5,21.,151.));
#7988 = LINE('',#7989,#7990);
#7989 = CARTESIAN_POINT('',(197.5,21.,91.));
#7990 = VECTOR('',#7991,1.);
#7991 = DIRECTION('',(0.,0.,1.));
#7992 = ORIENTED_EDGE('',*,*,#7993,.T.);
#7993 = EDGE_CURVE('',#7984,#7994,#7996,.T.);
#7994 = VERTEX_POINT('',#7995);
#7995 = CARTESIAN_POINT('',(197.5,22.6,91.));
#7996 = LINE('',#7997,#7998);
#7997 = CARTESIAN_POINT('',(197.5,21.,91.));
#7998 = VECTOR('',#7999,1.);
#7999 = DIRECTION('',(-0.,1.,0.));
#8000 = ORIENTED_EDGE('',*,*,#8001,.T.);
#8001 = EDGE_CURVE('',#7994,#8002,#8004,.T.);
#8002 = VERTEX_POINT('',#8003);
#8003 = CARTESIAN_POINT('',(197.5,22.6,151.));
#8004 = LINE('',#8005,#8006);
#8005 = CARTESIAN_POINT('',(197.5,22.6,91.));
#8006 = VECTOR('',#8007,1.);
#8007 = DIRECTION('',(0.,0.,1.));
#8008 = ORIENTED_EDGE('',*,*,#8009,.F.);
#8009 = EDGE_CURVE('',#7986,#8002,#8010,.T.);
#8010 = LINE('',#8011,#8012);
#8011 = CARTESIAN_POINT('',(197.5,21.,151.));
#8012 = VECTOR('',#8013,1.);
#8013 = DIRECTION('',(-0.,1.,0.));
#8014 = PLANE('',#8015);
#8015 = AXIS2_PLACEMENT_3D('',#8016,#8017,#8018);
#8016 = CARTESIAN_POINT('',(197.5,21.,91.));
#8017 = DIRECTION('',(1.,0.,-0.));
#8018 = DIRECTION('',(0.,0.,1.));
#8019 = ADVANCED_FACE('',(#8020),#8054,.T.);
#8020 = FACE_BOUND('',#8021,.T.);
#8021 = EDGE_LOOP('',(#8022,#8032,#8040,#8048));
#8022 = ORIENTED_EDGE('',*,*,#8023,.F.);
#8023 = EDGE_CURVE('',#8024,#8026,#8028,.T.);
#8024 = VERTEX_POINT('',#8025);
#8025 = CARTESIAN_POINT('',(232.5,21.,91.));
#8026 = VERTEX_POINT('',#8027);
#8027 = CARTESIAN_POINT('',(232.5,21.,151.));
#8028 = LINE('',#8029,#8030);
#8029 = CARTESIAN_POINT('',(232.5,21.,91.));
#8030 = VECTOR('',#8031,1.);
#8031 = DIRECTION('',(0.,0.,1.));
#8032 = ORIENTED_EDGE('',*,*,#8033,.T.);
#8033 = EDGE_CURVE('',#8024,#8034,#8036,.T.);
#8034 = VERTEX_POINT('',#8035);
#8035 = CARTESIAN_POINT('',(232.5,22.6,91.));
#8036 = LINE('',#8037,#8038);
#8037 = CARTESIAN_POINT('',(232.5,21.,91.));
#8038 = VECTOR('',#8039,1.);
#8039 = DIRECTION('',(-0.,1.,0.));
#8040 = ORIENTED_EDGE('',*,*,#8041,.T.);
#8041 = EDGE_CURVE('',#8034,#8042,#8044,.T.);
#8042 = VERTEX_POINT('',#8043);
#8043 = CARTESIAN_POINT('',(232.5,22.6,151.));
#8044 = LINE('',#8045,#8046);
#8045 = CARTESIAN_POINT('',(232.5,22.6,91.));
#8046 = VECTOR('',#8047,1.);
#8047 = DIRECTION('',(0.,0.,1.));
#8048 = ORIENTED_EDGE('',*,*,#8049,.F.);
#8049 = EDGE_CURVE('',#8026,#8042,#8050,.T.);
#8050 = LINE('',#8051,#8052);
#8051 = CARTESIAN_POINT('',(232.5,21.,151.));
#8052 = VECTOR('',#8053,1.);
#8053 = DIRECTION('',(-0.,1.,0.));
#8054 = PLANE('',#8055);
#8055 = AXIS2_PLACEMENT_3D('',#8056,#8057,#8058);
#8056 = CARTESIAN_POINT('',(232.5,21.,91.));
#8057 = DIRECTION('',(1.,0.,-0.));
#8058 = DIRECTION('',(0.,0.,1.));
#8059 = ADVANCED_FACE('',(#8060),#8076,.F.);
#8060 = FACE_BOUND('',#8061,.F.);
#8061 = EDGE_LOOP('',(#8062,#8068,#8069,#8075));
#8062 = ORIENTED_EDGE('',*,*,#8063,.F.);
#8063 = EDGE_CURVE('',#7984,#8024,#8064,.T.);
#8064 = LINE('',#8065,#8066);
#8065 = CARTESIAN_POINT('',(197.5,21.,91.));
#8066 = VECTOR('',#8067,1.);
#8067 = DIRECTION('',(1.,0.,-0.));
#8068 = ORIENTED_EDGE('',*,*,#7983,.T.);
#8069 = ORIENTED_EDGE('',*,*,#8070,.T.);
#8070 = EDGE_CURVE('',#7986,#8026,#8071,.T.);
#8071 = LINE('',#8072,#8073);
#8072 = CARTESIAN_POINT('',(197.5,21.,151.));
#8073 = VECTOR('',#8074,1.);
#8074 = DIRECTION('',(1.,0.,-0.));
#8075 = ORIENTED_EDGE('',*,*,#8023,.F.);
#8076 = PLANE('',#8077);
#8077 = AXIS2_PLACEMENT_3D('',#8078,#8079,#8080);
#8078 = CARTESIAN_POINT('',(197.5,21.,91.));
#8079 = DIRECTION('',(-0.,1.,0.));
#8080 = DIRECTION('',(0.,0.,1.));
#8081 = ADVANCED_FACE('',(#8082),#8098,.T.);
#8082 = FACE_BOUND('',#8083,.T.);
#8083 = EDGE_LOOP('',(#8084,#8090,#8091,#8097));
#8084 = ORIENTED_EDGE('',*,*,#8085,.F.);
#8085 = EDGE_CURVE('',#7994,#8034,#8086,.T.);
#8086 = LINE('',#8087,#8088);
#8087 = CARTESIAN_POINT('',(197.5,22.6,91.));
#8088 = VECTOR('',#8089,1.);
#8089 = DIRECTION('',(1.,0.,-0.));
#8090 = ORIENTED_EDGE('',*,*,#8001,.T.);
#8091 = ORIENTED_EDGE('',*,*,#8092,.T.);
#8092 = EDGE_CURVE('',#8002,#8042,#8093,.T.);
#8093 = LINE('',#8094,#8095);
#8094 = CARTESIAN_POINT('',(197.5,22.6,151.));
#8095 = VECTOR('',#8096,1.);
#8096 = DIRECTION('',(1.,0.,-0.));
#8097 = ORIENTED_EDGE('',*,*,#8041,.F.);
#8098 = PLANE('',#8099);
#8099 = AXIS2_PLACEMENT_3D('',#8100,#8101,#8102);
#8100 = CARTESIAN_POINT('',(197.5,22.6,91.));
#8101 = DIRECTION('',(-0.,1.,0.));
#8102 = DIRECTION('',(0.,0.,1.));
#8103 = ADVANCED_FACE('',(#8104),#8110,.F.);
#8104 = FACE_BOUND('',#8105,.F.);
#8105 = EDGE_LOOP('',(#8106,#8107,#8108,#8109));
#8106 = ORIENTED_EDGE('',*,*,#7993,.F.);
#8107 = ORIENTED_EDGE('',*,*,#8063,.T.);
#8108 = ORIENTED_EDGE('',*,*,#8033,.T.);
#8109 = ORIENTED_EDGE('',*,*,#8085,.F.);
#8110 = PLANE('',#8111);
#8111 = AXIS2_PLACEMENT_3D('',#8112,#8113,#8114);
#8112 = CARTESIAN_POINT('',(197.5,21.,91.));
#8113 = DIRECTION('',(0.,0.,1.));
#8114 = DIRECTION('',(1.,0.,-0.));
#8115 = ADVANCED_FACE('',(#8116),#8122,.T.);
#8116 = FACE_BOUND('',#8117,.T.);
#8117 = EDGE_LOOP('',(#8118,#8119,#8120,#8121));
#8118 = ORIENTED_EDGE('',*,*,#8009,.F.);
#8119 = ORIENTED_EDGE('',*,*,#8070,.T.);
#8120 = ORIENTED_EDGE('',*,*,#8049,.T.);
#8121 = ORIENTED_EDGE('',*,*,#8092,.F.);
#8122 = PLANE('',#8123);
#8123 = AXIS2_PLACEMENT_3D('',#8124,#8125,#8126);
#8124 = CARTESIAN_POINT('',(197.5,21.,151.));
#8125 = DIRECTION('',(0.,0.,1.));
#8126 = DIRECTION('',(1.,0.,-0.));
#8127 = ( GEOMETRIC_REPRESENTATION_CONTEXT(3) 
GLOBAL_UNCERTAINTY_ASSIGNED_CONTEXT((#8131)) 
GLOBAL_UNIT_ASSIGNED_CONTEXT((#8128,#8129,#8130)) REPRESENTATION_CONTEXT
('Context #1','3D Context with UNIT and UNCERTAINTY') );
#8128 = ( LENGTH_UNIT() NAMED_UNIT(*) SI_UNIT(.MILLI.,.METRE.) );
#8129 = ( NAMED_UNIT(*) PLANE_ANGLE_UNIT() SI_UNIT($,.RADIAN.) );
#8130 = ( NAMED_UNIT(*) SI_UNIT($,.STERADIAN.) SOLID_ANGLE_UNIT() );
#8131 = UNCERTAINTY_MEASURE_WITH_UNIT(LENGTH_MEASURE(1.E-07),#8128,
  'distance_accuracy_value','confusion accuracy');
#8132 = CONTEXT_DEPENDENT_SHAPE_REPRESENTATION(#8133,#8135);
#8133 = ( REPRESENTATION_RELATIONSHIP('','',#7976,#10) 
REPRESENTATION_RELATIONSHIP_WITH_TRANSFORMATION(#8134) 
SHAPE_REPRESENTATION_RELATIONSHIP() );
#8134 = ITEM_DEFINED_TRANSFORMATION('','',#11,#91);
#8135 = PRODUCT_DEFINITION_SHAPE('Placement','Placement of an item',
  #8136);
#8136 = NEXT_ASSEMBLY_USAGE_OCCURRENCE('75','RF PA board PA8 (35x60)',''
  ,#5,#7971,$);
#8137 = PRODUCT_RELATED_PRODUCT_CATEGORY('part',$,(#7973));
#8138 = SHAPE_DEFINITION_REPRESENTATION(#8139,#8145);
#8139 = PRODUCT_DEFINITION_SHAPE('','',#8140);
#8140 = PRODUCT_DEFINITION('design','',#8141,#8144);
#8141 = PRODUCT_DEFINITION_FORMATION('','',#8142);
#8142 = PRODUCT('PA8 component envelope','PA8 component envelope','',(
    #8143));
#8143 = PRODUCT_CONTEXT('',#2,'mechanical');
#8144 = PRODUCT_DEFINITION_CONTEXT('part definition',#2,'design');
#8145 = ADVANCED_BREP_SHAPE_REPRESENTATION('',(#11,#8146),#8296);
#8146 = MANIFOLD_SOLID_BREP('',#8147);
#8147 = CLOSED_SHELL('',(#8148,#8188,#8228,#8250,#8272,#8284));
#8148 = ADVANCED_FACE('',(#8149),#8183,.F.);
#8149 = FACE_BOUND('',#8150,.F.);
#8150 = EDGE_LOOP('',(#8151,#8161,#8169,#8177));
#8151 = ORIENTED_EDGE('',*,*,#8152,.F.);
#8152 = EDGE_CURVE('',#8153,#8155,#8157,.T.);
#8153 = VERTEX_POINT('',#8154);
#8154 = CARTESIAN_POINT('',(200.5,22.6,96.));
#8155 = VERTEX_POINT('',#8156);
#8156 = CARTESIAN_POINT('',(200.5,22.6,146.));
#8157 = LINE('',#8158,#8159);
#8158 = CARTESIAN_POINT('',(200.5,22.6,96.));
#8159 = VECTOR('',#8160,1.);
#8160 = DIRECTION('',(0.,0.,1.));
#8161 = ORIENTED_EDGE('',*,*,#8162,.T.);
#8162 = EDGE_CURVE('',#8153,#8163,#8165,.T.);
#8163 = VERTEX_POINT('',#8164);
#8164 = CARTESIAN_POINT('',(200.5,32.6,96.));
#8165 = LINE('',#8166,#8167);
#8166 = CARTESIAN_POINT('',(200.5,22.6,96.));
#8167 = VECTOR('',#8168,1.);
#8168 = DIRECTION('',(-0.,1.,0.));
#8169 = ORIENTED_EDGE('',*,*,#8170,.T.);
#8170 = EDGE_CURVE('',#8163,#8171,#8173,.T.);
#8171 = VERTEX_POINT('',#8172);
#8172 = CARTESIAN_POINT('',(200.5,32.6,146.));
#8173 = LINE('',#8174,#8175);
#8174 = CARTESIAN_POINT('',(200.5,32.6,96.));
#8175 = VECTOR('',#8176,1.);
#8176 = DIRECTION('',(0.,0.,1.));
#8177 = ORIENTED_EDGE('',*,*,#8178,.F.);
#8178 = EDGE_CURVE('',#8155,#8171,#8179,.T.);
#8179 = LINE('',#8180,#8181);
#8180 = CARTESIAN_POINT('',(200.5,22.6,146.));
#8181 = VECTOR('',#8182,1.);
#8182 = DIRECTION('',(-0.,1.,0.));
#8183 = PLANE('',#8184);
#8184 = AXIS2_PLACEMENT_3D('',#8185,#8186,#8187);
#8185 = CARTESIAN_POINT('',(200.5,22.6,96.));
#8186 = DIRECTION('',(1.,0.,-0.));
#8187 = DIRECTION('',(0.,0.,1.));
#8188 = ADVANCED_FACE('',(#8189),#8223,.T.);
#8189 = FACE_BOUND('',#8190,.T.);
#8190 = EDGE_LOOP('',(#8191,#8201,#8209,#8217));
#8191 = ORIENTED_EDGE('',*,*,#8192,.F.);
#8192 = EDGE_CURVE('',#8193,#8195,#8197,.T.);
#8193 = VERTEX_POINT('',#8194);
#8194 = CARTESIAN_POINT('',(229.5,22.6,96.));
#8195 = VERTEX_POINT('',#8196);
#8196 = CARTESIAN_POINT('',(229.5,22.6,146.));
#8197 = LINE('',#8198,#8199);
#8198 = CARTESIAN_POINT('',(229.5,22.6,96.));
#8199 = VECTOR('',#8200,1.);
#8200 = DIRECTION('',(0.,0.,1.));
#8201 = ORIENTED_EDGE('',*,*,#8202,.T.);
#8202 = EDGE_CURVE('',#8193,#8203,#8205,.T.);
#8203 = VERTEX_POINT('',#8204);
#8204 = CARTESIAN_POINT('',(229.5,32.6,96.));
#8205 = LINE('',#8206,#8207);
#8206 = CARTESIAN_POINT('',(229.5,22.6,96.));
#8207 = VECTOR('',#8208,1.);
#8208 = DIRECTION('',(-0.,1.,0.));
#8209 = ORIENTED_EDGE('',*,*,#8210,.T.);
#8210 = EDGE_CURVE('',#8203,#8211,#8213,.T.);
#8211 = VERTEX_POINT('',#8212);
#8212 = CARTESIAN_POINT('',(229.5,32.6,146.));
#8213 = LINE('',#8214,#8215);
#8214 = CARTESIAN_POINT('',(229.5,32.6,96.));
#8215 = VECTOR('',#8216,1.);
#8216 = DIRECTION('',(0.,0.,1.));
#8217 = ORIENTED_EDGE('',*,*,#8218,.F.);
#8218 = EDGE_CURVE('',#8195,#8211,#8219,.T.);
#8219 = LINE('',#8220,#8221);
#8220 = CARTESIAN_POINT('',(229.5,22.6,146.));
#8221 = VECTOR('',#8222,1.);
#8222 = DIRECTION('',(-0.,1.,0.));
#8223 = PLANE('',#8224);
#8224 = AXIS2_PLACEMENT_3D('',#8225,#8226,#8227);
#8225 = CARTESIAN_POINT('',(229.5,22.6,96.));
#8226 = DIRECTION('',(1.,0.,-0.));
#8227 = DIRECTION('',(0.,0.,1.));
#8228 = ADVANCED_FACE('',(#8229),#8245,.F.);
#8229 = FACE_BOUND('',#8230,.F.);
#8230 = EDGE_LOOP('',(#8231,#8237,#8238,#8244));
#8231 = ORIENTED_EDGE('',*,*,#8232,.F.);
#8232 = EDGE_CURVE('',#8153,#8193,#8233,.T.);
#8233 = LINE('',#8234,#8235);
#8234 = CARTESIAN_POINT('',(200.5,22.6,96.));
#8235 = VECTOR('',#8236,1.);
#8236 = DIRECTION('',(1.,0.,-0.));
#8237 = ORIENTED_EDGE('',*,*,#8152,.T.);
#8238 = ORIENTED_EDGE('',*,*,#8239,.T.);
#8239 = EDGE_CURVE('',#8155,#8195,#8240,.T.);
#8240 = LINE('',#8241,#8242);
#8241 = CARTESIAN_POINT('',(200.5,22.6,146.));
#8242 = VECTOR('',#8243,1.);
#8243 = DIRECTION('',(1.,0.,-0.));
#8244 = ORIENTED_EDGE('',*,*,#8192,.F.);
#8245 = PLANE('',#8246);
#8246 = AXIS2_PLACEMENT_3D('',#8247,#8248,#8249);
#8247 = CARTESIAN_POINT('',(200.5,22.6,96.));
#8248 = DIRECTION('',(-0.,1.,0.));
#8249 = DIRECTION('',(0.,0.,1.));
#8250 = ADVANCED_FACE('',(#8251),#8267,.T.);
#8251 = FACE_BOUND('',#8252,.T.);
#8252 = EDGE_LOOP('',(#8253,#8259,#8260,#8266));
#8253 = ORIENTED_EDGE('',*,*,#8254,.F.);
#8254 = EDGE_CURVE('',#8163,#8203,#8255,.T.);
#8255 = LINE('',#8256,#8257);
#8256 = CARTESIAN_POINT('',(200.5,32.6,96.));
#8257 = VECTOR('',#8258,1.);
#8258 = DIRECTION('',(1.,0.,-0.));
#8259 = ORIENTED_EDGE('',*,*,#8170,.T.);
#8260 = ORIENTED_EDGE('',*,*,#8261,.T.);
#8261 = EDGE_CURVE('',#8171,#8211,#8262,.T.);
#8262 = LINE('',#8263,#8264);
#8263 = CARTESIAN_POINT('',(200.5,32.6,146.));
#8264 = VECTOR('',#8265,1.);
#8265 = DIRECTION('',(1.,0.,-0.));
#8266 = ORIENTED_EDGE('',*,*,#8210,.F.);
#8267 = PLANE('',#8268);
#8268 = AXIS2_PLACEMENT_3D('',#8269,#8270,#8271);
#8269 = CARTESIAN_POINT('',(200.5,32.6,96.));
#8270 = DIRECTION('',(-0.,1.,0.));
#8271 = DIRECTION('',(0.,0.,1.));
#8272 = ADVANCED_FACE('',(#8273),#8279,.F.);
#8273 = FACE_BOUND('',#8274,.F.);
#8274 = EDGE_LOOP('',(#8275,#8276,#8277,#8278));
#8275 = ORIENTED_EDGE('',*,*,#8162,.F.);
#8276 = ORIENTED_EDGE('',*,*,#8232,.T.);
#8277 = ORIENTED_EDGE('',*,*,#8202,.T.);
#8278 = ORIENTED_EDGE('',*,*,#8254,.F.);
#8279 = PLANE('',#8280);
#8280 = AXIS2_PLACEMENT_3D('',#8281,#8282,#8283);
#8281 = CARTESIAN_POINT('',(200.5,22.6,96.));
#8282 = DIRECTION('',(0.,0.,1.));
#8283 = DIRECTION('',(1.,0.,-0.));
#8284 = ADVANCED_FACE('',(#8285),#8291,.T.);
#8285 = FACE_BOUND('',#8286,.T.);
#8286 = EDGE_LOOP('',(#8287,#8288,#8289,#8290));
#8287 = ORIENTED_EDGE('',*,*,#8178,.F.);
#8288 = ORIENTED_EDGE('',*,*,#8239,.T.);
#8289 = ORIENTED_EDGE('',*,*,#8218,.T.);
#8290 = ORIENTED_EDGE('',*,*,#8261,.F.);
#8291 = PLANE('',#8292);
#8292 = AXIS2_PLACEMENT_3D('',#8293,#8294,#8295);
#8293 = CARTESIAN_POINT('',(200.5,22.6,146.));
#8294 = DIRECTION('',(0.,0.,1.));
#8295 = DIRECTION('',(1.,0.,-0.));
#8296 = ( GEOMETRIC_REPRESENTATION_CONTEXT(3) 
GLOBAL_UNCERTAINTY_ASSIGNED_CONTEXT((#8300)) 
GLOBAL_UNIT_ASSIGNED_CONTEXT((#8297,#8298,#8299)) REPRESENTATION_CONTEXT
('Context #1','3D Context with UNIT and UNCERTAINTY') );
#8297 = ( LENGTH_UNIT() NAMED_UNIT(*) SI_UNIT(.MILLI.,.METRE.) );
#8298 = ( NAMED_UNIT(*) PLANE_ANGLE_UNIT() SI_UNIT($,.RADIAN.) );
#8299 = ( NAMED_UNIT(*) SI_UNIT($,.STERADIAN.) SOLID_ANGLE_UNIT() );
#8300 = UNCERTAINTY_MEASURE_WITH_UNIT(LENGTH_MEASURE(1.E-07),#8297,
  'distance_accuracy_value','confusion accuracy');
#8301 = CONTEXT_DEPENDENT_SHAPE_REPRESENTATION(#8302,#8304);
#8302 = ( REPRESENTATION_RELATIONSHIP('','',#8145,#10) 
REPRESENTATION_RELATIONSHIP_WITH_TRANSFORMATION(#8303) 
SHAPE_REPRESENTATION_RELATIONSHIP() );
#8303 = ITEM_DEFINED_TRANSFORMATION('','',#11,#95);
#8304 = PRODUCT_DEFINITION_SHAPE('Placement','Placement of an item',
  #8305);
#8305 = NEXT_ASSEMBLY_USAGE_OCCURRENCE('76','PA8 component envelope','',
  #5,#8140,$);
#8306 = PRODUCT_RELATED_PRODUCT_CATEGORY('part',$,(#8142));
#8307 = SHAPE_DEFINITION_REPRESENTATION(#8308,#8314);
#8308 = PRODUCT_DEFINITION_SHAPE('','',#8309);
#8309 = PRODUCT_DEFINITION('design','',#8310,#8313);
#8310 = PRODUCT_DEFINITION_FORMATION('','',#8311);
#8311 = PRODUCT('RF PA board PA9 (35x60)','RF PA board PA9 (35x60)','',(
    #8312));
#8312 = PRODUCT_CONTEXT('',#2,'mechanical');
#8313 = PRODUCT_DEFINITION_CONTEXT('part definition',#2,'design');
#8314 = ADVANCED_BREP_SHAPE_REPRESENTATION('',(#11,#8315),#8465);
#8315 = MANIFOLD_SOLID_BREP('',#8316);
#8316 = CLOSED_SHELL('',(#8317,#8357,#8397,#8419,#8441,#8453));
#8317 = ADVANCED_FACE('',(#8318),#8352,.F.);
#8318 = FACE_BOUND('',#8319,.F.);
#8319 = EDGE_LOOP('',(#8320,#8330,#8338,#8346));
#8320 = ORIENTED_EDGE('',*,*,#8321,.F.);
#8321 = EDGE_CURVE('',#8322,#8324,#8326,.T.);
#8322 = VERTEX_POINT('',#8323);
#8323 = CARTESIAN_POINT('',(77.5,21.,159.));
#8324 = VERTEX_POINT('',#8325);
#8325 = CARTESIAN_POINT('',(77.5,21.,219.));
#8326 = LINE('',#8327,#8328);
#8327 = CARTESIAN_POINT('',(77.5,21.,159.));
#8328 = VECTOR('',#8329,1.);
#8329 = DIRECTION('',(0.,0.,1.));
#8330 = ORIENTED_EDGE('',*,*,#8331,.T.);
#8331 = EDGE_CURVE('',#8322,#8332,#8334,.T.);
#8332 = VERTEX_POINT('',#8333);
#8333 = CARTESIAN_POINT('',(77.5,22.6,159.));
#8334 = LINE('',#8335,#8336);
#8335 = CARTESIAN_POINT('',(77.5,21.,159.));
#8336 = VECTOR('',#8337,1.);
#8337 = DIRECTION('',(-0.,1.,0.));
#8338 = ORIENTED_EDGE('',*,*,#8339,.T.);
#8339 = EDGE_CURVE('',#8332,#8340,#8342,.T.);
#8340 = VERTEX_POINT('',#8341);
#8341 = CARTESIAN_POINT('',(77.5,22.6,219.));
#8342 = LINE('',#8343,#8344);
#8343 = CARTESIAN_POINT('',(77.5,22.6,159.));
#8344 = VECTOR('',#8345,1.);
#8345 = DIRECTION('',(0.,0.,1.));
#8346 = ORIENTED_EDGE('',*,*,#8347,.F.);
#8347 = EDGE_CURVE('',#8324,#8340,#8348,.T.);
#8348 = LINE('',#8349,#8350);
#8349 = CARTESIAN_POINT('',(77.5,21.,219.));
#8350 = VECTOR('',#8351,1.);
#8351 = DIRECTION('',(-0.,1.,0.));
#8352 = PLANE('',#8353);
#8353 = AXIS2_PLACEMENT_3D('',#8354,#8355,#8356);
#8354 = CARTESIAN_POINT('',(77.5,21.,159.));
#8355 = DIRECTION('',(1.,0.,-0.));
#8356 = DIRECTION('',(0.,0.,1.));
#8357 = ADVANCED_FACE('',(#8358),#8392,.T.);
#8358 = FACE_BOUND('',#8359,.T.);
#8359 = EDGE_LOOP('',(#8360,#8370,#8378,#8386));
#8360 = ORIENTED_EDGE('',*,*,#8361,.F.);
#8361 = EDGE_CURVE('',#8362,#8364,#8366,.T.);
#8362 = VERTEX_POINT('',#8363);
#8363 = CARTESIAN_POINT('',(112.5,21.,159.));
#8364 = VERTEX_POINT('',#8365);
#8365 = CARTESIAN_POINT('',(112.5,21.,219.));
#8366 = LINE('',#8367,#8368);
#8367 = CARTESIAN_POINT('',(112.5,21.,159.));
#8368 = VECTOR('',#8369,1.);
#8369 = DIRECTION('',(0.,0.,1.));
#8370 = ORIENTED_EDGE('',*,*,#8371,.T.);
#8371 = EDGE_CURVE('',#8362,#8372,#8374,.T.);
#8372 = VERTEX_POINT('',#8373);
#8373 = CARTESIAN_POINT('',(112.5,22.6,159.));
#8374 = LINE('',#8375,#8376);
#8375 = CARTESIAN_POINT('',(112.5,21.,159.));
#8376 = VECTOR('',#8377,1.);
#8377 = DIRECTION('',(-0.,1.,0.));
#8378 = ORIENTED_EDGE('',*,*,#8379,.T.);
#8379 = EDGE_CURVE('',#8372,#8380,#8382,.T.);
#8380 = VERTEX_POINT('',#8381);
#8381 = CARTESIAN_POINT('',(112.5,22.6,219.));
#8382 = LINE('',#8383,#8384);
#8383 = CARTESIAN_POINT('',(112.5,22.6,159.));
#8384 = VECTOR('',#8385,1.);
#8385 = DIRECTION('',(0.,0.,1.));
#8386 = ORIENTED_EDGE('',*,*,#8387,.F.);
#8387 = EDGE_CURVE('',#8364,#8380,#8388,.T.);
#8388 = LINE('',#8389,#8390);
#8389 = CARTESIAN_POINT('',(112.5,21.,219.));
#8390 = VECTOR('',#8391,1.);
#8391 = DIRECTION('',(-0.,1.,0.));
#8392 = PLANE('',#8393);
#8393 = AXIS2_PLACEMENT_3D('',#8394,#8395,#8396);
#8394 = CARTESIAN_POINT('',(112.5,21.,159.));
#8395 = DIRECTION('',(1.,0.,-0.));
#8396 = DIRECTION('',(0.,0.,1.));
#8397 = ADVANCED_FACE('',(#8398),#8414,.F.);
#8398 = FACE_BOUND('',#8399,.F.);
#8399 = EDGE_LOOP('',(#8400,#8406,#8407,#8413));
#8400 = ORIENTED_EDGE('',*,*,#8401,.F.);
#8401 = EDGE_CURVE('',#8322,#8362,#8402,.T.);
#8402 = LINE('',#8403,#8404);
#8403 = CARTESIAN_POINT('',(77.5,21.,159.));
#8404 = VECTOR('',#8405,1.);
#8405 = DIRECTION('',(1.,0.,-0.));
#8406 = ORIENTED_EDGE('',*,*,#8321,.T.);
#8407 = ORIENTED_EDGE('',*,*,#8408,.T.);
#8408 = EDGE_CURVE('',#8324,#8364,#8409,.T.);
#8409 = LINE('',#8410,#8411);
#8410 = CARTESIAN_POINT('',(77.5,21.,219.));
#8411 = VECTOR('',#8412,1.);
#8412 = DIRECTION('',(1.,0.,-0.));
#8413 = ORIENTED_EDGE('',*,*,#8361,.F.);
#8414 = PLANE('',#8415);
#8415 = AXIS2_PLACEMENT_3D('',#8416,#8417,#8418);
#8416 = CARTESIAN_POINT('',(77.5,21.,159.));
#8417 = DIRECTION('',(-0.,1.,0.));
#8418 = DIRECTION('',(0.,0.,1.));
#8419 = ADVANCED_FACE('',(#8420),#8436,.T.);
#8420 = FACE_BOUND('',#8421,.T.);
#8421 = EDGE_LOOP('',(#8422,#8428,#8429,#8435));
#8422 = ORIENTED_EDGE('',*,*,#8423,.F.);
#8423 = EDGE_CURVE('',#8332,#8372,#8424,.T.);
#8424 = LINE('',#8425,#8426);
#8425 = CARTESIAN_POINT('',(77.5,22.6,159.));
#8426 = VECTOR('',#8427,1.);
#8427 = DIRECTION('',(1.,0.,-0.));
#8428 = ORIENTED_EDGE('',*,*,#8339,.T.);
#8429 = ORIENTED_EDGE('',*,*,#8430,.T.);
#8430 = EDGE_CURVE('',#8340,#8380,#8431,.T.);
#8431 = LINE('',#8432,#8433);
#8432 = CARTESIAN_POINT('',(77.5,22.6,219.));
#8433 = VECTOR('',#8434,1.);
#8434 = DIRECTION('',(1.,0.,-0.));
#8435 = ORIENTED_EDGE('',*,*,#8379,.F.);
#8436 = PLANE('',#8437);
#8437 = AXIS2_PLACEMENT_3D('',#8438,#8439,#8440);
#8438 = CARTESIAN_POINT('',(77.5,22.6,159.));
#8439 = DIRECTION('',(-0.,1.,0.));
#8440 = DIRECTION('',(0.,0.,1.));
#8441 = ADVANCED_FACE('',(#8442),#8448,.F.);
#8442 = FACE_BOUND('',#8443,.F.);
#8443 = EDGE_LOOP('',(#8444,#8445,#8446,#8447));
#8444 = ORIENTED_EDGE('',*,*,#8331,.F.);
#8445 = ORIENTED_EDGE('',*,*,#8401,.T.);
#8446 = ORIENTED_EDGE('',*,*,#8371,.T.);
#8447 = ORIENTED_EDGE('',*,*,#8423,.F.);
#8448 = PLANE('',#8449);
#8449 = AXIS2_PLACEMENT_3D('',#8450,#8451,#8452);
#8450 = CARTESIAN_POINT('',(77.5,21.,159.));
#8451 = DIRECTION('',(0.,0.,1.));
#8452 = DIRECTION('',(1.,0.,-0.));
#8453 = ADVANCED_FACE('',(#8454),#8460,.T.);
#8454 = FACE_BOUND('',#8455,.T.);
#8455 = EDGE_LOOP('',(#8456,#8457,#8458,#8459));
#8456 = ORIENTED_EDGE('',*,*,#8347,.F.);
#8457 = ORIENTED_EDGE('',*,*,#8408,.T.);
#8458 = ORIENTED_EDGE('',*,*,#8387,.T.);
#8459 = ORIENTED_EDGE('',*,*,#8430,.F.);
#8460 = PLANE('',#8461);
#8461 = AXIS2_PLACEMENT_3D('',#8462,#8463,#8464);
#8462 = CARTESIAN_POINT('',(77.5,21.,219.));
#8463 = DIRECTION('',(0.,0.,1.));
#8464 = DIRECTION('',(1.,0.,-0.));
#8465 = ( GEOMETRIC_REPRESENTATION_CONTEXT(3) 
GLOBAL_UNCERTAINTY_ASSIGNED_CONTEXT((#8469)) 
GLOBAL_UNIT_ASSIGNED_CONTEXT((#8466,#8467,#8468)) REPRESENTATION_CONTEXT
('Context #1','3D Context with UNIT and UNCERTAINTY') );
#8466 = ( LENGTH_UNIT() NAMED_UNIT(*) SI_UNIT(.MILLI.,.METRE.) );
#8467 = ( NAMED_UNIT(*) PLANE_ANGLE_UNIT() SI_UNIT($,.RADIAN.) );
#8468 = ( NAMED_UNIT(*) SI_UNIT($,.STERADIAN.) SOLID_ANGLE_UNIT() );
#8469 = UNCERTAINTY_MEASURE_WITH_UNIT(LENGTH_MEASURE(1.E-07),#8466,
  'distance_accuracy_value','confusion accuracy');
#8470 = CONTEXT_DEPENDENT_SHAPE_REPRESENTATION(#8471,#8473);
#8471 = ( REPRESENTATION_RELATIONSHIP('','',#8314,#10) 
REPRESENTATION_RELATIONSHIP_WITH_TRANSFORMATION(#8472) 
SHAPE_REPRESENTATION_RELATIONSHIP() );
#8472 = ITEM_DEFINED_TRANSFORMATION('','',#11,#99);
#8473 = PRODUCT_DEFINITION_SHAPE('Placement','Placement of an item',
  #8474);
#8474 = NEXT_ASSEMBLY_USAGE_OCCURRENCE('77','RF PA board PA9 (35x60)',''
  ,#5,#8309,$);
#8475 = PRODUCT_RELATED_PRODUCT_CATEGORY('part',$,(#8311));
#8476 = SHAPE_DEFINITION_REPRESENTATION(#8477,#8483);
#8477 = PRODUCT_DEFINITION_SHAPE('','',#8478);
#8478 = PRODUCT_DEFINITION('design','',#8479,#8482);
#8479 = PRODUCT_DEFINITION_FORMATION('','',#8480);
#8480 = PRODUCT('PA9 component envelope','PA9 component envelope','',(
    #8481));
#8481 = PRODUCT_CONTEXT('',#2,'mechanical');
#8482 = PRODUCT_DEFINITION_CONTEXT('part definition',#2,'design');
#8483 = ADVANCED_BREP_SHAPE_REPRESENTATION('',(#11,#8484),#8634);
#8484 = MANIFOLD_SOLID_BREP('',#8485);
#8485 = CLOSED_SHELL('',(#8486,#8526,#8566,#8588,#8610,#8622));
#8486 = ADVANCED_FACE('',(#8487),#8521,.F.);
#8487 = FACE_BOUND('',#8488,.F.);
#8488 = EDGE_LOOP('',(#8489,#8499,#8507,#8515));
#8489 = ORIENTED_EDGE('',*,*,#8490,.F.);
#8490 = EDGE_CURVE('',#8491,#8493,#8495,.T.);
#8491 = VERTEX_POINT('',#8492);
#8492 = CARTESIAN_POINT('',(80.5,22.6,164.));
#8493 = VERTEX_POINT('',#8494);
#8494 = CARTESIAN_POINT('',(80.5,22.6,214.));
#8495 = LINE('',#8496,#8497);
#8496 = CARTESIAN_POINT('',(80.5,22.6,164.));
#8497 = VECTOR('',#8498,1.);
#8498 = DIRECTION('',(0.,0.,1.));
#8499 = ORIENTED_EDGE('',*,*,#8500,.T.);
#8500 = EDGE_CURVE('',#8491,#8501,#8503,.T.);
#8501 = VERTEX_POINT('',#8502);
#8502 = CARTESIAN_POINT('',(80.5,32.6,164.));
#8503 = LINE('',#8504,#8505);
#8504 = CARTESIAN_POINT('',(80.5,22.6,164.));
#8505 = VECTOR('',#8506,1.);
#8506 = DIRECTION('',(-0.,1.,0.));
#8507 = ORIENTED_EDGE('',*,*,#8508,.T.);
#8508 = EDGE_CURVE('',#8501,#8509,#8511,.T.);
#8509 = VERTEX_POINT('',#8510);
#8510 = CARTESIAN_POINT('',(80.5,32.6,214.));
#8511 = LINE('',#8512,#8513);
#8512 = CARTESIAN_POINT('',(80.5,32.6,164.));
#8513 = VECTOR('',#8514,1.);
#8514 = DIRECTION('',(0.,0.,1.));
#8515 = ORIENTED_EDGE('',*,*,#8516,.F.);
#8516 = EDGE_CURVE('',#8493,#8509,#8517,.T.);
#8517 = LINE('',#8518,#8519);
#8518 = CARTESIAN_POINT('',(80.5,22.6,214.));
#8519 = VECTOR('',#8520,1.);
#8520 = DIRECTION('',(-0.,1.,0.));
#8521 = PLANE('',#8522);
#8522 = AXIS2_PLACEMENT_3D('',#8523,#8524,#8525);
#8523 = CARTESIAN_POINT('',(80.5,22.6,164.));
#8524 = DIRECTION('',(1.,0.,-0.));
#8525 = DIRECTION('',(0.,0.,1.));
#8526 = ADVANCED_FACE('',(#8527),#8561,.T.);
#8527 = FACE_BOUND('',#8528,.T.);
#8528 = EDGE_LOOP('',(#8529,#8539,#8547,#8555));
#8529 = ORIENTED_EDGE('',*,*,#8530,.F.);
#8530 = EDGE_CURVE('',#8531,#8533,#8535,.T.);
#8531 = VERTEX_POINT('',#8532);
#8532 = CARTESIAN_POINT('',(109.5,22.6,164.));
#8533 = VERTEX_POINT('',#8534);
#8534 = CARTESIAN_POINT('',(109.5,22.6,214.));
#8535 = LINE('',#8536,#8537);
#8536 = CARTESIAN_POINT('',(109.5,22.6,164.));
#8537 = VECTOR('',#8538,1.);
#8538 = DIRECTION('',(0.,0.,1.));
#8539 = ORIENTED_EDGE('',*,*,#8540,.T.);
#8540 = EDGE_CURVE('',#8531,#8541,#8543,.T.);
#8541 = VERTEX_POINT('',#8542);
#8542 = CARTESIAN_POINT('',(109.5,32.6,164.));
#8543 = LINE('',#8544,#8545);
#8544 = CARTESIAN_POINT('',(109.5,22.6,164.));
#8545 = VECTOR('',#8546,1.);
#8546 = DIRECTION('',(-0.,1.,0.));
#8547 = ORIENTED_EDGE('',*,*,#8548,.T.);
#8548 = EDGE_CURVE('',#8541,#8549,#8551,.T.);
#8549 = VERTEX_POINT('',#8550);
#8550 = CARTESIAN_POINT('',(109.5,32.6,214.));
#8551 = LINE('',#8552,#8553);
#8552 = CARTESIAN_POINT('',(109.5,32.6,164.));
#8553 = VECTOR('',#8554,1.);
#8554 = DIRECTION('',(0.,0.,1.));
#8555 = ORIENTED_EDGE('',*,*,#8556,.F.);
#8556 = EDGE_CURVE('',#8533,#8549,#8557,.T.);
#8557 = LINE('',#8558,#8559);
#8558 = CARTESIAN_POINT('',(109.5,22.6,214.));
#8559 = VECTOR('',#8560,1.);
#8560 = DIRECTION('',(-0.,1.,0.));
#8561 = PLANE('',#8562);
#8562 = AXIS2_PLACEMENT_3D('',#8563,#8564,#8565);
#8563 = CARTESIAN_POINT('',(109.5,22.6,164.));
#8564 = DIRECTION('',(1.,0.,-0.));
#8565 = DIRECTION('',(0.,0.,1.));
#8566 = ADVANCED_FACE('',(#8567),#8583,.F.);
#8567 = FACE_BOUND('',#8568,.F.);
#8568 = EDGE_LOOP('',(#8569,#8575,#8576,#8582));
#8569 = ORIENTED_EDGE('',*,*,#8570,.F.);
#8570 = EDGE_CURVE('',#8491,#8531,#8571,.T.);
#8571 = LINE('',#8572,#8573);
#8572 = CARTESIAN_POINT('',(80.5,22.6,164.));
#8573 = VECTOR('',#8574,1.);
#8574 = DIRECTION('',(1.,0.,-0.));
#8575 = ORIENTED_EDGE('',*,*,#8490,.T.);
#8576 = ORIENTED_EDGE('',*,*,#8577,.T.);
#8577 = EDGE_CURVE('',#8493,#8533,#8578,.T.);
#8578 = LINE('',#8579,#8580);
#8579 = CARTESIAN_POINT('',(80.5,22.6,214.));
#8580 = VECTOR('',#8581,1.);
#8581 = DIRECTION('',(1.,0.,-0.));
#8582 = ORIENTED_EDGE('',*,*,#8530,.F.);
#8583 = PLANE('',#8584);
#8584 = AXIS2_PLACEMENT_3D('',#8585,#8586,#8587);
#8585 = CARTESIAN_POINT('',(80.5,22.6,164.));
#8586 = DIRECTION('',(-0.,1.,0.));
#8587 = DIRECTION('',(0.,0.,1.));
#8588 = ADVANCED_FACE('',(#8589),#8605,.T.);
#8589 = FACE_BOUND('',#8590,.T.);
#8590 = EDGE_LOOP('',(#8591,#8597,#8598,#8604));
#8591 = ORIENTED_EDGE('',*,*,#8592,.F.);
#8592 = EDGE_CURVE('',#8501,#8541,#8593,.T.);
#8593 = LINE('',#8594,#8595);
#8594 = CARTESIAN_POINT('',(80.5,32.6,164.));
#8595 = VECTOR('',#8596,1.);
#8596 = DIRECTION('',(1.,0.,-0.));
#8597 = ORIENTED_EDGE('',*,*,#8508,.T.);
#8598 = ORIENTED_EDGE('',*,*,#8599,.T.);
#8599 = EDGE_CURVE('',#8509,#8549,#8600,.T.);
#8600 = LINE('',#8601,#8602);
#8601 = CARTESIAN_POINT('',(80.5,32.6,214.));
#8602 = VECTOR('',#8603,1.);
#8603 = DIRECTION('',(1.,0.,-0.));
#8604 = ORIENTED_EDGE('',*,*,#8548,.F.);
#8605 = PLANE('',#8606);
#8606 = AXIS2_PLACEMENT_3D('',#8607,#8608,#8609);
#8607 = CARTESIAN_POINT('',(80.5,32.6,164.));
#8608 = DIRECTION('',(-0.,1.,0.));
#8609 = DIRECTION('',(0.,0.,1.));
#8610 = ADVANCED_FACE('',(#8611),#8617,.F.);
#8611 = FACE_BOUND('',#8612,.F.);
#8612 = EDGE_LOOP('',(#8613,#8614,#8615,#8616));
#8613 = ORIENTED_EDGE('',*,*,#8500,.F.);
#8614 = ORIENTED_EDGE('',*,*,#8570,.T.);
#8615 = ORIENTED_EDGE('',*,*,#8540,.T.);
#8616 = ORIENTED_EDGE('',*,*,#8592,.F.);
#8617 = PLANE('',#8618);
#8618 = AXIS2_PLACEMENT_3D('',#8619,#8620,#8621);
#8619 = CARTESIAN_POINT('',(80.5,22.6,164.));
#8620 = DIRECTION('',(0.,0.,1.));
#8621 = DIRECTION('',(1.,0.,-0.));
#8622 = ADVANCED_FACE('',(#8623),#8629,.T.);
#8623 = FACE_BOUND('',#8624,.T.);
#8624 = EDGE_LOOP('',(#8625,#8626,#8627,#8628));
#8625 = ORIENTED_EDGE('',*,*,#8516,.F.);
#8626 = ORIENTED_EDGE('',*,*,#8577,.T.);
#8627 = ORIENTED_EDGE('',*,*,#8556,.T.);
#8628 = ORIENTED_EDGE('',*,*,#8599,.F.);
#8629 = PLANE('',#8630);
#8630 = AXIS2_PLACEMENT_3D('',#8631,#8632,#8633);
#8631 = CARTESIAN_POINT('',(80.5,22.6,214.));
#8632 = DIRECTION('',(0.,0.,1.));
#8633 = DIRECTION('',(1.,0.,-0.));
#8634 = ( GEOMETRIC_REPRESENTATION_CONTEXT(3) 
GLOBAL_UNCERTAINTY_ASSIGNED_CONTEXT((#8638)) 
GLOBAL_UNIT_ASSIGNED_CONTEXT((#8635,#8636,#8637)) REPRESENTATION_CONTEXT
('Context #1','3D Context with UNIT and UNCERTAINTY') );
#8635 = ( LENGTH_UNIT() NAMED_UNIT(*) SI_UNIT(.MILLI.,.METRE.) );
#8636 = ( NAMED_UNIT(*) PLANE_ANGLE_UNIT() SI_UNIT($,.RADIAN.) );
#8637 = ( NAMED_UNIT(*) SI_UNIT($,.STERADIAN.) SOLID_ANGLE_UNIT() );
#8638 = UNCERTAINTY_MEASURE_WITH_UNIT(LENGTH_MEASURE(1.E-07),#8635,
  'distance_accuracy_value','confusion accuracy');
#8639 = CONTEXT_DEPENDENT_SHAPE_REPRESENTATION(#8640,#8642);
#8640 = ( REPRESENTATION_RELATIONSHIP('','',#8483,#10) 
REPRESENTATION_RELATIONSHIP_WITH_TRANSFORMATION(#8641) 
SHAPE_REPRESENTATION_RELATIONSHIP() );
#8641 = ITEM_DEFINED_TRANSFORMATION('','',#11,#103);
#8642 = PRODUCT_DEFINITION_SHAPE('Placement','Placement of an item',
  #8643);
#8643 = NEXT_ASSEMBLY_USAGE_OCCURRENCE('78','PA9 component envelope','',
  #5,#8478,$);
#8644 = PRODUCT_RELATED_PRODUCT_CATEGORY('part',$,(#8480));
#8645 = SHAPE_DEFINITION_REPRESENTATION(#8646,#8652);
#8646 = PRODUCT_DEFINITION_SHAPE('','',#8647);
#8647 = PRODUCT_DEFINITION('design','',#8648,#8651);
#8648 = PRODUCT_DEFINITION_FORMATION('','',#8649);
#8649 = PRODUCT('RF PA board PA10 (35x60)','RF PA board PA10 (35x60)',''
  ,(#8650));
#8650 = PRODUCT_CONTEXT('',#2,'mechanical');
#8651 = PRODUCT_DEFINITION_CONTEXT('part definition',#2,'design');
#8652 = ADVANCED_BREP_SHAPE_REPRESENTATION('',(#11,#8653),#8803);
#8653 = MANIFOLD_SOLID_BREP('',#8654);
#8654 = CLOSED_SHELL('',(#8655,#8695,#8735,#8757,#8779,#8791));
#8655 = ADVANCED_FACE('',(#8656),#8690,.F.);
#8656 = FACE_BOUND('',#8657,.F.);
#8657 = EDGE_LOOP('',(#8658,#8668,#8676,#8684));
#8658 = ORIENTED_EDGE('',*,*,#8659,.F.);
#8659 = EDGE_CURVE('',#8660,#8662,#8664,.T.);
#8660 = VERTEX_POINT('',#8661);
#8661 = CARTESIAN_POINT('',(117.5,21.,159.));
#8662 = VERTEX_POINT('',#8663);
#8663 = CARTESIAN_POINT('',(117.5,21.,219.));
#8664 = LINE('',#8665,#8666);
#8665 = CARTESIAN_POINT('',(117.5,21.,159.));
#8666 = VECTOR('',#8667,1.);
#8667 = DIRECTION('',(0.,0.,1.));
#8668 = ORIENTED_EDGE('',*,*,#8669,.T.);
#8669 = EDGE_CURVE('',#8660,#8670,#8672,.T.);
#8670 = VERTEX_POINT('',#8671);
#8671 = CARTESIAN_POINT('',(117.5,22.6,159.));
#8672 = LINE('',#8673,#8674);
#8673 = CARTESIAN_POINT('',(117.5,21.,159.));
#8674 = VECTOR('',#8675,1.);
#8675 = DIRECTION('',(-0.,1.,0.));
#8676 = ORIENTED_EDGE('',*,*,#8677,.T.);
#8677 = EDGE_CURVE('',#8670,#8678,#8680,.T.);
#8678 = VERTEX_POINT('',#8679);
#8679 = CARTESIAN_POINT('',(117.5,22.6,219.));
#8680 = LINE('',#8681,#8682);
#8681 = CARTESIAN_POINT('',(117.5,22.6,159.));
#8682 = VECTOR('',#8683,1.);
#8683 = DIRECTION('',(0.,0.,1.));
#8684 = ORIENTED_EDGE('',*,*,#8685,.F.);
#8685 = EDGE_CURVE('',#8662,#8678,#8686,.T.);
#8686 = LINE('',#8687,#8688);
#8687 = CARTESIAN_POINT('',(117.5,21.,219.));
#8688 = VECTOR('',#8689,1.);
#8689 = DIRECTION('',(-0.,1.,0.));
#8690 = PLANE('',#8691);
#8691 = AXIS2_PLACEMENT_3D('',#8692,#8693,#8694);
#8692 = CARTESIAN_POINT('',(117.5,21.,159.));
#8693 = DIRECTION('',(1.,0.,-0.));
#8694 = DIRECTION('',(0.,0.,1.));
#8695 = ADVANCED_FACE('',(#8696),#8730,.T.);
#8696 = FACE_BOUND('',#8697,.T.);
#8697 = EDGE_LOOP('',(#8698,#8708,#8716,#8724));
#8698 = ORIENTED_EDGE('',*,*,#8699,.F.);
#8699 = EDGE_CURVE('',#8700,#8702,#8704,.T.);
#8700 = VERTEX_POINT('',#8701);
#8701 = CARTESIAN_POINT('',(152.5,21.,159.));
#8702 = VERTEX_POINT('',#8703);
#8703 = CARTESIAN_POINT('',(152.5,21.,219.));
#8704 = LINE('',#8705,#8706);
#8705 = CARTESIAN_POINT('',(152.5,21.,159.));
#8706 = VECTOR('',#8707,1.);
#8707 = DIRECTION('',(0.,0.,1.));
#8708 = ORIENTED_EDGE('',*,*,#8709,.T.);
#8709 = EDGE_CURVE('',#8700,#8710,#8712,.T.);
#8710 = VERTEX_POINT('',#8711);
#8711 = CARTESIAN_POINT('',(152.5,22.6,159.));
#8712 = LINE('',#8713,#8714);
#8713 = CARTESIAN_POINT('',(152.5,21.,159.));
#8714 = VECTOR('',#8715,1.);
#8715 = DIRECTION('',(-0.,1.,0.));
#8716 = ORIENTED_EDGE('',*,*,#8717,.T.);
#8717 = EDGE_CURVE('',#8710,#8718,#8720,.T.);
#8718 = VERTEX_POINT('',#8719);
#8719 = CARTESIAN_POINT('',(152.5,22.6,219.));
#8720 = LINE('',#8721,#8722);
#8721 = CARTESIAN_POINT('',(152.5,22.6,159.));
#8722 = VECTOR('',#8723,1.);
#8723 = DIRECTION('',(0.,0.,1.));
#8724 = ORIENTED_EDGE('',*,*,#8725,.F.);
#8725 = EDGE_CURVE('',#8702,#8718,#8726,.T.);
#8726 = LINE('',#8727,#8728);
#8727 = CARTESIAN_POINT('',(152.5,21.,219.));
#8728 = VECTOR('',#8729,1.);
#8729 = DIRECTION('',(-0.,1.,0.));
#8730 = PLANE('',#8731);
#8731 = AXIS2_PLACEMENT_3D('',#8732,#8733,#8734);
#8732 = CARTESIAN_POINT('',(152.5,21.,159.));
#8733 = DIRECTION('',(1.,0.,-0.));
#8734 = DIRECTION('',(0.,0.,1.));
#8735 = ADVANCED_FACE('',(#8736),#8752,.F.);
#8736 = FACE_BOUND('',#8737,.F.);
#8737 = EDGE_LOOP('',(#8738,#8744,#8745,#8751));
#8738 = ORIENTED_EDGE('',*,*,#8739,.F.);
#8739 = EDGE_CURVE('',#8660,#8700,#8740,.T.);
#8740 = LINE('',#8741,#8742);
#8741 = CARTESIAN_POINT('',(117.5,21.,159.));
#8742 = VECTOR('',#8743,1.);
#8743 = DIRECTION('',(1.,0.,-0.));
#8744 = ORIENTED_EDGE('',*,*,#8659,.T.);
#8745 = ORIENTED_EDGE('',*,*,#8746,.T.);
#8746 = EDGE_CURVE('',#8662,#8702,#8747,.T.);
#8747 = LINE('',#8748,#8749);
#8748 = CARTESIAN_POINT('',(117.5,21.,219.));
#8749 = VECTOR('',#8750,1.);
#8750 = DIRECTION('',(1.,0.,-0.));
#8751 = ORIENTED_EDGE('',*,*,#8699,.F.);
#8752 = PLANE('',#8753);
#8753 = AXIS2_PLACEMENT_3D('',#8754,#8755,#8756);
#8754 = CARTESIAN_POINT('',(117.5,21.,159.));
#8755 = DIRECTION('',(-0.,1.,0.));
#8756 = DIRECTION('',(0.,0.,1.));
#8757 = ADVANCED_FACE('',(#8758),#8774,.T.);
#8758 = FACE_BOUND('',#8759,.T.);
#8759 = EDGE_LOOP('',(#8760,#8766,#8767,#8773));
#8760 = ORIENTED_EDGE('',*,*,#8761,.F.);
#8761 = EDGE_CURVE('',#8670,#8710,#8762,.T.);
#8762 = LINE('',#8763,#8764);
#8763 = CARTESIAN_POINT('',(117.5,22.6,159.));
#8764 = VECTOR('',#8765,1.);
#8765 = DIRECTION('',(1.,0.,-0.));
#8766 = ORIENTED_EDGE('',*,*,#8677,.T.);
#8767 = ORIENTED_EDGE('',*,*,#8768,.T.);
#8768 = EDGE_CURVE('',#8678,#8718,#8769,.T.);
#8769 = LINE('',#8770,#8771);
#8770 = CARTESIAN_POINT('',(117.5,22.6,219.));
#8771 = VECTOR('',#8772,1.);
#8772 = DIRECTION('',(1.,0.,-0.));
#8773 = ORIENTED_EDGE('',*,*,#8717,.F.);
#8774 = PLANE('',#8775);
#8775 = AXIS2_PLACEMENT_3D('',#8776,#8777,#8778);
#8776 = CARTESIAN_POINT('',(117.5,22.6,159.));
#8777 = DIRECTION('',(-0.,1.,0.));
#8778 = DIRECTION('',(0.,0.,1.));
#8779 = ADVANCED_FACE('',(#8780),#8786,.F.);
#8780 = FACE_BOUND('',#8781,.F.);
#8781 = EDGE_LOOP('',(#8782,#8783,#8784,#8785));
#8782 = ORIENTED_EDGE('',*,*,#8669,.F.);
#8783 = ORIENTED_EDGE('',*,*,#8739,.T.);
#8784 = ORIENTED_EDGE('',*,*,#8709,.T.);
#8785 = ORIENTED_EDGE('',*,*,#8761,.F.);
#8786 = PLANE('',#8787);
#8787 = AXIS2_PLACEMENT_3D('',#8788,#8789,#8790);
#8788 = CARTESIAN_POINT('',(117.5,21.,159.));
#8789 = DIRECTION('',(0.,0.,1.));
#8790 = DIRECTION('',(1.,0.,-0.));
#8791 = ADVANCED_FACE('',(#8792),#8798,.T.);
#8792 = FACE_BOUND('',#8793,.T.);
#8793 = EDGE_LOOP('',(#8794,#8795,#8796,#8797));
#8794 = ORIENTED_EDGE('',*,*,#8685,.F.);
#8795 = ORIENTED_EDGE('',*,*,#8746,.T.);
#8796 = ORIENTED_EDGE('',*,*,#8725,.T.);
#8797 = ORIENTED_EDGE('',*,*,#8768,.F.);
#8798 = PLANE('',#8799);
#8799 = AXIS2_PLACEMENT_3D('',#8800,#8801,#8802);
#8800 = CARTESIAN_POINT('',(117.5,21.,219.));
#8801 = DIRECTION('',(0.,0.,1.));
#8802 = DIRECTION('',(1.,0.,-0.));
#8803 = ( GEOMETRIC_REPRESENTATION_CONTEXT(3) 
GLOBAL_UNCERTAINTY_ASSIGNED_CONTEXT((#8807)) 
GLOBAL_UNIT_ASSIGNED_CONTEXT((#8804,#8805,#8806)) REPRESENTATION_CONTEXT
('Context #1','3D Context with UNIT and UNCERTAINTY') );
#8804 = ( LENGTH_UNIT() NAMED_UNIT(*) SI_UNIT(.MILLI.,.METRE.) );
#8805 = ( NAMED_UNIT(*) PLANE_ANGLE_UNIT() SI_UNIT($,.RADIAN.) );
#8806 = ( NAMED_UNIT(*) SI_UNIT($,.STERADIAN.) SOLID_ANGLE_UNIT() );
#8807 = UNCERTAINTY_MEASURE_WITH_UNIT(LENGTH_MEASURE(1.E-07),#8804,
  'distance_accuracy_value','confusion accuracy');
#8808 = CONTEXT_DEPENDENT_SHAPE_REPRESENTATION(#8809,#8811);
#8809 = ( REPRESENTATION_RELATIONSHIP('','',#8652,#10) 
REPRESENTATION_RELATIONSHIP_WITH_TRANSFORMATION(#8810) 
SHAPE_REPRESENTATION_RELATIONSHIP() );
#8810 = ITEM_DEFINED_TRANSFORMATION('','',#11,#107);
#8811 = PRODUCT_DEFINITION_SHAPE('Placement','Placement of an item',
  #8812);
#8812 = NEXT_ASSEMBLY_USAGE_OCCURRENCE('79','RF PA board PA10 (35x60)',
  '',#5,#8647,$);
#8813 = PRODUCT_RELATED_PRODUCT_CATEGORY('part',$,(#8649));
#8814 = SHAPE_DEFINITION_REPRESENTATION(#8815,#8821);
#8815 = PRODUCT_DEFINITION_SHAPE('','',#8816);
#8816 = PRODUCT_DEFINITION('design','',#8817,#8820);
#8817 = PRODUCT_DEFINITION_FORMATION('','',#8818);
#8818 = PRODUCT('PA10 component envelope','PA10 component envelope','',(
    #8819));
#8819 = PRODUCT_CONTEXT('',#2,'mechanical');
#8820 = PRODUCT_DEFINITION_CONTEXT('part definition',#2,'design');
#8821 = ADVANCED_BREP_SHAPE_REPRESENTATION('',(#11,#8822),#8972);
#8822 = MANIFOLD_SOLID_BREP('',#8823);
#8823 = CLOSED_SHELL('',(#8824,#8864,#8904,#8926,#8948,#8960));
#8824 = ADVANCED_FACE('',(#8825),#8859,.F.);
#8825 = FACE_BOUND('',#8826,.F.);
#8826 = EDGE_LOOP('',(#8827,#8837,#8845,#8853));
#8827 = ORIENTED_EDGE('',*,*,#8828,.F.);
#8828 = EDGE_CURVE('',#8829,#8831,#8833,.T.);
#8829 = VERTEX_POINT('',#8830);
#8830 = CARTESIAN_POINT('',(120.5,22.6,164.));
#8831 = VERTEX_POINT('',#8832);
#8832 = CARTESIAN_POINT('',(120.5,22.6,214.));
#8833 = LINE('',#8834,#8835);
#8834 = CARTESIAN_POINT('',(120.5,22.6,164.));
#8835 = VECTOR('',#8836,1.);
#8836 = DIRECTION('',(0.,0.,1.));
#8837 = ORIENTED_EDGE('',*,*,#8838,.T.);
#8838 = EDGE_CURVE('',#8829,#8839,#8841,.T.);
#8839 = VERTEX_POINT('',#8840);
#8840 = CARTESIAN_POINT('',(120.5,32.6,164.));
#8841 = LINE('',#8842,#8843);
#8842 = CARTESIAN_POINT('',(120.5,22.6,164.));
#8843 = VECTOR('',#8844,1.);
#8844 = DIRECTION('',(-0.,1.,0.));
#8845 = ORIENTED_EDGE('',*,*,#8846,.T.);
#8846 = EDGE_CURVE('',#8839,#8847,#8849,.T.);
#8847 = VERTEX_POINT('',#8848);
#8848 = CARTESIAN_POINT('',(120.5,32.6,214.));
#8849 = LINE('',#8850,#8851);
#8850 = CARTESIAN_POINT('',(120.5,32.6,164.));
#8851 = VECTOR('',#8852,1.);
#8852 = DIRECTION('',(0.,0.,1.));
#8853 = ORIENTED_EDGE('',*,*,#8854,.F.);
#8854 = EDGE_CURVE('',#8831,#8847,#8855,.T.);
#8855 = LINE('',#8856,#8857);
#8856 = CARTESIAN_POINT('',(120.5,22.6,214.));
#8857 = VECTOR('',#8858,1.);
#8858 = DIRECTION('',(-0.,1.,0.));
#8859 = PLANE('',#8860);
#8860 = AXIS2_PLACEMENT_3D('',#8861,#8862,#8863);
#8861 = CARTESIAN_POINT('',(120.5,22.6,164.));
#8862 = DIRECTION('',(1.,0.,-0.));
#8863 = DIRECTION('',(0.,0.,1.));
#8864 = ADVANCED_FACE('',(#8865),#8899,.T.);
#8865 = FACE_BOUND('',#8866,.T.);
#8866 = EDGE_LOOP('',(#8867,#8877,#8885,#8893));
#8867 = ORIENTED_EDGE('',*,*,#8868,.F.);
#8868 = EDGE_CURVE('',#8869,#8871,#8873,.T.);
#8869 = VERTEX_POINT('',#8870);
#8870 = CARTESIAN_POINT('',(149.5,22.6,164.));
#8871 = VERTEX_POINT('',#8872);
#8872 = CARTESIAN_POINT('',(149.5,22.6,214.));
#8873 = LINE('',#8874,#8875);
#8874 = CARTESIAN_POINT('',(149.5,22.6,164.));
#8875 = VECTOR('',#8876,1.);
#8876 = DIRECTION('',(0.,0.,1.));
#8877 = ORIENTED_EDGE('',*,*,#8878,.T.);
#8878 = EDGE_CURVE('',#8869,#8879,#8881,.T.);
#8879 = VERTEX_POINT('',#8880);
#8880 = CARTESIAN_POINT('',(149.5,32.6,164.));
#8881 = LINE('',#8882,#8883);
#8882 = CARTESIAN_POINT('',(149.5,22.6,164.));
#8883 = VECTOR('',#8884,1.);
#8884 = DIRECTION('',(-0.,1.,0.));
#8885 = ORIENTED_EDGE('',*,*,#8886,.T.);
#8886 = EDGE_CURVE('',#8879,#8887,#8889,.T.);
#8887 = VERTEX_POINT('',#8888);
#8888 = CARTESIAN_POINT('',(149.5,32.6,214.));
#8889 = LINE('',#8890,#8891);
#8890 = CARTESIAN_POINT('',(149.5,32.6,164.));
#8891 = VECTOR('',#8892,1.);
#8892 = DIRECTION('',(0.,0.,1.));
#8893 = ORIENTED_EDGE('',*,*,#8894,.F.);
#8894 = EDGE_CURVE('',#8871,#8887,#8895,.T.);
#8895 = LINE('',#8896,#8897);
#8896 = CARTESIAN_POINT('',(149.5,22.6,214.));
#8897 = VECTOR('',#8898,1.);
#8898 = DIRECTION('',(-0.,1.,0.));
#8899 = PLANE('',#8900);
#8900 = AXIS2_PLACEMENT_3D('',#8901,#8902,#8903);
#8901 = CARTESIAN_POINT('',(149.5,22.6,164.));
#8902 = DIRECTION('',(1.,0.,-0.));
#8903 = DIRECTION('',(0.,0.,1.));
#8904 = ADVANCED_FACE('',(#8905),#8921,.F.);
#8905 = FACE_BOUND('',#8906,.F.);
#8906 = EDGE_LOOP('',(#8907,#8913,#8914,#8920));
#8907 = ORIENTED_EDGE('',*,*,#8908,.F.);
#8908 = EDGE_CURVE('',#8829,#8869,#8909,.T.);
#8909 = LINE('',#8910,#8911);
#8910 = CARTESIAN_POINT('',(120.5,22.6,164.));
#8911 = VECTOR('',#8912,1.);
#8912 = DIRECTION('',(1.,0.,-0.));
#8913 = ORIENTED_EDGE('',*,*,#8828,.T.);
#8914 = ORIENTED_EDGE('',*,*,#8915,.T.);
#8915 = EDGE_CURVE('',#8831,#8871,#8916,.T.);
#8916 = LINE('',#8917,#8918);
#8917 = CARTESIAN_POINT('',(120.5,22.6,214.));
#8918 = VECTOR('',#8919,1.);
#8919 = DIRECTION('',(1.,0.,-0.));
#8920 = ORIENTED_EDGE('',*,*,#8868,.F.);
#8921 = PLANE('',#8922);
#8922 = AXIS2_PLACEMENT_3D('',#8923,#8924,#8925);
#8923 = CARTESIAN_POINT('',(120.5,22.6,164.));
#8924 = DIRECTION('',(-0.,1.,0.));
#8925 = DIRECTION('',(0.,0.,1.));
#8926 = ADVANCED_FACE('',(#8927),#8943,.T.);
#8927 = FACE_BOUND('',#8928,.T.);
#8928 = EDGE_LOOP('',(#8929,#8935,#8936,#8942));
#8929 = ORIENTED_EDGE('',*,*,#8930,.F.);
#8930 = EDGE_CURVE('',#8839,#8879,#8931,.T.);
#8931 = LINE('',#8932,#8933);
#8932 = CARTESIAN_POINT('',(120.5,32.6,164.));
#8933 = VECTOR('',#8934,1.);
#8934 = DIRECTION('',(1.,0.,-0.));
#8935 = ORIENTED_EDGE('',*,*,#8846,.T.);
#8936 = ORIENTED_EDGE('',*,*,#8937,.T.);
#8937 = EDGE_CURVE('',#8847,#8887,#8938,.T.);
#8938 = LINE('',#8939,#8940);
#8939 = CARTESIAN_POINT('',(120.5,32.6,214.));
#8940 = VECTOR('',#8941,1.);
#8941 = DIRECTION('',(1.,0.,-0.));
#8942 = ORIENTED_EDGE('',*,*,#8886,.F.);
#8943 = PLANE('',#8944);
#8944 = AXIS2_PLACEMENT_3D('',#8945,#8946,#8947);
#8945 = CARTESIAN_POINT('',(120.5,32.6,164.));
#8946 = DIRECTION('',(-0.,1.,0.));
#8947 = DIRECTION('',(0.,0.,1.));
#8948 = ADVANCED_FACE('',(#8949),#8955,.F.);
#8949 = FACE_BOUND('',#8950,.F.);
#8950 = EDGE_LOOP('',(#8951,#8952,#8953,#8954));
#8951 = ORIENTED_EDGE('',*,*,#8838,.F.);
#8952 = ORIENTED_EDGE('',*,*,#8908,.T.);
#8953 = ORIENTED_EDGE('',*,*,#8878,.T.);
#8954 = ORIENTED_EDGE('',*,*,#8930,.F.);
#8955 = PLANE('',#8956);
#8956 = AXIS2_PLACEMENT_3D('',#8957,#8958,#8959);
#8957 = CARTESIAN_POINT('',(120.5,22.6,164.));
#8958 = DIRECTION('',(0.,0.,1.));
#8959 = DIRECTION('',(1.,0.,-0.));
#8960 = ADVANCED_FACE('',(#8961),#8967,.T.);
#8961 = FACE_BOUND('',#8962,.T.);
#8962 = EDGE_LOOP('',(#8963,#8964,#8965,#8966));
#8963 = ORIENTED_EDGE('',*,*,#8854,.F.);
#8964 = ORIENTED_EDGE('',*,*,#8915,.T.);
#8965 = ORIENTED_EDGE('',*,*,#8894,.T.);
#8966 = ORIENTED_EDGE('',*,*,#8937,.F.);
#8967 = PLANE('',#8968);
#8968 = AXIS2_PLACEMENT_3D('',#8969,#8970,#8971);
#8969 = CARTESIAN_POINT('',(120.5,22.6,214.));
#8970 = DIRECTION('',(0.,0.,1.));
#8971 = DIRECTION('',(1.,0.,-0.));
#8972 = ( GEOMETRIC_REPRESENTATION_CONTEXT(3) 
GLOBAL_UNCERTAINTY_ASSIGNED_CONTEXT((#8976)) 
GLOBAL_UNIT_ASSIGNED_CONTEXT((#8973,#8974,#8975)) REPRESENTATION_CONTEXT
('Context #1','3D Context with UNIT and UNCERTAINTY') );
#8973 = ( LENGTH_UNIT() NAMED_UNIT(*) SI_UNIT(.MILLI.,.METRE.) );
#8974 = ( NAMED_UNIT(*) PLANE_ANGLE_UNIT() SI_UNIT($,.RADIAN.) );
#8975 = ( NAMED_UNIT(*) SI_UNIT($,.STERADIAN.) SOLID_ANGLE_UNIT() );
#8976 = UNCERTAINTY_MEASURE_WITH_UNIT(LENGTH_MEASURE(1.E-07),#8973,
  'distance_accuracy_value','confusion accuracy');
#8977 = CONTEXT_DEPENDENT_SHAPE_REPRESENTATION(#8978,#8980);
#8978 = ( REPRESENTATION_RELATIONSHIP('','',#8821,#10) 
REPRESENTATION_RELATIONSHIP_WITH_TRANSFORMATION(#8979) 
SHAPE_REPRESENTATION_RELATIONSHIP() );
#8979 = ITEM_DEFINED_TRANSFORMATION('','',#11,#111);
#8980 = PRODUCT_DEFINITION_SHAPE('Placement','Placement of an item',
  #8981);
#8981 = NEXT_ASSEMBLY_USAGE_OCCURRENCE('80','PA10 component envelope',''
  ,#5,#8816,$);
#8982 = PRODUCT_RELATED_PRODUCT_CATEGORY('part',$,(#8818));
#8983 = SHAPE_DEFINITION_REPRESENTATION(#8984,#8990);
#8984 = PRODUCT_DEFINITION_SHAPE('','',#8985);
#8985 = PRODUCT_DEFINITION('design','',#8986,#8989);
#8986 = PRODUCT_DEFINITION_FORMATION('','',#8987);
#8987 = PRODUCT('RF PA board PA11 (35x60)','RF PA board PA11 (35x60)',''
  ,(#8988));
#8988 = PRODUCT_CONTEXT('',#2,'mechanical');
#8989 = PRODUCT_DEFINITION_CONTEXT('part definition',#2,'design');
#8990 = ADVANCED_BREP_SHAPE_REPRESENTATION('',(#11,#8991),#9141);
#8991 = MANIFOLD_SOLID_BREP('',#8992);
#8992 = CLOSED_SHELL('',(#8993,#9033,#9073,#9095,#9117,#9129));
#8993 = ADVANCED_FACE('',(#8994),#9028,.F.);
#8994 = FACE_BOUND('',#8995,.F.);
#8995 = EDGE_LOOP('',(#8996,#9006,#9014,#9022));
#8996 = ORIENTED_EDGE('',*,*,#8997,.F.);
#8997 = EDGE_CURVE('',#8998,#9000,#9002,.T.);
#8998 = VERTEX_POINT('',#8999);
#8999 = CARTESIAN_POINT('',(157.5,21.,159.));
#9000 = VERTEX_POINT('',#9001);
#9001 = CARTESIAN_POINT('',(157.5,21.,219.));
#9002 = LINE('',#9003,#9004);
#9003 = CARTESIAN_POINT('',(157.5,21.,159.));
#9004 = VECTOR('',#9005,1.);
#9005 = DIRECTION('',(0.,0.,1.));
#9006 = ORIENTED_EDGE('',*,*,#9007,.T.);
#9007 = EDGE_CURVE('',#8998,#9008,#9010,.T.);
#9008 = VERTEX_POINT('',#9009);
#9009 = CARTESIAN_POINT('',(157.5,22.6,159.));
#9010 = LINE('',#9011,#9012);
#9011 = CARTESIAN_POINT('',(157.5,21.,159.));
#9012 = VECTOR('',#9013,1.);
#9013 = DIRECTION('',(-0.,1.,0.));
#9014 = ORIENTED_EDGE('',*,*,#9015,.T.);
#9015 = EDGE_CURVE('',#9008,#9016,#9018,.T.);
#9016 = VERTEX_POINT('',#9017);
#9017 = CARTESIAN_POINT('',(157.5,22.6,219.));
#9018 = LINE('',#9019,#9020);
#9019 = CARTESIAN_POINT('',(157.5,22.6,159.));
#9020 = VECTOR('',#9021,1.);
#9021 = DIRECTION('',(0.,0.,1.));
#9022 = ORIENTED_EDGE('',*,*,#9023,.F.);
#9023 = EDGE_CURVE('',#9000,#9016,#9024,.T.);
#9024 = LINE('',#9025,#9026);
#9025 = CARTESIAN_POINT('',(157.5,21.,219.));
#9026 = VECTOR('',#9027,1.);
#9027 = DIRECTION('',(-0.,1.,0.));
#9028 = PLANE('',#9029);
#9029 = AXIS2_PLACEMENT_3D('',#9030,#9031,#9032);
#9030 = CARTESIAN_POINT('',(157.5,21.,159.));
#9031 = DIRECTION('',(1.,0.,-0.));
#9032 = DIRECTION('',(0.,0.,1.));
#9033 = ADVANCED_FACE('',(#9034),#9068,.T.);
#9034 = FACE_BOUND('',#9035,.T.);
#9035 = EDGE_LOOP('',(#9036,#9046,#9054,#9062));
#9036 = ORIENTED_EDGE('',*,*,#9037,.F.);
#9037 = EDGE_CURVE('',#9038,#9040,#9042,.T.);
#9038 = VERTEX_POINT('',#9039);
#9039 = CARTESIAN_POINT('',(192.5,21.,159.));
#9040 = VERTEX_POINT('',#9041);
#9041 = CARTESIAN_POINT('',(192.5,21.,219.));
#9042 = LINE('',#9043,#9044);
#9043 = CARTESIAN_POINT('',(192.5,21.,159.));
#9044 = VECTOR('',#9045,1.);
#9045 = DIRECTION('',(0.,0.,1.));
#9046 = ORIENTED_EDGE('',*,*,#9047,.T.);
#9047 = EDGE_CURVE('',#9038,#9048,#9050,.T.);
#9048 = VERTEX_POINT('',#9049);
#9049 = CARTESIAN_POINT('',(192.5,22.6,159.));
#9050 = LINE('',#9051,#9052);
#9051 = CARTESIAN_POINT('',(192.5,21.,159.));
#9052 = VECTOR('',#9053,1.);
#9053 = DIRECTION('',(-0.,1.,0.));
#9054 = ORIENTED_EDGE('',*,*,#9055,.T.);
#9055 = EDGE_CURVE('',#9048,#9056,#9058,.T.);
#9056 = VERTEX_POINT('',#9057);
#9057 = CARTESIAN_POINT('',(192.5,22.6,219.));
#9058 = LINE('',#9059,#9060);
#9059 = CARTESIAN_POINT('',(192.5,22.6,159.));
#9060 = VECTOR('',#9061,1.);
#9061 = DIRECTION('',(0.,0.,1.));
#9062 = ORIENTED_EDGE('',*,*,#9063,.F.);
#9063 = EDGE_CURVE('',#9040,#9056,#9064,.T.);
#9064 = LINE('',#9065,#9066);
#9065 = CARTESIAN_POINT('',(192.5,21.,219.));
#9066 = VECTOR('',#9067,1.);
#9067 = DIRECTION('',(-0.,1.,0.));
#9068 = PLANE('',#9069);
#9069 = AXIS2_PLACEMENT_3D('',#9070,#9071,#9072);
#9070 = CARTESIAN_POINT('',(192.5,21.,159.));
#9071 = DIRECTION('',(1.,0.,-0.));
#9072 = DIRECTION('',(0.,0.,1.));
#9073 = ADVANCED_FACE('',(#9074),#9090,.F.);
#9074 = FACE_BOUND('',#9075,.F.);
#9075 = EDGE_LOOP('',(#9076,#9082,#9083,#9089));
#9076 = ORIENTED_EDGE('',*,*,#9077,.F.);
#9077 = EDGE_CURVE('',#8998,#9038,#9078,.T.);
#9078 = LINE('',#9079,#9080);
#9079 = CARTESIAN_POINT('',(157.5,21.,159.));
#9080 = VECTOR('',#9081,1.);
#9081 = DIRECTION('',(1.,0.,-0.));
#9082 = ORIENTED_EDGE('',*,*,#8997,.T.);
#9083 = ORIENTED_EDGE('',*,*,#9084,.T.);
#9084 = EDGE_CURVE('',#9000,#9040,#9085,.T.);
#9085 = LINE('',#9086,#9087);
#9086 = CARTESIAN_POINT('',(157.5,21.,219.));
#9087 = VECTOR('',#9088,1.);
#9088 = DIRECTION('',(1.,0.,-0.));
#9089 = ORIENTED_EDGE('',*,*,#9037,.F.);
#9090 = PLANE('',#9091);
#9091 = AXIS2_PLACEMENT_3D('',#9092,#9093,#9094);
#9092 = CARTESIAN_POINT('',(157.5,21.,159.));
#9093 = DIRECTION('',(-0.,1.,0.));
#9094 = DIRECTION('',(0.,0.,1.));
#9095 = ADVANCED_FACE('',(#9096),#9112,.T.);
#9096 = FACE_BOUND('',#9097,.T.);
#9097 = EDGE_LOOP('',(#9098,#9104,#9105,#9111));
#9098 = ORIENTED_EDGE('',*,*,#9099,.F.);
#9099 = EDGE_CURVE('',#9008,#9048,#9100,.T.);
#9100 = LINE('',#9101,#9102);
#9101 = CARTESIAN_POINT('',(157.5,22.6,159.));
#9102 = VECTOR('',#9103,1.);
#9103 = DIRECTION('',(1.,0.,-0.));
#9104 = ORIENTED_EDGE('',*,*,#9015,.T.);
#9105 = ORIENTED_EDGE('',*,*,#9106,.T.);
#9106 = EDGE_CURVE('',#9016,#9056,#9107,.T.);
#9107 = LINE('',#9108,#9109);
#9108 = CARTESIAN_POINT('',(157.5,22.6,219.));
#9109 = VECTOR('',#9110,1.);
#9110 = DIRECTION('',(1.,0.,-0.));
#9111 = ORIENTED_EDGE('',*,*,#9055,.F.);
#9112 = PLANE('',#9113);
#9113 = AXIS2_PLACEMENT_3D('',#9114,#9115,#9116);
#9114 = CARTESIAN_POINT('',(157.5,22.6,159.));
#9115 = DIRECTION('',(-0.,1.,0.));
#9116 = DIRECTION('',(0.,0.,1.));
#9117 = ADVANCED_FACE('',(#9118),#9124,.F.);
#9118 = FACE_BOUND('',#9119,.F.);
#9119 = EDGE_LOOP('',(#9120,#9121,#9122,#9123));
#9120 = ORIENTED_EDGE('',*,*,#9007,.F.);
#9121 = ORIENTED_EDGE('',*,*,#9077,.T.);
#9122 = ORIENTED_EDGE('',*,*,#9047,.T.);
#9123 = ORIENTED_EDGE('',*,*,#9099,.F.);
#9124 = PLANE('',#9125);
#9125 = AXIS2_PLACEMENT_3D('',#9126,#9127,#9128);
#9126 = CARTESIAN_POINT('',(157.5,21.,159.));
#9127 = DIRECTION('',(0.,0.,1.));
#9128 = DIRECTION('',(1.,0.,-0.));
#9129 = ADVANCED_FACE('',(#9130),#9136,.T.);
#9130 = FACE_BOUND('',#9131,.T.);
#9131 = EDGE_LOOP('',(#9132,#9133,#9134,#9135));
#9132 = ORIENTED_EDGE('',*,*,#9023,.F.);
#9133 = ORIENTED_EDGE('',*,*,#9084,.T.);
#9134 = ORIENTED_EDGE('',*,*,#9063,.T.);
#9135 = ORIENTED_EDGE('',*,*,#9106,.F.);
#9136 = PLANE('',#9137);
#9137 = AXIS2_PLACEMENT_3D('',#9138,#9139,#9140);
#9138 = CARTESIAN_POINT('',(157.5,21.,219.));
#9139 = DIRECTION('',(0.,0.,1.));
#9140 = DIRECTION('',(1.,0.,-0.));
#9141 = ( GEOMETRIC_REPRESENTATION_CONTEXT(3) 
GLOBAL_UNCERTAINTY_ASSIGNED_CONTEXT((#9145)) 
GLOBAL_UNIT_ASSIGNED_CONTEXT((#9142,#9143,#9144)) REPRESENTATION_CONTEXT
('Context #1','3D Context with UNIT and UNCERTAINTY') );
#9142 = ( LENGTH_UNIT() NAMED_UNIT(*) SI_UNIT(.MILLI.,.METRE.) );
#9143 = ( NAMED_UNIT(*) PLANE_ANGLE_UNIT() SI_UNIT($,.RADIAN.) );
#9144 = ( NAMED_UNIT(*) SI_UNIT($,.STERADIAN.) SOLID_ANGLE_UNIT() );
#9145 = UNCERTAINTY_MEASURE_WITH_UNIT(LENGTH_MEASURE(1.E-07),#9142,
  'distance_accuracy_value','confusion accuracy');
#9146 = CONTEXT_DEPENDENT_SHAPE_REPRESENTATION(#9147,#9149);
#9147 = ( REPRESENTATION_RELATIONSHIP('','',#8990,#10) 
REPRESENTATION_RELATIONSHIP_WITH_TRANSFORMATION(#9148) 
SHAPE_REPRESENTATION_RELATIONSHIP() );
#9148 = ITEM_DEFINED_TRANSFORMATION('','',#11,#115);
#9149 = PRODUCT_DEFINITION_SHAPE('Placement','Placement of an item',
  #9150);
#9150 = NEXT_ASSEMBLY_USAGE_OCCURRENCE('81','RF PA board PA11 (35x60)',
  '',#5,#8985,$);
#9151 = PRODUCT_RELATED_PRODUCT_CATEGORY('part',$,(#8987));
#9152 = SHAPE_DEFINITION_REPRESENTATION(#9153,#9159);
#9153 = PRODUCT_DEFINITION_SHAPE('','',#9154);
#9154 = PRODUCT_DEFINITION('design','',#9155,#9158);
#9155 = PRODUCT_DEFINITION_FORMATION('','',#9156);
#9156 = PRODUCT('PA11 component envelope','PA11 component envelope','',(
    #9157));
#9157 = PRODUCT_CONTEXT('',#2,'mechanical');
#9158 = PRODUCT_DEFINITION_CONTEXT('part definition',#2,'design');
#9159 = ADVANCED_BREP_SHAPE_REPRESENTATION('',(#11,#9160),#9310);
#9160 = MANIFOLD_SOLID_BREP('',#9161);
#9161 = CLOSED_SHELL('',(#9162,#9202,#9242,#9264,#9286,#9298));
#9162 = ADVANCED_FACE('',(#9163),#9197,.F.);
#9163 = FACE_BOUND('',#9164,.F.);
#9164 = EDGE_LOOP('',(#9165,#9175,#9183,#9191));
#9165 = ORIENTED_EDGE('',*,*,#9166,.F.);
#9166 = EDGE_CURVE('',#9167,#9169,#9171,.T.);
#9167 = VERTEX_POINT('',#9168);
#9168 = CARTESIAN_POINT('',(160.5,22.6,164.));
#9169 = VERTEX_POINT('',#9170);
#9170 = CARTESIAN_POINT('',(160.5,22.6,214.));
#9171 = LINE('',#9172,#9173);
#9172 = CARTESIAN_POINT('',(160.5,22.6,164.));
#9173 = VECTOR('',#9174,1.);
#9174 = DIRECTION('',(0.,0.,1.));
#9175 = ORIENTED_EDGE('',*,*,#9176,.T.);
#9176 = EDGE_CURVE('',#9167,#9177,#9179,.T.);
#9177 = VERTEX_POINT('',#9178);
#9178 = CARTESIAN_POINT('',(160.5,32.6,164.));
#9179 = LINE('',#9180,#9181);
#9180 = CARTESIAN_POINT('',(160.5,22.6,164.));
#9181 = VECTOR('',#9182,1.);
#9182 = DIRECTION('',(-0.,1.,0.));
#9183 = ORIENTED_EDGE('',*,*,#9184,.T.);
#9184 = EDGE_CURVE('',#9177,#9185,#9187,.T.);
#9185 = VERTEX_POINT('',#9186);
#9186 = CARTESIAN_POINT('',(160.5,32.6,214.));
#9187 = LINE('',#9188,#9189);
#9188 = CARTESIAN_POINT('',(160.5,32.6,164.));
#9189 = VECTOR('',#9190,1.);
#9190 = DIRECTION('',(0.,0.,1.));
#9191 = ORIENTED_EDGE('',*,*,#9192,.F.);
#9192 = EDGE_CURVE('',#9169,#9185,#9193,.T.);
#9193 = LINE('',#9194,#9195);
#9194 = CARTESIAN_POINT('',(160.5,22.6,214.));
#9195 = VECTOR('',#9196,1.);
#9196 = DIRECTION('',(-0.,1.,0.));
#9197 = PLANE('',#9198);
#9198 = AXIS2_PLACEMENT_3D('',#9199,#9200,#9201);
#9199 = CARTESIAN_POINT('',(160.5,22.6,164.));
#9200 = DIRECTION('',(1.,0.,-0.));
#9201 = DIRECTION('',(0.,0.,1.));
#9202 = ADVANCED_FACE('',(#9203),#9237,.T.);
#9203 = FACE_BOUND('',#9204,.T.);
#9204 = EDGE_LOOP('',(#9205,#9215,#9223,#9231));
#9205 = ORIENTED_EDGE('',*,*,#9206,.F.);
#9206 = EDGE_CURVE('',#9207,#9209,#9211,.T.);
#9207 = VERTEX_POINT('',#9208);
#9208 = CARTESIAN_POINT('',(189.5,22.6,164.));
#9209 = VERTEX_POINT('',#9210);
#9210 = CARTESIAN_POINT('',(189.5,22.6,214.));
#9211 = LINE('',#9212,#9213);
#9212 = CARTESIAN_POINT('',(189.5,22.6,164.));
#9213 = VECTOR('',#9214,1.);
#9214 = DIRECTION('',(0.,0.,1.));
#9215 = ORIENTED_EDGE('',*,*,#9216,.T.);
#9216 = EDGE_CURVE('',#9207,#9217,#9219,.T.);
#9217 = VERTEX_POINT('',#9218);
#9218 = CARTESIAN_POINT('',(189.5,32.6,164.));
#9219 = LINE('',#9220,#9221);
#9220 = CARTESIAN_POINT('',(189.5,22.6,164.));
#9221 = VECTOR('',#9222,1.);
#9222 = DIRECTION('',(-0.,1.,0.));
#9223 = ORIENTED_EDGE('',*,*,#9224,.T.);
#9224 = EDGE_CURVE('',#9217,#9225,#9227,.T.);
#9225 = VERTEX_POINT('',#9226);
#9226 = CARTESIAN_POINT('',(189.5,32.6,214.));
#9227 = LINE('',#9228,#9229);
#9228 = CARTESIAN_POINT('',(189.5,32.6,164.));
#9229 = VECTOR('',#9230,1.);
#9230 = DIRECTION('',(0.,0.,1.));
#9231 = ORIENTED_EDGE('',*,*,#9232,.F.);
#9232 = EDGE_CURVE('',#9209,#9225,#9233,.T.);
#9233 = LINE('',#9234,#9235);
#9234 = CARTESIAN_POINT('',(189.5,22.6,214.));
#9235 = VECTOR('',#9236,1.);
#9236 = DIRECTION('',(-0.,1.,0.));
#9237 = PLANE('',#9238);
#9238 = AXIS2_PLACEMENT_3D('',#9239,#9240,#9241);
#9239 = CARTESIAN_POINT('',(189.5,22.6,164.));
#9240 = DIRECTION('',(1.,0.,-0.));
#9241 = DIRECTION('',(0.,0.,1.));
#9242 = ADVANCED_FACE('',(#9243),#9259,.F.);
#9243 = FACE_BOUND('',#9244,.F.);
#9244 = EDGE_LOOP('',(#9245,#9251,#9252,#9258));
#9245 = ORIENTED_EDGE('',*,*,#9246,.F.);
#9246 = EDGE_CURVE('',#9167,#9207,#9247,.T.);
#9247 = LINE('',#9248,#9249);
#9248 = CARTESIAN_POINT('',(160.5,22.6,164.));
#9249 = VECTOR('',#9250,1.);
#9250 = DIRECTION('',(1.,0.,-0.));
#9251 = ORIENTED_EDGE('',*,*,#9166,.T.);
#9252 = ORIENTED_EDGE('',*,*,#9253,.T.);
#9253 = EDGE_CURVE('',#9169,#9209,#9254,.T.);
#9254 = LINE('',#9255,#9256);
#9255 = CARTESIAN_POINT('',(160.5,22.6,214.));
#9256 = VECTOR('',#9257,1.);
#9257 = DIRECTION('',(1.,0.,-0.));
#9258 = ORIENTED_EDGE('',*,*,#9206,.F.);
#9259 = PLANE('',#9260);
#9260 = AXIS2_PLACEMENT_3D('',#9261,#9262,#9263);
#9261 = CARTESIAN_POINT('',(160.5,22.6,164.));
#9262 = DIRECTION('',(-0.,1.,0.));
#9263 = DIRECTION('',(0.,0.,1.));
#9264 = ADVANCED_FACE('',(#9265),#9281,.T.);
#9265 = FACE_BOUND('',#9266,.T.);
#9266 = EDGE_LOOP('',(#9267,#9273,#9274,#9280));
#9267 = ORIENTED_EDGE('',*,*,#9268,.F.);
#9268 = EDGE_CURVE('',#9177,#9217,#9269,.T.);
#9269 = LINE('',#9270,#9271);
#9270 = CARTESIAN_POINT('',(160.5,32.6,164.));
#9271 = VECTOR('',#9272,1.);
#9272 = DIRECTION('',(1.,0.,-0.));
#9273 = ORIENTED_EDGE('',*,*,#9184,.T.);
#9274 = ORIENTED_EDGE('',*,*,#9275,.T.);
#9275 = EDGE_CURVE('',#9185,#9225,#9276,.T.);
#9276 = LINE('',#9277,#9278);
#9277 = CARTESIAN_POINT('',(160.5,32.6,214.));
#9278 = VECTOR('',#9279,1.);
#9279 = DIRECTION('',(1.,0.,-0.));
#9280 = ORIENTED_EDGE('',*,*,#9224,.F.);
#9281 = PLANE('',#9282);
#9282 = AXIS2_PLACEMENT_3D('',#9283,#9284,#9285);
#9283 = CARTESIAN_POINT('',(160.5,32.6,164.));
#9284 = DIRECTION('',(-0.,1.,0.));
#9285 = DIRECTION('',(0.,0.,1.));
#9286 = ADVANCED_FACE('',(#9287),#9293,.F.);
#9287 = FACE_BOUND('',#9288,.F.);
#9288 = EDGE_LOOP('',(#9289,#9290,#9291,#9292));
#9289 = ORIENTED_EDGE('',*,*,#9176,.F.);
#9290 = ORIENTED_EDGE('',*,*,#9246,.T.);
#9291 = ORIENTED_EDGE('',*,*,#9216,.T.);
#9292 = ORIENTED_EDGE('',*,*,#9268,.F.);
#9293 = PLANE('',#9294);
#9294 = AXIS2_PLACEMENT_3D('',#9295,#9296,#9297);
#9295 = CARTESIAN_POINT('',(160.5,22.6,164.));
#9296 = DIRECTION('',(0.,0.,1.));
#9297 = DIRECTION('',(1.,0.,-0.));
#9298 = ADVANCED_FACE('',(#9299),#9305,.T.);
#9299 = FACE_BOUND('',#9300,.T.);
#9300 = EDGE_LOOP('',(#9301,#9302,#9303,#9304));
#9301 = ORIENTED_EDGE('',*,*,#9192,.F.);
#9302 = ORIENTED_EDGE('',*,*,#9253,.T.);
#9303 = ORIENTED_EDGE('',*,*,#9232,.T.);
#9304 = ORIENTED_EDGE('',*,*,#9275,.F.);
#9305 = PLANE('',#9306);
#9306 = AXIS2_PLACEMENT_3D('',#9307,#9308,#9309);
#9307 = CARTESIAN_POINT('',(160.5,22.6,214.));
#9308 = DIRECTION('',(0.,0.,1.));
#9309 = DIRECTION('',(1.,0.,-0.));
#9310 = ( GEOMETRIC_REPRESENTATION_CONTEXT(3) 
GLOBAL_UNCERTAINTY_ASSIGNED_CONTEXT((#9314)) 
GLOBAL_UNIT_ASSIGNED_CONTEXT((#9311,#9312,#9313)) REPRESENTATION_CONTEXT
('Context #1','3D Context with UNIT and UNCERTAINTY') );
#9311 = ( LENGTH_UNIT() NAMED_UNIT(*) SI_UNIT(.MILLI.,.METRE.) );
#9312 = ( NAMED_UNIT(*) PLANE_ANGLE_UNIT() SI_UNIT($,.RADIAN.) );
#9313 = ( NAMED_UNIT(*) SI_UNIT($,.STERADIAN.) SOLID_ANGLE_UNIT() );
#9314 = UNCERTAINTY_MEASURE_WITH_UNIT(LENGTH_MEASURE(1.E-07),#9311,
  'distance_accuracy_value','confusion accuracy');
#9315 = CONTEXT_DEPENDENT_SHAPE_REPRESENTATION(#9316,#9318);
#9316 = ( REPRESENTATION_RELATIONSHIP('','',#9159,#10) 
REPRESENTATION_RELATIONSHIP_WITH_TRANSFORMATION(#9317) 
SHAPE_REPRESENTATION_RELATIONSHIP() );
#9317 = ITEM_DEFINED_TRANSFORMATION('','',#11,#119);
#9318 = PRODUCT_DEFINITION_SHAPE('Placement','Placement of an item',
  #9319);
#9319 = NEXT_ASSEMBLY_USAGE_OCCURRENCE('82','PA11 component envelope',''
  ,#5,#9154,$);
#9320 = PRODUCT_RELATED_PRODUCT_CATEGORY('part',$,(#9156));
#9321 = SHAPE_DEFINITION_REPRESENTATION(#9322,#9328);
#9322 = PRODUCT_DEFINITION_SHAPE('','',#9323);
#9323 = PRODUCT_DEFINITION('design','',#9324,#9327);
#9324 = PRODUCT_DEFINITION_FORMATION('','',#9325);
#9325 = PRODUCT('RF PA board PA12 (35x60)','RF PA board PA12 (35x60)',''
  ,(#9326));
#9326 = PRODUCT_CONTEXT('',#2,'mechanical');
#9327 = PRODUCT_DEFINITION_CONTEXT('part definition',#2,'design');
#9328 = ADVANCED_BREP_SHAPE_REPRESENTATION('',(#11,#9329),#9479);
#9329 = MANIFOLD_SOLID_BREP('',#9330);
#9330 = CLOSED_SHELL('',(#9331,#9371,#9411,#9433,#9455,#9467));
#9331 = ADVANCED_FACE('',(#9332),#9366,.F.);
#9332 = FACE_BOUND('',#9333,.F.);
#9333 = EDGE_LOOP('',(#9334,#9344,#9352,#9360));
#9334 = ORIENTED_EDGE('',*,*,#9335,.F.);
#9335 = EDGE_CURVE('',#9336,#9338,#9340,.T.);
#9336 = VERTEX_POINT('',#9337);
#9337 = CARTESIAN_POINT('',(197.5,21.,159.));
#9338 = VERTEX_POINT('',#9339);
#9339 = CARTESIAN_POINT('',(197.5,21.,219.));
#9340 = LINE('',#9341,#9342);
#9341 = CARTESIAN_POINT('',(197.5,21.,159.));
#9342 = VECTOR('',#9343,1.);
#9343 = DIRECTION('',(0.,0.,1.));
#9344 = ORIENTED_EDGE('',*,*,#9345,.T.);
#9345 = EDGE_CURVE('',#9336,#9346,#9348,.T.);
#9346 = VERTEX_POINT('',#9347);
#9347 = CARTESIAN_POINT('',(197.5,22.6,159.));
#9348 = LINE('',#9349,#9350);
#9349 = CARTESIAN_POINT('',(197.5,21.,159.));
#9350 = VECTOR('',#9351,1.);
#9351 = DIRECTION('',(-0.,1.,0.));
#9352 = ORIENTED_EDGE('',*,*,#9353,.T.);
#9353 = EDGE_CURVE('',#9346,#9354,#9356,.T.);
#9354 = VERTEX_POINT('',#9355);
#9355 = CARTESIAN_POINT('',(197.5,22.6,219.));
#9356 = LINE('',#9357,#9358);
#9357 = CARTESIAN_POINT('',(197.5,22.6,159.));
#9358 = VECTOR('',#9359,1.);
#9359 = DIRECTION('',(0.,0.,1.));
#9360 = ORIENTED_EDGE('',*,*,#9361,.F.);
#9361 = EDGE_CURVE('',#9338,#9354,#9362,.T.);
#9362 = LINE('',#9363,#9364);
#9363 = CARTESIAN_POINT('',(197.5,21.,219.));
#9364 = VECTOR('',#9365,1.);
#9365 = DIRECTION('',(-0.,1.,0.));
#9366 = PLANE('',#9367);
#9367 = AXIS2_PLACEMENT_3D('',#9368,#9369,#9370);
#9368 = CARTESIAN_POINT('',(197.5,21.,159.));
#9369 = DIRECTION('',(1.,0.,-0.));
#9370 = DIRECTION('',(0.,0.,1.));
#9371 = ADVANCED_FACE('',(#9372),#9406,.T.);
#9372 = FACE_BOUND('',#9373,.T.);
#9373 = EDGE_LOOP('',(#9374,#9384,#9392,#9400));
#9374 = ORIENTED_EDGE('',*,*,#9375,.F.);
#9375 = EDGE_CURVE('',#9376,#9378,#9380,.T.);
#9376 = VERTEX_POINT('',#9377);
#9377 = CARTESIAN_POINT('',(232.5,21.,159.));
#9378 = VERTEX_POINT('',#9379);
#9379 = CARTESIAN_POINT('',(232.5,21.,219.));
#9380 = LINE('',#9381,#9382);
#9381 = CARTESIAN_POINT('',(232.5,21.,159.));
#9382 = VECTOR('',#9383,1.);
#9383 = DIRECTION('',(0.,0.,1.));
#9384 = ORIENTED_EDGE('',*,*,#9385,.T.);
#9385 = EDGE_CURVE('',#9376,#9386,#9388,.T.);
#9386 = VERTEX_POINT('',#9387);
#9387 = CARTESIAN_POINT('',(232.5,22.6,159.));
#9388 = LINE('',#9389,#9390);
#9389 = CARTESIAN_POINT('',(232.5,21.,159.));
#9390 = VECTOR('',#9391,1.);
#9391 = DIRECTION('',(-0.,1.,0.));
#9392 = ORIENTED_EDGE('',*,*,#9393,.T.);
#9393 = EDGE_CURVE('',#9386,#9394,#9396,.T.);
#9394 = VERTEX_POINT('',#9395);
#9395 = CARTESIAN_POINT('',(232.5,22.6,219.));
#9396 = LINE('',#9397,#9398);
#9397 = CARTESIAN_POINT('',(232.5,22.6,159.));
#9398 = VECTOR('',#9399,1.);
#9399 = DIRECTION('',(0.,0.,1.));
#9400 = ORIENTED_EDGE('',*,*,#9401,.F.);
#9401 = EDGE_CURVE('',#9378,#9394,#9402,.T.);
#9402 = LINE('',#9403,#9404);
#9403 = CARTESIAN_POINT('',(232.5,21.,219.));
#9404 = VECTOR('',#9405,1.);
#9405 = DIRECTION('',(-0.,1.,0.));
#9406 = PLANE('',#9407);
#9407 = AXIS2_PLACEMENT_3D('',#9408,#9409,#9410);
#9408 = CARTESIAN_POINT('',(232.5,21.,159.));
#9409 = DIRECTION('',(1.,0.,-0.));
#9410 = DIRECTION('',(0.,0.,1.));
#9411 = ADVANCED_FACE('',(#9412),#9428,.F.);
#9412 = FACE_BOUND('',#9413,.F.);
#9413 = EDGE_LOOP('',(#9414,#9420,#9421,#9427));
#9414 = ORIENTED_EDGE('',*,*,#9415,.F.);
#9415 = EDGE_CURVE('',#9336,#9376,#9416,.T.);
#9416 = LINE('',#9417,#9418);
#9417 = CARTESIAN_POINT('',(197.5,21.,159.));
#9418 = VECTOR('',#9419,1.);
#9419 = DIRECTION('',(1.,0.,-0.));
#9420 = ORIENTED_EDGE('',*,*,#9335,.T.);
#9421 = ORIENTED_EDGE('',*,*,#9422,.T.);
#9422 = EDGE_CURVE('',#9338,#9378,#9423,.T.);
#9423 = LINE('',#9424,#9425);
#9424 = CARTESIAN_POINT('',(197.5,21.,219.));
#9425 = VECTOR('',#9426,1.);
#9426 = DIRECTION('',(1.,0.,-0.));
#9427 = ORIENTED_EDGE('',*,*,#9375,.F.);
#9428 = PLANE('',#9429);
#9429 = AXIS2_PLACEMENT_3D('',#9430,#9431,#9432);
#9430 = CARTESIAN_POINT('',(197.5,21.,159.));
#9431 = DIRECTION('',(-0.,1.,0.));
#9432 = DIRECTION('',(0.,0.,1.));
#9433 = ADVANCED_FACE('',(#9434),#9450,.T.);
#9434 = FACE_BOUND('',#9435,.T.);
#9435 = EDGE_LOOP('',(#9436,#9442,#9443,#9449));
#9436 = ORIENTED_EDGE('',*,*,#9437,.F.);
#9437 = EDGE_CURVE('',#9346,#9386,#9438,.T.);
#9438 = LINE('',#9439,#9440);
#9439 = CARTESIAN_POINT('',(197.5,22.6,159.));
#9440 = VECTOR('',#9441,1.);
#9441 = DIRECTION('',(1.,0.,-0.));
#9442 = ORIENTED_EDGE('',*,*,#9353,.T.);
#9443 = ORIENTED_EDGE('',*,*,#9444,.T.);
#9444 = EDGE_CURVE('',#9354,#9394,#9445,.T.);
#9445 = LINE('',#9446,#9447);
#9446 = CARTESIAN_POINT('',(197.5,22.6,219.));
#9447 = VECTOR('',#9448,1.);
#9448 = DIRECTION('',(1.,0.,-0.));
#9449 = ORIENTED_EDGE('',*,*,#9393,.F.);
#9450 = PLANE('',#9451);
#9451 = AXIS2_PLACEMENT_3D('',#9452,#9453,#9454);
#9452 = CARTESIAN_POINT('',(197.5,22.6,159.));
#9453 = DIRECTION('',(-0.,1.,0.));
#9454 = DIRECTION('',(0.,0.,1.));
#9455 = ADVANCED_FACE('',(#9456),#9462,.F.);
#9456 = FACE_BOUND('',#9457,.F.);
#9457 = EDGE_LOOP('',(#9458,#9459,#9460,#9461));
#9458 = ORIENTED_EDGE('',*,*,#9345,.F.);
#9459 = ORIENTED_EDGE('',*,*,#9415,.T.);
#9460 = ORIENTED_EDGE('',*,*,#9385,.T.);
#9461 = ORIENTED_EDGE('',*,*,#9437,.F.);
#9462 = PLANE('',#9463);
#9463 = AXIS2_PLACEMENT_3D('',#9464,#9465,#9466);
#9464 = CARTESIAN_POINT('',(197.5,21.,159.));
#9465 = DIRECTION('',(0.,0.,1.));
#9466 = DIRECTION('',(1.,0.,-0.));
#9467 = ADVANCED_FACE('',(#9468),#9474,.T.);
#9468 = FACE_BOUND('',#9469,.T.);
#9469 = EDGE_LOOP('',(#9470,#9471,#9472,#9473));
#9470 = ORIENTED_EDGE('',*,*,#9361,.F.);
#9471 = ORIENTED_EDGE('',*,*,#9422,.T.);
#9472 = ORIENTED_EDGE('',*,*,#9401,.T.);
#9473 = ORIENTED_EDGE('',*,*,#9444,.F.);
#9474 = PLANE('',#9475);
#9475 = AXIS2_PLACEMENT_3D('',#9476,#9477,#9478);
#9476 = CARTESIAN_POINT('',(197.5,21.,219.));
#9477 = DIRECTION('',(0.,0.,1.));
#9478 = DIRECTION('',(1.,0.,-0.));
#9479 = ( GEOMETRIC_REPRESENTATION_CONTEXT(3) 
GLOBAL_UNCERTAINTY_ASSIGNED_CONTEXT((#9483)) 
GLOBAL_UNIT_ASSIGNED_CONTEXT((#9480,#9481,#9482)) REPRESENTATION_CONTEXT
('Context #1','3D Context with UNIT and UNCERTAINTY') );
#9480 = ( LENGTH_UNIT() NAMED_UNIT(*) SI_UNIT(.MILLI.,.METRE.) );
#9481 = ( NAMED_UNIT(*) PLANE_ANGLE_UNIT() SI_UNIT($,.RADIAN.) );
#9482 = ( NAMED_UNIT(*) SI_UNIT($,.STERADIAN.) SOLID_ANGLE_UNIT() );
#9483 = UNCERTAINTY_MEASURE_WITH_UNIT(LENGTH_MEASURE(1.E-07),#9480,
  'distance_accuracy_value','confusion accuracy');
#9484 = CONTEXT_DEPENDENT_SHAPE_REPRESENTATION(#9485,#9487);
#9485 = ( REPRESENTATION_RELATIONSHIP('','',#9328,#10) 
REPRESENTATION_RELATIONSHIP_WITH_TRANSFORMATION(#9486) 
SHAPE_REPRESENTATION_RELATIONSHIP() );
#9486 = ITEM_DEFINED_TRANSFORMATION('','',#11,#123);
#9487 = PRODUCT_DEFINITION_SHAPE('Placement','Placement of an item',
  #9488);
#9488 = NEXT_ASSEMBLY_USAGE_OCCURRENCE('83','RF PA board PA12 (35x60)',
  '',#5,#9323,$);
#9489 = PRODUCT_RELATED_PRODUCT_CATEGORY('part',$,(#9325));
#9490 = SHAPE_DEFINITION_REPRESENTATION(#9491,#9497);
#9491 = PRODUCT_DEFINITION_SHAPE('','',#9492);
#9492 = PRODUCT_DEFINITION('design','',#9493,#9496);
#9493 = PRODUCT_DEFINITION_FORMATION('','',#9494);
#9494 = PRODUCT('PA12 component envelope','PA12 component envelope','',(
    #9495));
#9495 = PRODUCT_CONTEXT('',#2,'mechanical');
#9496 = PRODUCT_DEFINITION_CONTEXT('part definition',#2,'design');
#9497 = ADVANCED_BREP_SHAPE_REPRESENTATION('',(#11,#9498),#9648);
#9498 = MANIFOLD_SOLID_BREP('',#9499);
#9499 = CLOSED_SHELL('',(#9500,#9540,#9580,#9602,#9624,#9636));
#9500 = ADVANCED_FACE('',(#9501),#9535,.F.);
#9501 = FACE_BOUND('',#9502,.F.);
#9502 = EDGE_LOOP('',(#9503,#9513,#9521,#9529));
#9503 = ORIENTED_EDGE('',*,*,#9504,.F.);
#9504 = EDGE_CURVE('',#9505,#9507,#9509,.T.);
#9505 = VERTEX_POINT('',#9506);
#9506 = CARTESIAN_POINT('',(200.5,22.6,164.));
#9507 = VERTEX_POINT('',#9508);
#9508 = CARTESIAN_POINT('',(200.5,22.6,214.));
#9509 = LINE('',#9510,#9511);
#9510 = CARTESIAN_POINT('',(200.5,22.6,164.));
#9511 = VECTOR('',#9512,1.);
#9512 = DIRECTION('',(0.,0.,1.));
#9513 = ORIENTED_EDGE('',*,*,#9514,.T.);
#9514 = EDGE_CURVE('',#9505,#9515,#9517,.T.);
#9515 = VERTEX_POINT('',#9516);
#9516 = CARTESIAN_POINT('',(200.5,32.6,164.));
#9517 = LINE('',#9518,#9519);
#9518 = CARTESIAN_POINT('',(200.5,22.6,164.));
#9519 = VECTOR('',#9520,1.);
#9520 = DIRECTION('',(-0.,1.,0.));
#9521 = ORIENTED_EDGE('',*,*,#9522,.T.);
#9522 = EDGE_CURVE('',#9515,#9523,#9525,.T.);
#9523 = VERTEX_POINT('',#9524);
#9524 = CARTESIAN_POINT('',(200.5,32.6,214.));
#9525 = LINE('',#9526,#9527);
#9526 = CARTESIAN_POINT('',(200.5,32.6,164.));
#9527 = VECTOR('',#9528,1.);
#9528 = DIRECTION('',(0.,0.,1.));
#9529 = ORIENTED_EDGE('',*,*,#9530,.F.);
#9530 = EDGE_CURVE('',#9507,#9523,#9531,.T.);
#9531 = LINE('',#9532,#9533);
#9532 = CARTESIAN_POINT('',(200.5,22.6,214.));
#9533 = VECTOR('',#9534,1.);
#9534 = DIRECTION('',(-0.,1.,0.));
#9535 = PLANE('',#9536);
#9536 = AXIS2_PLACEMENT_3D('',#9537,#9538,#9539);
#9537 = CARTESIAN_POINT('',(200.5,22.6,164.));
#9538 = DIRECTION('',(1.,0.,-0.));
#9539 = DIRECTION('',(0.,0.,1.));
#9540 = ADVANCED_FACE('',(#9541),#9575,.T.);
#9541 = FACE_BOUND('',#9542,.T.);
#9542 = EDGE_LOOP('',(#9543,#9553,#9561,#9569));
#9543 = ORIENTED_EDGE('',*,*,#9544,.F.);
#9544 = EDGE_CURVE('',#9545,#9547,#9549,.T.);
#9545 = VERTEX_POINT('',#9546);
#9546 = CARTESIAN_POINT('',(229.5,22.6,164.));
#9547 = VERTEX_POINT('',#9548);
#9548 = CARTESIAN_POINT('',(229.5,22.6,214.));
#9549 = LINE('',#9550,#9551);
#9550 = CARTESIAN_POINT('',(229.5,22.6,164.));
#9551 = VECTOR('',#9552,1.);
#9552 = DIRECTION('',(0.,0.,1.));
#9553 = ORIENTED_EDGE('',*,*,#9554,.T.);
#9554 = EDGE_CURVE('',#9545,#9555,#9557,.T.);
#9555 = VERTEX_POINT('',#9556);
#9556 = CARTESIAN_POINT('',(229.5,32.6,164.));
#9557 = LINE('',#9558,#9559);
#9558 = CARTESIAN_POINT('',(229.5,22.6,164.));
#9559 = VECTOR('',#9560,1.);
#9560 = DIRECTION('',(-0.,1.,0.));
#9561 = ORIENTED_EDGE('',*,*,#9562,.T.);
#9562 = EDGE_CURVE('',#9555,#9563,#9565,.T.);
#9563 = VERTEX_POINT('',#9564);
#9564 = CARTESIAN_POINT('',(229.5,32.6,214.));
#9565 = LINE('',#9566,#9567);
#9566 = CARTESIAN_POINT('',(229.5,32.6,164.));
#9567 = VECTOR('',#9568,1.);
#9568 = DIRECTION('',(0.,0.,1.));
#9569 = ORIENTED_EDGE('',*,*,#9570,.F.);
#9570 = EDGE_CURVE('',#9547,#9563,#9571,.T.);
#9571 = LINE('',#9572,#9573);
#9572 = CARTESIAN_POINT('',(229.5,22.6,214.));
#9573 = VECTOR('',#9574,1.);
#9574 = DIRECTION('',(-0.,1.,0.));
#9575 = PLANE('',#9576);
#9576 = AXIS2_PLACEMENT_3D('',#9577,#9578,#9579);
#9577 = CARTESIAN_POINT('',(229.5,22.6,164.));
#9578 = DIRECTION('',(1.,0.,-0.));
#9579 = DIRECTION('',(0.,0.,1.));
#9580 = ADVANCED_FACE('',(#9581),#9597,.F.);
#9581 = FACE_BOUND('',#9582,.F.);
#9582 = EDGE_LOOP('',(#9583,#9589,#9590,#9596));
#9583 = ORIENTED_EDGE('',*,*,#9584,.F.);
#9584 = EDGE_CURVE('',#9505,#9545,#9585,.T.);
#9585 = LINE('',#9586,#9587);
#9586 = CARTESIAN_POINT('',(200.5,22.6,164.));
#9587 = VECTOR('',#9588,1.);
#9588 = DIRECTION('',(1.,0.,-0.));
#9589 = ORIENTED_EDGE('',*,*,#9504,.T.);
#9590 = ORIENTED_EDGE('',*,*,#9591,.T.);
#9591 = EDGE_CURVE('',#9507,#9547,#9592,.T.);
#9592 = LINE('',#9593,#9594);
#9593 = CARTESIAN_POINT('',(200.5,22.6,214.));
#9594 = VECTOR('',#9595,1.);
#9595 = DIRECTION('',(1.,0.,-0.));
#9596 = ORIENTED_EDGE('',*,*,#9544,.F.);
#9597 = PLANE('',#9598);
#9598 = AXIS2_PLACEMENT_3D('',#9599,#9600,#9601);
#9599 = CARTESIAN_POINT('',(200.5,22.6,164.));
#9600 = DIRECTION('',(-0.,1.,0.));
#9601 = DIRECTION('',(0.,0.,1.));
#9602 = ADVANCED_FACE('',(#9603),#9619,.T.);
#9603 = FACE_BOUND('',#9604,.T.);
#9604 = EDGE_LOOP('',(#9605,#9611,#9612,#9618));
#9605 = ORIENTED_EDGE('',*,*,#9606,.F.);
#9606 = EDGE_CURVE('',#9515,#9555,#9607,.T.);
#9607 = LINE('',#9608,#9609);
#9608 = CARTESIAN_POINT('',(200.5,32.6,164.));
#9609 = VECTOR('',#9610,1.);
#9610 = DIRECTION('',(1.,0.,-0.));
#9611 = ORIENTED_EDGE('',*,*,#9522,.T.);
#9612 = ORIENTED_EDGE('',*,*,#9613,.T.);
#9613 = EDGE_CURVE('',#9523,#9563,#9614,.T.);
#9614 = LINE('',#9615,#9616);
#9615 = CARTESIAN_POINT('',(200.5,32.6,214.));
#9616 = VECTOR('',#9617,1.);
#9617 = DIRECTION('',(1.,0.,-0.));
#9618 = ORIENTED_EDGE('',*,*,#9562,.F.);
#9619 = PLANE('',#9620);
#9620 = AXIS2_PLACEMENT_3D('',#9621,#9622,#9623);
#9621 = CARTESIAN_POINT('',(200.5,32.6,164.));
#9622 = DIRECTION('',(-0.,1.,0.));
#9623 = DIRECTION('',(0.,0.,1.));
#9624 = ADVANCED_FACE('',(#9625),#9631,.F.);
#9625 = FACE_BOUND('',#9626,.F.);
#9626 = EDGE_LOOP('',(#9627,#9628,#9629,#9630));
#9627 = ORIENTED_EDGE('',*,*,#9514,.F.);
#9628 = ORIENTED_EDGE('',*,*,#9584,.T.);
#9629 = ORIENTED_EDGE('',*,*,#9554,.T.);
#9630 = ORIENTED_EDGE('',*,*,#9606,.F.);
#9631 = PLANE('',#9632);
#9632 = AXIS2_PLACEMENT_3D('',#9633,#9634,#9635);
#9633 = CARTESIAN_POINT('',(200.5,22.6,164.));
#9634 = DIRECTION('',(0.,0.,1.));
#9635 = DIRECTION('',(1.,0.,-0.));
#9636 = ADVANCED_FACE('',(#9637),#9643,.T.);
#9637 = FACE_BOUND('',#9638,.T.);
#9638 = EDGE_LOOP('',(#9639,#9640,#9641,#9642));
#9639 = ORIENTED_EDGE('',*,*,#9530,.F.);
#9640 = ORIENTED_EDGE('',*,*,#9591,.T.);
#9641 = ORIENTED_EDGE('',*,*,#9570,.T.);
#9642 = ORIENTED_EDGE('',*,*,#9613,.F.);
#9643 = PLANE('',#9644);
#9644 = AXIS2_PLACEMENT_3D('',#9645,#9646,#9647);
#9645 = CARTESIAN_POINT('',(200.5,22.6,214.));
#9646 = DIRECTION('',(0.,0.,1.));
#9647 = DIRECTION('',(1.,0.,-0.));
#9648 = ( GEOMETRIC_REPRESENTATION_CONTEXT(3) 
GLOBAL_UNCERTAINTY_ASSIGNED_CONTEXT((#9652)) 
GLOBAL_UNIT_ASSIGNED_CONTEXT((#9649,#9650,#9651)) REPRESENTATION_CONTEXT
('Context #1','3D Context with UNIT and UNCERTAINTY') );
#9649 = ( LENGTH_UNIT() NAMED_UNIT(*) SI_UNIT(.MILLI.,.METRE.) );
#9650 = ( NAMED_UNIT(*) PLANE_ANGLE_UNIT() SI_UNIT($,.RADIAN.) );
#9651 = ( NAMED_UNIT(*) SI_UNIT($,.STERADIAN.) SOLID_ANGLE_UNIT() );
#9652 = UNCERTAINTY_MEASURE_WITH_UNIT(LENGTH_MEASURE(1.E-07),#9649,
  'distance_accuracy_value','confusion accuracy');
#9653 = CONTEXT_DEPENDENT_SHAPE_REPRESENTATION(#9654,#9656);
#9654 = ( REPRESENTATION_RELATIONSHIP('','',#9497,#10) 
REPRESENTATION_RELATIONSHIP_WITH_TRANSFORMATION(#9655) 
SHAPE_REPRESENTATION_RELATIONSHIP() );
#9655 = ITEM_DEFINED_TRANSFORMATION('','',#11,#127);
#9656 = PRODUCT_DEFINITION_SHAPE('Placement','Placement of an item',
  #9657);
#9657 = NEXT_ASSEMBLY_USAGE_OCCURRENCE('84','PA12 component envelope',''
  ,#5,#9492,$);
#9658 = PRODUCT_RELATED_PRODUCT_CATEGORY('part',$,(#9494));
#9659 = SHAPE_DEFINITION_REPRESENTATION(#9660,#9666);
#9660 = PRODUCT_DEFINITION_SHAPE('','',#9661);
#9661 = PRODUCT_DEFINITION('design','',#9662,#9665);
#9662 = PRODUCT_DEFINITION_FORMATION('','',#9663);
#9663 = PRODUCT('RF PA board PA13 (35x60)','RF PA board PA13 (35x60)',''
  ,(#9664));
#9664 = PRODUCT_CONTEXT('',#2,'mechanical');
#9665 = PRODUCT_DEFINITION_CONTEXT('part definition',#2,'design');
#9666 = ADVANCED_BREP_SHAPE_REPRESENTATION('',(#11,#9667),#9817);
#9667 = MANIFOLD_SOLID_BREP('',#9668);
#9668 = CLOSED_SHELL('',(#9669,#9709,#9749,#9771,#9793,#9805));
#9669 = ADVANCED_FACE('',(#9670),#9704,.F.);
#9670 = FACE_BOUND('',#9671,.F.);
#9671 = EDGE_LOOP('',(#9672,#9682,#9690,#9698));
#9672 = ORIENTED_EDGE('',*,*,#9673,.F.);
#9673 = EDGE_CURVE('',#9674,#9676,#9678,.T.);
#9674 = VERTEX_POINT('',#9675);
#9675 = CARTESIAN_POINT('',(77.5,21.,227.));
#9676 = VERTEX_POINT('',#9677);
#9677 = CARTESIAN_POINT('',(77.5,21.,287.));
#9678 = LINE('',#9679,#9680);
#9679 = CARTESIAN_POINT('',(77.5,21.,227.));
#9680 = VECTOR('',#9681,1.);
#9681 = DIRECTION('',(0.,0.,1.));
#9682 = ORIENTED_EDGE('',*,*,#9683,.T.);
#9683 = EDGE_CURVE('',#9674,#9684,#9686,.T.);
#9684 = VERTEX_POINT('',#9685);
#9685 = CARTESIAN_POINT('',(77.5,22.6,227.));
#9686 = LINE('',#9687,#9688);
#9687 = CARTESIAN_POINT('',(77.5,21.,227.));
#9688 = VECTOR('',#9689,1.);
#9689 = DIRECTION('',(-0.,1.,0.));
#9690 = ORIENTED_EDGE('',*,*,#9691,.T.);
#9691 = EDGE_CURVE('',#9684,#9692,#9694,.T.);
#9692 = VERTEX_POINT('',#9693);
#9693 = CARTESIAN_POINT('',(77.5,22.6,287.));
#9694 = LINE('',#9695,#9696);
#9695 = CARTESIAN_POINT('',(77.5,22.6,227.));
#9696 = VECTOR('',#9697,1.);
#9697 = DIRECTION('',(0.,0.,1.));
#9698 = ORIENTED_EDGE('',*,*,#9699,.F.);
#9699 = EDGE_CURVE('',#9676,#9692,#9700,.T.);
#9700 = LINE('',#9701,#9702);
#9701 = CARTESIAN_POINT('',(77.5,21.,287.));
#9702 = VECTOR('',#9703,1.);
#9703 = DIRECTION('',(-0.,1.,0.));
#9704 = PLANE('',#9705);
#9705 = AXIS2_PLACEMENT_3D('',#9706,#9707,#9708);
#9706 = CARTESIAN_POINT('',(77.5,21.,227.));
#9707 = DIRECTION('',(1.,0.,-0.));
#9708 = DIRECTION('',(0.,0.,1.));
#9709 = ADVANCED_FACE('',(#9710),#9744,.T.);
#9710 = FACE_BOUND('',#9711,.T.);
#9711 = EDGE_LOOP('',(#9712,#9722,#9730,#9738));
#9712 = ORIENTED_EDGE('',*,*,#9713,.F.);
#9713 = EDGE_CURVE('',#9714,#9716,#9718,.T.);
#9714 = VERTEX_POINT('',#9715);
#9715 = CARTESIAN_POINT('',(112.5,21.,227.));
#9716 = VERTEX_POINT('',#9717);
#9717 = CARTESIAN_POINT('',(112.5,21.,287.));
#9718 = LINE('',#9719,#9720);
#9719 = CARTESIAN_POINT('',(112.5,21.,227.));
#9720 = VECTOR('',#9721,1.);
#9721 = DIRECTION('',(0.,0.,1.));
#9722 = ORIENTED_EDGE('',*,*,#9723,.T.);
#9723 = EDGE_CURVE('',#9714,#9724,#9726,.T.);
#9724 = VERTEX_POINT('',#9725);
#9725 = CARTESIAN_POINT('',(112.5,22.6,227.));
#9726 = LINE('',#9727,#9728);
#9727 = CARTESIAN_POINT('',(112.5,21.,227.));
#9728 = VECTOR('',#9729,1.);
#9729 = DIRECTION('',(-0.,1.,0.));
#9730 = ORIENTED_EDGE('',*,*,#9731,.T.);
#9731 = EDGE_CURVE('',#9724,#9732,#9734,.T.);
#9732 = VERTEX_POINT('',#9733);
#9733 = CARTESIAN_POINT('',(112.5,22.6,287.));
#9734 = LINE('',#9735,#9736);
#9735 = CARTESIAN_POINT('',(112.5,22.6,227.));
#9736 = VECTOR('',#9737,1.);
#9737 = DIRECTION('',(0.,0.,1.));
#9738 = ORIENTED_EDGE('',*,*,#9739,.F.);
#9739 = EDGE_CURVE('',#9716,#9732,#9740,.T.);
#9740 = LINE('',#9741,#9742);
#9741 = CARTESIAN_POINT('',(112.5,21.,287.));
#9742 = VECTOR('',#9743,1.);
#9743 = DIRECTION('',(-0.,1.,0.));
#9744 = PLANE('',#9745);
#9745 = AXIS2_PLACEMENT_3D('',#9746,#9747,#9748);
#9746 = CARTESIAN_POINT('',(112.5,21.,227.));
#9747 = DIRECTION('',(1.,0.,-0.));
#9748 = DIRECTION('',(0.,0.,1.));
#9749 = ADVANCED_FACE('',(#9750),#9766,.F.);
#9750 = FACE_BOUND('',#9751,.F.);
#9751 = EDGE_LOOP('',(#9752,#9758,#9759,#9765));
#9752 = ORIENTED_EDGE('',*,*,#9753,.F.);
#9753 = EDGE_CURVE('',#9674,#9714,#9754,.T.);
#9754 = LINE('',#9755,#9756);
#9755 = CARTESIAN_POINT('',(77.5,21.,227.));
#9756 = VECTOR('',#9757,1.);
#9757 = DIRECTION('',(1.,0.,-0.));
#9758 = ORIENTED_EDGE('',*,*,#9673,.T.);
#9759 = ORIENTED_EDGE('',*,*,#9760,.T.);
#9760 = EDGE_CURVE('',#9676,#9716,#9761,.T.);
#9761 = LINE('',#9762,#9763);
#9762 = CARTESIAN_POINT('',(77.5,21.,287.));
#9763 = VECTOR('',#9764,1.);
#9764 = DIRECTION('',(1.,0.,-0.));
#9765 = ORIENTED_EDGE('',*,*,#9713,.F.);
#9766 = PLANE('',#9767);
#9767 = AXIS2_PLACEMENT_3D('',#9768,#9769,#9770);
#9768 = CARTESIAN_POINT('',(77.5,21.,227.));
#9769 = DIRECTION('',(-0.,1.,0.));
#9770 = DIRECTION('',(0.,0.,1.));
#9771 = ADVANCED_FACE('',(#9772),#9788,.T.);
#9772 = FACE_BOUND('',#9773,.T.);
#9773 = EDGE_LOOP('',(#9774,#9780,#9781,#9787));
#9774 = ORIENTED_EDGE('',*,*,#9775,.F.);
#9775 = EDGE_CURVE('',#9684,#9724,#9776,.T.);
#9776 = LINE('',#9777,#9778);
#9777 = CARTESIAN_POINT('',(77.5,22.6,227.));
#9778 = VECTOR('',#9779,1.);
#9779 = DIRECTION('',(1.,0.,-0.));
#9780 = ORIENTED_EDGE('',*,*,#9691,.T.);
#9781 = ORIENTED_EDGE('',*,*,#9782,.T.);
#9782 = EDGE_CURVE('',#9692,#9732,#9783,.T.);
#9783 = LINE('',#9784,#9785);
#9784 = CARTESIAN_POINT('',(77.5,22.6,287.));
#9785 = VECTOR('',#9786,1.);
#9786 = DIRECTION('',(1.,0.,-0.));
#9787 = ORIENTED_EDGE('',*,*,#9731,.F.);
#9788 = PLANE('',#9789);
#9789 = AXIS2_PLACEMENT_3D('',#9790,#9791,#9792);
#9790 = CARTESIAN_POINT('',(77.5,22.6,227.));
#9791 = DIRECTION('',(-0.,1.,0.));
#9792 = DIRECTION('',(0.,0.,1.));
#9793 = ADVANCED_FACE('',(#9794),#9800,.F.);
#9794 = FACE_BOUND('',#9795,.F.);
#9795 = EDGE_LOOP('',(#9796,#9797,#9798,#9799));
#9796 = ORIENTED_EDGE('',*,*,#9683,.F.);
#9797 = ORIENTED_EDGE('',*,*,#9753,.T.);
#9798 = ORIENTED_EDGE('',*,*,#9723,.T.);
#9799 = ORIENTED_EDGE('',*,*,#9775,.F.);
#9800 = PLANE('',#9801);
#9801 = AXIS2_PLACEMENT_3D('',#9802,#9803,#9804);
#9802 = CARTESIAN_POINT('',(77.5,21.,227.));
#9803 = DIRECTION('',(0.,0.,1.));
#9804 = DIRECTION('',(1.,0.,-0.));
#9805 = ADVANCED_FACE('',(#9806),#9812,.T.);
#9806 = FACE_BOUND('',#9807,.T.);
#9807 = EDGE_LOOP('',(#9808,#9809,#9810,#9811));
#9808 = ORIENTED_EDGE('',*,*,#9699,.F.);
#9809 = ORIENTED_EDGE('',*,*,#9760,.T.);
#9810 = ORIENTED_EDGE('',*,*,#9739,.T.);
#9811 = ORIENTED_EDGE('',*,*,#9782,.F.);
#9812 = PLANE('',#9813);
#9813 = AXIS2_PLACEMENT_3D('',#9814,#9815,#9816);
#9814 = CARTESIAN_POINT('',(77.5,21.,287.));
#9815 = DIRECTION('',(0.,0.,1.));
#9816 = DIRECTION('',(1.,0.,-0.));
#9817 = ( GEOMETRIC_REPRESENTATION_CONTEXT(3) 
GLOBAL_UNCERTAINTY_ASSIGNED_CONTEXT((#9821)) 
GLOBAL_UNIT_ASSIGNED_CONTEXT((#9818,#9819,#9820)) REPRESENTATION_CONTEXT
('Context #1','3D Context with UNIT and UNCERTAINTY') );
#9818 = ( LENGTH_UNIT() NAMED_UNIT(*) SI_UNIT(.MILLI.,.METRE.) );
#9819 = ( NAMED_UNIT(*) PLANE_ANGLE_UNIT() SI_UNIT($,.RADIAN.) );
#9820 = ( NAMED_UNIT(*) SI_UNIT($,.STERADIAN.) SOLID_ANGLE_UNIT() );
#9821 = UNCERTAINTY_MEASURE_WITH_UNIT(LENGTH_MEASURE(1.E-07),#9818,
  'distance_accuracy_value','confusion accuracy');
#9822 = CONTEXT_DEPENDENT_SHAPE_REPRESENTATION(#9823,#9825);
#9823 = ( REPRESENTATION_RELATIONSHIP('','',#9666,#10) 
REPRESENTATION_RELATIONSHIP_WITH_TRANSFORMATION(#9824) 
SHAPE_REPRESENTATION_RELATIONSHIP() );
#9824 = ITEM_DEFINED_TRANSFORMATION('','',#11,#131);
#9825 = PRODUCT_DEFINITION_SHAPE('Placement','Placement of an item',
  #9826);
#9826 = NEXT_ASSEMBLY_USAGE_OCCURRENCE('85','RF PA board PA13 (35x60)',
  '',#5,#9661,$);
#9827 = PRODUCT_RELATED_PRODUCT_CATEGORY('part',$,(#9663));
#9828 = SHAPE_DEFINITION_REPRESENTATION(#9829,#9835);
#9829 = PRODUCT_DEFINITION_SHAPE('','',#9830);
#9830 = PRODUCT_DEFINITION('design','',#9831,#9834);
#9831 = PRODUCT_DEFINITION_FORMATION('','',#9832);
#9832 = PRODUCT('PA13 component envelope','PA13 component envelope','',(
    #9833));
#9833 = PRODUCT_CONTEXT('',#2,'mechanical');
#9834 = PRODUCT_DEFINITION_CONTEXT('part definition',#2,'design');
#9835 = ADVANCED_BREP_SHAPE_REPRESENTATION('',(#11,#9836),#9986);
#9836 = MANIFOLD_SOLID_BREP('',#9837);
#9837 = CLOSED_SHELL('',(#9838,#9878,#9918,#9940,#9962,#9974));
#9838 = ADVANCED_FACE('',(#9839),#9873,.F.);
#9839 = FACE_BOUND('',#9840,.F.);
#9840 = EDGE_LOOP('',(#9841,#9851,#9859,#9867));
#9841 = ORIENTED_EDGE('',*,*,#9842,.F.);
#9842 = EDGE_CURVE('',#9843,#9845,#9847,.T.);
#9843 = VERTEX_POINT('',#9844);
#9844 = CARTESIAN_POINT('',(80.5,22.6,232.));
#9845 = VERTEX_POINT('',#9846);
#9846 = CARTESIAN_POINT('',(80.5,22.6,282.));
#9847 = LINE('',#9848,#9849);
#9848 = CARTESIAN_POINT('',(80.5,22.6,232.));
#9849 = VECTOR('',#9850,1.);
#9850 = DIRECTION('',(0.,0.,1.));
#9851 = ORIENTED_EDGE('',*,*,#9852,.T.);
#9852 = EDGE_CURVE('',#9843,#9853,#9855,.T.);
#9853 = VERTEX_POINT('',#9854);
#9854 = CARTESIAN_POINT('',(80.5,32.6,232.));
#9855 = LINE('',#9856,#9857);
#9856 = CARTESIAN_POINT('',(80.5,22.6,232.));
#9857 = VECTOR('',#9858,1.);
#9858 = DIRECTION('',(-0.,1.,0.));
#9859 = ORIENTED_EDGE('',*,*,#9860,.T.);
#9860 = EDGE_CURVE('',#9853,#9861,#9863,.T.);
#9861 = VERTEX_POINT('',#9862);
#9862 = CARTESIAN_POINT('',(80.5,32.6,282.));
#9863 = LINE('',#9864,#9865);
#9864 = CARTESIAN_POINT('',(80.5,32.6,232.));
#9865 = VECTOR('',#9866,1.);
#9866 = DIRECTION('',(0.,0.,1.));
#9867 = ORIENTED_EDGE('',*,*,#9868,.F.);
#9868 = EDGE_CURVE('',#9845,#9861,#9869,.T.);
#9869 = LINE('',#9870,#9871);
#9870 = CARTESIAN_POINT('',(80.5,22.6,282.));
#9871 = VECTOR('',#9872,1.);
#9872 = DIRECTION('',(-0.,1.,0.));
#9873 = PLANE('',#9874);
#9874 = AXIS2_PLACEMENT_3D('',#9875,#9876,#9877);
#9875 = CARTESIAN_POINT('',(80.5,22.6,232.));
#9876 = DIRECTION('',(1.,0.,-0.));
#9877 = DIRECTION('',(0.,0.,1.));
#9878 = ADVANCED_FACE('',(#9879),#9913,.T.);
#9879 = FACE_BOUND('',#9880,.T.);
#9880 = EDGE_LOOP('',(#9881,#9891,#9899,#9907));
#9881 = ORIENTED_EDGE('',*,*,#9882,.F.);
#9882 = EDGE_CURVE('',#9883,#9885,#9887,.T.);
#9883 = VERTEX_POINT('',#9884);
#9884 = CARTESIAN_POINT('',(109.5,22.6,232.));
#9885 = VERTEX_POINT('',#9886);
#9886 = CARTESIAN_POINT('',(109.5,22.6,282.));
#9887 = LINE('',#9888,#9889);
#9888 = CARTESIAN_POINT('',(109.5,22.6,232.));
#9889 = VECTOR('',#9890,1.);
#9890 = DIRECTION('',(0.,0.,1.));
#9891 = ORIENTED_EDGE('',*,*,#9892,.T.);
#9892 = EDGE_CURVE('',#9883,#9893,#9895,.T.);
#9893 = VERTEX_POINT('',#9894);
#9894 = CARTESIAN_POINT('',(109.5,32.6,232.));
#9895 = LINE('',#9896,#9897);
#9896 = CARTESIAN_POINT('',(109.5,22.6,232.));
#9897 = VECTOR('',#9898,1.);
#9898 = DIRECTION('',(-0.,1.,0.));
#9899 = ORIENTED_EDGE('',*,*,#9900,.T.);
#9900 = EDGE_CURVE('',#9893,#9901,#9903,.T.);
#9901 = VERTEX_POINT('',#9902);
#9902 = CARTESIAN_POINT('',(109.5,32.6,282.));
#9903 = LINE('',#9904,#9905);
#9904 = CARTESIAN_POINT('',(109.5,32.6,232.));
#9905 = VECTOR('',#9906,1.);
#9906 = DIRECTION('',(0.,0.,1.));
#9907 = ORIENTED_EDGE('',*,*,#9908,.F.);
#9908 = EDGE_CURVE('',#9885,#9901,#9909,.T.);
#9909 = LINE('',#9910,#9911);
#9910 = CARTESIAN_POINT('',(109.5,22.6,282.));
#9911 = VECTOR('',#9912,1.);
#9912 = DIRECTION('',(-0.,1.,0.));
#9913 = PLANE('',#9914);
#9914 = AXIS2_PLACEMENT_3D('',#9915,#9916,#9917);
#9915 = CARTESIAN_POINT('',(109.5,22.6,232.));
#9916 = DIRECTION('',(1.,0.,-0.));
#9917 = DIRECTION('',(0.,0.,1.));
#9918 = ADVANCED_FACE('',(#9919),#9935,.F.);
#9919 = FACE_BOUND('',#9920,.F.);
#9920 = EDGE_LOOP('',(#9921,#9927,#9928,#9934));
#9921 = ORIENTED_EDGE('',*,*,#9922,.F.);
#9922 = EDGE_CURVE('',#9843,#9883,#9923,.T.);
#9923 = LINE('',#9924,#9925);
#9924 = CARTESIAN_POINT('',(80.5,22.6,232.));
#9925 = VECTOR('',#9926,1.);
#9926 = DIRECTION('',(1.,0.,-0.));
#9927 = ORIENTED_EDGE('',*,*,#9842,.T.);
#9928 = ORIENTED_EDGE('',*,*,#9929,.T.);
#9929 = EDGE_CURVE('',#9845,#9885,#9930,.T.);
#9930 = LINE('',#9931,#9932);
#9931 = CARTESIAN_POINT('',(80.5,22.6,282.));
#9932 = VECTOR('',#9933,1.);
#9933 = DIRECTION('',(1.,0.,-0.));
#9934 = ORIENTED_EDGE('',*,*,#9882,.F.);
#9935 = PLANE('',#9936);
#9936 = AXIS2_PLACEMENT_3D('',#9937,#9938,#9939);
#9937 = CARTESIAN_POINT('',(80.5,22.6,232.));
#9938 = DIRECTION('',(-0.,1.,0.));
#9939 = DIRECTION('',(0.,0.,1.));
#9940 = ADVANCED_FACE('',(#9941),#9957,.T.);
#9941 = FACE_BOUND('',#9942,.T.);
#9942 = EDGE_LOOP('',(#9943,#9949,#9950,#9956));
#9943 = ORIENTED_EDGE('',*,*,#9944,.F.);
#9944 = EDGE_CURVE('',#9853,#9893,#9945,.T.);
#9945 = LINE('',#9946,#9947);
#9946 = CARTESIAN_POINT('',(80.5,32.6,232.));
#9947 = VECTOR('',#9948,1.);
#9948 = DIRECTION('',(1.,0.,-0.));
#9949 = ORIENTED_EDGE('',*,*,#9860,.T.);
#9950 = ORIENTED_EDGE('',*,*,#9951,.T.);
#9951 = EDGE_CURVE('',#9861,#9901,#9952,.T.);
#9952 = LINE('',#9953,#9954);
#9953 = CARTESIAN_POINT('',(80.5,32.6,282.));
#9954 = VECTOR('',#9955,1.);
#9955 = DIRECTION('',(1.,0.,-0.));
#9956 = ORIENTED_EDGE('',*,*,#9900,.F.);
#9957 = PLANE('',#9958);
#9958 = AXIS2_PLACEMENT_3D('',#9959,#9960,#9961);
#9959 = CARTESIAN_POINT('',(80.5,32.6,232.));
#9960 = DIRECTION('',(-0.,1.,0.));
#9961 = DIRECTION('',(0.,0.,1.));
#9962 = ADVANCED_FACE('',(#9963),#9969,.F.);
#9963 = FACE_BOUND('',#9964,.F.);
#9964 = EDGE_LOOP('',(#9965,#9966,#9967,#9968));
#9965 = ORIENTED_EDGE('',*,*,#9852,.F.);
#9966 = ORIENTED_EDGE('',*,*,#9922,.T.);
#9967 = ORIENTED_EDGE('',*,*,#9892,.T.);
#9968 = ORIENTED_EDGE('',*,*,#9944,.F.);
#9969 = PLANE('',#9970);
#9970 = AXIS2_PLACEMENT_3D('',#9971,#9972,#9973);
#9971 = CARTESIAN_POINT('',(80.5,22.6,232.));
#9972 = DIRECTION('',(0.,0.,1.));
#9973 = DIRECTION('',(1.,0.,-0.));
#9974 = ADVANCED_FACE('',(#9975),#9981,.T.);
#9975 = FACE_BOUND('',#9976,.T.);
#9976 = EDGE_LOOP('',(#9977,#9978,#9979,#9980));
#9977 = ORIENTED_EDGE('',*,*,#9868,.F.);
#9978 = ORIENTED_EDGE('',*,*,#9929,.T.);
#9979 = ORIENTED_EDGE('',*,*,#9908,.T.);
#9980 = ORIENTED_EDGE('',*,*,#9951,.F.);
#9981 = PLANE('',#9982);
#9982 = AXIS2_PLACEMENT_3D('',#9983,#9984,#9985);
#9983 = CARTESIAN_POINT('',(80.5,22.6,282.));
#9984 = DIRECTION('',(0.,0.,1.));
#9985 = DIRECTION('',(1.,0.,-0.));
#9986 = ( GEOMETRIC_REPRESENTATION_CONTEXT(3) 
GLOBAL_UNCERTAINTY_ASSIGNED_CONTEXT((#9990)) 
GLOBAL_UNIT_ASSIGNED_CONTEXT((#9987,#9988,#9989)) REPRESENTATION_CONTEXT
('Context #1','3D Context with UNIT and UNCERTAINTY') );
#9987 = ( LENGTH_UNIT() NAMED_UNIT(*) SI_UNIT(.MILLI.,.METRE.) );
#9988 = ( NAMED_UNIT(*) PLANE_ANGLE_UNIT() SI_UNIT($,.RADIAN.) );
#9989 = ( NAMED_UNIT(*) SI_UNIT($,.STERADIAN.) SOLID_ANGLE_UNIT() );
#9990 = UNCERTAINTY_MEASURE_WITH_UNIT(LENGTH_MEASURE(1.E-07),#9987,
  'distance_accuracy_value','confusion accuracy');
#9991 = CONTEXT_DEPENDENT_SHAPE_REPRESENTATION(#9992,#9994);
#9992 = ( REPRESENTATION_RELATIONSHIP('','',#9835,#10) 
REPRESENTATION_RELATIONSHIP_WITH_TRANSFORMATION(#9993) 
SHAPE_REPRESENTATION_RELATIONSHIP() );
#9993 = ITEM_DEFINED_TRANSFORMATION('','',#11,#135);
#9994 = PRODUCT_DEFINITION_SHAPE('Placement','Placement of an item',
  #9995);
#9995 = NEXT_ASSEMBLY_USAGE_OCCURRENCE('86','PA13 component envelope',''
  ,#5,#9830,$);
#9996 = PRODUCT_RELATED_PRODUCT_CATEGORY('part',$,(#9832));
#9997 = SHAPE_DEFINITION_REPRESENTATION(#9998,#10004);
#9998 = PRODUCT_DEFINITION_SHAPE('','',#9999);
#9999 = PRODUCT_DEFINITION('design','',#10000,#10003);
#10000 = PRODUCT_DEFINITION_FORMATION('','',#10001);
#10001 = PRODUCT('RF PA board PA14 (35x60)','RF PA board PA14 (35x60)',
  '',(#10002));
#10002 = PRODUCT_CONTEXT('',#2,'mechanical');
#10003 = PRODUCT_DEFINITION_CONTEXT('part definition',#2,'design');
#10004 = ADVANCED_BREP_SHAPE_REPRESENTATION('',(#11,#10005),#10155);
#10005 = MANIFOLD_SOLID_BREP('',#10006);
#10006 = CLOSED_SHELL('',(#10007,#10047,#10087,#10109,#10131,#10143));
#10007 = ADVANCED_FACE('',(#10008),#10042,.F.);
#10008 = FACE_BOUND('',#10009,.F.);
#10009 = EDGE_LOOP('',(#10010,#10020,#10028,#10036));
#10010 = ORIENTED_EDGE('',*,*,#10011,.F.);
#10011 = EDGE_CURVE('',#10012,#10014,#10016,.T.);
#10012 = VERTEX_POINT('',#10013);
#10013 = CARTESIAN_POINT('',(117.5,21.,227.));
#10014 = VERTEX_POINT('',#10015);
#10015 = CARTESIAN_POINT('',(117.5,21.,287.));
#10016 = LINE('',#10017,#10018);
#10017 = CARTESIAN_POINT('',(117.5,21.,227.));
#10018 = VECTOR('',#10019,1.);
#10019 = DIRECTION('',(0.,0.,1.));
#10020 = ORIENTED_EDGE('',*,*,#10021,.T.);
#10021 = EDGE_CURVE('',#10012,#10022,#10024,.T.);
#10022 = VERTEX_POINT('',#10023);
#10023 = CARTESIAN_POINT('',(117.5,22.6,227.));
#10024 = LINE('',#10025,#10026);
#10025 = CARTESIAN_POINT('',(117.5,21.,227.));
#10026 = VECTOR('',#10027,1.);
#10027 = DIRECTION('',(-0.,1.,0.));
#10028 = ORIENTED_EDGE('',*,*,#10029,.T.);
#10029 = EDGE_CURVE('',#10022,#10030,#10032,.T.);
#10030 = VERTEX_POINT('',#10031);
#10031 = CARTESIAN_POINT('',(117.5,22.6,287.));
#10032 = LINE('',#10033,#10034);
#10033 = CARTESIAN_POINT('',(117.5,22.6,227.));
#10034 = VECTOR('',#10035,1.);
#10035 = DIRECTION('',(0.,0.,1.));
#10036 = ORIENTED_EDGE('',*,*,#10037,.F.);
#10037 = EDGE_CURVE('',#10014,#10030,#10038,.T.);
#10038 = LINE('',#10039,#10040);
#10039 = CARTESIAN_POINT('',(117.5,21.,287.));
#10040 = VECTOR('',#10041,1.);
#10041 = DIRECTION('',(-0.,1.,0.));
#10042 = PLANE('',#10043);
#10043 = AXIS2_PLACEMENT_3D('',#10044,#10045,#10046);
#10044 = CARTESIAN_POINT('',(117.5,21.,227.));
#10045 = DIRECTION('',(1.,0.,-0.));
#10046 = DIRECTION('',(0.,0.,1.));
#10047 = ADVANCED_FACE('',(#10048),#10082,.T.);
#10048 = FACE_BOUND('',#10049,.T.);
#10049 = EDGE_LOOP('',(#10050,#10060,#10068,#10076));
#10050 = ORIENTED_EDGE('',*,*,#10051,.F.);
#10051 = EDGE_CURVE('',#10052,#10054,#10056,.T.);
#10052 = VERTEX_POINT('',#10053);
#10053 = CARTESIAN_POINT('',(152.5,21.,227.));
#10054 = VERTEX_POINT('',#10055);
#10055 = CARTESIAN_POINT('',(152.5,21.,287.));
#10056 = LINE('',#10057,#10058);
#10057 = CARTESIAN_POINT('',(152.5,21.,227.));
#10058 = VECTOR('',#10059,1.);
#10059 = DIRECTION('',(0.,0.,1.));
#10060 = ORIENTED_EDGE('',*,*,#10061,.T.);
#10061 = EDGE_CURVE('',#10052,#10062,#10064,.T.);
#10062 = VERTEX_POINT('',#10063);
#10063 = CARTESIAN_POINT('',(152.5,22.6,227.));
#10064 = LINE('',#10065,#10066);
#10065 = CARTESIAN_POINT('',(152.5,21.,227.));
#10066 = VECTOR('',#10067,1.);
#10067 = DIRECTION('',(-0.,1.,0.));
#10068 = ORIENTED_EDGE('',*,*,#10069,.T.);
#10069 = EDGE_CURVE('',#10062,#10070,#10072,.T.);
#10070 = VERTEX_POINT('',#10071);
#10071 = CARTESIAN_POINT('',(152.5,22.6,287.));
#10072 = LINE('',#10073,#10074);
#10073 = CARTESIAN_POINT('',(152.5,22.6,227.));
#10074 = VECTOR('',#10075,1.);
#10075 = DIRECTION('',(0.,0.,1.));
#10076 = ORIENTED_EDGE('',*,*,#10077,.F.);
#10077 = EDGE_CURVE('',#10054,#10070,#10078,.T.);
#10078 = LINE('',#10079,#10080);
#10079 = CARTESIAN_POINT('',(152.5,21.,287.));
#10080 = VECTOR('',#10081,1.);
#10081 = DIRECTION('',(-0.,1.,0.));
#10082 = PLANE('',#10083);
#10083 = AXIS2_PLACEMENT_3D('',#10084,#10085,#10086);
#10084 = CARTESIAN_POINT('',(152.5,21.,227.));
#10085 = DIRECTION('',(1.,0.,-0.));
#10086 = DIRECTION('',(0.,0.,1.));
#10087 = ADVANCED_FACE('',(#10088),#10104,.F.);
#10088 = FACE_BOUND('',#10089,.F.);
#10089 = EDGE_LOOP('',(#10090,#10096,#10097,#10103));
#10090 = ORIENTED_EDGE('',*,*,#10091,.F.);
#10091 = EDGE_CURVE('',#10012,#10052,#10092,.T.);
#10092 = LINE('',#10093,#10094);
#10093 = CARTESIAN_POINT('',(117.5,21.,227.));
#10094 = VECTOR('',#10095,1.);
#10095 = DIRECTION('',(1.,0.,-0.));
#10096 = ORIENTED_EDGE('',*,*,#10011,.T.);
#10097 = ORIENTED_EDGE('',*,*,#10098,.T.);
#10098 = EDGE_CURVE('',#10014,#10054,#10099,.T.);
#10099 = LINE('',#10100,#10101);
#10100 = CARTESIAN_POINT('',(117.5,21.,287.));
#10101 = VECTOR('',#10102,1.);
#10102 = DIRECTION('',(1.,0.,-0.));
#10103 = ORIENTED_EDGE('',*,*,#10051,.F.);
#10104 = PLANE('',#10105);
#10105 = AXIS2_PLACEMENT_3D('',#10106,#10107,#10108);
#10106 = CARTESIAN_POINT('',(117.5,21.,227.));
#10107 = DIRECTION('',(-0.,1.,0.));
#10108 = DIRECTION('',(0.,0.,1.));
#10109 = ADVANCED_FACE('',(#10110),#10126,.T.);
#10110 = FACE_BOUND('',#10111,.T.);
#10111 = EDGE_LOOP('',(#10112,#10118,#10119,#10125));
#10112 = ORIENTED_EDGE('',*,*,#10113,.F.);
#10113 = EDGE_CURVE('',#10022,#10062,#10114,.T.);
#10114 = LINE('',#10115,#10116);
#10115 = CARTESIAN_POINT('',(117.5,22.6,227.));
#10116 = VECTOR('',#10117,1.);
#10117 = DIRECTION('',(1.,0.,-0.));
#10118 = ORIENTED_EDGE('',*,*,#10029,.T.);
#10119 = ORIENTED_EDGE('',*,*,#10120,.T.);
#10120 = EDGE_CURVE('',#10030,#10070,#10121,.T.);
#10121 = LINE('',#10122,#10123);
#10122 = CARTESIAN_POINT('',(117.5,22.6,287.));
#10123 = VECTOR('',#10124,1.);
#10124 = DIRECTION('',(1.,0.,-0.));
#10125 = ORIENTED_EDGE('',*,*,#10069,.F.);
#10126 = PLANE('',#10127);
#10127 = AXIS2_PLACEMENT_3D('',#10128,#10129,#10130);
#10128 = CARTESIAN_POINT('',(117.5,22.6,227.));
#10129 = DIRECTION('',(-0.,1.,0.));
#10130 = DIRECTION('',(0.,0.,1.));
#10131 = ADVANCED_FACE('',(#10132),#10138,.F.);
#10132 = FACE_BOUND('',#10133,.F.);
#10133 = EDGE_LOOP('',(#10134,#10135,#10136,#10137));
#10134 = ORIENTED_EDGE('',*,*,#10021,.F.);
#10135 = ORIENTED_EDGE('',*,*,#10091,.T.);
#10136 = ORIENTED_EDGE('',*,*,#10061,.T.);
#10137 = ORIENTED_EDGE('',*,*,#10113,.F.);
#10138 = PLANE('',#10139);
#10139 = AXIS2_PLACEMENT_3D('',#10140,#10141,#10142);
#10140 = CARTESIAN_POINT('',(117.5,21.,227.));
#10141 = DIRECTION('',(0.,0.,1.));
#10142 = DIRECTION('',(1.,0.,-0.));
#10143 = ADVANCED_FACE('',(#10144),#10150,.T.);
#10144 = FACE_BOUND('',#10145,.T.);
#10145 = EDGE_LOOP('',(#10146,#10147,#10148,#10149));
#10146 = ORIENTED_EDGE('',*,*,#10037,.F.);
#10147 = ORIENTED_EDGE('',*,*,#10098,.T.);
#10148 = ORIENTED_EDGE('',*,*,#10077,.T.);
#10149 = ORIENTED_EDGE('',*,*,#10120,.F.);
#10150 = PLANE('',#10151);
#10151 = AXIS2_PLACEMENT_3D('',#10152,#10153,#10154);
#10152 = CARTESIAN_POINT('',(117.5,21.,287.));
#10153 = DIRECTION('',(0.,0.,1.));
#10154 = DIRECTION('',(1.,0.,-0.));
#10155 = ( GEOMETRIC_REPRESENTATION_CONTEXT(3) 
GLOBAL_UNCERTAINTY_ASSIGNED_CONTEXT((#10159)) 
GLOBAL_UNIT_ASSIGNED_CONTEXT((#10156,#10157,#10158)) 
REPRESENTATION_CONTEXT('Context #1',
  '3D Context with UNIT and UNCERTAINTY') );
#10156 = ( LENGTH_UNIT() NAMED_UNIT(*) SI_UNIT(.MILLI.,.METRE.) );
#10157 = ( NAMED_UNIT(*) PLANE_ANGLE_UNIT() SI_UNIT($,.RADIAN.) );
#10158 = ( NAMED_UNIT(*) SI_UNIT($,.STERADIAN.) SOLID_ANGLE_UNIT() );
#10159 = UNCERTAINTY_MEASURE_WITH_UNIT(LENGTH_MEASURE(1.E-07),#10156,
  'distance_accuracy_value','confusion accuracy');
#10160 = CONTEXT_DEPENDENT_SHAPE_REPRESENTATION(#10161,#10163);
#10161 = ( REPRESENTATION_RELATIONSHIP('','',#10004,#10) 
REPRESENTATION_RELATIONSHIP_WITH_TRANSFORMATION(#10162) 
SHAPE_REPRESENTATION_RELATIONSHIP() );
#10162 = ITEM_DEFINED_TRANSFORMATION('','',#11,#139);
#10163 = PRODUCT_DEFINITION_SHAPE('Placement','Placement of an item',
  #10164);
#10164 = NEXT_ASSEMBLY_USAGE_OCCURRENCE('87','RF PA board PA14 (35x60)',
  '',#5,#9999,$);
#10165 = PRODUCT_RELATED_PRODUCT_CATEGORY('part',$,(#10001));
#10166 = SHAPE_DEFINITION_REPRESENTATION(#10167,#10173);
#10167 = PRODUCT_DEFINITION_SHAPE('','',#10168);
#10168 = PRODUCT_DEFINITION('design','',#10169,#10172);
#10169 = PRODUCT_DEFINITION_FORMATION('','',#10170);
#10170 = PRODUCT('PA14 component envelope','PA14 component envelope','',
  (#10171));
#10171 = PRODUCT_CONTEXT('',#2,'mechanical');
#10172 = PRODUCT_DEFINITION_CONTEXT('part definition',#2,'design');
#10173 = ADVANCED_BREP_SHAPE_REPRESENTATION('',(#11,#10174),#10324);
#10174 = MANIFOLD_SOLID_BREP('',#10175);
#10175 = CLOSED_SHELL('',(#10176,#10216,#10256,#10278,#10300,#10312));
#10176 = ADVANCED_FACE('',(#10177),#10211,.F.);
#10177 = FACE_BOUND('',#10178,.F.);
#10178 = EDGE_LOOP('',(#10179,#10189,#10197,#10205));
#10179 = ORIENTED_EDGE('',*,*,#10180,.F.);
#10180 = EDGE_CURVE('',#10181,#10183,#10185,.T.);
#10181 = VERTEX_POINT('',#10182);
#10182 = CARTESIAN_POINT('',(120.5,22.6,232.));
#10183 = VERTEX_POINT('',#10184);
#10184 = CARTESIAN_POINT('',(120.5,22.6,282.));
#10185 = LINE('',#10186,#10187);
#10186 = CARTESIAN_POINT('',(120.5,22.6,232.));
#10187 = VECTOR('',#10188,1.);
#10188 = DIRECTION('',(0.,0.,1.));
#10189 = ORIENTED_EDGE('',*,*,#10190,.T.);
#10190 = EDGE_CURVE('',#10181,#10191,#10193,.T.);
#10191 = VERTEX_POINT('',#10192);
#10192 = CARTESIAN_POINT('',(120.5,32.6,232.));
#10193 = LINE('',#10194,#10195);
#10194 = CARTESIAN_POINT('',(120.5,22.6,232.));
#10195 = VECTOR('',#10196,1.);
#10196 = DIRECTION('',(-0.,1.,0.));
#10197 = ORIENTED_EDGE('',*,*,#10198,.T.);
#10198 = EDGE_CURVE('',#10191,#10199,#10201,.T.);
#10199 = VERTEX_POINT('',#10200);
#10200 = CARTESIAN_POINT('',(120.5,32.6,282.));
#10201 = LINE('',#10202,#10203);
#10202 = CARTESIAN_POINT('',(120.5,32.6,232.));
#10203 = VECTOR('',#10204,1.);
#10204 = DIRECTION('',(0.,0.,1.));
#10205 = ORIENTED_EDGE('',*,*,#10206,.F.);
#10206 = EDGE_CURVE('',#10183,#10199,#10207,.T.);
#10207 = LINE('',#10208,#10209);
#10208 = CARTESIAN_POINT('',(120.5,22.6,282.));
#10209 = VECTOR('',#10210,1.);
#10210 = DIRECTION('',(-0.,1.,0.));
#10211 = PLANE('',#10212);
#10212 = AXIS2_PLACEMENT_3D('',#10213,#10214,#10215);
#10213 = CARTESIAN_POINT('',(120.5,22.6,232.));
#10214 = DIRECTION('',(1.,0.,-0.));
#10215 = DIRECTION('',(0.,0.,1.));
#10216 = ADVANCED_FACE('',(#10217),#10251,.T.);
#10217 = FACE_BOUND('',#10218,.T.);
#10218 = EDGE_LOOP('',(#10219,#10229,#10237,#10245));
#10219 = ORIENTED_EDGE('',*,*,#10220,.F.);
#10220 = EDGE_CURVE('',#10221,#10223,#10225,.T.);
#10221 = VERTEX_POINT('',#10222);
#10222 = CARTESIAN_POINT('',(149.5,22.6,232.));
#10223 = VERTEX_POINT('',#10224);
#10224 = CARTESIAN_POINT('',(149.5,22.6,282.));
#10225 = LINE('',#10226,#10227);
#10226 = CARTESIAN_POINT('',(149.5,22.6,232.));
#10227 = VECTOR('',#10228,1.);
#10228 = DIRECTION('',(0.,0.,1.));
#10229 = ORIENTED_EDGE('',*,*,#10230,.T.);
#10230 = EDGE_CURVE('',#10221,#10231,#10233,.T.);
#10231 = VERTEX_POINT('',#10232);
#10232 = CARTESIAN_POINT('',(149.5,32.6,232.));
#10233 = LINE('',#10234,#10235);
#10234 = CARTESIAN_POINT('',(149.5,22.6,232.));
#10235 = VECTOR('',#10236,1.);
#10236 = DIRECTION('',(-0.,1.,0.));
#10237 = ORIENTED_EDGE('',*,*,#10238,.T.);
#10238 = EDGE_CURVE('',#10231,#10239,#10241,.T.);
#10239 = VERTEX_POINT('',#10240);
#10240 = CARTESIAN_POINT('',(149.5,32.6,282.));
#10241 = LINE('',#10242,#10243);
#10242 = CARTESIAN_POINT('',(149.5,32.6,232.));
#10243 = VECTOR('',#10244,1.);
#10244 = DIRECTION('',(0.,0.,1.));
#10245 = ORIENTED_EDGE('',*,*,#10246,.F.);
#10246 = EDGE_CURVE('',#10223,#10239,#10247,.T.);
#10247 = LINE('',#10248,#10249);
#10248 = CARTESIAN_POINT('',(149.5,22.6,282.));
#10249 = VECTOR('',#10250,1.);
#10250 = DIRECTION('',(-0.,1.,0.));
#10251 = PLANE('',#10252);
#10252 = AXIS2_PLACEMENT_3D('',#10253,#10254,#10255);
#10253 = CARTESIAN_POINT('',(149.5,22.6,232.));
#10254 = DIRECTION('',(1.,0.,-0.));
#10255 = DIRECTION('',(0.,0.,1.));
#10256 = ADVANCED_FACE('',(#10257),#10273,.F.);
#10257 = FACE_BOUND('',#10258,.F.);
#10258 = EDGE_LOOP('',(#10259,#10265,#10266,#10272));
#10259 = ORIENTED_EDGE('',*,*,#10260,.F.);
#10260 = EDGE_CURVE('',#10181,#10221,#10261,.T.);
#10261 = LINE('',#10262,#10263);
#10262 = CARTESIAN_POINT('',(120.5,22.6,232.));
#10263 = VECTOR('',#10264,1.);
#10264 = DIRECTION('',(1.,0.,-0.));
#10265 = ORIENTED_EDGE('',*,*,#10180,.T.);
#10266 = ORIENTED_EDGE('',*,*,#10267,.T.);
#10267 = EDGE_CURVE('',#10183,#10223,#10268,.T.);
#10268 = LINE('',#10269,#10270);
#10269 = CARTESIAN_POINT('',(120.5,22.6,282.));
#10270 = VECTOR('',#10271,1.);
#10271 = DIRECTION('',(1.,0.,-0.));
#10272 = ORIENTED_EDGE('',*,*,#10220,.F.);
#10273 = PLANE('',#10274);
#10274 = AXIS2_PLACEMENT_3D('',#10275,#10276,#10277);
#10275 = CARTESIAN_POINT('',(120.5,22.6,232.));
#10276 = DIRECTION('',(-0.,1.,0.));
#10277 = DIRECTION('',(0.,0.,1.));
#10278 = ADVANCED_FACE('',(#10279),#10295,.T.);
#10279 = FACE_BOUND('',#10280,.T.);
#10280 = EDGE_LOOP('',(#10281,#10287,#10288,#10294));
#10281 = ORIENTED_EDGE('',*,*,#10282,.F.);
#10282 = EDGE_CURVE('',#10191,#10231,#10283,.T.);
#10283 = LINE('',#10284,#10285);
#10284 = CARTESIAN_POINT('',(120.5,32.6,232.));
#10285 = VECTOR('',#10286,1.);
#10286 = DIRECTION('',(1.,0.,-0.));
#10287 = ORIENTED_EDGE('',*,*,#10198,.T.);
#10288 = ORIENTED_EDGE('',*,*,#10289,.T.);
#10289 = EDGE_CURVE('',#10199,#10239,#10290,.T.);
#10290 = LINE('',#10291,#10292);
#10291 = CARTESIAN_POINT('',(120.5,32.6,282.));
#10292 = VECTOR('',#10293,1.);
#10293 = DIRECTION('',(1.,0.,-0.));
#10294 = ORIENTED_EDGE('',*,*,#10238,.F.);
#10295 = PLANE('',#10296);
#10296 = AXIS2_PLACEMENT_3D('',#10297,#10298,#10299);
#10297 = CARTESIAN_POINT('',(120.5,32.6,232.));
#10298 = DIRECTION('',(-0.,1.,0.));
#10299 = DIRECTION('',(0.,0.,1.));
#10300 = ADVANCED_FACE('',(#10301),#10307,.F.);
#10301 = FACE_BOUND('',#10302,.F.);
#10302 = EDGE_LOOP('',(#10303,#10304,#10305,#10306));
#10303 = ORIENTED_EDGE('',*,*,#10190,.F.);
#10304 = ORIENTED_EDGE('',*,*,#10260,.T.);
#10305 = ORIENTED_EDGE('',*,*,#10230,.T.);
#10306 = ORIENTED_EDGE('',*,*,#10282,.F.);
#10307 = PLANE('',#10308);
#10308 = AXIS2_PLACEMENT_3D('',#10309,#10310,#10311);
#10309 = CARTESIAN_POINT('',(120.5,22.6,232.));
#10310 = DIRECTION('',(0.,0.,1.));
#10311 = DIRECTION('',(1.,0.,-0.));
#10312 = ADVANCED_FACE('',(#10313),#10319,.T.);
#10313 = FACE_BOUND('',#10314,.T.);
#10314 = EDGE_LOOP('',(#10315,#10316,#10317,#10318));
#10315 = ORIENTED_EDGE('',*,*,#10206,.F.);
#10316 = ORIENTED_EDGE('',*,*,#10267,.T.);
#10317 = ORIENTED_EDGE('',*,*,#10246,.T.);
#10318 = ORIENTED_EDGE('',*,*,#10289,.F.);
#10319 = PLANE('',#10320);
#10320 = AXIS2_PLACEMENT_3D('',#10321,#10322,#10323);
#10321 = CARTESIAN_POINT('',(120.5,22.6,282.));
#10322 = DIRECTION('',(0.,0.,1.));
#10323 = DIRECTION('',(1.,0.,-0.));
#10324 = ( GEOMETRIC_REPRESENTATION_CONTEXT(3) 
GLOBAL_UNCERTAINTY_ASSIGNED_CONTEXT((#10328)) 
GLOBAL_UNIT_ASSIGNED_CONTEXT((#10325,#10326,#10327)) 
REPRESENTATION_CONTEXT('Context #1',
  '3D Context with UNIT and UNCERTAINTY') );
#10325 = ( LENGTH_UNIT() NAMED_UNIT(*) SI_UNIT(.MILLI.,.METRE.) );
#10326 = ( NAMED_UNIT(*) PLANE_ANGLE_UNIT() SI_UNIT($,.RADIAN.) );
#10327 = ( NAMED_UNIT(*) SI_UNIT($,.STERADIAN.) SOLID_ANGLE_UNIT() );
#10328 = UNCERTAINTY_MEASURE_WITH_UNIT(LENGTH_MEASURE(1.E-07),#10325,
  'distance_accuracy_value','confusion accuracy');
#10329 = CONTEXT_DEPENDENT_SHAPE_REPRESENTATION(#10330,#10332);
#10330 = ( REPRESENTATION_RELATIONSHIP('','',#10173,#10) 
REPRESENTATION_RELATIONSHIP_WITH_TRANSFORMATION(#10331) 
SHAPE_REPRESENTATION_RELATIONSHIP() );
#10331 = ITEM_DEFINED_TRANSFORMATION('','',#11,#143);
#10332 = PRODUCT_DEFINITION_SHAPE('Placement','Placement of an item',
  #10333);
#10333 = NEXT_ASSEMBLY_USAGE_OCCURRENCE('88','PA14 component envelope',
  '',#5,#10168,$);
#10334 = PRODUCT_RELATED_PRODUCT_CATEGORY('part',$,(#10170));
#10335 = SHAPE_DEFINITION_REPRESENTATION(#10336,#10342);
#10336 = PRODUCT_DEFINITION_SHAPE('','',#10337);
#10337 = PRODUCT_DEFINITION('design','',#10338,#10341);
#10338 = PRODUCT_DEFINITION_FORMATION('','',#10339);
#10339 = PRODUCT('RF PA board PA15 (35x60)','RF PA board PA15 (35x60)',
  '',(#10340));
#10340 = PRODUCT_CONTEXT('',#2,'mechanical');
#10341 = PRODUCT_DEFINITION_CONTEXT('part definition',#2,'design');
#10342 = ADVANCED_BREP_SHAPE_REPRESENTATION('',(#11,#10343),#10493);
#10343 = MANIFOLD_SOLID_BREP('',#10344);
#10344 = CLOSED_SHELL('',(#10345,#10385,#10425,#10447,#10469,#10481));
#10345 = ADVANCED_FACE('',(#10346),#10380,.F.);
#10346 = FACE_BOUND('',#10347,.F.);
#10347 = EDGE_LOOP('',(#10348,#10358,#10366,#10374));
#10348 = ORIENTED_EDGE('',*,*,#10349,.F.);
#10349 = EDGE_CURVE('',#10350,#10352,#10354,.T.);
#10350 = VERTEX_POINT('',#10351);
#10351 = CARTESIAN_POINT('',(157.5,21.,227.));
#10352 = VERTEX_POINT('',#10353);
#10353 = CARTESIAN_POINT('',(157.5,21.,287.));
#10354 = LINE('',#10355,#10356);
#10355 = CARTESIAN_POINT('',(157.5,21.,227.));
#10356 = VECTOR('',#10357,1.);
#10357 = DIRECTION('',(0.,0.,1.));
#10358 = ORIENTED_EDGE('',*,*,#10359,.T.);
#10359 = EDGE_CURVE('',#10350,#10360,#10362,.T.);
#10360 = VERTEX_POINT('',#10361);
#10361 = CARTESIAN_POINT('',(157.5,22.6,227.));
#10362 = LINE('',#10363,#10364);
#10363 = CARTESIAN_POINT('',(157.5,21.,227.));
#10364 = VECTOR('',#10365,1.);
#10365 = DIRECTION('',(-0.,1.,0.));
#10366 = ORIENTED_EDGE('',*,*,#10367,.T.);
#10367 = EDGE_CURVE('',#10360,#10368,#10370,.T.);
#10368 = VERTEX_POINT('',#10369);
#10369 = CARTESIAN_POINT('',(157.5,22.6,287.));
#10370 = LINE('',#10371,#10372);
#10371 = CARTESIAN_POINT('',(157.5,22.6,227.));
#10372 = VECTOR('',#10373,1.);
#10373 = DIRECTION('',(0.,0.,1.));
#10374 = ORIENTED_EDGE('',*,*,#10375,.F.);
#10375 = EDGE_CURVE('',#10352,#10368,#10376,.T.);
#10376 = LINE('',#10377,#10378);
#10377 = CARTESIAN_POINT('',(157.5,21.,287.));
#10378 = VECTOR('',#10379,1.);
#10379 = DIRECTION('',(-0.,1.,0.));
#10380 = PLANE('',#10381);
#10381 = AXIS2_PLACEMENT_3D('',#10382,#10383,#10384);
#10382 = CARTESIAN_POINT('',(157.5,21.,227.));
#10383 = DIRECTION('',(1.,0.,-0.));
#10384 = DIRECTION('',(0.,0.,1.));
#10385 = ADVANCED_FACE('',(#10386),#10420,.T.);
#10386 = FACE_BOUND('',#10387,.T.);
#10387 = EDGE_LOOP('',(#10388,#10398,#10406,#10414));
#10388 = ORIENTED_EDGE('',*,*,#10389,.F.);
#10389 = EDGE_CURVE('',#10390,#10392,#10394,.T.);
#10390 = VERTEX_POINT('',#10391);
#10391 = CARTESIAN_POINT('',(192.5,21.,227.));
#10392 = VERTEX_POINT('',#10393);
#10393 = CARTESIAN_POINT('',(192.5,21.,287.));
#10394 = LINE('',#10395,#10396);
#10395 = CARTESIAN_POINT('',(192.5,21.,227.));
#10396 = VECTOR('',#10397,1.);
#10397 = DIRECTION('',(0.,0.,1.));
#10398 = ORIENTED_EDGE('',*,*,#10399,.T.);
#10399 = EDGE_CURVE('',#10390,#10400,#10402,.T.);
#10400 = VERTEX_POINT('',#10401);
#10401 = CARTESIAN_POINT('',(192.5,22.6,227.));
#10402 = LINE('',#10403,#10404);
#10403 = CARTESIAN_POINT('',(192.5,21.,227.));
#10404 = VECTOR('',#10405,1.);
#10405 = DIRECTION('',(-0.,1.,0.));
#10406 = ORIENTED_EDGE('',*,*,#10407,.T.);
#10407 = EDGE_CURVE('',#10400,#10408,#10410,.T.);
#10408 = VERTEX_POINT('',#10409);
#10409 = CARTESIAN_POINT('',(192.5,22.6,287.));
#10410 = LINE('',#10411,#10412);
#10411 = CARTESIAN_POINT('',(192.5,22.6,227.));
#10412 = VECTOR('',#10413,1.);
#10413 = DIRECTION('',(0.,0.,1.));
#10414 = ORIENTED_EDGE('',*,*,#10415,.F.);
#10415 = EDGE_CURVE('',#10392,#10408,#10416,.T.);
#10416 = LINE('',#10417,#10418);
#10417 = CARTESIAN_POINT('',(192.5,21.,287.));
#10418 = VECTOR('',#10419,1.);
#10419 = DIRECTION('',(-0.,1.,0.));
#10420 = PLANE('',#10421);
#10421 = AXIS2_PLACEMENT_3D('',#10422,#10423,#10424);
#10422 = CARTESIAN_POINT('',(192.5,21.,227.));
#10423 = DIRECTION('',(1.,0.,-0.));
#10424 = DIRECTION('',(0.,0.,1.));
#10425 = ADVANCED_FACE('',(#10426),#10442,.F.);
#10426 = FACE_BOUND('',#10427,.F.);
#10427 = EDGE_LOOP('',(#10428,#10434,#10435,#10441));
#10428 = ORIENTED_EDGE('',*,*,#10429,.F.);
#10429 = EDGE_CURVE('',#10350,#10390,#10430,.T.);
#10430 = LINE('',#10431,#10432);
#10431 = CARTESIAN_POINT('',(157.5,21.,227.));
#10432 = VECTOR('',#10433,1.);
#10433 = DIRECTION('',(1.,0.,-0.));
#10434 = ORIENTED_EDGE('',*,*,#10349,.T.);
#10435 = ORIENTED_EDGE('',*,*,#10436,.T.);
#10436 = EDGE_CURVE('',#10352,#10392,#10437,.T.);
#10437 = LINE('',#10438,#10439);
#10438 = CARTESIAN_POINT('',(157.5,21.,287.));
#10439 = VECTOR('',#10440,1.);
#10440 = DIRECTION('',(1.,0.,-0.));
#10441 = ORIENTED_EDGE('',*,*,#10389,.F.);
#10442 = PLANE('',#10443);
#10443 = AXIS2_PLACEMENT_3D('',#10444,#10445,#10446);
#10444 = CARTESIAN_POINT('',(157.5,21.,227.));
#10445 = DIRECTION('',(-0.,1.,0.));
#10446 = DIRECTION('',(0.,0.,1.));
#10447 = ADVANCED_FACE('',(#10448),#10464,.T.);
#10448 = FACE_BOUND('',#10449,.T.);
#10449 = EDGE_LOOP('',(#10450,#10456,#10457,#10463));
#10450 = ORIENTED_EDGE('',*,*,#10451,.F.);
#10451 = EDGE_CURVE('',#10360,#10400,#10452,.T.);
#10452 = LINE('',#10453,#10454);
#10453 = CARTESIAN_POINT('',(157.5,22.6,227.));
#10454 = VECTOR('',#10455,1.);
#10455 = DIRECTION('',(1.,0.,-0.));
#10456 = ORIENTED_EDGE('',*,*,#10367,.T.);
#10457 = ORIENTED_EDGE('',*,*,#10458,.T.);
#10458 = EDGE_CURVE('',#10368,#10408,#10459,.T.);
#10459 = LINE('',#10460,#10461);
#10460 = CARTESIAN_POINT('',(157.5,22.6,287.));
#10461 = VECTOR('',#10462,1.);
#10462 = DIRECTION('',(1.,0.,-0.));
#10463 = ORIENTED_EDGE('',*,*,#10407,.F.);
#10464 = PLANE('',#10465);
#10465 = AXIS2_PLACEMENT_3D('',#10466,#10467,#10468);
#10466 = CARTESIAN_POINT('',(157.5,22.6,227.));
#10467 = DIRECTION('',(-0.,1.,0.));
#10468 = DIRECTION('',(0.,0.,1.));
#10469 = ADVANCED_FACE('',(#10470),#10476,.F.);
#10470 = FACE_BOUND('',#10471,.F.);
#10471 = EDGE_LOOP('',(#10472,#10473,#10474,#10475));
#10472 = ORIENTED_EDGE('',*,*,#10359,.F.);
#10473 = ORIENTED_EDGE('',*,*,#10429,.T.);
#10474 = ORIENTED_EDGE('',*,*,#10399,.T.);
#10475 = ORIENTED_EDGE('',*,*,#10451,.F.);
#10476 = PLANE('',#10477);
#10477 = AXIS2_PLACEMENT_3D('',#10478,#10479,#10480);
#10478 = CARTESIAN_POINT('',(157.5,21.,227.));
#10479 = DIRECTION('',(0.,0.,1.));
#10480 = DIRECTION('',(1.,0.,-0.));
#10481 = ADVANCED_FACE('',(#10482),#10488,.T.);
#10482 = FACE_BOUND('',#10483,.T.);
#10483 = EDGE_LOOP('',(#10484,#10485,#10486,#10487));
#10484 = ORIENTED_EDGE('',*,*,#10375,.F.);
#10485 = ORIENTED_EDGE('',*,*,#10436,.T.);
#10486 = ORIENTED_EDGE('',*,*,#10415,.T.);
#10487 = ORIENTED_EDGE('',*,*,#10458,.F.);
#10488 = PLANE('',#10489);
#10489 = AXIS2_PLACEMENT_3D('',#10490,#10491,#10492);
#10490 = CARTESIAN_POINT('',(157.5,21.,287.));
#10491 = DIRECTION('',(0.,0.,1.));
#10492 = DIRECTION('',(1.,0.,-0.));
#10493 = ( GEOMETRIC_REPRESENTATION_CONTEXT(3) 
GLOBAL_UNCERTAINTY_ASSIGNED_CONTEXT((#10497)) 
GLOBAL_UNIT_ASSIGNED_CONTEXT((#10494,#10495,#10496)) 
REPRESENTATION_CONTEXT('Context #1',
  '3D Context with UNIT and UNCERTAINTY') );
#10494 = ( LENGTH_UNIT() NAMED_UNIT(*) SI_UNIT(.MILLI.,.METRE.) );
#10495 = ( NAMED_UNIT(*) PLANE_ANGLE_UNIT() SI_UNIT($,.RADIAN.) );
#10496 = ( NAMED_UNIT(*) SI_UNIT($,.STERADIAN.) SOLID_ANGLE_UNIT() );
#10497 = UNCERTAINTY_MEASURE_WITH_UNIT(LENGTH_MEASURE(1.E-07),#10494,
  'distance_accuracy_value','confusion accuracy');
#10498 = CONTEXT_DEPENDENT_SHAPE_REPRESENTATION(#10499,#10501);
#10499 = ( REPRESENTATION_RELATIONSHIP('','',#10342,#10) 
REPRESENTATION_RELATIONSHIP_WITH_TRANSFORMATION(#10500) 
SHAPE_REPRESENTATION_RELATIONSHIP() );
#10500 = ITEM_DEFINED_TRANSFORMATION('','',#11,#147);
#10501 = PRODUCT_DEFINITION_SHAPE('Placement','Placement of an item',
  #10502);
#10502 = NEXT_ASSEMBLY_USAGE_OCCURRENCE('89','RF PA board PA15 (35x60)',
  '',#5,#10337,$);
#10503 = PRODUCT_RELATED_PRODUCT_CATEGORY('part',$,(#10339));
#10504 = SHAPE_DEFINITION_REPRESENTATION(#10505,#10511);
#10505 = PRODUCT_DEFINITION_SHAPE('','',#10506);
#10506 = PRODUCT_DEFINITION('design','',#10507,#10510);
#10507 = PRODUCT_DEFINITION_FORMATION('','',#10508);
#10508 = PRODUCT('PA15 component envelope','PA15 component envelope','',
  (#10509));
#10509 = PRODUCT_CONTEXT('',#2,'mechanical');
#10510 = PRODUCT_DEFINITION_CONTEXT('part definition',#2,'design');
#10511 = ADVANCED_BREP_SHAPE_REPRESENTATION('',(#11,#10512),#10662);
#10512 = MANIFOLD_SOLID_BREP('',#10513);
#10513 = CLOSED_SHELL('',(#10514,#10554,#10594,#10616,#10638,#10650));
#10514 = ADVANCED_FACE('',(#10515),#10549,.F.);
#10515 = FACE_BOUND('',#10516,.F.);
#10516 = EDGE_LOOP('',(#10517,#10527,#10535,#10543));
#10517 = ORIENTED_EDGE('',*,*,#10518,.F.);
#10518 = EDGE_CURVE('',#10519,#10521,#10523,.T.);
#10519 = VERTEX_POINT('',#10520);
#10520 = CARTESIAN_POINT('',(160.5,22.6,232.));
#10521 = VERTEX_POINT('',#10522);
#10522 = CARTESIAN_POINT('',(160.5,22.6,282.));
#10523 = LINE('',#10524,#10525);
#10524 = CARTESIAN_POINT('',(160.5,22.6,232.));
#10525 = VECTOR('',#10526,1.);
#10526 = DIRECTION('',(0.,0.,1.));
#10527 = ORIENTED_EDGE('',*,*,#10528,.T.);
#10528 = EDGE_CURVE('',#10519,#10529,#10531,.T.);
#10529 = VERTEX_POINT('',#10530);
#10530 = CARTESIAN_POINT('',(160.5,32.6,232.));
#10531 = LINE('',#10532,#10533);
#10532 = CARTESIAN_POINT('',(160.5,22.6,232.));
#10533 = VECTOR('',#10534,1.);
#10534 = DIRECTION('',(-0.,1.,0.));
#10535 = ORIENTED_EDGE('',*,*,#10536,.T.);
#10536 = EDGE_CURVE('',#10529,#10537,#10539,.T.);
#10537 = VERTEX_POINT('',#10538);
#10538 = CARTESIAN_POINT('',(160.5,32.6,282.));
#10539 = LINE('',#10540,#10541);
#10540 = CARTESIAN_POINT('',(160.5,32.6,232.));
#10541 = VECTOR('',#10542,1.);
#10542 = DIRECTION('',(0.,0.,1.));
#10543 = ORIENTED_EDGE('',*,*,#10544,.F.);
#10544 = EDGE_CURVE('',#10521,#10537,#10545,.T.);
#10545 = LINE('',#10546,#10547);
#10546 = CARTESIAN_POINT('',(160.5,22.6,282.));
#10547 = VECTOR('',#10548,1.);
#10548 = DIRECTION('',(-0.,1.,0.));
#10549 = PLANE('',#10550);
#10550 = AXIS2_PLACEMENT_3D('',#10551,#10552,#10553);
#10551 = CARTESIAN_POINT('',(160.5,22.6,232.));
#10552 = DIRECTION('',(1.,0.,-0.));
#10553 = DIRECTION('',(0.,0.,1.));
#10554 = ADVANCED_FACE('',(#10555),#10589,.T.);
#10555 = FACE_BOUND('',#10556,.T.);
#10556 = EDGE_LOOP('',(#10557,#10567,#10575,#10583));
#10557 = ORIENTED_EDGE('',*,*,#10558,.F.);
#10558 = EDGE_CURVE('',#10559,#10561,#10563,.T.);
#10559 = VERTEX_POINT('',#10560);
#10560 = CARTESIAN_POINT('',(189.5,22.6,232.));
#10561 = VERTEX_POINT('',#10562);
#10562 = CARTESIAN_POINT('',(189.5,22.6,282.));
#10563 = LINE('',#10564,#10565);
#10564 = CARTESIAN_POINT('',(189.5,22.6,232.));
#10565 = VECTOR('',#10566,1.);
#10566 = DIRECTION('',(0.,0.,1.));
#10567 = ORIENTED_EDGE('',*,*,#10568,.T.);
#10568 = EDGE_CURVE('',#10559,#10569,#10571,.T.);
#10569 = VERTEX_POINT('',#10570);
#10570 = CARTESIAN_POINT('',(189.5,32.6,232.));
#10571 = LINE('',#10572,#10573);
#10572 = CARTESIAN_POINT('',(189.5,22.6,232.));
#10573 = VECTOR('',#10574,1.);
#10574 = DIRECTION('',(-0.,1.,0.));
#10575 = ORIENTED_EDGE('',*,*,#10576,.T.);
#10576 = EDGE_CURVE('',#10569,#10577,#10579,.T.);
#10577 = VERTEX_POINT('',#10578);
#10578 = CARTESIAN_POINT('',(189.5,32.6,282.));
#10579 = LINE('',#10580,#10581);
#10580 = CARTESIAN_POINT('',(189.5,32.6,232.));
#10581 = VECTOR('',#10582,1.);
#10582 = DIRECTION('',(0.,0.,1.));
#10583 = ORIENTED_EDGE('',*,*,#10584,.F.);
#10584 = EDGE_CURVE('',#10561,#10577,#10585,.T.);
#10585 = LINE('',#10586,#10587);
#10586 = CARTESIAN_POINT('',(189.5,22.6,282.));
#10587 = VECTOR('',#10588,1.);
#10588 = DIRECTION('',(-0.,1.,0.));
#10589 = PLANE('',#10590);
#10590 = AXIS2_PLACEMENT_3D('',#10591,#10592,#10593);
#10591 = CARTESIAN_POINT('',(189.5,22.6,232.));
#10592 = DIRECTION('',(1.,0.,-0.));
#10593 = DIRECTION('',(0.,0.,1.));
#10594 = ADVANCED_FACE('',(#10595),#10611,.F.);
#10595 = FACE_BOUND('',#10596,.F.);
#10596 = EDGE_LOOP('',(#10597,#10603,#10604,#10610));
#10597 = ORIENTED_EDGE('',*,*,#10598,.F.);
#10598 = EDGE_CURVE('',#10519,#10559,#10599,.T.);
#10599 = LINE('',#10600,#10601);
#10600 = CARTESIAN_POINT('',(160.5,22.6,232.));
#10601 = VECTOR('',#10602,1.);
#10602 = DIRECTION('',(1.,0.,-0.));
#10603 = ORIENTED_EDGE('',*,*,#10518,.T.);
#10604 = ORIENTED_EDGE('',*,*,#10605,.T.);
#10605 = EDGE_CURVE('',#10521,#10561,#10606,.T.);
#10606 = LINE('',#10607,#10608);
#10607 = CARTESIAN_POINT('',(160.5,22.6,282.));
#10608 = VECTOR('',#10609,1.);
#10609 = DIRECTION('',(1.,0.,-0.));
#10610 = ORIENTED_EDGE('',*,*,#10558,.F.);
#10611 = PLANE('',#10612);
#10612 = AXIS2_PLACEMENT_3D('',#10613,#10614,#10615);
#10613 = CARTESIAN_POINT('',(160.5,22.6,232.));
#10614 = DIRECTION('',(-0.,1.,0.));
#10615 = DIRECTION('',(0.,0.,1.));
#10616 = ADVANCED_FACE('',(#10617),#10633,.T.);
#10617 = FACE_BOUND('',#10618,.T.);
#10618 = EDGE_LOOP('',(#10619,#10625,#10626,#10632));
#10619 = ORIENTED_EDGE('',*,*,#10620,.F.);
#10620 = EDGE_CURVE('',#10529,#10569,#10621,.T.);
#10621 = LINE('',#10622,#10623);
#10622 = CARTESIAN_POINT('',(160.5,32.6,232.));
#10623 = VECTOR('',#10624,1.);
#10624 = DIRECTION('',(1.,0.,-0.));
#10625 = ORIENTED_EDGE('',*,*,#10536,.T.);
#10626 = ORIENTED_EDGE('',*,*,#10627,.T.);
#10627 = EDGE_CURVE('',#10537,#10577,#10628,.T.);
#10628 = LINE('',#10629,#10630);
#10629 = CARTESIAN_POINT('',(160.5,32.6,282.));
#10630 = VECTOR('',#10631,1.);
#10631 = DIRECTION('',(1.,0.,-0.));
#10632 = ORIENTED_EDGE('',*,*,#10576,.F.);
#10633 = PLANE('',#10634);
#10634 = AXIS2_PLACEMENT_3D('',#10635,#10636,#10637);
#10635 = CARTESIAN_POINT('',(160.5,32.6,232.));
#10636 = DIRECTION('',(-0.,1.,0.));
#10637 = DIRECTION('',(0.,0.,1.));
#10638 = ADVANCED_FACE('',(#10639),#10645,.F.);
#10639 = FACE_BOUND('',#10640,.F.);
#10640 = EDGE_LOOP('',(#10641,#10642,#10643,#10644));
#10641 = ORIENTED_EDGE('',*,*,#10528,.F.);
#10642 = ORIENTED_EDGE('',*,*,#10598,.T.);
#10643 = ORIENTED_EDGE('',*,*,#10568,.T.);
#10644 = ORIENTED_EDGE('',*,*,#10620,.F.);
#10645 = PLANE('',#10646);
#10646 = AXIS2_PLACEMENT_3D('',#10647,#10648,#10649);
#10647 = CARTESIAN_POINT('',(160.5,22.6,232.));
#10648 = DIRECTION('',(0.,0.,1.));
#10649 = DIRECTION('',(1.,0.,-0.));
#10650 = ADVANCED_FACE('',(#10651),#10657,.T.);
#10651 = FACE_BOUND('',#10652,.T.);
#10652 = EDGE_LOOP('',(#10653,#10654,#10655,#10656));
#10653 = ORIENTED_EDGE('',*,*,#10544,.F.);
#10654 = ORIENTED_EDGE('',*,*,#10605,.T.);
#10655 = ORIENTED_EDGE('',*,*,#10584,.T.);
#10656 = ORIENTED_EDGE('',*,*,#10627,.F.);
#10657 = PLANE('',#10658);
#10658 = AXIS2_PLACEMENT_3D('',#10659,#10660,#10661);
#10659 = CARTESIAN_POINT('',(160.5,22.6,282.));
#10660 = DIRECTION('',(0.,0.,1.));
#10661 = DIRECTION('',(1.,0.,-0.));
#10662 = ( GEOMETRIC_REPRESENTATION_CONTEXT(3) 
GLOBAL_UNCERTAINTY_ASSIGNED_CONTEXT((#10666)) 
GLOBAL_UNIT_ASSIGNED_CONTEXT((#10663,#10664,#10665)) 
REPRESENTATION_CONTEXT('Context #1',
  '3D Context with UNIT and UNCERTAINTY') );
#10663 = ( LENGTH_UNIT() NAMED_UNIT(*) SI_UNIT(.MILLI.,.METRE.) );
#10664 = ( NAMED_UNIT(*) PLANE_ANGLE_UNIT() SI_UNIT($,.RADIAN.) );
#10665 = ( NAMED_UNIT(*) SI_UNIT($,.STERADIAN.) SOLID_ANGLE_UNIT() );
#10666 = UNCERTAINTY_MEASURE_WITH_UNIT(LENGTH_MEASURE(1.E-07),#10663,
  'distance_accuracy_value','confusion accuracy');
#10667 = CONTEXT_DEPENDENT_SHAPE_REPRESENTATION(#10668,#10670);
#10668 = ( REPRESENTATION_RELATIONSHIP('','',#10511,#10) 
REPRESENTATION_RELATIONSHIP_WITH_TRANSFORMATION(#10669) 
SHAPE_REPRESENTATION_RELATIONSHIP() );
#10669 = ITEM_DEFINED_TRANSFORMATION('','',#11,#151);
#10670 = PRODUCT_DEFINITION_SHAPE('Placement','Placement of an item',
  #10671);
#10671 = NEXT_ASSEMBLY_USAGE_OCCURRENCE('90','PA15 component envelope',
  '',#5,#10506,$);
#10672 = PRODUCT_RELATED_PRODUCT_CATEGORY('part',$,(#10508));
#10673 = SHAPE_DEFINITION_REPRESENTATION(#10674,#10680);
#10674 = PRODUCT_DEFINITION_SHAPE('','',#10675);
#10675 = PRODUCT_DEFINITION('design','',#10676,#10679);
#10676 = PRODUCT_DEFINITION_FORMATION('','',#10677);
#10677 = PRODUCT('RF PA board PA16 (35x60)','RF PA board PA16 (35x60)',
  '',(#10678));
#10678 = PRODUCT_CONTEXT('',#2,'mechanical');
#10679 = PRODUCT_DEFINITION_CONTEXT('part definition',#2,'design');
#10680 = ADVANCED_BREP_SHAPE_REPRESENTATION('',(#11,#10681),#10831);
#10681 = MANIFOLD_SOLID_BREP('',#10682);
#10682 = CLOSED_SHELL('',(#10683,#10723,#10763,#10785,#10807,#10819));
#10683 = ADVANCED_FACE('',(#10684),#10718,.F.);
#10684 = FACE_BOUND('',#10685,.F.);
#10685 = EDGE_LOOP('',(#10686,#10696,#10704,#10712));
#10686 = ORIENTED_EDGE('',*,*,#10687,.F.);
#10687 = EDGE_CURVE('',#10688,#10690,#10692,.T.);
#10688 = VERTEX_POINT('',#10689);
#10689 = CARTESIAN_POINT('',(197.5,21.,227.));
#10690 = VERTEX_POINT('',#10691);
#10691 = CARTESIAN_POINT('',(197.5,21.,287.));
#10692 = LINE('',#10693,#10694);
#10693 = CARTESIAN_POINT('',(197.5,21.,227.));
#10694 = VECTOR('',#10695,1.);
#10695 = DIRECTION('',(0.,0.,1.));
#10696 = ORIENTED_EDGE('',*,*,#10697,.T.);
#10697 = EDGE_CURVE('',#10688,#10698,#10700,.T.);
#10698 = VERTEX_POINT('',#10699);
#10699 = CARTESIAN_POINT('',(197.5,22.6,227.));
#10700 = LINE('',#10701,#10702);
#10701 = CARTESIAN_POINT('',(197.5,21.,227.));
#10702 = VECTOR('',#10703,1.);
#10703 = DIRECTION('',(-0.,1.,0.));
#10704 = ORIENTED_EDGE('',*,*,#10705,.T.);
#10705 = EDGE_CURVE('',#10698,#10706,#10708,.T.);
#10706 = VERTEX_POINT('',#10707);
#10707 = CARTESIAN_POINT('',(197.5,22.6,287.));
#10708 = LINE('',#10709,#10710);
#10709 = CARTESIAN_POINT('',(197.5,22.6,227.));
#10710 = VECTOR('',#10711,1.);
#10711 = DIRECTION('',(0.,0.,1.));
#10712 = ORIENTED_EDGE('',*,*,#10713,.F.);
#10713 = EDGE_CURVE('',#10690,#10706,#10714,.T.);
#10714 = LINE('',#10715,#10716);
#10715 = CARTESIAN_POINT('',(197.5,21.,287.));
#10716 = VECTOR('',#10717,1.);
#10717 = DIRECTION('',(-0.,1.,0.));
#10718 = PLANE('',#10719);
#10719 = AXIS2_PLACEMENT_3D('',#10720,#10721,#10722);
#10720 = CARTESIAN_POINT('',(197.5,21.,227.));
#10721 = DIRECTION('',(1.,0.,-0.));
#10722 = DIRECTION('',(0.,0.,1.));
#10723 = ADVANCED_FACE('',(#10724),#10758,.T.);
#10724 = FACE_BOUND('',#10725,.T.);
#10725 = EDGE_LOOP('',(#10726,#10736,#10744,#10752));
#10726 = ORIENTED_EDGE('',*,*,#10727,.F.);
#10727 = EDGE_CURVE('',#10728,#10730,#10732,.T.);
#10728 = VERTEX_POINT('',#10729);
#10729 = CARTESIAN_POINT('',(232.5,21.,227.));
#10730 = VERTEX_POINT('',#10731);
#10731 = CARTESIAN_POINT('',(232.5,21.,287.));
#10732 = LINE('',#10733,#10734);
#10733 = CARTESIAN_POINT('',(232.5,21.,227.));
#10734 = VECTOR('',#10735,1.);
#10735 = DIRECTION('',(0.,0.,1.));
#10736 = ORIENTED_EDGE('',*,*,#10737,.T.);
#10737 = EDGE_CURVE('',#10728,#10738,#10740,.T.);
#10738 = VERTEX_POINT('',#10739);
#10739 = CARTESIAN_POINT('',(232.5,22.6,227.));
#10740 = LINE('',#10741,#10742);
#10741 = CARTESIAN_POINT('',(232.5,21.,227.));
#10742 = VECTOR('',#10743,1.);
#10743 = DIRECTION('',(-0.,1.,0.));
#10744 = ORIENTED_EDGE('',*,*,#10745,.T.);
#10745 = EDGE_CURVE('',#10738,#10746,#10748,.T.);
#10746 = VERTEX_POINT('',#10747);
#10747 = CARTESIAN_POINT('',(232.5,22.6,287.));
#10748 = LINE('',#10749,#10750);
#10749 = CARTESIAN_POINT('',(232.5,22.6,227.));
#10750 = VECTOR('',#10751,1.);
#10751 = DIRECTION('',(0.,0.,1.));
#10752 = ORIENTED_EDGE('',*,*,#10753,.F.);
#10753 = EDGE_CURVE('',#10730,#10746,#10754,.T.);
#10754 = LINE('',#10755,#10756);
#10755 = CARTESIAN_POINT('',(232.5,21.,287.));
#10756 = VECTOR('',#10757,1.);
#10757 = DIRECTION('',(-0.,1.,0.));
#10758 = PLANE('',#10759);
#10759 = AXIS2_PLACEMENT_3D('',#10760,#10761,#10762);
#10760 = CARTESIAN_POINT('',(232.5,21.,227.));
#10761 = DIRECTION('',(1.,0.,-0.));
#10762 = DIRECTION('',(0.,0.,1.));
#10763 = ADVANCED_FACE('',(#10764),#10780,.F.);
#10764 = FACE_BOUND('',#10765,.F.);
#10765 = EDGE_LOOP('',(#10766,#10772,#10773,#10779));
#10766 = ORIENTED_EDGE('',*,*,#10767,.F.);
#10767 = EDGE_CURVE('',#10688,#10728,#10768,.T.);
#10768 = LINE('',#10769,#10770);
#10769 = CARTESIAN_POINT('',(197.5,21.,227.));
#10770 = VECTOR('',#10771,1.);
#10771 = DIRECTION('',(1.,0.,-0.));
#10772 = ORIENTED_EDGE('',*,*,#10687,.T.);
#10773 = ORIENTED_EDGE('',*,*,#10774,.T.);
#10774 = EDGE_CURVE('',#10690,#10730,#10775,.T.);
#10775 = LINE('',#10776,#10777);
#10776 = CARTESIAN_POINT('',(197.5,21.,287.));
#10777 = VECTOR('',#10778,1.);
#10778 = DIRECTION('',(1.,0.,-0.));
#10779 = ORIENTED_EDGE('',*,*,#10727,.F.);
#10780 = PLANE('',#10781);
#10781 = AXIS2_PLACEMENT_3D('',#10782,#10783,#10784);
#10782 = CARTESIAN_POINT('',(197.5,21.,227.));
#10783 = DIRECTION('',(-0.,1.,0.));
#10784 = DIRECTION('',(0.,0.,1.));
#10785 = ADVANCED_FACE('',(#10786),#10802,.T.);
#10786 = FACE_BOUND('',#10787,.T.);
#10787 = EDGE_LOOP('',(#10788,#10794,#10795,#10801));
#10788 = ORIENTED_EDGE('',*,*,#10789,.F.);
#10789 = EDGE_CURVE('',#10698,#10738,#10790,.T.);
#10790 = LINE('',#10791,#10792);
#10791 = CARTESIAN_POINT('',(197.5,22.6,227.));
#10792 = VECTOR('',#10793,1.);
#10793 = DIRECTION('',(1.,0.,-0.));
#10794 = ORIENTED_EDGE('',*,*,#10705,.T.);
#10795 = ORIENTED_EDGE('',*,*,#10796,.T.);
#10796 = EDGE_CURVE('',#10706,#10746,#10797,.T.);
#10797 = LINE('',#10798,#10799);
#10798 = CARTESIAN_POINT('',(197.5,22.6,287.));
#10799 = VECTOR('',#10800,1.);
#10800 = DIRECTION('',(1.,0.,-0.));
#10801 = ORIENTED_EDGE('',*,*,#10745,.F.);
#10802 = PLANE('',#10803);
#10803 = AXIS2_PLACEMENT_3D('',#10804,#10805,#10806);
#10804 = CARTESIAN_POINT('',(197.5,22.6,227.));
#10805 = DIRECTION('',(-0.,1.,0.));
#10806 = DIRECTION('',(0.,0.,1.));
#10807 = ADVANCED_FACE('',(#10808),#10814,.F.);
#10808 = FACE_BOUND('',#10809,.F.);
#10809 = EDGE_LOOP('',(#10810,#10811,#10812,#10813));
#10810 = ORIENTED_EDGE('',*,*,#10697,.F.);
#10811 = ORIENTED_EDGE('',*,*,#10767,.T.);
#10812 = ORIENTED_EDGE('',*,*,#10737,.T.);
#10813 = ORIENTED_EDGE('',*,*,#10789,.F.);
#10814 = PLANE('',#10815);
#10815 = AXIS2_PLACEMENT_3D('',#10816,#10817,#10818);
#10816 = CARTESIAN_POINT('',(197.5,21.,227.));
#10817 = DIRECTION('',(0.,0.,1.));
#10818 = DIRECTION('',(1.,0.,-0.));
#10819 = ADVANCED_FACE('',(#10820),#10826,.T.);
#10820 = FACE_BOUND('',#10821,.T.);
#10821 = EDGE_LOOP('',(#10822,#10823,#10824,#10825));
#10822 = ORIENTED_EDGE('',*,*,#10713,.F.);
#10823 = ORIENTED_EDGE('',*,*,#10774,.T.);
#10824 = ORIENTED_EDGE('',*,*,#10753,.T.);
#10825 = ORIENTED_EDGE('',*,*,#10796,.F.);
#10826 = PLANE('',#10827);
#10827 = AXIS2_PLACEMENT_3D('',#10828,#10829,#10830);
#10828 = CARTESIAN_POINT('',(197.5,21.,287.));
#10829 = DIRECTION('',(0.,0.,1.));
#10830 = DIRECTION('',(1.,0.,-0.));
#10831 = ( GEOMETRIC_REPRESENTATION_CONTEXT(3) 
GLOBAL_UNCERTAINTY_ASSIGNED_CONTEXT((#10835)) 
GLOBAL_UNIT_ASSIGNED_CONTEXT((#10832,#10833,#10834)) 
REPRESENTATION_CONTEXT('Context #1',
  '3D Context with UNIT and UNCERTAINTY') );
#10832 = ( LENGTH_UNIT() NAMED_UNIT(*) SI_UNIT(.MILLI.,.METRE.) );
#10833 = ( NAMED_UNIT(*) PLANE_ANGLE_UNIT() SI_UNIT($,.RADIAN.) );
#10834 = ( NAMED_UNIT(*) SI_UNIT($,.STERADIAN.) SOLID_ANGLE_UNIT() );
#10835 = UNCERTAINTY_MEASURE_WITH_UNIT(LENGTH_MEASURE(1.E-07),#10832,
  'distance_accuracy_value','confusion accuracy');
#10836 = CONTEXT_DEPENDENT_SHAPE_REPRESENTATION(#10837,#10839);
#10837 = ( REPRESENTATION_RELATIONSHIP('','',#10680,#10) 
REPRESENTATION_RELATIONSHIP_WITH_TRANSFORMATION(#10838) 
SHAPE_REPRESENTATION_RELATIONSHIP() );
#10838 = ITEM_DEFINED_TRANSFORMATION('','',#11,#155);
#10839 = PRODUCT_DEFINITION_SHAPE('Placement','Placement of an item',
  #10840);
#10840 = NEXT_ASSEMBLY_USAGE_OCCURRENCE('91','RF PA board PA16 (35x60)',
  '',#5,#10675,$);
#10841 = PRODUCT_RELATED_PRODUCT_CATEGORY('part',$,(#10677));
#10842 = SHAPE_DEFINITION_REPRESENTATION(#10843,#10849);
#10843 = PRODUCT_DEFINITION_SHAPE('','',#10844);
#10844 = PRODUCT_DEFINITION('design','',#10845,#10848);
#10845 = PRODUCT_DEFINITION_FORMATION('','',#10846);
#10846 = PRODUCT('PA16 component envelope','PA16 component envelope','',
  (#10847));
#10847 = PRODUCT_CONTEXT('',#2,'mechanical');
#10848 = PRODUCT_DEFINITION_CONTEXT('part definition',#2,'design');
#10849 = ADVANCED_BREP_SHAPE_REPRESENTATION('',(#11,#10850),#11000);
#10850 = MANIFOLD_SOLID_BREP('',#10851);
#10851 = CLOSED_SHELL('',(#10852,#10892,#10932,#10954,#10976,#10988));
#10852 = ADVANCED_FACE('',(#10853),#10887,.F.);
#10853 = FACE_BOUND('',#10854,.F.);
#10854 = EDGE_LOOP('',(#10855,#10865,#10873,#10881));
#10855 = ORIENTED_EDGE('',*,*,#10856,.F.);
#10856 = EDGE_CURVE('',#10857,#10859,#10861,.T.);
#10857 = VERTEX_POINT('',#10858);
#10858 = CARTESIAN_POINT('',(200.5,22.6,232.));
#10859 = VERTEX_POINT('',#10860);
#10860 = CARTESIAN_POINT('',(200.5,22.6,282.));
#10861 = LINE('',#10862,#10863);
#10862 = CARTESIAN_POINT('',(200.5,22.6,232.));
#10863 = VECTOR('',#10864,1.);
#10864 = DIRECTION('',(0.,0.,1.));
#10865 = ORIENTED_EDGE('',*,*,#10866,.T.);
#10866 = EDGE_CURVE('',#10857,#10867,#10869,.T.);
#10867 = VERTEX_POINT('',#10868);
#10868 = CARTESIAN_POINT('',(200.5,32.6,232.));
#10869 = LINE('',#10870,#10871);
#10870 = CARTESIAN_POINT('',(200.5,22.6,232.));
#10871 = VECTOR('',#10872,1.);
#10872 = DIRECTION('',(-0.,1.,0.));
#10873 = ORIENTED_EDGE('',*,*,#10874,.T.);
#10874 = EDGE_CURVE('',#10867,#10875,#10877,.T.);
#10875 = VERTEX_POINT('',#10876);
#10876 = CARTESIAN_POINT('',(200.5,32.6,282.));
#10877 = LINE('',#10878,#10879);
#10878 = CARTESIAN_POINT('',(200.5,32.6,232.));
#10879 = VECTOR('',#10880,1.);
#10880 = DIRECTION('',(0.,0.,1.));
#10881 = ORIENTED_EDGE('',*,*,#10882,.F.);
#10882 = EDGE_CURVE('',#10859,#10875,#10883,.T.);
#10883 = LINE('',#10884,#10885);
#10884 = CARTESIAN_POINT('',(200.5,22.6,282.));
#10885 = VECTOR('',#10886,1.);
#10886 = DIRECTION('',(-0.,1.,0.));
#10887 = PLANE('',#10888);
#10888 = AXIS2_PLACEMENT_3D('',#10889,#10890,#10891);
#10889 = CARTESIAN_POINT('',(200.5,22.6,232.));
#10890 = DIRECTION('',(1.,0.,-0.));
#10891 = DIRECTION('',(0.,0.,1.));
#10892 = ADVANCED_FACE('',(#10893),#10927,.T.);
#10893 = FACE_BOUND('',#10894,.T.);
#10894 = EDGE_LOOP('',(#10895,#10905,#10913,#10921));
#10895 = ORIENTED_EDGE('',*,*,#10896,.F.);
#10896 = EDGE_CURVE('',#10897,#10899,#10901,.T.);
#10897 = VERTEX_POINT('',#10898);
#10898 = CARTESIAN_POINT('',(229.5,22.6,232.));
#10899 = VERTEX_POINT('',#10900);
#10900 = CARTESIAN_POINT('',(229.5,22.6,282.));
#10901 = LINE('',#10902,#10903);
#10902 = CARTESIAN_POINT('',(229.5,22.6,232.));
#10903 = VECTOR('',#10904,1.);
#10904 = DIRECTION('',(0.,0.,1.));
#10905 = ORIENTED_EDGE('',*,*,#10906,.T.);
#10906 = EDGE_CURVE('',#10897,#10907,#10909,.T.);
#10907 = VERTEX_POINT('',#10908);
#10908 = CARTESIAN_POINT('',(229.5,32.6,232.));
#10909 = LINE('',#10910,#10911);
#10910 = CARTESIAN_POINT('',(229.5,22.6,232.));
#10911 = VECTOR('',#10912,1.);
#10912 = DIRECTION('',(-0.,1.,0.));
#10913 = ORIENTED_EDGE('',*,*,#10914,.T.);
#10914 = EDGE_CURVE('',#10907,#10915,#10917,.T.);
#10915 = VERTEX_POINT('',#10916);
#10916 = CARTESIAN_POINT('',(229.5,32.6,282.));
#10917 = LINE('',#10918,#10919);
#10918 = CARTESIAN_POINT('',(229.5,32.6,232.));
#10919 = VECTOR('',#10920,1.);
#10920 = DIRECTION('',(0.,0.,1.));
#10921 = ORIENTED_EDGE('',*,*,#10922,.F.);
#10922 = EDGE_CURVE('',#10899,#10915,#10923,.T.);
#10923 = LINE('',#10924,#10925);
#10924 = CARTESIAN_POINT('',(229.5,22.6,282.));
#10925 = VECTOR('',#10926,1.);
#10926 = DIRECTION('',(-0.,1.,0.));
#10927 = PLANE('',#10928);
#10928 = AXIS2_PLACEMENT_3D('',#10929,#10930,#10931);
#10929 = CARTESIAN_POINT('',(229.5,22.6,232.));
#10930 = DIRECTION('',(1.,0.,-0.));
#10931 = DIRECTION('',(0.,0.,1.));
#10932 = ADVANCED_FACE('',(#10933),#10949,.F.);
#10933 = FACE_BOUND('',#10934,.F.);
#10934 = EDGE_LOOP('',(#10935,#10941,#10942,#10948));
#10935 = ORIENTED_EDGE('',*,*,#10936,.F.);
#10936 = EDGE_CURVE('',#10857,#10897,#10937,.T.);
#10937 = LINE('',#10938,#10939);
#10938 = CARTESIAN_POINT('',(200.5,22.6,232.));
#10939 = VECTOR('',#10940,1.);
#10940 = DIRECTION('',(1.,0.,-0.));
#10941 = ORIENTED_EDGE('',*,*,#10856,.T.);
#10942 = ORIENTED_EDGE('',*,*,#10943,.T.);
#10943 = EDGE_CURVE('',#10859,#10899,#10944,.T.);
#10944 = LINE('',#10945,#10946);
#10945 = CARTESIAN_POINT('',(200.5,22.6,282.));
#10946 = VECTOR('',#10947,1.);
#10947 = DIRECTION('',(1.,0.,-0.));
#10948 = ORIENTED_EDGE('',*,*,#10896,.F.);
#10949 = PLANE('',#10950);
#10950 = AXIS2_PLACEMENT_3D('',#10951,#10952,#10953);
#10951 = CARTESIAN_POINT('',(200.5,22.6,232.));
#10952 = DIRECTION('',(-0.,1.,0.));
#10953 = DIRECTION('',(0.,0.,1.));
#10954 = ADVANCED_FACE('',(#10955),#10971,.T.);
#10955 = FACE_BOUND('',#10956,.T.);
#10956 = EDGE_LOOP('',(#10957,#10963,#10964,#10970));
#10957 = ORIENTED_EDGE('',*,*,#10958,.F.);
#10958 = EDGE_CURVE('',#10867,#10907,#10959,.T.);
#10959 = LINE('',#10960,#10961);
#10960 = CARTESIAN_POINT('',(200.5,32.6,232.));
#10961 = VECTOR('',#10962,1.);
#10962 = DIRECTION('',(1.,0.,-0.));
#10963 = ORIENTED_EDGE('',*,*,#10874,.T.);
#10964 = ORIENTED_EDGE('',*,*,#10965,.T.);
#10965 = EDGE_CURVE('',#10875,#10915,#10966,.T.);
#10966 = LINE('',#10967,#10968);
#10967 = CARTESIAN_POINT('',(200.5,32.6,282.));
#10968 = VECTOR('',#10969,1.);
#10969 = DIRECTION('',(1.,0.,-0.));
#10970 = ORIENTED_EDGE('',*,*,#10914,.F.);
#10971 = PLANE('',#10972);
#10972 = AXIS2_PLACEMENT_3D('',#10973,#10974,#10975);
#10973 = CARTESIAN_POINT('',(200.5,32.6,232.));
#10974 = DIRECTION('',(-0.,1.,0.));
#10975 = DIRECTION('',(0.,0.,1.));
#10976 = ADVANCED_FACE('',(#10977),#10983,.F.);
#10977 = FACE_BOUND('',#10978,.F.);
#10978 = EDGE_LOOP('',(#10979,#10980,#10981,#10982));
#10979 = ORIENTED_EDGE('',*,*,#10866,.F.);
#10980 = ORIENTED_EDGE('',*,*,#10936,.T.);
#10981 = ORIENTED_EDGE('',*,*,#10906,.T.);
#10982 = ORIENTED_EDGE('',*,*,#10958,.F.);
#10983 = PLANE('',#10984);
#10984 = AXIS2_PLACEMENT_3D('',#10985,#10986,#10987);
#10985 = CARTESIAN_POINT('',(200.5,22.6,232.));
#10986 = DIRECTION('',(0.,0.,1.));
#10987 = DIRECTION('',(1.,0.,-0.));
#10988 = ADVANCED_FACE('',(#10989),#10995,.T.);
#10989 = FACE_BOUND('',#10990,.T.);
#10990 = EDGE_LOOP('',(#10991,#10992,#10993,#10994));
#10991 = ORIENTED_EDGE('',*,*,#10882,.F.);
#10992 = ORIENTED_EDGE('',*,*,#10943,.T.);
#10993 = ORIENTED_EDGE('',*,*,#10922,.T.);
#10994 = ORIENTED_EDGE('',*,*,#10965,.F.);
#10995 = PLANE('',#10996);
#10996 = AXIS2_PLACEMENT_3D('',#10997,#10998,#10999);
#10997 = CARTESIAN_POINT('',(200.5,22.6,282.));
#10998 = DIRECTION('',(0.,0.,1.));
#10999 = DIRECTION('',(1.,0.,-0.));
#11000 = ( GEOMETRIC_REPRESENTATION_CONTEXT(3) 
GLOBAL_UNCERTAINTY_ASSIGNED_CONTEXT((#11004)) 
GLOBAL_UNIT_ASSIGNED_CONTEXT((#11001,#11002,#11003)) 
REPRESENTATION_CONTEXT('Context #1',
  '3D Context with UNIT and UNCERTAINTY') );
#11001 = ( LENGTH_UNIT() NAMED_UNIT(*) SI_UNIT(.MILLI.,.METRE.) );
#11002 = ( NAMED_UNIT(*) PLANE_ANGLE_UNIT() SI_UNIT($,.RADIAN.) );
#11003 = ( NAMED_UNIT(*) SI_UNIT($,.STERADIAN.) SOLID_ANGLE_UNIT() );
#11004 = UNCERTAINTY_MEASURE_WITH_UNIT(LENGTH_MEASURE(1.E-07),#11001,
  'distance_accuracy_value','confusion accuracy');
#11005 = CONTEXT_DEPENDENT_SHAPE_REPRESENTATION(#11006,#11008);
#11006 = ( REPRESENTATION_RELATIONSHIP('','',#10849,#10) 
REPRESENTATION_RELATIONSHIP_WITH_TRANSFORMATION(#11007) 
SHAPE_REPRESENTATION_RELATIONSHIP() );
#11007 = ITEM_DEFINED_TRANSFORMATION('','',#11,#159);
#11008 = PRODUCT_DEFINITION_SHAPE('Placement','Placement of an item',
  #11009);
#11009 = NEXT_ASSEMBLY_USAGE_OCCURRENCE('92','PA16 component envelope',
  '',#5,#10844,$);
#11010 = PRODUCT_RELATED_PRODUCT_CATEGORY('part',$,(#10846));
#11011 = SHAPE_DEFINITION_REPRESENTATION(#11012,#11018);
#11012 = PRODUCT_DEFINITION_SHAPE('','',#11013);
#11013 = PRODUCT_DEFINITION('design','',#11014,#11017);
#11014 = PRODUCT_DEFINITION_FORMATION('','',#11015);
#11015 = PRODUCT('Main Board (260x300, vertical)',
  'Main Board (260x300, vertical)','',(#11016));
#11016 = PRODUCT_CONTEXT('',#2,'mechanical');
#11017 = PRODUCT_DEFINITION_CONTEXT('part definition',#2,'design');
#11018 = ADVANCED_BREP_SHAPE_REPRESENTATION('',(#11,#11019),#11169);
#11019 = MANIFOLD_SOLID_BREP('',#11020);
#11020 = CLOSED_SHELL('',(#11021,#11061,#11101,#11123,#11145,#11157));
#11021 = ADVANCED_FACE('',(#11022),#11056,.F.);
#11022 = FACE_BOUND('',#11023,.F.);
#11023 = EDGE_LOOP('',(#11024,#11034,#11042,#11050));
#11024 = ORIENTED_EDGE('',*,*,#11025,.F.);
#11025 = EDGE_CURVE('',#11026,#11028,#11030,.T.);
#11026 = VERTEX_POINT('',#11027);
#11027 = CARTESIAN_POINT('',(25.,56.,5.));
#11028 = VERTEX_POINT('',#11029);
#11029 = CARTESIAN_POINT('',(25.,56.,305.));
#11030 = LINE('',#11031,#11032);
#11031 = CARTESIAN_POINT('',(25.,56.,5.));
#11032 = VECTOR('',#11033,1.);
#11033 = DIRECTION('',(0.,0.,1.));
#11034 = ORIENTED_EDGE('',*,*,#11035,.T.);
#11035 = EDGE_CURVE('',#11026,#11036,#11038,.T.);
#11036 = VERTEX_POINT('',#11037);
#11037 = CARTESIAN_POINT('',(25.,57.6,5.));
#11038 = LINE('',#11039,#11040);
#11039 = CARTESIAN_POINT('',(25.,56.,5.));
#11040 = VECTOR('',#11041,1.);
#11041 = DIRECTION('',(-0.,1.,0.));
#11042 = ORIENTED_EDGE('',*,*,#11043,.T.);
#11043 = EDGE_CURVE('',#11036,#11044,#11046,.T.);
#11044 = VERTEX_POINT('',#11045);
#11045 = CARTESIAN_POINT('',(25.,57.6,305.));
#11046 = LINE('',#11047,#11048);
#11047 = CARTESIAN_POINT('',(25.,57.6,5.));
#11048 = VECTOR('',#11049,1.);
#11049 = DIRECTION('',(0.,0.,1.));
#11050 = ORIENTED_EDGE('',*,*,#11051,.F.);
#11051 = EDGE_CURVE('',#11028,#11044,#11052,.T.);
#11052 = LINE('',#11053,#11054);
#11053 = CARTESIAN_POINT('',(25.,56.,305.));
#11054 = VECTOR('',#11055,1.);
#11055 = DIRECTION('',(-0.,1.,0.));
#11056 = PLANE('',#11057);
#11057 = AXIS2_PLACEMENT_3D('',#11058,#11059,#11060);
#11058 = CARTESIAN_POINT('',(25.,56.,5.));
#11059 = DIRECTION('',(1.,0.,-0.));
#11060 = DIRECTION('',(0.,0.,1.));
#11061 = ADVANCED_FACE('',(#11062),#11096,.T.);
#11062 = FACE_BOUND('',#11063,.T.);
#11063 = EDGE_LOOP('',(#11064,#11074,#11082,#11090));
#11064 = ORIENTED_EDGE('',*,*,#11065,.F.);
#11065 = EDGE_CURVE('',#11066,#11068,#11070,.T.);
#11066 = VERTEX_POINT('',#11067);
#11067 = CARTESIAN_POINT('',(285.,56.,5.));
#11068 = VERTEX_POINT('',#11069);
#11069 = CARTESIAN_POINT('',(285.,56.,305.));
#11070 = LINE('',#11071,#11072);
#11071 = CARTESIAN_POINT('',(285.,56.,5.));
#11072 = VECTOR('',#11073,1.);
#11073 = DIRECTION('',(0.,0.,1.));
#11074 = ORIENTED_EDGE('',*,*,#11075,.T.);
#11075 = EDGE_CURVE('',#11066,#11076,#11078,.T.);
#11076 = VERTEX_POINT('',#11077);
#11077 = CARTESIAN_POINT('',(285.,57.6,5.));
#11078 = LINE('',#11079,#11080);
#11079 = CARTESIAN_POINT('',(285.,56.,5.));
#11080 = VECTOR('',#11081,1.);
#11081 = DIRECTION('',(-0.,1.,0.));
#11082 = ORIENTED_EDGE('',*,*,#11083,.T.);
#11083 = EDGE_CURVE('',#11076,#11084,#11086,.T.);
#11084 = VERTEX_POINT('',#11085);
#11085 = CARTESIAN_POINT('',(285.,57.6,305.));
#11086 = LINE('',#11087,#11088);
#11087 = CARTESIAN_POINT('',(285.,57.6,5.));
#11088 = VECTOR('',#11089,1.);
#11089 = DIRECTION('',(0.,0.,1.));
#11090 = ORIENTED_EDGE('',*,*,#11091,.F.);
#11091 = EDGE_CURVE('',#11068,#11084,#11092,.T.);
#11092 = LINE('',#11093,#11094);
#11093 = CARTESIAN_POINT('',(285.,56.,305.));
#11094 = VECTOR('',#11095,1.);
#11095 = DIRECTION('',(-0.,1.,0.));
#11096 = PLANE('',#11097);
#11097 = AXIS2_PLACEMENT_3D('',#11098,#11099,#11100);
#11098 = CARTESIAN_POINT('',(285.,56.,5.));
#11099 = DIRECTION('',(1.,0.,-0.));
#11100 = DIRECTION('',(0.,0.,1.));
#11101 = ADVANCED_FACE('',(#11102),#11118,.F.);
#11102 = FACE_BOUND('',#11103,.F.);
#11103 = EDGE_LOOP('',(#11104,#11110,#11111,#11117));
#11104 = ORIENTED_EDGE('',*,*,#11105,.F.);
#11105 = EDGE_CURVE('',#11026,#11066,#11106,.T.);
#11106 = LINE('',#11107,#11108);
#11107 = CARTESIAN_POINT('',(25.,56.,5.));
#11108 = VECTOR('',#11109,1.);
#11109 = DIRECTION('',(1.,0.,-0.));
#11110 = ORIENTED_EDGE('',*,*,#11025,.T.);
#11111 = ORIENTED_EDGE('',*,*,#11112,.T.);
#11112 = EDGE_CURVE('',#11028,#11068,#11113,.T.);
#11113 = LINE('',#11114,#11115);
#11114 = CARTESIAN_POINT('',(25.,56.,305.));
#11115 = VECTOR('',#11116,1.);
#11116 = DIRECTION('',(1.,0.,-0.));
#11117 = ORIENTED_EDGE('',*,*,#11065,.F.);
#11118 = PLANE('',#11119);
#11119 = AXIS2_PLACEMENT_3D('',#11120,#11121,#11122);
#11120 = CARTESIAN_POINT('',(25.,56.,5.));
#11121 = DIRECTION('',(-0.,1.,0.));
#11122 = DIRECTION('',(0.,0.,1.));
#11123 = ADVANCED_FACE('',(#11124),#11140,.T.);
#11124 = FACE_BOUND('',#11125,.T.);
#11125 = EDGE_LOOP('',(#11126,#11132,#11133,#11139));
#11126 = ORIENTED_EDGE('',*,*,#11127,.F.);
#11127 = EDGE_CURVE('',#11036,#11076,#11128,.T.);
#11128 = LINE('',#11129,#11130);
#11129 = CARTESIAN_POINT('',(25.,57.6,5.));
#11130 = VECTOR('',#11131,1.);
#11131 = DIRECTION('',(1.,0.,-0.));
#11132 = ORIENTED_EDGE('',*,*,#11043,.T.);
#11133 = ORIENTED_EDGE('',*,*,#11134,.T.);
#11134 = EDGE_CURVE('',#11044,#11084,#11135,.T.);
#11135 = LINE('',#11136,#11137);
#11136 = CARTESIAN_POINT('',(25.,57.6,305.));
#11137 = VECTOR('',#11138,1.);
#11138 = DIRECTION('',(1.,0.,-0.));
#11139 = ORIENTED_EDGE('',*,*,#11083,.F.);
#11140 = PLANE('',#11141);
#11141 = AXIS2_PLACEMENT_3D('',#11142,#11143,#11144);
#11142 = CARTESIAN_POINT('',(25.,57.6,5.));
#11143 = DIRECTION('',(-0.,1.,0.));
#11144 = DIRECTION('',(0.,0.,1.));
#11145 = ADVANCED_FACE('',(#11146),#11152,.F.);
#11146 = FACE_BOUND('',#11147,.F.);
#11147 = EDGE_LOOP('',(#11148,#11149,#11150,#11151));
#11148 = ORIENTED_EDGE('',*,*,#11035,.F.);
#11149 = ORIENTED_EDGE('',*,*,#11105,.T.);
#11150 = ORIENTED_EDGE('',*,*,#11075,.T.);
#11151 = ORIENTED_EDGE('',*,*,#11127,.F.);
#11152 = PLANE('',#11153);
#11153 = AXIS2_PLACEMENT_3D('',#11154,#11155,#11156);
#11154 = CARTESIAN_POINT('',(25.,56.,5.));
#11155 = DIRECTION('',(0.,0.,1.));
#11156 = DIRECTION('',(1.,0.,-0.));
#11157 = ADVANCED_FACE('',(#11158),#11164,.T.);
#11158 = FACE_BOUND('',#11159,.T.);
#11159 = EDGE_LOOP('',(#11160,#11161,#11162,#11163));
#11160 = ORIENTED_EDGE('',*,*,#11051,.F.);
#11161 = ORIENTED_EDGE('',*,*,#11112,.T.);
#11162 = ORIENTED_EDGE('',*,*,#11091,.T.);
#11163 = ORIENTED_EDGE('',*,*,#11134,.F.);
#11164 = PLANE('',#11165);
#11165 = AXIS2_PLACEMENT_3D('',#11166,#11167,#11168);
#11166 = CARTESIAN_POINT('',(25.,56.,305.));
#11167 = DIRECTION('',(0.,0.,1.));
#11168 = DIRECTION('',(1.,0.,-0.));
#11169 = ( GEOMETRIC_REPRESENTATION_CONTEXT(3) 
GLOBAL_UNCERTAINTY_ASSIGNED_CONTEXT((#11173)) 
GLOBAL_UNIT_ASSIGNED_CONTEXT((#11170,#11171,#11172)) 
REPRESENTATION_CONTEXT('Context #1',
  '3D Context with UNIT and UNCERTAINTY') );
#11170 = ( LENGTH_UNIT() NAMED_UNIT(*) SI_UNIT(.MILLI.,.METRE.) );
#11171 = ( NAMED_UNIT(*) PLANE_ANGLE_UNIT() SI_UNIT($,.RADIAN.) );
#11172 = ( NAMED_UNIT(*) SI_UNIT($,.STERADIAN.) SOLID_ANGLE_UNIT() );
#11173 = UNCERTAINTY_MEASURE_WITH_UNIT(LENGTH_MEASURE(1.E-07),#11170,
  'distance_accuracy_value','confusion accuracy');
#11174 = CONTEXT_DEPENDENT_SHAPE_REPRESENTATION(#11175,#11177);
#11175 = ( REPRESENTATION_RELATIONSHIP('','',#11018,#10) 
REPRESENTATION_RELATIONSHIP_WITH_TRANSFORMATION(#11176) 
SHAPE_REPRESENTATION_RELATIONSHIP() );
#11176 = ITEM_DEFINED_TRANSFORMATION('','',#11,#163);
#11177 = PRODUCT_DEFINITION_SHAPE('Placement','Placement of an item',
  #11178);
#11178 = NEXT_ASSEMBLY_USAGE_OCCURRENCE('93',
  'Main Board (260x300, vertical)','',#5,#11013,$);
#11179 = PRODUCT_RELATED_PRODUCT_CATEGORY('part',$,(#11015));
#11180 = SHAPE_DEFINITION_REPRESENTATION(#11181,#11187);
#11181 = PRODUCT_DEFINITION_SHAPE('','',#11182);
#11182 = PRODUCT_DEFINITION('design','',#11183,#11186);
#11183 = PRODUCT_DEFINITION_FORMATION('','',#11184);
#11184 = PRODUCT('Main Board component envelope (15 mm, ASSUMED)',
  'Main Board component envelope (15 mm, ASSUMED)','',(#11185));
#11185 = PRODUCT_CONTEXT('',#2,'mechanical');
#11186 = PRODUCT_DEFINITION_CONTEXT('part definition',#2,'design');
#11187 = ADVANCED_BREP_SHAPE_REPRESENTATION('',(#11,#11188),#11338);
#11188 = MANIFOLD_SOLID_BREP('',#11189);
#11189 = CLOSED_SHELL('',(#11190,#11230,#11270,#11292,#11314,#11326));
#11190 = ADVANCED_FACE('',(#11191),#11225,.F.);
#11191 = FACE_BOUND('',#11192,.F.);
#11192 = EDGE_LOOP('',(#11193,#11203,#11211,#11219));
#11193 = ORIENTED_EDGE('',*,*,#11194,.F.);
#11194 = EDGE_CURVE('',#11195,#11197,#11199,.T.);
#11195 = VERTEX_POINT('',#11196);
#11196 = CARTESIAN_POINT('',(30.,57.6,10.));
#11197 = VERTEX_POINT('',#11198);
#11198 = CARTESIAN_POINT('',(30.,57.6,300.));
#11199 = LINE('',#11200,#11201);
#11200 = CARTESIAN_POINT('',(30.,57.6,10.));
#11201 = VECTOR('',#11202,1.);
#11202 = DIRECTION('',(0.,0.,1.));
#11203 = ORIENTED_EDGE('',*,*,#11204,.T.);
#11204 = EDGE_CURVE('',#11195,#11205,#11207,.T.);
#11205 = VERTEX_POINT('',#11206);
#11206 = CARTESIAN_POINT('',(30.,72.6,10.));
#11207 = LINE('',#11208,#11209);
#11208 = CARTESIAN_POINT('',(30.,57.6,10.));
#11209 = VECTOR('',#11210,1.);
#11210 = DIRECTION('',(-0.,1.,0.));
#11211 = ORIENTED_EDGE('',*,*,#11212,.T.);
#11212 = EDGE_CURVE('',#11205,#11213,#11215,.T.);
#11213 = VERTEX_POINT('',#11214);
#11214 = CARTESIAN_POINT('',(30.,72.6,300.));
#11215 = LINE('',#11216,#11217);
#11216 = CARTESIAN_POINT('',(30.,72.6,10.));
#11217 = VECTOR('',#11218,1.);
#11218 = DIRECTION('',(0.,0.,1.));
#11219 = ORIENTED_EDGE('',*,*,#11220,.F.);
#11220 = EDGE_CURVE('',#11197,#11213,#11221,.T.);
#11221 = LINE('',#11222,#11223);
#11222 = CARTESIAN_POINT('',(30.,57.6,300.));
#11223 = VECTOR('',#11224,1.);
#11224 = DIRECTION('',(-0.,1.,0.));
#11225 = PLANE('',#11226);
#11226 = AXIS2_PLACEMENT_3D('',#11227,#11228,#11229);
#11227 = CARTESIAN_POINT('',(30.,57.6,10.));
#11228 = DIRECTION('',(1.,0.,-0.));
#11229 = DIRECTION('',(0.,0.,1.));
#11230 = ADVANCED_FACE('',(#11231),#11265,.T.);
#11231 = FACE_BOUND('',#11232,.T.);
#11232 = EDGE_LOOP('',(#11233,#11243,#11251,#11259));
#11233 = ORIENTED_EDGE('',*,*,#11234,.F.);
#11234 = EDGE_CURVE('',#11235,#11237,#11239,.T.);
#11235 = VERTEX_POINT('',#11236);
#11236 = CARTESIAN_POINT('',(280.,57.6,10.));
#11237 = VERTEX_POINT('',#11238);
#11238 = CARTESIAN_POINT('',(280.,57.6,300.));
#11239 = LINE('',#11240,#11241);
#11240 = CARTESIAN_POINT('',(280.,57.6,10.));
#11241 = VECTOR('',#11242,1.);
#11242 = DIRECTION('',(0.,0.,1.));
#11243 = ORIENTED_EDGE('',*,*,#11244,.T.);
#11244 = EDGE_CURVE('',#11235,#11245,#11247,.T.);
#11245 = VERTEX_POINT('',#11246);
#11246 = CARTESIAN_POINT('',(280.,72.6,10.));
#11247 = LINE('',#11248,#11249);
#11248 = CARTESIAN_POINT('',(280.,57.6,10.));
#11249 = VECTOR('',#11250,1.);
#11250 = DIRECTION('',(-0.,1.,0.));
#11251 = ORIENTED_EDGE('',*,*,#11252,.T.);
#11252 = EDGE_CURVE('',#11245,#11253,#11255,.T.);
#11253 = VERTEX_POINT('',#11254);
#11254 = CARTESIAN_POINT('',(280.,72.6,300.));
#11255 = LINE('',#11256,#11257);
#11256 = CARTESIAN_POINT('',(280.,72.6,10.));
#11257 = VECTOR('',#11258,1.);
#11258 = DIRECTION('',(0.,0.,1.));
#11259 = ORIENTED_EDGE('',*,*,#11260,.F.);
#11260 = EDGE_CURVE('',#11237,#11253,#11261,.T.);
#11261 = LINE('',#11262,#11263);
#11262 = CARTESIAN_POINT('',(280.,57.6,300.));
#11263 = VECTOR('',#11264,1.);
#11264 = DIRECTION('',(-0.,1.,0.));
#11265 = PLANE('',#11266);
#11266 = AXIS2_PLACEMENT_3D('',#11267,#11268,#11269);
#11267 = CARTESIAN_POINT('',(280.,57.6,10.));
#11268 = DIRECTION('',(1.,0.,-0.));
#11269 = DIRECTION('',(0.,0.,1.));
#11270 = ADVANCED_FACE('',(#11271),#11287,.F.);
#11271 = FACE_BOUND('',#11272,.F.);
#11272 = EDGE_LOOP('',(#11273,#11279,#11280,#11286));
#11273 = ORIENTED_EDGE('',*,*,#11274,.F.);
#11274 = EDGE_CURVE('',#11195,#11235,#11275,.T.);
#11275 = LINE('',#11276,#11277);
#11276 = CARTESIAN_POINT('',(30.,57.6,10.));
#11277 = VECTOR('',#11278,1.);
#11278 = DIRECTION('',(1.,0.,-0.));
#11279 = ORIENTED_EDGE('',*,*,#11194,.T.);
#11280 = ORIENTED_EDGE('',*,*,#11281,.T.);
#11281 = EDGE_CURVE('',#11197,#11237,#11282,.T.);
#11282 = LINE('',#11283,#11284);
#11283 = CARTESIAN_POINT('',(30.,57.6,300.));
#11284 = VECTOR('',#11285,1.);
#11285 = DIRECTION('',(1.,0.,-0.));
#11286 = ORIENTED_EDGE('',*,*,#11234,.F.);
#11287 = PLANE('',#11288);
#11288 = AXIS2_PLACEMENT_3D('',#11289,#11290,#11291);
#11289 = CARTESIAN_POINT('',(30.,57.6,10.));
#11290 = DIRECTION('',(-0.,1.,0.));
#11291 = DIRECTION('',(0.,0.,1.));
#11292 = ADVANCED_FACE('',(#11293),#11309,.T.);
#11293 = FACE_BOUND('',#11294,.T.);
#11294 = EDGE_LOOP('',(#11295,#11301,#11302,#11308));
#11295 = ORIENTED_EDGE('',*,*,#11296,.F.);
#11296 = EDGE_CURVE('',#11205,#11245,#11297,.T.);
#11297 = LINE('',#11298,#11299);
#11298 = CARTESIAN_POINT('',(30.,72.6,10.));
#11299 = VECTOR('',#11300,1.);
#11300 = DIRECTION('',(1.,0.,-0.));
#11301 = ORIENTED_EDGE('',*,*,#11212,.T.);
#11302 = ORIENTED_EDGE('',*,*,#11303,.T.);
#11303 = EDGE_CURVE('',#11213,#11253,#11304,.T.);
#11304 = LINE('',#11305,#11306);
#11305 = CARTESIAN_POINT('',(30.,72.6,300.));
#11306 = VECTOR('',#11307,1.);
#11307 = DIRECTION('',(1.,0.,-0.));
#11308 = ORIENTED_EDGE('',*,*,#11252,.F.);
#11309 = PLANE('',#11310);
#11310 = AXIS2_PLACEMENT_3D('',#11311,#11312,#11313);
#11311 = CARTESIAN_POINT('',(30.,72.6,10.));
#11312 = DIRECTION('',(-0.,1.,0.));
#11313 = DIRECTION('',(0.,0.,1.));
#11314 = ADVANCED_FACE('',(#11315),#11321,.F.);
#11315 = FACE_BOUND('',#11316,.F.);
#11316 = EDGE_LOOP('',(#11317,#11318,#11319,#11320));
#11317 = ORIENTED_EDGE('',*,*,#11204,.F.);
#11318 = ORIENTED_EDGE('',*,*,#11274,.T.);
#11319 = ORIENTED_EDGE('',*,*,#11244,.T.);
#11320 = ORIENTED_EDGE('',*,*,#11296,.F.);
#11321 = PLANE('',#11322);
#11322 = AXIS2_PLACEMENT_3D('',#11323,#11324,#11325);
#11323 = CARTESIAN_POINT('',(30.,57.6,10.));
#11324 = DIRECTION('',(0.,0.,1.));
#11325 = DIRECTION('',(1.,0.,-0.));
#11326 = ADVANCED_FACE('',(#11327),#11333,.T.);
#11327 = FACE_BOUND('',#11328,.T.);
#11328 = EDGE_LOOP('',(#11329,#11330,#11331,#11332));
#11329 = ORIENTED_EDGE('',*,*,#11220,.F.);
#11330 = ORIENTED_EDGE('',*,*,#11281,.T.);
#11331 = ORIENTED_EDGE('',*,*,#11260,.T.);
#11332 = ORIENTED_EDGE('',*,*,#11303,.F.);
#11333 = PLANE('',#11334);
#11334 = AXIS2_PLACEMENT_3D('',#11335,#11336,#11337);
#11335 = CARTESIAN_POINT('',(30.,57.6,300.));
#11336 = DIRECTION('',(0.,0.,1.));
#11337 = DIRECTION('',(1.,0.,-0.));
#11338 = ( GEOMETRIC_REPRESENTATION_CONTEXT(3) 
GLOBAL_UNCERTAINTY_ASSIGNED_CONTEXT((#11342)) 
GLOBAL_UNIT_ASSIGNED_CONTEXT((#11339,#11340,#11341)) 
REPRESENTATION_CONTEXT('Context #1',
  '3D Context with UNIT and UNCERTAINTY') );
#11339 = ( LENGTH_UNIT() NAMED_UNIT(*) SI_UNIT(.MILLI.,.METRE.) );
#11340 = ( NAMED_UNIT(*) PLANE_ANGLE_UNIT() SI_UNIT($,.RADIAN.) );
#11341 = ( NAMED_UNIT(*) SI_UNIT($,.STERADIAN.) SOLID_ANGLE_UNIT() );
#11342 = UNCERTAINTY_MEASURE_WITH_UNIT(LENGTH_MEASURE(1.E-07),#11339,
  'distance_accuracy_value','confusion accuracy');
#11343 = CONTEXT_DEPENDENT_SHAPE_REPRESENTATION(#11344,#11346);
#11344 = ( REPRESENTATION_RELATIONSHIP('','',#11187,#10) 
REPRESENTATION_RELATIONSHIP_WITH_TRANSFORMATION(#11345) 
SHAPE_REPRESENTATION_RELATIONSHIP() );
#11345 = ITEM_DEFINED_TRANSFORMATION('','',#11,#167);
#11346 = PRODUCT_DEFINITION_SHAPE('Placement','Placement of an item',
  #11347);
#11347 = NEXT_ASSEMBLY_USAGE_OCCURRENCE('94',
  'Main Board component envelope (15 mm, ASSUMED)','',#5,#11182,$);
#11348 = PRODUCT_RELATED_PRODUCT_CATEGORY('part',$,(#11184));
#11349 = SHAPE_DEFINITION_REPRESENTATION(#11350,#11356);
#11350 = PRODUCT_DEFINITION_SHAPE('','',#11351);
#11351 = PRODUCT_DEFINITION('design','',#11352,#11355);
#11352 = PRODUCT_DEFINITION_FORMATION('','',#11353);
#11353 = PRODUCT('Frequency Synthesizer (100x100, vertical)',
  'Frequency Synthesizer (100x100, vertical)','',(#11354));
#11354 = PRODUCT_CONTEXT('',#2,'mechanical');
#11355 = PRODUCT_DEFINITION_CONTEXT('part definition',#2,'design');
#11356 = ADVANCED_BREP_SHAPE_REPRESENTATION('',(#11,#11357),#11507);
#11357 = MANIFOLD_SOLID_BREP('',#11358);
#11358 = CLOSED_SHELL('',(#11359,#11399,#11439,#11461,#11483,#11495));
#11359 = ADVANCED_FACE('',(#11360),#11394,.F.);
#11360 = FACE_BOUND('',#11361,.F.);
#11361 = EDGE_LOOP('',(#11362,#11372,#11380,#11388));
#11362 = ORIENTED_EDGE('',*,*,#11363,.F.);
#11363 = EDGE_CURVE('',#11364,#11366,#11368,.T.);
#11364 = VERTEX_POINT('',#11365);
#11365 = CARTESIAN_POINT('',(46.363333333333,81.,141.60187183333));
#11366 = VERTEX_POINT('',#11367);
#11367 = CARTESIAN_POINT('',(46.363333333333,81.,241.60187183333));
#11368 = LINE('',#11369,#11370);
#11369 = CARTESIAN_POINT('',(46.363333333333,81.,141.60187183333));
#11370 = VECTOR('',#11371,1.);
#11371 = DIRECTION('',(0.,0.,1.));
#11372 = ORIENTED_EDGE('',*,*,#11373,.T.);
#11373 = EDGE_CURVE('',#11364,#11374,#11376,.T.);
#11374 = VERTEX_POINT('',#11375);
#11375 = CARTESIAN_POINT('',(46.363333333333,82.6,141.60187183333));
#11376 = LINE('',#11377,#11378);
#11377 = CARTESIAN_POINT('',(46.363333333333,81.,141.60187183333));
#11378 = VECTOR('',#11379,1.);
#11379 = DIRECTION('',(-0.,1.,0.));
#11380 = ORIENTED_EDGE('',*,*,#11381,.T.);
#11381 = EDGE_CURVE('',#11374,#11382,#11384,.T.);
#11382 = VERTEX_POINT('',#11383);
#11383 = CARTESIAN_POINT('',(46.363333333333,82.6,241.60187183333));
#11384 = LINE('',#11385,#11386);
#11385 = CARTESIAN_POINT('',(46.363333333333,82.6,141.60187183333));
#11386 = VECTOR('',#11387,1.);
#11387 = DIRECTION('',(0.,0.,1.));
#11388 = ORIENTED_EDGE('',*,*,#11389,.F.);
#11389 = EDGE_CURVE('',#11366,#11382,#11390,.T.);
#11390 = LINE('',#11391,#11392);
#11391 = CARTESIAN_POINT('',(46.363333333333,81.,241.60187183333));
#11392 = VECTOR('',#11393,1.);
#11393 = DIRECTION('',(-0.,1.,0.));
#11394 = PLANE('',#11395);
#11395 = AXIS2_PLACEMENT_3D('',#11396,#11397,#11398);
#11396 = CARTESIAN_POINT('',(46.363333333333,81.,141.60187183333));
#11397 = DIRECTION('',(1.,0.,-0.));
#11398 = DIRECTION('',(0.,0.,1.));
#11399 = ADVANCED_FACE('',(#11400),#11434,.T.);
#11400 = FACE_BOUND('',#11401,.T.);
#11401 = EDGE_LOOP('',(#11402,#11412,#11420,#11428));
#11402 = ORIENTED_EDGE('',*,*,#11403,.F.);
#11403 = EDGE_CURVE('',#11404,#11406,#11408,.T.);
#11404 = VERTEX_POINT('',#11405);
#11405 = CARTESIAN_POINT('',(146.36333333333,81.,141.60187183333));
#11406 = VERTEX_POINT('',#11407);
#11407 = CARTESIAN_POINT('',(146.36333333333,81.,241.60187183333));
#11408 = LINE('',#11409,#11410);
#11409 = CARTESIAN_POINT('',(146.36333333333,81.,141.60187183333));
#11410 = VECTOR('',#11411,1.);
#11411 = DIRECTION('',(0.,0.,1.));
#11412 = ORIENTED_EDGE('',*,*,#11413,.T.);
#11413 = EDGE_CURVE('',#11404,#11414,#11416,.T.);
#11414 = VERTEX_POINT('',#11415);
#11415 = CARTESIAN_POINT('',(146.36333333333,82.6,141.60187183333));
#11416 = LINE('',#11417,#11418);
#11417 = CARTESIAN_POINT('',(146.36333333333,81.,141.60187183333));
#11418 = VECTOR('',#11419,1.);
#11419 = DIRECTION('',(-0.,1.,0.));
#11420 = ORIENTED_EDGE('',*,*,#11421,.T.);
#11421 = EDGE_CURVE('',#11414,#11422,#11424,.T.);
#11422 = VERTEX_POINT('',#11423);
#11423 = CARTESIAN_POINT('',(146.36333333333,82.6,241.60187183333));
#11424 = LINE('',#11425,#11426);
#11425 = CARTESIAN_POINT('',(146.36333333333,82.6,141.60187183333));
#11426 = VECTOR('',#11427,1.);
#11427 = DIRECTION('',(0.,0.,1.));
#11428 = ORIENTED_EDGE('',*,*,#11429,.F.);
#11429 = EDGE_CURVE('',#11406,#11422,#11430,.T.);
#11430 = LINE('',#11431,#11432);
#11431 = CARTESIAN_POINT('',(146.36333333333,81.,241.60187183333));
#11432 = VECTOR('',#11433,1.);
#11433 = DIRECTION('',(-0.,1.,0.));
#11434 = PLANE('',#11435);
#11435 = AXIS2_PLACEMENT_3D('',#11436,#11437,#11438);
#11436 = CARTESIAN_POINT('',(146.36333333333,81.,141.60187183333));
#11437 = DIRECTION('',(1.,0.,-0.));
#11438 = DIRECTION('',(0.,0.,1.));
#11439 = ADVANCED_FACE('',(#11440),#11456,.F.);
#11440 = FACE_BOUND('',#11441,.F.);
#11441 = EDGE_LOOP('',(#11442,#11448,#11449,#11455));
#11442 = ORIENTED_EDGE('',*,*,#11443,.F.);
#11443 = EDGE_CURVE('',#11364,#11404,#11444,.T.);
#11444 = LINE('',#11445,#11446);
#11445 = CARTESIAN_POINT('',(46.363333333333,81.,141.60187183333));
#11446 = VECTOR('',#11447,1.);
#11447 = DIRECTION('',(1.,0.,-0.));
#11448 = ORIENTED_EDGE('',*,*,#11363,.T.);
#11449 = ORIENTED_EDGE('',*,*,#11450,.T.);
#11450 = EDGE_CURVE('',#11366,#11406,#11451,.T.);
#11451 = LINE('',#11452,#11453);
#11452 = CARTESIAN_POINT('',(46.363333333333,81.,241.60187183333));
#11453 = VECTOR('',#11454,1.);
#11454 = DIRECTION('',(1.,0.,-0.));
#11455 = ORIENTED_EDGE('',*,*,#11403,.F.);
#11456 = PLANE('',#11457);
#11457 = AXIS2_PLACEMENT_3D('',#11458,#11459,#11460);
#11458 = CARTESIAN_POINT('',(46.363333333333,81.,141.60187183333));
#11459 = DIRECTION('',(-0.,1.,0.));
#11460 = DIRECTION('',(0.,0.,1.));
#11461 = ADVANCED_FACE('',(#11462),#11478,.T.);
#11462 = FACE_BOUND('',#11463,.T.);
#11463 = EDGE_LOOP('',(#11464,#11470,#11471,#11477));
#11464 = ORIENTED_EDGE('',*,*,#11465,.F.);
#11465 = EDGE_CURVE('',#11374,#11414,#11466,.T.);
#11466 = LINE('',#11467,#11468);
#11467 = CARTESIAN_POINT('',(46.363333333333,82.6,141.60187183333));
#11468 = VECTOR('',#11469,1.);
#11469 = DIRECTION('',(1.,0.,-0.));
#11470 = ORIENTED_EDGE('',*,*,#11381,.T.);
#11471 = ORIENTED_EDGE('',*,*,#11472,.T.);
#11472 = EDGE_CURVE('',#11382,#11422,#11473,.T.);
#11473 = LINE('',#11474,#11475);
#11474 = CARTESIAN_POINT('',(46.363333333333,82.6,241.60187183333));
#11475 = VECTOR('',#11476,1.);
#11476 = DIRECTION('',(1.,0.,-0.));
#11477 = ORIENTED_EDGE('',*,*,#11421,.F.);
#11478 = PLANE('',#11479);
#11479 = AXIS2_PLACEMENT_3D('',#11480,#11481,#11482);
#11480 = CARTESIAN_POINT('',(46.363333333333,82.6,141.60187183333));
#11481 = DIRECTION('',(-0.,1.,0.));
#11482 = DIRECTION('',(0.,0.,1.));
#11483 = ADVANCED_FACE('',(#11484),#11490,.F.);
#11484 = FACE_BOUND('',#11485,.F.);
#11485 = EDGE_LOOP('',(#11486,#11487,#11488,#11489));
#11486 = ORIENTED_EDGE('',*,*,#11373,.F.);
#11487 = ORIENTED_EDGE('',*,*,#11443,.T.);
#11488 = ORIENTED_EDGE('',*,*,#11413,.T.);
#11489 = ORIENTED_EDGE('',*,*,#11465,.F.);
#11490 = PLANE('',#11491);
#11491 = AXIS2_PLACEMENT_3D('',#11492,#11493,#11494);
#11492 = CARTESIAN_POINT('',(46.363333333333,81.,141.60187183333));
#11493 = DIRECTION('',(0.,0.,1.));
#11494 = DIRECTION('',(1.,0.,-0.));
#11495 = ADVANCED_FACE('',(#11496),#11502,.T.);
#11496 = FACE_BOUND('',#11497,.T.);
#11497 = EDGE_LOOP('',(#11498,#11499,#11500,#11501));
#11498 = ORIENTED_EDGE('',*,*,#11389,.F.);
#11499 = ORIENTED_EDGE('',*,*,#11450,.T.);
#11500 = ORIENTED_EDGE('',*,*,#11429,.T.);
#11501 = ORIENTED_EDGE('',*,*,#11472,.F.);
#11502 = PLANE('',#11503);
#11503 = AXIS2_PLACEMENT_3D('',#11504,#11505,#11506);
#11504 = CARTESIAN_POINT('',(46.363333333333,81.,241.60187183333));
#11505 = DIRECTION('',(0.,0.,1.));
#11506 = DIRECTION('',(1.,0.,-0.));
#11507 = ( GEOMETRIC_REPRESENTATION_CONTEXT(3) 
GLOBAL_UNCERTAINTY_ASSIGNED_CONTEXT((#11511)) 
GLOBAL_UNIT_ASSIGNED_CONTEXT((#11508,#11509,#11510)) 
REPRESENTATION_CONTEXT('Context #1',
  '3D Context with UNIT and UNCERTAINTY') );
#11508 = ( LENGTH_UNIT() NAMED_UNIT(*) SI_UNIT(.MILLI.,.METRE.) );
#11509 = ( NAMED_UNIT(*) PLANE_ANGLE_UNIT() SI_UNIT($,.RADIAN.) );
#11510 = ( NAMED_UNIT(*) SI_UNIT($,.STERADIAN.) SOLID_ANGLE_UNIT() );
#11511 = UNCERTAINTY_MEASURE_WITH_UNIT(LENGTH_MEASURE(1.E-07),#11508,
  'distance_accuracy_value','confusion accuracy');
#11512 = CONTEXT_DEPENDENT_SHAPE_REPRESENTATION(#11513,#11515);
#11513 = ( REPRESENTATION_RELATIONSHIP('','',#11356,#10) 
REPRESENTATION_RELATIONSHIP_WITH_TRANSFORMATION(#11514) 
SHAPE_REPRESENTATION_RELATIONSHIP() );
#11514 = ITEM_DEFINED_TRANSFORMATION('','',#11,#171);
#11515 = PRODUCT_DEFINITION_SHAPE('Placement','Placement of an item',
  #11516);
#11516 = NEXT_ASSEMBLY_USAGE_OCCURRENCE('95',
  'Frequency Synthesizer (100x100, vertical)','',#5,#11351,$);
#11517 = PRODUCT_RELATED_PRODUCT_CATEGORY('part',$,(#11353));
#11518 = SHAPE_DEFINITION_REPRESENTATION(#11519,#11525);
#11519 = PRODUCT_DEFINITION_SHAPE('','',#11520);
#11520 = PRODUCT_DEFINITION('design','',#11521,#11524);
#11521 = PRODUCT_DEFINITION_FORMATION('','',#11522);
#11522 = PRODUCT('Synth component envelope','Synth component envelope',
  '',(#11523));
#11523 = PRODUCT_CONTEXT('',#2,'mechanical');
#11524 = PRODUCT_DEFINITION_CONTEXT('part definition',#2,'design');
#11525 = ADVANCED_BREP_SHAPE_REPRESENTATION('',(#11,#11526),#11676);
#11526 = MANIFOLD_SOLID_BREP('',#11527);
#11527 = CLOSED_SHELL('',(#11528,#11568,#11608,#11630,#11652,#11664));
#11528 = ADVANCED_FACE('',(#11529),#11563,.F.);
#11529 = FACE_BOUND('',#11530,.F.);
#11530 = EDGE_LOOP('',(#11531,#11541,#11549,#11557));
#11531 = ORIENTED_EDGE('',*,*,#11532,.F.);
#11532 = EDGE_CURVE('',#11533,#11535,#11537,.T.);
#11533 = VERTEX_POINT('',#11534);
#11534 = CARTESIAN_POINT('',(49.363333333333,82.6,144.60187183333));
#11535 = VERTEX_POINT('',#11536);
#11536 = CARTESIAN_POINT('',(49.363333333333,82.6,238.60187183333));
#11537 = LINE('',#11538,#11539);
#11538 = CARTESIAN_POINT('',(49.363333333333,82.6,144.60187183333));
#11539 = VECTOR('',#11540,1.);
#11540 = DIRECTION('',(0.,0.,1.));
#11541 = ORIENTED_EDGE('',*,*,#11542,.T.);
#11542 = EDGE_CURVE('',#11533,#11543,#11545,.T.);
#11543 = VERTEX_POINT('',#11544);
#11544 = CARTESIAN_POINT('',(49.363333333333,94.6,144.60187183333));
#11545 = LINE('',#11546,#11547);
#11546 = CARTESIAN_POINT('',(49.363333333333,82.6,144.60187183333));
#11547 = VECTOR('',#11548,1.);
#11548 = DIRECTION('',(-0.,1.,0.));
#11549 = ORIENTED_EDGE('',*,*,#11550,.T.);
#11550 = EDGE_CURVE('',#11543,#11551,#11553,.T.);
#11551 = VERTEX_POINT('',#11552);
#11552 = CARTESIAN_POINT('',(49.363333333333,94.6,238.60187183333));
#11553 = LINE('',#11554,#11555);
#11554 = CARTESIAN_POINT('',(49.363333333333,94.6,144.60187183333));
#11555 = VECTOR('',#11556,1.);
#11556 = DIRECTION('',(0.,0.,1.));
#11557 = ORIENTED_EDGE('',*,*,#11558,.F.);
#11558 = EDGE_CURVE('',#11535,#11551,#11559,.T.);
#11559 = LINE('',#11560,#11561);
#11560 = CARTESIAN_POINT('',(49.363333333333,82.6,238.60187183333));
#11561 = VECTOR('',#11562,1.);
#11562 = DIRECTION('',(-0.,1.,0.));
#11563 = PLANE('',#11564);
#11564 = AXIS2_PLACEMENT_3D('',#11565,#11566,#11567);
#11565 = CARTESIAN_POINT('',(49.363333333333,82.6,144.60187183333));
#11566 = DIRECTION('',(1.,0.,-0.));
#11567 = DIRECTION('',(0.,0.,1.));
#11568 = ADVANCED_FACE('',(#11569),#11603,.T.);
#11569 = FACE_BOUND('',#11570,.T.);
#11570 = EDGE_LOOP('',(#11571,#11581,#11589,#11597));
#11571 = ORIENTED_EDGE('',*,*,#11572,.F.);
#11572 = EDGE_CURVE('',#11573,#11575,#11577,.T.);
#11573 = VERTEX_POINT('',#11574);
#11574 = CARTESIAN_POINT('',(143.36333333333,82.6,144.60187183333));
#11575 = VERTEX_POINT('',#11576);
#11576 = CARTESIAN_POINT('',(143.36333333333,82.6,238.60187183333));
#11577 = LINE('',#11578,#11579);
#11578 = CARTESIAN_POINT('',(143.36333333333,82.6,144.60187183333));
#11579 = VECTOR('',#11580,1.);
#11580 = DIRECTION('',(0.,0.,1.));
#11581 = ORIENTED_EDGE('',*,*,#11582,.T.);
#11582 = EDGE_CURVE('',#11573,#11583,#11585,.T.);
#11583 = VERTEX_POINT('',#11584);
#11584 = CARTESIAN_POINT('',(143.36333333333,94.6,144.60187183333));
#11585 = LINE('',#11586,#11587);
#11586 = CARTESIAN_POINT('',(143.36333333333,82.6,144.60187183333));
#11587 = VECTOR('',#11588,1.);
#11588 = DIRECTION('',(-0.,1.,0.));
#11589 = ORIENTED_EDGE('',*,*,#11590,.T.);
#11590 = EDGE_CURVE('',#11583,#11591,#11593,.T.);
#11591 = VERTEX_POINT('',#11592);
#11592 = CARTESIAN_POINT('',(143.36333333333,94.6,238.60187183333));
#11593 = LINE('',#11594,#11595);
#11594 = CARTESIAN_POINT('',(143.36333333333,94.6,144.60187183333));
#11595 = VECTOR('',#11596,1.);
#11596 = DIRECTION('',(0.,0.,1.));
#11597 = ORIENTED_EDGE('',*,*,#11598,.F.);
#11598 = EDGE_CURVE('',#11575,#11591,#11599,.T.);
#11599 = LINE('',#11600,#11601);
#11600 = CARTESIAN_POINT('',(143.36333333333,82.6,238.60187183333));
#11601 = VECTOR('',#11602,1.);
#11602 = DIRECTION('',(-0.,1.,0.));
#11603 = PLANE('',#11604);
#11604 = AXIS2_PLACEMENT_3D('',#11605,#11606,#11607);
#11605 = CARTESIAN_POINT('',(143.36333333333,82.6,144.60187183333));
#11606 = DIRECTION('',(1.,0.,-0.));
#11607 = DIRECTION('',(0.,0.,1.));
#11608 = ADVANCED_FACE('',(#11609),#11625,.F.);
#11609 = FACE_BOUND('',#11610,.F.);
#11610 = EDGE_LOOP('',(#11611,#11617,#11618,#11624));
#11611 = ORIENTED_EDGE('',*,*,#11612,.F.);
#11612 = EDGE_CURVE('',#11533,#11573,#11613,.T.);
#11613 = LINE('',#11614,#11615);
#11614 = CARTESIAN_POINT('',(49.363333333333,82.6,144.60187183333));
#11615 = VECTOR('',#11616,1.);
#11616 = DIRECTION('',(1.,0.,-0.));
#11617 = ORIENTED_EDGE('',*,*,#11532,.T.);
#11618 = ORIENTED_EDGE('',*,*,#11619,.T.);
#11619 = EDGE_CURVE('',#11535,#11575,#11620,.T.);
#11620 = LINE('',#11621,#11622);
#11621 = CARTESIAN_POINT('',(49.363333333333,82.6,238.60187183333));
#11622 = VECTOR('',#11623,1.);
#11623 = DIRECTION('',(1.,0.,-0.));
#11624 = ORIENTED_EDGE('',*,*,#11572,.F.);
#11625 = PLANE('',#11626);
#11626 = AXIS2_PLACEMENT_3D('',#11627,#11628,#11629);
#11627 = CARTESIAN_POINT('',(49.363333333333,82.6,144.60187183333));
#11628 = DIRECTION('',(-0.,1.,0.));
#11629 = DIRECTION('',(0.,0.,1.));
#11630 = ADVANCED_FACE('',(#11631),#11647,.T.);
#11631 = FACE_BOUND('',#11632,.T.);
#11632 = EDGE_LOOP('',(#11633,#11639,#11640,#11646));
#11633 = ORIENTED_EDGE('',*,*,#11634,.F.);
#11634 = EDGE_CURVE('',#11543,#11583,#11635,.T.);
#11635 = LINE('',#11636,#11637);
#11636 = CARTESIAN_POINT('',(49.363333333333,94.6,144.60187183333));
#11637 = VECTOR('',#11638,1.);
#11638 = DIRECTION('',(1.,0.,-0.));
#11639 = ORIENTED_EDGE('',*,*,#11550,.T.);
#11640 = ORIENTED_EDGE('',*,*,#11641,.T.);
#11641 = EDGE_CURVE('',#11551,#11591,#11642,.T.);
#11642 = LINE('',#11643,#11644);
#11643 = CARTESIAN_POINT('',(49.363333333333,94.6,238.60187183333));
#11644 = VECTOR('',#11645,1.);
#11645 = DIRECTION('',(1.,0.,-0.));
#11646 = ORIENTED_EDGE('',*,*,#11590,.F.);
#11647 = PLANE('',#11648);
#11648 = AXIS2_PLACEMENT_3D('',#11649,#11650,#11651);
#11649 = CARTESIAN_POINT('',(49.363333333333,94.6,144.60187183333));
#11650 = DIRECTION('',(-0.,1.,0.));
#11651 = DIRECTION('',(0.,0.,1.));
#11652 = ADVANCED_FACE('',(#11653),#11659,.F.);
#11653 = FACE_BOUND('',#11654,.F.);
#11654 = EDGE_LOOP('',(#11655,#11656,#11657,#11658));
#11655 = ORIENTED_EDGE('',*,*,#11542,.F.);
#11656 = ORIENTED_EDGE('',*,*,#11612,.T.);
#11657 = ORIENTED_EDGE('',*,*,#11582,.T.);
#11658 = ORIENTED_EDGE('',*,*,#11634,.F.);
#11659 = PLANE('',#11660);
#11660 = AXIS2_PLACEMENT_3D('',#11661,#11662,#11663);
#11661 = CARTESIAN_POINT('',(49.363333333333,82.6,144.60187183333));
#11662 = DIRECTION('',(0.,0.,1.));
#11663 = DIRECTION('',(1.,0.,-0.));
#11664 = ADVANCED_FACE('',(#11665),#11671,.T.);
#11665 = FACE_BOUND('',#11666,.T.);
#11666 = EDGE_LOOP('',(#11667,#11668,#11669,#11670));
#11667 = ORIENTED_EDGE('',*,*,#11558,.F.);
#11668 = ORIENTED_EDGE('',*,*,#11619,.T.);
#11669 = ORIENTED_EDGE('',*,*,#11598,.T.);
#11670 = ORIENTED_EDGE('',*,*,#11641,.F.);
#11671 = PLANE('',#11672);
#11672 = AXIS2_PLACEMENT_3D('',#11673,#11674,#11675);
#11673 = CARTESIAN_POINT('',(49.363333333333,82.6,238.60187183333));
#11674 = DIRECTION('',(0.,0.,1.));
#11675 = DIRECTION('',(1.,0.,-0.));
#11676 = ( GEOMETRIC_REPRESENTATION_CONTEXT(3) 
GLOBAL_UNCERTAINTY_ASSIGNED_CONTEXT((#11680)) 
GLOBAL_UNIT_ASSIGNED_CONTEXT((#11677,#11678,#11679)) 
REPRESENTATION_CONTEXT('Context #1',
  '3D Context with UNIT and UNCERTAINTY') );
#11677 = ( LENGTH_UNIT() NAMED_UNIT(*) SI_UNIT(.MILLI.,.METRE.) );
#11678 = ( NAMED_UNIT(*) PLANE_ANGLE_UNIT() SI_UNIT($,.RADIAN.) );
#11679 = ( NAMED_UNIT(*) SI_UNIT($,.STERADIAN.) SOLID_ANGLE_UNIT() );
#11680 = UNCERTAINTY_MEASURE_WITH_UNIT(LENGTH_MEASURE(1.E-07),#11677,
  'distance_accuracy_value','confusion accuracy');
#11681 = CONTEXT_DEPENDENT_SHAPE_REPRESENTATION(#11682,#11684);
#11682 = ( REPRESENTATION_RELATIONSHIP('','',#11525,#10) 
REPRESENTATION_RELATIONSHIP_WITH_TRANSFORMATION(#11683) 
SHAPE_REPRESENTATION_RELATIONSHIP() );
#11683 = ITEM_DEFINED_TRANSFORMATION('','',#11,#175);
#11684 = PRODUCT_DEFINITION_SHAPE('Placement','Placement of an item',
  #11685);
#11685 = NEXT_ASSEMBLY_USAGE_OCCURRENCE('96','Synth component envelope',
  '',#5,#11520,$);
#11686 = PRODUCT_RELATED_PRODUCT_CATEGORY('part',$,(#11522));
#11687 = SHAPE_DEFINITION_REPRESENTATION(#11688,#11694);
#11688 = PRODUCT_DEFINITION_SHAPE('','',#11689);
#11689 = PRODUCT_DEFINITION('design','',#11690,#11693);
#11690 = PRODUCT_DEFINITION_FORMATION('','',#11691);
#11691 = PRODUCT('Power Board (280x300, vertical)',
  'Power Board (280x300, vertical)','',(#11692));
#11692 = PRODUCT_CONTEXT('',#2,'mechanical');
#11693 = PRODUCT_DEFINITION_CONTEXT('part definition',#2,'design');
#11694 = ADVANCED_BREP_SHAPE_REPRESENTATION('',(#11,#11695),#11845);
#11695 = MANIFOLD_SOLID_BREP('',#11696);
#11696 = CLOSED_SHELL('',(#11697,#11737,#11777,#11799,#11821,#11833));
#11697 = ADVANCED_FACE('',(#11698),#11732,.F.);
#11698 = FACE_BOUND('',#11699,.F.);
#11699 = EDGE_LOOP('',(#11700,#11710,#11718,#11726));
#11700 = ORIENTED_EDGE('',*,*,#11701,.F.);
#11701 = EDGE_CURVE('',#11702,#11704,#11706,.T.);
#11702 = VERTEX_POINT('',#11703);
#11703 = CARTESIAN_POINT('',(15.,106.,5.));
#11704 = VERTEX_POINT('',#11705);
#11705 = CARTESIAN_POINT('',(15.,106.,305.));
#11706 = LINE('',#11707,#11708);
#11707 = CARTESIAN_POINT('',(15.,106.,5.));
#11708 = VECTOR('',#11709,1.);
#11709 = DIRECTION('',(0.,0.,1.));
#11710 = ORIENTED_EDGE('',*,*,#11711,.T.);
#11711 = EDGE_CURVE('',#11702,#11712,#11714,.T.);
#11712 = VERTEX_POINT('',#11713);
#11713 = CARTESIAN_POINT('',(15.,107.6,5.));
#11714 = LINE('',#11715,#11716);
#11715 = CARTESIAN_POINT('',(15.,106.,5.));
#11716 = VECTOR('',#11717,1.);
#11717 = DIRECTION('',(-0.,1.,0.));
#11718 = ORIENTED_EDGE('',*,*,#11719,.T.);
#11719 = EDGE_CURVE('',#11712,#11720,#11722,.T.);
#11720 = VERTEX_POINT('',#11721);
#11721 = CARTESIAN_POINT('',(15.,107.6,305.));
#11722 = LINE('',#11723,#11724);
#11723 = CARTESIAN_POINT('',(15.,107.6,5.));
#11724 = VECTOR('',#11725,1.);
#11725 = DIRECTION('',(0.,0.,1.));
#11726 = ORIENTED_EDGE('',*,*,#11727,.F.);
#11727 = EDGE_CURVE('',#11704,#11720,#11728,.T.);
#11728 = LINE('',#11729,#11730);
#11729 = CARTESIAN_POINT('',(15.,106.,305.));
#11730 = VECTOR('',#11731,1.);
#11731 = DIRECTION('',(-0.,1.,0.));
#11732 = PLANE('',#11733);
#11733 = AXIS2_PLACEMENT_3D('',#11734,#11735,#11736);
#11734 = CARTESIAN_POINT('',(15.,106.,5.));
#11735 = DIRECTION('',(1.,0.,-0.));
#11736 = DIRECTION('',(0.,0.,1.));
#11737 = ADVANCED_FACE('',(#11738),#11772,.T.);
#11738 = FACE_BOUND('',#11739,.T.);
#11739 = EDGE_LOOP('',(#11740,#11750,#11758,#11766));
#11740 = ORIENTED_EDGE('',*,*,#11741,.F.);
#11741 = EDGE_CURVE('',#11742,#11744,#11746,.T.);
#11742 = VERTEX_POINT('',#11743);
#11743 = CARTESIAN_POINT('',(295.,106.,5.));
#11744 = VERTEX_POINT('',#11745);
#11745 = CARTESIAN_POINT('',(295.,106.,305.));
#11746 = LINE('',#11747,#11748);
#11747 = CARTESIAN_POINT('',(295.,106.,5.));
#11748 = VECTOR('',#11749,1.);
#11749 = DIRECTION('',(0.,0.,1.));
#11750 = ORIENTED_EDGE('',*,*,#11751,.T.);
#11751 = EDGE_CURVE('',#11742,#11752,#11754,.T.);
#11752 = VERTEX_POINT('',#11753);
#11753 = CARTESIAN_POINT('',(295.,107.6,5.));
#11754 = LINE('',#11755,#11756);
#11755 = CARTESIAN_POINT('',(295.,106.,5.));
#11756 = VECTOR('',#11757,1.);
#11757 = DIRECTION('',(-0.,1.,0.));
#11758 = ORIENTED_EDGE('',*,*,#11759,.T.);
#11759 = EDGE_CURVE('',#11752,#11760,#11762,.T.);
#11760 = VERTEX_POINT('',#11761);
#11761 = CARTESIAN_POINT('',(295.,107.6,305.));
#11762 = LINE('',#11763,#11764);
#11763 = CARTESIAN_POINT('',(295.,107.6,5.));
#11764 = VECTOR('',#11765,1.);
#11765 = DIRECTION('',(0.,0.,1.));
#11766 = ORIENTED_EDGE('',*,*,#11767,.F.);
#11767 = EDGE_CURVE('',#11744,#11760,#11768,.T.);
#11768 = LINE('',#11769,#11770);
#11769 = CARTESIAN_POINT('',(295.,106.,305.));
#11770 = VECTOR('',#11771,1.);
#11771 = DIRECTION('',(-0.,1.,0.));
#11772 = PLANE('',#11773);
#11773 = AXIS2_PLACEMENT_3D('',#11774,#11775,#11776);
#11774 = CARTESIAN_POINT('',(295.,106.,5.));
#11775 = DIRECTION('',(1.,0.,-0.));
#11776 = DIRECTION('',(0.,0.,1.));
#11777 = ADVANCED_FACE('',(#11778),#11794,.F.);
#11778 = FACE_BOUND('',#11779,.F.);
#11779 = EDGE_LOOP('',(#11780,#11786,#11787,#11793));
#11780 = ORIENTED_EDGE('',*,*,#11781,.F.);
#11781 = EDGE_CURVE('',#11702,#11742,#11782,.T.);
#11782 = LINE('',#11783,#11784);
#11783 = CARTESIAN_POINT('',(15.,106.,5.));
#11784 = VECTOR('',#11785,1.);
#11785 = DIRECTION('',(1.,0.,-0.));
#11786 = ORIENTED_EDGE('',*,*,#11701,.T.);
#11787 = ORIENTED_EDGE('',*,*,#11788,.T.);
#11788 = EDGE_CURVE('',#11704,#11744,#11789,.T.);
#11789 = LINE('',#11790,#11791);
#11790 = CARTESIAN_POINT('',(15.,106.,305.));
#11791 = VECTOR('',#11792,1.);
#11792 = DIRECTION('',(1.,0.,-0.));
#11793 = ORIENTED_EDGE('',*,*,#11741,.F.);
#11794 = PLANE('',#11795);
#11795 = AXIS2_PLACEMENT_3D('',#11796,#11797,#11798);
#11796 = CARTESIAN_POINT('',(15.,106.,5.));
#11797 = DIRECTION('',(-0.,1.,0.));
#11798 = DIRECTION('',(0.,0.,1.));
#11799 = ADVANCED_FACE('',(#11800),#11816,.T.);
#11800 = FACE_BOUND('',#11801,.T.);
#11801 = EDGE_LOOP('',(#11802,#11808,#11809,#11815));
#11802 = ORIENTED_EDGE('',*,*,#11803,.F.);
#11803 = EDGE_CURVE('',#11712,#11752,#11804,.T.);
#11804 = LINE('',#11805,#11806);
#11805 = CARTESIAN_POINT('',(15.,107.6,5.));
#11806 = VECTOR('',#11807,1.);
#11807 = DIRECTION('',(1.,0.,-0.));
#11808 = ORIENTED_EDGE('',*,*,#11719,.T.);
#11809 = ORIENTED_EDGE('',*,*,#11810,.T.);
#11810 = EDGE_CURVE('',#11720,#11760,#11811,.T.);
#11811 = LINE('',#11812,#11813);
#11812 = CARTESIAN_POINT('',(15.,107.6,305.));
#11813 = VECTOR('',#11814,1.);
#11814 = DIRECTION('',(1.,0.,-0.));
#11815 = ORIENTED_EDGE('',*,*,#11759,.F.);
#11816 = PLANE('',#11817);
#11817 = AXIS2_PLACEMENT_3D('',#11818,#11819,#11820);
#11818 = CARTESIAN_POINT('',(15.,107.6,5.));
#11819 = DIRECTION('',(-0.,1.,0.));
#11820 = DIRECTION('',(0.,0.,1.));
#11821 = ADVANCED_FACE('',(#11822),#11828,.F.);
#11822 = FACE_BOUND('',#11823,.F.);
#11823 = EDGE_LOOP('',(#11824,#11825,#11826,#11827));
#11824 = ORIENTED_EDGE('',*,*,#11711,.F.);
#11825 = ORIENTED_EDGE('',*,*,#11781,.T.);
#11826 = ORIENTED_EDGE('',*,*,#11751,.T.);
#11827 = ORIENTED_EDGE('',*,*,#11803,.F.);
#11828 = PLANE('',#11829);
#11829 = AXIS2_PLACEMENT_3D('',#11830,#11831,#11832);
#11830 = CARTESIAN_POINT('',(15.,106.,5.));
#11831 = DIRECTION('',(0.,0.,1.));
#11832 = DIRECTION('',(1.,0.,-0.));
#11833 = ADVANCED_FACE('',(#11834),#11840,.T.);
#11834 = FACE_BOUND('',#11835,.T.);
#11835 = EDGE_LOOP('',(#11836,#11837,#11838,#11839));
#11836 = ORIENTED_EDGE('',*,*,#11727,.F.);
#11837 = ORIENTED_EDGE('',*,*,#11788,.T.);
#11838 = ORIENTED_EDGE('',*,*,#11767,.T.);
#11839 = ORIENTED_EDGE('',*,*,#11810,.F.);
#11840 = PLANE('',#11841);
#11841 = AXIS2_PLACEMENT_3D('',#11842,#11843,#11844);
#11842 = CARTESIAN_POINT('',(15.,106.,305.));
#11843 = DIRECTION('',(0.,0.,1.));
#11844 = DIRECTION('',(1.,0.,-0.));
#11845 = ( GEOMETRIC_REPRESENTATION_CONTEXT(3) 
GLOBAL_UNCERTAINTY_ASSIGNED_CONTEXT((#11849)) 
GLOBAL_UNIT_ASSIGNED_CONTEXT((#11846,#11847,#11848)) 
REPRESENTATION_CONTEXT('Context #1',
  '3D Context with UNIT and UNCERTAINTY') );
#11846 = ( LENGTH_UNIT() NAMED_UNIT(*) SI_UNIT(.MILLI.,.METRE.) );
#11847 = ( NAMED_UNIT(*) PLANE_ANGLE_UNIT() SI_UNIT($,.RADIAN.) );
#11848 = ( NAMED_UNIT(*) SI_UNIT($,.STERADIAN.) SOLID_ANGLE_UNIT() );
#11849 = UNCERTAINTY_MEASURE_WITH_UNIT(LENGTH_MEASURE(1.E-07),#11846,
  'distance_accuracy_value','confusion accuracy');
#11850 = CONTEXT_DEPENDENT_SHAPE_REPRESENTATION(#11851,#11853);
#11851 = ( REPRESENTATION_RELATIONSHIP('','',#11694,#10) 
REPRESENTATION_RELATIONSHIP_WITH_TRANSFORMATION(#11852) 
SHAPE_REPRESENTATION_RELATIONSHIP() );
#11852 = ITEM_DEFINED_TRANSFORMATION('','',#11,#179);
#11853 = PRODUCT_DEFINITION_SHAPE('Placement','Placement of an item',
  #11854);
#11854 = NEXT_ASSEMBLY_USAGE_OCCURRENCE('97',
  'Power Board (280x300, vertical)','',#5,#11689,$);
#11855 = PRODUCT_RELATED_PRODUCT_CATEGORY('part',$,(#11691));
#11856 = SHAPE_DEFINITION_REPRESENTATION(#11857,#11863);
#11857 = PRODUCT_DEFINITION_SHAPE('','',#11858);
#11858 = PRODUCT_DEFINITION('design','',#11859,#11862);
#11859 = PRODUCT_DEFINITION_FORMATION('','',#11860);
#11860 = PRODUCT('Power Board component envelope (15 mm, ASSUMED)',
  'Power Board component envelope (15 mm, ASSUMED)','',(#11861));
#11861 = PRODUCT_CONTEXT('',#2,'mechanical');
#11862 = PRODUCT_DEFINITION_CONTEXT('part definition',#2,'design');
#11863 = ADVANCED_BREP_SHAPE_REPRESENTATION('',(#11,#11864),#12014);
#11864 = MANIFOLD_SOLID_BREP('',#11865);
#11865 = CLOSED_SHELL('',(#11866,#11906,#11946,#11968,#11990,#12002));
#11866 = ADVANCED_FACE('',(#11867),#11901,.F.);
#11867 = FACE_BOUND('',#11868,.F.);
#11868 = EDGE_LOOP('',(#11869,#11879,#11887,#11895));
#11869 = ORIENTED_EDGE('',*,*,#11870,.F.);
#11870 = EDGE_CURVE('',#11871,#11873,#11875,.T.);
#11871 = VERTEX_POINT('',#11872);
#11872 = CARTESIAN_POINT('',(20.,107.6,10.));
#11873 = VERTEX_POINT('',#11874);
#11874 = CARTESIAN_POINT('',(20.,107.6,300.));
#11875 = LINE('',#11876,#11877);
#11876 = CARTESIAN_POINT('',(20.,107.6,10.));
#11877 = VECTOR('',#11878,1.);
#11878 = DIRECTION('',(0.,0.,1.));
#11879 = ORIENTED_EDGE('',*,*,#11880,.T.);
#11880 = EDGE_CURVE('',#11871,#11881,#11883,.T.);
#11881 = VERTEX_POINT('',#11882);
#11882 = CARTESIAN_POINT('',(20.,122.6,10.));
#11883 = LINE('',#11884,#11885);
#11884 = CARTESIAN_POINT('',(20.,107.6,10.));
#11885 = VECTOR('',#11886,1.);
#11886 = DIRECTION('',(-0.,1.,0.));
#11887 = ORIENTED_EDGE('',*,*,#11888,.T.);
#11888 = EDGE_CURVE('',#11881,#11889,#11891,.T.);
#11889 = VERTEX_POINT('',#11890);
#11890 = CARTESIAN_POINT('',(20.,122.6,300.));
#11891 = LINE('',#11892,#11893);
#11892 = CARTESIAN_POINT('',(20.,122.6,10.));
#11893 = VECTOR('',#11894,1.);
#11894 = DIRECTION('',(0.,0.,1.));
#11895 = ORIENTED_EDGE('',*,*,#11896,.F.);
#11896 = EDGE_CURVE('',#11873,#11889,#11897,.T.);
#11897 = LINE('',#11898,#11899);
#11898 = CARTESIAN_POINT('',(20.,107.6,300.));
#11899 = VECTOR('',#11900,1.);
#11900 = DIRECTION('',(-0.,1.,0.));
#11901 = PLANE('',#11902);
#11902 = AXIS2_PLACEMENT_3D('',#11903,#11904,#11905);
#11903 = CARTESIAN_POINT('',(20.,107.6,10.));
#11904 = DIRECTION('',(1.,0.,-0.));
#11905 = DIRECTION('',(0.,0.,1.));
#11906 = ADVANCED_FACE('',(#11907),#11941,.T.);
#11907 = FACE_BOUND('',#11908,.T.);
#11908 = EDGE_LOOP('',(#11909,#11919,#11927,#11935));
#11909 = ORIENTED_EDGE('',*,*,#11910,.F.);
#11910 = EDGE_CURVE('',#11911,#11913,#11915,.T.);
#11911 = VERTEX_POINT('',#11912);
#11912 = CARTESIAN_POINT('',(290.,107.6,10.));
#11913 = VERTEX_POINT('',#11914);
#11914 = CARTESIAN_POINT('',(290.,107.6,300.));
#11915 = LINE('',#11916,#11917);
#11916 = CARTESIAN_POINT('',(290.,107.6,10.));
#11917 = VECTOR('',#11918,1.);
#11918 = DIRECTION('',(0.,0.,1.));
#11919 = ORIENTED_EDGE('',*,*,#11920,.T.);
#11920 = EDGE_CURVE('',#11911,#11921,#11923,.T.);
#11921 = VERTEX_POINT('',#11922);
#11922 = CARTESIAN_POINT('',(290.,122.6,10.));
#11923 = LINE('',#11924,#11925);
#11924 = CARTESIAN_POINT('',(290.,107.6,10.));
#11925 = VECTOR('',#11926,1.);
#11926 = DIRECTION('',(-0.,1.,0.));
#11927 = ORIENTED_EDGE('',*,*,#11928,.T.);
#11928 = EDGE_CURVE('',#11921,#11929,#11931,.T.);
#11929 = VERTEX_POINT('',#11930);
#11930 = CARTESIAN_POINT('',(290.,122.6,300.));
#11931 = LINE('',#11932,#11933);
#11932 = CARTESIAN_POINT('',(290.,122.6,10.));
#11933 = VECTOR('',#11934,1.);
#11934 = DIRECTION('',(0.,0.,1.));
#11935 = ORIENTED_EDGE('',*,*,#11936,.F.);
#11936 = EDGE_CURVE('',#11913,#11929,#11937,.T.);
#11937 = LINE('',#11938,#11939);
#11938 = CARTESIAN_POINT('',(290.,107.6,300.));
#11939 = VECTOR('',#11940,1.);
#11940 = DIRECTION('',(-0.,1.,0.));
#11941 = PLANE('',#11942);
#11942 = AXIS2_PLACEMENT_3D('',#11943,#11944,#11945);
#11943 = CARTESIAN_POINT('',(290.,107.6,10.));
#11944 = DIRECTION('',(1.,0.,-0.));
#11945 = DIRECTION('',(0.,0.,1.));
#11946 = ADVANCED_FACE('',(#11947),#11963,.F.);
#11947 = FACE_BOUND('',#11948,.F.);
#11948 = EDGE_LOOP('',(#11949,#11955,#11956,#11962));
#11949 = ORIENTED_EDGE('',*,*,#11950,.F.);
#11950 = EDGE_CURVE('',#11871,#11911,#11951,.T.);
#11951 = LINE('',#11952,#11953);
#11952 = CARTESIAN_POINT('',(20.,107.6,10.));
#11953 = VECTOR('',#11954,1.);
#11954 = DIRECTION('',(1.,0.,-0.));
#11955 = ORIENTED_EDGE('',*,*,#11870,.T.);
#11956 = ORIENTED_EDGE('',*,*,#11957,.T.);
#11957 = EDGE_CURVE('',#11873,#11913,#11958,.T.);
#11958 = LINE('',#11959,#11960);
#11959 = CARTESIAN_POINT('',(20.,107.6,300.));
#11960 = VECTOR('',#11961,1.);
#11961 = DIRECTION('',(1.,0.,-0.));
#11962 = ORIENTED_EDGE('',*,*,#11910,.F.);
#11963 = PLANE('',#11964);
#11964 = AXIS2_PLACEMENT_3D('',#11965,#11966,#11967);
#11965 = CARTESIAN_POINT('',(20.,107.6,10.));
#11966 = DIRECTION('',(-0.,1.,0.));
#11967 = DIRECTION('',(0.,0.,1.));
#11968 = ADVANCED_FACE('',(#11969),#11985,.T.);
#11969 = FACE_BOUND('',#11970,.T.);
#11970 = EDGE_LOOP('',(#11971,#11977,#11978,#11984));
#11971 = ORIENTED_EDGE('',*,*,#11972,.F.);
#11972 = EDGE_CURVE('',#11881,#11921,#11973,.T.);
#11973 = LINE('',#11974,#11975);
#11974 = CARTESIAN_POINT('',(20.,122.6,10.));
#11975 = VECTOR('',#11976,1.);
#11976 = DIRECTION('',(1.,0.,-0.));
#11977 = ORIENTED_EDGE('',*,*,#11888,.T.);
#11978 = ORIENTED_EDGE('',*,*,#11979,.T.);
#11979 = EDGE_CURVE('',#11889,#11929,#11980,.T.);
#11980 = LINE('',#11981,#11982);
#11981 = CARTESIAN_POINT('',(20.,122.6,300.));
#11982 = VECTOR('',#11983,1.);
#11983 = DIRECTION('',(1.,0.,-0.));
#11984 = ORIENTED_EDGE('',*,*,#11928,.F.);
#11985 = PLANE('',#11986);
#11986 = AXIS2_PLACEMENT_3D('',#11987,#11988,#11989);
#11987 = CARTESIAN_POINT('',(20.,122.6,10.));
#11988 = DIRECTION('',(-0.,1.,0.));
#11989 = DIRECTION('',(0.,0.,1.));
#11990 = ADVANCED_FACE('',(#11991),#11997,.F.);
#11991 = FACE_BOUND('',#11992,.F.);
#11992 = EDGE_LOOP('',(#11993,#11994,#11995,#11996));
#11993 = ORIENTED_EDGE('',*,*,#11880,.F.);
#11994 = ORIENTED_EDGE('',*,*,#11950,.T.);
#11995 = ORIENTED_EDGE('',*,*,#11920,.T.);
#11996 = ORIENTED_EDGE('',*,*,#11972,.F.);
#11997 = PLANE('',#11998);
#11998 = AXIS2_PLACEMENT_3D('',#11999,#12000,#12001);
#11999 = CARTESIAN_POINT('',(20.,107.6,10.));
#12000 = DIRECTION('',(0.,0.,1.));
#12001 = DIRECTION('',(1.,0.,-0.));
#12002 = ADVANCED_FACE('',(#12003),#12009,.T.);
#12003 = FACE_BOUND('',#12004,.T.);
#12004 = EDGE_LOOP('',(#12005,#12006,#12007,#12008));
#12005 = ORIENTED_EDGE('',*,*,#11896,.F.);
#12006 = ORIENTED_EDGE('',*,*,#11957,.T.);
#12007 = ORIENTED_EDGE('',*,*,#11936,.T.);
#12008 = ORIENTED_EDGE('',*,*,#11979,.F.);
#12009 = PLANE('',#12010);
#12010 = AXIS2_PLACEMENT_3D('',#12011,#12012,#12013);
#12011 = CARTESIAN_POINT('',(20.,107.6,300.));
#12012 = DIRECTION('',(0.,0.,1.));
#12013 = DIRECTION('',(1.,0.,-0.));
#12014 = ( GEOMETRIC_REPRESENTATION_CONTEXT(3) 
GLOBAL_UNCERTAINTY_ASSIGNED_CONTEXT((#12018)) 
GLOBAL_UNIT_ASSIGNED_CONTEXT((#12015,#12016,#12017)) 
REPRESENTATION_CONTEXT('Context #1',
  '3D Context with UNIT and UNCERTAINTY') );
#12015 = ( LENGTH_UNIT() NAMED_UNIT(*) SI_UNIT(.MILLI.,.METRE.) );
#12016 = ( NAMED_UNIT(*) PLANE_ANGLE_UNIT() SI_UNIT($,.RADIAN.) );
#12017 = ( NAMED_UNIT(*) SI_UNIT($,.STERADIAN.) SOLID_ANGLE_UNIT() );
#12018 = UNCERTAINTY_MEASURE_WITH_UNIT(LENGTH_MEASURE(1.E-07),#12015,
  'distance_accuracy_value','confusion accuracy');
#12019 = CONTEXT_DEPENDENT_SHAPE_REPRESENTATION(#12020,#12022);
#12020 = ( REPRESENTATION_RELATIONSHIP('','',#11863,#10) 
REPRESENTATION_RELATIONSHIP_WITH_TRANSFORMATION(#12021) 
SHAPE_REPRESENTATION_RELATIONSHIP() );
#12021 = ITEM_DEFINED_TRANSFORMATION('','',#11,#183);
#12022 = PRODUCT_DEFINITION_SHAPE('Placement','Placement of an item',
  #12023);
#12023 = NEXT_ASSEMBLY_USAGE_OCCURRENCE('98',
  'Power Board component envelope (15 mm, ASSUMED)','',#5,#11858,$);
#12024 = PRODUCT_RELATED_PRODUCT_CATEGORY('part',$,(#11860));
#12025 = SHAPE_DEFINITION_REPRESENTATION(#12026,#12032);
#12026 = PRODUCT_DEFINITION_SHAPE('','',#12027);
#12027 = PRODUCT_DEFINITION('design','',#12028,#12031);
#12028 = PRODUCT_DEFINITION_FORMATION('','',#12029);
#12029 = PRODUCT('Fan 60x60x15 (duct intake)',
  'Fan 60x60x15 (duct intake)','',(#12030));
#12030 = PRODUCT_CONTEXT('',#2,'mechanical');
#12031 = PRODUCT_DEFINITION_CONTEXT('part definition',#2,'design');
#12032 = ADVANCED_BREP_SHAPE_REPRESENTATION('',(#11,#12033),#12183);
#12033 = MANIFOLD_SOLID_BREP('',#12034);
#12034 = CLOSED_SHELL('',(#12035,#12075,#12115,#12137,#12159,#12171));
#12035 = ADVANCED_FACE('',(#12036),#12070,.F.);
#12036 = FACE_BOUND('',#12037,.F.);
#12037 = EDGE_LOOP('',(#12038,#12048,#12056,#12064));
#12038 = ORIENTED_EDGE('',*,*,#12039,.F.);
#12039 = EDGE_CURVE('',#12040,#12042,#12044,.T.);
#12040 = VERTEX_POINT('',#12041);
#12041 = CARTESIAN_POINT('',(3.,19.,0.));
#12042 = VERTEX_POINT('',#12043);
#12043 = CARTESIAN_POINT('',(3.,19.,15.));
#12044 = LINE('',#12045,#12046);
#12045 = CARTESIAN_POINT('',(3.,19.,0.));
#12046 = VECTOR('',#12047,1.);
#12047 = DIRECTION('',(0.,0.,1.));
#12048 = ORIENTED_EDGE('',*,*,#12049,.T.);
#12049 = EDGE_CURVE('',#12040,#12050,#12052,.T.);
#12050 = VERTEX_POINT('',#12051);
#12051 = CARTESIAN_POINT('',(3.,48.,0.));
#12052 = LINE('',#12053,#12054);
#12053 = CARTESIAN_POINT('',(3.,19.,0.));
#12054 = VECTOR('',#12055,1.);
#12055 = DIRECTION('',(-0.,1.,0.));
#12056 = ORIENTED_EDGE('',*,*,#12057,.T.);
#12057 = EDGE_CURVE('',#12050,#12058,#12060,.T.);
#12058 = VERTEX_POINT('',#12059);
#12059 = CARTESIAN_POINT('',(3.,48.,15.));
#12060 = LINE('',#12061,#12062);
#12061 = CARTESIAN_POINT('',(3.,48.,0.));
#12062 = VECTOR('',#12063,1.);
#12063 = DIRECTION('',(0.,0.,1.));
#12064 = ORIENTED_EDGE('',*,*,#12065,.F.);
#12065 = EDGE_CURVE('',#12042,#12058,#12066,.T.);
#12066 = LINE('',#12067,#12068);
#12067 = CARTESIAN_POINT('',(3.,19.,15.));
#12068 = VECTOR('',#12069,1.);
#12069 = DIRECTION('',(-0.,1.,0.));
#12070 = PLANE('',#12071);
#12071 = AXIS2_PLACEMENT_3D('',#12072,#12073,#12074);
#12072 = CARTESIAN_POINT('',(3.,19.,0.));
#12073 = DIRECTION('',(1.,0.,-0.));
#12074 = DIRECTION('',(0.,0.,1.));
#12075 = ADVANCED_FACE('',(#12076),#12110,.T.);
#12076 = FACE_BOUND('',#12077,.T.);
#12077 = EDGE_LOOP('',(#12078,#12088,#12096,#12104));
#12078 = ORIENTED_EDGE('',*,*,#12079,.F.);
#12079 = EDGE_CURVE('',#12080,#12082,#12084,.T.);
#12080 = VERTEX_POINT('',#12081);
#12081 = CARTESIAN_POINT('',(62.,19.,0.));
#12082 = VERTEX_POINT('',#12083);
#12083 = CARTESIAN_POINT('',(62.,19.,15.));
#12084 = LINE('',#12085,#12086);
#12085 = CARTESIAN_POINT('',(62.,19.,0.));
#12086 = VECTOR('',#12087,1.);
#12087 = DIRECTION('',(0.,0.,1.));
#12088 = ORIENTED_EDGE('',*,*,#12089,.T.);
#12089 = EDGE_CURVE('',#12080,#12090,#12092,.T.);
#12090 = VERTEX_POINT('',#12091);
#12091 = CARTESIAN_POINT('',(62.,48.,0.));
#12092 = LINE('',#12093,#12094);
#12093 = CARTESIAN_POINT('',(62.,19.,0.));
#12094 = VECTOR('',#12095,1.);
#12095 = DIRECTION('',(-0.,1.,0.));
#12096 = ORIENTED_EDGE('',*,*,#12097,.T.);
#12097 = EDGE_CURVE('',#12090,#12098,#12100,.T.);
#12098 = VERTEX_POINT('',#12099);
#12099 = CARTESIAN_POINT('',(62.,48.,15.));
#12100 = LINE('',#12101,#12102);
#12101 = CARTESIAN_POINT('',(62.,48.,0.));
#12102 = VECTOR('',#12103,1.);
#12103 = DIRECTION('',(0.,0.,1.));
#12104 = ORIENTED_EDGE('',*,*,#12105,.F.);
#12105 = EDGE_CURVE('',#12082,#12098,#12106,.T.);
#12106 = LINE('',#12107,#12108);
#12107 = CARTESIAN_POINT('',(62.,19.,15.));
#12108 = VECTOR('',#12109,1.);
#12109 = DIRECTION('',(-0.,1.,0.));
#12110 = PLANE('',#12111);
#12111 = AXIS2_PLACEMENT_3D('',#12112,#12113,#12114);
#12112 = CARTESIAN_POINT('',(62.,19.,0.));
#12113 = DIRECTION('',(1.,0.,-0.));
#12114 = DIRECTION('',(0.,0.,1.));
#12115 = ADVANCED_FACE('',(#12116),#12132,.F.);
#12116 = FACE_BOUND('',#12117,.F.);
#12117 = EDGE_LOOP('',(#12118,#12124,#12125,#12131));
#12118 = ORIENTED_EDGE('',*,*,#12119,.F.);
#12119 = EDGE_CURVE('',#12040,#12080,#12120,.T.);
#12120 = LINE('',#12121,#12122);
#12121 = CARTESIAN_POINT('',(3.,19.,0.));
#12122 = VECTOR('',#12123,1.);
#12123 = DIRECTION('',(1.,0.,-0.));
#12124 = ORIENTED_EDGE('',*,*,#12039,.T.);
#12125 = ORIENTED_EDGE('',*,*,#12126,.T.);
#12126 = EDGE_CURVE('',#12042,#12082,#12127,.T.);
#12127 = LINE('',#12128,#12129);
#12128 = CARTESIAN_POINT('',(3.,19.,15.));
#12129 = VECTOR('',#12130,1.);
#12130 = DIRECTION('',(1.,0.,-0.));
#12131 = ORIENTED_EDGE('',*,*,#12079,.F.);
#12132 = PLANE('',#12133);
#12133 = AXIS2_PLACEMENT_3D('',#12134,#12135,#12136);
#12134 = CARTESIAN_POINT('',(3.,19.,0.));
#12135 = DIRECTION('',(-0.,1.,0.));
#12136 = DIRECTION('',(0.,0.,1.));
#12137 = ADVANCED_FACE('',(#12138),#12154,.T.);
#12138 = FACE_BOUND('',#12139,.T.);
#12139 = EDGE_LOOP('',(#12140,#12146,#12147,#12153));
#12140 = ORIENTED_EDGE('',*,*,#12141,.F.);
#12141 = EDGE_CURVE('',#12050,#12090,#12142,.T.);
#12142 = LINE('',#12143,#12144);
#12143 = CARTESIAN_POINT('',(3.,48.,0.));
#12144 = VECTOR('',#12145,1.);
#12145 = DIRECTION('',(1.,0.,-0.));
#12146 = ORIENTED_EDGE('',*,*,#12057,.T.);
#12147 = ORIENTED_EDGE('',*,*,#12148,.T.);
#12148 = EDGE_CURVE('',#12058,#12098,#12149,.T.);
#12149 = LINE('',#12150,#12151);
#12150 = CARTESIAN_POINT('',(3.,48.,15.));
#12151 = VECTOR('',#12152,1.);
#12152 = DIRECTION('',(1.,0.,-0.));
#12153 = ORIENTED_EDGE('',*,*,#12097,.F.);
#12154 = PLANE('',#12155);
#12155 = AXIS2_PLACEMENT_3D('',#12156,#12157,#12158);
#12156 = CARTESIAN_POINT('',(3.,48.,0.));
#12157 = DIRECTION('',(-0.,1.,0.));
#12158 = DIRECTION('',(0.,0.,1.));
#12159 = ADVANCED_FACE('',(#12160),#12166,.F.);
#12160 = FACE_BOUND('',#12161,.F.);
#12161 = EDGE_LOOP('',(#12162,#12163,#12164,#12165));
#12162 = ORIENTED_EDGE('',*,*,#12049,.F.);
#12163 = ORIENTED_EDGE('',*,*,#12119,.T.);
#12164 = ORIENTED_EDGE('',*,*,#12089,.T.);
#12165 = ORIENTED_EDGE('',*,*,#12141,.F.);
#12166 = PLANE('',#12167);
#12167 = AXIS2_PLACEMENT_3D('',#12168,#12169,#12170);
#12168 = CARTESIAN_POINT('',(3.,19.,0.));
#12169 = DIRECTION('',(0.,0.,1.));
#12170 = DIRECTION('',(1.,0.,-0.));
#12171 = ADVANCED_FACE('',(#12172),#12178,.T.);
#12172 = FACE_BOUND('',#12173,.T.);
#12173 = EDGE_LOOP('',(#12174,#12175,#12176,#12177));
#12174 = ORIENTED_EDGE('',*,*,#12065,.F.);
#12175 = ORIENTED_EDGE('',*,*,#12126,.T.);
#12176 = ORIENTED_EDGE('',*,*,#12105,.T.);
#12177 = ORIENTED_EDGE('',*,*,#12148,.F.);
#12178 = PLANE('',#12179);
#12179 = AXIS2_PLACEMENT_3D('',#12180,#12181,#12182);
#12180 = CARTESIAN_POINT('',(3.,19.,15.));
#12181 = DIRECTION('',(0.,0.,1.));
#12182 = DIRECTION('',(1.,0.,-0.));
#12183 = ( GEOMETRIC_REPRESENTATION_CONTEXT(3) 
GLOBAL_UNCERTAINTY_ASSIGNED_CONTEXT((#12187)) 
GLOBAL_UNIT_ASSIGNED_CONTEXT((#12184,#12185,#12186)) 
REPRESENTATION_CONTEXT('Context #1',
  '3D Context with UNIT and UNCERTAINTY') );
#12184 = ( LENGTH_UNIT() NAMED_UNIT(*) SI_UNIT(.MILLI.,.METRE.) );
#12185 = ( NAMED_UNIT(*) PLANE_ANGLE_UNIT() SI_UNIT($,.RADIAN.) );
#12186 = ( NAMED_UNIT(*) SI_UNIT($,.STERADIAN.) SOLID_ANGLE_UNIT() );
#12187 = UNCERTAINTY_MEASURE_WITH_UNIT(LENGTH_MEASURE(1.E-07),#12184,
  'distance_accuracy_value','confusion accuracy');
#12188 = CONTEXT_DEPENDENT_SHAPE_REPRESENTATION(#12189,#12191);
#12189 = ( REPRESENTATION_RELATIONSHIP('','',#12032,#10) 
REPRESENTATION_RELATIONSHIP_WITH_TRANSFORMATION(#12190) 
SHAPE_REPRESENTATION_RELATIONSHIP() );
#12190 = ITEM_DEFINED_TRANSFORMATION('','',#11,#187);
#12191 = PRODUCT_DEFINITION_SHAPE('Placement','Placement of an item',
  #12192);
#12192 = NEXT_ASSEMBLY_USAGE_OCCURRENCE('99',
  'Fan 60x60x15 (duct intake)','',#5,#12027,$);
#12193 = PRODUCT_RELATED_PRODUCT_CATEGORY('part',$,(#12029));
#12194 = SHAPE_DEFINITION_REPRESENTATION(#12195,#12201);
#12195 = PRODUCT_DEFINITION_SHAPE('','',#12196);
#12196 = PRODUCT_DEFINITION('design','',#12197,#12200);
#12197 = PRODUCT_DEFINITION_FORMATION('','',#12198);
#12198 = PRODUCT('Fan 60x60x15 (duct intake)001',
  'Fan 60x60x15 (duct intake)001','',(#12199));
#12199 = PRODUCT_CONTEXT('',#2,'mechanical');
#12200 = PRODUCT_DEFINITION_CONTEXT('part definition',#2,'design');
#12201 = ADVANCED_BREP_SHAPE_REPRESENTATION('',(#11,#12202),#12352);
#12202 = MANIFOLD_SOLID_BREP('',#12203);
#12203 = CLOSED_SHELL('',(#12204,#12244,#12284,#12306,#12328,#12340));
#12204 = ADVANCED_FACE('',(#12205),#12239,.F.);
#12205 = FACE_BOUND('',#12206,.F.);
#12206 = EDGE_LOOP('',(#12207,#12217,#12225,#12233));
#12207 = ORIENTED_EDGE('',*,*,#12208,.F.);
#12208 = EDGE_CURVE('',#12209,#12211,#12213,.T.);
#12209 = VERTEX_POINT('',#12210);
#12210 = CARTESIAN_POINT('',(248.,19.,0.));
#12211 = VERTEX_POINT('',#12212);
#12212 = CARTESIAN_POINT('',(248.,19.,15.));
#12213 = LINE('',#12214,#12215);
#12214 = CARTESIAN_POINT('',(248.,19.,0.));
#12215 = VECTOR('',#12216,1.);
#12216 = DIRECTION('',(0.,0.,1.));
#12217 = ORIENTED_EDGE('',*,*,#12218,.T.);
#12218 = EDGE_CURVE('',#12209,#12219,#12221,.T.);
#12219 = VERTEX_POINT('',#12220);
#12220 = CARTESIAN_POINT('',(248.,48.,0.));
#12221 = LINE('',#12222,#12223);
#12222 = CARTESIAN_POINT('',(248.,19.,0.));
#12223 = VECTOR('',#12224,1.);
#12224 = DIRECTION('',(-0.,1.,0.));
#12225 = ORIENTED_EDGE('',*,*,#12226,.T.);
#12226 = EDGE_CURVE('',#12219,#12227,#12229,.T.);
#12227 = VERTEX_POINT('',#12228);
#12228 = CARTESIAN_POINT('',(248.,48.,15.));
#12229 = LINE('',#12230,#12231);
#12230 = CARTESIAN_POINT('',(248.,48.,0.));
#12231 = VECTOR('',#12232,1.);
#12232 = DIRECTION('',(0.,0.,1.));
#12233 = ORIENTED_EDGE('',*,*,#12234,.F.);
#12234 = EDGE_CURVE('',#12211,#12227,#12235,.T.);
#12235 = LINE('',#12236,#12237);
#12236 = CARTESIAN_POINT('',(248.,19.,15.));
#12237 = VECTOR('',#12238,1.);
#12238 = DIRECTION('',(-0.,1.,0.));
#12239 = PLANE('',#12240);
#12240 = AXIS2_PLACEMENT_3D('',#12241,#12242,#12243);
#12241 = CARTESIAN_POINT('',(248.,19.,0.));
#12242 = DIRECTION('',(1.,0.,-0.));
#12243 = DIRECTION('',(0.,0.,1.));
#12244 = ADVANCED_FACE('',(#12245),#12279,.T.);
#12245 = FACE_BOUND('',#12246,.T.);
#12246 = EDGE_LOOP('',(#12247,#12257,#12265,#12273));
#12247 = ORIENTED_EDGE('',*,*,#12248,.F.);
#12248 = EDGE_CURVE('',#12249,#12251,#12253,.T.);
#12249 = VERTEX_POINT('',#12250);
#12250 = CARTESIAN_POINT('',(307.,19.,0.));
#12251 = VERTEX_POINT('',#12252);
#12252 = CARTESIAN_POINT('',(307.,19.,15.));
#12253 = LINE('',#12254,#12255);
#12254 = CARTESIAN_POINT('',(307.,19.,0.));
#12255 = VECTOR('',#12256,1.);
#12256 = DIRECTION('',(0.,0.,1.));
#12257 = ORIENTED_EDGE('',*,*,#12258,.T.);
#12258 = EDGE_CURVE('',#12249,#12259,#12261,.T.);
#12259 = VERTEX_POINT('',#12260);
#12260 = CARTESIAN_POINT('',(307.,48.,0.));
#12261 = LINE('',#12262,#12263);
#12262 = CARTESIAN_POINT('',(307.,19.,0.));
#12263 = VECTOR('',#12264,1.);
#12264 = DIRECTION('',(-0.,1.,0.));
#12265 = ORIENTED_EDGE('',*,*,#12266,.T.);
#12266 = EDGE_CURVE('',#12259,#12267,#12269,.T.);
#12267 = VERTEX_POINT('',#12268);
#12268 = CARTESIAN_POINT('',(307.,48.,15.));
#12269 = LINE('',#12270,#12271);
#12270 = CARTESIAN_POINT('',(307.,48.,0.));
#12271 = VECTOR('',#12272,1.);
#12272 = DIRECTION('',(0.,0.,1.));
#12273 = ORIENTED_EDGE('',*,*,#12274,.F.);
#12274 = EDGE_CURVE('',#12251,#12267,#12275,.T.);
#12275 = LINE('',#12276,#12277);
#12276 = CARTESIAN_POINT('',(307.,19.,15.));
#12277 = VECTOR('',#12278,1.);
#12278 = DIRECTION('',(-0.,1.,0.));
#12279 = PLANE('',#12280);
#12280 = AXIS2_PLACEMENT_3D('',#12281,#12282,#12283);
#12281 = CARTESIAN_POINT('',(307.,19.,0.));
#12282 = DIRECTION('',(1.,0.,-0.));
#12283 = DIRECTION('',(0.,0.,1.));
#12284 = ADVANCED_FACE('',(#12285),#12301,.F.);
#12285 = FACE_BOUND('',#12286,.F.);
#12286 = EDGE_LOOP('',(#12287,#12293,#12294,#12300));
#12287 = ORIENTED_EDGE('',*,*,#12288,.F.);
#12288 = EDGE_CURVE('',#12209,#12249,#12289,.T.);
#12289 = LINE('',#12290,#12291);
#12290 = CARTESIAN_POINT('',(248.,19.,0.));
#12291 = VECTOR('',#12292,1.);
#12292 = DIRECTION('',(1.,0.,-0.));
#12293 = ORIENTED_EDGE('',*,*,#12208,.T.);
#12294 = ORIENTED_EDGE('',*,*,#12295,.T.);
#12295 = EDGE_CURVE('',#12211,#12251,#12296,.T.);
#12296 = LINE('',#12297,#12298);
#12297 = CARTESIAN_POINT('',(248.,19.,15.));
#12298 = VECTOR('',#12299,1.);
#12299 = DIRECTION('',(1.,0.,-0.));
#12300 = ORIENTED_EDGE('',*,*,#12248,.F.);
#12301 = PLANE('',#12302);
#12302 = AXIS2_PLACEMENT_3D('',#12303,#12304,#12305);
#12303 = CARTESIAN_POINT('',(248.,19.,0.));
#12304 = DIRECTION('',(-0.,1.,0.));
#12305 = DIRECTION('',(0.,0.,1.));
#12306 = ADVANCED_FACE('',(#12307),#12323,.T.);
#12307 = FACE_BOUND('',#12308,.T.);
#12308 = EDGE_LOOP('',(#12309,#12315,#12316,#12322));
#12309 = ORIENTED_EDGE('',*,*,#12310,.F.);
#12310 = EDGE_CURVE('',#12219,#12259,#12311,.T.);
#12311 = LINE('',#12312,#12313);
#12312 = CARTESIAN_POINT('',(248.,48.,0.));
#12313 = VECTOR('',#12314,1.);
#12314 = DIRECTION('',(1.,0.,-0.));
#12315 = ORIENTED_EDGE('',*,*,#12226,.T.);
#12316 = ORIENTED_EDGE('',*,*,#12317,.T.);
#12317 = EDGE_CURVE('',#12227,#12267,#12318,.T.);
#12318 = LINE('',#12319,#12320);
#12319 = CARTESIAN_POINT('',(248.,48.,15.));
#12320 = VECTOR('',#12321,1.);
#12321 = DIRECTION('',(1.,0.,-0.));
#12322 = ORIENTED_EDGE('',*,*,#12266,.F.);
#12323 = PLANE('',#12324);
#12324 = AXIS2_PLACEMENT_3D('',#12325,#12326,#12327);
#12325 = CARTESIAN_POINT('',(248.,48.,0.));
#12326 = DIRECTION('',(-0.,1.,0.));
#12327 = DIRECTION('',(0.,0.,1.));
#12328 = ADVANCED_FACE('',(#12329),#12335,.F.);
#12329 = FACE_BOUND('',#12330,.F.);
#12330 = EDGE_LOOP('',(#12331,#12332,#12333,#12334));
#12331 = ORIENTED_EDGE('',*,*,#12218,.F.);
#12332 = ORIENTED_EDGE('',*,*,#12288,.T.);
#12333 = ORIENTED_EDGE('',*,*,#12258,.T.);
#12334 = ORIENTED_EDGE('',*,*,#12310,.F.);
#12335 = PLANE('',#12336);
#12336 = AXIS2_PLACEMENT_3D('',#12337,#12338,#12339);
#12337 = CARTESIAN_POINT('',(248.,19.,0.));
#12338 = DIRECTION('',(0.,0.,1.));
#12339 = DIRECTION('',(1.,0.,-0.));
#12340 = ADVANCED_FACE('',(#12341),#12347,.T.);
#12341 = FACE_BOUND('',#12342,.T.);
#12342 = EDGE_LOOP('',(#12343,#12344,#12345,#12346));
#12343 = ORIENTED_EDGE('',*,*,#12234,.F.);
#12344 = ORIENTED_EDGE('',*,*,#12295,.T.);
#12345 = ORIENTED_EDGE('',*,*,#12274,.T.);
#12346 = ORIENTED_EDGE('',*,*,#12317,.F.);
#12347 = PLANE('',#12348);
#12348 = AXIS2_PLACEMENT_3D('',#12349,#12350,#12351);
#12349 = CARTESIAN_POINT('',(248.,19.,15.));
#12350 = DIRECTION('',(0.,0.,1.));
#12351 = DIRECTION('',(1.,0.,-0.));
#12352 = ( GEOMETRIC_REPRESENTATION_CONTEXT(3) 
GLOBAL_UNCERTAINTY_ASSIGNED_CONTEXT((#12356)) 
GLOBAL_UNIT_ASSIGNED_CONTEXT((#12353,#12354,#12355)) 
REPRESENTATION_CONTEXT('Context #1',
  '3D Context with UNIT and UNCERTAINTY') );
#12353 = ( LENGTH_UNIT() NAMED_UNIT(*) SI_UNIT(.MILLI.,.METRE.) );
#12354 = ( NAMED_UNIT(*) PLANE_ANGLE_UNIT() SI_UNIT($,.RADIAN.) );
#12355 = ( NAMED_UNIT(*) SI_UNIT($,.STERADIAN.) SOLID_ANGLE_UNIT() );
#12356 = UNCERTAINTY_MEASURE_WITH_UNIT(LENGTH_MEASURE(1.E-07),#12353,
  'distance_accuracy_value','confusion accuracy');
#12357 = CONTEXT_DEPENDENT_SHAPE_REPRESENTATION(#12358,#12360);
#12358 = ( REPRESENTATION_RELATIONSHIP('','',#12201,#10) 
REPRESENTATION_RELATIONSHIP_WITH_TRANSFORMATION(#12359) 
SHAPE_REPRESENTATION_RELATIONSHIP() );
#12359 = ITEM_DEFINED_TRANSFORMATION('','',#11,#191);
#12360 = PRODUCT_DEFINITION_SHAPE('Placement','Placement of an item',
  #12361);
#12361 = NEXT_ASSEMBLY_USAGE_OCCURRENCE('100',
  'Fan 60x60x15 (duct intake)001','',#5,#12196,$);
#12362 = PRODUCT_RELATED_PRODUCT_CATEGORY('part',$,(#12198));
#12363 = SHAPE_DEFINITION_REPRESENTATION(#12364,#12370);
#12364 = PRODUCT_DEFINITION_SHAPE('','',#12365);
#12365 = PRODUCT_DEFINITION('design','',#12366,#12369);
#12366 = PRODUCT_DEFINITION_FORMATION('','',#12367);
#12367 = PRODUCT('22 V PA supply + gate module (DSN-PSU-01, 120x80)',
  '22 V PA supply + gate module (DSN-PSU-01, 120x80)','',(#12368));
#12368 = PRODUCT_CONTEXT('',#2,'mechanical');
#12369 = PRODUCT_DEFINITION_CONTEXT('part definition',#2,'design');
#12370 = ADVANCED_BREP_SHAPE_REPRESENTATION('',(#11,#12371),#12521);
#12371 = MANIFOLD_SOLID_BREP('',#12372);
#12372 = CLOSED_SHELL('',(#12373,#12413,#12453,#12475,#12497,#12509));
#12373 = ADVANCED_FACE('',(#12374),#12408,.F.);
#12374 = FACE_BOUND('',#12375,.F.);
#12375 = EDGE_LOOP('',(#12376,#12386,#12394,#12402));
#12376 = ORIENTED_EDGE('',*,*,#12377,.F.);
#12377 = EDGE_CURVE('',#12378,#12380,#12382,.T.);
#12378 = VERTEX_POINT('',#12379);
#12379 = CARTESIAN_POINT('',(180.,107.6,220.));
#12380 = VERTEX_POINT('',#12381);
#12381 = CARTESIAN_POINT('',(180.,107.6,300.));
#12382 = LINE('',#12383,#12384);
#12383 = CARTESIAN_POINT('',(180.,107.6,220.));
#12384 = VECTOR('',#12385,1.);
#12385 = DIRECTION('',(0.,0.,1.));
#12386 = ORIENTED_EDGE('',*,*,#12387,.T.);
#12387 = EDGE_CURVE('',#12378,#12388,#12390,.T.);
#12388 = VERTEX_POINT('',#12389);
#12389 = CARTESIAN_POINT('',(180.,127.6,220.));
#12390 = LINE('',#12391,#12392);
#12391 = CARTESIAN_POINT('',(180.,107.6,220.));
#12392 = VECTOR('',#12393,1.);
#12393 = DIRECTION('',(-0.,1.,0.));
#12394 = ORIENTED_EDGE('',*,*,#12395,.T.);
#12395 = EDGE_CURVE('',#12388,#12396,#12398,.T.);
#12396 = VERTEX_POINT('',#12397);
#12397 = CARTESIAN_POINT('',(180.,127.6,300.));
#12398 = LINE('',#12399,#12400);
#12399 = CARTESIAN_POINT('',(180.,127.6,220.));
#12400 = VECTOR('',#12401,1.);
#12401 = DIRECTION('',(0.,0.,1.));
#12402 = ORIENTED_EDGE('',*,*,#12403,.F.);
#12403 = EDGE_CURVE('',#12380,#12396,#12404,.T.);
#12404 = LINE('',#12405,#12406);
#12405 = CARTESIAN_POINT('',(180.,107.6,300.));
#12406 = VECTOR('',#12407,1.);
#12407 = DIRECTION('',(-0.,1.,0.));
#12408 = PLANE('',#12409);
#12409 = AXIS2_PLACEMENT_3D('',#12410,#12411,#12412);
#12410 = CARTESIAN_POINT('',(180.,107.6,220.));
#12411 = DIRECTION('',(1.,0.,-0.));
#12412 = DIRECTION('',(0.,0.,1.));
#12413 = ADVANCED_FACE('',(#12414),#12448,.T.);
#12414 = FACE_BOUND('',#12415,.T.);
#12415 = EDGE_LOOP('',(#12416,#12426,#12434,#12442));
#12416 = ORIENTED_EDGE('',*,*,#12417,.F.);
#12417 = EDGE_CURVE('',#12418,#12420,#12422,.T.);
#12418 = VERTEX_POINT('',#12419);
#12419 = CARTESIAN_POINT('',(300.,107.6,220.));
#12420 = VERTEX_POINT('',#12421);
#12421 = CARTESIAN_POINT('',(300.,107.6,300.));
#12422 = LINE('',#12423,#12424);
#12423 = CARTESIAN_POINT('',(300.,107.6,220.));
#12424 = VECTOR('',#12425,1.);
#12425 = DIRECTION('',(0.,0.,1.));
#12426 = ORIENTED_EDGE('',*,*,#12427,.T.);
#12427 = EDGE_CURVE('',#12418,#12428,#12430,.T.);
#12428 = VERTEX_POINT('',#12429);
#12429 = CARTESIAN_POINT('',(300.,127.6,220.));
#12430 = LINE('',#12431,#12432);
#12431 = CARTESIAN_POINT('',(300.,107.6,220.));
#12432 = VECTOR('',#12433,1.);
#12433 = DIRECTION('',(-0.,1.,0.));
#12434 = ORIENTED_EDGE('',*,*,#12435,.T.);
#12435 = EDGE_CURVE('',#12428,#12436,#12438,.T.);
#12436 = VERTEX_POINT('',#12437);
#12437 = CARTESIAN_POINT('',(300.,127.6,300.));
#12438 = LINE('',#12439,#12440);
#12439 = CARTESIAN_POINT('',(300.,127.6,220.));
#12440 = VECTOR('',#12441,1.);
#12441 = DIRECTION('',(0.,0.,1.));
#12442 = ORIENTED_EDGE('',*,*,#12443,.F.);
#12443 = EDGE_CURVE('',#12420,#12436,#12444,.T.);
#12444 = LINE('',#12445,#12446);
#12445 = CARTESIAN_POINT('',(300.,107.6,300.));
#12446 = VECTOR('',#12447,1.);
#12447 = DIRECTION('',(-0.,1.,0.));
#12448 = PLANE('',#12449);
#12449 = AXIS2_PLACEMENT_3D('',#12450,#12451,#12452);
#12450 = CARTESIAN_POINT('',(300.,107.6,220.));
#12451 = DIRECTION('',(1.,0.,-0.));
#12452 = DIRECTION('',(0.,0.,1.));
#12453 = ADVANCED_FACE('',(#12454),#12470,.F.);
#12454 = FACE_BOUND('',#12455,.F.);
#12455 = EDGE_LOOP('',(#12456,#12462,#12463,#12469));
#12456 = ORIENTED_EDGE('',*,*,#12457,.F.);
#12457 = EDGE_CURVE('',#12378,#12418,#12458,.T.);
#12458 = LINE('',#12459,#12460);
#12459 = CARTESIAN_POINT('',(180.,107.6,220.));
#12460 = VECTOR('',#12461,1.);
#12461 = DIRECTION('',(1.,0.,-0.));
#12462 = ORIENTED_EDGE('',*,*,#12377,.T.);
#12463 = ORIENTED_EDGE('',*,*,#12464,.T.);
#12464 = EDGE_CURVE('',#12380,#12420,#12465,.T.);
#12465 = LINE('',#12466,#12467);
#12466 = CARTESIAN_POINT('',(180.,107.6,300.));
#12467 = VECTOR('',#12468,1.);
#12468 = DIRECTION('',(1.,0.,-0.));
#12469 = ORIENTED_EDGE('',*,*,#12417,.F.);
#12470 = PLANE('',#12471);
#12471 = AXIS2_PLACEMENT_3D('',#12472,#12473,#12474);
#12472 = CARTESIAN_POINT('',(180.,107.6,220.));
#12473 = DIRECTION('',(-0.,1.,0.));
#12474 = DIRECTION('',(0.,0.,1.));
#12475 = ADVANCED_FACE('',(#12476),#12492,.T.);
#12476 = FACE_BOUND('',#12477,.T.);
#12477 = EDGE_LOOP('',(#12478,#12484,#12485,#12491));
#12478 = ORIENTED_EDGE('',*,*,#12479,.F.);
#12479 = EDGE_CURVE('',#12388,#12428,#12480,.T.);
#12480 = LINE('',#12481,#12482);
#12481 = CARTESIAN_POINT('',(180.,127.6,220.));
#12482 = VECTOR('',#12483,1.);
#12483 = DIRECTION('',(1.,0.,-0.));
#12484 = ORIENTED_EDGE('',*,*,#12395,.T.);
#12485 = ORIENTED_EDGE('',*,*,#12486,.T.);
#12486 = EDGE_CURVE('',#12396,#12436,#12487,.T.);
#12487 = LINE('',#12488,#12489);
#12488 = CARTESIAN_POINT('',(180.,127.6,300.));
#12489 = VECTOR('',#12490,1.);
#12490 = DIRECTION('',(1.,0.,-0.));
#12491 = ORIENTED_EDGE('',*,*,#12435,.F.);
#12492 = PLANE('',#12493);
#12493 = AXIS2_PLACEMENT_3D('',#12494,#12495,#12496);
#12494 = CARTESIAN_POINT('',(180.,127.6,220.));
#12495 = DIRECTION('',(-0.,1.,0.));
#12496 = DIRECTION('',(0.,0.,1.));
#12497 = ADVANCED_FACE('',(#12498),#12504,.F.);
#12498 = FACE_BOUND('',#12499,.F.);
#12499 = EDGE_LOOP('',(#12500,#12501,#12502,#12503));
#12500 = ORIENTED_EDGE('',*,*,#12387,.F.);
#12501 = ORIENTED_EDGE('',*,*,#12457,.T.);
#12502 = ORIENTED_EDGE('',*,*,#12427,.T.);
#12503 = ORIENTED_EDGE('',*,*,#12479,.F.);
#12504 = PLANE('',#12505);
#12505 = AXIS2_PLACEMENT_3D('',#12506,#12507,#12508);
#12506 = CARTESIAN_POINT('',(180.,107.6,220.));
#12507 = DIRECTION('',(0.,0.,1.));
#12508 = DIRECTION('',(1.,0.,-0.));
#12509 = ADVANCED_FACE('',(#12510),#12516,.T.);
#12510 = FACE_BOUND('',#12511,.T.);
#12511 = EDGE_LOOP('',(#12512,#12513,#12514,#12515));
#12512 = ORIENTED_EDGE('',*,*,#12403,.F.);
#12513 = ORIENTED_EDGE('',*,*,#12464,.T.);
#12514 = ORIENTED_EDGE('',*,*,#12443,.T.);
#12515 = ORIENTED_EDGE('',*,*,#12486,.F.);
#12516 = PLANE('',#12517);
#12517 = AXIS2_PLACEMENT_3D('',#12518,#12519,#12520);
#12518 = CARTESIAN_POINT('',(180.,107.6,300.));
#12519 = DIRECTION('',(0.,0.,1.));
#12520 = DIRECTION('',(1.,0.,-0.));
#12521 = ( GEOMETRIC_REPRESENTATION_CONTEXT(3) 
GLOBAL_UNCERTAINTY_ASSIGNED_CONTEXT((#12525)) 
GLOBAL_UNIT_ASSIGNED_CONTEXT((#12522,#12523,#12524)) 
REPRESENTATION_CONTEXT('Context #1',
  '3D Context with UNIT and UNCERTAINTY') );
#12522 = ( LENGTH_UNIT() NAMED_UNIT(*) SI_UNIT(.MILLI.,.METRE.) );
#12523 = ( NAMED_UNIT(*) PLANE_ANGLE_UNIT() SI_UNIT($,.RADIAN.) );
#12524 = ( NAMED_UNIT(*) SI_UNIT($,.STERADIAN.) SOLID_ANGLE_UNIT() );
#12525 = UNCERTAINTY_MEASURE_WITH_UNIT(LENGTH_MEASURE(1.E-07),#12522,
  'distance_accuracy_value','confusion accuracy');
#12526 = CONTEXT_DEPENDENT_SHAPE_REPRESENTATION(#12527,#12529);
#12527 = ( REPRESENTATION_RELATIONSHIP('','',#12370,#10) 
REPRESENTATION_RELATIONSHIP_WITH_TRANSFORMATION(#12528) 
SHAPE_REPRESENTATION_RELATIONSHIP() );
#12528 = ITEM_DEFINED_TRANSFORMATION('','',#11,#195);
#12529 = PRODUCT_DEFINITION_SHAPE('Placement','Placement of an item',
  #12530);
#12530 = NEXT_ASSEMBLY_USAGE_OCCURRENCE('101',
  '22 V PA supply + gate module (DSN-PSU-01, 120x80)','',#5,#12365,$);
#12531 = PRODUCT_RELATED_PRODUCT_CATEGORY('part',$,(#12367));
ENDSEC;
END-ISO-10303-21;
