:020000040800F2
:1000000000000520613E00085D3D00085F3D0008DE
:10001000613D0008633D0008653D000800000000E8
:10002000000000000000000000000000673D000824
:10003000693D0008000000006B3D00086D3D0008B0
:10004000B13E0008B13E0008B13E0008B13E0008D4
:10005000B13E0008B13E0008B13E0008B13E0008C4
:10006000B13E0008B13E0008B13E0008B13E0008B4
:10007000B13E0008B13E0008B13E0008B13E0008A4
:10008000B13E0008B13E0008B13E0008B13E000894
:10009000B13E0008B13E0008B13E0008B13E000884
:1000A000B13E0008B13E0008B13E0008B13E000874
:1000B000B13E0008B13E0008B13E0008B13E000864
:1000C000B13E0008B13E0008B13E0008B13E000854
:1000D000B13E0008B13E0008B13E0008B13E000844
:1000E000853D0008B13E0008B13E0008B13E000861
:1000F000B13E0008B13E0008B13E0008B13E000824
:10010000B13E0008B13E0008B13E0008B13E000813
:10011000B13E0008B13E0008B13E0008B13E000803
:10012000B13E0008B13E0008B13E0008B13E0008F3
:10013000B13E0008B13E0008B13E0008B13E0008E3
:10014000B13E0008B13E0008B13E0008753D000810
:10015000B13E0008B13E0008B13E0008B13E0008C3
:10016000B13E0008B13E0008B13E0008B13E0008B3
:10017000B13E0008B13E0008B13E0008000000009A
:10018000B13E0008B13E0008B13E0008B13E000893
:10019000B13E0008B13E0008B13E0008B13E000883
:1001A000B13E0008B13E0008B13E0008B13E000873
:1001B000B13E0008B13E0008B13E0008B13E000863
:0801C000B13E0008B13E000849
:1001D00010F8012B11F8013B012A28BF9A42F7D0F1
:1001E000D01A70470000000000000000000000006E
:1001F00001F0FF01102A2BDB10F0070F08D010F8D8
:10020000013B013A8B422DD010F0070F42B3F6D1DB
:10021000F0B441EA012141EA014122F007047FF0F4
:1002200000070023F0E80256083C85EA010586EA4B
:10023000010685FA47F5A3FA87F586FA47F6A5FA87
:1002400087F68EB9EED1F0BC01F0FF0102F0070293
:1002500032B110F8013B013A83EA010313B1F8D13E
:100260000020704701387047002D06BF354603381F
:10027000073815F0010F07D1013015F4807F02BF58
:10028000013015F4C03F0130F0BC0138704700BFA9
:10029000034613F8012B002AFBD1181A01387047C6
:1002A00081F0004102E000BF83F0004330B54FEA27
:1002B00041044FEA430594EA050F08BF90EA020F94
:1002C0001FBF54EA000C55EA020C7FEA645C7FEA27
:1002D000655C00F0E2804FEA5454D4EB5555B8BF4A
:1002E0006D420CDD2C4480EA020281EA030382EABB
:1002F000000083EA010180EA020281EA0303362D4D
:1003000088BF30BD11F0004F4FEA01314FF4801C1F
:100310004CEA113102D0404261EB410113F0004F31
:100320004FEA03334CEA133302D0524263EB4303E8
:1003300094EA050F00F0A780A4F10104D5F1200E86
:100340000DDB02FA0EFC22FA05F2801841F10001E1
:1003500003FA0EF2801843FA05F359410EE0A5F1B5
:1003600020050EF1200E012A03FA0EFC28BF4CF0E6
:10037000020C43FA05F3C01851EBE37101F000459C
:1003800007D54FF0000EDCF1000C7EEB00006EEBA9
:100390000101B1F5801F1BD3B1F5001F0CD3490833
:1003A0005FEA30004FEA3C0C04F101044FEA44528A
:1003B00012F5800F80F09A80BCF1004F08BF5FEA11
:1003C000500C50F1000041EB045141EA050130BDF1
:1003D0005FEA4C0C404141EB0101013C28BFB1F503
:1003E000801FE9D291F0000F04BF01460020B1FA4E
:1003F00081F308BF2033A3F10B03B3F120020CDA21
:100400000C3208DD02F1140CC2F10C0201FA0CF0FE
:1004100021FA02F10CE002F11402D8BFC2F1200C63
:1004200001FA02F120FA0CFCDCBF41EA0C01904019
:10043000E41AA2BF01EB0451294330BD6FEA040462
:100440001F3C1CDA0C340EDC04F11404C4F120024D
:1004500020FA04F001FA02F340EA030021FA04F35F
:1004600045EA030130BDC4F10C04C4F1200220FAB6
:1004700002F001FA04F340EA0300294630BD21FAF4
:1004800004F0294630BD94F0000F83F4801306BFBA
:1004900081F480110134013D4EE77FEA645C18BFAE
:1004A0007FEA655C29D094EA050F08BF90EA020F45
:1004B00005D054EA000C04BF1946104630BD91EA3D
:1004C000030F1EBF0021002030BD5FEA545C05D140
:1004D0004000494128BF41F0004130BD14F580047F
:1004E0003CBF01F5801130BD01F0004545F0FE41F3
:1004F00041F470014FF0000030BD7FEA645C1ABF28
:10050000194610467FEA655C1CBF0B46024650EA5E
:10051000013406BF52EA033591EA030F41F400218A
:1005200030BD00BF90F0000F04BF0021704730B510
:100530004FF4806404F132044FF000054FF00001E5
:1005400050E700BF90F0000F04BF0021704730B5A6
:100550004FF4806404F1320410F0004548BF40427B
:100560004FF000013EE700BF42004FEAE2014FEAD0
:1005700031014FEA02701FBF12F07F4393F07F4FAB
:1005800081F06051704732F07F4208BF704793F0AE
:100590007F4F04BF41F40021704730B54FF46074C1
:1005A00001F0004521F000411CE700BF50EA0102C4
:1005B00008BF704730B54FF000050AE050EA01026D
:1005C00008BF704730B511F0004502D5404261EBDD
:1005D00041014FF4806404F132045FEA915C3FF41E
:1005E000D8AE4FF003025FEADC0C18BF03325FEABB
:1005F000DC0C18BF033202EBDC02C2F1200300FA6C
:1006000003FC20FA02F001FA03FE40EA0E0021FA90
:1006100002F11444BDE600BF70B54FF0FF0C4CF47E
:10062000E06C1CEA11541DBF1CEA135594EA0C0F30
:1006300095EA0C0F00F0DEF82C4481EA030621EA6B
:100640004C5123EA4C5350EA013518BF52EA0335A6
:1006500041F4801143F4801338D0A0FB02CE4FF058
:100660000005E1FB02E506F00042E0FB03E54FF088
:100670000006E1FB03569CF0000F18BF4EF0010E80
:10068000A4F1FF04B6F5007F64F5407404D25FEA7C
:100690004E0E6D4146EB060642EAC62141EA55512F
:1006A0004FEAC52040EA5E504FEACE2EB4F1FD0C71
:1006B00088BFBCF5E06F1ED8BEF1004F08BF5FEAEF
:1006C000500E50F1000041EB045170BD06F00046A1
:1006D00046EA010140EA020081EA0301B4EB5C044E
:1006E000C2BFD4EB0C0541EA045170BD41F4801146
:1006F0004FF0000E013C00F3AB8014F1360FDEBF6B
:10070000002001F0004170BDC4F10004203C35DA46
:100710000C341BDC04F11404C4F1200500FA05F3C9
:1007200020FA04F001FA05F240EA020001F000426A
:1007300021F0004110EBD37021FA04F642EB0601E0
:100740005EEA430E08BF20EAD37070BDC4F10C040A
:10075000C4F1200500FA04F320FA05F001FA04F2CE
:1007600040EA020001F0004110EBD37041F10001BA
:100770005EEA430E08BF20EAD37070BDC4F12005C5
:1007800000FA05F24EEA020E20FA04F301FA05F22D
:1007900043EA020321FA04F001F0004121FA04F2D5
:1007A00020EA020000EBD3705EEA430E08BF20EAA5
:1007B000D37070BD94F0000F0FD101F000464000DF
:1007C00041EB010111F4801F08BF013CF7D041EA61
:1007D000060195F0000F18BF704703F00046520065
:1007E00043EB030313F4801F08BF013DF7D043EA36
:1007F0000603704794EA0C0F0CEA135518BF95EAEC
:100800000C0F0CD050EA410618BF52EA4306D1D172
:1008100081EA030101F000414FF0000070BD50EA91
:10082000410606BF1046194652EA430619D094EA1B
:100830000C0F02D150EA013613D195EA0C0F05D105
:1008400052EA03361CBF104619460AD181EA030159
:1008500001F0004141F0FE4141F470014FF0000011
:1008600070BD41F0FE4141F4780170BD70B54FF0AC
:10087000FF0C4CF4E06C1CEA11541DBF1CEA13552C
:1008800094EA0C0F95EA0C0F00F0A7F8A4EB05040E
:1008900081EA030E52EA03354FEA013100F0888005
:1008A0004FEA03334FF0805545EA131343EA1263CE
:1008B0004FEA022245EA111545EA10654FEA002683
:1008C0000EF000419D4208BF964244F1FD0404F53C
:1008D000407402D25B084FEA3202B61A65EB030598
:1008E0005B084FEA32024FF480104FF4002CB6EB55
:1008F000020E75EB030E22BFB61A754640EA0C00D5
:100900005B084FEA3202B6EB020E75EB030E22BF14
:10091000B61A754640EA5C005B084FEA3202B6EB55
:10092000020E75EB030E22BFB61A754640EA9C0014
:100930005B084FEA3202B6EB020E75EB030E22BFE4
:10094000B61A754640EADC0055EA060E18D04FEAA2
:10095000051545EA16754FEA06164FEAC30343EA42
:1009600052734FEAC2025FEA1C1CC0D111F4801F0F
:100970000BD141EA00014FF000004FF0004CB6E708
:1009800011F4801F04BF01430020B4F1FD0C88BFA7
:10099000BCF5E06F3FF6AFAEB5EB030C04BFB6EBB2
:1009A000020C5FEA500C50F1000041EB045170BDA5
:1009B0000EF0004E4EEA113114EB5C04C2BFD4EBD2
:1009C0000C0541EA045170BD41F480114FF0000E56
:1009D000013C90E645EA060E8DE60CEA135594EAD2
:1009E0000C0F08BF95EA0C0F3FF43BAF94EA0C0FD5
:1009F0000AD150EA01347FF434AF95EA0C0F7FF44A
:100A000025AF104619462CE795EA0C0F06D152EA9D
:100A100003353FF4FDAE1046194622E750EA410681
:100A200018BF52EA43067FF4C5AE50EA41047FF492
:100A30000DAF52EA43057FF4EBAE12E74FF0FF3CF7
:100A400006E000BF4FF0010C02E000BF4FF0010CC8
:100A50004DF804CD4FEA410C7FEA6C5C4FEA430C41
:100A600018BF7FEA6C5C1BD001B050EA410C0CBF90
:100A700052EA430C91EA030F02BF90EA020F0020F2
:100A8000704710F1000F91EA030F58BF994208BF59
:100A900090422CBFD8176FEAE37040F00100704716
:100AA0004FEA410C7FEA6C5C02D150EA013C07D16D
:100AB0004FEA430C7FEA6C5CD6D152EA033CD3D0B8
:100AC0005DF8040B704700BF8446104662468C46B2
:100AD0001946634600E000BF01B5FFF7B7FF0028E5
:100AE00048BF10F1000F01BD4DF808EDFFF7F4FF0E
:100AF0000CBF012000205DF808FB00BF4DF808ED99
:100B0000FFF7EAFF34BF012000205DF808FB00BFBB
:100B10004DF808EDFFF7E0FF94BF012000205DF8DD
:100B200008FB00BF4DF808EDFFF7CEFF94BF012092
:100B300000205DF808FB00BF4DF808EDFFF7C4FF8B
:100B400034BF012000205DF808FB00BF4FEA410CD4
:100B50007FEA6C5C02D150EA013C0AD14FEA430CB7
:100B60007FEA6C5C02D152EA033C02D14FF00000F4
:100B700070474FF0010070474FEA410212F5001232
:100B800015D211D56FF47873B3EB625212D94FEAD4
:100B9000C12343F0004343EA505311F0004F23FABE
:100BA00002F018BF404270474FF00000704750EA13
:100BB000013005D111F0004008BF6FF000407047D0
:100BC0004FF00000704700BF4FEA4102B2F1E0432E
:100BD00024BFB3F5001CDCF1FE5C0DD901F0004C24
:100BE0004FEAC0024CEA5070B2F1004F40EB830074
:100BF00008BF20F00100704711F0804F21D113F1A0
:100C00003872BCBF01F00040704741F480114FEAD8
:100C10005252C2F11802C2F1200C10FA0CF320FA61
:100C200002F018BF40F001004FEAC1234FEAD3237E
:100C300003FA0CFC40EA0C0023FA02F34FEA4303E8
:100C4000CCE77FEA625307D150EA01331EBF4FF071
:100C5000FE4040F44000704701F0004040F0FE408C
:100C600040F40000704700BF53B94AB9002908BFDB
:100C700000281CBF4FF0FF314FF0FF3000F00CB8E0
:100C8000ADF1080C6DE904CE13F01AFDDDF804E0B7
:100C9000DDE9022304B07047704700BF0348044BEE
:100CA000834202D0034B03B118477047040300206E
:100CB00004030020000000000548064B1B1AD90F52
:100CC00001EBA301491002D0034B03B11847704751
:100CD00004030020040300200000000010B5064CAF
:100CE000237843B9FFF7DAFF044B13B10448AFF39D
:100CF00000800123237010BD0803002000000000C5
:100D0000B849010808B5054B1BB105490548AFF3C3
:100D10000080BDE80840FFF7CFBF00BF0000000023
:100D20000C030020B8490108074AD2F8FC3043F010
:100D30008073C2F8FC30054B00225A601A6842F0FA
:100D400001021A60704700BF00ED00E0001000E0F3
:100D500030B585B00024009401940294039407F008
:100D6000E5FE01238DF800308DF8014001941F222B
:100D70008DF8082087228DF809208DF80A408DF81B
:100D80000B408DF80C308DF80D308DF80E408DF83D
:100D90000F40684607F0E8FE042007F0D5FE05B0D6
:100DA00030BD00002DE9F04F8FB009AD002409944B
:100DB0000A940B940C940D94764B1A6B42F010022B
:100DC0001A631A6B02F010020192019A1A6B42F038
:100DD00004021A631A6B02F004020292029A1A6B5E
:100DE00042F020021A631A6B02F020020392039A67
:100DF0001A6B42F080021A631A6B02F080020492AE
:100E0000049A1A6B42F001021A631A6B02F0010293
:100E10000592059A1A6B42F040021A631A6B02F0AF
:100E200040020692069A1A6B42F002021A631A6B8B
:100E300002F002020792079A1A6B42F008021A6344
:100E40001B6B03F008030893089BDFF85C812246C4
:100E50004FF2F841404608F0F6FDDFF85091224687
:100E60000F21484608F0EFFD4B4F22464FF2BF716D
:100E7000384608F0E8FD22464FF68071474808F0F2
:100E8000E2FDDFF82CA122464FF47F61504608F0C6
:100E9000DAFD22464FF44C71414808F0D4FD4FF280
:100EA000F843099301260A960B940C942946404670
:100EB00008F0C0FC4FF4407309930A940B94294640
:100EC000404608F0B7FC4FF00F0BCDF824B00A965F
:100ED0000B940C942946484608F0ACFC4FF2BF73C3
:100EE00009930A960B940C942946384608F0A2FC04
:100EF0004FF6807309930A960B940C942946274861
:100F000008F098FC41F6F07309930A960B940C9440
:100F10002946504608F08EFC4FF4604309930A942A
:100F20000B942946504608F085FC4FF4046309935E
:100F30000A940B942946384608F07CFC4FF4E07381
:100F400009930A940B942946164808F073FC4FF451
:100F50004C7309930A960B940C942946104808F098
:100F600069FC32468021404608F06DFD32464FF460
:100F70008041384608F067FD32464FF480613846BC
:100F800008F061FD32465946484608F05CFD0FB056
:100F9000BDE8F08F00380240001802400010024007
:100FA0000004024000080240001402400000024019
:100FB000000C024030B58BB000240994584D4422F7
:100FC0002146284611F003FB564B2B600123EB8191
:100FD0002B82092385F8213040F6AC53EB610623C0
:100FE00085F82730032385F828304F4B2B630E23D9
:100FF000EB6221460DE04C481A2201FB02F28318F5
:10100000815400229A711A81DA711A7101225A717F
:1010100011440D29EFDD444B0C20188103229A71F5
:101020000021D9715971588483F8202083F8211048
:10103000D9770920A3F8700083F86E2083F86F1029
:1010400083F86D10A3F88A0083F8882083F889104C
:1010500083F887102422A3F8A420062083F8A20096
:1010600083F8A31083F8A110B424A3F8BE4083F83A
:10107000BC0083F8BD1083F8BB103C25A3F8D85002
:10108000022483F8D64083F8D71083F8D510A3F84C
:10109000F25083F8F04083F8F11083F8EF101E242B
:1010A000A3F80C4183F80A0183F80B1183F80911A6
:1010B000A3F8264183F8240183F8251183F823112E
:1010C000684611F084FA194B0193194B0393194B9D
:1010D0000693134B0893184D01224021284608F02F
:1010E000B2FC052007F098FC01221021284608F0E8
:1010F000AAFC694609A805F057FC50B9099805F003
:10110000F9FB044640B9099805F02AFC20460BB0CB
:1011100030BD4FF0FF34F9E74FF0FF34F6E700BF82
:101120009404002000E1F505280300208096980033
:101130006C5A0108E80C00200014024030B583B05E
:10114000054607F063FC044604E007F05FFC001B63
:10115000A8420ED2002301220DF1070106480AF031
:10116000F3F90028F1D19DF80710044804F028FE97
:10117000EBE703B030BD00BF140C0020B00A002024
:1011800008B5074804F008FB064803F01CF90321E2
:10119000054804F07AFE054804F034FA08BD00BFA3
:1011A000B00A002048090020540800201807002039
:1011B00008B5024804F081F908BD00BF18070020F7
:1011C000014B1B68586A70479C0C002082B001904C
:1011D000044B196800234B624A6A019B9A42FBD375
:1011E00002B070479C0C002010B50B4B5C680B4B99
:1011F000196807A3D3E90023A0FB0101FFF734FD21
:10120000054B5B681B1B8342FAD310BDAFF3008014
:1012100000CA9A3B00000000001000E03C000020E3
:1012200008B50A460146024803F08CF908BD00BF24
:101230004809002010B582B004468DF807000A2343
:1012400001220DF1070103480AF014F9204602B00B
:1012500010BD00BF8C0B002070B594B00BAC464D98
:101260000FCD0FC40FCD0FC42B6823804FF47A73BA
:1012700021220BA941480AF0FDF8414803F02AFF5A
:101280000A2007F0C9FB002240213E4808F0DBFBA2
:101290000A2007F0C1FB002207213B4808F0D3FBDE
:1012A0000A2007F0B9FB00241FE0354D0026009608
:1012B000202329222146284603F0B0FB0096202354
:1012C0002A222146284603F0A9FB009620232B2240
:1012D0002146284603F0A2FB009620232C2221461B
:1012E000284603F09BFB0134E4B2032CDDD90A202D
:1012F00007F092FB00224FF40051244808F0A3FBB2
:101300000A2007F089FB002408E0002300932D2227
:1013100021461B4803F082FB0134E4B2032CF4D9CC
:101320000A2007F079FB194C00224FF400412046B7
:1013300008F089FB00224FF48041204608F083FB2F
:101340000A2007F069FB002208210F4808F07BFB08
:101350000A2007F061FB03AC0D4D0FCD0FC495E8DB
:101360000F0084E80F004FF47A731F2203A903488B
:101370000AF080F814B070BD144A01088C0B0020EC
:1013800018070020000C0240001802400010024024
:10139000384A010870B590B00DF1200C134C0FCCF9
:1013A000ACE80F0094E80F008CE80F00104E4FF4EB
:1013B0007A731F2208A930460AF05CF80D4B0E4ADA
:1013C0000E490F4807F052F901AC0E4D0FCD0FC476
:1013D00095E8070084E807004FF47A731B2201A9FF
:1013E00030460AF047F810B070BD00BF584A0108F7
:1013F0008C0B00202805002038050020280600203E
:10140000CC560108784A010870B52DED048B0646CC
:10141000B0EE408AF0EE609AF0EE418AB0EE619A4A
:1014200000241AE04FF48071224808F012FB224D8C
:10143000284603F062FCFCEEC87A17EE900AFFF72C
:10144000C5FE284603F066FC79EEC87AFCEEE77A22
:1014500017EE900AFFF7BAFE0134B442E2DBAF2088
:10146000FFF7B4FE002420E04FF48071114808F02B
:10147000F0FA114D284603F040FC9FED108A68EE0B
:10148000887AFCEEE77A17EE900AFFF7ADFE284661
:1014900003F040FC79EE687A67EE887AFCEEE77A32
:1014A00017EE900AFFF7A0FE0134B442DCDBBDEC7E
:1014B000048B70BD000C02401807002000007A4425
:1014C0002DE9F0412DED028B8EB05D4A136801339A
:1014D000136001AC5B4A3221204610F055FE2046D5
:1014E000FEF7D6FE4FF47A7382B22146564809F0D1
:1014F000C1FF0121554803F00DFB00254FF0010805
:1015000000E001350E2D57DC4FF40071504808F013
:10151000A0FA2E014F4F07EB05174C4C002239461D
:10152000204603F0C5FE01223946204603F0C0FEE6
:10153000DFED498A9FED498AF0EE681AB6EE001A8F
:10154000F0EE480AB3EE0E0A1020FFF75DFF444F9D
:1015500000223946204603F0ABFE012239462046E0
:1015600003F0A6FEF0EE681AB6EE001AF0EE480A96
:10157000B3EE0E0A1020FFF747FF3A4B1E4400223D
:101580003146204603F094FE01223146204603F006
:101590008FFEF0EE681AB6EE001AF0EE480AB3EECF
:1015A0000E0A1020FFF730FF08F10108B8F11F0FF5
:1015B000A7DD4FF00108A4E74FF48061244808F04C
:1015C00048FA002413E0224D01222021284608F089
:1015D0003AFA4FF4FA70FFF7F9FD0022202128466D
:1015E00008F031FA4FF4FA70FFF7F0FD01341E4BAA
:1015F0001B7807EE103AB8EEC77A1C4BD3ED006AA1
:10160000C6EE877AFDEEE77A17EE903AA342DADC6F
:1016100001AC0B4B1B68164A3221204610F0B4FD7A
:101620002046FEF735FE4FF47A7382B22146064813
:1016300009F020FF0EB0BDEC028BBDE8F08100BFC9
:10164000F8040020944A01088C0B002018070020A1
:10165000000C02402806002000002F430000274312
:101660002805002038050020080000200400002084
:10167000B44A010870B59CB0002411E003AD631CAE
:10168000244A6421284610F07FFD2846FEF700FE1C
:101690004FF47A7382B229461F4809F0EBFE0134F9
:1016A000032C23DCE5B229461C4803F091FA0028FC
:1016B000E4D02946194803F0A1FE10EE100A661C7A
:1016C00003ADFEF751FFCDE900013346144A642112
:1016D000284610F059FD2846FEF7DAFD4FF47A73DC
:1016E00082B229460C4809F0C5FED8E703AC202396
:1016F0000C4A6421204610F047FD2046FEF7C8FD45
:101700004FF47A7382B22146034809F0B3FE1CB04D
:1017100070BD00BFFC4A01088C0B00201807002098
:10172000D44A0108204B010870B582B007F06EF969
:101730005E4B1B68C01A41F28833984212D80026CB
:101740000DF106020DF10701594806F09BFD38B96D
:101750009DF8073003B902269DF8063003B9032629
:10176000002416E04FF48071524808F065F928B95A
:10177000012607F04BF94D4B1860E1E74FF400717B
:101780004C4808F059F908B10026F2E70126F0E7C5
:101790000134032C13DCE5B22946474803F018FA5C
:1017A00060B12946444803F029FEDFED447AB4EEE7
:1017B000E70AF1EE10FAEBDD052600E0042607F05B
:1017C00025F93F4B1B68C01A42F21073984217D894
:1017D00007F01CF93B4B1B68C01A43F6982398424C
:1017E00016D8394B5B782BBB07F010F9374B1B68C9
:1017F000C01A47F23053984200D9082600231FE050
:10180000334804F025FE07F001F92D4B1860DFE79F
:10181000304804F011FC47F22F53984204DD2E4B60
:10182000984202DD072600E0072607F0EFF8254B77
:101830001860D6E707F0EAF8244B1860D4E70133C4
:101840000F2B15DC254A02EB8302D2ED007AB0EEB5
:10185000047AF4EEC77AF1EE10FA08DC9FED207AF4
:10186000F4EEC77AF1EE10FAE9D50A2600E009266F
:101870001C4B93ED007ADFED1C7AB4EEE77AF1EEC3
:1018800010FA00DD0E2607F0C1F8184B1B68C01ACD
:101890004EF66023984206D807F0B8F8134B18604C
:1018A000304602B070BD1026F6E700BFE804002005
:1018B0005807002000140240180700200000AA4228
:1018C000E4040020E0040020B00A0020DC04002032
:1018D0002C09002054080020B0AD0100A80700200A
:1018E000CDCCCC3DD008002000009642D80400208A
:1018F00030B595B004460346214A5021684610F0A1
:1019000043FC6846FEF7C4FC4FF47A7382B2694622
:101910001C4809F0AFFD042C2AD021D8023CE4B2C7
:10192000012C06D80121184806F042FB642007F07C
:1019300073F8EC46154C0FCCACE80F0094E80F00A0
:10194000ACE80700ACF800306846FEF7A1FC4FF4A5
:101950007A7382B269460B4809F08CFD15B030BD30
:10196000062CE6D104F06CFD642007F055F8E0E7A2
:10197000074803F010FD322007F04EF8D9E700BF0A
:10198000544B01088C0B0020580700207C4B0108A9
:101990001807002008B5054804F08EFE044804F03E
:1019A0008BFE642007F038F8FBE700BF2808002012
:1019B0001008002000B9704770B5ACB005462F4B39
:1019C0001C6801341C602E4B187044222D4902A85B
:1019D00010F0C2FE13AE01942CAB03EB850353F859
:1019E000A83C00932B46284A6421304610F0CCFBDB
:1019F0003046FEF74DFC4FF47A7382B231462348ED
:101A000009F038FD002408E04FF48041204808F038
:101A100020F8C82007F000F801341E4AA2FB053266
:101A200002F0FC0303EB9203EB1ADBB2A342EBDA06
:101A3000A5F10903DBB2042B04D9174B1B78C3B102
:101A40002CB070BD13AE3446144D0FCD0FC40FCD66
:101A50000FC40FCD0FC42B6823703046FEF718FC5F
:101A60004FF47A7382B23146084809F003FDFFF75C
:101A700091FF2846FFF73CFFE2E700BFF00400209B
:101A8000F4040020D04901089C4B01088C0B002075
:101A900000140240CDCCCCCCEC040020BC4B01089F
:101AA00008B5FFF741FE08B9012008BDFFF782FF26
:101AB000064B1B782BB9064B1B680A2B03D8012059
:101AC000F3E70020F1E70020EFE700BFEC0400207F
:101AD000F00400202DE9F04FADF5437D10901191F9
:101AE000B04B13AC186859689A68DB680FC44FF4A0
:101AF000F2720021204610F06AFDAB4B1B78002BE0
:101B000000F0008113AF3846FEF7C2FB05463E18D1
:101B1000A64C0FCC78517160B260F36090ACA44BCE
:101B20001B680093A34B1B78A34AC821204610F0E2
:101B30002BFB13AD2146284610F051FD9F4B186832
:101B4000FEF712FDCDE90A019D4BD3E90023CDE953
:101B500008239C4BD3E90023CDE906239A4B186850
:101B6000FEF702FDCDE90401984B1868FEF7FCFC76
:101B7000CDE90201964B1868FEF7F6FCCDE90001AD
:101B8000944AC821204610F0FFFA2146284610F05A
:101B900026FD0DF14B040DF14A0221468E4806F058
:101BA00071FB9DF84B30002B00F0B7808B4B9DF8FC
:101BB0004A20002A00F0B380884A90AD0092884AFB
:101BC000C821284610F0E0FA13AE2946304610F03E
:101BD00006FD844C0021204604F045FC07EE900AE7
:101BE000F8EE677A804BC3ED007A0121204604F0BD
:101BF0003AFC07EE900AF8EE677A7C4AC2ED007A6A
:101C00000221204604F02FFC07EE900A784FF8EEF0
:101C1000677AC7ED007A0321204604F024FC07EE22
:101C2000900ADFF80082F8EE677AC8ED007A0421A6
:101C3000204604F018FC07EE900ADFF8EC91F8EE6D
:101C4000677AC9ED007A0521204604F00CFC07EE06
:101C5000900ADFF8D8A1F8EE677ACAED007A06217B
:101C6000204604F000FC07EE900ADFF8C4B1F8EE5D
:101C7000677ACBED007A0721204604F0F4FB07EEEB
:101C8000900AF8EE677A5B4BC3ED007A17EE900A84
:101C9000FEF76AFCCDE90E01DBF80000FEF764FCFC
:101CA000CDE90C01DAF80000FEF75EFCCDE90A018F
:101CB000D9F80000FEF758FCCDE90801D8F800007B
:101CC000FEF752FCCDE906013868FEF74DFCCDE980
:101CD0000401464A1068FEF747FCCDE90201424B79
:101CE0001868FEF741FCCDE90001434AC8212846A7
:101CF00010F04AFA2946304610F071FC0023DFED5F
:101D00003F7A16E013AC2046FEF7C2FA03462518C8
:101D10003B4A03CAE050696000E73A4B47E7394A5B
:101D20004BE7394A02EB830292ED007A77EE877A2D
:101D300001330F2BF5DD90AC012302939FED337A35
:101D400067EE877A17EE900AFEF70EFCCDE90001E8
:101D50002F4AC821204610F017FA13AD2146284615
:101D600010F03DFC2B4B1B7801932B4B1B78009301
:101D70002A4B1B782A4AC821204610F005FA214632
:101D8000284610F02CFC119B5C1E22462946109D13
:101D9000284610F040FC00232B550DF5437DBDE88F
:101DA000F08F00BF0C4D0108EC040020044C01082A
:101DB000F0040020F40400201C4C0108500800200E
:101DC00048080020400800202409002020090020A5
:101DD000280900203C4C010858070020F04B01085E
:101DE000684C01081C05002018050020140500207F
:101DF00010050020FC0400207C4C010800000000BD
:101E0000144C0108F84B0108A80700200000803D91
:101E1000C04C01080B000020090000200A0000202F
:101E2000E44C01080C0500200805002004050020F2
:101E30000005002072B6FEE730B59FB016AC394DF4
:101E40000FCD0FC495E80F0084E80F004FF47A73AC
:101E50001F2216A9344809F00DFB344802F068FF30
:101E600038B3324803F097FA002835D02F4802F0F3
:101E7000CFFE002843D02D4803F060FA0DF12C0C62
:101E80002B4C0FCCACE80F000FCCACE80F0094E863
:101E90000700ACE803002CF8022B120C8CF8002091
:101EA0004FF47A732A220BA91F4809F0E3FA1FB0F6
:101EB00030BD6C461F4D0FCD0FC40FCD0FC495E83C
:101EC000070003C422704FF47A732822694616482B
:101ED00009F0D0FAFFF7AEFF6C46174D0FCD0FC4D7
:101EE0000FCD0FC495E8070003C422704FF47A7336
:101EF000282269460C4809F0BDFAFFF79BFF6C46A3
:101F00000E4D0FCD0FC40FCD0FC495E8030044F85C
:101F1000040B21704FF47A7324226946024809F0B9
:101F2000A9FAA8E71C4D01088C0B00201807002017
:101F30003C4D0108684D0108944D0108C04D010851
:101F400000B589B00023049305930693079301938A
:101F5000029303931448154A0260D72242608360BB
:101F60004FF6FE72C26003614361836108F0FEFEBA
:101F700098B94FF48053049304A90B4808F034FF38
:101F800068B9002301930293039301A9064808F05E
:101F9000ABFF30B909B05DF804FBFFF74BFFFFF76B
:101FA00049FFFFF747FF00BF9C0C002000000140E5
:101FB00008B51148114B0360114B43600023836047
:101FC0000122C260036143618361C361036207F060
:101FD0004BFF50B90021084808F03AF938B9002100
:101FE000054808F062F920B908BDFFF723FFFFF7A5
:101FF00021FFFFF71FFF00BF580E002000540040D4
:10200000A06E911008B51148114B0360114B43604D
:10201000002383600122C260036143618361C36165
:10202000036207F021FF50B90021084808F010F9B9
:1020300038B90021054808F038F920B908BDFFF784
:10204000F9FEFFF7F7FEFFF7F5FE00BF040E0020D4
:1020500000580040A06E911008B51148114B036064
:10206000114B4360002383600122C260036143611E
:102070008361C361036207F0F7FE50B9002108488D
:1020800008F0E6F838B90021054808F00EF920B943
:1020900008BDFFF7CFFEFFF7CDFEFFF7CBFE00BF79
:1020A000B00D0020005C0040A06E911008B51048F3
:1020B000104B03604FF482734360002383604FF43E
:1020C000E062C260036143614FF4007282611822D2
:1020D000C2610362436283620722C2620363082310
:1020E000436308F039FA00B908BDFFF7A3FE00BF4B
:1020F0004C0D00200030014008B51048104B036023
:102100004FF482734360002383604FF4E062C26047
:10211000036143614FF4007282611822C26103625D
:10212000436283620722C26203630823436308F0A9
:1021300013FA00B908BDFFF77DFE00BFE80C0020D0
:102140000034014008B50B480B4B03604FF41653A5
:10215000436000238360C36003610C22426183619A
:10216000C3610362436209F0B5FA00B908BDFFF725
:1021700061FE00BF140C00200050004008B50B4861
:102180000B4B03604FF4E133436000238360C36073
:1021900003610C2242618361C3610362436209F0FF
:1021A00099FA00B908BDFFF745FE00BF8C0B00206F
:1021B0000048004010B594B008AC30220021204601
:1021C00010F005FA002303930493059306930793F5
:1021D00007F056FC224B1A6C42F080521A641B6CBA
:1021E00003F080530193019B1E4B1A6842F4404256
:1021F0001A601B6803F440430293029B0123089377
:102200004FF48033099302230E934FF480020F9210
:10221000082210924FF4D87211921293092313934B
:10222000204606F0CDFCA8B907F032FCA0B90F2378
:10223000039302230493002305934FF4A0530693C2
:102240004FF480530793072103A806F041FF28B9F4
:1022500014B010BDFFF7EEFDFFF7ECFDFFF7EAFD50
:10226000003802400070004010B5A2B001AC8422DA
:102270000021204610F0ABF9064B01934FF080731C
:102280000F93204607F000F808B922B010BDFFF701
:10229000D1FD00BF100020002DE9F04F2DED0A8B7D
:1022A000ADF52F7DFEF754FD06F098FBFFF782FF9A
:1022B000FFF7DAFFFEF776FDFFF742FEFFF778FE45
:1022C000FFF7A0FEFFF7C8FEFFF7F0FE01F05AFA95
:1022D000FFF712FFFFF736FFFFF750FF01F0EAFDAF
:1022E000324803F0C3F9324808F074FCFEF71CFDD5
:1022F000304806F091FB304C00224021204607F088
:10230000A2FB2E4D01221021284607F09CFB6420E1
:1023100006F082FB01222021284607F094FB64206E
:1023200006F07AFB01224021204607F08CFB642056
:1023300006F072FBFEF73EFE20B14FF47A7006F015
:102340006BFBFAE705461E4C01228021204607F070
:102350007AFB642006F060FB01224FF48071204676
:1023600007F071FB642006F057FB01224FF4007167
:10237000204607F068FB642006F04EFB04F060F88E
:102380000895099530E028EEA87AF7EE007A77EE06
:10239000C77A28EE080A37EEC00A0BF083FEB1EECA
:1023A000400A084B83ED000A05E300BF8C0B0020B8
:1023B0009C0C002020BF02000014024000180240C4
:1023C000001002407C080020E34BC3ED008AE34B81
:1023D00083ED008AE24B83ED009A4FF4967006F08D
:1023E0001BFB089B01330893089B092B00F3858492
:1023F000DC4C204604F02CF8B4F9003007EE903A9B
:10240000F8EEE77ADFF8CCB3CBED007AB4F902301E
:102410000BEE903AF8EEEBBADFF8BCA3CAED00BAC7
:10242000B4F904300BEE103AB8EECBBADFF8AC9347
:1024300089ED00BA94ED029AB1EE499ADFF8A083D3
:1024400088ED009AD4ED038AF1EE688AC64FC7ED95
:10245000008AD4ED04AAC54AC2ED00AAB4F914302A
:1024600008EE103AB8EEC88AC14E86ED008AB4F97B
:10247000163009EE903AF8EEE99ABE4DC5ED009A95
:10248000B4F918300AEE103AB8EECAAABA4C84ED84
:1024900000AA17EE900AFEF767F8ABA3D3E9002372
:1024A000FEF7BAF8FEF790FB0CEE100ACBF800002E
:1024B0001BEE900AFEF758F8A3A3D3E90023FEF71A
:1024C000ABF8FEF781FB0BEE900ACAF800001BEE9A
:1024D000100AFEF749F89CA3D3E90023FEF79CF805
:1024E000FEF772FB0BEE100AC9F80000A34BD3ED08
:1024F000007A3CEE67CA8BED00CAD3ED017A7BEE21
:10250000E7BACAED00BAD3ED027A3BEE67BA89EDBD
:1025100000BADFED9B7A29EE279A88ED009A68EEE3
:10252000A78AC7ED008A6AEEA7AA904AC2ED00AA60
:10253000944BD3ED007A39EE679A88ED009AD3ED8B
:10254000017A78EEE78AC7ED008AD3ED027A7AEE57
:10255000E7AAC2ED00AA18EE100AFEF705F87AA362
:10256000D3E90023FEF758F8FEF72EFB08EE100A19
:10257000306019EE900AFDF7F7FF73A3D3E900234B
:10258000FEF74AF8FEF720FB09EE900A28601AEEE3
:10259000100AFDF7E9FF6CA3D3E90023FEF73CF82E
:1025A000FEF712FB07EE100A2060774BD3ED007A9E
:1025B00078EE677A754A92ED00AA27EE8AAAD3EDE3
:1025C000016A79EEE66A724A92ED006A26EE866A40
:1025D0003AEE06AA93ED026A37EE467A6D4B93ED1A
:1025E000006A27EE066A3AEE06AA6B4B83ED00AA54
:1025F0006A4BD3ED009A67EEA99A694B93ED006A96
:1026000026EE866A79EE869A664B93ED006A27EE8F
:10261000066A79EE869A644BC3ED009A634B93ED9C
:10262000006A27EE868A624BD3ED007A66EEA76ACF
:1026300038EE268A5F4BD3ED007A27EE277A38EE04
:10264000078A5D4B83ED008A86ED00AAC5ED009AEE
:1026500084ED008A6AEE0A7A29EEA97A77EE877A03
:1026600028EE080A37EE800A0BF01CFDCAEE007A4D
:10267000C6ED007AC9EE807AC5ED007AC8EE007A20
:10268000C4ED007A4D4B83ED00CA4D4BC3ED00BA4B
:102690004C4B83ED00BA4C4E86ED009A4B4FC7ED84
:1026A000008A4B4DC5ED00AA19EE100AFDF75CFF3C
:1026B00027A3D3E90023FDF7AFFFFEF785FA3060CB
:1026C00018EE900AFDF750FF21A3D3E90023FDF790
:1026D000A3FFFEF779FA38601AEE900AFDF744FF7F
:1026E0001BA3D3E90023FDF797FFFEF76DFA2860DF
:1026F000194B93ED008A1A4B93ED009AF0EE490ABC
:10270000B0EE480A0BF0CCFCDFF8D8B08BED000A35
:10271000124BD3ED008AF0EE490AB0EE680A0BF0D6
:10272000BFFCDFF8C4A08AED000AF0EE680AB0EE44
:10273000480A0BF0B5FCDFF8B49089ED000AFEF70B
:102740003FFD55E0AFF30080AF423811FEFF0F3F71
:10275000CAC342AD69DE913F9C0800209808002062
:10276000940800202C090020F0080020EC0800202C
:10277000E8080020E4080020E008002030000020E5
:102780000C007A3C240000201409002020000020C6
:102790001C00002010090020DC0800200C0900208B
:1027A0001800002008090020D80800200409002093
:1027B0001400002010000020D4080020CC080020C5
:1027C000C8080020C4080020C0080020BC08002061
:1027D000B808002000090020FC080020F8080020AC
:1027E000F4080020A8080020A4080020A008002069
:1027F0000446DD4B1860DFF8D083D8F80030C21AE9
:1028000008EE102AD94B1A60DBF80000FDF7ACFE89
:10281000CDE90401B8EEC88AD7ED007A68EE277AD0
:1028200017EE900AFDF7A0FECBA3D3E90023FDF736
:10283000F3FE02460B46DDE90401FDF737FDFEF726
:10284000C3F909EE100ACA4B1860DAF80000FDF768
:102850008BFE82468B46D6ED007A68EE277A17EE1D
:10286000900AFDF781FEBCA3D3E90023FDF7D4FE57
:1028700002460B4650465946FDF718FDFEF7A4F9EF
:1028800009EE900ABB4B1860D9F80000FDF76CFE0A
:1028900006460F46D5ED007A68EE277A17EE900AC5
:1028A000FDF762FEACA3D3E90023FDF7B5FE0246B7
:1028B0000B4630463946FDF7F9FCFEF785F9AE4B7D
:1028C0001860C8F80040B0EE490A0BF03DFD10EE6C
:1028D000100AFDF749FE04460D46B0EE490A0BF01A
:1028E0007BFC20EE008AB0EE690A0BF067FD28EE53
:1028F000008A68EE007A17EE900AFDF735FE002296
:102900009E4BFDF7D3FC41EC100B0BF09DFC53EC00
:10291000102B20462946FDF7A9FFFEF755F908EED2
:10292000900A974B1860B0EE690A0BF00DFD10EE9F
:10293000100AFDF719FE04460D46B0EE690A0BF0C9
:102940004BFC20EE008AB0EE490A0BF037FD28EE72
:10295000008A68EE007A17EE900AFDF705FE002265
:10296000864BFDF7A3FC41EC100B0BF06DFC53EC18
:10297000102B20462946FDF779FFFEF725F908EED2
:10298000100A804B1860804BD3ED007AF5EEC07AC8
:10299000F1EE10FAFFF6F7AC28EEA87AF7EE007A1F
:1029A00077EEC77A28EE080A37EEC00A0BF07AFBFA
:1029B000764B83ED000A764B1868FDF7D5FD0022B3
:1029C000744BFDF729FE04460D4618EE900AFDF7FC
:1029D000CBFD00226F4BFDF71FFE02460B46204643
:1029E0002946FDF763FCFEF7EFF808EE900A6A4B04
:1029F00018606A4B1868FDF7B7FD0022654BFDF7BC
:102A00000BFE04460D4618EE100AFDF7ADFD002240
:102A1000604BFDF701FE02460B4620462946FDF7B6
:102A200045FCFEF7D1F808EE100A5D4B18605D4BCF
:102A30001868FDF799FD0022564BFDF7EDFD0446A1
:102A40000D46524B1868FDF78FFD0022514BFDF7E4
:102A5000E3FD02460B4620462946FDF727FCFEF71C
:102A6000B3F809EE100A504B186028EEA8AA68EED9
:102A700008AA3AEE2A0A69EE099A30EE290A0BF002
:102A800011FB4A4B83ED000AB0EE6A0A0BF00AFB19
:102A900079EE800AB0EE680A0BF002FB9FED44BAB3
:102AA00060EE0B7A17EE900AFDF75EFD2CA3D3E9DA
:102AB0000023FDF7DBFEFEF787F804463D4B186068
:102AC000B0EE4A0A0BF0EEFA79EE800AB0EE480A50
:102AD0000BF0E6FA60EE0B7A17EE900AFDF744FD74
:102AE0001FA3D3E90023FDF7C1FEFEF76DF80546ED
:102AF000314B1860314B1868FDF736FD804689462A
:102B00002046FDF731FD16A3D3E90023FDF784FD30
:102B100000222B4BFDF7AAFE41EC1A0BB0EE4A0A3D
:102B2000F0EE6A0A0BF0C4FB54EC103B8DED040B85
:102B30001A46234640464946FDF76EFDCDE906019B
:102B4000204B1868FDF710FD82468B46B0EE4A0A0E
:102B5000F0EE6A0A3AE000BF8DEDB5A0F7C6B03ED0
:102B6000EA2E4454FB210940740800206C08002020
:102B7000B4080020B0080020AC0800200000F03F9E
:102B80008408002080080020940800207C08002091
:102B9000CC0800200000E03F90080020C80800207A
:102BA0008C080020C4080020880800207808002035
:102BB000000034432809002020090020E8080020F4
:102BC00000806640E0080020700800200BF02CFC1C
:102BD00057EC106B32463B4650465946FDF71CFDFC
:102BE00002460B46DDE90601FDF75EFBFDF7ECFF53
:102BF0000BEE900A2846FDF7B7FCC3A3D3E90023E8
:102C0000FDF70AFD0022C64BFDF730FE41EC1A0B22
:102C1000B0EE4A0AF0EE6A0A0BF006FC55EC104BD7
:102C200022462B4640464946FDF7F6FC02460B4637
:102C300030463946FDF7F0FC80468946B94B1868A6
:102C4000FDF792FC06460F46B0EE4A0AF0EE6A0A1D
:102C50000BF02EFB53EC102B30463946FDF7DCFC15
:102C600002460B4640464946FDF720FB06460F4606
:102C700022462B4650465946FDF7CEFC02460B46EF
:102C8000DDE90401FDF7C8FC02460B463046394633
:102C9000FDF70AFBFDF798FFF0EE6B0A00EE100A55
:102CA0000BF0FEF960EE0B7A17EE900AFDF75CFC74
:102CB00095A3D3E90023FDF7D9FD04460D469A4BB1
:102CC0001868FDF751FC02460B4620462946FDF7E1
:102CD000EBFAFDF779FF07EE900A944B1860F5EEDA
:102CE000C07AF1EE10FA7FF56FAB9FED917A77EE37
:102CF000877AC3ED007AFFF767BB099D27E08D480F
:102D000003F09AF907EE900AF8EEE77A9FED8A7AD7
:102D1000C7EE877A17EE900AFDF726FC9FED7C1B25
:102D200041EC100B0BF0E0F953EC102B0020834921
:102D3000FDF7BAFA78A3D3E90023FDF76DFCFDF7A0
:102D400043FF7F4B1860642005F066FE0135042DBB
:102D5000D5DD7C480FF00AFC7B480FF007FC7B4C6C
:102D60000121204605F024F905464FF4FA72114678
:102D7000204605F029FB0021204605F063FB0121D8
:102D8000204605F05FFB2DB1294671480FF086FB08
:102D9000FFF750F80DF2B6220DF2B7216B4805F09F
:102DA00071FA50B99DF8B7324BB16A499DF8B63205
:102DB0003BB1684A68480FF071FB002409E067499D
:102DC000F4E7664AF6E7654924E0644A64480FF090
:102DD00065FB9DF8B73213B19DF8B62202BB632C98
:102DE0001ED8642005F018FE0DF2B6220DF2B721B0
:102DF000564805F047FA01345A4BA3FB0423DB087D
:102E000003EB8303B4EB430FE3D19DF8B732002B00
:102E1000D9D050499DF8B632002BD6D04D4AD5E7CF
:102E20001BB19DF8B622002A5FD1002B67D049491B
:102E30009DF8B632002B64D0464A4B480FF02EFB6B
:102E40004FF40061494806F0F7FD002800F09E802D
:102E500001224FF48051464806F0F5FD40214348D9
:102E600006F0EAFD002800F0988001224FF400519E
:102E70003F4806F0E8FD00224FF400613D4806F0AF
:102E8000E2FD3D4C01224FF40061204606F0DBFDDF
:102E900001224FF48051204606F0D5FD4FF4FA7020
:102EA00005F0BAFD01224FF48061204606F0CBFD0B
:102EB0004FF4FA7005F0B0FDA3AC304E0FCE0FC446
:102EC0000FCE0FC496E8030084E803004FF47A7332
:102ED0002722A3A92A4808F0CDFAFEF7ADFFFEF796
:102EE00059FAFEF7C7FB2C4670E026480FF03EFB70
:102EF00025480FF03BFB154805F0A6F9A0E7174958
:102F000096E7164A99E700BFEA2E4454FB21094090
:102F10006C45D9CC955BC83F0000000040A5E5405A
:102F200000806640E40800200C00002024090020F6
:102F30000000B4435408002080E6C5470000F03F7D
:102F400050080020E84D0108104E010858070020E5
:102F5000484E0108F04B0108704E0108F84B01087B
:102F6000984E0108CDCCCCCC1C4F01080018024073
:102F700000140240000C024000100240604F0108A3
:102F80008C0B0020C04E0108E04E010800224FF4D7
:102F90008051994806F057FD60E700224FF4005138
:102FA000954806F050FD66E74FF47A70FEF7C6F8D4
:102FB000924E304602F020FD914B83ED000B3046DF
:102FC00002F0F2FC8F4B83ED000B0134092CEBDD9A
:102FD000002210218C4806F036FD2C4613E08A4E64
:102FE00001222021304606F02EFD4FF4FA70FEF744
:102FF000EDF800222021304606F025FD4FF4FA704E
:10300000FEF7E4F80134814B93ED007A804BD3ED69
:10301000007A27EE277ADFED7F6AC7EE267AFDEE8B
:10302000E77A17EE903AA342D9DC764BD3E900ABAE
:10303000734BD3E90089784B1E68784B1C6805F008
:10304000E5FCCDE99AABCDE99C899E969F94A09032
:103050009AA802F019FB724B93F85C30002BFAD05F
:10306000012208216F4806F0EEFC642005F0D4FC34
:10307000102303936C4B02932022019200930823A8
:1030800048226A496A4803F0DFFA08B9FEF7D2FE1F
:103090004FF480730393644B02934FF400720192D8
:1030A0000093082349226149624803F0CDFA08B928
:1030B000FEF7C0FE5E4E0021304603F0A3FA5D4CE1
:1030C0000021204603F09EFAFF21304603F081FAEA
:1030D000FF21204603F07DFA2C46072C07DC564BD7
:1030E0001A78E1B2524803F008FB0134F5E7072DE6
:1030F00007DC514B1A78E9B24E4803F0FEFA01356D
:10310000F5E7494C00222021204606F09CFC0022D5
:103110004FF40071204606F096FC012005F07CFC7F
:1031200001222021204606F08EFC01224FF400717E
:10313000204606F088FC142005F06EFC0122402198
:10314000314806F080FC0C230093802348223B4941
:103150003B4803F0F1F908B9FEF76CFE0C2300932D
:1031600080234A223549374803F0E6F9054608B17D
:1031700000241AE0FEF75EFE2146314803F073F9A1
:10318000314B1855FDF7DEF919A3D3E90023FDF7FC
:1031900043FA00222D4BFDF73FFAFDF715FD2C4BAE
:1031A00003EB840318600134E4B2072CE4D9002453
:1031B0001AE02146234803F056F9264B1855FDF72F
:1031C000C1F90BA3D3E90023FDF726FA04F10806A1
:1031D00000221E4BFDF720FAFDF7F6FC1C4B03EB1B
:1031E000860318600134E4B2072CE2D9002674E0AB
:1031F000811AB44DE7808A3F00140240B00A0020D3
:103200004808002040080020000C0240240900204B
:10321000040000200000B4435008002028090020CA
:10322000480900200018024000040240580E002007
:10323000280800201008002000000020040E0020B4
:1032400004080020F8070020F007002000001040CC
:10325000A8070020E80700200023002B3BD02346CE
:103260000134E4B2322B36D8934F3A78043AD2B2D2
:103270003A703146914803F040FA3146904803F0E5
:10328000F2F8904B9855FDF75DF985A3D3E900233B
:10329000FDF7C2F900228C4BFDF7BEF9FDF794FC57
:1032A0008A4B03EB860318603B78262BD4D9FDF7B5
:1032B0005BF97DA3D3E90023FCF7F6FF21F0004979
:1032C0007BA3D3E900234946FDF718FC08B12B4640
:1032D000C3E70023C1E70136F6B2072E04D8764BC8
:1032E0007E221A700024BAE7002642E00023002B59
:1032F0003DD023460134E4B2322B38D86E4F3A78B1
:10330000043AD2B23A703146714803F0F6F93146C8
:10331000704803F0A8F8704B9855FDF713F960A3B7
:10332000D3E90023FDF778F906F1080A0022664B7D
:10333000FDF772F9FDF748FC644B03EB8A03186054
:103340003B78262BD2D9FDF70FF957A3D3E90023F9
:10335000FCF7AAFF21F0004955A3D3E90023494611
:10336000FDF7CCFB08B12B46C1E70023BFE70136D0
:10337000F6B2072E04D8504B7E221A700024B8E70C
:10338000564C00224FF48051204606F05CFB0A2088
:1033900005F042FB01224FF48051204606F053FB1A
:1033A00001224FF40061204606F04DFB0C230093F0
:1033B000802349224A494B4803F0BEF808B9FEF77A
:1033C00039FD0023484A1360484A1370484A137075
:1033D0001DAC4FF4FA712046FEF77CFB2046FCF74B
:1033E00057FF81B2204600F0E5FD9EE000224FF439
:1033F00000613A4806F027FBFDF72EFF0FAE34467A
:103400003C4D0FCD0FC40FCD0FC40FCD0FC495E8A9
:10341000030044F8040B21703046FCF739FF4FF4E9
:103420007A7382B23146344808F024F814E0334C01
:103430004FF48051204606F00CFB4FF4005120461B
:1034400006F007FB4FF48041204606F002FB4FF4E4
:103450000041204606F0FDFA254B1B78002BE6D1F3
:103460006AE00DF2B6220DF2B721254804F00AFFFA
:103470009DF8B73213B19DF8B62242B963B1214924
:103480009DF8B63253B11F4A1F480FF007F805F0F8
:10349000BDFA1E4B186058E01D49F1E71C4AF3E7DE
:1034A000811AB44DE7808A3FE17A14AE47E1FA3FD2
:1034B0009A9999999999C93F0000002028080020FD
:1034C00004080020F007002000001040A80700209A
:1034D00010080020F8070020E8070020000C024038
:1034E000040E00201C050020F0040020F40400203D
:1034F000EC040020884F01088C0B002000140240CF
:1035000058070020F04B0108404F01082403002019
:10351000F84B0108012280216A4806F094FA05F070
:1035200075FA694B1860FDF7CBFF00F099F9FEF7CB
:10353000B7FA00283FF45AAF05F068FA624B1B68EF
:10354000C31A41F2883293428BD805F05FFA41F2F8
:1035500088339842E7D95D4C0021204602F083FF72
:1035600007EE900AF8EEE77A9FED598A67EE887ABF
:10357000584DC5ED007A0121204602F074FF07EE98
:10358000900AF8EEE77A67EE887A534BC3ED007A3B
:103590000221204602F067FF07EE900AF8EEE77A74
:1035A00067EE887A4D4BC3ED007A0321204602F086
:1035B0005AFF07EE900AF8EEE77A67EE887A484BF2
:1035C000C3ED007A0421204602F04DFF07EE900A79
:1035D000F8EEE77A67EE887A424BC3ED007A052170
:1035E000204602F040FF07EE900AF8EEE77A67EE19
:1035F000887A3D4BC3ED007A0621204602F033FF66
:1036000007EE900AF8EEE77A67EE887A374BC3ED5B
:10361000007A0721204602F026FF07EE900AF8EE16
:10362000E77A67EE887A324BC3ED007AD5ED006A0F
:10363000B3EE097AF4EEC76AF1EE10FA3FF76AAF1B
:10364000254BD3ED006AF4EEC76AF1EE10FA3FF7AE
:1036500061AF224BD3ED006AF4EEC76AF1EE10FAC7
:103660003FF758AF1E4BD3ED006AF4EEC76AF1EE98
:1036700010FA3FF74FAF1B4BD3ED006AF4EEC76A69
:10368000F1EE10FA3FF746AF174BD3ED006AF4EEB8
:10369000C76AF1EE10FA3FF73DAF144BD3ED006A65
:1036A000F4EEC76AF1EE10FA3FF734AFF4EEC77AE2
:1036B000F1EE10FA3FF72EAF00228021014806F00C
:1036C000C2F92CE7000C0240240300201C05002056
:1036D00012A5253F18050020140500201005002024
:1036E0000C0500200805002004050020000500202E
:1036F000FC04002010B504460068A168091A08B14E
:103700000AF0A7FC204610BD08B5FDF739FD08BD3D
:1037100008B5FDF74DFD08BD70B505460C4605F032
:1037200075F90646A1B2284600F044FC012806D1EE
:1037300005F06CF9831B322BF4D9002000E0012046
:1037400070BD00B586464FF0000C4FF6FF700FE0DD
:10375000400082B241F2210050400133072B05DCCA
:1037600010F4004FF4D1400080B2F6E70CF1010CE8
:103770008C4505D21EF80C3080EA03200023EDE7CB
:103780005DF804FB2DE9F04387B001AD00240194FE
:103790000294039404940594284B1A6B42F0080297
:1037A0001A631B6B03F008030093009B244E012255
:1037B0004FF40051304606F046F94FF400530193A0
:1037C0004FF00109CDF80890039402270497294689
:1037D000304606F02FF84FF48048CDF804804FF4BF
:1037E0008813029303972946304606F023F84FF4D6
:1037F00000430193029403972946304606F01AF8D5
:1038000022460621282005F05FF9282005F06CF9F2
:103810000C4D40F67302214628460EF0D8FE85F87E
:1038200000904146304606F007F9484514BF002095
:103830000120054B187007B0BDE8F0830038024046
:10384000000C024020170020A11F0020B0F5804F7F
:1038500000D07047014B01221A70FAE7A11F002027
:103860003C4B1B7803B9704730B583B0394B00220D
:103870001A704FF48041384806F0DEF804460128FB
:1038800001D003B030BD354B01221A7000224FF435
:103890000051314806F0D7F8142300931123304A21
:1038A0003049314806F0D0FF18BB2D4B5B78A52B73
:1038B00001D000251EE02A4B9B785A2B01D0002511
:1038C00018E0274A537B927B43EA0223202B00D93E
:1038D000202303EB430303F6120503F6020314222D
:1038E00000929BB2214A22491F4806F0ADFF0446D0
:1038F00000E0002501224FF40051174806F0A3F81C
:10390000164B00221A708CB91A4CA91E2046FFF7DC
:1039100018FF6B1E013CE25C635D43EA02239842A0
:1039200009D0154A136801331360AAE7134A1368D4
:1039300001331360A5E729460E48FFF7EDFE20B1DD
:103940000F4A1368013313609BE70C4A1368013375
:10395000136096E7A11F0020000C0240A01F00206A
:10396000AC0E0020201700204C0D0020BD0E0020C2
:1039700031170020AD0E0020941F0020981F00205A
:103980009C1F002082B00A4B1A6C42F080521A64CD
:103990001A6C02F080520092009A5A6C42F48042F3
:1039A0005A645B6C03F480430193019B02B070473F
:1039B000003802402DE9F043AFB0044600212991C0
:1039C0002A912B912C912D91842208A80EF0FFFDB5
:1039D0002368564A934208D0554A934231D0554AFB
:1039E000934259D02FB0BDE8F0834FF48043089341
:1039F00008A805F049FC08BB4F4C236B43F00203B9
:103A00002363236B03F002030193019BC0232993DB
:103A100012232A9300232B9303232C9304232D9307
:103A200029A9464805F006FF236C43F400132364DC
:103A3000236C03F400130293029BD3E7FEF7FAF919
:103A4000DAE74FF40043089308A805F01DFC00BB1B
:103A5000394C236B43F020032363236B03F02003D3
:103A60000393039B0323299312222A9200222B9271
:103A70002C9304232D9329A9314805F0DBFE236CF8
:103A800043F480032364236C03F480030493049BB6
:103A9000A8E7FEF7CFF9DBE74FF48033089308A8D7
:103AA00005F0F2FB00283DD1234C236B43F00403C7
:103AB0002363236B03F004030593059B236B43F0FF
:103AC00001032363236B03F001030693069B4FF46A
:103AD000007329934FF01209CDF8A8904FF0000819
:103AE000CDF8AC8003272C9704262D9629AD2946C6
:103AF000144805F09FFE4FF480732993CDF8A890E9
:103B0000CDF8AC802C972D9629460F4805F092FEF3
:103B1000236C43F400032364236C03F40003079332
:103B2000079B5FE7FEF786F9BEE700BF0054004041
:103B300000580040005C0040003802400004024091
:103B400000140240000802400000024000B58BB0A3
:103B50000023059306930793089309930368244A67
:103B6000934205D0234A934222D00BB05DF804FB68
:103B7000214B5A6C42F480525A645A6C02F48052BF
:103B80000192019A1A6B42F001021A631B6B03F057
:103B900001030293029BE023059302230693032370
:103BA00008930523099305A9144805F043FEDCE7B3
:103BB000114B5A6C42F400525A645A6C02F400528F
:103BC0000392039A1A6B42F010021A631B6B03F004
:103BD00010030493049B6423059302230693032399
:103BE00008930523099305A9054805F023FEBCE7C2
:103BF0000030014000340140003802400000024023
:103C0000001002400268094B9A4200D0704782B00F
:103C100003F59C335A6C42F001025A645B6C03F06A
:103C200001030193019B02B0704700BF00000140F7
:103C30002DE9F041ACB0044600212791289129914B
:103C40002A912B91842206A80EF0C1FC23683D4ADC
:103C5000934205D03C4A934247D02CB0BDE8F08156
:103C60004FF48063069306A805F00EFB002839D1B7
:103C7000364B1A6C42F480121A641A6C02F48012E9
:103C80000192019A1A6B42F004021A631A6B02F055
:103C900004020292029A1A6B42F008021A631B6B2A
:103CA00003F008030393039B4FF4805327934FF0D3
:103CB0000208CDF8A0800027299703262A96082518
:103CC0002B9527AC2146224805F0B4FD0423279309
:103CD000CDF8A08029972A962B9521461D4805F0FE
:103CE000A9FDBAE7FEF7A6F8C2E74FF48073069382
:103CF00006A805F0C9FA10BB144B1A6C42F48022D6
:103D00001A641A6C02F480220492049A1A6B42F02C
:103D100002021A631B6B03F002030593059B4FF429
:103D200040632793022328930023299303232A9394
:103D300007232B9327A9084805F07CFD8DE7FEF7A4
:103D400079F8D9E7005000400048004000380240B0
:103D500000080240000C024000040240FEE7FEE7BB
:103D6000FEE7FEE7FEE770477047704708B504F0CE
:103D700041FE08BD08B5024808F009F808BD00BFBB
:103D8000A436002008B54FF4804005F06BFE08BD56
:103D9000034AD2F8883043F47003C2F88830704781
:103DA00000ED00E00120704708B50EF09BFC1623E3
:103DB00003604FF0FF3008BD08B54FF0FF31FFF74B
:103DC000F3FFFEE770B50C461646002506E0AFF39C
:103DD0000080214601F8010B01350C46B542F6DBA7
:103DE000304670BD70B50C461646002504E014F848
:103DF000010BFDF71FFA0135B542F8DB304670BD07
:103E00004FF0FF3070474FF400534B600020704775
:103E1000012070470020704710B503460C4A0D4939
:103E20000D48006840B10C4800680344521A9342A0
:103E300006D8094A136010BD0748084C0460F2E731
:103E40000EF050FC0C2303604FF0FF30F3E700BF8F
:103E50000000052060040000A41F0020303D002069
:103E6000DFF834D0FFF794FF0C480D490D4A0023CA
:103E700002E0D458C4500433C4188C42F9D30A4A1F
:103E80000A4C002301E013600432A242FBD30EF07F
:103E90002FFCFEF701FA704700000520000000200B
:103EA000040300202864010808030020303D00209E
:103EB000FEE7000008B500220F49104809F05EF83F
:103EC00070B90F490D4809F070F860B90D490B48F9
:103ED0000AF063F850B9094809F087F848B908BDF5
:103EE000FDF7A8FFEDE7FDF7A5FFEFE7FDF7A2FF60
:103EF000F1E7FDF79FFFF2E790000020A81F0020E8
:103F0000F80000204800002000207047202813D02F
:103F1000212823D1124A13680B70C3F3072048707D
:103F2000C3F3074088701B0ECB7013790B71537964
:103F30004B7193798B7111E00B784A7843EA022335
:103F40008A7843EA0243CA7843EA0263044A136068
:103F50000B7913714B7953718B79937100207047F2
:103F6000400000200020704738B504460968FDF77E
:103F700057F9054D214628460AF028F828460AF048
:103F80004CF8002038BD00BFA81F002010B5064C1B
:103F90000022064920460AF00BF8054920460AF09F
:103FA00015F8002010BD00BFA81F002084220020AB
:103FB000842A00200A4BD3F8BC327BB1D3F81432E8
:103FC0000BB10120704710B5054C0A46014620464A
:103FD00009F0EEFF20460AF005F810BD03207047F7
:103FE000A81F002012230B80004870477C0000208F
:103FF00004230B8000487047780000200023934280
:104000001ED200B510E00CF1370C01F813C000010E
:104010004FEA430C0CF1010C4FF0000E01F80CE0DC
:104020000133DBB2934209D24FEA107CB0F1204F4A
:10403000E9D20CF1300C01F813C0E8E75DF804FB9D
:104040007047000038B50B4BD3F82004D3F8244454
:10405000D3F82834C01800D138BD074D08222946AE
:10406000FFF7CCFF042205F110012046FFF7C6FF41
:10407000F2E700BF00F0F01F5E00002008B51A2331
:104080000B80FFF7DFFF014808BD00BF5C00002088
:1040900010B50A46034C2146034809F0F6FC2046B9
:1040A00010BD00BF843200205851010810B50A46E7
:1040B000034C2146034809F0E8FC204610BD00BF30
:1040C000843200208051010810B50A46034C214675
:1040D000034809F0DAFC204610BD00BF84320020FE
:1040E0009851010810B50A46034C2146034809F0CF
:1040F000CCFC204610BD00BF84320020A451010832
:10410000032805D8DFE800F0050402050120704708
:104110000320704710B588B00023039304930593E0
:10412000069307930368B3F1A04F01D008B010BD08
:1041300003AA194C236B43F001032363236B03F0A1
:1041400001030093009B4FF4C05303930223049395
:10415000032306930A2307931146104805F06AFBD0
:10416000636B43F080036363636B03F0800301932D
:10417000019B636C43F480436364636C03F480438A
:104180000293029B00221146432004F09DFC432031
:1041900004F0AAFCCAE700BF003802400000024059
:1041A00008B500F29C41D0F8DC0408F034FF08BDEB
:1041B00008B501EBC10300EB8303D3F86022D0F80C
:1041C000DC0408F0F6FF08BD08B501EBC10300EB05
:1041D00083031A6AD0F8DC0409F04EF808BD08B56C
:1041E000D0F8DC0408F093FF08BD10B50446C3798D
:1041F000022B09D10121D4F8DC0408F06BFFD4F8BC
:10420000DC0408F034FF10BDFDF714FEF2E70000F7
:1042100010B50446D0F8DC0408F05FFF2268D2F83D
:10422000003E43F00103C2F8003EE37A23B1034AA3
:10423000136943F00603136110BD00BF00ED00E0F9
:1042400008B5D0F8DC0408F056FF08BD08B5D0F872
:10425000DC0408F082FF08BD08B5D0F8DC0408F0E3
:1042600066FF08BD08B5D0F8DC0408F08CFF08BD77
:1042700008B5D0F8DC0408F088FF08BD02780AB160
:104280000020704710B503461548C0F8DC34C3F869
:10429000C8024FF0A0430360062303710222C271DB
:1042A0000023837142728372C37203738373C37377
:1042B00007F0A9FA80B90A4C8021204608F08DF851
:1042C00040220021204608F062F880220121204689
:1042D00008F05DF8002010BDFDF7ACFDEBE700BF76
:1042E000A436002008B5D0F8C80207F015FBFFF788
:1042F00007FF08BD08B594461A466346D0F8C802C1
:1043000007F0DDFBFFF7FCFE08BD08B5D0F8C802DA
:1043100007F01BFCFFF7F4FE08BD08B5D0F8C80293
:1043200007F09EFCFFF7ECFE08BD08B5D0F8C80208
:1043300007F0D9FCFFF7E4FE08BDD0F8C83211F051
:10434000800F08D101F07F0101EBC10103EB810374
:1043500093F85602704701F07F0101EBC10103EBB6
:104360008103987D704708B5D0F8C80207F094FB28
:10437000FFF7C6FE08BD08B5D0F8C80207F04BFC31
:10438000FFF7BEFE08BD08B5D0F8C80207F015FC5F
:10439000FFF7B6FE08BD08B5D0F8C80207F032FC3A
:1043A00008BD00000048704784340020704708B5FD
:1043B0000022826580F85C20C0F8602180F86421CA
:1043C00000F0D2F808BD10B5044600F019F92046F7
:1043D000FFF7EDFF204610BD2DE9F0410646D0F86D
:1043E0006001C0F58074944228BF144606F15D0751
:1043F000224638440EF0B0F9D6F860512544C6F88C
:10440000605196F86481B8F1000F17D1002400E0E4
:104410000134022D0BD9E31C9D4208D303222F49FE
:1044200038190EF0ABF80028F2D14FF00108B8F1BE
:10443000000F15D04CB9012386F86431D6F860819D
:10444000B8F1490F3AD8BDE8F0812A1B391938462E
:104450000EF0A4F8D6F860311B1BC6F86031EAE70D
:104460002C46022D28BF02240DB1022D02D8C6F819
:104470006041E8E7291B2246394438460EF08EF8A1
:10448000F5E70023C6F8603186F86431012218E0B0
:104490000134E51CA84513D30322114938190EF045
:1044A0006DF80028F4D12A463946304600F0E4F988
:1044B00002460028E5D00223B36502E00324E8E7C2
:1044C0000022D6F86031FF2BBDD9002ABBD10023D2
:1044D000C6F8603186F86431B5E700BFB451010811
:1044E000B85101082DE9F04182B0154B0193032A20
:1044F0001BD980460F4616460024251DB54214D808
:1045000004220DEB020138190EF038F808B101341D
:10451000F3E7012388F85C30C8F858300023C8F866
:10452000603188F86431B54202D302B0BDE8F08151
:10453000321B043A79194046FFF74EFFF5E700BFFA
:10454000172E9EED002A18BF00290AD008B5836DEA
:1045500023B1012B04D1FFF73FFF01E0FFF7C2FFBA
:1045600008BD7047000000001BA3D3E90023C0E989
:1045700000231BA3D3E90023C0E902231AA3D3E934
:104580000023C0E904232023836119A3D3E9002376
:10459000C0E9082318A3D3E90023C0E90A230022B5
:1045A0000B4BC0E90C2300220A4BC0E90E2306A3E3
:1045B000D3E90023C0E91023C0E91223012380F8C6
:1045C00050307047AFF3008000000000006AE84000
:1045D00000408F4000409F40000000205FA002424A
:1045E000691D554D1075FF3E8DEDB5A0F7C6A03E77
:1045F00000000000D012634100000000389C7C41A4
:1046000010B50446FFF7B0FF204610BD00000000C3
:104610002DE9D0430446D0E9006775A3D3E9002310
:1046200030463946FCF76AFA002840F0AA8072A3A7
:10463000D3E9002330463946FCF77EFA002840F0E3
:10464000A380D4E902676EA3D3E90023304639463C
:10465000FCF754FA002840F099806BA3D3E90023BB
:1046600030463946FCF768FA002840F09180D4E9DA
:10467000046767A3D3E9002330463946FCF73EFAC6
:10468000002840F0878064A3D3E9002330463946F0
:10469000FCF752FA00287FD1A369013BFF2B7DD89C
:1046A000D4E908675EA3D3E9002330463946FCF716
:1046B00025FA002874D15CA3D3E90023304639469B
:1046C000FCF73AFA00286DD1D4E90A8942464B46F4
:1046D00030463946FCF726FA002865D152A3D3E9C3
:1046E000002340464946FCF727FA00285ED1D4E96A
:1046F0000C6700223C4B30463946FCF7FFF9002896
:1047000056D133A3D3E9002330463946FCF714FAD7
:1047100000284FD1D4E90E670022334B304639468A
:10472000FCF7ECF9002847D129A3D3E90023304650
:104730003946FCF701FA002840D1D4E9106700227D
:10474000294B30463946FCF7D9F9C8BB22A3D3E937
:10475000002330463946FCF7EFF998BBD4E91267DD
:104760000022224B30463946FCF7C8F960BB1CA337
:10477000D3E9002330463946FCF7DEF930BB01208F
:1047800000E00020BDE8D0830020FBE70020F9E72F
:104790000020F7E70020F5E70020F3E70020F1E72D
:1047A0000020EFE70020EDE70020EBE70020E9E73D
:1047B0000020E7E70020E5E70020E3E70020E1E74D
:1047C0000020DFE70020DDE70020DBE70020D9E75D
:1047D000000000000088C34000000000006AF840AC
:1047E00000000000006A08410000594000408F406E
:1047F0000000000065CDCD41000000E8764837425A
:104800008DEDB5A0F7C6B03EFCA9F1D24D62503F88
:1048100048AFBC9AF2D77A3EF168E388B5F8E43E37
:104820000000000080842E410000000084D79741E2
:10483000002000220023072810DC00B54FEA032CDB
:104840004CEA126C11F800E04EEA02226346013095
:104850000728F3DD43EC102B5DF804FB43EC102B31
:1048600070470023184603E0CA5C42EA0020013387
:10487000032BF9DD70470000F8B50446002918BF86
:10488000492A94BF012700275BD90D46164603220B
:10489000324928460DF072FE002857D1033E03220C
:1048A0002F49A8190DF06AFE002853D1E91C2046B3
:1048B000FFF7BEFF84ED000B05F10B012046FFF76B
:1048C000B7FF84ED020B05F113012046FFF7B0FF9F
:1048D00084ED040B05F11B012046FFF7C2FFA06128
:1048E00005F11F012046FFF7A3FF84ED080B05F13A
:1048F00027012046FFF79CFF84ED0A0B05F12F01ED
:104900002046FFF795FF84ED0C0B05F1370120469B
:10491000FFF78EFF84ED0E0B05F13F012046FFF7F8
:1049200087FF84ED100B05F147012046FFF780FF5C
:1049300084ED120B2046FFF76BFE074684F850000B
:1049400002E0002780F850703846F8BD002384F854
:104950005030F9E7002384F85030F5E7B4510108EE
:10496000B851010810B5084C01221146204605F047
:104970006AF801220221204605F065F8012204218F
:10498000204605F060F810BD0018024008B501226D
:104990004FF40051014805F056F808BD00100240E0
:1049A00082B001EB81014900019100E000BF019B51
:1049B0005A1E0192002BF9D102B0704710B582B097
:1049C0001C4652B14FF47A730093A3B2074805F026
:1049D0003BFF48B9204602B010BD4FF47A73A2B233
:1049E000024805F02DFEF4E70020F4E74C0D00200E
:1049F00008B5436900691B1AB1EBA30F09D2064B36
:104A000053F8310003EBC10399881AB1002205F075
:104A10001AF808BD0122FAE76058010830B583B0E2
:104A200004460D469DF81810F9B108218DF80410C0
:104A30009DF80410C2F3042001438DF804108DF892
:104A400005208DF80630012229462046FFF7D0FFC9
:104A50000323002201A92046FFF7B0FF00222946C8
:104A60002046FFF7C5FF03B030BD016951F825109E
:104A70000978490101F060018DF80410D8E7F0B51C
:104A800083B0054611B17F27002420E02027FBE7F3
:104A9000002600963B46292221462846FFF7BEFF06
:104AA00000963B462A2221462846FFF7B7FF00968C
:104AB0003B462B2221462846FFF7B0FF00963B4697
:104AC0002C2221462846FFF7A9FF0134E4B26B6986
:104AD0002A699B1AB4EBA30FDAD303B0F0BD70B50B
:104AE00082B0054611B1302600240BE00026FBE71A
:104AF0000023009333462D2221462846FFF78EFFE0
:104B00000134E4B26B692A699B1AB4EBA30FEFD3AB
:104B100002B070BD10B50446017011B93223436074
:104B200010BD0A234360FFF71DFF2046FFF72EFF4D
:104B300001212046FFF7A3FF01212046FFF7CFFF09
:104B4000EEE72DE9F04385B005460E4617460DF118
:104B50000C080024ADF80C408DF80E400DF108094A
:104B6000ADF808408DF80A40009418232246FFF75C
:104B700055FF2B6953F826301B785B0103F0600367
:104B800043F080038DF80C3043EA17238DF80C3086
:104B90008DF80D708DF80E40012231462846FFF742
:104BA00027FF03234A4641462846FFF707FF2246D0
:104BB00031462846FFF71CFF009423462246314623
:104BC0002846FFF72BFF9DF80A0005B0BDE8F083EB
:104BD000436902699B1AB1EBA30F01D30020704710
:104BE00030B583B004460D4600230093A5230A2266
:104BF000FFF714FF012003F00FFF0A222946204689
:104C0000FFF79FFFA52814BF0020012003B030BD8F
:104C100038B50546002401E00134E4B26B692A6925
:104C20009B1AB4EBA30F07D221462846FFF7D0FF0B
:104C300003460028F0D100E00123184638BDF0B546
:104C400083B004460D4616461F46FFF77AFF012241
:104C500002FA07F303439DF820200092DBB23246AC
:104C600029462046FFF7DAFE03B0F0BDF0B583B069
:104C700004460D4616461F46FFF763FF4FF0010C32
:104C80000CFA07FC6FEA0C0C4FFA8CFC00EA0C03E0
:104C90009DF820200092DBB2324629462046FFF7DD
:104CA000BDFE03B0F0BD00B583B042B10023009358
:104CB00002233122FFF7C3FF03B05DF804FB00239A
:104CC000009302233122FFF7D1FFF5E770B50546C7
:104CD0000E46002406E0324621462846FFF7E3FF51
:104CE0000134E4B26B6928691B1AB4EBA30FF2D349
:104CF00069682846FFF754FE70BD10B504460121CF
:104D0000FFF7E4FF03F082FE4FF47A7303FB00F039
:104D1000E06010BD10B504460021FFF7D7FF03F097
:104D200075FE4FF47A7303FB00F0E06010BD0000E5
:104D300070B596B004460CAD644E0FCE0FC50FCEC5
:104D40000FC596E8030045F8040B29804FF47A73E9
:104D500025220CA95E4806F08DFB5E4D01224FF422
:104D60000041284604F06FFE012003F055FE0122A9
:104D70004FF48041284604F066FE012003F04CFE0B
:104D800000212046FFF7A2FF012003F045FE002589
:104D900010E00026009633462D2229462046FFF7D4
:104DA0003DFE009633464A2229462046FFF736FE4E
:104DB0000135EDB2636922699B1AB5EBA30FE8D305
:104DC00000224FF40051434804F03DFE022003F05E
:104DD00023FE00251EE0002600965D232922294699
:104DE0002046FFF71BFE00965D232A222946204617
:104DF000FFF714FE00965D232B2229462046FFF77D
:104E00000DFE00965D232C2229462046FFF706FE64
:104E10000135EDB2636922699B1AB5EBA30FDAD3B2
:104E20000A2003F0F9FD2C4D01221146284604F01A
:104E30000AFE01220221284604F005FE0122042177
:104E4000284604F000FE322003F0E6FD00251EE0B7
:104E5000002600960D23292229462046FFF7DEFD75
:104E600000960D232A2229462046FFF7D7FD0096FB
:104E70000D232B2229462046FFF7D0FD00960D2357
:104E80002C2229462046FFF7C9FD0135EDB26369A2
:104E900022699B1AB5EBA30FDAD30A2003F0BCFDFD
:104EA00002AC0E4D0FCD0FC40FCD0FC495E803001B
:104EB00044F8040B21704FF47A73242202A90448A9
:104EC00006F0D8FA012016B070BD00BFBC51010831
:104ED0008C0B00200010024000180240E451010831
:104EE00070B582B00446002977D10121FFF7EEFEAC
:104EF00000224FF40051754804F0A5FD052003F091
:104F00008BFD002508E0002300932D222946204632
:104F1000FFF784FD0135EDB2636922699B1AB5EB99
:104F2000A30FF0D3052003F077FD694D0122114650
:104F3000284604F088FD01220221284604F083FD62
:104F400001220421284604F07EFD0A2003F064FDBE
:104F500000251EE0002600967F23292229462046B0
:104F6000FFF75CFD00967F232A2229462046FFF7A3
:104F700055FD00967F232B2229462046FFF74EFD44
:104F800000967F232C2229462046FFF747FD013556
:104F9000EDB2636922699B1AB5EBA30FDAD3052042
:104FA00003F03AFD002510E000260096022331228E
:104FB00029462046FFF743FE009605233022294666
:104FC0002046FFF73CFE0135EDB2636922699B1A6A
:104FD000B5EBA30FE8D302B070BD0021FFF776FE5A
:104FE0003B4D00220121284604F02DFD0022022124
:104FF000284604F028FD00220421284604F023FD61
:10500000052003F009FD00251EE000260096202360
:10501000292229462046FFF701FD009620232A2257
:1050200029462046FFF7FAFC009620232B2229462A
:105030002046FFF7F3FC009620232C222946204629
:10504000FFF7ECFC0135EDB2636922699B1AB5EB01
:10505000A30FDAD3052003F0DFFC01224FF4005147
:105060001A4804F0F0FC0A2003F0D6FC002509E001
:105070000023009330232D2229462046FFF7CEFC43
:105080000135EDB2636922699B1AB5EBA30FEFD32B
:10509000052003F0C1FC002510E000260096022345
:1050A000312229462046FFF7E1FD009604233022F5
:1050B00029462046FFF7C3FD0135EDB26369226939
:1050C0009B1AB5EBA30FE8D385E700BF00100240A1
:1050D0000018024070B582B006460121FFF700FFBC
:1050E000002415E0002500952B462F22214630464E
:1050F000FFF794FC00950F232E2221463046FFF740
:105100008DFC336953F8243001225A601444E4B210
:10511000736932699B1AB4EBA30FE3D30120F061EA
:1051200002B070BD70B582B004460D46036953F8F5
:1051300021301B785B0103F060038DF804300026FA
:105140008DF8056081238DF806300122FFF750FCB1
:105150000323324601A92046FFF730FC3246294698
:105160002046FFF745FC02B070BD00B583B0009348
:1051700013460022FFF752FC03B05DF804FB00B5B4
:1051800083B0009260233822FFF748FC03B05DF83B
:1051900004FB436902699B1AB1EBA30F01D3002002
:1051A000704730B583B004460D46FFF7BBFF0A20B9
:1051B00003F032FC0023182229462046FFF7D5FFD2
:1051C000002229462046FFF7DAFF002300936023E0
:1051D000322229462046FFF721FC236953F8253067
:1051E0000120587003B030BD2DE9F04182B0054672
:1051F0000E469DF8207003F07F03124C14F80380D4
:1052000002F0030C0CF10A024FEA4C0C0CF11504ED
:105210000097DFF834C01CF803305200FFF7FEFBA4
:1052200000974346224631462846FFF7F7FB009792
:105230000123282231462846FFF7F0FB02B0BDE8E3
:10524000F08100BF60570108E05701082DE9F041E7
:1052500082B005460E469DF8207003F07F03124C85
:1052600014F8038002F0030C0CF110024FEA4C0C0E
:105270000CF121040097DFF834C01CF80330520011
:10528000FFF7CCFB00974346224631462846FFF7FE
:10529000C5FB00970123282231462846FFF7BEFBB5
:1052A00002B0BDE8F08100BF60570108E057010877
:1052B0002DE9F04182B080460F46164600251BE0DE
:1052C000621C00210091D2B229464046FFF78CFFB4
:1052D0000134E4B2032C0DD804EB8503FB5C002EF3
:1052E000EED1621C00210091D2B229464046FFF760
:1052F000ADFFEDE70135EDB2032D01D80024E9E75C
:10530000012002B0BDE8F08170B582B005460E46BE
:10531000144600922D233622FFF780FB00940623CB
:10532000372231462846FFF779FB009402232822D2
:1053300031462846FFF772FB02B070BD70B582B0EF
:1053400005460021FFF7CCFD002419E00026009659
:1053500033462E2221462846FFF760FB00960F2396
:105360002F2221462846FFF759FB32462146284680
:10537000FFF7CAFF2B6953F824305E600134E4B2B2
:105380006B692A699B1AB4EBA30FDFD30023EB618F
:10539000012002B070BD38B50546002401E001349B
:1053A000E4B26B692A699B1AB4EBA30F07D22146BA
:1053B0002846FFF7EEFE03460028F0D103E028461A
:1053C000FFF7BCFF0123184638BD30B583B0044653
:1053D0000D46009270233222FFF720FB322229462D
:1053E0002046FFF7AEFB10F0010FF7D0332229461D
:1053F0002046FFF7A6FB03B030BD000008B54369A7
:1054000002699B1AB1EBA30F16D252F821305B78D8
:1054100013B99FED0B0A11E00022FFF7D6FF00EE53
:10542000100AB8EEC00AF6EE007A20EE270ADFED89
:10543000057A30EE670A01E09FED010A08BD00BF62
:10544000339388C30000484210B504460068A16841
:10545000091A08B108F0FDFD204610BD38B5044614
:105460000D460C2008F0F7FD2B78037000234370E5
:1054700001224260024A826023602060204638BDDB
:105480000000C84110B50446006810B10C2108F0B6
:10549000E0FD00232360204610BD70B50646046879
:1054A000456803E02046FFF7EDFF0434A542F9D13B
:1054B0003046FFF7C9FF304670BD10B504462C30AA
:1054C000FEF718F904F12000FEF714F904F11000BA
:1054D000FFF7E3FF204610BD10B50446006818B181
:1054E0006168890008F0B5FD204610BD40680438A9
:1054F000704738B5034644680068A4EB000C4FEAD7
:10550000AC056FF0604EAEEBAC0C8C450CD38D420D
:1055100000D3294648191B68E41AB0EBA40F06D340
:10552000B0F1005F06D238BD104608F0ABFD6FF059
:105530006040F8E76FF06040F5E708B5B1F1005F53
:1055400003D2880008F087FD08BDB1F1804F01D378
:1055500008F095FD08F090FD2DE9F04784B006466F
:105560000C461D4A0121FFF7C4FF8046D6F8009083
:10557000D6F804A0AAEB0905002201463046FFF741
:10558000DCFF07460190CDF808800396236843515D
:105590000023236005464C4608E0236845F8043B99
:1055A000002323602046FFF76DFF0434A245F4D1A9
:1055B0000435CDF80490B368A3EB09039B10029364
:1055C00001A8FFF789FF3760756007EB8807B760B0
:1055D00004B0BDE8F08700BF0C52010810B50446C6
:1055E0004368826893420AD00A681A6000230B60FD
:1055F0004368043343602046FFF778FF10BDFFF790
:10560000ABFFF8E770B582B0064600230370322284
:10561000426064228260C36003614361836101224E
:10562000C261036243628362C3620363436380F8BF
:10563000383080F83930C363009310E006F110056C
:1056400001AC69462046FFF709FF21462846FFF7CF
:10565000C5FF2046FFF716FF009B01330093009B18
:10566000032BEBDD304602B070BD000008B5044BE3
:1056700018602022002103480CF0A9FF08BD00BFDC
:10568000A83B0020883B0020424B1B68002B7FD0AA
:1056900010B588B047238DF8003050238DF80130C5
:1056A00053238DF8023042238DF803300468D0F87C
:1056B00004E0002215E0C2F10703DB00C3F1200C77
:1056C000A3F1200124FA03F30EFA0CFC43EA0C03C5
:1056D0002EFA01F10B4302F12401694401F8203C48
:1056E0000132072AE7DD8468D0F80CE0002215E0DB
:1056F000C2F10703DB00C3F1200CA3F1200124FA5F
:1057000003F30EFA0CFC43EA0C032EFA01F10B43EF
:1057100002F12C01694401F8203C0132072AE7DD3F
:10572000046900220AE0C2F10303DB0024FA03F358
:1057300002F13401694401F8203C0132032AF2DD10
:10574000406900220AE0C2F10303DB0020FA03F300
:1057500002F13801694401F8203C0132032AF2DDEC
:1057600000231A4607E003F12001694411F8201CC8
:105770000A4492B201331B2BF5DD130A8DF81C305D
:105780008DF81D201E216846FEF714FC08B010BDE0
:10579000704700BFA83B0020002202704270828048
:1057A000826002730282426102768283026280F822
:1057B00024200285C26280F83020302180F8341025
:1057C0004E2180F8361080F83C2080F83D2002649D
:1057D00080F84C2080F84D20026580F85C2080F82D
:1057E0005D20426680F86C2080F86D20426780F86A
:1057F0007C2080F87D20C0F8842080F88C2080F800
:105800008D20C0F8942080F89C2080F89D20C0F85E
:10581000A42080F8AC2080F8AD20022180F8BD10D3
:1058200080F8BE2080F8BF2080F8C020C0F8C420D7
:10583000C0F8C820C0F8CC20C0F8D020C0F8D420D0
:10584000C0F8D82080F8AE207047A1F14103DBB248
:10585000052B07D9A1F16103DBB2052B05D8A1F116
:1058600057007047A1F137007047A1F13000704731
:1058700038B5044605782D2D06D020460BF05BFF89
:10588000642303FB00F002E00134F6E701342378DF
:10589000A3F13002092AF9D92E2B02D02D2D10D0D8
:1058A00038BD6378A3F13002092AF7D802EB8203EE
:1058B00000EB4300A378A3F13002092AEED810448C
:1058C000ECE74042ECE7000038B504460D460BF02B
:1058D00032FF194AA2FB00325309642101FB130372
:1058E0009BB2164901FB03F3C2F34F122A8000E07A
:1058F00001342278A2F130010929F9D92E2A18D0D1
:1059000003EB830301330E4AA2FB03235B086B60A6
:1059100000232B7238BD0B48A0FB0101C908303AA7
:1059200001FB023314F8012FA2F130000928F2D94B
:10593000E6E70249F6E700BF1F85EB518096980025
:10594000ABAAAAAACDCCCCCC10B50446C269036AD6
:105950004260836090F824300373826AC36A0261F4
:10596000436190F83030037690F8353080F8343069
:1059700090F8373080F8363003F048F8A063012300
:105980006370237010BD08B50B4600F11C0118466A
:10599000FFF79AFF08BD08B50B4600F1280118462D
:1059A000FFF792FF08BD0000D0B504460023437006
:1059B0008088FAF7C7FD06460F46A068FAF7B2FDE1
:1059C0000BA3D3E90023FAF751FF02460B463046FA
:1059D0003946FAF76BFC41EC100B237B33B10246DE
:1059E00010EE901A01F1004343EC102BD0BD00BF24
:1059F0000000000065CDCD41D0B5044600234370C2
:105A0000008AFAF79FFD06460F466069FAF78AFD9D
:105A10000BA3D3E90023FAF729FF02460B463046D1
:105A20003946FAF743FC41EC100B237E33B10246B2
:105A300010EE901A01F1004343EC102BD0BD00BFD3
:105A40000000000065CDCD4110B504468368436079
:105A500002F0DCFFE06001236370237010BD10B51D
:105A600004468368436002F0D1FFE0600123637065
:105A7000237010BD10B504460846FFF7F9FEA0607C
:105A800010BD10B5044608460BF055FEA06010BDD1
:105A900010B50446C368836002F0B8FF606001235C
:105AA0006370237010BD10B504460846FFF7E0FE92
:105AB000E06010BD10B50446C368836002F0A6FF25
:105AC000606001236370237010BD10B50446084662
:105AD0000BF031FEE06010BD10B5044601461030F9
:105AE0000CF032FE02F092FF2062012384F8253090
:105AF00084F8243010BD08B50F220CF08CFD08BDD1
:105B000070B5044690F8AD60002E6BD090F8AE10E2
:105B1000FFF79BFE0501EDB294F8AF102046FFF7AA
:105B200094FE55FA80F0C0B294F8AC30834207D0AE
:105B3000D4F8D4300133C4F8D4300026304670BDD8
:105B4000D4F8D8300133C4F8D83094F8C03023B139
:105B5000D4F8D0300133C4F8D03094F8BD30C3B19C
:105B6000012B25D104F13C00FFF76EFF04F14C003E
:105B7000FFF775FF94F8C030D3B12046FFF7E4FE7D
:105B800004F15C00FFF784FF04F16C00FFF780FF75
:105B90000EE004F14C00FFF762FF94F8C03053B9F7
:105BA00004F18C00FFF786FF04F19C00FFF770FF03
:105BB000D4F8C8500BE02046FFF7C6FE04F17C0085
:105BC000FFF766FFECE72846FFF786FF2D6B002DF9
:105BD000B4D0D4F8C830996AA86AFAF7F9FA00285C
:105BE000F1D0ABE790F8BE3023B390F8BD20022A85
:105BF00073D090F8AE1000296FD043EA4213013BF6
:105C00002B2B6AD8DFE803F06473787F849DA6AC01
:105C1000B2696969696969696969696969696969AB
:105C20006969696969696969646C73787F848B9152
:105C3000976969B890F8AE50472D09D0472D19D013
:105C4000022384F8BD30D4F8C430C4F8C83026E04C
:105C500090F8AF1057480CF0D1FC0028EED0564910
:105C600004F1B000FAF7B4FA0028E7D1012384F870
:105C7000BD30E8E794F8AF104E480CF0BFFC0028A8
:105C8000DED04E4904F1B000FAF7A2FA0028D7D1CD
:105C9000002384F8BD30D6E72B6BC4F8C830D4F8A5
:105CA000C85035B104F1AE01A86AFAF791FA00289C
:105CB000F2DB002D3FF442AF04F1AE01A86AFAF71F
:105CC00087FA00287FF73AAF0023C4F8C83035E7D9
:105CD00000F1AE014C30FFF7CDFED4F8C85054E0CF
:105CE000412914BF0021012180F8C010F5E700F11F
:105CF000AE01FFF748FEF0E7532914BF0021012150
:105D000080F82410E9E700F1AE01FFF744FEE4E774
:105D1000572914BF0021012180F83010DDE700F180
:105D2000AE015C30FFF7BFFED7E700F1AE016C308B
:105D3000FFF7B9FED1E700F1AE013C30FFF7A1FE5D
:105D4000CBE7302994BF0023012380F8C03080F8CE
:105D50003510C2E700F1AE018C30FFF7B6FEBCE7AC
:105D600000F1AE019C30FFF79EFEB6E700F1AE01F8
:105D70007C30FFF798FEB0E780F83710ADE704F10C
:105D8000AE012846FFF7B7FE2D6B002D3FF4D6AECF
:105D9000D4F8C830996AA86AFAF71AFA00287FF48A
:105DA000CDAEEA6A94F8BE309A423FF7C7AE9A4247
:105DB000EAD1E4E7285201083052010834520108C0
:105DC00038B504460D46D0F8CC300133C0F8CC309D
:105DD000A1F10A03222B43D8DFE803F01742421750
:105DE0004242424242424242424242424242424293
:105DF000424242424242334242424242174212002F
:105E000090F8AC304B4080F8AC3094F8BF300E2B9B
:105E10000FD9002094F8BE30013384F8BE3000233F
:105E200084F8BF302A2D14BF0025012584F8AD5019
:105E300028E02344002283F8AE202046FFF760FECE
:105E4000E8E7002084F8BF0084F8BE0084F8AC00C6
:105E5000022384F8BD3084F8AD0084F8C00011E05E
:105E600090F8BF300D2B05D85A1C80F8BF20034492
:105E700083F8AE1094F8AD0028B994F8AC306B40BC
:105E800084F8AC3038BD0020FCE70022028042805C
:105E90008280C280028142818281C28102824282EA
:105EA0008282817570474389C91A038903FB01F116
:105EB000B0F91230DB02B0F9142002EBE13293FBAF
:105EC000F2F000EBE130704700B587B08DF80F10AD
:105ED00000238DF817306423009301230DF10F0286
:105EE000EE210B4804F024F870B9642300930123D9
:105EF0000DF11702EE21064804F0ECF830B99DF8D8
:105F0000170007B05DF804FBFF20FAE7FF20F8E771
:105F1000B00D002000B587B08DF80F100023ADF84C
:105F200014306423009301230DF10F02EE210D487C
:105F300003F0FEFF88B964230093022305AAEE2133
:105F4000084804F0C7F850B99DF814309DF81500C2
:105F500040EA032007B05DF804FBFF20FAE7FF20CA
:105F6000F8E700BFB00D002000B585B08DF80C102B
:105F70008DF80D2064230093022303AAEE21044828
:105F800003F0D6FFB0FA80F0400905B05DF804FBDD
:105F9000B00D002010B504462E22F421FFF7E4FFD7
:105FA00038B1052002F038FDF6212046FFF7B2FF98
:105FB00010BDFF20FCE738B50446837D032B03D8D2
:105FC000DFE803F015041113002200E07422F4212D
:105FD0002046FFF7C9FF60B3A37D032B0CD8DFE891
:105FE00003F0081C2024B422F1E7F422EFE7342266
:105FF000EDE7052002F010FDF6212046FFF78AFFAD
:10600000FF2809D00502F8212046FFF75DFF28434D
:10601000A37DC3F10803D84038BD082002F0FCFC82
:10602000EAE70E2002F0F8FCE6E71A2002F0F4FCA2
:10603000E2E7FF20F0E7000070B50546FFF7AAFF92
:10604000FF285ED006462846FFF7B5FF0446FF2826
:1060500057D031462846FFF726FFA0F57A60B5F9FC
:106060000E1000FB00F31B1303FB01F1B5F9022036
:1060700000FB02F2D21202EBE122B5F9001002EBB2
:106080008102A97D8A4002323CD4B5F9046006FB46
:1060900000F0B5F90C6006FB03F31B1403EB60334F
:1060A00002339B10E88803F5004300FB03F3A4EBE5
:1060B000A2024CF2503020FA01F101FB02F2DB0B9C
:1060C00026D0002A20DB5200B2FBF3F42012FAF7AC
:1060D00039FA9FED111B41EC100B08F005F851EC5B
:1060E000100BFAF749FD40F6DE3303FB00F00C4BD2
:1060F00004FB03F31B1403EB204303F6CF6304EB11
:10610000231070BD0332C0E7B2FBF3F25400DDE7A9
:10611000FF20F6E7AFF30080000000000000004021
:1061200043E3FFFF70B584B031238DF80C300123B9
:106130008DF80D3003AD0C4C4FF0FF360096022366
:106140002A46A621204603F0F3FE2D238DF80C30BD
:1061500008238DF80D30009602232A46A6212046FA
:1061600003F0E6FE04B070BDB00D002000B585B0B0
:106170000223ADF80C304FF0FF32009203AA3C210D
:10618000024803F0D5FE05B05DF804FBB00D002019
:1061900070B586B004461B238DF81730234D4FF0A1
:1061A000FF36009601230DF11702D021284603F097
:1061B000BFFE0096082303AAD021284603F08AFFD9
:1061C0009DF80E209DF80F3043EA02231BB2184AB7
:1061D000B2F900209B1A07EE903AF8EEE77AC4ED88
:1061E000027A9DF810209DF8113043EA02231BB279
:1061F000104AB2F900209B1A07EE903AF8EEE77ABF
:10620000C4ED037A9DF812209DF8133043EA02236F
:106210001BB2094AB2F900209B1A07EE903AF8EE39
:10622000E77AC4ED047A06B070BD00BFB00D00205F
:10623000B03B0020AE3B0020AC3B002010B52DED64
:10624000048B88B0002408EE104A08EE904A09EE4C
:10625000104A1FE00A2002F0DFFB01A8FFF798FFB9
:10626000B8EEC99ADDED037A39EE279ABDEEC99AE8
:10627000F8EEE88ADDED047A78EEA78AFDEEE88A8A
:10628000B8EEC88ADDED057A38EE278ABDEEC88AF9
:106290000134E4B2092CDDD9124A19EE103A82FB1E
:1062A000033119EE103ADB17C3EBA1030E490B8043
:1062B00018EE903A82FB033118EE903ADB17C3EBED
:1062C000A1030A490B8018EE103A82FB033218EE44
:1062D000103ADB17C3EBA203054A138008B0BDECEC
:1062E000048B10BD67666666B03B0020AE3B0020A5
:1062F000AC3B0020F0B585B03E238DF80C30002774
:106300008DF80D7003AD1B4C4FF0FF360096022345
:106310002A46D021204603F00BFE15238DF80C30C1
:1063200007238DF80D30009602232A46D0212046FF
:1063300003F0FEFD16238DF80C301E238DF80D3072
:10634000009602232A46D021204603F0F1FD1723B0
:106350008DF80C308DF80D70009602232A46D0215E
:10636000204603F0E5FD0A2002F056FBFFF766FF2A
:1063700005B0F0BDB00D002070B584B004463223E6
:106380008DF80F30144D4FF0FF36009601230DF1BC
:106390000F02A621284603F0CBFD0096062302AA91
:1063A000A621284603F096FE9DF809209DF80830A6
:1063B00043EA022323809DF80B209DF80A3043EA2C
:1063C000022363809DF80D209DF80C3043EA0223E0
:1063D000A38004B070BD00BFB00D002070B584B0C4
:1063E000044603238DF80F30144D4FF0FF3600960E
:1063F00001230DF10F023C21284603F099FD009680
:10640000062302AA3C21284603F064FE9DF80820DA
:106410009DF8093043EA0223A3829DF80A209DF8E3
:106420000B3043EA022323839DF80C209DF80D30A6
:1064300043EA0223E38204B070BD00BFB00D002028
:1064400008B5FFF76FFEFFF791FEFFF753FF08BD9A
:1064500010B50446FFF790FF2046FFF7BFFF204628
:10646000FFF796FE10BD072994BF002301230028E3
:1064700008BF43F00103002B56D110B584B0044689
:106480008DF80F3043798DF80F30827913438DF8F2
:106490000F3007294AD8DFE801F00804292E3338E5
:1064A0003D4243F010038DF80F304FF0FF3300935F
:1064B00001230DF10F022179206803F039FDB8BBEB
:1064C000E07902F0A9FA00238DF80E304FF0FF3387
:1064D000009301230DF10E022179206803F0FAFDEB
:1064E00040BB9DF80E00207204B010BD43F02003A5
:1064F0008DF80F30D9E743F030038DF80F30D4E733
:1065000043F040038DF80F30CFE743F050038DF890
:106510000F30CAE743F060038DF80F30C5E743F052
:1065200070038DF80F30C0E7FF207047FF20DBE7D6
:10653000FF20D9E7FF20D7E7002918BF002801D1A5
:106540000020704708B501605200027143719DF848
:10655000083083710123C37100210172FFF783FFAB
:10656000FF3818BF012008BD00B585B080238DF825
:106570000C3000238DF80D308DF80E304FF0FF33C6
:106580000093032303AA0179006803F0D1FCB0FA59
:1065900080F0400905B05DF804FB00B585B0B1B1ED
:1065A00060238DF80C3000238DF80D308DF80E30FF
:1065B0004FF0FF330093032303AA0179006803F02F
:1065C000B7FCB0FA80F0400905B05DF804FB702319
:1065D000E7E700B585B090238DF80C3000238DF8E7
:1065E0000D308DF80E104FF0FF330093032303AAF4
:1065F0000179006803F09CFCB0FA80F0400905B016
:106600005DF804FB032901D90020704730B585B03F
:1066100005460C4680238DF80C3000238DF80D3094
:1066200001F003038DF80E304FF0FF330093032386
:1066300003AA0179006803F07BFC10B1002005B0CB
:1066400030BDAC750120FAE770B504460B460498DE
:10665000BDF81410069DBDF81C60002B18BF002C5F
:1066600028D04FF0080C84F805C04FF0000C84F8D7
:1066700016C0236052002271A060A1812561A6820C
:1066800010B1012203F0DFF925B10122314628467D
:1066900003F0D9F92046FFF767FF00B970BD01216B
:1066A0002046FFF77AFF0028F8D0A17D2046FFF7AB
:1066B000A9FFF3E70020F1E708B50346006918B128
:1066C0000022998A03F0BFF908BD00B585B08DF8A6
:1066D0000C10130A8DF80D308DF80E204FF0FF339B
:1066E0000093032303AA0179006803F021FCB0FAA8
:1066F00080F0400905B05DF804FB072901D90020AE
:10670000704708B501F00701D2B241F02001FFF750
:10671000DCFF08BD2DE9F04182B080460C461646EC
:10672000002717603D461AE0230A63F07F038DF8C7
:1067300004308DF8054000238DF80630032201A9AE
:10674000D8F8000002F083F80743013C33681B02CD
:1067500033609DF80620134333600135EDB2B5EB8D
:10676000144FE1D3384602B0BDE8F0812DE9F04185
:1067700082B080460C46174600252E4615E0220AB8
:106780008DF804208DF805405B1B013BDB0027FAE8
:1067900003F38DF80630032201A9D8F8000002F0B7
:1067A00056F80643013C0135EDB2230CB5EB144F0E
:1067B000E5D3304602B0BDE8F081000008B5012203
:1067C0000149FFF7D3FF08BD3402010070B582B064
:1067D00005460C461646062919D8042932D2032943
:1067E0004DD801AA2849FFF795FF00280BDB0123AC
:1067F000A34016B3019A1A4301920226019A224934
:106800002846FFF7B3FF25442E7702B070BDCB1F9B
:10681000022B36D801AA1C49FFF77CFF0028F2DBC7
:10682000E21F102393402EB3019A1A430192019A5A
:1068300015492846FFF79AFFE5E7019A22EA030285
:106840000192DBE701AA1149FFF764FF0028DADBB8
:10685000221F2023934046B1019A1A430192019AC4
:106860000A492846FFF782FFCDE7019A22EA030290
:106870000192F4E7019A22EA03020192D7E700208D
:10688000C3E70020C1E700BFBB010100BA0101005E
:1068900030B583B0054602221349FFF767FF28464B
:1068A000FFF78CFF0024632C0CD8012001F0B0FE10
:1068B000013401AA0D492846FFF72CFF019B13F074
:1068C000010FF0D101AA09492846FFF723FF0199DA
:1068D00011F0010F02D1002003B030BD04480BF0CD
:1068E000DDFD4FF0FF30F7E7F30001002D0201005E
:1068F0003852010870B582B00546C36A1B7EDBB111
:1069000022260024632C0CD8012001F081FE0134E2
:1069100001AA10492846FFF7FDFE019B36EA030352
:10692000F0D1019911F0200F08D00020019911F049
:10693000020F09D002B070BDFF26E2E706480BF057
:10694000ADFD4FF0FF30F1E704480BF0A7FD4FF02D
:10695000FF30EFE72C020100645201088C5201085D
:1069600030B583B0044601AA0E49FFF7D3FE0028D4
:1069700016DB019D45F480320A492046FFF7F6FEFA
:1069800000280DDB2046FFF719FF25F4803205496A
:106990002046FFF7EBFE002802DB2046FFF70EFF44
:1069A00003B030BD320203002DE9F04782B0054646
:1069B0000E46302001F0DCFF002800F0588204462B
:1069C000314601F0C5FE0028C0F25382336AE3620B
:1069D0001B79002B66D024224FF480312046FFF72C
:1069E000C5FE0028C0F24582012001F011FE0122FF
:1069F00066492046FFF7BAFE0028C0F23A822046D8
:106A0000FFF7DCFE0028C0F234826A466049204667
:106A1000FFF780FE0028C0F22C824AF695525C49AE
:106A20002046FFF7A3FE0028C0F2238201AA58499E
:106A30002046FFF76FFE0028C0F21B8201994AF63C
:106A40009553994230D1009A51492046FFF78EFE66
:106A50000028C0F20E82E36ADA894E492046FFF729
:106A600085FE0028C0F20582E36A1A8A4A49204658
:106A7000FFF77CFE0028C0F2FC81E36A5A8A47498E
:106A80002046FFF773FE0028C0F2F381E36A1A7E06
:106A900082B99A8A424BA3FB0232C2F3461242F4F5
:106AA000407208E0A52297E73E480BF0F7FC4FF054
:106AB000FF30DEE180223C492046FFF757FE0028E8
:106AC000C0F2D781E16A0B7E002B34D00B7A002B09
:106AD0002DD005220B7B002B2BD002231A433349E8
:106AE0002046FFF743FE0028C0F2C381E16A0B7E17
:106AF000002B5DD1CB79002B3ED00423CA7A002A2B
:106B00003CD008221A438B7D002B39D020231A4316
:106B1000CB7D002B36D010231A434B7A002B18BFA5
:106B200042F001028B7A7BB302231A4341E0042234
:106B3000D0E70023D2E74E79A6B10823887998B12F
:106B400010221A430B7A002B18BF42F001020B7B74
:106B500063B102231A435EB120231A4350B140238C
:106B60001A43BCE70023E9E70022EAE70023F1E744
:106B70000023F2E70023F3E70023BFE70022C1E789
:106B80000023C4E70023C7E70023CEE70400010089
:106B900006000200110002001300020017000200AC
:106BA000D34D6210B0520108190002001A00010012
:106BB0006022B1492046FFF7D9FD0028C0F2598173
:106BC000E36A9A7E920042F08002AC492046FFF7C9
:106BD000CDFD0028C0F24D81E36A5A7E02F00F021B
:106BE000A7492046FFF7C2FD0028C0F24281E36AB0
:106BF000DA6940F6AC53B2FBF3F2A2492046FFF744
:106C0000B5FD0028C0F23581E26A92F820309B0180
:106C1000DBB292F8212002F03F021A439A49204643
:106C2000FFF7A4FD0028C0F22481E36A93F8223024
:106C3000002B7ED0332295492046FFF797FD002890
:106C4000C0F21781E26A136892F82210002972D00C
:106C5000022101FB03F392F82310B3FBF1F392F846
:106C6000211092F8202002EB810202FB03F3E36083
:106C7000022287492046FFF779FD0028C0F2F980FB
:106C8000E26A92F82400C31E03F0030392F8251071
:106C9000CA1E120102F03002134300284DD0002218
:106CA000134300294BD000221A437A492046FFF7AC
:106CB0005DFD0028C0F2DD80E36A93F8241019B16D
:106CC000E268B2FBF1F2226193F8251019B1E26893
:106CD000B2FBF1F262611A68A26193F8232002F01C
:106CE0001F026D492046FFF741FD0028C0F2C18018
:106CF000E16A91F8283003F0070391F82720D200C9
:106D000002F03802134391F82620920102F4E07257
:106D1000134391F82920A2B14FF480721A435F49BE
:106D20002046FFF723FD0028C0F2A3800027B946C4
:106D300020E013227FE701218BE70422B0E7402205
:106D4000B2E70022EAE7002240E0002243E000220E
:106D500046E000221A432046FFF708FD0028C0F253
:106D6000888032791AF808102046FFF72FFD002896
:106D70007FDB0137E36ADA6ABA4237DDD3F830A045
:106D80004FF01A0808FB07F80AEB08061AF8083053
:106D90000D2BEED801229A4049EA020903EB430386
:106DA00003F5C97141F44031B37903F00F03308921
:106DB00001383B4A02EA00221343F279920402F4BA
:106DC0007C021343B278002ABDD04022134372786C
:106DD000002ABAD080221343F278002AB7D01022BA
:106DE00013437279002AB4D02022B3E7002600E0D2
:106DF00001360D2E0FDC0123B34013EA090FF7D142
:106E000006EB460101F5C971202241F440312046CC
:106E1000FFF7ACFCECE7002222492046FFF7A6FC76
:106E2000002826DB40F202321F492046FFF79EFC75
:106E300000281EDB2046FFF7C1FC002819DB204696
:106E4000FFF78EFD002814DB002218492046FFF7CB
:106E50008DFC2046FFF7B2FC2046FFF719FD2046C7
:106E6000FFF77EFD2C602046FFF744FD01E04FF068
:106E7000FF3002B0BDE8F0871B0001001C000100DC
:106E80001D000100F0000100F1000100F20001000E
:106E9000F3000100F4000100F7000100F600020019
:106EA00000FF03003302010032020300040001006E
:106EB00010B504468068E168627E5308C0184FF040
:106EC000000341F10001F9F7CFFE237E0BB100185A
:106ED000494110BD00000000002857D030B585B0F2
:106EE0000446056940692E49A9424FF000018141DD
:106EF0000ED22C49A9424FF00001814140D22A49CB
:106F0000A9424FF0020181413DD340F2712101E0DD
:106F10004FF46161A1FB020201FB0323A17E234A1E
:106F200052F82120D11700FB01F102FB0311A0FB55
:106F3000020211441E4BC01817A3D3E9002341F1EC
:106F40007401F9F791FE02AB0093B422002301F023
:106F5000E8FC029B5B02F933164AA2FB03234002C2
:106F600080B2C3F30F13184341F6FF73984228BF52
:106F70001846012838BF0120A083002005B030BD8D
:106F80004FF47A71C6E74FF49671C3E76FF01500BE
:106F9000704700BFAFF300800010A5D4E8000000E8
:106FA000FFD1496BFF276BEEFFE30B5494580108A8
:106FB0000088526AD34D6210002800F0898000B525
:106FC00083B00068837B002B7AD0C1F3C0134FEAF3
:106FD000611C0CF0020C43EA0C034FEAE10C0CF0CC
:106FE000040C43EA0C034FEA610C0CF0080C43EA72
:106FF0000C034FFA81FC4FEA4C0E0EF0100E43EAE0
:107000000E034FEACC0E0EF0200E43EA0E034FEAB9
:107010004C1E0EF0400E43EA0E0343EACC138DF8EB
:1070200004304B0B03F0020343EAD1334FEAD12C77
:107030000CF0040C43EA0C035BB24FEA512C0CF049
:10704000080C43EA0C0341F307214FEA410C0CF012
:10705000100C43EA0C034FEAC10C0CF0200C43EA7D
:107060000C034FEA411C0CF0400C43EA0C0343EACA
:10707000C1138DF80530531103F0020343EAD21314
:10708000D11001F004010B43511001F008010B4332
:1070900052B2510001F010010B43D10001F0200168
:1070A0000B43510101F040010B4343EAC2128DF83A
:1070B0000620032201A901F0CAFB03B05DF804FB1E
:1070C0000B0A8DF804308DF805108DF80620F0E7D6
:1070D0006FF01500704710B50446032240F2091105
:1070E000FFF76AFF034608B1184610BD07224FF4A8
:1070F00085712046FFF760FF03460028F4D1072280
:1071000040F20F112046FFF757FF03460028EBD14E
:1071100007224FF488712046FFF74EFF03460028F0
:10712000E2D1072240F211112046FFF745FF034646
:10713000DAE7002863D010B582B0144641F400416C
:107140000068837B002B51D0C1F3C0134A1102F0B9
:1071500002021343CA1002F0040213434A1002F061
:10716000080213434AB24FEA420C0CF0100C43EAF7
:107170000C034FEAC20C0CF0200C43EA0C034FEA5C
:10718000421C0CF0400C43EA0C0343EAC2138DF896
:1071900004304B0B03F0020343EAD133CA0A02F076
:1071A000040213435BB24A0A02F00802134341F39C
:1071B00007214A0002F010021343CA0002F0200225
:1071C00013434A0102F04002134343EAC1138DF80E
:1071D000053000238DF80630032201A901F037FBAA
:1071E00010B99DF80630237002B010BD0B0A8DF85F
:1071F00004308DF8051000238DF80630ECE76FF0B1
:10720000150070472DE9F04F85B0164601930E9D8D
:10721000DDF83C800DF10F021E21FFF78AFF834647
:1072200018B1584605B0BDE8F08F80219DF80F00D9
:1072300001F045FB10F0FF0A35D0DFF8749001240F
:107240002946600601F043FB0246401948F100015F
:1072500001384FF0000341F1FF31F9F705FD074612
:10726000484505D904EB8404104B9C42E8D901271A
:10727000BAF1000F03D1B9FBF7F909FB07F7A7FB38
:107280000661019B07FB03116B0843EAC873F01802
:107290002A46434641EB5801F9F7E6FC109B18607B
:1072A000119B1F60BDE76FF07F49C8E72C310100DB
:1072B000FFFF01002DE9F04186B0804610461946D7
:1072C000DDE90C67119D04AC009432463B4601F0A9
:1072D00028FB0E9B1880DDF810C0059B5906009412
:1072E00032463B464FEA4C6041EADC1101F019FBA3
:1072F0000F9B18600023109A13602B60049A059B63
:1073000052EA030103D1002006B0BDE8F0810395E5
:1073100010990291CDE900674046FFF773FFF3E74C
:1073200010B582B004465A220A21FFF745FE08B183
:1073300002B010BD0DF107020A212046FFF7F9FE49
:107340000028F5D19DF807305A2BF1D06FF01500C9
:10735000EEE7F0B583B006460F4614461D460DF124
:107360000702FFF7E6FE40B9E24352B29DF807304C
:107370001A402C402243934201D103B0F0BD39465C
:107380003046FFF719FEF8E710B504460B461146E4
:107390000F2A00DD0F214BB1F02001F087FAC3B2B4
:1073A000F02229212046FFF7D4FF10BD0F2001F065
:1073B0007DFAC3B20F2229212046FFF7CAFFF4E766
:1073C00010B5044659B182F00101012001F06EFAB6
:1073D000C3B201222B212046FFF7BBFF10BD82F074
:1073E0000101022001F062FAC3B202222B212046E1
:1073F000FFF7AFFFF2E700002DE9F04F8BB0044636
:10740000017E402001F052FA0546617E3F2001F0E6
:107410004DFA45EA0003DBB28DF819307F222021B6
:107420002046FFF796FF064688BB002501E00135A0
:10743000EDB294F84830AB422DD30123AB40D817BE
:107440002269616903FB01F102FB0011A3FB023217
:107450000A44206B616B834272EB0101E7D3A06A9F
:10746000E16A98429141E2D3134317D02046FFF7D7
:107470001FFD07468846A17E0F2001F017FAC3B210
:107480000F221F212046FFF764FF064680B13046D9
:107490000BB0BDE8F08F00231A46E5E7C24B40F27F
:1074A0006452C249C2480AF0F9FF6FF01506EEE7D0
:1074B00007AB059309AB049308AB03930DF11A03D3
:1074C00002930097CDF80480D4E904232046FFF707
:1074D000F1FE06460028DAD1089B1BB9099B002B58
:1074E00000F02881B34BBB424FF0000373EB08035D
:1074F0002FD2B14BBB424FF0000373EB080380F077
:107500000A81AE4BBB424FF0000373EB080380F0DF
:107510000581AB4BBB424FF0000373EB080380F0D7
:107520000081A84BBB424FF0000373EB0803C0F08F
:10753000FB8023696269A4495B1862F10002A349D8
:1075400099424FF000039341C0F0F1804FF0030ADD
:1075500001E04FF0070A3A4643462046FFF7BCFCDD
:107560000646002893D14FF0010B4FF00009099B0C
:10757000002B00F00E81FF23202228212046FFF758
:10758000E8FE0646002882D14946042001F08EF923
:10759000C3B2042215212046FFF7DBFE0646002871
:1075A0007FF475AF227F8DF819201D212046FFF74B
:1075B00003FD064600287FF46AAFA18BC1F30421C6
:1075C0008DF819101F2001F071F9C3B21F221E217E
:1075D0002046FFF7BEFE064600287FF458AF594606
:1075E000102001F063F9C3B210221F212046FFF7DB
:1075F000B0FE064600287FF44AAF9DF81C208DF8A7
:1076000019201A212046FFF7D7FC064600287FF4F0
:107610003EAF9DF81D208DF819201B212046FFF755
:10762000CBFC064600287FF432AF9DF81E208DF873
:1076300019201C212046FFF7BFFC064600287FF4D6
:1076400026AF9DF824208DF8192017212046FFF73A
:10765000B3FC064600287FF41AAF9DF825208DF86C
:10766000192018212046FFF7A7FC064600287FF4C2
:107670000EAF9DF826208DF8192019212046FFF71E
:107680009BFC064600287FF402AF9DF820208DF871
:10769000192012212046FFF78FFC064600287FF4B0
:1076A000F6AE9DF821208DF8192013212046FFF712
:1076B00083FC064600287FF4EAAE9DF822208DF870
:1076C000192014212046FFF777FC064600287FF496
:1076D000DEAE9DF8233003F001038DF8193001224E
:1076E00015212046FFF735FE064600287FF4CFAE71
:1076F000374BBB424FF0000373EB080372D2354B9C
:10770000BB424FF0000373EB080380F0BC804FF0E6
:107710000809022169E04FF0060A1CE74FF0050A4C
:1077200019E74FF0040A16E74FF0000A13E74FF08D
:10773000020A10E728483818284A4FF0000348F199
:107740000001F9F791FAA67E254A52F826204FEA61
:10775000E27C02FB01F60CFB0066A2FB0023A08B7F
:10776000801846EB03010138334441F1FF31F9F74A
:107770007BFA562871F1000105D24FF0000B4FF053
:107780000109DA46F3E64FF0000B4FF00109CA4653
:10779000EDE60023202228212046FFF7DAFD0646E9
:1077A00000283FF4F1AE72E680580108DC5201086F
:1077B0000C530108005A620280F0FA0200E1F5055C
:1077C00000C2EB0B80B2E60E000EFAD5FF4D7253ED
:1077D0000068890900D012133F420F0040420F0099
:1077E000945801084FF001090021032001F05EF8D0
:1077F000C3B2032224212046FFF7ABFD0646002832
:107800007FF445AEFF23012231212046FFF7A1FD81
:10781000064600287FF43BAEFF230222312120469A
:10782000FFF797FD064600287FF431AEFF230822BC
:1078300031212046FFF78DFD064600287FF427AE54
:107840007B223A212046FFF7B7FB064600287FF44B
:107850001EAE414A02FB09F23846414601F080F86B
:10786000013041F10003810841EA83719E08042838
:1078700073F100030BD30A46B1F5807F76F1000661
:1078800006D3FF2204E04FF002090121ADE70022F8
:10789000D2B23E212046FFF78FFB064600287FF438
:1078A000F6ADA37F1F222C212046FFF752FD06468E
:1078B00000287FF4ECAD5146E02000F0F7FFC3B2A2
:1078C000E0222C212046FFF744FD064600287FF4E5
:1078D000DEAD2946E02000F0E9FFC3B2E02211212D
:1078E0002046FFF736FD064600287FF4D0ADBDF8F0
:1078F0001A30C3F303238DF819300F2211212046CB
:10790000FFF727FD064600287FF4C1AD9DF81A2039
:107910008DF8192010212046FFF74EFB064600285F
:107920007FF4B5AD4FF47A7000F05CFE0DF11902F2
:1079300058212046FFF7FDFB064600287FF4A7AD3F
:1079400001219DF8190000F0BAFF10F0FF0F7FF43D
:107950009EAD6FF004069AE5801A060018B310B5C4
:107960000446D1B1002310222A21FFF7F2FCC8B946
:10797000FF23202253212046FFF7EBFC034688B962
:1079800020221E212046FFF7E4FC58B9FF23C02225
:107990001E212046FFF7DDFC04E0FF2310222A21F0
:1079A000FFF7D7FC10BD6FF015007047002867D0B7
:1079B00070B5044600295DD0002310222A21FFF76C
:1079C000C8FC034600285AD1202253212046FFF745
:1079D000C0FC002853D1FF23E0221E212046FFF7E0
:1079E000B8FC00284BD12046FFF762FA264B8342B1
:1079F0004FF000038B4118D3244B83424FF0000318
:107A00008B412FD3224B83424FF000038B412BD36A
:107A1000204B984271F1000328D21F4B83424FF054
:107A200000038B4124D2042500E003252946E020F1
:107A300000F03CFFC3B2E02231212046FFF789FC71
:107A4000E8B92946702000F031FFC6B229460E2061
:107A500000F02CFFC3B233437E2234212046FFF7CF
:107A600078FC0CE00425E1E70125DFE70325DDE7ED
:107A70000025DBE7FF2310222A21FFF76AFC70BDF7
:107A80006FF01500704700BF3F3A690DFFC1EB0B67
:107A9000FF4CD20880A4BF073FFF1005002800F06C
:107AA000AE80F0B583B00646FFF702FA04460D46F5
:107AB0000DF1070224213046FFF73BFB034610B1CE
:107AC000184603B0F0BD03219DF8070000F0F7FE53
:107AD000C0B201278740FFB2231945EB05011B19EE
:107AE00045EB0101090141EA13711B011B1B61EB0D
:107AF00005018A0042EA937298001B1841EB0201CB
:107B0000414A07FB02F2500818184FF0000341F1F8
:107B10000001F9F7A9F8C2B237213046FFF74CFA55
:107B200003460028CCD196F84930A3FB04C103FBDF
:107B300005118A0042EA9C724FEA8C0313EB0C0099
:107B400041EB0203DB0043EA5073C000B0EB0C00D2
:107B500063EB01031B0143EA1073000110EB0C00FF
:107B600041EB0301C90141EA5061C001274AA7FB6B
:107B700002234FF0610C0CFB07334FEA520C4CEA26
:107B8000C37C10EB0C0041EB5301F9F76DF8C2B266
:107B9000F26438213046FFF70FFA034600288FD1F0
:107BA000F16C090A7F2000F081FEC3B27F223921E7
:107BB0003046FFF7CEFB0346002881D1144A07FB6D
:107BC00002F2500800194FF0000345F10001F9F7E7
:107BD0004BF80446C2B23A213046FFF7EDF90346AE
:107BE00000287FF46DAF210A7F2000F05FFEC3B252
:107BF0007F223B213046FFF7ACFB034660E76FF086
:107C000015031846704700BF006889090068F3C96A
:107C100040420F00000000002DE9F04180460D4673
:107C20005821012000F0A8FE002800F0E58004465D
:107C3000296800F08DFD0746002840D12B7923717B
:107C40006B796371D5E90223C4E90223D5E90423E2
:107C5000C4E904232B7E23766B7E6376AB7EA3760A
:107C6000AB8BA383AB7FA3770023236295F82130EE
:107C700084F8493095F82230012B26D0022B39D0D8
:107C8000D3B960A3D3E90023C4E90E235FA1D1E9EE
:107C90000001C4E91001C4E90A235EA3D3E900236B
:107CA000C4E90C23042384F84830812200212046B3
:107CB000FFF782F9074690B3206800F0AFFD204639
:107CC00000F05EFE3846BDE8F08154A3D3E90023FE
:107CD000C4E90E2353A1D1E90001C4E91001C4E9AC
:107CE0000A2352A3D3E90023C4E90C23022384F816
:107CF0004830DAE74FA3D3E90023C4E90E234FA1AC
:107D0000D1E90001C4E91001C4E90A234DA3D3E974
:107D10000023C4E90C23042384F84830C5E7C820B5
:107D200000F060FC2379002B37D101273946082069
:107D300000F0BCFD06463946102000F0B7FD46EACB
:107D40000002D2B200212046FFF736F9074600288C
:107D5000B2D16179202000F0A9FDC2B23D212046B8
:107D6000FFF72AF907460028A6D12046FFF7D8FAE0
:107D700007460028A0D100265D2E10D8204B03EB2B
:107D80008602927833F826102046FFF715F9074649
:107D9000002891D10136F6B2EEE70027C6E795F844
:107DA0002230022B21D02046FFF726FB0746002871
:107DB00082D12046FFF772FE074600287FF47CAF91
:107DC000092200212046FFF7DFFA074600287FF44A
:107DD00073AF092201212046FFF7D6FA0746002893
:107DE0007FF46AAFC8F800406CE72046FFF773F9EC
:107DF00007460028D7D05FE76FF00B0762E700BFA8
:107E0000D4580108005C4D1F05000000E06AFA2804
:107E10000000000000AEA68F020000000092B2E356
:107E200004000000C0045DAB00000000001374AD4E
:107E30000200000000C817A80400000040BE402552
:107E40000000000000E40B540200000010B50446DE
:107E5000006800F0E3FC08B9002010BD204600F0E7
:107E60008FFDF9E74FF47A7303FB00F0024BA3FB9D
:107E70000030400B704700BF5917B7D108B50A460C
:107E800028B94FF40051044801F0DDFD08BD802100
:107E9000014801F0D8FDF9E70018024008B50A468C
:107EA00028B94FF48051054801F0CDFD08BD4FF4CD
:107EB0008071024801F0C7FDF8E700BF00180240DA
:107EC00008B50A460146024801F0BDFD08BD00BFE5
:107ED0000018024038B520B3044690F848301BB370
:107EE00013480AF043FB01212068FFF75FFD0546B8
:107EF00068B901216068FFF759FD054660B90123A3
:107F000084F849300B480AF031FB284638BD014659
:107F100009480AF0C3FAF8E7014608480AF0BEFA31
:107F2000F3E76FF00105F0E76FF00105EDE700BF43
:107F300028530108A453010864530108845301081D
:107F400038B520B3044690F848301BB313480AF004
:107F50000DFB01212068FFF701FD054668B90121ED
:107F60006068FFF7FBFC054660B9002384F84930E0
:107F70000B480AF0FBFA284638BD014609480AF0CA
:107F80008DFAF8E7014608480AF088FAF3E76FF03F
:107F90000105F0E76FF00105EDE700BFDC530108D4
:107FA00048540108105401082C5401080000000036
:107FB0002DE9F04F2DED028B97B0002800F01A81CB
:107FC0000F46044600250560456080F8485080F85B
:107FD0004910A0F84A50A0F84C5000F1080820269B
:107FE00032462946CDF8008040460AF0F0FA04F106
:107FF000280332462946019318460AF0E8FA4FF062
:108000000409C4F808908449E16001262674834A73
:108010006261834B2362C4F82890E162022184F8F4
:108020003010626323640DF1300A2822294650463D
:108030000AF0CDFA8DF835609FED718B8DED0E8BCA
:108040008DF8496070A3D3E90023CDE910238DF8A2
:10805000526003238DF84A304FF47A78ADF84C80A3
:108060004FF0070B8DF84EB0009B0C932822294649
:1080700002A80AF0ACFA8DF80D608DED048B8DF836
:10808000216063A3D3E90023CDE906238DF82A609C
:108090008DF822904FF49663ADF824308DF826B019
:1080A000019B029331464FF40040FFF709FF314630
:1080B0004FF40070FFF704FF404600F093FA2946A2
:1080C0002846FFF7DBFE29463046FFF7D7FE294654
:1080D0002846FFF7E3FE29463046FFF7DFFE51480A
:1080E0000AF044FA51462046FFF796FD0146002863
:1080F0004CD141F2883000F075FA4B480AF036FA5C
:1081000002A9201DFFF788FD054600284ED10C224C
:1081100000212068FFF738F90C2201212068FFF7C1
:1081200033F90C2200216068FFF72EF90C2201219F
:108130006068FFF729F9012200212068FFF740F964
:10814000002201212068FFF73BF90122002160682D
:10815000FFF736F9002201216068FFF731F9012F9E
:1081600038D02046FFF7ECFE014600283CD1012321
:1081700084F848309F423BD02C492D480AF08EF9B4
:10818000284617B0BDEC028BBDE8F08F29480AF0F5
:1081900085F929464FF40040FFF792FE29464FF437
:1081A0000070FFF78DFE6FF00205E9E701462248F7
:1081B0000AF074F92068FFF749FE00214FF40040EF
:1081C000FFF77EFE00214FF40070FFF779FE6FF09D
:1081D0000205D5E72046FFF77DFE01460028C6D000
:1081E00016480AF05BF9C2E715480AF057F9BEE7EE
:1081F0001449C2E74FF0FF35C2E700BFAFF300807C
:1082000000A3E111000000000049D9710200000044
:10821000003BB26A02000000809698006C5A010888
:10822000E80C00206C540108C4540108645401088F
:10823000585501089C540108F45401081C550108C4
:108240003C5501085C54010878B108B590F8482005
:1082500072B190F84930012B0DD108480AF086F927
:1082600007480AF083F9002008BD6FF0010070474D
:108270006FF00100F8E76FF00100F5E7985501088D
:10828000D45501082DE9F04182B000285CD00D469C
:108290001446064690F84830002B58D0B2FA82F3C4
:1082A0005B09002956D0002B54D10DF1070258214B
:1082B0000068FEF73EFF014618BB0DF1060258218B
:1082C0007068FEF736FF064608BB9DF8073003F0DE
:1082D00001032B709DF8063003F001032370DFF8D3
:1082E00084804FF40061404601F0A6FB0746402120
:1082F000404601F0A1FB2B7883B1012F18D0334603
:108300000DE016480AF0CAF86FF0020616E00146C2
:1083100013480AF0C3F86FF002060FE0334603F08B
:1083200001032B7023782BB101280BD0334602E0D8
:108330000123F4E7334603F001032370304602B013
:10834000BDE8F0810123F6E76FF00106F6E76FF074
:108350000106F3E76FF00106F0E700BF18560108C9
:10836000385601080018024028B338B50C4690F87A
:1083700048301BB31546B2F57A7F28BF4FF47A75A3
:108380007AB1B2F57A7F11D301212046FFF776FD4D
:108390004FF47A732A4621460A480AF07FF80020F3
:1083A00038BD00212046FFF769FDF1E70121204695
:1083B000FFF764FDECE76FF0010070476FF001001C
:1083C000EEE700BF5856010898B370B5064690F81E
:1083D00048308BB342F21073994228BF19460C46BD
:1083E0009A4228BF1A461546B0F84A308B420AD145
:1083F000B6F84C30AB4211D12A46214610480AF05B
:108400004DF8002070BD0846FFF72CFD0246002104
:108410003046FFF7A9FFA6F84A40E9E72846FFF7EC
:1084200021FD024601213046FFF79EFFA6F84C5081
:10843000E2E76FF0010070476FF00100E2E700BF74
:1084400084560108A8B110B50C4690F848309BB18D
:1084500001212046FFF722FD0A2000F0C3F8002189
:108460002046FFF71BFD214605480AF017F80020BB
:1084700010BD6FF0010070476FF00100F8E700BF1A
:10848000AC56010808B5037B022B00D908BD05488E
:1084900000EBC30C0A46BCF8041050F8330001F09E
:1084A000D2FAF3E7885A010848B110B50446012111
:1084B000FFF7E8FF204609F02FFC002010BD6FF009
:1084C00015007047002918BF00281BD0F0B583B0F5
:1084D00004460D461646C2B1C769CFB10021FFF769
:1084E000D1FFC823009333462A462946384602F076
:1084F000ABF9054601212046FFF7C4FF5DB9002016
:1085000003B0F0BD6FF0150070476FF01500F7E78E
:108510006FF01500F4E76FF00400F1E7002302228A
:1085200001E001335200072B09DC0029F9D0B0FB30
:10853000F2FC8C45F5D8034A52F8230070473820E6
:10854000704700BF4C5A0108002918BF00283CD0D2
:1085500070B506460C468B69002B39D00B7A022B7E
:1085600039D82421012009F0EBF83060002835D0FB
:10857000A369C361336822685A60336862689A608D
:108580003368627A5A733368A27A9A733368227AAC
:108590001A73A56900F068FE6168FFF7BFFFEB6919
:1085A000834204D0E861284601F0D6FF28B90121B2
:1085B0003068FFF767FF002070BD306809F0ACFB42
:1085C000002333606FF00400F6E76FF0150070478A
:1085D0006FF01500F0E76FF01500EDE76FF00B009E
:1085E000EAE7000038B50546074B5C6800F026FE58
:1085F000064AA2FB00239B0C05FB03F0024B5B68C1
:108600001B1B8342FAD338BD001000E083DE1B43FE
:1086100008B500F001FA08BD03E0DFED127A30EE94
:10862000270AB5EEC00AF1EE10FAF6D403E0DFED4A
:108630000D7A30EE670ADFED0B7AB4EEE70AF1EE61
:1086400010FAF4DAB0EE677AC0EE077A9FED067A98
:1086500067EE877AFCEEE77A17EE900A00F07F006B
:10866000704700BF0000B443000000432DE9F84FFD
:108670002DED028B07468A46164698464FF0000BB2
:108680000FE007EE904AB8EEE70A0AEB091520EE74
:10869000080AFFF7C1FF285501340F2CF1DD0BF15B
:1086A000010BBBF10E0F06DCD94607EB8B0393EDF4
:1086B000008A0024F1E74FF0000A0FE007EE904A2D
:1086C000B8EEE70A06EB091520EE080AFFF7A4FF4B
:1086D000285501340F2CF1DD0AF1010ABAF10E0F11
:1086E00008DCD1460AF1100307EB830393ED008AFF
:1086F0000024EFE7002303E0002208F80320013301
:108700000F2BF9DDBDEC028BBDE8F88F38B50446C0
:108710001C21012000F030F9A8B1054600F034F921
:10872000002028712368AB606368EB60637A2B7468
:10873000A37A6B74E3686B61A369AB612268034B36
:1087400043F8225038BD6FF00B00FBE7B43B00202C
:10875000002937D038B505460C46CB68002B35D0FC
:108760001B68002B35D00B68082B35D81C4A52F8F3
:10877000233003B3E3681B68214628469847024626
:10878000B8B920682B68164951F8201019602B6879
:1087900019680B7901330B712B68E16819612B683B
:1087A000E16919622B681433103494E8030083E8FC
:1087B0000300104638BD0846FFF7A8FF0246002810
:1087C000D8D0F6E76FF01502104670476FF015022B
:1087D000EFE76FF05702ECE76FF01502E9E700BF33
:1087E000B43B002038B505460B4B53F820402379A5
:1087F0000BB1013B2371237903B138BD206800F030
:10880000C6F8002CF9D0204600F0BAF8024B00223E
:1088100043F82520F1E700BFB43B002070B110B54C
:10882000044603696BB1036813B19868FFF7DAFF78
:1088300023695B6943B12046984710BD6FF015006E
:1088400070476FF01500F8E76FF05700F5E770B567
:10885000B8B10E46154604460369ABB15B68B3B1C7
:108860000368186800F091F823695B682A4631466E
:108870002046984705462368186800F087F8284680
:1088800070BD6FF01505FAE76FF01505F7E76FF0AB
:108890005705F4E70346002001E05B0801301BB1F7
:1088A00013F0010FF9D000E02020704738B50546DD
:1088B0000C46FFF7EFFF04FA00F0284038BD10B572
:1088C00001EA0004FFF7E6FF24FA00F010BD0029DA
:1088D00018BF002809D1884238BF08467047B0FB4E
:1088E000F1F301FB1303084619460029F7D170473D
:1088F0002DE9F04D044690461F46D0E900AB5046A6
:108900005946F8F7B1F916461D4642463B465046D1
:108910005946F8F7A9F9C4E9000130462946BDE8EF
:10892000F08DF8B505460C4617461E46F8F79CF93B
:108930000699C1E900233A46334628462146F8F70E
:1089400093F9F8BD10B582B0CDE900011C460023B3
:108950006846FFF7CDFF2060DDE9000102B010BDE1
:1089600000B583B001ABFFF7EDFF03B05DF804FB8A
:1089700008B509F0C9F908BD08B508F0E1FE08BD61
:1089800008B509F0C9F908BD7047704770477047CE
:1089900010B504460E4B1A784FF47A73B3FBF2F31A
:1089A0000C4A1068B0FBF3F000F0ACF868B90F2C7B
:1089B00001D901200AE0002221464FF0FF3000F0EB
:1089C00083F8054B1C60002000E0012010BD00BFB3
:1089D000AC0000203C000020B000002008B50320BF
:1089E00000F060F80F20FFF7D3FFFAF7CBFF00206D
:1089F00008BD0000034A1168034B1B780B44136049
:108A0000704700BFD83B0020AC000020014B186825
:108A1000704700BFD83B002038B50446FFF7F6FF8B
:108A20000546B4F1FF3F02D0044B1B781C44FFF70E
:108A3000EDFF401BA042FAD338BD00BFAC000020C0
:108A4000002804DB0901C9B2044B1954704700F037
:108A50000F000901C9B2024B1954704700E400E04D
:108A600014ED00E000B500F00700C0F1070CBCF108
:108A7000040F28BF4FF0040C031D062B0FD9C31E93
:108A80004FF0FF3E0EFA0CF021EA000199400EFA79
:108A900003FE22EA0E0241EA02005DF804FB002315
:108AA000EEE700000649CB6823F4E0631B041B0CCF
:108AB000000200F4E0600343024A1A43CA607047B0
:108AC00000ED00E00000FA0510B50446054BD8683B
:108AD000C0F30220FFF7C6FF01462046FFF7B0FFB4
:108AE00010BD00BF00ED00E0002807DB00F01F0212
:108AF000400901239340024A42F82030704700BFEA
:108B000000E100E00138B0F1807F0BD24FF0E023AC
:108B10005861054AF02182F823100020986107224D
:108B20001A6170470120704700ED00E0BFF35F8FCE
:108B3000044B5A6A22F480325A620022C3F894200D
:108B4000704700BF00ED00E040F00100054BC3F8A6
:108B500094005A6A42F480325A62BFF34F8FBFF3D7
:108B60006F8F704700ED00E04378144AC2F89830E8
:108B7000D2F8A03023F00103C2F8A0304368C2F855
:108B80009C30017BC37A1B0643EA0173817A43EA76
:108B9000C143417B43EA8143817B43EA4143C17B3B
:108BA00043EA0143417A43EA0123017A43EA41035C
:108BB00001780B43C2F8A030704700BF00ED00E021
:108BC000002800F0FF8170B582B00446036813F0FE
:108BD000010F29D0954B9B6803F00C03042B1AD08E
:108BE000924B9B6803F00C03082B0FD06368B3F51E
:108BF000803F40D0002B54D18C4B1A6822F4803235
:108C00001A601A6822F480221A6039E0874B5B6888
:108C100013F4800FEAD0854B1B6813F4003F03D098
:108C20006368002B00F0D081236813F0020F74D02A
:108C30007E4B9B6813F00C0F5ED07C4B9B6803F05F
:108C40000C03082B53D0E368002B00F08980774A8F
:108C5000136843F001031360FFF7D8FE0546734B1A
:108C60001B6813F0020F72D1FFF7D0FE401B0228E1
:108C7000F5D90320ADE16D4A136843F480331360E6
:108C800063682BB3FFF7C2FE0546684B1B6813F4FD
:108C9000003FC9D1FFF7BAFE401B6428F5D9032075
:108CA00097E1B3F5A02F09D0604B1A6822F4803207
:108CB0001A601A6822F480221A60E1E75B4B1A6896
:108CC00042F480221A601A6842F480321A60D7E7B0
:108CD000FFF79CFE0546554B1B6813F4003FA3D0DD
:108CE000FFF794FE401B6428F5D9032071E14F4B38
:108CF0005B6813F4800FA6D14C4B1B6813F0020F76
:108D000003D0E368012B40F06181484A136823F0E7
:108D1000F803216943EAC1031360236813F0080FC5
:108D200046D0636983B3414A536F43F001035367ED
:108D3000FFF76CFE05463D4B5B6F13F0020F37D11A
:108D4000FFF764FE401B0228F5D9032041E1374AB2
:108D5000136823F0F803216943EAC1031360DCE7D9
:108D6000324A136823F001031360FFF74FFE0546F4
:108D70002E4B1B6813F0020FCFD0FFF747FE401BAE
:108D80000228F5D9032024E1284A536F23F0010378
:108D90005367FFF73BFE0546244B5B6F13F0020F52
:108DA00006D0FFF733FE401B0228F5D9032010E15F
:108DB000236813F0040F7DD01C4B1B6C13F0805FF5
:108DC0001ED11A4B1A6C42F080521A641B6C03F0CD
:108DD00080530193019B0125154B1B6813F4807F81
:108DE00010D0A368012B25D0002B3BD10F4B1A6F5D
:108DF00022F001021A671A6F22F004021A671EE0BD
:108E00000025E9E70A4A136843F480731360FFF70B
:108E1000FDFD0646064B1B6813F4807FE1D1FFF78A
:108E2000F5FD801B6428F5D90320D2E0003802400C
:108E3000007000406E4A136F43F001031367A3688C
:108E400033B3FFF7E3FD0646694B1B6F13F0020FC8
:108E50002FD1FFF7DBFD801B41F288339842F3D915
:108E60000320B6E0052B09D0614B1A6F22F00102F6
:108E70001A671A6F22F004021A67E0E75C4B1A6F58
:108E800042F004021A671A6F42F001021A67D6E72D
:108E9000FFF7BCFD0646564B1B6F13F0020F08D0C0
:108EA000FFF7B4FD801B41F288339842F3D90320C9
:108EB0008FE0FDB9A369002B00F08A804C4A9268CC
:108EC00002F00C02082A58D0022B19D0484A136825
:108ED00023F080731360FFF799FD0446444B1B6831
:108EE00013F0007F47D0FFF791FD001B0228F5D952
:108EF00003206EE03E4A136C23F080531364D9E7DD
:108F00003B4A136823F080731360FFF77FFD05462B
:108F1000374B1B6813F0007F06D0FFF777FD401B2F
:108F20000228F5D9032054E0E369226A1343626AF8
:108F300043EA8213A26A5208013A43EA0243E26A10
:108F400043EA026343F00053294A5360136843F035
:108F500080731360FFF75AFD0446254B1B6813F01E
:108F6000007F06D1FFF752FD001B0228F5D9032030
:108F70002FE000202DE000202BE01D4A5268012B3D
:108F800029D002F48003E1698B4226D102F03F032D
:108F9000216A8B4223D1616A47F6C0731340B3EB59
:108FA000811F1ED102F44031A36A5B08013BB1EB83
:108FB000034F18D102F07062E36AB2EB036F14D171
:108FC000002006E001207047012002E0012000E0BF
:108FD000002002B070BD0120FBE70120F9E701206D
:108FE000F7E70120F5E70120F3E70120F1E700BFF3
:108FF0000038024008B5334B9B6803F00C03042B88
:109000005BD0082B5BD12F4B5A6802F03F025B68A4
:1090100013F4800F2CD02B4B5868C0F388104FEA04
:10902000401CBCEB000C6EEB0E0E4FEA8E1343EAB5
:109030009C634FEA8C11B1EB0C0163EB0E03DB0078
:1090400043EA5173C90011EB000C43F100035902CC
:1090500000234FEA4C2041EADC51F7F705FE194B9B
:109060005B68C3F3014301335B00B0FBF3F008BD61
:10907000144B5868C0F388104FEA401CBCEB000C3E
:109080006EEB0E0E4FEA8E1343EA9C634FEA8C118F
:10909000B1EB0C0163EB0E03DB0043EA5173C90033
:1090A00011EB000C43F10003990200234FEA8C20DE
:1090B00041EA9C51F7F7D8FDD1E70348D7E70348C9
:1090C000D5E700BF0038024000127A000024F40007
:1090D000002800F0A08070B50D460446524B1B6876
:1090E00003F00F038B420BD24F4A136823F00F0398
:1090F0000B431360136803F00F038B4240F08D8025
:10910000236813F0020F17D013F0040F04D0474A5E
:10911000936843F4E0539360236813F0080F04D07E
:10912000424A936843F460439360404A936823F053
:10913000F003A1680B439360236813F0010F31D053
:109140006368012B20D0022B25D0384A126812F018
:10915000020F64D035498A6822F0030213438B6002
:10916000FFF754FC0646314B9B6803F00C03626822
:10917000B3EB820F16D0FFF749FC801B41F2883316
:109180009842F0D9032045E0284A126812F4003FC3
:10919000E0D101203EE0254A126812F0007FD9D1CB
:1091A000012037E0204B1B6803F00F03AB420AD9C4
:1091B0001D4A136823F00F032B431360136803F059
:1091C0000F03AB422DD1236813F0040F06D0174ACA
:1091D000936823F4E053E1680B439360236813F032
:1091E000080F07D0114A936823F46043216943EACA
:1091F000C1039360FFF7FEFE0C4B9B68C3F30313A0
:109200000B4AD35CD8400B4B18600B4B1868FFF728
:10921000BFFB002070BD012070470120FAE701204C
:10922000F8E70120F6E700BF003C024000380240AA
:10923000505701083C000020B0000020014B186886
:10924000704700BF3C00002008B5FFF7F7FF044B54
:109250009B68C3F38223034AD35CD84008BD00BF98
:10926000003802404857010808B5FFF7E7FF044BF4
:109270009B68C3F34233034AD35CD84008BD00BFA8
:109280000038024048570108F0B583B0044606682C
:1092900016F001060DD0A74B9A6822F400029A60DE
:1092A0009A68416B0A439A60436B002B00F0398146
:1092B0000026256815F4002511D09E4AD2F88C307E
:1092C00023F44013E16B0B43C2F88C30E36BB3F52E
:1092D000801F00F02881002B00F0278100252368E3
:1092E00013F4801F0FD0934AD2F88C3023F440033C
:1092F000216C0B43C2F88C30236CB3F5800F00F067
:10930000168103B90125236813F0807F00D0012660
:1093100013F0200F40F01081236813F0100F0CD0D1
:10932000844BD3F88C2022F08072C3F88C20D3F8C1
:109330008C20A16B0A43C3F88C20236813F4804F60
:1093400008D07C4AD2F8903023F44033616E0B434E
:10935000C2F89030236813F4004F08D0754AD2F851
:10936000903023F44023A16E0B43C2F89030236861
:1093700013F4803F08D06F4AD2F8903023F44013A2
:10938000E16E0B43C2F89030236813F4003F08D01D
:10939000684AD2F8903023F44003216F0B43C2F89F
:1093A0009030236813F0400F08D0624AD2F8903012
:1093B00023F00303616C0B43C2F89030236813F071
:1093C000800F08D05B4AD2F8903023F00C03A16CD8
:1093D0000B43C2F89030236813F4807F08D0554ABD
:1093E000D2F8903023F03003E16C0B43C2F8903098
:1093F000236813F4007F08D04E4AD2F8903023F04F
:10940000C003216D0B43C2F89030236813F4806FC2
:1094100008D0484AD2F8903023F44073616D0B4372
:10942000C2F89030236813F4006F08D0414AD2F894
:10943000903023F44063A16D0B43C2F89030236851
:1094400013F4805F08D03B4AD2F8903023F44053A5
:10945000E16D0B43C2F89030236813F4005F08D02D
:10946000344AD2F8903023F44043216E0B43C2F8C3
:109470009030236813F4800F08D02E4AD2F8903031
:1094800023F08063A16F0B43C2F89030236813F47C
:10949000001F0DD0274AD2F8903023F00063E16F0F
:1094A0000B43C2F89030E36FB3F1006F00F0AA8075
:1094B000236813F0080F00D0012513F4802F08D083
:1094C0001C4AD2F8903023F04073616F0B43C2F80E
:1094D0009030236813F4000F09D0164AD2F8903068
:1094E00023F08053D4F880100B43C2F8903026B993
:1094F000236813F0007F00F005810E4A136823F003
:1095000080631360FFF782FA06460A4B1B6813F06C
:10951000006F79D0FFF77AFA801B6428F5D9032011
:10952000F3E00126C5E60126D5E60125D7E60126AA
:10953000E7E600BF003802407F4B1A6C42F08052D1
:109540001A641B6C03F080530193019B7B4A1368E0
:1095500043F480731360FFF759FA0746774B1B6893
:1095600013F4807F06D1FFF751FAC01B6428F5D9A8
:109570000320CAE0704B1B6F13F4407315D0226BAD
:1095800002F440729A4210D06B4B1A6F22F4407270
:10959000196F41F480311967196F21F4803119670F
:1095A0001A671B6F13F0010F12D1236B03F4407283
:1095B000B2F5407F1DD0604A936823F4F81393609E
:1095C0005D490B6F226BC2F30B0213430B67A3E6DB
:1095D000FFF71CFA0746584B1B6F13F0020FE4D13C
:1095E000FFF714FAC01B41F288339842F3D90320E5
:1095F0008BE05148826822F4F812514919400A431D
:109600008260DDE7012553E7236813F0010F13D0D3
:10961000636B8BB9484AD2F88430D2F88410606802
:1096200003F4403343EA801301F070610B43A168F7
:1096300043EA0173C2F88430236813F4002F03D087
:10964000E26BB2F5801F06D013F4801F1ED0236C8E
:10965000B3F5800F1AD1384AD2F88430D2F884108A
:10966000606803F4403343EA8013E06843EA006330
:1096700001F0E0410B43C2F88430D2F88C3023F083
:109680001F03616A01390B43C2F88C30236813F061
:10969000807F11D0284AD2F88400D2F884106668FE
:1096A00023691B0443EA861300F07060034301F052
:1096B000E0410B43C2F88430236813F0007F0DD0E3
:1096C000626823691B0443EA8213E26843EA026387
:1096D000A26843EA0273184AC2F88430164A136833
:1096E00043F080631360FFF791F90646124B1B6845
:1096F00013F0006F06D1FFF789F9801B6428F5D9B4
:10970000032002E0012D02D0002003B0F0BD0A4A80
:10971000136823F080531360FFF778F90546064B72
:109720001B6813F0005F0DD0FFF770F9401B642831
:10973000F5D90320E9E700BF00380240007000407F
:10974000FFFCFF0F236813F4002F01D0E26B22B15E
:1097500013F4801F1DD0236CDBB9354AD2F8883052
:10976000D2F88810606903F4403343EA8013A0699B
:1097700043EA006301F0E0410B43C2F88830D2F8BD
:109780008C3023F4F853A16A013943EA0123C2F86B
:109790008C30236813F4001F03D0E36FB3F1006F24
:1097A00031D0236813F0080F19D0214AD2F888105D
:1097B000D2F88830606903F4403343EA801301F043
:1097C00070610B43E16943EA0173C2F88830D2F853
:1097D0008C3023F44033E16A0B43C2F88C30144AD6
:1097E000136843F080531360FFF710F90446104BE1
:1097F0001B6813F0005F19D1FFF708F9001B6428FC
:10980000F5D9032081E70A4AD2F88800D2F88810F7
:109810006569236A1B0443EA851300F07060034303
:1098200001F0E0410B43C2F88830BAE700206CE752
:109830000038024000230F2B00F2F48070B582B094
:1098400066E085684FEA430E032404FA0EF425EA25
:109850000405CC6804FA0EF42C438460446824EABE
:1098600002044A68C2F300129A40224342605DE05B
:10987000DC08083450F8242003F00705AD004FF051
:109880000F0E0EFA05FE22EA0E0E0A69AA4042EAFF
:109890000E0240F824205DE0092200E0002202FAD6
:1098A0000EF22A430234604D45F824205F4A946842
:1098B0006FEA0C0224EA0C054E6816F4801F01D0F2
:1098C0004CEA0405594CA560E46802EA04054E68B8
:1098D00016F4001F01D04CEA0405544CE56064689E
:1098E00002EA04054E6816F4003F01D04CEA040574
:1098F0004E4C6560246822404D6815F4803F01D0CD
:109900004CEA0402494C226001330F2B00F288809C
:1099100001229A400C6804EA020C32EA0404F3D1F2
:109920004C6804F00304013C012C8AD94A6802F017
:109930000302032A09D0C4685D000322AA4024EA76
:1099400002048A68AA402243C2604A6802F0030205
:10995000022A8DD004684FEA430E032202FA0EF267
:1099600024EA02044A6802F0030202FA0EF22243D9
:1099700002604A6812F4403FC6D02D4A546C44F449
:1099800080445464526C02F480420192019A9C0813
:10999000A51C254A52F8255003F0030E4FEA8E0EFF
:1099A0000F2202FA0EF225EA0205224A90423FF403
:1099B00075AF02F58062904222D002F5806290423B
:1099C00020D002F5806290421ED002F58062904263
:1099D0001CD002F5806290421AD002F5806290425B
:1099E00018D002F58062904216D002F58062904253
:1099F00014D002F5806290423FF44EAF0A224EE747
:109A000001224CE702224AE7032248E7042246E704
:109A1000052244E7062242E7072240E708223EE704
:109A200002B070BD704700BF00380140003C0140EB
:109A300000380240000002400369194201D00120B1
:109A40007047002070470AB1816170470904816145
:109A50007047436901EA030221EA030141EA024136
:109A60008161704708B5054B5B69034200D108BDB1
:109A7000024B5861F9F7EAFEF9E700BF003C0140EC
:109A8000024A136843F4807313607047007000400B
:109A900010B582B01B4B1A6C42F080521A641B6CDA
:109AA00003F080530193019B174A136843F48033FA
:109AB0001360FEF7ABFF0446134B5B6813F4803F63
:109AC00008D1FEF7A3FF001BB0F57A7FF4D903207D
:109AD00002B010BD0C4A136843F400331360FEF764
:109AE00095FF0446084B5B6813F4003F07D1FEF76F
:109AF0008DFF001BB0F57A7FF4D90320E8E7002042
:109B0000E6E700BF003802400070004003689A6931
:109B100012F0020F01D000229A6203689A6912F0D3
:109B2000010F03D19A6942F001029A61704710B4A3
:109B3000019CC1F3090141EA02411943214321F08B
:109B4000004102685368640D04F4806444F07F743B
:109B500044F4583444F47F7444F0030423EA0403C7
:109B60000B4353605DF8044B70472DE9F041044608
:109B700003689E6916F010067ED00D4690461022AE
:109B8000DA61002637462368986910F0200F32D139
:109B90008FBBB5F1FF3FF6D0FEF738FFA0EB080012
:109BA000A84201D8002DEED121684A6802F4804213
:109BB00094F84230DBB2886910F4004F04D0203BA7
:109BC00018BF012302B973B923689B6913F0200FF2
:109BD000D9D1FEF71BFFA0EB08001928F4D946F0F5
:109BE00020060127CFE74B6843F480434B60FEF724
:109BF0000DFF8046E8E70FB92022DA6146F004063F
:109C000001252268936913F4807F05D046F0010690
:109C10004FF48071D161012513F4806F06D046F0B6
:109C2000080622684FF48061D161012513F4007F9A
:109C300024D046F0020623684FF40072DA61012551
:109C40002046FFF763FF2268536823F0FF7323F475
:109C50008B3323F4FF7323F001035360636C3343AE
:109C60006364202384F84130002384F8423084F870
:109C700040302846BDE8F0810025C2E7002DF8D02D
:109C8000DEE770B504460D46164623689B6913F05F
:109C9000020F22D1324629462046FFF766FFF0B96F
:109CA000B5F1FF3FF1D0FEF7B1FE801BA84201D80D
:109CB000002DEAD123689B6913F0020FE5D1636C94
:109CC00043F020036364202384F84130002384F8A8
:109CD000423084F84030012000E0002070BD0120B7
:109CE000FCE72DE9F8430546884617461E46DDF891
:109CF00020902B689C6938EA04040CBF01230023E0
:109D0000BB4227D14A4631462846FFF72EFF20BBEB
:109D1000B6F1FF3FEDD0FEF779FEA0EB0900B042AF
:109D200001D8002EE5D12B689B6938EA03030CBFEC
:109D300001230023BB42DCD16B6C43F020036B6436
:109D4000202385F84130002385F8423085F84030E3
:109D5000012000E00020BDE8F8830120FBE770B59A
:109D600004460D46164604E023689B6913F0200F55
:109D700012D023689B6913F0200F1BD1324629466D
:109D80002046FFF7F2FEB8B9FEF740FE801BA8425E
:109D9000EAD8002DEDD1E7E7636C43F0200363645C
:109DA000202384F84130002384F8423084F8403086
:109DB000012000E0002070BD0120FCE7F8B504465A
:109DC0000E461746002518E000236364FEF71EFECA
:109DD000C01BB04200D886B97DB923689B6913F0D7
:109DE000040F0AD1636C43F020036364202384F8DA
:109DF0004130002384F84030012523689B6913F02B
:109E0000040F2ED16DBB3A4631462046FFF7ADFE1A
:109E100000B1012523689A6912F0200FD6D0002DD9
:109E2000D4D19A699A6912F0100FCDD01022DA615C
:109E30000423636423682022DA6121684B6823F0DD
:109E4000FF7323F48B3323F4FF7323F001034B6080
:109E500084F84120002384F8423084F84030012502
:109E6000B4E72846F8BD000000285DD010B50446D0
:109E700090F84130002B46D0242384F841302268EA
:109E8000136823F0010313606368226823F0706392
:109E900013612268936823F400439360E368012B05
:109EA00036D0A368226843F404439360E368022B2E
:109EB00034D02268536823F40063536022685168E9
:109EC0001A4B0B4353602268D36823F40043D360DA
:109ED000236962691343A169226843EA0123D360BD
:109EE000E369216A22680B4313602268136843F018
:109EF0000103136000206064202384F84130206354
:109F000084F8420010BD80F84030F9F753FDB3E704
:109F1000A368226843F400439360C7E7226853684C
:109F200043F400635360C9E70120704700800002DA
:109F30002DE9F04782B00F460A9E90F84110202983
:109F400040F0B78004469146984690F84030012B87
:109F500000F0B3804FF0010A80F840A0FEF756FDF4
:109F600005460090192352464FF400412046FFF762
:109F7000B8FE002840F0A380212384F8413010234C
:109F800084F8423000236364C4F82490A4F82A8043
:109F90006363638D9BB2FF2B1ED9FF2323854FF094
:109FA0008073228DEAB1226899F800109162626A8A
:109FB00001326262628D92B2013A92B26285228D62
:109FC000013A92B22285013241490091D2B239461A
:109FD0002046FFF7ACFD18E0638D23854FF000733A
:109FE000DFE73B490091D2B239462046FFF79FFD9B
:109FF0000BE0628D92B22285002300934FF0007334
:10A00000D2B239462046FFF792FD638D9BB2002BFA
:10A0100033D02A4631462046FFF733FE002850D180
:10A02000626A236812789A62636A01336362638D9D
:10A030009BB2013B9BB26385238D013B9BB2238581
:10A04000628D92B2002AE0D0002BDED1009533461B
:10A05000002280212046FFF744FEA0BB638D9BB207
:10A06000FF2BC6D9FF222285002300934FF0807377
:10A0700039462046FFF75BFDC7E72A4631462046B2
:10A08000FFF76DFE08BB23682022DA6121684B6868
:10A0900023F0FF7323F48B3323F4FF7323F00103C6
:10A0A0004B6084F84120002384F8423084F840302B
:10A0B00000E0022002B0BDE8F0870220FAE70120AC
:10A0C000F8E70120F6E70120F4E70120F2E700BFFE
:10A0D000002000802DE9F04782B00F460A9E90F8DC
:10A0E0004110202940F0A38004469146984690F8FC
:10A0F0004030012B00F09F804FF0010A80F840A013
:10A10000FEF784FC05460090192352464FF40041A7
:10A110002046FFF7E6FD002840F08F80222384F8D8
:10A120004130102384F8423000236364C4F8249043
:10A13000A4F82A806363638D9BB2FF2B0BD9524630
:10A14000A4F828A0414B00934FF080733946204675
:10A15000FFF7EDFC18E0628D92B222853B4B009335
:10A160004FF00073D2B239462046FFF7E0FC0BE017
:10A17000628D92B22285002300934FF00073D2B219
:10A1800039462046FFF7D3FC638D9BB2002B32D0BB
:10A190002A4631462046FFF711FE00284FD123689A
:10A1A0005A6A636A1A70636A01336362228D013AE4
:10A1B00092B22285638D9BB2013B9BB26385638D16
:10A1C0009BB2002BE0D0002ADED1009533468021DF
:10A1D0002046FFF786FDA0BB638D9BB2FF2BC7D93E
:10A1E000FF222285002300934FF0807339462046DA
:10A1F000FFF79DFCC8E72A4631462046FFF7AFFD32
:10A2000008BB23682022DA6121684B6823F0FF73C2
:10A2100023F48B3323F4FF7323F001034B6084F8A2
:10A220004120002384F8423084F8403000E00220CE
:10A2300002B0BDE8F0870220FAE70120F8E701202C
:10A24000F6E70120F4E70120F2E700BF00240080D8
:10A25000034690F84120202A23D190F84020012A7B
:10A2600021D0012280F84020242280F8412000687B
:10A27000026822F0010202601868026822F480522B
:10A280000260186802680A43026019680A6842F0AE
:10A2900001020A60202283F84120002083F8400058
:10A2A00070470220704702207047034690F8412013
:10A2B000202A21D190F84020012A1FD0012280F8C5
:10A2C0004020242280F841200068026822F0010228
:10A2D00002601868026822F4706242EA0122026099
:10A2E00019680A6842F001020A60202283F84120BE
:10A2F000002083F84000704702207047022070471A
:10A300002DE9F04782B00546884617461E46FEF7FF
:10A310007DFB0A9B1B1A03EB0609FEF777FB8246BF
:10A32000284B1B68C3F3CB3309FB03F301932B6862
:10A330009C6838EA04040CBF01230023BB423DD0D3
:10A34000B6F1FF3FF3D0FEF761FBA0EB0A004845F2
:10A3500003D2019B73BB9946E9E72A68536823F04F
:10A36000E00353606B68B3F5827F0BD0AB6AB3F543
:10A37000005F14D0012385F85D30002385F85C3040
:10A3800003201CE0AB68B3F5806F18BFB3F5004F36
:10A39000ECD12A68136823F040031360E6E72A68CB
:10A3A000136823F4005313602A68136843F40053BE
:10A3B0001360DFE7019B013B0193B8E7002002B087
:10A3C000BDE8F0873C0000202DE9F04782B006464A
:10A3D0000D4614461F4600238DF80330FEF716FB8A
:10A3E0000A9B1B1A03EB0709FEF710FB8246D6F8FF
:10A3F0000080304B1B6803EB8303C3EBC3031B0DCF
:10A4000009FB03F3019302E0B7F1FF3F12D1336878
:10A410009B6803EA050CA44547D0B5F5C06F08BF9B
:10A42000002CF1D198F80C30DBB28DF803309DF898
:10A430000330E9E7FEF7EAFAA0EB0A00484503D249
:10A44000019B73BB9946E2E73268536823F0E0034F
:10A4500053607368B3F5827F0BD0B36AB3F5005FC6
:10A4600014D0012386F85D30002386F85C30032089
:10A470001CE0B368B3F5806F18BFB3F5004FECD1A3
:10A480003268136823F040031360E6E7326813680C
:10A4900023F4005313603268136843F400531360CD
:10A4A000DFE7019B013B0193B1E7002002B0BDE86B
:10A4B000F08700BF3C00002070B584B004460D4614
:10A4C000164600920B4600224FF4C051FFF77CFF66
:10A4D00018BB1F4B1B681F4AA2FB03235B0D4FF4E5
:10A4E0007A7202FB03F303936368B3F5827F1AD099
:10A4F000039B3BB1039B013B039323689B6813F0D1
:10A50000800FF5D100962B4600224FF4C061204603
:10A51000FFF75AFFB0B904B070BD236E43F02003BB
:10A5200023660320F7E700962B4600228021204671
:10A53000FFF7E6FE0028E5D0236E43F020032366F4
:10A540000320E8E7236E43F0200323660320E2E7BD
:10A550003C000020819F5E1600286FD010B5044695
:10A56000436A33B94368B3F5827F05D00023C361E2
:10A5700002E00023036143610023A36294F85D308D
:10A58000002B52D0022384F85D302268136823F038
:10A5900040031360E368B3F5E06F4CD90022B3F5D4
:10A5A000706F18BFB3F5E06F01D00023A36263683A
:10A5B00003F48273A16801F404410B43216901F0A3
:10A5C00002010B43616901F001010B43A16901F430
:10A5D00000710B43E16901F038010B43216A01F07E
:10A5E00080010B43A16A01F4005120680B43036012
:10A5F000638B03F00403616A01F010010B43616B8C
:10A6000001F008010B43E16801F470610B4321681C
:10A6100013434B602268D36923F40063D3610020A5
:10A620002066012384F85D3010BD84F85C3020463C
:10A63000F9F78CFAA6E74FF48052B0E70120704793
:10A640002DE9F04383B00446894690461D46FEF747
:10A65000DDF994F85D30012B40F0EF800646DFB263
:10A66000B8F1000F18BFB9F1000F00F0E78094F8BF
:10A670005C30012B00F0E680012384F85C3003237A
:10A6800084F85D3000232366C4F83890A4F83C8039
:10A69000A4F83E802364A4F84430A4F8463023652F
:10A6A000E364A368B3F5004F1ED023681A6812F064
:10A6B000400F03D11A6842F040021A60E368B3F514
:10A6C000E06F47D9636813B1B8F1010F27D1A26BCE
:10A6D00023681288DA60A36B0233A363E38F9BB213
:10A6E000013B9BB2E3871AE02268136823F0400322
:10A6F00013602268136843F480431360D5E7A26BAC
:10A700001288DA60A36B0233A363B4F83EC01FFA69
:10A710008CFC0CF1FF3C1FFA8CFCA4F83EC0E38FCC
:10A720009BB2002B6ED023689A6812F0020FE6D11C
:10A73000FEF76CF9801BA84202D3B5F1FF3F01D1AF
:10A74000002DECD1012384F85D30002384F85C30C7
:10A75000032773E0636813B1B8F1010F32D1E38FBF
:10A760009BB2012B0CD9A26B23681288DA60A36B11
:10A770000233A363E38F9BB2023B9BB2E38721E0EA
:10A78000A26B236812781A73A36B0133A363E38F60
:10A790009BB2013B9BB2E38714E0A36B1B7813735E
:10A7A000A36B0133A363E38F9BB2013B9BB2E387AF
:10A7B00008E0FEF72BF9801BA84202D3B5F1FF3F5A
:10A7C00018D1BDB1E38F9BB2E3B12268936813F057
:10A7D000020FEED0E38F9BB2012BDED9A36B1B8857
:10A7E000D360A36B0233A363E38F9BB2023B9BB2A4
:10A7F000E387E7E7012384F85D30002384F85C30C9
:10A8000003271BE0324629462046FFF755FE08B1D4
:10A8100020232366A36833B901932368DA68019281
:10A820009B680193019B012384F85D30002384F829
:10A830005C30236E13B9002700E00227384603B0CE
:10A84000BDE8F0830227F9E72DE9F843044688467E
:10A8500091461F46089DFEF7D9F8064694F85D30EC
:10A860006268012B0BD0D9B2B2F5827F40F05A81D9
:10A87000A368002B40F05981042940F05881B9F1B8
:10A88000000F18BFB8F1000F00F05381002F00F047
:10A89000528194F85C30012B00F04F81012384F841
:10A8A0005C3094F85D30042B02D0052384F85D30D1
:10A8B00000232366C4F84090A4F84670A4F84470BE
:10A8C000C4F83880E787A787E3642365E368B3F5B6
:10A8D000E06F01D8012F23D92268536823F48053F5
:10A8E000536023681A6812F0400F03D11A6842F0CF
:10A8F00040021A60E368B3F5E06F5FD963680BB19B
:10A90000012F0BD1A26B23681288DA60A36B02338C
:10A91000A363E38F9BB2013B9BB2E387012730E047
:10A920002268536843F480535360DAE7A26B1288BD
:10A93000DA60A36B0233A363E38F9BB2013B9BB24C
:10A94000E387002723689A6812F0010F11D0B4F84A
:10A95000462092B26AB1DA68236C1A80236C023303
:10A960002364B4F846309BB2013B9BB2A4F8463056
:10A970000127FEF74BF8831BAB4202D3B5F1FF3F33
:10A9800014D1E38F9BB22BB9B4F846309BB2002BA5
:10A9900000F0B18023689A6812F0020FD2D0E28FE3
:10A9A00092B2002ACED0002FCCD0BFE7012384F88A
:10A9B0005D30002384F85C300320B4E063680BB1A1
:10A9C000012F0FD1E38F9BB2012B0DD9A26B23680E
:10A9D0001288DA60A36B0233A363E38F9BB2023B5E
:10A9E0009BB2E387012749E0A26B236812781A73B0
:10A9F000A36B0133A363E38F9BB2013B9BB2E3875D
:10AA0000F0E7E28F92B2012A0CD9A26B1288DA60C9
:10AA1000A36B0233A363E38F9BB2023B9BB2E3873A
:10AA200000273DE0A26B12781A73A36B0133A36376
:10AA3000E38F9BB2013B9BB2E387002730E02268A3
:10AA4000536843F48053536001270DE0226C1B7B55
:10AA50001370236C01332364B4F846309BB2013B7E
:10AA60009BB2A4F846300127FDF7D0FF801BA84217
:10AA700002D3B5F1FF3F36D1002D34D0E38F9BB226
:10AA800023B9B4F846309BB2002B34D023689A68BF
:10AA900012F0020F04D0E28F92B20AB1002FB0D1AF
:10AAA00023689A6812F0010FDED0B4F8462092B203
:10AAB000002AD9D0B4F8462092B2012AC6D9DA6861
:10AAC000236C1A80236C02332364B4F846309BB2A3
:10AAD000023B9BB2A4F84630B4F846309BB2012B3F
:10AAE000ADD90127C0E7012384F85D30002384F845
:10AAF0005C30032017E0324629462046FFF7DCFC95
:10AB000048B9012384F85D30002384F85C30236E5B
:10AB10004BB1012007E020232366002384F85C303A
:10AB2000012000E00220BDE8F8830220FBE70220BC
:10AB3000F9E70120F7E70120F5E70220F3E700003D
:10AB400030B4036A046A24F0010404620A4D0B4C19
:10AB5000A04218BFA84203D1046A24F0040404628E
:10AB6000846924F0F00C4CEA021223F00A03194322
:10AB70008261016230BC7047000001400004014066
:10AB800030B4036A046A24F0100404620B4D0C4CC8
:10AB9000A04218BFA84203D1046A24F04004046212
:10ABA000846924F4704C4CEA023223F0A00343EA97
:10ABB00001118261016230BC704700BF000001409A
:10ABC00000040140836823F070030B4343F0070344
:10ABD0008360704790F83D30012B35D1022380F817
:10ABE0003D3003681A4AB3F1804F18BF93421DD01D
:10ABF000A2F57C42934219D002F58062934215D0AF
:10AC000002F58062934211D002F5784293420DD052
:10AC100002F57052934209D0A2F59432934205D0C6
:10AC20001A6842F001021A60002070479968094AC8
:10AC30000A40062A18BFB2F5803F07D01A6842F0D2
:10AC400001021A6000207047012070470020704701
:10AC5000000001400700010070B403683C4A9042C4
:10AC600014BF00220122B0F1804F14BF144642F0FD
:10AC70000104ACB9374DA84214BF00250125364E5A
:10AC8000B0420DD065B905F1804505F58235A84281
:10AC900014BF0025012506F50066B04200D01DB1A5
:10ACA00023F070034D682B43002C33D1294CA04274
:10ACB00014BF00240124284DA8422BD054BB04F11A
:10ACC000804404F58234A04214BF0024012405F519
:10ACD0000065A8421ED0ECB9204CA04214BF00244D
:10ACE000012405F59A35A84214D09CB91C4CA04209
:10ACF00014BF0024012405F50065A8420AD04CB910
:10AD0000184CA04214BF00240124A5F59635A84292
:10AD100000D01CB123F44073CC68234323F080039C
:10AD20004C6923438C68C4620C6884620E4CA04258
:10AD300008BF42F001020AB10A690263026842F0E8
:10AD40000402026001224261036070BC704700BFD0
:10AD500000000140000800400004004000440140A1
:10AD600000180040002000400004014060B310B50E
:10AD7000044690F83D3013B3022384F83D30214659
:10AD800051F8040BFFF768FF012384F8483084F87A
:10AD90003E3084F83F3084F8403084F8413084F805
:10ADA000423084F8433084F8443084F8453084F8E5
:10ADB000463084F8473084F83D30002010BD80F8DC
:10ADC0003C30F8F71FFFD7E70120704710B48468C4
:10ADD00024F47F4C42EA03220A4342EA0C028260D6
:10ADE0005DF8044B7047000090F83C30012B76D0A2
:10ADF00010B50446012380F83C30022380F83D3032
:10AE000002689068374B034093600B68602B4CD00E
:10AE100023D8402B54D011D8202B03D00AD80BB103
:10AE2000102B05D119462068FFF7CCFE002028E042
:10AE3000012026E0302BF5D0012022E0502B0AD152
:10AE4000CA6849682068FFF77BFE50212068FFF739
:10AE5000B9FE002015E0012013E0B3F5805F3AD081
:10AE6000B3F5005F14D0702B37D1CB684A6889687E
:10AE70002068FFF7ABFF2268936843F07703936085
:10AE80000020012384F83D30002384F83C3010BDBD
:10AE9000CB684A6889682068FFF798FF2268936842
:10AEA00043F4804393600020EBE7CA684968206858
:10AEB000FFF766FE60212068FFF784FE0020E0E7D0
:10AEC000CA6849682068FFF73BFE40212068FFF709
:10AED00079FE0020D5E70020D3E70120D1E702204A
:10AEE000704700BF8800FEFF90F83C20012A45D043
:10AEF00070B40346012280F83C20022280F83D20F5
:10AF00000268506894681E4E1E4DAA4218BFB24295
:10AF100003D120F470004D68284320F070000D68C4
:10AF2000284350601A681648B2F1804F18BF824219
:10AF300017D0A0F57C40824213D000F58060824299
:10AF40000FD000F5806082420BD000F5784082423D
:10AF500007D000F57050824203D0A0F594308242B1
:10AF600004D124F08004896821439160012283F890
:10AF70003D20002083F83C0070BC704702207047E1
:10AF80000000014000040140026852E8003F23F441
:10AF9000907342E800310029F6D1026802F10803FB
:10AFA00053E8003F23F00103083242E80031002952
:10AFB000F3D1036E012B06D02023C0F8803000238C
:10AFC000036683667047026852E8003F23F010036F
:10AFD00042E800310029F6D1EEE7000010B5044642
:10AFE00083680269134342691343C26913430168CA
:10AFF0000868914A02401A430A602268536823F4A1
:10B000004053E1680B435360A269236A1A432168E5
:10B010008B6823F4306313438B602368874A934221
:10B0200018D0874A934228D0864A93424FD0864A06
:10B0300093425ED0854A93426DD0854A93427FD039
:10B04000844A934200F09180834A934200F0A280A8
:10B05000102329E0814BD3F8903003F00303032B36
:10B0600009D8DFE803F00204AB0601231CE0042347
:10B070001AE0082318E0102316E0784BD3F890303C
:10B0800003F00C030C2B0ED8DFE803F0070D0D0DB9
:10B09000090D0D0D9A0D0D0D0B00002304E0042386
:10B0A00002E0082300E01023E069B0F5004F00F053
:10B0B000B980082B00F21A81DFE813F0F6000901CD
:10B0C000F40018010C011801180118010F01634B5D
:10B0D000D3F8903003F03003202B73D005D8002B29
:10B0E00072D0102B72D10423DEE7302B70D10823ED
:10B0F000DAE75A4BD3F8903003F0C003802B69D0C5
:10B1000005D8002B68D0402B68D10423CCE7C02B96
:10B1100066D10823C8E7514BD3F8903003F440734D
:10B12000B3F5007F5ED006D8002B5DD0B3F5807FED
:10B130005CD10423B8E7B3F5407F59D10823B3E7C6
:10B14000464BD3F8903003F44063B3F5006F51D011
:10B1500006D8002B50D0B3F5806F4FD10423A3E75E
:10B16000B3F5406F4CD108239EE73C4BD3F89030A9
:10B1700003F44053B3F5005F44D006D8002B43D00E
:10B18000B3F5805F42D104238EE7B3F5405F3FD132
:10B19000082389E7314BD3F8903003F44043B3F5EB
:10B1A000004F37D005D8BBB3B3F5804F36D1042359
:10B1B0007AE7B3F5404F33D1082375E7022373E7ED
:10B1C000022371E702236FE700236DE710236BE78B
:10B1D000102369E7022367E7002365E7102363E78D
:10B1E000102361E702235FE700235DE710235BE79D
:10B1F000102359E7022357E7012355E7102353E7AC
:10B20000102351E702234FE700234DE710234BE7BC
:10B21000102349E7022347E7002345E7102343E7CC
:10B22000102341E7082B5BD8DFE803F01A343A5AC1
:10B23000375A5A5A1E0000BFF369FFEF0010014051
:10B240000044004000480040004C004000500040D6
:10B250000014014000780040007C004000380240AB
:10B26000FDF7F2FF00283DD06268530803EB40036E
:10B27000B3FBF2F3A3F110014FF6EF72914233D812
:10B280009AB222F00F02C3F3420313432268D36041
:10B2900000202CE0FDF7E8FFE4E7FDF7ABFEE1E777
:10B2A0001748E1E7164802E0FDF7CEFF18B36368E0
:10B2B00000EB5300B0FBF3F0A0F110024FF6EF7378
:10B2C0009A421AD8236880B2D86000200FE0FDF7B8
:10B2D000CBFFEBE7FDF78EFEE8E74FF40040E6E733
:10B2E000012004E0002002E0012000E00120002312
:10B2F000A366E36610BD0020F9E70120F7E700BF71
:10B300000024F400436A13F0080F06D00268536863
:10B3100023F40043416B0B435360436A13F0010F66
:10B3200006D00268536823F40033816A0B435360EC
:10B33000436A13F0020F06D00268536823F4803387
:10B34000C16A0B435360436A13F0040F06D00268CE
:10B35000536823F48023016B0B435360436A13F05B
:10B36000100F06D00268936823F48053816B0B435F
:10B370009360436A13F0200F06D00268936823F4A9
:10B380000053C16B0B439360436A13F0400F0AD024
:10B390000268536823F48013016C0B435360036C01
:10B3A000B3F5801F0BD0436A13F0800F06D00268FC
:10B3B000536823F40023816C0B4353607047026889
:10B3C000536823F4C003416C0B435360EBE72DE952
:10B3D000F84305460E4617469946DDF820802B684F
:10B3E000DC6936EA04040CBF01240024BC423AD1D3
:10B3F000B8F1FF3FF3D0FDF709FBA0EB0900404592
:10B4000034D8B8F1000F33D02B681A6812F0040F4B
:10B41000E5D0B6F1400218BF0122802EDFD0002A0D
:10B42000DDD0DA6912F0080F11D1DA6912F4006F79
:10B43000D5D04FF400621A622846FFF7A5FD2023FD
:10B44000C5F88430002385F8783003200CE0082408
:10B450001C622846FFF798FDC5F88440002385F854
:10B460007830012000E00020BDE8F8830320FBE7EE
:10B470000320F9E72DE9F04182B01E46C36F202B6F
:10B480005CD104460D469046002A18BF002901D120
:10B49000012054E00023C0F884302123C367FDF766
:10B4A000B5FA0746A4F85080A4F85280A368B3F513
:10B4B000805F02D04FF000081AE0236963B34FF0B9
:10B4C000000815E02023E367032038E038F8023B4A
:10B4D0002268C3F308039362E36F03F02103212B77
:10B4E00030D1B4F8522092B2013A92B2A4F852206C
:10B4F000B4F852309BB293B100963B4600228021B3
:10B500002046FFF764FF0028DCD1002DDED015F8BF
:10B51000012B23689A62DFE7A8460025E8E700963A
:10B520003B46002240212046FFF751FF10B920235F
:10B53000E36704E02023E367032000E0022002B079
:10B54000BDE8F0810120FAE72DE9F04383B01E4603
:10B55000D0F88030202B40F0838004460D46904682
:10B56000002A18BF002901D101207AE00023C0F889
:10B5700084302222C0F880200366FDF747FA074690
:10B58000A4F85880A4F85A80A368B3F5805F06D069
:10B59000A3B9226972B9FF22A4F85C2014E02269E1
:10B5A00022B940F2FF12A4F85C200DE0FF22A4F8BB
:10B5B0005C2009E07F22A4F85C2005E0B3F1805F05
:10B5C0000AD00022A4F85C20B4F85C80B3F5805F58
:10B5D0000CD04FF0000924E022691AB97F22A4F8A8
:10B5E0005C20F1E73F22A4F85C20EDE723697BB300
:10B5F0004FF0000915E02023C4F88030032030E02C
:10B6000023685B6A08EA030329F8023BD4F8803018
:10B61000222B29D1B4F85A2092B2013A92B2A4F85E
:10B620005A20B4F85A309BB2ABB100963B46002288
:10B6300020212046FFF7CBFE0028DCD1002DDFD0F3
:10B6400023685A6A5FFA88F3134005F8013BDDE787
:10B65000A9460025E5E72023C4F88030002000E05B
:10B66000022003B0BDE8F0830120FAE710B582B0F4
:10B6700004460023C0F88430FDF7C8F923681B682E
:10B6800013F0080F0AD12023E367C4F880300020AC
:10B690002066606684F8780002B010BD6FF07E43CB
:10B6A0000093034600224FF400112046FFF78FFE5F
:10B6B0000028E8D0226852E8003F23F0800342E8E7
:10B6C00000310029F6D12023E367002384F8783085
:10B6D0000320E1E768B310B50446C36F03B3242326
:10B6E000E3672268136823F001031360636AE3B918
:10B6F0002046FFF773FC012811D02268536823F419
:10B70000904353602268936823F02A039360226871
:10B71000136843F0010313602046FFF7A7FF10BD35
:10B7200080F87830F8F784FAD9E72046FFF7EAFD89
:10B73000DEE7012070472DE9F04383B0D0F80080A8
:10B7400001EBC10300EB83039A6A5B6A9A4254D807
:10B7500007460C469B1A01EBC10200EB8202D2693C
:10B760009A4200D31A4602F103094FEA990915E0FB
:10B7700006F103094FEA9909BB7904EBC40507EB0D
:10B780008505296A0093B3B2E2B2404601F071F92F
:10B790002B6A33442B62AB6A3344AB6208EB44132D
:10B7A00003F510639B699BB24B4512D304EBC403B2
:10B7B00007EB83039A6A5B6A9A420AD24BB19B1ADF
:10B7C00004EBC40207EB8202D6699E42D0D31E4628
:10B7D000CEE704EBC40307EB83077A6ABB6A9A429D
:10B7E0000FD804F00F040122A240D8F8343823EA1D
:10B7F0000203C8F83438002000E0012003B0BDE89F
:10B80000F0830020FAE730B583B0002800F0828092
:10B810000446056890F89534C3B1032384F8953441
:10B82000B5F1A04F17D0206800F0D8FE237C8DF82A
:10B830000030231D0ECB206800F016FE70B10223ED
:10B8400084F895340125284603B030BD80F894343F
:10B85000F8F760FCE1E70023A371E4E7002120682A
:10B8600001F01DFB0246B8B903462079984218D969
:10B8700003EBC30104EB8101012048750B75CB85F7
:10B8800000200876C861086203EBC30104EB810164
:10B8900048620133DBB2E8E7022384F895340125DE
:10B8A000D1E7904217D902EBC20304EB83030021D6
:10B8B00083F8551283F8542283F85812C3F85C12A7
:10B8C000C3F8601202EBC20304EB8303C3F86412F3
:10B8D0000132D2B2E5E7237C8DF80030231D0ECB78
:10B8E000206800F0D1FE054658B900236374012397
:10B8F00084F89534237B012B08D0206801F08EFA60
:10B90000A1E7022384F8953401259CE7204600F046
:10B9100069FDF2E7012596E790F89434012B0ED0EB
:10B9200010B50446012380F89434006800F050FEFE
:10B93000206801F065FA002084F8940410BD02200C
:10B940007047000070B504460D460068066C00EBB9
:10B95000411303F530639A68A179012911D0384960
:10B960008E4256D03DB905EBC50304EB8303D3F8F3
:10B970006432002B5ED0E9B22046F8F719FC0020B3
:10B9800070BD12F0080F09D02E498E42F7D912F47B
:10B99000004FF4D04FF400429A60F0E712F0200F0D
:10B9A00002D020229A60EAE712F0280FE7D1254959
:10B9B0008E4206D912F4004F03D04FF400429A6031
:10B9C000DDE705EBC50204EB8202D2F874121B69B5
:10B9D000C3F31203CB1AC2F868327DB905EBC50276
:10B9E00004EB8202D2F864226AB105EBC50204EBD3
:10B9F0008202D2F860121944C2F86012E9B22046FD
:10BA0000F8F7D6FBBBE704F29C42012101F086FA6D
:10BA1000F4E712F4004F03D04FF400429A60AEE70F
:10BA200012F0200F01D020229A60E9B22046F8F7E8
:10BA3000BFFBA4E704F29C42002101F06FFA9AE7F1
:10BA40000A31544F0A30544F38B5044603681D6C10
:10BA500003EB4113D3F8081B0E4A954207D903F5AF
:10BA6000306311F4004F02D04FF400429A60204638
:10BA7000F8F796FB074B9D4202D9A379012B01D021
:10BA8000002038BD04F29C420121206801F046FAF2
:10BA9000F6E700BF0A30544F90F89434012B0CD0D5
:10BAA00010B50446012380F894344174006801F015
:10BAB00097F9002084F8940410BD0220704738B52F
:10BAC00005468C4611F0800F2BD101F00F0E0EEBC6
:10BAD000CE04A40004F514740444211D0EEBCE0E14
:10BAE00000EB8E0E00208EF855020CF00F0C81F842
:10BAF00000C0C2F30A028A600B714A780AB1A1F849
:10BB00001AC0022B1CD095F89434012B1BD00123B2
:10BB100085F89434286800F091FE002085F894049C
:10BB200038BD01F00F0000EBC0018900103129443D
:10BB3000043100EBC00005EB800001244475D4E71C
:10BB400000234B71DFE70220EAE710B504460A46FE
:10BB500011F0800F20D101F00F0000EBC0039B001B
:10BB600003F514732344191D00EBC00004EB80009F
:10BB7000002380F8553202F00F020A7094F89434D2
:10BB8000012B18D0012384F89434206800F0A2FE21
:10BB9000002084F8940410BD01F00F0000EBC003F6
:10BBA0009B0010332344191D00EBC00004EB800000
:10BBB00001234375DFE70220EDE710B5144601F0DD
:10BBC0000F0C0CEBCC01890001F514710144043118
:10BBD0000CEBCC0E00EB8E0ECEF86022CEF8643269
:10BBE0000023CEF868328EF855328EF854C282792E
:10BBF000012A04D0006800F053FF002010BDCEF8E9
:10BC00007042F7E701F00F0101EBC10100EB810089
:10BC1000D0F86802704710B5144601F00F0C0CEB19
:10BC2000CC0189001031014404310CEBCC0E00EB47
:10BC30008E0ECEF82020CEF824300023CEF8283007
:10BC400001238EF815308EF814C082799A4204D000
:10BC5000006800F025FF002010BDCEF83040F7E767
:10BC600038B501F00F050279AA4238D304460B46D5
:10BC700011F0800F1FD101EBC101890001F5147192
:10BC80000144043103EBC30300EB8303002283F878
:10BC9000552201238B700D7094F89434012B20D021
:10BCA000012384F89434206801F03FF885B1002026
:10BCB00084F8940438BD05EBC501890010310144B6
:10BCC000043105EBC50300EB830301225A75E0E75D
:10BCD00004F29C42A179206801F020F9E7E70120F5
:10BCE000E8E70220E6E701F00F0302799A4230D339
:10BCF00010B5044611F0800F1ED103EBC30189007B
:10BD000001F514710144043103EBC30200EB82021C
:10BD1000002082F8550200228A700B7094F8943447
:10BD2000012B18D0012384F89434206801F02AF8FC
:10BD3000002084F8940410BD03EBC3018900103186
:10BD40000144043103EBC30200EB82020120507571
:10BD5000E1E7012070470220EDE708B511F0800F00
:10BD60000CD101F00F0101EBC101890001F5147143
:10BD700001440431006800F01DFE08BD01F00F0110
:10BD800001EBC1018900103101440431F2E72DE9D2
:10BD9000F04F83B004460568284601F07CF810B1E6
:10BDA00003B0BDE8F08F0646206801F045F8002892
:10BDB000F6D005F50067BB68C3F30D23C4F8D4348F
:10BDC000206801F039F810F0020F04D0226853699E
:10BDD00003F002035361206801F02EF810F0100FF9
:10BDE00016D02268936923F010039361D5F8208060
:10BDF00008F00F0908F4F013B3F5802F6AD0B3F5FB
:10BE0000402F00F08D802268936943F01003936106
:10BE1000206801F011F810F4002F40F093802068A2
:10BE200001F00AF810F4802F40F0FC80206801F047
:10BE300003F80028C0F27D81206800F0FDFF10F4B7
:10BE4000006F09D0BB6813F0010F40F08A812268AF
:10BE5000536903F400635361206800F0EDFF10F0B4
:10BE6000006F15D02268536903F00063536194F8A2
:10BE7000CC34002B40F07981012184F8CC14236864
:10BE80005B6DC3F38303C4F8D034204600F0BEFAE0
:10BE9000206800F0D1FF10F4805F40F06A812068D4
:10BEA00000F0CAFF10F4005F40F0B681206800F097
:10BEB000C3FF10F0080F40F0C781206800F0BCFFFE
:10BEC00010F0800F00F0DA81AB6923F08003AB61E2
:10BED0000126C3E147F6F07318EA030F93D04FEA47
:10BEE000181A4FEAC903019309EBC90B04EB8B0B3A
:10BEF000C8F30A12DBF86012284600F0F3FEDBF804
:10BF00006032CAF30A0A5344CBF86032DBF8683275
:10BF1000019A4A4404EB82025344C2F8683272E741
:10BF2000082204F29C41284600F0DCFE09EBC9031C
:10BF300004EB8303D3F86822C8F30A184244C3F819
:10BF4000682260E7206800F07BFF8046B14635E05C
:10BF500005EB49130122C3F8082B49462046FFF799
:10BF6000F1FC3CE005EB49130822C3F8082B4946D5
:10BF70002046FFF769FD35E009EBC90304EB8303B5
:10BF800093F85732012B41D005EB49130222C3F835
:10BF9000082B1AF0200F04D005EB49132022C3F818
:10BFA000082B1AF4005F05D005EB49134FF400523B
:10BFB000C3F8082B09F101094FEA5808B8F1000F3E
:10BFC0003FF42DAF18F0010FF4D05FFA89FB59460A
:10BFD000206800F045FF824610F0010FB8D11AF03A
:10BFE000080FBFD11AF0100F04D005EB491310222F
:10BFF000C3F8082B1AF0020FCBD06B6913F0800F37
:10C00000BAD07B6843F480637B60B5E709EBC90372
:10C0100004EB8303002283F8572259462046F8F7A1
:10C0200015F9B1E7206800F013FF8046B14625E01E
:10C0300059462046F8F7C8F81AF0080F04D005EB67
:10C0400049130822C3F808291AF0100F04D005EB91
:10C0500049131022C3F808291AF0400F04D005EB49
:10C0600049134022C3F808291AF0020F40D11AF0F0
:10C07000800F59D109F101094FEA5808B8F1000FB2
:10C080003FF4D4AE18F0010FF4D05FFA89FB5946A3
:10C09000206800F0EEFE824610F0010FCCD009F0CF
:10C0A0000F02012101FA02F27B6B23EA02037B6398
:10C0B00005EB4913C3F80819A3798B42B8D109EBF2
:10C0C000C90304EB83031A6AD9690A441A62B9F1F5
:10C0D000000FADD109EBC90304EB83035B6A002BAE
:10C0E000A6D104F29C420121206800F017FF9FE7CF
:10C0F0004946284600F078FA09EBC90304EB8303AC
:10C10000DB7D012B05D005EB49130222C3F808297A
:10C11000ADE709EBC90304EB83030022DA75594646
:10C120002046F8F799F8EEE749462046FFF703FB6B
:10C13000A0E77B6823F001037B6094F8CC34012BEB
:10C1400008D02046F8F77CF82268536903F00043D2
:10C15000536171E6002184F8CC14204600F056F9B2
:10C16000F2E72046F8F754F871E62046F8F750F861
:10C170008EE67B6823F001037B601021206800F0CD
:10C1800033FA1AE005EB46134FF67F31C3F808196E
:10C19000D3F8002922F40012C3F80029C3F8081BC1
:10C1A000D3F8002B22F40012C3F8002BD3F8002B95
:10C1B00042F00062C3F8002B01362379B342E1D884
:10C1C000FB6943F00113FB61E37BDBB1D7F88430FB
:10C1D00043F00B03C7F884307B6C43F00B037B64A4
:10C1E000D5F8003823F4FE63C5F8003804F29C4209
:10C1F000A179206800F092FE2268536903F480530D
:10C2000053614CE67A6942F22B0313437B613B692D
:10C2100043F00B033B61E3E7206800F071FE206808
:10C2200000F0FAFAE0712668FDF708F80146E279B5
:10C23000304600F05BF92046F7F7D7FF22685369D4
:10C2400003F40053536131E62046F7F7C8FF226834
:10C25000536903F0080353612FE601362379B34293
:10C260000CD906EBC60304EB830393F85732012B7A
:10C27000F3D1F1B22046FFF770FDEEE7206800F041
:10C28000DBFD10F4801F25D1206800F0D5FD10F4EF
:10C29000001F58D0012326E001362379B3421BD971
:10C2A00005EB4613D3F8002906EBC60304EB830322
:10C2B0001B7E012BF0D1002AEEDA06EBC60304EB5D
:10C2C00083030122DA7566F07F01C9B22046FFF7C9
:10C2D00044FDE1E70126E0E72268536903F4801397
:10C2E0005361D1E7013322799A4227D905EB4312F2
:10C2F000D2F8001B03EBC30204EB820292F858222F
:10C30000012AEFD10029EDDAD4F8D42482EA1142CF
:10C3100012F0010FE6D103EBC30204EB820201210C
:10C3200082F85712AA6942F08002AA616A6912F083
:10C33000800FD7D17B6843F400737B602268536918
:10C3400003F400135361206800F076FD10F0804F75
:10C3500010D1206800F070FD10F0040F3FF420AD04
:10C3600023685D6815F0040F0DD1226853682B43D4
:10C37000536015E52046F7F775FF2268536903F00F
:10C3800080435361E5E72046F7F772FFEDE710B40D
:10C390000468606A31B940EA0240A06200205DF89A
:10C3A000044B70478C46A36A00EB1340002308E05F
:10C3B00003F1400104EB8101496800EB11400133B6
:10C3C000DBB20CF1FF318B42F2D340EA02400CF1B8
:10C3D0003F0104EB81046060E0E7036859620020DC
:10C3E00070470000034602680121C0F8D8140020FD
:10C3F00083F8CC04936943F000639361516D024B61
:10C400000B435365704700BF03000010704782B0B4
:10C4100000230193019B01330193019BB3F1706FE2
:10C420001CD80369002BF5DA0A23019302E0019B73
:10C43000013B0193019B002BF9D1036943F00103F8
:10C440000361019B01330193019BB3F1706F08D825
:10C45000036913F0010FF4D1002000E0032002B0C3
:10C4600070470320FBE7000084B010B5044603A822
:10C4700080E80E009DF81130012B1FD1A36B23F42F
:10C480008033A363E268184B1340E360E36823F44E
:10C490004013E3609DF81830012B0AD02046FFF7C7
:10C4A000B6FF9DF80E30012B14D0BDE8104004B04B
:10C4B0007047E36843F48013E360EFE7E36843F019
:10C4C0004003E3602046FFF7A2FFA36B43F48033F1
:10C4D000A363E6E7A36843F00603A360A36843F001
:10C4E0002003A360E1E700BFBFFFBDFF022A0AD01F
:10C4F0000922C36823F47053C360C36843EA8223EC
:10C50000C36000207047204B0B44204A934229D936
:10C510001F4B0B441F4A934226D91F4B0B441F4A03
:10C52000934223D91E4B0B441E4A934220D31E4BE9
:10C530000B441E4A93421DD91D4B0B441D4A934286
:10C540001AD31D4B0B441D4A934217D31C4B0B446B
:10C550001C4A934214D31C4B0B441C4A934211D2E5
:10C560000722C6E70F22C4E70E22C2E70D22C0E76A
:10C570000C22BEE70B22BCE70A22BAE70922B8E781
:10C580000822B6E70622B4E7405327FFFF340C0029
:10C59000401E1BFF3F420F0000DC0BFF7F4F1200CD
:10C5A000808CF9FE20D6130060B6E5FE5FE316002E
:10C5B00000D3CEFE40771B00C05BB3FEC0912100CC
:10C5C00000CA91FE20753800E05459FEE09C4100FD
:10C5D000836843F00103836000207047836823F081
:10C5E000010383600020704782B000230193019B08
:10C5F00001330193019BB3F1706F15D80369002BD0
:10C60000F5DA00230193890141F020010161019BCA
:10C6100001330193019BB3F1706F08D8036913F0E4
:10C62000200FF4D1002000E0032002B07047032067
:10C63000FBE782B000230193019B01330193019B2F
:10C64000B3F1706F13D80369002BF5DA002301935F
:10C6500010230361019B01330193019BB3F1706FC0
:10C6600008D8036913F0100FF4D1002000E0032074
:10C6700002B070470320FBE7D0F800381943C0F838
:10C68000001800207047000084B0F8B5044607A8E1
:10C6900080E80E00002306E003F1400204EB820272
:10C6A0000021516001330E2BF6D99DF8266006BBA0
:10C6B000D4F8043843F00203C4F80438A36B23F41D
:10C6C0000013A363236843F040032360236843F00F
:10C6D000800323600023C4F8003E9DF82130012B25
:10C6E00011D19DF81F304BB900212046FFF7C4FF40
:10C6F0000DE0A36B43F40013A363EBE70121204695
:10C70000FFF7BAFF03E003212046FFF7B5FF102132
:10C710002046FFF769FF054600B101252046FFF7D7
:10C7200088FF00B1012504F5006C0023CCF810301F
:10C73000CCF81430CCF81C300DE04FF09040C2F82B
:10C74000000902E00020C2F8000900220A614FF649
:10C750007F328A6001339DF81C1099420ED904EB98
:10C76000431202F51061D2F800090028EADA002B22
:10C77000E3D14FF00060C2F80009E6E700230AE0C9
:10C78000BBB14FF09047C2F8007B002202614FF628
:10C790007F3282600133994210D904EB431202F5D3
:10C7A0003060D2F8007B002FEADB0027C2F8007B64
:10C7B000EBE74FF00067C2F8007BE6E7DCF81030EB
:10C7C00023F48073CCF810300023A3616FF0804312
:10C7D00063619DF81E301BB9A36943F01003A36188
:10C7E000A2690B4B1343A3619DF822301BB1A369CF
:10C7F00043F00803A361012E04D02846BDE8F840A9
:10C8000004B07047A269034B1343A361F5E700BF6F
:10C8100000383C8004000040D0F8083803F00603DC
:10C82000022B04D0062B04D02BB900207047022025
:10C830007047022070470F207047000010B591F834
:10C8400000C04B78012B21D000F5006ED0F81C38C9
:10C850000CF00F040122A24043EA0243C0F81C3846
:10C8600000EB4C10D0F8003B13F4004F0CD1D0F883
:10C87000002B8B68C3F30A03097943EA81431A4307
:10C88000134B1343C0F8003B002010BDD0F81C2808
:10C890000CF00F0E03FA0EF39BB21343C0F81C38D2
:10C8A00000EB4C10D0F8003913F4004FECD1D0F865
:10C8B00000298B68C3F30A03097943EA814343EAF9
:10C8C0008C531A43024B1343C0F80039DCE700BF16
:10C8D0000080001030B40B784A78012A26D000EB93
:10C8E0004313D3F8002B002A52DBD0F83C480A78D7
:10C8F00002F00F024FF0010C0CFA02F224EA02429D
:10C90000C0F83C28D0F81C28097801F00F010CFA77
:10C9100001FC22EA0C42C0F81C28D3F8001B234A71
:10C920000A40C3F8002B002030BC704700EB4313D3
:10C93000D3F80029002A1EDBD0F83C580A7802F010
:10C940000F02012404FA02F292B225EA0202C0F8B0
:10C950003C28D0F81C28097801F00F018C40A4B2C3
:10C9600022EA0402C0F81C28D3F80019104A0A4031
:10C97000C3F80029D7E7D3F8002942F00062C3F8D2
:10C980000029D3F8002942F08042C3F80029D3E7F8
:10C99000D3F8002B42F00062C3F8002BD3F8002B31
:10C9A00042F08042C3F8002B9FE700BF0078F3EF0E
:10C9B000007833EC10B483B002460023019348782A
:10C9C00001280BD00B7802EB4313D3F8000B00289F
:10C9D0002DDB002003B05DF8044B70470B7802EBB1
:10C9E0004313D3F80049002C01DB0020F2E7D3F811
:10C9F000004944F00064C3F800490B7802EB43138C
:10CA0000D3F8004944F08044C3F80049019B013346
:10CA10000193019C42F210739C42DBD80B7802EB2D
:10CA20004313D3F80039002BF0DB0020D2E7D3F812
:10CA3000000B40F00060C3F8000B0B7802EB4313CF
:10CA4000D3F8000B40F08040C3F8000B019B01338A
:10CA50000193019842F21073984208D80B7802EBC8
:10CA60004313D3F8003B002BF0DB0020B2E701209A
:10CA7000B0E710B59DF8084084B903334FEA930E30
:10CA80004FF0000C08E000EB023303F5805351F83F
:10CA9000044B1C600CF1010CF445F4D3002010BDD4
:10CAA000F0B583B00C784B78012B2DD000EB441CF3
:10CAB0000CF530631D696FF312051D611D696FF37D
:10CAC000DC451D61002C40F0CE800C690CB18C68F7
:10CAD0000C618C680C621D69C4F312042C431C6148
:10CAE0001C6944F400241C61012A00F0DF800B79EA
:10CAF000012B00F0E180DCF8003B43F00443CCF86C
:10CB0000003B002003B0F0BD0B6973BB00EB441386
:10CB1000D3F810596FF3DC45C3F81059D3F8105906
:10CB200045F40025C3F81059D3F810596FF31205D6
:10CB3000C3F81059012A54D000EB4414D4F800393A
:10CB400043F00443C4F800390B79012B72D00B6910
:10CB5000002BD6D0D0F83438097801F00F0101222B
:10CB60008A401343C0F83438CBE700EB441303F595
:10CB700010631D696FF312051D611D696FF3DC45BC
:10CB80001D6184B90E698D68AE4200D90D611D69C1
:10CB900045F400251D611D690E69C6F3120C45EAB6
:10CBA0000C051D61C6E70D698E683544013DB5FB76
:10CBB000F6F51E691FFA85FC494F07EAC54535435E
:10CBC0001D610D79012DE6D11D6925F0C0451D615E
:10CBD0001D694FEA4C7C0CF0C04C45EA0C051D6108
:10CBE000D9E7CB691BB100EB4412C2F814390B79B9
:10CBF000012B08D000EB4414D4F8003943F004436F
:10CC0000C4F800397DE7D0F8083813F4807F08D1E4
:10CC100000EB4412D2F8003943F00053C2F8003957
:10CC2000E8E700EB4412D2F8003943F08053C2F831
:10CC30000039DFE7D0F8083813F4807F0CD1D4F83E
:10CC4000003943F00053C4F8003900920B8A0A7887
:10CC5000C968FFF70EFF54E7D4F8003943F080535A
:10CC6000C4F80039F1E70C6954B91C698D68C5F343
:10CC700012052C431C611C6944F400241C6133E739
:10CC80008D682C44013CB4FBF5F4A4B204FB05F51B
:10CC90000D621D69124E06EAC4442C431C611C69D6
:10CCA0000D6AC5F312052C431C611DE7CA68002AF2
:10CCB0003FF41DAF5A611AE7D0F8083813F4807FAB
:10CCC00006D1DCF8003B43F00053CCF8003B12E700
:10CCD000DCF8003B43F08053CCF8003B0BE700BF8F
:10CCE0000000F81F10B5844608464FEA920E02F085
:10CCF0000302002305E00CF58051096840F8041B8D
:10CD000001337345F7D37AB10CF5805CDCF8004051
:10CD10000021CBB2DB0024FA03F300F8013B013120
:10CD2000013A92B2002AF4D110BD0B784A78012A58
:10CD300014D000EB4310D0F8002B002A06DB2BB1F7
:10CD4000D0F8003B23F08043C0F8003BD0F8003B14
:10CD500043F40013C0F8003B0020704700EB431081
:10CD6000D0F80029002A06DB2BB1D0F8003923F0D7
:10CD70008043C0F80039D0F8003943F40013C0F8FC
:10CD80000039E9E70B784A78012A0ED000EB43100E
:10CD9000D0F8003B23F40013C0F8003B0B79023BB2
:10CDA000DBB2012B15D90020704700EB4310D0F8FF
:10CDB000003923F40013C0F800390B79023BDBB2D1
:10CDC000012BF0D8D0F8003943F08053C0F8003977
:10CDD000E9E7D0F8003B43F08053C0F8003BE2E7BE
:10CDE000D0F8003823F4FE63C0F80038D0F80038DB
:10CDF000090101F4FE610B43C0F8003800207047C0
:10CE0000D0F8003E23F00303C0F8003ED0F8043809
:10CE100023F00203C0F8043800207047D0F8003E29
:10CE200023F00303C0F8003ED0F8043843F00203B7
:10CE3000C0F804380020704742698069104070478C
:10CE4000D0F8183800F50060C0691840000C704731
:10CE5000D0F8183800F50060C069184080B27047FB
:10CE600000EB4111D1F8082B00F50060406910403B
:10CE70007047D0F81028D0F8343801F00F0C23FA9E
:10CE80000CF3DB01DBB2134300EB411000F5106043
:10CE9000806818407047406900F00100704738B55D
:10CEA0000546C36823F0C043C360012913D019BBF2
:10CEB000C36843F08043C36000240A20FBF7ACFD45
:10CEC0000A342846FFF7E7FF08B1C72CF5D9C82C6C
:10CED00014D0002038BDC36843F00053C360002461
:10CEE0000A20FBF799FD0A342846FFF7D4FF0128F2
:10CEF000EDD0C72CF4D9EAE70120EBE70120E9E700
:10CF0000D0F800396FF30A03C0F80039D0F80438BC
:10CF100043F48073C0F804380020704710B4046CE8
:10CF2000154B9C4203D9D0F8003B002B16DB0024A4
:10CF3000C0F8104BD0F8104B44F40024C0F8104B4C
:10CF4000D0F8104B44F01804C0F8104BD0F8104B38
:10CF500044F0C044C0F8104B012903D000205DF814
:10CF6000044B7047C0F8142BD0F8003B43F08023EB
:10CF7000C0F8003BF2E700BF0A30544F98B108B543
:10CF800003460020C3F8B802C3F8C402C3F8D002B5
:10CF900009B1C3F8B412012183F89C121A70184623
:10CFA000F7F76CF908BD0320704710B582B0002375
:10CFB000ADF80630B9B10446C0F8B812D0F8D422A2
:10CFC000CB6A43B1AE3250F82230DB6A0DF1060075
:10CFD0009847C4F8D002D4F8D8320133C4F8D83214
:10CFE000002002B010BD0320FBE708B5F7F77AF97F
:10CFF00008BD08B5D0F8B83213B11B68984708BD12
:10D000000020FCE708B5D0F8B8325B68984700B953
:10D0100008BD0320FCE738B5044600F2AA252846DF
:10D0200000F0C4F90123C4F89432B4F8B032C4F863
:10D03000983294F8AA1201F01F03012B07D0022B9B
:10D040000AD073B92946204600F084FB38BD294632
:10D05000204600F0BAFBF9E72946204600F0F7FB2E
:10D06000F4E701F080012046F7F757F9EEE7F8B54D
:10D070000446012380F89C320023C0F894324360B8
:10D08000C0F8A43280F8A032D0F8B832E3B15B68BF
:10D09000E3B1002198470746D0B94023002211464A
:10D0A0002046F7F727F9012684F863614025A4F8A4
:10D0B00060512B46002280212046F7F71BF984F8A7
:10D0C000236025843846F8BD0027E6E70027E4E71B
:10D0D0000327E2E701740020704790F89C32042B8C
:10D0E00004D090F89C32DBB280F89D32042380F8A3
:10D0F0009C320020704790F89C32042B01D0002015
:10D10000704790F89D32DBB280F89C32F7E708B5A3
:10D1100090F89C32032B01D0002008BDD0F8B83223
:10D12000002BF9D0DB69002BF6D09847F4E708B55F
:10D13000D0F8D432AE3350F8233053B190F89C225B
:10D14000032A01D0002008BD1B6A23B198470020A4
:10D15000F9E70320F7E70020F5E708B5D0F8D43267
:10D16000AE3350F8233053B190F89C22032A01D0FB
:10D17000002008BD5B6A23B198470020F9E703202F
:10D18000F7E70020F5E70020704708B5012380F895
:10D190009C32D0F8B83223B15B680179984710B956
:10D1A00008BD0020FCE70320FAE7002070470020BC
:10D1B000704738B504460D46002944D1D0F8943262
:10D1C000032B01D0084638BDD0F85831B0F86021A3
:10D1D000934209D890F8AA3203F01F03012B12D012
:10D1E000022B1ED0084613E09B1AC0F85831D0F825
:10D1F00064111144C0F864119A4238BF1A4600F015
:10D200008EFC2846DFE790F8AE12FFF7CEFF18B984
:10D2100094F89C32032B09D0204600F088FC284665
:10D22000D1E790F8AE12FFF7C2FFF0E700F1AE03CE
:10D2300054F823301A69002AEED0C4F8D4021B69CE
:10D2400020469847E8E701F07F01FFF7B0FF88B973
:10D2500094F89C32032BB6D100F1AE0354F823307E
:10D260009A69002AAFD0C4F8D4029B6929462046A7
:10D270009847A8E70020A6E738B504460D460029E0
:10D280004BD1D0F89432022B07D094F8A00218B1F9
:10D29000002384F8A032284638BD8269038C9A4264
:10D2A0000DD89A4219D094F89C32032B29D08021B2
:10D2B0002046F7F732F8204600F044FCE5E7D21AA2
:10D2C0008261416A1944416200F010FC00231A4651
:10D2D00019462046F7F757F8D7E742699342E2D854
:10D2E000D0F898329A42DED20022114600F0FEFBBE
:10D2F0000021C4F898120B460A462046F7F743F877
:10D30000C3E7D4F8B832DA68002AD0D00022C4F8D3
:10D31000D422DB6820469847C9E741F08001FFF737
:10D3200046FF88B994F89C32032BB5D100F1AE03C7
:10D3300054F823305A69002AAED0C4F8D4025B698D
:10D34000294620469847A7E70020A5E70B880278E2
:10D3500013440B80037818447047428803789A423C
:10D3600018D930B583B004460D46ADF80630638851
:10D37000BDF806209A420AD20DF10601FFF7E6FF3A
:10D380004378052BF3D18378AB42F0D100E0002045
:10D3900003B030BD002070470346002002E001309A
:10D3A000C0B201331A78002AF9D170470B780370A4
:10D3B0004B7843708B78CA7843EA022343800B7919
:10D3C0004A7943EA022383808B79CA7943EA0223AC
:10D3D000C380704710B504468021F6F79EFF0021F8
:10D3E0002046F6F79AFF10BD30B583B004460D46CF
:10D3F0000023ADF806304A88130A013B062B00F2E1
:10D40000AA80DFE803F0041E32A8A88C9900D0F8A7
:10D41000B4321B680DF10601007C9847EA88002AA7
:10D4200000F0A380BDF80630002B00F099809A42EE
:10D4300028BF1A46ADF806200146204600F048FBFA
:10D440008CE0037C43B9D0F8B8329B6A0DF106003A
:10D45000984702234370E1E7D0F8B832DB6A0DF158
:10D460000600984702234370D8E7D2B2052A52D863
:10D47000DFE802F003101D2A3744D0F8B4325B68AD
:10D4800023B10DF10601007C9847C7E72946FFF755
:10D49000A1FF63E0D0F8B4329B6823B10DF106011F
:10D4A000007C9847BAE72946FFF794FF56E0D0F88A
:10D4B000B432DB6823B10DF10601007C9847ADE77B
:10D4C0002946FFF787FF49E0D0F8B4321B6923B142
:10D4D0000DF10601007C9847A0E72946FFF77AFF87
:10D4E0003CE0D0F8B4325B6923B10DF10601007C59
:10D4F000984793E72946FFF76DFF2FE0D0F8B43245
:10D500009B6923B10DF10601007C984786E7294607
:10D51000FFF760FF22E02946FFF75CFF1EE0037C77
:10D5200033B9D0F8B8325B6B0DF10600984775E758
:10D530002946FFF74FFF11E0037C43B9D0F8B8321A
:10D540001B6B0DF1060098470723437066E72946D9
:10D55000FFF740FF02E02946FFF73CFF03B030BD74
:10D5600029462046FFF736FFF8E7204600F0DFFAAD
:10D57000F4E738B504468B88F3B9CB88E3B94B8818
:10D580007F2B19D803F07F0590F89C32032B0CD029
:10D5900080F89E522946F6F7E6FE204600F0C7FACC
:10D5A00035B1022384F89C3209E0FFF713FF06E04F
:10D5B000012384F89C3202E02046FFF70BFF38BDC0
:10D5C00070B504460E468D782F4B1D70012D10D876
:10D5D00090F89C32DAB2022B0FD0032A26D0FFF744
:10D5E000F9FE294B19782046FFF70CFD0325284644
:10D5F00070BDFFF7EFFE0325F9E7A5B145602946A9
:10D60000FFF7F7FC054638B131462046FFF7E2FE4A
:10D61000022384F89C32EAE7204600F088FA0323CC
:10D6200084F89C32E3E700F082FAE0E7CDB141688C
:10D630008D4225D0C9B2FFF7E5FC134B1978616024
:10D640002046FFF7D6FC0546B0B131462046FFF72D
:10D65000C1FE21792046FFF7D5FC022384F89C32D5
:10D66000C5E7022380F89C3245602946FFF7CAFCD3
:10D67000204600F05CFABAE7204600F058FAB6E718
:10D6800000F055FA0025B2E7DC3B002008B5CB8856
:10D69000012B0BD190F89C32DAB2022B09D9032A64
:10D6A00011D10122011D00F013FA01E0FFF792FEF3
:10D6B00008BD52B23AB10146002341F8083F0122A9
:10D6C00000F006FAF4E7FFF785FEF1E708B590F8F9
:10D6D0009C32013B022B12D8CB88022B0CD10123A8
:10D6E000C360D0F8A4320BB10323C360022200F15F
:10D6F0000C0100F0EDF908BDFFF76CFEFBE7FFF74A
:10D7000069FEF8E708B54B88012B04D0022B07D03F
:10D71000FFF760FE08BDC0F8A43200F008FAF9E790
:10D720008B881B0A80F8A03200F001FAF2E708B5F6
:10D7300090F89C32013B022B09D84B88012B00D07A
:10D7400008BD0023C0F8A43200F0F1F9F8E7FFF7B4
:10D7500041FEF5E738B50C7804F06004202C06D0C3
:10D76000402C04D06CB1FFF735FE002407E0D0F860
:10D77000D432AE3350F823309B6898470446204695
:10D7800038BD4D78092D1DD8DFE805F012191C169B
:10D790001C08051C0F0BFFF727FEF0E7FFF7E9FE5B
:10D7A000EDE7FFF70DFF0446E9E7FFF76FFFE6E758
:10D7B000FFF78CFF2C46E2E7FFF7A4FFDFE7FFF758
:10D7C000B6FFDCE7FFF706FED9E770B505460C4665
:10D7D0000B7803F06003202B07D0402B05D023B13A
:10D7E000FFF7F8FD0026304670BD95F89C32013BEE
:10D7F000022B26D82179012905D921462846FFF791
:10D80000E9FD0026EFE72846FFF7CFFC68B900F1F5
:10D81000AE0255F82220916889B1C5F8D402936808
:10D82000214628469847064600E00326E388002B59
:10D83000D9D1002ED7D1284600F079F9D3E70326B5
:10D84000F4E721462846FFF7C5FD0026CBE72DE982
:10D85000F04106460D468B88DFB20C7804F0600478
:10D86000202C08D0402C06D0DCB1FFF7B3FD0024FB
:10D870002046BDE8F08139463046FFF798FC044663
:10D88000002840F0FE80C6F8D40200F1AE0356F83E
:10D8900023309B68002BEBD029463046984704463E
:10D8A000E6E791F80180B8F1010F31D0B8F1030F2C
:10D8B00005D0B8F1000F66D0FFF78CFDD8E790F8DF
:10D8C0009C32DAB2022B04D0032A11D0FFF782FD7A
:10D8D000CEE7002F18BF802F07D03946F6F71DFD81
:10D8E00080213046F6F719FDC2E7FFF773FDBFE769
:10D8F0004B882BB9002F18BF802F01D0CB881BB1CC
:10D90000304600F014F9B3E73946F6F706FDF7E7BD
:10D9100090F89C32DAB2022B04D0032A11D0FFF720
:10D9200059FDA5E7002F18BF802F07D03946F6F71D
:10D93000F4FC80213046F6F7F0FC99E7FFF74AFD4A
:10D9400096E74B88002B93D117F07F0F17D1304605
:10D9500000F0EDF839463046FFF729FC002887D162
:10D96000C6F8D40200F1AE0256F822209268002ACE
:10D9700000F08980294630469047044678E73946CA
:10D98000F6F7D3FCE3E790F89C22D1B2022A06D046
:10D9900003292BD02946FFF71DFD444668E7002FD9
:10D9A00018BF802F14D113F0800F16D107F07F0716
:10D9B00007EB8707B90001F5A87101440431002382
:10D9C00001F80E3F0222304600F082F844464FE74D
:10D9D0002946FFF7FFFC44464AE707F07F0707EBBD
:10D9E0008707B900103101440431E8E75BB2002B2E
:10D9F00021DB07F00F0202EB820200EB820292F8B9
:10DA0000634134B3002B28DB07F07F0303EB830370
:10DA10009C0004F5A87434440434802F18BF002FF0
:10DA200024D10023A373022204F10E01304600F03A
:10DA30004FF844461CE707F00F0202EB820200EBAE
:10DA4000820292F82340002CDCD12946FFF7C2FC69
:10DA50000EE72946FFF7BEFC0AE707F07F0303EB5A
:10DA600083039C00103434440434D6E739463046EE
:10DA7000F6F763FC10B10123A373D4E70023A3736B
:10DA8000D1E70024F4E60446F2E600B370B50D4693
:10DA900016460446FFF780FC01304300B3F5007FD3
:10DAA00006D89BB233802B7003236B7002230AE0ED
:10DAB0004FF40073F6E7EA5401345A1CD2B2002145
:10DAC000A9540233DBB22278002AF4D170BD70472A
:10DAD00008B513460222C0F8942243614162836173
:10DAE0000A460021F6F747FC002008BD08B513469A
:10DAF0000A460021F6F73FFC002008BD08B5134692
:10DB00000322C0F89422C0F85431C0F86411C0F860
:10DB100058310A460021F6F736FC002008BD08B54A
:10DB200013460A460021F6F72EFC002008BD08B572
:10DB30000422C0F8942200231A461946F6F71BFC6B
:10DB4000002008BD08B50522C0F8942200231A461B
:10DB50001946F6F718FC002008BD10B5D0F8D432ED
:10DB600003F1B00250F822408CB100EB8200436810
:10DB70007BB194F80002FF280DD09B6894F8012235
:10DB800021469847FF2384F80032002010BD03206F
:10DB9000FCE70020FAE70020F8E700000A230380F2
:10DBA0000048704730010020F8B506460F4F82212B
:10DBB0003846FFF7D2FB054601213846FFF7CDFB7B
:10DBC000044681213846FFF7C8FB0DB11022AA7127
:10DBD0001CB1402222710022627118B140220271F0
:10DBE00000224271432333800048F8BDB400002076
:10DBF000F8B506460F4F82213846FFF7AEFB0546C3
:10DC000001213846FFF7A9FB044681213846FFF77A
:10DC1000A4FB0DB11022AA711CB140222271002276
:10DC2000627118B140220271002242714323338095
:10DC30000048F8BDB4000020F8B506460F4F822119
:10DC40003846FFF78AFB054601213846FFF785FB7A
:10DC5000044681213846FFF780FB0DB11022AA71DE
:10DC60001CB1002222710222627118B100220271DD
:10DC700002224271432333800048F8BDB4000020E3
:10DC800038B5D0F8D432B03350F8235095B10446AB
:10DC9000F6F781FBC5F80C02D4F8D432B03304EBAC
:10DCA00083046368DB6805F50371D5F804029847BF
:10DCB000002038BD0320FCE738B5D0F8C852D0F8B2
:10DCC000D432B03350F8234084B301F00F0303EB98
:10DCD000830200EB820252694AB103EBC30C05EBED
:10DCE0008C05ED69B2FBF5FC05FB1C2292B100230B
:10DCF000C4F81432D0F8D432B03300EB8300436858
:10DD00001B69ABB10A4604F50471D4F808029847C0
:10DD1000002038BD03EB830300EB830300245C6128
:10DD200023462246F6F727FB2046F2E70320F0E7DA
:10DD30000020EEE7F0B583B0D0F8D43203F1B002A2
:10DD400050F8227000228DF80720ADF80420002F33
:10DD500078D004460D46097811F0600634D0202EA4
:10DD600069D1EA882AB311F0800F0ED16B7887F859
:10DD70000032EA883F2A1AD8D2B287F801223946FF
:10DD80002046FFF7BBFE002659E0B03300EB8303CB
:10DD90005B689B68394668789847EA88072A28BFF5
:10DDA000072239462046FFF793FE002647E040222F
:10DDB000E3E7B03300EB83035B689B6800222946EE
:10DDC0006878984700263AE06F780B2F2ED8DFE866
:10DDD00007F006362D2D2D2D2D2D2D2D152490F8E7
:10DDE0009C32032B04D02946FFF7F4FA032626E0E1
:10DDF000022201A9FFF76CFE3E4620E090F89C321B
:10DE0000032B04D02946FFF7E5FA032617E0012289
:10DE10000DF10701FFF75CFE11E090F89C32032B37
:10DE20000DD02946FFF7D6FA032608E02946FFF76A
:10DE3000D1FA032603E02946FFF7CCFA0326304641
:10DE400003B0F0BD0326FAE738B504468121F6F7A2
:10DE50005CFA002584F8375001212046F6F755FA80
:10DE600084F8775182212046F6F74FFA84F84B5018
:10DE70006564D4F8D43203F1B00254F822209AB188
:10DE8000B03304EB83035B685B689847D4F8D43203
:10DE9000B03354F82300F6F789FAD4F8D432B0330B
:10DEA00044F82350C4F8BC52002038BD70B5044675
:10DEB0004FF40770F6F776FA002849D005464FF47C
:10DEC0000772002104F083FBD4F8D432B03344F855
:10DED0002350C4F8BC52237C002B41D14FF4007373
:10DEE000022281212046F6F705FA012684F83760E0
:10DEF0004FF40073022231462046F6F7FBF984F80E
:10DF00007761102363640823032282212046F6F7F9
:10DF1000F1F9012384F84B300026C5F80462D4F8E7
:10DF2000D432B03304EB83035B681B689847C5F8B1
:10DF30001462C5F81862D5F8042262B3257C1DBBB3
:10DF40004FF4007301212046F6F71DFA284670BDF4
:10DF5000D4F8D432B033002244F823200225F5E768
:10DF60004023022281212046F6F7C4F9012684F8D5
:10DF700037604023022231462046F6F7BBF984F889
:10DF8000776110236364BEE7402301212046F6F742
:10DF9000FAF90025DAE70225D8E739B1D0F8D4320A
:10DFA000B03300EB830041600020704703207047CE
:10DFB000D0F8D432B03350F823302BB1C3F8081264
:10DFC000C3F810220020704703207047D0F8D432E5
:10DFD000B03350F823301BB1C3F80412002070474F
:10DFE0000320704708B5D0F8D432B03350F823205E
:10DFF0008AB1D2F814320BB1012008BD0123C2F856
:10E000001432D2F810328362D2F808228121F6F756
:10E01000B2F90020F1E70320EFE710B5D0F8D432D1
:10E02000B03350F8232092B1047C44B94FF400730C
:10E03000D2F804220121F6F7A6F9204610BD4023AC
:10E04000D2F804220121F6F79EF90024F5E7032413
:10E05000F3E700F01AB8012838BF012010B50446D4
:10E06000204603F051FE00B110BD00F011F808B9D0
:10E0700003F05AFB8047F3E708B503F055FB08B5FA
:10E0800003F052FB08B503F04FFB03F045BE000060
:10E09000024B1868BFF35B8F704700BFE03B002066
:10E0A00000F0B2BB08B52DED028BB0EE408A00F057
:10E0B00049FDB4EE488AF1EE10FA06D6DFED098A82
:10E0C000B4EEE88AF1EE10FA02D4BDEC028B08BD82
:10E0D00004F008FB88EEA80ABDEC028B2123036044
:10E0E00008BD00BF00000000F8B52DED028B55EC17
:10E0F000114B57EC106B00F02BFD22462B462046AF
:10E100002946B0EE408AF0EE608AF2F71FFD78B93A
:10E110000022002330463946F2F7E6FCF0B1002237
:10E12000002320462946F2F7DFFC40B19FED288B03
:10E13000B0EE480AF0EE680ABDEC028BF8BD45EC83
:10E14000104B00F065F90028F2D000220023204691
:10E150002946F2F7D3FC0028EAD02EE0B0EE480AB8
:10E16000F0EE680A00F054F9A0B151EC180B00224F
:10E170000023F2F7B9FC0028DAD047EC106B00F06E
:10E1800047F90028D4D045EC104B00F041F90028A5
:10E19000CED012E047EC106B00F03AF90028E4D042
:10E1A00045EC104B00F034F90028DED053EC182B6E
:10E1B00051EC180BF2F7CAFC20B904F093FA2223B1
:10E1C0000360B5E704F08EFA21230360B0E700BFD7
:10E1D000000000000000F03F10EE103A184923F054
:10E1E00000428A421AD9B2F1FF4F02D330EE400A00
:10E1F000704700B583B0684601F0FCFC00F00300F6
:10E2000001289DED000ADDED010A10D0022809D099
:10E2100090B900F051F903B05DF804FBDFED090A95
:10E2200000F04AB900F048F9B1EE400AF3E700F017
:10E23000C5F9B1EE400AEEE7012000F0BFF9EAE7C8
:10E24000D80F493F0000000038B52DED028B55EC8A
:10E25000104B00F07FFB22462B4620462946B0EEAD
:10E26000408AF0EE608AF2F771FC30B90022002398
:10E2700020462946F2F742FC30B9B0EE480AF0EEEB
:10E28000680ABDEC028B38BD04F02CFA0022002392
:10E290002121016010461946F2F7E8FA41EC180B0B
:10E2A000B0EE480AF0EE680ABDEC028B38BD00BF44
:10E2B00051EC100B1E4A21F0004393421ED900B5C9
:10E2C0001C4A934285B008D902460B46F1F7ECFF91
:10E2D00041EC100B05B05DF804FB684601F078FADC
:10E2E00000F0030001289DED000B9DED021B14D0F2
:10E2F000022807D0A0B902F033FAEBE79FED0A1B22
:10E3000002F02EBA02F02CFA53EC102B03F100436A
:10E3100000EE903A05B05DF804FB02F059FBF3E71C
:10E32000012002F055FBD5E70000000000000000CE
:10E33000FB21E93FFFFFEF7F51EC100B024621F07C
:10E34000004343EC102B704710EE103A194923F0AC
:10E3500000428A421BD9B2F1FF4F02D330EE400A8D
:10E36000704700B583B0684601F044FC00F003003C
:10E3700001289DED000ADDED010A13D002280BD023
:10E3800098B9012000F01AF903B05DF804FBDFED45
:10E390000A0A002000F012B9012000F00FF9B1EED6
:10E3A000400AF1E700F088F8EEE700F085F8B1EEFA
:10E3B000400AE9E7D80F493F0000000010EE103A8C
:10E3C000114A23F00043934218D9B3F1FF4F02D30F
:10E3D00030EE400A704700B583B0684601F00AFC91
:10E3E000400000F00200DDED010A9DED000AC0F1E1
:10E3F000010000F02BF903B05DF804FBDFED030A28
:10E40000012000F023B900BFDA0F493F00000000EF
:10E4100082B08DED000B019840F0004000F58010B7
:10E42000C00F02B0704700BF51EC100B204A21F022
:10E43000004393421FD900B51E4A934285B008D9C4
:10E4400002460B46F1F730FF41EC100B05B05DF8CA
:10E4500004FB684601F0BCF900F0030001289DEDC3
:10E46000000B9DED021B17D0022809D0B8B901207E
:10E4700002F0AEFAEAE79FED0C1B002002F0A8BA0A
:10E48000012002F0A5FA53EC102B03F1004300EE3B
:10E49000903A05B05DF804FB02F062F9D6E702F0AD
:10E4A0005FF9F0E7AFF3008000000000000000001B
:10E4B000FB21E93FFFFFEF7F10EE103A23F000430E
:10E4C000B3F1485F2CD2FDEEC07A17EE903A002BE4
:10E4D00060D060EE007A9FED317A9FED315ADFED2A
:10E4E000315A9FED316ADFED316AA7EE875A9FED11
:10E4F000307AE7EE855AA7EEA56AA7EE867AE7EEB0
:10E50000876A67EEA66A60EEC00AB6EE007AE7EEAA
:10E51000A60AB7EE000AD7EE870A30EE600A704707
:10E5200060EE007A9FED1D7A9FED1D5ADFED1D5ABA
:10E530009FED1D6ADFED1D6A1E4AA7EE875A9342C2
:10E540009FED1B7AE5EE275AA5EEA76AA6EE277A7D
:10E55000E7EE276A66EEA76AD5D9174A934214D820
:10E5600003F17F4307EE103AB7EE006A36EE476AD2
:10E5700060EEC00AF6EE005A97EEA57AE7EEA60A1C
:10E5800037EE607A36EE470A7047B6EE076AB5EEA8
:10E59000027AEDE7B7EE000A704700BF4ED747ADED
:10E5A000F6740F317CF293B4010DD037ABAA2A3D3B
:10E5B000610BB6BA9999993E0000483F10EE103AA7
:10E5C00023F00043B3F1485F04D2FDEEC07A17EEAA
:10E5D000903A5BB360EE007A9FED157ADFED155A45
:10E5E0009FED156ADFED156AE7EE875A9FED147A05
:10E5F000A5EEA76A20EE275AE6EE276AA6EEA77ACE
:10E6000030B9DFED106AE7EE876AA6EE850A70473B
:10E6100027EE457AF6EE006AA0EEA67ADFED0A6AEA
:10E62000D7EE270AE5EE260A30EE600A704700BFF3
:10E63000D3C92E2F342FD7B21BEF3836010D50B966
:10E640008988083CABAA2ABEABAA2A3E08B510EEC0
:10E65000103A23F00042B2F1465FF0EE407A0FD25A
:10E66000BDEEC07A17EE101AF9B9431C134300F03F
:10E67000A080012803D0BFEE007A87EE270A08BDEC
:10E6800050498A4211D39FED507ADFED506A002B3A
:10E69000BCBFF1EE600AF1EE407A77EE677A36EEB3
:10E6A000E07ADFED4B0A77EE277A67EEA76ADFEDB7
:10E6B000494ADFED495A9FED495A9FED496A414960
:10E6C00026EEA67A8A42E7EE245AA7EE056ADFED27
:10E6D000454A9FED455AE5EE874AA6EE075ADFED1B
:10E6E000435A9FED436AE4EE875AA5EE076ADFEDD1
:10E6F000414A9FED415AE5EE874AA6EE075A9FED43
:10E700003F6ADFED3F5AA4EE876AE5EE075AB0EEA6
:10E71000467AA5EEA67A27EEA65AB0EE606AA7EE74
:10E72000056ADFED384AE6EE260AE5EE240A37EE02
:10E73000A00A20D20128A2D0BFEE007AC7EE006A5C
:10E7400010EE103A6FF30B0306EE103A16EE903A05
:10E7500076EE677A6FF30B0300EE103AB7EE007AAD
:10E7600070EEE70AF0EE477AE6EE007AE0EE807AA5
:10E77000A7EEA60A08BD07EE100AB8EEC77A60EE4B
:10E78000006A30EE070A9B1786EE806A03F00203E8
:10E79000C3F10103F0EE005A36EE606A06EE903ADD
:10E7A00077EEC67AF8EEE66AA7EEE57A26EE870AF5
:10E7B00008BD02F0A1FAB7EE007AF0EE407A87EEDB
:10E7C000270A08BD40A12C3FDA0F493F68212233B8
:10E7D000000000005FAE9BB745F4A3388453D937DF
:10E7E0007AC09538C8261A3AB937813916696B3B11
:10E7F00048DEBE3AA427B33C1F37113C8988083E47
:10E80000D10D5D3DABAAAA3E10B582B0CDED010A97
:10E81000019B23F00042B2F1FF4FF0EE407A30D876
:10E8200010EE100A20F00041B1F1FF4F29D8B3F1EA
:10E830007E5F3ED09C1704F0020444EAD07431B3EA
:10E840007AB3B2F1FF4F3FD0B1F1FF4F29D0891A0F
:10E85000B1F1F45F4FEAE15233DA002B41DA3C3296
:10E860003FDA9FED330A012C4DD0022C42D064B127
:10E870009FED307ADFED307A30EE070A30EE670A2E
:10E8800003E09DED017A37EE270A02B010BD022C9D
:10E890000CD09FED2A7A032C08BFB0EE470A02B0D5
:10E8A00010BD00280ADB9FED260AEEE79FED220A45
:10E8B000EBE702B0BDE8104002F04CB99FED210A31
:10E8C000E3E79FED1F0ACEE7B1F1FF4F04F1FF34FC
:10E8D00020D0022C26D81C4B03EB840393ED000AB6
:10E8E000D3E79DED017A87EE870A02F005FA02F080
:10E8F00031F9B8E79FED0F7ADFED0F7A30EE070AB6
:10E9000037EEC00AC1E710EE103A03F1004300EE03
:10E91000103ABAE7022C08D80C4B03EB840393EDB2
:10E92000000AB2E79FED020AAFE79FED090AACE7E4
:10E93000000000002EBDBB33DB0F4940DB0F49C098
:10E94000DB0FC93FDB0FC9BFA05A0108AC5A010851
:10E95000DB0F493F2DE9F84F774955EC104BA943A0
:10E9600000F0AE80002D2A46234655DD2C1562D0DE
:10E97000C2F31302E107A4F2FF3742F4801203D47A
:10E98000520002EBD3725B005200002602EBD372FE
:10E990007F105B001624B4464FF400110CEB01000D
:10E9A00090424FEAD3754FEA430303DC00EB010CBE
:10E9B000121A0E44013C05EB42024FEA5101EDD11F
:10E9C000A04620254FF000400AE043D0510001EB63
:10E9D000D371013D0A464FEA43034FEA500045D048
:10E9E000624500EB080EF0DDBEF1000F0EEB0008F3
:10E9F0000CDBE146A2EB0C019E4588BF01F1FF3123
:10EA00004900CC46A3EB0E030444E0E7B8F1000F45
:10EA1000EFDB0CF10109EDE725F00041214346D081
:10EA2000002D74D1D90A153A5B050029FAD0CE021F
:10EA300014467DD40A4600215200D502084601F151
:10EA40000101F9D5C1F1200523FA05F52A438B40D0
:10EA5000241A8DE79E4502D94FEA4C01B7E7BEF173
:10EA6000000F0EEB000824DB0021CBE7194312D086
:10EA7000DFF8C8A0DFF8C8B0DAE90001DBE900235D
:10EA8000F1F712FCDAE9008902460B464046494696
:10EA9000F2F73EF810BB6508711001F17F5101F5E6
:10EAA000001101EB075345EAC67243EC102BBDE899
:10EAB000F88FB8F1000FD7DB0CF1010C0021A1E7B2
:10EAC00022462B4620462946F1F7A6FD22462B4634
:10EAD000F1F7ECFB41EC100BBDE8F88FB4F1FF3F10
:10EAE000DAE90001DBE900231ED0F1F7DFFBDAE908
:10EAF000008902460B4640464946F1F7FFFFA8B1A0
:10EB0000A31C04F1020508BF01366D08C4E72246C4
:10EB10002B4620462946F1F7C7FB02460B46F1F784
:10EB2000A5FE41EC100BC2E70136B5E70134B2E7B0
:10EB30004FF0FF300A468BE70000F07FC05A010813
:10EB4000B85A0108B1EEC00A704700BF00000000CB
:10EB50002DE9F04F5AEC119B2AF0004B59EA0B00BB
:10EB600055EC104B93B012D123196D4985F4002256
:10EB700052419842914123D24A4653462046294663
:10EB8000F1F794FB41EC100B13B0BDE8F08F654B2F
:10EB90008DED000A25F000429A422E46029214D9C9
:10EBA000009B06F1404606F580161E43E4D14B4615
:10EBB000DB185B498AF4002252419E429141DBD32B
:10EBC0009FED550B13B0BDE8F08FD0464F4613D0E4
:10EBD0009B45E5D8029B52D0002E15DB002F40F05C
:10EBE0008980514A934540F02384B8F1000FC0F268
:10EBF000188545EC104BC7E7002CBDD19345BBD819
:10EC000000F02684029BE7E7484A934500F2AC8374
:10EC1000474A934500F2AD83002F40F0D583B8F109
:10EC2000804F00F00B8545EC104B0493FFF784FBFD
:10EC3000009A049B002A38D0F20F013A52EA0701E9
:10EC400065D0013F174300F08A839FED337B8DED44
:10EC5000087BBBF1844F6FD9364B029A9B45344BEE
:10EC600040F22C849A4200F21085B8F1000FC0F2F5
:10EC70001085002013B0BDE8F04F01F01DB9002F42
:10EC80008ED1029B009A03F1404303F58013134396
:10EC900096D0274B029A9A4240F29A84B8F1000F1C
:10ECA000C0F220854AEC109B6EE71F4A26F04041D7
:10ECB000914202D0029A002ABED1B8F1000FC0F2F0
:10ECC0007D84002EBFF660AF029B03F1404A0AF537
:10ECD000801A5AEA070A40F0BB8453EC102B104606
:10ECE0001946F1F7E1FA02460B46F1F7BFFD41EC98
:10ECF000100B49E7002745EC104B0493FFF71CFB72
:10ED0000009A049B002AD0D0F20F013A99E72246DC
:10ED10002B46E4E7AFF30080000000000000F03F66
:10ED20000000F0FF0000F07F0000F03FFFFF3F43D6
:10ED3000FFFFEF3F0000F043D74A3240002A40F087
:10ED40003584D64B51EC100B0022F1F765FC41ECF9
:10ED5000100B10EE903A6FF034011A15A2F2FF3248
:10ED600002EB0108CE4AC3F3130343F07F549342EE
:10ED700044F4401440F30B84CA4A934240F3758430
:10ED80009FEDAF7B8DED0A7B9FEDAF7B8DED067B1D
:10ED90009FEDAB7B8DED107B08F10108A4F580148D
:10EDA000002553EC102B21461046DDE90623CDE962
:10EDB0000401F1F779FADDE9062306460F46DDE99D
:10EDC0000401F1F773FA02460B460020B649F1F749
:10EDD0004DFD8C4683465A46634630463946CDE95A
:10EDE0000CBCF1F719FC64100A460146CDE9021289
:10EDF00044F00054DDE902BC04F500235919002059
:10EE000004460D464FF0000B6146584622462B46FD
:10EE1000CDE90EBCCDE90001F1F7FEFB02460B4641
:10EE200030463946F1F740FADDE9062306460F463B
:10EE300020462946F1F738FA02460B46DDE904017F
:10EE4000F1F732FADDE90023F1F7E6FB02460B4663
:10EE500030463946F1F728FADDE90C23F1F7DCFBFF
:10EE6000DDE90245CDE9040122462B46204629462C
:10EE7000F1F7D2FB76A3D3E9002304460D46F1F760
:10EE8000CBFB75A3D3E90023F1F710FA22462B46FA
:10EE9000F1F7C2FB72A3D3E90023F1F707FA224688
:10EEA0002B46F1F7B9FB70A3D3E90023F1F7FEF984
:10EEB00022462B46F1F7B0FB6DA3D3E90023F1F70F
:10EEC000F5F922462B46F1F7A7FB6BA3D3E9002304
:10EED000F1F7ECF9224606460F462B462046294616
:10EEE000F1F79AFB02460B4630463946F1F794FBA0
:10EEF000DDE9006704460D463246DDE902013B4686
:10EF0000F1F7D4F9DDE90423F1F786FB22462B461D
:10EF1000F1F7CCF9324604460D463B4630463946B9
:10EF2000F1F77AFB614B002206460F46F1F7BEF976
:10EF300022462B46CDE90645F1F7B8F9DDE90EBCCE
:10EF40000D465A46DDE900012B46CDE90CBCF1F730
:10EF500063FB5C46CDE90001544B00222046294664
:10EF6000F1F7A2F932463B46F1F79EF902460B460D
:10EF7000DDE90601F1F798F9DDE90223F1F74CFB31
:10EF8000224606460F462B46DDE90401F1F744FB15
:10EF900002460B4630463946F1F788F906460F46D9
:10EFA0003246DDE900013B46F1F780F9DDE90CBCB2
:10EFB00033A3D3E900235846CDE902BC0D46F1F74F
:10EFC0002BFB5C46DDE90023CDE900012046294604
:10EFD000F1F76AF902460B4630463946F1F764F913
:10EFE00029A3D3E90023F1F717FB02460B4620467D
:10EFF000294614461D4626A3D3E90023F1F70CFB4E
:10F0000002460B4620462946F1F750F9DDE9102368
:10F01000F1F74CF9064640460F46F1F793FA3246AF
:10F0200004460D463B46DDE90001F1F73FF9DDE915
:10F030000A23F1F73BF922462B46F1F737F937E07F
:10F040000000000000000000000000000000F03F91
:10F05000EF4E454A287ECA3F65DBC9934A86CD3FBD
:10F0600001411DA96074D13F4D268F515555D53FA3
:10F07000FFAB6FDBB66DDB3F033333333333E33F3B
:10F08000000000E009C7EE3FFD033ADC09C7EE3F90
:10F09000F5015B14E02F3EBE0000F07F000040430E
:10F0A0008E98030079B60B000000F03F0000084086
:10F0B000DDE902BC224658462B46CDE90201F1F7B4
:10F0C000F3F8DDE90A23F1F7EFF8DDE90023F1F7C2
:10F0D000EBF802460B4630463946F1F7E5F8CDE944
:10F0E00004010023CDE9009A0093DDE9006748465A
:10F0F00032463B465146F1F7D7F8DDE90223F1F7F6
:10F100008BFA4A4604460D465346DDE90401F1F701
:10F1100083FA02460B4620462946F1F7C7F83246E5
:10F1200004460D463B46DDE90201CDE90245F1F713
:10F1300073FA06460F46204629463B463246F1F70B
:10F14000B5F8D94B994204460D46884640F35081A4
:10F1500001F13F4303F5E003034340F0A882BEA35F
:10F16000D3E90023DDE90201F1F7A0F802460B46DE
:10F170002046294614461D4632463B46F1F794F890
:10F1800002460B4620462946F1F7D6FC002840F0FF
:10F190008E824FF400734344C3F30A52C34CA2F26D
:10F1A000FF321441C3F3130AC2F11402002004EA2F
:10F1B00003014AF4801A4AFA02FA0B460246B8F1F1
:10F1C000000F30463946B8BFCAF1000AF1F76CF8B3
:10F1D00002460B4606460F46DDE90201F1F766F8E6
:10F1E0004FEA0A5B0D4600249DA3D3E90023204685
:10F1F0002946F1F711FA3246804689463B462046B9
:10F200002946F1F751F802460B46DDE90201F1F714
:10F210004BF895A3D3E90023F1F7FEF902460B461C
:10F220002046294614461D4691A3D3E90023F1F751
:10F23000F3F902460B4620462946F1F737F8064611
:10F240000F4632463B4640464946F1F72FF84246C4
:10F250004B4604460D46F1F727F802460B4630466A
:10F260003946F1F721F82246804689462B4620464A
:10F270002946F1F7D1F980A3D3E9002306460F46CA
:10F28000F1F7CAF97EA3D3E90023F1F70DF832466E
:10F290003B46F1F7C1F97CA3D3E90023F1F706F867
:10F2A00032463B46F1F7B8F979A3D3E90023F0F7EA
:10F2B000FBFF32463B46F1F7AFF977A3D3E90023D2
:10F2C000F0F7F4FF32463B46F1F7A6F902460B464B
:10F2D00020462946F0F7E8FF06460F4632463B46F1
:10F2E00020462946F1F798F902460B463046394642
:10F2F00016461F4600224FF08043F0F7D5FF024626
:10F300000B4630463946F1F7B1FA424606460F46FB
:10F310004B4620462946F1F77FF942464B46F0F727
:10F32000C5FF02460B4630463946F0F7BDFF224680
:10F330002B46F0F7B9FF0B4602465D490020F0F777
:10F34000B3FF0B465B44B3F5801FC0F2A88119469A
:10F35000DDE90823F1F760F941EC100B14E49FEDAF
:10F36000507B8DED087B74E4002F00F0B8810227FC
:10F37000C1E44FEA2B52A2F2FF32142A40F3368145
:10F38000C2F1340227FA02F101FA02F2BA4200F0A5
:10F39000BA81CFB9B8F1804F049300F04F8145ECAA
:10F3A000104BFEF7C9FF009B002B7FF4B0AC404A26
:10F3B00026F04041914200F0CD81029A049B002A40
:10F3C00000F0F780002737E445EC104B0493FEF77C
:10F3D000B3FF009B002B7FF49AAC354A26F04041E6
:10F3E0009142EAD1B8F1000FC0F2A98100276BE485
:10F3F000DFF8C4C021F00043634540F209812D4B82
:10F400000B4403430AD132463B46F0F74DFFDDE99A
:10F410000223F1F787FB00283FF4BBAEDDE90801CA
:10F4200000220023F1F76AFB003818BF012021E415
:10F43000B8F1804F00F00281A2F5801290457FF470
:10F44000F2AB45EC104B13B0BDE8F04FFFF782BABA
:10F45000002F7FF491AB1CE4FE822B654715973C8F
:10F4600000000000432EE63FEF39FAFE422EE63F51
:10F47000396CA80C615C20BED0A4BE726937663EB0
:10F48000F16BD2C541BDBB3E2CDE25AF6A56113FA4
:10F4900093BDBE166CC1663F3E5555555555C53F8B
:10F4A000000000000000F0BFFFFF8F400000F0FFF1
:10F4B0000000F03F00346F3FFFCB90409A42C0F015
:10F4C0000081029ABE4B9A424FF0000200F20E8178
:10F4D00051EC100BBA4BF0F7E7FEA7A3D3E90023DA
:10F4E00004460D46F1F798F8A5A3D3E90023064694
:10F4F0000F4620462946F1F78FF8B24BCDE90001BF
:10F50000002220462946F1F787F802460B469EA1C5
:10F51000D1E90001F0F7C8FE22462B46F1F77CF84E
:10F5200002460B460020A849F0F7BEFE2246CDE970
:10F5300002012B4620462946F1F76EF802460B469B
:10F54000DDE90201F1F768F891A3D3E90023F1F7AF
:10F5500063F802460B46DDE90001F0F7A5FE04461C
:10F560000D4622462B4630463946F0F79FFE0020D6
:10F5700032463B46CDE90201F0F796FE02460B46C5
:10F5800020462946F0F790FECDE90401A9E59FED5C
:10F59000827B8DED0A7B9FED827B8DED067B9DED61
:10F5A0000A7B00258DED107BFFF7FBBB0021FFF7E9
:10F5B000D4BBB8F1000FBFF619AF002753EC102BE6
:10F5C0007F490020F1F752F941EC100BFFF779BBAE
:10F5D000B8F1000F9FED700BBFF6D6AA0AF10043F9
:10F5E00000EE109A00EE903AFFF7CEBA002F7FF4AB
:10F5F000EBAEC2F114024BFA02F101FA02F25A45E3
:10F600006F4A00F0888093453FF4EFAAFFF707BBED
:10F610006D4A934200F28B80DDE9002393469246C7
:10F62000E1E56749002022462B46F1F71FF941EC3E
:10F63000100BFFF7A9BAB8F1804F50D122462B46E4
:10F6400020462946F0F7E8FF41EC100BFFF79CBA83
:10F65000012F7FF499AA10EE901A10EE102A01F1F2
:10F66000004343EC102BFFF78FBA9FED4F7B8DEDDE
:10F670000A7B9FED4F7B8DED107B9FED4F7B4FF411
:10F6800080258DED067BFFF78CBBB8F1000F7FF76F
:10F69000F0AA002013B0BDE8F04F00F015BC41EC1B
:10F6A000100B504601F078FE51EC100B50E6DDE9EE
:10F6B000080100220023F1F721FA003818BF0120C9
:10F6C000E8E7DDE9080100220023F1F717FA003826
:10F6D00018BF0120B8F1000FBFF6CCAADAE7022765
:10F6E000FFF7A1BA9FED2C0BFFF74EBADDE9080139
:10F6F0000023F1F703FA003818BF0120B8F1000F1A
:10F70000C8DCFFF7B7BA002F95D001F00101C1F1B5
:10F710000207FFF7F0BA93453FF467AAB8F1804FAC
:10F720008CD001F00101C1F10207FFF77CBA1B1573
:10F73000A3F2FE334FF4801242FA03F32BE553ECAD
:10F74000102B1F490020F1F791F8009F41EC100B9E
:10F75000FFF7BABAB8F1000FBFF648AE53EC102B62
:10F7600017490020F1F782F8002741EC100BFFF752
:10F77000ABBA00BFAFF30080000000604715F73F51
:10F7800044DF5DF80BAE543E555555555555D53FA4
:10F79000FE822B654715F73F0000000000000000C7
:10F7A000000000000000F03F0000004003B8E23F0E
:10F7B00006D0CF43EBFD4C3E000000000000F83FB8
:10F7C0000000F03F0000D03F0000E03F00000000DC
:10F7D0002DE9F04F53EC102B994923F000458D4251
:10F7E0008FB0044640F28E8096498D421F462AD83B
:10F7F000002F1046194688A3D3E9002340F3A781C0
:10F80000F0F752FD904B9D4206460F4600F08E8069
:10F8100083A3D3E90023F0F747FD8046894642469B
:10F820004B4630463946F0F73FFD7DA3D3E9002330
:10F83000F0F73AFDC4E90089C4E902010126304627
:10F840000FB0BDE8F08F81498D4240F28980804938
:10F850008D4262D82E15A6F21646A5EB0659104623
:10F8600049469046F1F788F9F0F76CFE02460B46E0
:10F8700040464946CDE90823F0F716FD754B0022B6
:10F88000F0F7CAFE89468046F1F776F9F0F75AFE9E
:10F8900002460B4640464946CDE90A23F0F704FDEF
:10F8A0006C4B0022F0F7B8FECDE90C010DF1380ADF
:10F8B00003254FF000084FF000097AE902014246A3
:10F8C0004B46AB46013DF1F70FF90028F5D1624BED
:10F8D00001930223009332465B46214608A800F0BC
:10F8E000FBFA002F0646AADA6168226801F100439C
:10F8F000E168C4E90023A26801F10043C4E90223DE
:10F9000046429CE70020002184ED000BC4E902017F
:10F91000002630460FB0BDE8F08F10461946F0F7CC
:10F92000C3FCC4E90201C4E90001F1E73EA3D3E945
:10F930000023F0F7B9FC3EA3D3E9002306460F46A7
:10F94000F0F7B2FC8046894642464B46304639467F
:10F95000F0F7AAFC36A3D3E90023F0F7A5FC69E78A
:10F96000FEF7EAFC59EC108B33A3D3E900234046A1
:10F970004946F0F751FE394B0022F0F797FCF1F7BA
:10F98000FBF80646F0F7DEFD02460B46CDE9022302
:10F9900021A3D3E90023F0F73FFE02460B46404681
:10F9A0004946F0F781FC1EA3D3E9002382468B462B
:10F9B000DDE90201F0F730FE02460B46504659469B
:10F9C000CDE90423F0F770FC1F2E8046894649DC00
:10F9D000234B721E53F82230AB4243D042464B4673
:10F9E000C4E9008950465946F0F75EFCDDE904237E
:10F9F000F0F75AFC002FC4E90201BFF620AF09F16D
:10FA00000043C4E9008301F10043C4E902037642E4
:10FA100015E700BFAFF3008000004054FB21F93F21
:10FA20003163621A61B4D03D0000601A61B4D03D08
:10FA30007370032E8A19A33B83C8C96D305FE43FFE
:10FA4000FB21E93F7BD90240FB21F93FFB213941F2
:10FA5000FFFFEF7F00007041485B01080000E03FBE
:10FA6000C85A0108C9F30A53C3EB1553102B4FEAC8
:10FA70002555B3DD56A3D3E90023DDE90201F0F7F4
:10FA8000CBFD8046894642464B4650465946F0F7E4
:10FA90000BFC02460B4650465946CDE906239246DA
:10FAA0009B46F0F701FC42464B46F0F7FDFB4AA3AC
:10FAB000D3E9002380468946DDE90201F0F7ACFD79
:10FAC00042464B46F0F7F0FB0B460246594650467D
:10FAD000CDE90423F0F7E8FBC1F30A53ED1A312D09
:10FAE000804689467FF77AAF3EA3D3E90023DDE95C
:10FAF0000201F0F791FD8046894642464B46DDE91A
:10FB00000601F0F7D1FB82468B4652465B46DDE9A3
:10FB10000601F0F7C9FB42464B46F0F7C5FB33A39D
:10FB2000D3E9002380468946DDE90201F0F774FD40
:10FB300042464B46F0F7B8FB02460B465046594644
:10FB4000CDE90423F0F7B0FB8046894646E7F0F79D
:10FB5000ADFB234B9D4206460F4618D01AA3D3E9AE
:10FB60000023F0F7A3FB8046894642464B463046C9
:10FB70003946F0F799FB14A3D3E90023F0F796FB7D
:10FB8000C4E90089C4E902014FF0FF3657E610A32B
:10FB9000D3E90023F0F78AFB0FA3D3E9002306463D
:10FBA0000F46F0F783FB8046894642464B46304677
:10FBB0003946F0F779FB08A3D3E90023F0F776FB89
:10FBC000DEE700BFAFF300803163621A61B4D03D5D
:10FBD0000000601A61B4D03D7370032E8A19A33BF4
:10FBE000FB21F93F0000002E8A19A33BC1492025C3
:10FBF0009A837B3970B510EE103A8B4A23F000449B
:10FC0000944286B0054671D9884A94421E4624D84B
:10FC100023F00042002BDFED867A864922F00F02A6
:10FC2000B0EE407A40F3E6808A4270EE677A09BF10
:10FC30009FED817ADFED816ADFED816A77EEC77A29
:10FC400037EEE67A77EEC77A80ED007A77EEE67ADD
:10FC5000C0ED017A012006B070BD7A4A944253D9B2
:10FC6000B4F1FF4F49D2E215863AA4EBC25307EE36
:10FC7000903ABDEEE77ADFED746AB8EEC77A77EEB8
:10FC8000C77A8DED037A67EEA67ABDEEE77AB8EE15
:10FC9000C77A77EEC77A8DED047A67EEA67AF5EE2D
:10FCA000407AF1EE10FACDED057A40F08E80B5EE97
:10FCB000407AF1EE10FA40F08A8001236349019105
:10FCC0000221009103A8294601F01EF8002EC2DA95
:10FCD00095ED007AD5ED017AB1EE477AF1EE677ACB
:10FCE00085ED007AC5ED017A4042B4E7002285ED4A
:10FCF000000A4260002006B070BD70EE407AC0ED90
:10FD0000017AC0ED007AF5E700F0F6FF9FED507A3A
:10FD10009FED476AF6EE007AE0EE077A9FED477AAC
:10FD2000FDEEE77AF8EEE76A17EE900AA6EEC60A4D
:10FD30001F2866EE877AB1EE666A30EE677A1EDCBF
:10FD4000444A411E26F0004352F8212023F0FF03CD
:10FD5000934214D085ED007A30EE470A002E30EE43
:10FD6000670A85ED010ABFF676AFB1EE477AB1EECC
:10FD7000400A85ED007A85ED010A40426BE717EEF7
:10FD8000103AC3F3C753C3EBD453082B4FEAE452E2
:10FD9000E0DD9FED297A9FED2A5AF0EE405AE6EE1B
:10FDA000075A70EE657AE6EE077AD6EE857A35EE7A
:10FDB000E77A17EE103AC3F3C753D21A192A08DCB0
:10FDC000B0EE650A85ED007AC6E7032376E70223E5
:10FDD00074E79FED217A9FED215AB0EE650AA6EEF9
:10FDE000070A75EEC07AE6EE077AD6EE857A30EE2F
:10FDF000677AAFE78A4270EE277A09BF9FED0E7AE5
:10FE0000DFED0E6ADFED0E6A77EE877A37EEA67ABF
:10FE100077EEC77A80ED007A77EEA67AC0ED017AA8
:10FE20004FF0FF3017E700BFD80F493FE3CB164034
:10FE3000800FC93FD00FC93F0044353743443537A1
:10FE400008A3852E800F494300008043D05C010841
:10FE500084F9223F505C010800A3852E32318D24A5
:10FE600010B52DED028BB0EE408AF0EE608A0446AC
:10FE700002F038FCB0EE480AF0EE680ABDEC028BE6
:10FE8000046010BD00B5034683B051EC100B83B184
:10FE9000024601F10043CDE90023DDE90023F0F73C
:10FEA000BBFB41EC100B222003B05DF804EBFFF725
:10FEB000D7BF02460B46EEE79FED010BFFF7E2BF0F
:10FEC00000000000000000109FED010BFFF7DABFFB
:10FED00000000000000000702DE9F04FADF5197D25
:10FEE0009C460A91B04BA299039053F82130049399
:10FEF00012F1140F0CF1FF330293C0F2C182AB492F
:10FF0000D31E81FB0301DB17C3EBA103079301336E
:10FF1000A3EB8303DB00D318079A0B930CF1FF3399
:10FF2000D41A049AD7181CD40137A39E274420ADB5
:10FF30004FF000084FF00009E24608E056F82400B0
:10FF4000F0F700FB0134BC42E5E8020108D0002CC8
:10FF5000F4DA013440464946BC42E5E80201F6D1F4
:10FF6000D446049B002BB8BF4FEACC061BDB039999
:10FF7000029A049B0DF1800901EBCC0809EBCC0936
:10FF80000DF5E07B4FEACC06924663440020002149
:10FF9000002A80F298810AF1010A9A45EBE80201F1
:10FFA00009F10809F4D1039B049A009299190CAB4A
:10FFB00003EB8203043B08930CAB03EB820637464A
:10FFC0000B9ECDF824C08B46009A0DEBC203002A8D
:10FFD000D3E970454FEAC2082CDD0DF5E07AD04434
:10FFE0000DF1300901960597714B002220462946F4
:10FFF000F0F712FBF0F7C0FDF0F7A4FA6D4B00220A
:020000040801F1
:1000000006460F46F0F708FB02460B4620462946F7
:10001000F0F74AF9F0F7B0FD78E9022349F8040B4C
:1000200039463046F0F742F9D04504460D46DBD15B
:10003000019E059F45EC104B304601F0ADF955ECA3
:10004000104B00224FF07F5320462946F0F7E4FA88
:1000500041EC100B01F02CFA574B51EC100B002225
:10006000F0F7DAFA02460B4620462946F0F71CF96B
:100070000D460446F0F780FD8246F0F763FA02462B
:100080000B4620462946F0F70FF9002E8046894698
:1000900040F39480009B0CAA591EC6F1180352F835
:1000A000212042FA03F000FA03F3D21AC6F1170432
:1000B00042FA04F40CAB002C43F82120824400F3F4
:1000C000F0800022002340464946F0F70DFD00284D
:1000D00000F02382009B049A93420CDD0CAA02EBF1
:1000E0008303002253F8041DBB4242EA0102F9D106
:1000F000002A40F01081049B0CAA013B52F82330E7
:10010000009A501C8146002B40F0DB80089A0123A6
:1001100052F8041D01330029FAD0009A1344009AC2
:10012000099905960A440799019301EB000A0DF11C
:100130008008A39906970AF1804A08EBC20870AAC2
:100140000AF1FF3A02EBC00201EB8A0A00925AF868
:10015000040FF0F7F7F9029B002BE8E8020120DB1F
:10016000039E47460024002577E90223F6E80201B2
:10017000F0F752FA02460B4620462946F0F796F869
:100180005E4504460D46EFD1009BE3E8024500932F
:10019000019B09F101099945D9DDDDE90567009366
:1001A00012E700240025EFE728600108ABAAAA2A7D
:1001B0000000703E000070410000204057D0B64B58
:1001C0000022F0F7AFFC044600283FF47AAF009B12
:1001D000002B0AF1010AC8BF022440F384820CAB51
:1001E000002153F8045B002D3CD0C5F1807543F825
:1001F000045C6FF07F4003E01A68821A43F8042B16
:10020000009A01318A42F7DC0125002E0EDD012E15
:1002100000F02B81022E09D1009B5A1E0CAB0CA9B9
:1002200053F82230C3F3150341F82230022C7FF437
:1002300048AF42464B4699490020F0F735F88046D2
:100240008946002D3FF43DAF30469FED910B01F004
:10025000A3F84046494653EC102BF0F725F88046AA
:1002600089462EE7009A01318A42BADCCDE7009B2D
:100270000CAA013B52F82340E415002C7FF721AF74
:10028000009B002B0AF1010AA9DC022C7FF419AFB4
:1002900042464B4681490020F0F706F880468946E1
:1002A0000FE7009B002B0AF1010A98DC012E00F0F9
:1002B0002E82022EE9D10CABC2F3150243F82120A5
:1002C000E3E703462BE7CDE9003C52460596DA46C4
:1002D000CB469146039E5F460024002577E9022322
:1002E000F6E80201F0F798F902460B462046294647
:1002F000EFF7DCFF464504460D46EFD1009B09F1C0
:1003000001099945EAE802450BF1080BE2D1DDF855
:1003100004C0059E47E60B9BDDF800B0A3F1180270
:10032000CDE9024A0CAB0BF1FF340B9253F82430A9
:1003300063B90BF18043013B0CA901EB830353F834
:10034000041D013C183A0029F9D00B929FED500B87
:100350000B9801F021F8002C5BEC10ABC0F2CD81C2
:1003600004F101084FEAC8010DF5E0790CAB4C4FE0
:10037000009103EB8805002609EBC80855F8040D29
:10038000F0F7E0F852465B46F0F746F93B4668E97D
:100390000201324650465946F0F73EF90CAB9D42F9
:1003A00082468B46EAD10099A1F1080A48ABCA44BB
:1003B000CDE905414FF000091A4607935346CA4656
:1003C000DDF81090A346B9F1000FC0F2A380CDE98B
:1003D000002BDFF8D0801F460026002400259B4616
:1003E00010E0F7E80223F8E80201F0F715F90246F9
:1003F0000B4620462946EFF759FF0136B145044622
:100400000D4601DB5645ECDD5B46009ADDF804B095
:100410000BF1FF3BBBF1FF3FE2E802450AF1010AA5
:10042000A3F10803CFD1A29A079B022ADDE9054177
:1004300000F3A980002A37DC10D15C1800200021CD
:100440001D4674E90223EFF731FFAC42F9D1029B5C
:10045000002B40F02F810A9BC3E90001039B03F0AE
:1004600007000DF5197DBDE8F08F009B5A1E0CABFF
:100470000CA953F82230C3F3160341F82230D5E615
:1004800000216FF01703079145E500BFAFF300802F
:10049000000000000000F03F0000E03F0000F03FDF
:1004A0000000703EE85F0108D3E900895D1800266E
:1004B00000279A4675E9022330463946EFF7F6FEE3
:1004C000554506460F46F5D1029B40464946002B4E
:1004D00040F0E3803B463246EFF7E6FE0A9BC3E975
:1004E00000676CB14AAE0125F6E802230135EFF74B
:1004F000DDFEAC42F8DA029B13B101F1004319466C
:100500000A9BC3E90201039B03F007000DF5197D67
:10051000BDE8F08F002400257AE70B9EDDF800B0DF
:10052000704249EC108BCDE9024A00F035FF55ECE2
:10053000104B884B002220462946F0F7F3FA00289A
:1005400000F0A280844B002220462946F0F764F890
:10055000F0F712FB0746EFF7F5FF7E4B0022F0F7AE
:100560005BF80B46024629462046EFF79DFEF0F762
:1005700003FB0BF101040CAB183643F82B000B9670
:1005800043F82470E2E6A29A032A7FF467AF002CB6
:1005900000F0CB8003EBC40595ED007B52EC171BFC
:1005A000E600CDE90054CDE90465A8460C461546A1
:1005B000994678E902672046294632463B46EFF7DE
:1005C00075FEA246AB4604460D4622462B463046F3
:1005D0003946EFF769FE52465B46EFF767FEC845BE
:1005E000C8E90201C8E90045E3D1DDE900A4012C16
:1005F000DDE904654B4600F09880D5E90045CDE97A
:10060000006909F1080B7AE9028920462946424629
:100610004B46EFF74BFE26462F4604460D46224634
:100620002B4640464946EFF73FFE32463B46EFF742
:100630003DFED345CAE90201CAE90045E3D1DDE93F
:10064000006306F108041C4403F11005002000219A
:100650001E4674E90223EFF729FEA542F9D133467D
:10066000D3E90045D3E90278029B3BBB0A9BC3E96F
:100670000401C3E90045C3E90278039B03F00700C6
:100680000DF5197DBDE8F08F20462946F0F774FA84
:100690000CAB5C4643F82B0058E60A9A07F100437E
:1006A000536016603B463246EFF7FEFD002C7FF4A8
:1006B00019AF22E701F100431946CCE6264605F1C1
:1006C00000440A9D08F10043C5E9027301F10043AB
:1006D000C5E90403039B03F00700C5E900640DF5B9
:1006E000197DBDE8F08F42464B461C490020EFF7CC
:1006F000DBFD022480468946E3E4A29B022B0FDC4B
:10070000002B15DC7FF4AAAE002000219FE60CAB85
:10071000C2F31602022C43F821207FF4D2ACB7E5D5
:10072000A29B032B7FF49AAE48AB0020002197E7F1
:10073000029BDDE9480133B10A9C00224FF00043DF
:10074000C4E90023D9E60A9C00220023C4E900235F
:10075000D6E600BF000070410000703E0000F03F90
:100760002DE9F04F57EC106B27F00048B8F1795F96
:100770005BEC11AB85B071D230463946F0F7FCF92D
:10078000002800F0F48032463B4630463946EFF709
:1007900043FF79A3D3E9002304460D46EFF73CFF5E
:1007A00077A3D3E90023EFF781FD22462B46EFF72D
:1007B00033FF75A3D3E90023EFF776FD22462B46DE
:1007C000EFF72AFF72A3D3E90023EFF76FFD22466C
:1007D0002B46EFF721FF70A3D3E90023EFF764FD69
:1007E00022462B46EFF718FF6DA3D3E90023EFF75E
:1007F0005DFD22462B46EFF70FFFCDE900016E4B62
:10080000002220462946EFF707FFDDE90023804656
:10081000894620462946EFF7FFFE44464D4680466E
:10082000894652465B4630463946EFF7F5FE0246AA
:100830000B4640464946EFF737FD02460B46204639
:100840002946EFF731FD02460B4600205B49EFF7E2
:100850002BFD41EC100B05B0BDE8F08F32463B4656
:1008600030463946EFF7D8FE43A3D3E900230446C8
:100870000D46EFF7D1FE42A3D3E90023EFF716FDB3
:1008800022462B46EFF7C8FE3FA3D3E90023EFF73C
:100890000BFD22462B46EFF7BFFE3DA3D3E9002315
:1008A000EFF704FD22462B46EFF7B6FE3AA3D3E955
:1008B0000023EFF7F9FC22462B46EFF7ADFE38A3F5
:1008C000D3E90023EFF7F2FC2B462246EFF7A4FE14
:1008D0003B4B9845CDE9000191D93A4B98453DD81D
:1008E000A8F5001300223549002090469946EFF7FD
:1008F000DBFCCDE90201304B002220462946EFF710
:100900008BFE42464B46EFF7CFFCDDE900238046E5
:10091000894620462946EFF77FFE44464D468046ED
:10092000894652465B4630463946EFF775FE024629
:100930000B4640464946EFF7B7FC02460B462046B9
:100940002946EFF7B1FC02460B46DDE90201EFF75D
:10095000ABFC41EC100B05B0BDE8F08F9FED127BB6
:10096000DFF864908DED027B4FF00008C3E79FED48
:10097000100B05B0BDE8F08FD43888BEE9FAA8BDE9
:10098000C4B1B4BD9EEE213EAD529C804F7E923EDE
:100990009015CB19A001FA3E7751C1166CC1563F94
:1009A0004C5555555555A53F000000000000E73F48
:1009B000000000000000F03F0000E03F0000F03FBA
:1009C0003233D33F0000E93F0000D23F0000000077
:1009D0002DE9F04F55EC104B25F0004385B0B3F1F5
:1009E000795F8DED001B824606D220462946F0F73E
:1009F000C3F8002800F08C8022462B46204629466A
:100A0000EFF70AFE06460F4632463B462046294689
:100A1000EFF702FE45A3D3E90023CDE902013046FA
:100A20003946EFF7F9FD43A3D3E90023EFF73CFC88
:100A300032463B46EFF7F0FD40A3D3E90023EFF742
:100A400035FC32463B46EFF7E7FD3EA3D3E90023F2
:100A5000EFF72AFC32463B46EFF7DEFD3BA3D3E936
:100A60000023EFF723FC80468946BAF1000F37D008
:100A7000DDE900012C4B0022EFF7CEFDDDE902ABF2
:100A800042464B468046894650465946EFF7C4FDDC
:100A900002460B4640464946EFF706FC32463B46C7
:100AA000EFF7BAFDDDE90023EFF7FEFB1CA3D3E966
:100AB000002306460F4650465946EFF7ADFD024665
:100AC0000B4630463946EFF7F1FB02460B4620460F
:100AD0002946EFF7E9FB41EC100B05B0BDE8F08FBC
:100AE00002460B4630463946EFF796FD0CA3D3E994
:100AF0000023EFF7D9FBDDE90223EFF78DFD224656
:100B00002B46EFF7D3FB41EC100B05B0BDE8F08F9F
:100B100045EC104B05B0BDE8F08F00BFAFF300808F
:100B2000495555555555C53F0000E03F7CD5CF5A36
:100B30003AD9E53DEB9C2B8AE6E55A3E7DFEB1575E
:100B4000E31DC73ED561C119A0012A3FA6F81011C7
:100B50001111813F38B510EE105A25F00044B4F160
:100B6000A14FF0EE407A07D3B4F1FF4F55D8002DD6
:100B700077DD9FED4E0A38BD4D4B9C425CD8B4F1F9
:100B8000445F4DD34FF0FF3327EEA76A9FED495ADC
:100B90009FED497ADFED495ADFED494A66EE066A74
:100BA0005A1CA6EE857AE6EEA54A9FED465ADFED81
:100BB000465AA7EE265AE4EEA65A9FED447ADFED98
:100BC000444AA5EE267AE5EEA64A9FED425ADFEDAD
:100BD000425AA7EE265A9FED417AA4EEA67AE5EE98
:100BE000265A27EE267AA5EE867A27EE877A3BD01C
:100BF0003B493C4A01EB8301D1ED006A37EE667A4E
:100C000002EB8303D3ED006A37EE677A002D36EEF0
:100C1000C70AB0DAB1EE400A38BD30EE000A38BD7E
:100C20009FED317A30EE077AF7EE006AB4EEE67A9D
:100C3000F1EE10FAA6DD38BD00F05EF82B4B9C42B9
:100C400015D8A3F5D0039C4226D8F0EE007ABFEE6B
:100C5000007AA0EE277A002330EE270AC7EE007A4A
:100C600092E79FED230A38BD37EEC70A38BD214B06
:100C70009C420BD8F7EE087AB7EE007AA0EE277AFE
:100C8000022330EE670AC0EE077A7DE7BFEE007AF6
:100C9000C7EE007A032377E7F7EE007A30EE677A43
:100CA00030EE270A0123C7EE007A6DE7DB0FC93F5C
:100CB000FFFFDF3ED769853C59DA4B3D21A215BDC8
:100CC0006BF16EBD356B883D95879DBD6E2EBA3D2F
:100CD000388EE3BD2549123EABAAAA3ECDCC4CBE10
:100CE0003860010848600108CAF24971FFFF973F68
:100CF000DB0FC9BFFFFF1B4010EE103A23F000438B
:100D000000EE103A704700BF2DE9F04F2DED048B37
:100D1000DBB01C46944603930A46BA4B68991CF113
:100D2000040F53F82170824604F1FF39C0F2568255
:100D3000BCF1030348BF0CF10403DB100293013341
:100D40004FEAC30EACEB0E030593029B17EB0900B1
:100D5000A3EB090316D401309FEDAB7A699C1844CC
:100D60001EA9002BA4BF54F8235007EE905A03F19C
:100D70000103ACBFF8EEE77AF0EE477A8342E1EC8C
:100D8000017AEED1002FC0F2E28203991EA800EB97
:100D900081004FEA81087E18002346AD4C460AEBDD
:100DA0008101B9F1000F80F2C8800134B44245F8E6
:100DB000043B00F10400F4D10DF1280B0BEB870389
:100DC000CDE9062E043B9FED929ADFED908A0598BF
:100DD00004930AEB080446AE0BEB87080097CDF8A6
:100DE00020C00DEB8703002F93ED460A4FEA8705DD
:100DF00015DD73195A4660EE097AB0EE407AFDEEC1
:100E0000E77A73ED016AF8EEE77AB342A7EEE87A83
:100E100037EEA60ABDEEC77AA2EC017AEBD10190BB
:100E200000F014FCF4EE007AB0EE408A20EE270ABF
:100E300000F0C2FBF2EE007AA0EE678A019800286B
:100E4000FDEEC89AF8EEE97A38EE678A40F38280C0
:100E5000791EC0F108035BF821E04EFA03FC0CFA9E
:100E600003F3AEEB030EC0F1070219EE903A4EFA0F
:100E700002F26344002A09EE903A4BF821E000F3B5
:100E8000AF80B5EE408AF1EE10FA74D1009B9F421C
:100E90000ADD5D44002355F8041D454543EA01037E
:100EA000F9D1002B40F00281009B013B5BF823202D
:100EB0007B1C9C46002A40F0F780049A012152F8DE
:100EC000045D0131002DFAD03944029D039A05EBEF
:100ED000030E0EF1804E699D0EF1FF3E3A4405EB84
:100EE0008E0E1EAD06EB830705EB8205DEED017A63
:100EF000F8EEE77AB9F1000F0EF1040EE5EC017A95
:100F0000DFED417A09DB2A465346F3EC016A32ED04
:100F1000017AA342E6EE877AF7D10CF1010C8C45F9
:100F2000E7EC017AE2DD0F465BE70134B442E5EC21
:100F3000017A00F104003FF43FAFDFED337A8346DE
:100F40005346F3EC016A3BED017A8B42E6EE877A79
:100F5000F7D1EAE700F09180F6EE007AB4EEE78A86
:100F6000F1EE10FA80F22981B5EE408AF1EE10FA26
:100F70004FF000028AD09246DDE9062EDDF820C04F
:100F80000197AEEB0C00B0EE480A009F009200F013
:100F90005DFBDFED1E6AB4EEE60AF1EE10FADDE964
:100FA0000023F0EE407AC0F29C819FED197A0599FA
:100FB00020EE077A0831BDEEC77A0591B8EEC77A00
:100FC0005C1CE7EE667ABDEEC77AFDEEE77A17EEB7
:100FD000901A4BF8231017EE103A4BF824307EE0AD
:100FE0000133002F09EE903A40F39D8159464FF0AE
:100FF000000E51F8043B002B39D0C3F5807341F843
:10100000043C0CE084600108000000000000804304
:101010000000803B0B68C3F1FF0341F8043B0EF175
:10102000010E7745F6DC01239E4600280BDD0128E2
:1010300000F0BB80022806D1791E5BF8213003F056
:101040003F0C4BF821C0022A7FF41BAFB7EE000A19
:10105000734630EE488A002B3FF413AF099201909B
:1010600000F0F4FA0198099A38EE408A09E70EF187
:10107000010E7745BDDC9E46D7E77B1E5BF823203B
:10108000D211002A7FF7FDAE19EE903A002F03F13E
:10109000010309EE903AA9DC022A7FF4F2AEF7EEE2
:1010A000007A37EEC88AECE619460EE73B469246D0
:1010B000DDE905125C1EA1F108005BF82410009F19
:1010C000059061B903F18043013B0BEB83030146BB
:1010D00053F8040D013C08390028F9D00591059812
:1010E0000092B7EE000A00F0B1FA002C009AB0EEC0
:1010F000407AC0F22281601C46AD5FED3B6A810000
:101100000BEB800305EB800073ED017AF8EEE77AD4
:101110005B4567EE877A27EE267A60ED017AF3D198
:101120000DF1C8080E1F2E44C646A4460025002F08
:101130007DDBDFF85C92DFED957A3046002307E037
:10114000F9EC016AB0EC017A9F42E6EE877A03DBA4
:10115000AB4203F10103F3DD0CF1FF3CBCF1FF3FB7
:10116000EEEC017A05F10105A6F10406E1D1689BD8
:10117000022B6ADC002B36DC0ED1DFED847A414491
:1011800031ED017A414577EE877AF9D15346002B4C
:1011900040F0C680C2ED007A19EE903A03F00700E5
:1011A0005BB0BDEC048BBDE8F08F791E5BF821309D
:1011B00003F07F0C4BF821C045E719EE903A002F61
:1011C00003F1010309EE903AC8BF02223FF70EAFC8
:1011D000F7EE007A37EEC88A022252E600234FF07B
:1011E000080E0293AEE5DDED327A9FED687A414458
:1011F00071ED016A414537EE267AF9D15346002B4D
:1012000040F0848077EEC77A82ED007A64B133A92A
:101210000123B1EC017A01339C4277EE877AF8DA48
:1012200053460BB1F1EE677AC2ED017AB4E70CF1E7
:10123000FF3C0023BCF1FF3F4EF8043B05F10105E4
:10124000A6F104067FF473AF91E7689B032BA3D14B
:10125000002C00F08C8008EB840595ED007AA0004E
:101260002B46294671ED017AF0EE476A37EE277A70
:10127000414577EEC77A81ED007A77EEA67AC1ED27
:10128000017AEFD1012C72D095ED007A08F10401BA
:1012900073ED017AF0EE476A37EE277A994277EEDE
:1012A000C77A83ED007A77EEA67AC3ED017AEFD1A3
:1012B000031DDFED367A434408F1080833ED017A67
:1012C000984577EE877AF9D15346DDED326A9DED88
:1012D000337A73B9C2ED006A82ED017AC2ED027A07
:1012E0005AE7FDEEC07A1C4617EE901A4BF8231011
:1012F000F5E6F1EE666AB1EE477AF1EE677AC2ED95
:10130000006A82ED017AC2ED027A45E7F1EE476AA2
:1013100077EEC77AC2ED006A002C7FF478AF81E7E0
:10132000F1EE677A36E7012815D002287FF4B4AED3
:101330000EF03F034BF82130AEE6689B022B12DC27
:10134000002B17DC7FF428AFDFED107A1EE7039B3C
:101350004FEA830830E50EF07F03022A4BF8213074
:101360007FF48FAD9BE6689B032B7FF415AFDFED19
:10137000077AA9E75346DDED327A1BB14FF00043FF
:1013800013604FE7002313604EE700BF000000002A
:10139000586001080000000070B555EC104BC5F313
:1013A0000A5206462B4672BB25F00043234329D040
:1013B0003B4B204629460022EFF72EF9394B9E423F
:1013C00004460D4652DBC1F30A520B46363A4CF244
:1013D00050318E4223DC164440F2FE7296421EDCEF
:1013E000002E34DC16F1350F38DB6FF31E53363622
:1013F00043EA065520462C4B29460022EFF70CF90C
:1014000041EC100B70BD40F2FF718A42DFD12246E1
:1014100020462946EEF74AFF41EC100B70BD002D27
:1014200017A1D1E9000107DB15A3D3E90023EFF7EA
:10143000F3F841EC100B70BD13A1D1E9000110A32A
:10144000D3E90023EFF7E8F841EC100BF3E76FF373
:101450001E5343EA065545EC104B70BD002D0CA100
:10146000D1E9000102DA0CA1D1E9000108A3D3E916
:101470000023EFF7D1F841EC100B70BDAFF3008003
:101480009C7500883CE4377E9C7500883CE437FE00
:1014900059F3F8C21F6EA50159F3F8C21F6EA5815A
:1014A00000005043B03CFFFF0000903C00000000F3
:1014B00051EC100BC1F30A532DE9F041A3F2FF35B3
:1014C000132D0C46064622DC002D41DB384B43FA37
:1014D00005F801EA080303430F461DD032A3D3E900
:1014E0000023EEF7E3FE00220023EFF725FB40B1D7
:1014F000002C03DA4FF480132B411F4427EA080421
:1015000000262346324643EC102BBDE8F081332DF4
:1015100006DDB5F5806F2BD041EC100BBDE8F081F6
:10152000A3F213434FF0FF37DF403842F4D01EA33D
:10153000D3E90023EEF7BAFE00220023EFF7FCFA0E
:101540000028DED0002C334620DB23EA0706D8E74C
:1015500015A3D3E90023EEF7A9FE00220023EFF73D
:10156000EBFA0028CDD0002C09DB00263446C8E772
:1015700002460B46EEF79AFE41EC100BCEE724F044
:10158000004426430DD14FF00044BAE7142D06D095
:10159000C5F134050122AA4013449E42D5D9013435
:1015A000D3E7044C0026ACE79C7500883CE4377E0A
:1015B000FFFF0F000000F0BF10EE102AC2F3C75368
:1015C0007F3B162B22F000411BDC002B10461EDB5C
:1015D0001A4919410A4223D0DFED197A70EE277AB1
:1015E000F5EEC07AF1EE10FA1ADD002A04DA4FF4B3
:1015F000000242FA03F3184420EA010300EE103A15
:101600007047B1F1FF4F0BD330EE000A7047DFEDAA
:101610000C7A70EE277AF5EEC07AF1EE10FA00DC63
:101620007047002A02DB9FED070A704711B99FED52
:10163000060A7047BFEE000AF2E700BFFFFF7F0017
:10164000CAF24971000000000000008010EE103A5C
:1016500033F000411A4625D0B1F1FF4F1FD213F0ED
:10166000FF4F20D1DFED297A294A60EE277A904298
:1016700017EE903A31DB4CF2503CC3F3C751604552
:101680001A46A1F1190114DD002BDFED227A9FED3E
:10169000210AB8BFDFED207A27EE800A704730EECE
:1016A000000A704770474CF2503C60454FEAD151F8
:1016B000EADC0144FE29E7DC002915DC11F1160FF4
:1016C00019DB193122F0FF4242EAC15207EE902A9B
:1016D0009FED120A27EE800A7047DFED117A07EEC0
:1016E000103A27EE270A704722F0FF4242EAC15320
:1016F00000EE103A7047002BDFED097A9FED080AE3
:10170000B8BFDFED087A27EE800A70470000004C72
:10171000B03CFFFFCAF24971CAF249F10000003340
:101720006042A20D6042A28D08B5062000F0AEFF17
:101730000120F2F741FB0A22002100F087BE0000E1
:10174000024B0A460146186800F002B84801002022
:1017500070B5A1FB025434B9294600F007FB0646D8
:1017600028B9304670BD0C2202600026F9E72A46EF
:10177000214600F02CFFF4E72DE9FF4757EC106BF2
:10178000002F0C4619463B46BBBF07F100431F46DE
:1017900000232D230B700D9BDDF830A0914623F024
:1017A0002008BCBF32461646B8F1460F05D0B8F146
:1017B000450F00D10134022100E0032103AB019366
:1017C00002AB009347EC106B5346224601F05CF8E5
:1017D000B8F1470F054619D119F0010F0ED000EBF3
:1017E00004090022002330463946EFF77DF908B19D
:1017F000CDF80C903022039B4B451ED3039B0E9AD1
:101800005B1B2846136004B0BDE8F087B8F1460FB3
:1018100000EB0409E5D10378302B0AD10022002324
:1018200030463946EFF760F918B9C4F10104CAF837
:101830000040DAF800309944D3E7591C03911A703C
:10184000D9E7F7B50029BABF49422D232B2309292F
:101850000270437029DD0DF1070425460A27224650
:10186000B1FBF7F607FB1613303302F8013C0B46C9
:10187000632B04F1FF343146F1DC3031931E04F860
:10188000011C411C1C46AB420AD30DF109039B1AF3
:10189000A54238BF0023821C1344181A03B0F0BDC0
:1018A00013F8016B01F8016FEDE7302330318370DD
:1018B000C170031DF1E700002DE9F04F8DB00C461B
:1018C000DDF8588016461F46054600F039FF0368CC
:1018D00006931846EEF7DCFC00230A93D8F8003094
:1018E00094F818A0D4F800B00790073323F007034A
:1018F000B3EC027B8DED047BC8F80030DDE9048396
:1019000023F0004984ED127B9C4B4FF0FF324046A0
:101910004946EFF71BF970BB984B4FF0FF3240463A
:101920004946EFF7F5F830BBDDE90401002200235A
:10193000EFF7E4F810B12D2384F84330904A914B2F
:10194000BAF1470F8CBF90469846032323612BF0D2
:10195000040323604FF00009009733460BAA214689
:10196000284600F083FA013040F08C804FF0FF30C1
:101970000DB0BDE8F08FDDE9042310461946EFF7FE
:10198000E5F840B1059B804A002BBCBF2D2384F8AD
:1019900043307E4BD4E763685A1C0AF0DF093BD121
:1019A000062363604BF480620023226003930AAB3A
:1019B000CDE901A309AB009361689DED040B0DF126
:1019C00023032846FFF7D8FEB9F1470F099980464F
:1019D00029D1C81C02DB63688B4241DAAAF1020AF2
:1019E0005FFA8AFA0139524604F150000991FFF773
:1019F00028FF0A9A1318012A8146236102DC226813
:101A0000D20701D5013323619DF82330002BA3D0E9
:101A10002D2384F843309FE7B9F1470FC2D1002B43
:101A2000C0D10123BDE7BAF1650FDBD9BAF1660F6A
:101A300018D1002963680BDD216113B92268D00732
:101A400002D501330B442361A1654FF00009DBE7A8
:101A500013B92268D20701D50233F4E70123F2E774
:101A60004FF0670A0A9B8B4205DC23682161D80787
:101A7000EAD54B1CE7E70029D4BFC1F102020122DD
:101A80001344E0E723685A0507D4236942463146E8
:101A90002846B84701302BD168E7BAF1650F40F20C
:101AA000DD80D4E9120100220023EFF71DF80028A1
:101AB00033D0374A012331462846B84701303FF436
:101AC00055AFDDE90938434502DB2368D8070FD558
:101AD000DDE9062331462846B84701303FF446AFDA
:101AE0004FF0000908F1FF3804F11A0AC84509DC73
:101AF00023689B0700F10381E0680B9B9842B8BF05
:101B0000184635E70123524631462846B84701308A
:101B10003FF42CAF09F10109E8E7099B002B39DC00
:101B20001B4A012331462846B84701303FF41EAF17
:101B3000DDE9093959EA030302D12368D907D7D56A
:101B4000DDE9062331462846B84701303FF40EAFA1
:101B50004FF0000A04F11A0B099B5B42534501DC6C
:101B60004B4693E701235A4631462846B847013091
:101B70003FF4FCAE0AF1010AEEE700BFFFFFEF7F82
:101B800094600108906001089C6001089860010859
:101B9000A0600108A36DDDF828A05345A8BF5346F7
:101BA000002B994636DC4FF0000B29EAE97904F165
:101BB0001A02A36D0493A3EB09035B4531DC099B77
:101BC0009A453ADC2368DA0737D4099BAAEB030964
:101BD000049BAAEB03039945A8BF9946B9F1000FEE
:101BE00033DC4FF0000829EAE97904F11A0B099B6C
:101BF000AAEB0303A3EB090343457FF779AF012366
:101C00005A4631462846B84701303FF4AFAE08F196
:101C10000108ECE7424631462846B8470130C2D1B8
:101C2000A4E60123314628460492B84701303FF428
:101C30009DAE049A0BF1010BBBE7DDE906233146AB
:101C40002846B8470130C0D190E6049A4B4642443A
:101C500031462846B8470130C3D187E6DDF828A0D1
:101C6000BAF1010F01DCDB0736D5012342463146CC
:101C70002846B84701303FF479AEDDE90623314606
:101C80002846B84701303FF471AED4E91201002272
:101C900000230AF1FF3AEEF727FFC0B9534608F1D7
:101CA000010231462846B84701300CD15EE60123D7
:101CB0005A4631462846B84701303FF457AE08F13E
:101CC0000108D045F3DB4B4604F15002DFE64FF04C
:101CD000000804F11A0BF4E701234246E1E701236F
:101CE0004A4631462846B84701303FF43FAE08F136
:101CF0000108E3680B995B1A4345F0DCFCE64FF002
:101D0000000804F11909F4E7024B0146186800F0D5
:101D10002DB800BF48010020024B0146186801F0B1
:101D200093BB00BF4801002070B50F4E0C463168D0
:101D3000054611B900F0C6FC30602146284600F087
:101D4000C1FC431C03D14FF0FF34204670BDC41CBE
:101D500024F00304A042F8D0211A284600F0B2FC77
:101D60000130F2D1EFE700BFE43B00202DE9F8435A
:101D7000CD1C25F0030508350C2D38BF0C25002D92
:101D8000064601DBA94204D90C2333600020BDE8DC
:101D9000F883DFF8D48000F02DFAD8F800301C4624
:101DA00044BB29463046FFF7BFFF431C044658D1C9
:101DB000D8F800402746002F43D1002C4BD0236891
:101DC0003946304604EB030900F07CFC814542D1E2
:101DD00021686D1A29463046FFF7A6FF01303AD038
:101DE00023682B442360D8F800305A6862BBC8F8D7
:101DF00000700FE02268521B20D40B2A17D96119FA
:101E0000A342256018BF5960636808BFC8F8001076
:101E100062514B60304600F0F3F904F10B00231DD2
:101E200020F00700C21A1CBF1B1AA350AFE762685C
:101E3000A3420CBFC8F800205A60EBE72346646851
:101E4000AEE73C467F68B6E71A465B68A342FBD123
:101E500000235360DEE70C233360304600F0D0F9F6
:101E600094E70560D6E700BFE83B00202DE9F04786
:101E7000164698468A680B69DDF820909342B8BFF1
:101E80001346336091F8432007460C460AB10133EC
:101E900033602368990642BF336802333360256894
:101EA00015F0060506D104F1190AE36832689B1A99
:101EB000AB4226DC94F843302268003B18BF012374
:101EC00092062BD404F1430241463846C8470130FC
:101ED0001ED02368226903F00603042B02BFE568C5
:101EE0003368ED1AA3680CBF25EAE5750025934217
:101EF000C4BF9B1AED1800261A34B5421AD100202F
:101F000008E00123524641463846C847013003D114
:101F10004FF0FF30BDE8F0870135C6E7E1185A1CE5
:101F2000302081F84300224494F8451082F8431091
:101F30000233C7E70123224641463846C8470130ED
:101F4000E6D00136D9E700002DE9FF470F7E0C9E51
:101F5000782F914680460C469A4601F1430207D8F5
:101F6000622F0AD8002F00F0D280582F00F0B780DF
:101F700004F1420684F842703AE0A7F16303152B9E
:101F8000F6D801A151F823F0E11F0108F51F01085F
:101F9000711F0108711F0108711F0108711F0108DD
:101FA000F51F0108711F0108711F0108711F010849
:101FB000711F0108F52001081F200108AB2001084E
:101FC000711F0108711F010817210108711F010805
:101FD0001F200108711F0108711F0108B3200108AB
:101FE00033681A1D1B68326004F1420684F84230DF
:101FF00001239DE033682068191D3160060601D574
:102000001D6803E04506FBD5B3F90050002D03DA47
:102010002D236D4284F8433059480A2310E021688B
:102020003368080653F8045B02D4490648BFADB2D2
:102030006F2F5348336059D10823002184F843108F
:102040006668A660002E05DB21682E4321F004019E
:1020500021604DD01646B5FBF3F103FB1157C75D68
:1020600006F8017D2F46BB420D46F4D9082B0BD153
:102070002368DF0708D5236961689942DEBF3023F2
:1020800006F8013C06F1FF36921B2261CDF800A054
:102090004B4603AA21464046FFF7E8FE01304CD1EB
:1020A0004FF0FF3004B0BDE8F087236843F0200311
:1020B00023603448782784F84570236831681F0608
:1020C00051F8045B02D45F0648BFADB23160D90756
:1020D00044BF43F0200323601DB11023ADE728481F
:1020E000E9E7236823F020032360F6E70A23A4E747
:1020F0001646BBE7336825686169181D30602E06F7
:102100001B6801D5196002E06806FBD51980002321
:1021100023611646BAE733681A1D32601E6862688A
:1021200000213046EEF764F808B1801B60606368F8
:102130002361002384F84330A8E7236932464946E7
:102140004046D0470130ABD023689B0713D4E068EA
:10215000039B9842B8BF1846A4E70123324649467C
:102160004046D04701309BD00135E36803995B1AA4
:10217000AB42F2DCEBE7002504F11906F5E700BFFE
:10218000A2600108B36001080CB430B5184B0C1EF6
:102190001D689DB008DA8B232B604FF0FF301DB017
:1021A000BDE8304002B070474FF40273ADF8143010
:1021B0004FF000031B9314BF04F1FF332346049335
:1021C00007934FF6FF7302900690ADF81630209AF1
:1021D00021AB02A92846019301F0E0F9431CBCBFE2
:1021E0008B232B60002CDAD0029B00221A70D6E7DA
:1021F00048010020014800F0A0BA00BF283D00209F
:10220000014800F09BBA00BF283D0020002310B514
:102210000446C0E90033C0E904338360818143662A
:10222000C2818361194608225C3000F0D0F90D4B61
:1022300063620D4BA3620D4BE3620D4B23630D4BA9
:1022400024629C4206D003F16802944202D0D0334B
:102250009C4205D104F15800BDE8104000F06CBA72
:1022600010BD00BF7D4201089F420108D74201080E
:10227000FD420108EC3B0020024A0349034800F0FC
:10228000EFB800BF3C0100201D3B01084C010020BD
:1022900041680C4B994210B5044601D001F03EFC58
:1022A000A168094B994202D0204601F037FCE16851
:1022B000064B994204D02046BDE8104001F02EBCE8
:1022C00010BD00BFEC3B0020543C0020BC3C002073
:1022D0000C4B0D4A0D4810B504211A600022FFF77F
:1022E00095FF0A4B01221C46092103F16800FFF704
:1022F0008DFF04F1D0000222BDE810401221FFF74B
:1023000085BF00BF243D002079220108EC3B00205E
:10231000014800F012BA00BF293D0020014800F03A
:102320000DBA00BF293D002010B50446FFF7F0FFAD
:10233000236A1BB1BDE81040FFF7F0BF044B2362D6
:10234000044B1B68002BF5D1FFF7C2FFF2E700BF7B
:1023500091220108243D0020242B2DE9F0478646D8
:10236000904601D8012B06D100F0BCF9162303607A
:102370000020BDE8F08734480D462A4615F8014B89
:10238000065D16F00806F8D12D2C10D12C78012608
:10239000951C33F0100215D1302C0DD12A7802F0A3
:1023A000DF02582A08D16C78023510230AE02B2C62
:1023B00004BF2C78951CECE7002BF6D1302C14BF11
:1023C0000A23082306F1004C0CF1FF3C0022BCFB61
:1023D000F3F9104603FB19CAA4F13007092F0FD8EF
:1023E0003C46A3421BDD571C07D0814514D301D1C5
:1023F000A24511DB00FB0340012215F8014BEBE77E
:10240000A4F14107192F01D8373CEAE7A4F161078D
:10241000192F04D8573CE4E74FF0FF32EDE7531C87
:1024200008D12223CEF800306046B8F1000FA0D0CA
:10243000691E06E006B14042B8F1000F99D0002AAB
:10244000F6D1C8F8001094E71462010813460A4652
:10245000014602480068FFF77FBF00BF4801002027
:102460002DE9F8430746884614460026D4E901952D
:10247000B9F1010905D52468002CF7D13046BDE833
:10248000F883AB89012B07D9B5F90E30013303D09E
:1024900029463846C04706436835E9E70FB407B513
:1024A000064904AB086853F8042B8168019301F0D6
:1024B0009BF903B05DF804EB04B0704748010020BD
:1024C000036A70B5846805460E460BB9FFF72CFF0A
:1024D000636EDB0705D4A389980502D4A06D00F0D4
:1024E0002CF9A389190702D52369002B35D1214680
:1024F000284601F073FF80B34FF0FF35636EDA07B3
:1025000005D4A3899B0502D4A06D00F017F92846D5
:1025100070BD002B04DAA269934217DB0A2915D09B
:1025200023685A1C22601970A36816F8011F013B2A
:10253000A3600029EDD1002B11DA22460A2128469A
:1025400001F00EFF0130D7D00A25D7E722462846F2
:1025500001F006FF0130E7D1CEE7013EE4E7236852
:102560005A1C22600A221A70EEE70000024B014654
:102570001868FFF7A5BF00BF4801002010B501395A
:102580000244904201D1002005E0037811F8014F88
:10259000A34201D0181B10BD0130F2E7884210B5EC
:1025A00001EB020402D98442234607D8431EA1420C
:1025B00007D011F8012B03F8012FF8E702448242FB
:1025C00000D110BD13F8011D02F8011DF7E7024408
:1025D0000346934200D1704703F8011BF9E710B599
:1025E0000246147813460132002CFAD1013B11F84F
:1025F000012B03F8012F002AF9D110BDC9B20346FF
:10260000184613F8012B12B18A42F9D170470029FC
:1026100018BF0020704710B50139034632B111F8D8
:10262000014F03F8014B013A002CF7D11A44002165
:10263000934200D110BD03F8011BF9E71F2938B5FB
:1026400005460C4604D9162303604FF0FF3038BD11
:10265000C26B12B152F821304BB9284600F030F865
:10266000224601462846BDE8384000F017B8012B45
:102670000AD0591C03D1162303600120E7E700218B
:1026800042F82410204698470020E0E7024B01461C
:102690001868FFF7D3BF00BF4801002038B5074DC9
:1026A00000230446084611462B60F1F77DFB431CCE
:1026B00002D12B6803B1236038BD00BF2C3D002040
:1026C000F1F770BB38B5064D0023044608462B6071
:1026D000F1F7A2FB431C02D12B6803B1236038BD84
:1026E0002C3D0020014B1868704700BF48010020B6
:1026F00070B50D4B0D4D5B1B9C100026A64209D1F9
:1027000002F05AF90A4D0B4B5B1B9C100026A642A7
:1027100005D170BD55F8043B98470136EEE755F8F2
:10272000043B98470136F2E7186401081864010871
:102730001864010820640108704770477047000062
:102740000048704788020020034611F8012B03F867
:10275000012B002AF9D170470A44914200F1FF335E
:1027600000D1704710B511F8014B03F8014F9142A9
:10277000F9D110BD2DE9F74F03690C69A342074653
:102780007EDB013C01F11408A30000F11405009365
:1027900005EB8403019358F8243055F824200133C5
:1027A0009A4208EB8409B2FBF3F62ED34FF0000AED
:1027B000C446AE46D3465CF8043B98B206FB00A084
:1027C000020C1B0C06FB0323DEF8002080B292B241
:1027D000121A5A44DEF800004FEA134A9BB2C3EBC8
:1027E000224303EB104392B242EA0342E1454EF822
:1027F000042B4FEA234BDED2009BEB582BB9019BF5
:10280000043B9D421A462FD33C61384601F02AFC16
:10281000002825DB2946002058F8042BD1F800C0F9
:102820001FFA82FE1FFA8CF3A3EB0E030344120C73
:10283000C2EB234202EB1C429BB243EA0243C14576
:1028400041F8043B4FEA2240E6D255F8242005EB3C
:10285000840322B9043B9D421A460BD33C610136E6
:10286000304603B0BDE8F08F1268043B002ACBD19C
:10287000013CC6E71268043B002AEFD1013CEAE7BD
:102880000020EEE7000000002DE9F04F99B08DED3B
:102890000E0B0C92C269229C0A9157EC106B814678
:1028A000139382B91020FFF72FFA0246C9F81C00D3
:1028B00020B9AD4BEF21AD4801F0AAFE0023C0E9DD
:1028C00001330360C360116859B152684A60012343
:1028D00093408B60484601F087F9D9F81C300022FC
:1028E0001A60B7F10008B5BF0123002323602360FD
:1028F0009F4BBCBF28F00048CDF83C8033EA08036A
:102900001AD1139AC8F3130842F20F7358EA060853
:10291000136000F06C85239B53B9964B21E0964BD6
:1029200000930833239A1360009819B0BDE8F08F24
:10293000904B00930333F5E79DED0E7B002251ECA5
:10294000170B00238DED067BEEF7CEF8824650B1D3
:10295000139A01231360239B13B1239A874B1360AF
:10296000874B0093E0E79DED060B16AA17A9484692
:1029700001F02CFC5FEA1854169D019079D0079B5A
:10298000CDF850A0C3F31303DDE9060143F07F53F4
:1029900043F44013A4F2FF3419460022794BEDF7BB
:1029A00083FC6BA3D3E90023EDF736FE6AA3D3E9DA
:1029B0000023EDF77BFC064620460F46EDF7C2FDEF
:1029C00067A3D3E90023EDF727FE02460B46304606
:1029D0003946EDF76BFC06460F46EEF7CDF80022C0
:1029E0008046002330463946EEF788F848B1404625
:1029F000EDF7A8FD32463B46EEF776F808B908F148
:102A0000FF38B8F1160F51D85F4B03EBC803D3E979
:102A10000023DDE90601EEF771F8002848D008F13F
:102A2000FF38002312932D1B6B1E089343BF002316
:102A3000C5F1010708930027B8F1000F3ADB089BA6
:102A4000CDF8348043440893002309930A9B092B53
:102A500064D8052BC4BF043B0A930A9BA3F102036D
:102A6000CCBF00240124032B64D8DFE803F05355C6
:102A7000362B179C2C4404F23243202BC1BFC3F1E8
:102A8000400308FA03F804F2124326FA03F3D6BF10
:102A9000C3F1200348EA030006FA03F0EDF742FD14
:102AA0000122A1F1F873013C149275E70123B9E703
:102AB0001290B8E7C8F1000309930023A7EB0807B9
:102AC0000D93C3E701230B930C9B43440593013300
:102AD000012B0493B8BF012306E001230B930C9B49
:102AE000002B2ADDCDE90433D9F81C000021042293
:102AF00002F114059D4201F1010623D941604846C7
:102B000001F034F80090002842D1204B024640F2F8
:102B1000AF11D0E60023E1E70023D4E7012400232E
:102B2000CDE90A344FF0FF33CDE9043300221223FC
:102B30000C92D9E701230B93F4E70123CDE9043389
:102B40001A46F5E752003146D2E700BFAFF30080E6
:102B500061436F63A787D23FB3C8608B288AC63FA3
:102B6000FB799F501344D33FD1600108E86001080E
:102B70000000F07FCD600108C4600108A160010879
:102B8000A06001080000F83F48630108496101089E
:102B9000D9F81C30009A1A60049B0E2B00F2A18019
:102BA000002C00F09E80B8F1000F36DD9E4B08F03F
:102BB0000F0203EBC20318F4807FD3E900AB4FEAA6
:102BC000281516D0994BDDE90601D3E90823EDF766
:102BD0004DFECDE9020105F00F050324934E75B9B2
:102BE000DDE9020152465B46EDF740FE82468B4628
:102BF0002DE09DED067B02248DED027BEEE7E907DB
:102C000008D550465946D6E90023EDF705FD0134B5
:102C100082468B466D100836E1E700F0AD80C8F1C2
:102C20000005814B814E05F00F0203EBC203D3E98F
:102C30000023DDE90601EDF7EFFC2D1182468B46FE
:102C400000230224002D40F08C80002BCED1129B5B
:102C5000002B00F09580764B002250465946EDF748
:102C60004DFF002800F08C80049B002B00F0888032
:102C7000059B002B35DD08F1FF3302935046594682
:102C80006C4B0022EDF7C8FC059E82468B46013452
:102C90002046EDF757FC52465B46EDF7BDFC664B10
:102CA0000022EDF703FB0446A1F15075CDE9104574
:102CB000002E69D1614B002250465946EDF7F4FAD7
:102CC00022462B4682468B46EDF736FF002840F021
:102CD0009482224605F1004350465946EDF70EFF17
:102CE00020BB179B002BC0F26081B8F10E0F00F3E0
:102CF0005C814D4B03EBC803D3E900AB0C9B002B6D
:102D000080F2EE80049B002B00F3EA800ED14B4B47
:102D1000002250465946EDF77FFC02460B46DDE99E
:102D20000601EDF7F5FE002800F06A8200252C462A
:102D30000C9B009EDB43029327460024294648460D
:102D400000F052FF002F00F0C1802CB1BC4203D034
:102D50002146484600F048FF3946484600F044FF07
:102D6000B4E0EA0705D5D6E90023EDF755FC0134B8
:102D700001236D10083665E7DDE906AB022466E73E
:102D8000049ECDF8088083E7274B03EBC60353E985
:102D900002010B9B002B55D002460B460020284910
:102DA000EDF764FDDDE91023EDF77EFA009BCDE938
:102DB00010019D191E4659465046EDF7DDFE0446AA
:102DC000EDF7C0FB02460B4650465946EDF76CFA4C
:102DD0003034DDE9102306F8014B82468B46EDF7CF
:102DE0008DFE002872D152465B4611490020EDF756
:102DF0005BFADDE91023EDF781FE002840F0B68094
:102E0000AE423FF46EAFDDE910010A4B0022EDF750
:102E100003FC084BCDE91001002250465946EDF75E
:102E2000FBFB82468B46C6E7486301082063010826
:102E30000000F03F0000244000001C40000014404F
:102E40000000E03FDDE91023EDF7E6FB009B009D6D
:102E5000CDE910013344159359465046EDF78CFEE9
:102E60000446EDF76FFB30340B4602465946504698
:102E7000EDF71AFA05F8014B159B9D4282468B46E9
:102E800027D1009B0022DDE910011E44B34BEDF772
:102E90000DFA02460B4650465946EDF74DFE002806
:102EA00064D1DDE91023AD490020EDF7FDF90246BC
:102EB0000B4650465946EDF721FE00283FF411AF6E
:102EC000334616F8012D302AFAD01E46DDF8088068
:102ED0003AE0A34B0022EDF79FFB82468B46BBE70F
:102EE000009E52465B46DDE90601EDF7BFFCEDF7BB
:102EF00043FE0746EDF726FB52465B46EDF78CFB9B
:102F000002460B46DDE90601EDF7CEF907F1300C7C
:102F1000009C06F801CBA6EB040C049C6445024619
:102F20000B4633D1EDF7C2F952465B4604460D46D7
:102F3000EDF702FEC0B952465B4620462946EDF742
:102F4000D3FD08B1FB070FD40199484600F04CFEB1
:102F50000023139A337008F101031360239B002BA5
:102F60003FF4E2AC1E60DFE4CDF8088033461E4635
:102F700013F8012D392A06D1009A9A42F7D1029A04
:102F800001320292302201321A709FE7744B002204
:102F9000EDF742FB02460B46CDE906230022002353
:102FA000EDF7A2FD00289CD0CEE70B9A002A00F096
:102FB000E3800A9A012A00F3C280149A002A00F0E2
:102FC000BA8003F23343099D3E46089A01211A4410
:102FD00048461F44089200F0BBFE044656B1089BC9
:102FE000002B07DDB342089AA8BF3346FF1AF61A32
:102FF000D31A0893099B0BB30B9B002B00F0C380E3
:10300000002D00F0BD8021462A46484600F060FFB2
:10301000019A01460446484600F0B0FE01998246F6
:10302000484600F0E1FD099B5B1B099300F0AE8070
:10303000099A5146484600F04BFF0190012148464D
:1030400000F086FE0D9B0546002B00F0D7811A4646
:103050000146484600F03CFF0A9B012B054600F361
:103060009D800E9B002B40F094800F9BC3F31303B5
:10307000002B40F08E800F9B23F000431B0D1B059F
:10308000002B00F08980089B0133013708934FF033
:10309000010A0D9B002B00F0B7812B6905EB830320
:1030A000186900F009FEC0F12000089B184410F0D8
:1030B0001F007ED0C0F12003042B72DD089BC0F1FD
:1030C0001C000344074406440893002F05DD0199C2
:1030D0003A46484600F058FF0190089B002B05DD5A
:1030E00029461A46484600F04FFF0546129B002B22
:1030F00061D00198294600F0B5FF00285BDA08F19D
:10310000FF330293019900230A22484600F08EFD06
:103110000B9B0190002B00F07981002321460A22AD
:10312000484600F083FD059B002B044672DC0A9B99
:10313000022B49DC6EE0169BC3F1360343E7049B88
:103140005D1E099BAB420DDB5D1B049B002BBFF694
:103150003BAF049BFE1A002337E700BF0000E03FAF
:1031600000002440099B0D9A0995EB1A1A440D9210
:10317000049B3E46002528E7099D0B9C3E462DE713
:10318000DDF804A054E7099A019953E7CDF804A0AB
:1031900054E74FF0000A7CE79A467AE74FF0000ABE
:1031A0007BE792D0089A1C331A441F441E440892AD
:1031B0008BE70346F6E7049BCDF80880002B23DC61
:1031C00005930A9B022B21DD059B002B7FF4B0ADFC
:1031D00029460522484600F029FD0146054601988A
:1031E00000F040FF00287FF7A3AD009E312306F8D2
:1031F000013B029B013302939EE535462C46F4E7E2
:10320000049DCDF80880F9E7049B05930B9B002BE8
:1032100000F00081002E05DD21463246484600F0D0
:10322000B3FE0446BAF1000F5AD06168484600F078
:103230009DFC064628B9824B024640F2EF21FFF77B
:103240003ABB22690232920004F10C010C30FFF704
:1032500083FA01223146484600F096FE0746009B5D
:10326000009A03F1010B059B134406930E9B03F098
:10327000010308930BF1FF33294601980493FFF7EC
:1032800079FA2146059000F1300A019800F0EAFE33
:103290003A4680462946484600F000FFC268064686
:1032A00002BB0146019800F0DDFE02463146484669
:1032B000099200F099FCDDE9092342EA0301089B29
:1032C00019435E4610D1BAF1390F2BD0B8F1000F77
:1032D00002DD059B03F1310A049B83F800A02DE574
:1032E0002746BCE70122E1E7B8F1000F06DB0A9BA5
:1032F00048EA0308089B58EA030820D1002AEBDDBE
:1033000001990122484600F03FFE2946019000F055
:10331000A9FE002803DCDFD11AF0010FDCD0BAF1DE
:10332000390FD6D1049A3923137033461E46013B18
:1033300016F8012C392A52D001321A70FEE4002A04
:1033400007DDBAF1390FEDD0049A0AF101031370C9
:10335000F4E4069B0BF801AC5B452AD001990023ED
:103360000A22484600F062FCBC4201904FF0000384
:103370004FF00A022146484606D100F057FC0446A9
:1033800007460BF1010B75E700F050FC3946044687
:1033900000230A22484600F049FC0746F1E7059B56
:1033A0005E1E002B009BD8BF00265A1C27461644E1
:1033B000002401990122484600F0E6FD29460190CB
:1033C00000F050FE0028B0DC02D11AF0010FACD1A1
:1033D00033461E4613F8012D302AFAD0AEE4009A87
:1033E0009A42A3D1029B013302933123AFE7239B7F
:1033F000002B7FF494AA134BFFF7B3BA0A9B012B5F
:103400007FF72FAEDDF834A001204EE6059B002BA0
:103410007FF7D7AE009E01982946FFF7ABF900F180
:10342000300A009B06F801ABF21A059B9342B6DD09
:10343000019900230A22484600F0F8FB0190EAE7D0
:1034400049610108C460010838B50546002941D02A
:1034500051F8043C0C1F002BB8BFE418FEF7CAFE5D
:103460001D4A136833B9636014602846BDE83840CC
:10347000FEF7C6BEA34208D9206821188B4201BFBF
:1034800019685B6809182160EDE71A465B680BB1A3
:10349000A342FAD911685018A0420BD12068014408
:1034A000501883421160E0D118685B68536008448B
:1034B0001060DAE702D90C232B60D6E720682118C8
:1034C0008B4204BF19685B68636004BF0918216000
:1034D0005460CAE738BD00BFE83B00202DE9F04743
:1034E0008E681F46BE4282460C469046334653D8ED
:1034F000B1F90C0010F4906F2BD06569236809694D
:1035000005EB4505A3EB010905EBD5757B1C6D109B
:103510004B44AB422A4684BF1D462A46430527D565
:1035200011465046FEF722FC064658B321694A462A
:10353000FFF712F9A38923F4906343F08003A3817A
:10354000266165614E44A5EB09052660A5603E46EF
:103550003B461F4620683A464146FFF71FF8A368DE
:103560009B1BA36023683B4423600020BDE8F087D9
:10357000504600F0C7FE06460028E1D121695046BA
:10358000FFF762FF0C23CAF80030A38943F0400321
:10359000A3814FF0FF30E9E73E46DBE72DE9F04F2E
:1035A00098468B891B069DB007460D46144610D5DC
:1035B0000B6973B94021FEF7D9FB2860286130B947
:1035C0000C233B604FF0FF301DB0BDE8F08F40236F
:1035D0006B610023099320238DF82930CDF80C80EE
:1035E0003023DFF89C818DF82A304FF00109234603
:1035F0009A4613F8012B0AB1252AF9D1BAEB040B2C
:103600000BD05B46224629463846FFF767FF01305C
:1036100000F0A780099A5A4409929AF80030002BCA
:1036200000F09F8000234FF0FF32CDE905230AF11F
:10363000010A049307938DF853301A9354460522D8
:1036400014F8011B4E48ECF7D3FD049AD8B9D00604
:1036500044BF20238DF85330110744BF2B238DF82E
:1036600053309AF800302A2B15D0079A5446002080
:103670004FF00A0C214611F8013B303B092B4BD986
:10368000B0B1079214E0A0EB080309FA03F3134367
:103690000493A246D2E7039B191D1B680391002BDC
:1036A000BBBF5B4242F0020207930793B8BF04928C
:1036B00023782E2B0AD163782A2B32D1039B1A1D33
:1036C0001B68039243EAE37302340593DFF8C0A05A
:1036D000217803225046ECF78BFD38B1049BA0EB18
:1036E0000A004022824013430134049314F8011B62
:1036F00024488DF828100622ECF77AFD002836D0F1
:10370000214B1BBB039B073323F0070308330393B1
:10371000099B334409936AE70CFB02320C460120F3
:10372000A8E700230134059319464FF00A0C204600
:1037300010F8012B303A092A03D9002BC6D0059185
:10374000C4E70CFB012104460123F0E703AB00931F
:103750002A460E4B04A93846FEF7AEF8421C064630
:10376000D6D1AB895B063FF52DAF09982CE703ABAB
:1037700000932A46054B04A93846FEF7E5FBEDE722
:103780005A61010864610108B9180108DD340108B3
:10379000606101089368013B002B10B4936008DA64
:1037A0009469A34201DB0A2903D15DF8044B00F0C0
:1037B000D7BD1368581C1060197008465DF8044B9B
:1037C0007047F8B506460F461446D518AC4201D1ED
:1037D000002007E014F8011B3A463046FFF7DAFFF5
:1037E000431CF3D1F8BD00002DE9F04F0D469DB00C
:1037F00014469846064618B1036A0BB9FEF794FDC5
:103800006B6ED90705D4AB899A0502D4A86DFEF773
:1038100094FFAB891B0701D52B699BB9294630461C
:1038200000F0DCFD70B16B6EDC0704D54FF0FF30AB
:103830001DB0BDE8F08FAB899805F7D4A86DFEF7F1
:103840007DFFF3E70023099320238DF82930CDF87D
:103850000C803023DFF8AC818DF82A304FF001095D
:1038600023469A4613F8012B0AB1252AF9D1BAEB5F
:10387000040B0BD05B46224629463046FFF7A1FFDA
:10388000013000F0A780099A5A4409929AF8003052
:10389000002B00F09F8000234FF0FF32CDE905237D
:1038A0000AF1010A049307938DF853301A93544692
:1038B000052214F8011B5348ECF79AFC049AD8B976
:1038C000D10644BF20238DF85330130744BF2B2368
:1038D0008DF853309AF800302A2B15D0079A5446A9
:1038E00000204FF00A0C214611F8013B303B092B18
:1038F0004BD9B0B1079214E0A0EB080309FA03F327
:1039000013430493A246D2E7039B191D1B6803913E
:10391000002BBBBF5B4242F0020207930793B8BF84
:10392000049223782E2B0AD163782A2B32D1039B61
:103930001A1D1B68039243EAE37302340593DFF810
:10394000D4A0217803225046ECF752FC38B1049BF6
:10395000A0EB0A004022824013430134049314F880
:10396000011B29488DF828100622ECF741FC00289D
:103970003FD0264B1BBB039B073323F007030833C1
:103980000393099B3B4409936AE70CFB02320C4604
:103990000120A8E700230134059319464FF00A0CD3
:1039A000204610F8012B303A092A03D9002BC6D043
:1039B0000591C4E70CFB012104460123F0E703ABAA
:1039C00000932A46124B04A93046FDF775FF0746BF
:1039D000781CD6D16B6ED90705D4AB899A0502D471
:1039E000A86DFEF7ABFEAB895B063FF51FAF0998EC
:1039F0001EE703AB00932A46054B04A93046FEF7A9
:103A0000A3FAE4E75A61010864610108B9180108E2
:103A1000C337010860610108B1F90C202DE9F041BC
:103A2000160705460C4651D44B68002B02DC0B6C84
:103A3000002B49DDE66A002E46D0002312F48052A6
:103A40002F682B6031D0626DA389590705D5636853
:103A5000D21A636B0BB1236CD21A0023E66A216A77
:103A60002846B047421CB4F90C3006D129681D29FC
:103A700046D8294ACA40D60742D500226260D904F6
:103A80002269226004D5421C01D12B6803B960650C
:103A9000616B2F60C1B104F14403994202D0284602
:103AA000FFF7D2FC002363630EE0216A012328465E
:103AB000B0470246501CC7D12B68002BC4D01D2B29
:103AC00001D0162B1AD12F6000201EE00F69002FA5
:103AD000FAD093070E6808BF4B690F6018BF002328
:103AE000A6EB07088B60B8F1000FEDDD216AA66A2E
:103AF00043463A462846B047002808DCB4F90C3063
:103B000043F04003A3814FF0FF30BDE8F08107444C
:103B1000A8EB0008E7E700BF0100402038B50B69BB
:103B200005460C4613B90025284638BD18B1036A6E
:103B30000BB9FEF7F9FBB4F90C30002BF3D0626E31
:103B4000D00704D4990502D4A06DFEF7F6FD2846EF
:103B50002146FFF761FF636EDA070546E4D4A389C7
:103B60009B05E1D4A06DFEF7E9FDDDE770B5C46902
:103B700005460E4684B91020FEF7C6F80446E861F3
:103B800028B90246164B17486B2100F041FD00236F
:103B9000C0E901330360C360E36853B92122042103
:103BA0002846FDF7D5FDEB69E060DB680BB9002026
:103BB00070BD53F8260030B1026843F82620002378
:103BC000C0E90333F4E7012101FA06F4621D920013
:103BD0002846FDF7BDFD0028E9D0C0E90164EEE705
:103BE000D16001086B61010870B5C66905460C46D5
:103BF00076B91020FEF788F80246E86120B9094B33
:103C000009488F2100F004FDC0E901660660C66026
:103C10003CB1EB696268DB6853F82210216043F81D
:103C2000224070BDD16001086B6101082DE9F041AF
:103C30000D6907460C461E4601F1140C0020DCF805
:103C4000003099B202FB01611E0C0B0C02FB063323
:103C500089B2013001EB034185424CF8041B4FEA65
:103C60001346ECDC0EB3A368AB4219DC616838463E
:103C70000131FFF77BFF804628B902460C4B0D4807
:103C8000BA2100F0C5FC2269023204F10C01920055
:103C90000C30FEF761FD21463846FFF7A5FF44468C
:103CA00004EB850301355E6125612046BDE8F081A6
:103CB000496101086B610108B0F5803F034636BFDA
:103CC000030400201020B3F1807F3CBF1B020830AA
:103CD000B3F1805F3CBF1B010430B3F1804F3CBFA8
:103CE0009B000230002B05DB13F0804F00F1010038
:103CF00008BF202070470368024613F007000BD06E
:103D0000D90721D4980749BF5B089B08012013609D
:103D10005CBF13600220704799B209B91B0C1020D8
:103D2000D9B209B908301B0A190704BF1B090430AE
:103D3000990704BF9B080230D90703D45B0800F140
:103D4000010003D0136070470020704720207047A7
:103D500010B50C460121FFF709FF024628B9054BB3
:103D6000054840F2451100F053FC01234461036112
:103D700010BD00BF496101086B6101082DE9F04FDA
:103D8000D1F81090D2F810A0D14585B088461446DD
:103D900004DB53460C46CA4690469946A3686168C0
:103DA0000AEB0906B342B8BF0131FFF7DFFE30B9B5
:103DB0000246454B45484FF4B17100F029FC00F133
:103DC000140505EB86072B460022BB421FD304F1E6
:103DD000140C08F114010CEB8A0301EB8902029226
:103DE0001A1B153A22F0030215349C4288BF0022A8
:103DF0000192029A03918A420CD8002E03DD57F8F3
:103E0000043D002B5DD0066105B0BDE8F08F43F89E
:103E1000042BDAE7B1F800A0BAF1000F24D0E04695
:103E2000A9464FF0000E58F8042BD9F800401FFAAD
:103E300082FBA4B20AFB0B444FEA124BD9F80020D4
:103E400074444FEA124E0AFB0BE202EB1442A4B296
:103E500044EA0244434549F8044B4FEA124EE2D883
:103E6000019AAA18C2F804E0039AB2F80280043159
:103E7000B8F1000F23D02A68E6469146AA464FF0D3
:103E8000000BBEF8004008FB04B404EB194492B2E6
:103E900042EA04424AF8042B5EF8042BDAF8009058
:103EA0004FEA124B1FFA89F208FB0B2202EB144275
:103EB00073454FEA124BE4D8019C2C19626004351B
:103EC00097E7013E99E700BF496101086B6101086E
:103ED0002DE9F843174612F0030280460D4607D03D
:103EE000264C013A002354F82220FFF79FFE054696
:103EF000BF103FD0D8F81C4094B91020FDF704FF44
:103F00000446C8F81C0030B902461D4B1D4840F25B
:103F1000B31100F07DFB0023C0E901330360C360EF
:103F2000A66846B940F271214046FFF711FF002311
:103F3000A060064603602C464FF0000907F001031D
:103F40007F1053B1294632464046FFF717FF2146FE
:103F500005464046FFF748FE67B1306838B932463B
:103F600031464046FFF70AFF3060C0F80090064631
:103F70002C46E3E72846BDE8F88300BF1463010838
:103F8000D16001086B6101082DE9F84F0C464968C2
:103F9000236903EB6218A368074615464FEA621AC5
:103FA00008F101094B450BDB3846FFF7DFFD0646FC
:103FB00048B90246294B2A484FF4EF7100F028FB1C
:103FC00001315B00EEE7002300F1140C00F1100258
:103FD0001946534535DB22692AEAEA7A0CEB8A0C4A
:103FE00004F1140315F01F0E614603EB82022CD07E
:103FF000CEF1200A002518688B4600FA0EF02843FF
:10400000CBF8000053F8045B9A4201F1040125FA51
:104010000AF5F0D8131B153B23F0030304F1150137
:104020008A4238BF00239C44CCF8045005B9C146ED
:104030003846C6F810902146FFF7D6FD3046BDE859
:10404000F88F42F8041F0133C3E753F8045B0D6097
:104050009A4201F10401F8D8E9E700BF496101087B
:104060006B6101080A6903460069801A30B50ED1F8
:104070001433143103EB820401EB820154F8045D24
:1040800051F8042D954203D005D24FF0FF3030BDDA
:10409000A342F3D3FBE70120F9E700002DE9F74F36
:1040A0008A460646114650461446FFF7DBFF051EBA
:1040B00012D129463046FFF759FD024628B9414B37
:1040C00040F23721404800F0A3FA0123C0E904354B
:1040D000104603B0BDE8F08FBCBF5346A246304641
:1040E000DAF80410BABF1C4601250025FFF73EFD93
:1040F000024618B9334B40F24521E3E7DAF8107075
:104100002669C5600AF1140904F1140E00F11405C2
:104110000AF1100309EB87080EEB86060193AB4604
:104120004FF0000C019B5EF8040B53F804AF0193B1
:104130001FFA8AF3194683B2CB1A000C6344C0EB12
:104140001A4000EB23409BB243EA004376454BF80C
:10415000043B4FEA204CE5D8331B153B153423F0C4
:104160000303A64238BF0023E8184B441C1D04304B
:104170002646A5EB0905464506EB050E0ED308F1CC
:104180000301091B21F003010133984538BF0021C9
:10419000014451F8043D9BB1176199E756F8041B9F
:1041A000E2464FEA11491CFA81FC514409EB2C49C3
:1041B00089B241EA09414FEA294CCEF80010DAE70A
:1041C000013FE6E7496101086B6101082DE9F7430A
:1041D0000F46012159EC108B1646FFF7C7FC044629
:1041E00030B90246234B244840F20F3100F010FA58
:1041F000C9F30A55C9F313030DB143F480130193B6
:10420000B8F1000323D068460093FFF774FD0099CE
:10421000D8B1019AC0F1200302FA03F30B43C24064
:1042200063610192019BA361002B0CBF012202225A
:104230002261A5B1A5F2334505443D60C0F13500CA
:104240003060204603B0BDE8F0836161EAE701A871
:10425000FFF751FD019B636120300122E8E704EB89
:104260008203A0F2324038601869FFF725FDC0EBE9
:104270004210E5E7496101086B61010810B50C4681
:10428000B1F90E1000F07EF90028ABBF636DA38971
:104290001B1823F48053ACBF6365A38110BD2DE9C7
:1042A000F0411F468B89DB0505460C46164605D5B1
:1042B000B1F90E100223002200F052F9A389B4F9DB
:1042C0000E1023F48053A38132463B462846BDE8B6
:1042D000F04100F069B910B50C46B1F90E1000F0CC
:1042E0003FF9B4F90C30421C0BBF23F4805343F464
:1042F0008053A381A38118BF606510BDB1F90E1072
:1043000000F064B92DE9F041074614460D4621B985
:10431000BDE8F0411146FDF729BD2AB9FFF794F831
:1043200025462846BDE8F08100F0A2F98442064601
:1043300002D8B4EB500FF4D821463846FDF716FDED
:10434000804608B94546ECE7B4422246294628BFD4
:104350003246FEF701FA29463846FFF775F8F1E7CD
:10436000F8B50E461446054618B1036A0BB9FDF7B9
:10437000DBFFA369A360A3891A0701D5236943B9A9
:104380002146284600F02AF818B14FF0FF3738468A
:10439000F8BD23682269981A6369F6B283423746EA
:1043A00005DC21462846FFF7B9FB0028EDD1A368BC
:1043B000013BA36023685A1C22601E706269431C83
:1043C0009A4204D0A389DB07E1D50A2EDFD121462A
:1043D0002846FFF7A3FB0028D9D0D6E738B5284BED
:1043E000054618680C4618B1036A0BB9FDF79CFF27
:1043F000B4F90C301A0721D4D80607D409222A6050
:1044000043F04003A3814FF0FF3030E0590712D54D
:10441000616B41B104F14403994202D02846FFF791
:1044200013F8002363630022B4F90C306260226940
:10443000226023F0240343F00803A38122693AB9E0
:104440009A0501D5180603D52146284600F03EF806
:10445000B4F90C3013F001020AD00022A2606269A4
:104460005242A261226942B913F08000C8D138BD1E
:10447000990758BF6269A260F4E70020F7E700BF20
:104480004801002070B50C46B1F90E10002996B015
:1044900015461E460ADAA18911F0800113D14FF4A6
:1044A0008062002031602A6016B070BD6A4600F05C
:1044B0009DF80028EFDB019901F47041A1F500534C
:1044C00059425941EBE700214022EAE78B8973B555
:1044D0009E0705460C4607D504F147032360236178
:1044E0000123636102B070BD01AB6A46FFF7CAFFEA
:1044F000009E28463146FDF739FCB4F90C3038B936
:104500009A05EFD423F0030343F00203A381E3E70A
:1045100043F08003A381019B2060C4E90406002BC3
:10452000E0D0B4F90E10284600F00AF80028D9D0DF
:10453000A38923F0030343F00103A381D2E7000022
:1045400038B5064D0023044608462B60EFF760FCA3
:10455000431C02D12B6803B1236038BD2C3D0020E1
:1045600038B5074D04460846114600222A601A460F
:10457000EFF750FC431C02D12B6803B1236038BD18
:104580002C3D002038B5074D044608461146002250
:104590002A601A46EFF716FC431C02D12B6803B1C0
:1045A000236038BD2C3D002038B5074D0446084631
:1045B000114600222A601A46EFF714FC431C02D170
:1045C0002B6803B1236038BD2C3D002038B5064D63
:1045D0000023044608462B60EFF712FC431C02D16F
:1045E0002B6803B1236038BD2C3D002038B5074D42
:1045F00000230446084611462B60EFF704FC431CD9
:1046000002D12B6803B1236038BD00BF2C3D0020D0
:104610001FB514461A46094B1B680546D8684CB1AD
:10462000074B0091CDE9013406492B4600F028F8EC
:10463000FDF77AF8044B1C46F3E700BF4801002061
:10464000D7610108E46101081262010882B001B972
:1046500001A942B14BB113780B601278101E18BF3C
:10466000012002B070471046FBE76FF00100F8E749
:1046700051F8043C181F002BBCBF0B58C0187047E2
:104680000EB403B5014603AB054853F8042B00688C
:104690000193FFF7A9F802B05DF804EB03B070478F
:1046A000480100200346084641B1FF2A04D98A2266
:1046B0001A604FF0FF3070470A7001207047000009
:1046C0002DE9F047089D0F4604468C46002B48D143
:1046D0008A42164661D9B2FA82F34BB1C3F1200285
:1046E00001FA03FC20FA02F29E4042EA0C0C9C40C4
:1046F0004FEA164EB7B2BCFBFEF1220C0EFB11CCFA
:1047000042EA0C4201FB07F0904209D9B21801F1CC
:10471000FF3C80F0EE80904240F2EB800239324460
:10472000121AA4B2B2FBFEF00EFB102244EA0244BD
:1047300000FB07F7A74209D9341900F1FF3280F0D6
:10474000DA80A74240F2D7803444023840EA014080
:10475000E41B00211DB1DC400023C5E90043BDE896
:10476000F0878B4206D90DB1C5E90001002108464A
:10477000BDE8F087B3FA83F1002948D1BB4202D3E8
:10478000824200F20781841A67EB030201209446FB
:10479000002DE4D0C5E9004CE1E7002A00F092804A
:1047A000B2FA82F3002B40F0A8808A1A4FEA164E24
:1047B0001FFA86FC0121200CB2FBFEF70EFB17222C
:1047C00040EA02420CFB07F0904207D9B21807F109
:1047D000FF3802D2904200F2E2804746121AA4B299
:1047E000B2FBFEF00EFB102244EA02440CFB00FC7C
:1047F000A44507D9341900F1FF3202D2A44500F2D2
:10480000CB801046A4EB0C0440EA0740A2E7C1F1BC
:1048100020068B4022FA06FC4CEA030C07FA01F44E
:1048200020FA06F3F7404FEA1C49234300FA01F847
:104830001FFA8CFEB7FBF9F01C0C09FB107744EA59
:10484000074400FB0EF7A74202FA01F20AD91CEB5B
:10485000040400F1FF3A80F09B80A74240F2988068
:1048600002386444E41B9FB2B4FBF9F309FB134420
:1048700047EA044403FB0EFEA64509D91CEB0404D9
:1048800003F1FF3780F08280A6457FD9023B644464
:1048900043EA0040A4EB0E04A0FB02E7BC427346CF
:1048A000B94663D360D05DB1B8EB030264EB090491
:1048B00004FA06F622FA01F31E43CC40C5E900646F
:1048C00000214CE76208480842EAC1710B0C43EA38
:1048D00000438AB242EA0342B3FBF6F1E407B4466E
:1048E0003746B6461F23B0FBF6F0D21B41EA004123
:1048F00061E7614614E7104628E7C3F1200120FA7A
:1049000001F29E4027FA01F19F403A434FEA164ECA
:104910001FFA86FCB1FBFEF70EFB1710110C41EAE3
:10492000004107FB0CF8884504FA03F43AD97118E2
:1049300007F1FF3001D288451FD8A1EB0801B1FB78
:10494000FEF808FB0CF70EFB181192B242EA014286
:10495000BA422FD2B21808F1FF31C6D2BA42C4D23D
:10496000A8F102013244C0E7F0459CD2BEEB02033D
:1049700067EB0C070138B94695E7A6EB08084144F8
:10498000B81EB1FBFEF808FB0CF7DCE73B467FE7FF
:10499000504667E70846FBE63444023832E7023FF8
:1049A00032441BE7A1EB08013846B1FBFEF808FBD7
:1049B0000CF7C8E7414698E7F8B500BFF8BC08BC5B
:1049C0009E467047F8B500BFF8BC08BC9E467047CD
:1049D000C04F0108CC4F0108E44F0108FC4F01080B
:1049E0001450010834500108505001086850010863
:1049F000845001089C500108B8500108CC500108AF
:104A0000E0500108FC50010810510108285101082C
:104A1000445101085374617274696E6720506F7756
:104A2000657220446F776E2053657175656E63659E
:104A30002E2E2E0D0A000000506F77657220446FF5
:104A4000776E2053657175656E636520436F6D7079
:104A50006C657465640D0A00496E697469616C69FE
:104A60007A696E67204265616D204D617472696379
:104A700065732E2E2E0D0A004265616D204D617406
:104A8000726963657320496E697469616C697A65DE
:104A9000640D0A005374617274696E672052414458
:104AA00041522053657175656E6365202325640D41
:104AB0000A00000052414441522053657175656EF1
:104AC00063652023256420436F6D706C6574656495
:104AD0000D0A00004144415231303030202325641A
:104AE0003A204F4B2C2054656D706572617475725D
:104AF000653A20252E3166430D0A0000414441529B
:104B000031303030202325643A20434F4D4D554EEF
:104B100049434154494F4E204552524F520D0A00CD
:104B20004265616D204D617472696365733A20332B
:104B30003120706F736974696F6E732C2025642047
:104B40006368697270732F706F736974696F6E0D2B
:104B50000A000000417474656D7074696E6720729C
:104B600065636F766572792066726F6D206572720B
:104B70006F723A2025640D0A000000005265636FD1
:104B80007665727920617474656D707420636F6DE1
:104B9000706C657465642E0D0A0000004552524F1A
:104BA00052202325643A2025732028436F756E74A4
:104BB0003A20256C75290D0A000000004352495423
:104BC0004943414C204552524F522120496E69744D
:104BD000696174696E6720656D657267656E63797A
:104BE0002073687574646F776E2E0D0A00000000E4
:104BF0004C4F434B45440000554E4C4F434B4544AE
:104C000000000000454D455247454E43595F5354FF
:104C10004F507C004E4F524D414C7C004C617374A0
:104C20004572726F723A25647C4572726F72436F7F
:104C3000756E743A256C757C00000000494D553A3C
:104C4000252E31662C252E31662C252E31667C478B
:104C500050533A252E36662C252E36667C414C5410
:104C60003A252E31667C00004C4F5F54583A25732C
:104C70007C4C4F5F52583A25737C000054313A25E2
:104C80002E31667C54323A252E31667C54333A25D7
:104C90002E31667C54343A252E31667C54353A25C3
:104CA0002E31667C54363A252E31667C54373A25AF
:104CB0002E31667C54383A252E31667C0000000087
:104CC00050415F41766743757272656E743A252E66
:104CD00032667C50415F456E61626C65643A256462
:104CE0007C0000004265616D506F733A25647C4121
:104CF0007A696D7574683A25647C4368697270439B
:104D00006F756E743A25647C0000000053797374EB
:104D1000656D205374617475733A20005374617229
:104D200074696E6720506F776572205570205365E7
:104D30007175656E63652E2E2E0D0A00506F7765B6
:104D4000722055702053657175656E636520436FE1
:104D50006D706C6574656420537563636573736609
:104D6000756C6C790D0A00004552524F523A204141
:104D70004454523131303720706F7765722073653B
:104D80007175656E6365206661696C6564210D0AE5
:104D9000000000004552524F523A204144415231E6
:104DA00030303020696E697469616C697A61746948
:104DB0006F6E206661696C6564210D0A0000000059
:104DC0005741524E494E473A2053797374656D20CE
:104DD00063616C6962726174696F6E206973737567
:104DE00065730D0A000000005374617274696E6788
:104DF000204144463433383241205261646172208C
:104E00004C4F2053797374656D2E2E2E00000000D8
:104E10005573696E67205350493420776974682050
:104E200054494D45442053594E4348524F4E495AD8
:104E30004154494F4E20283630204D487A20636C2B
:104E40006F636B73290000004C4F204D616E6167EA
:104E5000657220696E697469616C697A6174696FE1
:104E60006E206661696C65643A2025640A00000062
:104E7000496E697469616C204C6F636B2053746177
:104E8000747573202D2054583A2025732C205258C5
:104E90003A2025730A00000057616974696E672023
:104EA000666F72204C4F206C6F636B2E2E2E205439
:104EB000583A2025732C2052583A2025730A0000B6
:104EC000426F7468204C4F73206C6F636B65642075
:104ED0007375636365737366756C6C79210000008C
:104EE00053796E6368726F6E697A6174696F6E2050
:104EF0007265616479202D203630204D487A206318
:104F00006C6F636B73206F6E2053594E43502F5359
:104F1000594E434E2070696E730000004C4F206C58
:104F20006F636B2074696D656F7574212054583AF6
:104F30002025732C2052583A2025730A00000000C7
:104F40004C4F204C6F636B204C6F7374212054586E
:104F50003A2025732C2052583A2025730A0000006D
:104F60005374617274696E67205068617365642060
:104F700041727261792052414441522053797374D5
:104F8000656D2E2E2E0D0A0053595354454D204960
:104F90004E2053414645204D4F4445202D204D6124
:104FA0006E75616C20696E74657276656E74696F7A
:104FB0006E2072657175697265640D0A00000000EB
:104FC0004E6F206572726F720000000041443935E7
:104FD000323320436C6F636B206661696C75726558
:104FE0000000000041444634333832205458204CED
:104FF0004F20756E6C6F636B6564000041444634EE
:10500000333832205258204C4F20756E6C6F636BD2
:1050100065640000414441523130303020636F6D8F
:105020006D756E69636174696F6E206572726F72FF
:105030000000000041444152313030302074656D31
:105040007065726174757265206869676800000038
:10505000494D5520636F6D6D756E69636174696F3D
:105060006E206572726F7200424D5031383020638D
:105070006F6D6D756E69636174696F6E20657272B4
:105080006F72000047505320636F6D6D756E6963DA
:105090006174696F6E206C6F73740000524620500B
:1050A00041206F76657263757272656E74206465F7
:1050B0007465637465640000524620504120626943
:1050C0006173206661756C74000000005374657034
:1050D000706572206D6F746F72206661756C7400FC
:1050E0004650474120636F6D6D756E6963617469E9
:1050F0006F6E206572726F7200000000506F7765EE
:105100007220737570706C79206661756C74000024
:1051100053797374656D2074656D70657261747513
:1051200072652068696768004D656D6F72792061EE
:105130006C6C6F636174696F6E206661696C656425
:10514000000000005761746368646F672074696DC4
:10515000656F75740000000041455249532D313090
:1051600020526164617220436F6E74726F6C6C6563
:105170007220434443202842455441290000000046
:1051800041455249532D31302028504C4143454828
:105190004F4C44455229000043444320436F6E6600
:1051A0006967000043444320496E74657266616319
:1051B0006500000053455400454E4400537461722D
:1051C00074696E6720414454523131303720506F3A
:1051D0007765722053657175656E63652E2E2E0D91
:1051E0000A000000414454523131303720706F774B
:1051F00065722073657175656E636520636F6D7090
:105200006C657465642E0D0A000000007665637499
:105210006F723A3A5F4D5F7265616C6C6F635F618C
:105220007070656E64000000504E41424C000000FA
:10523000524D4300474741004144393532333A200B
:1052400056434F2063616C6962726174696F6E20AE
:105250006661696C65642028252330366C782921C5
:105260000A0000004144393532333A205643584F42
:1052700020737461747573206572726F7273202865
:10528000252330366C7829210A0000004144393545
:1052900032333A20504C4C32204E4F54206C6F63C6
:1052A0006B65642028252330366C7829210A00009C
:1052B0004144393532333A2053504920777269746A
:1052C000652D766572696679206661696C65642012
:1052D00028252330366C5829210A0D002F55736577
:1052E00072732F766F69642F504C464D5F52414464
:1052F00041522F626574612F73746D33322F4C49A4
:10530000422F616466343338322E63004552523A7C
:105310002025733A25643A257328293A2056434FAD
:1053200020697320300A000053657474696E672029
:1053300075702054696D65642053796E6368726F6F
:105340006E697A6174696F6E20283630204D487A14
:105350002053594E43502F53594E434E292E2E2E33
:105360000000000054582074696D65642073796EE4
:1053700063207365747570206661696C65643A209A
:1053800025640A0052582074696D65642073796E33
:1053900063207365747570206661696C65643A207A
:1053A00025640A0054696D65642073796E636872C0
:1053B0006F6E697A6174696F6E20636F6E6669677C
:1053C0007572656420666F72203630204D487A20F1
:1053D00053594E43502F53594E434E0053657474E6
:1053E000696E6720757020455A53796E6320285383
:1053F00050492D62617365642073796E6368726FC2
:105400006E697A6174696F6E292E2E2E000000007D
:10541000545820455A53796E632073657475702013
:105420006661696C65643A2025640A00525820451B
:105430005A53796E63207365747570206661696C68
:1054400065643A2025640A00455A53796E632063E7
:105450006F6E6669677572656400000054494D455A
:1054600044000000455A53594E430000496E697488
:1054700069616C697A696E672054582041444634EA
:1054800033383241202831302E352047487A2920C0
:105490006F6E20535049342E2E2E00005458204158
:1054A0004446343338324120696E697469616C69ED
:1054B0007A6174696F6E206661696C65643A202553
:1054C000640A0000496E697469616C697A696E6783
:1054D000205258204144463433383241202831305C
:1054E0002E33382047487A29206F6E205350493494
:1054F0002E2E2E005258204144463433383241205B
:10550000696E697469616C697A6174696F6E20662D
:1055100061696C65643A2025640A000054696D6510
:10552000642073796E632073657475702066616999
:105530006C65643A2025640A00000000455A5379DE
:105540006E63207365747570206661696C65643A7A
:105550002025640A000000004144463433383241BB
:10556000204D616E6167657220696E697469616C56
:10557000697A656420776974682025732073796E71
:105580006368726F6E697A6174696F6E206F6E20E6
:10559000535049340A00000054696D6564207379E2
:1055A0006E63207265616479202D2053594E43202B
:1055B00070696E2077696C6C2074726967676572B8
:1055C0002073796E6368726F6E697A6174696F6E49
:1055D00000000000456E73757265203630204D481E
:1055E0007A2070686173652D616C69676E656420EF
:1055F000636C6F636B732061726520707265736595
:105600006E74206F6E2053594E43502F53594E43A2
:105610004E2070696E7300005458206C6F636B20CD
:105620007374617475732072656164206661696C5E
:1056300065643A2025640A005258206C6F636B2021
:105640007374617475732072656164206661696C3E
:1056500065643A2025640A004465766963652025FF
:10566000642044454C41444A206475747920637930
:10567000636C652073657420746F2025642F256426
:105680000A000000506861736520736869667420C1
:105690007365743A2054583D25642070732C205251
:1056A000583D25642070730A000000004465766947
:1056B000636520256420706861736520736869667E
:1056C00074207374726F6265640A000000002043E6
:1056D0000000A042FE54554200002042000000425B
:1056E0000456D54123DBB6410000A04158398E4114
:1056F0000000804152B86841F853554191ED444152
:105700002FDD364108AC2A410000000008AC2AC158
:105710002FDD36C191ED44C1F85355C152B868C16F
:10572000000080C158398EC10000A0C123DBB6C182
:105730000456D5C1000000C2000020C2FE5455C26C
:105740000000A0C2000020C300000000010203040A
:105750000000000000000000010203040607080921
:105760000000000000000000000000000000000039
:105770000000000000000000000000000000000029
:105780000000000000000000000000000000000019
:105790000000000000000000000000000000000009
:1057A00000000000000000000000000000000000F9
:1057B00000000000000000000000000000000000E9
:1057C00000000000000000000000000000000000D9
:1057D00000000000000000000000000000000000C9
:1057E00000000000000000000000000000000000B9
:1057F00000000000000000000000000000000000A9
:105800000000000000000000000000000000000098
:105810000000000000000000000000000000000088
:105820000000000000000000000000000000000078
:105830000000000000000000000000000000000068
:105840000000000000000000000000000000000058
:105850000000000000000000000000000000000048
:1058600000000240010000000000024002000000B1
:105870000000024004000000000002400800000098
:10588000616466343338325F7365745F6672657164
:1058900000000000BC020000840300004C04000073
:1058A00014050000780500000807000098080000B3
:1058B000C4090000540B0000100E0000CC100000C2
:1058C00088130000A8160000201C0000982100008A
:1058D0005C2B0000000018000A00A5000002000078
:1058E00001020000020200000302000003020000A7
:1058F000030200000001250001013F0002013F00FA
:1059000003013F0004013F0005013F0006013F0085
:1059100007013F0008013F00090125000A01250099
:105920000B013F000C013F000D013F000E013F0045
:105930000F013F0010013F0011013F005400000023
:1059400053004500520000005100000050000000CC
:105950004F0008004E0006004D0000004C002B00D8
:105960004B005D004A0000004800000047000000B6
:10597000460000004500520044002E004300B800DD
:105980004200010041000000400000003F00820092
:105990003E004E003D0000003C0000003B000000C7
:1059A0003A00FA003900000038007C003700CA00D5
:1059B0003600C0003500000034003600330000001F
:1059C000320040003100630030000F002F003F0024
:1059D0002E0000002D00F1002C000E002B00010015
:1059E0002A00300029000900280000002700F000EC
:1059F0002600000025000100240001002300000013
:105A000022000000210000002000C1001F000F0044
:105A10001E0020001D0000001C0000001B000000F4
:105A20001A00000019000000180000001700000014
:105A3000160000001500060014000000130000000E
:105A400012000000110000001000500000000000D3
:105A500008000000100000001800000020000000F6
:105A600028000000300000003800000049850008D0
:105A7000C5840008000000000000000000000000D5
:105A8000A98400080000000000140240800000000B
:105A9000001802400040000000180240000400000E
:105AA00000000080DB0F4940DB0F49C0DB0F49BF1E
:105AB000E4CB1640E4CB16C059F3F8C21F6EA50123
:105AC000000000000000F03FFB21F93FFB210940EE
:105AD0007CD91240FB2119407A6A1F407CD92240B0
:105AE000BBFD2540FB2129403A462C407A6A2F40D5
:105AF0005C4731407CD932409C6B3440BBFD354023
:105B0000DB8F3740FB2139401BB43A403A463C40DA
:105B10005AD83D407A6A3F404C7E40405C47414005
:105B20006C1042407CD942408CA243409C6B444064
:105B3000AC344540BBFD4540CBC64640DB8F4740BB
:105B4000EB584840FB21494083F9A200444E6E00C7
:105B5000FC291500D1572700DD34F50062DBC000B9
:105B60003C999500419043006351FE00BBDEAB00C1
:105B7000B761C5003A6E2400D24D42004906E000EC
:105B800009EA2E001C92D100EB1DFE0029B11C0079
:105B9000E83EA700F535820044BB2E009CE9840056
:105BA000B4267000417E5F00D691390053833900DE
:105BB0009CF439008B5F840028F9BD00F81F3B007E
:105BC000DEFF97000F980500112FEF000A5A8B0097
:105BD0006D1F6D00CF7E360009CB2700464FB70002
:105BE0009E663F002DEA5F00BA277500E5EBC7000F
:105BF0003D7BF100F739070092528A00FB6BEA0007
:105C00001FB15F00085D8D00300356007BFC46002D
:105C1000F0AB6B0020BCCF0036F49A00E3A91D0066
:105C20005E619100081BE60085996500A0145F0085
:105C30008D40680080D8FF0027734D0006063100B4
:105C4000CA561500C9A873007BE260006B8CC000C7
:105C5000000FC93F000F494000CB9640000FC940DC
:105C60000053FB4000CB164100ED2F41000F49418E
:105C70000031624100537B41003A8A4100CB96419A
:105C8000005CA34100EDAF41007EBC41000FC94163
:105C900000A0D5410031E24100C2EE410053FB417A
:105CA00000F20342003A0A420083104200CB16423F
:105CB00000141D42005C234200A5294200ED2F4242
:105CC00000363642007E3C4200C74242000F494245
:105CD000A2000000F9000000830000006E00000038
:105CE0004E000000440000001500000029000000E4
:105CF000FC0000002700000057000000D100000059
:105D0000F500000034000000DD000000C0000000CD
:105D1000DB00000062000000950000009900000018
:105D20003C00000043000000900000004100000023
:105D3000FE0000005100000063000000AB00000006
:105D4000DE000000BB000000C50000006100000094
:105D5000B7000000240000006E0000003A000000C0
:105D6000420000004D000000D2000000E0000000F2
:105D700006000000490000002E000000EA000000BC
:105D800009000000D1000000920000001C0000008B
:105D9000FE0000001D000000EB0000001C000000E1
:105DA000B100000029000000A70000003E00000034
:105DB000E80000008200000035000000F50000004F
:105DC0002E000000BB000000440000008400000022
:105DD000E90000009C0000007000000026000000A8
:105DE000B40000005F0000007E00000041000000E1
:105DF0003900000091000000D600000039000000CA
:105E0000830000005300000039000000F40000008F
:105E10009C000000840000005F0000008B00000078
:105E2000BD000000F9000000280000003B00000059
:105E30001F000000F800000097000000FF000000B5
:105E4000DE00000005000000980000000F000000C8
:105E5000EF0000002F000000110000008B00000088
:105E60005A0000000A0000006D0000001F00000042
:105E70006D000000360000007E000000CF00000032
:105E800027000000CB00000009000000B700000060
:105E90004F000000460000003F00000066000000C8
:105EA0009E0000005F000000EA0000002D000000DE
:105EB0007500000027000000BA000000C7000000C5
:105EC000EB000000E5000000F10000007B00000096
:105ED0003D0000000700000039000000F70000004E
:105EE0008A0000005200000092000000EA0000005A
:105EF0006B000000FB0000005F000000B10000002C
:105F00001F0000008D0000005D0000000800000080
:105F100056000000030000003000000046000000B2
:105F2000FC0000007B0000006B000000AB000000E4
:105F3000F0000000CF000000BC00000020000000C6
:105F40009A000000F4000000360000001D00000070
:105F5000A9000000E30000009100000061000000C3
:105F60005E000000E60000001B00000008000000CA
:105F70006500000099000000850000005F0000003F
:105F800014000000A00000006800000040000000B5
:105F90008D000000FF000000D8000000800000001D
:105FA0004D000000730000002700000031000000D9
:105FB000060000000600000015000000560000006A
:105FC000CA00000073000000A8000000C900000023
:105FD00060000000E20000007B000000C000000044
:105FE0008C0000006B00000000000040FB21F93F26
:105FF000000000002D44743E000000809846F83CEC
:106000000000006051CC783B00000080831BF03919
:106010000000004020257A38000000802282E3360C
:10602000000000001DF369350200000003000000BD
:1060300004000000060000006937AC3168212233FB
:10604000B40F14336821A2333863ED3EDA0F493FB1
:106050005E987B3FDA0FC93F0000C93F0000F0396E
:106060000000DA370000A2330000842E0000502B1D
:106070000000C2270000D0220000C41F0000C61B81
:1060800000004417040000000700000009000000A1
:10609000494E4600696E66004E414E006E616E00CC
:1060A00030003031323334353637383941424344A9
:1060B0004546003031323334353637383961626322
:1060C00064656600496E66696E697479004E614E5A
:1060D000005245454E54206D616C6C6F63207375A2
:1060E00063636565646564002F566F6C756D6573D9
:1060F0002F646174612F6A656E6B696E732F776FA1
:10610000726B73706163652F474E552D746F6F6CA2
:10611000636861696E2F61726D2D31342F73726304
:106120002F6E65776C69622D63796777696E2F6E64
:1061300065776C69622F6C6962632F7374646C6934
:10614000622F64746F612E630042616C6C6F632018
:1061500073756363656564656400232D302B2000CF
:10616000686C4C00656667454647002F566F6C7536
:106170006D65732F646174612F6A656E6B696E73F0
:106180002F776F726B73706163652F474E552D7457
:106190006F6F6C636861696E2F61726D2D31342F82
:1061A0007372632F6E65776C69622D6379677769A7
:1061B0006E2F6E65776C69622F6C6962632F7374E2
:1061C000646C69622F6D707265632E6300430050CA
:1061D0004F534958002E002C2066756E6374696F0A
:1061E0006E3A2000617373657274696F6E202225A8
:1061F0007322206661696C65643A2066696C65206B
:10620000222573222C206C696E6520256425732558
:10621000730A000020202020202020202028282869
:10622000282820202020202020202020202020205E
:1062300020202020881010101010101010101010A6
:1062400010101010040404040404040404041010C6
:106250001010101010414141414141010101010163
:10626000010101010101010101010101010101100F
:106270001010101010424242424242020202020238
:1062800002020202020202020202020202020210E0
:1062900010101020000000000000000000000000AE
:1062A00000000000000000000000000000000000EE
:1062B00000000000000000000000000000000000DE
:1062C00000000000000000000000000000000000CE
:1062D00000000000000000000000000000000000BE
:1062E00000000000000000000000000000000000AE
:1062F000000000000000000000000000000000009E
:10630000000000000000000000000000000000008D
:106310000000000005000000190000007D000000E2
:106320000080E03779C34143176E05B5B5B8934691
:10633000F5F93FE9034F384D321D30F94877825A5D
:106340003CBF737FDD4F1575000000000000F03F7B
:106350000000000000002440000000000000594040
:106360000000000000408F40000000000088C34093
:1063700000000000006AF8400000000080842E4108
:1063800000000000D01263410000000084D7974154
:106390000000000065CDCD41000000205FA002425A
:1063A000000000E876483742000000A2941A6D42CF
:1063B000000040E59C30A2420000901EC4BCD642C2
:1063C00000003426F56B0C430080E03779C341436D
:1063D00000A0D8855734764300C84E676DC1AB43E3
:1063E000003D9160E458E143408CB5781DAF154401
:1063F00050EFE2D6E41A4B4492D54D06CFF08044DC
:10640000F64AE1C7022DB544B49DD9794378EA44F0
:08641000C09DFE7F01000000A9
:08641800050D0008093700081A
:08642000DD0C00081137000833
:106428007E0000000000484332010101F6281CBF2D
:106438000000803F000000800000803F00000080D6
:106448000000803F000020C10000C040000040C1A3
:106458001B2FDDBDE3A51BBDA69BC4BB0024F40018
:1064680000C20100000008008D3F0008093F000835
:106478000D3F0008693F0008653F00081A03000047
:106488000000000000000000000000000000000004
:1064980000000000000000000403090412010002CB
:1064A8000202004083044057000201020301000079
:1064B800E53F0008F13F0008AD40000891400008A2
:1064C8007D400008C9400008E540000801000000C0
:1064D8001000000009024300020100C03209040054
:1064E8000001020201000524001001052401000139
:1064F800042402020524060001070582030800108F
:1065080009040100020A000000070501024000001A
:106518000705810240000000ADDE000849DE0008E2
:1065280035DD0008000000005BDB0008B9DC00086E
:1065380081DC0008000000000000000000000000EE
:1065480039DC0008F1DB0008A9DB00089DDB000846
:106558000A060002000000400100000000000000E0
:1065680003000000EC3B00204C010020000000006C
:10657800EC3B0020543C0020BC3C00200000000004
:106588000000000000000000000000000000000003
:1065980000000000000000000000000000000000F3
:1065A80000000000000000000000000000000000E3
:1065B8000000000000000000430000000000000090
:1065C80000000000000000000000000000000000C3
:1065D8000000000000000000430000000000000070
:1065E80000000000000000000000000000000000A3
:1065F8000000000000000000430000000000000050
:106608000000000000000000000000000000000082
:10661800000000000000000043000000000000002F
:106628000000000000000000000000000000000062
:10663800000000000000000043000000000000000F
:106648000000000000000000000000000000000042
:1066580000000000000000004300000000000000EF
:106668000000000000000000000000000000000022
:1066780000000000000000004300000000000000CF
:106688000000000000000000000000000000000002
:106698000000000000000000A54601084D46010862
:1066A8000000000013620108D561010812620108A8
:1066B80012620108126201081262010812620108DE
:1066C80012620108126201081262010812620108CE
:1066D800FFFFFFFFFFFFFFFFFFFFFFFFFFFF0000C0
:1066E8000100415343494900000000000000000038
:1066F8000000000000000000000000000000000092
:106708000000415343494900000000000000000018
:106718000000000000000000000000000000000071
:04672800000000006D
:0400000508003E6150
:00000001FF
