ISO-10303-21;
HEADER;
FILE_DESCRIPTION(('FreeCAD Model'),'2;1');
FILE_NAME('Open CASCADE Shape Model','2026-10-09T14:31:32',('Author'),(
    ''),'Open CASCADE STEP processor 7.8','FreeCAD','Unknown');
FILE_SCHEMA(('AUTOMOTIVE_DESIGN { 1 0 10303 214 1 1 1 1 }'));
ENDSEC;
DATA;
#1 = APPLICATION_PROTOCOL_DEFINITION('international standard',
  'automotive_design',2000,#2);
#2 = APPLICATION_CONTEXT(
  'core data for automotive mechanical design processes');
#3 = SHAPE_DEFINITION_REPRESENTATION(#4,#10);
#4 = PRODUCT_DEFINITION_SHAPE('','',#5);
#5 = PRODUCT_DEFINITION('design','',#6,#9);
#6 = PRODUCT_DEFINITION_FORMATION('','',#7);
#7 = PRODUCT(
  'Front plate 2.5 mm Al with radome window opening and intake louvres',
  'Front plate 2.5 mm Al with radome window opening and intake louvres',
  '',(#8));
#8 = PRODUCT_CONTEXT('',#2,'mechanical');
#9 = PRODUCT_DEFINITION_CONTEXT('part definition',#2,'design');
#10 = ADVANCED_BREP_SHAPE_REPRESENTATION('',(#11,#15),#2675);
#11 = AXIS2_PLACEMENT_3D('',#12,#13,#14);
#12 = CARTESIAN_POINT('',(0.,0.,0.));
#13 = DIRECTION('',(0.,0.,1.));
#14 = DIRECTION('',(1.,0.,-0.));
#15 = MANIFOLD_SOLID_BREP('',#16);
#16 = CLOSED_SHELL('',(#17,#57,#748,#772,#1456,#1473,#1485,#1502,#1524,
    #1541,#1558,#1570,#1592,#1609,#1626,#1638,#1660,#1677,#1694,#1706,
    #1728,#1745,#1762,#1774,#1796,#1813,#1830,#1842,#1859,#1876,#1893,
    #1910,#1927,#1944,#1961,#1978,#1995,#2012,#2029,#2046,#2063,#2080,
    #2097,#2119,#2136,#2153,#2165,#2187,#2204,#2221,#2233,#2255,#2272,
    #2289,#2301,#2323,#2340,#2357,#2369,#2391,#2408,#2425,#2437,#2454,
    #2471,#2488,#2505,#2527,#2544,#2561,#2573,#2590,#2607,#2624,#2641,
    #2658));
#17 = ADVANCED_FACE('',(#18),#52,.F.);
#18 = FACE_BOUND('',#19,.F.);
#19 = EDGE_LOOP('',(#20,#30,#38,#46));
#20 = ORIENTED_EDGE('',*,*,#21,.F.);
#21 = EDGE_CURVE('',#22,#24,#26,.T.);
#22 = VERTEX_POINT('',#23);
#23 = CARTESIAN_POINT('',(-2.5,-2.5,-2.5));
#24 = VERTEX_POINT('',#25);
#25 = CARTESIAN_POINT('',(-2.5,-2.5,310.));
#26 = LINE('',#27,#28);
#27 = CARTESIAN_POINT('',(-2.5,-2.5,-2.5));
#28 = VECTOR('',#29,1.);
#29 = DIRECTION('',(0.,0.,1.));
#30 = ORIENTED_EDGE('',*,*,#31,.T.);
#31 = EDGE_CURVE('',#22,#32,#34,.T.);
#32 = VERTEX_POINT('',#33);
#33 = CARTESIAN_POINT('',(-2.5,0.,-2.5));
#34 = LINE('',#35,#36);
#35 = CARTESIAN_POINT('',(-2.5,-2.5,-2.5));
#36 = VECTOR('',#37,1.);
#37 = DIRECTION('',(-0.,1.,0.));
#38 = ORIENTED_EDGE('',*,*,#39,.T.);
#39 = EDGE_CURVE('',#32,#40,#42,.T.);
#40 = VERTEX_POINT('',#41);
#41 = CARTESIAN_POINT('',(-2.5,0.,310.));
#42 = LINE('',#43,#44);
#43 = CARTESIAN_POINT('',(-2.5,0.,-2.5));
#44 = VECTOR('',#45,1.);
#45 = DIRECTION('',(0.,0.,1.));
#46 = ORIENTED_EDGE('',*,*,#47,.F.);
#47 = EDGE_CURVE('',#24,#40,#48,.T.);
#48 = LINE('',#49,#50);
#49 = CARTESIAN_POINT('',(-2.5,-2.5,310.));
#50 = VECTOR('',#51,1.);
#51 = DIRECTION('',(-0.,1.,0.));
#52 = PLANE('',#53);
#53 = AXIS2_PLACEMENT_3D('',#54,#55,#56);
#54 = CARTESIAN_POINT('',(-2.5,-2.5,-2.5));
#55 = DIRECTION('',(1.,0.,-0.));
#56 = DIRECTION('',(0.,0.,1.));
#57 = ADVANCED_FACE('',(#58,#83,#94,#128,#162,#196,#230,#264,#275,#286,
    #297,#308,#319,#330,#341,#352,#363,#374,#385,#396,#407,#418,#429,
    #463,#497,#531,#565,#599,#610,#621,#632,#643,#677,#688,#699,#710,
    #721,#732),#743,.F.);
#58 = FACE_BOUND('',#59,.F.);
#59 = EDGE_LOOP('',(#60,#68,#69,#77));
#60 = ORIENTED_EDGE('',*,*,#61,.F.);
#61 = EDGE_CURVE('',#22,#62,#64,.T.);
#62 = VERTEX_POINT('',#63);
#63 = CARTESIAN_POINT('',(312.5,-2.5,-2.5));
#64 = LINE('',#65,#66);
#65 = CARTESIAN_POINT('',(-2.5,-2.5,-2.5));
#66 = VECTOR('',#67,1.);
#67 = DIRECTION('',(1.,0.,-0.));
#68 = ORIENTED_EDGE('',*,*,#21,.T.);
#69 = ORIENTED_EDGE('',*,*,#70,.T.);
#70 = EDGE_CURVE('',#24,#71,#73,.T.);
#71 = VERTEX_POINT('',#72);
#72 = CARTESIAN_POINT('',(312.5,-2.5,310.));
#73 = LINE('',#74,#75);
#74 = CARTESIAN_POINT('',(-2.5,-2.5,310.));
#75 = VECTOR('',#76,1.);
#76 = DIRECTION('',(1.,0.,-0.));
#77 = ORIENTED_EDGE('',*,*,#78,.F.);
#78 = EDGE_CURVE('',#62,#71,#79,.T.);
#79 = LINE('',#80,#81);
#80 = CARTESIAN_POINT('',(312.5,-2.5,-2.5));
#81 = VECTOR('',#82,1.);
#82 = DIRECTION('',(0.,0.,1.));
#83 = FACE_BOUND('',#84,.F.);
#84 = EDGE_LOOP('',(#85));
#85 = ORIENTED_EDGE('',*,*,#86,.F.);
#86 = EDGE_CURVE('',#87,#87,#89,.T.);
#87 = VERTEX_POINT('',#88);
#88 = CARTESIAN_POINT('',(7.5,-2.5,32.2));
#89 = CIRCLE('',#90,2.2);
#90 = AXIS2_PLACEMENT_3D('',#91,#92,#93);
#91 = CARTESIAN_POINT('',(7.5,-2.5,30.));
#92 = DIRECTION('',(0.,1.,0.));
#93 = DIRECTION('',(0.,-0.,1.));
#94 = FACE_BOUND('',#95,.F.);
#95 = EDGE_LOOP('',(#96,#106,#114,#122));
#96 = ORIENTED_EDGE('',*,*,#97,.F.);
#97 = EDGE_CURVE('',#98,#100,#102,.T.);
#98 = VERTEX_POINT('',#99);
#99 = CARTESIAN_POINT('',(11.,-2.5,16.));
#100 = VERTEX_POINT('',#101);
#101 = CARTESIAN_POINT('',(54.,-2.5,16.));
#102 = LINE('',#103,#104);
#103 = CARTESIAN_POINT('',(4.25,-2.5,16.));
#104 = VECTOR('',#105,1.);
#105 = DIRECTION('',(1.,0.,-0.));
#106 = ORIENTED_EDGE('',*,*,#107,.T.);
#107 = EDGE_CURVE('',#98,#108,#110,.T.);
#108 = VERTEX_POINT('',#109);
#109 = CARTESIAN_POINT('',(11.,-2.5,12.));
#110 = LINE('',#111,#112);
#111 = CARTESIAN_POINT('',(11.,-2.5,4.75));
#112 = VECTOR('',#113,1.);
#113 = DIRECTION('',(-0.,0.,-1.));
#114 = ORIENTED_EDGE('',*,*,#115,.T.);
#115 = EDGE_CURVE('',#108,#116,#118,.T.);
#116 = VERTEX_POINT('',#117);
#117 = CARTESIAN_POINT('',(54.,-2.5,12.));
#118 = LINE('',#119,#120);
#119 = CARTESIAN_POINT('',(4.25,-2.5,12.));
#120 = VECTOR('',#121,1.);
#121 = DIRECTION('',(1.,0.,-0.));
#122 = ORIENTED_EDGE('',*,*,#123,.F.);
#123 = EDGE_CURVE('',#100,#116,#124,.T.);
#124 = LINE('',#125,#126);
#125 = CARTESIAN_POINT('',(54.,-2.5,4.75));
#126 = VECTOR('',#127,1.);
#127 = DIRECTION('',(-0.,0.,-1.));
#128 = FACE_BOUND('',#129,.F.);
#129 = EDGE_LOOP('',(#130,#140,#148,#156));
#130 = ORIENTED_EDGE('',*,*,#131,.F.);
#131 = EDGE_CURVE('',#132,#134,#136,.T.);
#132 = VERTEX_POINT('',#133);
#133 = CARTESIAN_POINT('',(11.,-2.5,24.));
#134 = VERTEX_POINT('',#135);
#135 = CARTESIAN_POINT('',(54.,-2.5,24.));
#136 = LINE('',#137,#138);
#137 = CARTESIAN_POINT('',(4.25,-2.5,24.));
#138 = VECTOR('',#139,1.);
#139 = DIRECTION('',(1.,0.,-0.));
#140 = ORIENTED_EDGE('',*,*,#141,.T.);
#141 = EDGE_CURVE('',#132,#142,#144,.T.);
#142 = VERTEX_POINT('',#143);
#143 = CARTESIAN_POINT('',(11.,-2.5,20.));
#144 = LINE('',#145,#146);
#145 = CARTESIAN_POINT('',(11.,-2.5,8.75));
#146 = VECTOR('',#147,1.);
#147 = DIRECTION('',(-0.,0.,-1.));
#148 = ORIENTED_EDGE('',*,*,#149,.T.);
#149 = EDGE_CURVE('',#142,#150,#152,.T.);
#150 = VERTEX_POINT('',#151);
#151 = CARTESIAN_POINT('',(54.,-2.5,20.));
#152 = LINE('',#153,#154);
#153 = CARTESIAN_POINT('',(4.25,-2.5,20.));
#154 = VECTOR('',#155,1.);
#155 = DIRECTION('',(1.,0.,-0.));
#156 = ORIENTED_EDGE('',*,*,#157,.F.);
#157 = EDGE_CURVE('',#134,#150,#158,.T.);
#158 = LINE('',#159,#160);
#159 = CARTESIAN_POINT('',(54.,-2.5,8.75));
#160 = VECTOR('',#161,1.);
#161 = DIRECTION('',(-0.,0.,-1.));
#162 = FACE_BOUND('',#163,.F.);
#163 = EDGE_LOOP('',(#164,#174,#182,#190));
#164 = ORIENTED_EDGE('',*,*,#165,.F.);
#165 = EDGE_CURVE('',#166,#168,#170,.T.);
#166 = VERTEX_POINT('',#167);
#167 = CARTESIAN_POINT('',(11.,-2.5,32.));
#168 = VERTEX_POINT('',#169);
#169 = CARTESIAN_POINT('',(54.,-2.5,32.));
#170 = LINE('',#171,#172);
#171 = CARTESIAN_POINT('',(4.25,-2.5,32.));
#172 = VECTOR('',#173,1.);
#173 = DIRECTION('',(1.,0.,-0.));
#174 = ORIENTED_EDGE('',*,*,#175,.T.);
#175 = EDGE_CURVE('',#166,#176,#178,.T.);
#176 = VERTEX_POINT('',#177);
#177 = CARTESIAN_POINT('',(11.,-2.5,28.));
#178 = LINE('',#179,#180);
#179 = CARTESIAN_POINT('',(11.,-2.5,12.75));
#180 = VECTOR('',#181,1.);
#181 = DIRECTION('',(-0.,0.,-1.));
#182 = ORIENTED_EDGE('',*,*,#183,.T.);
#183 = EDGE_CURVE('',#176,#184,#186,.T.);
#184 = VERTEX_POINT('',#185);
#185 = CARTESIAN_POINT('',(54.,-2.5,28.));
#186 = LINE('',#187,#188);
#187 = CARTESIAN_POINT('',(4.25,-2.5,28.));
#188 = VECTOR('',#189,1.);
#189 = DIRECTION('',(1.,0.,-0.));
#190 = ORIENTED_EDGE('',*,*,#191,.F.);
#191 = EDGE_CURVE('',#168,#184,#192,.T.);
#192 = LINE('',#193,#194);
#193 = CARTESIAN_POINT('',(54.,-2.5,12.75));
#194 = VECTOR('',#195,1.);
#195 = DIRECTION('',(-0.,0.,-1.));
#196 = FACE_BOUND('',#197,.F.);
#197 = EDGE_LOOP('',(#198,#208,#216,#224));
#198 = ORIENTED_EDGE('',*,*,#199,.F.);
#199 = EDGE_CURVE('',#200,#202,#204,.T.);
#200 = VERTEX_POINT('',#201);
#201 = CARTESIAN_POINT('',(11.,-2.5,40.));
#202 = VERTEX_POINT('',#203);
#203 = CARTESIAN_POINT('',(54.,-2.5,40.));
#204 = LINE('',#205,#206);
#205 = CARTESIAN_POINT('',(4.25,-2.5,40.));
#206 = VECTOR('',#207,1.);
#207 = DIRECTION('',(1.,0.,-0.));
#208 = ORIENTED_EDGE('',*,*,#209,.T.);
#209 = EDGE_CURVE('',#200,#210,#212,.T.);
#210 = VERTEX_POINT('',#211);
#211 = CARTESIAN_POINT('',(11.,-2.5,36.));
#212 = LINE('',#213,#214);
#213 = CARTESIAN_POINT('',(11.,-2.5,16.75));
#214 = VECTOR('',#215,1.);
#215 = DIRECTION('',(-0.,0.,-1.));
#216 = ORIENTED_EDGE('',*,*,#217,.T.);
#217 = EDGE_CURVE('',#210,#218,#220,.T.);
#218 = VERTEX_POINT('',#219);
#219 = CARTESIAN_POINT('',(54.,-2.5,36.));
#220 = LINE('',#221,#222);
#221 = CARTESIAN_POINT('',(4.25,-2.5,36.));
#222 = VECTOR('',#223,1.);
#223 = DIRECTION('',(1.,0.,-0.));
#224 = ORIENTED_EDGE('',*,*,#225,.F.);
#225 = EDGE_CURVE('',#202,#218,#226,.T.);
#226 = LINE('',#227,#228);
#227 = CARTESIAN_POINT('',(54.,-2.5,16.75));
#228 = VECTOR('',#229,1.);
#229 = DIRECTION('',(-0.,0.,-1.));
#230 = FACE_BOUND('',#231,.F.);
#231 = EDGE_LOOP('',(#232,#242,#250,#258));
#232 = ORIENTED_EDGE('',*,*,#233,.F.);
#233 = EDGE_CURVE('',#234,#236,#238,.T.);
#234 = VERTEX_POINT('',#235);
#235 = CARTESIAN_POINT('',(11.,-2.5,48.));
#236 = VERTEX_POINT('',#237);
#237 = CARTESIAN_POINT('',(54.,-2.5,48.));
#238 = LINE('',#239,#240);
#239 = CARTESIAN_POINT('',(4.25,-2.5,48.));
#240 = VECTOR('',#241,1.);
#241 = DIRECTION('',(1.,0.,-0.));
#242 = ORIENTED_EDGE('',*,*,#243,.T.);
#243 = EDGE_CURVE('',#234,#244,#246,.T.);
#244 = VERTEX_POINT('',#245);
#245 = CARTESIAN_POINT('',(11.,-2.5,44.));
#246 = LINE('',#247,#248);
#247 = CARTESIAN_POINT('',(11.,-2.5,20.75));
#248 = VECTOR('',#249,1.);
#249 = DIRECTION('',(-0.,0.,-1.));
#250 = ORIENTED_EDGE('',*,*,#251,.T.);
#251 = EDGE_CURVE('',#244,#252,#254,.T.);
#252 = VERTEX_POINT('',#253);
#253 = CARTESIAN_POINT('',(54.,-2.5,44.));
#254 = LINE('',#255,#256);
#255 = CARTESIAN_POINT('',(4.25,-2.5,44.));
#256 = VECTOR('',#257,1.);
#257 = DIRECTION('',(1.,0.,-0.));
#258 = ORIENTED_EDGE('',*,*,#259,.F.);
#259 = EDGE_CURVE('',#236,#252,#260,.T.);
#260 = LINE('',#261,#262);
#261 = CARTESIAN_POINT('',(54.,-2.5,20.75));
#262 = VECTOR('',#263,1.);
#263 = DIRECTION('',(-0.,0.,-1.));
#264 = FACE_BOUND('',#265,.F.);
#265 = EDGE_LOOP('',(#266));
#266 = ORIENTED_EDGE('',*,*,#267,.F.);
#267 = EDGE_CURVE('',#268,#268,#270,.T.);
#268 = VERTEX_POINT('',#269);
#269 = CARTESIAN_POINT('',(61.5,-2.5,21.7));
#270 = CIRCLE('',#271,1.7);
#271 = AXIS2_PLACEMENT_3D('',#272,#273,#274);
#272 = CARTESIAN_POINT('',(61.5,-2.5,20.));
#273 = DIRECTION('',(0.,1.,0.));
#274 = DIRECTION('',(0.,-0.,1.));
#275 = FACE_BOUND('',#276,.F.);
#276 = EDGE_LOOP('',(#277));
#277 = ORIENTED_EDGE('',*,*,#278,.F.);
#278 = EDGE_CURVE('',#279,#279,#281,.T.);
#279 = VERTEX_POINT('',#280);
#280 = CARTESIAN_POINT('',(61.5,-2.5,71.7));
#281 = CIRCLE('',#282,1.7);
#282 = AXIS2_PLACEMENT_3D('',#283,#284,#285);
#283 = CARTESIAN_POINT('',(61.5,-2.5,70.));
#284 = DIRECTION('',(0.,1.,0.));
#285 = DIRECTION('',(0.,-0.,1.));
#286 = FACE_BOUND('',#287,.F.);
#287 = EDGE_LOOP('',(#288));
#288 = ORIENTED_EDGE('',*,*,#289,.F.);
#289 = EDGE_CURVE('',#290,#290,#292,.T.);
#290 = VERTEX_POINT('',#291);
#291 = CARTESIAN_POINT('',(7.5,-2.5,92.2));
#292 = CIRCLE('',#293,2.2);
#293 = AXIS2_PLACEMENT_3D('',#294,#295,#296);
#294 = CARTESIAN_POINT('',(7.5,-2.5,90.));
#295 = DIRECTION('',(0.,1.,0.));
#296 = DIRECTION('',(0.,-0.,1.));
#297 = FACE_BOUND('',#298,.F.);
#298 = EDGE_LOOP('',(#299));
#299 = ORIENTED_EDGE('',*,*,#300,.F.);
#300 = EDGE_CURVE('',#301,#301,#303,.T.);
#301 = VERTEX_POINT('',#302);
#302 = CARTESIAN_POINT('',(7.5,-2.5,152.2));
#303 = CIRCLE('',#304,2.2);
#304 = AXIS2_PLACEMENT_3D('',#305,#306,#307);
#305 = CARTESIAN_POINT('',(7.5,-2.5,150.));
#306 = DIRECTION('',(0.,1.,0.));
#307 = DIRECTION('',(0.,-0.,1.));
#308 = FACE_BOUND('',#309,.F.);
#309 = EDGE_LOOP('',(#310));
#310 = ORIENTED_EDGE('',*,*,#311,.F.);
#311 = EDGE_CURVE('',#312,#312,#314,.T.);
#312 = VERTEX_POINT('',#313);
#313 = CARTESIAN_POINT('',(61.5,-2.5,121.7));
#314 = CIRCLE('',#315,1.7);
#315 = AXIS2_PLACEMENT_3D('',#316,#317,#318);
#316 = CARTESIAN_POINT('',(61.5,-2.5,120.));
#317 = DIRECTION('',(0.,1.,0.));
#318 = DIRECTION('',(0.,-0.,1.));
#319 = FACE_BOUND('',#320,.F.);
#320 = EDGE_LOOP('',(#321));
#321 = ORIENTED_EDGE('',*,*,#322,.F.);
#322 = EDGE_CURVE('',#323,#323,#325,.T.);
#323 = VERTEX_POINT('',#324);
#324 = CARTESIAN_POINT('',(111.,-2.5,21.7));
#325 = CIRCLE('',#326,1.7);
#326 = AXIS2_PLACEMENT_3D('',#327,#328,#329);
#327 = CARTESIAN_POINT('',(111.,-2.5,20.));
#328 = DIRECTION('',(0.,1.,0.));
#329 = DIRECTION('',(0.,-0.,1.));
#330 = FACE_BOUND('',#331,.F.);
#331 = EDGE_LOOP('',(#332));
#332 = ORIENTED_EDGE('',*,*,#333,.F.);
#333 = EDGE_CURVE('',#334,#334,#336,.T.);
#334 = VERTEX_POINT('',#335);
#335 = CARTESIAN_POINT('',(7.5,-2.5,212.2));
#336 = CIRCLE('',#337,2.2);
#337 = AXIS2_PLACEMENT_3D('',#338,#339,#340);
#338 = CARTESIAN_POINT('',(7.5,-2.5,210.));
#339 = DIRECTION('',(0.,1.,0.));
#340 = DIRECTION('',(0.,-0.,1.));
#341 = FACE_BOUND('',#342,.F.);
#342 = EDGE_LOOP('',(#343));
#343 = ORIENTED_EDGE('',*,*,#344,.F.);
#344 = EDGE_CURVE('',#345,#345,#347,.T.);
#345 = VERTEX_POINT('',#346);
#346 = CARTESIAN_POINT('',(61.5,-2.5,171.7));
#347 = CIRCLE('',#348,1.7);
#348 = AXIS2_PLACEMENT_3D('',#349,#350,#351);
#349 = CARTESIAN_POINT('',(61.5,-2.5,170.));
#350 = DIRECTION('',(0.,1.,0.));
#351 = DIRECTION('',(0.,-0.,1.));
#352 = FACE_BOUND('',#353,.F.);
#353 = EDGE_LOOP('',(#354));
#354 = ORIENTED_EDGE('',*,*,#355,.F.);
#355 = EDGE_CURVE('',#356,#356,#358,.T.);
#356 = VERTEX_POINT('',#357);
#357 = CARTESIAN_POINT('',(61.5,-2.5,221.7));
#358 = CIRCLE('',#359,1.7);
#359 = AXIS2_PLACEMENT_3D('',#360,#361,#362);
#360 = CARTESIAN_POINT('',(61.5,-2.5,220.));
#361 = DIRECTION('',(0.,1.,0.));
#362 = DIRECTION('',(0.,-0.,1.));
#363 = FACE_BOUND('',#364,.F.);
#364 = EDGE_LOOP('',(#365));
#365 = ORIENTED_EDGE('',*,*,#366,.F.);
#366 = EDGE_CURVE('',#367,#367,#369,.T.);
#367 = VERTEX_POINT('',#368);
#368 = CARTESIAN_POINT('',(7.5,-2.5,272.2));
#369 = CIRCLE('',#370,2.2);
#370 = AXIS2_PLACEMENT_3D('',#371,#372,#373);
#371 = CARTESIAN_POINT('',(7.5,-2.5,270.));
#372 = DIRECTION('',(0.,1.,0.));
#373 = DIRECTION('',(0.,-0.,1.));
#374 = FACE_BOUND('',#375,.F.);
#375 = EDGE_LOOP('',(#376));
#376 = ORIENTED_EDGE('',*,*,#377,.F.);
#377 = EDGE_CURVE('',#378,#378,#380,.T.);
#378 = VERTEX_POINT('',#379);
#379 = CARTESIAN_POINT('',(61.5,-2.5,271.7));
#380 = CIRCLE('',#381,1.7);
#381 = AXIS2_PLACEMENT_3D('',#382,#383,#384);
#382 = CARTESIAN_POINT('',(61.5,-2.5,270.));
#383 = DIRECTION('',(0.,1.,0.));
#384 = DIRECTION('',(0.,-0.,1.));
#385 = FACE_BOUND('',#386,.F.);
#386 = EDGE_LOOP('',(#387));
#387 = ORIENTED_EDGE('',*,*,#388,.F.);
#388 = EDGE_CURVE('',#389,#389,#391,.T.);
#389 = VERTEX_POINT('',#390);
#390 = CARTESIAN_POINT('',(111.,-2.5,291.7));
#391 = CIRCLE('',#392,1.7);
#392 = AXIS2_PLACEMENT_3D('',#393,#394,#395);
#393 = CARTESIAN_POINT('',(111.,-2.5,290.));
#394 = DIRECTION('',(0.,1.,0.));
#395 = DIRECTION('',(0.,-0.,1.));
#396 = FACE_BOUND('',#397,.F.);
#397 = EDGE_LOOP('',(#398));
#398 = ORIENTED_EDGE('',*,*,#399,.F.);
#399 = EDGE_CURVE('',#400,#400,#402,.T.);
#400 = VERTEX_POINT('',#401);
#401 = CARTESIAN_POINT('',(161.,-2.5,21.7));
#402 = CIRCLE('',#403,1.7);
#403 = AXIS2_PLACEMENT_3D('',#404,#405,#406);
#404 = CARTESIAN_POINT('',(161.,-2.5,20.));
#405 = DIRECTION('',(0.,1.,0.));
#406 = DIRECTION('',(0.,-0.,1.));
#407 = FACE_BOUND('',#408,.F.);
#408 = EDGE_LOOP('',(#409));
#409 = ORIENTED_EDGE('',*,*,#410,.F.);
#410 = EDGE_CURVE('',#411,#411,#413,.T.);
#411 = VERTEX_POINT('',#412);
#412 = CARTESIAN_POINT('',(248.5,-2.5,21.7));
#413 = CIRCLE('',#414,1.7);
#414 = AXIS2_PLACEMENT_3D('',#415,#416,#417);
#415 = CARTESIAN_POINT('',(248.5,-2.5,20.));
#416 = DIRECTION('',(0.,1.,0.));
#417 = DIRECTION('',(0.,-0.,1.));
#418 = FACE_BOUND('',#419,.F.);
#419 = EDGE_LOOP('',(#420));
#420 = ORIENTED_EDGE('',*,*,#421,.F.);
#421 = EDGE_CURVE('',#422,#422,#424,.T.);
#422 = VERTEX_POINT('',#423);
#423 = CARTESIAN_POINT('',(248.5,-2.5,71.7));
#424 = CIRCLE('',#425,1.7);
#425 = AXIS2_PLACEMENT_3D('',#426,#427,#428);
#426 = CARTESIAN_POINT('',(248.5,-2.5,70.));
#427 = DIRECTION('',(0.,1.,0.));
#428 = DIRECTION('',(0.,-0.,1.));
#429 = FACE_BOUND('',#430,.F.);
#430 = EDGE_LOOP('',(#431,#441,#449,#457));
#431 = ORIENTED_EDGE('',*,*,#432,.F.);
#432 = EDGE_CURVE('',#433,#435,#437,.T.);
#433 = VERTEX_POINT('',#434);
#434 = CARTESIAN_POINT('',(256.,-2.5,16.));
#435 = VERTEX_POINT('',#436);
#436 = CARTESIAN_POINT('',(299.,-2.5,16.));
#437 = LINE('',#438,#439);
#438 = CARTESIAN_POINT('',(126.75,-2.5,16.));
#439 = VECTOR('',#440,1.);
#440 = DIRECTION('',(1.,0.,-0.));
#441 = ORIENTED_EDGE('',*,*,#442,.T.);
#442 = EDGE_CURVE('',#433,#443,#445,.T.);
#443 = VERTEX_POINT('',#444);
#444 = CARTESIAN_POINT('',(256.,-2.5,12.));
#445 = LINE('',#446,#447);
#446 = CARTESIAN_POINT('',(256.,-2.5,4.75));
#447 = VECTOR('',#448,1.);
#448 = DIRECTION('',(-0.,0.,-1.));
#449 = ORIENTED_EDGE('',*,*,#450,.T.);
#450 = EDGE_CURVE('',#443,#451,#453,.T.);
#451 = VERTEX_POINT('',#452);
#452 = CARTESIAN_POINT('',(299.,-2.5,12.));
#453 = LINE('',#454,#455);
#454 = CARTESIAN_POINT('',(126.75,-2.5,12.));
#455 = VECTOR('',#456,1.);
#456 = DIRECTION('',(1.,0.,-0.));
#457 = ORIENTED_EDGE('',*,*,#458,.F.);
#458 = EDGE_CURVE('',#435,#451,#459,.T.);
#459 = LINE('',#460,#461);
#460 = CARTESIAN_POINT('',(299.,-2.5,4.75));
#461 = VECTOR('',#462,1.);
#462 = DIRECTION('',(-0.,0.,-1.));
#463 = FACE_BOUND('',#464,.F.);
#464 = EDGE_LOOP('',(#465,#475,#483,#491));
#465 = ORIENTED_EDGE('',*,*,#466,.F.);
#466 = EDGE_CURVE('',#467,#469,#471,.T.);
#467 = VERTEX_POINT('',#468);
#468 = CARTESIAN_POINT('',(256.,-2.5,24.));
#469 = VERTEX_POINT('',#470);
#470 = CARTESIAN_POINT('',(299.,-2.5,24.));
#471 = LINE('',#472,#473);
#472 = CARTESIAN_POINT('',(126.75,-2.5,24.));
#473 = VECTOR('',#474,1.);
#474 = DIRECTION('',(1.,0.,-0.));
#475 = ORIENTED_EDGE('',*,*,#476,.T.);
#476 = EDGE_CURVE('',#467,#477,#479,.T.);
#477 = VERTEX_POINT('',#478);
#478 = CARTESIAN_POINT('',(256.,-2.5,20.));
#479 = LINE('',#480,#481);
#480 = CARTESIAN_POINT('',(256.,-2.5,8.75));
#481 = VECTOR('',#482,1.);
#482 = DIRECTION('',(-0.,0.,-1.));
#483 = ORIENTED_EDGE('',*,*,#484,.T.);
#484 = EDGE_CURVE('',#477,#485,#487,.T.);
#485 = VERTEX_POINT('',#486);
#486 = CARTESIAN_POINT('',(299.,-2.5,20.));
#487 = LINE('',#488,#489);
#488 = CARTESIAN_POINT('',(126.75,-2.5,20.));
#489 = VECTOR('',#490,1.);
#490 = DIRECTION('',(1.,0.,-0.));
#491 = ORIENTED_EDGE('',*,*,#492,.F.);
#492 = EDGE_CURVE('',#469,#485,#493,.T.);
#493 = LINE('',#494,#495);
#494 = CARTESIAN_POINT('',(299.,-2.5,8.75));
#495 = VECTOR('',#496,1.);
#496 = DIRECTION('',(-0.,0.,-1.));
#497 = FACE_BOUND('',#498,.F.);
#498 = EDGE_LOOP('',(#499,#509,#517,#525));
#499 = ORIENTED_EDGE('',*,*,#500,.F.);
#500 = EDGE_CURVE('',#501,#503,#505,.T.);
#501 = VERTEX_POINT('',#502);
#502 = CARTESIAN_POINT('',(256.,-2.5,32.));
#503 = VERTEX_POINT('',#504);
#504 = CARTESIAN_POINT('',(299.,-2.5,32.));
#505 = LINE('',#506,#507);
#506 = CARTESIAN_POINT('',(126.75,-2.5,32.));
#507 = VECTOR('',#508,1.);
#508 = DIRECTION('',(1.,0.,-0.));
#509 = ORIENTED_EDGE('',*,*,#510,.T.);
#510 = EDGE_CURVE('',#501,#511,#513,.T.);
#511 = VERTEX_POINT('',#512);
#512 = CARTESIAN_POINT('',(256.,-2.5,28.));
#513 = LINE('',#514,#515);
#514 = CARTESIAN_POINT('',(256.,-2.5,12.75));
#515 = VECTOR('',#516,1.);
#516 = DIRECTION('',(-0.,0.,-1.));
#517 = ORIENTED_EDGE('',*,*,#518,.T.);
#518 = EDGE_CURVE('',#511,#519,#521,.T.);
#519 = VERTEX_POINT('',#520);
#520 = CARTESIAN_POINT('',(299.,-2.5,28.));
#521 = LINE('',#522,#523);
#522 = CARTESIAN_POINT('',(126.75,-2.5,28.));
#523 = VECTOR('',#524,1.);
#524 = DIRECTION('',(1.,0.,-0.));
#525 = ORIENTED_EDGE('',*,*,#526,.F.);
#526 = EDGE_CURVE('',#503,#519,#527,.T.);
#527 = LINE('',#528,#529);
#528 = CARTESIAN_POINT('',(299.,-2.5,12.75));
#529 = VECTOR('',#530,1.);
#530 = DIRECTION('',(-0.,0.,-1.));
#531 = FACE_BOUND('',#532,.F.);
#532 = EDGE_LOOP('',(#533,#543,#551,#559));
#533 = ORIENTED_EDGE('',*,*,#534,.F.);
#534 = EDGE_CURVE('',#535,#537,#539,.T.);
#535 = VERTEX_POINT('',#536);
#536 = CARTESIAN_POINT('',(256.,-2.5,40.));
#537 = VERTEX_POINT('',#538);
#538 = CARTESIAN_POINT('',(299.,-2.5,40.));
#539 = LINE('',#540,#541);
#540 = CARTESIAN_POINT('',(126.75,-2.5,40.));
#541 = VECTOR('',#542,1.);
#542 = DIRECTION('',(1.,0.,-0.));
#543 = ORIENTED_EDGE('',*,*,#544,.T.);
#544 = EDGE_CURVE('',#535,#545,#547,.T.);
#545 = VERTEX_POINT('',#546);
#546 = CARTESIAN_POINT('',(256.,-2.5,36.));
#547 = LINE('',#548,#549);
#548 = CARTESIAN_POINT('',(256.,-2.5,16.75));
#549 = VECTOR('',#550,1.);
#550 = DIRECTION('',(-0.,0.,-1.));
#551 = ORIENTED_EDGE('',*,*,#552,.T.);
#552 = EDGE_CURVE('',#545,#553,#555,.T.);
#553 = VERTEX_POINT('',#554);
#554 = CARTESIAN_POINT('',(299.,-2.5,36.));
#555 = LINE('',#556,#557);
#556 = CARTESIAN_POINT('',(126.75,-2.5,36.));
#557 = VECTOR('',#558,1.);
#558 = DIRECTION('',(1.,0.,-0.));
#559 = ORIENTED_EDGE('',*,*,#560,.F.);
#560 = EDGE_CURVE('',#537,#553,#561,.T.);
#561 = LINE('',#562,#563);
#562 = CARTESIAN_POINT('',(299.,-2.5,16.75));
#563 = VECTOR('',#564,1.);
#564 = DIRECTION('',(-0.,0.,-1.));
#565 = FACE_BOUND('',#566,.F.);
#566 = EDGE_LOOP('',(#567,#577,#585,#593));
#567 = ORIENTED_EDGE('',*,*,#568,.F.);
#568 = EDGE_CURVE('',#569,#571,#573,.T.);
#569 = VERTEX_POINT('',#570);
#570 = CARTESIAN_POINT('',(256.,-2.5,48.));
#571 = VERTEX_POINT('',#572);
#572 = CARTESIAN_POINT('',(299.,-2.5,48.));
#573 = LINE('',#574,#575);
#574 = CARTESIAN_POINT('',(126.75,-2.5,48.));
#575 = VECTOR('',#576,1.);
#576 = DIRECTION('',(1.,0.,-0.));
#577 = ORIENTED_EDGE('',*,*,#578,.T.);
#578 = EDGE_CURVE('',#569,#579,#581,.T.);
#579 = VERTEX_POINT('',#580);
#580 = CARTESIAN_POINT('',(256.,-2.5,44.));
#581 = LINE('',#582,#583);
#582 = CARTESIAN_POINT('',(256.,-2.5,20.75));
#583 = VECTOR('',#584,1.);
#584 = DIRECTION('',(-0.,0.,-1.));
#585 = ORIENTED_EDGE('',*,*,#586,.T.);
#586 = EDGE_CURVE('',#579,#587,#589,.T.);
#587 = VERTEX_POINT('',#588);
#588 = CARTESIAN_POINT('',(299.,-2.5,44.));
#589 = LINE('',#590,#591);
#590 = CARTESIAN_POINT('',(126.75,-2.5,44.));
#591 = VECTOR('',#592,1.);
#592 = DIRECTION('',(1.,0.,-0.));
#593 = ORIENTED_EDGE('',*,*,#594,.F.);
#594 = EDGE_CURVE('',#571,#587,#595,.T.);
#595 = LINE('',#596,#597);
#596 = CARTESIAN_POINT('',(299.,-2.5,20.75));
#597 = VECTOR('',#598,1.);
#598 = DIRECTION('',(-0.,0.,-1.));
#599 = FACE_BOUND('',#600,.F.);
#600 = EDGE_LOOP('',(#601));
#601 = ORIENTED_EDGE('',*,*,#602,.F.);
#602 = EDGE_CURVE('',#603,#603,#605,.T.);
#603 = VERTEX_POINT('',#604);
#604 = CARTESIAN_POINT('',(302.5,-2.5,32.2));
#605 = CIRCLE('',#606,2.2);
#606 = AXIS2_PLACEMENT_3D('',#607,#608,#609);
#607 = CARTESIAN_POINT('',(302.5,-2.5,30.));
#608 = DIRECTION('',(0.,1.,0.));
#609 = DIRECTION('',(0.,-0.,1.));
#610 = FACE_BOUND('',#611,.F.);
#611 = EDGE_LOOP('',(#612));
#612 = ORIENTED_EDGE('',*,*,#613,.F.);
#613 = EDGE_CURVE('',#614,#614,#616,.T.);
#614 = VERTEX_POINT('',#615);
#615 = CARTESIAN_POINT('',(248.5,-2.5,121.7));
#616 = CIRCLE('',#617,1.7);
#617 = AXIS2_PLACEMENT_3D('',#618,#619,#620);
#618 = CARTESIAN_POINT('',(248.5,-2.5,120.));
#619 = DIRECTION('',(0.,1.,0.));
#620 = DIRECTION('',(0.,-0.,1.));
#621 = FACE_BOUND('',#622,.F.);
#622 = EDGE_LOOP('',(#623));
#623 = ORIENTED_EDGE('',*,*,#624,.F.);
#624 = EDGE_CURVE('',#625,#625,#627,.T.);
#625 = VERTEX_POINT('',#626);
#626 = CARTESIAN_POINT('',(302.5,-2.5,92.2));
#627 = CIRCLE('',#628,2.2);
#628 = AXIS2_PLACEMENT_3D('',#629,#630,#631);
#629 = CARTESIAN_POINT('',(302.5,-2.5,90.));
#630 = DIRECTION('',(0.,1.,0.));
#631 = DIRECTION('',(0.,-0.,1.));
#632 = FACE_BOUND('',#633,.F.);
#633 = EDGE_LOOP('',(#634));
#634 = ORIENTED_EDGE('',*,*,#635,.F.);
#635 = EDGE_CURVE('',#636,#636,#638,.T.);
#636 = VERTEX_POINT('',#637);
#637 = CARTESIAN_POINT('',(302.5,-2.5,152.2));
#638 = CIRCLE('',#639,2.2);
#639 = AXIS2_PLACEMENT_3D('',#640,#641,#642);
#640 = CARTESIAN_POINT('',(302.5,-2.5,150.));
#641 = DIRECTION('',(0.,1.,0.));
#642 = DIRECTION('',(0.,-0.,1.));
#643 = FACE_BOUND('',#644,.F.);
#644 = EDGE_LOOP('',(#645,#655,#663,#671));
#645 = ORIENTED_EDGE('',*,*,#646,.F.);
#646 = EDGE_CURVE('',#647,#649,#651,.T.);
#647 = VERTEX_POINT('',#648);
#648 = CARTESIAN_POINT('',(67.5,-2.5,284.));
#649 = VERTEX_POINT('',#650);
#650 = CARTESIAN_POINT('',(242.5,-2.5,284.));
#651 = LINE('',#652,#653);
#652 = CARTESIAN_POINT('',(32.5,-2.5,284.));
#653 = VECTOR('',#654,1.);
#654 = DIRECTION('',(1.,0.,-0.));
#655 = ORIENTED_EDGE('',*,*,#656,.T.);
#656 = EDGE_CURVE('',#647,#657,#659,.T.);
#657 = VERTEX_POINT('',#658);
#658 = CARTESIAN_POINT('',(67.5,-2.5,26.));
#659 = LINE('',#660,#661);
#660 = CARTESIAN_POINT('',(67.5,-2.5,11.75));
#661 = VECTOR('',#662,1.);
#662 = DIRECTION('',(-0.,0.,-1.));
#663 = ORIENTED_EDGE('',*,*,#664,.T.);
#664 = EDGE_CURVE('',#657,#665,#667,.T.);
#665 = VERTEX_POINT('',#666);
#666 = CARTESIAN_POINT('',(242.5,-2.5,26.));
#667 = LINE('',#668,#669);
#668 = CARTESIAN_POINT('',(32.5,-2.5,26.));
#669 = VECTOR('',#670,1.);
#670 = DIRECTION('',(1.,0.,-0.));
#671 = ORIENTED_EDGE('',*,*,#672,.F.);
#672 = EDGE_CURVE('',#649,#665,#673,.T.);
#673 = LINE('',#674,#675);
#674 = CARTESIAN_POINT('',(242.5,-2.5,11.75));
#675 = VECTOR('',#676,1.);
#676 = DIRECTION('',(-0.,0.,-1.));
#677 = FACE_BOUND('',#678,.F.);
#678 = EDGE_LOOP('',(#679));
#679 = ORIENTED_EDGE('',*,*,#680,.F.);
#680 = EDGE_CURVE('',#681,#681,#683,.T.);
#681 = VERTEX_POINT('',#682);
#682 = CARTESIAN_POINT('',(161.,-2.5,291.7));
#683 = CIRCLE('',#684,1.7);
#684 = AXIS2_PLACEMENT_3D('',#685,#686,#687);
#685 = CARTESIAN_POINT('',(161.,-2.5,290.));
#686 = DIRECTION('',(0.,1.,0.));
#687 = DIRECTION('',(0.,-0.,1.));
#688 = FACE_BOUND('',#689,.F.);
#689 = EDGE_LOOP('',(#690));
#690 = ORIENTED_EDGE('',*,*,#691,.F.);
#691 = EDGE_CURVE('',#692,#692,#694,.T.);
#692 = VERTEX_POINT('',#693);
#693 = CARTESIAN_POINT('',(248.5,-2.5,171.7));
#694 = CIRCLE('',#695,1.7);
#695 = AXIS2_PLACEMENT_3D('',#696,#697,#698);
#696 = CARTESIAN_POINT('',(248.5,-2.5,170.));
#697 = DIRECTION('',(0.,1.,0.));
#698 = DIRECTION('',(0.,-0.,1.));
#699 = FACE_BOUND('',#700,.F.);
#700 = EDGE_LOOP('',(#701));
#701 = ORIENTED_EDGE('',*,*,#702,.F.);
#702 = EDGE_CURVE('',#703,#703,#705,.T.);
#703 = VERTEX_POINT('',#704);
#704 = CARTESIAN_POINT('',(248.5,-2.5,221.7));
#705 = CIRCLE('',#706,1.7);
#706 = AXIS2_PLACEMENT_3D('',#707,#708,#709);
#707 = CARTESIAN_POINT('',(248.5,-2.5,220.));
#708 = DIRECTION('',(0.,1.,0.));
#709 = DIRECTION('',(0.,-0.,1.));
#710 = FACE_BOUND('',#711,.F.);
#711 = EDGE_LOOP('',(#712));
#712 = ORIENTED_EDGE('',*,*,#713,.F.);
#713 = EDGE_CURVE('',#714,#714,#716,.T.);
#714 = VERTEX_POINT('',#715);
#715 = CARTESIAN_POINT('',(302.5,-2.5,212.2));
#716 = CIRCLE('',#717,2.2);
#717 = AXIS2_PLACEMENT_3D('',#718,#719,#720);
#718 = CARTESIAN_POINT('',(302.5,-2.5,210.));
#719 = DIRECTION('',(0.,1.,0.));
#720 = DIRECTION('',(0.,-0.,1.));
#721 = FACE_BOUND('',#722,.F.);
#722 = EDGE_LOOP('',(#723));
#723 = ORIENTED_EDGE('',*,*,#724,.F.);
#724 = EDGE_CURVE('',#725,#725,#727,.T.);
#725 = VERTEX_POINT('',#726);
#726 = CARTESIAN_POINT('',(248.5,-2.5,271.7));
#727 = CIRCLE('',#728,1.7);
#728 = AXIS2_PLACEMENT_3D('',#729,#730,#731);
#729 = CARTESIAN_POINT('',(248.5,-2.5,270.));
#730 = DIRECTION('',(0.,1.,0.));
#731 = DIRECTION('',(0.,-0.,1.));
#732 = FACE_BOUND('',#733,.F.);
#733 = EDGE_LOOP('',(#734));
#734 = ORIENTED_EDGE('',*,*,#735,.F.);
#735 = EDGE_CURVE('',#736,#736,#738,.T.);
#736 = VERTEX_POINT('',#737);
#737 = CARTESIAN_POINT('',(302.5,-2.5,272.2));
#738 = CIRCLE('',#739,2.2);
#739 = AXIS2_PLACEMENT_3D('',#740,#741,#742);
#740 = CARTESIAN_POINT('',(302.5,-2.5,270.));
#741 = DIRECTION('',(0.,1.,0.));
#742 = DIRECTION('',(0.,-0.,1.));
#743 = PLANE('',#744);
#744 = AXIS2_PLACEMENT_3D('',#745,#746,#747);
#745 = CARTESIAN_POINT('',(-2.5,-2.5,-2.5));
#746 = DIRECTION('',(-0.,1.,0.));
#747 = DIRECTION('',(0.,0.,1.));
#748 = ADVANCED_FACE('',(#749),#767,.T.);
#749 = FACE_BOUND('',#750,.T.);
#750 = EDGE_LOOP('',(#751,#752,#753,#761));
#751 = ORIENTED_EDGE('',*,*,#47,.F.);
#752 = ORIENTED_EDGE('',*,*,#70,.T.);
#753 = ORIENTED_EDGE('',*,*,#754,.T.);
#754 = EDGE_CURVE('',#71,#755,#757,.T.);
#755 = VERTEX_POINT('',#756);
#756 = CARTESIAN_POINT('',(312.5,0.,310.));
#757 = LINE('',#758,#759);
#758 = CARTESIAN_POINT('',(312.5,-2.5,310.));
#759 = VECTOR('',#760,1.);
#760 = DIRECTION('',(-0.,1.,0.));
#761 = ORIENTED_EDGE('',*,*,#762,.F.);
#762 = EDGE_CURVE('',#40,#755,#763,.T.);
#763 = LINE('',#764,#765);
#764 = CARTESIAN_POINT('',(-2.5,0.,310.));
#765 = VECTOR('',#766,1.);
#766 = DIRECTION('',(1.,0.,-0.));
#767 = PLANE('',#768);
#768 = AXIS2_PLACEMENT_3D('',#769,#770,#771);
#769 = CARTESIAN_POINT('',(-2.5,-2.5,310.));
#770 = DIRECTION('',(0.,0.,1.));
#771 = DIRECTION('',(1.,0.,-0.));
#772 = ADVANCED_FACE('',(#773,#791,#802,#836,#870,#904,#938,#972,#983,
    #994,#1005,#1016,#1027,#1038,#1049,#1060,#1071,#1082,#1093,#1104,
    #1115,#1126,#1137,#1171,#1205,#1239,#1273,#1307,#1318,#1329,#1340,
    #1351,#1385,#1396,#1407,#1418,#1429,#1440),#1451,.T.);
#773 = FACE_BOUND('',#774,.T.);
#774 = EDGE_LOOP('',(#775,#783,#784,#785));
#775 = ORIENTED_EDGE('',*,*,#776,.F.);
#776 = EDGE_CURVE('',#32,#777,#779,.T.);
#777 = VERTEX_POINT('',#778);
#778 = CARTESIAN_POINT('',(312.5,0.,-2.5));
#779 = LINE('',#780,#781);
#780 = CARTESIAN_POINT('',(-2.5,0.,-2.5));
#781 = VECTOR('',#782,1.);
#782 = DIRECTION('',(1.,0.,-0.));
#783 = ORIENTED_EDGE('',*,*,#39,.T.);
#784 = ORIENTED_EDGE('',*,*,#762,.T.);
#785 = ORIENTED_EDGE('',*,*,#786,.F.);
#786 = EDGE_CURVE('',#777,#755,#787,.T.);
#787 = LINE('',#788,#789);
#788 = CARTESIAN_POINT('',(312.5,0.,-2.5));
#789 = VECTOR('',#790,1.);
#790 = DIRECTION('',(0.,0.,1.));
#791 = FACE_BOUND('',#792,.T.);
#792 = EDGE_LOOP('',(#793));
#793 = ORIENTED_EDGE('',*,*,#794,.F.);
#794 = EDGE_CURVE('',#795,#795,#797,.T.);
#795 = VERTEX_POINT('',#796);
#796 = CARTESIAN_POINT('',(7.5,0.,32.2));
#797 = CIRCLE('',#798,2.2);
#798 = AXIS2_PLACEMENT_3D('',#799,#800,#801);
#799 = CARTESIAN_POINT('',(7.5,0.,30.));
#800 = DIRECTION('',(0.,1.,0.));
#801 = DIRECTION('',(0.,-0.,1.));
#802 = FACE_BOUND('',#803,.T.);
#803 = EDGE_LOOP('',(#804,#814,#822,#830));
#804 = ORIENTED_EDGE('',*,*,#805,.F.);
#805 = EDGE_CURVE('',#806,#808,#810,.T.);
#806 = VERTEX_POINT('',#807);
#807 = CARTESIAN_POINT('',(11.,0.,16.));
#808 = VERTEX_POINT('',#809);
#809 = CARTESIAN_POINT('',(54.,0.,16.));
#810 = LINE('',#811,#812);
#811 = CARTESIAN_POINT('',(4.25,0.,16.));
#812 = VECTOR('',#813,1.);
#813 = DIRECTION('',(1.,0.,-0.));
#814 = ORIENTED_EDGE('',*,*,#815,.T.);
#815 = EDGE_CURVE('',#806,#816,#818,.T.);
#816 = VERTEX_POINT('',#817);
#817 = CARTESIAN_POINT('',(11.,0.,12.));
#818 = LINE('',#819,#820);
#819 = CARTESIAN_POINT('',(11.,0.,4.75));
#820 = VECTOR('',#821,1.);
#821 = DIRECTION('',(-0.,0.,-1.));
#822 = ORIENTED_EDGE('',*,*,#823,.T.);
#823 = EDGE_CURVE('',#816,#824,#826,.T.);
#824 = VERTEX_POINT('',#825);
#825 = CARTESIAN_POINT('',(54.,0.,12.));
#826 = LINE('',#827,#828);
#827 = CARTESIAN_POINT('',(4.25,0.,12.));
#828 = VECTOR('',#829,1.);
#829 = DIRECTION('',(1.,0.,-0.));
#830 = ORIENTED_EDGE('',*,*,#831,.F.);
#831 = EDGE_CURVE('',#808,#824,#832,.T.);
#832 = LINE('',#833,#834);
#833 = CARTESIAN_POINT('',(54.,0.,4.75));
#834 = VECTOR('',#835,1.);
#835 = DIRECTION('',(-0.,0.,-1.));
#836 = FACE_BOUND('',#837,.T.);
#837 = EDGE_LOOP('',(#838,#848,#856,#864));
#838 = ORIENTED_EDGE('',*,*,#839,.F.);
#839 = EDGE_CURVE('',#840,#842,#844,.T.);
#840 = VERTEX_POINT('',#841);
#841 = CARTESIAN_POINT('',(11.,0.,24.));
#842 = VERTEX_POINT('',#843);
#843 = CARTESIAN_POINT('',(54.,0.,24.));
#844 = LINE('',#845,#846);
#845 = CARTESIAN_POINT('',(4.25,0.,24.));
#846 = VECTOR('',#847,1.);
#847 = DIRECTION('',(1.,0.,-0.));
#848 = ORIENTED_EDGE('',*,*,#849,.T.);
#849 = EDGE_CURVE('',#840,#850,#852,.T.);
#850 = VERTEX_POINT('',#851);
#851 = CARTESIAN_POINT('',(11.,0.,20.));
#852 = LINE('',#853,#854);
#853 = CARTESIAN_POINT('',(11.,0.,8.75));
#854 = VECTOR('',#855,1.);
#855 = DIRECTION('',(-0.,0.,-1.));
#856 = ORIENTED_EDGE('',*,*,#857,.T.);
#857 = EDGE_CURVE('',#850,#858,#860,.T.);
#858 = VERTEX_POINT('',#859);
#859 = CARTESIAN_POINT('',(54.,0.,20.));
#860 = LINE('',#861,#862);
#861 = CARTESIAN_POINT('',(4.25,0.,20.));
#862 = VECTOR('',#863,1.);
#863 = DIRECTION('',(1.,0.,-0.));
#864 = ORIENTED_EDGE('',*,*,#865,.F.);
#865 = EDGE_CURVE('',#842,#858,#866,.T.);
#866 = LINE('',#867,#868);
#867 = CARTESIAN_POINT('',(54.,0.,8.75));
#868 = VECTOR('',#869,1.);
#869 = DIRECTION('',(-0.,0.,-1.));
#870 = FACE_BOUND('',#871,.T.);
#871 = EDGE_LOOP('',(#872,#882,#890,#898));
#872 = ORIENTED_EDGE('',*,*,#873,.F.);
#873 = EDGE_CURVE('',#874,#876,#878,.T.);
#874 = VERTEX_POINT('',#875);
#875 = CARTESIAN_POINT('',(11.,0.,32.));
#876 = VERTEX_POINT('',#877);
#877 = CARTESIAN_POINT('',(54.,0.,32.));
#878 = LINE('',#879,#880);
#879 = CARTESIAN_POINT('',(4.25,0.,32.));
#880 = VECTOR('',#881,1.);
#881 = DIRECTION('',(1.,0.,-0.));
#882 = ORIENTED_EDGE('',*,*,#883,.T.);
#883 = EDGE_CURVE('',#874,#884,#886,.T.);
#884 = VERTEX_POINT('',#885);
#885 = CARTESIAN_POINT('',(11.,0.,28.));
#886 = LINE('',#887,#888);
#887 = CARTESIAN_POINT('',(11.,0.,12.75));
#888 = VECTOR('',#889,1.);
#889 = DIRECTION('',(-0.,0.,-1.));
#890 = ORIENTED_EDGE('',*,*,#891,.T.);
#891 = EDGE_CURVE('',#884,#892,#894,.T.);
#892 = VERTEX_POINT('',#893);
#893 = CARTESIAN_POINT('',(54.,0.,28.));
#894 = LINE('',#895,#896);
#895 = CARTESIAN_POINT('',(4.25,0.,28.));
#896 = VECTOR('',#897,1.);
#897 = DIRECTION('',(1.,0.,-0.));
#898 = ORIENTED_EDGE('',*,*,#899,.F.);
#899 = EDGE_CURVE('',#876,#892,#900,.T.);
#900 = LINE('',#901,#902);
#901 = CARTESIAN_POINT('',(54.,0.,12.75));
#902 = VECTOR('',#903,1.);
#903 = DIRECTION('',(-0.,0.,-1.));
#904 = FACE_BOUND('',#905,.T.);
#905 = EDGE_LOOP('',(#906,#916,#924,#932));
#906 = ORIENTED_EDGE('',*,*,#907,.F.);
#907 = EDGE_CURVE('',#908,#910,#912,.T.);
#908 = VERTEX_POINT('',#909);
#909 = CARTESIAN_POINT('',(11.,0.,40.));
#910 = VERTEX_POINT('',#911);
#911 = CARTESIAN_POINT('',(54.,0.,40.));
#912 = LINE('',#913,#914);
#913 = CARTESIAN_POINT('',(4.25,0.,40.));
#914 = VECTOR('',#915,1.);
#915 = DIRECTION('',(1.,0.,-0.));
#916 = ORIENTED_EDGE('',*,*,#917,.T.);
#917 = EDGE_CURVE('',#908,#918,#920,.T.);
#918 = VERTEX_POINT('',#919);
#919 = CARTESIAN_POINT('',(11.,0.,36.));
#920 = LINE('',#921,#922);
#921 = CARTESIAN_POINT('',(11.,0.,16.75));
#922 = VECTOR('',#923,1.);
#923 = DIRECTION('',(-0.,0.,-1.));
#924 = ORIENTED_EDGE('',*,*,#925,.T.);
#925 = EDGE_CURVE('',#918,#926,#928,.T.);
#926 = VERTEX_POINT('',#927);
#927 = CARTESIAN_POINT('',(54.,0.,36.));
#928 = LINE('',#929,#930);
#929 = CARTESIAN_POINT('',(4.25,0.,36.));
#930 = VECTOR('',#931,1.);
#931 = DIRECTION('',(1.,0.,-0.));
#932 = ORIENTED_EDGE('',*,*,#933,.F.);
#933 = EDGE_CURVE('',#910,#926,#934,.T.);
#934 = LINE('',#935,#936);
#935 = CARTESIAN_POINT('',(54.,0.,16.75));
#936 = VECTOR('',#937,1.);
#937 = DIRECTION('',(-0.,0.,-1.));
#938 = FACE_BOUND('',#939,.T.);
#939 = EDGE_LOOP('',(#940,#950,#958,#966));
#940 = ORIENTED_EDGE('',*,*,#941,.F.);
#941 = EDGE_CURVE('',#942,#944,#946,.T.);
#942 = VERTEX_POINT('',#943);
#943 = CARTESIAN_POINT('',(11.,0.,48.));
#944 = VERTEX_POINT('',#945);
#945 = CARTESIAN_POINT('',(54.,0.,48.));
#946 = LINE('',#947,#948);
#947 = CARTESIAN_POINT('',(4.25,0.,48.));
#948 = VECTOR('',#949,1.);
#949 = DIRECTION('',(1.,0.,-0.));
#950 = ORIENTED_EDGE('',*,*,#951,.T.);
#951 = EDGE_CURVE('',#942,#952,#954,.T.);
#952 = VERTEX_POINT('',#953);
#953 = CARTESIAN_POINT('',(11.,0.,44.));
#954 = LINE('',#955,#956);
#955 = CARTESIAN_POINT('',(11.,0.,20.75));
#956 = VECTOR('',#957,1.);
#957 = DIRECTION('',(-0.,0.,-1.));
#958 = ORIENTED_EDGE('',*,*,#959,.T.);
#959 = EDGE_CURVE('',#952,#960,#962,.T.);
#960 = VERTEX_POINT('',#961);
#961 = CARTESIAN_POINT('',(54.,0.,44.));
#962 = LINE('',#963,#964);
#963 = CARTESIAN_POINT('',(4.25,0.,44.));
#964 = VECTOR('',#965,1.);
#965 = DIRECTION('',(1.,0.,-0.));
#966 = ORIENTED_EDGE('',*,*,#967,.F.);
#967 = EDGE_CURVE('',#944,#960,#968,.T.);
#968 = LINE('',#969,#970);
#969 = CARTESIAN_POINT('',(54.,0.,20.75));
#970 = VECTOR('',#971,1.);
#971 = DIRECTION('',(-0.,0.,-1.));
#972 = FACE_BOUND('',#973,.T.);
#973 = EDGE_LOOP('',(#974));
#974 = ORIENTED_EDGE('',*,*,#975,.F.);
#975 = EDGE_CURVE('',#976,#976,#978,.T.);
#976 = VERTEX_POINT('',#977);
#977 = CARTESIAN_POINT('',(61.5,0.,21.7));
#978 = CIRCLE('',#979,1.7);
#979 = AXIS2_PLACEMENT_3D('',#980,#981,#982);
#980 = CARTESIAN_POINT('',(61.5,0.,20.));
#981 = DIRECTION('',(0.,1.,0.));
#982 = DIRECTION('',(0.,-0.,1.));
#983 = FACE_BOUND('',#984,.T.);
#984 = EDGE_LOOP('',(#985));
#985 = ORIENTED_EDGE('',*,*,#986,.F.);
#986 = EDGE_CURVE('',#987,#987,#989,.T.);
#987 = VERTEX_POINT('',#988);
#988 = CARTESIAN_POINT('',(61.5,0.,71.7));
#989 = CIRCLE('',#990,1.7);
#990 = AXIS2_PLACEMENT_3D('',#991,#992,#993);
#991 = CARTESIAN_POINT('',(61.5,0.,70.));
#992 = DIRECTION('',(0.,1.,0.));
#993 = DIRECTION('',(0.,-0.,1.));
#994 = FACE_BOUND('',#995,.T.);
#995 = EDGE_LOOP('',(#996));
#996 = ORIENTED_EDGE('',*,*,#997,.F.);
#997 = EDGE_CURVE('',#998,#998,#1000,.T.);
#998 = VERTEX_POINT('',#999);
#999 = CARTESIAN_POINT('',(7.5,0.,92.2));
#1000 = CIRCLE('',#1001,2.2);
#1001 = AXIS2_PLACEMENT_3D('',#1002,#1003,#1004);
#1002 = CARTESIAN_POINT('',(7.5,0.,90.));
#1003 = DIRECTION('',(0.,1.,0.));
#1004 = DIRECTION('',(0.,-0.,1.));
#1005 = FACE_BOUND('',#1006,.T.);
#1006 = EDGE_LOOP('',(#1007));
#1007 = ORIENTED_EDGE('',*,*,#1008,.F.);
#1008 = EDGE_CURVE('',#1009,#1009,#1011,.T.);
#1009 = VERTEX_POINT('',#1010);
#1010 = CARTESIAN_POINT('',(7.5,0.,152.2));
#1011 = CIRCLE('',#1012,2.2);
#1012 = AXIS2_PLACEMENT_3D('',#1013,#1014,#1015);
#1013 = CARTESIAN_POINT('',(7.5,0.,150.));
#1014 = DIRECTION('',(0.,1.,0.));
#1015 = DIRECTION('',(0.,-0.,1.));
#1016 = FACE_BOUND('',#1017,.T.);
#1017 = EDGE_LOOP('',(#1018));
#1018 = ORIENTED_EDGE('',*,*,#1019,.F.);
#1019 = EDGE_CURVE('',#1020,#1020,#1022,.T.);
#1020 = VERTEX_POINT('',#1021);
#1021 = CARTESIAN_POINT('',(61.5,0.,121.7));
#1022 = CIRCLE('',#1023,1.7);
#1023 = AXIS2_PLACEMENT_3D('',#1024,#1025,#1026);
#1024 = CARTESIAN_POINT('',(61.5,0.,120.));
#1025 = DIRECTION('',(0.,1.,0.));
#1026 = DIRECTION('',(0.,-0.,1.));
#1027 = FACE_BOUND('',#1028,.T.);
#1028 = EDGE_LOOP('',(#1029));
#1029 = ORIENTED_EDGE('',*,*,#1030,.F.);
#1030 = EDGE_CURVE('',#1031,#1031,#1033,.T.);
#1031 = VERTEX_POINT('',#1032);
#1032 = CARTESIAN_POINT('',(111.,0.,21.7));
#1033 = CIRCLE('',#1034,1.7);
#1034 = AXIS2_PLACEMENT_3D('',#1035,#1036,#1037);
#1035 = CARTESIAN_POINT('',(111.,0.,20.));
#1036 = DIRECTION('',(0.,1.,0.));
#1037 = DIRECTION('',(0.,-0.,1.));
#1038 = FACE_BOUND('',#1039,.T.);
#1039 = EDGE_LOOP('',(#1040));
#1040 = ORIENTED_EDGE('',*,*,#1041,.F.);
#1041 = EDGE_CURVE('',#1042,#1042,#1044,.T.);
#1042 = VERTEX_POINT('',#1043);
#1043 = CARTESIAN_POINT('',(7.5,0.,212.2));
#1044 = CIRCLE('',#1045,2.2);
#1045 = AXIS2_PLACEMENT_3D('',#1046,#1047,#1048);
#1046 = CARTESIAN_POINT('',(7.5,0.,210.));
#1047 = DIRECTION('',(0.,1.,0.));
#1048 = DIRECTION('',(0.,-0.,1.));
#1049 = FACE_BOUND('',#1050,.T.);
#1050 = EDGE_LOOP('',(#1051));
#1051 = ORIENTED_EDGE('',*,*,#1052,.F.);
#1052 = EDGE_CURVE('',#1053,#1053,#1055,.T.);
#1053 = VERTEX_POINT('',#1054);
#1054 = CARTESIAN_POINT('',(61.5,0.,171.7));
#1055 = CIRCLE('',#1056,1.7);
#1056 = AXIS2_PLACEMENT_3D('',#1057,#1058,#1059);
#1057 = CARTESIAN_POINT('',(61.5,0.,170.));
#1058 = DIRECTION('',(0.,1.,0.));
#1059 = DIRECTION('',(0.,-0.,1.));
#1060 = FACE_BOUND('',#1061,.T.);
#1061 = EDGE_LOOP('',(#1062));
#1062 = ORIENTED_EDGE('',*,*,#1063,.F.);
#1063 = EDGE_CURVE('',#1064,#1064,#1066,.T.);
#1064 = VERTEX_POINT('',#1065);
#1065 = CARTESIAN_POINT('',(61.5,0.,221.7));
#1066 = CIRCLE('',#1067,1.7);
#1067 = AXIS2_PLACEMENT_3D('',#1068,#1069,#1070);
#1068 = CARTESIAN_POINT('',(61.5,0.,220.));
#1069 = DIRECTION('',(0.,1.,0.));
#1070 = DIRECTION('',(0.,-0.,1.));
#1071 = FACE_BOUND('',#1072,.T.);
#1072 = EDGE_LOOP('',(#1073));
#1073 = ORIENTED_EDGE('',*,*,#1074,.F.);
#1074 = EDGE_CURVE('',#1075,#1075,#1077,.T.);
#1075 = VERTEX_POINT('',#1076);
#1076 = CARTESIAN_POINT('',(7.5,0.,272.2));
#1077 = CIRCLE('',#1078,2.2);
#1078 = AXIS2_PLACEMENT_3D('',#1079,#1080,#1081);
#1079 = CARTESIAN_POINT('',(7.5,0.,270.));
#1080 = DIRECTION('',(0.,1.,0.));
#1081 = DIRECTION('',(0.,-0.,1.));
#1082 = FACE_BOUND('',#1083,.T.);
#1083 = EDGE_LOOP('',(#1084));
#1084 = ORIENTED_EDGE('',*,*,#1085,.F.);
#1085 = EDGE_CURVE('',#1086,#1086,#1088,.T.);
#1086 = VERTEX_POINT('',#1087);
#1087 = CARTESIAN_POINT('',(61.5,0.,271.7));
#1088 = CIRCLE('',#1089,1.7);
#1089 = AXIS2_PLACEMENT_3D('',#1090,#1091,#1092);
#1090 = CARTESIAN_POINT('',(61.5,0.,270.));
#1091 = DIRECTION('',(0.,1.,0.));
#1092 = DIRECTION('',(0.,-0.,1.));
#1093 = FACE_BOUND('',#1094,.T.);
#1094 = EDGE_LOOP('',(#1095));
#1095 = ORIENTED_EDGE('',*,*,#1096,.F.);
#1096 = EDGE_CURVE('',#1097,#1097,#1099,.T.);
#1097 = VERTEX_POINT('',#1098);
#1098 = CARTESIAN_POINT('',(111.,0.,291.7));
#1099 = CIRCLE('',#1100,1.7);
#1100 = AXIS2_PLACEMENT_3D('',#1101,#1102,#1103);
#1101 = CARTESIAN_POINT('',(111.,0.,290.));
#1102 = DIRECTION('',(0.,1.,0.));
#1103 = DIRECTION('',(0.,-0.,1.));
#1104 = FACE_BOUND('',#1105,.T.);
#1105 = EDGE_LOOP('',(#1106));
#1106 = ORIENTED_EDGE('',*,*,#1107,.F.);
#1107 = EDGE_CURVE('',#1108,#1108,#1110,.T.);
#1108 = VERTEX_POINT('',#1109);
#1109 = CARTESIAN_POINT('',(161.,0.,21.7));
#1110 = CIRCLE('',#1111,1.7);
#1111 = AXIS2_PLACEMENT_3D('',#1112,#1113,#1114);
#1112 = CARTESIAN_POINT('',(161.,0.,20.));
#1113 = DIRECTION('',(0.,1.,0.));
#1114 = DIRECTION('',(0.,-0.,1.));
#1115 = FACE_BOUND('',#1116,.T.);
#1116 = EDGE_LOOP('',(#1117));
#1117 = ORIENTED_EDGE('',*,*,#1118,.F.);
#1118 = EDGE_CURVE('',#1119,#1119,#1121,.T.);
#1119 = VERTEX_POINT('',#1120);
#1120 = CARTESIAN_POINT('',(248.5,0.,21.7));
#1121 = CIRCLE('',#1122,1.7);
#1122 = AXIS2_PLACEMENT_3D('',#1123,#1124,#1125);
#1123 = CARTESIAN_POINT('',(248.5,0.,20.));
#1124 = DIRECTION('',(0.,1.,0.));
#1125 = DIRECTION('',(0.,-0.,1.));
#1126 = FACE_BOUND('',#1127,.T.);
#1127 = EDGE_LOOP('',(#1128));
#1128 = ORIENTED_EDGE('',*,*,#1129,.F.);
#1129 = EDGE_CURVE('',#1130,#1130,#1132,.T.);
#1130 = VERTEX_POINT('',#1131);
#1131 = CARTESIAN_POINT('',(248.5,0.,71.7));
#1132 = CIRCLE('',#1133,1.7);
#1133 = AXIS2_PLACEMENT_3D('',#1134,#1135,#1136);
#1134 = CARTESIAN_POINT('',(248.5,0.,70.));
#1135 = DIRECTION('',(0.,1.,0.));
#1136 = DIRECTION('',(0.,-0.,1.));
#1137 = FACE_BOUND('',#1138,.T.);
#1138 = EDGE_LOOP('',(#1139,#1149,#1157,#1165));
#1139 = ORIENTED_EDGE('',*,*,#1140,.F.);
#1140 = EDGE_CURVE('',#1141,#1143,#1145,.T.);
#1141 = VERTEX_POINT('',#1142);
#1142 = CARTESIAN_POINT('',(256.,0.,16.));
#1143 = VERTEX_POINT('',#1144);
#1144 = CARTESIAN_POINT('',(299.,0.,16.));
#1145 = LINE('',#1146,#1147);
#1146 = CARTESIAN_POINT('',(126.75,0.,16.));
#1147 = VECTOR('',#1148,1.);
#1148 = DIRECTION('',(1.,0.,-0.));
#1149 = ORIENTED_EDGE('',*,*,#1150,.T.);
#1150 = EDGE_CURVE('',#1141,#1151,#1153,.T.);
#1151 = VERTEX_POINT('',#1152);
#1152 = CARTESIAN_POINT('',(256.,0.,12.));
#1153 = LINE('',#1154,#1155);
#1154 = CARTESIAN_POINT('',(256.,0.,4.75));
#1155 = VECTOR('',#1156,1.);
#1156 = DIRECTION('',(-0.,0.,-1.));
#1157 = ORIENTED_EDGE('',*,*,#1158,.T.);
#1158 = EDGE_CURVE('',#1151,#1159,#1161,.T.);
#1159 = VERTEX_POINT('',#1160);
#1160 = CARTESIAN_POINT('',(299.,0.,12.));
#1161 = LINE('',#1162,#1163);
#1162 = CARTESIAN_POINT('',(126.75,0.,12.));
#1163 = VECTOR('',#1164,1.);
#1164 = DIRECTION('',(1.,0.,-0.));
#1165 = ORIENTED_EDGE('',*,*,#1166,.F.);
#1166 = EDGE_CURVE('',#1143,#1159,#1167,.T.);
#1167 = LINE('',#1168,#1169);
#1168 = CARTESIAN_POINT('',(299.,0.,4.75));
#1169 = VECTOR('',#1170,1.);
#1170 = DIRECTION('',(-0.,0.,-1.));
#1171 = FACE_BOUND('',#1172,.T.);
#1172 = EDGE_LOOP('',(#1173,#1183,#1191,#1199));
#1173 = ORIENTED_EDGE('',*,*,#1174,.F.);
#1174 = EDGE_CURVE('',#1175,#1177,#1179,.T.);
#1175 = VERTEX_POINT('',#1176);
#1176 = CARTESIAN_POINT('',(256.,0.,24.));
#1177 = VERTEX_POINT('',#1178);
#1178 = CARTESIAN_POINT('',(299.,0.,24.));
#1179 = LINE('',#1180,#1181);
#1180 = CARTESIAN_POINT('',(126.75,0.,24.));
#1181 = VECTOR('',#1182,1.);
#1182 = DIRECTION('',(1.,0.,-0.));
#1183 = ORIENTED_EDGE('',*,*,#1184,.T.);
#1184 = EDGE_CURVE('',#1175,#1185,#1187,.T.);
#1185 = VERTEX_POINT('',#1186);
#1186 = CARTESIAN_POINT('',(256.,0.,20.));
#1187 = LINE('',#1188,#1189);
#1188 = CARTESIAN_POINT('',(256.,0.,8.75));
#1189 = VECTOR('',#1190,1.);
#1190 = DIRECTION('',(-0.,0.,-1.));
#1191 = ORIENTED_EDGE('',*,*,#1192,.T.);
#1192 = EDGE_CURVE('',#1185,#1193,#1195,.T.);
#1193 = VERTEX_POINT('',#1194);
#1194 = CARTESIAN_POINT('',(299.,0.,20.));
#1195 = LINE('',#1196,#1197);
#1196 = CARTESIAN_POINT('',(126.75,0.,20.));
#1197 = VECTOR('',#1198,1.);
#1198 = DIRECTION('',(1.,0.,-0.));
#1199 = ORIENTED_EDGE('',*,*,#1200,.F.);
#1200 = EDGE_CURVE('',#1177,#1193,#1201,.T.);
#1201 = LINE('',#1202,#1203);
#1202 = CARTESIAN_POINT('',(299.,0.,8.75));
#1203 = VECTOR('',#1204,1.);
#1204 = DIRECTION('',(-0.,0.,-1.));
#1205 = FACE_BOUND('',#1206,.T.);
#1206 = EDGE_LOOP('',(#1207,#1217,#1225,#1233));
#1207 = ORIENTED_EDGE('',*,*,#1208,.F.);
#1208 = EDGE_CURVE('',#1209,#1211,#1213,.T.);
#1209 = VERTEX_POINT('',#1210);
#1210 = CARTESIAN_POINT('',(256.,0.,32.));
#1211 = VERTEX_POINT('',#1212);
#1212 = CARTESIAN_POINT('',(299.,0.,32.));
#1213 = LINE('',#1214,#1215);
#1214 = CARTESIAN_POINT('',(126.75,0.,32.));
#1215 = VECTOR('',#1216,1.);
#1216 = DIRECTION('',(1.,0.,-0.));
#1217 = ORIENTED_EDGE('',*,*,#1218,.T.);
#1218 = EDGE_CURVE('',#1209,#1219,#1221,.T.);
#1219 = VERTEX_POINT('',#1220);
#1220 = CARTESIAN_POINT('',(256.,0.,28.));
#1221 = LINE('',#1222,#1223);
#1222 = CARTESIAN_POINT('',(256.,0.,12.75));
#1223 = VECTOR('',#1224,1.);
#1224 = DIRECTION('',(-0.,0.,-1.));
#1225 = ORIENTED_EDGE('',*,*,#1226,.T.);
#1226 = EDGE_CURVE('',#1219,#1227,#1229,.T.);
#1227 = VERTEX_POINT('',#1228);
#1228 = CARTESIAN_POINT('',(299.,0.,28.));
#1229 = LINE('',#1230,#1231);
#1230 = CARTESIAN_POINT('',(126.75,0.,28.));
#1231 = VECTOR('',#1232,1.);
#1232 = DIRECTION('',(1.,0.,-0.));
#1233 = ORIENTED_EDGE('',*,*,#1234,.F.);
#1234 = EDGE_CURVE('',#1211,#1227,#1235,.T.);
#1235 = LINE('',#1236,#1237);
#1236 = CARTESIAN_POINT('',(299.,0.,12.75));
#1237 = VECTOR('',#1238,1.);
#1238 = DIRECTION('',(-0.,0.,-1.));
#1239 = FACE_BOUND('',#1240,.T.);
#1240 = EDGE_LOOP('',(#1241,#1251,#1259,#1267));
#1241 = ORIENTED_EDGE('',*,*,#1242,.F.);
#1242 = EDGE_CURVE('',#1243,#1245,#1247,.T.);
#1243 = VERTEX_POINT('',#1244);
#1244 = CARTESIAN_POINT('',(256.,0.,40.));
#1245 = VERTEX_POINT('',#1246);
#1246 = CARTESIAN_POINT('',(299.,0.,40.));
#1247 = LINE('',#1248,#1249);
#1248 = CARTESIAN_POINT('',(126.75,0.,40.));
#1249 = VECTOR('',#1250,1.);
#1250 = DIRECTION('',(1.,0.,-0.));
#1251 = ORIENTED_EDGE('',*,*,#1252,.T.);
#1252 = EDGE_CURVE('',#1243,#1253,#1255,.T.);
#1253 = VERTEX_POINT('',#1254);
#1254 = CARTESIAN_POINT('',(256.,0.,36.));
#1255 = LINE('',#1256,#1257);
#1256 = CARTESIAN_POINT('',(256.,0.,16.75));
#1257 = VECTOR('',#1258,1.);
#1258 = DIRECTION('',(-0.,0.,-1.));
#1259 = ORIENTED_EDGE('',*,*,#1260,.T.);
#1260 = EDGE_CURVE('',#1253,#1261,#1263,.T.);
#1261 = VERTEX_POINT('',#1262);
#1262 = CARTESIAN_POINT('',(299.,0.,36.));
#1263 = LINE('',#1264,#1265);
#1264 = CARTESIAN_POINT('',(126.75,0.,36.));
#1265 = VECTOR('',#1266,1.);
#1266 = DIRECTION('',(1.,0.,-0.));
#1267 = ORIENTED_EDGE('',*,*,#1268,.F.);
#1268 = EDGE_CURVE('',#1245,#1261,#1269,.T.);
#1269 = LINE('',#1270,#1271);
#1270 = CARTESIAN_POINT('',(299.,0.,16.75));
#1271 = VECTOR('',#1272,1.);
#1272 = DIRECTION('',(-0.,0.,-1.));
#1273 = FACE_BOUND('',#1274,.T.);
#1274 = EDGE_LOOP('',(#1275,#1285,#1293,#1301));
#1275 = ORIENTED_EDGE('',*,*,#1276,.F.);
#1276 = EDGE_CURVE('',#1277,#1279,#1281,.T.);
#1277 = VERTEX_POINT('',#1278);
#1278 = CARTESIAN_POINT('',(256.,0.,48.));
#1279 = VERTEX_POINT('',#1280);
#1280 = CARTESIAN_POINT('',(299.,0.,48.));
#1281 = LINE('',#1282,#1283);
#1282 = CARTESIAN_POINT('',(126.75,0.,48.));
#1283 = VECTOR('',#1284,1.);
#1284 = DIRECTION('',(1.,0.,-0.));
#1285 = ORIENTED_EDGE('',*,*,#1286,.T.);
#1286 = EDGE_CURVE('',#1277,#1287,#1289,.T.);
#1287 = VERTEX_POINT('',#1288);
#1288 = CARTESIAN_POINT('',(256.,0.,44.));
#1289 = LINE('',#1290,#1291);
#1290 = CARTESIAN_POINT('',(256.,0.,20.75));
#1291 = VECTOR('',#1292,1.);
#1292 = DIRECTION('',(-0.,0.,-1.));
#1293 = ORIENTED_EDGE('',*,*,#1294,.T.);
#1294 = EDGE_CURVE('',#1287,#1295,#1297,.T.);
#1295 = VERTEX_POINT('',#1296);
#1296 = CARTESIAN_POINT('',(299.,0.,44.));
#1297 = LINE('',#1298,#1299);
#1298 = CARTESIAN_POINT('',(126.75,0.,44.));
#1299 = VECTOR('',#1300,1.);
#1300 = DIRECTION('',(1.,0.,-0.));
#1301 = ORIENTED_EDGE('',*,*,#1302,.F.);
#1302 = EDGE_CURVE('',#1279,#1295,#1303,.T.);
#1303 = LINE('',#1304,#1305);
#1304 = CARTESIAN_POINT('',(299.,0.,20.75));
#1305 = VECTOR('',#1306,1.);
#1306 = DIRECTION('',(-0.,0.,-1.));
#1307 = FACE_BOUND('',#1308,.T.);
#1308 = EDGE_LOOP('',(#1309));
#1309 = ORIENTED_EDGE('',*,*,#1310,.F.);
#1310 = EDGE_CURVE('',#1311,#1311,#1313,.T.);
#1311 = VERTEX_POINT('',#1312);
#1312 = CARTESIAN_POINT('',(302.5,0.,32.2));
#1313 = CIRCLE('',#1314,2.2);
#1314 = AXIS2_PLACEMENT_3D('',#1315,#1316,#1317);
#1315 = CARTESIAN_POINT('',(302.5,0.,30.));
#1316 = DIRECTION('',(0.,1.,0.));
#1317 = DIRECTION('',(0.,-0.,1.));
#1318 = FACE_BOUND('',#1319,.T.);
#1319 = EDGE_LOOP('',(#1320));
#1320 = ORIENTED_EDGE('',*,*,#1321,.F.);
#1321 = EDGE_CURVE('',#1322,#1322,#1324,.T.);
#1322 = VERTEX_POINT('',#1323);
#1323 = CARTESIAN_POINT('',(248.5,0.,121.7));
#1324 = CIRCLE('',#1325,1.7);
#1325 = AXIS2_PLACEMENT_3D('',#1326,#1327,#1328);
#1326 = CARTESIAN_POINT('',(248.5,0.,120.));
#1327 = DIRECTION('',(0.,1.,0.));
#1328 = DIRECTION('',(0.,-0.,1.));
#1329 = FACE_BOUND('',#1330,.T.);
#1330 = EDGE_LOOP('',(#1331));
#1331 = ORIENTED_EDGE('',*,*,#1332,.F.);
#1332 = EDGE_CURVE('',#1333,#1333,#1335,.T.);
#1333 = VERTEX_POINT('',#1334);
#1334 = CARTESIAN_POINT('',(302.5,0.,92.2));
#1335 = CIRCLE('',#1336,2.2);
#1336 = AXIS2_PLACEMENT_3D('',#1337,#1338,#1339);
#1337 = CARTESIAN_POINT('',(302.5,0.,90.));
#1338 = DIRECTION('',(0.,1.,0.));
#1339 = DIRECTION('',(0.,-0.,1.));
#1340 = FACE_BOUND('',#1341,.T.);
#1341 = EDGE_LOOP('',(#1342));
#1342 = ORIENTED_EDGE('',*,*,#1343,.F.);
#1343 = EDGE_CURVE('',#1344,#1344,#1346,.T.);
#1344 = VERTEX_POINT('',#1345);
#1345 = CARTESIAN_POINT('',(302.5,0.,152.2));
#1346 = CIRCLE('',#1347,2.2);
#1347 = AXIS2_PLACEMENT_3D('',#1348,#1349,#1350);
#1348 = CARTESIAN_POINT('',(302.5,0.,150.));
#1349 = DIRECTION('',(0.,1.,0.));
#1350 = DIRECTION('',(0.,-0.,1.));
#1351 = FACE_BOUND('',#1352,.T.);
#1352 = EDGE_LOOP('',(#1353,#1363,#1371,#1379));
#1353 = ORIENTED_EDGE('',*,*,#1354,.F.);
#1354 = EDGE_CURVE('',#1355,#1357,#1359,.T.);
#1355 = VERTEX_POINT('',#1356);
#1356 = CARTESIAN_POINT('',(67.5,0.,284.));
#1357 = VERTEX_POINT('',#1358);
#1358 = CARTESIAN_POINT('',(242.5,0.,284.));
#1359 = LINE('',#1360,#1361);
#1360 = CARTESIAN_POINT('',(32.5,0.,284.));
#1361 = VECTOR('',#1362,1.);
#1362 = DIRECTION('',(1.,0.,-0.));
#1363 = ORIENTED_EDGE('',*,*,#1364,.T.);
#1364 = EDGE_CURVE('',#1355,#1365,#1367,.T.);
#1365 = VERTEX_POINT('',#1366);
#1366 = CARTESIAN_POINT('',(67.5,0.,26.));
#1367 = LINE('',#1368,#1369);
#1368 = CARTESIAN_POINT('',(67.5,0.,11.75));
#1369 = VECTOR('',#1370,1.);
#1370 = DIRECTION('',(-0.,0.,-1.));
#1371 = ORIENTED_EDGE('',*,*,#1372,.T.);
#1372 = EDGE_CURVE('',#1365,#1373,#1375,.T.);
#1373 = VERTEX_POINT('',#1374);
#1374 = CARTESIAN_POINT('',(242.5,0.,26.));
#1375 = LINE('',#1376,#1377);
#1376 = CARTESIAN_POINT('',(32.5,0.,26.));
#1377 = VECTOR('',#1378,1.);
#1378 = DIRECTION('',(1.,0.,-0.));
#1379 = ORIENTED_EDGE('',*,*,#1380,.F.);
#1380 = EDGE_CURVE('',#1357,#1373,#1381,.T.);
#1381 = LINE('',#1382,#1383);
#1382 = CARTESIAN_POINT('',(242.5,0.,11.75));
#1383 = VECTOR('',#1384,1.);
#1384 = DIRECTION('',(-0.,0.,-1.));
#1385 = FACE_BOUND('',#1386,.T.);
#1386 = EDGE_LOOP('',(#1387));
#1387 = ORIENTED_EDGE('',*,*,#1388,.F.);
#1388 = EDGE_CURVE('',#1389,#1389,#1391,.T.);
#1389 = VERTEX_POINT('',#1390);
#1390 = CARTESIAN_POINT('',(161.,0.,291.7));
#1391 = CIRCLE('',#1392,1.7);
#1392 = AXIS2_PLACEMENT_3D('',#1393,#1394,#1395);
#1393 = CARTESIAN_POINT('',(161.,0.,290.));
#1394 = DIRECTION('',(0.,1.,0.));
#1395 = DIRECTION('',(0.,-0.,1.));
#1396 = FACE_BOUND('',#1397,.T.);
#1397 = EDGE_LOOP('',(#1398));
#1398 = ORIENTED_EDGE('',*,*,#1399,.F.);
#1399 = EDGE_CURVE('',#1400,#1400,#1402,.T.);
#1400 = VERTEX_POINT('',#1401);
#1401 = CARTESIAN_POINT('',(248.5,0.,171.7));
#1402 = CIRCLE('',#1403,1.7);
#1403 = AXIS2_PLACEMENT_3D('',#1404,#1405,#1406);
#1404 = CARTESIAN_POINT('',(248.5,0.,170.));
#1405 = DIRECTION('',(0.,1.,0.));
#1406 = DIRECTION('',(0.,-0.,1.));
#1407 = FACE_BOUND('',#1408,.T.);
#1408 = EDGE_LOOP('',(#1409));
#1409 = ORIENTED_EDGE('',*,*,#1410,.F.);
#1410 = EDGE_CURVE('',#1411,#1411,#1413,.T.);
#1411 = VERTEX_POINT('',#1412);
#1412 = CARTESIAN_POINT('',(248.5,0.,221.7));
#1413 = CIRCLE('',#1414,1.7);
#1414 = AXIS2_PLACEMENT_3D('',#1415,#1416,#1417);
#1415 = CARTESIAN_POINT('',(248.5,0.,220.));
#1416 = DIRECTION('',(0.,1.,0.));
#1417 = DIRECTION('',(0.,-0.,1.));
#1418 = FACE_BOUND('',#1419,.T.);
#1419 = EDGE_LOOP('',(#1420));
#1420 = ORIENTED_EDGE('',*,*,#1421,.F.);
#1421 = EDGE_CURVE('',#1422,#1422,#1424,.T.);
#1422 = VERTEX_POINT('',#1423);
#1423 = CARTESIAN_POINT('',(302.5,0.,212.2));
#1424 = CIRCLE('',#1425,2.2);
#1425 = AXIS2_PLACEMENT_3D('',#1426,#1427,#1428);
#1426 = CARTESIAN_POINT('',(302.5,0.,210.));
#1427 = DIRECTION('',(0.,1.,0.));
#1428 = DIRECTION('',(0.,-0.,1.));
#1429 = FACE_BOUND('',#1430,.T.);
#1430 = EDGE_LOOP('',(#1431));
#1431 = ORIENTED_EDGE('',*,*,#1432,.F.);
#1432 = EDGE_CURVE('',#1433,#1433,#1435,.T.);
#1433 = VERTEX_POINT('',#1434);
#1434 = CARTESIAN_POINT('',(248.5,0.,271.7));
#1435 = CIRCLE('',#1436,1.7);
#1436 = AXIS2_PLACEMENT_3D('',#1437,#1438,#1439);
#1437 = CARTESIAN_POINT('',(248.5,0.,270.));
#1438 = DIRECTION('',(0.,1.,0.));
#1439 = DIRECTION('',(0.,-0.,1.));
#1440 = FACE_BOUND('',#1441,.T.);
#1441 = EDGE_LOOP('',(#1442));
#1442 = ORIENTED_EDGE('',*,*,#1443,.F.);
#1443 = EDGE_CURVE('',#1444,#1444,#1446,.T.);
#1444 = VERTEX_POINT('',#1445);
#1445 = CARTESIAN_POINT('',(302.5,0.,272.2));
#1446 = CIRCLE('',#1447,2.2);
#1447 = AXIS2_PLACEMENT_3D('',#1448,#1449,#1450);
#1448 = CARTESIAN_POINT('',(302.5,0.,270.));
#1449 = DIRECTION('',(0.,1.,0.));
#1450 = DIRECTION('',(0.,-0.,1.));
#1451 = PLANE('',#1452);
#1452 = AXIS2_PLACEMENT_3D('',#1453,#1454,#1455);
#1453 = CARTESIAN_POINT('',(-2.5,0.,-2.5));
#1454 = DIRECTION('',(-0.,1.,0.));
#1455 = DIRECTION('',(0.,0.,1.));
#1456 = ADVANCED_FACE('',(#1457),#1468,.F.);
#1457 = FACE_BOUND('',#1458,.F.);
#1458 = EDGE_LOOP('',(#1459,#1460,#1461,#1467));
#1459 = ORIENTED_EDGE('',*,*,#31,.F.);
#1460 = ORIENTED_EDGE('',*,*,#61,.T.);
#1461 = ORIENTED_EDGE('',*,*,#1462,.T.);
#1462 = EDGE_CURVE('',#62,#777,#1463,.T.);
#1463 = LINE('',#1464,#1465);
#1464 = CARTESIAN_POINT('',(312.5,-2.5,-2.5));
#1465 = VECTOR('',#1466,1.);
#1466 = DIRECTION('',(-0.,1.,0.));
#1467 = ORIENTED_EDGE('',*,*,#776,.F.);
#1468 = PLANE('',#1469);
#1469 = AXIS2_PLACEMENT_3D('',#1470,#1471,#1472);
#1470 = CARTESIAN_POINT('',(-2.5,-2.5,-2.5));
#1471 = DIRECTION('',(0.,0.,1.));
#1472 = DIRECTION('',(1.,0.,-0.));
#1473 = ADVANCED_FACE('',(#1474),#1480,.T.);
#1474 = FACE_BOUND('',#1475,.T.);
#1475 = EDGE_LOOP('',(#1476,#1477,#1478,#1479));
#1476 = ORIENTED_EDGE('',*,*,#78,.F.);
#1477 = ORIENTED_EDGE('',*,*,#1462,.T.);
#1478 = ORIENTED_EDGE('',*,*,#786,.T.);
#1479 = ORIENTED_EDGE('',*,*,#754,.F.);
#1480 = PLANE('',#1481);
#1481 = AXIS2_PLACEMENT_3D('',#1482,#1483,#1484);
#1482 = CARTESIAN_POINT('',(312.5,-2.5,-2.5));
#1483 = DIRECTION('',(1.,0.,-0.));
#1484 = DIRECTION('',(0.,0.,1.));
#1485 = ADVANCED_FACE('',(#1486),#1497,.F.);
#1486 = FACE_BOUND('',#1487,.F.);
#1487 = EDGE_LOOP('',(#1488,#1489,#1495,#1496));
#1488 = ORIENTED_EDGE('',*,*,#794,.F.);
#1489 = ORIENTED_EDGE('',*,*,#1490,.F.);
#1490 = EDGE_CURVE('',#87,#795,#1491,.T.);
#1491 = LINE('',#1492,#1493);
#1492 = CARTESIAN_POINT('',(7.5,-3.5,32.2));
#1493 = VECTOR('',#1494,1.);
#1494 = DIRECTION('',(0.,1.,0.));
#1495 = ORIENTED_EDGE('',*,*,#86,.T.);
#1496 = ORIENTED_EDGE('',*,*,#1490,.T.);
#1497 = CYLINDRICAL_SURFACE('',#1498,2.2);
#1498 = AXIS2_PLACEMENT_3D('',#1499,#1500,#1501);
#1499 = CARTESIAN_POINT('',(7.5,-3.5,30.));
#1500 = DIRECTION('',(0.,1.,0.));
#1501 = DIRECTION('',(0.,-0.,1.));
#1502 = ADVANCED_FACE('',(#1503),#1519,.F.);
#1503 = FACE_BOUND('',#1504,.F.);
#1504 = EDGE_LOOP('',(#1505,#1511,#1512,#1518));
#1505 = ORIENTED_EDGE('',*,*,#1506,.F.);
#1506 = EDGE_CURVE('',#98,#806,#1507,.T.);
#1507 = LINE('',#1508,#1509);
#1508 = CARTESIAN_POINT('',(11.,-3.5,16.));
#1509 = VECTOR('',#1510,1.);
#1510 = DIRECTION('',(-0.,1.,0.));
#1511 = ORIENTED_EDGE('',*,*,#97,.T.);
#1512 = ORIENTED_EDGE('',*,*,#1513,.T.);
#1513 = EDGE_CURVE('',#100,#808,#1514,.T.);
#1514 = LINE('',#1515,#1516);
#1515 = CARTESIAN_POINT('',(54.,-3.5,16.));
#1516 = VECTOR('',#1517,1.);
#1517 = DIRECTION('',(-0.,1.,0.));
#1518 = ORIENTED_EDGE('',*,*,#805,.F.);
#1519 = PLANE('',#1520);
#1520 = AXIS2_PLACEMENT_3D('',#1521,#1522,#1523);
#1521 = CARTESIAN_POINT('',(11.,-3.5,16.));
#1522 = DIRECTION('',(0.,0.,1.));
#1523 = DIRECTION('',(1.,0.,-0.));
#1524 = ADVANCED_FACE('',(#1525),#1536,.T.);
#1525 = FACE_BOUND('',#1526,.T.);
#1526 = EDGE_LOOP('',(#1527,#1528,#1529,#1535));
#1527 = ORIENTED_EDGE('',*,*,#1506,.F.);
#1528 = ORIENTED_EDGE('',*,*,#107,.T.);
#1529 = ORIENTED_EDGE('',*,*,#1530,.T.);
#1530 = EDGE_CURVE('',#108,#816,#1531,.T.);
#1531 = LINE('',#1532,#1533);
#1532 = CARTESIAN_POINT('',(11.,-3.5,12.));
#1533 = VECTOR('',#1534,1.);
#1534 = DIRECTION('',(-0.,1.,0.));
#1535 = ORIENTED_EDGE('',*,*,#815,.F.);
#1536 = PLANE('',#1537);
#1537 = AXIS2_PLACEMENT_3D('',#1538,#1539,#1540);
#1538 = CARTESIAN_POINT('',(11.,-3.5,12.));
#1539 = DIRECTION('',(1.,0.,-0.));
#1540 = DIRECTION('',(0.,0.,1.));
#1541 = ADVANCED_FACE('',(#1542),#1553,.F.);
#1542 = FACE_BOUND('',#1543,.F.);
#1543 = EDGE_LOOP('',(#1544,#1545,#1546,#1552));
#1544 = ORIENTED_EDGE('',*,*,#1513,.F.);
#1545 = ORIENTED_EDGE('',*,*,#123,.T.);
#1546 = ORIENTED_EDGE('',*,*,#1547,.T.);
#1547 = EDGE_CURVE('',#116,#824,#1548,.T.);
#1548 = LINE('',#1549,#1550);
#1549 = CARTESIAN_POINT('',(54.,-3.5,12.));
#1550 = VECTOR('',#1551,1.);
#1551 = DIRECTION('',(-0.,1.,0.));
#1552 = ORIENTED_EDGE('',*,*,#831,.F.);
#1553 = PLANE('',#1554);
#1554 = AXIS2_PLACEMENT_3D('',#1555,#1556,#1557);
#1555 = CARTESIAN_POINT('',(54.,-3.5,12.));
#1556 = DIRECTION('',(1.,0.,-0.));
#1557 = DIRECTION('',(0.,0.,1.));
#1558 = ADVANCED_FACE('',(#1559),#1565,.T.);
#1559 = FACE_BOUND('',#1560,.T.);
#1560 = EDGE_LOOP('',(#1561,#1562,#1563,#1564));
#1561 = ORIENTED_EDGE('',*,*,#1530,.F.);
#1562 = ORIENTED_EDGE('',*,*,#115,.T.);
#1563 = ORIENTED_EDGE('',*,*,#1547,.T.);
#1564 = ORIENTED_EDGE('',*,*,#823,.F.);
#1565 = PLANE('',#1566);
#1566 = AXIS2_PLACEMENT_3D('',#1567,#1568,#1569);
#1567 = CARTESIAN_POINT('',(11.,-3.5,12.));
#1568 = DIRECTION('',(0.,0.,1.));
#1569 = DIRECTION('',(1.,0.,-0.));
#1570 = ADVANCED_FACE('',(#1571),#1587,.F.);
#1571 = FACE_BOUND('',#1572,.F.);
#1572 = EDGE_LOOP('',(#1573,#1579,#1580,#1586));
#1573 = ORIENTED_EDGE('',*,*,#1574,.F.);
#1574 = EDGE_CURVE('',#132,#840,#1575,.T.);
#1575 = LINE('',#1576,#1577);
#1576 = CARTESIAN_POINT('',(11.,-3.5,24.));
#1577 = VECTOR('',#1578,1.);
#1578 = DIRECTION('',(-0.,1.,0.));
#1579 = ORIENTED_EDGE('',*,*,#131,.T.);
#1580 = ORIENTED_EDGE('',*,*,#1581,.T.);
#1581 = EDGE_CURVE('',#134,#842,#1582,.T.);
#1582 = LINE('',#1583,#1584);
#1583 = CARTESIAN_POINT('',(54.,-3.5,24.));
#1584 = VECTOR('',#1585,1.);
#1585 = DIRECTION('',(-0.,1.,0.));
#1586 = ORIENTED_EDGE('',*,*,#839,.F.);
#1587 = PLANE('',#1588);
#1588 = AXIS2_PLACEMENT_3D('',#1589,#1590,#1591);
#1589 = CARTESIAN_POINT('',(11.,-3.5,24.));
#1590 = DIRECTION('',(0.,0.,1.));
#1591 = DIRECTION('',(1.,0.,-0.));
#1592 = ADVANCED_FACE('',(#1593),#1604,.T.);
#1593 = FACE_BOUND('',#1594,.T.);
#1594 = EDGE_LOOP('',(#1595,#1596,#1597,#1603));
#1595 = ORIENTED_EDGE('',*,*,#1574,.F.);
#1596 = ORIENTED_EDGE('',*,*,#141,.T.);
#1597 = ORIENTED_EDGE('',*,*,#1598,.T.);
#1598 = EDGE_CURVE('',#142,#850,#1599,.T.);
#1599 = LINE('',#1600,#1601);
#1600 = CARTESIAN_POINT('',(11.,-3.5,20.));
#1601 = VECTOR('',#1602,1.);
#1602 = DIRECTION('',(-0.,1.,0.));
#1603 = ORIENTED_EDGE('',*,*,#849,.F.);
#1604 = PLANE('',#1605);
#1605 = AXIS2_PLACEMENT_3D('',#1606,#1607,#1608);
#1606 = CARTESIAN_POINT('',(11.,-3.5,20.));
#1607 = DIRECTION('',(1.,0.,-0.));
#1608 = DIRECTION('',(0.,0.,1.));
#1609 = ADVANCED_FACE('',(#1610),#1621,.F.);
#1610 = FACE_BOUND('',#1611,.F.);
#1611 = EDGE_LOOP('',(#1612,#1613,#1614,#1620));
#1612 = ORIENTED_EDGE('',*,*,#1581,.F.);
#1613 = ORIENTED_EDGE('',*,*,#157,.T.);
#1614 = ORIENTED_EDGE('',*,*,#1615,.T.);
#1615 = EDGE_CURVE('',#150,#858,#1616,.T.);
#1616 = LINE('',#1617,#1618);
#1617 = CARTESIAN_POINT('',(54.,-3.5,20.));
#1618 = VECTOR('',#1619,1.);
#1619 = DIRECTION('',(-0.,1.,0.));
#1620 = ORIENTED_EDGE('',*,*,#865,.F.);
#1621 = PLANE('',#1622);
#1622 = AXIS2_PLACEMENT_3D('',#1623,#1624,#1625);
#1623 = CARTESIAN_POINT('',(54.,-3.5,20.));
#1624 = DIRECTION('',(1.,0.,-0.));
#1625 = DIRECTION('',(0.,0.,1.));
#1626 = ADVANCED_FACE('',(#1627),#1633,.T.);
#1627 = FACE_BOUND('',#1628,.T.);
#1628 = EDGE_LOOP('',(#1629,#1630,#1631,#1632));
#1629 = ORIENTED_EDGE('',*,*,#1598,.F.);
#1630 = ORIENTED_EDGE('',*,*,#149,.T.);
#1631 = ORIENTED_EDGE('',*,*,#1615,.T.);
#1632 = ORIENTED_EDGE('',*,*,#857,.F.);
#1633 = PLANE('',#1634);
#1634 = AXIS2_PLACEMENT_3D('',#1635,#1636,#1637);
#1635 = CARTESIAN_POINT('',(11.,-3.5,20.));
#1636 = DIRECTION('',(0.,0.,1.));
#1637 = DIRECTION('',(1.,0.,-0.));
#1638 = ADVANCED_FACE('',(#1639),#1655,.F.);
#1639 = FACE_BOUND('',#1640,.F.);
#1640 = EDGE_LOOP('',(#1641,#1647,#1648,#1654));
#1641 = ORIENTED_EDGE('',*,*,#1642,.F.);
#1642 = EDGE_CURVE('',#166,#874,#1643,.T.);
#1643 = LINE('',#1644,#1645);
#1644 = CARTESIAN_POINT('',(11.,-3.5,32.));
#1645 = VECTOR('',#1646,1.);
#1646 = DIRECTION('',(-0.,1.,0.));
#1647 = ORIENTED_EDGE('',*,*,#165,.T.);
#1648 = ORIENTED_EDGE('',*,*,#1649,.T.);
#1649 = EDGE_CURVE('',#168,#876,#1650,.T.);
#1650 = LINE('',#1651,#1652);
#1651 = CARTESIAN_POINT('',(54.,-3.5,32.));
#1652 = VECTOR('',#1653,1.);
#1653 = DIRECTION('',(-0.,1.,0.));
#1654 = ORIENTED_EDGE('',*,*,#873,.F.);
#1655 = PLANE('',#1656);
#1656 = AXIS2_PLACEMENT_3D('',#1657,#1658,#1659);
#1657 = CARTESIAN_POINT('',(11.,-3.5,32.));
#1658 = DIRECTION('',(0.,0.,1.));
#1659 = DIRECTION('',(1.,0.,-0.));
#1660 = ADVANCED_FACE('',(#1661),#1672,.T.);
#1661 = FACE_BOUND('',#1662,.T.);
#1662 = EDGE_LOOP('',(#1663,#1664,#1665,#1671));
#1663 = ORIENTED_EDGE('',*,*,#1642,.F.);
#1664 = ORIENTED_EDGE('',*,*,#175,.T.);
#1665 = ORIENTED_EDGE('',*,*,#1666,.T.);
#1666 = EDGE_CURVE('',#176,#884,#1667,.T.);
#1667 = LINE('',#1668,#1669);
#1668 = CARTESIAN_POINT('',(11.,-3.5,28.));
#1669 = VECTOR('',#1670,1.);
#1670 = DIRECTION('',(-0.,1.,0.));
#1671 = ORIENTED_EDGE('',*,*,#883,.F.);
#1672 = PLANE('',#1673);
#1673 = AXIS2_PLACEMENT_3D('',#1674,#1675,#1676);
#1674 = CARTESIAN_POINT('',(11.,-3.5,28.));
#1675 = DIRECTION('',(1.,0.,-0.));
#1676 = DIRECTION('',(0.,0.,1.));
#1677 = ADVANCED_FACE('',(#1678),#1689,.F.);
#1678 = FACE_BOUND('',#1679,.F.);
#1679 = EDGE_LOOP('',(#1680,#1681,#1682,#1688));
#1680 = ORIENTED_EDGE('',*,*,#1649,.F.);
#1681 = ORIENTED_EDGE('',*,*,#191,.T.);
#1682 = ORIENTED_EDGE('',*,*,#1683,.T.);
#1683 = EDGE_CURVE('',#184,#892,#1684,.T.);
#1684 = LINE('',#1685,#1686);
#1685 = CARTESIAN_POINT('',(54.,-3.5,28.));
#1686 = VECTOR('',#1687,1.);
#1687 = DIRECTION('',(-0.,1.,0.));
#1688 = ORIENTED_EDGE('',*,*,#899,.F.);
#1689 = PLANE('',#1690);
#1690 = AXIS2_PLACEMENT_3D('',#1691,#1692,#1693);
#1691 = CARTESIAN_POINT('',(54.,-3.5,28.));
#1692 = DIRECTION('',(1.,0.,-0.));
#1693 = DIRECTION('',(0.,0.,1.));
#1694 = ADVANCED_FACE('',(#1695),#1701,.T.);
#1695 = FACE_BOUND('',#1696,.T.);
#1696 = EDGE_LOOP('',(#1697,#1698,#1699,#1700));
#1697 = ORIENTED_EDGE('',*,*,#1666,.F.);
#1698 = ORIENTED_EDGE('',*,*,#183,.T.);
#1699 = ORIENTED_EDGE('',*,*,#1683,.T.);
#1700 = ORIENTED_EDGE('',*,*,#891,.F.);
#1701 = PLANE('',#1702);
#1702 = AXIS2_PLACEMENT_3D('',#1703,#1704,#1705);
#1703 = CARTESIAN_POINT('',(11.,-3.5,28.));
#1704 = DIRECTION('',(0.,0.,1.));
#1705 = DIRECTION('',(1.,0.,-0.));
#1706 = ADVANCED_FACE('',(#1707),#1723,.F.);
#1707 = FACE_BOUND('',#1708,.F.);
#1708 = EDGE_LOOP('',(#1709,#1715,#1716,#1722));
#1709 = ORIENTED_EDGE('',*,*,#1710,.F.);
#1710 = EDGE_CURVE('',#200,#908,#1711,.T.);
#1711 = LINE('',#1712,#1713);
#1712 = CARTESIAN_POINT('',(11.,-3.5,40.));
#1713 = VECTOR('',#1714,1.);
#1714 = DIRECTION('',(-0.,1.,0.));
#1715 = ORIENTED_EDGE('',*,*,#199,.T.);
#1716 = ORIENTED_EDGE('',*,*,#1717,.T.);
#1717 = EDGE_CURVE('',#202,#910,#1718,.T.);
#1718 = LINE('',#1719,#1720);
#1719 = CARTESIAN_POINT('',(54.,-3.5,40.));
#1720 = VECTOR('',#1721,1.);
#1721 = DIRECTION('',(-0.,1.,0.));
#1722 = ORIENTED_EDGE('',*,*,#907,.F.);
#1723 = PLANE('',#1724);
#1724 = AXIS2_PLACEMENT_3D('',#1725,#1726,#1727);
#1725 = CARTESIAN_POINT('',(11.,-3.5,40.));
#1726 = DIRECTION('',(0.,0.,1.));
#1727 = DIRECTION('',(1.,0.,-0.));
#1728 = ADVANCED_FACE('',(#1729),#1740,.T.);
#1729 = FACE_BOUND('',#1730,.T.);
#1730 = EDGE_LOOP('',(#1731,#1732,#1733,#1739));
#1731 = ORIENTED_EDGE('',*,*,#1710,.F.);
#1732 = ORIENTED_EDGE('',*,*,#209,.T.);
#1733 = ORIENTED_EDGE('',*,*,#1734,.T.);
#1734 = EDGE_CURVE('',#210,#918,#1735,.T.);
#1735 = LINE('',#1736,#1737);
#1736 = CARTESIAN_POINT('',(11.,-3.5,36.));
#1737 = VECTOR('',#1738,1.);
#1738 = DIRECTION('',(-0.,1.,0.));
#1739 = ORIENTED_EDGE('',*,*,#917,.F.);
#1740 = PLANE('',#1741);
#1741 = AXIS2_PLACEMENT_3D('',#1742,#1743,#1744);
#1742 = CARTESIAN_POINT('',(11.,-3.5,36.));
#1743 = DIRECTION('',(1.,0.,-0.));
#1744 = DIRECTION('',(0.,0.,1.));
#1745 = ADVANCED_FACE('',(#1746),#1757,.F.);
#1746 = FACE_BOUND('',#1747,.F.);
#1747 = EDGE_LOOP('',(#1748,#1749,#1750,#1756));
#1748 = ORIENTED_EDGE('',*,*,#1717,.F.);
#1749 = ORIENTED_EDGE('',*,*,#225,.T.);
#1750 = ORIENTED_EDGE('',*,*,#1751,.T.);
#1751 = EDGE_CURVE('',#218,#926,#1752,.T.);
#1752 = LINE('',#1753,#1754);
#1753 = CARTESIAN_POINT('',(54.,-3.5,36.));
#1754 = VECTOR('',#1755,1.);
#1755 = DIRECTION('',(-0.,1.,0.));
#1756 = ORIENTED_EDGE('',*,*,#933,.F.);
#1757 = PLANE('',#1758);
#1758 = AXIS2_PLACEMENT_3D('',#1759,#1760,#1761);
#1759 = CARTESIAN_POINT('',(54.,-3.5,36.));
#1760 = DIRECTION('',(1.,0.,-0.));
#1761 = DIRECTION('',(0.,0.,1.));
#1762 = ADVANCED_FACE('',(#1763),#1769,.T.);
#1763 = FACE_BOUND('',#1764,.T.);
#1764 = EDGE_LOOP('',(#1765,#1766,#1767,#1768));
#1765 = ORIENTED_EDGE('',*,*,#1734,.F.);
#1766 = ORIENTED_EDGE('',*,*,#217,.T.);
#1767 = ORIENTED_EDGE('',*,*,#1751,.T.);
#1768 = ORIENTED_EDGE('',*,*,#925,.F.);
#1769 = PLANE('',#1770);
#1770 = AXIS2_PLACEMENT_3D('',#1771,#1772,#1773);
#1771 = CARTESIAN_POINT('',(11.,-3.5,36.));
#1772 = DIRECTION('',(0.,0.,1.));
#1773 = DIRECTION('',(1.,0.,-0.));
#1774 = ADVANCED_FACE('',(#1775),#1791,.F.);
#1775 = FACE_BOUND('',#1776,.F.);
#1776 = EDGE_LOOP('',(#1777,#1783,#1784,#1790));
#1777 = ORIENTED_EDGE('',*,*,#1778,.F.);
#1778 = EDGE_CURVE('',#234,#942,#1779,.T.);
#1779 = LINE('',#1780,#1781);
#1780 = CARTESIAN_POINT('',(11.,-3.5,48.));
#1781 = VECTOR('',#1782,1.);
#1782 = DIRECTION('',(-0.,1.,0.));
#1783 = ORIENTED_EDGE('',*,*,#233,.T.);
#1784 = ORIENTED_EDGE('',*,*,#1785,.T.);
#1785 = EDGE_CURVE('',#236,#944,#1786,.T.);
#1786 = LINE('',#1787,#1788);
#1787 = CARTESIAN_POINT('',(54.,-3.5,48.));
#1788 = VECTOR('',#1789,1.);
#1789 = DIRECTION('',(-0.,1.,0.));
#1790 = ORIENTED_EDGE('',*,*,#941,.F.);
#1791 = PLANE('',#1792);
#1792 = AXIS2_PLACEMENT_3D('',#1793,#1794,#1795);
#1793 = CARTESIAN_POINT('',(11.,-3.5,48.));
#1794 = DIRECTION('',(0.,0.,1.));
#1795 = DIRECTION('',(1.,0.,-0.));
#1796 = ADVANCED_FACE('',(#1797),#1808,.T.);
#1797 = FACE_BOUND('',#1798,.T.);
#1798 = EDGE_LOOP('',(#1799,#1800,#1801,#1807));
#1799 = ORIENTED_EDGE('',*,*,#1778,.F.);
#1800 = ORIENTED_EDGE('',*,*,#243,.T.);
#1801 = ORIENTED_EDGE('',*,*,#1802,.T.);
#1802 = EDGE_CURVE('',#244,#952,#1803,.T.);
#1803 = LINE('',#1804,#1805);
#1804 = CARTESIAN_POINT('',(11.,-3.5,44.));
#1805 = VECTOR('',#1806,1.);
#1806 = DIRECTION('',(-0.,1.,0.));
#1807 = ORIENTED_EDGE('',*,*,#951,.F.);
#1808 = PLANE('',#1809);
#1809 = AXIS2_PLACEMENT_3D('',#1810,#1811,#1812);
#1810 = CARTESIAN_POINT('',(11.,-3.5,44.));
#1811 = DIRECTION('',(1.,0.,-0.));
#1812 = DIRECTION('',(0.,0.,1.));
#1813 = ADVANCED_FACE('',(#1814),#1825,.F.);
#1814 = FACE_BOUND('',#1815,.F.);
#1815 = EDGE_LOOP('',(#1816,#1817,#1818,#1824));
#1816 = ORIENTED_EDGE('',*,*,#1785,.F.);
#1817 = ORIENTED_EDGE('',*,*,#259,.T.);
#1818 = ORIENTED_EDGE('',*,*,#1819,.T.);
#1819 = EDGE_CURVE('',#252,#960,#1820,.T.);
#1820 = LINE('',#1821,#1822);
#1821 = CARTESIAN_POINT('',(54.,-3.5,44.));
#1822 = VECTOR('',#1823,1.);
#1823 = DIRECTION('',(-0.,1.,0.));
#1824 = ORIENTED_EDGE('',*,*,#967,.F.);
#1825 = PLANE('',#1826);
#1826 = AXIS2_PLACEMENT_3D('',#1827,#1828,#1829);
#1827 = CARTESIAN_POINT('',(54.,-3.5,44.));
#1828 = DIRECTION('',(1.,0.,-0.));
#1829 = DIRECTION('',(0.,0.,1.));
#1830 = ADVANCED_FACE('',(#1831),#1837,.T.);
#1831 = FACE_BOUND('',#1832,.T.);
#1832 = EDGE_LOOP('',(#1833,#1834,#1835,#1836));
#1833 = ORIENTED_EDGE('',*,*,#1802,.F.);
#1834 = ORIENTED_EDGE('',*,*,#251,.T.);
#1835 = ORIENTED_EDGE('',*,*,#1819,.T.);
#1836 = ORIENTED_EDGE('',*,*,#959,.F.);
#1837 = PLANE('',#1838);
#1838 = AXIS2_PLACEMENT_3D('',#1839,#1840,#1841);
#1839 = CARTESIAN_POINT('',(11.,-3.5,44.));
#1840 = DIRECTION('',(0.,0.,1.));
#1841 = DIRECTION('',(1.,0.,-0.));
#1842 = ADVANCED_FACE('',(#1843),#1854,.F.);
#1843 = FACE_BOUND('',#1844,.F.);
#1844 = EDGE_LOOP('',(#1845,#1846,#1852,#1853));
#1845 = ORIENTED_EDGE('',*,*,#975,.F.);
#1846 = ORIENTED_EDGE('',*,*,#1847,.F.);
#1847 = EDGE_CURVE('',#268,#976,#1848,.T.);
#1848 = LINE('',#1849,#1850);
#1849 = CARTESIAN_POINT('',(61.5,-3.5,21.7));
#1850 = VECTOR('',#1851,1.);
#1851 = DIRECTION('',(0.,1.,0.));
#1852 = ORIENTED_EDGE('',*,*,#267,.T.);
#1853 = ORIENTED_EDGE('',*,*,#1847,.T.);
#1854 = CYLINDRICAL_SURFACE('',#1855,1.7);
#1855 = AXIS2_PLACEMENT_3D('',#1856,#1857,#1858);
#1856 = CARTESIAN_POINT('',(61.5,-3.5,20.));
#1857 = DIRECTION('',(0.,1.,0.));
#1858 = DIRECTION('',(0.,-0.,1.));
#1859 = ADVANCED_FACE('',(#1860),#1871,.F.);
#1860 = FACE_BOUND('',#1861,.F.);
#1861 = EDGE_LOOP('',(#1862,#1863,#1869,#1870));
#1862 = ORIENTED_EDGE('',*,*,#986,.F.);
#1863 = ORIENTED_EDGE('',*,*,#1864,.F.);
#1864 = EDGE_CURVE('',#279,#987,#1865,.T.);
#1865 = LINE('',#1866,#1867);
#1866 = CARTESIAN_POINT('',(61.5,-3.5,71.7));
#1867 = VECTOR('',#1868,1.);
#1868 = DIRECTION('',(0.,1.,0.));
#1869 = ORIENTED_EDGE('',*,*,#278,.T.);
#1870 = ORIENTED_EDGE('',*,*,#1864,.T.);
#1871 = CYLINDRICAL_SURFACE('',#1872,1.7);
#1872 = AXIS2_PLACEMENT_3D('',#1873,#1874,#1875);
#1873 = CARTESIAN_POINT('',(61.5,-3.5,70.));
#1874 = DIRECTION('',(0.,1.,0.));
#1875 = DIRECTION('',(0.,-0.,1.));
#1876 = ADVANCED_FACE('',(#1877),#1888,.F.);
#1877 = FACE_BOUND('',#1878,.F.);
#1878 = EDGE_LOOP('',(#1879,#1880,#1886,#1887));
#1879 = ORIENTED_EDGE('',*,*,#997,.F.);
#1880 = ORIENTED_EDGE('',*,*,#1881,.F.);
#1881 = EDGE_CURVE('',#290,#998,#1882,.T.);
#1882 = LINE('',#1883,#1884);
#1883 = CARTESIAN_POINT('',(7.5,-3.5,92.2));
#1884 = VECTOR('',#1885,1.);
#1885 = DIRECTION('',(0.,1.,0.));
#1886 = ORIENTED_EDGE('',*,*,#289,.T.);
#1887 = ORIENTED_EDGE('',*,*,#1881,.T.);
#1888 = CYLINDRICAL_SURFACE('',#1889,2.2);
#1889 = AXIS2_PLACEMENT_3D('',#1890,#1891,#1892);
#1890 = CARTESIAN_POINT('',(7.5,-3.5,90.));
#1891 = DIRECTION('',(0.,1.,0.));
#1892 = DIRECTION('',(0.,-0.,1.));
#1893 = ADVANCED_FACE('',(#1894),#1905,.F.);
#1894 = FACE_BOUND('',#1895,.F.);
#1895 = EDGE_LOOP('',(#1896,#1897,#1903,#1904));
#1896 = ORIENTED_EDGE('',*,*,#1008,.F.);
#1897 = ORIENTED_EDGE('',*,*,#1898,.F.);
#1898 = EDGE_CURVE('',#301,#1009,#1899,.T.);
#1899 = LINE('',#1900,#1901);
#1900 = CARTESIAN_POINT('',(7.5,-3.5,152.2));
#1901 = VECTOR('',#1902,1.);
#1902 = DIRECTION('',(0.,1.,0.));
#1903 = ORIENTED_EDGE('',*,*,#300,.T.);
#1904 = ORIENTED_EDGE('',*,*,#1898,.T.);
#1905 = CYLINDRICAL_SURFACE('',#1906,2.2);
#1906 = AXIS2_PLACEMENT_3D('',#1907,#1908,#1909);
#1907 = CARTESIAN_POINT('',(7.5,-3.5,150.));
#1908 = DIRECTION('',(0.,1.,0.));
#1909 = DIRECTION('',(0.,-0.,1.));
#1910 = ADVANCED_FACE('',(#1911),#1922,.F.);
#1911 = FACE_BOUND('',#1912,.F.);
#1912 = EDGE_LOOP('',(#1913,#1914,#1920,#1921));
#1913 = ORIENTED_EDGE('',*,*,#1019,.F.);
#1914 = ORIENTED_EDGE('',*,*,#1915,.F.);
#1915 = EDGE_CURVE('',#312,#1020,#1916,.T.);
#1916 = LINE('',#1917,#1918);
#1917 = CARTESIAN_POINT('',(61.5,-3.5,121.7));
#1918 = VECTOR('',#1919,1.);
#1919 = DIRECTION('',(0.,1.,0.));
#1920 = ORIENTED_EDGE('',*,*,#311,.T.);
#1921 = ORIENTED_EDGE('',*,*,#1915,.T.);
#1922 = CYLINDRICAL_SURFACE('',#1923,1.7);
#1923 = AXIS2_PLACEMENT_3D('',#1924,#1925,#1926);
#1924 = CARTESIAN_POINT('',(61.5,-3.5,120.));
#1925 = DIRECTION('',(0.,1.,0.));
#1926 = DIRECTION('',(0.,-0.,1.));
#1927 = ADVANCED_FACE('',(#1928),#1939,.F.);
#1928 = FACE_BOUND('',#1929,.F.);
#1929 = EDGE_LOOP('',(#1930,#1931,#1937,#1938));
#1930 = ORIENTED_EDGE('',*,*,#1030,.F.);
#1931 = ORIENTED_EDGE('',*,*,#1932,.F.);
#1932 = EDGE_CURVE('',#323,#1031,#1933,.T.);
#1933 = LINE('',#1934,#1935);
#1934 = CARTESIAN_POINT('',(111.,-3.5,21.7));
#1935 = VECTOR('',#1936,1.);
#1936 = DIRECTION('',(0.,1.,0.));
#1937 = ORIENTED_EDGE('',*,*,#322,.T.);
#1938 = ORIENTED_EDGE('',*,*,#1932,.T.);
#1939 = CYLINDRICAL_SURFACE('',#1940,1.7);
#1940 = AXIS2_PLACEMENT_3D('',#1941,#1942,#1943);
#1941 = CARTESIAN_POINT('',(111.,-3.5,20.));
#1942 = DIRECTION('',(0.,1.,0.));
#1943 = DIRECTION('',(0.,-0.,1.));
#1944 = ADVANCED_FACE('',(#1945),#1956,.F.);
#1945 = FACE_BOUND('',#1946,.F.);
#1946 = EDGE_LOOP('',(#1947,#1948,#1954,#1955));
#1947 = ORIENTED_EDGE('',*,*,#1041,.F.);
#1948 = ORIENTED_EDGE('',*,*,#1949,.F.);
#1949 = EDGE_CURVE('',#334,#1042,#1950,.T.);
#1950 = LINE('',#1951,#1952);
#1951 = CARTESIAN_POINT('',(7.5,-3.5,212.2));
#1952 = VECTOR('',#1953,1.);
#1953 = DIRECTION('',(0.,1.,0.));
#1954 = ORIENTED_EDGE('',*,*,#333,.T.);
#1955 = ORIENTED_EDGE('',*,*,#1949,.T.);
#1956 = CYLINDRICAL_SURFACE('',#1957,2.2);
#1957 = AXIS2_PLACEMENT_3D('',#1958,#1959,#1960);
#1958 = CARTESIAN_POINT('',(7.5,-3.5,210.));
#1959 = DIRECTION('',(0.,1.,0.));
#1960 = DIRECTION('',(0.,-0.,1.));
#1961 = ADVANCED_FACE('',(#1962),#1973,.F.);
#1962 = FACE_BOUND('',#1963,.F.);
#1963 = EDGE_LOOP('',(#1964,#1965,#1971,#1972));
#1964 = ORIENTED_EDGE('',*,*,#1052,.F.);
#1965 = ORIENTED_EDGE('',*,*,#1966,.F.);
#1966 = EDGE_CURVE('',#345,#1053,#1967,.T.);
#1967 = LINE('',#1968,#1969);
#1968 = CARTESIAN_POINT('',(61.5,-3.5,171.7));
#1969 = VECTOR('',#1970,1.);
#1970 = DIRECTION('',(0.,1.,0.));
#1971 = ORIENTED_EDGE('',*,*,#344,.T.);
#1972 = ORIENTED_EDGE('',*,*,#1966,.T.);
#1973 = CYLINDRICAL_SURFACE('',#1974,1.7);
#1974 = AXIS2_PLACEMENT_3D('',#1975,#1976,#1977);
#1975 = CARTESIAN_POINT('',(61.5,-3.5,170.));
#1976 = DIRECTION('',(0.,1.,0.));
#1977 = DIRECTION('',(0.,-0.,1.));
#1978 = ADVANCED_FACE('',(#1979),#1990,.F.);
#1979 = FACE_BOUND('',#1980,.F.);
#1980 = EDGE_LOOP('',(#1981,#1982,#1988,#1989));
#1981 = ORIENTED_EDGE('',*,*,#1063,.F.);
#1982 = ORIENTED_EDGE('',*,*,#1983,.F.);
#1983 = EDGE_CURVE('',#356,#1064,#1984,.T.);
#1984 = LINE('',#1985,#1986);
#1985 = CARTESIAN_POINT('',(61.5,-3.5,221.7));
#1986 = VECTOR('',#1987,1.);
#1987 = DIRECTION('',(0.,1.,0.));
#1988 = ORIENTED_EDGE('',*,*,#355,.T.);
#1989 = ORIENTED_EDGE('',*,*,#1983,.T.);
#1990 = CYLINDRICAL_SURFACE('',#1991,1.7);
#1991 = AXIS2_PLACEMENT_3D('',#1992,#1993,#1994);
#1992 = CARTESIAN_POINT('',(61.5,-3.5,220.));
#1993 = DIRECTION('',(0.,1.,0.));
#1994 = DIRECTION('',(0.,-0.,1.));
#1995 = ADVANCED_FACE('',(#1996),#2007,.F.);
#1996 = FACE_BOUND('',#1997,.F.);
#1997 = EDGE_LOOP('',(#1998,#1999,#2005,#2006));
#1998 = ORIENTED_EDGE('',*,*,#1074,.F.);
#1999 = ORIENTED_EDGE('',*,*,#2000,.F.);
#2000 = EDGE_CURVE('',#367,#1075,#2001,.T.);
#2001 = LINE('',#2002,#2003);
#2002 = CARTESIAN_POINT('',(7.5,-3.5,272.2));
#2003 = VECTOR('',#2004,1.);
#2004 = DIRECTION('',(0.,1.,0.));
#2005 = ORIENTED_EDGE('',*,*,#366,.T.);
#2006 = ORIENTED_EDGE('',*,*,#2000,.T.);
#2007 = CYLINDRICAL_SURFACE('',#2008,2.2);
#2008 = AXIS2_PLACEMENT_3D('',#2009,#2010,#2011);
#2009 = CARTESIAN_POINT('',(7.5,-3.5,270.));
#2010 = DIRECTION('',(0.,1.,0.));
#2011 = DIRECTION('',(0.,-0.,1.));
#2012 = ADVANCED_FACE('',(#2013),#2024,.F.);
#2013 = FACE_BOUND('',#2014,.F.);
#2014 = EDGE_LOOP('',(#2015,#2016,#2022,#2023));
#2015 = ORIENTED_EDGE('',*,*,#1085,.F.);
#2016 = ORIENTED_EDGE('',*,*,#2017,.F.);
#2017 = EDGE_CURVE('',#378,#1086,#2018,.T.);
#2018 = LINE('',#2019,#2020);
#2019 = CARTESIAN_POINT('',(61.5,-3.5,271.7));
#2020 = VECTOR('',#2021,1.);
#2021 = DIRECTION('',(0.,1.,0.));
#2022 = ORIENTED_EDGE('',*,*,#377,.T.);
#2023 = ORIENTED_EDGE('',*,*,#2017,.T.);
#2024 = CYLINDRICAL_SURFACE('',#2025,1.7);
#2025 = AXIS2_PLACEMENT_3D('',#2026,#2027,#2028);
#2026 = CARTESIAN_POINT('',(61.5,-3.5,270.));
#2027 = DIRECTION('',(0.,1.,0.));
#2028 = DIRECTION('',(0.,-0.,1.));
#2029 = ADVANCED_FACE('',(#2030),#2041,.F.);
#2030 = FACE_BOUND('',#2031,.F.);
#2031 = EDGE_LOOP('',(#2032,#2033,#2039,#2040));
#2032 = ORIENTED_EDGE('',*,*,#1096,.F.);
#2033 = ORIENTED_EDGE('',*,*,#2034,.F.);
#2034 = EDGE_CURVE('',#389,#1097,#2035,.T.);
#2035 = LINE('',#2036,#2037);
#2036 = CARTESIAN_POINT('',(111.,-3.5,291.7));
#2037 = VECTOR('',#2038,1.);
#2038 = DIRECTION('',(0.,1.,0.));
#2039 = ORIENTED_EDGE('',*,*,#388,.T.);
#2040 = ORIENTED_EDGE('',*,*,#2034,.T.);
#2041 = CYLINDRICAL_SURFACE('',#2042,1.7);
#2042 = AXIS2_PLACEMENT_3D('',#2043,#2044,#2045);
#2043 = CARTESIAN_POINT('',(111.,-3.5,290.));
#2044 = DIRECTION('',(0.,1.,0.));
#2045 = DIRECTION('',(0.,-0.,1.));
#2046 = ADVANCED_FACE('',(#2047),#2058,.F.);
#2047 = FACE_BOUND('',#2048,.F.);
#2048 = EDGE_LOOP('',(#2049,#2050,#2056,#2057));
#2049 = ORIENTED_EDGE('',*,*,#1107,.F.);
#2050 = ORIENTED_EDGE('',*,*,#2051,.F.);
#2051 = EDGE_CURVE('',#400,#1108,#2052,.T.);
#2052 = LINE('',#2053,#2054);
#2053 = CARTESIAN_POINT('',(161.,-3.5,21.7));
#2054 = VECTOR('',#2055,1.);
#2055 = DIRECTION('',(0.,1.,0.));
#2056 = ORIENTED_EDGE('',*,*,#399,.T.);
#2057 = ORIENTED_EDGE('',*,*,#2051,.T.);
#2058 = CYLINDRICAL_SURFACE('',#2059,1.7);
#2059 = AXIS2_PLACEMENT_3D('',#2060,#2061,#2062);
#2060 = CARTESIAN_POINT('',(161.,-3.5,20.));
#2061 = DIRECTION('',(0.,1.,0.));
#2062 = DIRECTION('',(0.,-0.,1.));
#2063 = ADVANCED_FACE('',(#2064),#2075,.F.);
#2064 = FACE_BOUND('',#2065,.F.);
#2065 = EDGE_LOOP('',(#2066,#2067,#2073,#2074));
#2066 = ORIENTED_EDGE('',*,*,#1118,.F.);
#2067 = ORIENTED_EDGE('',*,*,#2068,.F.);
#2068 = EDGE_CURVE('',#411,#1119,#2069,.T.);
#2069 = LINE('',#2070,#2071);
#2070 = CARTESIAN_POINT('',(248.5,-3.5,21.7));
#2071 = VECTOR('',#2072,1.);
#2072 = DIRECTION('',(0.,1.,0.));
#2073 = ORIENTED_EDGE('',*,*,#410,.T.);
#2074 = ORIENTED_EDGE('',*,*,#2068,.T.);
#2075 = CYLINDRICAL_SURFACE('',#2076,1.7);
#2076 = AXIS2_PLACEMENT_3D('',#2077,#2078,#2079);
#2077 = CARTESIAN_POINT('',(248.5,-3.5,20.));
#2078 = DIRECTION('',(0.,1.,0.));
#2079 = DIRECTION('',(0.,-0.,1.));
#2080 = ADVANCED_FACE('',(#2081),#2092,.F.);
#2081 = FACE_BOUND('',#2082,.F.);
#2082 = EDGE_LOOP('',(#2083,#2084,#2090,#2091));
#2083 = ORIENTED_EDGE('',*,*,#1129,.F.);
#2084 = ORIENTED_EDGE('',*,*,#2085,.F.);
#2085 = EDGE_CURVE('',#422,#1130,#2086,.T.);
#2086 = LINE('',#2087,#2088);
#2087 = CARTESIAN_POINT('',(248.5,-3.5,71.7));
#2088 = VECTOR('',#2089,1.);
#2089 = DIRECTION('',(0.,1.,0.));
#2090 = ORIENTED_EDGE('',*,*,#421,.T.);
#2091 = ORIENTED_EDGE('',*,*,#2085,.T.);
#2092 = CYLINDRICAL_SURFACE('',#2093,1.7);
#2093 = AXIS2_PLACEMENT_3D('',#2094,#2095,#2096);
#2094 = CARTESIAN_POINT('',(248.5,-3.5,70.));
#2095 = DIRECTION('',(0.,1.,0.));
#2096 = DIRECTION('',(0.,-0.,1.));
#2097 = ADVANCED_FACE('',(#2098),#2114,.F.);
#2098 = FACE_BOUND('',#2099,.F.);
#2099 = EDGE_LOOP('',(#2100,#2106,#2107,#2113));
#2100 = ORIENTED_EDGE('',*,*,#2101,.F.);
#2101 = EDGE_CURVE('',#433,#1141,#2102,.T.);
#2102 = LINE('',#2103,#2104);
#2103 = CARTESIAN_POINT('',(256.,-3.5,16.));
#2104 = VECTOR('',#2105,1.);
#2105 = DIRECTION('',(-0.,1.,0.));
#2106 = ORIENTED_EDGE('',*,*,#432,.T.);
#2107 = ORIENTED_EDGE('',*,*,#2108,.T.);
#2108 = EDGE_CURVE('',#435,#1143,#2109,.T.);
#2109 = LINE('',#2110,#2111);
#2110 = CARTESIAN_POINT('',(299.,-3.5,16.));
#2111 = VECTOR('',#2112,1.);
#2112 = DIRECTION('',(-0.,1.,0.));
#2113 = ORIENTED_EDGE('',*,*,#1140,.F.);
#2114 = PLANE('',#2115);
#2115 = AXIS2_PLACEMENT_3D('',#2116,#2117,#2118);
#2116 = CARTESIAN_POINT('',(256.,-3.5,16.));
#2117 = DIRECTION('',(0.,0.,1.));
#2118 = DIRECTION('',(1.,0.,-0.));
#2119 = ADVANCED_FACE('',(#2120),#2131,.T.);
#2120 = FACE_BOUND('',#2121,.T.);
#2121 = EDGE_LOOP('',(#2122,#2123,#2124,#2130));
#2122 = ORIENTED_EDGE('',*,*,#2101,.F.);
#2123 = ORIENTED_EDGE('',*,*,#442,.T.);
#2124 = ORIENTED_EDGE('',*,*,#2125,.T.);
#2125 = EDGE_CURVE('',#443,#1151,#2126,.T.);
#2126 = LINE('',#2127,#2128);
#2127 = CARTESIAN_POINT('',(256.,-3.5,12.));
#2128 = VECTOR('',#2129,1.);
#2129 = DIRECTION('',(-0.,1.,0.));
#2130 = ORIENTED_EDGE('',*,*,#1150,.F.);
#2131 = PLANE('',#2132);
#2132 = AXIS2_PLACEMENT_3D('',#2133,#2134,#2135);
#2133 = CARTESIAN_POINT('',(256.,-3.5,12.));
#2134 = DIRECTION('',(1.,0.,-0.));
#2135 = DIRECTION('',(0.,0.,1.));
#2136 = ADVANCED_FACE('',(#2137),#2148,.F.);
#2137 = FACE_BOUND('',#2138,.F.);
#2138 = EDGE_LOOP('',(#2139,#2140,#2141,#2147));
#2139 = ORIENTED_EDGE('',*,*,#2108,.F.);
#2140 = ORIENTED_EDGE('',*,*,#458,.T.);
#2141 = ORIENTED_EDGE('',*,*,#2142,.T.);
#2142 = EDGE_CURVE('',#451,#1159,#2143,.T.);
#2143 = LINE('',#2144,#2145);
#2144 = CARTESIAN_POINT('',(299.,-3.5,12.));
#2145 = VECTOR('',#2146,1.);
#2146 = DIRECTION('',(-0.,1.,0.));
#2147 = ORIENTED_EDGE('',*,*,#1166,.F.);
#2148 = PLANE('',#2149);
#2149 = AXIS2_PLACEMENT_3D('',#2150,#2151,#2152);
#2150 = CARTESIAN_POINT('',(299.,-3.5,12.));
#2151 = DIRECTION('',(1.,0.,-0.));
#2152 = DIRECTION('',(0.,0.,1.));
#2153 = ADVANCED_FACE('',(#2154),#2160,.T.);
#2154 = FACE_BOUND('',#2155,.T.);
#2155 = EDGE_LOOP('',(#2156,#2157,#2158,#2159));
#2156 = ORIENTED_EDGE('',*,*,#2125,.F.);
#2157 = ORIENTED_EDGE('',*,*,#450,.T.);
#2158 = ORIENTED_EDGE('',*,*,#2142,.T.);
#2159 = ORIENTED_EDGE('',*,*,#1158,.F.);
#2160 = PLANE('',#2161);
#2161 = AXIS2_PLACEMENT_3D('',#2162,#2163,#2164);
#2162 = CARTESIAN_POINT('',(256.,-3.5,12.));
#2163 = DIRECTION('',(0.,0.,1.));
#2164 = DIRECTION('',(1.,0.,-0.));
#2165 = ADVANCED_FACE('',(#2166),#2182,.F.);
#2166 = FACE_BOUND('',#2167,.F.);
#2167 = EDGE_LOOP('',(#2168,#2174,#2175,#2181));
#2168 = ORIENTED_EDGE('',*,*,#2169,.F.);
#2169 = EDGE_CURVE('',#467,#1175,#2170,.T.);
#2170 = LINE('',#2171,#2172);
#2171 = CARTESIAN_POINT('',(256.,-3.5,24.));
#2172 = VECTOR('',#2173,1.);
#2173 = DIRECTION('',(-0.,1.,0.));
#2174 = ORIENTED_EDGE('',*,*,#466,.T.);
#2175 = ORIENTED_EDGE('',*,*,#2176,.T.);
#2176 = EDGE_CURVE('',#469,#1177,#2177,.T.);
#2177 = LINE('',#2178,#2179);
#2178 = CARTESIAN_POINT('',(299.,-3.5,24.));
#2179 = VECTOR('',#2180,1.);
#2180 = DIRECTION('',(-0.,1.,0.));
#2181 = ORIENTED_EDGE('',*,*,#1174,.F.);
#2182 = PLANE('',#2183);
#2183 = AXIS2_PLACEMENT_3D('',#2184,#2185,#2186);
#2184 = CARTESIAN_POINT('',(256.,-3.5,24.));
#2185 = DIRECTION('',(0.,0.,1.));
#2186 = DIRECTION('',(1.,0.,-0.));
#2187 = ADVANCED_FACE('',(#2188),#2199,.T.);
#2188 = FACE_BOUND('',#2189,.T.);
#2189 = EDGE_LOOP('',(#2190,#2191,#2192,#2198));
#2190 = ORIENTED_EDGE('',*,*,#2169,.F.);
#2191 = ORIENTED_EDGE('',*,*,#476,.T.);
#2192 = ORIENTED_EDGE('',*,*,#2193,.T.);
#2193 = EDGE_CURVE('',#477,#1185,#2194,.T.);
#2194 = LINE('',#2195,#2196);
#2195 = CARTESIAN_POINT('',(256.,-3.5,20.));
#2196 = VECTOR('',#2197,1.);
#2197 = DIRECTION('',(-0.,1.,0.));
#2198 = ORIENTED_EDGE('',*,*,#1184,.F.);
#2199 = PLANE('',#2200);
#2200 = AXIS2_PLACEMENT_3D('',#2201,#2202,#2203);
#2201 = CARTESIAN_POINT('',(256.,-3.5,20.));
#2202 = DIRECTION('',(1.,0.,-0.));
#2203 = DIRECTION('',(0.,0.,1.));
#2204 = ADVANCED_FACE('',(#2205),#2216,.F.);
#2205 = FACE_BOUND('',#2206,.F.);
#2206 = EDGE_LOOP('',(#2207,#2208,#2209,#2215));
#2207 = ORIENTED_EDGE('',*,*,#2176,.F.);
#2208 = ORIENTED_EDGE('',*,*,#492,.T.);
#2209 = ORIENTED_EDGE('',*,*,#2210,.T.);
#2210 = EDGE_CURVE('',#485,#1193,#2211,.T.);
#2211 = LINE('',#2212,#2213);
#2212 = CARTESIAN_POINT('',(299.,-3.5,20.));
#2213 = VECTOR('',#2214,1.);
#2214 = DIRECTION('',(-0.,1.,0.));
#2215 = ORIENTED_EDGE('',*,*,#1200,.F.);
#2216 = PLANE('',#2217);
#2217 = AXIS2_PLACEMENT_3D('',#2218,#2219,#2220);
#2218 = CARTESIAN_POINT('',(299.,-3.5,20.));
#2219 = DIRECTION('',(1.,0.,-0.));
#2220 = DIRECTION('',(0.,0.,1.));
#2221 = ADVANCED_FACE('',(#2222),#2228,.T.);
#2222 = FACE_BOUND('',#2223,.T.);
#2223 = EDGE_LOOP('',(#2224,#2225,#2226,#2227));
#2224 = ORIENTED_EDGE('',*,*,#2193,.F.);
#2225 = ORIENTED_EDGE('',*,*,#484,.T.);
#2226 = ORIENTED_EDGE('',*,*,#2210,.T.);
#2227 = ORIENTED_EDGE('',*,*,#1192,.F.);
#2228 = PLANE('',#2229);
#2229 = AXIS2_PLACEMENT_3D('',#2230,#2231,#2232);
#2230 = CARTESIAN_POINT('',(256.,-3.5,20.));
#2231 = DIRECTION('',(0.,0.,1.));
#2232 = DIRECTION('',(1.,0.,-0.));
#2233 = ADVANCED_FACE('',(#2234),#2250,.F.);
#2234 = FACE_BOUND('',#2235,.F.);
#2235 = EDGE_LOOP('',(#2236,#2242,#2243,#2249));
#2236 = ORIENTED_EDGE('',*,*,#2237,.F.);
#2237 = EDGE_CURVE('',#501,#1209,#2238,.T.);
#2238 = LINE('',#2239,#2240);
#2239 = CARTESIAN_POINT('',(256.,-3.5,32.));
#2240 = VECTOR('',#2241,1.);
#2241 = DIRECTION('',(-0.,1.,0.));
#2242 = ORIENTED_EDGE('',*,*,#500,.T.);
#2243 = ORIENTED_EDGE('',*,*,#2244,.T.);
#2244 = EDGE_CURVE('',#503,#1211,#2245,.T.);
#2245 = LINE('',#2246,#2247);
#2246 = CARTESIAN_POINT('',(299.,-3.5,32.));
#2247 = VECTOR('',#2248,1.);
#2248 = DIRECTION('',(-0.,1.,0.));
#2249 = ORIENTED_EDGE('',*,*,#1208,.F.);
#2250 = PLANE('',#2251);
#2251 = AXIS2_PLACEMENT_3D('',#2252,#2253,#2254);
#2252 = CARTESIAN_POINT('',(256.,-3.5,32.));
#2253 = DIRECTION('',(0.,0.,1.));
#2254 = DIRECTION('',(1.,0.,-0.));
#2255 = ADVANCED_FACE('',(#2256),#2267,.T.);
#2256 = FACE_BOUND('',#2257,.T.);
#2257 = EDGE_LOOP('',(#2258,#2259,#2260,#2266));
#2258 = ORIENTED_EDGE('',*,*,#2237,.F.);
#2259 = ORIENTED_EDGE('',*,*,#510,.T.);
#2260 = ORIENTED_EDGE('',*,*,#2261,.T.);
#2261 = EDGE_CURVE('',#511,#1219,#2262,.T.);
#2262 = LINE('',#2263,#2264);
#2263 = CARTESIAN_POINT('',(256.,-3.5,28.));
#2264 = VECTOR('',#2265,1.);
#2265 = DIRECTION('',(-0.,1.,0.));
#2266 = ORIENTED_EDGE('',*,*,#1218,.F.);
#2267 = PLANE('',#2268);
#2268 = AXIS2_PLACEMENT_3D('',#2269,#2270,#2271);
#2269 = CARTESIAN_POINT('',(256.,-3.5,28.));
#2270 = DIRECTION('',(1.,0.,-0.));
#2271 = DIRECTION('',(0.,0.,1.));
#2272 = ADVANCED_FACE('',(#2273),#2284,.F.);
#2273 = FACE_BOUND('',#2274,.F.);
#2274 = EDGE_LOOP('',(#2275,#2276,#2277,#2283));
#2275 = ORIENTED_EDGE('',*,*,#2244,.F.);
#2276 = ORIENTED_EDGE('',*,*,#526,.T.);
#2277 = ORIENTED_EDGE('',*,*,#2278,.T.);
#2278 = EDGE_CURVE('',#519,#1227,#2279,.T.);
#2279 = LINE('',#2280,#2281);
#2280 = CARTESIAN_POINT('',(299.,-3.5,28.));
#2281 = VECTOR('',#2282,1.);
#2282 = DIRECTION('',(-0.,1.,0.));
#2283 = ORIENTED_EDGE('',*,*,#1234,.F.);
#2284 = PLANE('',#2285);
#2285 = AXIS2_PLACEMENT_3D('',#2286,#2287,#2288);
#2286 = CARTESIAN_POINT('',(299.,-3.5,28.));
#2287 = DIRECTION('',(1.,0.,-0.));
#2288 = DIRECTION('',(0.,0.,1.));
#2289 = ADVANCED_FACE('',(#2290),#2296,.T.);
#2290 = FACE_BOUND('',#2291,.T.);
#2291 = EDGE_LOOP('',(#2292,#2293,#2294,#2295));
#2292 = ORIENTED_EDGE('',*,*,#2261,.F.);
#2293 = ORIENTED_EDGE('',*,*,#518,.T.);
#2294 = ORIENTED_EDGE('',*,*,#2278,.T.);
#2295 = ORIENTED_EDGE('',*,*,#1226,.F.);
#2296 = PLANE('',#2297);
#2297 = AXIS2_PLACEMENT_3D('',#2298,#2299,#2300);
#2298 = CARTESIAN_POINT('',(256.,-3.5,28.));
#2299 = DIRECTION('',(0.,0.,1.));
#2300 = DIRECTION('',(1.,0.,-0.));
#2301 = ADVANCED_FACE('',(#2302),#2318,.F.);
#2302 = FACE_BOUND('',#2303,.F.);
#2303 = EDGE_LOOP('',(#2304,#2310,#2311,#2317));
#2304 = ORIENTED_EDGE('',*,*,#2305,.F.);
#2305 = EDGE_CURVE('',#535,#1243,#2306,.T.);
#2306 = LINE('',#2307,#2308);
#2307 = CARTESIAN_POINT('',(256.,-3.5,40.));
#2308 = VECTOR('',#2309,1.);
#2309 = DIRECTION('',(-0.,1.,0.));
#2310 = ORIENTED_EDGE('',*,*,#534,.T.);
#2311 = ORIENTED_EDGE('',*,*,#2312,.T.);
#2312 = EDGE_CURVE('',#537,#1245,#2313,.T.);
#2313 = LINE('',#2314,#2315);
#2314 = CARTESIAN_POINT('',(299.,-3.5,40.));
#2315 = VECTOR('',#2316,1.);
#2316 = DIRECTION('',(-0.,1.,0.));
#2317 = ORIENTED_EDGE('',*,*,#1242,.F.);
#2318 = PLANE('',#2319);
#2319 = AXIS2_PLACEMENT_3D('',#2320,#2321,#2322);
#2320 = CARTESIAN_POINT('',(256.,-3.5,40.));
#2321 = DIRECTION('',(0.,0.,1.));
#2322 = DIRECTION('',(1.,0.,-0.));
#2323 = ADVANCED_FACE('',(#2324),#2335,.T.);
#2324 = FACE_BOUND('',#2325,.T.);
#2325 = EDGE_LOOP('',(#2326,#2327,#2328,#2334));
#2326 = ORIENTED_EDGE('',*,*,#2305,.F.);
#2327 = ORIENTED_EDGE('',*,*,#544,.T.);
#2328 = ORIENTED_EDGE('',*,*,#2329,.T.);
#2329 = EDGE_CURVE('',#545,#1253,#2330,.T.);
#2330 = LINE('',#2331,#2332);
#2331 = CARTESIAN_POINT('',(256.,-3.5,36.));
#2332 = VECTOR('',#2333,1.);
#2333 = DIRECTION('',(-0.,1.,0.));
#2334 = ORIENTED_EDGE('',*,*,#1252,.F.);
#2335 = PLANE('',#2336);
#2336 = AXIS2_PLACEMENT_3D('',#2337,#2338,#2339);
#2337 = CARTESIAN_POINT('',(256.,-3.5,36.));
#2338 = DIRECTION('',(1.,0.,-0.));
#2339 = DIRECTION('',(0.,0.,1.));
#2340 = ADVANCED_FACE('',(#2341),#2352,.F.);
#2341 = FACE_BOUND('',#2342,.F.);
#2342 = EDGE_LOOP('',(#2343,#2344,#2345,#2351));
#2343 = ORIENTED_EDGE('',*,*,#2312,.F.);
#2344 = ORIENTED_EDGE('',*,*,#560,.T.);
#2345 = ORIENTED_EDGE('',*,*,#2346,.T.);
#2346 = EDGE_CURVE('',#553,#1261,#2347,.T.);
#2347 = LINE('',#2348,#2349);
#2348 = CARTESIAN_POINT('',(299.,-3.5,36.));
#2349 = VECTOR('',#2350,1.);
#2350 = DIRECTION('',(-0.,1.,0.));
#2351 = ORIENTED_EDGE('',*,*,#1268,.F.);
#2352 = PLANE('',#2353);
#2353 = AXIS2_PLACEMENT_3D('',#2354,#2355,#2356);
#2354 = CARTESIAN_POINT('',(299.,-3.5,36.));
#2355 = DIRECTION('',(1.,0.,-0.));
#2356 = DIRECTION('',(0.,0.,1.));
#2357 = ADVANCED_FACE('',(#2358),#2364,.T.);
#2358 = FACE_BOUND('',#2359,.T.);
#2359 = EDGE_LOOP('',(#2360,#2361,#2362,#2363));
#2360 = ORIENTED_EDGE('',*,*,#2329,.F.);
#2361 = ORIENTED_EDGE('',*,*,#552,.T.);
#2362 = ORIENTED_EDGE('',*,*,#2346,.T.);
#2363 = ORIENTED_EDGE('',*,*,#1260,.F.);
#2364 = PLANE('',#2365);
#2365 = AXIS2_PLACEMENT_3D('',#2366,#2367,#2368);
#2366 = CARTESIAN_POINT('',(256.,-3.5,36.));
#2367 = DIRECTION('',(0.,0.,1.));
#2368 = DIRECTION('',(1.,0.,-0.));
#2369 = ADVANCED_FACE('',(#2370),#2386,.F.);
#2370 = FACE_BOUND('',#2371,.F.);
#2371 = EDGE_LOOP('',(#2372,#2378,#2379,#2385));
#2372 = ORIENTED_EDGE('',*,*,#2373,.F.);
#2373 = EDGE_CURVE('',#569,#1277,#2374,.T.);
#2374 = LINE('',#2375,#2376);
#2375 = CARTESIAN_POINT('',(256.,-3.5,48.));
#2376 = VECTOR('',#2377,1.);
#2377 = DIRECTION('',(-0.,1.,0.));
#2378 = ORIENTED_EDGE('',*,*,#568,.T.);
#2379 = ORIENTED_EDGE('',*,*,#2380,.T.);
#2380 = EDGE_CURVE('',#571,#1279,#2381,.T.);
#2381 = LINE('',#2382,#2383);
#2382 = CARTESIAN_POINT('',(299.,-3.5,48.));
#2383 = VECTOR('',#2384,1.);
#2384 = DIRECTION('',(-0.,1.,0.));
#2385 = ORIENTED_EDGE('',*,*,#1276,.F.);
#2386 = PLANE('',#2387);
#2387 = AXIS2_PLACEMENT_3D('',#2388,#2389,#2390);
#2388 = CARTESIAN_POINT('',(256.,-3.5,48.));
#2389 = DIRECTION('',(0.,0.,1.));
#2390 = DIRECTION('',(1.,0.,-0.));
#2391 = ADVANCED_FACE('',(#2392),#2403,.T.);
#2392 = FACE_BOUND('',#2393,.T.);
#2393 = EDGE_LOOP('',(#2394,#2395,#2396,#2402));
#2394 = ORIENTED_EDGE('',*,*,#2373,.F.);
#2395 = ORIENTED_EDGE('',*,*,#578,.T.);
#2396 = ORIENTED_EDGE('',*,*,#2397,.T.);
#2397 = EDGE_CURVE('',#579,#1287,#2398,.T.);
#2398 = LINE('',#2399,#2400);
#2399 = CARTESIAN_POINT('',(256.,-3.5,44.));
#2400 = VECTOR('',#2401,1.);
#2401 = DIRECTION('',(-0.,1.,0.));
#2402 = ORIENTED_EDGE('',*,*,#1286,.F.);
#2403 = PLANE('',#2404);
#2404 = AXIS2_PLACEMENT_3D('',#2405,#2406,#2407);
#2405 = CARTESIAN_POINT('',(256.,-3.5,44.));
#2406 = DIRECTION('',(1.,0.,-0.));
#2407 = DIRECTION('',(0.,0.,1.));
#2408 = ADVANCED_FACE('',(#2409),#2420,.F.);
#2409 = FACE_BOUND('',#2410,.F.);
#2410 = EDGE_LOOP('',(#2411,#2412,#2413,#2419));
#2411 = ORIENTED_EDGE('',*,*,#2380,.F.);
#2412 = ORIENTED_EDGE('',*,*,#594,.T.);
#2413 = ORIENTED_EDGE('',*,*,#2414,.T.);
#2414 = EDGE_CURVE('',#587,#1295,#2415,.T.);
#2415 = LINE('',#2416,#2417);
#2416 = CARTESIAN_POINT('',(299.,-3.5,44.));
#2417 = VECTOR('',#2418,1.);
#2418 = DIRECTION('',(-0.,1.,0.));
#2419 = ORIENTED_EDGE('',*,*,#1302,.F.);
#2420 = PLANE('',#2421);
#2421 = AXIS2_PLACEMENT_3D('',#2422,#2423,#2424);
#2422 = CARTESIAN_POINT('',(299.,-3.5,44.));
#2423 = DIRECTION('',(1.,0.,-0.));
#2424 = DIRECTION('',(0.,0.,1.));
#2425 = ADVANCED_FACE('',(#2426),#2432,.T.);
#2426 = FACE_BOUND('',#2427,.T.);
#2427 = EDGE_LOOP('',(#2428,#2429,#2430,#2431));
#2428 = ORIENTED_EDGE('',*,*,#2397,.F.);
#2429 = ORIENTED_EDGE('',*,*,#586,.T.);
#2430 = ORIENTED_EDGE('',*,*,#2414,.T.);
#2431 = ORIENTED_EDGE('',*,*,#1294,.F.);
#2432 = PLANE('',#2433);
#2433 = AXIS2_PLACEMENT_3D('',#2434,#2435,#2436);
#2434 = CARTESIAN_POINT('',(256.,-3.5,44.));
#2435 = DIRECTION('',(0.,0.,1.));
#2436 = DIRECTION('',(1.,0.,-0.));
#2437 = ADVANCED_FACE('',(#2438),#2449,.F.);
#2438 = FACE_BOUND('',#2439,.F.);
#2439 = EDGE_LOOP('',(#2440,#2441,#2447,#2448));
#2440 = ORIENTED_EDGE('',*,*,#1310,.F.);
#2441 = ORIENTED_EDGE('',*,*,#2442,.F.);
#2442 = EDGE_CURVE('',#603,#1311,#2443,.T.);
#2443 = LINE('',#2444,#2445);
#2444 = CARTESIAN_POINT('',(302.5,-3.5,32.2));
#2445 = VECTOR('',#2446,1.);
#2446 = DIRECTION('',(0.,1.,0.));
#2447 = ORIENTED_EDGE('',*,*,#602,.T.);
#2448 = ORIENTED_EDGE('',*,*,#2442,.T.);
#2449 = CYLINDRICAL_SURFACE('',#2450,2.2);
#2450 = AXIS2_PLACEMENT_3D('',#2451,#2452,#2453);
#2451 = CARTESIAN_POINT('',(302.5,-3.5,30.));
#2452 = DIRECTION('',(0.,1.,0.));
#2453 = DIRECTION('',(0.,-0.,1.));
#2454 = ADVANCED_FACE('',(#2455),#2466,.F.);
#2455 = FACE_BOUND('',#2456,.F.);
#2456 = EDGE_LOOP('',(#2457,#2458,#2464,#2465));
#2457 = ORIENTED_EDGE('',*,*,#1321,.F.);
#2458 = ORIENTED_EDGE('',*,*,#2459,.F.);
#2459 = EDGE_CURVE('',#614,#1322,#2460,.T.);
#2460 = LINE('',#2461,#2462);
#2461 = CARTESIAN_POINT('',(248.5,-3.5,121.7));
#2462 = VECTOR('',#2463,1.);
#2463 = DIRECTION('',(0.,1.,0.));
#2464 = ORIENTED_EDGE('',*,*,#613,.T.);
#2465 = ORIENTED_EDGE('',*,*,#2459,.T.);
#2466 = CYLINDRICAL_SURFACE('',#2467,1.7);
#2467 = AXIS2_PLACEMENT_3D('',#2468,#2469,#2470);
#2468 = CARTESIAN_POINT('',(248.5,-3.5,120.));
#2469 = DIRECTION('',(0.,1.,0.));
#2470 = DIRECTION('',(0.,-0.,1.));
#2471 = ADVANCED_FACE('',(#2472),#2483,.F.);
#2472 = FACE_BOUND('',#2473,.F.);
#2473 = EDGE_LOOP('',(#2474,#2475,#2481,#2482));
#2474 = ORIENTED_EDGE('',*,*,#1332,.F.);
#2475 = ORIENTED_EDGE('',*,*,#2476,.F.);
#2476 = EDGE_CURVE('',#625,#1333,#2477,.T.);
#2477 = LINE('',#2478,#2479);
#2478 = CARTESIAN_POINT('',(302.5,-3.5,92.2));
#2479 = VECTOR('',#2480,1.);
#2480 = DIRECTION('',(0.,1.,0.));
#2481 = ORIENTED_EDGE('',*,*,#624,.T.);
#2482 = ORIENTED_EDGE('',*,*,#2476,.T.);
#2483 = CYLINDRICAL_SURFACE('',#2484,2.2);
#2484 = AXIS2_PLACEMENT_3D('',#2485,#2486,#2487);
#2485 = CARTESIAN_POINT('',(302.5,-3.5,90.));
#2486 = DIRECTION('',(0.,1.,0.));
#2487 = DIRECTION('',(0.,-0.,1.));
#2488 = ADVANCED_FACE('',(#2489),#2500,.F.);
#2489 = FACE_BOUND('',#2490,.F.);
#2490 = EDGE_LOOP('',(#2491,#2492,#2498,#2499));
#2491 = ORIENTED_EDGE('',*,*,#1343,.F.);
#2492 = ORIENTED_EDGE('',*,*,#2493,.F.);
#2493 = EDGE_CURVE('',#636,#1344,#2494,.T.);
#2494 = LINE('',#2495,#2496);
#2495 = CARTESIAN_POINT('',(302.5,-3.5,152.2));
#2496 = VECTOR('',#2497,1.);
#2497 = DIRECTION('',(0.,1.,0.));
#2498 = ORIENTED_EDGE('',*,*,#635,.T.);
#2499 = ORIENTED_EDGE('',*,*,#2493,.T.);
#2500 = CYLINDRICAL_SURFACE('',#2501,2.2);
#2501 = AXIS2_PLACEMENT_3D('',#2502,#2503,#2504);
#2502 = CARTESIAN_POINT('',(302.5,-3.5,150.));
#2503 = DIRECTION('',(0.,1.,0.));
#2504 = DIRECTION('',(0.,-0.,1.));
#2505 = ADVANCED_FACE('',(#2506),#2522,.F.);
#2506 = FACE_BOUND('',#2507,.F.);
#2507 = EDGE_LOOP('',(#2508,#2514,#2515,#2521));
#2508 = ORIENTED_EDGE('',*,*,#2509,.F.);
#2509 = EDGE_CURVE('',#647,#1355,#2510,.T.);
#2510 = LINE('',#2511,#2512);
#2511 = CARTESIAN_POINT('',(67.5,-3.5,284.));
#2512 = VECTOR('',#2513,1.);
#2513 = DIRECTION('',(-0.,1.,0.));
#2514 = ORIENTED_EDGE('',*,*,#646,.T.);
#2515 = ORIENTED_EDGE('',*,*,#2516,.T.);
#2516 = EDGE_CURVE('',#649,#1357,#2517,.T.);
#2517 = LINE('',#2518,#2519);
#2518 = CARTESIAN_POINT('',(242.5,-3.5,284.));
#2519 = VECTOR('',#2520,1.);
#2520 = DIRECTION('',(-0.,1.,0.));
#2521 = ORIENTED_EDGE('',*,*,#1354,.F.);
#2522 = PLANE('',#2523);
#2523 = AXIS2_PLACEMENT_3D('',#2524,#2525,#2526);
#2524 = CARTESIAN_POINT('',(67.5,-3.5,284.));
#2525 = DIRECTION('',(0.,0.,1.));
#2526 = DIRECTION('',(1.,0.,-0.));
#2527 = ADVANCED_FACE('',(#2528),#2539,.T.);
#2528 = FACE_BOUND('',#2529,.T.);
#2529 = EDGE_LOOP('',(#2530,#2531,#2532,#2538));
#2530 = ORIENTED_EDGE('',*,*,#2509,.F.);
#2531 = ORIENTED_EDGE('',*,*,#656,.T.);
#2532 = ORIENTED_EDGE('',*,*,#2533,.T.);
#2533 = EDGE_CURVE('',#657,#1365,#2534,.T.);
#2534 = LINE('',#2535,#2536);
#2535 = CARTESIAN_POINT('',(67.5,-3.5,26.));
#2536 = VECTOR('',#2537,1.);
#2537 = DIRECTION('',(-0.,1.,0.));
#2538 = ORIENTED_EDGE('',*,*,#1364,.F.);
#2539 = PLANE('',#2540);
#2540 = AXIS2_PLACEMENT_3D('',#2541,#2542,#2543);
#2541 = CARTESIAN_POINT('',(67.5,-3.5,26.));
#2542 = DIRECTION('',(1.,0.,-0.));
#2543 = DIRECTION('',(0.,0.,1.));
#2544 = ADVANCED_FACE('',(#2545),#2556,.F.);
#2545 = FACE_BOUND('',#2546,.F.);
#2546 = EDGE_LOOP('',(#2547,#2548,#2549,#2555));
#2547 = ORIENTED_EDGE('',*,*,#2516,.F.);
#2548 = ORIENTED_EDGE('',*,*,#672,.T.);
#2549 = ORIENTED_EDGE('',*,*,#2550,.T.);
#2550 = EDGE_CURVE('',#665,#1373,#2551,.T.);
#2551 = LINE('',#2552,#2553);
#2552 = CARTESIAN_POINT('',(242.5,-3.5,26.));
#2553 = VECTOR('',#2554,1.);
#2554 = DIRECTION('',(-0.,1.,0.));
#2555 = ORIENTED_EDGE('',*,*,#1380,.F.);
#2556 = PLANE('',#2557);
#2557 = AXIS2_PLACEMENT_3D('',#2558,#2559,#2560);
#2558 = CARTESIAN_POINT('',(242.5,-3.5,26.));
#2559 = DIRECTION('',(1.,0.,-0.));
#2560 = DIRECTION('',(0.,0.,1.));
#2561 = ADVANCED_FACE('',(#2562),#2568,.T.);
#2562 = FACE_BOUND('',#2563,.T.);
#2563 = EDGE_LOOP('',(#2564,#2565,#2566,#2567));
#2564 = ORIENTED_EDGE('',*,*,#2533,.F.);
#2565 = ORIENTED_EDGE('',*,*,#664,.T.);
#2566 = ORIENTED_EDGE('',*,*,#2550,.T.);
#2567 = ORIENTED_EDGE('',*,*,#1372,.F.);
#2568 = PLANE('',#2569);
#2569 = AXIS2_PLACEMENT_3D('',#2570,#2571,#2572);
#2570 = CARTESIAN_POINT('',(67.5,-3.5,26.));
#2571 = DIRECTION('',(0.,0.,1.));
#2572 = DIRECTION('',(1.,0.,-0.));
#2573 = ADVANCED_FACE('',(#2574),#2585,.F.);
#2574 = FACE_BOUND('',#2575,.F.);
#2575 = EDGE_LOOP('',(#2576,#2577,#2583,#2584));
#2576 = ORIENTED_EDGE('',*,*,#1388,.F.);
#2577 = ORIENTED_EDGE('',*,*,#2578,.F.);
#2578 = EDGE_CURVE('',#681,#1389,#2579,.T.);
#2579 = LINE('',#2580,#2581);
#2580 = CARTESIAN_POINT('',(161.,-3.5,291.7));
#2581 = VECTOR('',#2582,1.);
#2582 = DIRECTION('',(0.,1.,0.));
#2583 = ORIENTED_EDGE('',*,*,#680,.T.);
#2584 = ORIENTED_EDGE('',*,*,#2578,.T.);
#2585 = CYLINDRICAL_SURFACE('',#2586,1.7);
#2586 = AXIS2_PLACEMENT_3D('',#2587,#2588,#2589);
#2587 = CARTESIAN_POINT('',(161.,-3.5,290.));
#2588 = DIRECTION('',(0.,1.,0.));
#2589 = DIRECTION('',(0.,-0.,1.));
#2590 = ADVANCED_FACE('',(#2591),#2602,.F.);
#2591 = FACE_BOUND('',#2592,.F.);
#2592 = EDGE_LOOP('',(#2593,#2594,#2600,#2601));
#2593 = ORIENTED_EDGE('',*,*,#1399,.F.);
#2594 = ORIENTED_EDGE('',*,*,#2595,.F.);
#2595 = EDGE_CURVE('',#692,#1400,#2596,.T.);
#2596 = LINE('',#2597,#2598);
#2597 = CARTESIAN_POINT('',(248.5,-3.5,171.7));
#2598 = VECTOR('',#2599,1.);
#2599 = DIRECTION('',(0.,1.,0.));
#2600 = ORIENTED_EDGE('',*,*,#691,.T.);
#2601 = ORIENTED_EDGE('',*,*,#2595,.T.);
#2602 = CYLINDRICAL_SURFACE('',#2603,1.7);
#2603 = AXIS2_PLACEMENT_3D('',#2604,#2605,#2606);
#2604 = CARTESIAN_POINT('',(248.5,-3.5,170.));
#2605 = DIRECTION('',(0.,1.,0.));
#2606 = DIRECTION('',(0.,-0.,1.));
#2607 = ADVANCED_FACE('',(#2608),#2619,.F.);
#2608 = FACE_BOUND('',#2609,.F.);
#2609 = EDGE_LOOP('',(#2610,#2611,#2617,#2618));
#2610 = ORIENTED_EDGE('',*,*,#1410,.F.);
#2611 = ORIENTED_EDGE('',*,*,#2612,.F.);
#2612 = EDGE_CURVE('',#703,#1411,#2613,.T.);
#2613 = LINE('',#2614,#2615);
#2614 = CARTESIAN_POINT('',(248.5,-3.5,221.7));
#2615 = VECTOR('',#2616,1.);
#2616 = DIRECTION('',(0.,1.,0.));
#2617 = ORIENTED_EDGE('',*,*,#702,.T.);
#2618 = ORIENTED_EDGE('',*,*,#2612,.T.);
#2619 = CYLINDRICAL_SURFACE('',#2620,1.7);
#2620 = AXIS2_PLACEMENT_3D('',#2621,#2622,#2623);
#2621 = CARTESIAN_POINT('',(248.5,-3.5,220.));
#2622 = DIRECTION('',(0.,1.,0.));
#2623 = DIRECTION('',(0.,-0.,1.));
#2624 = ADVANCED_FACE('',(#2625),#2636,.F.);
#2625 = FACE_BOUND('',#2626,.F.);
#2626 = EDGE_LOOP('',(#2627,#2628,#2634,#2635));
#2627 = ORIENTED_EDGE('',*,*,#1421,.F.);
#2628 = ORIENTED_EDGE('',*,*,#2629,.F.);
#2629 = EDGE_CURVE('',#714,#1422,#2630,.T.);
#2630 = LINE('',#2631,#2632);
#2631 = CARTESIAN_POINT('',(302.5,-3.5,212.2));
#2632 = VECTOR('',#2633,1.);
#2633 = DIRECTION('',(0.,1.,0.));
#2634 = ORIENTED_EDGE('',*,*,#713,.T.);
#2635 = ORIENTED_EDGE('',*,*,#2629,.T.);
#2636 = CYLINDRICAL_SURFACE('',#2637,2.2);
#2637 = AXIS2_PLACEMENT_3D('',#2638,#2639,#2640);
#2638 = CARTESIAN_POINT('',(302.5,-3.5,210.));
#2639 = DIRECTION('',(0.,1.,0.));
#2640 = DIRECTION('',(0.,-0.,1.));
#2641 = ADVANCED_FACE('',(#2642),#2653,.F.);
#2642 = FACE_BOUND('',#2643,.F.);
#2643 = EDGE_LOOP('',(#2644,#2645,#2651,#2652));
#2644 = ORIENTED_EDGE('',*,*,#1432,.F.);
#2645 = ORIENTED_EDGE('',*,*,#2646,.F.);
#2646 = EDGE_CURVE('',#725,#1433,#2647,.T.);
#2647 = LINE('',#2648,#2649);
#2648 = CARTESIAN_POINT('',(248.5,-3.5,271.7));
#2649 = VECTOR('',#2650,1.);
#2650 = DIRECTION('',(0.,1.,0.));
#2651 = ORIENTED_EDGE('',*,*,#724,.T.);
#2652 = ORIENTED_EDGE('',*,*,#2646,.T.);
#2653 = CYLINDRICAL_SURFACE('',#2654,1.7);
#2654 = AXIS2_PLACEMENT_3D('',#2655,#2656,#2657);
#2655 = CARTESIAN_POINT('',(248.5,-3.5,270.));
#2656 = DIRECTION('',(0.,1.,0.));
#2657 = DIRECTION('',(0.,-0.,1.));
#2658 = ADVANCED_FACE('',(#2659),#2670,.F.);
#2659 = FACE_BOUND('',#2660,.F.);
#2660 = EDGE_LOOP('',(#2661,#2662,#2668,#2669));
#2661 = ORIENTED_EDGE('',*,*,#1443,.F.);
#2662 = ORIENTED_EDGE('',*,*,#2663,.F.);
#2663 = EDGE_CURVE('',#736,#1444,#2664,.T.);
#2664 = LINE('',#2665,#2666);
#2665 = CARTESIAN_POINT('',(302.5,-3.5,272.2));
#2666 = VECTOR('',#2667,1.);
#2667 = DIRECTION('',(0.,1.,0.));
#2668 = ORIENTED_EDGE('',*,*,#735,.T.);
#2669 = ORIENTED_EDGE('',*,*,#2663,.T.);
#2670 = CYLINDRICAL_SURFACE('',#2671,2.2);
#2671 = AXIS2_PLACEMENT_3D('',#2672,#2673,#2674);
#2672 = CARTESIAN_POINT('',(302.5,-3.5,270.));
#2673 = DIRECTION('',(0.,1.,0.));
#2674 = DIRECTION('',(0.,-0.,1.));
#2675 = ( GEOMETRIC_REPRESENTATION_CONTEXT(3) 
GLOBAL_UNCERTAINTY_ASSIGNED_CONTEXT((#2679)) 
GLOBAL_UNIT_ASSIGNED_CONTEXT((#2676,#2677,#2678)) REPRESENTATION_CONTEXT
('Context #1','3D Context with UNIT and UNCERTAINTY') );
#2676 = ( LENGTH_UNIT() NAMED_UNIT(*) SI_UNIT(.MILLI.,.METRE.) );
#2677 = ( NAMED_UNIT(*) PLANE_ANGLE_UNIT() SI_UNIT($,.RADIAN.) );
#2678 = ( NAMED_UNIT(*) SI_UNIT($,.STERADIAN.) SOLID_ANGLE_UNIT() );
#2679 = UNCERTAINTY_MEASURE_WITH_UNIT(LENGTH_MEASURE(1.E-07),#2676,
  'distance_accuracy_value','confusion accuracy');
#2680 = PRODUCT_RELATED_PRODUCT_CATEGORY('part',$,(#7));
ENDSEC;
END-ISO-10303-21;
