ISO-10303-21;
HEADER;
FILE_DESCRIPTION(('FreeCAD Model'),'2;1');
FILE_NAME('Open CASCADE Shape Model','2026-10-09T14:31:32',('Author'),(
    ''),'Open CASCADE STEP processor 7.8','FreeCAD','Unknown');
FILE_SCHEMA(('AUTOMOTIVE_DESIGN { 1 0 10303 214 1 1 1 1 }'));
ENDSEC;
DATA;
#1 = APPLICATION_PROTOCOL_DEFINITION('international standard',
  'automotive_design',2000,#2);
#2 = APPLICATION_CONTEXT(
  'core data for automotive mechanical design processes');
#3 = SHAPE_DEFINITION_REPRESENTATION(#4,#10);
#4 = PRODUCT_DEFINITION_SHAPE('','',#5);
#5 = PRODUCT_DEFINITION('design','',#6,#9);
#6 = PRODUCT_DEFINITION_FORMATION('','',#7);
#7 = PRODUCT(
'PA heat spreader 300×300×10 Al 6061, machined fin fields, M3 tapped 
(16×7 PA + 6 antenna)',
'PA heat spreader 300×300×10 Al 6061, machined fin fields, M3 tapped 
(16×7 PA + 6 antenna)','',(#8));
#8 = PRODUCT_CONTEXT('',#2,'mechanical');
#9 = PRODUCT_DEFINITION_CONTEXT('part definition',#2,'design');
#10 = ADVANCED_BREP_SHAPE_REPRESENTATION('',(#11,#15),#9167);
#11 = AXIS2_PLACEMENT_3D('',#12,#13,#14);
#12 = CARTESIAN_POINT('',(0.,0.,0.));
#13 = DIRECTION('',(0.,0.,1.));
#14 = DIRECTION('',(1.,0.,-0.));
#15 = MANIFOLD_SOLID_BREP('',#16);
#16 = CLOSED_SHELL('',(#17,#57,#154,#178,#2318,#2335,#2347,#2372,#2397,
    #2422,#2447,#2472,#2497,#2522,#2547,#2572,#2597,#2622,#2647,#2672,
    #2697,#2722,#2747,#2772,#2797,#2822,#2847,#2872,#2897,#2922,#2947,
    #2972,#2997,#3022,#3047,#3072,#3097,#3122,#3147,#3172,#3197,#3228,
    #3252,#3276,#3293,#3324,#3348,#3372,#3389,#3420,#3444,#3468,#3485,
    #3516,#3540,#3564,#3581,#3612,#3636,#3660,#3677,#3708,#3732,#3756,
    #3773,#3804,#3828,#3852,#3869,#3900,#3924,#3948,#3965,#3996,#4020,
    #4044,#4061,#4092,#4116,#4140,#4157,#4188,#4212,#4236,#4253,#4284,
    #4308,#4332,#4349,#4380,#4404,#4428,#4445,#4470,#4495,#4520,#4545,
    #4570,#4595,#4620,#4645,#4670,#4695,#4720,#4745,#4770,#4795,#4820,
    #4845,#4870,#4895,#4920,#4945,#4970,#4995,#5020,#5045,#5070,#5095,
    #5120,#5145,#5170,#5195,#5220,#5245,#5270,#5295,#5320,#5345,#5370,
    #5395,#5420,#5445,#5470,#5495,#5520,#5545,#5570,#5595,#5620,#5645,
    #5670,#5695,#5720,#5745,#5770,#5795,#5820,#5845,#5870,#5895,#5920,
    #5945,#5970,#5995,#6020,#6045,#6070,#6095,#6120,#6145,#6170,#6195,
    #6220,#6245,#6270,#6295,#6320,#6345,#6370,#6395,#6420,#6451,#6475,
    #6499,#6516,#6547,#6571,#6595,#6612,#6643,#6667,#6691,#6708,#6739,
    #6763,#6787,#6804,#6829,#6854,#6885,#6909,#6933,#6950,#6981,#7005,
    #7029,#7046,#7077,#7101,#7125,#7142,#7173,#7197,#7221,#7238,#7269,
    #7293,#7317,#7334,#7365,#7389,#7413,#7430,#7461,#7485,#7509,#7526,
    #7557,#7581,#7605,#7622,#7653,#7677,#7701,#7718,#7743,#7768,#7793,
    #7802,#7811,#7820,#7829,#7838,#7847,#7856,#7865,#7874,#7883,#7892,
    #7901,#7910,#7919,#7928,#7937,#7946,#7955,#7964,#7973,#7982,#7991,
    #8000,#8009,#8018,#8027,#8036,#8045,#8054,#8063,#8072,#8081,#8090,
    #8099,#8111,#8123,#8135,#8147,#8159,#8171,#8183,#8195,#8207,#8219,
    #8231,#8243,#8255,#8264,#8273,#8282,#8291,#8300,#8309,#8318,#8327,
    #8336,#8345,#8354,#8363,#8372,#8381,#8390,#8399,#8408,#8417,#8426,
    #8435,#8444,#8453,#8462,#8471,#8480,#8489,#8498,#8507,#8516,#8525,
    #8534,#8543,#8552,#8561,#8570,#8579,#8588,#8597,#8606,#8615,#8624,
    #8633,#8642,#8651,#8660,#8669,#8678,#8687,#8696,#8705,#8714,#8723,
    #8732,#8741,#8750,#8759,#8768,#8777,#8786,#8795,#8804,#8813,#8822,
    #8831,#8840,#8849,#8858,#8867,#8876,#8885,#8894,#8903,#8912,#8921,
    #8930,#8939,#8948,#8957,#8966,#8978,#8990,#9002,#9014,#9023,#9032,
    #9044,#9056,#9068,#9080,#9092,#9104,#9116,#9128,#9140,#9149,#9158));
#17 = ADVANCED_FACE('',(#18),#52,.F.);
#18 = FACE_BOUND('',#19,.F.);
#19 = EDGE_LOOP('',(#20,#30,#38,#46));
#20 = ORIENTED_EDGE('',*,*,#21,.F.);
#21 = EDGE_CURVE('',#22,#24,#26,.T.);
#22 = VERTEX_POINT('',#23);
#23 = CARTESIAN_POINT('',(5.,11.,5.));
#24 = VERTEX_POINT('',#25);
#25 = CARTESIAN_POINT('',(5.,11.,305.));
#26 = LINE('',#27,#28);
#27 = CARTESIAN_POINT('',(5.,11.,5.));
#28 = VECTOR('',#29,1.);
#29 = DIRECTION('',(0.,0.,1.));
#30 = ORIENTED_EDGE('',*,*,#31,.T.);
#31 = EDGE_CURVE('',#22,#32,#34,.T.);
#32 = VERTEX_POINT('',#33);
#33 = CARTESIAN_POINT('',(5.,21.,5.));
#34 = LINE('',#35,#36);
#35 = CARTESIAN_POINT('',(5.,11.,5.));
#36 = VECTOR('',#37,1.);
#37 = DIRECTION('',(-0.,1.,0.));
#38 = ORIENTED_EDGE('',*,*,#39,.T.);
#39 = EDGE_CURVE('',#32,#40,#42,.T.);
#40 = VERTEX_POINT('',#41);
#41 = CARTESIAN_POINT('',(5.,21.,305.));
#42 = LINE('',#43,#44);
#43 = CARTESIAN_POINT('',(5.,21.,5.));
#44 = VECTOR('',#45,1.);
#45 = DIRECTION('',(0.,0.,1.));
#46 = ORIENTED_EDGE('',*,*,#47,.F.);
#47 = EDGE_CURVE('',#24,#40,#48,.T.);
#48 = LINE('',#49,#50);
#49 = CARTESIAN_POINT('',(5.,11.,305.));
#50 = VECTOR('',#51,1.);
#51 = DIRECTION('',(-0.,1.,0.));
#52 = PLANE('',#53);
#53 = AXIS2_PLACEMENT_3D('',#54,#55,#56);
#54 = CARTESIAN_POINT('',(5.,11.,5.));
#55 = DIRECTION('',(1.,0.,-0.));
#56 = DIRECTION('',(0.,0.,1.));
#57 = ADVANCED_FACE('',(#58,#83,#94,#105,#116,#127,#138),#149,.F.);
#58 = FACE_BOUND('',#59,.F.);
#59 = EDGE_LOOP('',(#60,#68,#69,#77));
#60 = ORIENTED_EDGE('',*,*,#61,.F.);
#61 = EDGE_CURVE('',#22,#62,#64,.T.);
#62 = VERTEX_POINT('',#63);
#63 = CARTESIAN_POINT('',(305.,11.,5.));
#64 = LINE('',#65,#66);
#65 = CARTESIAN_POINT('',(5.,11.,5.));
#66 = VECTOR('',#67,1.);
#67 = DIRECTION('',(1.,0.,-0.));
#68 = ORIENTED_EDGE('',*,*,#21,.T.);
#69 = ORIENTED_EDGE('',*,*,#70,.T.);
#70 = EDGE_CURVE('',#24,#71,#73,.T.);
#71 = VERTEX_POINT('',#72);
#72 = CARTESIAN_POINT('',(305.,11.,305.));
#73 = LINE('',#74,#75);
#74 = CARTESIAN_POINT('',(5.,11.,305.));
#75 = VECTOR('',#76,1.);
#76 = DIRECTION('',(1.,0.,-0.));
#77 = ORIENTED_EDGE('',*,*,#78,.F.);
#78 = EDGE_CURVE('',#62,#71,#79,.T.);
#79 = LINE('',#80,#81);
#80 = CARTESIAN_POINT('',(305.,11.,5.));
#81 = VECTOR('',#82,1.);
#82 = DIRECTION('',(0.,0.,1.));
#83 = FACE_BOUND('',#84,.F.);
#84 = EDGE_LOOP('',(#85));
#85 = ORIENTED_EDGE('',*,*,#86,.F.);
#86 = EDGE_CURVE('',#87,#87,#89,.T.);
#87 = VERTEX_POINT('',#88);
#88 = CARTESIAN_POINT('',(77.5,11.,37.25));
#89 = CIRCLE('',#90,1.25);
#90 = AXIS2_PLACEMENT_3D('',#91,#92,#93);
#91 = CARTESIAN_POINT('',(77.5,11.,36.));
#92 = DIRECTION('',(0.,1.,0.));
#93 = DIRECTION('',(0.,-0.,1.));
#94 = FACE_BOUND('',#95,.F.);
#95 = EDGE_LOOP('',(#96));
#96 = ORIENTED_EDGE('',*,*,#97,.F.);
#97 = EDGE_CURVE('',#98,#98,#100,.T.);
#98 = VERTEX_POINT('',#99);
#99 = CARTESIAN_POINT('',(77.5,11.,275.25));
#100 = CIRCLE('',#101,1.25);
#101 = AXIS2_PLACEMENT_3D('',#102,#103,#104);
#102 = CARTESIAN_POINT('',(77.5,11.,274.));
#103 = DIRECTION('',(0.,1.,0.));
#104 = DIRECTION('',(0.,-0.,1.));
#105 = FACE_BOUND('',#106,.F.);
#106 = EDGE_LOOP('',(#107));
#107 = ORIENTED_EDGE('',*,*,#108,.F.);
#108 = EDGE_CURVE('',#109,#109,#111,.T.);
#109 = VERTEX_POINT('',#110);
#110 = CARTESIAN_POINT('',(155.,11.,37.25));
#111 = CIRCLE('',#112,1.25);
#112 = AXIS2_PLACEMENT_3D('',#113,#114,#115);
#113 = CARTESIAN_POINT('',(155.,11.,36.));
#114 = DIRECTION('',(0.,1.,0.));
#115 = DIRECTION('',(0.,-0.,1.));
#116 = FACE_BOUND('',#117,.F.);
#117 = EDGE_LOOP('',(#118));
#118 = ORIENTED_EDGE('',*,*,#119,.F.);
#119 = EDGE_CURVE('',#120,#120,#122,.T.);
#120 = VERTEX_POINT('',#121);
#121 = CARTESIAN_POINT('',(232.5,11.,37.25));
#122 = CIRCLE('',#123,1.25);
#123 = AXIS2_PLACEMENT_3D('',#124,#125,#126);
#124 = CARTESIAN_POINT('',(232.5,11.,36.));
#125 = DIRECTION('',(0.,1.,0.));
#126 = DIRECTION('',(0.,-0.,1.));
#127 = FACE_BOUND('',#128,.F.);
#128 = EDGE_LOOP('',(#129));
#129 = ORIENTED_EDGE('',*,*,#130,.F.);
#130 = EDGE_CURVE('',#131,#131,#133,.T.);
#131 = VERTEX_POINT('',#132);
#132 = CARTESIAN_POINT('',(155.,11.,275.25));
#133 = CIRCLE('',#134,1.25);
#134 = AXIS2_PLACEMENT_3D('',#135,#136,#137);
#135 = CARTESIAN_POINT('',(155.,11.,274.));
#136 = DIRECTION('',(0.,1.,0.));
#137 = DIRECTION('',(0.,-0.,1.));
#138 = FACE_BOUND('',#139,.F.);
#139 = EDGE_LOOP('',(#140));
#140 = ORIENTED_EDGE('',*,*,#141,.F.);
#141 = EDGE_CURVE('',#142,#142,#144,.T.);
#142 = VERTEX_POINT('',#143);
#143 = CARTESIAN_POINT('',(232.5,11.,275.25));
#144 = CIRCLE('',#145,1.25);
#145 = AXIS2_PLACEMENT_3D('',#146,#147,#148);
#146 = CARTESIAN_POINT('',(232.5,11.,274.));
#147 = DIRECTION('',(0.,1.,0.));
#148 = DIRECTION('',(0.,-0.,1.));
#149 = PLANE('',#150);
#150 = AXIS2_PLACEMENT_3D('',#151,#152,#153);
#151 = CARTESIAN_POINT('',(5.,11.,5.));
#152 = DIRECTION('',(-0.,1.,0.));
#153 = DIRECTION('',(0.,0.,1.));
#154 = ADVANCED_FACE('',(#155),#173,.T.);
#155 = FACE_BOUND('',#156,.T.);
#156 = EDGE_LOOP('',(#157,#158,#159,#167));
#157 = ORIENTED_EDGE('',*,*,#47,.F.);
#158 = ORIENTED_EDGE('',*,*,#70,.T.);
#159 = ORIENTED_EDGE('',*,*,#160,.T.);
#160 = EDGE_CURVE('',#71,#161,#163,.T.);
#161 = VERTEX_POINT('',#162);
#162 = CARTESIAN_POINT('',(305.,21.,305.));
#163 = LINE('',#164,#165);
#164 = CARTESIAN_POINT('',(305.,11.,305.));
#165 = VECTOR('',#166,1.);
#166 = DIRECTION('',(-0.,1.,0.));
#167 = ORIENTED_EDGE('',*,*,#168,.F.);
#168 = EDGE_CURVE('',#40,#161,#169,.T.);
#169 = LINE('',#170,#171);
#170 = CARTESIAN_POINT('',(5.,21.,305.));
#171 = VECTOR('',#172,1.);
#172 = DIRECTION('',(1.,0.,-0.));
#173 = PLANE('',#174);
#174 = AXIS2_PLACEMENT_3D('',#175,#176,#177);
#175 = CARTESIAN_POINT('',(5.,11.,305.));
#176 = DIRECTION('',(0.,0.,1.));
#177 = DIRECTION('',(1.,0.,-0.));
#178 = ADVANCED_FACE('',(#179,#197,#208,#219,#230,#241,#252,#263,#274,
    #285,#296,#307,#318,#329,#340,#351,#362,#373,#384,#395,#406,#417,
    #428,#439,#450,#461,#472,#483,#494,#505,#539,#573,#607,#641,#675,
    #709,#743,#777,#811,#845,#879,#913,#947,#958,#969,#980,#991,#1002,
    #1013,#1024,#1035,#1046,#1057,#1068,#1079,#1090,#1101,#1112,#1123,
    #1134,#1145,#1156,#1167,#1178,#1189,#1200,#1211,#1222,#1233,#1244,
    #1255,#1266,#1277,#1288,#1299,#1310,#1321,#1332,#1343,#1354,#1365,
    #1376,#1387,#1398,#1409,#1420,#1431,#1442,#1453,#1464,#1475,#1486,
    #1497,#1508,#1519,#1530,#1541,#1552,#1563,#1574,#1585,#1596,#1607,
    #1618,#1629,#1640,#1651,#1662,#1673,#1684,#1695,#1706,#1717,#1728,
    #1739,#1750,#1761,#1772,#1783,#1794,#1805,#1816,#1850,#1884,#1918,
    #1952,#1963,#1974,#2008,#2042,#2076,#2110,#2144,#2178,#2212,#2246,
    #2280,#2291,#2302),#2313,.T.);
#179 = FACE_BOUND('',#180,.T.);
#180 = EDGE_LOOP('',(#181,#189,#190,#191));
#181 = ORIENTED_EDGE('',*,*,#182,.F.);
#182 = EDGE_CURVE('',#32,#183,#185,.T.);
#183 = VERTEX_POINT('',#184);
#184 = CARTESIAN_POINT('',(305.,21.,5.));
#185 = LINE('',#186,#187);
#186 = CARTESIAN_POINT('',(5.,21.,5.));
#187 = VECTOR('',#188,1.);
#188 = DIRECTION('',(1.,0.,-0.));
#189 = ORIENTED_EDGE('',*,*,#39,.T.);
#190 = ORIENTED_EDGE('',*,*,#168,.T.);
#191 = ORIENTED_EDGE('',*,*,#192,.F.);
#192 = EDGE_CURVE('',#183,#161,#193,.T.);
#193 = LINE('',#194,#195);
#194 = CARTESIAN_POINT('',(305.,21.,5.));
#195 = VECTOR('',#196,1.);
#196 = DIRECTION('',(0.,0.,1.));
#197 = FACE_BOUND('',#198,.T.);
#198 = EDGE_LOOP('',(#199));
#199 = ORIENTED_EDGE('',*,*,#200,.F.);
#200 = EDGE_CURVE('',#201,#201,#203,.T.);
#201 = VERTEX_POINT('',#202);
#202 = CARTESIAN_POINT('',(80.1,21.,26.85));
#203 = CIRCLE('',#204,1.25);
#204 = AXIS2_PLACEMENT_3D('',#205,#206,#207);
#205 = CARTESIAN_POINT('',(80.1,21.,25.6));
#206 = DIRECTION('',(0.,1.,0.));
#207 = DIRECTION('',(0.,-0.,1.));
#208 = FACE_BOUND('',#209,.T.);
#209 = EDGE_LOOP('',(#210));
#210 = ORIENTED_EDGE('',*,*,#211,.F.);
#211 = EDGE_CURVE('',#212,#212,#214,.T.);
#212 = VERTEX_POINT('',#213);
#213 = CARTESIAN_POINT('',(95.,21.,26.85));
#214 = CIRCLE('',#215,1.25);
#215 = AXIS2_PLACEMENT_3D('',#216,#217,#218);
#216 = CARTESIAN_POINT('',(95.,21.,25.6));
#217 = DIRECTION('',(0.,1.,0.));
#218 = DIRECTION('',(0.,-0.,1.));
#219 = FACE_BOUND('',#220,.T.);
#220 = EDGE_LOOP('',(#221));
#221 = ORIENTED_EDGE('',*,*,#222,.F.);
#222 = EDGE_CURVE('',#223,#223,#225,.T.);
#223 = VERTEX_POINT('',#224);
#224 = CARTESIAN_POINT('',(109.9,21.,26.85));
#225 = CIRCLE('',#226,1.25);
#226 = AXIS2_PLACEMENT_3D('',#227,#228,#229);
#227 = CARTESIAN_POINT('',(109.9,21.,25.6));
#228 = DIRECTION('',(0.,1.,0.));
#229 = DIRECTION('',(0.,-0.,1.));
#230 = FACE_BOUND('',#231,.T.);
#231 = EDGE_LOOP('',(#232));
#232 = ORIENTED_EDGE('',*,*,#233,.F.);
#233 = EDGE_CURVE('',#234,#234,#236,.T.);
#234 = VERTEX_POINT('',#235);
#235 = CARTESIAN_POINT('',(80.1,21.,62.25));
#236 = CIRCLE('',#237,1.25);
#237 = AXIS2_PLACEMENT_3D('',#238,#239,#240);
#238 = CARTESIAN_POINT('',(80.1,21.,61.));
#239 = DIRECTION('',(0.,1.,0.));
#240 = DIRECTION('',(0.,-0.,1.));
#241 = FACE_BOUND('',#242,.T.);
#242 = EDGE_LOOP('',(#243));
#243 = ORIENTED_EDGE('',*,*,#244,.F.);
#244 = EDGE_CURVE('',#245,#245,#247,.T.);
#245 = VERTEX_POINT('',#246);
#246 = CARTESIAN_POINT('',(80.1,21.,81.65));
#247 = CIRCLE('',#248,1.25);
#248 = AXIS2_PLACEMENT_3D('',#249,#250,#251);
#249 = CARTESIAN_POINT('',(80.1,21.,80.4));
#250 = DIRECTION('',(0.,1.,0.));
#251 = DIRECTION('',(0.,-0.,1.));
#252 = FACE_BOUND('',#253,.T.);
#253 = EDGE_LOOP('',(#254));
#254 = ORIENTED_EDGE('',*,*,#255,.F.);
#255 = EDGE_CURVE('',#256,#256,#258,.T.);
#256 = VERTEX_POINT('',#257);
#257 = CARTESIAN_POINT('',(109.9,21.,62.25));
#258 = CIRCLE('',#259,1.25);
#259 = AXIS2_PLACEMENT_3D('',#260,#261,#262);
#260 = CARTESIAN_POINT('',(109.9,21.,61.));
#261 = DIRECTION('',(0.,1.,0.));
#262 = DIRECTION('',(0.,-0.,1.));
#263 = FACE_BOUND('',#264,.T.);
#264 = EDGE_LOOP('',(#265));
#265 = ORIENTED_EDGE('',*,*,#266,.F.);
#266 = EDGE_CURVE('',#267,#267,#269,.T.);
#267 = VERTEX_POINT('',#268);
#268 = CARTESIAN_POINT('',(109.9,21.,81.65));
#269 = CIRCLE('',#270,1.25);
#270 = AXIS2_PLACEMENT_3D('',#271,#272,#273);
#271 = CARTESIAN_POINT('',(109.9,21.,80.4));
#272 = DIRECTION('',(0.,1.,0.));
#273 = DIRECTION('',(0.,-0.,1.));
#274 = FACE_BOUND('',#275,.T.);
#275 = EDGE_LOOP('',(#276));
#276 = ORIENTED_EDGE('',*,*,#277,.F.);
#277 = EDGE_CURVE('',#278,#278,#280,.T.);
#278 = VERTEX_POINT('',#279);
#279 = CARTESIAN_POINT('',(120.1,21.,26.85));
#280 = CIRCLE('',#281,1.25);
#281 = AXIS2_PLACEMENT_3D('',#282,#283,#284);
#282 = CARTESIAN_POINT('',(120.1,21.,25.6));
#283 = DIRECTION('',(0.,1.,0.));
#284 = DIRECTION('',(0.,-0.,1.));
#285 = FACE_BOUND('',#286,.T.);
#286 = EDGE_LOOP('',(#287));
#287 = ORIENTED_EDGE('',*,*,#288,.F.);
#288 = EDGE_CURVE('',#289,#289,#291,.T.);
#289 = VERTEX_POINT('',#290);
#290 = CARTESIAN_POINT('',(135.,21.,26.85));
#291 = CIRCLE('',#292,1.25);
#292 = AXIS2_PLACEMENT_3D('',#293,#294,#295);
#293 = CARTESIAN_POINT('',(135.,21.,25.6));
#294 = DIRECTION('',(0.,1.,0.));
#295 = DIRECTION('',(0.,-0.,1.));
#296 = FACE_BOUND('',#297,.T.);
#297 = EDGE_LOOP('',(#298));
#298 = ORIENTED_EDGE('',*,*,#299,.F.);
#299 = EDGE_CURVE('',#300,#300,#302,.T.);
#300 = VERTEX_POINT('',#301);
#301 = CARTESIAN_POINT('',(149.9,21.,26.85));
#302 = CIRCLE('',#303,1.25);
#303 = AXIS2_PLACEMENT_3D('',#304,#305,#306);
#304 = CARTESIAN_POINT('',(149.9,21.,25.6));
#305 = DIRECTION('',(0.,1.,0.));
#306 = DIRECTION('',(0.,-0.,1.));
#307 = FACE_BOUND('',#308,.T.);
#308 = EDGE_LOOP('',(#309));
#309 = ORIENTED_EDGE('',*,*,#310,.F.);
#310 = EDGE_CURVE('',#311,#311,#313,.T.);
#311 = VERTEX_POINT('',#312);
#312 = CARTESIAN_POINT('',(120.1,21.,62.25));
#313 = CIRCLE('',#314,1.25);
#314 = AXIS2_PLACEMENT_3D('',#315,#316,#317);
#315 = CARTESIAN_POINT('',(120.1,21.,61.));
#316 = DIRECTION('',(0.,1.,0.));
#317 = DIRECTION('',(0.,-0.,1.));
#318 = FACE_BOUND('',#319,.T.);
#319 = EDGE_LOOP('',(#320));
#320 = ORIENTED_EDGE('',*,*,#321,.F.);
#321 = EDGE_CURVE('',#322,#322,#324,.T.);
#322 = VERTEX_POINT('',#323);
#323 = CARTESIAN_POINT('',(120.1,21.,81.65));
#324 = CIRCLE('',#325,1.25);
#325 = AXIS2_PLACEMENT_3D('',#326,#327,#328);
#326 = CARTESIAN_POINT('',(120.1,21.,80.4));
#327 = DIRECTION('',(0.,1.,0.));
#328 = DIRECTION('',(0.,-0.,1.));
#329 = FACE_BOUND('',#330,.T.);
#330 = EDGE_LOOP('',(#331));
#331 = ORIENTED_EDGE('',*,*,#332,.F.);
#332 = EDGE_CURVE('',#333,#333,#335,.T.);
#333 = VERTEX_POINT('',#334);
#334 = CARTESIAN_POINT('',(149.9,21.,62.25));
#335 = CIRCLE('',#336,1.25);
#336 = AXIS2_PLACEMENT_3D('',#337,#338,#339);
#337 = CARTESIAN_POINT('',(149.9,21.,61.));
#338 = DIRECTION('',(0.,1.,0.));
#339 = DIRECTION('',(0.,-0.,1.));
#340 = FACE_BOUND('',#341,.T.);
#341 = EDGE_LOOP('',(#342));
#342 = ORIENTED_EDGE('',*,*,#343,.F.);
#343 = EDGE_CURVE('',#344,#344,#346,.T.);
#344 = VERTEX_POINT('',#345);
#345 = CARTESIAN_POINT('',(149.9,21.,81.65));
#346 = CIRCLE('',#347,1.25);
#347 = AXIS2_PLACEMENT_3D('',#348,#349,#350);
#348 = CARTESIAN_POINT('',(149.9,21.,80.4));
#349 = DIRECTION('',(0.,1.,0.));
#350 = DIRECTION('',(0.,-0.,1.));
#351 = FACE_BOUND('',#352,.T.);
#352 = EDGE_LOOP('',(#353));
#353 = ORIENTED_EDGE('',*,*,#354,.F.);
#354 = EDGE_CURVE('',#355,#355,#357,.T.);
#355 = VERTEX_POINT('',#356);
#356 = CARTESIAN_POINT('',(80.1,21.,94.85));
#357 = CIRCLE('',#358,1.25);
#358 = AXIS2_PLACEMENT_3D('',#359,#360,#361);
#359 = CARTESIAN_POINT('',(80.1,21.,93.6));
#360 = DIRECTION('',(0.,1.,0.));
#361 = DIRECTION('',(0.,-0.,1.));
#362 = FACE_BOUND('',#363,.T.);
#363 = EDGE_LOOP('',(#364));
#364 = ORIENTED_EDGE('',*,*,#365,.F.);
#365 = EDGE_CURVE('',#366,#366,#368,.T.);
#366 = VERTEX_POINT('',#367);
#367 = CARTESIAN_POINT('',(95.,21.,94.85));
#368 = CIRCLE('',#369,1.25);
#369 = AXIS2_PLACEMENT_3D('',#370,#371,#372);
#370 = CARTESIAN_POINT('',(95.,21.,93.6));
#371 = DIRECTION('',(0.,1.,0.));
#372 = DIRECTION('',(0.,-0.,1.));
#373 = FACE_BOUND('',#374,.T.);
#374 = EDGE_LOOP('',(#375));
#375 = ORIENTED_EDGE('',*,*,#376,.F.);
#376 = EDGE_CURVE('',#377,#377,#379,.T.);
#377 = VERTEX_POINT('',#378);
#378 = CARTESIAN_POINT('',(109.9,21.,94.85));
#379 = CIRCLE('',#380,1.25);
#380 = AXIS2_PLACEMENT_3D('',#381,#382,#383);
#381 = CARTESIAN_POINT('',(109.9,21.,93.6));
#382 = DIRECTION('',(0.,1.,0.));
#383 = DIRECTION('',(0.,-0.,1.));
#384 = FACE_BOUND('',#385,.T.);
#385 = EDGE_LOOP('',(#386));
#386 = ORIENTED_EDGE('',*,*,#387,.F.);
#387 = EDGE_CURVE('',#388,#388,#390,.T.);
#388 = VERTEX_POINT('',#389);
#389 = CARTESIAN_POINT('',(80.1,21.,130.25));
#390 = CIRCLE('',#391,1.25);
#391 = AXIS2_PLACEMENT_3D('',#392,#393,#394);
#392 = CARTESIAN_POINT('',(80.1,21.,129.));
#393 = DIRECTION('',(0.,1.,0.));
#394 = DIRECTION('',(0.,-0.,1.));
#395 = FACE_BOUND('',#396,.T.);
#396 = EDGE_LOOP('',(#397));
#397 = ORIENTED_EDGE('',*,*,#398,.F.);
#398 = EDGE_CURVE('',#399,#399,#401,.T.);
#399 = VERTEX_POINT('',#400);
#400 = CARTESIAN_POINT('',(80.1,21.,149.65));
#401 = CIRCLE('',#402,1.25);
#402 = AXIS2_PLACEMENT_3D('',#403,#404,#405);
#403 = CARTESIAN_POINT('',(80.1,21.,148.4));
#404 = DIRECTION('',(0.,1.,0.));
#405 = DIRECTION('',(0.,-0.,1.));
#406 = FACE_BOUND('',#407,.T.);
#407 = EDGE_LOOP('',(#408));
#408 = ORIENTED_EDGE('',*,*,#409,.F.);
#409 = EDGE_CURVE('',#410,#410,#412,.T.);
#410 = VERTEX_POINT('',#411);
#411 = CARTESIAN_POINT('',(109.9,21.,130.25));
#412 = CIRCLE('',#413,1.25);
#413 = AXIS2_PLACEMENT_3D('',#414,#415,#416);
#414 = CARTESIAN_POINT('',(109.9,21.,129.));
#415 = DIRECTION('',(0.,1.,0.));
#416 = DIRECTION('',(0.,-0.,1.));
#417 = FACE_BOUND('',#418,.T.);
#418 = EDGE_LOOP('',(#419));
#419 = ORIENTED_EDGE('',*,*,#420,.F.);
#420 = EDGE_CURVE('',#421,#421,#423,.T.);
#421 = VERTEX_POINT('',#422);
#422 = CARTESIAN_POINT('',(109.9,21.,149.65));
#423 = CIRCLE('',#424,1.25);
#424 = AXIS2_PLACEMENT_3D('',#425,#426,#427);
#425 = CARTESIAN_POINT('',(109.9,21.,148.4));
#426 = DIRECTION('',(0.,1.,0.));
#427 = DIRECTION('',(0.,-0.,1.));
#428 = FACE_BOUND('',#429,.T.);
#429 = EDGE_LOOP('',(#430));
#430 = ORIENTED_EDGE('',*,*,#431,.F.);
#431 = EDGE_CURVE('',#432,#432,#434,.T.);
#432 = VERTEX_POINT('',#433);
#433 = CARTESIAN_POINT('',(120.1,21.,94.85));
#434 = CIRCLE('',#435,1.25);
#435 = AXIS2_PLACEMENT_3D('',#436,#437,#438);
#436 = CARTESIAN_POINT('',(120.1,21.,93.6));
#437 = DIRECTION('',(0.,1.,0.));
#438 = DIRECTION('',(0.,-0.,1.));
#439 = FACE_BOUND('',#440,.T.);
#440 = EDGE_LOOP('',(#441));
#441 = ORIENTED_EDGE('',*,*,#442,.F.);
#442 = EDGE_CURVE('',#443,#443,#445,.T.);
#443 = VERTEX_POINT('',#444);
#444 = CARTESIAN_POINT('',(135.,21.,94.85));
#445 = CIRCLE('',#446,1.25);
#446 = AXIS2_PLACEMENT_3D('',#447,#448,#449);
#447 = CARTESIAN_POINT('',(135.,21.,93.6));
#448 = DIRECTION('',(0.,1.,0.));
#449 = DIRECTION('',(0.,-0.,1.));
#450 = FACE_BOUND('',#451,.T.);
#451 = EDGE_LOOP('',(#452));
#452 = ORIENTED_EDGE('',*,*,#453,.F.);
#453 = EDGE_CURVE('',#454,#454,#456,.T.);
#454 = VERTEX_POINT('',#455);
#455 = CARTESIAN_POINT('',(149.9,21.,94.85));
#456 = CIRCLE('',#457,1.25);
#457 = AXIS2_PLACEMENT_3D('',#458,#459,#460);
#458 = CARTESIAN_POINT('',(149.9,21.,93.6));
#459 = DIRECTION('',(0.,1.,0.));
#460 = DIRECTION('',(0.,-0.,1.));
#461 = FACE_BOUND('',#462,.T.);
#462 = EDGE_LOOP('',(#463));
#463 = ORIENTED_EDGE('',*,*,#464,.F.);
#464 = EDGE_CURVE('',#465,#465,#467,.T.);
#465 = VERTEX_POINT('',#466);
#466 = CARTESIAN_POINT('',(120.1,21.,130.25));
#467 = CIRCLE('',#468,1.25);
#468 = AXIS2_PLACEMENT_3D('',#469,#470,#471);
#469 = CARTESIAN_POINT('',(120.1,21.,129.));
#470 = DIRECTION('',(0.,1.,0.));
#471 = DIRECTION('',(0.,-0.,1.));
#472 = FACE_BOUND('',#473,.T.);
#473 = EDGE_LOOP('',(#474));
#474 = ORIENTED_EDGE('',*,*,#475,.F.);
#475 = EDGE_CURVE('',#476,#476,#478,.T.);
#476 = VERTEX_POINT('',#477);
#477 = CARTESIAN_POINT('',(120.1,21.,149.65));
#478 = CIRCLE('',#479,1.25);
#479 = AXIS2_PLACEMENT_3D('',#480,#481,#482);
#480 = CARTESIAN_POINT('',(120.1,21.,148.4));
#481 = DIRECTION('',(0.,1.,0.));
#482 = DIRECTION('',(0.,-0.,1.));
#483 = FACE_BOUND('',#484,.T.);
#484 = EDGE_LOOP('',(#485));
#485 = ORIENTED_EDGE('',*,*,#486,.F.);
#486 = EDGE_CURVE('',#487,#487,#489,.T.);
#487 = VERTEX_POINT('',#488);
#488 = CARTESIAN_POINT('',(149.9,21.,130.25));
#489 = CIRCLE('',#490,1.25);
#490 = AXIS2_PLACEMENT_3D('',#491,#492,#493);
#491 = CARTESIAN_POINT('',(149.9,21.,129.));
#492 = DIRECTION('',(0.,1.,0.));
#493 = DIRECTION('',(0.,-0.,1.));
#494 = FACE_BOUND('',#495,.T.);
#495 = EDGE_LOOP('',(#496));
#496 = ORIENTED_EDGE('',*,*,#497,.F.);
#497 = EDGE_CURVE('',#498,#498,#500,.T.);
#498 = VERTEX_POINT('',#499);
#499 = CARTESIAN_POINT('',(149.9,21.,149.65));
#500 = CIRCLE('',#501,1.25);
#501 = AXIS2_PLACEMENT_3D('',#502,#503,#504);
#502 = CARTESIAN_POINT('',(149.9,21.,148.4));
#503 = DIRECTION('',(0.,1.,0.));
#504 = DIRECTION('',(0.,-0.,1.));
#505 = FACE_BOUND('',#506,.T.);
#506 = EDGE_LOOP('',(#507,#517,#525,#533));
#507 = ORIENTED_EDGE('',*,*,#508,.F.);
#508 = EDGE_CURVE('',#509,#511,#513,.T.);
#509 = VERTEX_POINT('',#510);
#510 = CARTESIAN_POINT('',(6.,21.,15.));
#511 = VERTEX_POINT('',#512);
#512 = CARTESIAN_POINT('',(6.,21.,295.));
#513 = LINE('',#514,#515);
#514 = CARTESIAN_POINT('',(6.,21.,15.));
#515 = VECTOR('',#516,1.);
#516 = DIRECTION('',(0.,0.,1.));
#517 = ORIENTED_EDGE('',*,*,#518,.T.);
#518 = EDGE_CURVE('',#509,#519,#521,.T.);
#519 = VERTEX_POINT('',#520);
#520 = CARTESIAN_POINT('',(8.,21.,15.));
#521 = LINE('',#522,#523);
#522 = CARTESIAN_POINT('',(6.,21.,15.));
#523 = VECTOR('',#524,1.);
#524 = DIRECTION('',(1.,0.,-0.));
#525 = ORIENTED_EDGE('',*,*,#526,.T.);
#526 = EDGE_CURVE('',#519,#527,#529,.T.);
#527 = VERTEX_POINT('',#528);
#528 = CARTESIAN_POINT('',(8.,21.,295.));
#529 = LINE('',#530,#531);
#530 = CARTESIAN_POINT('',(8.,21.,15.));
#531 = VECTOR('',#532,1.);
#532 = DIRECTION('',(0.,0.,1.));
#533 = ORIENTED_EDGE('',*,*,#534,.F.);
#534 = EDGE_CURVE('',#511,#527,#535,.T.);
#535 = LINE('',#536,#537);
#536 = CARTESIAN_POINT('',(6.,21.,295.));
#537 = VECTOR('',#538,1.);
#538 = DIRECTION('',(1.,0.,-0.));
#539 = FACE_BOUND('',#540,.T.);
#540 = EDGE_LOOP('',(#541,#551,#559,#567));
#541 = ORIENTED_EDGE('',*,*,#542,.F.);
#542 = EDGE_CURVE('',#543,#545,#547,.T.);
#543 = VERTEX_POINT('',#544);
#544 = CARTESIAN_POINT('',(10.,21.,15.));
#545 = VERTEX_POINT('',#546);
#546 = CARTESIAN_POINT('',(10.,21.,295.));
#547 = LINE('',#548,#549);
#548 = CARTESIAN_POINT('',(10.,21.,15.));
#549 = VECTOR('',#550,1.);
#550 = DIRECTION('',(0.,0.,1.));
#551 = ORIENTED_EDGE('',*,*,#552,.T.);
#552 = EDGE_CURVE('',#543,#553,#555,.T.);
#553 = VERTEX_POINT('',#554);
#554 = CARTESIAN_POINT('',(12.,21.,15.));
#555 = LINE('',#556,#557);
#556 = CARTESIAN_POINT('',(10.,21.,15.));
#557 = VECTOR('',#558,1.);
#558 = DIRECTION('',(1.,0.,-0.));
#559 = ORIENTED_EDGE('',*,*,#560,.T.);
#560 = EDGE_CURVE('',#553,#561,#563,.T.);
#561 = VERTEX_POINT('',#562);
#562 = CARTESIAN_POINT('',(12.,21.,295.));
#563 = LINE('',#564,#565);
#564 = CARTESIAN_POINT('',(12.,21.,15.));
#565 = VECTOR('',#566,1.);
#566 = DIRECTION('',(0.,0.,1.));
#567 = ORIENTED_EDGE('',*,*,#568,.F.);
#568 = EDGE_CURVE('',#545,#561,#569,.T.);
#569 = LINE('',#570,#571);
#570 = CARTESIAN_POINT('',(10.,21.,295.));
#571 = VECTOR('',#572,1.);
#572 = DIRECTION('',(1.,0.,-0.));
#573 = FACE_BOUND('',#574,.T.);
#574 = EDGE_LOOP('',(#575,#585,#593,#601));
#575 = ORIENTED_EDGE('',*,*,#576,.F.);
#576 = EDGE_CURVE('',#577,#579,#581,.T.);
#577 = VERTEX_POINT('',#578);
#578 = CARTESIAN_POINT('',(14.,21.,15.));
#579 = VERTEX_POINT('',#580);
#580 = CARTESIAN_POINT('',(14.,21.,295.));
#581 = LINE('',#582,#583);
#582 = CARTESIAN_POINT('',(14.,21.,15.));
#583 = VECTOR('',#584,1.);
#584 = DIRECTION('',(0.,0.,1.));
#585 = ORIENTED_EDGE('',*,*,#586,.T.);
#586 = EDGE_CURVE('',#577,#587,#589,.T.);
#587 = VERTEX_POINT('',#588);
#588 = CARTESIAN_POINT('',(16.,21.,15.));
#589 = LINE('',#590,#591);
#590 = CARTESIAN_POINT('',(14.,21.,15.));
#591 = VECTOR('',#592,1.);
#592 = DIRECTION('',(1.,0.,-0.));
#593 = ORIENTED_EDGE('',*,*,#594,.T.);
#594 = EDGE_CURVE('',#587,#595,#597,.T.);
#595 = VERTEX_POINT('',#596);
#596 = CARTESIAN_POINT('',(16.,21.,295.));
#597 = LINE('',#598,#599);
#598 = CARTESIAN_POINT('',(16.,21.,15.));
#599 = VECTOR('',#600,1.);
#600 = DIRECTION('',(0.,0.,1.));
#601 = ORIENTED_EDGE('',*,*,#602,.F.);
#602 = EDGE_CURVE('',#579,#595,#603,.T.);
#603 = LINE('',#604,#605);
#604 = CARTESIAN_POINT('',(14.,21.,295.));
#605 = VECTOR('',#606,1.);
#606 = DIRECTION('',(1.,0.,-0.));
#607 = FACE_BOUND('',#608,.T.);
#608 = EDGE_LOOP('',(#609,#619,#627,#635));
#609 = ORIENTED_EDGE('',*,*,#610,.F.);
#610 = EDGE_CURVE('',#611,#613,#615,.T.);
#611 = VERTEX_POINT('',#612);
#612 = CARTESIAN_POINT('',(18.,21.,15.));
#613 = VERTEX_POINT('',#614);
#614 = CARTESIAN_POINT('',(18.,21.,295.));
#615 = LINE('',#616,#617);
#616 = CARTESIAN_POINT('',(18.,21.,15.));
#617 = VECTOR('',#618,1.);
#618 = DIRECTION('',(0.,0.,1.));
#619 = ORIENTED_EDGE('',*,*,#620,.T.);
#620 = EDGE_CURVE('',#611,#621,#623,.T.);
#621 = VERTEX_POINT('',#622);
#622 = CARTESIAN_POINT('',(20.,21.,15.));
#623 = LINE('',#624,#625);
#624 = CARTESIAN_POINT('',(18.,21.,15.));
#625 = VECTOR('',#626,1.);
#626 = DIRECTION('',(1.,0.,-0.));
#627 = ORIENTED_EDGE('',*,*,#628,.T.);
#628 = EDGE_CURVE('',#621,#629,#631,.T.);
#629 = VERTEX_POINT('',#630);
#630 = CARTESIAN_POINT('',(20.,21.,295.));
#631 = LINE('',#632,#633);
#632 = CARTESIAN_POINT('',(20.,21.,15.));
#633 = VECTOR('',#634,1.);
#634 = DIRECTION('',(0.,0.,1.));
#635 = ORIENTED_EDGE('',*,*,#636,.F.);
#636 = EDGE_CURVE('',#613,#629,#637,.T.);
#637 = LINE('',#638,#639);
#638 = CARTESIAN_POINT('',(18.,21.,295.));
#639 = VECTOR('',#640,1.);
#640 = DIRECTION('',(1.,0.,-0.));
#641 = FACE_BOUND('',#642,.T.);
#642 = EDGE_LOOP('',(#643,#653,#661,#669));
#643 = ORIENTED_EDGE('',*,*,#644,.F.);
#644 = EDGE_CURVE('',#645,#647,#649,.T.);
#645 = VERTEX_POINT('',#646);
#646 = CARTESIAN_POINT('',(22.,21.,15.));
#647 = VERTEX_POINT('',#648);
#648 = CARTESIAN_POINT('',(22.,21.,295.));
#649 = LINE('',#650,#651);
#650 = CARTESIAN_POINT('',(22.,21.,15.));
#651 = VECTOR('',#652,1.);
#652 = DIRECTION('',(0.,0.,1.));
#653 = ORIENTED_EDGE('',*,*,#654,.T.);
#654 = EDGE_CURVE('',#645,#655,#657,.T.);
#655 = VERTEX_POINT('',#656);
#656 = CARTESIAN_POINT('',(24.,21.,15.));
#657 = LINE('',#658,#659);
#658 = CARTESIAN_POINT('',(22.,21.,15.));
#659 = VECTOR('',#660,1.);
#660 = DIRECTION('',(1.,0.,-0.));
#661 = ORIENTED_EDGE('',*,*,#662,.T.);
#662 = EDGE_CURVE('',#655,#663,#665,.T.);
#663 = VERTEX_POINT('',#664);
#664 = CARTESIAN_POINT('',(24.,21.,295.));
#665 = LINE('',#666,#667);
#666 = CARTESIAN_POINT('',(24.,21.,15.));
#667 = VECTOR('',#668,1.);
#668 = DIRECTION('',(0.,0.,1.));
#669 = ORIENTED_EDGE('',*,*,#670,.F.);
#670 = EDGE_CURVE('',#647,#663,#671,.T.);
#671 = LINE('',#672,#673);
#672 = CARTESIAN_POINT('',(22.,21.,295.));
#673 = VECTOR('',#674,1.);
#674 = DIRECTION('',(1.,0.,-0.));
#675 = FACE_BOUND('',#676,.T.);
#676 = EDGE_LOOP('',(#677,#687,#695,#703));
#677 = ORIENTED_EDGE('',*,*,#678,.F.);
#678 = EDGE_CURVE('',#679,#681,#683,.T.);
#679 = VERTEX_POINT('',#680);
#680 = CARTESIAN_POINT('',(26.,21.,15.));
#681 = VERTEX_POINT('',#682);
#682 = CARTESIAN_POINT('',(26.,21.,295.));
#683 = LINE('',#684,#685);
#684 = CARTESIAN_POINT('',(26.,21.,15.));
#685 = VECTOR('',#686,1.);
#686 = DIRECTION('',(0.,0.,1.));
#687 = ORIENTED_EDGE('',*,*,#688,.T.);
#688 = EDGE_CURVE('',#679,#689,#691,.T.);
#689 = VERTEX_POINT('',#690);
#690 = CARTESIAN_POINT('',(28.,21.,15.));
#691 = LINE('',#692,#693);
#692 = CARTESIAN_POINT('',(26.,21.,15.));
#693 = VECTOR('',#694,1.);
#694 = DIRECTION('',(1.,0.,-0.));
#695 = ORIENTED_EDGE('',*,*,#696,.T.);
#696 = EDGE_CURVE('',#689,#697,#699,.T.);
#697 = VERTEX_POINT('',#698);
#698 = CARTESIAN_POINT('',(28.,21.,295.));
#699 = LINE('',#700,#701);
#700 = CARTESIAN_POINT('',(28.,21.,15.));
#701 = VECTOR('',#702,1.);
#702 = DIRECTION('',(0.,0.,1.));
#703 = ORIENTED_EDGE('',*,*,#704,.F.);
#704 = EDGE_CURVE('',#681,#697,#705,.T.);
#705 = LINE('',#706,#707);
#706 = CARTESIAN_POINT('',(26.,21.,295.));
#707 = VECTOR('',#708,1.);
#708 = DIRECTION('',(1.,0.,-0.));
#709 = FACE_BOUND('',#710,.T.);
#710 = EDGE_LOOP('',(#711,#721,#729,#737));
#711 = ORIENTED_EDGE('',*,*,#712,.F.);
#712 = EDGE_CURVE('',#713,#715,#717,.T.);
#713 = VERTEX_POINT('',#714);
#714 = CARTESIAN_POINT('',(30.,21.,15.));
#715 = VERTEX_POINT('',#716);
#716 = CARTESIAN_POINT('',(30.,21.,295.));
#717 = LINE('',#718,#719);
#718 = CARTESIAN_POINT('',(30.,21.,15.));
#719 = VECTOR('',#720,1.);
#720 = DIRECTION('',(0.,0.,1.));
#721 = ORIENTED_EDGE('',*,*,#722,.T.);
#722 = EDGE_CURVE('',#713,#723,#725,.T.);
#723 = VERTEX_POINT('',#724);
#724 = CARTESIAN_POINT('',(32.,21.,15.));
#725 = LINE('',#726,#727);
#726 = CARTESIAN_POINT('',(30.,21.,15.));
#727 = VECTOR('',#728,1.);
#728 = DIRECTION('',(1.,0.,-0.));
#729 = ORIENTED_EDGE('',*,*,#730,.T.);
#730 = EDGE_CURVE('',#723,#731,#733,.T.);
#731 = VERTEX_POINT('',#732);
#732 = CARTESIAN_POINT('',(32.,21.,295.));
#733 = LINE('',#734,#735);
#734 = CARTESIAN_POINT('',(32.,21.,15.));
#735 = VECTOR('',#736,1.);
#736 = DIRECTION('',(0.,0.,1.));
#737 = ORIENTED_EDGE('',*,*,#738,.F.);
#738 = EDGE_CURVE('',#715,#731,#739,.T.);
#739 = LINE('',#740,#741);
#740 = CARTESIAN_POINT('',(30.,21.,295.));
#741 = VECTOR('',#742,1.);
#742 = DIRECTION('',(1.,0.,-0.));
#743 = FACE_BOUND('',#744,.T.);
#744 = EDGE_LOOP('',(#745,#755,#763,#771));
#745 = ORIENTED_EDGE('',*,*,#746,.F.);
#746 = EDGE_CURVE('',#747,#749,#751,.T.);
#747 = VERTEX_POINT('',#748);
#748 = CARTESIAN_POINT('',(34.,21.,15.));
#749 = VERTEX_POINT('',#750);
#750 = CARTESIAN_POINT('',(34.,21.,295.));
#751 = LINE('',#752,#753);
#752 = CARTESIAN_POINT('',(34.,21.,15.));
#753 = VECTOR('',#754,1.);
#754 = DIRECTION('',(0.,0.,1.));
#755 = ORIENTED_EDGE('',*,*,#756,.T.);
#756 = EDGE_CURVE('',#747,#757,#759,.T.);
#757 = VERTEX_POINT('',#758);
#758 = CARTESIAN_POINT('',(36.,21.,15.));
#759 = LINE('',#760,#761);
#760 = CARTESIAN_POINT('',(34.,21.,15.));
#761 = VECTOR('',#762,1.);
#762 = DIRECTION('',(1.,0.,-0.));
#763 = ORIENTED_EDGE('',*,*,#764,.T.);
#764 = EDGE_CURVE('',#757,#765,#767,.T.);
#765 = VERTEX_POINT('',#766);
#766 = CARTESIAN_POINT('',(36.,21.,295.));
#767 = LINE('',#768,#769);
#768 = CARTESIAN_POINT('',(36.,21.,15.));
#769 = VECTOR('',#770,1.);
#770 = DIRECTION('',(0.,0.,1.));
#771 = ORIENTED_EDGE('',*,*,#772,.F.);
#772 = EDGE_CURVE('',#749,#765,#773,.T.);
#773 = LINE('',#774,#775);
#774 = CARTESIAN_POINT('',(34.,21.,295.));
#775 = VECTOR('',#776,1.);
#776 = DIRECTION('',(1.,0.,-0.));
#777 = FACE_BOUND('',#778,.T.);
#778 = EDGE_LOOP('',(#779,#789,#797,#805));
#779 = ORIENTED_EDGE('',*,*,#780,.F.);
#780 = EDGE_CURVE('',#781,#783,#785,.T.);
#781 = VERTEX_POINT('',#782);
#782 = CARTESIAN_POINT('',(38.,21.,15.));
#783 = VERTEX_POINT('',#784);
#784 = CARTESIAN_POINT('',(38.,21.,295.));
#785 = LINE('',#786,#787);
#786 = CARTESIAN_POINT('',(38.,21.,15.));
#787 = VECTOR('',#788,1.);
#788 = DIRECTION('',(0.,0.,1.));
#789 = ORIENTED_EDGE('',*,*,#790,.T.);
#790 = EDGE_CURVE('',#781,#791,#793,.T.);
#791 = VERTEX_POINT('',#792);
#792 = CARTESIAN_POINT('',(40.,21.,15.));
#793 = LINE('',#794,#795);
#794 = CARTESIAN_POINT('',(38.,21.,15.));
#795 = VECTOR('',#796,1.);
#796 = DIRECTION('',(1.,0.,-0.));
#797 = ORIENTED_EDGE('',*,*,#798,.T.);
#798 = EDGE_CURVE('',#791,#799,#801,.T.);
#799 = VERTEX_POINT('',#800);
#800 = CARTESIAN_POINT('',(40.,21.,295.));
#801 = LINE('',#802,#803);
#802 = CARTESIAN_POINT('',(40.,21.,15.));
#803 = VECTOR('',#804,1.);
#804 = DIRECTION('',(0.,0.,1.));
#805 = ORIENTED_EDGE('',*,*,#806,.F.);
#806 = EDGE_CURVE('',#783,#799,#807,.T.);
#807 = LINE('',#808,#809);
#808 = CARTESIAN_POINT('',(38.,21.,295.));
#809 = VECTOR('',#810,1.);
#810 = DIRECTION('',(1.,0.,-0.));
#811 = FACE_BOUND('',#812,.T.);
#812 = EDGE_LOOP('',(#813,#823,#831,#839));
#813 = ORIENTED_EDGE('',*,*,#814,.F.);
#814 = EDGE_CURVE('',#815,#817,#819,.T.);
#815 = VERTEX_POINT('',#816);
#816 = CARTESIAN_POINT('',(42.,21.,15.));
#817 = VERTEX_POINT('',#818);
#818 = CARTESIAN_POINT('',(42.,21.,295.));
#819 = LINE('',#820,#821);
#820 = CARTESIAN_POINT('',(42.,21.,15.));
#821 = VECTOR('',#822,1.);
#822 = DIRECTION('',(0.,0.,1.));
#823 = ORIENTED_EDGE('',*,*,#824,.T.);
#824 = EDGE_CURVE('',#815,#825,#827,.T.);
#825 = VERTEX_POINT('',#826);
#826 = CARTESIAN_POINT('',(44.,21.,15.));
#827 = LINE('',#828,#829);
#828 = CARTESIAN_POINT('',(42.,21.,15.));
#829 = VECTOR('',#830,1.);
#830 = DIRECTION('',(1.,0.,-0.));
#831 = ORIENTED_EDGE('',*,*,#832,.T.);
#832 = EDGE_CURVE('',#825,#833,#835,.T.);
#833 = VERTEX_POINT('',#834);
#834 = CARTESIAN_POINT('',(44.,21.,295.));
#835 = LINE('',#836,#837);
#836 = CARTESIAN_POINT('',(44.,21.,15.));
#837 = VECTOR('',#838,1.);
#838 = DIRECTION('',(0.,0.,1.));
#839 = ORIENTED_EDGE('',*,*,#840,.F.);
#840 = EDGE_CURVE('',#817,#833,#841,.T.);
#841 = LINE('',#842,#843);
#842 = CARTESIAN_POINT('',(42.,21.,295.));
#843 = VECTOR('',#844,1.);
#844 = DIRECTION('',(1.,0.,-0.));
#845 = FACE_BOUND('',#846,.T.);
#846 = EDGE_LOOP('',(#847,#857,#865,#873));
#847 = ORIENTED_EDGE('',*,*,#848,.F.);
#848 = EDGE_CURVE('',#849,#851,#853,.T.);
#849 = VERTEX_POINT('',#850);
#850 = CARTESIAN_POINT('',(46.,21.,15.));
#851 = VERTEX_POINT('',#852);
#852 = CARTESIAN_POINT('',(46.,21.,295.));
#853 = LINE('',#854,#855);
#854 = CARTESIAN_POINT('',(46.,21.,15.));
#855 = VECTOR('',#856,1.);
#856 = DIRECTION('',(0.,0.,1.));
#857 = ORIENTED_EDGE('',*,*,#858,.T.);
#858 = EDGE_CURVE('',#849,#859,#861,.T.);
#859 = VERTEX_POINT('',#860);
#860 = CARTESIAN_POINT('',(48.,21.,15.));
#861 = LINE('',#862,#863);
#862 = CARTESIAN_POINT('',(46.,21.,15.));
#863 = VECTOR('',#864,1.);
#864 = DIRECTION('',(1.,0.,-0.));
#865 = ORIENTED_EDGE('',*,*,#866,.T.);
#866 = EDGE_CURVE('',#859,#867,#869,.T.);
#867 = VERTEX_POINT('',#868);
#868 = CARTESIAN_POINT('',(48.,21.,295.));
#869 = LINE('',#870,#871);
#870 = CARTESIAN_POINT('',(48.,21.,15.));
#871 = VECTOR('',#872,1.);
#872 = DIRECTION('',(0.,0.,1.));
#873 = ORIENTED_EDGE('',*,*,#874,.F.);
#874 = EDGE_CURVE('',#851,#867,#875,.T.);
#875 = LINE('',#876,#877);
#876 = CARTESIAN_POINT('',(46.,21.,295.));
#877 = VECTOR('',#878,1.);
#878 = DIRECTION('',(1.,0.,-0.));
#879 = FACE_BOUND('',#880,.T.);
#880 = EDGE_LOOP('',(#881,#891,#899,#907));
#881 = ORIENTED_EDGE('',*,*,#882,.F.);
#882 = EDGE_CURVE('',#883,#885,#887,.T.);
#883 = VERTEX_POINT('',#884);
#884 = CARTESIAN_POINT('',(50.,21.,15.));
#885 = VERTEX_POINT('',#886);
#886 = CARTESIAN_POINT('',(50.,21.,295.));
#887 = LINE('',#888,#889);
#888 = CARTESIAN_POINT('',(50.,21.,15.));
#889 = VECTOR('',#890,1.);
#890 = DIRECTION('',(0.,0.,1.));
#891 = ORIENTED_EDGE('',*,*,#892,.T.);
#892 = EDGE_CURVE('',#883,#893,#895,.T.);
#893 = VERTEX_POINT('',#894);
#894 = CARTESIAN_POINT('',(52.,21.,15.));
#895 = LINE('',#896,#897);
#896 = CARTESIAN_POINT('',(50.,21.,15.));
#897 = VECTOR('',#898,1.);
#898 = DIRECTION('',(1.,0.,-0.));
#899 = ORIENTED_EDGE('',*,*,#900,.T.);
#900 = EDGE_CURVE('',#893,#901,#903,.T.);
#901 = VERTEX_POINT('',#902);
#902 = CARTESIAN_POINT('',(52.,21.,295.));
#903 = LINE('',#904,#905);
#904 = CARTESIAN_POINT('',(52.,21.,15.));
#905 = VECTOR('',#906,1.);
#906 = DIRECTION('',(0.,0.,1.));
#907 = ORIENTED_EDGE('',*,*,#908,.F.);
#908 = EDGE_CURVE('',#885,#901,#909,.T.);
#909 = LINE('',#910,#911);
#910 = CARTESIAN_POINT('',(50.,21.,295.));
#911 = VECTOR('',#912,1.);
#912 = DIRECTION('',(1.,0.,-0.));
#913 = FACE_BOUND('',#914,.T.);
#914 = EDGE_LOOP('',(#915,#925,#933,#941));
#915 = ORIENTED_EDGE('',*,*,#916,.F.);
#916 = EDGE_CURVE('',#917,#919,#921,.T.);
#917 = VERTEX_POINT('',#918);
#918 = CARTESIAN_POINT('',(54.,21.,15.));
#919 = VERTEX_POINT('',#920);
#920 = CARTESIAN_POINT('',(54.,21.,295.));
#921 = LINE('',#922,#923);
#922 = CARTESIAN_POINT('',(54.,21.,15.));
#923 = VECTOR('',#924,1.);
#924 = DIRECTION('',(0.,0.,1.));
#925 = ORIENTED_EDGE('',*,*,#926,.T.);
#926 = EDGE_CURVE('',#917,#927,#929,.T.);
#927 = VERTEX_POINT('',#928);
#928 = CARTESIAN_POINT('',(56.,21.,15.));
#929 = LINE('',#930,#931);
#930 = CARTESIAN_POINT('',(54.,21.,15.));
#931 = VECTOR('',#932,1.);
#932 = DIRECTION('',(1.,0.,-0.));
#933 = ORIENTED_EDGE('',*,*,#934,.T.);
#934 = EDGE_CURVE('',#927,#935,#937,.T.);
#935 = VERTEX_POINT('',#936);
#936 = CARTESIAN_POINT('',(56.,21.,295.));
#937 = LINE('',#938,#939);
#938 = CARTESIAN_POINT('',(56.,21.,15.));
#939 = VECTOR('',#940,1.);
#940 = DIRECTION('',(0.,0.,1.));
#941 = ORIENTED_EDGE('',*,*,#942,.F.);
#942 = EDGE_CURVE('',#919,#935,#943,.T.);
#943 = LINE('',#944,#945);
#944 = CARTESIAN_POINT('',(54.,21.,295.));
#945 = VECTOR('',#946,1.);
#946 = DIRECTION('',(1.,0.,-0.));
#947 = FACE_BOUND('',#948,.T.);
#948 = EDGE_LOOP('',(#949));
#949 = ORIENTED_EDGE('',*,*,#950,.F.);
#950 = EDGE_CURVE('',#951,#951,#953,.T.);
#951 = VERTEX_POINT('',#952);
#952 = CARTESIAN_POINT('',(80.1,21.,162.85));
#953 = CIRCLE('',#954,1.25);
#954 = AXIS2_PLACEMENT_3D('',#955,#956,#957);
#955 = CARTESIAN_POINT('',(80.1,21.,161.6));
#956 = DIRECTION('',(0.,1.,0.));
#957 = DIRECTION('',(0.,-0.,1.));
#958 = FACE_BOUND('',#959,.T.);
#959 = EDGE_LOOP('',(#960));
#960 = ORIENTED_EDGE('',*,*,#961,.F.);
#961 = EDGE_CURVE('',#962,#962,#964,.T.);
#962 = VERTEX_POINT('',#963);
#963 = CARTESIAN_POINT('',(95.,21.,162.85));
#964 = CIRCLE('',#965,1.25);
#965 = AXIS2_PLACEMENT_3D('',#966,#967,#968);
#966 = CARTESIAN_POINT('',(95.,21.,161.6));
#967 = DIRECTION('',(0.,1.,0.));
#968 = DIRECTION('',(0.,-0.,1.));
#969 = FACE_BOUND('',#970,.T.);
#970 = EDGE_LOOP('',(#971));
#971 = ORIENTED_EDGE('',*,*,#972,.F.);
#972 = EDGE_CURVE('',#973,#973,#975,.T.);
#973 = VERTEX_POINT('',#974);
#974 = CARTESIAN_POINT('',(109.9,21.,162.85));
#975 = CIRCLE('',#976,1.25);
#976 = AXIS2_PLACEMENT_3D('',#977,#978,#979);
#977 = CARTESIAN_POINT('',(109.9,21.,161.6));
#978 = DIRECTION('',(0.,1.,0.));
#979 = DIRECTION('',(0.,-0.,1.));
#980 = FACE_BOUND('',#981,.T.);
#981 = EDGE_LOOP('',(#982));
#982 = ORIENTED_EDGE('',*,*,#983,.F.);
#983 = EDGE_CURVE('',#984,#984,#986,.T.);
#984 = VERTEX_POINT('',#985);
#985 = CARTESIAN_POINT('',(80.1,21.,198.25));
#986 = CIRCLE('',#987,1.25);
#987 = AXIS2_PLACEMENT_3D('',#988,#989,#990);
#988 = CARTESIAN_POINT('',(80.1,21.,197.));
#989 = DIRECTION('',(0.,1.,0.));
#990 = DIRECTION('',(0.,-0.,1.));
#991 = FACE_BOUND('',#992,.T.);
#992 = EDGE_LOOP('',(#993));
#993 = ORIENTED_EDGE('',*,*,#994,.F.);
#994 = EDGE_CURVE('',#995,#995,#997,.T.);
#995 = VERTEX_POINT('',#996);
#996 = CARTESIAN_POINT('',(80.1,21.,217.65));
#997 = CIRCLE('',#998,1.25);
#998 = AXIS2_PLACEMENT_3D('',#999,#1000,#1001);
#999 = CARTESIAN_POINT('',(80.1,21.,216.4));
#1000 = DIRECTION('',(0.,1.,0.));
#1001 = DIRECTION('',(0.,-0.,1.));
#1002 = FACE_BOUND('',#1003,.T.);
#1003 = EDGE_LOOP('',(#1004));
#1004 = ORIENTED_EDGE('',*,*,#1005,.F.);
#1005 = EDGE_CURVE('',#1006,#1006,#1008,.T.);
#1006 = VERTEX_POINT('',#1007);
#1007 = CARTESIAN_POINT('',(109.9,21.,198.25));
#1008 = CIRCLE('',#1009,1.25);
#1009 = AXIS2_PLACEMENT_3D('',#1010,#1011,#1012);
#1010 = CARTESIAN_POINT('',(109.9,21.,197.));
#1011 = DIRECTION('',(0.,1.,0.));
#1012 = DIRECTION('',(0.,-0.,1.));
#1013 = FACE_BOUND('',#1014,.T.);
#1014 = EDGE_LOOP('',(#1015));
#1015 = ORIENTED_EDGE('',*,*,#1016,.F.);
#1016 = EDGE_CURVE('',#1017,#1017,#1019,.T.);
#1017 = VERTEX_POINT('',#1018);
#1018 = CARTESIAN_POINT('',(109.9,21.,217.65));
#1019 = CIRCLE('',#1020,1.25);
#1020 = AXIS2_PLACEMENT_3D('',#1021,#1022,#1023);
#1021 = CARTESIAN_POINT('',(109.9,21.,216.4));
#1022 = DIRECTION('',(0.,1.,0.));
#1023 = DIRECTION('',(0.,-0.,1.));
#1024 = FACE_BOUND('',#1025,.T.);
#1025 = EDGE_LOOP('',(#1026));
#1026 = ORIENTED_EDGE('',*,*,#1027,.F.);
#1027 = EDGE_CURVE('',#1028,#1028,#1030,.T.);
#1028 = VERTEX_POINT('',#1029);
#1029 = CARTESIAN_POINT('',(120.1,21.,162.85));
#1030 = CIRCLE('',#1031,1.25);
#1031 = AXIS2_PLACEMENT_3D('',#1032,#1033,#1034);
#1032 = CARTESIAN_POINT('',(120.1,21.,161.6));
#1033 = DIRECTION('',(0.,1.,0.));
#1034 = DIRECTION('',(0.,-0.,1.));
#1035 = FACE_BOUND('',#1036,.T.);
#1036 = EDGE_LOOP('',(#1037));
#1037 = ORIENTED_EDGE('',*,*,#1038,.F.);
#1038 = EDGE_CURVE('',#1039,#1039,#1041,.T.);
#1039 = VERTEX_POINT('',#1040);
#1040 = CARTESIAN_POINT('',(135.,21.,162.85));
#1041 = CIRCLE('',#1042,1.25);
#1042 = AXIS2_PLACEMENT_3D('',#1043,#1044,#1045);
#1043 = CARTESIAN_POINT('',(135.,21.,161.6));
#1044 = DIRECTION('',(0.,1.,0.));
#1045 = DIRECTION('',(0.,-0.,1.));
#1046 = FACE_BOUND('',#1047,.T.);
#1047 = EDGE_LOOP('',(#1048));
#1048 = ORIENTED_EDGE('',*,*,#1049,.F.);
#1049 = EDGE_CURVE('',#1050,#1050,#1052,.T.);
#1050 = VERTEX_POINT('',#1051);
#1051 = CARTESIAN_POINT('',(149.9,21.,162.85));
#1052 = CIRCLE('',#1053,1.25);
#1053 = AXIS2_PLACEMENT_3D('',#1054,#1055,#1056);
#1054 = CARTESIAN_POINT('',(149.9,21.,161.6));
#1055 = DIRECTION('',(0.,1.,0.));
#1056 = DIRECTION('',(0.,-0.,1.));
#1057 = FACE_BOUND('',#1058,.T.);
#1058 = EDGE_LOOP('',(#1059));
#1059 = ORIENTED_EDGE('',*,*,#1060,.F.);
#1060 = EDGE_CURVE('',#1061,#1061,#1063,.T.);
#1061 = VERTEX_POINT('',#1062);
#1062 = CARTESIAN_POINT('',(120.1,21.,198.25));
#1063 = CIRCLE('',#1064,1.25);
#1064 = AXIS2_PLACEMENT_3D('',#1065,#1066,#1067);
#1065 = CARTESIAN_POINT('',(120.1,21.,197.));
#1066 = DIRECTION('',(0.,1.,0.));
#1067 = DIRECTION('',(0.,-0.,1.));
#1068 = FACE_BOUND('',#1069,.T.);
#1069 = EDGE_LOOP('',(#1070));
#1070 = ORIENTED_EDGE('',*,*,#1071,.F.);
#1071 = EDGE_CURVE('',#1072,#1072,#1074,.T.);
#1072 = VERTEX_POINT('',#1073);
#1073 = CARTESIAN_POINT('',(120.1,21.,217.65));
#1074 = CIRCLE('',#1075,1.25);
#1075 = AXIS2_PLACEMENT_3D('',#1076,#1077,#1078);
#1076 = CARTESIAN_POINT('',(120.1,21.,216.4));
#1077 = DIRECTION('',(0.,1.,0.));
#1078 = DIRECTION('',(0.,-0.,1.));
#1079 = FACE_BOUND('',#1080,.T.);
#1080 = EDGE_LOOP('',(#1081));
#1081 = ORIENTED_EDGE('',*,*,#1082,.F.);
#1082 = EDGE_CURVE('',#1083,#1083,#1085,.T.);
#1083 = VERTEX_POINT('',#1084);
#1084 = CARTESIAN_POINT('',(149.9,21.,198.25));
#1085 = CIRCLE('',#1086,1.25);
#1086 = AXIS2_PLACEMENT_3D('',#1087,#1088,#1089);
#1087 = CARTESIAN_POINT('',(149.9,21.,197.));
#1088 = DIRECTION('',(0.,1.,0.));
#1089 = DIRECTION('',(0.,-0.,1.));
#1090 = FACE_BOUND('',#1091,.T.);
#1091 = EDGE_LOOP('',(#1092));
#1092 = ORIENTED_EDGE('',*,*,#1093,.F.);
#1093 = EDGE_CURVE('',#1094,#1094,#1096,.T.);
#1094 = VERTEX_POINT('',#1095);
#1095 = CARTESIAN_POINT('',(149.9,21.,217.65));
#1096 = CIRCLE('',#1097,1.25);
#1097 = AXIS2_PLACEMENT_3D('',#1098,#1099,#1100);
#1098 = CARTESIAN_POINT('',(149.9,21.,216.4));
#1099 = DIRECTION('',(0.,1.,0.));
#1100 = DIRECTION('',(0.,-0.,1.));
#1101 = FACE_BOUND('',#1102,.T.);
#1102 = EDGE_LOOP('',(#1103));
#1103 = ORIENTED_EDGE('',*,*,#1104,.F.);
#1104 = EDGE_CURVE('',#1105,#1105,#1107,.T.);
#1105 = VERTEX_POINT('',#1106);
#1106 = CARTESIAN_POINT('',(80.1,21.,230.85));
#1107 = CIRCLE('',#1108,1.25);
#1108 = AXIS2_PLACEMENT_3D('',#1109,#1110,#1111);
#1109 = CARTESIAN_POINT('',(80.1,21.,229.6));
#1110 = DIRECTION('',(0.,1.,0.));
#1111 = DIRECTION('',(0.,-0.,1.));
#1112 = FACE_BOUND('',#1113,.T.);
#1113 = EDGE_LOOP('',(#1114));
#1114 = ORIENTED_EDGE('',*,*,#1115,.F.);
#1115 = EDGE_CURVE('',#1116,#1116,#1118,.T.);
#1116 = VERTEX_POINT('',#1117);
#1117 = CARTESIAN_POINT('',(95.,21.,230.85));
#1118 = CIRCLE('',#1119,1.25);
#1119 = AXIS2_PLACEMENT_3D('',#1120,#1121,#1122);
#1120 = CARTESIAN_POINT('',(95.,21.,229.6));
#1121 = DIRECTION('',(0.,1.,0.));
#1122 = DIRECTION('',(0.,-0.,1.));
#1123 = FACE_BOUND('',#1124,.T.);
#1124 = EDGE_LOOP('',(#1125));
#1125 = ORIENTED_EDGE('',*,*,#1126,.F.);
#1126 = EDGE_CURVE('',#1127,#1127,#1129,.T.);
#1127 = VERTEX_POINT('',#1128);
#1128 = CARTESIAN_POINT('',(109.9,21.,230.85));
#1129 = CIRCLE('',#1130,1.25);
#1130 = AXIS2_PLACEMENT_3D('',#1131,#1132,#1133);
#1131 = CARTESIAN_POINT('',(109.9,21.,229.6));
#1132 = DIRECTION('',(0.,1.,0.));
#1133 = DIRECTION('',(0.,-0.,1.));
#1134 = FACE_BOUND('',#1135,.T.);
#1135 = EDGE_LOOP('',(#1136));
#1136 = ORIENTED_EDGE('',*,*,#1137,.F.);
#1137 = EDGE_CURVE('',#1138,#1138,#1140,.T.);
#1138 = VERTEX_POINT('',#1139);
#1139 = CARTESIAN_POINT('',(80.1,21.,266.25));
#1140 = CIRCLE('',#1141,1.25);
#1141 = AXIS2_PLACEMENT_3D('',#1142,#1143,#1144);
#1142 = CARTESIAN_POINT('',(80.1,21.,265.));
#1143 = DIRECTION('',(0.,1.,0.));
#1144 = DIRECTION('',(0.,-0.,1.));
#1145 = FACE_BOUND('',#1146,.T.);
#1146 = EDGE_LOOP('',(#1147));
#1147 = ORIENTED_EDGE('',*,*,#1148,.F.);
#1148 = EDGE_CURVE('',#1149,#1149,#1151,.T.);
#1149 = VERTEX_POINT('',#1150);
#1150 = CARTESIAN_POINT('',(80.1,21.,285.65));
#1151 = CIRCLE('',#1152,1.25);
#1152 = AXIS2_PLACEMENT_3D('',#1153,#1154,#1155);
#1153 = CARTESIAN_POINT('',(80.1,21.,284.4));
#1154 = DIRECTION('',(0.,1.,0.));
#1155 = DIRECTION('',(0.,-0.,1.));
#1156 = FACE_BOUND('',#1157,.T.);
#1157 = EDGE_LOOP('',(#1158));
#1158 = ORIENTED_EDGE('',*,*,#1159,.F.);
#1159 = EDGE_CURVE('',#1160,#1160,#1162,.T.);
#1160 = VERTEX_POINT('',#1161);
#1161 = CARTESIAN_POINT('',(109.9,21.,266.25));
#1162 = CIRCLE('',#1163,1.25);
#1163 = AXIS2_PLACEMENT_3D('',#1164,#1165,#1166);
#1164 = CARTESIAN_POINT('',(109.9,21.,265.));
#1165 = DIRECTION('',(0.,1.,0.));
#1166 = DIRECTION('',(0.,-0.,1.));
#1167 = FACE_BOUND('',#1168,.T.);
#1168 = EDGE_LOOP('',(#1169));
#1169 = ORIENTED_EDGE('',*,*,#1170,.F.);
#1170 = EDGE_CURVE('',#1171,#1171,#1173,.T.);
#1171 = VERTEX_POINT('',#1172);
#1172 = CARTESIAN_POINT('',(109.9,21.,285.65));
#1173 = CIRCLE('',#1174,1.25);
#1174 = AXIS2_PLACEMENT_3D('',#1175,#1176,#1177);
#1175 = CARTESIAN_POINT('',(109.9,21.,284.4));
#1176 = DIRECTION('',(0.,1.,0.));
#1177 = DIRECTION('',(0.,-0.,1.));
#1178 = FACE_BOUND('',#1179,.T.);
#1179 = EDGE_LOOP('',(#1180));
#1180 = ORIENTED_EDGE('',*,*,#1181,.F.);
#1181 = EDGE_CURVE('',#1182,#1182,#1184,.T.);
#1182 = VERTEX_POINT('',#1183);
#1183 = CARTESIAN_POINT('',(120.1,21.,230.85));
#1184 = CIRCLE('',#1185,1.25);
#1185 = AXIS2_PLACEMENT_3D('',#1186,#1187,#1188);
#1186 = CARTESIAN_POINT('',(120.1,21.,229.6));
#1187 = DIRECTION('',(0.,1.,0.));
#1188 = DIRECTION('',(0.,-0.,1.));
#1189 = FACE_BOUND('',#1190,.T.);
#1190 = EDGE_LOOP('',(#1191));
#1191 = ORIENTED_EDGE('',*,*,#1192,.F.);
#1192 = EDGE_CURVE('',#1193,#1193,#1195,.T.);
#1193 = VERTEX_POINT('',#1194);
#1194 = CARTESIAN_POINT('',(135.,21.,230.85));
#1195 = CIRCLE('',#1196,1.25);
#1196 = AXIS2_PLACEMENT_3D('',#1197,#1198,#1199);
#1197 = CARTESIAN_POINT('',(135.,21.,229.6));
#1198 = DIRECTION('',(0.,1.,0.));
#1199 = DIRECTION('',(0.,-0.,1.));
#1200 = FACE_BOUND('',#1201,.T.);
#1201 = EDGE_LOOP('',(#1202));
#1202 = ORIENTED_EDGE('',*,*,#1203,.F.);
#1203 = EDGE_CURVE('',#1204,#1204,#1206,.T.);
#1204 = VERTEX_POINT('',#1205);
#1205 = CARTESIAN_POINT('',(149.9,21.,230.85));
#1206 = CIRCLE('',#1207,1.25);
#1207 = AXIS2_PLACEMENT_3D('',#1208,#1209,#1210);
#1208 = CARTESIAN_POINT('',(149.9,21.,229.6));
#1209 = DIRECTION('',(0.,1.,0.));
#1210 = DIRECTION('',(0.,-0.,1.));
#1211 = FACE_BOUND('',#1212,.T.);
#1212 = EDGE_LOOP('',(#1213));
#1213 = ORIENTED_EDGE('',*,*,#1214,.F.);
#1214 = EDGE_CURVE('',#1215,#1215,#1217,.T.);
#1215 = VERTEX_POINT('',#1216);
#1216 = CARTESIAN_POINT('',(120.1,21.,266.25));
#1217 = CIRCLE('',#1218,1.25);
#1218 = AXIS2_PLACEMENT_3D('',#1219,#1220,#1221);
#1219 = CARTESIAN_POINT('',(120.1,21.,265.));
#1220 = DIRECTION('',(0.,1.,0.));
#1221 = DIRECTION('',(0.,-0.,1.));
#1222 = FACE_BOUND('',#1223,.T.);
#1223 = EDGE_LOOP('',(#1224));
#1224 = ORIENTED_EDGE('',*,*,#1225,.F.);
#1225 = EDGE_CURVE('',#1226,#1226,#1228,.T.);
#1226 = VERTEX_POINT('',#1227);
#1227 = CARTESIAN_POINT('',(120.1,21.,285.65));
#1228 = CIRCLE('',#1229,1.25);
#1229 = AXIS2_PLACEMENT_3D('',#1230,#1231,#1232);
#1230 = CARTESIAN_POINT('',(120.1,21.,284.4));
#1231 = DIRECTION('',(0.,1.,0.));
#1232 = DIRECTION('',(0.,-0.,1.));
#1233 = FACE_BOUND('',#1234,.T.);
#1234 = EDGE_LOOP('',(#1235));
#1235 = ORIENTED_EDGE('',*,*,#1236,.F.);
#1236 = EDGE_CURVE('',#1237,#1237,#1239,.T.);
#1237 = VERTEX_POINT('',#1238);
#1238 = CARTESIAN_POINT('',(149.9,21.,266.25));
#1239 = CIRCLE('',#1240,1.25);
#1240 = AXIS2_PLACEMENT_3D('',#1241,#1242,#1243);
#1241 = CARTESIAN_POINT('',(149.9,21.,265.));
#1242 = DIRECTION('',(0.,1.,0.));
#1243 = DIRECTION('',(0.,-0.,1.));
#1244 = FACE_BOUND('',#1245,.T.);
#1245 = EDGE_LOOP('',(#1246));
#1246 = ORIENTED_EDGE('',*,*,#1247,.F.);
#1247 = EDGE_CURVE('',#1248,#1248,#1250,.T.);
#1248 = VERTEX_POINT('',#1249);
#1249 = CARTESIAN_POINT('',(149.9,21.,285.65));
#1250 = CIRCLE('',#1251,1.25);
#1251 = AXIS2_PLACEMENT_3D('',#1252,#1253,#1254);
#1252 = CARTESIAN_POINT('',(149.9,21.,284.4));
#1253 = DIRECTION('',(0.,1.,0.));
#1254 = DIRECTION('',(0.,-0.,1.));
#1255 = FACE_BOUND('',#1256,.T.);
#1256 = EDGE_LOOP('',(#1257));
#1257 = ORIENTED_EDGE('',*,*,#1258,.F.);
#1258 = EDGE_CURVE('',#1259,#1259,#1261,.T.);
#1259 = VERTEX_POINT('',#1260);
#1260 = CARTESIAN_POINT('',(160.1,21.,26.85));
#1261 = CIRCLE('',#1262,1.25);
#1262 = AXIS2_PLACEMENT_3D('',#1263,#1264,#1265);
#1263 = CARTESIAN_POINT('',(160.1,21.,25.6));
#1264 = DIRECTION('',(0.,1.,0.));
#1265 = DIRECTION('',(0.,-0.,1.));
#1266 = FACE_BOUND('',#1267,.T.);
#1267 = EDGE_LOOP('',(#1268));
#1268 = ORIENTED_EDGE('',*,*,#1269,.F.);
#1269 = EDGE_CURVE('',#1270,#1270,#1272,.T.);
#1270 = VERTEX_POINT('',#1271);
#1271 = CARTESIAN_POINT('',(175.,21.,26.85));
#1272 = CIRCLE('',#1273,1.25);
#1273 = AXIS2_PLACEMENT_3D('',#1274,#1275,#1276);
#1274 = CARTESIAN_POINT('',(175.,21.,25.6));
#1275 = DIRECTION('',(0.,1.,0.));
#1276 = DIRECTION('',(0.,-0.,1.));
#1277 = FACE_BOUND('',#1278,.T.);
#1278 = EDGE_LOOP('',(#1279));
#1279 = ORIENTED_EDGE('',*,*,#1280,.F.);
#1280 = EDGE_CURVE('',#1281,#1281,#1283,.T.);
#1281 = VERTEX_POINT('',#1282);
#1282 = CARTESIAN_POINT('',(189.9,21.,26.85));
#1283 = CIRCLE('',#1284,1.25);
#1284 = AXIS2_PLACEMENT_3D('',#1285,#1286,#1287);
#1285 = CARTESIAN_POINT('',(189.9,21.,25.6));
#1286 = DIRECTION('',(0.,1.,0.));
#1287 = DIRECTION('',(0.,-0.,1.));
#1288 = FACE_BOUND('',#1289,.T.);
#1289 = EDGE_LOOP('',(#1290));
#1290 = ORIENTED_EDGE('',*,*,#1291,.F.);
#1291 = EDGE_CURVE('',#1292,#1292,#1294,.T.);
#1292 = VERTEX_POINT('',#1293);
#1293 = CARTESIAN_POINT('',(160.1,21.,62.25));
#1294 = CIRCLE('',#1295,1.25);
#1295 = AXIS2_PLACEMENT_3D('',#1296,#1297,#1298);
#1296 = CARTESIAN_POINT('',(160.1,21.,61.));
#1297 = DIRECTION('',(0.,1.,0.));
#1298 = DIRECTION('',(0.,-0.,1.));
#1299 = FACE_BOUND('',#1300,.T.);
#1300 = EDGE_LOOP('',(#1301));
#1301 = ORIENTED_EDGE('',*,*,#1302,.F.);
#1302 = EDGE_CURVE('',#1303,#1303,#1305,.T.);
#1303 = VERTEX_POINT('',#1304);
#1304 = CARTESIAN_POINT('',(160.1,21.,81.65));
#1305 = CIRCLE('',#1306,1.25);
#1306 = AXIS2_PLACEMENT_3D('',#1307,#1308,#1309);
#1307 = CARTESIAN_POINT('',(160.1,21.,80.4));
#1308 = DIRECTION('',(0.,1.,0.));
#1309 = DIRECTION('',(0.,-0.,1.));
#1310 = FACE_BOUND('',#1311,.T.);
#1311 = EDGE_LOOP('',(#1312));
#1312 = ORIENTED_EDGE('',*,*,#1313,.F.);
#1313 = EDGE_CURVE('',#1314,#1314,#1316,.T.);
#1314 = VERTEX_POINT('',#1315);
#1315 = CARTESIAN_POINT('',(189.9,21.,62.25));
#1316 = CIRCLE('',#1317,1.25);
#1317 = AXIS2_PLACEMENT_3D('',#1318,#1319,#1320);
#1318 = CARTESIAN_POINT('',(189.9,21.,61.));
#1319 = DIRECTION('',(0.,1.,0.));
#1320 = DIRECTION('',(0.,-0.,1.));
#1321 = FACE_BOUND('',#1322,.T.);
#1322 = EDGE_LOOP('',(#1323));
#1323 = ORIENTED_EDGE('',*,*,#1324,.F.);
#1324 = EDGE_CURVE('',#1325,#1325,#1327,.T.);
#1325 = VERTEX_POINT('',#1326);
#1326 = CARTESIAN_POINT('',(189.9,21.,81.65));
#1327 = CIRCLE('',#1328,1.25);
#1328 = AXIS2_PLACEMENT_3D('',#1329,#1330,#1331);
#1329 = CARTESIAN_POINT('',(189.9,21.,80.4));
#1330 = DIRECTION('',(0.,1.,0.));
#1331 = DIRECTION('',(0.,-0.,1.));
#1332 = FACE_BOUND('',#1333,.T.);
#1333 = EDGE_LOOP('',(#1334));
#1334 = ORIENTED_EDGE('',*,*,#1335,.F.);
#1335 = EDGE_CURVE('',#1336,#1336,#1338,.T.);
#1336 = VERTEX_POINT('',#1337);
#1337 = CARTESIAN_POINT('',(200.1,21.,26.85));
#1338 = CIRCLE('',#1339,1.25);
#1339 = AXIS2_PLACEMENT_3D('',#1340,#1341,#1342);
#1340 = CARTESIAN_POINT('',(200.1,21.,25.6));
#1341 = DIRECTION('',(0.,1.,0.));
#1342 = DIRECTION('',(0.,-0.,1.));
#1343 = FACE_BOUND('',#1344,.T.);
#1344 = EDGE_LOOP('',(#1345));
#1345 = ORIENTED_EDGE('',*,*,#1346,.F.);
#1346 = EDGE_CURVE('',#1347,#1347,#1349,.T.);
#1347 = VERTEX_POINT('',#1348);
#1348 = CARTESIAN_POINT('',(215.,21.,26.85));
#1349 = CIRCLE('',#1350,1.25);
#1350 = AXIS2_PLACEMENT_3D('',#1351,#1352,#1353);
#1351 = CARTESIAN_POINT('',(215.,21.,25.6));
#1352 = DIRECTION('',(0.,1.,0.));
#1353 = DIRECTION('',(0.,-0.,1.));
#1354 = FACE_BOUND('',#1355,.T.);
#1355 = EDGE_LOOP('',(#1356));
#1356 = ORIENTED_EDGE('',*,*,#1357,.F.);
#1357 = EDGE_CURVE('',#1358,#1358,#1360,.T.);
#1358 = VERTEX_POINT('',#1359);
#1359 = CARTESIAN_POINT('',(200.1,21.,62.25));
#1360 = CIRCLE('',#1361,1.25);
#1361 = AXIS2_PLACEMENT_3D('',#1362,#1363,#1364);
#1362 = CARTESIAN_POINT('',(200.1,21.,61.));
#1363 = DIRECTION('',(0.,1.,0.));
#1364 = DIRECTION('',(0.,-0.,1.));
#1365 = FACE_BOUND('',#1366,.T.);
#1366 = EDGE_LOOP('',(#1367));
#1367 = ORIENTED_EDGE('',*,*,#1368,.F.);
#1368 = EDGE_CURVE('',#1369,#1369,#1371,.T.);
#1369 = VERTEX_POINT('',#1370);
#1370 = CARTESIAN_POINT('',(200.1,21.,81.65));
#1371 = CIRCLE('',#1372,1.25);
#1372 = AXIS2_PLACEMENT_3D('',#1373,#1374,#1375);
#1373 = CARTESIAN_POINT('',(200.1,21.,80.4));
#1374 = DIRECTION('',(0.,1.,0.));
#1375 = DIRECTION('',(0.,-0.,1.));
#1376 = FACE_BOUND('',#1377,.T.);
#1377 = EDGE_LOOP('',(#1378));
#1378 = ORIENTED_EDGE('',*,*,#1379,.F.);
#1379 = EDGE_CURVE('',#1380,#1380,#1382,.T.);
#1380 = VERTEX_POINT('',#1381);
#1381 = CARTESIAN_POINT('',(160.1,21.,94.85));
#1382 = CIRCLE('',#1383,1.25);
#1383 = AXIS2_PLACEMENT_3D('',#1384,#1385,#1386);
#1384 = CARTESIAN_POINT('',(160.1,21.,93.6));
#1385 = DIRECTION('',(0.,1.,0.));
#1386 = DIRECTION('',(0.,-0.,1.));
#1387 = FACE_BOUND('',#1388,.T.);
#1388 = EDGE_LOOP('',(#1389));
#1389 = ORIENTED_EDGE('',*,*,#1390,.F.);
#1390 = EDGE_CURVE('',#1391,#1391,#1393,.T.);
#1391 = VERTEX_POINT('',#1392);
#1392 = CARTESIAN_POINT('',(175.,21.,94.85));
#1393 = CIRCLE('',#1394,1.25);
#1394 = AXIS2_PLACEMENT_3D('',#1395,#1396,#1397);
#1395 = CARTESIAN_POINT('',(175.,21.,93.6));
#1396 = DIRECTION('',(0.,1.,0.));
#1397 = DIRECTION('',(0.,-0.,1.));
#1398 = FACE_BOUND('',#1399,.T.);
#1399 = EDGE_LOOP('',(#1400));
#1400 = ORIENTED_EDGE('',*,*,#1401,.F.);
#1401 = EDGE_CURVE('',#1402,#1402,#1404,.T.);
#1402 = VERTEX_POINT('',#1403);
#1403 = CARTESIAN_POINT('',(189.9,21.,94.85));
#1404 = CIRCLE('',#1405,1.25);
#1405 = AXIS2_PLACEMENT_3D('',#1406,#1407,#1408);
#1406 = CARTESIAN_POINT('',(189.9,21.,93.6));
#1407 = DIRECTION('',(0.,1.,0.));
#1408 = DIRECTION('',(0.,-0.,1.));
#1409 = FACE_BOUND('',#1410,.T.);
#1410 = EDGE_LOOP('',(#1411));
#1411 = ORIENTED_EDGE('',*,*,#1412,.F.);
#1412 = EDGE_CURVE('',#1413,#1413,#1415,.T.);
#1413 = VERTEX_POINT('',#1414);
#1414 = CARTESIAN_POINT('',(160.1,21.,130.25));
#1415 = CIRCLE('',#1416,1.25);
#1416 = AXIS2_PLACEMENT_3D('',#1417,#1418,#1419);
#1417 = CARTESIAN_POINT('',(160.1,21.,129.));
#1418 = DIRECTION('',(0.,1.,0.));
#1419 = DIRECTION('',(0.,-0.,1.));
#1420 = FACE_BOUND('',#1421,.T.);
#1421 = EDGE_LOOP('',(#1422));
#1422 = ORIENTED_EDGE('',*,*,#1423,.F.);
#1423 = EDGE_CURVE('',#1424,#1424,#1426,.T.);
#1424 = VERTEX_POINT('',#1425);
#1425 = CARTESIAN_POINT('',(160.1,21.,149.65));
#1426 = CIRCLE('',#1427,1.25);
#1427 = AXIS2_PLACEMENT_3D('',#1428,#1429,#1430);
#1428 = CARTESIAN_POINT('',(160.1,21.,148.4));
#1429 = DIRECTION('',(0.,1.,0.));
#1430 = DIRECTION('',(0.,-0.,1.));
#1431 = FACE_BOUND('',#1432,.T.);
#1432 = EDGE_LOOP('',(#1433));
#1433 = ORIENTED_EDGE('',*,*,#1434,.F.);
#1434 = EDGE_CURVE('',#1435,#1435,#1437,.T.);
#1435 = VERTEX_POINT('',#1436);
#1436 = CARTESIAN_POINT('',(189.9,21.,130.25));
#1437 = CIRCLE('',#1438,1.25);
#1438 = AXIS2_PLACEMENT_3D('',#1439,#1440,#1441);
#1439 = CARTESIAN_POINT('',(189.9,21.,129.));
#1440 = DIRECTION('',(0.,1.,0.));
#1441 = DIRECTION('',(0.,-0.,1.));
#1442 = FACE_BOUND('',#1443,.T.);
#1443 = EDGE_LOOP('',(#1444));
#1444 = ORIENTED_EDGE('',*,*,#1445,.F.);
#1445 = EDGE_CURVE('',#1446,#1446,#1448,.T.);
#1446 = VERTEX_POINT('',#1447);
#1447 = CARTESIAN_POINT('',(189.9,21.,149.65));
#1448 = CIRCLE('',#1449,1.25);
#1449 = AXIS2_PLACEMENT_3D('',#1450,#1451,#1452);
#1450 = CARTESIAN_POINT('',(189.9,21.,148.4));
#1451 = DIRECTION('',(0.,1.,0.));
#1452 = DIRECTION('',(0.,-0.,1.));
#1453 = FACE_BOUND('',#1454,.T.);
#1454 = EDGE_LOOP('',(#1455));
#1455 = ORIENTED_EDGE('',*,*,#1456,.F.);
#1456 = EDGE_CURVE('',#1457,#1457,#1459,.T.);
#1457 = VERTEX_POINT('',#1458);
#1458 = CARTESIAN_POINT('',(200.1,21.,94.85));
#1459 = CIRCLE('',#1460,1.25);
#1460 = AXIS2_PLACEMENT_3D('',#1461,#1462,#1463);
#1461 = CARTESIAN_POINT('',(200.1,21.,93.6));
#1462 = DIRECTION('',(0.,1.,0.));
#1463 = DIRECTION('',(0.,-0.,1.));
#1464 = FACE_BOUND('',#1465,.T.);
#1465 = EDGE_LOOP('',(#1466));
#1466 = ORIENTED_EDGE('',*,*,#1467,.F.);
#1467 = EDGE_CURVE('',#1468,#1468,#1470,.T.);
#1468 = VERTEX_POINT('',#1469);
#1469 = CARTESIAN_POINT('',(215.,21.,94.85));
#1470 = CIRCLE('',#1471,1.25);
#1471 = AXIS2_PLACEMENT_3D('',#1472,#1473,#1474);
#1472 = CARTESIAN_POINT('',(215.,21.,93.6));
#1473 = DIRECTION('',(0.,1.,0.));
#1474 = DIRECTION('',(0.,-0.,1.));
#1475 = FACE_BOUND('',#1476,.T.);
#1476 = EDGE_LOOP('',(#1477));
#1477 = ORIENTED_EDGE('',*,*,#1478,.F.);
#1478 = EDGE_CURVE('',#1479,#1479,#1481,.T.);
#1479 = VERTEX_POINT('',#1480);
#1480 = CARTESIAN_POINT('',(200.1,21.,130.25));
#1481 = CIRCLE('',#1482,1.25);
#1482 = AXIS2_PLACEMENT_3D('',#1483,#1484,#1485);
#1483 = CARTESIAN_POINT('',(200.1,21.,129.));
#1484 = DIRECTION('',(0.,1.,0.));
#1485 = DIRECTION('',(0.,-0.,1.));
#1486 = FACE_BOUND('',#1487,.T.);
#1487 = EDGE_LOOP('',(#1488));
#1488 = ORIENTED_EDGE('',*,*,#1489,.F.);
#1489 = EDGE_CURVE('',#1490,#1490,#1492,.T.);
#1490 = VERTEX_POINT('',#1491);
#1491 = CARTESIAN_POINT('',(200.1,21.,149.65));
#1492 = CIRCLE('',#1493,1.25);
#1493 = AXIS2_PLACEMENT_3D('',#1494,#1495,#1496);
#1494 = CARTESIAN_POINT('',(200.1,21.,148.4));
#1495 = DIRECTION('',(0.,1.,0.));
#1496 = DIRECTION('',(0.,-0.,1.));
#1497 = FACE_BOUND('',#1498,.T.);
#1498 = EDGE_LOOP('',(#1499));
#1499 = ORIENTED_EDGE('',*,*,#1500,.F.);
#1500 = EDGE_CURVE('',#1501,#1501,#1503,.T.);
#1501 = VERTEX_POINT('',#1502);
#1502 = CARTESIAN_POINT('',(229.9,21.,26.85));
#1503 = CIRCLE('',#1504,1.25);
#1504 = AXIS2_PLACEMENT_3D('',#1505,#1506,#1507);
#1505 = CARTESIAN_POINT('',(229.9,21.,25.6));
#1506 = DIRECTION('',(0.,1.,0.));
#1507 = DIRECTION('',(0.,-0.,1.));
#1508 = FACE_BOUND('',#1509,.T.);
#1509 = EDGE_LOOP('',(#1510));
#1510 = ORIENTED_EDGE('',*,*,#1511,.F.);
#1511 = EDGE_CURVE('',#1512,#1512,#1514,.T.);
#1512 = VERTEX_POINT('',#1513);
#1513 = CARTESIAN_POINT('',(229.9,21.,62.25));
#1514 = CIRCLE('',#1515,1.25);
#1515 = AXIS2_PLACEMENT_3D('',#1516,#1517,#1518);
#1516 = CARTESIAN_POINT('',(229.9,21.,61.));
#1517 = DIRECTION('',(0.,1.,0.));
#1518 = DIRECTION('',(0.,-0.,1.));
#1519 = FACE_BOUND('',#1520,.T.);
#1520 = EDGE_LOOP('',(#1521));
#1521 = ORIENTED_EDGE('',*,*,#1522,.F.);
#1522 = EDGE_CURVE('',#1523,#1523,#1525,.T.);
#1523 = VERTEX_POINT('',#1524);
#1524 = CARTESIAN_POINT('',(229.9,21.,81.65));
#1525 = CIRCLE('',#1526,1.25);
#1526 = AXIS2_PLACEMENT_3D('',#1527,#1528,#1529);
#1527 = CARTESIAN_POINT('',(229.9,21.,80.4));
#1528 = DIRECTION('',(0.,1.,0.));
#1529 = DIRECTION('',(0.,-0.,1.));
#1530 = FACE_BOUND('',#1531,.T.);
#1531 = EDGE_LOOP('',(#1532));
#1532 = ORIENTED_EDGE('',*,*,#1533,.F.);
#1533 = EDGE_CURVE('',#1534,#1534,#1536,.T.);
#1534 = VERTEX_POINT('',#1535);
#1535 = CARTESIAN_POINT('',(229.9,21.,94.85));
#1536 = CIRCLE('',#1537,1.25);
#1537 = AXIS2_PLACEMENT_3D('',#1538,#1539,#1540);
#1538 = CARTESIAN_POINT('',(229.9,21.,93.6));
#1539 = DIRECTION('',(0.,1.,0.));
#1540 = DIRECTION('',(0.,-0.,1.));
#1541 = FACE_BOUND('',#1542,.T.);
#1542 = EDGE_LOOP('',(#1543));
#1543 = ORIENTED_EDGE('',*,*,#1544,.F.);
#1544 = EDGE_CURVE('',#1545,#1545,#1547,.T.);
#1545 = VERTEX_POINT('',#1546);
#1546 = CARTESIAN_POINT('',(229.9,21.,130.25));
#1547 = CIRCLE('',#1548,1.25);
#1548 = AXIS2_PLACEMENT_3D('',#1549,#1550,#1551);
#1549 = CARTESIAN_POINT('',(229.9,21.,129.));
#1550 = DIRECTION('',(0.,1.,0.));
#1551 = DIRECTION('',(0.,-0.,1.));
#1552 = FACE_BOUND('',#1553,.T.);
#1553 = EDGE_LOOP('',(#1554));
#1554 = ORIENTED_EDGE('',*,*,#1555,.F.);
#1555 = EDGE_CURVE('',#1556,#1556,#1558,.T.);
#1556 = VERTEX_POINT('',#1557);
#1557 = CARTESIAN_POINT('',(229.9,21.,149.65));
#1558 = CIRCLE('',#1559,1.25);
#1559 = AXIS2_PLACEMENT_3D('',#1560,#1561,#1562);
#1560 = CARTESIAN_POINT('',(229.9,21.,148.4));
#1561 = DIRECTION('',(0.,1.,0.));
#1562 = DIRECTION('',(0.,-0.,1.));
#1563 = FACE_BOUND('',#1564,.T.);
#1564 = EDGE_LOOP('',(#1565));
#1565 = ORIENTED_EDGE('',*,*,#1566,.F.);
#1566 = EDGE_CURVE('',#1567,#1567,#1569,.T.);
#1567 = VERTEX_POINT('',#1568);
#1568 = CARTESIAN_POINT('',(160.1,21.,162.85));
#1569 = CIRCLE('',#1570,1.25);
#1570 = AXIS2_PLACEMENT_3D('',#1571,#1572,#1573);
#1571 = CARTESIAN_POINT('',(160.1,21.,161.6));
#1572 = DIRECTION('',(0.,1.,0.));
#1573 = DIRECTION('',(0.,-0.,1.));
#1574 = FACE_BOUND('',#1575,.T.);
#1575 = EDGE_LOOP('',(#1576));
#1576 = ORIENTED_EDGE('',*,*,#1577,.F.);
#1577 = EDGE_CURVE('',#1578,#1578,#1580,.T.);
#1578 = VERTEX_POINT('',#1579);
#1579 = CARTESIAN_POINT('',(175.,21.,162.85));
#1580 = CIRCLE('',#1581,1.25);
#1581 = AXIS2_PLACEMENT_3D('',#1582,#1583,#1584);
#1582 = CARTESIAN_POINT('',(175.,21.,161.6));
#1583 = DIRECTION('',(0.,1.,0.));
#1584 = DIRECTION('',(0.,-0.,1.));
#1585 = FACE_BOUND('',#1586,.T.);
#1586 = EDGE_LOOP('',(#1587));
#1587 = ORIENTED_EDGE('',*,*,#1588,.F.);
#1588 = EDGE_CURVE('',#1589,#1589,#1591,.T.);
#1589 = VERTEX_POINT('',#1590);
#1590 = CARTESIAN_POINT('',(189.9,21.,162.85));
#1591 = CIRCLE('',#1592,1.25);
#1592 = AXIS2_PLACEMENT_3D('',#1593,#1594,#1595);
#1593 = CARTESIAN_POINT('',(189.9,21.,161.6));
#1594 = DIRECTION('',(0.,1.,0.));
#1595 = DIRECTION('',(0.,-0.,1.));
#1596 = FACE_BOUND('',#1597,.T.);
#1597 = EDGE_LOOP('',(#1598));
#1598 = ORIENTED_EDGE('',*,*,#1599,.F.);
#1599 = EDGE_CURVE('',#1600,#1600,#1602,.T.);
#1600 = VERTEX_POINT('',#1601);
#1601 = CARTESIAN_POINT('',(160.1,21.,198.25));
#1602 = CIRCLE('',#1603,1.25);
#1603 = AXIS2_PLACEMENT_3D('',#1604,#1605,#1606);
#1604 = CARTESIAN_POINT('',(160.1,21.,197.));
#1605 = DIRECTION('',(0.,1.,0.));
#1606 = DIRECTION('',(0.,-0.,1.));
#1607 = FACE_BOUND('',#1608,.T.);
#1608 = EDGE_LOOP('',(#1609));
#1609 = ORIENTED_EDGE('',*,*,#1610,.F.);
#1610 = EDGE_CURVE('',#1611,#1611,#1613,.T.);
#1611 = VERTEX_POINT('',#1612);
#1612 = CARTESIAN_POINT('',(160.1,21.,217.65));
#1613 = CIRCLE('',#1614,1.25);
#1614 = AXIS2_PLACEMENT_3D('',#1615,#1616,#1617);
#1615 = CARTESIAN_POINT('',(160.1,21.,216.4));
#1616 = DIRECTION('',(0.,1.,0.));
#1617 = DIRECTION('',(0.,-0.,1.));
#1618 = FACE_BOUND('',#1619,.T.);
#1619 = EDGE_LOOP('',(#1620));
#1620 = ORIENTED_EDGE('',*,*,#1621,.F.);
#1621 = EDGE_CURVE('',#1622,#1622,#1624,.T.);
#1622 = VERTEX_POINT('',#1623);
#1623 = CARTESIAN_POINT('',(189.9,21.,198.25));
#1624 = CIRCLE('',#1625,1.25);
#1625 = AXIS2_PLACEMENT_3D('',#1626,#1627,#1628);
#1626 = CARTESIAN_POINT('',(189.9,21.,197.));
#1627 = DIRECTION('',(0.,1.,0.));
#1628 = DIRECTION('',(0.,-0.,1.));
#1629 = FACE_BOUND('',#1630,.T.);
#1630 = EDGE_LOOP('',(#1631));
#1631 = ORIENTED_EDGE('',*,*,#1632,.F.);
#1632 = EDGE_CURVE('',#1633,#1633,#1635,.T.);
#1633 = VERTEX_POINT('',#1634);
#1634 = CARTESIAN_POINT('',(189.9,21.,217.65));
#1635 = CIRCLE('',#1636,1.25);
#1636 = AXIS2_PLACEMENT_3D('',#1637,#1638,#1639);
#1637 = CARTESIAN_POINT('',(189.9,21.,216.4));
#1638 = DIRECTION('',(0.,1.,0.));
#1639 = DIRECTION('',(0.,-0.,1.));
#1640 = FACE_BOUND('',#1641,.T.);
#1641 = EDGE_LOOP('',(#1642));
#1642 = ORIENTED_EDGE('',*,*,#1643,.F.);
#1643 = EDGE_CURVE('',#1644,#1644,#1646,.T.);
#1644 = VERTEX_POINT('',#1645);
#1645 = CARTESIAN_POINT('',(200.1,21.,162.85));
#1646 = CIRCLE('',#1647,1.25);
#1647 = AXIS2_PLACEMENT_3D('',#1648,#1649,#1650);
#1648 = CARTESIAN_POINT('',(200.1,21.,161.6));
#1649 = DIRECTION('',(0.,1.,0.));
#1650 = DIRECTION('',(0.,-0.,1.));
#1651 = FACE_BOUND('',#1652,.T.);
#1652 = EDGE_LOOP('',(#1653));
#1653 = ORIENTED_EDGE('',*,*,#1654,.F.);
#1654 = EDGE_CURVE('',#1655,#1655,#1657,.T.);
#1655 = VERTEX_POINT('',#1656);
#1656 = CARTESIAN_POINT('',(215.,21.,162.85));
#1657 = CIRCLE('',#1658,1.25);
#1658 = AXIS2_PLACEMENT_3D('',#1659,#1660,#1661);
#1659 = CARTESIAN_POINT('',(215.,21.,161.6));
#1660 = DIRECTION('',(0.,1.,0.));
#1661 = DIRECTION('',(0.,-0.,1.));
#1662 = FACE_BOUND('',#1663,.T.);
#1663 = EDGE_LOOP('',(#1664));
#1664 = ORIENTED_EDGE('',*,*,#1665,.F.);
#1665 = EDGE_CURVE('',#1666,#1666,#1668,.T.);
#1666 = VERTEX_POINT('',#1667);
#1667 = CARTESIAN_POINT('',(200.1,21.,198.25));
#1668 = CIRCLE('',#1669,1.25);
#1669 = AXIS2_PLACEMENT_3D('',#1670,#1671,#1672);
#1670 = CARTESIAN_POINT('',(200.1,21.,197.));
#1671 = DIRECTION('',(0.,1.,0.));
#1672 = DIRECTION('',(0.,-0.,1.));
#1673 = FACE_BOUND('',#1674,.T.);
#1674 = EDGE_LOOP('',(#1675));
#1675 = ORIENTED_EDGE('',*,*,#1676,.F.);
#1676 = EDGE_CURVE('',#1677,#1677,#1679,.T.);
#1677 = VERTEX_POINT('',#1678);
#1678 = CARTESIAN_POINT('',(200.1,21.,217.65));
#1679 = CIRCLE('',#1680,1.25);
#1680 = AXIS2_PLACEMENT_3D('',#1681,#1682,#1683);
#1681 = CARTESIAN_POINT('',(200.1,21.,216.4));
#1682 = DIRECTION('',(0.,1.,0.));
#1683 = DIRECTION('',(0.,-0.,1.));
#1684 = FACE_BOUND('',#1685,.T.);
#1685 = EDGE_LOOP('',(#1686));
#1686 = ORIENTED_EDGE('',*,*,#1687,.F.);
#1687 = EDGE_CURVE('',#1688,#1688,#1690,.T.);
#1688 = VERTEX_POINT('',#1689);
#1689 = CARTESIAN_POINT('',(160.1,21.,230.85));
#1690 = CIRCLE('',#1691,1.25);
#1691 = AXIS2_PLACEMENT_3D('',#1692,#1693,#1694);
#1692 = CARTESIAN_POINT('',(160.1,21.,229.6));
#1693 = DIRECTION('',(0.,1.,0.));
#1694 = DIRECTION('',(0.,-0.,1.));
#1695 = FACE_BOUND('',#1696,.T.);
#1696 = EDGE_LOOP('',(#1697));
#1697 = ORIENTED_EDGE('',*,*,#1698,.F.);
#1698 = EDGE_CURVE('',#1699,#1699,#1701,.T.);
#1699 = VERTEX_POINT('',#1700);
#1700 = CARTESIAN_POINT('',(175.,21.,230.85));
#1701 = CIRCLE('',#1702,1.25);
#1702 = AXIS2_PLACEMENT_3D('',#1703,#1704,#1705);
#1703 = CARTESIAN_POINT('',(175.,21.,229.6));
#1704 = DIRECTION('',(0.,1.,0.));
#1705 = DIRECTION('',(0.,-0.,1.));
#1706 = FACE_BOUND('',#1707,.T.);
#1707 = EDGE_LOOP('',(#1708));
#1708 = ORIENTED_EDGE('',*,*,#1709,.F.);
#1709 = EDGE_CURVE('',#1710,#1710,#1712,.T.);
#1710 = VERTEX_POINT('',#1711);
#1711 = CARTESIAN_POINT('',(189.9,21.,230.85));
#1712 = CIRCLE('',#1713,1.25);
#1713 = AXIS2_PLACEMENT_3D('',#1714,#1715,#1716);
#1714 = CARTESIAN_POINT('',(189.9,21.,229.6));
#1715 = DIRECTION('',(0.,1.,0.));
#1716 = DIRECTION('',(0.,-0.,1.));
#1717 = FACE_BOUND('',#1718,.T.);
#1718 = EDGE_LOOP('',(#1719));
#1719 = ORIENTED_EDGE('',*,*,#1720,.F.);
#1720 = EDGE_CURVE('',#1721,#1721,#1723,.T.);
#1721 = VERTEX_POINT('',#1722);
#1722 = CARTESIAN_POINT('',(160.1,21.,266.25));
#1723 = CIRCLE('',#1724,1.25);
#1724 = AXIS2_PLACEMENT_3D('',#1725,#1726,#1727);
#1725 = CARTESIAN_POINT('',(160.1,21.,265.));
#1726 = DIRECTION('',(0.,1.,0.));
#1727 = DIRECTION('',(0.,-0.,1.));
#1728 = FACE_BOUND('',#1729,.T.);
#1729 = EDGE_LOOP('',(#1730));
#1730 = ORIENTED_EDGE('',*,*,#1731,.F.);
#1731 = EDGE_CURVE('',#1732,#1732,#1734,.T.);
#1732 = VERTEX_POINT('',#1733);
#1733 = CARTESIAN_POINT('',(160.1,21.,285.65));
#1734 = CIRCLE('',#1735,1.25);
#1735 = AXIS2_PLACEMENT_3D('',#1736,#1737,#1738);
#1736 = CARTESIAN_POINT('',(160.1,21.,284.4));
#1737 = DIRECTION('',(0.,1.,0.));
#1738 = DIRECTION('',(0.,-0.,1.));
#1739 = FACE_BOUND('',#1740,.T.);
#1740 = EDGE_LOOP('',(#1741));
#1741 = ORIENTED_EDGE('',*,*,#1742,.F.);
#1742 = EDGE_CURVE('',#1743,#1743,#1745,.T.);
#1743 = VERTEX_POINT('',#1744);
#1744 = CARTESIAN_POINT('',(189.9,21.,266.25));
#1745 = CIRCLE('',#1746,1.25);
#1746 = AXIS2_PLACEMENT_3D('',#1747,#1748,#1749);
#1747 = CARTESIAN_POINT('',(189.9,21.,265.));
#1748 = DIRECTION('',(0.,1.,0.));
#1749 = DIRECTION('',(0.,-0.,1.));
#1750 = FACE_BOUND('',#1751,.T.);
#1751 = EDGE_LOOP('',(#1752));
#1752 = ORIENTED_EDGE('',*,*,#1753,.F.);
#1753 = EDGE_CURVE('',#1754,#1754,#1756,.T.);
#1754 = VERTEX_POINT('',#1755);
#1755 = CARTESIAN_POINT('',(189.9,21.,285.65));
#1756 = CIRCLE('',#1757,1.25);
#1757 = AXIS2_PLACEMENT_3D('',#1758,#1759,#1760);
#1758 = CARTESIAN_POINT('',(189.9,21.,284.4));
#1759 = DIRECTION('',(0.,1.,0.));
#1760 = DIRECTION('',(0.,-0.,1.));
#1761 = FACE_BOUND('',#1762,.T.);
#1762 = EDGE_LOOP('',(#1763));
#1763 = ORIENTED_EDGE('',*,*,#1764,.F.);
#1764 = EDGE_CURVE('',#1765,#1765,#1767,.T.);
#1765 = VERTEX_POINT('',#1766);
#1766 = CARTESIAN_POINT('',(200.1,21.,230.85));
#1767 = CIRCLE('',#1768,1.25);
#1768 = AXIS2_PLACEMENT_3D('',#1769,#1770,#1771);
#1769 = CARTESIAN_POINT('',(200.1,21.,229.6));
#1770 = DIRECTION('',(0.,1.,0.));
#1771 = DIRECTION('',(0.,-0.,1.));
#1772 = FACE_BOUND('',#1773,.T.);
#1773 = EDGE_LOOP('',(#1774));
#1774 = ORIENTED_EDGE('',*,*,#1775,.F.);
#1775 = EDGE_CURVE('',#1776,#1776,#1778,.T.);
#1776 = VERTEX_POINT('',#1777);
#1777 = CARTESIAN_POINT('',(215.,21.,230.85));
#1778 = CIRCLE('',#1779,1.25);
#1779 = AXIS2_PLACEMENT_3D('',#1780,#1781,#1782);
#1780 = CARTESIAN_POINT('',(215.,21.,229.6));
#1781 = DIRECTION('',(0.,1.,0.));
#1782 = DIRECTION('',(0.,-0.,1.));
#1783 = FACE_BOUND('',#1784,.T.);
#1784 = EDGE_LOOP('',(#1785));
#1785 = ORIENTED_EDGE('',*,*,#1786,.F.);
#1786 = EDGE_CURVE('',#1787,#1787,#1789,.T.);
#1787 = VERTEX_POINT('',#1788);
#1788 = CARTESIAN_POINT('',(200.1,21.,266.25));
#1789 = CIRCLE('',#1790,1.25);
#1790 = AXIS2_PLACEMENT_3D('',#1791,#1792,#1793);
#1791 = CARTESIAN_POINT('',(200.1,21.,265.));
#1792 = DIRECTION('',(0.,1.,0.));
#1793 = DIRECTION('',(0.,-0.,1.));
#1794 = FACE_BOUND('',#1795,.T.);
#1795 = EDGE_LOOP('',(#1796));
#1796 = ORIENTED_EDGE('',*,*,#1797,.F.);
#1797 = EDGE_CURVE('',#1798,#1798,#1800,.T.);
#1798 = VERTEX_POINT('',#1799);
#1799 = CARTESIAN_POINT('',(200.1,21.,285.65));
#1800 = CIRCLE('',#1801,1.25);
#1801 = AXIS2_PLACEMENT_3D('',#1802,#1803,#1804);
#1802 = CARTESIAN_POINT('',(200.1,21.,284.4));
#1803 = DIRECTION('',(0.,1.,0.));
#1804 = DIRECTION('',(0.,-0.,1.));
#1805 = FACE_BOUND('',#1806,.T.);
#1806 = EDGE_LOOP('',(#1807));
#1807 = ORIENTED_EDGE('',*,*,#1808,.F.);
#1808 = EDGE_CURVE('',#1809,#1809,#1811,.T.);
#1809 = VERTEX_POINT('',#1810);
#1810 = CARTESIAN_POINT('',(229.9,21.,162.85));
#1811 = CIRCLE('',#1812,1.25);
#1812 = AXIS2_PLACEMENT_3D('',#1813,#1814,#1815);
#1813 = CARTESIAN_POINT('',(229.9,21.,161.6));
#1814 = DIRECTION('',(0.,1.,0.));
#1815 = DIRECTION('',(0.,-0.,1.));
#1816 = FACE_BOUND('',#1817,.T.);
#1817 = EDGE_LOOP('',(#1818,#1828,#1836,#1844));
#1818 = ORIENTED_EDGE('',*,*,#1819,.F.);
#1819 = EDGE_CURVE('',#1820,#1822,#1824,.T.);
#1820 = VERTEX_POINT('',#1821);
#1821 = CARTESIAN_POINT('',(251.,21.,15.));
#1822 = VERTEX_POINT('',#1823);
#1823 = CARTESIAN_POINT('',(251.,21.,295.));
#1824 = LINE('',#1825,#1826);
#1825 = CARTESIAN_POINT('',(251.,21.,15.));
#1826 = VECTOR('',#1827,1.);
#1827 = DIRECTION('',(0.,0.,1.));
#1828 = ORIENTED_EDGE('',*,*,#1829,.T.);
#1829 = EDGE_CURVE('',#1820,#1830,#1832,.T.);
#1830 = VERTEX_POINT('',#1831);
#1831 = CARTESIAN_POINT('',(253.,21.,15.));
#1832 = LINE('',#1833,#1834);
#1833 = CARTESIAN_POINT('',(251.,21.,15.));
#1834 = VECTOR('',#1835,1.);
#1835 = DIRECTION('',(1.,0.,-0.));
#1836 = ORIENTED_EDGE('',*,*,#1837,.T.);
#1837 = EDGE_CURVE('',#1830,#1838,#1840,.T.);
#1838 = VERTEX_POINT('',#1839);
#1839 = CARTESIAN_POINT('',(253.,21.,295.));
#1840 = LINE('',#1841,#1842);
#1841 = CARTESIAN_POINT('',(253.,21.,15.));
#1842 = VECTOR('',#1843,1.);
#1843 = DIRECTION('',(0.,0.,1.));
#1844 = ORIENTED_EDGE('',*,*,#1845,.F.);
#1845 = EDGE_CURVE('',#1822,#1838,#1846,.T.);
#1846 = LINE('',#1847,#1848);
#1847 = CARTESIAN_POINT('',(251.,21.,295.));
#1848 = VECTOR('',#1849,1.);
#1849 = DIRECTION('',(1.,0.,-0.));
#1850 = FACE_BOUND('',#1851,.T.);
#1851 = EDGE_LOOP('',(#1852,#1862,#1870,#1878));
#1852 = ORIENTED_EDGE('',*,*,#1853,.F.);
#1853 = EDGE_CURVE('',#1854,#1856,#1858,.T.);
#1854 = VERTEX_POINT('',#1855);
#1855 = CARTESIAN_POINT('',(255.,21.,15.));
#1856 = VERTEX_POINT('',#1857);
#1857 = CARTESIAN_POINT('',(255.,21.,295.));
#1858 = LINE('',#1859,#1860);
#1859 = CARTESIAN_POINT('',(255.,21.,15.));
#1860 = VECTOR('',#1861,1.);
#1861 = DIRECTION('',(0.,0.,1.));
#1862 = ORIENTED_EDGE('',*,*,#1863,.T.);
#1863 = EDGE_CURVE('',#1854,#1864,#1866,.T.);
#1864 = VERTEX_POINT('',#1865);
#1865 = CARTESIAN_POINT('',(257.,21.,15.));
#1866 = LINE('',#1867,#1868);
#1867 = CARTESIAN_POINT('',(255.,21.,15.));
#1868 = VECTOR('',#1869,1.);
#1869 = DIRECTION('',(1.,0.,-0.));
#1870 = ORIENTED_EDGE('',*,*,#1871,.T.);
#1871 = EDGE_CURVE('',#1864,#1872,#1874,.T.);
#1872 = VERTEX_POINT('',#1873);
#1873 = CARTESIAN_POINT('',(257.,21.,295.));
#1874 = LINE('',#1875,#1876);
#1875 = CARTESIAN_POINT('',(257.,21.,15.));
#1876 = VECTOR('',#1877,1.);
#1877 = DIRECTION('',(0.,0.,1.));
#1878 = ORIENTED_EDGE('',*,*,#1879,.F.);
#1879 = EDGE_CURVE('',#1856,#1872,#1880,.T.);
#1880 = LINE('',#1881,#1882);
#1881 = CARTESIAN_POINT('',(255.,21.,295.));
#1882 = VECTOR('',#1883,1.);
#1883 = DIRECTION('',(1.,0.,-0.));
#1884 = FACE_BOUND('',#1885,.T.);
#1885 = EDGE_LOOP('',(#1886,#1896,#1904,#1912));
#1886 = ORIENTED_EDGE('',*,*,#1887,.F.);
#1887 = EDGE_CURVE('',#1888,#1890,#1892,.T.);
#1888 = VERTEX_POINT('',#1889);
#1889 = CARTESIAN_POINT('',(259.,21.,15.));
#1890 = VERTEX_POINT('',#1891);
#1891 = CARTESIAN_POINT('',(259.,21.,295.));
#1892 = LINE('',#1893,#1894);
#1893 = CARTESIAN_POINT('',(259.,21.,15.));
#1894 = VECTOR('',#1895,1.);
#1895 = DIRECTION('',(0.,0.,1.));
#1896 = ORIENTED_EDGE('',*,*,#1897,.T.);
#1897 = EDGE_CURVE('',#1888,#1898,#1900,.T.);
#1898 = VERTEX_POINT('',#1899);
#1899 = CARTESIAN_POINT('',(261.,21.,15.));
#1900 = LINE('',#1901,#1902);
#1901 = CARTESIAN_POINT('',(259.,21.,15.));
#1902 = VECTOR('',#1903,1.);
#1903 = DIRECTION('',(1.,0.,-0.));
#1904 = ORIENTED_EDGE('',*,*,#1905,.T.);
#1905 = EDGE_CURVE('',#1898,#1906,#1908,.T.);
#1906 = VERTEX_POINT('',#1907);
#1907 = CARTESIAN_POINT('',(261.,21.,295.));
#1908 = LINE('',#1909,#1910);
#1909 = CARTESIAN_POINT('',(261.,21.,15.));
#1910 = VECTOR('',#1911,1.);
#1911 = DIRECTION('',(0.,0.,1.));
#1912 = ORIENTED_EDGE('',*,*,#1913,.F.);
#1913 = EDGE_CURVE('',#1890,#1906,#1914,.T.);
#1914 = LINE('',#1915,#1916);
#1915 = CARTESIAN_POINT('',(259.,21.,295.));
#1916 = VECTOR('',#1917,1.);
#1917 = DIRECTION('',(1.,0.,-0.));
#1918 = FACE_BOUND('',#1919,.T.);
#1919 = EDGE_LOOP('',(#1920,#1930,#1938,#1946));
#1920 = ORIENTED_EDGE('',*,*,#1921,.F.);
#1921 = EDGE_CURVE('',#1922,#1924,#1926,.T.);
#1922 = VERTEX_POINT('',#1923);
#1923 = CARTESIAN_POINT('',(263.,21.,15.));
#1924 = VERTEX_POINT('',#1925);
#1925 = CARTESIAN_POINT('',(263.,21.,295.));
#1926 = LINE('',#1927,#1928);
#1927 = CARTESIAN_POINT('',(263.,21.,15.));
#1928 = VECTOR('',#1929,1.);
#1929 = DIRECTION('',(0.,0.,1.));
#1930 = ORIENTED_EDGE('',*,*,#1931,.T.);
#1931 = EDGE_CURVE('',#1922,#1932,#1934,.T.);
#1932 = VERTEX_POINT('',#1933);
#1933 = CARTESIAN_POINT('',(265.,21.,15.));
#1934 = LINE('',#1935,#1936);
#1935 = CARTESIAN_POINT('',(263.,21.,15.));
#1936 = VECTOR('',#1937,1.);
#1937 = DIRECTION('',(1.,0.,-0.));
#1938 = ORIENTED_EDGE('',*,*,#1939,.T.);
#1939 = EDGE_CURVE('',#1932,#1940,#1942,.T.);
#1940 = VERTEX_POINT('',#1941);
#1941 = CARTESIAN_POINT('',(265.,21.,295.));
#1942 = LINE('',#1943,#1944);
#1943 = CARTESIAN_POINT('',(265.,21.,15.));
#1944 = VECTOR('',#1945,1.);
#1945 = DIRECTION('',(0.,0.,1.));
#1946 = ORIENTED_EDGE('',*,*,#1947,.F.);
#1947 = EDGE_CURVE('',#1924,#1940,#1948,.T.);
#1948 = LINE('',#1949,#1950);
#1949 = CARTESIAN_POINT('',(263.,21.,295.));
#1950 = VECTOR('',#1951,1.);
#1951 = DIRECTION('',(1.,0.,-0.));
#1952 = FACE_BOUND('',#1953,.T.);
#1953 = EDGE_LOOP('',(#1954));
#1954 = ORIENTED_EDGE('',*,*,#1955,.F.);
#1955 = EDGE_CURVE('',#1956,#1956,#1958,.T.);
#1956 = VERTEX_POINT('',#1957);
#1957 = CARTESIAN_POINT('',(229.9,21.,198.25));
#1958 = CIRCLE('',#1959,1.25);
#1959 = AXIS2_PLACEMENT_3D('',#1960,#1961,#1962);
#1960 = CARTESIAN_POINT('',(229.9,21.,197.));
#1961 = DIRECTION('',(0.,1.,0.));
#1962 = DIRECTION('',(0.,-0.,1.));
#1963 = FACE_BOUND('',#1964,.T.);
#1964 = EDGE_LOOP('',(#1965));
#1965 = ORIENTED_EDGE('',*,*,#1966,.F.);
#1966 = EDGE_CURVE('',#1967,#1967,#1969,.T.);
#1967 = VERTEX_POINT('',#1968);
#1968 = CARTESIAN_POINT('',(229.9,21.,217.65));
#1969 = CIRCLE('',#1970,1.25);
#1970 = AXIS2_PLACEMENT_3D('',#1971,#1972,#1973);
#1971 = CARTESIAN_POINT('',(229.9,21.,216.4));
#1972 = DIRECTION('',(0.,1.,0.));
#1973 = DIRECTION('',(0.,-0.,1.));
#1974 = FACE_BOUND('',#1975,.T.);
#1975 = EDGE_LOOP('',(#1976,#1986,#1994,#2002));
#1976 = ORIENTED_EDGE('',*,*,#1977,.F.);
#1977 = EDGE_CURVE('',#1978,#1980,#1982,.T.);
#1978 = VERTEX_POINT('',#1979);
#1979 = CARTESIAN_POINT('',(267.,21.,15.));
#1980 = VERTEX_POINT('',#1981);
#1981 = CARTESIAN_POINT('',(267.,21.,295.));
#1982 = LINE('',#1983,#1984);
#1983 = CARTESIAN_POINT('',(267.,21.,15.));
#1984 = VECTOR('',#1985,1.);
#1985 = DIRECTION('',(0.,0.,1.));
#1986 = ORIENTED_EDGE('',*,*,#1987,.T.);
#1987 = EDGE_CURVE('',#1978,#1988,#1990,.T.);
#1988 = VERTEX_POINT('',#1989);
#1989 = CARTESIAN_POINT('',(269.,21.,15.));
#1990 = LINE('',#1991,#1992);
#1991 = CARTESIAN_POINT('',(267.,21.,15.));
#1992 = VECTOR('',#1993,1.);
#1993 = DIRECTION('',(1.,0.,-0.));
#1994 = ORIENTED_EDGE('',*,*,#1995,.T.);
#1995 = EDGE_CURVE('',#1988,#1996,#1998,.T.);
#1996 = VERTEX_POINT('',#1997);
#1997 = CARTESIAN_POINT('',(269.,21.,295.));
#1998 = LINE('',#1999,#2000);
#1999 = CARTESIAN_POINT('',(269.,21.,15.));
#2000 = VECTOR('',#2001,1.);
#2001 = DIRECTION('',(0.,0.,1.));
#2002 = ORIENTED_EDGE('',*,*,#2003,.F.);
#2003 = EDGE_CURVE('',#1980,#1996,#2004,.T.);
#2004 = LINE('',#2005,#2006);
#2005 = CARTESIAN_POINT('',(267.,21.,295.));
#2006 = VECTOR('',#2007,1.);
#2007 = DIRECTION('',(1.,0.,-0.));
#2008 = FACE_BOUND('',#2009,.T.);
#2009 = EDGE_LOOP('',(#2010,#2020,#2028,#2036));
#2010 = ORIENTED_EDGE('',*,*,#2011,.F.);
#2011 = EDGE_CURVE('',#2012,#2014,#2016,.T.);
#2012 = VERTEX_POINT('',#2013);
#2013 = CARTESIAN_POINT('',(271.,21.,15.));
#2014 = VERTEX_POINT('',#2015);
#2015 = CARTESIAN_POINT('',(271.,21.,295.));
#2016 = LINE('',#2017,#2018);
#2017 = CARTESIAN_POINT('',(271.,21.,15.));
#2018 = VECTOR('',#2019,1.);
#2019 = DIRECTION('',(0.,0.,1.));
#2020 = ORIENTED_EDGE('',*,*,#2021,.T.);
#2021 = EDGE_CURVE('',#2012,#2022,#2024,.T.);
#2022 = VERTEX_POINT('',#2023);
#2023 = CARTESIAN_POINT('',(273.,21.,15.));
#2024 = LINE('',#2025,#2026);
#2025 = CARTESIAN_POINT('',(271.,21.,15.));
#2026 = VECTOR('',#2027,1.);
#2027 = DIRECTION('',(1.,0.,-0.));
#2028 = ORIENTED_EDGE('',*,*,#2029,.T.);
#2029 = EDGE_CURVE('',#2022,#2030,#2032,.T.);
#2030 = VERTEX_POINT('',#2031);
#2031 = CARTESIAN_POINT('',(273.,21.,295.));
#2032 = LINE('',#2033,#2034);
#2033 = CARTESIAN_POINT('',(273.,21.,15.));
#2034 = VECTOR('',#2035,1.);
#2035 = DIRECTION('',(0.,0.,1.));
#2036 = ORIENTED_EDGE('',*,*,#2037,.F.);
#2037 = EDGE_CURVE('',#2014,#2030,#2038,.T.);
#2038 = LINE('',#2039,#2040);
#2039 = CARTESIAN_POINT('',(271.,21.,295.));
#2040 = VECTOR('',#2041,1.);
#2041 = DIRECTION('',(1.,0.,-0.));
#2042 = FACE_BOUND('',#2043,.T.);
#2043 = EDGE_LOOP('',(#2044,#2054,#2062,#2070));
#2044 = ORIENTED_EDGE('',*,*,#2045,.F.);
#2045 = EDGE_CURVE('',#2046,#2048,#2050,.T.);
#2046 = VERTEX_POINT('',#2047);
#2047 = CARTESIAN_POINT('',(275.,21.,15.));
#2048 = VERTEX_POINT('',#2049);
#2049 = CARTESIAN_POINT('',(275.,21.,295.));
#2050 = LINE('',#2051,#2052);
#2051 = CARTESIAN_POINT('',(275.,21.,15.));
#2052 = VECTOR('',#2053,1.);
#2053 = DIRECTION('',(0.,0.,1.));
#2054 = ORIENTED_EDGE('',*,*,#2055,.T.);
#2055 = EDGE_CURVE('',#2046,#2056,#2058,.T.);
#2056 = VERTEX_POINT('',#2057);
#2057 = CARTESIAN_POINT('',(277.,21.,15.));
#2058 = LINE('',#2059,#2060);
#2059 = CARTESIAN_POINT('',(275.,21.,15.));
#2060 = VECTOR('',#2061,1.);
#2061 = DIRECTION('',(1.,0.,-0.));
#2062 = ORIENTED_EDGE('',*,*,#2063,.T.);
#2063 = EDGE_CURVE('',#2056,#2064,#2066,.T.);
#2064 = VERTEX_POINT('',#2065);
#2065 = CARTESIAN_POINT('',(277.,21.,295.));
#2066 = LINE('',#2067,#2068);
#2067 = CARTESIAN_POINT('',(277.,21.,15.));
#2068 = VECTOR('',#2069,1.);
#2069 = DIRECTION('',(0.,0.,1.));
#2070 = ORIENTED_EDGE('',*,*,#2071,.F.);
#2071 = EDGE_CURVE('',#2048,#2064,#2072,.T.);
#2072 = LINE('',#2073,#2074);
#2073 = CARTESIAN_POINT('',(275.,21.,295.));
#2074 = VECTOR('',#2075,1.);
#2075 = DIRECTION('',(1.,0.,-0.));
#2076 = FACE_BOUND('',#2077,.T.);
#2077 = EDGE_LOOP('',(#2078,#2088,#2096,#2104));
#2078 = ORIENTED_EDGE('',*,*,#2079,.F.);
#2079 = EDGE_CURVE('',#2080,#2082,#2084,.T.);
#2080 = VERTEX_POINT('',#2081);
#2081 = CARTESIAN_POINT('',(279.,21.,15.));
#2082 = VERTEX_POINT('',#2083);
#2083 = CARTESIAN_POINT('',(279.,21.,295.));
#2084 = LINE('',#2085,#2086);
#2085 = CARTESIAN_POINT('',(279.,21.,15.));
#2086 = VECTOR('',#2087,1.);
#2087 = DIRECTION('',(0.,0.,1.));
#2088 = ORIENTED_EDGE('',*,*,#2089,.T.);
#2089 = EDGE_CURVE('',#2080,#2090,#2092,.T.);
#2090 = VERTEX_POINT('',#2091);
#2091 = CARTESIAN_POINT('',(281.,21.,15.));
#2092 = LINE('',#2093,#2094);
#2093 = CARTESIAN_POINT('',(279.,21.,15.));
#2094 = VECTOR('',#2095,1.);
#2095 = DIRECTION('',(1.,0.,-0.));
#2096 = ORIENTED_EDGE('',*,*,#2097,.T.);
#2097 = EDGE_CURVE('',#2090,#2098,#2100,.T.);
#2098 = VERTEX_POINT('',#2099);
#2099 = CARTESIAN_POINT('',(281.,21.,295.));
#2100 = LINE('',#2101,#2102);
#2101 = CARTESIAN_POINT('',(281.,21.,15.));
#2102 = VECTOR('',#2103,1.);
#2103 = DIRECTION('',(0.,0.,1.));
#2104 = ORIENTED_EDGE('',*,*,#2105,.F.);
#2105 = EDGE_CURVE('',#2082,#2098,#2106,.T.);
#2106 = LINE('',#2107,#2108);
#2107 = CARTESIAN_POINT('',(279.,21.,295.));
#2108 = VECTOR('',#2109,1.);
#2109 = DIRECTION('',(1.,0.,-0.));
#2110 = FACE_BOUND('',#2111,.T.);
#2111 = EDGE_LOOP('',(#2112,#2122,#2130,#2138));
#2112 = ORIENTED_EDGE('',*,*,#2113,.F.);
#2113 = EDGE_CURVE('',#2114,#2116,#2118,.T.);
#2114 = VERTEX_POINT('',#2115);
#2115 = CARTESIAN_POINT('',(283.,21.,15.));
#2116 = VERTEX_POINT('',#2117);
#2117 = CARTESIAN_POINT('',(283.,21.,295.));
#2118 = LINE('',#2119,#2120);
#2119 = CARTESIAN_POINT('',(283.,21.,15.));
#2120 = VECTOR('',#2121,1.);
#2121 = DIRECTION('',(0.,0.,1.));
#2122 = ORIENTED_EDGE('',*,*,#2123,.T.);
#2123 = EDGE_CURVE('',#2114,#2124,#2126,.T.);
#2124 = VERTEX_POINT('',#2125);
#2125 = CARTESIAN_POINT('',(285.,21.,15.));
#2126 = LINE('',#2127,#2128);
#2127 = CARTESIAN_POINT('',(283.,21.,15.));
#2128 = VECTOR('',#2129,1.);
#2129 = DIRECTION('',(1.,0.,-0.));
#2130 = ORIENTED_EDGE('',*,*,#2131,.T.);
#2131 = EDGE_CURVE('',#2124,#2132,#2134,.T.);
#2132 = VERTEX_POINT('',#2133);
#2133 = CARTESIAN_POINT('',(285.,21.,295.));
#2134 = LINE('',#2135,#2136);
#2135 = CARTESIAN_POINT('',(285.,21.,15.));
#2136 = VECTOR('',#2137,1.);
#2137 = DIRECTION('',(0.,0.,1.));
#2138 = ORIENTED_EDGE('',*,*,#2139,.F.);
#2139 = EDGE_CURVE('',#2116,#2132,#2140,.T.);
#2140 = LINE('',#2141,#2142);
#2141 = CARTESIAN_POINT('',(283.,21.,295.));
#2142 = VECTOR('',#2143,1.);
#2143 = DIRECTION('',(1.,0.,-0.));
#2144 = FACE_BOUND('',#2145,.T.);
#2145 = EDGE_LOOP('',(#2146,#2156,#2164,#2172));
#2146 = ORIENTED_EDGE('',*,*,#2147,.F.);
#2147 = EDGE_CURVE('',#2148,#2150,#2152,.T.);
#2148 = VERTEX_POINT('',#2149);
#2149 = CARTESIAN_POINT('',(287.,21.,15.));
#2150 = VERTEX_POINT('',#2151);
#2151 = CARTESIAN_POINT('',(287.,21.,295.));
#2152 = LINE('',#2153,#2154);
#2153 = CARTESIAN_POINT('',(287.,21.,15.));
#2154 = VECTOR('',#2155,1.);
#2155 = DIRECTION('',(0.,0.,1.));
#2156 = ORIENTED_EDGE('',*,*,#2157,.T.);
#2157 = EDGE_CURVE('',#2148,#2158,#2160,.T.);
#2158 = VERTEX_POINT('',#2159);
#2159 = CARTESIAN_POINT('',(289.,21.,15.));
#2160 = LINE('',#2161,#2162);
#2161 = CARTESIAN_POINT('',(287.,21.,15.));
#2162 = VECTOR('',#2163,1.);
#2163 = DIRECTION('',(1.,0.,-0.));
#2164 = ORIENTED_EDGE('',*,*,#2165,.T.);
#2165 = EDGE_CURVE('',#2158,#2166,#2168,.T.);
#2166 = VERTEX_POINT('',#2167);
#2167 = CARTESIAN_POINT('',(289.,21.,295.));
#2168 = LINE('',#2169,#2170);
#2169 = CARTESIAN_POINT('',(289.,21.,15.));
#2170 = VECTOR('',#2171,1.);
#2171 = DIRECTION('',(0.,0.,1.));
#2172 = ORIENTED_EDGE('',*,*,#2173,.F.);
#2173 = EDGE_CURVE('',#2150,#2166,#2174,.T.);
#2174 = LINE('',#2175,#2176);
#2175 = CARTESIAN_POINT('',(287.,21.,295.));
#2176 = VECTOR('',#2177,1.);
#2177 = DIRECTION('',(1.,0.,-0.));
#2178 = FACE_BOUND('',#2179,.T.);
#2179 = EDGE_LOOP('',(#2180,#2190,#2198,#2206));
#2180 = ORIENTED_EDGE('',*,*,#2181,.F.);
#2181 = EDGE_CURVE('',#2182,#2184,#2186,.T.);
#2182 = VERTEX_POINT('',#2183);
#2183 = CARTESIAN_POINT('',(291.,21.,15.));
#2184 = VERTEX_POINT('',#2185);
#2185 = CARTESIAN_POINT('',(291.,21.,295.));
#2186 = LINE('',#2187,#2188);
#2187 = CARTESIAN_POINT('',(291.,21.,15.));
#2188 = VECTOR('',#2189,1.);
#2189 = DIRECTION('',(0.,0.,1.));
#2190 = ORIENTED_EDGE('',*,*,#2191,.T.);
#2191 = EDGE_CURVE('',#2182,#2192,#2194,.T.);
#2192 = VERTEX_POINT('',#2193);
#2193 = CARTESIAN_POINT('',(293.,21.,15.));
#2194 = LINE('',#2195,#2196);
#2195 = CARTESIAN_POINT('',(291.,21.,15.));
#2196 = VECTOR('',#2197,1.);
#2197 = DIRECTION('',(1.,0.,-0.));
#2198 = ORIENTED_EDGE('',*,*,#2199,.T.);
#2199 = EDGE_CURVE('',#2192,#2200,#2202,.T.);
#2200 = VERTEX_POINT('',#2201);
#2201 = CARTESIAN_POINT('',(293.,21.,295.));
#2202 = LINE('',#2203,#2204);
#2203 = CARTESIAN_POINT('',(293.,21.,15.));
#2204 = VECTOR('',#2205,1.);
#2205 = DIRECTION('',(0.,0.,1.));
#2206 = ORIENTED_EDGE('',*,*,#2207,.F.);
#2207 = EDGE_CURVE('',#2184,#2200,#2208,.T.);
#2208 = LINE('',#2209,#2210);
#2209 = CARTESIAN_POINT('',(291.,21.,295.));
#2210 = VECTOR('',#2211,1.);
#2211 = DIRECTION('',(1.,0.,-0.));
#2212 = FACE_BOUND('',#2213,.T.);
#2213 = EDGE_LOOP('',(#2214,#2224,#2232,#2240));
#2214 = ORIENTED_EDGE('',*,*,#2215,.F.);
#2215 = EDGE_CURVE('',#2216,#2218,#2220,.T.);
#2216 = VERTEX_POINT('',#2217);
#2217 = CARTESIAN_POINT('',(295.,21.,15.));
#2218 = VERTEX_POINT('',#2219);
#2219 = CARTESIAN_POINT('',(295.,21.,295.));
#2220 = LINE('',#2221,#2222);
#2221 = CARTESIAN_POINT('',(295.,21.,15.));
#2222 = VECTOR('',#2223,1.);
#2223 = DIRECTION('',(0.,0.,1.));
#2224 = ORIENTED_EDGE('',*,*,#2225,.T.);
#2225 = EDGE_CURVE('',#2216,#2226,#2228,.T.);
#2226 = VERTEX_POINT('',#2227);
#2227 = CARTESIAN_POINT('',(297.,21.,15.));
#2228 = LINE('',#2229,#2230);
#2229 = CARTESIAN_POINT('',(295.,21.,15.));
#2230 = VECTOR('',#2231,1.);
#2231 = DIRECTION('',(1.,0.,-0.));
#2232 = ORIENTED_EDGE('',*,*,#2233,.T.);
#2233 = EDGE_CURVE('',#2226,#2234,#2236,.T.);
#2234 = VERTEX_POINT('',#2235);
#2235 = CARTESIAN_POINT('',(297.,21.,295.));
#2236 = LINE('',#2237,#2238);
#2237 = CARTESIAN_POINT('',(297.,21.,15.));
#2238 = VECTOR('',#2239,1.);
#2239 = DIRECTION('',(0.,0.,1.));
#2240 = ORIENTED_EDGE('',*,*,#2241,.F.);
#2241 = EDGE_CURVE('',#2218,#2234,#2242,.T.);
#2242 = LINE('',#2243,#2244);
#2243 = CARTESIAN_POINT('',(295.,21.,295.));
#2244 = VECTOR('',#2245,1.);
#2245 = DIRECTION('',(1.,0.,-0.));
#2246 = FACE_BOUND('',#2247,.T.);
#2247 = EDGE_LOOP('',(#2248,#2258,#2266,#2274));
#2248 = ORIENTED_EDGE('',*,*,#2249,.F.);
#2249 = EDGE_CURVE('',#2250,#2252,#2254,.T.);
#2250 = VERTEX_POINT('',#2251);
#2251 = CARTESIAN_POINT('',(299.,21.,15.));
#2252 = VERTEX_POINT('',#2253);
#2253 = CARTESIAN_POINT('',(299.,21.,295.));
#2254 = LINE('',#2255,#2256);
#2255 = CARTESIAN_POINT('',(299.,21.,15.));
#2256 = VECTOR('',#2257,1.);
#2257 = DIRECTION('',(0.,0.,1.));
#2258 = ORIENTED_EDGE('',*,*,#2259,.T.);
#2259 = EDGE_CURVE('',#2250,#2260,#2262,.T.);
#2260 = VERTEX_POINT('',#2261);
#2261 = CARTESIAN_POINT('',(301.,21.,15.));
#2262 = LINE('',#2263,#2264);
#2263 = CARTESIAN_POINT('',(299.,21.,15.));
#2264 = VECTOR('',#2265,1.);
#2265 = DIRECTION('',(1.,0.,-0.));
#2266 = ORIENTED_EDGE('',*,*,#2267,.T.);
#2267 = EDGE_CURVE('',#2260,#2268,#2270,.T.);
#2268 = VERTEX_POINT('',#2269);
#2269 = CARTESIAN_POINT('',(301.,21.,295.));
#2270 = LINE('',#2271,#2272);
#2271 = CARTESIAN_POINT('',(301.,21.,15.));
#2272 = VECTOR('',#2273,1.);
#2273 = DIRECTION('',(0.,0.,1.));
#2274 = ORIENTED_EDGE('',*,*,#2275,.F.);
#2275 = EDGE_CURVE('',#2252,#2268,#2276,.T.);
#2276 = LINE('',#2277,#2278);
#2277 = CARTESIAN_POINT('',(299.,21.,295.));
#2278 = VECTOR('',#2279,1.);
#2279 = DIRECTION('',(1.,0.,-0.));
#2280 = FACE_BOUND('',#2281,.T.);
#2281 = EDGE_LOOP('',(#2282));
#2282 = ORIENTED_EDGE('',*,*,#2283,.F.);
#2283 = EDGE_CURVE('',#2284,#2284,#2286,.T.);
#2284 = VERTEX_POINT('',#2285);
#2285 = CARTESIAN_POINT('',(229.9,21.,230.85));
#2286 = CIRCLE('',#2287,1.25);
#2287 = AXIS2_PLACEMENT_3D('',#2288,#2289,#2290);
#2288 = CARTESIAN_POINT('',(229.9,21.,229.6));
#2289 = DIRECTION('',(0.,1.,0.));
#2290 = DIRECTION('',(0.,-0.,1.));
#2291 = FACE_BOUND('',#2292,.T.);
#2292 = EDGE_LOOP('',(#2293));
#2293 = ORIENTED_EDGE('',*,*,#2294,.F.);
#2294 = EDGE_CURVE('',#2295,#2295,#2297,.T.);
#2295 = VERTEX_POINT('',#2296);
#2296 = CARTESIAN_POINT('',(229.9,21.,266.25));
#2297 = CIRCLE('',#2298,1.25);
#2298 = AXIS2_PLACEMENT_3D('',#2299,#2300,#2301);
#2299 = CARTESIAN_POINT('',(229.9,21.,265.));
#2300 = DIRECTION('',(0.,1.,0.));
#2301 = DIRECTION('',(0.,-0.,1.));
#2302 = FACE_BOUND('',#2303,.T.);
#2303 = EDGE_LOOP('',(#2304));
#2304 = ORIENTED_EDGE('',*,*,#2305,.F.);
#2305 = EDGE_CURVE('',#2306,#2306,#2308,.T.);
#2306 = VERTEX_POINT('',#2307);
#2307 = CARTESIAN_POINT('',(229.9,21.,285.65));
#2308 = CIRCLE('',#2309,1.25);
#2309 = AXIS2_PLACEMENT_3D('',#2310,#2311,#2312);
#2310 = CARTESIAN_POINT('',(229.9,21.,284.4));
#2311 = DIRECTION('',(0.,1.,0.));
#2312 = DIRECTION('',(0.,-0.,1.));
#2313 = PLANE('',#2314);
#2314 = AXIS2_PLACEMENT_3D('',#2315,#2316,#2317);
#2315 = CARTESIAN_POINT('',(5.,21.,5.));
#2316 = DIRECTION('',(-0.,1.,0.));
#2317 = DIRECTION('',(0.,0.,1.));
#2318 = ADVANCED_FACE('',(#2319),#2330,.F.);
#2319 = FACE_BOUND('',#2320,.F.);
#2320 = EDGE_LOOP('',(#2321,#2322,#2323,#2329));
#2321 = ORIENTED_EDGE('',*,*,#31,.F.);
#2322 = ORIENTED_EDGE('',*,*,#61,.T.);
#2323 = ORIENTED_EDGE('',*,*,#2324,.T.);
#2324 = EDGE_CURVE('',#62,#183,#2325,.T.);
#2325 = LINE('',#2326,#2327);
#2326 = CARTESIAN_POINT('',(305.,11.,5.));
#2327 = VECTOR('',#2328,1.);
#2328 = DIRECTION('',(-0.,1.,0.));
#2329 = ORIENTED_EDGE('',*,*,#182,.F.);
#2330 = PLANE('',#2331);
#2331 = AXIS2_PLACEMENT_3D('',#2332,#2333,#2334);
#2332 = CARTESIAN_POINT('',(5.,11.,5.));
#2333 = DIRECTION('',(0.,0.,1.));
#2334 = DIRECTION('',(1.,0.,-0.));
#2335 = ADVANCED_FACE('',(#2336),#2342,.T.);
#2336 = FACE_BOUND('',#2337,.T.);
#2337 = EDGE_LOOP('',(#2338,#2339,#2340,#2341));
#2338 = ORIENTED_EDGE('',*,*,#78,.F.);
#2339 = ORIENTED_EDGE('',*,*,#2324,.T.);
#2340 = ORIENTED_EDGE('',*,*,#192,.T.);
#2341 = ORIENTED_EDGE('',*,*,#160,.F.);
#2342 = PLANE('',#2343);
#2343 = AXIS2_PLACEMENT_3D('',#2344,#2345,#2346);
#2344 = CARTESIAN_POINT('',(305.,11.,5.));
#2345 = DIRECTION('',(1.,0.,-0.));
#2346 = DIRECTION('',(0.,0.,1.));
#2347 = ADVANCED_FACE('',(#2348),#2367,.F.);
#2348 = FACE_BOUND('',#2349,.F.);
#2349 = EDGE_LOOP('',(#2350,#2358,#2365,#2366));
#2350 = ORIENTED_EDGE('',*,*,#2351,.T.);
#2351 = EDGE_CURVE('',#87,#2352,#2354,.T.);
#2352 = VERTEX_POINT('',#2353);
#2353 = CARTESIAN_POINT('',(77.5,18.9,37.25));
#2354 = LINE('',#2355,#2356);
#2355 = CARTESIAN_POINT('',(77.5,10.9,37.25));
#2356 = VECTOR('',#2357,1.);
#2357 = DIRECTION('',(0.,1.,0.));
#2358 = ORIENTED_EDGE('',*,*,#2359,.F.);
#2359 = EDGE_CURVE('',#2352,#2352,#2360,.T.);
#2360 = CIRCLE('',#2361,1.25);
#2361 = AXIS2_PLACEMENT_3D('',#2362,#2363,#2364);
#2362 = CARTESIAN_POINT('',(77.5,18.9,36.));
#2363 = DIRECTION('',(0.,1.,0.));
#2364 = DIRECTION('',(0.,-0.,1.));
#2365 = ORIENTED_EDGE('',*,*,#2351,.F.);
#2366 = ORIENTED_EDGE('',*,*,#86,.T.);
#2367 = CYLINDRICAL_SURFACE('',#2368,1.25);
#2368 = AXIS2_PLACEMENT_3D('',#2369,#2370,#2371);
#2369 = CARTESIAN_POINT('',(77.5,10.9,36.));
#2370 = DIRECTION('',(0.,1.,0.));
#2371 = DIRECTION('',(0.,-0.,1.));
#2372 = ADVANCED_FACE('',(#2373),#2392,.F.);
#2373 = FACE_BOUND('',#2374,.F.);
#2374 = EDGE_LOOP('',(#2375,#2383,#2390,#2391));
#2375 = ORIENTED_EDGE('',*,*,#2376,.T.);
#2376 = EDGE_CURVE('',#98,#2377,#2379,.T.);
#2377 = VERTEX_POINT('',#2378);
#2378 = CARTESIAN_POINT('',(77.5,18.9,275.25));
#2379 = LINE('',#2380,#2381);
#2380 = CARTESIAN_POINT('',(77.5,10.9,275.25));
#2381 = VECTOR('',#2382,1.);
#2382 = DIRECTION('',(0.,1.,0.));
#2383 = ORIENTED_EDGE('',*,*,#2384,.F.);
#2384 = EDGE_CURVE('',#2377,#2377,#2385,.T.);
#2385 = CIRCLE('',#2386,1.25);
#2386 = AXIS2_PLACEMENT_3D('',#2387,#2388,#2389);
#2387 = CARTESIAN_POINT('',(77.5,18.9,274.));
#2388 = DIRECTION('',(0.,1.,0.));
#2389 = DIRECTION('',(0.,-0.,1.));
#2390 = ORIENTED_EDGE('',*,*,#2376,.F.);
#2391 = ORIENTED_EDGE('',*,*,#97,.T.);
#2392 = CYLINDRICAL_SURFACE('',#2393,1.25);
#2393 = AXIS2_PLACEMENT_3D('',#2394,#2395,#2396);
#2394 = CARTESIAN_POINT('',(77.5,10.9,274.));
#2395 = DIRECTION('',(0.,1.,0.));
#2396 = DIRECTION('',(0.,-0.,1.));
#2397 = ADVANCED_FACE('',(#2398),#2417,.F.);
#2398 = FACE_BOUND('',#2399,.F.);
#2399 = EDGE_LOOP('',(#2400,#2408,#2415,#2416));
#2400 = ORIENTED_EDGE('',*,*,#2401,.T.);
#2401 = EDGE_CURVE('',#109,#2402,#2404,.T.);
#2402 = VERTEX_POINT('',#2403);
#2403 = CARTESIAN_POINT('',(155.,18.9,37.25));
#2404 = LINE('',#2405,#2406);
#2405 = CARTESIAN_POINT('',(155.,10.9,37.25));
#2406 = VECTOR('',#2407,1.);
#2407 = DIRECTION('',(0.,1.,0.));
#2408 = ORIENTED_EDGE('',*,*,#2409,.F.);
#2409 = EDGE_CURVE('',#2402,#2402,#2410,.T.);
#2410 = CIRCLE('',#2411,1.25);
#2411 = AXIS2_PLACEMENT_3D('',#2412,#2413,#2414);
#2412 = CARTESIAN_POINT('',(155.,18.9,36.));
#2413 = DIRECTION('',(0.,1.,0.));
#2414 = DIRECTION('',(0.,-0.,1.));
#2415 = ORIENTED_EDGE('',*,*,#2401,.F.);
#2416 = ORIENTED_EDGE('',*,*,#108,.T.);
#2417 = CYLINDRICAL_SURFACE('',#2418,1.25);
#2418 = AXIS2_PLACEMENT_3D('',#2419,#2420,#2421);
#2419 = CARTESIAN_POINT('',(155.,10.9,36.));
#2420 = DIRECTION('',(0.,1.,0.));
#2421 = DIRECTION('',(0.,-0.,1.));
#2422 = ADVANCED_FACE('',(#2423),#2442,.F.);
#2423 = FACE_BOUND('',#2424,.F.);
#2424 = EDGE_LOOP('',(#2425,#2433,#2440,#2441));
#2425 = ORIENTED_EDGE('',*,*,#2426,.T.);
#2426 = EDGE_CURVE('',#120,#2427,#2429,.T.);
#2427 = VERTEX_POINT('',#2428);
#2428 = CARTESIAN_POINT('',(232.5,18.9,37.25));
#2429 = LINE('',#2430,#2431);
#2430 = CARTESIAN_POINT('',(232.5,10.9,37.25));
#2431 = VECTOR('',#2432,1.);
#2432 = DIRECTION('',(0.,1.,0.));
#2433 = ORIENTED_EDGE('',*,*,#2434,.F.);
#2434 = EDGE_CURVE('',#2427,#2427,#2435,.T.);
#2435 = CIRCLE('',#2436,1.25);
#2436 = AXIS2_PLACEMENT_3D('',#2437,#2438,#2439);
#2437 = CARTESIAN_POINT('',(232.5,18.9,36.));
#2438 = DIRECTION('',(0.,1.,0.));
#2439 = DIRECTION('',(0.,-0.,1.));
#2440 = ORIENTED_EDGE('',*,*,#2426,.F.);
#2441 = ORIENTED_EDGE('',*,*,#119,.T.);
#2442 = CYLINDRICAL_SURFACE('',#2443,1.25);
#2443 = AXIS2_PLACEMENT_3D('',#2444,#2445,#2446);
#2444 = CARTESIAN_POINT('',(232.5,10.9,36.));
#2445 = DIRECTION('',(0.,1.,0.));
#2446 = DIRECTION('',(0.,-0.,1.));
#2447 = ADVANCED_FACE('',(#2448),#2467,.F.);
#2448 = FACE_BOUND('',#2449,.F.);
#2449 = EDGE_LOOP('',(#2450,#2458,#2465,#2466));
#2450 = ORIENTED_EDGE('',*,*,#2451,.T.);
#2451 = EDGE_CURVE('',#131,#2452,#2454,.T.);
#2452 = VERTEX_POINT('',#2453);
#2453 = CARTESIAN_POINT('',(155.,18.9,275.25));
#2454 = LINE('',#2455,#2456);
#2455 = CARTESIAN_POINT('',(155.,10.9,275.25));
#2456 = VECTOR('',#2457,1.);
#2457 = DIRECTION('',(0.,1.,0.));
#2458 = ORIENTED_EDGE('',*,*,#2459,.F.);
#2459 = EDGE_CURVE('',#2452,#2452,#2460,.T.);
#2460 = CIRCLE('',#2461,1.25);
#2461 = AXIS2_PLACEMENT_3D('',#2462,#2463,#2464);
#2462 = CARTESIAN_POINT('',(155.,18.9,274.));
#2463 = DIRECTION('',(0.,1.,0.));
#2464 = DIRECTION('',(0.,-0.,1.));
#2465 = ORIENTED_EDGE('',*,*,#2451,.F.);
#2466 = ORIENTED_EDGE('',*,*,#130,.T.);
#2467 = CYLINDRICAL_SURFACE('',#2468,1.25);
#2468 = AXIS2_PLACEMENT_3D('',#2469,#2470,#2471);
#2469 = CARTESIAN_POINT('',(155.,10.9,274.));
#2470 = DIRECTION('',(0.,1.,0.));
#2471 = DIRECTION('',(0.,-0.,1.));
#2472 = ADVANCED_FACE('',(#2473),#2492,.F.);
#2473 = FACE_BOUND('',#2474,.F.);
#2474 = EDGE_LOOP('',(#2475,#2483,#2490,#2491));
#2475 = ORIENTED_EDGE('',*,*,#2476,.T.);
#2476 = EDGE_CURVE('',#142,#2477,#2479,.T.);
#2477 = VERTEX_POINT('',#2478);
#2478 = CARTESIAN_POINT('',(232.5,18.9,275.25));
#2479 = LINE('',#2480,#2481);
#2480 = CARTESIAN_POINT('',(232.5,10.9,275.25));
#2481 = VECTOR('',#2482,1.);
#2482 = DIRECTION('',(0.,1.,0.));
#2483 = ORIENTED_EDGE('',*,*,#2484,.F.);
#2484 = EDGE_CURVE('',#2477,#2477,#2485,.T.);
#2485 = CIRCLE('',#2486,1.25);
#2486 = AXIS2_PLACEMENT_3D('',#2487,#2488,#2489);
#2487 = CARTESIAN_POINT('',(232.5,18.9,274.));
#2488 = DIRECTION('',(0.,1.,0.));
#2489 = DIRECTION('',(0.,-0.,1.));
#2490 = ORIENTED_EDGE('',*,*,#2476,.F.);
#2491 = ORIENTED_EDGE('',*,*,#141,.T.);
#2492 = CYLINDRICAL_SURFACE('',#2493,1.25);
#2493 = AXIS2_PLACEMENT_3D('',#2494,#2495,#2496);
#2494 = CARTESIAN_POINT('',(232.5,10.9,274.));
#2495 = DIRECTION('',(0.,1.,0.));
#2496 = DIRECTION('',(0.,-0.,1.));
#2497 = ADVANCED_FACE('',(#2498),#2517,.F.);
#2498 = FACE_BOUND('',#2499,.F.);
#2499 = EDGE_LOOP('',(#2500,#2501,#2509,#2516));
#2500 = ORIENTED_EDGE('',*,*,#200,.F.);
#2501 = ORIENTED_EDGE('',*,*,#2502,.F.);
#2502 = EDGE_CURVE('',#2503,#201,#2505,.T.);
#2503 = VERTEX_POINT('',#2504);
#2504 = CARTESIAN_POINT('',(80.1,13.1,26.85));
#2505 = LINE('',#2506,#2507);
#2506 = CARTESIAN_POINT('',(80.1,13.1,26.85));
#2507 = VECTOR('',#2508,1.);
#2508 = DIRECTION('',(0.,1.,0.));
#2509 = ORIENTED_EDGE('',*,*,#2510,.T.);
#2510 = EDGE_CURVE('',#2503,#2503,#2511,.T.);
#2511 = CIRCLE('',#2512,1.25);
#2512 = AXIS2_PLACEMENT_3D('',#2513,#2514,#2515);
#2513 = CARTESIAN_POINT('',(80.1,13.1,25.6));
#2514 = DIRECTION('',(0.,1.,0.));
#2515 = DIRECTION('',(0.,-0.,1.));
#2516 = ORIENTED_EDGE('',*,*,#2502,.T.);
#2517 = CYLINDRICAL_SURFACE('',#2518,1.25);
#2518 = AXIS2_PLACEMENT_3D('',#2519,#2520,#2521);
#2519 = CARTESIAN_POINT('',(80.1,13.1,25.6));
#2520 = DIRECTION('',(0.,1.,0.));
#2521 = DIRECTION('',(0.,-0.,1.));
#2522 = ADVANCED_FACE('',(#2523),#2542,.F.);
#2523 = FACE_BOUND('',#2524,.F.);
#2524 = EDGE_LOOP('',(#2525,#2526,#2534,#2541));
#2525 = ORIENTED_EDGE('',*,*,#211,.F.);
#2526 = ORIENTED_EDGE('',*,*,#2527,.F.);
#2527 = EDGE_CURVE('',#2528,#212,#2530,.T.);
#2528 = VERTEX_POINT('',#2529);
#2529 = CARTESIAN_POINT('',(95.,13.1,26.85));
#2530 = LINE('',#2531,#2532);
#2531 = CARTESIAN_POINT('',(95.,13.1,26.85));
#2532 = VECTOR('',#2533,1.);
#2533 = DIRECTION('',(0.,1.,0.));
#2534 = ORIENTED_EDGE('',*,*,#2535,.T.);
#2535 = EDGE_CURVE('',#2528,#2528,#2536,.T.);
#2536 = CIRCLE('',#2537,1.25);
#2537 = AXIS2_PLACEMENT_3D('',#2538,#2539,#2540);
#2538 = CARTESIAN_POINT('',(95.,13.1,25.6));
#2539 = DIRECTION('',(0.,1.,0.));
#2540 = DIRECTION('',(0.,-0.,1.));
#2541 = ORIENTED_EDGE('',*,*,#2527,.T.);
#2542 = CYLINDRICAL_SURFACE('',#2543,1.25);
#2543 = AXIS2_PLACEMENT_3D('',#2544,#2545,#2546);
#2544 = CARTESIAN_POINT('',(95.,13.1,25.6));
#2545 = DIRECTION('',(0.,1.,0.));
#2546 = DIRECTION('',(0.,-0.,1.));
#2547 = ADVANCED_FACE('',(#2548),#2567,.F.);
#2548 = FACE_BOUND('',#2549,.F.);
#2549 = EDGE_LOOP('',(#2550,#2551,#2559,#2566));
#2550 = ORIENTED_EDGE('',*,*,#222,.F.);
#2551 = ORIENTED_EDGE('',*,*,#2552,.F.);
#2552 = EDGE_CURVE('',#2553,#223,#2555,.T.);
#2553 = VERTEX_POINT('',#2554);
#2554 = CARTESIAN_POINT('',(109.9,13.1,26.85));
#2555 = LINE('',#2556,#2557);
#2556 = CARTESIAN_POINT('',(109.9,13.1,26.85));
#2557 = VECTOR('',#2558,1.);
#2558 = DIRECTION('',(0.,1.,0.));
#2559 = ORIENTED_EDGE('',*,*,#2560,.T.);
#2560 = EDGE_CURVE('',#2553,#2553,#2561,.T.);
#2561 = CIRCLE('',#2562,1.25);
#2562 = AXIS2_PLACEMENT_3D('',#2563,#2564,#2565);
#2563 = CARTESIAN_POINT('',(109.9,13.1,25.6));
#2564 = DIRECTION('',(0.,1.,0.));
#2565 = DIRECTION('',(0.,-0.,1.));
#2566 = ORIENTED_EDGE('',*,*,#2552,.T.);
#2567 = CYLINDRICAL_SURFACE('',#2568,1.25);
#2568 = AXIS2_PLACEMENT_3D('',#2569,#2570,#2571);
#2569 = CARTESIAN_POINT('',(109.9,13.1,25.6));
#2570 = DIRECTION('',(0.,1.,0.));
#2571 = DIRECTION('',(0.,-0.,1.));
#2572 = ADVANCED_FACE('',(#2573),#2592,.F.);
#2573 = FACE_BOUND('',#2574,.F.);
#2574 = EDGE_LOOP('',(#2575,#2576,#2584,#2591));
#2575 = ORIENTED_EDGE('',*,*,#233,.F.);
#2576 = ORIENTED_EDGE('',*,*,#2577,.F.);
#2577 = EDGE_CURVE('',#2578,#234,#2580,.T.);
#2578 = VERTEX_POINT('',#2579);
#2579 = CARTESIAN_POINT('',(80.1,13.1,62.25));
#2580 = LINE('',#2581,#2582);
#2581 = CARTESIAN_POINT('',(80.1,13.1,62.25));
#2582 = VECTOR('',#2583,1.);
#2583 = DIRECTION('',(0.,1.,0.));
#2584 = ORIENTED_EDGE('',*,*,#2585,.T.);
#2585 = EDGE_CURVE('',#2578,#2578,#2586,.T.);
#2586 = CIRCLE('',#2587,1.25);
#2587 = AXIS2_PLACEMENT_3D('',#2588,#2589,#2590);
#2588 = CARTESIAN_POINT('',(80.1,13.1,61.));
#2589 = DIRECTION('',(0.,1.,0.));
#2590 = DIRECTION('',(0.,-0.,1.));
#2591 = ORIENTED_EDGE('',*,*,#2577,.T.);
#2592 = CYLINDRICAL_SURFACE('',#2593,1.25);
#2593 = AXIS2_PLACEMENT_3D('',#2594,#2595,#2596);
#2594 = CARTESIAN_POINT('',(80.1,13.1,61.));
#2595 = DIRECTION('',(0.,1.,0.));
#2596 = DIRECTION('',(0.,-0.,1.));
#2597 = ADVANCED_FACE('',(#2598),#2617,.F.);
#2598 = FACE_BOUND('',#2599,.F.);
#2599 = EDGE_LOOP('',(#2600,#2601,#2609,#2616));
#2600 = ORIENTED_EDGE('',*,*,#244,.F.);
#2601 = ORIENTED_EDGE('',*,*,#2602,.F.);
#2602 = EDGE_CURVE('',#2603,#245,#2605,.T.);
#2603 = VERTEX_POINT('',#2604);
#2604 = CARTESIAN_POINT('',(80.1,13.1,81.65));
#2605 = LINE('',#2606,#2607);
#2606 = CARTESIAN_POINT('',(80.1,13.1,81.65));
#2607 = VECTOR('',#2608,1.);
#2608 = DIRECTION('',(0.,1.,0.));
#2609 = ORIENTED_EDGE('',*,*,#2610,.T.);
#2610 = EDGE_CURVE('',#2603,#2603,#2611,.T.);
#2611 = CIRCLE('',#2612,1.25);
#2612 = AXIS2_PLACEMENT_3D('',#2613,#2614,#2615);
#2613 = CARTESIAN_POINT('',(80.1,13.1,80.4));
#2614 = DIRECTION('',(0.,1.,0.));
#2615 = DIRECTION('',(0.,-0.,1.));
#2616 = ORIENTED_EDGE('',*,*,#2602,.T.);
#2617 = CYLINDRICAL_SURFACE('',#2618,1.25);
#2618 = AXIS2_PLACEMENT_3D('',#2619,#2620,#2621);
#2619 = CARTESIAN_POINT('',(80.1,13.1,80.4));
#2620 = DIRECTION('',(0.,1.,0.));
#2621 = DIRECTION('',(0.,-0.,1.));
#2622 = ADVANCED_FACE('',(#2623),#2642,.F.);
#2623 = FACE_BOUND('',#2624,.F.);
#2624 = EDGE_LOOP('',(#2625,#2626,#2634,#2641));
#2625 = ORIENTED_EDGE('',*,*,#255,.F.);
#2626 = ORIENTED_EDGE('',*,*,#2627,.F.);
#2627 = EDGE_CURVE('',#2628,#256,#2630,.T.);
#2628 = VERTEX_POINT('',#2629);
#2629 = CARTESIAN_POINT('',(109.9,13.1,62.25));
#2630 = LINE('',#2631,#2632);
#2631 = CARTESIAN_POINT('',(109.9,13.1,62.25));
#2632 = VECTOR('',#2633,1.);
#2633 = DIRECTION('',(0.,1.,0.));
#2634 = ORIENTED_EDGE('',*,*,#2635,.T.);
#2635 = EDGE_CURVE('',#2628,#2628,#2636,.T.);
#2636 = CIRCLE('',#2637,1.25);
#2637 = AXIS2_PLACEMENT_3D('',#2638,#2639,#2640);
#2638 = CARTESIAN_POINT('',(109.9,13.1,61.));
#2639 = DIRECTION('',(0.,1.,0.));
#2640 = DIRECTION('',(0.,-0.,1.));
#2641 = ORIENTED_EDGE('',*,*,#2627,.T.);
#2642 = CYLINDRICAL_SURFACE('',#2643,1.25);
#2643 = AXIS2_PLACEMENT_3D('',#2644,#2645,#2646);
#2644 = CARTESIAN_POINT('',(109.9,13.1,61.));
#2645 = DIRECTION('',(0.,1.,0.));
#2646 = DIRECTION('',(0.,-0.,1.));
#2647 = ADVANCED_FACE('',(#2648),#2667,.F.);
#2648 = FACE_BOUND('',#2649,.F.);
#2649 = EDGE_LOOP('',(#2650,#2651,#2659,#2666));
#2650 = ORIENTED_EDGE('',*,*,#266,.F.);
#2651 = ORIENTED_EDGE('',*,*,#2652,.F.);
#2652 = EDGE_CURVE('',#2653,#267,#2655,.T.);
#2653 = VERTEX_POINT('',#2654);
#2654 = CARTESIAN_POINT('',(109.9,13.1,81.65));
#2655 = LINE('',#2656,#2657);
#2656 = CARTESIAN_POINT('',(109.9,13.1,81.65));
#2657 = VECTOR('',#2658,1.);
#2658 = DIRECTION('',(0.,1.,0.));
#2659 = ORIENTED_EDGE('',*,*,#2660,.T.);
#2660 = EDGE_CURVE('',#2653,#2653,#2661,.T.);
#2661 = CIRCLE('',#2662,1.25);
#2662 = AXIS2_PLACEMENT_3D('',#2663,#2664,#2665);
#2663 = CARTESIAN_POINT('',(109.9,13.1,80.4));
#2664 = DIRECTION('',(0.,1.,0.));
#2665 = DIRECTION('',(0.,-0.,1.));
#2666 = ORIENTED_EDGE('',*,*,#2652,.T.);
#2667 = CYLINDRICAL_SURFACE('',#2668,1.25);
#2668 = AXIS2_PLACEMENT_3D('',#2669,#2670,#2671);
#2669 = CARTESIAN_POINT('',(109.9,13.1,80.4));
#2670 = DIRECTION('',(0.,1.,0.));
#2671 = DIRECTION('',(0.,-0.,1.));
#2672 = ADVANCED_FACE('',(#2673),#2692,.F.);
#2673 = FACE_BOUND('',#2674,.F.);
#2674 = EDGE_LOOP('',(#2675,#2676,#2684,#2691));
#2675 = ORIENTED_EDGE('',*,*,#277,.F.);
#2676 = ORIENTED_EDGE('',*,*,#2677,.F.);
#2677 = EDGE_CURVE('',#2678,#278,#2680,.T.);
#2678 = VERTEX_POINT('',#2679);
#2679 = CARTESIAN_POINT('',(120.1,13.1,26.85));
#2680 = LINE('',#2681,#2682);
#2681 = CARTESIAN_POINT('',(120.1,13.1,26.85));
#2682 = VECTOR('',#2683,1.);
#2683 = DIRECTION('',(0.,1.,0.));
#2684 = ORIENTED_EDGE('',*,*,#2685,.T.);
#2685 = EDGE_CURVE('',#2678,#2678,#2686,.T.);
#2686 = CIRCLE('',#2687,1.25);
#2687 = AXIS2_PLACEMENT_3D('',#2688,#2689,#2690);
#2688 = CARTESIAN_POINT('',(120.1,13.1,25.6));
#2689 = DIRECTION('',(0.,1.,0.));
#2690 = DIRECTION('',(0.,-0.,1.));
#2691 = ORIENTED_EDGE('',*,*,#2677,.T.);
#2692 = CYLINDRICAL_SURFACE('',#2693,1.25);
#2693 = AXIS2_PLACEMENT_3D('',#2694,#2695,#2696);
#2694 = CARTESIAN_POINT('',(120.1,13.1,25.6));
#2695 = DIRECTION('',(0.,1.,0.));
#2696 = DIRECTION('',(0.,-0.,1.));
#2697 = ADVANCED_FACE('',(#2698),#2717,.F.);
#2698 = FACE_BOUND('',#2699,.F.);
#2699 = EDGE_LOOP('',(#2700,#2701,#2709,#2716));
#2700 = ORIENTED_EDGE('',*,*,#288,.F.);
#2701 = ORIENTED_EDGE('',*,*,#2702,.F.);
#2702 = EDGE_CURVE('',#2703,#289,#2705,.T.);
#2703 = VERTEX_POINT('',#2704);
#2704 = CARTESIAN_POINT('',(135.,13.1,26.85));
#2705 = LINE('',#2706,#2707);
#2706 = CARTESIAN_POINT('',(135.,13.1,26.85));
#2707 = VECTOR('',#2708,1.);
#2708 = DIRECTION('',(0.,1.,0.));
#2709 = ORIENTED_EDGE('',*,*,#2710,.T.);
#2710 = EDGE_CURVE('',#2703,#2703,#2711,.T.);
#2711 = CIRCLE('',#2712,1.25);
#2712 = AXIS2_PLACEMENT_3D('',#2713,#2714,#2715);
#2713 = CARTESIAN_POINT('',(135.,13.1,25.6));
#2714 = DIRECTION('',(0.,1.,0.));
#2715 = DIRECTION('',(0.,-0.,1.));
#2716 = ORIENTED_EDGE('',*,*,#2702,.T.);
#2717 = CYLINDRICAL_SURFACE('',#2718,1.25);
#2718 = AXIS2_PLACEMENT_3D('',#2719,#2720,#2721);
#2719 = CARTESIAN_POINT('',(135.,13.1,25.6));
#2720 = DIRECTION('',(0.,1.,0.));
#2721 = DIRECTION('',(0.,-0.,1.));
#2722 = ADVANCED_FACE('',(#2723),#2742,.F.);
#2723 = FACE_BOUND('',#2724,.F.);
#2724 = EDGE_LOOP('',(#2725,#2726,#2734,#2741));
#2725 = ORIENTED_EDGE('',*,*,#299,.F.);
#2726 = ORIENTED_EDGE('',*,*,#2727,.F.);
#2727 = EDGE_CURVE('',#2728,#300,#2730,.T.);
#2728 = VERTEX_POINT('',#2729);
#2729 = CARTESIAN_POINT('',(149.9,13.1,26.85));
#2730 = LINE('',#2731,#2732);
#2731 = CARTESIAN_POINT('',(149.9,13.1,26.85));
#2732 = VECTOR('',#2733,1.);
#2733 = DIRECTION('',(0.,1.,0.));
#2734 = ORIENTED_EDGE('',*,*,#2735,.T.);
#2735 = EDGE_CURVE('',#2728,#2728,#2736,.T.);
#2736 = CIRCLE('',#2737,1.25);
#2737 = AXIS2_PLACEMENT_3D('',#2738,#2739,#2740);
#2738 = CARTESIAN_POINT('',(149.9,13.1,25.6));
#2739 = DIRECTION('',(0.,1.,0.));
#2740 = DIRECTION('',(0.,-0.,1.));
#2741 = ORIENTED_EDGE('',*,*,#2727,.T.);
#2742 = CYLINDRICAL_SURFACE('',#2743,1.25);
#2743 = AXIS2_PLACEMENT_3D('',#2744,#2745,#2746);
#2744 = CARTESIAN_POINT('',(149.9,13.1,25.6));
#2745 = DIRECTION('',(0.,1.,0.));
#2746 = DIRECTION('',(0.,-0.,1.));
#2747 = ADVANCED_FACE('',(#2748),#2767,.F.);
#2748 = FACE_BOUND('',#2749,.F.);
#2749 = EDGE_LOOP('',(#2750,#2751,#2759,#2766));
#2750 = ORIENTED_EDGE('',*,*,#310,.F.);
#2751 = ORIENTED_EDGE('',*,*,#2752,.F.);
#2752 = EDGE_CURVE('',#2753,#311,#2755,.T.);
#2753 = VERTEX_POINT('',#2754);
#2754 = CARTESIAN_POINT('',(120.1,13.1,62.25));
#2755 = LINE('',#2756,#2757);
#2756 = CARTESIAN_POINT('',(120.1,13.1,62.25));
#2757 = VECTOR('',#2758,1.);
#2758 = DIRECTION('',(0.,1.,0.));
#2759 = ORIENTED_EDGE('',*,*,#2760,.T.);
#2760 = EDGE_CURVE('',#2753,#2753,#2761,.T.);
#2761 = CIRCLE('',#2762,1.25);
#2762 = AXIS2_PLACEMENT_3D('',#2763,#2764,#2765);
#2763 = CARTESIAN_POINT('',(120.1,13.1,61.));
#2764 = DIRECTION('',(0.,1.,0.));
#2765 = DIRECTION('',(0.,-0.,1.));
#2766 = ORIENTED_EDGE('',*,*,#2752,.T.);
#2767 = CYLINDRICAL_SURFACE('',#2768,1.25);
#2768 = AXIS2_PLACEMENT_3D('',#2769,#2770,#2771);
#2769 = CARTESIAN_POINT('',(120.1,13.1,61.));
#2770 = DIRECTION('',(0.,1.,0.));
#2771 = DIRECTION('',(0.,-0.,1.));
#2772 = ADVANCED_FACE('',(#2773),#2792,.F.);
#2773 = FACE_BOUND('',#2774,.F.);
#2774 = EDGE_LOOP('',(#2775,#2776,#2784,#2791));
#2775 = ORIENTED_EDGE('',*,*,#321,.F.);
#2776 = ORIENTED_EDGE('',*,*,#2777,.F.);
#2777 = EDGE_CURVE('',#2778,#322,#2780,.T.);
#2778 = VERTEX_POINT('',#2779);
#2779 = CARTESIAN_POINT('',(120.1,13.1,81.65));
#2780 = LINE('',#2781,#2782);
#2781 = CARTESIAN_POINT('',(120.1,13.1,81.65));
#2782 = VECTOR('',#2783,1.);
#2783 = DIRECTION('',(0.,1.,0.));
#2784 = ORIENTED_EDGE('',*,*,#2785,.T.);
#2785 = EDGE_CURVE('',#2778,#2778,#2786,.T.);
#2786 = CIRCLE('',#2787,1.25);
#2787 = AXIS2_PLACEMENT_3D('',#2788,#2789,#2790);
#2788 = CARTESIAN_POINT('',(120.1,13.1,80.4));
#2789 = DIRECTION('',(0.,1.,0.));
#2790 = DIRECTION('',(0.,-0.,1.));
#2791 = ORIENTED_EDGE('',*,*,#2777,.T.);
#2792 = CYLINDRICAL_SURFACE('',#2793,1.25);
#2793 = AXIS2_PLACEMENT_3D('',#2794,#2795,#2796);
#2794 = CARTESIAN_POINT('',(120.1,13.1,80.4));
#2795 = DIRECTION('',(0.,1.,0.));
#2796 = DIRECTION('',(0.,-0.,1.));
#2797 = ADVANCED_FACE('',(#2798),#2817,.F.);
#2798 = FACE_BOUND('',#2799,.F.);
#2799 = EDGE_LOOP('',(#2800,#2801,#2809,#2816));
#2800 = ORIENTED_EDGE('',*,*,#332,.F.);
#2801 = ORIENTED_EDGE('',*,*,#2802,.F.);
#2802 = EDGE_CURVE('',#2803,#333,#2805,.T.);
#2803 = VERTEX_POINT('',#2804);
#2804 = CARTESIAN_POINT('',(149.9,13.1,62.25));
#2805 = LINE('',#2806,#2807);
#2806 = CARTESIAN_POINT('',(149.9,13.1,62.25));
#2807 = VECTOR('',#2808,1.);
#2808 = DIRECTION('',(0.,1.,0.));
#2809 = ORIENTED_EDGE('',*,*,#2810,.T.);
#2810 = EDGE_CURVE('',#2803,#2803,#2811,.T.);
#2811 = CIRCLE('',#2812,1.25);
#2812 = AXIS2_PLACEMENT_3D('',#2813,#2814,#2815);
#2813 = CARTESIAN_POINT('',(149.9,13.1,61.));
#2814 = DIRECTION('',(0.,1.,0.));
#2815 = DIRECTION('',(0.,-0.,1.));
#2816 = ORIENTED_EDGE('',*,*,#2802,.T.);
#2817 = CYLINDRICAL_SURFACE('',#2818,1.25);
#2818 = AXIS2_PLACEMENT_3D('',#2819,#2820,#2821);
#2819 = CARTESIAN_POINT('',(149.9,13.1,61.));
#2820 = DIRECTION('',(0.,1.,0.));
#2821 = DIRECTION('',(0.,-0.,1.));
#2822 = ADVANCED_FACE('',(#2823),#2842,.F.);
#2823 = FACE_BOUND('',#2824,.F.);
#2824 = EDGE_LOOP('',(#2825,#2826,#2834,#2841));
#2825 = ORIENTED_EDGE('',*,*,#343,.F.);
#2826 = ORIENTED_EDGE('',*,*,#2827,.F.);
#2827 = EDGE_CURVE('',#2828,#344,#2830,.T.);
#2828 = VERTEX_POINT('',#2829);
#2829 = CARTESIAN_POINT('',(149.9,13.1,81.65));
#2830 = LINE('',#2831,#2832);
#2831 = CARTESIAN_POINT('',(149.9,13.1,81.65));
#2832 = VECTOR('',#2833,1.);
#2833 = DIRECTION('',(0.,1.,0.));
#2834 = ORIENTED_EDGE('',*,*,#2835,.T.);
#2835 = EDGE_CURVE('',#2828,#2828,#2836,.T.);
#2836 = CIRCLE('',#2837,1.25);
#2837 = AXIS2_PLACEMENT_3D('',#2838,#2839,#2840);
#2838 = CARTESIAN_POINT('',(149.9,13.1,80.4));
#2839 = DIRECTION('',(0.,1.,0.));
#2840 = DIRECTION('',(0.,-0.,1.));
#2841 = ORIENTED_EDGE('',*,*,#2827,.T.);
#2842 = CYLINDRICAL_SURFACE('',#2843,1.25);
#2843 = AXIS2_PLACEMENT_3D('',#2844,#2845,#2846);
#2844 = CARTESIAN_POINT('',(149.9,13.1,80.4));
#2845 = DIRECTION('',(0.,1.,0.));
#2846 = DIRECTION('',(0.,-0.,1.));
#2847 = ADVANCED_FACE('',(#2848),#2867,.F.);
#2848 = FACE_BOUND('',#2849,.F.);
#2849 = EDGE_LOOP('',(#2850,#2851,#2859,#2866));
#2850 = ORIENTED_EDGE('',*,*,#354,.F.);
#2851 = ORIENTED_EDGE('',*,*,#2852,.F.);
#2852 = EDGE_CURVE('',#2853,#355,#2855,.T.);
#2853 = VERTEX_POINT('',#2854);
#2854 = CARTESIAN_POINT('',(80.1,13.1,94.85));
#2855 = LINE('',#2856,#2857);
#2856 = CARTESIAN_POINT('',(80.1,13.1,94.85));
#2857 = VECTOR('',#2858,1.);
#2858 = DIRECTION('',(0.,1.,0.));
#2859 = ORIENTED_EDGE('',*,*,#2860,.T.);
#2860 = EDGE_CURVE('',#2853,#2853,#2861,.T.);
#2861 = CIRCLE('',#2862,1.25);
#2862 = AXIS2_PLACEMENT_3D('',#2863,#2864,#2865);
#2863 = CARTESIAN_POINT('',(80.1,13.1,93.6));
#2864 = DIRECTION('',(0.,1.,0.));
#2865 = DIRECTION('',(0.,-0.,1.));
#2866 = ORIENTED_EDGE('',*,*,#2852,.T.);
#2867 = CYLINDRICAL_SURFACE('',#2868,1.25);
#2868 = AXIS2_PLACEMENT_3D('',#2869,#2870,#2871);
#2869 = CARTESIAN_POINT('',(80.1,13.1,93.6));
#2870 = DIRECTION('',(0.,1.,0.));
#2871 = DIRECTION('',(0.,-0.,1.));
#2872 = ADVANCED_FACE('',(#2873),#2892,.F.);
#2873 = FACE_BOUND('',#2874,.F.);
#2874 = EDGE_LOOP('',(#2875,#2876,#2884,#2891));
#2875 = ORIENTED_EDGE('',*,*,#365,.F.);
#2876 = ORIENTED_EDGE('',*,*,#2877,.F.);
#2877 = EDGE_CURVE('',#2878,#366,#2880,.T.);
#2878 = VERTEX_POINT('',#2879);
#2879 = CARTESIAN_POINT('',(95.,13.1,94.85));
#2880 = LINE('',#2881,#2882);
#2881 = CARTESIAN_POINT('',(95.,13.1,94.85));
#2882 = VECTOR('',#2883,1.);
#2883 = DIRECTION('',(0.,1.,0.));
#2884 = ORIENTED_EDGE('',*,*,#2885,.T.);
#2885 = EDGE_CURVE('',#2878,#2878,#2886,.T.);
#2886 = CIRCLE('',#2887,1.25);
#2887 = AXIS2_PLACEMENT_3D('',#2888,#2889,#2890);
#2888 = CARTESIAN_POINT('',(95.,13.1,93.6));
#2889 = DIRECTION('',(0.,1.,0.));
#2890 = DIRECTION('',(0.,-0.,1.));
#2891 = ORIENTED_EDGE('',*,*,#2877,.T.);
#2892 = CYLINDRICAL_SURFACE('',#2893,1.25);
#2893 = AXIS2_PLACEMENT_3D('',#2894,#2895,#2896);
#2894 = CARTESIAN_POINT('',(95.,13.1,93.6));
#2895 = DIRECTION('',(0.,1.,0.));
#2896 = DIRECTION('',(0.,-0.,1.));
#2897 = ADVANCED_FACE('',(#2898),#2917,.F.);
#2898 = FACE_BOUND('',#2899,.F.);
#2899 = EDGE_LOOP('',(#2900,#2901,#2909,#2916));
#2900 = ORIENTED_EDGE('',*,*,#376,.F.);
#2901 = ORIENTED_EDGE('',*,*,#2902,.F.);
#2902 = EDGE_CURVE('',#2903,#377,#2905,.T.);
#2903 = VERTEX_POINT('',#2904);
#2904 = CARTESIAN_POINT('',(109.9,13.1,94.85));
#2905 = LINE('',#2906,#2907);
#2906 = CARTESIAN_POINT('',(109.9,13.1,94.85));
#2907 = VECTOR('',#2908,1.);
#2908 = DIRECTION('',(0.,1.,0.));
#2909 = ORIENTED_EDGE('',*,*,#2910,.T.);
#2910 = EDGE_CURVE('',#2903,#2903,#2911,.T.);
#2911 = CIRCLE('',#2912,1.25);
#2912 = AXIS2_PLACEMENT_3D('',#2913,#2914,#2915);
#2913 = CARTESIAN_POINT('',(109.9,13.1,93.6));
#2914 = DIRECTION('',(0.,1.,0.));
#2915 = DIRECTION('',(0.,-0.,1.));
#2916 = ORIENTED_EDGE('',*,*,#2902,.T.);
#2917 = CYLINDRICAL_SURFACE('',#2918,1.25);
#2918 = AXIS2_PLACEMENT_3D('',#2919,#2920,#2921);
#2919 = CARTESIAN_POINT('',(109.9,13.1,93.6));
#2920 = DIRECTION('',(0.,1.,0.));
#2921 = DIRECTION('',(0.,-0.,1.));
#2922 = ADVANCED_FACE('',(#2923),#2942,.F.);
#2923 = FACE_BOUND('',#2924,.F.);
#2924 = EDGE_LOOP('',(#2925,#2926,#2934,#2941));
#2925 = ORIENTED_EDGE('',*,*,#387,.F.);
#2926 = ORIENTED_EDGE('',*,*,#2927,.F.);
#2927 = EDGE_CURVE('',#2928,#388,#2930,.T.);
#2928 = VERTEX_POINT('',#2929);
#2929 = CARTESIAN_POINT('',(80.1,13.1,130.25));
#2930 = LINE('',#2931,#2932);
#2931 = CARTESIAN_POINT('',(80.1,13.1,130.25));
#2932 = VECTOR('',#2933,1.);
#2933 = DIRECTION('',(0.,1.,0.));
#2934 = ORIENTED_EDGE('',*,*,#2935,.T.);
#2935 = EDGE_CURVE('',#2928,#2928,#2936,.T.);
#2936 = CIRCLE('',#2937,1.25);
#2937 = AXIS2_PLACEMENT_3D('',#2938,#2939,#2940);
#2938 = CARTESIAN_POINT('',(80.1,13.1,129.));
#2939 = DIRECTION('',(0.,1.,0.));
#2940 = DIRECTION('',(0.,-0.,1.));
#2941 = ORIENTED_EDGE('',*,*,#2927,.T.);
#2942 = CYLINDRICAL_SURFACE('',#2943,1.25);
#2943 = AXIS2_PLACEMENT_3D('',#2944,#2945,#2946);
#2944 = CARTESIAN_POINT('',(80.1,13.1,129.));
#2945 = DIRECTION('',(0.,1.,0.));
#2946 = DIRECTION('',(0.,-0.,1.));
#2947 = ADVANCED_FACE('',(#2948),#2967,.F.);
#2948 = FACE_BOUND('',#2949,.F.);
#2949 = EDGE_LOOP('',(#2950,#2951,#2959,#2966));
#2950 = ORIENTED_EDGE('',*,*,#398,.F.);
#2951 = ORIENTED_EDGE('',*,*,#2952,.F.);
#2952 = EDGE_CURVE('',#2953,#399,#2955,.T.);
#2953 = VERTEX_POINT('',#2954);
#2954 = CARTESIAN_POINT('',(80.1,13.1,149.65));
#2955 = LINE('',#2956,#2957);
#2956 = CARTESIAN_POINT('',(80.1,13.1,149.65));
#2957 = VECTOR('',#2958,1.);
#2958 = DIRECTION('',(0.,1.,0.));
#2959 = ORIENTED_EDGE('',*,*,#2960,.T.);
#2960 = EDGE_CURVE('',#2953,#2953,#2961,.T.);
#2961 = CIRCLE('',#2962,1.25);
#2962 = AXIS2_PLACEMENT_3D('',#2963,#2964,#2965);
#2963 = CARTESIAN_POINT('',(80.1,13.1,148.4));
#2964 = DIRECTION('',(0.,1.,0.));
#2965 = DIRECTION('',(0.,-0.,1.));
#2966 = ORIENTED_EDGE('',*,*,#2952,.T.);
#2967 = CYLINDRICAL_SURFACE('',#2968,1.25);
#2968 = AXIS2_PLACEMENT_3D('',#2969,#2970,#2971);
#2969 = CARTESIAN_POINT('',(80.1,13.1,148.4));
#2970 = DIRECTION('',(0.,1.,0.));
#2971 = DIRECTION('',(0.,-0.,1.));
#2972 = ADVANCED_FACE('',(#2973),#2992,.F.);
#2973 = FACE_BOUND('',#2974,.F.);
#2974 = EDGE_LOOP('',(#2975,#2976,#2984,#2991));
#2975 = ORIENTED_EDGE('',*,*,#409,.F.);
#2976 = ORIENTED_EDGE('',*,*,#2977,.F.);
#2977 = EDGE_CURVE('',#2978,#410,#2980,.T.);
#2978 = VERTEX_POINT('',#2979);
#2979 = CARTESIAN_POINT('',(109.9,13.1,130.25));
#2980 = LINE('',#2981,#2982);
#2981 = CARTESIAN_POINT('',(109.9,13.1,130.25));
#2982 = VECTOR('',#2983,1.);
#2983 = DIRECTION('',(0.,1.,0.));
#2984 = ORIENTED_EDGE('',*,*,#2985,.T.);
#2985 = EDGE_CURVE('',#2978,#2978,#2986,.T.);
#2986 = CIRCLE('',#2987,1.25);
#2987 = AXIS2_PLACEMENT_3D('',#2988,#2989,#2990);
#2988 = CARTESIAN_POINT('',(109.9,13.1,129.));
#2989 = DIRECTION('',(0.,1.,0.));
#2990 = DIRECTION('',(0.,-0.,1.));
#2991 = ORIENTED_EDGE('',*,*,#2977,.T.);
#2992 = CYLINDRICAL_SURFACE('',#2993,1.25);
#2993 = AXIS2_PLACEMENT_3D('',#2994,#2995,#2996);
#2994 = CARTESIAN_POINT('',(109.9,13.1,129.));
#2995 = DIRECTION('',(0.,1.,0.));
#2996 = DIRECTION('',(0.,-0.,1.));
#2997 = ADVANCED_FACE('',(#2998),#3017,.F.);
#2998 = FACE_BOUND('',#2999,.F.);
#2999 = EDGE_LOOP('',(#3000,#3001,#3009,#3016));
#3000 = ORIENTED_EDGE('',*,*,#420,.F.);
#3001 = ORIENTED_EDGE('',*,*,#3002,.F.);
#3002 = EDGE_CURVE('',#3003,#421,#3005,.T.);
#3003 = VERTEX_POINT('',#3004);
#3004 = CARTESIAN_POINT('',(109.9,13.1,149.65));
#3005 = LINE('',#3006,#3007);
#3006 = CARTESIAN_POINT('',(109.9,13.1,149.65));
#3007 = VECTOR('',#3008,1.);
#3008 = DIRECTION('',(0.,1.,0.));
#3009 = ORIENTED_EDGE('',*,*,#3010,.T.);
#3010 = EDGE_CURVE('',#3003,#3003,#3011,.T.);
#3011 = CIRCLE('',#3012,1.25);
#3012 = AXIS2_PLACEMENT_3D('',#3013,#3014,#3015);
#3013 = CARTESIAN_POINT('',(109.9,13.1,148.4));
#3014 = DIRECTION('',(0.,1.,0.));
#3015 = DIRECTION('',(0.,-0.,1.));
#3016 = ORIENTED_EDGE('',*,*,#3002,.T.);
#3017 = CYLINDRICAL_SURFACE('',#3018,1.25);
#3018 = AXIS2_PLACEMENT_3D('',#3019,#3020,#3021);
#3019 = CARTESIAN_POINT('',(109.9,13.1,148.4));
#3020 = DIRECTION('',(0.,1.,0.));
#3021 = DIRECTION('',(0.,-0.,1.));
#3022 = ADVANCED_FACE('',(#3023),#3042,.F.);
#3023 = FACE_BOUND('',#3024,.F.);
#3024 = EDGE_LOOP('',(#3025,#3026,#3034,#3041));
#3025 = ORIENTED_EDGE('',*,*,#431,.F.);
#3026 = ORIENTED_EDGE('',*,*,#3027,.F.);
#3027 = EDGE_CURVE('',#3028,#432,#3030,.T.);
#3028 = VERTEX_POINT('',#3029);
#3029 = CARTESIAN_POINT('',(120.1,13.1,94.85));
#3030 = LINE('',#3031,#3032);
#3031 = CARTESIAN_POINT('',(120.1,13.1,94.85));
#3032 = VECTOR('',#3033,1.);
#3033 = DIRECTION('',(0.,1.,0.));
#3034 = ORIENTED_EDGE('',*,*,#3035,.T.);
#3035 = EDGE_CURVE('',#3028,#3028,#3036,.T.);
#3036 = CIRCLE('',#3037,1.25);
#3037 = AXIS2_PLACEMENT_3D('',#3038,#3039,#3040);
#3038 = CARTESIAN_POINT('',(120.1,13.1,93.6));
#3039 = DIRECTION('',(0.,1.,0.));
#3040 = DIRECTION('',(0.,-0.,1.));
#3041 = ORIENTED_EDGE('',*,*,#3027,.T.);
#3042 = CYLINDRICAL_SURFACE('',#3043,1.25);
#3043 = AXIS2_PLACEMENT_3D('',#3044,#3045,#3046);
#3044 = CARTESIAN_POINT('',(120.1,13.1,93.6));
#3045 = DIRECTION('',(0.,1.,0.));
#3046 = DIRECTION('',(0.,-0.,1.));
#3047 = ADVANCED_FACE('',(#3048),#3067,.F.);
#3048 = FACE_BOUND('',#3049,.F.);
#3049 = EDGE_LOOP('',(#3050,#3051,#3059,#3066));
#3050 = ORIENTED_EDGE('',*,*,#442,.F.);
#3051 = ORIENTED_EDGE('',*,*,#3052,.F.);
#3052 = EDGE_CURVE('',#3053,#443,#3055,.T.);
#3053 = VERTEX_POINT('',#3054);
#3054 = CARTESIAN_POINT('',(135.,13.1,94.85));
#3055 = LINE('',#3056,#3057);
#3056 = CARTESIAN_POINT('',(135.,13.1,94.85));
#3057 = VECTOR('',#3058,1.);
#3058 = DIRECTION('',(0.,1.,0.));
#3059 = ORIENTED_EDGE('',*,*,#3060,.T.);
#3060 = EDGE_CURVE('',#3053,#3053,#3061,.T.);
#3061 = CIRCLE('',#3062,1.25);
#3062 = AXIS2_PLACEMENT_3D('',#3063,#3064,#3065);
#3063 = CARTESIAN_POINT('',(135.,13.1,93.6));
#3064 = DIRECTION('',(0.,1.,0.));
#3065 = DIRECTION('',(0.,-0.,1.));
#3066 = ORIENTED_EDGE('',*,*,#3052,.T.);
#3067 = CYLINDRICAL_SURFACE('',#3068,1.25);
#3068 = AXIS2_PLACEMENT_3D('',#3069,#3070,#3071);
#3069 = CARTESIAN_POINT('',(135.,13.1,93.6));
#3070 = DIRECTION('',(0.,1.,0.));
#3071 = DIRECTION('',(0.,-0.,1.));
#3072 = ADVANCED_FACE('',(#3073),#3092,.F.);
#3073 = FACE_BOUND('',#3074,.F.);
#3074 = EDGE_LOOP('',(#3075,#3076,#3084,#3091));
#3075 = ORIENTED_EDGE('',*,*,#453,.F.);
#3076 = ORIENTED_EDGE('',*,*,#3077,.F.);
#3077 = EDGE_CURVE('',#3078,#454,#3080,.T.);
#3078 = VERTEX_POINT('',#3079);
#3079 = CARTESIAN_POINT('',(149.9,13.1,94.85));
#3080 = LINE('',#3081,#3082);
#3081 = CARTESIAN_POINT('',(149.9,13.1,94.85));
#3082 = VECTOR('',#3083,1.);
#3083 = DIRECTION('',(0.,1.,0.));
#3084 = ORIENTED_EDGE('',*,*,#3085,.T.);
#3085 = EDGE_CURVE('',#3078,#3078,#3086,.T.);
#3086 = CIRCLE('',#3087,1.25);
#3087 = AXIS2_PLACEMENT_3D('',#3088,#3089,#3090);
#3088 = CARTESIAN_POINT('',(149.9,13.1,93.6));
#3089 = DIRECTION('',(0.,1.,0.));
#3090 = DIRECTION('',(0.,-0.,1.));
#3091 = ORIENTED_EDGE('',*,*,#3077,.T.);
#3092 = CYLINDRICAL_SURFACE('',#3093,1.25);
#3093 = AXIS2_PLACEMENT_3D('',#3094,#3095,#3096);
#3094 = CARTESIAN_POINT('',(149.9,13.1,93.6));
#3095 = DIRECTION('',(0.,1.,0.));
#3096 = DIRECTION('',(0.,-0.,1.));
#3097 = ADVANCED_FACE('',(#3098),#3117,.F.);
#3098 = FACE_BOUND('',#3099,.F.);
#3099 = EDGE_LOOP('',(#3100,#3101,#3109,#3116));
#3100 = ORIENTED_EDGE('',*,*,#464,.F.);
#3101 = ORIENTED_EDGE('',*,*,#3102,.F.);
#3102 = EDGE_CURVE('',#3103,#465,#3105,.T.);
#3103 = VERTEX_POINT('',#3104);
#3104 = CARTESIAN_POINT('',(120.1,13.1,130.25));
#3105 = LINE('',#3106,#3107);
#3106 = CARTESIAN_POINT('',(120.1,13.1,130.25));
#3107 = VECTOR('',#3108,1.);
#3108 = DIRECTION('',(0.,1.,0.));
#3109 = ORIENTED_EDGE('',*,*,#3110,.T.);
#3110 = EDGE_CURVE('',#3103,#3103,#3111,.T.);
#3111 = CIRCLE('',#3112,1.25);
#3112 = AXIS2_PLACEMENT_3D('',#3113,#3114,#3115);
#3113 = CARTESIAN_POINT('',(120.1,13.1,129.));
#3114 = DIRECTION('',(0.,1.,0.));
#3115 = DIRECTION('',(0.,-0.,1.));
#3116 = ORIENTED_EDGE('',*,*,#3102,.T.);
#3117 = CYLINDRICAL_SURFACE('',#3118,1.25);
#3118 = AXIS2_PLACEMENT_3D('',#3119,#3120,#3121);
#3119 = CARTESIAN_POINT('',(120.1,13.1,129.));
#3120 = DIRECTION('',(0.,1.,0.));
#3121 = DIRECTION('',(0.,-0.,1.));
#3122 = ADVANCED_FACE('',(#3123),#3142,.F.);
#3123 = FACE_BOUND('',#3124,.F.);
#3124 = EDGE_LOOP('',(#3125,#3126,#3134,#3141));
#3125 = ORIENTED_EDGE('',*,*,#475,.F.);
#3126 = ORIENTED_EDGE('',*,*,#3127,.F.);
#3127 = EDGE_CURVE('',#3128,#476,#3130,.T.);
#3128 = VERTEX_POINT('',#3129);
#3129 = CARTESIAN_POINT('',(120.1,13.1,149.65));
#3130 = LINE('',#3131,#3132);
#3131 = CARTESIAN_POINT('',(120.1,13.1,149.65));
#3132 = VECTOR('',#3133,1.);
#3133 = DIRECTION('',(0.,1.,0.));
#3134 = ORIENTED_EDGE('',*,*,#3135,.T.);
#3135 = EDGE_CURVE('',#3128,#3128,#3136,.T.);
#3136 = CIRCLE('',#3137,1.25);
#3137 = AXIS2_PLACEMENT_3D('',#3138,#3139,#3140);
#3138 = CARTESIAN_POINT('',(120.1,13.1,148.4));
#3139 = DIRECTION('',(0.,1.,0.));
#3140 = DIRECTION('',(0.,-0.,1.));
#3141 = ORIENTED_EDGE('',*,*,#3127,.T.);
#3142 = CYLINDRICAL_SURFACE('',#3143,1.25);
#3143 = AXIS2_PLACEMENT_3D('',#3144,#3145,#3146);
#3144 = CARTESIAN_POINT('',(120.1,13.1,148.4));
#3145 = DIRECTION('',(0.,1.,0.));
#3146 = DIRECTION('',(0.,-0.,1.));
#3147 = ADVANCED_FACE('',(#3148),#3167,.F.);
#3148 = FACE_BOUND('',#3149,.F.);
#3149 = EDGE_LOOP('',(#3150,#3151,#3159,#3166));
#3150 = ORIENTED_EDGE('',*,*,#486,.F.);
#3151 = ORIENTED_EDGE('',*,*,#3152,.F.);
#3152 = EDGE_CURVE('',#3153,#487,#3155,.T.);
#3153 = VERTEX_POINT('',#3154);
#3154 = CARTESIAN_POINT('',(149.9,13.1,130.25));
#3155 = LINE('',#3156,#3157);
#3156 = CARTESIAN_POINT('',(149.9,13.1,130.25));
#3157 = VECTOR('',#3158,1.);
#3158 = DIRECTION('',(0.,1.,0.));
#3159 = ORIENTED_EDGE('',*,*,#3160,.T.);
#3160 = EDGE_CURVE('',#3153,#3153,#3161,.T.);
#3161 = CIRCLE('',#3162,1.25);
#3162 = AXIS2_PLACEMENT_3D('',#3163,#3164,#3165);
#3163 = CARTESIAN_POINT('',(149.9,13.1,129.));
#3164 = DIRECTION('',(0.,1.,0.));
#3165 = DIRECTION('',(0.,-0.,1.));
#3166 = ORIENTED_EDGE('',*,*,#3152,.T.);
#3167 = CYLINDRICAL_SURFACE('',#3168,1.25);
#3168 = AXIS2_PLACEMENT_3D('',#3169,#3170,#3171);
#3169 = CARTESIAN_POINT('',(149.9,13.1,129.));
#3170 = DIRECTION('',(0.,1.,0.));
#3171 = DIRECTION('',(0.,-0.,1.));
#3172 = ADVANCED_FACE('',(#3173),#3192,.F.);
#3173 = FACE_BOUND('',#3174,.F.);
#3174 = EDGE_LOOP('',(#3175,#3176,#3184,#3191));
#3175 = ORIENTED_EDGE('',*,*,#497,.F.);
#3176 = ORIENTED_EDGE('',*,*,#3177,.F.);
#3177 = EDGE_CURVE('',#3178,#498,#3180,.T.);
#3178 = VERTEX_POINT('',#3179);
#3179 = CARTESIAN_POINT('',(149.9,13.1,149.65));
#3180 = LINE('',#3181,#3182);
#3181 = CARTESIAN_POINT('',(149.9,13.1,149.65));
#3182 = VECTOR('',#3183,1.);
#3183 = DIRECTION('',(0.,1.,0.));
#3184 = ORIENTED_EDGE('',*,*,#3185,.T.);
#3185 = EDGE_CURVE('',#3178,#3178,#3186,.T.);
#3186 = CIRCLE('',#3187,1.25);
#3187 = AXIS2_PLACEMENT_3D('',#3188,#3189,#3190);
#3188 = CARTESIAN_POINT('',(149.9,13.1,148.4));
#3189 = DIRECTION('',(0.,1.,0.));
#3190 = DIRECTION('',(0.,-0.,1.));
#3191 = ORIENTED_EDGE('',*,*,#3177,.T.);
#3192 = CYLINDRICAL_SURFACE('',#3193,1.25);
#3193 = AXIS2_PLACEMENT_3D('',#3194,#3195,#3196);
#3194 = CARTESIAN_POINT('',(149.9,13.1,148.4));
#3195 = DIRECTION('',(0.,1.,0.));
#3196 = DIRECTION('',(0.,-0.,1.));
#3197 = ADVANCED_FACE('',(#3198),#3223,.F.);
#3198 = FACE_BOUND('',#3199,.F.);
#3199 = EDGE_LOOP('',(#3200,#3201,#3209,#3217));
#3200 = ORIENTED_EDGE('',*,*,#508,.F.);
#3201 = ORIENTED_EDGE('',*,*,#3202,.T.);
#3202 = EDGE_CURVE('',#509,#3203,#3205,.T.);
#3203 = VERTEX_POINT('',#3204);
#3204 = CARTESIAN_POINT('',(6.,46.,15.));
#3205 = LINE('',#3206,#3207);
#3206 = CARTESIAN_POINT('',(6.,21.,15.));
#3207 = VECTOR('',#3208,1.);
#3208 = DIRECTION('',(-0.,1.,0.));
#3209 = ORIENTED_EDGE('',*,*,#3210,.T.);
#3210 = EDGE_CURVE('',#3203,#3211,#3213,.T.);
#3211 = VERTEX_POINT('',#3212);
#3212 = CARTESIAN_POINT('',(6.,46.,295.));
#3213 = LINE('',#3214,#3215);
#3214 = CARTESIAN_POINT('',(6.,46.,15.));
#3215 = VECTOR('',#3216,1.);
#3216 = DIRECTION('',(0.,0.,1.));
#3217 = ORIENTED_EDGE('',*,*,#3218,.F.);
#3218 = EDGE_CURVE('',#511,#3211,#3219,.T.);
#3219 = LINE('',#3220,#3221);
#3220 = CARTESIAN_POINT('',(6.,21.,295.));
#3221 = VECTOR('',#3222,1.);
#3222 = DIRECTION('',(-0.,1.,0.));
#3223 = PLANE('',#3224);
#3224 = AXIS2_PLACEMENT_3D('',#3225,#3226,#3227);
#3225 = CARTESIAN_POINT('',(6.,21.,15.));
#3226 = DIRECTION('',(1.,0.,-0.));
#3227 = DIRECTION('',(0.,0.,1.));
#3228 = ADVANCED_FACE('',(#3229),#3247,.F.);
#3229 = FACE_BOUND('',#3230,.F.);
#3230 = EDGE_LOOP('',(#3231,#3232,#3233,#3241));
#3231 = ORIENTED_EDGE('',*,*,#3202,.F.);
#3232 = ORIENTED_EDGE('',*,*,#518,.T.);
#3233 = ORIENTED_EDGE('',*,*,#3234,.T.);
#3234 = EDGE_CURVE('',#519,#3235,#3237,.T.);
#3235 = VERTEX_POINT('',#3236);
#3236 = CARTESIAN_POINT('',(8.,46.,15.));
#3237 = LINE('',#3238,#3239);
#3238 = CARTESIAN_POINT('',(8.,21.,15.));
#3239 = VECTOR('',#3240,1.);
#3240 = DIRECTION('',(-0.,1.,0.));
#3241 = ORIENTED_EDGE('',*,*,#3242,.F.);
#3242 = EDGE_CURVE('',#3203,#3235,#3243,.T.);
#3243 = LINE('',#3244,#3245);
#3244 = CARTESIAN_POINT('',(6.,46.,15.));
#3245 = VECTOR('',#3246,1.);
#3246 = DIRECTION('',(1.,0.,-0.));
#3247 = PLANE('',#3248);
#3248 = AXIS2_PLACEMENT_3D('',#3249,#3250,#3251);
#3249 = CARTESIAN_POINT('',(6.,21.,15.));
#3250 = DIRECTION('',(0.,0.,1.));
#3251 = DIRECTION('',(1.,0.,-0.));
#3252 = ADVANCED_FACE('',(#3253),#3271,.T.);
#3253 = FACE_BOUND('',#3254,.T.);
#3254 = EDGE_LOOP('',(#3255,#3256,#3257,#3265));
#3255 = ORIENTED_EDGE('',*,*,#3218,.F.);
#3256 = ORIENTED_EDGE('',*,*,#534,.T.);
#3257 = ORIENTED_EDGE('',*,*,#3258,.T.);
#3258 = EDGE_CURVE('',#527,#3259,#3261,.T.);
#3259 = VERTEX_POINT('',#3260);
#3260 = CARTESIAN_POINT('',(8.,46.,295.));
#3261 = LINE('',#3262,#3263);
#3262 = CARTESIAN_POINT('',(8.,21.,295.));
#3263 = VECTOR('',#3264,1.);
#3264 = DIRECTION('',(-0.,1.,0.));
#3265 = ORIENTED_EDGE('',*,*,#3266,.F.);
#3266 = EDGE_CURVE('',#3211,#3259,#3267,.T.);
#3267 = LINE('',#3268,#3269);
#3268 = CARTESIAN_POINT('',(6.,46.,295.));
#3269 = VECTOR('',#3270,1.);
#3270 = DIRECTION('',(1.,0.,-0.));
#3271 = PLANE('',#3272);
#3272 = AXIS2_PLACEMENT_3D('',#3273,#3274,#3275);
#3273 = CARTESIAN_POINT('',(6.,21.,295.));
#3274 = DIRECTION('',(0.,0.,1.));
#3275 = DIRECTION('',(1.,0.,-0.));
#3276 = ADVANCED_FACE('',(#3277),#3288,.T.);
#3277 = FACE_BOUND('',#3278,.T.);
#3278 = EDGE_LOOP('',(#3279,#3280,#3281,#3287));
#3279 = ORIENTED_EDGE('',*,*,#526,.F.);
#3280 = ORIENTED_EDGE('',*,*,#3234,.T.);
#3281 = ORIENTED_EDGE('',*,*,#3282,.T.);
#3282 = EDGE_CURVE('',#3235,#3259,#3283,.T.);
#3283 = LINE('',#3284,#3285);
#3284 = CARTESIAN_POINT('',(8.,46.,15.));
#3285 = VECTOR('',#3286,1.);
#3286 = DIRECTION('',(0.,0.,1.));
#3287 = ORIENTED_EDGE('',*,*,#3258,.F.);
#3288 = PLANE('',#3289);
#3289 = AXIS2_PLACEMENT_3D('',#3290,#3291,#3292);
#3290 = CARTESIAN_POINT('',(8.,21.,15.));
#3291 = DIRECTION('',(1.,0.,-0.));
#3292 = DIRECTION('',(0.,0.,1.));
#3293 = ADVANCED_FACE('',(#3294),#3319,.F.);
#3294 = FACE_BOUND('',#3295,.F.);
#3295 = EDGE_LOOP('',(#3296,#3297,#3305,#3313));
#3296 = ORIENTED_EDGE('',*,*,#542,.F.);
#3297 = ORIENTED_EDGE('',*,*,#3298,.T.);
#3298 = EDGE_CURVE('',#543,#3299,#3301,.T.);
#3299 = VERTEX_POINT('',#3300);
#3300 = CARTESIAN_POINT('',(10.,46.,15.));
#3301 = LINE('',#3302,#3303);
#3302 = CARTESIAN_POINT('',(10.,21.,15.));
#3303 = VECTOR('',#3304,1.);
#3304 = DIRECTION('',(-0.,1.,0.));
#3305 = ORIENTED_EDGE('',*,*,#3306,.T.);
#3306 = EDGE_CURVE('',#3299,#3307,#3309,.T.);
#3307 = VERTEX_POINT('',#3308);
#3308 = CARTESIAN_POINT('',(10.,46.,295.));
#3309 = LINE('',#3310,#3311);
#3310 = CARTESIAN_POINT('',(10.,46.,15.));
#3311 = VECTOR('',#3312,1.);
#3312 = DIRECTION('',(0.,0.,1.));
#3313 = ORIENTED_EDGE('',*,*,#3314,.F.);
#3314 = EDGE_CURVE('',#545,#3307,#3315,.T.);
#3315 = LINE('',#3316,#3317);
#3316 = CARTESIAN_POINT('',(10.,21.,295.));
#3317 = VECTOR('',#3318,1.);
#3318 = DIRECTION('',(-0.,1.,0.));
#3319 = PLANE('',#3320);
#3320 = AXIS2_PLACEMENT_3D('',#3321,#3322,#3323);
#3321 = CARTESIAN_POINT('',(10.,21.,15.));
#3322 = DIRECTION('',(1.,0.,-0.));
#3323 = DIRECTION('',(0.,0.,1.));
#3324 = ADVANCED_FACE('',(#3325),#3343,.F.);
#3325 = FACE_BOUND('',#3326,.F.);
#3326 = EDGE_LOOP('',(#3327,#3328,#3329,#3337));
#3327 = ORIENTED_EDGE('',*,*,#3298,.F.);
#3328 = ORIENTED_EDGE('',*,*,#552,.T.);
#3329 = ORIENTED_EDGE('',*,*,#3330,.T.);
#3330 = EDGE_CURVE('',#553,#3331,#3333,.T.);
#3331 = VERTEX_POINT('',#3332);
#3332 = CARTESIAN_POINT('',(12.,46.,15.));
#3333 = LINE('',#3334,#3335);
#3334 = CARTESIAN_POINT('',(12.,21.,15.));
#3335 = VECTOR('',#3336,1.);
#3336 = DIRECTION('',(-0.,1.,0.));
#3337 = ORIENTED_EDGE('',*,*,#3338,.F.);
#3338 = EDGE_CURVE('',#3299,#3331,#3339,.T.);
#3339 = LINE('',#3340,#3341);
#3340 = CARTESIAN_POINT('',(10.,46.,15.));
#3341 = VECTOR('',#3342,1.);
#3342 = DIRECTION('',(1.,0.,-0.));
#3343 = PLANE('',#3344);
#3344 = AXIS2_PLACEMENT_3D('',#3345,#3346,#3347);
#3345 = CARTESIAN_POINT('',(10.,21.,15.));
#3346 = DIRECTION('',(0.,0.,1.));
#3347 = DIRECTION('',(1.,0.,-0.));
#3348 = ADVANCED_FACE('',(#3349),#3367,.T.);
#3349 = FACE_BOUND('',#3350,.T.);
#3350 = EDGE_LOOP('',(#3351,#3352,#3353,#3361));
#3351 = ORIENTED_EDGE('',*,*,#3314,.F.);
#3352 = ORIENTED_EDGE('',*,*,#568,.T.);
#3353 = ORIENTED_EDGE('',*,*,#3354,.T.);
#3354 = EDGE_CURVE('',#561,#3355,#3357,.T.);
#3355 = VERTEX_POINT('',#3356);
#3356 = CARTESIAN_POINT('',(12.,46.,295.));
#3357 = LINE('',#3358,#3359);
#3358 = CARTESIAN_POINT('',(12.,21.,295.));
#3359 = VECTOR('',#3360,1.);
#3360 = DIRECTION('',(-0.,1.,0.));
#3361 = ORIENTED_EDGE('',*,*,#3362,.F.);
#3362 = EDGE_CURVE('',#3307,#3355,#3363,.T.);
#3363 = LINE('',#3364,#3365);
#3364 = CARTESIAN_POINT('',(10.,46.,295.));
#3365 = VECTOR('',#3366,1.);
#3366 = DIRECTION('',(1.,0.,-0.));
#3367 = PLANE('',#3368);
#3368 = AXIS2_PLACEMENT_3D('',#3369,#3370,#3371);
#3369 = CARTESIAN_POINT('',(10.,21.,295.));
#3370 = DIRECTION('',(0.,0.,1.));
#3371 = DIRECTION('',(1.,0.,-0.));
#3372 = ADVANCED_FACE('',(#3373),#3384,.T.);
#3373 = FACE_BOUND('',#3374,.T.);
#3374 = EDGE_LOOP('',(#3375,#3376,#3377,#3383));
#3375 = ORIENTED_EDGE('',*,*,#560,.F.);
#3376 = ORIENTED_EDGE('',*,*,#3330,.T.);
#3377 = ORIENTED_EDGE('',*,*,#3378,.T.);
#3378 = EDGE_CURVE('',#3331,#3355,#3379,.T.);
#3379 = LINE('',#3380,#3381);
#3380 = CARTESIAN_POINT('',(12.,46.,15.));
#3381 = VECTOR('',#3382,1.);
#3382 = DIRECTION('',(0.,0.,1.));
#3383 = ORIENTED_EDGE('',*,*,#3354,.F.);
#3384 = PLANE('',#3385);
#3385 = AXIS2_PLACEMENT_3D('',#3386,#3387,#3388);
#3386 = CARTESIAN_POINT('',(12.,21.,15.));
#3387 = DIRECTION('',(1.,0.,-0.));
#3388 = DIRECTION('',(0.,0.,1.));
#3389 = ADVANCED_FACE('',(#3390),#3415,.F.);
#3390 = FACE_BOUND('',#3391,.F.);
#3391 = EDGE_LOOP('',(#3392,#3393,#3401,#3409));
#3392 = ORIENTED_EDGE('',*,*,#576,.F.);
#3393 = ORIENTED_EDGE('',*,*,#3394,.T.);
#3394 = EDGE_CURVE('',#577,#3395,#3397,.T.);
#3395 = VERTEX_POINT('',#3396);
#3396 = CARTESIAN_POINT('',(14.,46.,15.));
#3397 = LINE('',#3398,#3399);
#3398 = CARTESIAN_POINT('',(14.,21.,15.));
#3399 = VECTOR('',#3400,1.);
#3400 = DIRECTION('',(-0.,1.,0.));
#3401 = ORIENTED_EDGE('',*,*,#3402,.T.);
#3402 = EDGE_CURVE('',#3395,#3403,#3405,.T.);
#3403 = VERTEX_POINT('',#3404);
#3404 = CARTESIAN_POINT('',(14.,46.,295.));
#3405 = LINE('',#3406,#3407);
#3406 = CARTESIAN_POINT('',(14.,46.,15.));
#3407 = VECTOR('',#3408,1.);
#3408 = DIRECTION('',(0.,0.,1.));
#3409 = ORIENTED_EDGE('',*,*,#3410,.F.);
#3410 = EDGE_CURVE('',#579,#3403,#3411,.T.);
#3411 = LINE('',#3412,#3413);
#3412 = CARTESIAN_POINT('',(14.,21.,295.));
#3413 = VECTOR('',#3414,1.);
#3414 = DIRECTION('',(-0.,1.,0.));
#3415 = PLANE('',#3416);
#3416 = AXIS2_PLACEMENT_3D('',#3417,#3418,#3419);
#3417 = CARTESIAN_POINT('',(14.,21.,15.));
#3418 = DIRECTION('',(1.,0.,-0.));
#3419 = DIRECTION('',(0.,0.,1.));
#3420 = ADVANCED_FACE('',(#3421),#3439,.F.);
#3421 = FACE_BOUND('',#3422,.F.);
#3422 = EDGE_LOOP('',(#3423,#3424,#3425,#3433));
#3423 = ORIENTED_EDGE('',*,*,#3394,.F.);
#3424 = ORIENTED_EDGE('',*,*,#586,.T.);
#3425 = ORIENTED_EDGE('',*,*,#3426,.T.);
#3426 = EDGE_CURVE('',#587,#3427,#3429,.T.);
#3427 = VERTEX_POINT('',#3428);
#3428 = CARTESIAN_POINT('',(16.,46.,15.));
#3429 = LINE('',#3430,#3431);
#3430 = CARTESIAN_POINT('',(16.,21.,15.));
#3431 = VECTOR('',#3432,1.);
#3432 = DIRECTION('',(-0.,1.,0.));
#3433 = ORIENTED_EDGE('',*,*,#3434,.F.);
#3434 = EDGE_CURVE('',#3395,#3427,#3435,.T.);
#3435 = LINE('',#3436,#3437);
#3436 = CARTESIAN_POINT('',(14.,46.,15.));
#3437 = VECTOR('',#3438,1.);
#3438 = DIRECTION('',(1.,0.,-0.));
#3439 = PLANE('',#3440);
#3440 = AXIS2_PLACEMENT_3D('',#3441,#3442,#3443);
#3441 = CARTESIAN_POINT('',(14.,21.,15.));
#3442 = DIRECTION('',(0.,0.,1.));
#3443 = DIRECTION('',(1.,0.,-0.));
#3444 = ADVANCED_FACE('',(#3445),#3463,.T.);
#3445 = FACE_BOUND('',#3446,.T.);
#3446 = EDGE_LOOP('',(#3447,#3448,#3449,#3457));
#3447 = ORIENTED_EDGE('',*,*,#3410,.F.);
#3448 = ORIENTED_EDGE('',*,*,#602,.T.);
#3449 = ORIENTED_EDGE('',*,*,#3450,.T.);
#3450 = EDGE_CURVE('',#595,#3451,#3453,.T.);
#3451 = VERTEX_POINT('',#3452);
#3452 = CARTESIAN_POINT('',(16.,46.,295.));
#3453 = LINE('',#3454,#3455);
#3454 = CARTESIAN_POINT('',(16.,21.,295.));
#3455 = VECTOR('',#3456,1.);
#3456 = DIRECTION('',(-0.,1.,0.));
#3457 = ORIENTED_EDGE('',*,*,#3458,.F.);
#3458 = EDGE_CURVE('',#3403,#3451,#3459,.T.);
#3459 = LINE('',#3460,#3461);
#3460 = CARTESIAN_POINT('',(14.,46.,295.));
#3461 = VECTOR('',#3462,1.);
#3462 = DIRECTION('',(1.,0.,-0.));
#3463 = PLANE('',#3464);
#3464 = AXIS2_PLACEMENT_3D('',#3465,#3466,#3467);
#3465 = CARTESIAN_POINT('',(14.,21.,295.));
#3466 = DIRECTION('',(0.,0.,1.));
#3467 = DIRECTION('',(1.,0.,-0.));
#3468 = ADVANCED_FACE('',(#3469),#3480,.T.);
#3469 = FACE_BOUND('',#3470,.T.);
#3470 = EDGE_LOOP('',(#3471,#3472,#3473,#3479));
#3471 = ORIENTED_EDGE('',*,*,#594,.F.);
#3472 = ORIENTED_EDGE('',*,*,#3426,.T.);
#3473 = ORIENTED_EDGE('',*,*,#3474,.T.);
#3474 = EDGE_CURVE('',#3427,#3451,#3475,.T.);
#3475 = LINE('',#3476,#3477);
#3476 = CARTESIAN_POINT('',(16.,46.,15.));
#3477 = VECTOR('',#3478,1.);
#3478 = DIRECTION('',(0.,0.,1.));
#3479 = ORIENTED_EDGE('',*,*,#3450,.F.);
#3480 = PLANE('',#3481);
#3481 = AXIS2_PLACEMENT_3D('',#3482,#3483,#3484);
#3482 = CARTESIAN_POINT('',(16.,21.,15.));
#3483 = DIRECTION('',(1.,0.,-0.));
#3484 = DIRECTION('',(0.,0.,1.));
#3485 = ADVANCED_FACE('',(#3486),#3511,.F.);
#3486 = FACE_BOUND('',#3487,.F.);
#3487 = EDGE_LOOP('',(#3488,#3489,#3497,#3505));
#3488 = ORIENTED_EDGE('',*,*,#610,.F.);
#3489 = ORIENTED_EDGE('',*,*,#3490,.T.);
#3490 = EDGE_CURVE('',#611,#3491,#3493,.T.);
#3491 = VERTEX_POINT('',#3492);
#3492 = CARTESIAN_POINT('',(18.,46.,15.));
#3493 = LINE('',#3494,#3495);
#3494 = CARTESIAN_POINT('',(18.,21.,15.));
#3495 = VECTOR('',#3496,1.);
#3496 = DIRECTION('',(-0.,1.,0.));
#3497 = ORIENTED_EDGE('',*,*,#3498,.T.);
#3498 = EDGE_CURVE('',#3491,#3499,#3501,.T.);
#3499 = VERTEX_POINT('',#3500);
#3500 = CARTESIAN_POINT('',(18.,46.,295.));
#3501 = LINE('',#3502,#3503);
#3502 = CARTESIAN_POINT('',(18.,46.,15.));
#3503 = VECTOR('',#3504,1.);
#3504 = DIRECTION('',(0.,0.,1.));
#3505 = ORIENTED_EDGE('',*,*,#3506,.F.);
#3506 = EDGE_CURVE('',#613,#3499,#3507,.T.);
#3507 = LINE('',#3508,#3509);
#3508 = CARTESIAN_POINT('',(18.,21.,295.));
#3509 = VECTOR('',#3510,1.);
#3510 = DIRECTION('',(-0.,1.,0.));
#3511 = PLANE('',#3512);
#3512 = AXIS2_PLACEMENT_3D('',#3513,#3514,#3515);
#3513 = CARTESIAN_POINT('',(18.,21.,15.));
#3514 = DIRECTION('',(1.,0.,-0.));
#3515 = DIRECTION('',(0.,0.,1.));
#3516 = ADVANCED_FACE('',(#3517),#3535,.F.);
#3517 = FACE_BOUND('',#3518,.F.);
#3518 = EDGE_LOOP('',(#3519,#3520,#3521,#3529));
#3519 = ORIENTED_EDGE('',*,*,#3490,.F.);
#3520 = ORIENTED_EDGE('',*,*,#620,.T.);
#3521 = ORIENTED_EDGE('',*,*,#3522,.T.);
#3522 = EDGE_CURVE('',#621,#3523,#3525,.T.);
#3523 = VERTEX_POINT('',#3524);
#3524 = CARTESIAN_POINT('',(20.,46.,15.));
#3525 = LINE('',#3526,#3527);
#3526 = CARTESIAN_POINT('',(20.,21.,15.));
#3527 = VECTOR('',#3528,1.);
#3528 = DIRECTION('',(-0.,1.,0.));
#3529 = ORIENTED_EDGE('',*,*,#3530,.F.);
#3530 = EDGE_CURVE('',#3491,#3523,#3531,.T.);
#3531 = LINE('',#3532,#3533);
#3532 = CARTESIAN_POINT('',(18.,46.,15.));
#3533 = VECTOR('',#3534,1.);
#3534 = DIRECTION('',(1.,0.,-0.));
#3535 = PLANE('',#3536);
#3536 = AXIS2_PLACEMENT_3D('',#3537,#3538,#3539);
#3537 = CARTESIAN_POINT('',(18.,21.,15.));
#3538 = DIRECTION('',(0.,0.,1.));
#3539 = DIRECTION('',(1.,0.,-0.));
#3540 = ADVANCED_FACE('',(#3541),#3559,.T.);
#3541 = FACE_BOUND('',#3542,.T.);
#3542 = EDGE_LOOP('',(#3543,#3544,#3545,#3553));
#3543 = ORIENTED_EDGE('',*,*,#3506,.F.);
#3544 = ORIENTED_EDGE('',*,*,#636,.T.);
#3545 = ORIENTED_EDGE('',*,*,#3546,.T.);
#3546 = EDGE_CURVE('',#629,#3547,#3549,.T.);
#3547 = VERTEX_POINT('',#3548);
#3548 = CARTESIAN_POINT('',(20.,46.,295.));
#3549 = LINE('',#3550,#3551);
#3550 = CARTESIAN_POINT('',(20.,21.,295.));
#3551 = VECTOR('',#3552,1.);
#3552 = DIRECTION('',(-0.,1.,0.));
#3553 = ORIENTED_EDGE('',*,*,#3554,.F.);
#3554 = EDGE_CURVE('',#3499,#3547,#3555,.T.);
#3555 = LINE('',#3556,#3557);
#3556 = CARTESIAN_POINT('',(18.,46.,295.));
#3557 = VECTOR('',#3558,1.);
#3558 = DIRECTION('',(1.,0.,-0.));
#3559 = PLANE('',#3560);
#3560 = AXIS2_PLACEMENT_3D('',#3561,#3562,#3563);
#3561 = CARTESIAN_POINT('',(18.,21.,295.));
#3562 = DIRECTION('',(0.,0.,1.));
#3563 = DIRECTION('',(1.,0.,-0.));
#3564 = ADVANCED_FACE('',(#3565),#3576,.T.);
#3565 = FACE_BOUND('',#3566,.T.);
#3566 = EDGE_LOOP('',(#3567,#3568,#3569,#3575));
#3567 = ORIENTED_EDGE('',*,*,#628,.F.);
#3568 = ORIENTED_EDGE('',*,*,#3522,.T.);
#3569 = ORIENTED_EDGE('',*,*,#3570,.T.);
#3570 = EDGE_CURVE('',#3523,#3547,#3571,.T.);
#3571 = LINE('',#3572,#3573);
#3572 = CARTESIAN_POINT('',(20.,46.,15.));
#3573 = VECTOR('',#3574,1.);
#3574 = DIRECTION('',(0.,0.,1.));
#3575 = ORIENTED_EDGE('',*,*,#3546,.F.);
#3576 = PLANE('',#3577);
#3577 = AXIS2_PLACEMENT_3D('',#3578,#3579,#3580);
#3578 = CARTESIAN_POINT('',(20.,21.,15.));
#3579 = DIRECTION('',(1.,0.,-0.));
#3580 = DIRECTION('',(0.,0.,1.));
#3581 = ADVANCED_FACE('',(#3582),#3607,.F.);
#3582 = FACE_BOUND('',#3583,.F.);
#3583 = EDGE_LOOP('',(#3584,#3585,#3593,#3601));
#3584 = ORIENTED_EDGE('',*,*,#644,.F.);
#3585 = ORIENTED_EDGE('',*,*,#3586,.T.);
#3586 = EDGE_CURVE('',#645,#3587,#3589,.T.);
#3587 = VERTEX_POINT('',#3588);
#3588 = CARTESIAN_POINT('',(22.,46.,15.));
#3589 = LINE('',#3590,#3591);
#3590 = CARTESIAN_POINT('',(22.,21.,15.));
#3591 = VECTOR('',#3592,1.);
#3592 = DIRECTION('',(-0.,1.,0.));
#3593 = ORIENTED_EDGE('',*,*,#3594,.T.);
#3594 = EDGE_CURVE('',#3587,#3595,#3597,.T.);
#3595 = VERTEX_POINT('',#3596);
#3596 = CARTESIAN_POINT('',(22.,46.,295.));
#3597 = LINE('',#3598,#3599);
#3598 = CARTESIAN_POINT('',(22.,46.,15.));
#3599 = VECTOR('',#3600,1.);
#3600 = DIRECTION('',(0.,0.,1.));
#3601 = ORIENTED_EDGE('',*,*,#3602,.F.);
#3602 = EDGE_CURVE('',#647,#3595,#3603,.T.);
#3603 = LINE('',#3604,#3605);
#3604 = CARTESIAN_POINT('',(22.,21.,295.));
#3605 = VECTOR('',#3606,1.);
#3606 = DIRECTION('',(-0.,1.,0.));
#3607 = PLANE('',#3608);
#3608 = AXIS2_PLACEMENT_3D('',#3609,#3610,#3611);
#3609 = CARTESIAN_POINT('',(22.,21.,15.));
#3610 = DIRECTION('',(1.,0.,-0.));
#3611 = DIRECTION('',(0.,0.,1.));
#3612 = ADVANCED_FACE('',(#3613),#3631,.F.);
#3613 = FACE_BOUND('',#3614,.F.);
#3614 = EDGE_LOOP('',(#3615,#3616,#3617,#3625));
#3615 = ORIENTED_EDGE('',*,*,#3586,.F.);
#3616 = ORIENTED_EDGE('',*,*,#654,.T.);
#3617 = ORIENTED_EDGE('',*,*,#3618,.T.);
#3618 = EDGE_CURVE('',#655,#3619,#3621,.T.);
#3619 = VERTEX_POINT('',#3620);
#3620 = CARTESIAN_POINT('',(24.,46.,15.));
#3621 = LINE('',#3622,#3623);
#3622 = CARTESIAN_POINT('',(24.,21.,15.));
#3623 = VECTOR('',#3624,1.);
#3624 = DIRECTION('',(-0.,1.,0.));
#3625 = ORIENTED_EDGE('',*,*,#3626,.F.);
#3626 = EDGE_CURVE('',#3587,#3619,#3627,.T.);
#3627 = LINE('',#3628,#3629);
#3628 = CARTESIAN_POINT('',(22.,46.,15.));
#3629 = VECTOR('',#3630,1.);
#3630 = DIRECTION('',(1.,0.,-0.));
#3631 = PLANE('',#3632);
#3632 = AXIS2_PLACEMENT_3D('',#3633,#3634,#3635);
#3633 = CARTESIAN_POINT('',(22.,21.,15.));
#3634 = DIRECTION('',(0.,0.,1.));
#3635 = DIRECTION('',(1.,0.,-0.));
#3636 = ADVANCED_FACE('',(#3637),#3655,.T.);
#3637 = FACE_BOUND('',#3638,.T.);
#3638 = EDGE_LOOP('',(#3639,#3640,#3641,#3649));
#3639 = ORIENTED_EDGE('',*,*,#3602,.F.);
#3640 = ORIENTED_EDGE('',*,*,#670,.T.);
#3641 = ORIENTED_EDGE('',*,*,#3642,.T.);
#3642 = EDGE_CURVE('',#663,#3643,#3645,.T.);
#3643 = VERTEX_POINT('',#3644);
#3644 = CARTESIAN_POINT('',(24.,46.,295.));
#3645 = LINE('',#3646,#3647);
#3646 = CARTESIAN_POINT('',(24.,21.,295.));
#3647 = VECTOR('',#3648,1.);
#3648 = DIRECTION('',(-0.,1.,0.));
#3649 = ORIENTED_EDGE('',*,*,#3650,.F.);
#3650 = EDGE_CURVE('',#3595,#3643,#3651,.T.);
#3651 = LINE('',#3652,#3653);
#3652 = CARTESIAN_POINT('',(22.,46.,295.));
#3653 = VECTOR('',#3654,1.);
#3654 = DIRECTION('',(1.,0.,-0.));
#3655 = PLANE('',#3656);
#3656 = AXIS2_PLACEMENT_3D('',#3657,#3658,#3659);
#3657 = CARTESIAN_POINT('',(22.,21.,295.));
#3658 = DIRECTION('',(0.,0.,1.));
#3659 = DIRECTION('',(1.,0.,-0.));
#3660 = ADVANCED_FACE('',(#3661),#3672,.T.);
#3661 = FACE_BOUND('',#3662,.T.);
#3662 = EDGE_LOOP('',(#3663,#3664,#3665,#3671));
#3663 = ORIENTED_EDGE('',*,*,#662,.F.);
#3664 = ORIENTED_EDGE('',*,*,#3618,.T.);
#3665 = ORIENTED_EDGE('',*,*,#3666,.T.);
#3666 = EDGE_CURVE('',#3619,#3643,#3667,.T.);
#3667 = LINE('',#3668,#3669);
#3668 = CARTESIAN_POINT('',(24.,46.,15.));
#3669 = VECTOR('',#3670,1.);
#3670 = DIRECTION('',(0.,0.,1.));
#3671 = ORIENTED_EDGE('',*,*,#3642,.F.);
#3672 = PLANE('',#3673);
#3673 = AXIS2_PLACEMENT_3D('',#3674,#3675,#3676);
#3674 = CARTESIAN_POINT('',(24.,21.,15.));
#3675 = DIRECTION('',(1.,0.,-0.));
#3676 = DIRECTION('',(0.,0.,1.));
#3677 = ADVANCED_FACE('',(#3678),#3703,.F.);
#3678 = FACE_BOUND('',#3679,.F.);
#3679 = EDGE_LOOP('',(#3680,#3681,#3689,#3697));
#3680 = ORIENTED_EDGE('',*,*,#678,.F.);
#3681 = ORIENTED_EDGE('',*,*,#3682,.T.);
#3682 = EDGE_CURVE('',#679,#3683,#3685,.T.);
#3683 = VERTEX_POINT('',#3684);
#3684 = CARTESIAN_POINT('',(26.,46.,15.));
#3685 = LINE('',#3686,#3687);
#3686 = CARTESIAN_POINT('',(26.,21.,15.));
#3687 = VECTOR('',#3688,1.);
#3688 = DIRECTION('',(-0.,1.,0.));
#3689 = ORIENTED_EDGE('',*,*,#3690,.T.);
#3690 = EDGE_CURVE('',#3683,#3691,#3693,.T.);
#3691 = VERTEX_POINT('',#3692);
#3692 = CARTESIAN_POINT('',(26.,46.,295.));
#3693 = LINE('',#3694,#3695);
#3694 = CARTESIAN_POINT('',(26.,46.,15.));
#3695 = VECTOR('',#3696,1.);
#3696 = DIRECTION('',(0.,0.,1.));
#3697 = ORIENTED_EDGE('',*,*,#3698,.F.);
#3698 = EDGE_CURVE('',#681,#3691,#3699,.T.);
#3699 = LINE('',#3700,#3701);
#3700 = CARTESIAN_POINT('',(26.,21.,295.));
#3701 = VECTOR('',#3702,1.);
#3702 = DIRECTION('',(-0.,1.,0.));
#3703 = PLANE('',#3704);
#3704 = AXIS2_PLACEMENT_3D('',#3705,#3706,#3707);
#3705 = CARTESIAN_POINT('',(26.,21.,15.));
#3706 = DIRECTION('',(1.,0.,-0.));
#3707 = DIRECTION('',(0.,0.,1.));
#3708 = ADVANCED_FACE('',(#3709),#3727,.F.);
#3709 = FACE_BOUND('',#3710,.F.);
#3710 = EDGE_LOOP('',(#3711,#3712,#3713,#3721));
#3711 = ORIENTED_EDGE('',*,*,#3682,.F.);
#3712 = ORIENTED_EDGE('',*,*,#688,.T.);
#3713 = ORIENTED_EDGE('',*,*,#3714,.T.);
#3714 = EDGE_CURVE('',#689,#3715,#3717,.T.);
#3715 = VERTEX_POINT('',#3716);
#3716 = CARTESIAN_POINT('',(28.,46.,15.));
#3717 = LINE('',#3718,#3719);
#3718 = CARTESIAN_POINT('',(28.,21.,15.));
#3719 = VECTOR('',#3720,1.);
#3720 = DIRECTION('',(-0.,1.,0.));
#3721 = ORIENTED_EDGE('',*,*,#3722,.F.);
#3722 = EDGE_CURVE('',#3683,#3715,#3723,.T.);
#3723 = LINE('',#3724,#3725);
#3724 = CARTESIAN_POINT('',(26.,46.,15.));
#3725 = VECTOR('',#3726,1.);
#3726 = DIRECTION('',(1.,0.,-0.));
#3727 = PLANE('',#3728);
#3728 = AXIS2_PLACEMENT_3D('',#3729,#3730,#3731);
#3729 = CARTESIAN_POINT('',(26.,21.,15.));
#3730 = DIRECTION('',(0.,0.,1.));
#3731 = DIRECTION('',(1.,0.,-0.));
#3732 = ADVANCED_FACE('',(#3733),#3751,.T.);
#3733 = FACE_BOUND('',#3734,.T.);
#3734 = EDGE_LOOP('',(#3735,#3736,#3737,#3745));
#3735 = ORIENTED_EDGE('',*,*,#3698,.F.);
#3736 = ORIENTED_EDGE('',*,*,#704,.T.);
#3737 = ORIENTED_EDGE('',*,*,#3738,.T.);
#3738 = EDGE_CURVE('',#697,#3739,#3741,.T.);
#3739 = VERTEX_POINT('',#3740);
#3740 = CARTESIAN_POINT('',(28.,46.,295.));
#3741 = LINE('',#3742,#3743);
#3742 = CARTESIAN_POINT('',(28.,21.,295.));
#3743 = VECTOR('',#3744,1.);
#3744 = DIRECTION('',(-0.,1.,0.));
#3745 = ORIENTED_EDGE('',*,*,#3746,.F.);
#3746 = EDGE_CURVE('',#3691,#3739,#3747,.T.);
#3747 = LINE('',#3748,#3749);
#3748 = CARTESIAN_POINT('',(26.,46.,295.));
#3749 = VECTOR('',#3750,1.);
#3750 = DIRECTION('',(1.,0.,-0.));
#3751 = PLANE('',#3752);
#3752 = AXIS2_PLACEMENT_3D('',#3753,#3754,#3755);
#3753 = CARTESIAN_POINT('',(26.,21.,295.));
#3754 = DIRECTION('',(0.,0.,1.));
#3755 = DIRECTION('',(1.,0.,-0.));
#3756 = ADVANCED_FACE('',(#3757),#3768,.T.);
#3757 = FACE_BOUND('',#3758,.T.);
#3758 = EDGE_LOOP('',(#3759,#3760,#3761,#3767));
#3759 = ORIENTED_EDGE('',*,*,#696,.F.);
#3760 = ORIENTED_EDGE('',*,*,#3714,.T.);
#3761 = ORIENTED_EDGE('',*,*,#3762,.T.);
#3762 = EDGE_CURVE('',#3715,#3739,#3763,.T.);
#3763 = LINE('',#3764,#3765);
#3764 = CARTESIAN_POINT('',(28.,46.,15.));
#3765 = VECTOR('',#3766,1.);
#3766 = DIRECTION('',(0.,0.,1.));
#3767 = ORIENTED_EDGE('',*,*,#3738,.F.);
#3768 = PLANE('',#3769);
#3769 = AXIS2_PLACEMENT_3D('',#3770,#3771,#3772);
#3770 = CARTESIAN_POINT('',(28.,21.,15.));
#3771 = DIRECTION('',(1.,0.,-0.));
#3772 = DIRECTION('',(0.,0.,1.));
#3773 = ADVANCED_FACE('',(#3774),#3799,.F.);
#3774 = FACE_BOUND('',#3775,.F.);
#3775 = EDGE_LOOP('',(#3776,#3777,#3785,#3793));
#3776 = ORIENTED_EDGE('',*,*,#712,.F.);
#3777 = ORIENTED_EDGE('',*,*,#3778,.T.);
#3778 = EDGE_CURVE('',#713,#3779,#3781,.T.);
#3779 = VERTEX_POINT('',#3780);
#3780 = CARTESIAN_POINT('',(30.,46.,15.));
#3781 = LINE('',#3782,#3783);
#3782 = CARTESIAN_POINT('',(30.,21.,15.));
#3783 = VECTOR('',#3784,1.);
#3784 = DIRECTION('',(-0.,1.,0.));
#3785 = ORIENTED_EDGE('',*,*,#3786,.T.);
#3786 = EDGE_CURVE('',#3779,#3787,#3789,.T.);
#3787 = VERTEX_POINT('',#3788);
#3788 = CARTESIAN_POINT('',(30.,46.,295.));
#3789 = LINE('',#3790,#3791);
#3790 = CARTESIAN_POINT('',(30.,46.,15.));
#3791 = VECTOR('',#3792,1.);
#3792 = DIRECTION('',(0.,0.,1.));
#3793 = ORIENTED_EDGE('',*,*,#3794,.F.);
#3794 = EDGE_CURVE('',#715,#3787,#3795,.T.);
#3795 = LINE('',#3796,#3797);
#3796 = CARTESIAN_POINT('',(30.,21.,295.));
#3797 = VECTOR('',#3798,1.);
#3798 = DIRECTION('',(-0.,1.,0.));
#3799 = PLANE('',#3800);
#3800 = AXIS2_PLACEMENT_3D('',#3801,#3802,#3803);
#3801 = CARTESIAN_POINT('',(30.,21.,15.));
#3802 = DIRECTION('',(1.,0.,-0.));
#3803 = DIRECTION('',(0.,0.,1.));
#3804 = ADVANCED_FACE('',(#3805),#3823,.F.);
#3805 = FACE_BOUND('',#3806,.F.);
#3806 = EDGE_LOOP('',(#3807,#3808,#3809,#3817));
#3807 = ORIENTED_EDGE('',*,*,#3778,.F.);
#3808 = ORIENTED_EDGE('',*,*,#722,.T.);
#3809 = ORIENTED_EDGE('',*,*,#3810,.T.);
#3810 = EDGE_CURVE('',#723,#3811,#3813,.T.);
#3811 = VERTEX_POINT('',#3812);
#3812 = CARTESIAN_POINT('',(32.,46.,15.));
#3813 = LINE('',#3814,#3815);
#3814 = CARTESIAN_POINT('',(32.,21.,15.));
#3815 = VECTOR('',#3816,1.);
#3816 = DIRECTION('',(-0.,1.,0.));
#3817 = ORIENTED_EDGE('',*,*,#3818,.F.);
#3818 = EDGE_CURVE('',#3779,#3811,#3819,.T.);
#3819 = LINE('',#3820,#3821);
#3820 = CARTESIAN_POINT('',(30.,46.,15.));
#3821 = VECTOR('',#3822,1.);
#3822 = DIRECTION('',(1.,0.,-0.));
#3823 = PLANE('',#3824);
#3824 = AXIS2_PLACEMENT_3D('',#3825,#3826,#3827);
#3825 = CARTESIAN_POINT('',(30.,21.,15.));
#3826 = DIRECTION('',(0.,0.,1.));
#3827 = DIRECTION('',(1.,0.,-0.));
#3828 = ADVANCED_FACE('',(#3829),#3847,.T.);
#3829 = FACE_BOUND('',#3830,.T.);
#3830 = EDGE_LOOP('',(#3831,#3832,#3833,#3841));
#3831 = ORIENTED_EDGE('',*,*,#3794,.F.);
#3832 = ORIENTED_EDGE('',*,*,#738,.T.);
#3833 = ORIENTED_EDGE('',*,*,#3834,.T.);
#3834 = EDGE_CURVE('',#731,#3835,#3837,.T.);
#3835 = VERTEX_POINT('',#3836);
#3836 = CARTESIAN_POINT('',(32.,46.,295.));
#3837 = LINE('',#3838,#3839);
#3838 = CARTESIAN_POINT('',(32.,21.,295.));
#3839 = VECTOR('',#3840,1.);
#3840 = DIRECTION('',(-0.,1.,0.));
#3841 = ORIENTED_EDGE('',*,*,#3842,.F.);
#3842 = EDGE_CURVE('',#3787,#3835,#3843,.T.);
#3843 = LINE('',#3844,#3845);
#3844 = CARTESIAN_POINT('',(30.,46.,295.));
#3845 = VECTOR('',#3846,1.);
#3846 = DIRECTION('',(1.,0.,-0.));
#3847 = PLANE('',#3848);
#3848 = AXIS2_PLACEMENT_3D('',#3849,#3850,#3851);
#3849 = CARTESIAN_POINT('',(30.,21.,295.));
#3850 = DIRECTION('',(0.,0.,1.));
#3851 = DIRECTION('',(1.,0.,-0.));
#3852 = ADVANCED_FACE('',(#3853),#3864,.T.);
#3853 = FACE_BOUND('',#3854,.T.);
#3854 = EDGE_LOOP('',(#3855,#3856,#3857,#3863));
#3855 = ORIENTED_EDGE('',*,*,#730,.F.);
#3856 = ORIENTED_EDGE('',*,*,#3810,.T.);
#3857 = ORIENTED_EDGE('',*,*,#3858,.T.);
#3858 = EDGE_CURVE('',#3811,#3835,#3859,.T.);
#3859 = LINE('',#3860,#3861);
#3860 = CARTESIAN_POINT('',(32.,46.,15.));
#3861 = VECTOR('',#3862,1.);
#3862 = DIRECTION('',(0.,0.,1.));
#3863 = ORIENTED_EDGE('',*,*,#3834,.F.);
#3864 = PLANE('',#3865);
#3865 = AXIS2_PLACEMENT_3D('',#3866,#3867,#3868);
#3866 = CARTESIAN_POINT('',(32.,21.,15.));
#3867 = DIRECTION('',(1.,0.,-0.));
#3868 = DIRECTION('',(0.,0.,1.));
#3869 = ADVANCED_FACE('',(#3870),#3895,.F.);
#3870 = FACE_BOUND('',#3871,.F.);
#3871 = EDGE_LOOP('',(#3872,#3873,#3881,#3889));
#3872 = ORIENTED_EDGE('',*,*,#746,.F.);
#3873 = ORIENTED_EDGE('',*,*,#3874,.T.);
#3874 = EDGE_CURVE('',#747,#3875,#3877,.T.);
#3875 = VERTEX_POINT('',#3876);
#3876 = CARTESIAN_POINT('',(34.,46.,15.));
#3877 = LINE('',#3878,#3879);
#3878 = CARTESIAN_POINT('',(34.,21.,15.));
#3879 = VECTOR('',#3880,1.);
#3880 = DIRECTION('',(-0.,1.,0.));
#3881 = ORIENTED_EDGE('',*,*,#3882,.T.);
#3882 = EDGE_CURVE('',#3875,#3883,#3885,.T.);
#3883 = VERTEX_POINT('',#3884);
#3884 = CARTESIAN_POINT('',(34.,46.,295.));
#3885 = LINE('',#3886,#3887);
#3886 = CARTESIAN_POINT('',(34.,46.,15.));
#3887 = VECTOR('',#3888,1.);
#3888 = DIRECTION('',(0.,0.,1.));
#3889 = ORIENTED_EDGE('',*,*,#3890,.F.);
#3890 = EDGE_CURVE('',#749,#3883,#3891,.T.);
#3891 = LINE('',#3892,#3893);
#3892 = CARTESIAN_POINT('',(34.,21.,295.));
#3893 = VECTOR('',#3894,1.);
#3894 = DIRECTION('',(-0.,1.,0.));
#3895 = PLANE('',#3896);
#3896 = AXIS2_PLACEMENT_3D('',#3897,#3898,#3899);
#3897 = CARTESIAN_POINT('',(34.,21.,15.));
#3898 = DIRECTION('',(1.,0.,-0.));
#3899 = DIRECTION('',(0.,0.,1.));
#3900 = ADVANCED_FACE('',(#3901),#3919,.F.);
#3901 = FACE_BOUND('',#3902,.F.);
#3902 = EDGE_LOOP('',(#3903,#3904,#3905,#3913));
#3903 = ORIENTED_EDGE('',*,*,#3874,.F.);
#3904 = ORIENTED_EDGE('',*,*,#756,.T.);
#3905 = ORIENTED_EDGE('',*,*,#3906,.T.);
#3906 = EDGE_CURVE('',#757,#3907,#3909,.T.);
#3907 = VERTEX_POINT('',#3908);
#3908 = CARTESIAN_POINT('',(36.,46.,15.));
#3909 = LINE('',#3910,#3911);
#3910 = CARTESIAN_POINT('',(36.,21.,15.));
#3911 = VECTOR('',#3912,1.);
#3912 = DIRECTION('',(-0.,1.,0.));
#3913 = ORIENTED_EDGE('',*,*,#3914,.F.);
#3914 = EDGE_CURVE('',#3875,#3907,#3915,.T.);
#3915 = LINE('',#3916,#3917);
#3916 = CARTESIAN_POINT('',(34.,46.,15.));
#3917 = VECTOR('',#3918,1.);
#3918 = DIRECTION('',(1.,0.,-0.));
#3919 = PLANE('',#3920);
#3920 = AXIS2_PLACEMENT_3D('',#3921,#3922,#3923);
#3921 = CARTESIAN_POINT('',(34.,21.,15.));
#3922 = DIRECTION('',(0.,0.,1.));
#3923 = DIRECTION('',(1.,0.,-0.));
#3924 = ADVANCED_FACE('',(#3925),#3943,.T.);
#3925 = FACE_BOUND('',#3926,.T.);
#3926 = EDGE_LOOP('',(#3927,#3928,#3929,#3937));
#3927 = ORIENTED_EDGE('',*,*,#3890,.F.);
#3928 = ORIENTED_EDGE('',*,*,#772,.T.);
#3929 = ORIENTED_EDGE('',*,*,#3930,.T.);
#3930 = EDGE_CURVE('',#765,#3931,#3933,.T.);
#3931 = VERTEX_POINT('',#3932);
#3932 = CARTESIAN_POINT('',(36.,46.,295.));
#3933 = LINE('',#3934,#3935);
#3934 = CARTESIAN_POINT('',(36.,21.,295.));
#3935 = VECTOR('',#3936,1.);
#3936 = DIRECTION('',(-0.,1.,0.));
#3937 = ORIENTED_EDGE('',*,*,#3938,.F.);
#3938 = EDGE_CURVE('',#3883,#3931,#3939,.T.);
#3939 = LINE('',#3940,#3941);
#3940 = CARTESIAN_POINT('',(34.,46.,295.));
#3941 = VECTOR('',#3942,1.);
#3942 = DIRECTION('',(1.,0.,-0.));
#3943 = PLANE('',#3944);
#3944 = AXIS2_PLACEMENT_3D('',#3945,#3946,#3947);
#3945 = CARTESIAN_POINT('',(34.,21.,295.));
#3946 = DIRECTION('',(0.,0.,1.));
#3947 = DIRECTION('',(1.,0.,-0.));
#3948 = ADVANCED_FACE('',(#3949),#3960,.T.);
#3949 = FACE_BOUND('',#3950,.T.);
#3950 = EDGE_LOOP('',(#3951,#3952,#3953,#3959));
#3951 = ORIENTED_EDGE('',*,*,#764,.F.);
#3952 = ORIENTED_EDGE('',*,*,#3906,.T.);
#3953 = ORIENTED_EDGE('',*,*,#3954,.T.);
#3954 = EDGE_CURVE('',#3907,#3931,#3955,.T.);
#3955 = LINE('',#3956,#3957);
#3956 = CARTESIAN_POINT('',(36.,46.,15.));
#3957 = VECTOR('',#3958,1.);
#3958 = DIRECTION('',(0.,0.,1.));
#3959 = ORIENTED_EDGE('',*,*,#3930,.F.);
#3960 = PLANE('',#3961);
#3961 = AXIS2_PLACEMENT_3D('',#3962,#3963,#3964);
#3962 = CARTESIAN_POINT('',(36.,21.,15.));
#3963 = DIRECTION('',(1.,0.,-0.));
#3964 = DIRECTION('',(0.,0.,1.));
#3965 = ADVANCED_FACE('',(#3966),#3991,.F.);
#3966 = FACE_BOUND('',#3967,.F.);
#3967 = EDGE_LOOP('',(#3968,#3969,#3977,#3985));
#3968 = ORIENTED_EDGE('',*,*,#780,.F.);
#3969 = ORIENTED_EDGE('',*,*,#3970,.T.);
#3970 = EDGE_CURVE('',#781,#3971,#3973,.T.);
#3971 = VERTEX_POINT('',#3972);
#3972 = CARTESIAN_POINT('',(38.,46.,15.));
#3973 = LINE('',#3974,#3975);
#3974 = CARTESIAN_POINT('',(38.,21.,15.));
#3975 = VECTOR('',#3976,1.);
#3976 = DIRECTION('',(-0.,1.,0.));
#3977 = ORIENTED_EDGE('',*,*,#3978,.T.);
#3978 = EDGE_CURVE('',#3971,#3979,#3981,.T.);
#3979 = VERTEX_POINT('',#3980);
#3980 = CARTESIAN_POINT('',(38.,46.,295.));
#3981 = LINE('',#3982,#3983);
#3982 = CARTESIAN_POINT('',(38.,46.,15.));
#3983 = VECTOR('',#3984,1.);
#3984 = DIRECTION('',(0.,0.,1.));
#3985 = ORIENTED_EDGE('',*,*,#3986,.F.);
#3986 = EDGE_CURVE('',#783,#3979,#3987,.T.);
#3987 = LINE('',#3988,#3989);
#3988 = CARTESIAN_POINT('',(38.,21.,295.));
#3989 = VECTOR('',#3990,1.);
#3990 = DIRECTION('',(-0.,1.,0.));
#3991 = PLANE('',#3992);
#3992 = AXIS2_PLACEMENT_3D('',#3993,#3994,#3995);
#3993 = CARTESIAN_POINT('',(38.,21.,15.));
#3994 = DIRECTION('',(1.,0.,-0.));
#3995 = DIRECTION('',(0.,0.,1.));
#3996 = ADVANCED_FACE('',(#3997),#4015,.F.);
#3997 = FACE_BOUND('',#3998,.F.);
#3998 = EDGE_LOOP('',(#3999,#4000,#4001,#4009));
#3999 = ORIENTED_EDGE('',*,*,#3970,.F.);
#4000 = ORIENTED_EDGE('',*,*,#790,.T.);
#4001 = ORIENTED_EDGE('',*,*,#4002,.T.);
#4002 = EDGE_CURVE('',#791,#4003,#4005,.T.);
#4003 = VERTEX_POINT('',#4004);
#4004 = CARTESIAN_POINT('',(40.,46.,15.));
#4005 = LINE('',#4006,#4007);
#4006 = CARTESIAN_POINT('',(40.,21.,15.));
#4007 = VECTOR('',#4008,1.);
#4008 = DIRECTION('',(-0.,1.,0.));
#4009 = ORIENTED_EDGE('',*,*,#4010,.F.);
#4010 = EDGE_CURVE('',#3971,#4003,#4011,.T.);
#4011 = LINE('',#4012,#4013);
#4012 = CARTESIAN_POINT('',(38.,46.,15.));
#4013 = VECTOR('',#4014,1.);
#4014 = DIRECTION('',(1.,0.,-0.));
#4015 = PLANE('',#4016);
#4016 = AXIS2_PLACEMENT_3D('',#4017,#4018,#4019);
#4017 = CARTESIAN_POINT('',(38.,21.,15.));
#4018 = DIRECTION('',(0.,0.,1.));
#4019 = DIRECTION('',(1.,0.,-0.));
#4020 = ADVANCED_FACE('',(#4021),#4039,.T.);
#4021 = FACE_BOUND('',#4022,.T.);
#4022 = EDGE_LOOP('',(#4023,#4024,#4025,#4033));
#4023 = ORIENTED_EDGE('',*,*,#3986,.F.);
#4024 = ORIENTED_EDGE('',*,*,#806,.T.);
#4025 = ORIENTED_EDGE('',*,*,#4026,.T.);
#4026 = EDGE_CURVE('',#799,#4027,#4029,.T.);
#4027 = VERTEX_POINT('',#4028);
#4028 = CARTESIAN_POINT('',(40.,46.,295.));
#4029 = LINE('',#4030,#4031);
#4030 = CARTESIAN_POINT('',(40.,21.,295.));
#4031 = VECTOR('',#4032,1.);
#4032 = DIRECTION('',(-0.,1.,0.));
#4033 = ORIENTED_EDGE('',*,*,#4034,.F.);
#4034 = EDGE_CURVE('',#3979,#4027,#4035,.T.);
#4035 = LINE('',#4036,#4037);
#4036 = CARTESIAN_POINT('',(38.,46.,295.));
#4037 = VECTOR('',#4038,1.);
#4038 = DIRECTION('',(1.,0.,-0.));
#4039 = PLANE('',#4040);
#4040 = AXIS2_PLACEMENT_3D('',#4041,#4042,#4043);
#4041 = CARTESIAN_POINT('',(38.,21.,295.));
#4042 = DIRECTION('',(0.,0.,1.));
#4043 = DIRECTION('',(1.,0.,-0.));
#4044 = ADVANCED_FACE('',(#4045),#4056,.T.);
#4045 = FACE_BOUND('',#4046,.T.);
#4046 = EDGE_LOOP('',(#4047,#4048,#4049,#4055));
#4047 = ORIENTED_EDGE('',*,*,#798,.F.);
#4048 = ORIENTED_EDGE('',*,*,#4002,.T.);
#4049 = ORIENTED_EDGE('',*,*,#4050,.T.);
#4050 = EDGE_CURVE('',#4003,#4027,#4051,.T.);
#4051 = LINE('',#4052,#4053);
#4052 = CARTESIAN_POINT('',(40.,46.,15.));
#4053 = VECTOR('',#4054,1.);
#4054 = DIRECTION('',(0.,0.,1.));
#4055 = ORIENTED_EDGE('',*,*,#4026,.F.);
#4056 = PLANE('',#4057);
#4057 = AXIS2_PLACEMENT_3D('',#4058,#4059,#4060);
#4058 = CARTESIAN_POINT('',(40.,21.,15.));
#4059 = DIRECTION('',(1.,0.,-0.));
#4060 = DIRECTION('',(0.,0.,1.));
#4061 = ADVANCED_FACE('',(#4062),#4087,.F.);
#4062 = FACE_BOUND('',#4063,.F.);
#4063 = EDGE_LOOP('',(#4064,#4065,#4073,#4081));
#4064 = ORIENTED_EDGE('',*,*,#814,.F.);
#4065 = ORIENTED_EDGE('',*,*,#4066,.T.);
#4066 = EDGE_CURVE('',#815,#4067,#4069,.T.);
#4067 = VERTEX_POINT('',#4068);
#4068 = CARTESIAN_POINT('',(42.,46.,15.));
#4069 = LINE('',#4070,#4071);
#4070 = CARTESIAN_POINT('',(42.,21.,15.));
#4071 = VECTOR('',#4072,1.);
#4072 = DIRECTION('',(-0.,1.,0.));
#4073 = ORIENTED_EDGE('',*,*,#4074,.T.);
#4074 = EDGE_CURVE('',#4067,#4075,#4077,.T.);
#4075 = VERTEX_POINT('',#4076);
#4076 = CARTESIAN_POINT('',(42.,46.,295.));
#4077 = LINE('',#4078,#4079);
#4078 = CARTESIAN_POINT('',(42.,46.,15.));
#4079 = VECTOR('',#4080,1.);
#4080 = DIRECTION('',(0.,0.,1.));
#4081 = ORIENTED_EDGE('',*,*,#4082,.F.);
#4082 = EDGE_CURVE('',#817,#4075,#4083,.T.);
#4083 = LINE('',#4084,#4085);
#4084 = CARTESIAN_POINT('',(42.,21.,295.));
#4085 = VECTOR('',#4086,1.);
#4086 = DIRECTION('',(-0.,1.,0.));
#4087 = PLANE('',#4088);
#4088 = AXIS2_PLACEMENT_3D('',#4089,#4090,#4091);
#4089 = CARTESIAN_POINT('',(42.,21.,15.));
#4090 = DIRECTION('',(1.,0.,-0.));
#4091 = DIRECTION('',(0.,0.,1.));
#4092 = ADVANCED_FACE('',(#4093),#4111,.F.);
#4093 = FACE_BOUND('',#4094,.F.);
#4094 = EDGE_LOOP('',(#4095,#4096,#4097,#4105));
#4095 = ORIENTED_EDGE('',*,*,#4066,.F.);
#4096 = ORIENTED_EDGE('',*,*,#824,.T.);
#4097 = ORIENTED_EDGE('',*,*,#4098,.T.);
#4098 = EDGE_CURVE('',#825,#4099,#4101,.T.);
#4099 = VERTEX_POINT('',#4100);
#4100 = CARTESIAN_POINT('',(44.,46.,15.));
#4101 = LINE('',#4102,#4103);
#4102 = CARTESIAN_POINT('',(44.,21.,15.));
#4103 = VECTOR('',#4104,1.);
#4104 = DIRECTION('',(-0.,1.,0.));
#4105 = ORIENTED_EDGE('',*,*,#4106,.F.);
#4106 = EDGE_CURVE('',#4067,#4099,#4107,.T.);
#4107 = LINE('',#4108,#4109);
#4108 = CARTESIAN_POINT('',(42.,46.,15.));
#4109 = VECTOR('',#4110,1.);
#4110 = DIRECTION('',(1.,0.,-0.));
#4111 = PLANE('',#4112);
#4112 = AXIS2_PLACEMENT_3D('',#4113,#4114,#4115);
#4113 = CARTESIAN_POINT('',(42.,21.,15.));
#4114 = DIRECTION('',(0.,0.,1.));
#4115 = DIRECTION('',(1.,0.,-0.));
#4116 = ADVANCED_FACE('',(#4117),#4135,.T.);
#4117 = FACE_BOUND('',#4118,.T.);
#4118 = EDGE_LOOP('',(#4119,#4120,#4121,#4129));
#4119 = ORIENTED_EDGE('',*,*,#4082,.F.);
#4120 = ORIENTED_EDGE('',*,*,#840,.T.);
#4121 = ORIENTED_EDGE('',*,*,#4122,.T.);
#4122 = EDGE_CURVE('',#833,#4123,#4125,.T.);
#4123 = VERTEX_POINT('',#4124);
#4124 = CARTESIAN_POINT('',(44.,46.,295.));
#4125 = LINE('',#4126,#4127);
#4126 = CARTESIAN_POINT('',(44.,21.,295.));
#4127 = VECTOR('',#4128,1.);
#4128 = DIRECTION('',(-0.,1.,0.));
#4129 = ORIENTED_EDGE('',*,*,#4130,.F.);
#4130 = EDGE_CURVE('',#4075,#4123,#4131,.T.);
#4131 = LINE('',#4132,#4133);
#4132 = CARTESIAN_POINT('',(42.,46.,295.));
#4133 = VECTOR('',#4134,1.);
#4134 = DIRECTION('',(1.,0.,-0.));
#4135 = PLANE('',#4136);
#4136 = AXIS2_PLACEMENT_3D('',#4137,#4138,#4139);
#4137 = CARTESIAN_POINT('',(42.,21.,295.));
#4138 = DIRECTION('',(0.,0.,1.));
#4139 = DIRECTION('',(1.,0.,-0.));
#4140 = ADVANCED_FACE('',(#4141),#4152,.T.);
#4141 = FACE_BOUND('',#4142,.T.);
#4142 = EDGE_LOOP('',(#4143,#4144,#4145,#4151));
#4143 = ORIENTED_EDGE('',*,*,#832,.F.);
#4144 = ORIENTED_EDGE('',*,*,#4098,.T.);
#4145 = ORIENTED_EDGE('',*,*,#4146,.T.);
#4146 = EDGE_CURVE('',#4099,#4123,#4147,.T.);
#4147 = LINE('',#4148,#4149);
#4148 = CARTESIAN_POINT('',(44.,46.,15.));
#4149 = VECTOR('',#4150,1.);
#4150 = DIRECTION('',(0.,0.,1.));
#4151 = ORIENTED_EDGE('',*,*,#4122,.F.);
#4152 = PLANE('',#4153);
#4153 = AXIS2_PLACEMENT_3D('',#4154,#4155,#4156);
#4154 = CARTESIAN_POINT('',(44.,21.,15.));
#4155 = DIRECTION('',(1.,0.,-0.));
#4156 = DIRECTION('',(0.,0.,1.));
#4157 = ADVANCED_FACE('',(#4158),#4183,.F.);
#4158 = FACE_BOUND('',#4159,.F.);
#4159 = EDGE_LOOP('',(#4160,#4161,#4169,#4177));
#4160 = ORIENTED_EDGE('',*,*,#848,.F.);
#4161 = ORIENTED_EDGE('',*,*,#4162,.T.);
#4162 = EDGE_CURVE('',#849,#4163,#4165,.T.);
#4163 = VERTEX_POINT('',#4164);
#4164 = CARTESIAN_POINT('',(46.,46.,15.));
#4165 = LINE('',#4166,#4167);
#4166 = CARTESIAN_POINT('',(46.,21.,15.));
#4167 = VECTOR('',#4168,1.);
#4168 = DIRECTION('',(-0.,1.,0.));
#4169 = ORIENTED_EDGE('',*,*,#4170,.T.);
#4170 = EDGE_CURVE('',#4163,#4171,#4173,.T.);
#4171 = VERTEX_POINT('',#4172);
#4172 = CARTESIAN_POINT('',(46.,46.,295.));
#4173 = LINE('',#4174,#4175);
#4174 = CARTESIAN_POINT('',(46.,46.,15.));
#4175 = VECTOR('',#4176,1.);
#4176 = DIRECTION('',(0.,0.,1.));
#4177 = ORIENTED_EDGE('',*,*,#4178,.F.);
#4178 = EDGE_CURVE('',#851,#4171,#4179,.T.);
#4179 = LINE('',#4180,#4181);
#4180 = CARTESIAN_POINT('',(46.,21.,295.));
#4181 = VECTOR('',#4182,1.);
#4182 = DIRECTION('',(-0.,1.,0.));
#4183 = PLANE('',#4184);
#4184 = AXIS2_PLACEMENT_3D('',#4185,#4186,#4187);
#4185 = CARTESIAN_POINT('',(46.,21.,15.));
#4186 = DIRECTION('',(1.,0.,-0.));
#4187 = DIRECTION('',(0.,0.,1.));
#4188 = ADVANCED_FACE('',(#4189),#4207,.F.);
#4189 = FACE_BOUND('',#4190,.F.);
#4190 = EDGE_LOOP('',(#4191,#4192,#4193,#4201));
#4191 = ORIENTED_EDGE('',*,*,#4162,.F.);
#4192 = ORIENTED_EDGE('',*,*,#858,.T.);
#4193 = ORIENTED_EDGE('',*,*,#4194,.T.);
#4194 = EDGE_CURVE('',#859,#4195,#4197,.T.);
#4195 = VERTEX_POINT('',#4196);
#4196 = CARTESIAN_POINT('',(48.,46.,15.));
#4197 = LINE('',#4198,#4199);
#4198 = CARTESIAN_POINT('',(48.,21.,15.));
#4199 = VECTOR('',#4200,1.);
#4200 = DIRECTION('',(-0.,1.,0.));
#4201 = ORIENTED_EDGE('',*,*,#4202,.F.);
#4202 = EDGE_CURVE('',#4163,#4195,#4203,.T.);
#4203 = LINE('',#4204,#4205);
#4204 = CARTESIAN_POINT('',(46.,46.,15.));
#4205 = VECTOR('',#4206,1.);
#4206 = DIRECTION('',(1.,0.,-0.));
#4207 = PLANE('',#4208);
#4208 = AXIS2_PLACEMENT_3D('',#4209,#4210,#4211);
#4209 = CARTESIAN_POINT('',(46.,21.,15.));
#4210 = DIRECTION('',(0.,0.,1.));
#4211 = DIRECTION('',(1.,0.,-0.));
#4212 = ADVANCED_FACE('',(#4213),#4231,.T.);
#4213 = FACE_BOUND('',#4214,.T.);
#4214 = EDGE_LOOP('',(#4215,#4216,#4217,#4225));
#4215 = ORIENTED_EDGE('',*,*,#4178,.F.);
#4216 = ORIENTED_EDGE('',*,*,#874,.T.);
#4217 = ORIENTED_EDGE('',*,*,#4218,.T.);
#4218 = EDGE_CURVE('',#867,#4219,#4221,.T.);
#4219 = VERTEX_POINT('',#4220);
#4220 = CARTESIAN_POINT('',(48.,46.,295.));
#4221 = LINE('',#4222,#4223);
#4222 = CARTESIAN_POINT('',(48.,21.,295.));
#4223 = VECTOR('',#4224,1.);
#4224 = DIRECTION('',(-0.,1.,0.));
#4225 = ORIENTED_EDGE('',*,*,#4226,.F.);
#4226 = EDGE_CURVE('',#4171,#4219,#4227,.T.);
#4227 = LINE('',#4228,#4229);
#4228 = CARTESIAN_POINT('',(46.,46.,295.));
#4229 = VECTOR('',#4230,1.);
#4230 = DIRECTION('',(1.,0.,-0.));
#4231 = PLANE('',#4232);
#4232 = AXIS2_PLACEMENT_3D('',#4233,#4234,#4235);
#4233 = CARTESIAN_POINT('',(46.,21.,295.));
#4234 = DIRECTION('',(0.,0.,1.));
#4235 = DIRECTION('',(1.,0.,-0.));
#4236 = ADVANCED_FACE('',(#4237),#4248,.T.);
#4237 = FACE_BOUND('',#4238,.T.);
#4238 = EDGE_LOOP('',(#4239,#4240,#4241,#4247));
#4239 = ORIENTED_EDGE('',*,*,#866,.F.);
#4240 = ORIENTED_EDGE('',*,*,#4194,.T.);
#4241 = ORIENTED_EDGE('',*,*,#4242,.T.);
#4242 = EDGE_CURVE('',#4195,#4219,#4243,.T.);
#4243 = LINE('',#4244,#4245);
#4244 = CARTESIAN_POINT('',(48.,46.,15.));
#4245 = VECTOR('',#4246,1.);
#4246 = DIRECTION('',(0.,0.,1.));
#4247 = ORIENTED_EDGE('',*,*,#4218,.F.);
#4248 = PLANE('',#4249);
#4249 = AXIS2_PLACEMENT_3D('',#4250,#4251,#4252);
#4250 = CARTESIAN_POINT('',(48.,21.,15.));
#4251 = DIRECTION('',(1.,0.,-0.));
#4252 = DIRECTION('',(0.,0.,1.));
#4253 = ADVANCED_FACE('',(#4254),#4279,.F.);
#4254 = FACE_BOUND('',#4255,.F.);
#4255 = EDGE_LOOP('',(#4256,#4257,#4265,#4273));
#4256 = ORIENTED_EDGE('',*,*,#882,.F.);
#4257 = ORIENTED_EDGE('',*,*,#4258,.T.);
#4258 = EDGE_CURVE('',#883,#4259,#4261,.T.);
#4259 = VERTEX_POINT('',#4260);
#4260 = CARTESIAN_POINT('',(50.,46.,15.));
#4261 = LINE('',#4262,#4263);
#4262 = CARTESIAN_POINT('',(50.,21.,15.));
#4263 = VECTOR('',#4264,1.);
#4264 = DIRECTION('',(-0.,1.,0.));
#4265 = ORIENTED_EDGE('',*,*,#4266,.T.);
#4266 = EDGE_CURVE('',#4259,#4267,#4269,.T.);
#4267 = VERTEX_POINT('',#4268);
#4268 = CARTESIAN_POINT('',(50.,46.,295.));
#4269 = LINE('',#4270,#4271);
#4270 = CARTESIAN_POINT('',(50.,46.,15.));
#4271 = VECTOR('',#4272,1.);
#4272 = DIRECTION('',(0.,0.,1.));
#4273 = ORIENTED_EDGE('',*,*,#4274,.F.);
#4274 = EDGE_CURVE('',#885,#4267,#4275,.T.);
#4275 = LINE('',#4276,#4277);
#4276 = CARTESIAN_POINT('',(50.,21.,295.));
#4277 = VECTOR('',#4278,1.);
#4278 = DIRECTION('',(-0.,1.,0.));
#4279 = PLANE('',#4280);
#4280 = AXIS2_PLACEMENT_3D('',#4281,#4282,#4283);
#4281 = CARTESIAN_POINT('',(50.,21.,15.));
#4282 = DIRECTION('',(1.,0.,-0.));
#4283 = DIRECTION('',(0.,0.,1.));
#4284 = ADVANCED_FACE('',(#4285),#4303,.F.);
#4285 = FACE_BOUND('',#4286,.F.);
#4286 = EDGE_LOOP('',(#4287,#4288,#4289,#4297));
#4287 = ORIENTED_EDGE('',*,*,#4258,.F.);
#4288 = ORIENTED_EDGE('',*,*,#892,.T.);
#4289 = ORIENTED_EDGE('',*,*,#4290,.T.);
#4290 = EDGE_CURVE('',#893,#4291,#4293,.T.);
#4291 = VERTEX_POINT('',#4292);
#4292 = CARTESIAN_POINT('',(52.,46.,15.));
#4293 = LINE('',#4294,#4295);
#4294 = CARTESIAN_POINT('',(52.,21.,15.));
#4295 = VECTOR('',#4296,1.);
#4296 = DIRECTION('',(-0.,1.,0.));
#4297 = ORIENTED_EDGE('',*,*,#4298,.F.);
#4298 = EDGE_CURVE('',#4259,#4291,#4299,.T.);
#4299 = LINE('',#4300,#4301);
#4300 = CARTESIAN_POINT('',(50.,46.,15.));
#4301 = VECTOR('',#4302,1.);
#4302 = DIRECTION('',(1.,0.,-0.));
#4303 = PLANE('',#4304);
#4304 = AXIS2_PLACEMENT_3D('',#4305,#4306,#4307);
#4305 = CARTESIAN_POINT('',(50.,21.,15.));
#4306 = DIRECTION('',(0.,0.,1.));
#4307 = DIRECTION('',(1.,0.,-0.));
#4308 = ADVANCED_FACE('',(#4309),#4327,.T.);
#4309 = FACE_BOUND('',#4310,.T.);
#4310 = EDGE_LOOP('',(#4311,#4312,#4313,#4321));
#4311 = ORIENTED_EDGE('',*,*,#4274,.F.);
#4312 = ORIENTED_EDGE('',*,*,#908,.T.);
#4313 = ORIENTED_EDGE('',*,*,#4314,.T.);
#4314 = EDGE_CURVE('',#901,#4315,#4317,.T.);
#4315 = VERTEX_POINT('',#4316);
#4316 = CARTESIAN_POINT('',(52.,46.,295.));
#4317 = LINE('',#4318,#4319);
#4318 = CARTESIAN_POINT('',(52.,21.,295.));
#4319 = VECTOR('',#4320,1.);
#4320 = DIRECTION('',(-0.,1.,0.));
#4321 = ORIENTED_EDGE('',*,*,#4322,.F.);
#4322 = EDGE_CURVE('',#4267,#4315,#4323,.T.);
#4323 = LINE('',#4324,#4325);
#4324 = CARTESIAN_POINT('',(50.,46.,295.));
#4325 = VECTOR('',#4326,1.);
#4326 = DIRECTION('',(1.,0.,-0.));
#4327 = PLANE('',#4328);
#4328 = AXIS2_PLACEMENT_3D('',#4329,#4330,#4331);
#4329 = CARTESIAN_POINT('',(50.,21.,295.));
#4330 = DIRECTION('',(0.,0.,1.));
#4331 = DIRECTION('',(1.,0.,-0.));
#4332 = ADVANCED_FACE('',(#4333),#4344,.T.);
#4333 = FACE_BOUND('',#4334,.T.);
#4334 = EDGE_LOOP('',(#4335,#4336,#4337,#4343));
#4335 = ORIENTED_EDGE('',*,*,#900,.F.);
#4336 = ORIENTED_EDGE('',*,*,#4290,.T.);
#4337 = ORIENTED_EDGE('',*,*,#4338,.T.);
#4338 = EDGE_CURVE('',#4291,#4315,#4339,.T.);
#4339 = LINE('',#4340,#4341);
#4340 = CARTESIAN_POINT('',(52.,46.,15.));
#4341 = VECTOR('',#4342,1.);
#4342 = DIRECTION('',(0.,0.,1.));
#4343 = ORIENTED_EDGE('',*,*,#4314,.F.);
#4344 = PLANE('',#4345);
#4345 = AXIS2_PLACEMENT_3D('',#4346,#4347,#4348);
#4346 = CARTESIAN_POINT('',(52.,21.,15.));
#4347 = DIRECTION('',(1.,0.,-0.));
#4348 = DIRECTION('',(0.,0.,1.));
#4349 = ADVANCED_FACE('',(#4350),#4375,.F.);
#4350 = FACE_BOUND('',#4351,.F.);
#4351 = EDGE_LOOP('',(#4352,#4353,#4361,#4369));
#4352 = ORIENTED_EDGE('',*,*,#916,.F.);
#4353 = ORIENTED_EDGE('',*,*,#4354,.T.);
#4354 = EDGE_CURVE('',#917,#4355,#4357,.T.);
#4355 = VERTEX_POINT('',#4356);
#4356 = CARTESIAN_POINT('',(54.,46.,15.));
#4357 = LINE('',#4358,#4359);
#4358 = CARTESIAN_POINT('',(54.,21.,15.));
#4359 = VECTOR('',#4360,1.);
#4360 = DIRECTION('',(-0.,1.,0.));
#4361 = ORIENTED_EDGE('',*,*,#4362,.T.);
#4362 = EDGE_CURVE('',#4355,#4363,#4365,.T.);
#4363 = VERTEX_POINT('',#4364);
#4364 = CARTESIAN_POINT('',(54.,46.,295.));
#4365 = LINE('',#4366,#4367);
#4366 = CARTESIAN_POINT('',(54.,46.,15.));
#4367 = VECTOR('',#4368,1.);
#4368 = DIRECTION('',(0.,0.,1.));
#4369 = ORIENTED_EDGE('',*,*,#4370,.F.);
#4370 = EDGE_CURVE('',#919,#4363,#4371,.T.);
#4371 = LINE('',#4372,#4373);
#4372 = CARTESIAN_POINT('',(54.,21.,295.));
#4373 = VECTOR('',#4374,1.);
#4374 = DIRECTION('',(-0.,1.,0.));
#4375 = PLANE('',#4376);
#4376 = AXIS2_PLACEMENT_3D('',#4377,#4378,#4379);
#4377 = CARTESIAN_POINT('',(54.,21.,15.));
#4378 = DIRECTION('',(1.,0.,-0.));
#4379 = DIRECTION('',(0.,0.,1.));
#4380 = ADVANCED_FACE('',(#4381),#4399,.F.);
#4381 = FACE_BOUND('',#4382,.F.);
#4382 = EDGE_LOOP('',(#4383,#4384,#4385,#4393));
#4383 = ORIENTED_EDGE('',*,*,#4354,.F.);
#4384 = ORIENTED_EDGE('',*,*,#926,.T.);
#4385 = ORIENTED_EDGE('',*,*,#4386,.T.);
#4386 = EDGE_CURVE('',#927,#4387,#4389,.T.);
#4387 = VERTEX_POINT('',#4388);
#4388 = CARTESIAN_POINT('',(56.,46.,15.));
#4389 = LINE('',#4390,#4391);
#4390 = CARTESIAN_POINT('',(56.,21.,15.));
#4391 = VECTOR('',#4392,1.);
#4392 = DIRECTION('',(-0.,1.,0.));
#4393 = ORIENTED_EDGE('',*,*,#4394,.F.);
#4394 = EDGE_CURVE('',#4355,#4387,#4395,.T.);
#4395 = LINE('',#4396,#4397);
#4396 = CARTESIAN_POINT('',(54.,46.,15.));
#4397 = VECTOR('',#4398,1.);
#4398 = DIRECTION('',(1.,0.,-0.));
#4399 = PLANE('',#4400);
#4400 = AXIS2_PLACEMENT_3D('',#4401,#4402,#4403);
#4401 = CARTESIAN_POINT('',(54.,21.,15.));
#4402 = DIRECTION('',(0.,0.,1.));
#4403 = DIRECTION('',(1.,0.,-0.));
#4404 = ADVANCED_FACE('',(#4405),#4423,.T.);
#4405 = FACE_BOUND('',#4406,.T.);
#4406 = EDGE_LOOP('',(#4407,#4408,#4409,#4417));
#4407 = ORIENTED_EDGE('',*,*,#4370,.F.);
#4408 = ORIENTED_EDGE('',*,*,#942,.T.);
#4409 = ORIENTED_EDGE('',*,*,#4410,.T.);
#4410 = EDGE_CURVE('',#935,#4411,#4413,.T.);
#4411 = VERTEX_POINT('',#4412);
#4412 = CARTESIAN_POINT('',(56.,46.,295.));
#4413 = LINE('',#4414,#4415);
#4414 = CARTESIAN_POINT('',(56.,21.,295.));
#4415 = VECTOR('',#4416,1.);
#4416 = DIRECTION('',(-0.,1.,0.));
#4417 = ORIENTED_EDGE('',*,*,#4418,.F.);
#4418 = EDGE_CURVE('',#4363,#4411,#4419,.T.);
#4419 = LINE('',#4420,#4421);
#4420 = CARTESIAN_POINT('',(54.,46.,295.));
#4421 = VECTOR('',#4422,1.);
#4422 = DIRECTION('',(1.,0.,-0.));
#4423 = PLANE('',#4424);
#4424 = AXIS2_PLACEMENT_3D('',#4425,#4426,#4427);
#4425 = CARTESIAN_POINT('',(54.,21.,295.));
#4426 = DIRECTION('',(0.,0.,1.));
#4427 = DIRECTION('',(1.,0.,-0.));
#4428 = ADVANCED_FACE('',(#4429),#4440,.T.);
#4429 = FACE_BOUND('',#4430,.T.);
#4430 = EDGE_LOOP('',(#4431,#4432,#4433,#4439));
#4431 = ORIENTED_EDGE('',*,*,#934,.F.);
#4432 = ORIENTED_EDGE('',*,*,#4386,.T.);
#4433 = ORIENTED_EDGE('',*,*,#4434,.T.);
#4434 = EDGE_CURVE('',#4387,#4411,#4435,.T.);
#4435 = LINE('',#4436,#4437);
#4436 = CARTESIAN_POINT('',(56.,46.,15.));
#4437 = VECTOR('',#4438,1.);
#4438 = DIRECTION('',(0.,0.,1.));
#4439 = ORIENTED_EDGE('',*,*,#4410,.F.);
#4440 = PLANE('',#4441);
#4441 = AXIS2_PLACEMENT_3D('',#4442,#4443,#4444);
#4442 = CARTESIAN_POINT('',(56.,21.,15.));
#4443 = DIRECTION('',(1.,0.,-0.));
#4444 = DIRECTION('',(0.,0.,1.));
#4445 = ADVANCED_FACE('',(#4446),#4465,.F.);
#4446 = FACE_BOUND('',#4447,.F.);
#4447 = EDGE_LOOP('',(#4448,#4449,#4457,#4464));
#4448 = ORIENTED_EDGE('',*,*,#950,.F.);
#4449 = ORIENTED_EDGE('',*,*,#4450,.F.);
#4450 = EDGE_CURVE('',#4451,#951,#4453,.T.);
#4451 = VERTEX_POINT('',#4452);
#4452 = CARTESIAN_POINT('',(80.1,13.1,162.85));
#4453 = LINE('',#4454,#4455);
#4454 = CARTESIAN_POINT('',(80.1,13.1,162.85));
#4455 = VECTOR('',#4456,1.);
#4456 = DIRECTION('',(0.,1.,0.));
#4457 = ORIENTED_EDGE('',*,*,#4458,.T.);
#4458 = EDGE_CURVE('',#4451,#4451,#4459,.T.);
#4459 = CIRCLE('',#4460,1.25);
#4460 = AXIS2_PLACEMENT_3D('',#4461,#4462,#4463);
#4461 = CARTESIAN_POINT('',(80.1,13.1,161.6));
#4462 = DIRECTION('',(0.,1.,0.));
#4463 = DIRECTION('',(0.,-0.,1.));
#4464 = ORIENTED_EDGE('',*,*,#4450,.T.);
#4465 = CYLINDRICAL_SURFACE('',#4466,1.25);
#4466 = AXIS2_PLACEMENT_3D('',#4467,#4468,#4469);
#4467 = CARTESIAN_POINT('',(80.1,13.1,161.6));
#4468 = DIRECTION('',(0.,1.,0.));
#4469 = DIRECTION('',(0.,-0.,1.));
#4470 = ADVANCED_FACE('',(#4471),#4490,.F.);
#4471 = FACE_BOUND('',#4472,.F.);
#4472 = EDGE_LOOP('',(#4473,#4474,#4482,#4489));
#4473 = ORIENTED_EDGE('',*,*,#961,.F.);
#4474 = ORIENTED_EDGE('',*,*,#4475,.F.);
#4475 = EDGE_CURVE('',#4476,#962,#4478,.T.);
#4476 = VERTEX_POINT('',#4477);
#4477 = CARTESIAN_POINT('',(95.,13.1,162.85));
#4478 = LINE('',#4479,#4480);
#4479 = CARTESIAN_POINT('',(95.,13.1,162.85));
#4480 = VECTOR('',#4481,1.);
#4481 = DIRECTION('',(0.,1.,0.));
#4482 = ORIENTED_EDGE('',*,*,#4483,.T.);
#4483 = EDGE_CURVE('',#4476,#4476,#4484,.T.);
#4484 = CIRCLE('',#4485,1.25);
#4485 = AXIS2_PLACEMENT_3D('',#4486,#4487,#4488);
#4486 = CARTESIAN_POINT('',(95.,13.1,161.6));
#4487 = DIRECTION('',(0.,1.,0.));
#4488 = DIRECTION('',(0.,-0.,1.));
#4489 = ORIENTED_EDGE('',*,*,#4475,.T.);
#4490 = CYLINDRICAL_SURFACE('',#4491,1.25);
#4491 = AXIS2_PLACEMENT_3D('',#4492,#4493,#4494);
#4492 = CARTESIAN_POINT('',(95.,13.1,161.6));
#4493 = DIRECTION('',(0.,1.,0.));
#4494 = DIRECTION('',(0.,-0.,1.));
#4495 = ADVANCED_FACE('',(#4496),#4515,.F.);
#4496 = FACE_BOUND('',#4497,.F.);
#4497 = EDGE_LOOP('',(#4498,#4499,#4507,#4514));
#4498 = ORIENTED_EDGE('',*,*,#972,.F.);
#4499 = ORIENTED_EDGE('',*,*,#4500,.F.);
#4500 = EDGE_CURVE('',#4501,#973,#4503,.T.);
#4501 = VERTEX_POINT('',#4502);
#4502 = CARTESIAN_POINT('',(109.9,13.1,162.85));
#4503 = LINE('',#4504,#4505);
#4504 = CARTESIAN_POINT('',(109.9,13.1,162.85));
#4505 = VECTOR('',#4506,1.);
#4506 = DIRECTION('',(0.,1.,0.));
#4507 = ORIENTED_EDGE('',*,*,#4508,.T.);
#4508 = EDGE_CURVE('',#4501,#4501,#4509,.T.);
#4509 = CIRCLE('',#4510,1.25);
#4510 = AXIS2_PLACEMENT_3D('',#4511,#4512,#4513);
#4511 = CARTESIAN_POINT('',(109.9,13.1,161.6));
#4512 = DIRECTION('',(0.,1.,0.));
#4513 = DIRECTION('',(0.,-0.,1.));
#4514 = ORIENTED_EDGE('',*,*,#4500,.T.);
#4515 = CYLINDRICAL_SURFACE('',#4516,1.25);
#4516 = AXIS2_PLACEMENT_3D('',#4517,#4518,#4519);
#4517 = CARTESIAN_POINT('',(109.9,13.1,161.6));
#4518 = DIRECTION('',(0.,1.,0.));
#4519 = DIRECTION('',(0.,-0.,1.));
#4520 = ADVANCED_FACE('',(#4521),#4540,.F.);
#4521 = FACE_BOUND('',#4522,.F.);
#4522 = EDGE_LOOP('',(#4523,#4524,#4532,#4539));
#4523 = ORIENTED_EDGE('',*,*,#983,.F.);
#4524 = ORIENTED_EDGE('',*,*,#4525,.F.);
#4525 = EDGE_CURVE('',#4526,#984,#4528,.T.);
#4526 = VERTEX_POINT('',#4527);
#4527 = CARTESIAN_POINT('',(80.1,13.1,198.25));
#4528 = LINE('',#4529,#4530);
#4529 = CARTESIAN_POINT('',(80.1,13.1,198.25));
#4530 = VECTOR('',#4531,1.);
#4531 = DIRECTION('',(0.,1.,0.));
#4532 = ORIENTED_EDGE('',*,*,#4533,.T.);
#4533 = EDGE_CURVE('',#4526,#4526,#4534,.T.);
#4534 = CIRCLE('',#4535,1.25);
#4535 = AXIS2_PLACEMENT_3D('',#4536,#4537,#4538);
#4536 = CARTESIAN_POINT('',(80.1,13.1,197.));
#4537 = DIRECTION('',(0.,1.,0.));
#4538 = DIRECTION('',(0.,-0.,1.));
#4539 = ORIENTED_EDGE('',*,*,#4525,.T.);
#4540 = CYLINDRICAL_SURFACE('',#4541,1.25);
#4541 = AXIS2_PLACEMENT_3D('',#4542,#4543,#4544);
#4542 = CARTESIAN_POINT('',(80.1,13.1,197.));
#4543 = DIRECTION('',(0.,1.,0.));
#4544 = DIRECTION('',(0.,-0.,1.));
#4545 = ADVANCED_FACE('',(#4546),#4565,.F.);
#4546 = FACE_BOUND('',#4547,.F.);
#4547 = EDGE_LOOP('',(#4548,#4549,#4557,#4564));
#4548 = ORIENTED_EDGE('',*,*,#994,.F.);
#4549 = ORIENTED_EDGE('',*,*,#4550,.F.);
#4550 = EDGE_CURVE('',#4551,#995,#4553,.T.);
#4551 = VERTEX_POINT('',#4552);
#4552 = CARTESIAN_POINT('',(80.1,13.1,217.65));
#4553 = LINE('',#4554,#4555);
#4554 = CARTESIAN_POINT('',(80.1,13.1,217.65));
#4555 = VECTOR('',#4556,1.);
#4556 = DIRECTION('',(0.,1.,0.));
#4557 = ORIENTED_EDGE('',*,*,#4558,.T.);
#4558 = EDGE_CURVE('',#4551,#4551,#4559,.T.);
#4559 = CIRCLE('',#4560,1.25);
#4560 = AXIS2_PLACEMENT_3D('',#4561,#4562,#4563);
#4561 = CARTESIAN_POINT('',(80.1,13.1,216.4));
#4562 = DIRECTION('',(0.,1.,0.));
#4563 = DIRECTION('',(0.,-0.,1.));
#4564 = ORIENTED_EDGE('',*,*,#4550,.T.);
#4565 = CYLINDRICAL_SURFACE('',#4566,1.25);
#4566 = AXIS2_PLACEMENT_3D('',#4567,#4568,#4569);
#4567 = CARTESIAN_POINT('',(80.1,13.1,216.4));
#4568 = DIRECTION('',(0.,1.,0.));
#4569 = DIRECTION('',(0.,-0.,1.));
#4570 = ADVANCED_FACE('',(#4571),#4590,.F.);
#4571 = FACE_BOUND('',#4572,.F.);
#4572 = EDGE_LOOP('',(#4573,#4574,#4582,#4589));
#4573 = ORIENTED_EDGE('',*,*,#1005,.F.);
#4574 = ORIENTED_EDGE('',*,*,#4575,.F.);
#4575 = EDGE_CURVE('',#4576,#1006,#4578,.T.);
#4576 = VERTEX_POINT('',#4577);
#4577 = CARTESIAN_POINT('',(109.9,13.1,198.25));
#4578 = LINE('',#4579,#4580);
#4579 = CARTESIAN_POINT('',(109.9,13.1,198.25));
#4580 = VECTOR('',#4581,1.);
#4581 = DIRECTION('',(0.,1.,0.));
#4582 = ORIENTED_EDGE('',*,*,#4583,.T.);
#4583 = EDGE_CURVE('',#4576,#4576,#4584,.T.);
#4584 = CIRCLE('',#4585,1.25);
#4585 = AXIS2_PLACEMENT_3D('',#4586,#4587,#4588);
#4586 = CARTESIAN_POINT('',(109.9,13.1,197.));
#4587 = DIRECTION('',(0.,1.,0.));
#4588 = DIRECTION('',(0.,-0.,1.));
#4589 = ORIENTED_EDGE('',*,*,#4575,.T.);
#4590 = CYLINDRICAL_SURFACE('',#4591,1.25);
#4591 = AXIS2_PLACEMENT_3D('',#4592,#4593,#4594);
#4592 = CARTESIAN_POINT('',(109.9,13.1,197.));
#4593 = DIRECTION('',(0.,1.,0.));
#4594 = DIRECTION('',(0.,-0.,1.));
#4595 = ADVANCED_FACE('',(#4596),#4615,.F.);
#4596 = FACE_BOUND('',#4597,.F.);
#4597 = EDGE_LOOP('',(#4598,#4599,#4607,#4614));
#4598 = ORIENTED_EDGE('',*,*,#1016,.F.);
#4599 = ORIENTED_EDGE('',*,*,#4600,.F.);
#4600 = EDGE_CURVE('',#4601,#1017,#4603,.T.);
#4601 = VERTEX_POINT('',#4602);
#4602 = CARTESIAN_POINT('',(109.9,13.1,217.65));
#4603 = LINE('',#4604,#4605);
#4604 = CARTESIAN_POINT('',(109.9,13.1,217.65));
#4605 = VECTOR('',#4606,1.);
#4606 = DIRECTION('',(0.,1.,0.));
#4607 = ORIENTED_EDGE('',*,*,#4608,.T.);
#4608 = EDGE_CURVE('',#4601,#4601,#4609,.T.);
#4609 = CIRCLE('',#4610,1.25);
#4610 = AXIS2_PLACEMENT_3D('',#4611,#4612,#4613);
#4611 = CARTESIAN_POINT('',(109.9,13.1,216.4));
#4612 = DIRECTION('',(0.,1.,0.));
#4613 = DIRECTION('',(0.,-0.,1.));
#4614 = ORIENTED_EDGE('',*,*,#4600,.T.);
#4615 = CYLINDRICAL_SURFACE('',#4616,1.25);
#4616 = AXIS2_PLACEMENT_3D('',#4617,#4618,#4619);
#4617 = CARTESIAN_POINT('',(109.9,13.1,216.4));
#4618 = DIRECTION('',(0.,1.,0.));
#4619 = DIRECTION('',(0.,-0.,1.));
#4620 = ADVANCED_FACE('',(#4621),#4640,.F.);
#4621 = FACE_BOUND('',#4622,.F.);
#4622 = EDGE_LOOP('',(#4623,#4624,#4632,#4639));
#4623 = ORIENTED_EDGE('',*,*,#1027,.F.);
#4624 = ORIENTED_EDGE('',*,*,#4625,.F.);
#4625 = EDGE_CURVE('',#4626,#1028,#4628,.T.);
#4626 = VERTEX_POINT('',#4627);
#4627 = CARTESIAN_POINT('',(120.1,13.1,162.85));
#4628 = LINE('',#4629,#4630);
#4629 = CARTESIAN_POINT('',(120.1,13.1,162.85));
#4630 = VECTOR('',#4631,1.);
#4631 = DIRECTION('',(0.,1.,0.));
#4632 = ORIENTED_EDGE('',*,*,#4633,.T.);
#4633 = EDGE_CURVE('',#4626,#4626,#4634,.T.);
#4634 = CIRCLE('',#4635,1.25);
#4635 = AXIS2_PLACEMENT_3D('',#4636,#4637,#4638);
#4636 = CARTESIAN_POINT('',(120.1,13.1,161.6));
#4637 = DIRECTION('',(0.,1.,0.));
#4638 = DIRECTION('',(0.,-0.,1.));
#4639 = ORIENTED_EDGE('',*,*,#4625,.T.);
#4640 = CYLINDRICAL_SURFACE('',#4641,1.25);
#4641 = AXIS2_PLACEMENT_3D('',#4642,#4643,#4644);
#4642 = CARTESIAN_POINT('',(120.1,13.1,161.6));
#4643 = DIRECTION('',(0.,1.,0.));
#4644 = DIRECTION('',(0.,-0.,1.));
#4645 = ADVANCED_FACE('',(#4646),#4665,.F.);
#4646 = FACE_BOUND('',#4647,.F.);
#4647 = EDGE_LOOP('',(#4648,#4649,#4657,#4664));
#4648 = ORIENTED_EDGE('',*,*,#1038,.F.);
#4649 = ORIENTED_EDGE('',*,*,#4650,.F.);
#4650 = EDGE_CURVE('',#4651,#1039,#4653,.T.);
#4651 = VERTEX_POINT('',#4652);
#4652 = CARTESIAN_POINT('',(135.,13.1,162.85));
#4653 = LINE('',#4654,#4655);
#4654 = CARTESIAN_POINT('',(135.,13.1,162.85));
#4655 = VECTOR('',#4656,1.);
#4656 = DIRECTION('',(0.,1.,0.));
#4657 = ORIENTED_EDGE('',*,*,#4658,.T.);
#4658 = EDGE_CURVE('',#4651,#4651,#4659,.T.);
#4659 = CIRCLE('',#4660,1.25);
#4660 = AXIS2_PLACEMENT_3D('',#4661,#4662,#4663);
#4661 = CARTESIAN_POINT('',(135.,13.1,161.6));
#4662 = DIRECTION('',(0.,1.,0.));
#4663 = DIRECTION('',(0.,-0.,1.));
#4664 = ORIENTED_EDGE('',*,*,#4650,.T.);
#4665 = CYLINDRICAL_SURFACE('',#4666,1.25);
#4666 = AXIS2_PLACEMENT_3D('',#4667,#4668,#4669);
#4667 = CARTESIAN_POINT('',(135.,13.1,161.6));
#4668 = DIRECTION('',(0.,1.,0.));
#4669 = DIRECTION('',(0.,-0.,1.));
#4670 = ADVANCED_FACE('',(#4671),#4690,.F.);
#4671 = FACE_BOUND('',#4672,.F.);
#4672 = EDGE_LOOP('',(#4673,#4674,#4682,#4689));
#4673 = ORIENTED_EDGE('',*,*,#1049,.F.);
#4674 = ORIENTED_EDGE('',*,*,#4675,.F.);
#4675 = EDGE_CURVE('',#4676,#1050,#4678,.T.);
#4676 = VERTEX_POINT('',#4677);
#4677 = CARTESIAN_POINT('',(149.9,13.1,162.85));
#4678 = LINE('',#4679,#4680);
#4679 = CARTESIAN_POINT('',(149.9,13.1,162.85));
#4680 = VECTOR('',#4681,1.);
#4681 = DIRECTION('',(0.,1.,0.));
#4682 = ORIENTED_EDGE('',*,*,#4683,.T.);
#4683 = EDGE_CURVE('',#4676,#4676,#4684,.T.);
#4684 = CIRCLE('',#4685,1.25);
#4685 = AXIS2_PLACEMENT_3D('',#4686,#4687,#4688);
#4686 = CARTESIAN_POINT('',(149.9,13.1,161.6));
#4687 = DIRECTION('',(0.,1.,0.));
#4688 = DIRECTION('',(0.,-0.,1.));
#4689 = ORIENTED_EDGE('',*,*,#4675,.T.);
#4690 = CYLINDRICAL_SURFACE('',#4691,1.25);
#4691 = AXIS2_PLACEMENT_3D('',#4692,#4693,#4694);
#4692 = CARTESIAN_POINT('',(149.9,13.1,161.6));
#4693 = DIRECTION('',(0.,1.,0.));
#4694 = DIRECTION('',(0.,-0.,1.));
#4695 = ADVANCED_FACE('',(#4696),#4715,.F.);
#4696 = FACE_BOUND('',#4697,.F.);
#4697 = EDGE_LOOP('',(#4698,#4699,#4707,#4714));
#4698 = ORIENTED_EDGE('',*,*,#1060,.F.);
#4699 = ORIENTED_EDGE('',*,*,#4700,.F.);
#4700 = EDGE_CURVE('',#4701,#1061,#4703,.T.);
#4701 = VERTEX_POINT('',#4702);
#4702 = CARTESIAN_POINT('',(120.1,13.1,198.25));
#4703 = LINE('',#4704,#4705);
#4704 = CARTESIAN_POINT('',(120.1,13.1,198.25));
#4705 = VECTOR('',#4706,1.);
#4706 = DIRECTION('',(0.,1.,0.));
#4707 = ORIENTED_EDGE('',*,*,#4708,.T.);
#4708 = EDGE_CURVE('',#4701,#4701,#4709,.T.);
#4709 = CIRCLE('',#4710,1.25);
#4710 = AXIS2_PLACEMENT_3D('',#4711,#4712,#4713);
#4711 = CARTESIAN_POINT('',(120.1,13.1,197.));
#4712 = DIRECTION('',(0.,1.,0.));
#4713 = DIRECTION('',(0.,-0.,1.));
#4714 = ORIENTED_EDGE('',*,*,#4700,.T.);
#4715 = CYLINDRICAL_SURFACE('',#4716,1.25);
#4716 = AXIS2_PLACEMENT_3D('',#4717,#4718,#4719);
#4717 = CARTESIAN_POINT('',(120.1,13.1,197.));
#4718 = DIRECTION('',(0.,1.,0.));
#4719 = DIRECTION('',(0.,-0.,1.));
#4720 = ADVANCED_FACE('',(#4721),#4740,.F.);
#4721 = FACE_BOUND('',#4722,.F.);
#4722 = EDGE_LOOP('',(#4723,#4724,#4732,#4739));
#4723 = ORIENTED_EDGE('',*,*,#1071,.F.);
#4724 = ORIENTED_EDGE('',*,*,#4725,.F.);
#4725 = EDGE_CURVE('',#4726,#1072,#4728,.T.);
#4726 = VERTEX_POINT('',#4727);
#4727 = CARTESIAN_POINT('',(120.1,13.1,217.65));
#4728 = LINE('',#4729,#4730);
#4729 = CARTESIAN_POINT('',(120.1,13.1,217.65));
#4730 = VECTOR('',#4731,1.);
#4731 = DIRECTION('',(0.,1.,0.));
#4732 = ORIENTED_EDGE('',*,*,#4733,.T.);
#4733 = EDGE_CURVE('',#4726,#4726,#4734,.T.);
#4734 = CIRCLE('',#4735,1.25);
#4735 = AXIS2_PLACEMENT_3D('',#4736,#4737,#4738);
#4736 = CARTESIAN_POINT('',(120.1,13.1,216.4));
#4737 = DIRECTION('',(0.,1.,0.));
#4738 = DIRECTION('',(0.,-0.,1.));
#4739 = ORIENTED_EDGE('',*,*,#4725,.T.);
#4740 = CYLINDRICAL_SURFACE('',#4741,1.25);
#4741 = AXIS2_PLACEMENT_3D('',#4742,#4743,#4744);
#4742 = CARTESIAN_POINT('',(120.1,13.1,216.4));
#4743 = DIRECTION('',(0.,1.,0.));
#4744 = DIRECTION('',(0.,-0.,1.));
#4745 = ADVANCED_FACE('',(#4746),#4765,.F.);
#4746 = FACE_BOUND('',#4747,.F.);
#4747 = EDGE_LOOP('',(#4748,#4749,#4757,#4764));
#4748 = ORIENTED_EDGE('',*,*,#1082,.F.);
#4749 = ORIENTED_EDGE('',*,*,#4750,.F.);
#4750 = EDGE_CURVE('',#4751,#1083,#4753,.T.);
#4751 = VERTEX_POINT('',#4752);
#4752 = CARTESIAN_POINT('',(149.9,13.1,198.25));
#4753 = LINE('',#4754,#4755);
#4754 = CARTESIAN_POINT('',(149.9,13.1,198.25));
#4755 = VECTOR('',#4756,1.);
#4756 = DIRECTION('',(0.,1.,0.));
#4757 = ORIENTED_EDGE('',*,*,#4758,.T.);
#4758 = EDGE_CURVE('',#4751,#4751,#4759,.T.);
#4759 = CIRCLE('',#4760,1.25);
#4760 = AXIS2_PLACEMENT_3D('',#4761,#4762,#4763);
#4761 = CARTESIAN_POINT('',(149.9,13.1,197.));
#4762 = DIRECTION('',(0.,1.,0.));
#4763 = DIRECTION('',(0.,-0.,1.));
#4764 = ORIENTED_EDGE('',*,*,#4750,.T.);
#4765 = CYLINDRICAL_SURFACE('',#4766,1.25);
#4766 = AXIS2_PLACEMENT_3D('',#4767,#4768,#4769);
#4767 = CARTESIAN_POINT('',(149.9,13.1,197.));
#4768 = DIRECTION('',(0.,1.,0.));
#4769 = DIRECTION('',(0.,-0.,1.));
#4770 = ADVANCED_FACE('',(#4771),#4790,.F.);
#4771 = FACE_BOUND('',#4772,.F.);
#4772 = EDGE_LOOP('',(#4773,#4774,#4782,#4789));
#4773 = ORIENTED_EDGE('',*,*,#1093,.F.);
#4774 = ORIENTED_EDGE('',*,*,#4775,.F.);
#4775 = EDGE_CURVE('',#4776,#1094,#4778,.T.);
#4776 = VERTEX_POINT('',#4777);
#4777 = CARTESIAN_POINT('',(149.9,13.1,217.65));
#4778 = LINE('',#4779,#4780);
#4779 = CARTESIAN_POINT('',(149.9,13.1,217.65));
#4780 = VECTOR('',#4781,1.);
#4781 = DIRECTION('',(0.,1.,0.));
#4782 = ORIENTED_EDGE('',*,*,#4783,.T.);
#4783 = EDGE_CURVE('',#4776,#4776,#4784,.T.);
#4784 = CIRCLE('',#4785,1.25);
#4785 = AXIS2_PLACEMENT_3D('',#4786,#4787,#4788);
#4786 = CARTESIAN_POINT('',(149.9,13.1,216.4));
#4787 = DIRECTION('',(0.,1.,0.));
#4788 = DIRECTION('',(0.,-0.,1.));
#4789 = ORIENTED_EDGE('',*,*,#4775,.T.);
#4790 = CYLINDRICAL_SURFACE('',#4791,1.25);
#4791 = AXIS2_PLACEMENT_3D('',#4792,#4793,#4794);
#4792 = CARTESIAN_POINT('',(149.9,13.1,216.4));
#4793 = DIRECTION('',(0.,1.,0.));
#4794 = DIRECTION('',(0.,-0.,1.));
#4795 = ADVANCED_FACE('',(#4796),#4815,.F.);
#4796 = FACE_BOUND('',#4797,.F.);
#4797 = EDGE_LOOP('',(#4798,#4799,#4807,#4814));
#4798 = ORIENTED_EDGE('',*,*,#1104,.F.);
#4799 = ORIENTED_EDGE('',*,*,#4800,.F.);
#4800 = EDGE_CURVE('',#4801,#1105,#4803,.T.);
#4801 = VERTEX_POINT('',#4802);
#4802 = CARTESIAN_POINT('',(80.1,13.1,230.85));
#4803 = LINE('',#4804,#4805);
#4804 = CARTESIAN_POINT('',(80.1,13.1,230.85));
#4805 = VECTOR('',#4806,1.);
#4806 = DIRECTION('',(0.,1.,0.));
#4807 = ORIENTED_EDGE('',*,*,#4808,.T.);
#4808 = EDGE_CURVE('',#4801,#4801,#4809,.T.);
#4809 = CIRCLE('',#4810,1.25);
#4810 = AXIS2_PLACEMENT_3D('',#4811,#4812,#4813);
#4811 = CARTESIAN_POINT('',(80.1,13.1,229.6));
#4812 = DIRECTION('',(0.,1.,0.));
#4813 = DIRECTION('',(0.,-0.,1.));
#4814 = ORIENTED_EDGE('',*,*,#4800,.T.);
#4815 = CYLINDRICAL_SURFACE('',#4816,1.25);
#4816 = AXIS2_PLACEMENT_3D('',#4817,#4818,#4819);
#4817 = CARTESIAN_POINT('',(80.1,13.1,229.6));
#4818 = DIRECTION('',(0.,1.,0.));
#4819 = DIRECTION('',(0.,-0.,1.));
#4820 = ADVANCED_FACE('',(#4821),#4840,.F.);
#4821 = FACE_BOUND('',#4822,.F.);
#4822 = EDGE_LOOP('',(#4823,#4824,#4832,#4839));
#4823 = ORIENTED_EDGE('',*,*,#1115,.F.);
#4824 = ORIENTED_EDGE('',*,*,#4825,.F.);
#4825 = EDGE_CURVE('',#4826,#1116,#4828,.T.);
#4826 = VERTEX_POINT('',#4827);
#4827 = CARTESIAN_POINT('',(95.,13.1,230.85));
#4828 = LINE('',#4829,#4830);
#4829 = CARTESIAN_POINT('',(95.,13.1,230.85));
#4830 = VECTOR('',#4831,1.);
#4831 = DIRECTION('',(0.,1.,0.));
#4832 = ORIENTED_EDGE('',*,*,#4833,.T.);
#4833 = EDGE_CURVE('',#4826,#4826,#4834,.T.);
#4834 = CIRCLE('',#4835,1.25);
#4835 = AXIS2_PLACEMENT_3D('',#4836,#4837,#4838);
#4836 = CARTESIAN_POINT('',(95.,13.1,229.6));
#4837 = DIRECTION('',(0.,1.,0.));
#4838 = DIRECTION('',(0.,-0.,1.));
#4839 = ORIENTED_EDGE('',*,*,#4825,.T.);
#4840 = CYLINDRICAL_SURFACE('',#4841,1.25);
#4841 = AXIS2_PLACEMENT_3D('',#4842,#4843,#4844);
#4842 = CARTESIAN_POINT('',(95.,13.1,229.6));
#4843 = DIRECTION('',(0.,1.,0.));
#4844 = DIRECTION('',(0.,-0.,1.));
#4845 = ADVANCED_FACE('',(#4846),#4865,.F.);
#4846 = FACE_BOUND('',#4847,.F.);
#4847 = EDGE_LOOP('',(#4848,#4849,#4857,#4864));
#4848 = ORIENTED_EDGE('',*,*,#1126,.F.);
#4849 = ORIENTED_EDGE('',*,*,#4850,.F.);
#4850 = EDGE_CURVE('',#4851,#1127,#4853,.T.);
#4851 = VERTEX_POINT('',#4852);
#4852 = CARTESIAN_POINT('',(109.9,13.1,230.85));
#4853 = LINE('',#4854,#4855);
#4854 = CARTESIAN_POINT('',(109.9,13.1,230.85));
#4855 = VECTOR('',#4856,1.);
#4856 = DIRECTION('',(0.,1.,0.));
#4857 = ORIENTED_EDGE('',*,*,#4858,.T.);
#4858 = EDGE_CURVE('',#4851,#4851,#4859,.T.);
#4859 = CIRCLE('',#4860,1.25);
#4860 = AXIS2_PLACEMENT_3D('',#4861,#4862,#4863);
#4861 = CARTESIAN_POINT('',(109.9,13.1,229.6));
#4862 = DIRECTION('',(0.,1.,0.));
#4863 = DIRECTION('',(0.,-0.,1.));
#4864 = ORIENTED_EDGE('',*,*,#4850,.T.);
#4865 = CYLINDRICAL_SURFACE('',#4866,1.25);
#4866 = AXIS2_PLACEMENT_3D('',#4867,#4868,#4869);
#4867 = CARTESIAN_POINT('',(109.9,13.1,229.6));
#4868 = DIRECTION('',(0.,1.,0.));
#4869 = DIRECTION('',(0.,-0.,1.));
#4870 = ADVANCED_FACE('',(#4871),#4890,.F.);
#4871 = FACE_BOUND('',#4872,.F.);
#4872 = EDGE_LOOP('',(#4873,#4874,#4882,#4889));
#4873 = ORIENTED_EDGE('',*,*,#1137,.F.);
#4874 = ORIENTED_EDGE('',*,*,#4875,.F.);
#4875 = EDGE_CURVE('',#4876,#1138,#4878,.T.);
#4876 = VERTEX_POINT('',#4877);
#4877 = CARTESIAN_POINT('',(80.1,13.1,266.25));
#4878 = LINE('',#4879,#4880);
#4879 = CARTESIAN_POINT('',(80.1,13.1,266.25));
#4880 = VECTOR('',#4881,1.);
#4881 = DIRECTION('',(0.,1.,0.));
#4882 = ORIENTED_EDGE('',*,*,#4883,.T.);
#4883 = EDGE_CURVE('',#4876,#4876,#4884,.T.);
#4884 = CIRCLE('',#4885,1.25);
#4885 = AXIS2_PLACEMENT_3D('',#4886,#4887,#4888);
#4886 = CARTESIAN_POINT('',(80.1,13.1,265.));
#4887 = DIRECTION('',(0.,1.,0.));
#4888 = DIRECTION('',(0.,-0.,1.));
#4889 = ORIENTED_EDGE('',*,*,#4875,.T.);
#4890 = CYLINDRICAL_SURFACE('',#4891,1.25);
#4891 = AXIS2_PLACEMENT_3D('',#4892,#4893,#4894);
#4892 = CARTESIAN_POINT('',(80.1,13.1,265.));
#4893 = DIRECTION('',(0.,1.,0.));
#4894 = DIRECTION('',(0.,-0.,1.));
#4895 = ADVANCED_FACE('',(#4896),#4915,.F.);
#4896 = FACE_BOUND('',#4897,.F.);
#4897 = EDGE_LOOP('',(#4898,#4899,#4907,#4914));
#4898 = ORIENTED_EDGE('',*,*,#1148,.F.);
#4899 = ORIENTED_EDGE('',*,*,#4900,.F.);
#4900 = EDGE_CURVE('',#4901,#1149,#4903,.T.);
#4901 = VERTEX_POINT('',#4902);
#4902 = CARTESIAN_POINT('',(80.1,13.1,285.65));
#4903 = LINE('',#4904,#4905);
#4904 = CARTESIAN_POINT('',(80.1,13.1,285.65));
#4905 = VECTOR('',#4906,1.);
#4906 = DIRECTION('',(0.,1.,0.));
#4907 = ORIENTED_EDGE('',*,*,#4908,.T.);
#4908 = EDGE_CURVE('',#4901,#4901,#4909,.T.);
#4909 = CIRCLE('',#4910,1.25);
#4910 = AXIS2_PLACEMENT_3D('',#4911,#4912,#4913);
#4911 = CARTESIAN_POINT('',(80.1,13.1,284.4));
#4912 = DIRECTION('',(0.,1.,0.));
#4913 = DIRECTION('',(0.,-0.,1.));
#4914 = ORIENTED_EDGE('',*,*,#4900,.T.);
#4915 = CYLINDRICAL_SURFACE('',#4916,1.25);
#4916 = AXIS2_PLACEMENT_3D('',#4917,#4918,#4919);
#4917 = CARTESIAN_POINT('',(80.1,13.1,284.4));
#4918 = DIRECTION('',(0.,1.,0.));
#4919 = DIRECTION('',(0.,-0.,1.));
#4920 = ADVANCED_FACE('',(#4921),#4940,.F.);
#4921 = FACE_BOUND('',#4922,.F.);
#4922 = EDGE_LOOP('',(#4923,#4924,#4932,#4939));
#4923 = ORIENTED_EDGE('',*,*,#1159,.F.);
#4924 = ORIENTED_EDGE('',*,*,#4925,.F.);
#4925 = EDGE_CURVE('',#4926,#1160,#4928,.T.);
#4926 = VERTEX_POINT('',#4927);
#4927 = CARTESIAN_POINT('',(109.9,13.1,266.25));
#4928 = LINE('',#4929,#4930);
#4929 = CARTESIAN_POINT('',(109.9,13.1,266.25));
#4930 = VECTOR('',#4931,1.);
#4931 = DIRECTION('',(0.,1.,0.));
#4932 = ORIENTED_EDGE('',*,*,#4933,.T.);
#4933 = EDGE_CURVE('',#4926,#4926,#4934,.T.);
#4934 = CIRCLE('',#4935,1.25);
#4935 = AXIS2_PLACEMENT_3D('',#4936,#4937,#4938);
#4936 = CARTESIAN_POINT('',(109.9,13.1,265.));
#4937 = DIRECTION('',(0.,1.,0.));
#4938 = DIRECTION('',(0.,-0.,1.));
#4939 = ORIENTED_EDGE('',*,*,#4925,.T.);
#4940 = CYLINDRICAL_SURFACE('',#4941,1.25);
#4941 = AXIS2_PLACEMENT_3D('',#4942,#4943,#4944);
#4942 = CARTESIAN_POINT('',(109.9,13.1,265.));
#4943 = DIRECTION('',(0.,1.,0.));
#4944 = DIRECTION('',(0.,-0.,1.));
#4945 = ADVANCED_FACE('',(#4946),#4965,.F.);
#4946 = FACE_BOUND('',#4947,.F.);
#4947 = EDGE_LOOP('',(#4948,#4949,#4957,#4964));
#4948 = ORIENTED_EDGE('',*,*,#1170,.F.);
#4949 = ORIENTED_EDGE('',*,*,#4950,.F.);
#4950 = EDGE_CURVE('',#4951,#1171,#4953,.T.);
#4951 = VERTEX_POINT('',#4952);
#4952 = CARTESIAN_POINT('',(109.9,13.1,285.65));
#4953 = LINE('',#4954,#4955);
#4954 = CARTESIAN_POINT('',(109.9,13.1,285.65));
#4955 = VECTOR('',#4956,1.);
#4956 = DIRECTION('',(0.,1.,0.));
#4957 = ORIENTED_EDGE('',*,*,#4958,.T.);
#4958 = EDGE_CURVE('',#4951,#4951,#4959,.T.);
#4959 = CIRCLE('',#4960,1.25);
#4960 = AXIS2_PLACEMENT_3D('',#4961,#4962,#4963);
#4961 = CARTESIAN_POINT('',(109.9,13.1,284.4));
#4962 = DIRECTION('',(0.,1.,0.));
#4963 = DIRECTION('',(0.,-0.,1.));
#4964 = ORIENTED_EDGE('',*,*,#4950,.T.);
#4965 = CYLINDRICAL_SURFACE('',#4966,1.25);
#4966 = AXIS2_PLACEMENT_3D('',#4967,#4968,#4969);
#4967 = CARTESIAN_POINT('',(109.9,13.1,284.4));
#4968 = DIRECTION('',(0.,1.,0.));
#4969 = DIRECTION('',(0.,-0.,1.));
#4970 = ADVANCED_FACE('',(#4971),#4990,.F.);
#4971 = FACE_BOUND('',#4972,.F.);
#4972 = EDGE_LOOP('',(#4973,#4974,#4982,#4989));
#4973 = ORIENTED_EDGE('',*,*,#1181,.F.);
#4974 = ORIENTED_EDGE('',*,*,#4975,.F.);
#4975 = EDGE_CURVE('',#4976,#1182,#4978,.T.);
#4976 = VERTEX_POINT('',#4977);
#4977 = CARTESIAN_POINT('',(120.1,13.1,230.85));
#4978 = LINE('',#4979,#4980);
#4979 = CARTESIAN_POINT('',(120.1,13.1,230.85));
#4980 = VECTOR('',#4981,1.);
#4981 = DIRECTION('',(0.,1.,0.));
#4982 = ORIENTED_EDGE('',*,*,#4983,.T.);
#4983 = EDGE_CURVE('',#4976,#4976,#4984,.T.);
#4984 = CIRCLE('',#4985,1.25);
#4985 = AXIS2_PLACEMENT_3D('',#4986,#4987,#4988);
#4986 = CARTESIAN_POINT('',(120.1,13.1,229.6));
#4987 = DIRECTION('',(0.,1.,0.));
#4988 = DIRECTION('',(0.,-0.,1.));
#4989 = ORIENTED_EDGE('',*,*,#4975,.T.);
#4990 = CYLINDRICAL_SURFACE('',#4991,1.25);
#4991 = AXIS2_PLACEMENT_3D('',#4992,#4993,#4994);
#4992 = CARTESIAN_POINT('',(120.1,13.1,229.6));
#4993 = DIRECTION('',(0.,1.,0.));
#4994 = DIRECTION('',(0.,-0.,1.));
#4995 = ADVANCED_FACE('',(#4996),#5015,.F.);
#4996 = FACE_BOUND('',#4997,.F.);
#4997 = EDGE_LOOP('',(#4998,#4999,#5007,#5014));
#4998 = ORIENTED_EDGE('',*,*,#1192,.F.);
#4999 = ORIENTED_EDGE('',*,*,#5000,.F.);
#5000 = EDGE_CURVE('',#5001,#1193,#5003,.T.);
#5001 = VERTEX_POINT('',#5002);
#5002 = CARTESIAN_POINT('',(135.,13.1,230.85));
#5003 = LINE('',#5004,#5005);
#5004 = CARTESIAN_POINT('',(135.,13.1,230.85));
#5005 = VECTOR('',#5006,1.);
#5006 = DIRECTION('',(0.,1.,0.));
#5007 = ORIENTED_EDGE('',*,*,#5008,.T.);
#5008 = EDGE_CURVE('',#5001,#5001,#5009,.T.);
#5009 = CIRCLE('',#5010,1.25);
#5010 = AXIS2_PLACEMENT_3D('',#5011,#5012,#5013);
#5011 = CARTESIAN_POINT('',(135.,13.1,229.6));
#5012 = DIRECTION('',(0.,1.,0.));
#5013 = DIRECTION('',(0.,-0.,1.));
#5014 = ORIENTED_EDGE('',*,*,#5000,.T.);
#5015 = CYLINDRICAL_SURFACE('',#5016,1.25);
#5016 = AXIS2_PLACEMENT_3D('',#5017,#5018,#5019);
#5017 = CARTESIAN_POINT('',(135.,13.1,229.6));
#5018 = DIRECTION('',(0.,1.,0.));
#5019 = DIRECTION('',(0.,-0.,1.));
#5020 = ADVANCED_FACE('',(#5021),#5040,.F.);
#5021 = FACE_BOUND('',#5022,.F.);
#5022 = EDGE_LOOP('',(#5023,#5024,#5032,#5039));
#5023 = ORIENTED_EDGE('',*,*,#1203,.F.);
#5024 = ORIENTED_EDGE('',*,*,#5025,.F.);
#5025 = EDGE_CURVE('',#5026,#1204,#5028,.T.);
#5026 = VERTEX_POINT('',#5027);
#5027 = CARTESIAN_POINT('',(149.9,13.1,230.85));
#5028 = LINE('',#5029,#5030);
#5029 = CARTESIAN_POINT('',(149.9,13.1,230.85));
#5030 = VECTOR('',#5031,1.);
#5031 = DIRECTION('',(0.,1.,0.));
#5032 = ORIENTED_EDGE('',*,*,#5033,.T.);
#5033 = EDGE_CURVE('',#5026,#5026,#5034,.T.);
#5034 = CIRCLE('',#5035,1.25);
#5035 = AXIS2_PLACEMENT_3D('',#5036,#5037,#5038);
#5036 = CARTESIAN_POINT('',(149.9,13.1,229.6));
#5037 = DIRECTION('',(0.,1.,0.));
#5038 = DIRECTION('',(0.,-0.,1.));
#5039 = ORIENTED_EDGE('',*,*,#5025,.T.);
#5040 = CYLINDRICAL_SURFACE('',#5041,1.25);
#5041 = AXIS2_PLACEMENT_3D('',#5042,#5043,#5044);
#5042 = CARTESIAN_POINT('',(149.9,13.1,229.6));
#5043 = DIRECTION('',(0.,1.,0.));
#5044 = DIRECTION('',(0.,-0.,1.));
#5045 = ADVANCED_FACE('',(#5046),#5065,.F.);
#5046 = FACE_BOUND('',#5047,.F.);
#5047 = EDGE_LOOP('',(#5048,#5049,#5057,#5064));
#5048 = ORIENTED_EDGE('',*,*,#1214,.F.);
#5049 = ORIENTED_EDGE('',*,*,#5050,.F.);
#5050 = EDGE_CURVE('',#5051,#1215,#5053,.T.);
#5051 = VERTEX_POINT('',#5052);
#5052 = CARTESIAN_POINT('',(120.1,13.1,266.25));
#5053 = LINE('',#5054,#5055);
#5054 = CARTESIAN_POINT('',(120.1,13.1,266.25));
#5055 = VECTOR('',#5056,1.);
#5056 = DIRECTION('',(0.,1.,0.));
#5057 = ORIENTED_EDGE('',*,*,#5058,.T.);
#5058 = EDGE_CURVE('',#5051,#5051,#5059,.T.);
#5059 = CIRCLE('',#5060,1.25);
#5060 = AXIS2_PLACEMENT_3D('',#5061,#5062,#5063);
#5061 = CARTESIAN_POINT('',(120.1,13.1,265.));
#5062 = DIRECTION('',(0.,1.,0.));
#5063 = DIRECTION('',(0.,-0.,1.));
#5064 = ORIENTED_EDGE('',*,*,#5050,.T.);
#5065 = CYLINDRICAL_SURFACE('',#5066,1.25);
#5066 = AXIS2_PLACEMENT_3D('',#5067,#5068,#5069);
#5067 = CARTESIAN_POINT('',(120.1,13.1,265.));
#5068 = DIRECTION('',(0.,1.,0.));
#5069 = DIRECTION('',(0.,-0.,1.));
#5070 = ADVANCED_FACE('',(#5071),#5090,.F.);
#5071 = FACE_BOUND('',#5072,.F.);
#5072 = EDGE_LOOP('',(#5073,#5074,#5082,#5089));
#5073 = ORIENTED_EDGE('',*,*,#1225,.F.);
#5074 = ORIENTED_EDGE('',*,*,#5075,.F.);
#5075 = EDGE_CURVE('',#5076,#1226,#5078,.T.);
#5076 = VERTEX_POINT('',#5077);
#5077 = CARTESIAN_POINT('',(120.1,13.1,285.65));
#5078 = LINE('',#5079,#5080);
#5079 = CARTESIAN_POINT('',(120.1,13.1,285.65));
#5080 = VECTOR('',#5081,1.);
#5081 = DIRECTION('',(0.,1.,0.));
#5082 = ORIENTED_EDGE('',*,*,#5083,.T.);
#5083 = EDGE_CURVE('',#5076,#5076,#5084,.T.);
#5084 = CIRCLE('',#5085,1.25);
#5085 = AXIS2_PLACEMENT_3D('',#5086,#5087,#5088);
#5086 = CARTESIAN_POINT('',(120.1,13.1,284.4));
#5087 = DIRECTION('',(0.,1.,0.));
#5088 = DIRECTION('',(0.,-0.,1.));
#5089 = ORIENTED_EDGE('',*,*,#5075,.T.);
#5090 = CYLINDRICAL_SURFACE('',#5091,1.25);
#5091 = AXIS2_PLACEMENT_3D('',#5092,#5093,#5094);
#5092 = CARTESIAN_POINT('',(120.1,13.1,284.4));
#5093 = DIRECTION('',(0.,1.,0.));
#5094 = DIRECTION('',(0.,-0.,1.));
#5095 = ADVANCED_FACE('',(#5096),#5115,.F.);
#5096 = FACE_BOUND('',#5097,.F.);
#5097 = EDGE_LOOP('',(#5098,#5099,#5107,#5114));
#5098 = ORIENTED_EDGE('',*,*,#1236,.F.);
#5099 = ORIENTED_EDGE('',*,*,#5100,.F.);
#5100 = EDGE_CURVE('',#5101,#1237,#5103,.T.);
#5101 = VERTEX_POINT('',#5102);
#5102 = CARTESIAN_POINT('',(149.9,13.1,266.25));
#5103 = LINE('',#5104,#5105);
#5104 = CARTESIAN_POINT('',(149.9,13.1,266.25));
#5105 = VECTOR('',#5106,1.);
#5106 = DIRECTION('',(0.,1.,0.));
#5107 = ORIENTED_EDGE('',*,*,#5108,.T.);
#5108 = EDGE_CURVE('',#5101,#5101,#5109,.T.);
#5109 = CIRCLE('',#5110,1.25);
#5110 = AXIS2_PLACEMENT_3D('',#5111,#5112,#5113);
#5111 = CARTESIAN_POINT('',(149.9,13.1,265.));
#5112 = DIRECTION('',(0.,1.,0.));
#5113 = DIRECTION('',(0.,-0.,1.));
#5114 = ORIENTED_EDGE('',*,*,#5100,.T.);
#5115 = CYLINDRICAL_SURFACE('',#5116,1.25);
#5116 = AXIS2_PLACEMENT_3D('',#5117,#5118,#5119);
#5117 = CARTESIAN_POINT('',(149.9,13.1,265.));
#5118 = DIRECTION('',(0.,1.,0.));
#5119 = DIRECTION('',(0.,-0.,1.));
#5120 = ADVANCED_FACE('',(#5121),#5140,.F.);
#5121 = FACE_BOUND('',#5122,.F.);
#5122 = EDGE_LOOP('',(#5123,#5124,#5132,#5139));
#5123 = ORIENTED_EDGE('',*,*,#1247,.F.);
#5124 = ORIENTED_EDGE('',*,*,#5125,.F.);
#5125 = EDGE_CURVE('',#5126,#1248,#5128,.T.);
#5126 = VERTEX_POINT('',#5127);
#5127 = CARTESIAN_POINT('',(149.9,13.1,285.65));
#5128 = LINE('',#5129,#5130);
#5129 = CARTESIAN_POINT('',(149.9,13.1,285.65));
#5130 = VECTOR('',#5131,1.);
#5131 = DIRECTION('',(0.,1.,0.));
#5132 = ORIENTED_EDGE('',*,*,#5133,.T.);
#5133 = EDGE_CURVE('',#5126,#5126,#5134,.T.);
#5134 = CIRCLE('',#5135,1.25);
#5135 = AXIS2_PLACEMENT_3D('',#5136,#5137,#5138);
#5136 = CARTESIAN_POINT('',(149.9,13.1,284.4));
#5137 = DIRECTION('',(0.,1.,0.));
#5138 = DIRECTION('',(0.,-0.,1.));
#5139 = ORIENTED_EDGE('',*,*,#5125,.T.);
#5140 = CYLINDRICAL_SURFACE('',#5141,1.25);
#5141 = AXIS2_PLACEMENT_3D('',#5142,#5143,#5144);
#5142 = CARTESIAN_POINT('',(149.9,13.1,284.4));
#5143 = DIRECTION('',(0.,1.,0.));
#5144 = DIRECTION('',(0.,-0.,1.));
#5145 = ADVANCED_FACE('',(#5146),#5165,.F.);
#5146 = FACE_BOUND('',#5147,.F.);
#5147 = EDGE_LOOP('',(#5148,#5149,#5157,#5164));
#5148 = ORIENTED_EDGE('',*,*,#1258,.F.);
#5149 = ORIENTED_EDGE('',*,*,#5150,.F.);
#5150 = EDGE_CURVE('',#5151,#1259,#5153,.T.);
#5151 = VERTEX_POINT('',#5152);
#5152 = CARTESIAN_POINT('',(160.1,13.1,26.85));
#5153 = LINE('',#5154,#5155);
#5154 = CARTESIAN_POINT('',(160.1,13.1,26.85));
#5155 = VECTOR('',#5156,1.);
#5156 = DIRECTION('',(0.,1.,0.));
#5157 = ORIENTED_EDGE('',*,*,#5158,.T.);
#5158 = EDGE_CURVE('',#5151,#5151,#5159,.T.);
#5159 = CIRCLE('',#5160,1.25);
#5160 = AXIS2_PLACEMENT_3D('',#5161,#5162,#5163);
#5161 = CARTESIAN_POINT('',(160.1,13.1,25.6));
#5162 = DIRECTION('',(0.,1.,0.));
#5163 = DIRECTION('',(0.,-0.,1.));
#5164 = ORIENTED_EDGE('',*,*,#5150,.T.);
#5165 = CYLINDRICAL_SURFACE('',#5166,1.25);
#5166 = AXIS2_PLACEMENT_3D('',#5167,#5168,#5169);
#5167 = CARTESIAN_POINT('',(160.1,13.1,25.6));
#5168 = DIRECTION('',(0.,1.,0.));
#5169 = DIRECTION('',(0.,-0.,1.));
#5170 = ADVANCED_FACE('',(#5171),#5190,.F.);
#5171 = FACE_BOUND('',#5172,.F.);
#5172 = EDGE_LOOP('',(#5173,#5174,#5182,#5189));
#5173 = ORIENTED_EDGE('',*,*,#1269,.F.);
#5174 = ORIENTED_EDGE('',*,*,#5175,.F.);
#5175 = EDGE_CURVE('',#5176,#1270,#5178,.T.);
#5176 = VERTEX_POINT('',#5177);
#5177 = CARTESIAN_POINT('',(175.,13.1,26.85));
#5178 = LINE('',#5179,#5180);
#5179 = CARTESIAN_POINT('',(175.,13.1,26.85));
#5180 = VECTOR('',#5181,1.);
#5181 = DIRECTION('',(0.,1.,0.));
#5182 = ORIENTED_EDGE('',*,*,#5183,.T.);
#5183 = EDGE_CURVE('',#5176,#5176,#5184,.T.);
#5184 = CIRCLE('',#5185,1.25);
#5185 = AXIS2_PLACEMENT_3D('',#5186,#5187,#5188);
#5186 = CARTESIAN_POINT('',(175.,13.1,25.6));
#5187 = DIRECTION('',(0.,1.,0.));
#5188 = DIRECTION('',(0.,-0.,1.));
#5189 = ORIENTED_EDGE('',*,*,#5175,.T.);
#5190 = CYLINDRICAL_SURFACE('',#5191,1.25);
#5191 = AXIS2_PLACEMENT_3D('',#5192,#5193,#5194);
#5192 = CARTESIAN_POINT('',(175.,13.1,25.6));
#5193 = DIRECTION('',(0.,1.,0.));
#5194 = DIRECTION('',(0.,-0.,1.));
#5195 = ADVANCED_FACE('',(#5196),#5215,.F.);
#5196 = FACE_BOUND('',#5197,.F.);
#5197 = EDGE_LOOP('',(#5198,#5199,#5207,#5214));
#5198 = ORIENTED_EDGE('',*,*,#1280,.F.);
#5199 = ORIENTED_EDGE('',*,*,#5200,.F.);
#5200 = EDGE_CURVE('',#5201,#1281,#5203,.T.);
#5201 = VERTEX_POINT('',#5202);
#5202 = CARTESIAN_POINT('',(189.9,13.1,26.85));
#5203 = LINE('',#5204,#5205);
#5204 = CARTESIAN_POINT('',(189.9,13.1,26.85));
#5205 = VECTOR('',#5206,1.);
#5206 = DIRECTION('',(0.,1.,0.));
#5207 = ORIENTED_EDGE('',*,*,#5208,.T.);
#5208 = EDGE_CURVE('',#5201,#5201,#5209,.T.);
#5209 = CIRCLE('',#5210,1.25);
#5210 = AXIS2_PLACEMENT_3D('',#5211,#5212,#5213);
#5211 = CARTESIAN_POINT('',(189.9,13.1,25.6));
#5212 = DIRECTION('',(0.,1.,0.));
#5213 = DIRECTION('',(0.,-0.,1.));
#5214 = ORIENTED_EDGE('',*,*,#5200,.T.);
#5215 = CYLINDRICAL_SURFACE('',#5216,1.25);
#5216 = AXIS2_PLACEMENT_3D('',#5217,#5218,#5219);
#5217 = CARTESIAN_POINT('',(189.9,13.1,25.6));
#5218 = DIRECTION('',(0.,1.,0.));
#5219 = DIRECTION('',(0.,-0.,1.));
#5220 = ADVANCED_FACE('',(#5221),#5240,.F.);
#5221 = FACE_BOUND('',#5222,.F.);
#5222 = EDGE_LOOP('',(#5223,#5224,#5232,#5239));
#5223 = ORIENTED_EDGE('',*,*,#1291,.F.);
#5224 = ORIENTED_EDGE('',*,*,#5225,.F.);
#5225 = EDGE_CURVE('',#5226,#1292,#5228,.T.);
#5226 = VERTEX_POINT('',#5227);
#5227 = CARTESIAN_POINT('',(160.1,13.1,62.25));
#5228 = LINE('',#5229,#5230);
#5229 = CARTESIAN_POINT('',(160.1,13.1,62.25));
#5230 = VECTOR('',#5231,1.);
#5231 = DIRECTION('',(0.,1.,0.));
#5232 = ORIENTED_EDGE('',*,*,#5233,.T.);
#5233 = EDGE_CURVE('',#5226,#5226,#5234,.T.);
#5234 = CIRCLE('',#5235,1.25);
#5235 = AXIS2_PLACEMENT_3D('',#5236,#5237,#5238);
#5236 = CARTESIAN_POINT('',(160.1,13.1,61.));
#5237 = DIRECTION('',(0.,1.,0.));
#5238 = DIRECTION('',(0.,-0.,1.));
#5239 = ORIENTED_EDGE('',*,*,#5225,.T.);
#5240 = CYLINDRICAL_SURFACE('',#5241,1.25);
#5241 = AXIS2_PLACEMENT_3D('',#5242,#5243,#5244);
#5242 = CARTESIAN_POINT('',(160.1,13.1,61.));
#5243 = DIRECTION('',(0.,1.,0.));
#5244 = DIRECTION('',(0.,-0.,1.));
#5245 = ADVANCED_FACE('',(#5246),#5265,.F.);
#5246 = FACE_BOUND('',#5247,.F.);
#5247 = EDGE_LOOP('',(#5248,#5249,#5257,#5264));
#5248 = ORIENTED_EDGE('',*,*,#1302,.F.);
#5249 = ORIENTED_EDGE('',*,*,#5250,.F.);
#5250 = EDGE_CURVE('',#5251,#1303,#5253,.T.);
#5251 = VERTEX_POINT('',#5252);
#5252 = CARTESIAN_POINT('',(160.1,13.1,81.65));
#5253 = LINE('',#5254,#5255);
#5254 = CARTESIAN_POINT('',(160.1,13.1,81.65));
#5255 = VECTOR('',#5256,1.);
#5256 = DIRECTION('',(0.,1.,0.));
#5257 = ORIENTED_EDGE('',*,*,#5258,.T.);
#5258 = EDGE_CURVE('',#5251,#5251,#5259,.T.);
#5259 = CIRCLE('',#5260,1.25);
#5260 = AXIS2_PLACEMENT_3D('',#5261,#5262,#5263);
#5261 = CARTESIAN_POINT('',(160.1,13.1,80.4));
#5262 = DIRECTION('',(0.,1.,0.));
#5263 = DIRECTION('',(0.,-0.,1.));
#5264 = ORIENTED_EDGE('',*,*,#5250,.T.);
#5265 = CYLINDRICAL_SURFACE('',#5266,1.25);
#5266 = AXIS2_PLACEMENT_3D('',#5267,#5268,#5269);
#5267 = CARTESIAN_POINT('',(160.1,13.1,80.4));
#5268 = DIRECTION('',(0.,1.,0.));
#5269 = DIRECTION('',(0.,-0.,1.));
#5270 = ADVANCED_FACE('',(#5271),#5290,.F.);
#5271 = FACE_BOUND('',#5272,.F.);
#5272 = EDGE_LOOP('',(#5273,#5274,#5282,#5289));
#5273 = ORIENTED_EDGE('',*,*,#1313,.F.);
#5274 = ORIENTED_EDGE('',*,*,#5275,.F.);
#5275 = EDGE_CURVE('',#5276,#1314,#5278,.T.);
#5276 = VERTEX_POINT('',#5277);
#5277 = CARTESIAN_POINT('',(189.9,13.1,62.25));
#5278 = LINE('',#5279,#5280);
#5279 = CARTESIAN_POINT('',(189.9,13.1,62.25));
#5280 = VECTOR('',#5281,1.);
#5281 = DIRECTION('',(0.,1.,0.));
#5282 = ORIENTED_EDGE('',*,*,#5283,.T.);
#5283 = EDGE_CURVE('',#5276,#5276,#5284,.T.);
#5284 = CIRCLE('',#5285,1.25);
#5285 = AXIS2_PLACEMENT_3D('',#5286,#5287,#5288);
#5286 = CARTESIAN_POINT('',(189.9,13.1,61.));
#5287 = DIRECTION('',(0.,1.,0.));
#5288 = DIRECTION('',(0.,-0.,1.));
#5289 = ORIENTED_EDGE('',*,*,#5275,.T.);
#5290 = CYLINDRICAL_SURFACE('',#5291,1.25);
#5291 = AXIS2_PLACEMENT_3D('',#5292,#5293,#5294);
#5292 = CARTESIAN_POINT('',(189.9,13.1,61.));
#5293 = DIRECTION('',(0.,1.,0.));
#5294 = DIRECTION('',(0.,-0.,1.));
#5295 = ADVANCED_FACE('',(#5296),#5315,.F.);
#5296 = FACE_BOUND('',#5297,.F.);
#5297 = EDGE_LOOP('',(#5298,#5299,#5307,#5314));
#5298 = ORIENTED_EDGE('',*,*,#1324,.F.);
#5299 = ORIENTED_EDGE('',*,*,#5300,.F.);
#5300 = EDGE_CURVE('',#5301,#1325,#5303,.T.);
#5301 = VERTEX_POINT('',#5302);
#5302 = CARTESIAN_POINT('',(189.9,13.1,81.65));
#5303 = LINE('',#5304,#5305);
#5304 = CARTESIAN_POINT('',(189.9,13.1,81.65));
#5305 = VECTOR('',#5306,1.);
#5306 = DIRECTION('',(0.,1.,0.));
#5307 = ORIENTED_EDGE('',*,*,#5308,.T.);
#5308 = EDGE_CURVE('',#5301,#5301,#5309,.T.);
#5309 = CIRCLE('',#5310,1.25);
#5310 = AXIS2_PLACEMENT_3D('',#5311,#5312,#5313);
#5311 = CARTESIAN_POINT('',(189.9,13.1,80.4));
#5312 = DIRECTION('',(0.,1.,0.));
#5313 = DIRECTION('',(0.,-0.,1.));
#5314 = ORIENTED_EDGE('',*,*,#5300,.T.);
#5315 = CYLINDRICAL_SURFACE('',#5316,1.25);
#5316 = AXIS2_PLACEMENT_3D('',#5317,#5318,#5319);
#5317 = CARTESIAN_POINT('',(189.9,13.1,80.4));
#5318 = DIRECTION('',(0.,1.,0.));
#5319 = DIRECTION('',(0.,-0.,1.));
#5320 = ADVANCED_FACE('',(#5321),#5340,.F.);
#5321 = FACE_BOUND('',#5322,.F.);
#5322 = EDGE_LOOP('',(#5323,#5324,#5332,#5339));
#5323 = ORIENTED_EDGE('',*,*,#1335,.F.);
#5324 = ORIENTED_EDGE('',*,*,#5325,.F.);
#5325 = EDGE_CURVE('',#5326,#1336,#5328,.T.);
#5326 = VERTEX_POINT('',#5327);
#5327 = CARTESIAN_POINT('',(200.1,13.1,26.85));
#5328 = LINE('',#5329,#5330);
#5329 = CARTESIAN_POINT('',(200.1,13.1,26.85));
#5330 = VECTOR('',#5331,1.);
#5331 = DIRECTION('',(0.,1.,0.));
#5332 = ORIENTED_EDGE('',*,*,#5333,.T.);
#5333 = EDGE_CURVE('',#5326,#5326,#5334,.T.);
#5334 = CIRCLE('',#5335,1.25);
#5335 = AXIS2_PLACEMENT_3D('',#5336,#5337,#5338);
#5336 = CARTESIAN_POINT('',(200.1,13.1,25.6));
#5337 = DIRECTION('',(0.,1.,0.));
#5338 = DIRECTION('',(0.,-0.,1.));
#5339 = ORIENTED_EDGE('',*,*,#5325,.T.);
#5340 = CYLINDRICAL_SURFACE('',#5341,1.25);
#5341 = AXIS2_PLACEMENT_3D('',#5342,#5343,#5344);
#5342 = CARTESIAN_POINT('',(200.1,13.1,25.6));
#5343 = DIRECTION('',(0.,1.,0.));
#5344 = DIRECTION('',(0.,-0.,1.));
#5345 = ADVANCED_FACE('',(#5346),#5365,.F.);
#5346 = FACE_BOUND('',#5347,.F.);
#5347 = EDGE_LOOP('',(#5348,#5349,#5357,#5364));
#5348 = ORIENTED_EDGE('',*,*,#1346,.F.);
#5349 = ORIENTED_EDGE('',*,*,#5350,.F.);
#5350 = EDGE_CURVE('',#5351,#1347,#5353,.T.);
#5351 = VERTEX_POINT('',#5352);
#5352 = CARTESIAN_POINT('',(215.,13.1,26.85));
#5353 = LINE('',#5354,#5355);
#5354 = CARTESIAN_POINT('',(215.,13.1,26.85));
#5355 = VECTOR('',#5356,1.);
#5356 = DIRECTION('',(0.,1.,0.));
#5357 = ORIENTED_EDGE('',*,*,#5358,.T.);
#5358 = EDGE_CURVE('',#5351,#5351,#5359,.T.);
#5359 = CIRCLE('',#5360,1.25);
#5360 = AXIS2_PLACEMENT_3D('',#5361,#5362,#5363);
#5361 = CARTESIAN_POINT('',(215.,13.1,25.6));
#5362 = DIRECTION('',(0.,1.,0.));
#5363 = DIRECTION('',(0.,-0.,1.));
#5364 = ORIENTED_EDGE('',*,*,#5350,.T.);
#5365 = CYLINDRICAL_SURFACE('',#5366,1.25);
#5366 = AXIS2_PLACEMENT_3D('',#5367,#5368,#5369);
#5367 = CARTESIAN_POINT('',(215.,13.1,25.6));
#5368 = DIRECTION('',(0.,1.,0.));
#5369 = DIRECTION('',(0.,-0.,1.));
#5370 = ADVANCED_FACE('',(#5371),#5390,.F.);
#5371 = FACE_BOUND('',#5372,.F.);
#5372 = EDGE_LOOP('',(#5373,#5374,#5382,#5389));
#5373 = ORIENTED_EDGE('',*,*,#1357,.F.);
#5374 = ORIENTED_EDGE('',*,*,#5375,.F.);
#5375 = EDGE_CURVE('',#5376,#1358,#5378,.T.);
#5376 = VERTEX_POINT('',#5377);
#5377 = CARTESIAN_POINT('',(200.1,13.1,62.25));
#5378 = LINE('',#5379,#5380);
#5379 = CARTESIAN_POINT('',(200.1,13.1,62.25));
#5380 = VECTOR('',#5381,1.);
#5381 = DIRECTION('',(0.,1.,0.));
#5382 = ORIENTED_EDGE('',*,*,#5383,.T.);
#5383 = EDGE_CURVE('',#5376,#5376,#5384,.T.);
#5384 = CIRCLE('',#5385,1.25);
#5385 = AXIS2_PLACEMENT_3D('',#5386,#5387,#5388);
#5386 = CARTESIAN_POINT('',(200.1,13.1,61.));
#5387 = DIRECTION('',(0.,1.,0.));
#5388 = DIRECTION('',(0.,-0.,1.));
#5389 = ORIENTED_EDGE('',*,*,#5375,.T.);
#5390 = CYLINDRICAL_SURFACE('',#5391,1.25);
#5391 = AXIS2_PLACEMENT_3D('',#5392,#5393,#5394);
#5392 = CARTESIAN_POINT('',(200.1,13.1,61.));
#5393 = DIRECTION('',(0.,1.,0.));
#5394 = DIRECTION('',(0.,-0.,1.));
#5395 = ADVANCED_FACE('',(#5396),#5415,.F.);
#5396 = FACE_BOUND('',#5397,.F.);
#5397 = EDGE_LOOP('',(#5398,#5399,#5407,#5414));
#5398 = ORIENTED_EDGE('',*,*,#1368,.F.);
#5399 = ORIENTED_EDGE('',*,*,#5400,.F.);
#5400 = EDGE_CURVE('',#5401,#1369,#5403,.T.);
#5401 = VERTEX_POINT('',#5402);
#5402 = CARTESIAN_POINT('',(200.1,13.1,81.65));
#5403 = LINE('',#5404,#5405);
#5404 = CARTESIAN_POINT('',(200.1,13.1,81.65));
#5405 = VECTOR('',#5406,1.);
#5406 = DIRECTION('',(0.,1.,0.));
#5407 = ORIENTED_EDGE('',*,*,#5408,.T.);
#5408 = EDGE_CURVE('',#5401,#5401,#5409,.T.);
#5409 = CIRCLE('',#5410,1.25);
#5410 = AXIS2_PLACEMENT_3D('',#5411,#5412,#5413);
#5411 = CARTESIAN_POINT('',(200.1,13.1,80.4));
#5412 = DIRECTION('',(0.,1.,0.));
#5413 = DIRECTION('',(0.,-0.,1.));
#5414 = ORIENTED_EDGE('',*,*,#5400,.T.);
#5415 = CYLINDRICAL_SURFACE('',#5416,1.25);
#5416 = AXIS2_PLACEMENT_3D('',#5417,#5418,#5419);
#5417 = CARTESIAN_POINT('',(200.1,13.1,80.4));
#5418 = DIRECTION('',(0.,1.,0.));
#5419 = DIRECTION('',(0.,-0.,1.));
#5420 = ADVANCED_FACE('',(#5421),#5440,.F.);
#5421 = FACE_BOUND('',#5422,.F.);
#5422 = EDGE_LOOP('',(#5423,#5424,#5432,#5439));
#5423 = ORIENTED_EDGE('',*,*,#1379,.F.);
#5424 = ORIENTED_EDGE('',*,*,#5425,.F.);
#5425 = EDGE_CURVE('',#5426,#1380,#5428,.T.);
#5426 = VERTEX_POINT('',#5427);
#5427 = CARTESIAN_POINT('',(160.1,13.1,94.85));
#5428 = LINE('',#5429,#5430);
#5429 = CARTESIAN_POINT('',(160.1,13.1,94.85));
#5430 = VECTOR('',#5431,1.);
#5431 = DIRECTION('',(0.,1.,0.));
#5432 = ORIENTED_EDGE('',*,*,#5433,.T.);
#5433 = EDGE_CURVE('',#5426,#5426,#5434,.T.);
#5434 = CIRCLE('',#5435,1.25);
#5435 = AXIS2_PLACEMENT_3D('',#5436,#5437,#5438);
#5436 = CARTESIAN_POINT('',(160.1,13.1,93.6));
#5437 = DIRECTION('',(0.,1.,0.));
#5438 = DIRECTION('',(0.,-0.,1.));
#5439 = ORIENTED_EDGE('',*,*,#5425,.T.);
#5440 = CYLINDRICAL_SURFACE('',#5441,1.25);
#5441 = AXIS2_PLACEMENT_3D('',#5442,#5443,#5444);
#5442 = CARTESIAN_POINT('',(160.1,13.1,93.6));
#5443 = DIRECTION('',(0.,1.,0.));
#5444 = DIRECTION('',(0.,-0.,1.));
#5445 = ADVANCED_FACE('',(#5446),#5465,.F.);
#5446 = FACE_BOUND('',#5447,.F.);
#5447 = EDGE_LOOP('',(#5448,#5449,#5457,#5464));
#5448 = ORIENTED_EDGE('',*,*,#1390,.F.);
#5449 = ORIENTED_EDGE('',*,*,#5450,.F.);
#5450 = EDGE_CURVE('',#5451,#1391,#5453,.T.);
#5451 = VERTEX_POINT('',#5452);
#5452 = CARTESIAN_POINT('',(175.,13.1,94.85));
#5453 = LINE('',#5454,#5455);
#5454 = CARTESIAN_POINT('',(175.,13.1,94.85));
#5455 = VECTOR('',#5456,1.);
#5456 = DIRECTION('',(0.,1.,0.));
#5457 = ORIENTED_EDGE('',*,*,#5458,.T.);
#5458 = EDGE_CURVE('',#5451,#5451,#5459,.T.);
#5459 = CIRCLE('',#5460,1.25);
#5460 = AXIS2_PLACEMENT_3D('',#5461,#5462,#5463);
#5461 = CARTESIAN_POINT('',(175.,13.1,93.6));
#5462 = DIRECTION('',(0.,1.,0.));
#5463 = DIRECTION('',(0.,-0.,1.));
#5464 = ORIENTED_EDGE('',*,*,#5450,.T.);
#5465 = CYLINDRICAL_SURFACE('',#5466,1.25);
#5466 = AXIS2_PLACEMENT_3D('',#5467,#5468,#5469);
#5467 = CARTESIAN_POINT('',(175.,13.1,93.6));
#5468 = DIRECTION('',(0.,1.,0.));
#5469 = DIRECTION('',(0.,-0.,1.));
#5470 = ADVANCED_FACE('',(#5471),#5490,.F.);
#5471 = FACE_BOUND('',#5472,.F.);
#5472 = EDGE_LOOP('',(#5473,#5474,#5482,#5489));
#5473 = ORIENTED_EDGE('',*,*,#1401,.F.);
#5474 = ORIENTED_EDGE('',*,*,#5475,.F.);
#5475 = EDGE_CURVE('',#5476,#1402,#5478,.T.);
#5476 = VERTEX_POINT('',#5477);
#5477 = CARTESIAN_POINT('',(189.9,13.1,94.85));
#5478 = LINE('',#5479,#5480);
#5479 = CARTESIAN_POINT('',(189.9,13.1,94.85));
#5480 = VECTOR('',#5481,1.);
#5481 = DIRECTION('',(0.,1.,0.));
#5482 = ORIENTED_EDGE('',*,*,#5483,.T.);
#5483 = EDGE_CURVE('',#5476,#5476,#5484,.T.);
#5484 = CIRCLE('',#5485,1.25);
#5485 = AXIS2_PLACEMENT_3D('',#5486,#5487,#5488);
#5486 = CARTESIAN_POINT('',(189.9,13.1,93.6));
#5487 = DIRECTION('',(0.,1.,0.));
#5488 = DIRECTION('',(0.,-0.,1.));
#5489 = ORIENTED_EDGE('',*,*,#5475,.T.);
#5490 = CYLINDRICAL_SURFACE('',#5491,1.25);
#5491 = AXIS2_PLACEMENT_3D('',#5492,#5493,#5494);
#5492 = CARTESIAN_POINT('',(189.9,13.1,93.6));
#5493 = DIRECTION('',(0.,1.,0.));
#5494 = DIRECTION('',(0.,-0.,1.));
#5495 = ADVANCED_FACE('',(#5496),#5515,.F.);
#5496 = FACE_BOUND('',#5497,.F.);
#5497 = EDGE_LOOP('',(#5498,#5499,#5507,#5514));
#5498 = ORIENTED_EDGE('',*,*,#1412,.F.);
#5499 = ORIENTED_EDGE('',*,*,#5500,.F.);
#5500 = EDGE_CURVE('',#5501,#1413,#5503,.T.);
#5501 = VERTEX_POINT('',#5502);
#5502 = CARTESIAN_POINT('',(160.1,13.1,130.25));
#5503 = LINE('',#5504,#5505);
#5504 = CARTESIAN_POINT('',(160.1,13.1,130.25));
#5505 = VECTOR('',#5506,1.);
#5506 = DIRECTION('',(0.,1.,0.));
#5507 = ORIENTED_EDGE('',*,*,#5508,.T.);
#5508 = EDGE_CURVE('',#5501,#5501,#5509,.T.);
#5509 = CIRCLE('',#5510,1.25);
#5510 = AXIS2_PLACEMENT_3D('',#5511,#5512,#5513);
#5511 = CARTESIAN_POINT('',(160.1,13.1,129.));
#5512 = DIRECTION('',(0.,1.,0.));
#5513 = DIRECTION('',(0.,-0.,1.));
#5514 = ORIENTED_EDGE('',*,*,#5500,.T.);
#5515 = CYLINDRICAL_SURFACE('',#5516,1.25);
#5516 = AXIS2_PLACEMENT_3D('',#5517,#5518,#5519);
#5517 = CARTESIAN_POINT('',(160.1,13.1,129.));
#5518 = DIRECTION('',(0.,1.,0.));
#5519 = DIRECTION('',(0.,-0.,1.));
#5520 = ADVANCED_FACE('',(#5521),#5540,.F.);
#5521 = FACE_BOUND('',#5522,.F.);
#5522 = EDGE_LOOP('',(#5523,#5524,#5532,#5539));
#5523 = ORIENTED_EDGE('',*,*,#1423,.F.);
#5524 = ORIENTED_EDGE('',*,*,#5525,.F.);
#5525 = EDGE_CURVE('',#5526,#1424,#5528,.T.);
#5526 = VERTEX_POINT('',#5527);
#5527 = CARTESIAN_POINT('',(160.1,13.1,149.65));
#5528 = LINE('',#5529,#5530);
#5529 = CARTESIAN_POINT('',(160.1,13.1,149.65));
#5530 = VECTOR('',#5531,1.);
#5531 = DIRECTION('',(0.,1.,0.));
#5532 = ORIENTED_EDGE('',*,*,#5533,.T.);
#5533 = EDGE_CURVE('',#5526,#5526,#5534,.T.);
#5534 = CIRCLE('',#5535,1.25);
#5535 = AXIS2_PLACEMENT_3D('',#5536,#5537,#5538);
#5536 = CARTESIAN_POINT('',(160.1,13.1,148.4));
#5537 = DIRECTION('',(0.,1.,0.));
#5538 = DIRECTION('',(0.,-0.,1.));
#5539 = ORIENTED_EDGE('',*,*,#5525,.T.);
#5540 = CYLINDRICAL_SURFACE('',#5541,1.25);
#5541 = AXIS2_PLACEMENT_3D('',#5542,#5543,#5544);
#5542 = CARTESIAN_POINT('',(160.1,13.1,148.4));
#5543 = DIRECTION('',(0.,1.,0.));
#5544 = DIRECTION('',(0.,-0.,1.));
#5545 = ADVANCED_FACE('',(#5546),#5565,.F.);
#5546 = FACE_BOUND('',#5547,.F.);
#5547 = EDGE_LOOP('',(#5548,#5549,#5557,#5564));
#5548 = ORIENTED_EDGE('',*,*,#1434,.F.);
#5549 = ORIENTED_EDGE('',*,*,#5550,.F.);
#5550 = EDGE_CURVE('',#5551,#1435,#5553,.T.);
#5551 = VERTEX_POINT('',#5552);
#5552 = CARTESIAN_POINT('',(189.9,13.1,130.25));
#5553 = LINE('',#5554,#5555);
#5554 = CARTESIAN_POINT('',(189.9,13.1,130.25));
#5555 = VECTOR('',#5556,1.);
#5556 = DIRECTION('',(0.,1.,0.));
#5557 = ORIENTED_EDGE('',*,*,#5558,.T.);
#5558 = EDGE_CURVE('',#5551,#5551,#5559,.T.);
#5559 = CIRCLE('',#5560,1.25);
#5560 = AXIS2_PLACEMENT_3D('',#5561,#5562,#5563);
#5561 = CARTESIAN_POINT('',(189.9,13.1,129.));
#5562 = DIRECTION('',(0.,1.,0.));
#5563 = DIRECTION('',(0.,-0.,1.));
#5564 = ORIENTED_EDGE('',*,*,#5550,.T.);
#5565 = CYLINDRICAL_SURFACE('',#5566,1.25);
#5566 = AXIS2_PLACEMENT_3D('',#5567,#5568,#5569);
#5567 = CARTESIAN_POINT('',(189.9,13.1,129.));
#5568 = DIRECTION('',(0.,1.,0.));
#5569 = DIRECTION('',(0.,-0.,1.));
#5570 = ADVANCED_FACE('',(#5571),#5590,.F.);
#5571 = FACE_BOUND('',#5572,.F.);
#5572 = EDGE_LOOP('',(#5573,#5574,#5582,#5589));
#5573 = ORIENTED_EDGE('',*,*,#1445,.F.);
#5574 = ORIENTED_EDGE('',*,*,#5575,.F.);
#5575 = EDGE_CURVE('',#5576,#1446,#5578,.T.);
#5576 = VERTEX_POINT('',#5577);
#5577 = CARTESIAN_POINT('',(189.9,13.1,149.65));
#5578 = LINE('',#5579,#5580);
#5579 = CARTESIAN_POINT('',(189.9,13.1,149.65));
#5580 = VECTOR('',#5581,1.);
#5581 = DIRECTION('',(0.,1.,0.));
#5582 = ORIENTED_EDGE('',*,*,#5583,.T.);
#5583 = EDGE_CURVE('',#5576,#5576,#5584,.T.);
#5584 = CIRCLE('',#5585,1.25);
#5585 = AXIS2_PLACEMENT_3D('',#5586,#5587,#5588);
#5586 = CARTESIAN_POINT('',(189.9,13.1,148.4));
#5587 = DIRECTION('',(0.,1.,0.));
#5588 = DIRECTION('',(0.,-0.,1.));
#5589 = ORIENTED_EDGE('',*,*,#5575,.T.);
#5590 = CYLINDRICAL_SURFACE('',#5591,1.25);
#5591 = AXIS2_PLACEMENT_3D('',#5592,#5593,#5594);
#5592 = CARTESIAN_POINT('',(189.9,13.1,148.4));
#5593 = DIRECTION('',(0.,1.,0.));
#5594 = DIRECTION('',(0.,-0.,1.));
#5595 = ADVANCED_FACE('',(#5596),#5615,.F.);
#5596 = FACE_BOUND('',#5597,.F.);
#5597 = EDGE_LOOP('',(#5598,#5599,#5607,#5614));
#5598 = ORIENTED_EDGE('',*,*,#1456,.F.);
#5599 = ORIENTED_EDGE('',*,*,#5600,.F.);
#5600 = EDGE_CURVE('',#5601,#1457,#5603,.T.);
#5601 = VERTEX_POINT('',#5602);
#5602 = CARTESIAN_POINT('',(200.1,13.1,94.85));
#5603 = LINE('',#5604,#5605);
#5604 = CARTESIAN_POINT('',(200.1,13.1,94.85));
#5605 = VECTOR('',#5606,1.);
#5606 = DIRECTION('',(0.,1.,0.));
#5607 = ORIENTED_EDGE('',*,*,#5608,.T.);
#5608 = EDGE_CURVE('',#5601,#5601,#5609,.T.);
#5609 = CIRCLE('',#5610,1.25);
#5610 = AXIS2_PLACEMENT_3D('',#5611,#5612,#5613);
#5611 = CARTESIAN_POINT('',(200.1,13.1,93.6));
#5612 = DIRECTION('',(0.,1.,0.));
#5613 = DIRECTION('',(0.,-0.,1.));
#5614 = ORIENTED_EDGE('',*,*,#5600,.T.);
#5615 = CYLINDRICAL_SURFACE('',#5616,1.25);
#5616 = AXIS2_PLACEMENT_3D('',#5617,#5618,#5619);
#5617 = CARTESIAN_POINT('',(200.1,13.1,93.6));
#5618 = DIRECTION('',(0.,1.,0.));
#5619 = DIRECTION('',(0.,-0.,1.));
#5620 = ADVANCED_FACE('',(#5621),#5640,.F.);
#5621 = FACE_BOUND('',#5622,.F.);
#5622 = EDGE_LOOP('',(#5623,#5624,#5632,#5639));
#5623 = ORIENTED_EDGE('',*,*,#1467,.F.);
#5624 = ORIENTED_EDGE('',*,*,#5625,.F.);
#5625 = EDGE_CURVE('',#5626,#1468,#5628,.T.);
#5626 = VERTEX_POINT('',#5627);
#5627 = CARTESIAN_POINT('',(215.,13.1,94.85));
#5628 = LINE('',#5629,#5630);
#5629 = CARTESIAN_POINT('',(215.,13.1,94.85));
#5630 = VECTOR('',#5631,1.);
#5631 = DIRECTION('',(0.,1.,0.));
#5632 = ORIENTED_EDGE('',*,*,#5633,.T.);
#5633 = EDGE_CURVE('',#5626,#5626,#5634,.T.);
#5634 = CIRCLE('',#5635,1.25);
#5635 = AXIS2_PLACEMENT_3D('',#5636,#5637,#5638);
#5636 = CARTESIAN_POINT('',(215.,13.1,93.6));
#5637 = DIRECTION('',(0.,1.,0.));
#5638 = DIRECTION('',(0.,-0.,1.));
#5639 = ORIENTED_EDGE('',*,*,#5625,.T.);
#5640 = CYLINDRICAL_SURFACE('',#5641,1.25);
#5641 = AXIS2_PLACEMENT_3D('',#5642,#5643,#5644);
#5642 = CARTESIAN_POINT('',(215.,13.1,93.6));
#5643 = DIRECTION('',(0.,1.,0.));
#5644 = DIRECTION('',(0.,-0.,1.));
#5645 = ADVANCED_FACE('',(#5646),#5665,.F.);
#5646 = FACE_BOUND('',#5647,.F.);
#5647 = EDGE_LOOP('',(#5648,#5649,#5657,#5664));
#5648 = ORIENTED_EDGE('',*,*,#1478,.F.);
#5649 = ORIENTED_EDGE('',*,*,#5650,.F.);
#5650 = EDGE_CURVE('',#5651,#1479,#5653,.T.);
#5651 = VERTEX_POINT('',#5652);
#5652 = CARTESIAN_POINT('',(200.1,13.1,130.25));
#5653 = LINE('',#5654,#5655);
#5654 = CARTESIAN_POINT('',(200.1,13.1,130.25));
#5655 = VECTOR('',#5656,1.);
#5656 = DIRECTION('',(0.,1.,0.));
#5657 = ORIENTED_EDGE('',*,*,#5658,.T.);
#5658 = EDGE_CURVE('',#5651,#5651,#5659,.T.);
#5659 = CIRCLE('',#5660,1.25);
#5660 = AXIS2_PLACEMENT_3D('',#5661,#5662,#5663);
#5661 = CARTESIAN_POINT('',(200.1,13.1,129.));
#5662 = DIRECTION('',(0.,1.,0.));
#5663 = DIRECTION('',(0.,-0.,1.));
#5664 = ORIENTED_EDGE('',*,*,#5650,.T.);
#5665 = CYLINDRICAL_SURFACE('',#5666,1.25);
#5666 = AXIS2_PLACEMENT_3D('',#5667,#5668,#5669);
#5667 = CARTESIAN_POINT('',(200.1,13.1,129.));
#5668 = DIRECTION('',(0.,1.,0.));
#5669 = DIRECTION('',(0.,-0.,1.));
#5670 = ADVANCED_FACE('',(#5671),#5690,.F.);
#5671 = FACE_BOUND('',#5672,.F.);
#5672 = EDGE_LOOP('',(#5673,#5674,#5682,#5689));
#5673 = ORIENTED_EDGE('',*,*,#1489,.F.);
#5674 = ORIENTED_EDGE('',*,*,#5675,.F.);
#5675 = EDGE_CURVE('',#5676,#1490,#5678,.T.);
#5676 = VERTEX_POINT('',#5677);
#5677 = CARTESIAN_POINT('',(200.1,13.1,149.65));
#5678 = LINE('',#5679,#5680);
#5679 = CARTESIAN_POINT('',(200.1,13.1,149.65));
#5680 = VECTOR('',#5681,1.);
#5681 = DIRECTION('',(0.,1.,0.));
#5682 = ORIENTED_EDGE('',*,*,#5683,.T.);
#5683 = EDGE_CURVE('',#5676,#5676,#5684,.T.);
#5684 = CIRCLE('',#5685,1.25);
#5685 = AXIS2_PLACEMENT_3D('',#5686,#5687,#5688);
#5686 = CARTESIAN_POINT('',(200.1,13.1,148.4));
#5687 = DIRECTION('',(0.,1.,0.));
#5688 = DIRECTION('',(0.,-0.,1.));
#5689 = ORIENTED_EDGE('',*,*,#5675,.T.);
#5690 = CYLINDRICAL_SURFACE('',#5691,1.25);
#5691 = AXIS2_PLACEMENT_3D('',#5692,#5693,#5694);
#5692 = CARTESIAN_POINT('',(200.1,13.1,148.4));
#5693 = DIRECTION('',(0.,1.,0.));
#5694 = DIRECTION('',(0.,-0.,1.));
#5695 = ADVANCED_FACE('',(#5696),#5715,.F.);
#5696 = FACE_BOUND('',#5697,.F.);
#5697 = EDGE_LOOP('',(#5698,#5699,#5707,#5714));
#5698 = ORIENTED_EDGE('',*,*,#1500,.F.);
#5699 = ORIENTED_EDGE('',*,*,#5700,.F.);
#5700 = EDGE_CURVE('',#5701,#1501,#5703,.T.);
#5701 = VERTEX_POINT('',#5702);
#5702 = CARTESIAN_POINT('',(229.9,13.1,26.85));
#5703 = LINE('',#5704,#5705);
#5704 = CARTESIAN_POINT('',(229.9,13.1,26.85));
#5705 = VECTOR('',#5706,1.);
#5706 = DIRECTION('',(0.,1.,0.));
#5707 = ORIENTED_EDGE('',*,*,#5708,.T.);
#5708 = EDGE_CURVE('',#5701,#5701,#5709,.T.);
#5709 = CIRCLE('',#5710,1.25);
#5710 = AXIS2_PLACEMENT_3D('',#5711,#5712,#5713);
#5711 = CARTESIAN_POINT('',(229.9,13.1,25.6));
#5712 = DIRECTION('',(0.,1.,0.));
#5713 = DIRECTION('',(0.,-0.,1.));
#5714 = ORIENTED_EDGE('',*,*,#5700,.T.);
#5715 = CYLINDRICAL_SURFACE('',#5716,1.25);
#5716 = AXIS2_PLACEMENT_3D('',#5717,#5718,#5719);
#5717 = CARTESIAN_POINT('',(229.9,13.1,25.6));
#5718 = DIRECTION('',(0.,1.,0.));
#5719 = DIRECTION('',(0.,-0.,1.));
#5720 = ADVANCED_FACE('',(#5721),#5740,.F.);
#5721 = FACE_BOUND('',#5722,.F.);
#5722 = EDGE_LOOP('',(#5723,#5724,#5732,#5739));
#5723 = ORIENTED_EDGE('',*,*,#1511,.F.);
#5724 = ORIENTED_EDGE('',*,*,#5725,.F.);
#5725 = EDGE_CURVE('',#5726,#1512,#5728,.T.);
#5726 = VERTEX_POINT('',#5727);
#5727 = CARTESIAN_POINT('',(229.9,13.1,62.25));
#5728 = LINE('',#5729,#5730);
#5729 = CARTESIAN_POINT('',(229.9,13.1,62.25));
#5730 = VECTOR('',#5731,1.);
#5731 = DIRECTION('',(0.,1.,0.));
#5732 = ORIENTED_EDGE('',*,*,#5733,.T.);
#5733 = EDGE_CURVE('',#5726,#5726,#5734,.T.);
#5734 = CIRCLE('',#5735,1.25);
#5735 = AXIS2_PLACEMENT_3D('',#5736,#5737,#5738);
#5736 = CARTESIAN_POINT('',(229.9,13.1,61.));
#5737 = DIRECTION('',(0.,1.,0.));
#5738 = DIRECTION('',(0.,-0.,1.));
#5739 = ORIENTED_EDGE('',*,*,#5725,.T.);
#5740 = CYLINDRICAL_SURFACE('',#5741,1.25);
#5741 = AXIS2_PLACEMENT_3D('',#5742,#5743,#5744);
#5742 = CARTESIAN_POINT('',(229.9,13.1,61.));
#5743 = DIRECTION('',(0.,1.,0.));
#5744 = DIRECTION('',(0.,-0.,1.));
#5745 = ADVANCED_FACE('',(#5746),#5765,.F.);
#5746 = FACE_BOUND('',#5747,.F.);
#5747 = EDGE_LOOP('',(#5748,#5749,#5757,#5764));
#5748 = ORIENTED_EDGE('',*,*,#1522,.F.);
#5749 = ORIENTED_EDGE('',*,*,#5750,.F.);
#5750 = EDGE_CURVE('',#5751,#1523,#5753,.T.);
#5751 = VERTEX_POINT('',#5752);
#5752 = CARTESIAN_POINT('',(229.9,13.1,81.65));
#5753 = LINE('',#5754,#5755);
#5754 = CARTESIAN_POINT('',(229.9,13.1,81.65));
#5755 = VECTOR('',#5756,1.);
#5756 = DIRECTION('',(0.,1.,0.));
#5757 = ORIENTED_EDGE('',*,*,#5758,.T.);
#5758 = EDGE_CURVE('',#5751,#5751,#5759,.T.);
#5759 = CIRCLE('',#5760,1.25);
#5760 = AXIS2_PLACEMENT_3D('',#5761,#5762,#5763);
#5761 = CARTESIAN_POINT('',(229.9,13.1,80.4));
#5762 = DIRECTION('',(0.,1.,0.));
#5763 = DIRECTION('',(0.,-0.,1.));
#5764 = ORIENTED_EDGE('',*,*,#5750,.T.);
#5765 = CYLINDRICAL_SURFACE('',#5766,1.25);
#5766 = AXIS2_PLACEMENT_3D('',#5767,#5768,#5769);
#5767 = CARTESIAN_POINT('',(229.9,13.1,80.4));
#5768 = DIRECTION('',(0.,1.,0.));
#5769 = DIRECTION('',(0.,-0.,1.));
#5770 = ADVANCED_FACE('',(#5771),#5790,.F.);
#5771 = FACE_BOUND('',#5772,.F.);
#5772 = EDGE_LOOP('',(#5773,#5774,#5782,#5789));
#5773 = ORIENTED_EDGE('',*,*,#1533,.F.);
#5774 = ORIENTED_EDGE('',*,*,#5775,.F.);
#5775 = EDGE_CURVE('',#5776,#1534,#5778,.T.);
#5776 = VERTEX_POINT('',#5777);
#5777 = CARTESIAN_POINT('',(229.9,13.1,94.85));
#5778 = LINE('',#5779,#5780);
#5779 = CARTESIAN_POINT('',(229.9,13.1,94.85));
#5780 = VECTOR('',#5781,1.);
#5781 = DIRECTION('',(0.,1.,0.));
#5782 = ORIENTED_EDGE('',*,*,#5783,.T.);
#5783 = EDGE_CURVE('',#5776,#5776,#5784,.T.);
#5784 = CIRCLE('',#5785,1.25);
#5785 = AXIS2_PLACEMENT_3D('',#5786,#5787,#5788);
#5786 = CARTESIAN_POINT('',(229.9,13.1,93.6));
#5787 = DIRECTION('',(0.,1.,0.));
#5788 = DIRECTION('',(0.,-0.,1.));
#5789 = ORIENTED_EDGE('',*,*,#5775,.T.);
#5790 = CYLINDRICAL_SURFACE('',#5791,1.25);
#5791 = AXIS2_PLACEMENT_3D('',#5792,#5793,#5794);
#5792 = CARTESIAN_POINT('',(229.9,13.1,93.6));
#5793 = DIRECTION('',(0.,1.,0.));
#5794 = DIRECTION('',(0.,-0.,1.));
#5795 = ADVANCED_FACE('',(#5796),#5815,.F.);
#5796 = FACE_BOUND('',#5797,.F.);
#5797 = EDGE_LOOP('',(#5798,#5799,#5807,#5814));
#5798 = ORIENTED_EDGE('',*,*,#1544,.F.);
#5799 = ORIENTED_EDGE('',*,*,#5800,.F.);
#5800 = EDGE_CURVE('',#5801,#1545,#5803,.T.);
#5801 = VERTEX_POINT('',#5802);
#5802 = CARTESIAN_POINT('',(229.9,13.1,130.25));
#5803 = LINE('',#5804,#5805);
#5804 = CARTESIAN_POINT('',(229.9,13.1,130.25));
#5805 = VECTOR('',#5806,1.);
#5806 = DIRECTION('',(0.,1.,0.));
#5807 = ORIENTED_EDGE('',*,*,#5808,.T.);
#5808 = EDGE_CURVE('',#5801,#5801,#5809,.T.);
#5809 = CIRCLE('',#5810,1.25);
#5810 = AXIS2_PLACEMENT_3D('',#5811,#5812,#5813);
#5811 = CARTESIAN_POINT('',(229.9,13.1,129.));
#5812 = DIRECTION('',(0.,1.,0.));
#5813 = DIRECTION('',(0.,-0.,1.));
#5814 = ORIENTED_EDGE('',*,*,#5800,.T.);
#5815 = CYLINDRICAL_SURFACE('',#5816,1.25);
#5816 = AXIS2_PLACEMENT_3D('',#5817,#5818,#5819);
#5817 = CARTESIAN_POINT('',(229.9,13.1,129.));
#5818 = DIRECTION('',(0.,1.,0.));
#5819 = DIRECTION('',(0.,-0.,1.));
#5820 = ADVANCED_FACE('',(#5821),#5840,.F.);
#5821 = FACE_BOUND('',#5822,.F.);
#5822 = EDGE_LOOP('',(#5823,#5824,#5832,#5839));
#5823 = ORIENTED_EDGE('',*,*,#1555,.F.);
#5824 = ORIENTED_EDGE('',*,*,#5825,.F.);
#5825 = EDGE_CURVE('',#5826,#1556,#5828,.T.);
#5826 = VERTEX_POINT('',#5827);
#5827 = CARTESIAN_POINT('',(229.9,13.1,149.65));
#5828 = LINE('',#5829,#5830);
#5829 = CARTESIAN_POINT('',(229.9,13.1,149.65));
#5830 = VECTOR('',#5831,1.);
#5831 = DIRECTION('',(0.,1.,0.));
#5832 = ORIENTED_EDGE('',*,*,#5833,.T.);
#5833 = EDGE_CURVE('',#5826,#5826,#5834,.T.);
#5834 = CIRCLE('',#5835,1.25);
#5835 = AXIS2_PLACEMENT_3D('',#5836,#5837,#5838);
#5836 = CARTESIAN_POINT('',(229.9,13.1,148.4));
#5837 = DIRECTION('',(0.,1.,0.));
#5838 = DIRECTION('',(0.,-0.,1.));
#5839 = ORIENTED_EDGE('',*,*,#5825,.T.);
#5840 = CYLINDRICAL_SURFACE('',#5841,1.25);
#5841 = AXIS2_PLACEMENT_3D('',#5842,#5843,#5844);
#5842 = CARTESIAN_POINT('',(229.9,13.1,148.4));
#5843 = DIRECTION('',(0.,1.,0.));
#5844 = DIRECTION('',(0.,-0.,1.));
#5845 = ADVANCED_FACE('',(#5846),#5865,.F.);
#5846 = FACE_BOUND('',#5847,.F.);
#5847 = EDGE_LOOP('',(#5848,#5849,#5857,#5864));
#5848 = ORIENTED_EDGE('',*,*,#1566,.F.);
#5849 = ORIENTED_EDGE('',*,*,#5850,.F.);
#5850 = EDGE_CURVE('',#5851,#1567,#5853,.T.);
#5851 = VERTEX_POINT('',#5852);
#5852 = CARTESIAN_POINT('',(160.1,13.1,162.85));
#5853 = LINE('',#5854,#5855);
#5854 = CARTESIAN_POINT('',(160.1,13.1,162.85));
#5855 = VECTOR('',#5856,1.);
#5856 = DIRECTION('',(0.,1.,0.));
#5857 = ORIENTED_EDGE('',*,*,#5858,.T.);
#5858 = EDGE_CURVE('',#5851,#5851,#5859,.T.);
#5859 = CIRCLE('',#5860,1.25);
#5860 = AXIS2_PLACEMENT_3D('',#5861,#5862,#5863);
#5861 = CARTESIAN_POINT('',(160.1,13.1,161.6));
#5862 = DIRECTION('',(0.,1.,0.));
#5863 = DIRECTION('',(0.,-0.,1.));
#5864 = ORIENTED_EDGE('',*,*,#5850,.T.);
#5865 = CYLINDRICAL_SURFACE('',#5866,1.25);
#5866 = AXIS2_PLACEMENT_3D('',#5867,#5868,#5869);
#5867 = CARTESIAN_POINT('',(160.1,13.1,161.6));
#5868 = DIRECTION('',(0.,1.,0.));
#5869 = DIRECTION('',(0.,-0.,1.));
#5870 = ADVANCED_FACE('',(#5871),#5890,.F.);
#5871 = FACE_BOUND('',#5872,.F.);
#5872 = EDGE_LOOP('',(#5873,#5874,#5882,#5889));
#5873 = ORIENTED_EDGE('',*,*,#1577,.F.);
#5874 = ORIENTED_EDGE('',*,*,#5875,.F.);
#5875 = EDGE_CURVE('',#5876,#1578,#5878,.T.);
#5876 = VERTEX_POINT('',#5877);
#5877 = CARTESIAN_POINT('',(175.,13.1,162.85));
#5878 = LINE('',#5879,#5880);
#5879 = CARTESIAN_POINT('',(175.,13.1,162.85));
#5880 = VECTOR('',#5881,1.);
#5881 = DIRECTION('',(0.,1.,0.));
#5882 = ORIENTED_EDGE('',*,*,#5883,.T.);
#5883 = EDGE_CURVE('',#5876,#5876,#5884,.T.);
#5884 = CIRCLE('',#5885,1.25);
#5885 = AXIS2_PLACEMENT_3D('',#5886,#5887,#5888);
#5886 = CARTESIAN_POINT('',(175.,13.1,161.6));
#5887 = DIRECTION('',(0.,1.,0.));
#5888 = DIRECTION('',(0.,-0.,1.));
#5889 = ORIENTED_EDGE('',*,*,#5875,.T.);
#5890 = CYLINDRICAL_SURFACE('',#5891,1.25);
#5891 = AXIS2_PLACEMENT_3D('',#5892,#5893,#5894);
#5892 = CARTESIAN_POINT('',(175.,13.1,161.6));
#5893 = DIRECTION('',(0.,1.,0.));
#5894 = DIRECTION('',(0.,-0.,1.));
#5895 = ADVANCED_FACE('',(#5896),#5915,.F.);
#5896 = FACE_BOUND('',#5897,.F.);
#5897 = EDGE_LOOP('',(#5898,#5899,#5907,#5914));
#5898 = ORIENTED_EDGE('',*,*,#1588,.F.);
#5899 = ORIENTED_EDGE('',*,*,#5900,.F.);
#5900 = EDGE_CURVE('',#5901,#1589,#5903,.T.);
#5901 = VERTEX_POINT('',#5902);
#5902 = CARTESIAN_POINT('',(189.9,13.1,162.85));
#5903 = LINE('',#5904,#5905);
#5904 = CARTESIAN_POINT('',(189.9,13.1,162.85));
#5905 = VECTOR('',#5906,1.);
#5906 = DIRECTION('',(0.,1.,0.));
#5907 = ORIENTED_EDGE('',*,*,#5908,.T.);
#5908 = EDGE_CURVE('',#5901,#5901,#5909,.T.);
#5909 = CIRCLE('',#5910,1.25);
#5910 = AXIS2_PLACEMENT_3D('',#5911,#5912,#5913);
#5911 = CARTESIAN_POINT('',(189.9,13.1,161.6));
#5912 = DIRECTION('',(0.,1.,0.));
#5913 = DIRECTION('',(0.,-0.,1.));
#5914 = ORIENTED_EDGE('',*,*,#5900,.T.);
#5915 = CYLINDRICAL_SURFACE('',#5916,1.25);
#5916 = AXIS2_PLACEMENT_3D('',#5917,#5918,#5919);
#5917 = CARTESIAN_POINT('',(189.9,13.1,161.6));
#5918 = DIRECTION('',(0.,1.,0.));
#5919 = DIRECTION('',(0.,-0.,1.));
#5920 = ADVANCED_FACE('',(#5921),#5940,.F.);
#5921 = FACE_BOUND('',#5922,.F.);
#5922 = EDGE_LOOP('',(#5923,#5924,#5932,#5939));
#5923 = ORIENTED_EDGE('',*,*,#1599,.F.);
#5924 = ORIENTED_EDGE('',*,*,#5925,.F.);
#5925 = EDGE_CURVE('',#5926,#1600,#5928,.T.);
#5926 = VERTEX_POINT('',#5927);
#5927 = CARTESIAN_POINT('',(160.1,13.1,198.25));
#5928 = LINE('',#5929,#5930);
#5929 = CARTESIAN_POINT('',(160.1,13.1,198.25));
#5930 = VECTOR('',#5931,1.);
#5931 = DIRECTION('',(0.,1.,0.));
#5932 = ORIENTED_EDGE('',*,*,#5933,.T.);
#5933 = EDGE_CURVE('',#5926,#5926,#5934,.T.);
#5934 = CIRCLE('',#5935,1.25);
#5935 = AXIS2_PLACEMENT_3D('',#5936,#5937,#5938);
#5936 = CARTESIAN_POINT('',(160.1,13.1,197.));
#5937 = DIRECTION('',(0.,1.,0.));
#5938 = DIRECTION('',(0.,-0.,1.));
#5939 = ORIENTED_EDGE('',*,*,#5925,.T.);
#5940 = CYLINDRICAL_SURFACE('',#5941,1.25);
#5941 = AXIS2_PLACEMENT_3D('',#5942,#5943,#5944);
#5942 = CARTESIAN_POINT('',(160.1,13.1,197.));
#5943 = DIRECTION('',(0.,1.,0.));
#5944 = DIRECTION('',(0.,-0.,1.));
#5945 = ADVANCED_FACE('',(#5946),#5965,.F.);
#5946 = FACE_BOUND('',#5947,.F.);
#5947 = EDGE_LOOP('',(#5948,#5949,#5957,#5964));
#5948 = ORIENTED_EDGE('',*,*,#1610,.F.);
#5949 = ORIENTED_EDGE('',*,*,#5950,.F.);
#5950 = EDGE_CURVE('',#5951,#1611,#5953,.T.);
#5951 = VERTEX_POINT('',#5952);
#5952 = CARTESIAN_POINT('',(160.1,13.1,217.65));
#5953 = LINE('',#5954,#5955);
#5954 = CARTESIAN_POINT('',(160.1,13.1,217.65));
#5955 = VECTOR('',#5956,1.);
#5956 = DIRECTION('',(0.,1.,0.));
#5957 = ORIENTED_EDGE('',*,*,#5958,.T.);
#5958 = EDGE_CURVE('',#5951,#5951,#5959,.T.);
#5959 = CIRCLE('',#5960,1.25);
#5960 = AXIS2_PLACEMENT_3D('',#5961,#5962,#5963);
#5961 = CARTESIAN_POINT('',(160.1,13.1,216.4));
#5962 = DIRECTION('',(0.,1.,0.));
#5963 = DIRECTION('',(0.,-0.,1.));
#5964 = ORIENTED_EDGE('',*,*,#5950,.T.);
#5965 = CYLINDRICAL_SURFACE('',#5966,1.25);
#5966 = AXIS2_PLACEMENT_3D('',#5967,#5968,#5969);
#5967 = CARTESIAN_POINT('',(160.1,13.1,216.4));
#5968 = DIRECTION('',(0.,1.,0.));
#5969 = DIRECTION('',(0.,-0.,1.));
#5970 = ADVANCED_FACE('',(#5971),#5990,.F.);
#5971 = FACE_BOUND('',#5972,.F.);
#5972 = EDGE_LOOP('',(#5973,#5974,#5982,#5989));
#5973 = ORIENTED_EDGE('',*,*,#1621,.F.);
#5974 = ORIENTED_EDGE('',*,*,#5975,.F.);
#5975 = EDGE_CURVE('',#5976,#1622,#5978,.T.);
#5976 = VERTEX_POINT('',#5977);
#5977 = CARTESIAN_POINT('',(189.9,13.1,198.25));
#5978 = LINE('',#5979,#5980);
#5979 = CARTESIAN_POINT('',(189.9,13.1,198.25));
#5980 = VECTOR('',#5981,1.);
#5981 = DIRECTION('',(0.,1.,0.));
#5982 = ORIENTED_EDGE('',*,*,#5983,.T.);
#5983 = EDGE_CURVE('',#5976,#5976,#5984,.T.);
#5984 = CIRCLE('',#5985,1.25);
#5985 = AXIS2_PLACEMENT_3D('',#5986,#5987,#5988);
#5986 = CARTESIAN_POINT('',(189.9,13.1,197.));
#5987 = DIRECTION('',(0.,1.,0.));
#5988 = DIRECTION('',(0.,-0.,1.));
#5989 = ORIENTED_EDGE('',*,*,#5975,.T.);
#5990 = CYLINDRICAL_SURFACE('',#5991,1.25);
#5991 = AXIS2_PLACEMENT_3D('',#5992,#5993,#5994);
#5992 = CARTESIAN_POINT('',(189.9,13.1,197.));
#5993 = DIRECTION('',(0.,1.,0.));
#5994 = DIRECTION('',(0.,-0.,1.));
#5995 = ADVANCED_FACE('',(#5996),#6015,.F.);
#5996 = FACE_BOUND('',#5997,.F.);
#5997 = EDGE_LOOP('',(#5998,#5999,#6007,#6014));
#5998 = ORIENTED_EDGE('',*,*,#1632,.F.);
#5999 = ORIENTED_EDGE('',*,*,#6000,.F.);
#6000 = EDGE_CURVE('',#6001,#1633,#6003,.T.);
#6001 = VERTEX_POINT('',#6002);
#6002 = CARTESIAN_POINT('',(189.9,13.1,217.65));
#6003 = LINE('',#6004,#6005);
#6004 = CARTESIAN_POINT('',(189.9,13.1,217.65));
#6005 = VECTOR('',#6006,1.);
#6006 = DIRECTION('',(0.,1.,0.));
#6007 = ORIENTED_EDGE('',*,*,#6008,.T.);
#6008 = EDGE_CURVE('',#6001,#6001,#6009,.T.);
#6009 = CIRCLE('',#6010,1.25);
#6010 = AXIS2_PLACEMENT_3D('',#6011,#6012,#6013);
#6011 = CARTESIAN_POINT('',(189.9,13.1,216.4));
#6012 = DIRECTION('',(0.,1.,0.));
#6013 = DIRECTION('',(0.,-0.,1.));
#6014 = ORIENTED_EDGE('',*,*,#6000,.T.);
#6015 = CYLINDRICAL_SURFACE('',#6016,1.25);
#6016 = AXIS2_PLACEMENT_3D('',#6017,#6018,#6019);
#6017 = CARTESIAN_POINT('',(189.9,13.1,216.4));
#6018 = DIRECTION('',(0.,1.,0.));
#6019 = DIRECTION('',(0.,-0.,1.));
#6020 = ADVANCED_FACE('',(#6021),#6040,.F.);
#6021 = FACE_BOUND('',#6022,.F.);
#6022 = EDGE_LOOP('',(#6023,#6024,#6032,#6039));
#6023 = ORIENTED_EDGE('',*,*,#1643,.F.);
#6024 = ORIENTED_EDGE('',*,*,#6025,.F.);
#6025 = EDGE_CURVE('',#6026,#1644,#6028,.T.);
#6026 = VERTEX_POINT('',#6027);
#6027 = CARTESIAN_POINT('',(200.1,13.1,162.85));
#6028 = LINE('',#6029,#6030);
#6029 = CARTESIAN_POINT('',(200.1,13.1,162.85));
#6030 = VECTOR('',#6031,1.);
#6031 = DIRECTION('',(0.,1.,0.));
#6032 = ORIENTED_EDGE('',*,*,#6033,.T.);
#6033 = EDGE_CURVE('',#6026,#6026,#6034,.T.);
#6034 = CIRCLE('',#6035,1.25);
#6035 = AXIS2_PLACEMENT_3D('',#6036,#6037,#6038);
#6036 = CARTESIAN_POINT('',(200.1,13.1,161.6));
#6037 = DIRECTION('',(0.,1.,0.));
#6038 = DIRECTION('',(0.,-0.,1.));
#6039 = ORIENTED_EDGE('',*,*,#6025,.T.);
#6040 = CYLINDRICAL_SURFACE('',#6041,1.25);
#6041 = AXIS2_PLACEMENT_3D('',#6042,#6043,#6044);
#6042 = CARTESIAN_POINT('',(200.1,13.1,161.6));
#6043 = DIRECTION('',(0.,1.,0.));
#6044 = DIRECTION('',(0.,-0.,1.));
#6045 = ADVANCED_FACE('',(#6046),#6065,.F.);
#6046 = FACE_BOUND('',#6047,.F.);
#6047 = EDGE_LOOP('',(#6048,#6049,#6057,#6064));
#6048 = ORIENTED_EDGE('',*,*,#1654,.F.);
#6049 = ORIENTED_EDGE('',*,*,#6050,.F.);
#6050 = EDGE_CURVE('',#6051,#1655,#6053,.T.);
#6051 = VERTEX_POINT('',#6052);
#6052 = CARTESIAN_POINT('',(215.,13.1,162.85));
#6053 = LINE('',#6054,#6055);
#6054 = CARTESIAN_POINT('',(215.,13.1,162.85));
#6055 = VECTOR('',#6056,1.);
#6056 = DIRECTION('',(0.,1.,0.));
#6057 = ORIENTED_EDGE('',*,*,#6058,.T.);
#6058 = EDGE_CURVE('',#6051,#6051,#6059,.T.);
#6059 = CIRCLE('',#6060,1.25);
#6060 = AXIS2_PLACEMENT_3D('',#6061,#6062,#6063);
#6061 = CARTESIAN_POINT('',(215.,13.1,161.6));
#6062 = DIRECTION('',(0.,1.,0.));
#6063 = DIRECTION('',(0.,-0.,1.));
#6064 = ORIENTED_EDGE('',*,*,#6050,.T.);
#6065 = CYLINDRICAL_SURFACE('',#6066,1.25);
#6066 = AXIS2_PLACEMENT_3D('',#6067,#6068,#6069);
#6067 = CARTESIAN_POINT('',(215.,13.1,161.6));
#6068 = DIRECTION('',(0.,1.,0.));
#6069 = DIRECTION('',(0.,-0.,1.));
#6070 = ADVANCED_FACE('',(#6071),#6090,.F.);
#6071 = FACE_BOUND('',#6072,.F.);
#6072 = EDGE_LOOP('',(#6073,#6074,#6082,#6089));
#6073 = ORIENTED_EDGE('',*,*,#1665,.F.);
#6074 = ORIENTED_EDGE('',*,*,#6075,.F.);
#6075 = EDGE_CURVE('',#6076,#1666,#6078,.T.);
#6076 = VERTEX_POINT('',#6077);
#6077 = CARTESIAN_POINT('',(200.1,13.1,198.25));
#6078 = LINE('',#6079,#6080);
#6079 = CARTESIAN_POINT('',(200.1,13.1,198.25));
#6080 = VECTOR('',#6081,1.);
#6081 = DIRECTION('',(0.,1.,0.));
#6082 = ORIENTED_EDGE('',*,*,#6083,.T.);
#6083 = EDGE_CURVE('',#6076,#6076,#6084,.T.);
#6084 = CIRCLE('',#6085,1.25);
#6085 = AXIS2_PLACEMENT_3D('',#6086,#6087,#6088);
#6086 = CARTESIAN_POINT('',(200.1,13.1,197.));
#6087 = DIRECTION('',(0.,1.,0.));
#6088 = DIRECTION('',(0.,-0.,1.));
#6089 = ORIENTED_EDGE('',*,*,#6075,.T.);
#6090 = CYLINDRICAL_SURFACE('',#6091,1.25);
#6091 = AXIS2_PLACEMENT_3D('',#6092,#6093,#6094);
#6092 = CARTESIAN_POINT('',(200.1,13.1,197.));
#6093 = DIRECTION('',(0.,1.,0.));
#6094 = DIRECTION('',(0.,-0.,1.));
#6095 = ADVANCED_FACE('',(#6096),#6115,.F.);
#6096 = FACE_BOUND('',#6097,.F.);
#6097 = EDGE_LOOP('',(#6098,#6099,#6107,#6114));
#6098 = ORIENTED_EDGE('',*,*,#1676,.F.);
#6099 = ORIENTED_EDGE('',*,*,#6100,.F.);
#6100 = EDGE_CURVE('',#6101,#1677,#6103,.T.);
#6101 = VERTEX_POINT('',#6102);
#6102 = CARTESIAN_POINT('',(200.1,13.1,217.65));
#6103 = LINE('',#6104,#6105);
#6104 = CARTESIAN_POINT('',(200.1,13.1,217.65));
#6105 = VECTOR('',#6106,1.);
#6106 = DIRECTION('',(0.,1.,0.));
#6107 = ORIENTED_EDGE('',*,*,#6108,.T.);
#6108 = EDGE_CURVE('',#6101,#6101,#6109,.T.);
#6109 = CIRCLE('',#6110,1.25);
#6110 = AXIS2_PLACEMENT_3D('',#6111,#6112,#6113);
#6111 = CARTESIAN_POINT('',(200.1,13.1,216.4));
#6112 = DIRECTION('',(0.,1.,0.));
#6113 = DIRECTION('',(0.,-0.,1.));
#6114 = ORIENTED_EDGE('',*,*,#6100,.T.);
#6115 = CYLINDRICAL_SURFACE('',#6116,1.25);
#6116 = AXIS2_PLACEMENT_3D('',#6117,#6118,#6119);
#6117 = CARTESIAN_POINT('',(200.1,13.1,216.4));
#6118 = DIRECTION('',(0.,1.,0.));
#6119 = DIRECTION('',(0.,-0.,1.));
#6120 = ADVANCED_FACE('',(#6121),#6140,.F.);
#6121 = FACE_BOUND('',#6122,.F.);
#6122 = EDGE_LOOP('',(#6123,#6124,#6132,#6139));
#6123 = ORIENTED_EDGE('',*,*,#1687,.F.);
#6124 = ORIENTED_EDGE('',*,*,#6125,.F.);
#6125 = EDGE_CURVE('',#6126,#1688,#6128,.T.);
#6126 = VERTEX_POINT('',#6127);
#6127 = CARTESIAN_POINT('',(160.1,13.1,230.85));
#6128 = LINE('',#6129,#6130);
#6129 = CARTESIAN_POINT('',(160.1,13.1,230.85));
#6130 = VECTOR('',#6131,1.);
#6131 = DIRECTION('',(0.,1.,0.));
#6132 = ORIENTED_EDGE('',*,*,#6133,.T.);
#6133 = EDGE_CURVE('',#6126,#6126,#6134,.T.);
#6134 = CIRCLE('',#6135,1.25);
#6135 = AXIS2_PLACEMENT_3D('',#6136,#6137,#6138);
#6136 = CARTESIAN_POINT('',(160.1,13.1,229.6));
#6137 = DIRECTION('',(0.,1.,0.));
#6138 = DIRECTION('',(0.,-0.,1.));
#6139 = ORIENTED_EDGE('',*,*,#6125,.T.);
#6140 = CYLINDRICAL_SURFACE('',#6141,1.25);
#6141 = AXIS2_PLACEMENT_3D('',#6142,#6143,#6144);
#6142 = CARTESIAN_POINT('',(160.1,13.1,229.6));
#6143 = DIRECTION('',(0.,1.,0.));
#6144 = DIRECTION('',(0.,-0.,1.));
#6145 = ADVANCED_FACE('',(#6146),#6165,.F.);
#6146 = FACE_BOUND('',#6147,.F.);
#6147 = EDGE_LOOP('',(#6148,#6149,#6157,#6164));
#6148 = ORIENTED_EDGE('',*,*,#1698,.F.);
#6149 = ORIENTED_EDGE('',*,*,#6150,.F.);
#6150 = EDGE_CURVE('',#6151,#1699,#6153,.T.);
#6151 = VERTEX_POINT('',#6152);
#6152 = CARTESIAN_POINT('',(175.,13.1,230.85));
#6153 = LINE('',#6154,#6155);
#6154 = CARTESIAN_POINT('',(175.,13.1,230.85));
#6155 = VECTOR('',#6156,1.);
#6156 = DIRECTION('',(0.,1.,0.));
#6157 = ORIENTED_EDGE('',*,*,#6158,.T.);
#6158 = EDGE_CURVE('',#6151,#6151,#6159,.T.);
#6159 = CIRCLE('',#6160,1.25);
#6160 = AXIS2_PLACEMENT_3D('',#6161,#6162,#6163);
#6161 = CARTESIAN_POINT('',(175.,13.1,229.6));
#6162 = DIRECTION('',(0.,1.,0.));
#6163 = DIRECTION('',(0.,-0.,1.));
#6164 = ORIENTED_EDGE('',*,*,#6150,.T.);
#6165 = CYLINDRICAL_SURFACE('',#6166,1.25);
#6166 = AXIS2_PLACEMENT_3D('',#6167,#6168,#6169);
#6167 = CARTESIAN_POINT('',(175.,13.1,229.6));
#6168 = DIRECTION('',(0.,1.,0.));
#6169 = DIRECTION('',(0.,-0.,1.));
#6170 = ADVANCED_FACE('',(#6171),#6190,.F.);
#6171 = FACE_BOUND('',#6172,.F.);
#6172 = EDGE_LOOP('',(#6173,#6174,#6182,#6189));
#6173 = ORIENTED_EDGE('',*,*,#1709,.F.);
#6174 = ORIENTED_EDGE('',*,*,#6175,.F.);
#6175 = EDGE_CURVE('',#6176,#1710,#6178,.T.);
#6176 = VERTEX_POINT('',#6177);
#6177 = CARTESIAN_POINT('',(189.9,13.1,230.85));
#6178 = LINE('',#6179,#6180);
#6179 = CARTESIAN_POINT('',(189.9,13.1,230.85));
#6180 = VECTOR('',#6181,1.);
#6181 = DIRECTION('',(0.,1.,0.));
#6182 = ORIENTED_EDGE('',*,*,#6183,.T.);
#6183 = EDGE_CURVE('',#6176,#6176,#6184,.T.);
#6184 = CIRCLE('',#6185,1.25);
#6185 = AXIS2_PLACEMENT_3D('',#6186,#6187,#6188);
#6186 = CARTESIAN_POINT('',(189.9,13.1,229.6));
#6187 = DIRECTION('',(0.,1.,0.));
#6188 = DIRECTION('',(0.,-0.,1.));
#6189 = ORIENTED_EDGE('',*,*,#6175,.T.);
#6190 = CYLINDRICAL_SURFACE('',#6191,1.25);
#6191 = AXIS2_PLACEMENT_3D('',#6192,#6193,#6194);
#6192 = CARTESIAN_POINT('',(189.9,13.1,229.6));
#6193 = DIRECTION('',(0.,1.,0.));
#6194 = DIRECTION('',(0.,-0.,1.));
#6195 = ADVANCED_FACE('',(#6196),#6215,.F.);
#6196 = FACE_BOUND('',#6197,.F.);
#6197 = EDGE_LOOP('',(#6198,#6199,#6207,#6214));
#6198 = ORIENTED_EDGE('',*,*,#1720,.F.);
#6199 = ORIENTED_EDGE('',*,*,#6200,.F.);
#6200 = EDGE_CURVE('',#6201,#1721,#6203,.T.);
#6201 = VERTEX_POINT('',#6202);
#6202 = CARTESIAN_POINT('',(160.1,13.1,266.25));
#6203 = LINE('',#6204,#6205);
#6204 = CARTESIAN_POINT('',(160.1,13.1,266.25));
#6205 = VECTOR('',#6206,1.);
#6206 = DIRECTION('',(0.,1.,0.));
#6207 = ORIENTED_EDGE('',*,*,#6208,.T.);
#6208 = EDGE_CURVE('',#6201,#6201,#6209,.T.);
#6209 = CIRCLE('',#6210,1.25);
#6210 = AXIS2_PLACEMENT_3D('',#6211,#6212,#6213);
#6211 = CARTESIAN_POINT('',(160.1,13.1,265.));
#6212 = DIRECTION('',(0.,1.,0.));
#6213 = DIRECTION('',(0.,-0.,1.));
#6214 = ORIENTED_EDGE('',*,*,#6200,.T.);
#6215 = CYLINDRICAL_SURFACE('',#6216,1.25);
#6216 = AXIS2_PLACEMENT_3D('',#6217,#6218,#6219);
#6217 = CARTESIAN_POINT('',(160.1,13.1,265.));
#6218 = DIRECTION('',(0.,1.,0.));
#6219 = DIRECTION('',(0.,-0.,1.));
#6220 = ADVANCED_FACE('',(#6221),#6240,.F.);
#6221 = FACE_BOUND('',#6222,.F.);
#6222 = EDGE_LOOP('',(#6223,#6224,#6232,#6239));
#6223 = ORIENTED_EDGE('',*,*,#1731,.F.);
#6224 = ORIENTED_EDGE('',*,*,#6225,.F.);
#6225 = EDGE_CURVE('',#6226,#1732,#6228,.T.);
#6226 = VERTEX_POINT('',#6227);
#6227 = CARTESIAN_POINT('',(160.1,13.1,285.65));
#6228 = LINE('',#6229,#6230);
#6229 = CARTESIAN_POINT('',(160.1,13.1,285.65));
#6230 = VECTOR('',#6231,1.);
#6231 = DIRECTION('',(0.,1.,0.));
#6232 = ORIENTED_EDGE('',*,*,#6233,.T.);
#6233 = EDGE_CURVE('',#6226,#6226,#6234,.T.);
#6234 = CIRCLE('',#6235,1.25);
#6235 = AXIS2_PLACEMENT_3D('',#6236,#6237,#6238);
#6236 = CARTESIAN_POINT('',(160.1,13.1,284.4));
#6237 = DIRECTION('',(0.,1.,0.));
#6238 = DIRECTION('',(0.,-0.,1.));
#6239 = ORIENTED_EDGE('',*,*,#6225,.T.);
#6240 = CYLINDRICAL_SURFACE('',#6241,1.25);
#6241 = AXIS2_PLACEMENT_3D('',#6242,#6243,#6244);
#6242 = CARTESIAN_POINT('',(160.1,13.1,284.4));
#6243 = DIRECTION('',(0.,1.,0.));
#6244 = DIRECTION('',(0.,-0.,1.));
#6245 = ADVANCED_FACE('',(#6246),#6265,.F.);
#6246 = FACE_BOUND('',#6247,.F.);
#6247 = EDGE_LOOP('',(#6248,#6249,#6257,#6264));
#6248 = ORIENTED_EDGE('',*,*,#1742,.F.);
#6249 = ORIENTED_EDGE('',*,*,#6250,.F.);
#6250 = EDGE_CURVE('',#6251,#1743,#6253,.T.);
#6251 = VERTEX_POINT('',#6252);
#6252 = CARTESIAN_POINT('',(189.9,13.1,266.25));
#6253 = LINE('',#6254,#6255);
#6254 = CARTESIAN_POINT('',(189.9,13.1,266.25));
#6255 = VECTOR('',#6256,1.);
#6256 = DIRECTION('',(0.,1.,0.));
#6257 = ORIENTED_EDGE('',*,*,#6258,.T.);
#6258 = EDGE_CURVE('',#6251,#6251,#6259,.T.);
#6259 = CIRCLE('',#6260,1.25);
#6260 = AXIS2_PLACEMENT_3D('',#6261,#6262,#6263);
#6261 = CARTESIAN_POINT('',(189.9,13.1,265.));
#6262 = DIRECTION('',(0.,1.,0.));
#6263 = DIRECTION('',(0.,-0.,1.));
#6264 = ORIENTED_EDGE('',*,*,#6250,.T.);
#6265 = CYLINDRICAL_SURFACE('',#6266,1.25);
#6266 = AXIS2_PLACEMENT_3D('',#6267,#6268,#6269);
#6267 = CARTESIAN_POINT('',(189.9,13.1,265.));
#6268 = DIRECTION('',(0.,1.,0.));
#6269 = DIRECTION('',(0.,-0.,1.));
#6270 = ADVANCED_FACE('',(#6271),#6290,.F.);
#6271 = FACE_BOUND('',#6272,.F.);
#6272 = EDGE_LOOP('',(#6273,#6274,#6282,#6289));
#6273 = ORIENTED_EDGE('',*,*,#1753,.F.);
#6274 = ORIENTED_EDGE('',*,*,#6275,.F.);
#6275 = EDGE_CURVE('',#6276,#1754,#6278,.T.);
#6276 = VERTEX_POINT('',#6277);
#6277 = CARTESIAN_POINT('',(189.9,13.1,285.65));
#6278 = LINE('',#6279,#6280);
#6279 = CARTESIAN_POINT('',(189.9,13.1,285.65));
#6280 = VECTOR('',#6281,1.);
#6281 = DIRECTION('',(0.,1.,0.));
#6282 = ORIENTED_EDGE('',*,*,#6283,.T.);
#6283 = EDGE_CURVE('',#6276,#6276,#6284,.T.);
#6284 = CIRCLE('',#6285,1.25);
#6285 = AXIS2_PLACEMENT_3D('',#6286,#6287,#6288);
#6286 = CARTESIAN_POINT('',(189.9,13.1,284.4));
#6287 = DIRECTION('',(0.,1.,0.));
#6288 = DIRECTION('',(0.,-0.,1.));
#6289 = ORIENTED_EDGE('',*,*,#6275,.T.);
#6290 = CYLINDRICAL_SURFACE('',#6291,1.25);
#6291 = AXIS2_PLACEMENT_3D('',#6292,#6293,#6294);
#6292 = CARTESIAN_POINT('',(189.9,13.1,284.4));
#6293 = DIRECTION('',(0.,1.,0.));
#6294 = DIRECTION('',(0.,-0.,1.));
#6295 = ADVANCED_FACE('',(#6296),#6315,.F.);
#6296 = FACE_BOUND('',#6297,.F.);
#6297 = EDGE_LOOP('',(#6298,#6299,#6307,#6314));
#6298 = ORIENTED_EDGE('',*,*,#1764,.F.);
#6299 = ORIENTED_EDGE('',*,*,#6300,.F.);
#6300 = EDGE_CURVE('',#6301,#1765,#6303,.T.);
#6301 = VERTEX_POINT('',#6302);
#6302 = CARTESIAN_POINT('',(200.1,13.1,230.85));
#6303 = LINE('',#6304,#6305);
#6304 = CARTESIAN_POINT('',(200.1,13.1,230.85));
#6305 = VECTOR('',#6306,1.);
#6306 = DIRECTION('',(0.,1.,0.));
#6307 = ORIENTED_EDGE('',*,*,#6308,.T.);
#6308 = EDGE_CURVE('',#6301,#6301,#6309,.T.);
#6309 = CIRCLE('',#6310,1.25);
#6310 = AXIS2_PLACEMENT_3D('',#6311,#6312,#6313);
#6311 = CARTESIAN_POINT('',(200.1,13.1,229.6));
#6312 = DIRECTION('',(0.,1.,0.));
#6313 = DIRECTION('',(0.,-0.,1.));
#6314 = ORIENTED_EDGE('',*,*,#6300,.T.);
#6315 = CYLINDRICAL_SURFACE('',#6316,1.25);
#6316 = AXIS2_PLACEMENT_3D('',#6317,#6318,#6319);
#6317 = CARTESIAN_POINT('',(200.1,13.1,229.6));
#6318 = DIRECTION('',(0.,1.,0.));
#6319 = DIRECTION('',(0.,-0.,1.));
#6320 = ADVANCED_FACE('',(#6321),#6340,.F.);
#6321 = FACE_BOUND('',#6322,.F.);
#6322 = EDGE_LOOP('',(#6323,#6324,#6332,#6339));
#6323 = ORIENTED_EDGE('',*,*,#1775,.F.);
#6324 = ORIENTED_EDGE('',*,*,#6325,.F.);
#6325 = EDGE_CURVE('',#6326,#1776,#6328,.T.);
#6326 = VERTEX_POINT('',#6327);
#6327 = CARTESIAN_POINT('',(215.,13.1,230.85));
#6328 = LINE('',#6329,#6330);
#6329 = CARTESIAN_POINT('',(215.,13.1,230.85));
#6330 = VECTOR('',#6331,1.);
#6331 = DIRECTION('',(0.,1.,0.));
#6332 = ORIENTED_EDGE('',*,*,#6333,.T.);
#6333 = EDGE_CURVE('',#6326,#6326,#6334,.T.);
#6334 = CIRCLE('',#6335,1.25);
#6335 = AXIS2_PLACEMENT_3D('',#6336,#6337,#6338);
#6336 = CARTESIAN_POINT('',(215.,13.1,229.6));
#6337 = DIRECTION('',(0.,1.,0.));
#6338 = DIRECTION('',(0.,-0.,1.));
#6339 = ORIENTED_EDGE('',*,*,#6325,.T.);
#6340 = CYLINDRICAL_SURFACE('',#6341,1.25);
#6341 = AXIS2_PLACEMENT_3D('',#6342,#6343,#6344);
#6342 = CARTESIAN_POINT('',(215.,13.1,229.6));
#6343 = DIRECTION('',(0.,1.,0.));
#6344 = DIRECTION('',(0.,-0.,1.));
#6345 = ADVANCED_FACE('',(#6346),#6365,.F.);
#6346 = FACE_BOUND('',#6347,.F.);
#6347 = EDGE_LOOP('',(#6348,#6349,#6357,#6364));
#6348 = ORIENTED_EDGE('',*,*,#1786,.F.);
#6349 = ORIENTED_EDGE('',*,*,#6350,.F.);
#6350 = EDGE_CURVE('',#6351,#1787,#6353,.T.);
#6351 = VERTEX_POINT('',#6352);
#6352 = CARTESIAN_POINT('',(200.1,13.1,266.25));
#6353 = LINE('',#6354,#6355);
#6354 = CARTESIAN_POINT('',(200.1,13.1,266.25));
#6355 = VECTOR('',#6356,1.);
#6356 = DIRECTION('',(0.,1.,0.));
#6357 = ORIENTED_EDGE('',*,*,#6358,.T.);
#6358 = EDGE_CURVE('',#6351,#6351,#6359,.T.);
#6359 = CIRCLE('',#6360,1.25);
#6360 = AXIS2_PLACEMENT_3D('',#6361,#6362,#6363);
#6361 = CARTESIAN_POINT('',(200.1,13.1,265.));
#6362 = DIRECTION('',(0.,1.,0.));
#6363 = DIRECTION('',(0.,-0.,1.));
#6364 = ORIENTED_EDGE('',*,*,#6350,.T.);
#6365 = CYLINDRICAL_SURFACE('',#6366,1.25);
#6366 = AXIS2_PLACEMENT_3D('',#6367,#6368,#6369);
#6367 = CARTESIAN_POINT('',(200.1,13.1,265.));
#6368 = DIRECTION('',(0.,1.,0.));
#6369 = DIRECTION('',(0.,-0.,1.));
#6370 = ADVANCED_FACE('',(#6371),#6390,.F.);
#6371 = FACE_BOUND('',#6372,.F.);
#6372 = EDGE_LOOP('',(#6373,#6374,#6382,#6389));
#6373 = ORIENTED_EDGE('',*,*,#1797,.F.);
#6374 = ORIENTED_EDGE('',*,*,#6375,.F.);
#6375 = EDGE_CURVE('',#6376,#1798,#6378,.T.);
#6376 = VERTEX_POINT('',#6377);
#6377 = CARTESIAN_POINT('',(200.1,13.1,285.65));
#6378 = LINE('',#6379,#6380);
#6379 = CARTESIAN_POINT('',(200.1,13.1,285.65));
#6380 = VECTOR('',#6381,1.);
#6381 = DIRECTION('',(0.,1.,0.));
#6382 = ORIENTED_EDGE('',*,*,#6383,.T.);
#6383 = EDGE_CURVE('',#6376,#6376,#6384,.T.);
#6384 = CIRCLE('',#6385,1.25);
#6385 = AXIS2_PLACEMENT_3D('',#6386,#6387,#6388);
#6386 = CARTESIAN_POINT('',(200.1,13.1,284.4));
#6387 = DIRECTION('',(0.,1.,0.));
#6388 = DIRECTION('',(0.,-0.,1.));
#6389 = ORIENTED_EDGE('',*,*,#6375,.T.);
#6390 = CYLINDRICAL_SURFACE('',#6391,1.25);
#6391 = AXIS2_PLACEMENT_3D('',#6392,#6393,#6394);
#6392 = CARTESIAN_POINT('',(200.1,13.1,284.4));
#6393 = DIRECTION('',(0.,1.,0.));
#6394 = DIRECTION('',(0.,-0.,1.));
#6395 = ADVANCED_FACE('',(#6396),#6415,.F.);
#6396 = FACE_BOUND('',#6397,.F.);
#6397 = EDGE_LOOP('',(#6398,#6399,#6407,#6414));
#6398 = ORIENTED_EDGE('',*,*,#1808,.F.);
#6399 = ORIENTED_EDGE('',*,*,#6400,.F.);
#6400 = EDGE_CURVE('',#6401,#1809,#6403,.T.);
#6401 = VERTEX_POINT('',#6402);
#6402 = CARTESIAN_POINT('',(229.9,13.1,162.85));
#6403 = LINE('',#6404,#6405);
#6404 = CARTESIAN_POINT('',(229.9,13.1,162.85));
#6405 = VECTOR('',#6406,1.);
#6406 = DIRECTION('',(0.,1.,0.));
#6407 = ORIENTED_EDGE('',*,*,#6408,.T.);
#6408 = EDGE_CURVE('',#6401,#6401,#6409,.T.);
#6409 = CIRCLE('',#6410,1.25);
#6410 = AXIS2_PLACEMENT_3D('',#6411,#6412,#6413);
#6411 = CARTESIAN_POINT('',(229.9,13.1,161.6));
#6412 = DIRECTION('',(0.,1.,0.));
#6413 = DIRECTION('',(0.,-0.,1.));
#6414 = ORIENTED_EDGE('',*,*,#6400,.T.);
#6415 = CYLINDRICAL_SURFACE('',#6416,1.25);
#6416 = AXIS2_PLACEMENT_3D('',#6417,#6418,#6419);
#6417 = CARTESIAN_POINT('',(229.9,13.1,161.6));
#6418 = DIRECTION('',(0.,1.,0.));
#6419 = DIRECTION('',(0.,-0.,1.));
#6420 = ADVANCED_FACE('',(#6421),#6446,.F.);
#6421 = FACE_BOUND('',#6422,.F.);
#6422 = EDGE_LOOP('',(#6423,#6424,#6432,#6440));
#6423 = ORIENTED_EDGE('',*,*,#1819,.F.);
#6424 = ORIENTED_EDGE('',*,*,#6425,.T.);
#6425 = EDGE_CURVE('',#1820,#6426,#6428,.T.);
#6426 = VERTEX_POINT('',#6427);
#6427 = CARTESIAN_POINT('',(251.,46.,15.));
#6428 = LINE('',#6429,#6430);
#6429 = CARTESIAN_POINT('',(251.,21.,15.));
#6430 = VECTOR('',#6431,1.);
#6431 = DIRECTION('',(-0.,1.,0.));
#6432 = ORIENTED_EDGE('',*,*,#6433,.T.);
#6433 = EDGE_CURVE('',#6426,#6434,#6436,.T.);
#6434 = VERTEX_POINT('',#6435);
#6435 = CARTESIAN_POINT('',(251.,46.,295.));
#6436 = LINE('',#6437,#6438);
#6437 = CARTESIAN_POINT('',(251.,46.,15.));
#6438 = VECTOR('',#6439,1.);
#6439 = DIRECTION('',(0.,0.,1.));
#6440 = ORIENTED_EDGE('',*,*,#6441,.F.);
#6441 = EDGE_CURVE('',#1822,#6434,#6442,.T.);
#6442 = LINE('',#6443,#6444);
#6443 = CARTESIAN_POINT('',(251.,21.,295.));
#6444 = VECTOR('',#6445,1.);
#6445 = DIRECTION('',(-0.,1.,0.));
#6446 = PLANE('',#6447);
#6447 = AXIS2_PLACEMENT_3D('',#6448,#6449,#6450);
#6448 = CARTESIAN_POINT('',(251.,21.,15.));
#6449 = DIRECTION('',(1.,0.,-0.));
#6450 = DIRECTION('',(0.,0.,1.));
#6451 = ADVANCED_FACE('',(#6452),#6470,.F.);
#6452 = FACE_BOUND('',#6453,.F.);
#6453 = EDGE_LOOP('',(#6454,#6455,#6456,#6464));
#6454 = ORIENTED_EDGE('',*,*,#6425,.F.);
#6455 = ORIENTED_EDGE('',*,*,#1829,.T.);
#6456 = ORIENTED_EDGE('',*,*,#6457,.T.);
#6457 = EDGE_CURVE('',#1830,#6458,#6460,.T.);
#6458 = VERTEX_POINT('',#6459);
#6459 = CARTESIAN_POINT('',(253.,46.,15.));
#6460 = LINE('',#6461,#6462);
#6461 = CARTESIAN_POINT('',(253.,21.,15.));
#6462 = VECTOR('',#6463,1.);
#6463 = DIRECTION('',(-0.,1.,0.));
#6464 = ORIENTED_EDGE('',*,*,#6465,.F.);
#6465 = EDGE_CURVE('',#6426,#6458,#6466,.T.);
#6466 = LINE('',#6467,#6468);
#6467 = CARTESIAN_POINT('',(251.,46.,15.));
#6468 = VECTOR('',#6469,1.);
#6469 = DIRECTION('',(1.,0.,-0.));
#6470 = PLANE('',#6471);
#6471 = AXIS2_PLACEMENT_3D('',#6472,#6473,#6474);
#6472 = CARTESIAN_POINT('',(251.,21.,15.));
#6473 = DIRECTION('',(0.,0.,1.));
#6474 = DIRECTION('',(1.,0.,-0.));
#6475 = ADVANCED_FACE('',(#6476),#6494,.T.);
#6476 = FACE_BOUND('',#6477,.T.);
#6477 = EDGE_LOOP('',(#6478,#6479,#6480,#6488));
#6478 = ORIENTED_EDGE('',*,*,#6441,.F.);
#6479 = ORIENTED_EDGE('',*,*,#1845,.T.);
#6480 = ORIENTED_EDGE('',*,*,#6481,.T.);
#6481 = EDGE_CURVE('',#1838,#6482,#6484,.T.);
#6482 = VERTEX_POINT('',#6483);
#6483 = CARTESIAN_POINT('',(253.,46.,295.));
#6484 = LINE('',#6485,#6486);
#6485 = CARTESIAN_POINT('',(253.,21.,295.));
#6486 = VECTOR('',#6487,1.);
#6487 = DIRECTION('',(-0.,1.,0.));
#6488 = ORIENTED_EDGE('',*,*,#6489,.F.);
#6489 = EDGE_CURVE('',#6434,#6482,#6490,.T.);
#6490 = LINE('',#6491,#6492);
#6491 = CARTESIAN_POINT('',(251.,46.,295.));
#6492 = VECTOR('',#6493,1.);
#6493 = DIRECTION('',(1.,0.,-0.));
#6494 = PLANE('',#6495);
#6495 = AXIS2_PLACEMENT_3D('',#6496,#6497,#6498);
#6496 = CARTESIAN_POINT('',(251.,21.,295.));
#6497 = DIRECTION('',(0.,0.,1.));
#6498 = DIRECTION('',(1.,0.,-0.));
#6499 = ADVANCED_FACE('',(#6500),#6511,.T.);
#6500 = FACE_BOUND('',#6501,.T.);
#6501 = EDGE_LOOP('',(#6502,#6503,#6504,#6510));
#6502 = ORIENTED_EDGE('',*,*,#1837,.F.);
#6503 = ORIENTED_EDGE('',*,*,#6457,.T.);
#6504 = ORIENTED_EDGE('',*,*,#6505,.T.);
#6505 = EDGE_CURVE('',#6458,#6482,#6506,.T.);
#6506 = LINE('',#6507,#6508);
#6507 = CARTESIAN_POINT('',(253.,46.,15.));
#6508 = VECTOR('',#6509,1.);
#6509 = DIRECTION('',(0.,0.,1.));
#6510 = ORIENTED_EDGE('',*,*,#6481,.F.);
#6511 = PLANE('',#6512);
#6512 = AXIS2_PLACEMENT_3D('',#6513,#6514,#6515);
#6513 = CARTESIAN_POINT('',(253.,21.,15.));
#6514 = DIRECTION('',(1.,0.,-0.));
#6515 = DIRECTION('',(0.,0.,1.));
#6516 = ADVANCED_FACE('',(#6517),#6542,.F.);
#6517 = FACE_BOUND('',#6518,.F.);
#6518 = EDGE_LOOP('',(#6519,#6520,#6528,#6536));
#6519 = ORIENTED_EDGE('',*,*,#1853,.F.);
#6520 = ORIENTED_EDGE('',*,*,#6521,.T.);
#6521 = EDGE_CURVE('',#1854,#6522,#6524,.T.);
#6522 = VERTEX_POINT('',#6523);
#6523 = CARTESIAN_POINT('',(255.,46.,15.));
#6524 = LINE('',#6525,#6526);
#6525 = CARTESIAN_POINT('',(255.,21.,15.));
#6526 = VECTOR('',#6527,1.);
#6527 = DIRECTION('',(-0.,1.,0.));
#6528 = ORIENTED_EDGE('',*,*,#6529,.T.);
#6529 = EDGE_CURVE('',#6522,#6530,#6532,.T.);
#6530 = VERTEX_POINT('',#6531);
#6531 = CARTESIAN_POINT('',(255.,46.,295.));
#6532 = LINE('',#6533,#6534);
#6533 = CARTESIAN_POINT('',(255.,46.,15.));
#6534 = VECTOR('',#6535,1.);
#6535 = DIRECTION('',(0.,0.,1.));
#6536 = ORIENTED_EDGE('',*,*,#6537,.F.);
#6537 = EDGE_CURVE('',#1856,#6530,#6538,.T.);
#6538 = LINE('',#6539,#6540);
#6539 = CARTESIAN_POINT('',(255.,21.,295.));
#6540 = VECTOR('',#6541,1.);
#6541 = DIRECTION('',(-0.,1.,0.));
#6542 = PLANE('',#6543);
#6543 = AXIS2_PLACEMENT_3D('',#6544,#6545,#6546);
#6544 = CARTESIAN_POINT('',(255.,21.,15.));
#6545 = DIRECTION('',(1.,0.,-0.));
#6546 = DIRECTION('',(0.,0.,1.));
#6547 = ADVANCED_FACE('',(#6548),#6566,.F.);
#6548 = FACE_BOUND('',#6549,.F.);
#6549 = EDGE_LOOP('',(#6550,#6551,#6552,#6560));
#6550 = ORIENTED_EDGE('',*,*,#6521,.F.);
#6551 = ORIENTED_EDGE('',*,*,#1863,.T.);
#6552 = ORIENTED_EDGE('',*,*,#6553,.T.);
#6553 = EDGE_CURVE('',#1864,#6554,#6556,.T.);
#6554 = VERTEX_POINT('',#6555);
#6555 = CARTESIAN_POINT('',(257.,46.,15.));
#6556 = LINE('',#6557,#6558);
#6557 = CARTESIAN_POINT('',(257.,21.,15.));
#6558 = VECTOR('',#6559,1.);
#6559 = DIRECTION('',(-0.,1.,0.));
#6560 = ORIENTED_EDGE('',*,*,#6561,.F.);
#6561 = EDGE_CURVE('',#6522,#6554,#6562,.T.);
#6562 = LINE('',#6563,#6564);
#6563 = CARTESIAN_POINT('',(255.,46.,15.));
#6564 = VECTOR('',#6565,1.);
#6565 = DIRECTION('',(1.,0.,-0.));
#6566 = PLANE('',#6567);
#6567 = AXIS2_PLACEMENT_3D('',#6568,#6569,#6570);
#6568 = CARTESIAN_POINT('',(255.,21.,15.));
#6569 = DIRECTION('',(0.,0.,1.));
#6570 = DIRECTION('',(1.,0.,-0.));
#6571 = ADVANCED_FACE('',(#6572),#6590,.T.);
#6572 = FACE_BOUND('',#6573,.T.);
#6573 = EDGE_LOOP('',(#6574,#6575,#6576,#6584));
#6574 = ORIENTED_EDGE('',*,*,#6537,.F.);
#6575 = ORIENTED_EDGE('',*,*,#1879,.T.);
#6576 = ORIENTED_EDGE('',*,*,#6577,.T.);
#6577 = EDGE_CURVE('',#1872,#6578,#6580,.T.);
#6578 = VERTEX_POINT('',#6579);
#6579 = CARTESIAN_POINT('',(257.,46.,295.));
#6580 = LINE('',#6581,#6582);
#6581 = CARTESIAN_POINT('',(257.,21.,295.));
#6582 = VECTOR('',#6583,1.);
#6583 = DIRECTION('',(-0.,1.,0.));
#6584 = ORIENTED_EDGE('',*,*,#6585,.F.);
#6585 = EDGE_CURVE('',#6530,#6578,#6586,.T.);
#6586 = LINE('',#6587,#6588);
#6587 = CARTESIAN_POINT('',(255.,46.,295.));
#6588 = VECTOR('',#6589,1.);
#6589 = DIRECTION('',(1.,0.,-0.));
#6590 = PLANE('',#6591);
#6591 = AXIS2_PLACEMENT_3D('',#6592,#6593,#6594);
#6592 = CARTESIAN_POINT('',(255.,21.,295.));
#6593 = DIRECTION('',(0.,0.,1.));
#6594 = DIRECTION('',(1.,0.,-0.));
#6595 = ADVANCED_FACE('',(#6596),#6607,.T.);
#6596 = FACE_BOUND('',#6597,.T.);
#6597 = EDGE_LOOP('',(#6598,#6599,#6600,#6606));
#6598 = ORIENTED_EDGE('',*,*,#1871,.F.);
#6599 = ORIENTED_EDGE('',*,*,#6553,.T.);
#6600 = ORIENTED_EDGE('',*,*,#6601,.T.);
#6601 = EDGE_CURVE('',#6554,#6578,#6602,.T.);
#6602 = LINE('',#6603,#6604);
#6603 = CARTESIAN_POINT('',(257.,46.,15.));
#6604 = VECTOR('',#6605,1.);
#6605 = DIRECTION('',(0.,0.,1.));
#6606 = ORIENTED_EDGE('',*,*,#6577,.F.);
#6607 = PLANE('',#6608);
#6608 = AXIS2_PLACEMENT_3D('',#6609,#6610,#6611);
#6609 = CARTESIAN_POINT('',(257.,21.,15.));
#6610 = DIRECTION('',(1.,0.,-0.));
#6611 = DIRECTION('',(0.,0.,1.));
#6612 = ADVANCED_FACE('',(#6613),#6638,.F.);
#6613 = FACE_BOUND('',#6614,.F.);
#6614 = EDGE_LOOP('',(#6615,#6616,#6624,#6632));
#6615 = ORIENTED_EDGE('',*,*,#1887,.F.);
#6616 = ORIENTED_EDGE('',*,*,#6617,.T.);
#6617 = EDGE_CURVE('',#1888,#6618,#6620,.T.);
#6618 = VERTEX_POINT('',#6619);
#6619 = CARTESIAN_POINT('',(259.,46.,15.));
#6620 = LINE('',#6621,#6622);
#6621 = CARTESIAN_POINT('',(259.,21.,15.));
#6622 = VECTOR('',#6623,1.);
#6623 = DIRECTION('',(-0.,1.,0.));
#6624 = ORIENTED_EDGE('',*,*,#6625,.T.);
#6625 = EDGE_CURVE('',#6618,#6626,#6628,.T.);
#6626 = VERTEX_POINT('',#6627);
#6627 = CARTESIAN_POINT('',(259.,46.,295.));
#6628 = LINE('',#6629,#6630);
#6629 = CARTESIAN_POINT('',(259.,46.,15.));
#6630 = VECTOR('',#6631,1.);
#6631 = DIRECTION('',(0.,0.,1.));
#6632 = ORIENTED_EDGE('',*,*,#6633,.F.);
#6633 = EDGE_CURVE('',#1890,#6626,#6634,.T.);
#6634 = LINE('',#6635,#6636);
#6635 = CARTESIAN_POINT('',(259.,21.,295.));
#6636 = VECTOR('',#6637,1.);
#6637 = DIRECTION('',(-0.,1.,0.));
#6638 = PLANE('',#6639);
#6639 = AXIS2_PLACEMENT_3D('',#6640,#6641,#6642);
#6640 = CARTESIAN_POINT('',(259.,21.,15.));
#6641 = DIRECTION('',(1.,0.,-0.));
#6642 = DIRECTION('',(0.,0.,1.));
#6643 = ADVANCED_FACE('',(#6644),#6662,.F.);
#6644 = FACE_BOUND('',#6645,.F.);
#6645 = EDGE_LOOP('',(#6646,#6647,#6648,#6656));
#6646 = ORIENTED_EDGE('',*,*,#6617,.F.);
#6647 = ORIENTED_EDGE('',*,*,#1897,.T.);
#6648 = ORIENTED_EDGE('',*,*,#6649,.T.);
#6649 = EDGE_CURVE('',#1898,#6650,#6652,.T.);
#6650 = VERTEX_POINT('',#6651);
#6651 = CARTESIAN_POINT('',(261.,46.,15.));
#6652 = LINE('',#6653,#6654);
#6653 = CARTESIAN_POINT('',(261.,21.,15.));
#6654 = VECTOR('',#6655,1.);
#6655 = DIRECTION('',(-0.,1.,0.));
#6656 = ORIENTED_EDGE('',*,*,#6657,.F.);
#6657 = EDGE_CURVE('',#6618,#6650,#6658,.T.);
#6658 = LINE('',#6659,#6660);
#6659 = CARTESIAN_POINT('',(259.,46.,15.));
#6660 = VECTOR('',#6661,1.);
#6661 = DIRECTION('',(1.,0.,-0.));
#6662 = PLANE('',#6663);
#6663 = AXIS2_PLACEMENT_3D('',#6664,#6665,#6666);
#6664 = CARTESIAN_POINT('',(259.,21.,15.));
#6665 = DIRECTION('',(0.,0.,1.));
#6666 = DIRECTION('',(1.,0.,-0.));
#6667 = ADVANCED_FACE('',(#6668),#6686,.T.);
#6668 = FACE_BOUND('',#6669,.T.);
#6669 = EDGE_LOOP('',(#6670,#6671,#6672,#6680));
#6670 = ORIENTED_EDGE('',*,*,#6633,.F.);
#6671 = ORIENTED_EDGE('',*,*,#1913,.T.);
#6672 = ORIENTED_EDGE('',*,*,#6673,.T.);
#6673 = EDGE_CURVE('',#1906,#6674,#6676,.T.);
#6674 = VERTEX_POINT('',#6675);
#6675 = CARTESIAN_POINT('',(261.,46.,295.));
#6676 = LINE('',#6677,#6678);
#6677 = CARTESIAN_POINT('',(261.,21.,295.));
#6678 = VECTOR('',#6679,1.);
#6679 = DIRECTION('',(-0.,1.,0.));
#6680 = ORIENTED_EDGE('',*,*,#6681,.F.);
#6681 = EDGE_CURVE('',#6626,#6674,#6682,.T.);
#6682 = LINE('',#6683,#6684);
#6683 = CARTESIAN_POINT('',(259.,46.,295.));
#6684 = VECTOR('',#6685,1.);
#6685 = DIRECTION('',(1.,0.,-0.));
#6686 = PLANE('',#6687);
#6687 = AXIS2_PLACEMENT_3D('',#6688,#6689,#6690);
#6688 = CARTESIAN_POINT('',(259.,21.,295.));
#6689 = DIRECTION('',(0.,0.,1.));
#6690 = DIRECTION('',(1.,0.,-0.));
#6691 = ADVANCED_FACE('',(#6692),#6703,.T.);
#6692 = FACE_BOUND('',#6693,.T.);
#6693 = EDGE_LOOP('',(#6694,#6695,#6696,#6702));
#6694 = ORIENTED_EDGE('',*,*,#1905,.F.);
#6695 = ORIENTED_EDGE('',*,*,#6649,.T.);
#6696 = ORIENTED_EDGE('',*,*,#6697,.T.);
#6697 = EDGE_CURVE('',#6650,#6674,#6698,.T.);
#6698 = LINE('',#6699,#6700);
#6699 = CARTESIAN_POINT('',(261.,46.,15.));
#6700 = VECTOR('',#6701,1.);
#6701 = DIRECTION('',(0.,0.,1.));
#6702 = ORIENTED_EDGE('',*,*,#6673,.F.);
#6703 = PLANE('',#6704);
#6704 = AXIS2_PLACEMENT_3D('',#6705,#6706,#6707);
#6705 = CARTESIAN_POINT('',(261.,21.,15.));
#6706 = DIRECTION('',(1.,0.,-0.));
#6707 = DIRECTION('',(0.,0.,1.));
#6708 = ADVANCED_FACE('',(#6709),#6734,.F.);
#6709 = FACE_BOUND('',#6710,.F.);
#6710 = EDGE_LOOP('',(#6711,#6712,#6720,#6728));
#6711 = ORIENTED_EDGE('',*,*,#1921,.F.);
#6712 = ORIENTED_EDGE('',*,*,#6713,.T.);
#6713 = EDGE_CURVE('',#1922,#6714,#6716,.T.);
#6714 = VERTEX_POINT('',#6715);
#6715 = CARTESIAN_POINT('',(263.,46.,15.));
#6716 = LINE('',#6717,#6718);
#6717 = CARTESIAN_POINT('',(263.,21.,15.));
#6718 = VECTOR('',#6719,1.);
#6719 = DIRECTION('',(-0.,1.,0.));
#6720 = ORIENTED_EDGE('',*,*,#6721,.T.);
#6721 = EDGE_CURVE('',#6714,#6722,#6724,.T.);
#6722 = VERTEX_POINT('',#6723);
#6723 = CARTESIAN_POINT('',(263.,46.,295.));
#6724 = LINE('',#6725,#6726);
#6725 = CARTESIAN_POINT('',(263.,46.,15.));
#6726 = VECTOR('',#6727,1.);
#6727 = DIRECTION('',(0.,0.,1.));
#6728 = ORIENTED_EDGE('',*,*,#6729,.F.);
#6729 = EDGE_CURVE('',#1924,#6722,#6730,.T.);
#6730 = LINE('',#6731,#6732);
#6731 = CARTESIAN_POINT('',(263.,21.,295.));
#6732 = VECTOR('',#6733,1.);
#6733 = DIRECTION('',(-0.,1.,0.));
#6734 = PLANE('',#6735);
#6735 = AXIS2_PLACEMENT_3D('',#6736,#6737,#6738);
#6736 = CARTESIAN_POINT('',(263.,21.,15.));
#6737 = DIRECTION('',(1.,0.,-0.));
#6738 = DIRECTION('',(0.,0.,1.));
#6739 = ADVANCED_FACE('',(#6740),#6758,.F.);
#6740 = FACE_BOUND('',#6741,.F.);
#6741 = EDGE_LOOP('',(#6742,#6743,#6744,#6752));
#6742 = ORIENTED_EDGE('',*,*,#6713,.F.);
#6743 = ORIENTED_EDGE('',*,*,#1931,.T.);
#6744 = ORIENTED_EDGE('',*,*,#6745,.T.);
#6745 = EDGE_CURVE('',#1932,#6746,#6748,.T.);
#6746 = VERTEX_POINT('',#6747);
#6747 = CARTESIAN_POINT('',(265.,46.,15.));
#6748 = LINE('',#6749,#6750);
#6749 = CARTESIAN_POINT('',(265.,21.,15.));
#6750 = VECTOR('',#6751,1.);
#6751 = DIRECTION('',(-0.,1.,0.));
#6752 = ORIENTED_EDGE('',*,*,#6753,.F.);
#6753 = EDGE_CURVE('',#6714,#6746,#6754,.T.);
#6754 = LINE('',#6755,#6756);
#6755 = CARTESIAN_POINT('',(263.,46.,15.));
#6756 = VECTOR('',#6757,1.);
#6757 = DIRECTION('',(1.,0.,-0.));
#6758 = PLANE('',#6759);
#6759 = AXIS2_PLACEMENT_3D('',#6760,#6761,#6762);
#6760 = CARTESIAN_POINT('',(263.,21.,15.));
#6761 = DIRECTION('',(0.,0.,1.));
#6762 = DIRECTION('',(1.,0.,-0.));
#6763 = ADVANCED_FACE('',(#6764),#6782,.T.);
#6764 = FACE_BOUND('',#6765,.T.);
#6765 = EDGE_LOOP('',(#6766,#6767,#6768,#6776));
#6766 = ORIENTED_EDGE('',*,*,#6729,.F.);
#6767 = ORIENTED_EDGE('',*,*,#1947,.T.);
#6768 = ORIENTED_EDGE('',*,*,#6769,.T.);
#6769 = EDGE_CURVE('',#1940,#6770,#6772,.T.);
#6770 = VERTEX_POINT('',#6771);
#6771 = CARTESIAN_POINT('',(265.,46.,295.));
#6772 = LINE('',#6773,#6774);
#6773 = CARTESIAN_POINT('',(265.,21.,295.));
#6774 = VECTOR('',#6775,1.);
#6775 = DIRECTION('',(-0.,1.,0.));
#6776 = ORIENTED_EDGE('',*,*,#6777,.F.);
#6777 = EDGE_CURVE('',#6722,#6770,#6778,.T.);
#6778 = LINE('',#6779,#6780);
#6779 = CARTESIAN_POINT('',(263.,46.,295.));
#6780 = VECTOR('',#6781,1.);
#6781 = DIRECTION('',(1.,0.,-0.));
#6782 = PLANE('',#6783);
#6783 = AXIS2_PLACEMENT_3D('',#6784,#6785,#6786);
#6784 = CARTESIAN_POINT('',(263.,21.,295.));
#6785 = DIRECTION('',(0.,0.,1.));
#6786 = DIRECTION('',(1.,0.,-0.));
#6787 = ADVANCED_FACE('',(#6788),#6799,.T.);
#6788 = FACE_BOUND('',#6789,.T.);
#6789 = EDGE_LOOP('',(#6790,#6791,#6792,#6798));
#6790 = ORIENTED_EDGE('',*,*,#1939,.F.);
#6791 = ORIENTED_EDGE('',*,*,#6745,.T.);
#6792 = ORIENTED_EDGE('',*,*,#6793,.T.);
#6793 = EDGE_CURVE('',#6746,#6770,#6794,.T.);
#6794 = LINE('',#6795,#6796);
#6795 = CARTESIAN_POINT('',(265.,46.,15.));
#6796 = VECTOR('',#6797,1.);
#6797 = DIRECTION('',(0.,0.,1.));
#6798 = ORIENTED_EDGE('',*,*,#6769,.F.);
#6799 = PLANE('',#6800);
#6800 = AXIS2_PLACEMENT_3D('',#6801,#6802,#6803);
#6801 = CARTESIAN_POINT('',(265.,21.,15.));
#6802 = DIRECTION('',(1.,0.,-0.));
#6803 = DIRECTION('',(0.,0.,1.));
#6804 = ADVANCED_FACE('',(#6805),#6824,.F.);
#6805 = FACE_BOUND('',#6806,.F.);
#6806 = EDGE_LOOP('',(#6807,#6808,#6816,#6823));
#6807 = ORIENTED_EDGE('',*,*,#1955,.F.);
#6808 = ORIENTED_EDGE('',*,*,#6809,.F.);
#6809 = EDGE_CURVE('',#6810,#1956,#6812,.T.);
#6810 = VERTEX_POINT('',#6811);
#6811 = CARTESIAN_POINT('',(229.9,13.1,198.25));
#6812 = LINE('',#6813,#6814);
#6813 = CARTESIAN_POINT('',(229.9,13.1,198.25));
#6814 = VECTOR('',#6815,1.);
#6815 = DIRECTION('',(0.,1.,0.));
#6816 = ORIENTED_EDGE('',*,*,#6817,.T.);
#6817 = EDGE_CURVE('',#6810,#6810,#6818,.T.);
#6818 = CIRCLE('',#6819,1.25);
#6819 = AXIS2_PLACEMENT_3D('',#6820,#6821,#6822);
#6820 = CARTESIAN_POINT('',(229.9,13.1,197.));
#6821 = DIRECTION('',(0.,1.,0.));
#6822 = DIRECTION('',(0.,-0.,1.));
#6823 = ORIENTED_EDGE('',*,*,#6809,.T.);
#6824 = CYLINDRICAL_SURFACE('',#6825,1.25);
#6825 = AXIS2_PLACEMENT_3D('',#6826,#6827,#6828);
#6826 = CARTESIAN_POINT('',(229.9,13.1,197.));
#6827 = DIRECTION('',(0.,1.,0.));
#6828 = DIRECTION('',(0.,-0.,1.));
#6829 = ADVANCED_FACE('',(#6830),#6849,.F.);
#6830 = FACE_BOUND('',#6831,.F.);
#6831 = EDGE_LOOP('',(#6832,#6833,#6841,#6848));
#6832 = ORIENTED_EDGE('',*,*,#1966,.F.);
#6833 = ORIENTED_EDGE('',*,*,#6834,.F.);
#6834 = EDGE_CURVE('',#6835,#1967,#6837,.T.);
#6835 = VERTEX_POINT('',#6836);
#6836 = CARTESIAN_POINT('',(229.9,13.1,217.65));
#6837 = LINE('',#6838,#6839);
#6838 = CARTESIAN_POINT('',(229.9,13.1,217.65));
#6839 = VECTOR('',#6840,1.);
#6840 = DIRECTION('',(0.,1.,0.));
#6841 = ORIENTED_EDGE('',*,*,#6842,.T.);
#6842 = EDGE_CURVE('',#6835,#6835,#6843,.T.);
#6843 = CIRCLE('',#6844,1.25);
#6844 = AXIS2_PLACEMENT_3D('',#6845,#6846,#6847);
#6845 = CARTESIAN_POINT('',(229.9,13.1,216.4));
#6846 = DIRECTION('',(0.,1.,0.));
#6847 = DIRECTION('',(0.,-0.,1.));
#6848 = ORIENTED_EDGE('',*,*,#6834,.T.);
#6849 = CYLINDRICAL_SURFACE('',#6850,1.25);
#6850 = AXIS2_PLACEMENT_3D('',#6851,#6852,#6853);
#6851 = CARTESIAN_POINT('',(229.9,13.1,216.4));
#6852 = DIRECTION('',(0.,1.,0.));
#6853 = DIRECTION('',(0.,-0.,1.));
#6854 = ADVANCED_FACE('',(#6855),#6880,.F.);
#6855 = FACE_BOUND('',#6856,.F.);
#6856 = EDGE_LOOP('',(#6857,#6858,#6866,#6874));
#6857 = ORIENTED_EDGE('',*,*,#1977,.F.);
#6858 = ORIENTED_EDGE('',*,*,#6859,.T.);
#6859 = EDGE_CURVE('',#1978,#6860,#6862,.T.);
#6860 = VERTEX_POINT('',#6861);
#6861 = CARTESIAN_POINT('',(267.,46.,15.));
#6862 = LINE('',#6863,#6864);
#6863 = CARTESIAN_POINT('',(267.,21.,15.));
#6864 = VECTOR('',#6865,1.);
#6865 = DIRECTION('',(-0.,1.,0.));
#6866 = ORIENTED_EDGE('',*,*,#6867,.T.);
#6867 = EDGE_CURVE('',#6860,#6868,#6870,.T.);
#6868 = VERTEX_POINT('',#6869);
#6869 = CARTESIAN_POINT('',(267.,46.,295.));
#6870 = LINE('',#6871,#6872);
#6871 = CARTESIAN_POINT('',(267.,46.,15.));
#6872 = VECTOR('',#6873,1.);
#6873 = DIRECTION('',(0.,0.,1.));
#6874 = ORIENTED_EDGE('',*,*,#6875,.F.);
#6875 = EDGE_CURVE('',#1980,#6868,#6876,.T.);
#6876 = LINE('',#6877,#6878);
#6877 = CARTESIAN_POINT('',(267.,21.,295.));
#6878 = VECTOR('',#6879,1.);
#6879 = DIRECTION('',(-0.,1.,0.));
#6880 = PLANE('',#6881);
#6881 = AXIS2_PLACEMENT_3D('',#6882,#6883,#6884);
#6882 = CARTESIAN_POINT('',(267.,21.,15.));
#6883 = DIRECTION('',(1.,0.,-0.));
#6884 = DIRECTION('',(0.,0.,1.));
#6885 = ADVANCED_FACE('',(#6886),#6904,.F.);
#6886 = FACE_BOUND('',#6887,.F.);
#6887 = EDGE_LOOP('',(#6888,#6889,#6890,#6898));
#6888 = ORIENTED_EDGE('',*,*,#6859,.F.);
#6889 = ORIENTED_EDGE('',*,*,#1987,.T.);
#6890 = ORIENTED_EDGE('',*,*,#6891,.T.);
#6891 = EDGE_CURVE('',#1988,#6892,#6894,.T.);
#6892 = VERTEX_POINT('',#6893);
#6893 = CARTESIAN_POINT('',(269.,46.,15.));
#6894 = LINE('',#6895,#6896);
#6895 = CARTESIAN_POINT('',(269.,21.,15.));
#6896 = VECTOR('',#6897,1.);
#6897 = DIRECTION('',(-0.,1.,0.));
#6898 = ORIENTED_EDGE('',*,*,#6899,.F.);
#6899 = EDGE_CURVE('',#6860,#6892,#6900,.T.);
#6900 = LINE('',#6901,#6902);
#6901 = CARTESIAN_POINT('',(267.,46.,15.));
#6902 = VECTOR('',#6903,1.);
#6903 = DIRECTION('',(1.,0.,-0.));
#6904 = PLANE('',#6905);
#6905 = AXIS2_PLACEMENT_3D('',#6906,#6907,#6908);
#6906 = CARTESIAN_POINT('',(267.,21.,15.));
#6907 = DIRECTION('',(0.,0.,1.));
#6908 = DIRECTION('',(1.,0.,-0.));
#6909 = ADVANCED_FACE('',(#6910),#6928,.T.);
#6910 = FACE_BOUND('',#6911,.T.);
#6911 = EDGE_LOOP('',(#6912,#6913,#6914,#6922));
#6912 = ORIENTED_EDGE('',*,*,#6875,.F.);
#6913 = ORIENTED_EDGE('',*,*,#2003,.T.);
#6914 = ORIENTED_EDGE('',*,*,#6915,.T.);
#6915 = EDGE_CURVE('',#1996,#6916,#6918,.T.);
#6916 = VERTEX_POINT('',#6917);
#6917 = CARTESIAN_POINT('',(269.,46.,295.));
#6918 = LINE('',#6919,#6920);
#6919 = CARTESIAN_POINT('',(269.,21.,295.));
#6920 = VECTOR('',#6921,1.);
#6921 = DIRECTION('',(-0.,1.,0.));
#6922 = ORIENTED_EDGE('',*,*,#6923,.F.);
#6923 = EDGE_CURVE('',#6868,#6916,#6924,.T.);
#6924 = LINE('',#6925,#6926);
#6925 = CARTESIAN_POINT('',(267.,46.,295.));
#6926 = VECTOR('',#6927,1.);
#6927 = DIRECTION('',(1.,0.,-0.));
#6928 = PLANE('',#6929);
#6929 = AXIS2_PLACEMENT_3D('',#6930,#6931,#6932);
#6930 = CARTESIAN_POINT('',(267.,21.,295.));
#6931 = DIRECTION('',(0.,0.,1.));
#6932 = DIRECTION('',(1.,0.,-0.));
#6933 = ADVANCED_FACE('',(#6934),#6945,.T.);
#6934 = FACE_BOUND('',#6935,.T.);
#6935 = EDGE_LOOP('',(#6936,#6937,#6938,#6944));
#6936 = ORIENTED_EDGE('',*,*,#1995,.F.);
#6937 = ORIENTED_EDGE('',*,*,#6891,.T.);
#6938 = ORIENTED_EDGE('',*,*,#6939,.T.);
#6939 = EDGE_CURVE('',#6892,#6916,#6940,.T.);
#6940 = LINE('',#6941,#6942);
#6941 = CARTESIAN_POINT('',(269.,46.,15.));
#6942 = VECTOR('',#6943,1.);
#6943 = DIRECTION('',(0.,0.,1.));
#6944 = ORIENTED_EDGE('',*,*,#6915,.F.);
#6945 = PLANE('',#6946);
#6946 = AXIS2_PLACEMENT_3D('',#6947,#6948,#6949);
#6947 = CARTESIAN_POINT('',(269.,21.,15.));
#6948 = DIRECTION('',(1.,0.,-0.));
#6949 = DIRECTION('',(0.,0.,1.));
#6950 = ADVANCED_FACE('',(#6951),#6976,.F.);
#6951 = FACE_BOUND('',#6952,.F.);
#6952 = EDGE_LOOP('',(#6953,#6954,#6962,#6970));
#6953 = ORIENTED_EDGE('',*,*,#2011,.F.);
#6954 = ORIENTED_EDGE('',*,*,#6955,.T.);
#6955 = EDGE_CURVE('',#2012,#6956,#6958,.T.);
#6956 = VERTEX_POINT('',#6957);
#6957 = CARTESIAN_POINT('',(271.,46.,15.));
#6958 = LINE('',#6959,#6960);
#6959 = CARTESIAN_POINT('',(271.,21.,15.));
#6960 = VECTOR('',#6961,1.);
#6961 = DIRECTION('',(-0.,1.,0.));
#6962 = ORIENTED_EDGE('',*,*,#6963,.T.);
#6963 = EDGE_CURVE('',#6956,#6964,#6966,.T.);
#6964 = VERTEX_POINT('',#6965);
#6965 = CARTESIAN_POINT('',(271.,46.,295.));
#6966 = LINE('',#6967,#6968);
#6967 = CARTESIAN_POINT('',(271.,46.,15.));
#6968 = VECTOR('',#6969,1.);
#6969 = DIRECTION('',(0.,0.,1.));
#6970 = ORIENTED_EDGE('',*,*,#6971,.F.);
#6971 = EDGE_CURVE('',#2014,#6964,#6972,.T.);
#6972 = LINE('',#6973,#6974);
#6973 = CARTESIAN_POINT('',(271.,21.,295.));
#6974 = VECTOR('',#6975,1.);
#6975 = DIRECTION('',(-0.,1.,0.));
#6976 = PLANE('',#6977);
#6977 = AXIS2_PLACEMENT_3D('',#6978,#6979,#6980);
#6978 = CARTESIAN_POINT('',(271.,21.,15.));
#6979 = DIRECTION('',(1.,0.,-0.));
#6980 = DIRECTION('',(0.,0.,1.));
#6981 = ADVANCED_FACE('',(#6982),#7000,.F.);
#6982 = FACE_BOUND('',#6983,.F.);
#6983 = EDGE_LOOP('',(#6984,#6985,#6986,#6994));
#6984 = ORIENTED_EDGE('',*,*,#6955,.F.);
#6985 = ORIENTED_EDGE('',*,*,#2021,.T.);
#6986 = ORIENTED_EDGE('',*,*,#6987,.T.);
#6987 = EDGE_CURVE('',#2022,#6988,#6990,.T.);
#6988 = VERTEX_POINT('',#6989);
#6989 = CARTESIAN_POINT('',(273.,46.,15.));
#6990 = LINE('',#6991,#6992);
#6991 = CARTESIAN_POINT('',(273.,21.,15.));
#6992 = VECTOR('',#6993,1.);
#6993 = DIRECTION('',(-0.,1.,0.));
#6994 = ORIENTED_EDGE('',*,*,#6995,.F.);
#6995 = EDGE_CURVE('',#6956,#6988,#6996,.T.);
#6996 = LINE('',#6997,#6998);
#6997 = CARTESIAN_POINT('',(271.,46.,15.));
#6998 = VECTOR('',#6999,1.);
#6999 = DIRECTION('',(1.,0.,-0.));
#7000 = PLANE('',#7001);
#7001 = AXIS2_PLACEMENT_3D('',#7002,#7003,#7004);
#7002 = CARTESIAN_POINT('',(271.,21.,15.));
#7003 = DIRECTION('',(0.,0.,1.));
#7004 = DIRECTION('',(1.,0.,-0.));
#7005 = ADVANCED_FACE('',(#7006),#7024,.T.);
#7006 = FACE_BOUND('',#7007,.T.);
#7007 = EDGE_LOOP('',(#7008,#7009,#7010,#7018));
#7008 = ORIENTED_EDGE('',*,*,#6971,.F.);
#7009 = ORIENTED_EDGE('',*,*,#2037,.T.);
#7010 = ORIENTED_EDGE('',*,*,#7011,.T.);
#7011 = EDGE_CURVE('',#2030,#7012,#7014,.T.);
#7012 = VERTEX_POINT('',#7013);
#7013 = CARTESIAN_POINT('',(273.,46.,295.));
#7014 = LINE('',#7015,#7016);
#7015 = CARTESIAN_POINT('',(273.,21.,295.));
#7016 = VECTOR('',#7017,1.);
#7017 = DIRECTION('',(-0.,1.,0.));
#7018 = ORIENTED_EDGE('',*,*,#7019,.F.);
#7019 = EDGE_CURVE('',#6964,#7012,#7020,.T.);
#7020 = LINE('',#7021,#7022);
#7021 = CARTESIAN_POINT('',(271.,46.,295.));
#7022 = VECTOR('',#7023,1.);
#7023 = DIRECTION('',(1.,0.,-0.));
#7024 = PLANE('',#7025);
#7025 = AXIS2_PLACEMENT_3D('',#7026,#7027,#7028);
#7026 = CARTESIAN_POINT('',(271.,21.,295.));
#7027 = DIRECTION('',(0.,0.,1.));
#7028 = DIRECTION('',(1.,0.,-0.));
#7029 = ADVANCED_FACE('',(#7030),#7041,.T.);
#7030 = FACE_BOUND('',#7031,.T.);
#7031 = EDGE_LOOP('',(#7032,#7033,#7034,#7040));
#7032 = ORIENTED_EDGE('',*,*,#2029,.F.);
#7033 = ORIENTED_EDGE('',*,*,#6987,.T.);
#7034 = ORIENTED_EDGE('',*,*,#7035,.T.);
#7035 = EDGE_CURVE('',#6988,#7012,#7036,.T.);
#7036 = LINE('',#7037,#7038);
#7037 = CARTESIAN_POINT('',(273.,46.,15.));
#7038 = VECTOR('',#7039,1.);
#7039 = DIRECTION('',(0.,0.,1.));
#7040 = ORIENTED_EDGE('',*,*,#7011,.F.);
#7041 = PLANE('',#7042);
#7042 = AXIS2_PLACEMENT_3D('',#7043,#7044,#7045);
#7043 = CARTESIAN_POINT('',(273.,21.,15.));
#7044 = DIRECTION('',(1.,0.,-0.));
#7045 = DIRECTION('',(0.,0.,1.));
#7046 = ADVANCED_FACE('',(#7047),#7072,.F.);
#7047 = FACE_BOUND('',#7048,.F.);
#7048 = EDGE_LOOP('',(#7049,#7050,#7058,#7066));
#7049 = ORIENTED_EDGE('',*,*,#2045,.F.);
#7050 = ORIENTED_EDGE('',*,*,#7051,.T.);
#7051 = EDGE_CURVE('',#2046,#7052,#7054,.T.);
#7052 = VERTEX_POINT('',#7053);
#7053 = CARTESIAN_POINT('',(275.,46.,15.));
#7054 = LINE('',#7055,#7056);
#7055 = CARTESIAN_POINT('',(275.,21.,15.));
#7056 = VECTOR('',#7057,1.);
#7057 = DIRECTION('',(-0.,1.,0.));
#7058 = ORIENTED_EDGE('',*,*,#7059,.T.);
#7059 = EDGE_CURVE('',#7052,#7060,#7062,.T.);
#7060 = VERTEX_POINT('',#7061);
#7061 = CARTESIAN_POINT('',(275.,46.,295.));
#7062 = LINE('',#7063,#7064);
#7063 = CARTESIAN_POINT('',(275.,46.,15.));
#7064 = VECTOR('',#7065,1.);
#7065 = DIRECTION('',(0.,0.,1.));
#7066 = ORIENTED_EDGE('',*,*,#7067,.F.);
#7067 = EDGE_CURVE('',#2048,#7060,#7068,.T.);
#7068 = LINE('',#7069,#7070);
#7069 = CARTESIAN_POINT('',(275.,21.,295.));
#7070 = VECTOR('',#7071,1.);
#7071 = DIRECTION('',(-0.,1.,0.));
#7072 = PLANE('',#7073);
#7073 = AXIS2_PLACEMENT_3D('',#7074,#7075,#7076);
#7074 = CARTESIAN_POINT('',(275.,21.,15.));
#7075 = DIRECTION('',(1.,0.,-0.));
#7076 = DIRECTION('',(0.,0.,1.));
#7077 = ADVANCED_FACE('',(#7078),#7096,.F.);
#7078 = FACE_BOUND('',#7079,.F.);
#7079 = EDGE_LOOP('',(#7080,#7081,#7082,#7090));
#7080 = ORIENTED_EDGE('',*,*,#7051,.F.);
#7081 = ORIENTED_EDGE('',*,*,#2055,.T.);
#7082 = ORIENTED_EDGE('',*,*,#7083,.T.);
#7083 = EDGE_CURVE('',#2056,#7084,#7086,.T.);
#7084 = VERTEX_POINT('',#7085);
#7085 = CARTESIAN_POINT('',(277.,46.,15.));
#7086 = LINE('',#7087,#7088);
#7087 = CARTESIAN_POINT('',(277.,21.,15.));
#7088 = VECTOR('',#7089,1.);
#7089 = DIRECTION('',(-0.,1.,0.));
#7090 = ORIENTED_EDGE('',*,*,#7091,.F.);
#7091 = EDGE_CURVE('',#7052,#7084,#7092,.T.);
#7092 = LINE('',#7093,#7094);
#7093 = CARTESIAN_POINT('',(275.,46.,15.));
#7094 = VECTOR('',#7095,1.);
#7095 = DIRECTION('',(1.,0.,-0.));
#7096 = PLANE('',#7097);
#7097 = AXIS2_PLACEMENT_3D('',#7098,#7099,#7100);
#7098 = CARTESIAN_POINT('',(275.,21.,15.));
#7099 = DIRECTION('',(0.,0.,1.));
#7100 = DIRECTION('',(1.,0.,-0.));
#7101 = ADVANCED_FACE('',(#7102),#7120,.T.);
#7102 = FACE_BOUND('',#7103,.T.);
#7103 = EDGE_LOOP('',(#7104,#7105,#7106,#7114));
#7104 = ORIENTED_EDGE('',*,*,#7067,.F.);
#7105 = ORIENTED_EDGE('',*,*,#2071,.T.);
#7106 = ORIENTED_EDGE('',*,*,#7107,.T.);
#7107 = EDGE_CURVE('',#2064,#7108,#7110,.T.);
#7108 = VERTEX_POINT('',#7109);
#7109 = CARTESIAN_POINT('',(277.,46.,295.));
#7110 = LINE('',#7111,#7112);
#7111 = CARTESIAN_POINT('',(277.,21.,295.));
#7112 = VECTOR('',#7113,1.);
#7113 = DIRECTION('',(-0.,1.,0.));
#7114 = ORIENTED_EDGE('',*,*,#7115,.F.);
#7115 = EDGE_CURVE('',#7060,#7108,#7116,.T.);
#7116 = LINE('',#7117,#7118);
#7117 = CARTESIAN_POINT('',(275.,46.,295.));
#7118 = VECTOR('',#7119,1.);
#7119 = DIRECTION('',(1.,0.,-0.));
#7120 = PLANE('',#7121);
#7121 = AXIS2_PLACEMENT_3D('',#7122,#7123,#7124);
#7122 = CARTESIAN_POINT('',(275.,21.,295.));
#7123 = DIRECTION('',(0.,0.,1.));
#7124 = DIRECTION('',(1.,0.,-0.));
#7125 = ADVANCED_FACE('',(#7126),#7137,.T.);
#7126 = FACE_BOUND('',#7127,.T.);
#7127 = EDGE_LOOP('',(#7128,#7129,#7130,#7136));
#7128 = ORIENTED_EDGE('',*,*,#2063,.F.);
#7129 = ORIENTED_EDGE('',*,*,#7083,.T.);
#7130 = ORIENTED_EDGE('',*,*,#7131,.T.);
#7131 = EDGE_CURVE('',#7084,#7108,#7132,.T.);
#7132 = LINE('',#7133,#7134);
#7133 = CARTESIAN_POINT('',(277.,46.,15.));
#7134 = VECTOR('',#7135,1.);
#7135 = DIRECTION('',(0.,0.,1.));
#7136 = ORIENTED_EDGE('',*,*,#7107,.F.);
#7137 = PLANE('',#7138);
#7138 = AXIS2_PLACEMENT_3D('',#7139,#7140,#7141);
#7139 = CARTESIAN_POINT('',(277.,21.,15.));
#7140 = DIRECTION('',(1.,0.,-0.));
#7141 = DIRECTION('',(0.,0.,1.));
#7142 = ADVANCED_FACE('',(#7143),#7168,.F.);
#7143 = FACE_BOUND('',#7144,.F.);
#7144 = EDGE_LOOP('',(#7145,#7146,#7154,#7162));
#7145 = ORIENTED_EDGE('',*,*,#2079,.F.);
#7146 = ORIENTED_EDGE('',*,*,#7147,.T.);
#7147 = EDGE_CURVE('',#2080,#7148,#7150,.T.);
#7148 = VERTEX_POINT('',#7149);
#7149 = CARTESIAN_POINT('',(279.,46.,15.));
#7150 = LINE('',#7151,#7152);
#7151 = CARTESIAN_POINT('',(279.,21.,15.));
#7152 = VECTOR('',#7153,1.);
#7153 = DIRECTION('',(-0.,1.,0.));
#7154 = ORIENTED_EDGE('',*,*,#7155,.T.);
#7155 = EDGE_CURVE('',#7148,#7156,#7158,.T.);
#7156 = VERTEX_POINT('',#7157);
#7157 = CARTESIAN_POINT('',(279.,46.,295.));
#7158 = LINE('',#7159,#7160);
#7159 = CARTESIAN_POINT('',(279.,46.,15.));
#7160 = VECTOR('',#7161,1.);
#7161 = DIRECTION('',(0.,0.,1.));
#7162 = ORIENTED_EDGE('',*,*,#7163,.F.);
#7163 = EDGE_CURVE('',#2082,#7156,#7164,.T.);
#7164 = LINE('',#7165,#7166);
#7165 = CARTESIAN_POINT('',(279.,21.,295.));
#7166 = VECTOR('',#7167,1.);
#7167 = DIRECTION('',(-0.,1.,0.));
#7168 = PLANE('',#7169);
#7169 = AXIS2_PLACEMENT_3D('',#7170,#7171,#7172);
#7170 = CARTESIAN_POINT('',(279.,21.,15.));
#7171 = DIRECTION('',(1.,0.,-0.));
#7172 = DIRECTION('',(0.,0.,1.));
#7173 = ADVANCED_FACE('',(#7174),#7192,.F.);
#7174 = FACE_BOUND('',#7175,.F.);
#7175 = EDGE_LOOP('',(#7176,#7177,#7178,#7186));
#7176 = ORIENTED_EDGE('',*,*,#7147,.F.);
#7177 = ORIENTED_EDGE('',*,*,#2089,.T.);
#7178 = ORIENTED_EDGE('',*,*,#7179,.T.);
#7179 = EDGE_CURVE('',#2090,#7180,#7182,.T.);
#7180 = VERTEX_POINT('',#7181);
#7181 = CARTESIAN_POINT('',(281.,46.,15.));
#7182 = LINE('',#7183,#7184);
#7183 = CARTESIAN_POINT('',(281.,21.,15.));
#7184 = VECTOR('',#7185,1.);
#7185 = DIRECTION('',(-0.,1.,0.));
#7186 = ORIENTED_EDGE('',*,*,#7187,.F.);
#7187 = EDGE_CURVE('',#7148,#7180,#7188,.T.);
#7188 = LINE('',#7189,#7190);
#7189 = CARTESIAN_POINT('',(279.,46.,15.));
#7190 = VECTOR('',#7191,1.);
#7191 = DIRECTION('',(1.,0.,-0.));
#7192 = PLANE('',#7193);
#7193 = AXIS2_PLACEMENT_3D('',#7194,#7195,#7196);
#7194 = CARTESIAN_POINT('',(279.,21.,15.));
#7195 = DIRECTION('',(0.,0.,1.));
#7196 = DIRECTION('',(1.,0.,-0.));
#7197 = ADVANCED_FACE('',(#7198),#7216,.T.);
#7198 = FACE_BOUND('',#7199,.T.);
#7199 = EDGE_LOOP('',(#7200,#7201,#7202,#7210));
#7200 = ORIENTED_EDGE('',*,*,#7163,.F.);
#7201 = ORIENTED_EDGE('',*,*,#2105,.T.);
#7202 = ORIENTED_EDGE('',*,*,#7203,.T.);
#7203 = EDGE_CURVE('',#2098,#7204,#7206,.T.);
#7204 = VERTEX_POINT('',#7205);
#7205 = CARTESIAN_POINT('',(281.,46.,295.));
#7206 = LINE('',#7207,#7208);
#7207 = CARTESIAN_POINT('',(281.,21.,295.));
#7208 = VECTOR('',#7209,1.);
#7209 = DIRECTION('',(-0.,1.,0.));
#7210 = ORIENTED_EDGE('',*,*,#7211,.F.);
#7211 = EDGE_CURVE('',#7156,#7204,#7212,.T.);
#7212 = LINE('',#7213,#7214);
#7213 = CARTESIAN_POINT('',(279.,46.,295.));
#7214 = VECTOR('',#7215,1.);
#7215 = DIRECTION('',(1.,0.,-0.));
#7216 = PLANE('',#7217);
#7217 = AXIS2_PLACEMENT_3D('',#7218,#7219,#7220);
#7218 = CARTESIAN_POINT('',(279.,21.,295.));
#7219 = DIRECTION('',(0.,0.,1.));
#7220 = DIRECTION('',(1.,0.,-0.));
#7221 = ADVANCED_FACE('',(#7222),#7233,.T.);
#7222 = FACE_BOUND('',#7223,.T.);
#7223 = EDGE_LOOP('',(#7224,#7225,#7226,#7232));
#7224 = ORIENTED_EDGE('',*,*,#2097,.F.);
#7225 = ORIENTED_EDGE('',*,*,#7179,.T.);
#7226 = ORIENTED_EDGE('',*,*,#7227,.T.);
#7227 = EDGE_CURVE('',#7180,#7204,#7228,.T.);
#7228 = LINE('',#7229,#7230);
#7229 = CARTESIAN_POINT('',(281.,46.,15.));
#7230 = VECTOR('',#7231,1.);
#7231 = DIRECTION('',(0.,0.,1.));
#7232 = ORIENTED_EDGE('',*,*,#7203,.F.);
#7233 = PLANE('',#7234);
#7234 = AXIS2_PLACEMENT_3D('',#7235,#7236,#7237);
#7235 = CARTESIAN_POINT('',(281.,21.,15.));
#7236 = DIRECTION('',(1.,0.,-0.));
#7237 = DIRECTION('',(0.,0.,1.));
#7238 = ADVANCED_FACE('',(#7239),#7264,.F.);
#7239 = FACE_BOUND('',#7240,.F.);
#7240 = EDGE_LOOP('',(#7241,#7242,#7250,#7258));
#7241 = ORIENTED_EDGE('',*,*,#2113,.F.);
#7242 = ORIENTED_EDGE('',*,*,#7243,.T.);
#7243 = EDGE_CURVE('',#2114,#7244,#7246,.T.);
#7244 = VERTEX_POINT('',#7245);
#7245 = CARTESIAN_POINT('',(283.,46.,15.));
#7246 = LINE('',#7247,#7248);
#7247 = CARTESIAN_POINT('',(283.,21.,15.));
#7248 = VECTOR('',#7249,1.);
#7249 = DIRECTION('',(-0.,1.,0.));
#7250 = ORIENTED_EDGE('',*,*,#7251,.T.);
#7251 = EDGE_CURVE('',#7244,#7252,#7254,.T.);
#7252 = VERTEX_POINT('',#7253);
#7253 = CARTESIAN_POINT('',(283.,46.,295.));
#7254 = LINE('',#7255,#7256);
#7255 = CARTESIAN_POINT('',(283.,46.,15.));
#7256 = VECTOR('',#7257,1.);
#7257 = DIRECTION('',(0.,0.,1.));
#7258 = ORIENTED_EDGE('',*,*,#7259,.F.);
#7259 = EDGE_CURVE('',#2116,#7252,#7260,.T.);
#7260 = LINE('',#7261,#7262);
#7261 = CARTESIAN_POINT('',(283.,21.,295.));
#7262 = VECTOR('',#7263,1.);
#7263 = DIRECTION('',(-0.,1.,0.));
#7264 = PLANE('',#7265);
#7265 = AXIS2_PLACEMENT_3D('',#7266,#7267,#7268);
#7266 = CARTESIAN_POINT('',(283.,21.,15.));
#7267 = DIRECTION('',(1.,0.,-0.));
#7268 = DIRECTION('',(0.,0.,1.));
#7269 = ADVANCED_FACE('',(#7270),#7288,.F.);
#7270 = FACE_BOUND('',#7271,.F.);
#7271 = EDGE_LOOP('',(#7272,#7273,#7274,#7282));
#7272 = ORIENTED_EDGE('',*,*,#7243,.F.);
#7273 = ORIENTED_EDGE('',*,*,#2123,.T.);
#7274 = ORIENTED_EDGE('',*,*,#7275,.T.);
#7275 = EDGE_CURVE('',#2124,#7276,#7278,.T.);
#7276 = VERTEX_POINT('',#7277);
#7277 = CARTESIAN_POINT('',(285.,46.,15.));
#7278 = LINE('',#7279,#7280);
#7279 = CARTESIAN_POINT('',(285.,21.,15.));
#7280 = VECTOR('',#7281,1.);
#7281 = DIRECTION('',(-0.,1.,0.));
#7282 = ORIENTED_EDGE('',*,*,#7283,.F.);
#7283 = EDGE_CURVE('',#7244,#7276,#7284,.T.);
#7284 = LINE('',#7285,#7286);
#7285 = CARTESIAN_POINT('',(283.,46.,15.));
#7286 = VECTOR('',#7287,1.);
#7287 = DIRECTION('',(1.,0.,-0.));
#7288 = PLANE('',#7289);
#7289 = AXIS2_PLACEMENT_3D('',#7290,#7291,#7292);
#7290 = CARTESIAN_POINT('',(283.,21.,15.));
#7291 = DIRECTION('',(0.,0.,1.));
#7292 = DIRECTION('',(1.,0.,-0.));
#7293 = ADVANCED_FACE('',(#7294),#7312,.T.);
#7294 = FACE_BOUND('',#7295,.T.);
#7295 = EDGE_LOOP('',(#7296,#7297,#7298,#7306));
#7296 = ORIENTED_EDGE('',*,*,#7259,.F.);
#7297 = ORIENTED_EDGE('',*,*,#2139,.T.);
#7298 = ORIENTED_EDGE('',*,*,#7299,.T.);
#7299 = EDGE_CURVE('',#2132,#7300,#7302,.T.);
#7300 = VERTEX_POINT('',#7301);
#7301 = CARTESIAN_POINT('',(285.,46.,295.));
#7302 = LINE('',#7303,#7304);
#7303 = CARTESIAN_POINT('',(285.,21.,295.));
#7304 = VECTOR('',#7305,1.);
#7305 = DIRECTION('',(-0.,1.,0.));
#7306 = ORIENTED_EDGE('',*,*,#7307,.F.);
#7307 = EDGE_CURVE('',#7252,#7300,#7308,.T.);
#7308 = LINE('',#7309,#7310);
#7309 = CARTESIAN_POINT('',(283.,46.,295.));
#7310 = VECTOR('',#7311,1.);
#7311 = DIRECTION('',(1.,0.,-0.));
#7312 = PLANE('',#7313);
#7313 = AXIS2_PLACEMENT_3D('',#7314,#7315,#7316);
#7314 = CARTESIAN_POINT('',(283.,21.,295.));
#7315 = DIRECTION('',(0.,0.,1.));
#7316 = DIRECTION('',(1.,0.,-0.));
#7317 = ADVANCED_FACE('',(#7318),#7329,.T.);
#7318 = FACE_BOUND('',#7319,.T.);
#7319 = EDGE_LOOP('',(#7320,#7321,#7322,#7328));
#7320 = ORIENTED_EDGE('',*,*,#2131,.F.);
#7321 = ORIENTED_EDGE('',*,*,#7275,.T.);
#7322 = ORIENTED_EDGE('',*,*,#7323,.T.);
#7323 = EDGE_CURVE('',#7276,#7300,#7324,.T.);
#7324 = LINE('',#7325,#7326);
#7325 = CARTESIAN_POINT('',(285.,46.,15.));
#7326 = VECTOR('',#7327,1.);
#7327 = DIRECTION('',(0.,0.,1.));
#7328 = ORIENTED_EDGE('',*,*,#7299,.F.);
#7329 = PLANE('',#7330);
#7330 = AXIS2_PLACEMENT_3D('',#7331,#7332,#7333);
#7331 = CARTESIAN_POINT('',(285.,21.,15.));
#7332 = DIRECTION('',(1.,0.,-0.));
#7333 = DIRECTION('',(0.,0.,1.));
#7334 = ADVANCED_FACE('',(#7335),#7360,.F.);
#7335 = FACE_BOUND('',#7336,.F.);
#7336 = EDGE_LOOP('',(#7337,#7338,#7346,#7354));
#7337 = ORIENTED_EDGE('',*,*,#2147,.F.);
#7338 = ORIENTED_EDGE('',*,*,#7339,.T.);
#7339 = EDGE_CURVE('',#2148,#7340,#7342,.T.);
#7340 = VERTEX_POINT('',#7341);
#7341 = CARTESIAN_POINT('',(287.,46.,15.));
#7342 = LINE('',#7343,#7344);
#7343 = CARTESIAN_POINT('',(287.,21.,15.));
#7344 = VECTOR('',#7345,1.);
#7345 = DIRECTION('',(-0.,1.,0.));
#7346 = ORIENTED_EDGE('',*,*,#7347,.T.);
#7347 = EDGE_CURVE('',#7340,#7348,#7350,.T.);
#7348 = VERTEX_POINT('',#7349);
#7349 = CARTESIAN_POINT('',(287.,46.,295.));
#7350 = LINE('',#7351,#7352);
#7351 = CARTESIAN_POINT('',(287.,46.,15.));
#7352 = VECTOR('',#7353,1.);
#7353 = DIRECTION('',(0.,0.,1.));
#7354 = ORIENTED_EDGE('',*,*,#7355,.F.);
#7355 = EDGE_CURVE('',#2150,#7348,#7356,.T.);
#7356 = LINE('',#7357,#7358);
#7357 = CARTESIAN_POINT('',(287.,21.,295.));
#7358 = VECTOR('',#7359,1.);
#7359 = DIRECTION('',(-0.,1.,0.));
#7360 = PLANE('',#7361);
#7361 = AXIS2_PLACEMENT_3D('',#7362,#7363,#7364);
#7362 = CARTESIAN_POINT('',(287.,21.,15.));
#7363 = DIRECTION('',(1.,0.,-0.));
#7364 = DIRECTION('',(0.,0.,1.));
#7365 = ADVANCED_FACE('',(#7366),#7384,.F.);
#7366 = FACE_BOUND('',#7367,.F.);
#7367 = EDGE_LOOP('',(#7368,#7369,#7370,#7378));
#7368 = ORIENTED_EDGE('',*,*,#7339,.F.);
#7369 = ORIENTED_EDGE('',*,*,#2157,.T.);
#7370 = ORIENTED_EDGE('',*,*,#7371,.T.);
#7371 = EDGE_CURVE('',#2158,#7372,#7374,.T.);
#7372 = VERTEX_POINT('',#7373);
#7373 = CARTESIAN_POINT('',(289.,46.,15.));
#7374 = LINE('',#7375,#7376);
#7375 = CARTESIAN_POINT('',(289.,21.,15.));
#7376 = VECTOR('',#7377,1.);
#7377 = DIRECTION('',(-0.,1.,0.));
#7378 = ORIENTED_EDGE('',*,*,#7379,.F.);
#7379 = EDGE_CURVE('',#7340,#7372,#7380,.T.);
#7380 = LINE('',#7381,#7382);
#7381 = CARTESIAN_POINT('',(287.,46.,15.));
#7382 = VECTOR('',#7383,1.);
#7383 = DIRECTION('',(1.,0.,-0.));
#7384 = PLANE('',#7385);
#7385 = AXIS2_PLACEMENT_3D('',#7386,#7387,#7388);
#7386 = CARTESIAN_POINT('',(287.,21.,15.));
#7387 = DIRECTION('',(0.,0.,1.));
#7388 = DIRECTION('',(1.,0.,-0.));
#7389 = ADVANCED_FACE('',(#7390),#7408,.T.);
#7390 = FACE_BOUND('',#7391,.T.);
#7391 = EDGE_LOOP('',(#7392,#7393,#7394,#7402));
#7392 = ORIENTED_EDGE('',*,*,#7355,.F.);
#7393 = ORIENTED_EDGE('',*,*,#2173,.T.);
#7394 = ORIENTED_EDGE('',*,*,#7395,.T.);
#7395 = EDGE_CURVE('',#2166,#7396,#7398,.T.);
#7396 = VERTEX_POINT('',#7397);
#7397 = CARTESIAN_POINT('',(289.,46.,295.));
#7398 = LINE('',#7399,#7400);
#7399 = CARTESIAN_POINT('',(289.,21.,295.));
#7400 = VECTOR('',#7401,1.);
#7401 = DIRECTION('',(-0.,1.,0.));
#7402 = ORIENTED_EDGE('',*,*,#7403,.F.);
#7403 = EDGE_CURVE('',#7348,#7396,#7404,.T.);
#7404 = LINE('',#7405,#7406);
#7405 = CARTESIAN_POINT('',(287.,46.,295.));
#7406 = VECTOR('',#7407,1.);
#7407 = DIRECTION('',(1.,0.,-0.));
#7408 = PLANE('',#7409);
#7409 = AXIS2_PLACEMENT_3D('',#7410,#7411,#7412);
#7410 = CARTESIAN_POINT('',(287.,21.,295.));
#7411 = DIRECTION('',(0.,0.,1.));
#7412 = DIRECTION('',(1.,0.,-0.));
#7413 = ADVANCED_FACE('',(#7414),#7425,.T.);
#7414 = FACE_BOUND('',#7415,.T.);
#7415 = EDGE_LOOP('',(#7416,#7417,#7418,#7424));
#7416 = ORIENTED_EDGE('',*,*,#2165,.F.);
#7417 = ORIENTED_EDGE('',*,*,#7371,.T.);
#7418 = ORIENTED_EDGE('',*,*,#7419,.T.);
#7419 = EDGE_CURVE('',#7372,#7396,#7420,.T.);
#7420 = LINE('',#7421,#7422);
#7421 = CARTESIAN_POINT('',(289.,46.,15.));
#7422 = VECTOR('',#7423,1.);
#7423 = DIRECTION('',(0.,0.,1.));
#7424 = ORIENTED_EDGE('',*,*,#7395,.F.);
#7425 = PLANE('',#7426);
#7426 = AXIS2_PLACEMENT_3D('',#7427,#7428,#7429);
#7427 = CARTESIAN_POINT('',(289.,21.,15.));
#7428 = DIRECTION('',(1.,0.,-0.));
#7429 = DIRECTION('',(0.,0.,1.));
#7430 = ADVANCED_FACE('',(#7431),#7456,.F.);
#7431 = FACE_BOUND('',#7432,.F.);
#7432 = EDGE_LOOP('',(#7433,#7434,#7442,#7450));
#7433 = ORIENTED_EDGE('',*,*,#2181,.F.);
#7434 = ORIENTED_EDGE('',*,*,#7435,.T.);
#7435 = EDGE_CURVE('',#2182,#7436,#7438,.T.);
#7436 = VERTEX_POINT('',#7437);
#7437 = CARTESIAN_POINT('',(291.,46.,15.));
#7438 = LINE('',#7439,#7440);
#7439 = CARTESIAN_POINT('',(291.,21.,15.));
#7440 = VECTOR('',#7441,1.);
#7441 = DIRECTION('',(-0.,1.,0.));
#7442 = ORIENTED_EDGE('',*,*,#7443,.T.);
#7443 = EDGE_CURVE('',#7436,#7444,#7446,.T.);
#7444 = VERTEX_POINT('',#7445);
#7445 = CARTESIAN_POINT('',(291.,46.,295.));
#7446 = LINE('',#7447,#7448);
#7447 = CARTESIAN_POINT('',(291.,46.,15.));
#7448 = VECTOR('',#7449,1.);
#7449 = DIRECTION('',(0.,0.,1.));
#7450 = ORIENTED_EDGE('',*,*,#7451,.F.);
#7451 = EDGE_CURVE('',#2184,#7444,#7452,.T.);
#7452 = LINE('',#7453,#7454);
#7453 = CARTESIAN_POINT('',(291.,21.,295.));
#7454 = VECTOR('',#7455,1.);
#7455 = DIRECTION('',(-0.,1.,0.));
#7456 = PLANE('',#7457);
#7457 = AXIS2_PLACEMENT_3D('',#7458,#7459,#7460);
#7458 = CARTESIAN_POINT('',(291.,21.,15.));
#7459 = DIRECTION('',(1.,0.,-0.));
#7460 = DIRECTION('',(0.,0.,1.));
#7461 = ADVANCED_FACE('',(#7462),#7480,.F.);
#7462 = FACE_BOUND('',#7463,.F.);
#7463 = EDGE_LOOP('',(#7464,#7465,#7466,#7474));
#7464 = ORIENTED_EDGE('',*,*,#7435,.F.);
#7465 = ORIENTED_EDGE('',*,*,#2191,.T.);
#7466 = ORIENTED_EDGE('',*,*,#7467,.T.);
#7467 = EDGE_CURVE('',#2192,#7468,#7470,.T.);
#7468 = VERTEX_POINT('',#7469);
#7469 = CARTESIAN_POINT('',(293.,46.,15.));
#7470 = LINE('',#7471,#7472);
#7471 = CARTESIAN_POINT('',(293.,21.,15.));
#7472 = VECTOR('',#7473,1.);
#7473 = DIRECTION('',(-0.,1.,0.));
#7474 = ORIENTED_EDGE('',*,*,#7475,.F.);
#7475 = EDGE_CURVE('',#7436,#7468,#7476,.T.);
#7476 = LINE('',#7477,#7478);
#7477 = CARTESIAN_POINT('',(291.,46.,15.));
#7478 = VECTOR('',#7479,1.);
#7479 = DIRECTION('',(1.,0.,-0.));
#7480 = PLANE('',#7481);
#7481 = AXIS2_PLACEMENT_3D('',#7482,#7483,#7484);
#7482 = CARTESIAN_POINT('',(291.,21.,15.));
#7483 = DIRECTION('',(0.,0.,1.));
#7484 = DIRECTION('',(1.,0.,-0.));
#7485 = ADVANCED_FACE('',(#7486),#7504,.T.);
#7486 = FACE_BOUND('',#7487,.T.);
#7487 = EDGE_LOOP('',(#7488,#7489,#7490,#7498));
#7488 = ORIENTED_EDGE('',*,*,#7451,.F.);
#7489 = ORIENTED_EDGE('',*,*,#2207,.T.);
#7490 = ORIENTED_EDGE('',*,*,#7491,.T.);
#7491 = EDGE_CURVE('',#2200,#7492,#7494,.T.);
#7492 = VERTEX_POINT('',#7493);
#7493 = CARTESIAN_POINT('',(293.,46.,295.));
#7494 = LINE('',#7495,#7496);
#7495 = CARTESIAN_POINT('',(293.,21.,295.));
#7496 = VECTOR('',#7497,1.);
#7497 = DIRECTION('',(-0.,1.,0.));
#7498 = ORIENTED_EDGE('',*,*,#7499,.F.);
#7499 = EDGE_CURVE('',#7444,#7492,#7500,.T.);
#7500 = LINE('',#7501,#7502);
#7501 = CARTESIAN_POINT('',(291.,46.,295.));
#7502 = VECTOR('',#7503,1.);
#7503 = DIRECTION('',(1.,0.,-0.));
#7504 = PLANE('',#7505);
#7505 = AXIS2_PLACEMENT_3D('',#7506,#7507,#7508);
#7506 = CARTESIAN_POINT('',(291.,21.,295.));
#7507 = DIRECTION('',(0.,0.,1.));
#7508 = DIRECTION('',(1.,0.,-0.));
#7509 = ADVANCED_FACE('',(#7510),#7521,.T.);
#7510 = FACE_BOUND('',#7511,.T.);
#7511 = EDGE_LOOP('',(#7512,#7513,#7514,#7520));
#7512 = ORIENTED_EDGE('',*,*,#2199,.F.);
#7513 = ORIENTED_EDGE('',*,*,#7467,.T.);
#7514 = ORIENTED_EDGE('',*,*,#7515,.T.);
#7515 = EDGE_CURVE('',#7468,#7492,#7516,.T.);
#7516 = LINE('',#7517,#7518);
#7517 = CARTESIAN_POINT('',(293.,46.,15.));
#7518 = VECTOR('',#7519,1.);
#7519 = DIRECTION('',(0.,0.,1.));
#7520 = ORIENTED_EDGE('',*,*,#7491,.F.);
#7521 = PLANE('',#7522);
#7522 = AXIS2_PLACEMENT_3D('',#7523,#7524,#7525);
#7523 = CARTESIAN_POINT('',(293.,21.,15.));
#7524 = DIRECTION('',(1.,0.,-0.));
#7525 = DIRECTION('',(0.,0.,1.));
#7526 = ADVANCED_FACE('',(#7527),#7552,.F.);
#7527 = FACE_BOUND('',#7528,.F.);
#7528 = EDGE_LOOP('',(#7529,#7530,#7538,#7546));
#7529 = ORIENTED_EDGE('',*,*,#2215,.F.);
#7530 = ORIENTED_EDGE('',*,*,#7531,.T.);
#7531 = EDGE_CURVE('',#2216,#7532,#7534,.T.);
#7532 = VERTEX_POINT('',#7533);
#7533 = CARTESIAN_POINT('',(295.,46.,15.));
#7534 = LINE('',#7535,#7536);
#7535 = CARTESIAN_POINT('',(295.,21.,15.));
#7536 = VECTOR('',#7537,1.);
#7537 = DIRECTION('',(-0.,1.,0.));
#7538 = ORIENTED_EDGE('',*,*,#7539,.T.);
#7539 = EDGE_CURVE('',#7532,#7540,#7542,.T.);
#7540 = VERTEX_POINT('',#7541);
#7541 = CARTESIAN_POINT('',(295.,46.,295.));
#7542 = LINE('',#7543,#7544);
#7543 = CARTESIAN_POINT('',(295.,46.,15.));
#7544 = VECTOR('',#7545,1.);
#7545 = DIRECTION('',(0.,0.,1.));
#7546 = ORIENTED_EDGE('',*,*,#7547,.F.);
#7547 = EDGE_CURVE('',#2218,#7540,#7548,.T.);
#7548 = LINE('',#7549,#7550);
#7549 = CARTESIAN_POINT('',(295.,21.,295.));
#7550 = VECTOR('',#7551,1.);
#7551 = DIRECTION('',(-0.,1.,0.));
#7552 = PLANE('',#7553);
#7553 = AXIS2_PLACEMENT_3D('',#7554,#7555,#7556);
#7554 = CARTESIAN_POINT('',(295.,21.,15.));
#7555 = DIRECTION('',(1.,0.,-0.));
#7556 = DIRECTION('',(0.,0.,1.));
#7557 = ADVANCED_FACE('',(#7558),#7576,.F.);
#7558 = FACE_BOUND('',#7559,.F.);
#7559 = EDGE_LOOP('',(#7560,#7561,#7562,#7570));
#7560 = ORIENTED_EDGE('',*,*,#7531,.F.);
#7561 = ORIENTED_EDGE('',*,*,#2225,.T.);
#7562 = ORIENTED_EDGE('',*,*,#7563,.T.);
#7563 = EDGE_CURVE('',#2226,#7564,#7566,.T.);
#7564 = VERTEX_POINT('',#7565);
#7565 = CARTESIAN_POINT('',(297.,46.,15.));
#7566 = LINE('',#7567,#7568);
#7567 = CARTESIAN_POINT('',(297.,21.,15.));
#7568 = VECTOR('',#7569,1.);
#7569 = DIRECTION('',(-0.,1.,0.));
#7570 = ORIENTED_EDGE('',*,*,#7571,.F.);
#7571 = EDGE_CURVE('',#7532,#7564,#7572,.T.);
#7572 = LINE('',#7573,#7574);
#7573 = CARTESIAN_POINT('',(295.,46.,15.));
#7574 = VECTOR('',#7575,1.);
#7575 = DIRECTION('',(1.,0.,-0.));
#7576 = PLANE('',#7577);
#7577 = AXIS2_PLACEMENT_3D('',#7578,#7579,#7580);
#7578 = CARTESIAN_POINT('',(295.,21.,15.));
#7579 = DIRECTION('',(0.,0.,1.));
#7580 = DIRECTION('',(1.,0.,-0.));
#7581 = ADVANCED_FACE('',(#7582),#7600,.T.);
#7582 = FACE_BOUND('',#7583,.T.);
#7583 = EDGE_LOOP('',(#7584,#7585,#7586,#7594));
#7584 = ORIENTED_EDGE('',*,*,#7547,.F.);
#7585 = ORIENTED_EDGE('',*,*,#2241,.T.);
#7586 = ORIENTED_EDGE('',*,*,#7587,.T.);
#7587 = EDGE_CURVE('',#2234,#7588,#7590,.T.);
#7588 = VERTEX_POINT('',#7589);
#7589 = CARTESIAN_POINT('',(297.,46.,295.));
#7590 = LINE('',#7591,#7592);
#7591 = CARTESIAN_POINT('',(297.,21.,295.));
#7592 = VECTOR('',#7593,1.);
#7593 = DIRECTION('',(-0.,1.,0.));
#7594 = ORIENTED_EDGE('',*,*,#7595,.F.);
#7595 = EDGE_CURVE('',#7540,#7588,#7596,.T.);
#7596 = LINE('',#7597,#7598);
#7597 = CARTESIAN_POINT('',(295.,46.,295.));
#7598 = VECTOR('',#7599,1.);
#7599 = DIRECTION('',(1.,0.,-0.));
#7600 = PLANE('',#7601);
#7601 = AXIS2_PLACEMENT_3D('',#7602,#7603,#7604);
#7602 = CARTESIAN_POINT('',(295.,21.,295.));
#7603 = DIRECTION('',(0.,0.,1.));
#7604 = DIRECTION('',(1.,0.,-0.));
#7605 = ADVANCED_FACE('',(#7606),#7617,.T.);
#7606 = FACE_BOUND('',#7607,.T.);
#7607 = EDGE_LOOP('',(#7608,#7609,#7610,#7616));
#7608 = ORIENTED_EDGE('',*,*,#2233,.F.);
#7609 = ORIENTED_EDGE('',*,*,#7563,.T.);
#7610 = ORIENTED_EDGE('',*,*,#7611,.T.);
#7611 = EDGE_CURVE('',#7564,#7588,#7612,.T.);
#7612 = LINE('',#7613,#7614);
#7613 = CARTESIAN_POINT('',(297.,46.,15.));
#7614 = VECTOR('',#7615,1.);
#7615 = DIRECTION('',(0.,0.,1.));
#7616 = ORIENTED_EDGE('',*,*,#7587,.F.);
#7617 = PLANE('',#7618);
#7618 = AXIS2_PLACEMENT_3D('',#7619,#7620,#7621);
#7619 = CARTESIAN_POINT('',(297.,21.,15.));
#7620 = DIRECTION('',(1.,0.,-0.));
#7621 = DIRECTION('',(0.,0.,1.));
#7622 = ADVANCED_FACE('',(#7623),#7648,.F.);
#7623 = FACE_BOUND('',#7624,.F.);
#7624 = EDGE_LOOP('',(#7625,#7626,#7634,#7642));
#7625 = ORIENTED_EDGE('',*,*,#2249,.F.);
#7626 = ORIENTED_EDGE('',*,*,#7627,.T.);
#7627 = EDGE_CURVE('',#2250,#7628,#7630,.T.);
#7628 = VERTEX_POINT('',#7629);
#7629 = CARTESIAN_POINT('',(299.,46.,15.));
#7630 = LINE('',#7631,#7632);
#7631 = CARTESIAN_POINT('',(299.,21.,15.));
#7632 = VECTOR('',#7633,1.);
#7633 = DIRECTION('',(-0.,1.,0.));
#7634 = ORIENTED_EDGE('',*,*,#7635,.T.);
#7635 = EDGE_CURVE('',#7628,#7636,#7638,.T.);
#7636 = VERTEX_POINT('',#7637);
#7637 = CARTESIAN_POINT('',(299.,46.,295.));
#7638 = LINE('',#7639,#7640);
#7639 = CARTESIAN_POINT('',(299.,46.,15.));
#7640 = VECTOR('',#7641,1.);
#7641 = DIRECTION('',(0.,0.,1.));
#7642 = ORIENTED_EDGE('',*,*,#7643,.F.);
#7643 = EDGE_CURVE('',#2252,#7636,#7644,.T.);
#7644 = LINE('',#7645,#7646);
#7645 = CARTESIAN_POINT('',(299.,21.,295.));
#7646 = VECTOR('',#7647,1.);
#7647 = DIRECTION('',(-0.,1.,0.));
#7648 = PLANE('',#7649);
#7649 = AXIS2_PLACEMENT_3D('',#7650,#7651,#7652);
#7650 = CARTESIAN_POINT('',(299.,21.,15.));
#7651 = DIRECTION('',(1.,0.,-0.));
#7652 = DIRECTION('',(0.,0.,1.));
#7653 = ADVANCED_FACE('',(#7654),#7672,.F.);
#7654 = FACE_BOUND('',#7655,.F.);
#7655 = EDGE_LOOP('',(#7656,#7657,#7658,#7666));
#7656 = ORIENTED_EDGE('',*,*,#7627,.F.);
#7657 = ORIENTED_EDGE('',*,*,#2259,.T.);
#7658 = ORIENTED_EDGE('',*,*,#7659,.T.);
#7659 = EDGE_CURVE('',#2260,#7660,#7662,.T.);
#7660 = VERTEX_POINT('',#7661);
#7661 = CARTESIAN_POINT('',(301.,46.,15.));
#7662 = LINE('',#7663,#7664);
#7663 = CARTESIAN_POINT('',(301.,21.,15.));
#7664 = VECTOR('',#7665,1.);
#7665 = DIRECTION('',(-0.,1.,0.));
#7666 = ORIENTED_EDGE('',*,*,#7667,.F.);
#7667 = EDGE_CURVE('',#7628,#7660,#7668,.T.);
#7668 = LINE('',#7669,#7670);
#7669 = CARTESIAN_POINT('',(299.,46.,15.));
#7670 = VECTOR('',#7671,1.);
#7671 = DIRECTION('',(1.,0.,-0.));
#7672 = PLANE('',#7673);
#7673 = AXIS2_PLACEMENT_3D('',#7674,#7675,#7676);
#7674 = CARTESIAN_POINT('',(299.,21.,15.));
#7675 = DIRECTION('',(0.,0.,1.));
#7676 = DIRECTION('',(1.,0.,-0.));
#7677 = ADVANCED_FACE('',(#7678),#7696,.T.);
#7678 = FACE_BOUND('',#7679,.T.);
#7679 = EDGE_LOOP('',(#7680,#7681,#7682,#7690));
#7680 = ORIENTED_EDGE('',*,*,#7643,.F.);
#7681 = ORIENTED_EDGE('',*,*,#2275,.T.);
#7682 = ORIENTED_EDGE('',*,*,#7683,.T.);
#7683 = EDGE_CURVE('',#2268,#7684,#7686,.T.);
#7684 = VERTEX_POINT('',#7685);
#7685 = CARTESIAN_POINT('',(301.,46.,295.));
#7686 = LINE('',#7687,#7688);
#7687 = CARTESIAN_POINT('',(301.,21.,295.));
#7688 = VECTOR('',#7689,1.);
#7689 = DIRECTION('',(-0.,1.,0.));
#7690 = ORIENTED_EDGE('',*,*,#7691,.F.);
#7691 = EDGE_CURVE('',#7636,#7684,#7692,.T.);
#7692 = LINE('',#7693,#7694);
#7693 = CARTESIAN_POINT('',(299.,46.,295.));
#7694 = VECTOR('',#7695,1.);
#7695 = DIRECTION('',(1.,0.,-0.));
#7696 = PLANE('',#7697);
#7697 = AXIS2_PLACEMENT_3D('',#7698,#7699,#7700);
#7698 = CARTESIAN_POINT('',(299.,21.,295.));
#7699 = DIRECTION('',(0.,0.,1.));
#7700 = DIRECTION('',(1.,0.,-0.));
#7701 = ADVANCED_FACE('',(#7702),#7713,.T.);
#7702 = FACE_BOUND('',#7703,.T.);
#7703 = EDGE_LOOP('',(#7704,#7705,#7706,#7712));
#7704 = ORIENTED_EDGE('',*,*,#2267,.F.);
#7705 = ORIENTED_EDGE('',*,*,#7659,.T.);
#7706 = ORIENTED_EDGE('',*,*,#7707,.T.);
#7707 = EDGE_CURVE('',#7660,#7684,#7708,.T.);
#7708 = LINE('',#7709,#7710);
#7709 = CARTESIAN_POINT('',(301.,46.,15.));
#7710 = VECTOR('',#7711,1.);
#7711 = DIRECTION('',(0.,0.,1.));
#7712 = ORIENTED_EDGE('',*,*,#7683,.F.);
#7713 = PLANE('',#7714);
#7714 = AXIS2_PLACEMENT_3D('',#7715,#7716,#7717);
#7715 = CARTESIAN_POINT('',(301.,21.,15.));
#7716 = DIRECTION('',(1.,0.,-0.));
#7717 = DIRECTION('',(0.,0.,1.));
#7718 = ADVANCED_FACE('',(#7719),#7738,.F.);
#7719 = FACE_BOUND('',#7720,.F.);
#7720 = EDGE_LOOP('',(#7721,#7722,#7730,#7737));
#7721 = ORIENTED_EDGE('',*,*,#2283,.F.);
#7722 = ORIENTED_EDGE('',*,*,#7723,.F.);
#7723 = EDGE_CURVE('',#7724,#2284,#7726,.T.);
#7724 = VERTEX_POINT('',#7725);
#7725 = CARTESIAN_POINT('',(229.9,13.1,230.85));
#7726 = LINE('',#7727,#7728);
#7727 = CARTESIAN_POINT('',(229.9,13.1,230.85));
#7728 = VECTOR('',#7729,1.);
#7729 = DIRECTION('',(0.,1.,0.));
#7730 = ORIENTED_EDGE('',*,*,#7731,.T.);
#7731 = EDGE_CURVE('',#7724,#7724,#7732,.T.);
#7732 = CIRCLE('',#7733,1.25);
#7733 = AXIS2_PLACEMENT_3D('',#7734,#7735,#7736);
#7734 = CARTESIAN_POINT('',(229.9,13.1,229.6));
#7735 = DIRECTION('',(0.,1.,0.));
#7736 = DIRECTION('',(0.,-0.,1.));
#7737 = ORIENTED_EDGE('',*,*,#7723,.T.);
#7738 = CYLINDRICAL_SURFACE('',#7739,1.25);
#7739 = AXIS2_PLACEMENT_3D('',#7740,#7741,#7742);
#7740 = CARTESIAN_POINT('',(229.9,13.1,229.6));
#7741 = DIRECTION('',(0.,1.,0.));
#7742 = DIRECTION('',(0.,-0.,1.));
#7743 = ADVANCED_FACE('',(#7744),#7763,.F.);
#7744 = FACE_BOUND('',#7745,.F.);
#7745 = EDGE_LOOP('',(#7746,#7747,#7755,#7762));
#7746 = ORIENTED_EDGE('',*,*,#2294,.F.);
#7747 = ORIENTED_EDGE('',*,*,#7748,.F.);
#7748 = EDGE_CURVE('',#7749,#2295,#7751,.T.);
#7749 = VERTEX_POINT('',#7750);
#7750 = CARTESIAN_POINT('',(229.9,13.1,266.25));
#7751 = LINE('',#7752,#7753);
#7752 = CARTESIAN_POINT('',(229.9,13.1,266.25));
#7753 = VECTOR('',#7754,1.);
#7754 = DIRECTION('',(0.,1.,0.));
#7755 = ORIENTED_EDGE('',*,*,#7756,.T.);
#7756 = EDGE_CURVE('',#7749,#7749,#7757,.T.);
#7757 = CIRCLE('',#7758,1.25);
#7758 = AXIS2_PLACEMENT_3D('',#7759,#7760,#7761);
#7759 = CARTESIAN_POINT('',(229.9,13.1,265.));
#7760 = DIRECTION('',(0.,1.,0.));
#7761 = DIRECTION('',(0.,-0.,1.));
#7762 = ORIENTED_EDGE('',*,*,#7748,.T.);
#7763 = CYLINDRICAL_SURFACE('',#7764,1.25);
#7764 = AXIS2_PLACEMENT_3D('',#7765,#7766,#7767);
#7765 = CARTESIAN_POINT('',(229.9,13.1,265.));
#7766 = DIRECTION('',(0.,1.,0.));
#7767 = DIRECTION('',(0.,-0.,1.));
#7768 = ADVANCED_FACE('',(#7769),#7788,.F.);
#7769 = FACE_BOUND('',#7770,.F.);
#7770 = EDGE_LOOP('',(#7771,#7772,#7780,#7787));
#7771 = ORIENTED_EDGE('',*,*,#2305,.F.);
#7772 = ORIENTED_EDGE('',*,*,#7773,.F.);
#7773 = EDGE_CURVE('',#7774,#2306,#7776,.T.);
#7774 = VERTEX_POINT('',#7775);
#7775 = CARTESIAN_POINT('',(229.9,13.1,285.65));
#7776 = LINE('',#7777,#7778);
#7777 = CARTESIAN_POINT('',(229.9,13.1,285.65));
#7778 = VECTOR('',#7779,1.);
#7779 = DIRECTION('',(0.,1.,0.));
#7780 = ORIENTED_EDGE('',*,*,#7781,.T.);
#7781 = EDGE_CURVE('',#7774,#7774,#7782,.T.);
#7782 = CIRCLE('',#7783,1.25);
#7783 = AXIS2_PLACEMENT_3D('',#7784,#7785,#7786);
#7784 = CARTESIAN_POINT('',(229.9,13.1,284.4));
#7785 = DIRECTION('',(0.,1.,0.));
#7786 = DIRECTION('',(0.,-0.,1.));
#7787 = ORIENTED_EDGE('',*,*,#7773,.T.);
#7788 = CYLINDRICAL_SURFACE('',#7789,1.25);
#7789 = AXIS2_PLACEMENT_3D('',#7790,#7791,#7792);
#7790 = CARTESIAN_POINT('',(229.9,13.1,284.4));
#7791 = DIRECTION('',(0.,1.,0.));
#7792 = DIRECTION('',(0.,-0.,1.));
#7793 = ADVANCED_FACE('',(#7794),#7797,.F.);
#7794 = FACE_BOUND('',#7795,.F.);
#7795 = EDGE_LOOP('',(#7796));
#7796 = ORIENTED_EDGE('',*,*,#2359,.T.);
#7797 = PLANE('',#7798);
#7798 = AXIS2_PLACEMENT_3D('',#7799,#7800,#7801);
#7799 = CARTESIAN_POINT('',(77.5,18.9,36.));
#7800 = DIRECTION('',(0.,1.,0.));
#7801 = DIRECTION('',(0.,-0.,1.));
#7802 = ADVANCED_FACE('',(#7803),#7806,.F.);
#7803 = FACE_BOUND('',#7804,.F.);
#7804 = EDGE_LOOP('',(#7805));
#7805 = ORIENTED_EDGE('',*,*,#2384,.T.);
#7806 = PLANE('',#7807);
#7807 = AXIS2_PLACEMENT_3D('',#7808,#7809,#7810);
#7808 = CARTESIAN_POINT('',(77.5,18.9,274.));
#7809 = DIRECTION('',(0.,1.,0.));
#7810 = DIRECTION('',(0.,-0.,1.));
#7811 = ADVANCED_FACE('',(#7812),#7815,.F.);
#7812 = FACE_BOUND('',#7813,.F.);
#7813 = EDGE_LOOP('',(#7814));
#7814 = ORIENTED_EDGE('',*,*,#2409,.T.);
#7815 = PLANE('',#7816);
#7816 = AXIS2_PLACEMENT_3D('',#7817,#7818,#7819);
#7817 = CARTESIAN_POINT('',(155.,18.9,36.));
#7818 = DIRECTION('',(0.,1.,0.));
#7819 = DIRECTION('',(0.,-0.,1.));
#7820 = ADVANCED_FACE('',(#7821),#7824,.F.);
#7821 = FACE_BOUND('',#7822,.F.);
#7822 = EDGE_LOOP('',(#7823));
#7823 = ORIENTED_EDGE('',*,*,#2434,.T.);
#7824 = PLANE('',#7825);
#7825 = AXIS2_PLACEMENT_3D('',#7826,#7827,#7828);
#7826 = CARTESIAN_POINT('',(232.5,18.9,36.));
#7827 = DIRECTION('',(0.,1.,0.));
#7828 = DIRECTION('',(0.,-0.,1.));
#7829 = ADVANCED_FACE('',(#7830),#7833,.F.);
#7830 = FACE_BOUND('',#7831,.F.);
#7831 = EDGE_LOOP('',(#7832));
#7832 = ORIENTED_EDGE('',*,*,#2459,.T.);
#7833 = PLANE('',#7834);
#7834 = AXIS2_PLACEMENT_3D('',#7835,#7836,#7837);
#7835 = CARTESIAN_POINT('',(155.,18.9,274.));
#7836 = DIRECTION('',(0.,1.,0.));
#7837 = DIRECTION('',(0.,-0.,1.));
#7838 = ADVANCED_FACE('',(#7839),#7842,.F.);
#7839 = FACE_BOUND('',#7840,.F.);
#7840 = EDGE_LOOP('',(#7841));
#7841 = ORIENTED_EDGE('',*,*,#2484,.T.);
#7842 = PLANE('',#7843);
#7843 = AXIS2_PLACEMENT_3D('',#7844,#7845,#7846);
#7844 = CARTESIAN_POINT('',(232.5,18.9,274.));
#7845 = DIRECTION('',(0.,1.,0.));
#7846 = DIRECTION('',(0.,-0.,1.));
#7847 = ADVANCED_FACE('',(#7848),#7851,.T.);
#7848 = FACE_BOUND('',#7849,.F.);
#7849 = EDGE_LOOP('',(#7850));
#7850 = ORIENTED_EDGE('',*,*,#2510,.F.);
#7851 = PLANE('',#7852);
#7852 = AXIS2_PLACEMENT_3D('',#7853,#7854,#7855);
#7853 = CARTESIAN_POINT('',(80.1,13.1,25.6));
#7854 = DIRECTION('',(0.,1.,0.));
#7855 = DIRECTION('',(0.,-0.,1.));
#7856 = ADVANCED_FACE('',(#7857),#7860,.T.);
#7857 = FACE_BOUND('',#7858,.F.);
#7858 = EDGE_LOOP('',(#7859));
#7859 = ORIENTED_EDGE('',*,*,#2535,.F.);
#7860 = PLANE('',#7861);
#7861 = AXIS2_PLACEMENT_3D('',#7862,#7863,#7864);
#7862 = CARTESIAN_POINT('',(95.,13.1,25.6));
#7863 = DIRECTION('',(0.,1.,0.));
#7864 = DIRECTION('',(0.,-0.,1.));
#7865 = ADVANCED_FACE('',(#7866),#7869,.T.);
#7866 = FACE_BOUND('',#7867,.F.);
#7867 = EDGE_LOOP('',(#7868));
#7868 = ORIENTED_EDGE('',*,*,#2560,.F.);
#7869 = PLANE('',#7870);
#7870 = AXIS2_PLACEMENT_3D('',#7871,#7872,#7873);
#7871 = CARTESIAN_POINT('',(109.9,13.1,25.6));
#7872 = DIRECTION('',(0.,1.,0.));
#7873 = DIRECTION('',(0.,-0.,1.));
#7874 = ADVANCED_FACE('',(#7875),#7878,.T.);
#7875 = FACE_BOUND('',#7876,.F.);
#7876 = EDGE_LOOP('',(#7877));
#7877 = ORIENTED_EDGE('',*,*,#2585,.F.);
#7878 = PLANE('',#7879);
#7879 = AXIS2_PLACEMENT_3D('',#7880,#7881,#7882);
#7880 = CARTESIAN_POINT('',(80.1,13.1,61.));
#7881 = DIRECTION('',(0.,1.,0.));
#7882 = DIRECTION('',(0.,-0.,1.));
#7883 = ADVANCED_FACE('',(#7884),#7887,.T.);
#7884 = FACE_BOUND('',#7885,.F.);
#7885 = EDGE_LOOP('',(#7886));
#7886 = ORIENTED_EDGE('',*,*,#2610,.F.);
#7887 = PLANE('',#7888);
#7888 = AXIS2_PLACEMENT_3D('',#7889,#7890,#7891);
#7889 = CARTESIAN_POINT('',(80.1,13.1,80.4));
#7890 = DIRECTION('',(0.,1.,0.));
#7891 = DIRECTION('',(0.,-0.,1.));
#7892 = ADVANCED_FACE('',(#7893),#7896,.T.);
#7893 = FACE_BOUND('',#7894,.F.);
#7894 = EDGE_LOOP('',(#7895));
#7895 = ORIENTED_EDGE('',*,*,#2635,.F.);
#7896 = PLANE('',#7897);
#7897 = AXIS2_PLACEMENT_3D('',#7898,#7899,#7900);
#7898 = CARTESIAN_POINT('',(109.9,13.1,61.));
#7899 = DIRECTION('',(0.,1.,0.));
#7900 = DIRECTION('',(0.,-0.,1.));
#7901 = ADVANCED_FACE('',(#7902),#7905,.T.);
#7902 = FACE_BOUND('',#7903,.F.);
#7903 = EDGE_LOOP('',(#7904));
#7904 = ORIENTED_EDGE('',*,*,#2660,.F.);
#7905 = PLANE('',#7906);
#7906 = AXIS2_PLACEMENT_3D('',#7907,#7908,#7909);
#7907 = CARTESIAN_POINT('',(109.9,13.1,80.4));
#7908 = DIRECTION('',(0.,1.,0.));
#7909 = DIRECTION('',(0.,-0.,1.));
#7910 = ADVANCED_FACE('',(#7911),#7914,.T.);
#7911 = FACE_BOUND('',#7912,.F.);
#7912 = EDGE_LOOP('',(#7913));
#7913 = ORIENTED_EDGE('',*,*,#2685,.F.);
#7914 = PLANE('',#7915);
#7915 = AXIS2_PLACEMENT_3D('',#7916,#7917,#7918);
#7916 = CARTESIAN_POINT('',(120.1,13.1,25.6));
#7917 = DIRECTION('',(0.,1.,0.));
#7918 = DIRECTION('',(0.,-0.,1.));
#7919 = ADVANCED_FACE('',(#7920),#7923,.T.);
#7920 = FACE_BOUND('',#7921,.F.);
#7921 = EDGE_LOOP('',(#7922));
#7922 = ORIENTED_EDGE('',*,*,#2710,.F.);
#7923 = PLANE('',#7924);
#7924 = AXIS2_PLACEMENT_3D('',#7925,#7926,#7927);
#7925 = CARTESIAN_POINT('',(135.,13.1,25.6));
#7926 = DIRECTION('',(0.,1.,0.));
#7927 = DIRECTION('',(0.,-0.,1.));
#7928 = ADVANCED_FACE('',(#7929),#7932,.T.);
#7929 = FACE_BOUND('',#7930,.F.);
#7930 = EDGE_LOOP('',(#7931));
#7931 = ORIENTED_EDGE('',*,*,#2735,.F.);
#7932 = PLANE('',#7933);
#7933 = AXIS2_PLACEMENT_3D('',#7934,#7935,#7936);
#7934 = CARTESIAN_POINT('',(149.9,13.1,25.6));
#7935 = DIRECTION('',(0.,1.,0.));
#7936 = DIRECTION('',(0.,-0.,1.));
#7937 = ADVANCED_FACE('',(#7938),#7941,.T.);
#7938 = FACE_BOUND('',#7939,.F.);
#7939 = EDGE_LOOP('',(#7940));
#7940 = ORIENTED_EDGE('',*,*,#2760,.F.);
#7941 = PLANE('',#7942);
#7942 = AXIS2_PLACEMENT_3D('',#7943,#7944,#7945);
#7943 = CARTESIAN_POINT('',(120.1,13.1,61.));
#7944 = DIRECTION('',(0.,1.,0.));
#7945 = DIRECTION('',(0.,-0.,1.));
#7946 = ADVANCED_FACE('',(#7947),#7950,.T.);
#7947 = FACE_BOUND('',#7948,.F.);
#7948 = EDGE_LOOP('',(#7949));
#7949 = ORIENTED_EDGE('',*,*,#2785,.F.);
#7950 = PLANE('',#7951);
#7951 = AXIS2_PLACEMENT_3D('',#7952,#7953,#7954);
#7952 = CARTESIAN_POINT('',(120.1,13.1,80.4));
#7953 = DIRECTION('',(0.,1.,0.));
#7954 = DIRECTION('',(0.,-0.,1.));
#7955 = ADVANCED_FACE('',(#7956),#7959,.T.);
#7956 = FACE_BOUND('',#7957,.F.);
#7957 = EDGE_LOOP('',(#7958));
#7958 = ORIENTED_EDGE('',*,*,#2810,.F.);
#7959 = PLANE('',#7960);
#7960 = AXIS2_PLACEMENT_3D('',#7961,#7962,#7963);
#7961 = CARTESIAN_POINT('',(149.9,13.1,61.));
#7962 = DIRECTION('',(0.,1.,0.));
#7963 = DIRECTION('',(0.,-0.,1.));
#7964 = ADVANCED_FACE('',(#7965),#7968,.T.);
#7965 = FACE_BOUND('',#7966,.F.);
#7966 = EDGE_LOOP('',(#7967));
#7967 = ORIENTED_EDGE('',*,*,#2835,.F.);
#7968 = PLANE('',#7969);
#7969 = AXIS2_PLACEMENT_3D('',#7970,#7971,#7972);
#7970 = CARTESIAN_POINT('',(149.9,13.1,80.4));
#7971 = DIRECTION('',(0.,1.,0.));
#7972 = DIRECTION('',(0.,-0.,1.));
#7973 = ADVANCED_FACE('',(#7974),#7977,.T.);
#7974 = FACE_BOUND('',#7975,.F.);
#7975 = EDGE_LOOP('',(#7976));
#7976 = ORIENTED_EDGE('',*,*,#2860,.F.);
#7977 = PLANE('',#7978);
#7978 = AXIS2_PLACEMENT_3D('',#7979,#7980,#7981);
#7979 = CARTESIAN_POINT('',(80.1,13.1,93.6));
#7980 = DIRECTION('',(0.,1.,0.));
#7981 = DIRECTION('',(0.,-0.,1.));
#7982 = ADVANCED_FACE('',(#7983),#7986,.T.);
#7983 = FACE_BOUND('',#7984,.F.);
#7984 = EDGE_LOOP('',(#7985));
#7985 = ORIENTED_EDGE('',*,*,#2885,.F.);
#7986 = PLANE('',#7987);
#7987 = AXIS2_PLACEMENT_3D('',#7988,#7989,#7990);
#7988 = CARTESIAN_POINT('',(95.,13.1,93.6));
#7989 = DIRECTION('',(0.,1.,0.));
#7990 = DIRECTION('',(0.,-0.,1.));
#7991 = ADVANCED_FACE('',(#7992),#7995,.T.);
#7992 = FACE_BOUND('',#7993,.F.);
#7993 = EDGE_LOOP('',(#7994));
#7994 = ORIENTED_EDGE('',*,*,#2910,.F.);
#7995 = PLANE('',#7996);
#7996 = AXIS2_PLACEMENT_3D('',#7997,#7998,#7999);
#7997 = CARTESIAN_POINT('',(109.9,13.1,93.6));
#7998 = DIRECTION('',(0.,1.,0.));
#7999 = DIRECTION('',(0.,-0.,1.));
#8000 = ADVANCED_FACE('',(#8001),#8004,.T.);
#8001 = FACE_BOUND('',#8002,.F.);
#8002 = EDGE_LOOP('',(#8003));
#8003 = ORIENTED_EDGE('',*,*,#2935,.F.);
#8004 = PLANE('',#8005);
#8005 = AXIS2_PLACEMENT_3D('',#8006,#8007,#8008);
#8006 = CARTESIAN_POINT('',(80.1,13.1,129.));
#8007 = DIRECTION('',(0.,1.,0.));
#8008 = DIRECTION('',(0.,-0.,1.));
#8009 = ADVANCED_FACE('',(#8010),#8013,.T.);
#8010 = FACE_BOUND('',#8011,.F.);
#8011 = EDGE_LOOP('',(#8012));
#8012 = ORIENTED_EDGE('',*,*,#2960,.F.);
#8013 = PLANE('',#8014);
#8014 = AXIS2_PLACEMENT_3D('',#8015,#8016,#8017);
#8015 = CARTESIAN_POINT('',(80.1,13.1,148.4));
#8016 = DIRECTION('',(0.,1.,0.));
#8017 = DIRECTION('',(0.,-0.,1.));
#8018 = ADVANCED_FACE('',(#8019),#8022,.T.);
#8019 = FACE_BOUND('',#8020,.F.);
#8020 = EDGE_LOOP('',(#8021));
#8021 = ORIENTED_EDGE('',*,*,#2985,.F.);
#8022 = PLANE('',#8023);
#8023 = AXIS2_PLACEMENT_3D('',#8024,#8025,#8026);
#8024 = CARTESIAN_POINT('',(109.9,13.1,129.));
#8025 = DIRECTION('',(0.,1.,0.));
#8026 = DIRECTION('',(0.,-0.,1.));
#8027 = ADVANCED_FACE('',(#8028),#8031,.T.);
#8028 = FACE_BOUND('',#8029,.F.);
#8029 = EDGE_LOOP('',(#8030));
#8030 = ORIENTED_EDGE('',*,*,#3010,.F.);
#8031 = PLANE('',#8032);
#8032 = AXIS2_PLACEMENT_3D('',#8033,#8034,#8035);
#8033 = CARTESIAN_POINT('',(109.9,13.1,148.4));
#8034 = DIRECTION('',(0.,1.,0.));
#8035 = DIRECTION('',(0.,-0.,1.));
#8036 = ADVANCED_FACE('',(#8037),#8040,.T.);
#8037 = FACE_BOUND('',#8038,.F.);
#8038 = EDGE_LOOP('',(#8039));
#8039 = ORIENTED_EDGE('',*,*,#3035,.F.);
#8040 = PLANE('',#8041);
#8041 = AXIS2_PLACEMENT_3D('',#8042,#8043,#8044);
#8042 = CARTESIAN_POINT('',(120.1,13.1,93.6));
#8043 = DIRECTION('',(0.,1.,0.));
#8044 = DIRECTION('',(0.,-0.,1.));
#8045 = ADVANCED_FACE('',(#8046),#8049,.T.);
#8046 = FACE_BOUND('',#8047,.F.);
#8047 = EDGE_LOOP('',(#8048));
#8048 = ORIENTED_EDGE('',*,*,#3060,.F.);
#8049 = PLANE('',#8050);
#8050 = AXIS2_PLACEMENT_3D('',#8051,#8052,#8053);
#8051 = CARTESIAN_POINT('',(135.,13.1,93.6));
#8052 = DIRECTION('',(0.,1.,0.));
#8053 = DIRECTION('',(0.,-0.,1.));
#8054 = ADVANCED_FACE('',(#8055),#8058,.T.);
#8055 = FACE_BOUND('',#8056,.F.);
#8056 = EDGE_LOOP('',(#8057));
#8057 = ORIENTED_EDGE('',*,*,#3085,.F.);
#8058 = PLANE('',#8059);
#8059 = AXIS2_PLACEMENT_3D('',#8060,#8061,#8062);
#8060 = CARTESIAN_POINT('',(149.9,13.1,93.6));
#8061 = DIRECTION('',(0.,1.,0.));
#8062 = DIRECTION('',(0.,-0.,1.));
#8063 = ADVANCED_FACE('',(#8064),#8067,.T.);
#8064 = FACE_BOUND('',#8065,.F.);
#8065 = EDGE_LOOP('',(#8066));
#8066 = ORIENTED_EDGE('',*,*,#3110,.F.);
#8067 = PLANE('',#8068);
#8068 = AXIS2_PLACEMENT_3D('',#8069,#8070,#8071);
#8069 = CARTESIAN_POINT('',(120.1,13.1,129.));
#8070 = DIRECTION('',(0.,1.,0.));
#8071 = DIRECTION('',(0.,-0.,1.));
#8072 = ADVANCED_FACE('',(#8073),#8076,.T.);
#8073 = FACE_BOUND('',#8074,.F.);
#8074 = EDGE_LOOP('',(#8075));
#8075 = ORIENTED_EDGE('',*,*,#3135,.F.);
#8076 = PLANE('',#8077);
#8077 = AXIS2_PLACEMENT_3D('',#8078,#8079,#8080);
#8078 = CARTESIAN_POINT('',(120.1,13.1,148.4));
#8079 = DIRECTION('',(0.,1.,0.));
#8080 = DIRECTION('',(0.,-0.,1.));
#8081 = ADVANCED_FACE('',(#8082),#8085,.T.);
#8082 = FACE_BOUND('',#8083,.F.);
#8083 = EDGE_LOOP('',(#8084));
#8084 = ORIENTED_EDGE('',*,*,#3160,.F.);
#8085 = PLANE('',#8086);
#8086 = AXIS2_PLACEMENT_3D('',#8087,#8088,#8089);
#8087 = CARTESIAN_POINT('',(149.9,13.1,129.));
#8088 = DIRECTION('',(0.,1.,0.));
#8089 = DIRECTION('',(0.,-0.,1.));
#8090 = ADVANCED_FACE('',(#8091),#8094,.T.);
#8091 = FACE_BOUND('',#8092,.F.);
#8092 = EDGE_LOOP('',(#8093));
#8093 = ORIENTED_EDGE('',*,*,#3185,.F.);
#8094 = PLANE('',#8095);
#8095 = AXIS2_PLACEMENT_3D('',#8096,#8097,#8098);
#8096 = CARTESIAN_POINT('',(149.9,13.1,148.4));
#8097 = DIRECTION('',(0.,1.,0.));
#8098 = DIRECTION('',(0.,-0.,1.));
#8099 = ADVANCED_FACE('',(#8100),#8106,.T.);
#8100 = FACE_BOUND('',#8101,.T.);
#8101 = EDGE_LOOP('',(#8102,#8103,#8104,#8105));
#8102 = ORIENTED_EDGE('',*,*,#3242,.F.);
#8103 = ORIENTED_EDGE('',*,*,#3210,.T.);
#8104 = ORIENTED_EDGE('',*,*,#3266,.T.);
#8105 = ORIENTED_EDGE('',*,*,#3282,.F.);
#8106 = PLANE('',#8107);
#8107 = AXIS2_PLACEMENT_3D('',#8108,#8109,#8110);
#8108 = CARTESIAN_POINT('',(6.,46.,15.));
#8109 = DIRECTION('',(-0.,1.,0.));
#8110 = DIRECTION('',(0.,0.,1.));
#8111 = ADVANCED_FACE('',(#8112),#8118,.T.);
#8112 = FACE_BOUND('',#8113,.T.);
#8113 = EDGE_LOOP('',(#8114,#8115,#8116,#8117));
#8114 = ORIENTED_EDGE('',*,*,#3338,.F.);
#8115 = ORIENTED_EDGE('',*,*,#3306,.T.);
#8116 = ORIENTED_EDGE('',*,*,#3362,.T.);
#8117 = ORIENTED_EDGE('',*,*,#3378,.F.);
#8118 = PLANE('',#8119);
#8119 = AXIS2_PLACEMENT_3D('',#8120,#8121,#8122);
#8120 = CARTESIAN_POINT('',(10.,46.,15.));
#8121 = DIRECTION('',(-0.,1.,0.));
#8122 = DIRECTION('',(0.,0.,1.));
#8123 = ADVANCED_FACE('',(#8124),#8130,.T.);
#8124 = FACE_BOUND('',#8125,.T.);
#8125 = EDGE_LOOP('',(#8126,#8127,#8128,#8129));
#8126 = ORIENTED_EDGE('',*,*,#3434,.F.);
#8127 = ORIENTED_EDGE('',*,*,#3402,.T.);
#8128 = ORIENTED_EDGE('',*,*,#3458,.T.);
#8129 = ORIENTED_EDGE('',*,*,#3474,.F.);
#8130 = PLANE('',#8131);
#8131 = AXIS2_PLACEMENT_3D('',#8132,#8133,#8134);
#8132 = CARTESIAN_POINT('',(14.,46.,15.));
#8133 = DIRECTION('',(-0.,1.,0.));
#8134 = DIRECTION('',(0.,0.,1.));
#8135 = ADVANCED_FACE('',(#8136),#8142,.T.);
#8136 = FACE_BOUND('',#8137,.T.);
#8137 = EDGE_LOOP('',(#8138,#8139,#8140,#8141));
#8138 = ORIENTED_EDGE('',*,*,#3530,.F.);
#8139 = ORIENTED_EDGE('',*,*,#3498,.T.);
#8140 = ORIENTED_EDGE('',*,*,#3554,.T.);
#8141 = ORIENTED_EDGE('',*,*,#3570,.F.);
#8142 = PLANE('',#8143);
#8143 = AXIS2_PLACEMENT_3D('',#8144,#8145,#8146);
#8144 = CARTESIAN_POINT('',(18.,46.,15.));
#8145 = DIRECTION('',(-0.,1.,0.));
#8146 = DIRECTION('',(0.,0.,1.));
#8147 = ADVANCED_FACE('',(#8148),#8154,.T.);
#8148 = FACE_BOUND('',#8149,.T.);
#8149 = EDGE_LOOP('',(#8150,#8151,#8152,#8153));
#8150 = ORIENTED_EDGE('',*,*,#3626,.F.);
#8151 = ORIENTED_EDGE('',*,*,#3594,.T.);
#8152 = ORIENTED_EDGE('',*,*,#3650,.T.);
#8153 = ORIENTED_EDGE('',*,*,#3666,.F.);
#8154 = PLANE('',#8155);
#8155 = AXIS2_PLACEMENT_3D('',#8156,#8157,#8158);
#8156 = CARTESIAN_POINT('',(22.,46.,15.));
#8157 = DIRECTION('',(-0.,1.,0.));
#8158 = DIRECTION('',(0.,0.,1.));
#8159 = ADVANCED_FACE('',(#8160),#8166,.T.);
#8160 = FACE_BOUND('',#8161,.T.);
#8161 = EDGE_LOOP('',(#8162,#8163,#8164,#8165));
#8162 = ORIENTED_EDGE('',*,*,#3722,.F.);
#8163 = ORIENTED_EDGE('',*,*,#3690,.T.);
#8164 = ORIENTED_EDGE('',*,*,#3746,.T.);
#8165 = ORIENTED_EDGE('',*,*,#3762,.F.);
#8166 = PLANE('',#8167);
#8167 = AXIS2_PLACEMENT_3D('',#8168,#8169,#8170);
#8168 = CARTESIAN_POINT('',(26.,46.,15.));
#8169 = DIRECTION('',(-0.,1.,0.));
#8170 = DIRECTION('',(0.,0.,1.));
#8171 = ADVANCED_FACE('',(#8172),#8178,.T.);
#8172 = FACE_BOUND('',#8173,.T.);
#8173 = EDGE_LOOP('',(#8174,#8175,#8176,#8177));
#8174 = ORIENTED_EDGE('',*,*,#3818,.F.);
#8175 = ORIENTED_EDGE('',*,*,#3786,.T.);
#8176 = ORIENTED_EDGE('',*,*,#3842,.T.);
#8177 = ORIENTED_EDGE('',*,*,#3858,.F.);
#8178 = PLANE('',#8179);
#8179 = AXIS2_PLACEMENT_3D('',#8180,#8181,#8182);
#8180 = CARTESIAN_POINT('',(30.,46.,15.));
#8181 = DIRECTION('',(-0.,1.,0.));
#8182 = DIRECTION('',(0.,0.,1.));
#8183 = ADVANCED_FACE('',(#8184),#8190,.T.);
#8184 = FACE_BOUND('',#8185,.T.);
#8185 = EDGE_LOOP('',(#8186,#8187,#8188,#8189));
#8186 = ORIENTED_EDGE('',*,*,#3914,.F.);
#8187 = ORIENTED_EDGE('',*,*,#3882,.T.);
#8188 = ORIENTED_EDGE('',*,*,#3938,.T.);
#8189 = ORIENTED_EDGE('',*,*,#3954,.F.);
#8190 = PLANE('',#8191);
#8191 = AXIS2_PLACEMENT_3D('',#8192,#8193,#8194);
#8192 = CARTESIAN_POINT('',(34.,46.,15.));
#8193 = DIRECTION('',(-0.,1.,0.));
#8194 = DIRECTION('',(0.,0.,1.));
#8195 = ADVANCED_FACE('',(#8196),#8202,.T.);
#8196 = FACE_BOUND('',#8197,.T.);
#8197 = EDGE_LOOP('',(#8198,#8199,#8200,#8201));
#8198 = ORIENTED_EDGE('',*,*,#4010,.F.);
#8199 = ORIENTED_EDGE('',*,*,#3978,.T.);
#8200 = ORIENTED_EDGE('',*,*,#4034,.T.);
#8201 = ORIENTED_EDGE('',*,*,#4050,.F.);
#8202 = PLANE('',#8203);
#8203 = AXIS2_PLACEMENT_3D('',#8204,#8205,#8206);
#8204 = CARTESIAN_POINT('',(38.,46.,15.));
#8205 = DIRECTION('',(-0.,1.,0.));
#8206 = DIRECTION('',(0.,0.,1.));
#8207 = ADVANCED_FACE('',(#8208),#8214,.T.);
#8208 = FACE_BOUND('',#8209,.T.);
#8209 = EDGE_LOOP('',(#8210,#8211,#8212,#8213));
#8210 = ORIENTED_EDGE('',*,*,#4106,.F.);
#8211 = ORIENTED_EDGE('',*,*,#4074,.T.);
#8212 = ORIENTED_EDGE('',*,*,#4130,.T.);
#8213 = ORIENTED_EDGE('',*,*,#4146,.F.);
#8214 = PLANE('',#8215);
#8215 = AXIS2_PLACEMENT_3D('',#8216,#8217,#8218);
#8216 = CARTESIAN_POINT('',(42.,46.,15.));
#8217 = DIRECTION('',(-0.,1.,0.));
#8218 = DIRECTION('',(0.,0.,1.));
#8219 = ADVANCED_FACE('',(#8220),#8226,.T.);
#8220 = FACE_BOUND('',#8221,.T.);
#8221 = EDGE_LOOP('',(#8222,#8223,#8224,#8225));
#8222 = ORIENTED_EDGE('',*,*,#4202,.F.);
#8223 = ORIENTED_EDGE('',*,*,#4170,.T.);
#8224 = ORIENTED_EDGE('',*,*,#4226,.T.);
#8225 = ORIENTED_EDGE('',*,*,#4242,.F.);
#8226 = PLANE('',#8227);
#8227 = AXIS2_PLACEMENT_3D('',#8228,#8229,#8230);
#8228 = CARTESIAN_POINT('',(46.,46.,15.));
#8229 = DIRECTION('',(-0.,1.,0.));
#8230 = DIRECTION('',(0.,0.,1.));
#8231 = ADVANCED_FACE('',(#8232),#8238,.T.);
#8232 = FACE_BOUND('',#8233,.T.);
#8233 = EDGE_LOOP('',(#8234,#8235,#8236,#8237));
#8234 = ORIENTED_EDGE('',*,*,#4298,.F.);
#8235 = ORIENTED_EDGE('',*,*,#4266,.T.);
#8236 = ORIENTED_EDGE('',*,*,#4322,.T.);
#8237 = ORIENTED_EDGE('',*,*,#4338,.F.);
#8238 = PLANE('',#8239);
#8239 = AXIS2_PLACEMENT_3D('',#8240,#8241,#8242);
#8240 = CARTESIAN_POINT('',(50.,46.,15.));
#8241 = DIRECTION('',(-0.,1.,0.));
#8242 = DIRECTION('',(0.,0.,1.));
#8243 = ADVANCED_FACE('',(#8244),#8250,.T.);
#8244 = FACE_BOUND('',#8245,.T.);
#8245 = EDGE_LOOP('',(#8246,#8247,#8248,#8249));
#8246 = ORIENTED_EDGE('',*,*,#4394,.F.);
#8247 = ORIENTED_EDGE('',*,*,#4362,.T.);
#8248 = ORIENTED_EDGE('',*,*,#4418,.T.);
#8249 = ORIENTED_EDGE('',*,*,#4434,.F.);
#8250 = PLANE('',#8251);
#8251 = AXIS2_PLACEMENT_3D('',#8252,#8253,#8254);
#8252 = CARTESIAN_POINT('',(54.,46.,15.));
#8253 = DIRECTION('',(-0.,1.,0.));
#8254 = DIRECTION('',(0.,0.,1.));
#8255 = ADVANCED_FACE('',(#8256),#8259,.T.);
#8256 = FACE_BOUND('',#8257,.F.);
#8257 = EDGE_LOOP('',(#8258));
#8258 = ORIENTED_EDGE('',*,*,#4458,.F.);
#8259 = PLANE('',#8260);
#8260 = AXIS2_PLACEMENT_3D('',#8261,#8262,#8263);
#8261 = CARTESIAN_POINT('',(80.1,13.1,161.6));
#8262 = DIRECTION('',(0.,1.,0.));
#8263 = DIRECTION('',(0.,-0.,1.));
#8264 = ADVANCED_FACE('',(#8265),#8268,.T.);
#8265 = FACE_BOUND('',#8266,.F.);
#8266 = EDGE_LOOP('',(#8267));
#8267 = ORIENTED_EDGE('',*,*,#4483,.F.);
#8268 = PLANE('',#8269);
#8269 = AXIS2_PLACEMENT_3D('',#8270,#8271,#8272);
#8270 = CARTESIAN_POINT('',(95.,13.1,161.6));
#8271 = DIRECTION('',(0.,1.,0.));
#8272 = DIRECTION('',(0.,-0.,1.));
#8273 = ADVANCED_FACE('',(#8274),#8277,.T.);
#8274 = FACE_BOUND('',#8275,.F.);
#8275 = EDGE_LOOP('',(#8276));
#8276 = ORIENTED_EDGE('',*,*,#4508,.F.);
#8277 = PLANE('',#8278);
#8278 = AXIS2_PLACEMENT_3D('',#8279,#8280,#8281);
#8279 = CARTESIAN_POINT('',(109.9,13.1,161.6));
#8280 = DIRECTION('',(0.,1.,0.));
#8281 = DIRECTION('',(0.,-0.,1.));
#8282 = ADVANCED_FACE('',(#8283),#8286,.T.);
#8283 = FACE_BOUND('',#8284,.F.);
#8284 = EDGE_LOOP('',(#8285));
#8285 = ORIENTED_EDGE('',*,*,#4533,.F.);
#8286 = PLANE('',#8287);
#8287 = AXIS2_PLACEMENT_3D('',#8288,#8289,#8290);
#8288 = CARTESIAN_POINT('',(80.1,13.1,197.));
#8289 = DIRECTION('',(0.,1.,0.));
#8290 = DIRECTION('',(0.,-0.,1.));
#8291 = ADVANCED_FACE('',(#8292),#8295,.T.);
#8292 = FACE_BOUND('',#8293,.F.);
#8293 = EDGE_LOOP('',(#8294));
#8294 = ORIENTED_EDGE('',*,*,#4558,.F.);
#8295 = PLANE('',#8296);
#8296 = AXIS2_PLACEMENT_3D('',#8297,#8298,#8299);
#8297 = CARTESIAN_POINT('',(80.1,13.1,216.4));
#8298 = DIRECTION('',(0.,1.,0.));
#8299 = DIRECTION('',(0.,-0.,1.));
#8300 = ADVANCED_FACE('',(#8301),#8304,.T.);
#8301 = FACE_BOUND('',#8302,.F.);
#8302 = EDGE_LOOP('',(#8303));
#8303 = ORIENTED_EDGE('',*,*,#4583,.F.);
#8304 = PLANE('',#8305);
#8305 = AXIS2_PLACEMENT_3D('',#8306,#8307,#8308);
#8306 = CARTESIAN_POINT('',(109.9,13.1,197.));
#8307 = DIRECTION('',(0.,1.,0.));
#8308 = DIRECTION('',(0.,-0.,1.));
#8309 = ADVANCED_FACE('',(#8310),#8313,.T.);
#8310 = FACE_BOUND('',#8311,.F.);
#8311 = EDGE_LOOP('',(#8312));
#8312 = ORIENTED_EDGE('',*,*,#4608,.F.);
#8313 = PLANE('',#8314);
#8314 = AXIS2_PLACEMENT_3D('',#8315,#8316,#8317);
#8315 = CARTESIAN_POINT('',(109.9,13.1,216.4));
#8316 = DIRECTION('',(0.,1.,0.));
#8317 = DIRECTION('',(0.,-0.,1.));
#8318 = ADVANCED_FACE('',(#8319),#8322,.T.);
#8319 = FACE_BOUND('',#8320,.F.);
#8320 = EDGE_LOOP('',(#8321));
#8321 = ORIENTED_EDGE('',*,*,#4633,.F.);
#8322 = PLANE('',#8323);
#8323 = AXIS2_PLACEMENT_3D('',#8324,#8325,#8326);
#8324 = CARTESIAN_POINT('',(120.1,13.1,161.6));
#8325 = DIRECTION('',(0.,1.,0.));
#8326 = DIRECTION('',(0.,-0.,1.));
#8327 = ADVANCED_FACE('',(#8328),#8331,.T.);
#8328 = FACE_BOUND('',#8329,.F.);
#8329 = EDGE_LOOP('',(#8330));
#8330 = ORIENTED_EDGE('',*,*,#4658,.F.);
#8331 = PLANE('',#8332);
#8332 = AXIS2_PLACEMENT_3D('',#8333,#8334,#8335);
#8333 = CARTESIAN_POINT('',(135.,13.1,161.6));
#8334 = DIRECTION('',(0.,1.,0.));
#8335 = DIRECTION('',(0.,-0.,1.));
#8336 = ADVANCED_FACE('',(#8337),#8340,.T.);
#8337 = FACE_BOUND('',#8338,.F.);
#8338 = EDGE_LOOP('',(#8339));
#8339 = ORIENTED_EDGE('',*,*,#4683,.F.);
#8340 = PLANE('',#8341);
#8341 = AXIS2_PLACEMENT_3D('',#8342,#8343,#8344);
#8342 = CARTESIAN_POINT('',(149.9,13.1,161.6));
#8343 = DIRECTION('',(0.,1.,0.));
#8344 = DIRECTION('',(0.,-0.,1.));
#8345 = ADVANCED_FACE('',(#8346),#8349,.T.);
#8346 = FACE_BOUND('',#8347,.F.);
#8347 = EDGE_LOOP('',(#8348));
#8348 = ORIENTED_EDGE('',*,*,#4708,.F.);
#8349 = PLANE('',#8350);
#8350 = AXIS2_PLACEMENT_3D('',#8351,#8352,#8353);
#8351 = CARTESIAN_POINT('',(120.1,13.1,197.));
#8352 = DIRECTION('',(0.,1.,0.));
#8353 = DIRECTION('',(0.,-0.,1.));
#8354 = ADVANCED_FACE('',(#8355),#8358,.T.);
#8355 = FACE_BOUND('',#8356,.F.);
#8356 = EDGE_LOOP('',(#8357));
#8357 = ORIENTED_EDGE('',*,*,#4733,.F.);
#8358 = PLANE('',#8359);
#8359 = AXIS2_PLACEMENT_3D('',#8360,#8361,#8362);
#8360 = CARTESIAN_POINT('',(120.1,13.1,216.4));
#8361 = DIRECTION('',(0.,1.,0.));
#8362 = DIRECTION('',(0.,-0.,1.));
#8363 = ADVANCED_FACE('',(#8364),#8367,.T.);
#8364 = FACE_BOUND('',#8365,.F.);
#8365 = EDGE_LOOP('',(#8366));
#8366 = ORIENTED_EDGE('',*,*,#4758,.F.);
#8367 = PLANE('',#8368);
#8368 = AXIS2_PLACEMENT_3D('',#8369,#8370,#8371);
#8369 = CARTESIAN_POINT('',(149.9,13.1,197.));
#8370 = DIRECTION('',(0.,1.,0.));
#8371 = DIRECTION('',(0.,-0.,1.));
#8372 = ADVANCED_FACE('',(#8373),#8376,.T.);
#8373 = FACE_BOUND('',#8374,.F.);
#8374 = EDGE_LOOP('',(#8375));
#8375 = ORIENTED_EDGE('',*,*,#4783,.F.);
#8376 = PLANE('',#8377);
#8377 = AXIS2_PLACEMENT_3D('',#8378,#8379,#8380);
#8378 = CARTESIAN_POINT('',(149.9,13.1,216.4));
#8379 = DIRECTION('',(0.,1.,0.));
#8380 = DIRECTION('',(0.,-0.,1.));
#8381 = ADVANCED_FACE('',(#8382),#8385,.T.);
#8382 = FACE_BOUND('',#8383,.F.);
#8383 = EDGE_LOOP('',(#8384));
#8384 = ORIENTED_EDGE('',*,*,#4808,.F.);
#8385 = PLANE('',#8386);
#8386 = AXIS2_PLACEMENT_3D('',#8387,#8388,#8389);
#8387 = CARTESIAN_POINT('',(80.1,13.1,229.6));
#8388 = DIRECTION('',(0.,1.,0.));
#8389 = DIRECTION('',(0.,-0.,1.));
#8390 = ADVANCED_FACE('',(#8391),#8394,.T.);
#8391 = FACE_BOUND('',#8392,.F.);
#8392 = EDGE_LOOP('',(#8393));
#8393 = ORIENTED_EDGE('',*,*,#4833,.F.);
#8394 = PLANE('',#8395);
#8395 = AXIS2_PLACEMENT_3D('',#8396,#8397,#8398);
#8396 = CARTESIAN_POINT('',(95.,13.1,229.6));
#8397 = DIRECTION('',(0.,1.,0.));
#8398 = DIRECTION('',(0.,-0.,1.));
#8399 = ADVANCED_FACE('',(#8400),#8403,.T.);
#8400 = FACE_BOUND('',#8401,.F.);
#8401 = EDGE_LOOP('',(#8402));
#8402 = ORIENTED_EDGE('',*,*,#4858,.F.);
#8403 = PLANE('',#8404);
#8404 = AXIS2_PLACEMENT_3D('',#8405,#8406,#8407);
#8405 = CARTESIAN_POINT('',(109.9,13.1,229.6));
#8406 = DIRECTION('',(0.,1.,0.));
#8407 = DIRECTION('',(0.,-0.,1.));
#8408 = ADVANCED_FACE('',(#8409),#8412,.T.);
#8409 = FACE_BOUND('',#8410,.F.);
#8410 = EDGE_LOOP('',(#8411));
#8411 = ORIENTED_EDGE('',*,*,#4883,.F.);
#8412 = PLANE('',#8413);
#8413 = AXIS2_PLACEMENT_3D('',#8414,#8415,#8416);
#8414 = CARTESIAN_POINT('',(80.1,13.1,265.));
#8415 = DIRECTION('',(0.,1.,0.));
#8416 = DIRECTION('',(0.,-0.,1.));
#8417 = ADVANCED_FACE('',(#8418),#8421,.T.);
#8418 = FACE_BOUND('',#8419,.F.);
#8419 = EDGE_LOOP('',(#8420));
#8420 = ORIENTED_EDGE('',*,*,#4908,.F.);
#8421 = PLANE('',#8422);
#8422 = AXIS2_PLACEMENT_3D('',#8423,#8424,#8425);
#8423 = CARTESIAN_POINT('',(80.1,13.1,284.4));
#8424 = DIRECTION('',(0.,1.,0.));
#8425 = DIRECTION('',(0.,-0.,1.));
#8426 = ADVANCED_FACE('',(#8427),#8430,.T.);
#8427 = FACE_BOUND('',#8428,.F.);
#8428 = EDGE_LOOP('',(#8429));
#8429 = ORIENTED_EDGE('',*,*,#4933,.F.);
#8430 = PLANE('',#8431);
#8431 = AXIS2_PLACEMENT_3D('',#8432,#8433,#8434);
#8432 = CARTESIAN_POINT('',(109.9,13.1,265.));
#8433 = DIRECTION('',(0.,1.,0.));
#8434 = DIRECTION('',(0.,-0.,1.));
#8435 = ADVANCED_FACE('',(#8436),#8439,.T.);
#8436 = FACE_BOUND('',#8437,.F.);
#8437 = EDGE_LOOP('',(#8438));
#8438 = ORIENTED_EDGE('',*,*,#4958,.F.);
#8439 = PLANE('',#8440);
#8440 = AXIS2_PLACEMENT_3D('',#8441,#8442,#8443);
#8441 = CARTESIAN_POINT('',(109.9,13.1,284.4));
#8442 = DIRECTION('',(0.,1.,0.));
#8443 = DIRECTION('',(0.,-0.,1.));
#8444 = ADVANCED_FACE('',(#8445),#8448,.T.);
#8445 = FACE_BOUND('',#8446,.F.);
#8446 = EDGE_LOOP('',(#8447));
#8447 = ORIENTED_EDGE('',*,*,#4983,.F.);
#8448 = PLANE('',#8449);
#8449 = AXIS2_PLACEMENT_3D('',#8450,#8451,#8452);
#8450 = CARTESIAN_POINT('',(120.1,13.1,229.6));
#8451 = DIRECTION('',(0.,1.,0.));
#8452 = DIRECTION('',(0.,-0.,1.));
#8453 = ADVANCED_FACE('',(#8454),#8457,.T.);
#8454 = FACE_BOUND('',#8455,.F.);
#8455 = EDGE_LOOP('',(#8456));
#8456 = ORIENTED_EDGE('',*,*,#5008,.F.);
#8457 = PLANE('',#8458);
#8458 = AXIS2_PLACEMENT_3D('',#8459,#8460,#8461);
#8459 = CARTESIAN_POINT('',(135.,13.1,229.6));
#8460 = DIRECTION('',(0.,1.,0.));
#8461 = DIRECTION('',(0.,-0.,1.));
#8462 = ADVANCED_FACE('',(#8463),#8466,.T.);
#8463 = FACE_BOUND('',#8464,.F.);
#8464 = EDGE_LOOP('',(#8465));
#8465 = ORIENTED_EDGE('',*,*,#5033,.F.);
#8466 = PLANE('',#8467);
#8467 = AXIS2_PLACEMENT_3D('',#8468,#8469,#8470);
#8468 = CARTESIAN_POINT('',(149.9,13.1,229.6));
#8469 = DIRECTION('',(0.,1.,0.));
#8470 = DIRECTION('',(0.,-0.,1.));
#8471 = ADVANCED_FACE('',(#8472),#8475,.T.);
#8472 = FACE_BOUND('',#8473,.F.);
#8473 = EDGE_LOOP('',(#8474));
#8474 = ORIENTED_EDGE('',*,*,#5058,.F.);
#8475 = PLANE('',#8476);
#8476 = AXIS2_PLACEMENT_3D('',#8477,#8478,#8479);
#8477 = CARTESIAN_POINT('',(120.1,13.1,265.));
#8478 = DIRECTION('',(0.,1.,0.));
#8479 = DIRECTION('',(0.,-0.,1.));
#8480 = ADVANCED_FACE('',(#8481),#8484,.T.);
#8481 = FACE_BOUND('',#8482,.F.);
#8482 = EDGE_LOOP('',(#8483));
#8483 = ORIENTED_EDGE('',*,*,#5083,.F.);
#8484 = PLANE('',#8485);
#8485 = AXIS2_PLACEMENT_3D('',#8486,#8487,#8488);
#8486 = CARTESIAN_POINT('',(120.1,13.1,284.4));
#8487 = DIRECTION('',(0.,1.,0.));
#8488 = DIRECTION('',(0.,-0.,1.));
#8489 = ADVANCED_FACE('',(#8490),#8493,.T.);
#8490 = FACE_BOUND('',#8491,.F.);
#8491 = EDGE_LOOP('',(#8492));
#8492 = ORIENTED_EDGE('',*,*,#5108,.F.);
#8493 = PLANE('',#8494);
#8494 = AXIS2_PLACEMENT_3D('',#8495,#8496,#8497);
#8495 = CARTESIAN_POINT('',(149.9,13.1,265.));
#8496 = DIRECTION('',(0.,1.,0.));
#8497 = DIRECTION('',(0.,-0.,1.));
#8498 = ADVANCED_FACE('',(#8499),#8502,.T.);
#8499 = FACE_BOUND('',#8500,.F.);
#8500 = EDGE_LOOP('',(#8501));
#8501 = ORIENTED_EDGE('',*,*,#5133,.F.);
#8502 = PLANE('',#8503);
#8503 = AXIS2_PLACEMENT_3D('',#8504,#8505,#8506);
#8504 = CARTESIAN_POINT('',(149.9,13.1,284.4));
#8505 = DIRECTION('',(0.,1.,0.));
#8506 = DIRECTION('',(0.,-0.,1.));
#8507 = ADVANCED_FACE('',(#8508),#8511,.T.);
#8508 = FACE_BOUND('',#8509,.F.);
#8509 = EDGE_LOOP('',(#8510));
#8510 = ORIENTED_EDGE('',*,*,#5158,.F.);
#8511 = PLANE('',#8512);
#8512 = AXIS2_PLACEMENT_3D('',#8513,#8514,#8515);
#8513 = CARTESIAN_POINT('',(160.1,13.1,25.6));
#8514 = DIRECTION('',(0.,1.,0.));
#8515 = DIRECTION('',(0.,-0.,1.));
#8516 = ADVANCED_FACE('',(#8517),#8520,.T.);
#8517 = FACE_BOUND('',#8518,.F.);
#8518 = EDGE_LOOP('',(#8519));
#8519 = ORIENTED_EDGE('',*,*,#5183,.F.);
#8520 = PLANE('',#8521);
#8521 = AXIS2_PLACEMENT_3D('',#8522,#8523,#8524);
#8522 = CARTESIAN_POINT('',(175.,13.1,25.6));
#8523 = DIRECTION('',(0.,1.,0.));
#8524 = DIRECTION('',(0.,-0.,1.));
#8525 = ADVANCED_FACE('',(#8526),#8529,.T.);
#8526 = FACE_BOUND('',#8527,.F.);
#8527 = EDGE_LOOP('',(#8528));
#8528 = ORIENTED_EDGE('',*,*,#5208,.F.);
#8529 = PLANE('',#8530);
#8530 = AXIS2_PLACEMENT_3D('',#8531,#8532,#8533);
#8531 = CARTESIAN_POINT('',(189.9,13.1,25.6));
#8532 = DIRECTION('',(0.,1.,0.));
#8533 = DIRECTION('',(0.,-0.,1.));
#8534 = ADVANCED_FACE('',(#8535),#8538,.T.);
#8535 = FACE_BOUND('',#8536,.F.);
#8536 = EDGE_LOOP('',(#8537));
#8537 = ORIENTED_EDGE('',*,*,#5233,.F.);
#8538 = PLANE('',#8539);
#8539 = AXIS2_PLACEMENT_3D('',#8540,#8541,#8542);
#8540 = CARTESIAN_POINT('',(160.1,13.1,61.));
#8541 = DIRECTION('',(0.,1.,0.));
#8542 = DIRECTION('',(0.,-0.,1.));
#8543 = ADVANCED_FACE('',(#8544),#8547,.T.);
#8544 = FACE_BOUND('',#8545,.F.);
#8545 = EDGE_LOOP('',(#8546));
#8546 = ORIENTED_EDGE('',*,*,#5258,.F.);
#8547 = PLANE('',#8548);
#8548 = AXIS2_PLACEMENT_3D('',#8549,#8550,#8551);
#8549 = CARTESIAN_POINT('',(160.1,13.1,80.4));
#8550 = DIRECTION('',(0.,1.,0.));
#8551 = DIRECTION('',(0.,-0.,1.));
#8552 = ADVANCED_FACE('',(#8553),#8556,.T.);
#8553 = FACE_BOUND('',#8554,.F.);
#8554 = EDGE_LOOP('',(#8555));
#8555 = ORIENTED_EDGE('',*,*,#5283,.F.);
#8556 = PLANE('',#8557);
#8557 = AXIS2_PLACEMENT_3D('',#8558,#8559,#8560);
#8558 = CARTESIAN_POINT('',(189.9,13.1,61.));
#8559 = DIRECTION('',(0.,1.,0.));
#8560 = DIRECTION('',(0.,-0.,1.));
#8561 = ADVANCED_FACE('',(#8562),#8565,.T.);
#8562 = FACE_BOUND('',#8563,.F.);
#8563 = EDGE_LOOP('',(#8564));
#8564 = ORIENTED_EDGE('',*,*,#5308,.F.);
#8565 = PLANE('',#8566);
#8566 = AXIS2_PLACEMENT_3D('',#8567,#8568,#8569);
#8567 = CARTESIAN_POINT('',(189.9,13.1,80.4));
#8568 = DIRECTION('',(0.,1.,0.));
#8569 = DIRECTION('',(0.,-0.,1.));
#8570 = ADVANCED_FACE('',(#8571),#8574,.T.);
#8571 = FACE_BOUND('',#8572,.F.);
#8572 = EDGE_LOOP('',(#8573));
#8573 = ORIENTED_EDGE('',*,*,#5333,.F.);
#8574 = PLANE('',#8575);
#8575 = AXIS2_PLACEMENT_3D('',#8576,#8577,#8578);
#8576 = CARTESIAN_POINT('',(200.1,13.1,25.6));
#8577 = DIRECTION('',(0.,1.,0.));
#8578 = DIRECTION('',(0.,-0.,1.));
#8579 = ADVANCED_FACE('',(#8580),#8583,.T.);
#8580 = FACE_BOUND('',#8581,.F.);
#8581 = EDGE_LOOP('',(#8582));
#8582 = ORIENTED_EDGE('',*,*,#5358,.F.);
#8583 = PLANE('',#8584);
#8584 = AXIS2_PLACEMENT_3D('',#8585,#8586,#8587);
#8585 = CARTESIAN_POINT('',(215.,13.1,25.6));
#8586 = DIRECTION('',(0.,1.,0.));
#8587 = DIRECTION('',(0.,-0.,1.));
#8588 = ADVANCED_FACE('',(#8589),#8592,.T.);
#8589 = FACE_BOUND('',#8590,.F.);
#8590 = EDGE_LOOP('',(#8591));
#8591 = ORIENTED_EDGE('',*,*,#5383,.F.);
#8592 = PLANE('',#8593);
#8593 = AXIS2_PLACEMENT_3D('',#8594,#8595,#8596);
#8594 = CARTESIAN_POINT('',(200.1,13.1,61.));
#8595 = DIRECTION('',(0.,1.,0.));
#8596 = DIRECTION('',(0.,-0.,1.));
#8597 = ADVANCED_FACE('',(#8598),#8601,.T.);
#8598 = FACE_BOUND('',#8599,.F.);
#8599 = EDGE_LOOP('',(#8600));
#8600 = ORIENTED_EDGE('',*,*,#5408,.F.);
#8601 = PLANE('',#8602);
#8602 = AXIS2_PLACEMENT_3D('',#8603,#8604,#8605);
#8603 = CARTESIAN_POINT('',(200.1,13.1,80.4));
#8604 = DIRECTION('',(0.,1.,0.));
#8605 = DIRECTION('',(0.,-0.,1.));
#8606 = ADVANCED_FACE('',(#8607),#8610,.T.);
#8607 = FACE_BOUND('',#8608,.F.);
#8608 = EDGE_LOOP('',(#8609));
#8609 = ORIENTED_EDGE('',*,*,#5433,.F.);
#8610 = PLANE('',#8611);
#8611 = AXIS2_PLACEMENT_3D('',#8612,#8613,#8614);
#8612 = CARTESIAN_POINT('',(160.1,13.1,93.6));
#8613 = DIRECTION('',(0.,1.,0.));
#8614 = DIRECTION('',(0.,-0.,1.));
#8615 = ADVANCED_FACE('',(#8616),#8619,.T.);
#8616 = FACE_BOUND('',#8617,.F.);
#8617 = EDGE_LOOP('',(#8618));
#8618 = ORIENTED_EDGE('',*,*,#5458,.F.);
#8619 = PLANE('',#8620);
#8620 = AXIS2_PLACEMENT_3D('',#8621,#8622,#8623);
#8621 = CARTESIAN_POINT('',(175.,13.1,93.6));
#8622 = DIRECTION('',(0.,1.,0.));
#8623 = DIRECTION('',(0.,-0.,1.));
#8624 = ADVANCED_FACE('',(#8625),#8628,.T.);
#8625 = FACE_BOUND('',#8626,.F.);
#8626 = EDGE_LOOP('',(#8627));
#8627 = ORIENTED_EDGE('',*,*,#5483,.F.);
#8628 = PLANE('',#8629);
#8629 = AXIS2_PLACEMENT_3D('',#8630,#8631,#8632);
#8630 = CARTESIAN_POINT('',(189.9,13.1,93.6));
#8631 = DIRECTION('',(0.,1.,0.));
#8632 = DIRECTION('',(0.,-0.,1.));
#8633 = ADVANCED_FACE('',(#8634),#8637,.T.);
#8634 = FACE_BOUND('',#8635,.F.);
#8635 = EDGE_LOOP('',(#8636));
#8636 = ORIENTED_EDGE('',*,*,#5508,.F.);
#8637 = PLANE('',#8638);
#8638 = AXIS2_PLACEMENT_3D('',#8639,#8640,#8641);
#8639 = CARTESIAN_POINT('',(160.1,13.1,129.));
#8640 = DIRECTION('',(0.,1.,0.));
#8641 = DIRECTION('',(0.,-0.,1.));
#8642 = ADVANCED_FACE('',(#8643),#8646,.T.);
#8643 = FACE_BOUND('',#8644,.F.);
#8644 = EDGE_LOOP('',(#8645));
#8645 = ORIENTED_EDGE('',*,*,#5533,.F.);
#8646 = PLANE('',#8647);
#8647 = AXIS2_PLACEMENT_3D('',#8648,#8649,#8650);
#8648 = CARTESIAN_POINT('',(160.1,13.1,148.4));
#8649 = DIRECTION('',(0.,1.,0.));
#8650 = DIRECTION('',(0.,-0.,1.));
#8651 = ADVANCED_FACE('',(#8652),#8655,.T.);
#8652 = FACE_BOUND('',#8653,.F.);
#8653 = EDGE_LOOP('',(#8654));
#8654 = ORIENTED_EDGE('',*,*,#5558,.F.);
#8655 = PLANE('',#8656);
#8656 = AXIS2_PLACEMENT_3D('',#8657,#8658,#8659);
#8657 = CARTESIAN_POINT('',(189.9,13.1,129.));
#8658 = DIRECTION('',(0.,1.,0.));
#8659 = DIRECTION('',(0.,-0.,1.));
#8660 = ADVANCED_FACE('',(#8661),#8664,.T.);
#8661 = FACE_BOUND('',#8662,.F.);
#8662 = EDGE_LOOP('',(#8663));
#8663 = ORIENTED_EDGE('',*,*,#5583,.F.);
#8664 = PLANE('',#8665);
#8665 = AXIS2_PLACEMENT_3D('',#8666,#8667,#8668);
#8666 = CARTESIAN_POINT('',(189.9,13.1,148.4));
#8667 = DIRECTION('',(0.,1.,0.));
#8668 = DIRECTION('',(0.,-0.,1.));
#8669 = ADVANCED_FACE('',(#8670),#8673,.T.);
#8670 = FACE_BOUND('',#8671,.F.);
#8671 = EDGE_LOOP('',(#8672));
#8672 = ORIENTED_EDGE('',*,*,#5608,.F.);
#8673 = PLANE('',#8674);
#8674 = AXIS2_PLACEMENT_3D('',#8675,#8676,#8677);
#8675 = CARTESIAN_POINT('',(200.1,13.1,93.6));
#8676 = DIRECTION('',(0.,1.,0.));
#8677 = DIRECTION('',(0.,-0.,1.));
#8678 = ADVANCED_FACE('',(#8679),#8682,.T.);
#8679 = FACE_BOUND('',#8680,.F.);
#8680 = EDGE_LOOP('',(#8681));
#8681 = ORIENTED_EDGE('',*,*,#5633,.F.);
#8682 = PLANE('',#8683);
#8683 = AXIS2_PLACEMENT_3D('',#8684,#8685,#8686);
#8684 = CARTESIAN_POINT('',(215.,13.1,93.6));
#8685 = DIRECTION('',(0.,1.,0.));
#8686 = DIRECTION('',(0.,-0.,1.));
#8687 = ADVANCED_FACE('',(#8688),#8691,.T.);
#8688 = FACE_BOUND('',#8689,.F.);
#8689 = EDGE_LOOP('',(#8690));
#8690 = ORIENTED_EDGE('',*,*,#5658,.F.);
#8691 = PLANE('',#8692);
#8692 = AXIS2_PLACEMENT_3D('',#8693,#8694,#8695);
#8693 = CARTESIAN_POINT('',(200.1,13.1,129.));
#8694 = DIRECTION('',(0.,1.,0.));
#8695 = DIRECTION('',(0.,-0.,1.));
#8696 = ADVANCED_FACE('',(#8697),#8700,.T.);
#8697 = FACE_BOUND('',#8698,.F.);
#8698 = EDGE_LOOP('',(#8699));
#8699 = ORIENTED_EDGE('',*,*,#5683,.F.);
#8700 = PLANE('',#8701);
#8701 = AXIS2_PLACEMENT_3D('',#8702,#8703,#8704);
#8702 = CARTESIAN_POINT('',(200.1,13.1,148.4));
#8703 = DIRECTION('',(0.,1.,0.));
#8704 = DIRECTION('',(0.,-0.,1.));
#8705 = ADVANCED_FACE('',(#8706),#8709,.T.);
#8706 = FACE_BOUND('',#8707,.F.);
#8707 = EDGE_LOOP('',(#8708));
#8708 = ORIENTED_EDGE('',*,*,#5708,.F.);
#8709 = PLANE('',#8710);
#8710 = AXIS2_PLACEMENT_3D('',#8711,#8712,#8713);
#8711 = CARTESIAN_POINT('',(229.9,13.1,25.6));
#8712 = DIRECTION('',(0.,1.,0.));
#8713 = DIRECTION('',(0.,-0.,1.));
#8714 = ADVANCED_FACE('',(#8715),#8718,.T.);
#8715 = FACE_BOUND('',#8716,.F.);
#8716 = EDGE_LOOP('',(#8717));
#8717 = ORIENTED_EDGE('',*,*,#5733,.F.);
#8718 = PLANE('',#8719);
#8719 = AXIS2_PLACEMENT_3D('',#8720,#8721,#8722);
#8720 = CARTESIAN_POINT('',(229.9,13.1,61.));
#8721 = DIRECTION('',(0.,1.,0.));
#8722 = DIRECTION('',(0.,-0.,1.));
#8723 = ADVANCED_FACE('',(#8724),#8727,.T.);
#8724 = FACE_BOUND('',#8725,.F.);
#8725 = EDGE_LOOP('',(#8726));
#8726 = ORIENTED_EDGE('',*,*,#5758,.F.);
#8727 = PLANE('',#8728);
#8728 = AXIS2_PLACEMENT_3D('',#8729,#8730,#8731);
#8729 = CARTESIAN_POINT('',(229.9,13.1,80.4));
#8730 = DIRECTION('',(0.,1.,0.));
#8731 = DIRECTION('',(0.,-0.,1.));
#8732 = ADVANCED_FACE('',(#8733),#8736,.T.);
#8733 = FACE_BOUND('',#8734,.F.);
#8734 = EDGE_LOOP('',(#8735));
#8735 = ORIENTED_EDGE('',*,*,#5783,.F.);
#8736 = PLANE('',#8737);
#8737 = AXIS2_PLACEMENT_3D('',#8738,#8739,#8740);
#8738 = CARTESIAN_POINT('',(229.9,13.1,93.6));
#8739 = DIRECTION('',(0.,1.,0.));
#8740 = DIRECTION('',(0.,-0.,1.));
#8741 = ADVANCED_FACE('',(#8742),#8745,.T.);
#8742 = FACE_BOUND('',#8743,.F.);
#8743 = EDGE_LOOP('',(#8744));
#8744 = ORIENTED_EDGE('',*,*,#5808,.F.);
#8745 = PLANE('',#8746);
#8746 = AXIS2_PLACEMENT_3D('',#8747,#8748,#8749);
#8747 = CARTESIAN_POINT('',(229.9,13.1,129.));
#8748 = DIRECTION('',(0.,1.,0.));
#8749 = DIRECTION('',(0.,-0.,1.));
#8750 = ADVANCED_FACE('',(#8751),#8754,.T.);
#8751 = FACE_BOUND('',#8752,.F.);
#8752 = EDGE_LOOP('',(#8753));
#8753 = ORIENTED_EDGE('',*,*,#5833,.F.);
#8754 = PLANE('',#8755);
#8755 = AXIS2_PLACEMENT_3D('',#8756,#8757,#8758);
#8756 = CARTESIAN_POINT('',(229.9,13.1,148.4));
#8757 = DIRECTION('',(0.,1.,0.));
#8758 = DIRECTION('',(0.,-0.,1.));
#8759 = ADVANCED_FACE('',(#8760),#8763,.T.);
#8760 = FACE_BOUND('',#8761,.F.);
#8761 = EDGE_LOOP('',(#8762));
#8762 = ORIENTED_EDGE('',*,*,#5858,.F.);
#8763 = PLANE('',#8764);
#8764 = AXIS2_PLACEMENT_3D('',#8765,#8766,#8767);
#8765 = CARTESIAN_POINT('',(160.1,13.1,161.6));
#8766 = DIRECTION('',(0.,1.,0.));
#8767 = DIRECTION('',(0.,-0.,1.));
#8768 = ADVANCED_FACE('',(#8769),#8772,.T.);
#8769 = FACE_BOUND('',#8770,.F.);
#8770 = EDGE_LOOP('',(#8771));
#8771 = ORIENTED_EDGE('',*,*,#5883,.F.);
#8772 = PLANE('',#8773);
#8773 = AXIS2_PLACEMENT_3D('',#8774,#8775,#8776);
#8774 = CARTESIAN_POINT('',(175.,13.1,161.6));
#8775 = DIRECTION('',(0.,1.,0.));
#8776 = DIRECTION('',(0.,-0.,1.));
#8777 = ADVANCED_FACE('',(#8778),#8781,.T.);
#8778 = FACE_BOUND('',#8779,.F.);
#8779 = EDGE_LOOP('',(#8780));
#8780 = ORIENTED_EDGE('',*,*,#5908,.F.);
#8781 = PLANE('',#8782);
#8782 = AXIS2_PLACEMENT_3D('',#8783,#8784,#8785);
#8783 = CARTESIAN_POINT('',(189.9,13.1,161.6));
#8784 = DIRECTION('',(0.,1.,0.));
#8785 = DIRECTION('',(0.,-0.,1.));
#8786 = ADVANCED_FACE('',(#8787),#8790,.T.);
#8787 = FACE_BOUND('',#8788,.F.);
#8788 = EDGE_LOOP('',(#8789));
#8789 = ORIENTED_EDGE('',*,*,#5933,.F.);
#8790 = PLANE('',#8791);
#8791 = AXIS2_PLACEMENT_3D('',#8792,#8793,#8794);
#8792 = CARTESIAN_POINT('',(160.1,13.1,197.));
#8793 = DIRECTION('',(0.,1.,0.));
#8794 = DIRECTION('',(0.,-0.,1.));
#8795 = ADVANCED_FACE('',(#8796),#8799,.T.);
#8796 = FACE_BOUND('',#8797,.F.);
#8797 = EDGE_LOOP('',(#8798));
#8798 = ORIENTED_EDGE('',*,*,#5958,.F.);
#8799 = PLANE('',#8800);
#8800 = AXIS2_PLACEMENT_3D('',#8801,#8802,#8803);
#8801 = CARTESIAN_POINT('',(160.1,13.1,216.4));
#8802 = DIRECTION('',(0.,1.,0.));
#8803 = DIRECTION('',(0.,-0.,1.));
#8804 = ADVANCED_FACE('',(#8805),#8808,.T.);
#8805 = FACE_BOUND('',#8806,.F.);
#8806 = EDGE_LOOP('',(#8807));
#8807 = ORIENTED_EDGE('',*,*,#5983,.F.);
#8808 = PLANE('',#8809);
#8809 = AXIS2_PLACEMENT_3D('',#8810,#8811,#8812);
#8810 = CARTESIAN_POINT('',(189.9,13.1,197.));
#8811 = DIRECTION('',(0.,1.,0.));
#8812 = DIRECTION('',(0.,-0.,1.));
#8813 = ADVANCED_FACE('',(#8814),#8817,.T.);
#8814 = FACE_BOUND('',#8815,.F.);
#8815 = EDGE_LOOP('',(#8816));
#8816 = ORIENTED_EDGE('',*,*,#6008,.F.);
#8817 = PLANE('',#8818);
#8818 = AXIS2_PLACEMENT_3D('',#8819,#8820,#8821);
#8819 = CARTESIAN_POINT('',(189.9,13.1,216.4));
#8820 = DIRECTION('',(0.,1.,0.));
#8821 = DIRECTION('',(0.,-0.,1.));
#8822 = ADVANCED_FACE('',(#8823),#8826,.T.);
#8823 = FACE_BOUND('',#8824,.F.);
#8824 = EDGE_LOOP('',(#8825));
#8825 = ORIENTED_EDGE('',*,*,#6033,.F.);
#8826 = PLANE('',#8827);
#8827 = AXIS2_PLACEMENT_3D('',#8828,#8829,#8830);
#8828 = CARTESIAN_POINT('',(200.1,13.1,161.6));
#8829 = DIRECTION('',(0.,1.,0.));
#8830 = DIRECTION('',(0.,-0.,1.));
#8831 = ADVANCED_FACE('',(#8832),#8835,.T.);
#8832 = FACE_BOUND('',#8833,.F.);
#8833 = EDGE_LOOP('',(#8834));
#8834 = ORIENTED_EDGE('',*,*,#6058,.F.);
#8835 = PLANE('',#8836);
#8836 = AXIS2_PLACEMENT_3D('',#8837,#8838,#8839);
#8837 = CARTESIAN_POINT('',(215.,13.1,161.6));
#8838 = DIRECTION('',(0.,1.,0.));
#8839 = DIRECTION('',(0.,-0.,1.));
#8840 = ADVANCED_FACE('',(#8841),#8844,.T.);
#8841 = FACE_BOUND('',#8842,.F.);
#8842 = EDGE_LOOP('',(#8843));
#8843 = ORIENTED_EDGE('',*,*,#6083,.F.);
#8844 = PLANE('',#8845);
#8845 = AXIS2_PLACEMENT_3D('',#8846,#8847,#8848);
#8846 = CARTESIAN_POINT('',(200.1,13.1,197.));
#8847 = DIRECTION('',(0.,1.,0.));
#8848 = DIRECTION('',(0.,-0.,1.));
#8849 = ADVANCED_FACE('',(#8850),#8853,.T.);
#8850 = FACE_BOUND('',#8851,.F.);
#8851 = EDGE_LOOP('',(#8852));
#8852 = ORIENTED_EDGE('',*,*,#6108,.F.);
#8853 = PLANE('',#8854);
#8854 = AXIS2_PLACEMENT_3D('',#8855,#8856,#8857);
#8855 = CARTESIAN_POINT('',(200.1,13.1,216.4));
#8856 = DIRECTION('',(0.,1.,0.));
#8857 = DIRECTION('',(0.,-0.,1.));
#8858 = ADVANCED_FACE('',(#8859),#8862,.T.);
#8859 = FACE_BOUND('',#8860,.F.);
#8860 = EDGE_LOOP('',(#8861));
#8861 = ORIENTED_EDGE('',*,*,#6133,.F.);
#8862 = PLANE('',#8863);
#8863 = AXIS2_PLACEMENT_3D('',#8864,#8865,#8866);
#8864 = CARTESIAN_POINT('',(160.1,13.1,229.6));
#8865 = DIRECTION('',(0.,1.,0.));
#8866 = DIRECTION('',(0.,-0.,1.));
#8867 = ADVANCED_FACE('',(#8868),#8871,.T.);
#8868 = FACE_BOUND('',#8869,.F.);
#8869 = EDGE_LOOP('',(#8870));
#8870 = ORIENTED_EDGE('',*,*,#6158,.F.);
#8871 = PLANE('',#8872);
#8872 = AXIS2_PLACEMENT_3D('',#8873,#8874,#8875);
#8873 = CARTESIAN_POINT('',(175.,13.1,229.6));
#8874 = DIRECTION('',(0.,1.,0.));
#8875 = DIRECTION('',(0.,-0.,1.));
#8876 = ADVANCED_FACE('',(#8877),#8880,.T.);
#8877 = FACE_BOUND('',#8878,.F.);
#8878 = EDGE_LOOP('',(#8879));
#8879 = ORIENTED_EDGE('',*,*,#6183,.F.);
#8880 = PLANE('',#8881);
#8881 = AXIS2_PLACEMENT_3D('',#8882,#8883,#8884);
#8882 = CARTESIAN_POINT('',(189.9,13.1,229.6));
#8883 = DIRECTION('',(0.,1.,0.));
#8884 = DIRECTION('',(0.,-0.,1.));
#8885 = ADVANCED_FACE('',(#8886),#8889,.T.);
#8886 = FACE_BOUND('',#8887,.F.);
#8887 = EDGE_LOOP('',(#8888));
#8888 = ORIENTED_EDGE('',*,*,#6208,.F.);
#8889 = PLANE('',#8890);
#8890 = AXIS2_PLACEMENT_3D('',#8891,#8892,#8893);
#8891 = CARTESIAN_POINT('',(160.1,13.1,265.));
#8892 = DIRECTION('',(0.,1.,0.));
#8893 = DIRECTION('',(0.,-0.,1.));
#8894 = ADVANCED_FACE('',(#8895),#8898,.T.);
#8895 = FACE_BOUND('',#8896,.F.);
#8896 = EDGE_LOOP('',(#8897));
#8897 = ORIENTED_EDGE('',*,*,#6233,.F.);
#8898 = PLANE('',#8899);
#8899 = AXIS2_PLACEMENT_3D('',#8900,#8901,#8902);
#8900 = CARTESIAN_POINT('',(160.1,13.1,284.4));
#8901 = DIRECTION('',(0.,1.,0.));
#8902 = DIRECTION('',(0.,-0.,1.));
#8903 = ADVANCED_FACE('',(#8904),#8907,.T.);
#8904 = FACE_BOUND('',#8905,.F.);
#8905 = EDGE_LOOP('',(#8906));
#8906 = ORIENTED_EDGE('',*,*,#6258,.F.);
#8907 = PLANE('',#8908);
#8908 = AXIS2_PLACEMENT_3D('',#8909,#8910,#8911);
#8909 = CARTESIAN_POINT('',(189.9,13.1,265.));
#8910 = DIRECTION('',(0.,1.,0.));
#8911 = DIRECTION('',(0.,-0.,1.));
#8912 = ADVANCED_FACE('',(#8913),#8916,.T.);
#8913 = FACE_BOUND('',#8914,.F.);
#8914 = EDGE_LOOP('',(#8915));
#8915 = ORIENTED_EDGE('',*,*,#6283,.F.);
#8916 = PLANE('',#8917);
#8917 = AXIS2_PLACEMENT_3D('',#8918,#8919,#8920);
#8918 = CARTESIAN_POINT('',(189.9,13.1,284.4));
#8919 = DIRECTION('',(0.,1.,0.));
#8920 = DIRECTION('',(0.,-0.,1.));
#8921 = ADVANCED_FACE('',(#8922),#8925,.T.);
#8922 = FACE_BOUND('',#8923,.F.);
#8923 = EDGE_LOOP('',(#8924));
#8924 = ORIENTED_EDGE('',*,*,#6308,.F.);
#8925 = PLANE('',#8926);
#8926 = AXIS2_PLACEMENT_3D('',#8927,#8928,#8929);
#8927 = CARTESIAN_POINT('',(200.1,13.1,229.6));
#8928 = DIRECTION('',(0.,1.,0.));
#8929 = DIRECTION('',(0.,-0.,1.));
#8930 = ADVANCED_FACE('',(#8931),#8934,.T.);
#8931 = FACE_BOUND('',#8932,.F.);
#8932 = EDGE_LOOP('',(#8933));
#8933 = ORIENTED_EDGE('',*,*,#6333,.F.);
#8934 = PLANE('',#8935);
#8935 = AXIS2_PLACEMENT_3D('',#8936,#8937,#8938);
#8936 = CARTESIAN_POINT('',(215.,13.1,229.6));
#8937 = DIRECTION('',(0.,1.,0.));
#8938 = DIRECTION('',(0.,-0.,1.));
#8939 = ADVANCED_FACE('',(#8940),#8943,.T.);
#8940 = FACE_BOUND('',#8941,.F.);
#8941 = EDGE_LOOP('',(#8942));
#8942 = ORIENTED_EDGE('',*,*,#6358,.F.);
#8943 = PLANE('',#8944);
#8944 = AXIS2_PLACEMENT_3D('',#8945,#8946,#8947);
#8945 = CARTESIAN_POINT('',(200.1,13.1,265.));
#8946 = DIRECTION('',(0.,1.,0.));
#8947 = DIRECTION('',(0.,-0.,1.));
#8948 = ADVANCED_FACE('',(#8949),#8952,.T.);
#8949 = FACE_BOUND('',#8950,.F.);
#8950 = EDGE_LOOP('',(#8951));
#8951 = ORIENTED_EDGE('',*,*,#6383,.F.);
#8952 = PLANE('',#8953);
#8953 = AXIS2_PLACEMENT_3D('',#8954,#8955,#8956);
#8954 = CARTESIAN_POINT('',(200.1,13.1,284.4));
#8955 = DIRECTION('',(0.,1.,0.));
#8956 = DIRECTION('',(0.,-0.,1.));
#8957 = ADVANCED_FACE('',(#8958),#8961,.T.);
#8958 = FACE_BOUND('',#8959,.F.);
#8959 = EDGE_LOOP('',(#8960));
#8960 = ORIENTED_EDGE('',*,*,#6408,.F.);
#8961 = PLANE('',#8962);
#8962 = AXIS2_PLACEMENT_3D('',#8963,#8964,#8965);
#8963 = CARTESIAN_POINT('',(229.9,13.1,161.6));
#8964 = DIRECTION('',(0.,1.,0.));
#8965 = DIRECTION('',(0.,-0.,1.));
#8966 = ADVANCED_FACE('',(#8967),#8973,.T.);
#8967 = FACE_BOUND('',#8968,.T.);
#8968 = EDGE_LOOP('',(#8969,#8970,#8971,#8972));
#8969 = ORIENTED_EDGE('',*,*,#6465,.F.);
#8970 = ORIENTED_EDGE('',*,*,#6433,.T.);
#8971 = ORIENTED_EDGE('',*,*,#6489,.T.);
#8972 = ORIENTED_EDGE('',*,*,#6505,.F.);
#8973 = PLANE('',#8974);
#8974 = AXIS2_PLACEMENT_3D('',#8975,#8976,#8977);
#8975 = CARTESIAN_POINT('',(251.,46.,15.));
#8976 = DIRECTION('',(-0.,1.,0.));
#8977 = DIRECTION('',(0.,0.,1.));
#8978 = ADVANCED_FACE('',(#8979),#8985,.T.);
#8979 = FACE_BOUND('',#8980,.T.);
#8980 = EDGE_LOOP('',(#8981,#8982,#8983,#8984));
#8981 = ORIENTED_EDGE('',*,*,#6561,.F.);
#8982 = ORIENTED_EDGE('',*,*,#6529,.T.);
#8983 = ORIENTED_EDGE('',*,*,#6585,.T.);
#8984 = ORIENTED_EDGE('',*,*,#6601,.F.);
#8985 = PLANE('',#8986);
#8986 = AXIS2_PLACEMENT_3D('',#8987,#8988,#8989);
#8987 = CARTESIAN_POINT('',(255.,46.,15.));
#8988 = DIRECTION('',(-0.,1.,0.));
#8989 = DIRECTION('',(0.,0.,1.));
#8990 = ADVANCED_FACE('',(#8991),#8997,.T.);
#8991 = FACE_BOUND('',#8992,.T.);
#8992 = EDGE_LOOP('',(#8993,#8994,#8995,#8996));
#8993 = ORIENTED_EDGE('',*,*,#6657,.F.);
#8994 = ORIENTED_EDGE('',*,*,#6625,.T.);
#8995 = ORIENTED_EDGE('',*,*,#6681,.T.);
#8996 = ORIENTED_EDGE('',*,*,#6697,.F.);
#8997 = PLANE('',#8998);
#8998 = AXIS2_PLACEMENT_3D('',#8999,#9000,#9001);
#8999 = CARTESIAN_POINT('',(259.,46.,15.));
#9000 = DIRECTION('',(-0.,1.,0.));
#9001 = DIRECTION('',(0.,0.,1.));
#9002 = ADVANCED_FACE('',(#9003),#9009,.T.);
#9003 = FACE_BOUND('',#9004,.T.);
#9004 = EDGE_LOOP('',(#9005,#9006,#9007,#9008));
#9005 = ORIENTED_EDGE('',*,*,#6753,.F.);
#9006 = ORIENTED_EDGE('',*,*,#6721,.T.);
#9007 = ORIENTED_EDGE('',*,*,#6777,.T.);
#9008 = ORIENTED_EDGE('',*,*,#6793,.F.);
#9009 = PLANE('',#9010);
#9010 = AXIS2_PLACEMENT_3D('',#9011,#9012,#9013);
#9011 = CARTESIAN_POINT('',(263.,46.,15.));
#9012 = DIRECTION('',(-0.,1.,0.));
#9013 = DIRECTION('',(0.,0.,1.));
#9014 = ADVANCED_FACE('',(#9015),#9018,.T.);
#9015 = FACE_BOUND('',#9016,.F.);
#9016 = EDGE_LOOP('',(#9017));
#9017 = ORIENTED_EDGE('',*,*,#6817,.F.);
#9018 = PLANE('',#9019);
#9019 = AXIS2_PLACEMENT_3D('',#9020,#9021,#9022);
#9020 = CARTESIAN_POINT('',(229.9,13.1,197.));
#9021 = DIRECTION('',(0.,1.,0.));
#9022 = DIRECTION('',(0.,-0.,1.));
#9023 = ADVANCED_FACE('',(#9024),#9027,.T.);
#9024 = FACE_BOUND('',#9025,.F.);
#9025 = EDGE_LOOP('',(#9026));
#9026 = ORIENTED_EDGE('',*,*,#6842,.F.);
#9027 = PLANE('',#9028);
#9028 = AXIS2_PLACEMENT_3D('',#9029,#9030,#9031);
#9029 = CARTESIAN_POINT('',(229.9,13.1,216.4));
#9030 = DIRECTION('',(0.,1.,0.));
#9031 = DIRECTION('',(0.,-0.,1.));
#9032 = ADVANCED_FACE('',(#9033),#9039,.T.);
#9033 = FACE_BOUND('',#9034,.T.);
#9034 = EDGE_LOOP('',(#9035,#9036,#9037,#9038));
#9035 = ORIENTED_EDGE('',*,*,#6899,.F.);
#9036 = ORIENTED_EDGE('',*,*,#6867,.T.);
#9037 = ORIENTED_EDGE('',*,*,#6923,.T.);
#9038 = ORIENTED_EDGE('',*,*,#6939,.F.);
#9039 = PLANE('',#9040);
#9040 = AXIS2_PLACEMENT_3D('',#9041,#9042,#9043);
#9041 = CARTESIAN_POINT('',(267.,46.,15.));
#9042 = DIRECTION('',(-0.,1.,0.));
#9043 = DIRECTION('',(0.,0.,1.));
#9044 = ADVANCED_FACE('',(#9045),#9051,.T.);
#9045 = FACE_BOUND('',#9046,.T.);
#9046 = EDGE_LOOP('',(#9047,#9048,#9049,#9050));
#9047 = ORIENTED_EDGE('',*,*,#6995,.F.);
#9048 = ORIENTED_EDGE('',*,*,#6963,.T.);
#9049 = ORIENTED_EDGE('',*,*,#7019,.T.);
#9050 = ORIENTED_EDGE('',*,*,#7035,.F.);
#9051 = PLANE('',#9052);
#9052 = AXIS2_PLACEMENT_3D('',#9053,#9054,#9055);
#9053 = CARTESIAN_POINT('',(271.,46.,15.));
#9054 = DIRECTION('',(-0.,1.,0.));
#9055 = DIRECTION('',(0.,0.,1.));
#9056 = ADVANCED_FACE('',(#9057),#9063,.T.);
#9057 = FACE_BOUND('',#9058,.T.);
#9058 = EDGE_LOOP('',(#9059,#9060,#9061,#9062));
#9059 = ORIENTED_EDGE('',*,*,#7091,.F.);
#9060 = ORIENTED_EDGE('',*,*,#7059,.T.);
#9061 = ORIENTED_EDGE('',*,*,#7115,.T.);
#9062 = ORIENTED_EDGE('',*,*,#7131,.F.);
#9063 = PLANE('',#9064);
#9064 = AXIS2_PLACEMENT_3D('',#9065,#9066,#9067);
#9065 = CARTESIAN_POINT('',(275.,46.,15.));
#9066 = DIRECTION('',(-0.,1.,0.));
#9067 = DIRECTION('',(0.,0.,1.));
#9068 = ADVANCED_FACE('',(#9069),#9075,.T.);
#9069 = FACE_BOUND('',#9070,.T.);
#9070 = EDGE_LOOP('',(#9071,#9072,#9073,#9074));
#9071 = ORIENTED_EDGE('',*,*,#7187,.F.);
#9072 = ORIENTED_EDGE('',*,*,#7155,.T.);
#9073 = ORIENTED_EDGE('',*,*,#7211,.T.);
#9074 = ORIENTED_EDGE('',*,*,#7227,.F.);
#9075 = PLANE('',#9076);
#9076 = AXIS2_PLACEMENT_3D('',#9077,#9078,#9079);
#9077 = CARTESIAN_POINT('',(279.,46.,15.));
#9078 = DIRECTION('',(-0.,1.,0.));
#9079 = DIRECTION('',(0.,0.,1.));
#9080 = ADVANCED_FACE('',(#9081),#9087,.T.);
#9081 = FACE_BOUND('',#9082,.T.);
#9082 = EDGE_LOOP('',(#9083,#9084,#9085,#9086));
#9083 = ORIENTED_EDGE('',*,*,#7283,.F.);
#9084 = ORIENTED_EDGE('',*,*,#7251,.T.);
#9085 = ORIENTED_EDGE('',*,*,#7307,.T.);
#9086 = ORIENTED_EDGE('',*,*,#7323,.F.);
#9087 = PLANE('',#9088);
#9088 = AXIS2_PLACEMENT_3D('',#9089,#9090,#9091);
#9089 = CARTESIAN_POINT('',(283.,46.,15.));
#9090 = DIRECTION('',(-0.,1.,0.));
#9091 = DIRECTION('',(0.,0.,1.));
#9092 = ADVANCED_FACE('',(#9093),#9099,.T.);
#9093 = FACE_BOUND('',#9094,.T.);
#9094 = EDGE_LOOP('',(#9095,#9096,#9097,#9098));
#9095 = ORIENTED_EDGE('',*,*,#7379,.F.);
#9096 = ORIENTED_EDGE('',*,*,#7347,.T.);
#9097 = ORIENTED_EDGE('',*,*,#7403,.T.);
#9098 = ORIENTED_EDGE('',*,*,#7419,.F.);
#9099 = PLANE('',#9100);
#9100 = AXIS2_PLACEMENT_3D('',#9101,#9102,#9103);
#9101 = CARTESIAN_POINT('',(287.,46.,15.));
#9102 = DIRECTION('',(-0.,1.,0.));
#9103 = DIRECTION('',(0.,0.,1.));
#9104 = ADVANCED_FACE('',(#9105),#9111,.T.);
#9105 = FACE_BOUND('',#9106,.T.);
#9106 = EDGE_LOOP('',(#9107,#9108,#9109,#9110));
#9107 = ORIENTED_EDGE('',*,*,#7475,.F.);
#9108 = ORIENTED_EDGE('',*,*,#7443,.T.);
#9109 = ORIENTED_EDGE('',*,*,#7499,.T.);
#9110 = ORIENTED_EDGE('',*,*,#7515,.F.);
#9111 = PLANE('',#9112);
#9112 = AXIS2_PLACEMENT_3D('',#9113,#9114,#9115);
#9113 = CARTESIAN_POINT('',(291.,46.,15.));
#9114 = DIRECTION('',(-0.,1.,0.));
#9115 = DIRECTION('',(0.,0.,1.));
#9116 = ADVANCED_FACE('',(#9117),#9123,.T.);
#9117 = FACE_BOUND('',#9118,.T.);
#9118 = EDGE_LOOP('',(#9119,#9120,#9121,#9122));
#9119 = ORIENTED_EDGE('',*,*,#7571,.F.);
#9120 = ORIENTED_EDGE('',*,*,#7539,.T.);
#9121 = ORIENTED_EDGE('',*,*,#7595,.T.);
#9122 = ORIENTED_EDGE('',*,*,#7611,.F.);
#9123 = PLANE('',#9124);
#9124 = AXIS2_PLACEMENT_3D('',#9125,#9126,#9127);
#9125 = CARTESIAN_POINT('',(295.,46.,15.));
#9126 = DIRECTION('',(-0.,1.,0.));
#9127 = DIRECTION('',(0.,0.,1.));
#9128 = ADVANCED_FACE('',(#9129),#9135,.T.);
#9129 = FACE_BOUND('',#9130,.T.);
#9130 = EDGE_LOOP('',(#9131,#9132,#9133,#9134));
#9131 = ORIENTED_EDGE('',*,*,#7667,.F.);
#9132 = ORIENTED_EDGE('',*,*,#7635,.T.);
#9133 = ORIENTED_EDGE('',*,*,#7691,.T.);
#9134 = ORIENTED_EDGE('',*,*,#7707,.F.);
#9135 = PLANE('',#9136);
#9136 = AXIS2_PLACEMENT_3D('',#9137,#9138,#9139);
#9137 = CARTESIAN_POINT('',(299.,46.,15.));
#9138 = DIRECTION('',(-0.,1.,0.));
#9139 = DIRECTION('',(0.,0.,1.));
#9140 = ADVANCED_FACE('',(#9141),#9144,.T.);
#9141 = FACE_BOUND('',#9142,.F.);
#9142 = EDGE_LOOP('',(#9143));
#9143 = ORIENTED_EDGE('',*,*,#7731,.F.);
#9144 = PLANE('',#9145);
#9145 = AXIS2_PLACEMENT_3D('',#9146,#9147,#9148);
#9146 = CARTESIAN_POINT('',(229.9,13.1,229.6));
#9147 = DIRECTION('',(0.,1.,0.));
#9148 = DIRECTION('',(0.,-0.,1.));
#9149 = ADVANCED_FACE('',(#9150),#9153,.T.);
#9150 = FACE_BOUND('',#9151,.F.);
#9151 = EDGE_LOOP('',(#9152));
#9152 = ORIENTED_EDGE('',*,*,#7756,.F.);
#9153 = PLANE('',#9154);
#9154 = AXIS2_PLACEMENT_3D('',#9155,#9156,#9157);
#9155 = CARTESIAN_POINT('',(229.9,13.1,265.));
#9156 = DIRECTION('',(0.,1.,0.));
#9157 = DIRECTION('',(0.,-0.,1.));
#9158 = ADVANCED_FACE('',(#9159),#9162,.T.);
#9159 = FACE_BOUND('',#9160,.F.);
#9160 = EDGE_LOOP('',(#9161));
#9161 = ORIENTED_EDGE('',*,*,#7781,.F.);
#9162 = PLANE('',#9163);
#9163 = AXIS2_PLACEMENT_3D('',#9164,#9165,#9166);
#9164 = CARTESIAN_POINT('',(229.9,13.1,284.4));
#9165 = DIRECTION('',(0.,1.,0.));
#9166 = DIRECTION('',(0.,-0.,1.));
#9167 = ( GEOMETRIC_REPRESENTATION_CONTEXT(3) 
GLOBAL_UNCERTAINTY_ASSIGNED_CONTEXT((#9171)) 
GLOBAL_UNIT_ASSIGNED_CONTEXT((#9168,#9169,#9170)) REPRESENTATION_CONTEXT
('Context #1','3D Context with UNIT and UNCERTAINTY') );
#9168 = ( LENGTH_UNIT() NAMED_UNIT(*) SI_UNIT(.MILLI.,.METRE.) );
#9169 = ( NAMED_UNIT(*) PLANE_ANGLE_UNIT() SI_UNIT($,.RADIAN.) );
#9170 = ( NAMED_UNIT(*) SI_UNIT($,.STERADIAN.) SOLID_ANGLE_UNIT() );
#9171 = UNCERTAINTY_MEASURE_WITH_UNIT(LENGTH_MEASURE(1.E-07),#9168,
  'distance_accuracy_value','confusion accuracy');
#9172 = PRODUCT_RELATED_PRODUCT_CATEGORY('part',$,(#7));
ENDSEC;
END-ISO-10303-21;
