  0
SECTION
  2
HEADER
  9
$ACADVER
  1
AC1018
  9
$HANDSEED
  5
FFFFFFFF
  9
$ANGBASE
  50
0.0
  9
$ANGDIR
  70
1
  9
$MEASUREMENT
  70
1
  9
$INSUNITS
  70
4
  0
ENDSEC
  0
SECTION
  2
TABLES
  0
TABLE
  2
APPID
  5
1
330
0
100
AcDbSymbolTable
 70
1
  0
APPID
  5
2
330
1
100
AcDbSymbolTableRecord
100
AcDbRegAppTableRecord
  2
ACAD
 70
0
  0
ENDTAB
  0
TABLE
  2
LTYPE
  5
3
330
0
100
AcDbSymbolTable
 70
6
  0
LTYPE
  5
4
330
3
100
AcDbSymbolTableRecord
100
AcDbLinetypeTableRecord
  2
ByBlock
 70
0
  3

 72
65
 73
0
 40
0
  0
LTYPE
  5
5
330
3
100
AcDbSymbolTableRecord
100
AcDbLinetypeTableRecord
  2
ByLayer
 70
0
  3

 72
65
 73
0
 40
0
  0
LTYPE
  5
6
330
3
100
AcDbSymbolTableRecord
100
AcDbLinetypeTableRecord
  2
CONTINUOUS
 70
0
  3
Solid line
 72
65
 73
0
 40
0
  0
LTYPE
  5
7
330
3
100
AcDbSymbolTableRecord
100
AcDbLinetypeTableRecord
  2
DASHDOT
 70
0
  3
Dash Dot ____ _ ____ _
 72
65
 73
4
 40
2
 49
1.25
 74
0
 49
-0.25
 74
0
 49
0.25
 74
0
 49
-0.25
 74
0
  0
LTYPE
  5
8
330
3
100
AcDbSymbolTableRecord
100
AcDbLinetypeTableRecord
  2
DASHED
 70
0
  3
Dashed __ __ __ __ __
 72
65
 73
2
 40
0.75
 49
0.5
 74
0
 49
-0.25
 74
0
  0
LTYPE
  5
9
330
3
100
AcDbSymbolTableRecord
100
AcDbLinetypeTableRecord
  2
DOTTED
 70
0
  3
Dotted .  .  .  .
 72
65
 73
2
 40
0.2
 49
0.0
 74
0
 49
-0.2
 74
0
  0
ENDTAB
  0
TABLE
  2
STYLE
  5
A
330
0
100
AcDbSymbolTable
 70
4
  0
STYLE
  5
B
330
A
100
AcDbSymbolTableRecord
100
AcDbTextStyleTableRecord
  2
KICAD
 70
0
 40
0
 41
1
 42
1
 50
0
 71
0
  3
isocp.shx
  0
STYLE
  5
C
330
A
100
AcDbSymbolTableRecord
100
AcDbTextStyleTableRecord
  2
KICADB
 70
0
 40
0
 41
1
 42
1
 50
0
 71
0
  3
isocp.shx
  0
STYLE
  5
D
330
A
100
AcDbSymbolTableRecord
100
AcDbTextStyleTableRecord
  2
KICADI
 70
0
 40
0
 41
1
 42
1
 50
15
 71
0
  3
isocp.shx
  0
STYLE
  5
E
330
A
100
AcDbSymbolTableRecord
100
AcDbTextStyleTableRecord
  2
KICADBI
 70
0
 40
0
 41
1
 42
1
 50
15
 71
0
  3
isocp.shx
  0
ENDTAB
  0
TABLE
  2
LAYER
  5
F
330
0
100
AcDbSymbolTable
 70
4
  0
LAYER
  5
12
330
F
100
AcDbSymbolTableRecord
100
AcDbLayerTableRecord
  2
0
 70
0
 62
7
  6
CONTINUOUS
390
10
  0
LAYER
  5
13
330
F
100
AcDbSymbolTableRecord
100
AcDbLayerTableRecord
  2
Edge.Cuts
 70
0
 62
254
420
13685453
  6
CONTINUOUS
390
10
  0
LAYER
  5
14
330
F
100
AcDbSymbolTableRecord
100
AcDbLayerTableRecord
  2
F.Fab
 70
0
 62
9
420
11513775
  6
CONTINUOUS
390
10
  0
LAYER
  5
15
330
F
100
AcDbSymbolTableRecord
100
AcDbLayerTableRecord
  2
F.Silkscreen
 70
0
 62
41
420
15920545
  6
CONTINUOUS
390
10
  0
ENDTAB
  0
TABLE
  2
VPORT
  5
16
330
0
100
AcDbSymbolTable
 70
0
  0
ENDTAB
  0
TABLE
  2
VIEW
  5
17
330
0
100
AcDbSymbolTable
 70
0
  0
ENDTAB
  0
TABLE
  2
UCS
  5
18
330
0
100
AcDbSymbolTable
 70
0
  0
ENDTAB
  0
TABLE
  2
DIMSTYLE
  5
19
330
0
100
AcDbSymbolTable
 70
1
100
AcDbDimStyleTable
 71
0
  0
DIMSTYLE
105
1A
330
19
100
AcDbSymbolTableRecord
100
AcDbDimStyleTableRecord
  2
Standard
 70
0
  0
ENDTAB
  0
TABLE
  2
BLOCK_RECORD
  5
1B
330
0
100
AcDbSymbolTable
 70
3
  0
BLOCK_RECORD
  5
1C
330
1B
100
AcDbSymbolTableRecord
100
AcDbBlockTableRecord
  2
*Model_Space
340
1F
 70
0
280
1
281
0
  0
BLOCK_RECORD
  5
1D
330
1B
100
AcDbSymbolTableRecord
100
AcDbBlockTableRecord
  2
*Paper_Space
340
20
 70
0
280
1
281
0
  0
BLOCK_RECORD
  5
1E
330
1B
100
AcDbSymbolTableRecord
100
AcDbBlockTableRecord
  2
*Paper_Space0
340
21
 70
0
280
1
281
0
  0
ENDTAB
  0
ENDSEC
  0
SECTION
  2
BLOCKS
  0
BLOCK
  5
24
330
1C
100
AcDbEntity
  8
0
100
AcDbBlockBegin
  2
*Model_Space
 70
0
 10
0.0
 20
0.0
 30
0.0
  3
*Model_Space
  1

  0
ENDBLK
  5
25
330
1C
100
AcDbEntity
  8
0
100
AcDbBlockEnd
  0
BLOCK
  5
26
330
1D
100
AcDbEntity
 67
1
  8
0
100
AcDbBlockBegin
  2
*Paper_Space
 70
0
 10
0.0
 20
0.0
 30
0.0
  3
*Paper_Space
  1

  0
ENDBLK
  5
27
330
1D
100
AcDbEntity
 67
1
  8
0
100
AcDbBlockEnd
  0
BLOCK
  5
28
330
1E
100
AcDbEntity
 67
1
  8
0
100
AcDbBlockBegin
  2
*Paper_Space0
 70
0
 10
0.0
 20
0.0
 30
0.0
  3
*Paper_Space0
  1

  0
ENDBLK
  5
29
330
1E
100
AcDbEntity
 67
1
  8
0
100
AcDbBlockEnd
  0
ENDSEC
  0
SECTION
  2
ENTITIES
  0
LINE
  5
2A
330
1C
100
AcDbEntity
  8
Edge.Cuts
  6
CONTINUOUS
100
AcDbLine
 10
0.
 20
60.
 30
0
 11
0.
 21
0.
 31
0
  0
LINE
  5
2B
330
1C
100
AcDbEntity
  8
Edge.Cuts
  6
CONTINUOUS
100
AcDbLine
 10
0.
 20
0.
 30
0
 11
35.
 21
0.
 31
0
  0
LINE
  5
2C
330
1C
100
AcDbEntity
  8
Edge.Cuts
  6
CONTINUOUS
100
AcDbLine
 10
35.
 20
60.
 30
0
 11
0.
 21
60.
 31
0
  0
LINE
  5
2D
330
1C
100
AcDbEntity
  8
Edge.Cuts
  6
CONTINUOUS
100
AcDbLine
 10
35.
 20
0.
 30
0
 11
35.
 21
60.
 31
0
  0
CIRCLE
  5
2E
330
1C
100
AcDbEntity
  8
Edge.Cuts
100
AcDbCircle
 10
2.6000000000000001
 20
38.
 30
0
 40
1.5999989999999999
  0
CIRCLE
  5
2F
330
1C
100
AcDbEntity
  8
Edge.Cuts
100
AcDbCircle
 10
24.8645999999999994
 20
52.5999999999999943
 30
0
 40
0.6604
  0
CIRCLE
  5
30
330
1C
100
AcDbEntity
  8
Edge.Cuts
100
AcDbCircle
 10
19.8607999999999976
 20
52.5999999999999943
 30
0
 40
0.6604
  0
CIRCLE
  5
31
330
1C
100
AcDbEntity
  8
Edge.Cuts
100
AcDbCircle
 10
32.3999999999999986
 20
2.6000000000000001
 30
0
 40
1.5999989999999999
  0
CIRCLE
  5
32
330
1C
100
AcDbEntity
  8
Edge.Cuts
100
AcDbCircle
 10
5.5099999999999998
 20
14.4100000000000001
 30
0
 40
0.5969
  0
CIRCLE
  5
33
330
1C
100
AcDbEntity
  8
Edge.Cuts
100
AcDbCircle
 10
5.5099999999999998
 20
9.3300000000000001
 30
0
 40
0.5969
  0
CIRCLE
  5
34
330
1C
100
AcDbEntity
  8
Edge.Cuts
100
AcDbCircle
 10
10.5899999999999999
 20
9.3300000000000001
 30
0
 40
0.5969
  0
CIRCLE
  5
35
330
1C
100
AcDbEntity
  8
Edge.Cuts
100
AcDbCircle
 10
10.5899999999999999
 20
14.4100000000000001
 30
0
 40
0.5969
  0
CIRCLE
  5
36
330
1C
100
AcDbEntity
  8
Edge.Cuts
100
AcDbCircle
 10
8.7999999999999989
 20
30.8499999999999979
 30
0
 40
0.5
  0
CIRCLE
  5
37
330
1C
100
AcDbEntity
  8
Edge.Cuts
100
AcDbCircle
 10
8.7999999999999989
 20
28.3099999999999987
 30
0
 40
0.5
  0
CIRCLE
  5
38
330
1C
100
AcDbEntity
  8
Edge.Cuts
100
AcDbCircle
 10
32.3999999999999986
 20
57.3999999999999986
 30
0
 40
1.5999989999999999
  0
CIRCLE
  5
39
330
1C
100
AcDbEntity
  8
Edge.Cuts
100
AcDbCircle
 10
17.5
 20
2.6000000000000001
 30
0
 40
1.5999989999999999
  0
CIRCLE
  5
3A
330
1C
100
AcDbEntity
  8
Edge.Cuts
100
AcDbCircle
 10
32.3999999999999986
 20
38.
 30
0
 40
1.5999989999999999
  0
CIRCLE
  5
3B
330
1C
100
AcDbEntity
  8
Edge.Cuts
100
AcDbCircle
 10
2.6000000000000001
 20
2.6000000000000001
 30
0
 40
1.5999989999999999
  0
CIRCLE
  5
3C
330
1C
100
AcDbEntity
  8
Edge.Cuts
100
AcDbCircle
 10
26.8099999999999987
 20
14.4100000000000001
 30
0
 40
0.5969
  0
CIRCLE
  5
3D
330
1C
100
AcDbEntity
  8
Edge.Cuts
100
AcDbCircle
 10
21.7300000000000004
 20
14.4100000000000001
 30
0
 40
0.5969
  0
CIRCLE
  5
3E
330
1C
100
AcDbEntity
  8
Edge.Cuts
100
AcDbCircle
 10
21.7300000000000004
 20
9.3300000000000001
 30
0
 40
0.5969
  0
CIRCLE
  5
3F
330
1C
100
AcDbEntity
  8
Edge.Cuts
100
AcDbCircle
 10
26.8099999999999987
 20
9.3300000000000001
 30
0
 40
0.5969
  0
CIRCLE
  5
40
330
1C
100
AcDbEntity
  8
Edge.Cuts
100
AcDbCircle
 10
15.7999999999999989
 20
43.6400000000000006
 30
0
 40
0.5
  0
CIRCLE
  5
41
330
1C
100
AcDbEntity
  8
Edge.Cuts
100
AcDbCircle
 10
15.7999999999999989
 20
41.1000000000000014
 30
0
 40
0.5
  0
CIRCLE
  5
42
330
1C
100
AcDbEntity
  8
Edge.Cuts
100
AcDbCircle
 10
15.7999999999999989
 20
38.5599999999999952
 30
0
 40
0.5
  0
CIRCLE
  5
43
330
1C
100
AcDbEntity
  8
Edge.Cuts
100
AcDbCircle
 10
2.6000000000000001
 20
57.3999999999999986
 30
0
 40
1.5999989999999999
  0
LINE
  5
44
330
1C
100
AcDbEntity
  8
F.Fab
  6
CONTINUOUS
100
AcDbLine
 10
25.4846170000000001
 20
36.3306329999999988
 30
0
 11
24.913964
 21
35.9311760000000007
 31
0
  0
LINE
  5
45
330
1C
100
AcDbEntity
  8
F.Fab
  6
CONTINUOUS
100
AcDbLine
 10
25.4846170000000001
 20
35.6458489999999983
 30
0
 11
24.2862449999999974
 21
35.6458489999999983
 31
0
  0
LINE
  5
46
330
1C
100
AcDbEntity
  8
F.Fab
  6
CONTINUOUS
100
AcDbLine
 10
24.2862449999999974
 20
35.6458489999999983
 30
0
 11
24.2862449999999974
 21
36.1023719999999955
 31
0
  0
LINE
  5
47
330
1C
100
AcDbEntity
  8
F.Fab
  6
CONTINUOUS
100
AcDbLine
 10
24.2862449999999974
 20
36.1023719999999955
 30
0
 11
24.3433099999999989
 21
36.2165029999999959
 31
0
  0
LINE
  5
48
330
1C
100
AcDbEntity
  8
F.Fab
  6
CONTINUOUS
100
AcDbLine
 10
24.3433099999999989
 20
36.2165029999999959
 30
0
 11
24.4003759999999978
 21
36.2735679999999974
 31
0
  0
LINE
  5
49
330
1C
100
AcDbEntity
  8
F.Fab
  6
CONTINUOUS
100
AcDbLine
 10
24.4003759999999978
 20
36.2735679999999974
 30
0
 11
24.5145059999999972
 21
36.3306329999999988
 31
0
  0
LINE
  5
4A
330
1C
100
AcDbEntity
  8
F.Fab
  6
CONTINUOUS
100
AcDbLine
 10
24.5145059999999972
 20
36.3306329999999988
 30
0
 11
24.6857019999999991
 21
36.3306329999999988
 31
0
  0
LINE
  5
4B
330
1C
100
AcDbEntity
  8
F.Fab
  6
CONTINUOUS
100
AcDbLine
 10
24.6857019999999991
 20
36.3306329999999988
 30
0
 11
24.7998329999999996
 21
36.2735679999999974
 31
0
  0
LINE
  5
4C
330
1C
100
AcDbEntity
  8
F.Fab
  6
CONTINUOUS
100
AcDbLine
 10
24.7998329999999996
 20
36.2735679999999974
 30
0
 11
24.8568979999999975
 21
36.2165029999999959
 31
0
  0
LINE
  5
4D
330
1C
100
AcDbEntity
  8
F.Fab
  6
CONTINUOUS
100
AcDbLine
 10
24.8568979999999975
 20
36.2165029999999959
 30
0
 11
24.913964
 21
36.1023719999999955
 31
0
  0
LINE
  5
4E
330
1C
100
AcDbEntity
  8
F.Fab
  6
CONTINUOUS
100
AcDbLine
 10
24.913964
 20
36.1023719999999955
 30
0
 11
24.913964
 21
35.6458489999999983
 31
0
  0
LINE
  5
4F
330
1C
100
AcDbEntity
  8
F.Fab
  6
CONTINUOUS
100
AcDbLine
 10
25.4846170000000001
 20
37.4719399999999965
 30
0
 11
25.4846170000000001
 21
36.787155999999996
 31
0
  0
LINE
  5
50
330
1C
100
AcDbEntity
  8
F.Fab
  6
CONTINUOUS
100
AcDbLine
 10
25.4846170000000001
 20
37.1295479999999998
 30
0
 11
24.2862449999999974
 21
37.1295479999999998
 31
0
  0
LINE
  5
51
330
1C
100
AcDbEntity
  8
F.Fab
  6
CONTINUOUS
100
AcDbLine
 10
24.2862449999999974
 20
37.1295479999999998
 30
0
 11
24.4574409999999993
 21
37.0154169999999993
 31
0
  0
LINE
  5
52
330
1C
100
AcDbEntity
  8
F.Fab
  6
CONTINUOUS
100
AcDbLine
 10
24.4574409999999993
 20
37.0154169999999993
 30
0
 11
24.5715719999999997
 21
36.9012869999999964
 31
0
  0
LINE
  5
53
330
1C
100
AcDbEntity
  8
F.Fab
  6
CONTINUOUS
100
AcDbLine
 10
24.5715719999999997
 20
36.9012869999999964
 30
0
 11
24.6286369999999977
 21
36.787155999999996
 31
0
  0
LINE
  5
54
330
1C
100
AcDbEntity
  8
F.Fab
  6
CONTINUOUS
100
AcDbLine
 10
24.2862449999999974
 20
38.2137899999999959
 30
0
 11
24.2862449999999974
 21
38.3279199999999989
 31
0
  0
LINE
  5
55
330
1C
100
AcDbEntity
  8
F.Fab
  6
CONTINUOUS
100
AcDbLine
 10
24.2862449999999974
 20
38.3279199999999989
 30
0
 11
24.3433099999999989
 21
38.4420509999999993
 31
0
  0
LINE
  5
56
330
1C
100
AcDbEntity
  8
F.Fab
  6
CONTINUOUS
100
AcDbLine
 10
24.3433099999999989
 20
38.4420509999999993
 30
0
 11
24.4003759999999978
 21
38.4991160000000008
 31
0
  0
LINE
  5
57
330
1C
100
AcDbEntity
  8
F.Fab
  6
CONTINUOUS
100
AcDbLine
 10
24.4003759999999978
 20
38.4991160000000008
 30
0
 11
24.5145059999999972
 21
38.5561819999999997
 31
0
  0
LINE
  5
58
330
1C
100
AcDbEntity
  8
F.Fab
  6
CONTINUOUS
100
AcDbLine
 10
24.5145059999999972
 20
38.5561819999999997
 30
0
 11
24.7427679999999981
 21
38.6132470000000012
 31
0
  0
LINE
  5
59
330
1C
100
AcDbEntity
  8
F.Fab
  6
CONTINUOUS
100
AcDbLine
 10
24.7427679999999981
 20
38.6132470000000012
 30
0
 11
25.0280939999999994
 21
38.6132470000000012
 31
0
  0
LINE
  5
5A
330
1C
100
AcDbEntity
  8
F.Fab
  6
CONTINUOUS
100
AcDbLine
 10
25.0280939999999994
 20
38.6132470000000012
 30
0
 11
25.2563560000000003
 21
38.5561819999999997
 31
0
  0
LINE
  5
5B
330
1C
100
AcDbEntity
  8
F.Fab
  6
CONTINUOUS
100
AcDbLine
 10
25.2563560000000003
 20
38.5561819999999997
 30
0
 11
25.3704859999999996
 21
38.4991160000000008
 31
0
  0
LINE
  5
5C
330
1C
100
AcDbEntity
  8
F.Fab
  6
CONTINUOUS
100
AcDbLine
 10
25.3704859999999996
 20
38.4991160000000008
 30
0
 11
25.4275519999999986
 21
38.4420509999999993
 31
0
  0
LINE
  5
5D
330
1C
100
AcDbEntity
  8
F.Fab
  6
CONTINUOUS
100
AcDbLine
 10
25.4275519999999986
 20
38.4420509999999993
 30
0
 11
25.4846170000000001
 21
38.3279199999999989
 31
0
  0
LINE
  5
5E
330
1C
100
AcDbEntity
  8
F.Fab
  6
CONTINUOUS
100
AcDbLine
 10
25.4846170000000001
 20
38.3279199999999989
 30
0
 11
25.4846170000000001
 21
38.2137899999999959
 31
0
  0
LINE
  5
5F
330
1C
100
AcDbEntity
  8
F.Fab
  6
CONTINUOUS
100
AcDbLine
 10
25.4846170000000001
 20
38.2137899999999959
 30
0
 11
25.4275519999999986
 21
38.0996589999999955
 31
0
  0
LINE
  5
60
330
1C
100
AcDbEntity
  8
F.Fab
  6
CONTINUOUS
100
AcDbLine
 10
25.4275519999999986
 20
38.0996589999999955
 30
0
 11
25.3704859999999996
 21
38.0425940000000011
 31
0
  0
LINE
  5
61
330
1C
100
AcDbEntity
  8
F.Fab
  6
CONTINUOUS
100
AcDbLine
 10
25.3704859999999996
 20
38.0425940000000011
 30
0
 11
25.2563560000000003
 21
37.9855279999999951
 31
0
  0
LINE
  5
62
330
1C
100
AcDbEntity
  8
F.Fab
  6
CONTINUOUS
100
AcDbLine
 10
25.2563560000000003
 20
37.9855279999999951
 30
0
 11
25.0280939999999994
 21
37.9284630000000007
 31
0
  0
LINE
  5
63
330
1C
100
AcDbEntity
  8
F.Fab
  6
CONTINUOUS
100
AcDbLine
 10
25.0280939999999994
 20
37.9284630000000007
 30
0
 11
24.7427679999999981
 21
37.9284630000000007
 31
0
  0
LINE
  5
64
330
1C
100
AcDbEntity
  8
F.Fab
  6
CONTINUOUS
100
AcDbLine
 10
24.7427679999999981
 20
37.9284630000000007
 30
0
 11
24.5145059999999972
 21
37.9855279999999951
 31
0
  0
LINE
  5
65
330
1C
100
AcDbEntity
  8
F.Fab
  6
CONTINUOUS
100
AcDbLine
 10
24.5145059999999972
 20
37.9855279999999951
 30
0
 11
24.4003759999999978
 21
38.0425940000000011
 31
0
  0
LINE
  5
66
330
1C
100
AcDbEntity
  8
F.Fab
  6
CONTINUOUS
100
AcDbLine
 10
24.4003759999999978
 20
38.0425940000000011
 30
0
 11
24.3433099999999989
 21
38.0996589999999955
 31
0
  0
LINE
  5
67
330
1C
100
AcDbEntity
  8
F.Fab
  6
CONTINUOUS
100
AcDbLine
 10
24.3433099999999989
 20
38.0996589999999955
 30
0
 11
24.2862449999999974
 21
38.2137899999999959
 31
0
  0
LINE
  5
68
330
1C
100
AcDbEntity
  8
F.Fab
  6
CONTINUOUS
100
AcDbLine
 10
22.7647999999999975
 20
42.2729999999999961
 30
0
 11
22.7647999999999975
 21
39.5298000000000016
 31
0
  0
LINE
  5
69
330
1C
100
AcDbEntity
  8
F.Fab
  6
CONTINUOUS
100
AcDbLine
 10
22.7647999999999975
 20
39.5298000000000016
 30
0
 11
22.7647999999999975
 21
37.6501999999999981
 31
0
  0
LINE
  5
6A
330
1C
100
AcDbEntity
  8
F.Fab
  6
CONTINUOUS
100
AcDbLine
 10
22.7647999999999975
 20
39.5298000000000016
 30
0
 11
27.2097999999999978
 21
39.5298000000000016
 31
0
  0
LINE
  5
6B
330
1C
100
AcDbEntity
  8
F.Fab
  6
CONTINUOUS
100
AcDbLine
 10
22.7647999999999975
 20
37.6501999999999981
 30
0
 11
22.7647999999999975
 21
34.9069999999999965
 31
0
  0
LINE
  5
6C
330
1C
100
AcDbEntity
  8
F.Fab
  6
CONTINUOUS
100
AcDbLine
 10
22.7647999999999975
 20
34.9069999999999965
 30
0
 11
27.235199999999999
 21
34.9069999999999965
 31
0
  0
LINE
  5
6D
330
1C
100
AcDbEntity
  8
F.Fab
  6
CONTINUOUS
100
AcDbLine
 10
27.2097999999999978
 20
42.2729999999999961
 30
0
 11
22.7647999999999975
 21
42.2729999999999961
 31
0
  0
LINE
  5
6E
330
1C
100
AcDbEntity
  8
F.Fab
  6
CONTINUOUS
100
AcDbLine
 10
27.2097999999999978
 20
39.5298000000000016
 30
0
 11
27.2097999999999978
 21
42.2729999999999961
 31
0
  0
LINE
  5
6F
330
1C
100
AcDbEntity
  8
F.Fab
  6
CONTINUOUS
100
AcDbLine
 10
27.235199999999999
 20
42.2729999999999961
 30
0
 11
27.2097999999999978
 21
42.2729999999999961
 31
0
  0
LINE
  5
70
330
1C
100
AcDbEntity
  8
F.Fab
  6
CONTINUOUS
100
AcDbLine
 10
27.235199999999999
 20
37.6501999999999981
 30
0
 11
22.7647999999999975
 21
37.6501999999999981
 31
0
  0
LINE
  5
71
330
1C
100
AcDbEntity
  8
F.Fab
  6
CONTINUOUS
100
AcDbLine
 10
27.235199999999999
 20
37.6501999999999981
 30
0
 11
27.235199999999999
 21
42.2729999999999961
 31
0
  0
LINE
  5
72
330
1C
100
AcDbEntity
  8
F.Fab
  6
CONTINUOUS
100
AcDbLine
 10
27.235199999999999
 20
34.9069999999999965
 30
0
 11
27.235199999999999
 21
37.6501999999999981
 31
0
  0
LINE
  5
73
330
1C
100
AcDbEntity
  8
F.Fab
  6
CONTINUOUS
100
AcDbLine
 10
21.0549999999999997
 20
20.3239999999999981
 30
0
 11
21.5449999999999982
 21
20.3239999999999981
 31
0
  0
LINE
  5
74
330
1C
100
AcDbEntity
  8
F.Fab
  6
CONTINUOUS
100
AcDbLine
 10
21.5449999999999982
 20
19.8759999999999977
 30
0
 11
21.0549999999999997
 21
19.8759999999999977
 31
0
  0
LINE
  5
75
330
1C
100
AcDbEntity
  8
F.Fab
  6
CONTINUOUS
100
AcDbLine
 10
21.0459999999999994
 20
19.7951999999999977
 30
0
 11
20.7459999999999987
 21
19.7951999999999977
 31
0
  0
LINE
  5
76
330
1C
100
AcDbEntity
  8
F.Fab
  6
CONTINUOUS
100
AcDbLine
 10
20.7459999999999987
 20
19.7951999999999977
 30
0
 11
20.7459999999999987
 21
20.3950999999999993
 31
0
  0
LINE
  5
77
330
1C
100
AcDbEntity
  8
F.Fab
  6
CONTINUOUS
100
AcDbLine
 10
20.7459999999999987
 20
20.3950999999999993
 30
0
 11
21.0459999999999994
 21
20.3950999999999993
 31
0
  0
LINE
  5
78
330
1C
100
AcDbEntity
  8
F.Fab
  6
CONTINUOUS
100
AcDbLine
 10
21.0459999999999994
 20
20.3950999999999993
 30
0
 11
21.0459999999999994
 21
19.7951999999999977
 31
0
  0
LINE
  5
79
330
1C
100
AcDbEntity
  8
F.Fab
  6
CONTINUOUS
100
AcDbLine
 10
21.8587999999999987
 20
19.7951999999999977
 30
0
 11
21.558799999999998
 21
19.7951999999999977
 31
0
  0
LINE
  5
7A
330
1C
100
AcDbEntity
  8
F.Fab
  6
CONTINUOUS
100
AcDbLine
 10
21.558799999999998
 20
19.7951999999999977
 30
0
 11
21.558799999999998
 21
20.3950999999999993
 31
0
  0
LINE
  5
7B
330
1C
100
AcDbEntity
  8
F.Fab
  6
CONTINUOUS
100
AcDbLine
 10
21.558799999999998
 20
20.3950999999999993
 30
0
 11
21.8587999999999987
 21
20.3950999999999993
 31
0
  0
LINE
  5
7C
330
1C
100
AcDbEntity
  8
F.Fab
  6
CONTINUOUS
100
AcDbLine
 10
21.8587999999999987
 20
20.3950999999999993
 30
0
 11
21.8587999999999987
 21
19.7951999999999977
 31
0
  0
LINE
  5
7D
330
1C
100
AcDbEntity
  8
F.Fab
  6
CONTINUOUS
100
AcDbLine
 10
18.2097999999999978
 20
53.107999999999997
 30
0
 11
18.590799999999998
 21
53.107999999999997
 31
0
  0
LINE
  5
7E
330
1C
100
AcDbEntity
  8
F.Fab
  6
CONTINUOUS
100
AcDbLine
 10
18.2097999999999978
 20
51.9649999999999963
 30
0
 11
21.5117999999999974
 21
51.9649999999999963
 31
0
  0
LINE
  5
7F
330
1C
100
AcDbEntity
  8
F.Fab
  6
CONTINUOUS
100
AcDbLine
 10
21.5117999999999974
 20
53.107999999999997
 30
0
 11
21.1308000000000007
 21
53.107999999999997
 31
0
  0
LINE
  5
80
330
1C
100
AcDbEntity
  8
F.Fab
  6
CONTINUOUS
100
AcDbLine
 10
21.5117999999999974
 20
52.3459999999999965
 30
0
 11
18.2097999999999978
 21
52.3459999999999965
 31
0
  0
LINE
  5
81
330
1C
100
AcDbEntity
  8
F.Fab
  6
CONTINUOUS
100
AcDbLine
 10
23.2135999999999996
 20
53.107999999999997
 30
0
 11
23.5945999999999998
 21
53.107999999999997
 31
0
  0
LINE
  5
82
330
1C
100
AcDbEntity
  8
F.Fab
  6
CONTINUOUS
100
AcDbLine
 10
23.2135999999999996
 20
52.3459999999999965
 30
0
 11
26.5155999999999992
 21
52.3459999999999965
 31
0
  0
LINE
  5
83
330
1C
100
AcDbEntity
  8
F.Fab
  6
CONTINUOUS
100
AcDbLine
 10
26.5155999999999992
 20
53.107999999999997
 30
0
 11
26.1345999999999989
 21
53.107999999999997
 31
0
  0
LINE
  5
84
330
1C
100
AcDbEntity
  8
F.Fab
  6
CONTINUOUS
100
AcDbLine
 10
26.5155999999999992
 20
51.9649999999999963
 30
0
 11
23.2135999999999996
 21
51.9649999999999963
 31
0
  0
LINE
  5
85
330
1C
100
AcDbEntity
  8
F.Fab
  6
CONTINUOUS
100
AcDbLine
 10
21.1308000000000007
 20
52.3459999999999965
 30
0
 11
18.590799999999998
 21
52.3459999999999965
 31
0
  0
LINE
  5
86
330
1C
100
AcDbEntity
  8
F.Fab
  6
CONTINUOUS
100
AcDbLine
 10
18.590799999999998
 20
52.3459999999999965
 30
0
 11
18.590799999999998
 21
55.1400000000000006
 31
0
  0
LINE
  5
87
330
1C
100
AcDbEntity
  8
F.Fab
  6
CONTINUOUS
100
AcDbLine
 10
18.590799999999998
 20
55.1400000000000006
 30
0
 11
21.1308000000000007
 21
55.1400000000000006
 31
0
  0
LINE
  5
88
330
1C
100
AcDbEntity
  8
F.Fab
  6
CONTINUOUS
100
AcDbLine
 10
21.1308000000000007
 20
55.1400000000000006
 30
0
 11
21.1308000000000007
 21
52.3459999999999965
 31
0
  0
LINE
  5
89
330
1C
100
AcDbEntity
  8
F.Fab
  6
CONTINUOUS
100
AcDbLine
 10
26.1345999999999989
 20
52.3459999999999965
 30
0
 11
23.5945999999999998
 21
52.3459999999999965
 31
0
  0
LINE
  5
8A
330
1C
100
AcDbEntity
  8
F.Fab
  6
CONTINUOUS
100
AcDbLine
 10
23.5945999999999998
 20
52.3459999999999965
 30
0
 11
23.5945999999999998
 21
55.1400000000000006
 31
0
  0
LINE
  5
8B
330
1C
100
AcDbEntity
  8
F.Fab
  6
CONTINUOUS
100
AcDbLine
 10
23.5945999999999998
 20
55.1400000000000006
 30
0
 11
26.1345999999999989
 21
55.1400000000000006
 31
0
  0
LINE
  5
8C
330
1C
100
AcDbEntity
  8
F.Fab
  6
CONTINUOUS
100
AcDbLine
 10
26.1345999999999989
 20
55.1400000000000006
 30
0
 11
26.1345999999999989
 21
52.3459999999999965
 31
0
  0
LINE
  5
8D
330
1C
100
AcDbEntity
  8
F.Fab
  6
CONTINUOUS
100
AcDbLine
 10
11.9049999999999994
 20
20.2240000000000002
 30
0
 11
12.3949999999999996
 21
20.2240000000000002
 31
0
  0
LINE
  5
8E
330
1C
100
AcDbEntity
  8
F.Fab
  6
CONTINUOUS
100
AcDbLine
 10
12.3949999999999996
 20
19.7759999999999998
 30
0
 11
11.9049999999999994
 21
19.7759999999999998
 31
0
  0
LINE
  5
8F
330
1C
100
AcDbEntity
  8
F.Fab
  6
CONTINUOUS
100
AcDbLine
 10
11.895999999999999
 20
19.6951999999999998
 30
0
 11
11.5960000000000001
 21
19.6951999999999998
 31
0
  0
LINE
  5
90
330
1C
100
AcDbEntity
  8
F.Fab
  6
CONTINUOUS
100
AcDbLine
 10
11.5960000000000001
 20
19.6951999999999998
 30
0
 11
11.5960000000000001
 21
20.2950999999999979
 31
0
  0
LINE
  5
91
330
1C
100
AcDbEntity
  8
F.Fab
  6
CONTINUOUS
100
AcDbLine
 10
11.5960000000000001
 20
20.2950999999999979
 30
0
 11
11.895999999999999
 21
20.2950999999999979
 31
0
  0
LINE
  5
92
330
1C
100
AcDbEntity
  8
F.Fab
  6
CONTINUOUS
100
AcDbLine
 10
11.895999999999999
 20
20.2950999999999979
 30
0
 11
11.895999999999999
 21
19.6951999999999998
 31
0
  0
LINE
  5
93
330
1C
100
AcDbEntity
  8
F.Fab
  6
CONTINUOUS
100
AcDbLine
 10
12.7088000000000001
 20
19.6951999999999998
 30
0
 11
12.4087999999999994
 21
19.6951999999999998
 31
0
  0
LINE
  5
94
330
1C
100
AcDbEntity
  8
F.Fab
  6
CONTINUOUS
100
AcDbLine
 10
12.4087999999999994
 20
19.6951999999999998
 30
0
 11
12.4087999999999994
 21
20.2950999999999979
 31
0
  0
LINE
  5
95
330
1C
100
AcDbEntity
  8
F.Fab
  6
CONTINUOUS
100
AcDbLine
 10
12.4087999999999994
 20
20.2950999999999979
 30
0
 11
12.7088000000000001
 21
20.2950999999999979
 31
0
  0
LINE
  5
96
330
1C
100
AcDbEntity
  8
F.Fab
  6
CONTINUOUS
100
AcDbLine
 10
12.7088000000000001
 20
20.2950999999999979
 30
0
 11
12.7088000000000001
 21
19.6951999999999998
 31
0
  0
LINE
  5
97
330
1C
100
AcDbEntity
  8
F.Fab
  6
CONTINUOUS
100
AcDbLine
 10
10.8149999999999995
 20
23.0239999999999974
 30
0
 11
11.3049999999999997
 21
23.0239999999999974
 31
0
  0
LINE
  5
98
330
1C
100
AcDbEntity
  8
F.Fab
  6
CONTINUOUS
100
AcDbLine
 10
11.3049999999999997
 20
22.5760000000000005
 30
0
 11
10.8149999999999995
 21
22.5760000000000005
 31
0
  0
LINE
  5
99
330
1C
100
AcDbEntity
  8
F.Fab
  6
CONTINUOUS
100
AcDbLine
 10
10.8059999999999992
 20
22.4952000000000005
 30
0
 11
10.5060000000000002
 21
22.4952000000000005
 31
0
  0
LINE
  5
9A
330
1C
100
AcDbEntity
  8
F.Fab
  6
CONTINUOUS
100
AcDbLine
 10
10.5060000000000002
 20
22.4952000000000005
 30
0
 11
10.5060000000000002
 21
23.0950999999999986
 31
0
  0
LINE
  5
9B
330
1C
100
AcDbEntity
  8
F.Fab
  6
CONTINUOUS
100
AcDbLine
 10
10.5060000000000002
 20
23.0950999999999986
 30
0
 11
10.8059999999999992
 21
23.0950999999999986
 31
0
  0
LINE
  5
9C
330
1C
100
AcDbEntity
  8
F.Fab
  6
CONTINUOUS
100
AcDbLine
 10
10.8059999999999992
 20
23.0950999999999986
 30
0
 11
10.8059999999999992
 21
22.4952000000000005
 31
0
  0
LINE
  5
9D
330
1C
100
AcDbEntity
  8
F.Fab
  6
CONTINUOUS
100
AcDbLine
 10
11.6188000000000002
 20
22.4952000000000005
 30
0
 11
11.3187999999999995
 21
22.4952000000000005
 31
0
  0
LINE
  5
9E
330
1C
100
AcDbEntity
  8
F.Fab
  6
CONTINUOUS
100
AcDbLine
 10
11.3187999999999995
 20
22.4952000000000005
 30
0
 11
11.3187999999999995
 21
23.0950999999999986
 31
0
  0
LINE
  5
9F
330
1C
100
AcDbEntity
  8
F.Fab
  6
CONTINUOUS
100
AcDbLine
 10
11.3187999999999995
 20
23.0950999999999986
 30
0
 11
11.6188000000000002
 21
23.0950999999999986
 31
0
  0
LINE
  5
A0
330
1C
100
AcDbEntity
  8
F.Fab
  6
CONTINUOUS
100
AcDbLine
 10
11.6188000000000002
 20
23.0950999999999986
 30
0
 11
11.6188000000000002
 21
22.4952000000000005
 31
0
  0
LINE
  5
A1
330
1C
100
AcDbEntity
  8
F.Fab
  6
CONTINUOUS
100
AcDbLine
 10
6.0149999999999997
 20
23.8170000000000002
 30
0
 11
7.9449999999999994
 21
23.8170000000000002
 31
0
  0
LINE
  5
A2
330
1C
100
AcDbEntity
  8
F.Fab
  6
CONTINUOUS
100
AcDbLine
 10
6.0149999999999997
 20
22.2429999999999986
 30
0
 11
7.9449999999999994
 21
22.2429999999999986
 31
0
  0
LINE
  5
A3
330
1C
100
AcDbEntity
  8
F.Fab
  6
CONTINUOUS
100
AcDbLine
 10
6.0282999999999998
 20
22.1790999999999983
 30
0
 11
5.2782
 21
22.1790999999999983
 31
0
  0
LINE
  5
A4
330
1C
100
AcDbEntity
  8
F.Fab
  6
CONTINUOUS
100
AcDbLine
 10
5.2782
 20
22.1790999999999983
 30
0
 11
5.2782
 21
23.8790999999999976
 31
0
  0
LINE
  5
A5
330
1C
100
AcDbEntity
  8
F.Fab
  6
CONTINUOUS
100
AcDbLine
 10
5.2782
 20
23.8790999999999976
 30
0
 11
6.0282999999999998
 21
23.8790999999999976
 31
0
  0
LINE
  5
A6
330
1C
100
AcDbEntity
  8
F.Fab
  6
CONTINUOUS
100
AcDbLine
 10
6.0282999999999998
 20
23.8790999999999976
 30
0
 11
6.0282999999999998
 21
22.1790999999999983
 31
0
  0
LINE
  5
A7
330
1C
100
AcDbEntity
  8
F.Fab
  6
CONTINUOUS
100
AcDbLine
 10
8.6817999999999991
 20
22.1808999999999976
 30
0
 11
7.9316999999999993
 21
22.1808999999999976
 31
0
  0
LINE
  5
A8
330
1C
100
AcDbEntity
  8
F.Fab
  6
CONTINUOUS
100
AcDbLine
 10
7.9316999999999993
 20
22.1808999999999976
 30
0
 11
7.9316999999999993
 21
23.8809000000000005
 31
0
  0
LINE
  5
A9
330
1C
100
AcDbEntity
  8
F.Fab
  6
CONTINUOUS
100
AcDbLine
 10
7.9316999999999993
 20
23.8809000000000005
 30
0
 11
8.6817999999999991
 21
23.8809000000000005
 31
0
  0
LINE
  5
AA
330
1C
100
AcDbEntity
  8
F.Fab
  6
CONTINUOUS
100
AcDbLine
 10
8.6817999999999991
 20
23.8809000000000005
 30
0
 11
8.6817999999999991
 21
22.1808999999999976
 31
0
  0
LINE
  5
AB
330
1C
100
AcDbEntity
  8
F.Fab
  6
CONTINUOUS
100
AcDbLine
 10
3.6149999999999998
 20
16.3049999999999997
 30
0
 11
12.4849999999999994
 21
16.3049999999999997
 31
0
  0
LINE
  5
AC
330
1C
100
AcDbEntity
  8
F.Fab
  6
CONTINUOUS
100
AcDbLine
 10
3.6149999999999998
 20
7.4349999999999996
 30
0
 11
3.6149999999999998
 21
16.3049999999999997
 31
0
  0
LINE
  5
AD
330
1C
100
AcDbEntity
  8
F.Fab
  6
CONTINUOUS
100
AcDbLine
 10
5.0529999999999999
 20
14.8669999999999991
 30
0
 11
11.0469999999999988
 21
14.8669999999999991
 31
0
  0
LINE
  5
AE
330
1C
100
AcDbEntity
  8
F.Fab
  6
CONTINUOUS
100
AcDbLine
 10
5.0529999999999999
 20
8.8729999999999993
 30
0
 11
5.0529999999999999
 21
14.8669999999999991
 31
0
  0
LINE
  5
AF
330
1C
100
AcDbEntity
  8
F.Fab
  6
CONTINUOUS
100
AcDbLine
 10
11.0469999999999988
 20
14.8669999999999991
 30
0
 11
11.0469999999999988
 21
8.8729999999999993
 31
0
  0
LINE
  5
B0
330
1C
100
AcDbEntity
  8
F.Fab
  6
CONTINUOUS
100
AcDbLine
 10
11.0469999999999988
 20
8.8729999999999993
 30
0
 11
5.0529999999999999
 21
8.8729999999999993
 31
0
  0
LINE
  5
B1
330
1C
100
AcDbEntity
  8
F.Fab
  6
CONTINUOUS
100
AcDbLine
 10
12.4849999999999994
 20
16.3049999999999997
 30
0
 11
12.4849999999999994
 21
7.4349999999999996
 31
0
  0
LINE
  5
B2
330
1C
100
AcDbEntity
  8
F.Fab
  6
CONTINUOUS
100
AcDbLine
 10
12.4849999999999994
 20
7.4349999999999996
 30
0
 11
3.6149999999999998
 21
7.4349999999999996
 31
0
  0
LINE
  5
B3
330
1C
100
AcDbEntity
  8
F.Fab
  6
CONTINUOUS
100
AcDbLine
 10
9.1449999999999996
 20
17.9439999999999991
 30
0
 11
9.6349999999999998
 21
17.9439999999999991
 31
0
  0
LINE
  5
B4
330
1C
100
AcDbEntity
  8
F.Fab
  6
CONTINUOUS
100
AcDbLine
 10
9.6349999999999998
 20
17.4959999999999987
 30
0
 11
9.1449999999999996
 21
17.4959999999999987
 31
0
  0
LINE
  5
B5
330
1C
100
AcDbEntity
  8
F.Fab
  6
CONTINUOUS
100
AcDbLine
 10
9.1359999999999992
 20
17.4151999999999987
 30
0
 11
8.8360000000000003
 21
17.4151999999999987
 31
0
  0
LINE
  5
B6
330
1C
100
AcDbEntity
  8
F.Fab
  6
CONTINUOUS
100
AcDbLine
 10
8.8360000000000003
 20
17.4151999999999987
 30
0
 11
8.8360000000000003
 21
18.0151000000000003
 31
0
  0
LINE
  5
B7
330
1C
100
AcDbEntity
  8
F.Fab
  6
CONTINUOUS
100
AcDbLine
 10
8.8360000000000003
 20
18.0151000000000003
 30
0
 11
9.1359999999999992
 21
18.0151000000000003
 31
0
  0
LINE
  5
B8
330
1C
100
AcDbEntity
  8
F.Fab
  6
CONTINUOUS
100
AcDbLine
 10
9.1359999999999992
 20
18.0151000000000003
 30
0
 11
9.1359999999999992
 21
17.4151999999999987
 31
0
  0
LINE
  5
B9
330
1C
100
AcDbEntity
  8
F.Fab
  6
CONTINUOUS
100
AcDbLine
 10
9.9488000000000003
 20
17.4151999999999987
 30
0
 11
9.6487999999999996
 21
17.4151999999999987
 31
0
  0
LINE
  5
BA
330
1C
100
AcDbEntity
  8
F.Fab
  6
CONTINUOUS
100
AcDbLine
 10
9.6487999999999996
 20
17.4151999999999987
 30
0
 11
9.6487999999999996
 21
18.0151000000000003
 31
0
  0
LINE
  5
BB
330
1C
100
AcDbEntity
  8
F.Fab
  6
CONTINUOUS
100
AcDbLine
 10
9.6487999999999996
 20
18.0151000000000003
 30
0
 11
9.9488000000000003
 21
18.0151000000000003
 31
0
  0
LINE
  5
BC
330
1C
100
AcDbEntity
  8
F.Fab
  6
CONTINUOUS
100
AcDbLine
 10
9.9488000000000003
 20
18.0151000000000003
 30
0
 11
9.9488000000000003
 21
17.4151999999999987
 31
0
  0
LINE
  5
BD
330
1C
100
AcDbEntity
  8
F.Fab
  6
CONTINUOUS
100
AcDbLine
 10
18.3449999999999989
 20
18.3239999999999981
 30
0
 11
18.8350000000000009
 21
18.3239999999999981
 31
0
  0
LINE
  5
BE
330
1C
100
AcDbEntity
  8
F.Fab
  6
CONTINUOUS
100
AcDbLine
 10
18.8350000000000009
 20
17.8759999999999977
 30
0
 11
18.3449999999999989
 21
17.8759999999999977
 31
0
  0
LINE
  5
BF
330
1C
100
AcDbEntity
  8
F.Fab
  6
CONTINUOUS
100
AcDbLine
 10
18.3359999999999985
 20
17.7951999999999977
 30
0
 11
18.0359999999999978
 21
17.7951999999999977
 31
0
  0
LINE
  5
C0
330
1C
100
AcDbEntity
  8
F.Fab
  6
CONTINUOUS
100
AcDbLine
 10
18.0359999999999978
 20
17.7951999999999977
 30
0
 11
18.0359999999999978
 21
18.3950999999999993
 31
0
  0
LINE
  5
C1
330
1C
100
AcDbEntity
  8
F.Fab
  6
CONTINUOUS
100
AcDbLine
 10
18.0359999999999978
 20
18.3950999999999993
 30
0
 11
18.3359999999999985
 21
18.3950999999999993
 31
0
  0
LINE
  5
C2
330
1C
100
AcDbEntity
  8
F.Fab
  6
CONTINUOUS
100
AcDbLine
 10
18.3359999999999985
 20
18.3950999999999993
 30
0
 11
18.3359999999999985
 21
17.7951999999999977
 31
0
  0
LINE
  5
C3
330
1C
100
AcDbEntity
  8
F.Fab
  6
CONTINUOUS
100
AcDbLine
 10
19.1487999999999978
 20
17.7951999999999977
 30
0
 11
18.8488000000000007
 21
17.7951999999999977
 31
0
  0
LINE
  5
C4
330
1C
100
AcDbEntity
  8
F.Fab
  6
CONTINUOUS
100
AcDbLine
 10
18.8488000000000007
 20
17.7951999999999977
 30
0
 11
18.8488000000000007
 21
18.3950999999999993
 31
0
  0
LINE
  5
C5
330
1C
100
AcDbEntity
  8
F.Fab
  6
CONTINUOUS
100
AcDbLine
 10
18.8488000000000007
 20
18.3950999999999993
 30
0
 11
19.1487999999999978
 21
18.3950999999999993
 31
0
  0
LINE
  5
C6
330
1C
100
AcDbEntity
  8
F.Fab
  6
CONTINUOUS
100
AcDbLine
 10
19.1487999999999978
 20
18.3950999999999993
 30
0
 11
19.1487999999999978
 21
17.7951999999999977
 31
0
  0
LINE
  5
C7
330
1C
100
AcDbEntity
  8
F.Fab
  6
CONTINUOUS
100
AcDbLine
 10
14.7279999999999998
 20
25.7240000000000002
 30
0
 11
15.5919999999999987
 21
25.7240000000000002
 31
0
  0
LINE
  5
C8
330
1C
100
AcDbEntity
  8
F.Fab
  6
CONTINUOUS
100
AcDbLine
 10
15.5919999999999987
 20
26.4359999999999999
 30
0
 11
14.7279999999999998
 21
26.4359999999999999
 31
0
  0
LINE
  5
C9
330
1C
100
AcDbEntity
  8
F.Fab
  6
CONTINUOUS
100
AcDbLine
 10
14.7281999999999993
 20
25.6481999999999992
 30
0
 11
14.3217999999999996
 21
25.6481999999999992
 31
0
  0
LINE
  5
CA
330
1C
100
AcDbEntity
  8
F.Fab
  6
CONTINUOUS
100
AcDbLine
 10
14.3217999999999996
 20
25.6481999999999992
 30
0
 11
14.3217999999999996
 21
26.5117999999999974
 31
0
  0
LINE
  5
CB
330
1C
100
AcDbEntity
  8
F.Fab
  6
CONTINUOUS
100
AcDbLine
 10
14.3217999999999996
 20
26.5117999999999974
 30
0
 11
14.7281999999999993
 21
26.5117999999999974
 31
0
  0
LINE
  5
CC
330
1C
100
AcDbEntity
  8
F.Fab
  6
CONTINUOUS
100
AcDbLine
 10
14.7281999999999993
 20
26.5117999999999974
 30
0
 11
14.7281999999999993
 21
25.6481999999999992
 31
0
  0
LINE
  5
CD
330
1C
100
AcDbEntity
  8
F.Fab
  6
CONTINUOUS
100
AcDbLine
 10
15.9981999999999989
 20
25.6481999999999992
 30
0
 11
15.5917999999999992
 21
25.6481999999999992
 31
0
  0
LINE
  5
CE
330
1C
100
AcDbEntity
  8
F.Fab
  6
CONTINUOUS
100
AcDbLine
 10
15.5917999999999992
 20
25.6481999999999992
 30
0
 11
15.5917999999999992
 21
26.5117999999999974
 31
0
  0
LINE
  5
CF
330
1C
100
AcDbEntity
  8
F.Fab
  6
CONTINUOUS
100
AcDbLine
 10
15.5917999999999992
 20
26.5117999999999974
 30
0
 11
15.9981999999999989
 21
26.5117999999999974
 31
0
  0
LINE
  5
D0
330
1C
100
AcDbEntity
  8
F.Fab
  6
CONTINUOUS
100
AcDbLine
 10
15.9981999999999989
 20
26.5117999999999974
 30
0
 11
15.9981999999999989
 21
25.6481999999999992
 31
0
  0
LINE
  5
D1
330
1C
100
AcDbEntity
  8
F.Fab
  6
CONTINUOUS
100
AcDbLine
 10
22.4649999999999999
 20
23.7240000000000002
 30
0
 11
22.9549999999999983
 21
23.7240000000000002
 31
0
  0
LINE
  5
D2
330
1C
100
AcDbEntity
  8
F.Fab
  6
CONTINUOUS
100
AcDbLine
 10
22.9549999999999983
 20
23.2759999999999998
 30
0
 11
22.4649999999999999
 21
23.2759999999999998
 31
0
  0
LINE
  5
D3
330
1C
100
AcDbEntity
  8
F.Fab
  6
CONTINUOUS
100
AcDbLine
 10
22.4559999999999995
 20
23.1951999999999998
 30
0
 11
22.1559999999999988
 21
23.1951999999999998
 31
0
  0
LINE
  5
D4
330
1C
100
AcDbEntity
  8
F.Fab
  6
CONTINUOUS
100
AcDbLine
 10
22.1559999999999988
 20
23.1951999999999998
 30
0
 11
22.1559999999999988
 21
23.7950999999999979
 31
0
  0
LINE
  5
D5
330
1C
100
AcDbEntity
  8
F.Fab
  6
CONTINUOUS
100
AcDbLine
 10
22.1559999999999988
 20
23.7950999999999979
 30
0
 11
22.4559999999999995
 21
23.7950999999999979
 31
0
  0
LINE
  5
D6
330
1C
100
AcDbEntity
  8
F.Fab
  6
CONTINUOUS
100
AcDbLine
 10
22.4559999999999995
 20
23.7950999999999979
 30
0
 11
22.4559999999999995
 21
23.1951999999999998
 31
0
  0
LINE
  5
D7
330
1C
100
AcDbEntity
  8
F.Fab
  6
CONTINUOUS
100
AcDbLine
 10
23.2687999999999988
 20
23.1951999999999998
 30
0
 11
22.9687999999999981
 21
23.1951999999999998
 31
0
  0
LINE
  5
D8
330
1C
100
AcDbEntity
  8
F.Fab
  6
CONTINUOUS
100
AcDbLine
 10
22.9687999999999981
 20
23.1951999999999998
 30
0
 11
22.9687999999999981
 21
23.7950999999999979
 31
0
  0
LINE
  5
D9
330
1C
100
AcDbEntity
  8
F.Fab
  6
CONTINUOUS
100
AcDbLine
 10
22.9687999999999981
 20
23.7950999999999979
 30
0
 11
23.2687999999999988
 21
23.7950999999999979
 31
0
  0
LINE
  5
DA
330
1C
100
AcDbEntity
  8
F.Fab
  6
CONTINUOUS
100
AcDbLine
 10
23.2687999999999988
 20
23.7950999999999979
 30
0
 11
23.2687999999999988
 21
23.1951999999999998
 31
0
  0
LINE
  5
DB
330
1C
100
AcDbEntity
  8
F.Fab
  6
CONTINUOUS
100
AcDbLine
 10
23.504999999999999
 20
31.0670000000000002
 30
0
 11
21.5749999999999993
 21
31.0670000000000002
 31
0
  0
LINE
  5
DC
330
1C
100
AcDbEntity
  8
F.Fab
  6
CONTINUOUS
100
AcDbLine
 10
23.504999999999999
 20
29.4929999999999986
 30
0
 11
21.5749999999999993
 21
29.4929999999999986
 31
0
  0
LINE
  5
DD
330
1C
100
AcDbEntity
  8
F.Fab
  6
CONTINUOUS
100
AcDbLine
 10
21.5883000000000003
 20
29.4290999999999983
 30
0
 11
20.8382000000000005
 21
29.4290999999999983
 31
0
  0
LINE
  5
DE
330
1C
100
AcDbEntity
  8
F.Fab
  6
CONTINUOUS
100
AcDbLine
 10
20.8382000000000005
 20
29.4290999999999983
 30
0
 11
20.8382000000000005
 21
31.1290999999999976
 31
0
  0
LINE
  5
DF
330
1C
100
AcDbEntity
  8
F.Fab
  6
CONTINUOUS
100
AcDbLine
 10
20.8382000000000005
 20
31.1290999999999976
 30
0
 11
21.5883000000000003
 21
31.1290999999999976
 31
0
  0
LINE
  5
E0
330
1C
100
AcDbEntity
  8
F.Fab
  6
CONTINUOUS
100
AcDbLine
 10
21.5883000000000003
 20
31.1290999999999976
 30
0
 11
21.5883000000000003
 21
29.4290999999999983
 31
0
  0
LINE
  5
E1
330
1C
100
AcDbEntity
  8
F.Fab
  6
CONTINUOUS
100
AcDbLine
 10
24.2417999999999978
 20
29.4308999999999976
 30
0
 11
23.491699999999998
 21
29.4308999999999976
 31
0
  0
LINE
  5
E2
330
1C
100
AcDbEntity
  8
F.Fab
  6
CONTINUOUS
100
AcDbLine
 10
23.491699999999998
 20
29.4308999999999976
 30
0
 11
23.491699999999998
 21
31.1308999999999969
 31
0
  0
LINE
  5
E3
330
1C
100
AcDbEntity
  8
F.Fab
  6
CONTINUOUS
100
AcDbLine
 10
23.491699999999998
 20
31.1308999999999969
 30
0
 11
24.2417999999999978
 21
31.1308999999999969
 31
0
  0
LINE
  5
E4
330
1C
100
AcDbEntity
  8
F.Fab
  6
CONTINUOUS
100
AcDbLine
 10
24.2417999999999978
 20
31.1308999999999969
 30
0
 11
24.2417999999999978
 21
29.4308999999999976
 31
0
  0
LINE
  5
E5
330
1C
100
AcDbEntity
  8
F.Fab
  6
CONTINUOUS
100
AcDbLine
 10
11.8949999999999996
 20
17.9239999999999995
 30
0
 11
12.3849999999999998
 21
17.9239999999999995
 31
0
  0
LINE
  5
E6
330
1C
100
AcDbEntity
  8
F.Fab
  6
CONTINUOUS
100
AcDbLine
 10
12.3849999999999998
 20
17.4759999999999991
 30
0
 11
11.8949999999999996
 21
17.4759999999999991
 31
0
  0
LINE
  5
E7
330
1C
100
AcDbEntity
  8
F.Fab
  6
CONTINUOUS
100
AcDbLine
 10
11.8859999999999992
 20
17.3951999999999991
 30
0
 11
11.5860000000000003
 21
17.3951999999999991
 31
0
  0
LINE
  5
E8
330
1C
100
AcDbEntity
  8
F.Fab
  6
CONTINUOUS
100
AcDbLine
 10
11.5860000000000003
 20
17.3951999999999991
 30
0
 11
11.5860000000000003
 21
17.9951000000000008
 31
0
  0
LINE
  5
E9
330
1C
100
AcDbEntity
  8
F.Fab
  6
CONTINUOUS
100
AcDbLine
 10
11.5860000000000003
 20
17.9951000000000008
 30
0
 11
11.8859999999999992
 21
17.9951000000000008
 31
0
  0
LINE
  5
EA
330
1C
100
AcDbEntity
  8
F.Fab
  6
CONTINUOUS
100
AcDbLine
 10
11.8859999999999992
 20
17.9951000000000008
 30
0
 11
11.8859999999999992
 21
17.3951999999999991
 31
0
  0
LINE
  5
EB
330
1C
100
AcDbEntity
  8
F.Fab
  6
CONTINUOUS
100
AcDbLine
 10
12.6988000000000003
 20
17.3951999999999991
 30
0
 11
12.3987999999999996
 21
17.3951999999999991
 31
0
  0
LINE
  5
EC
330
1C
100
AcDbEntity
  8
F.Fab
  6
CONTINUOUS
100
AcDbLine
 10
12.3987999999999996
 20
17.3951999999999991
 30
0
 11
12.3987999999999996
 21
17.9951000000000008
 31
0
  0
LINE
  5
ED
330
1C
100
AcDbEntity
  8
F.Fab
  6
CONTINUOUS
100
AcDbLine
 10
12.3987999999999996
 20
17.9951000000000008
 30
0
 11
12.6988000000000003
 21
17.9951000000000008
 31
0
  0
LINE
  5
EE
330
1C
100
AcDbEntity
  8
F.Fab
  6
CONTINUOUS
100
AcDbLine
 10
12.6988000000000003
 20
17.9951000000000008
 30
0
 11
12.6988000000000003
 21
17.3951999999999991
 31
0
  0
LINE
  5
EF
330
1C
100
AcDbEntity
  8
F.Fab
  6
CONTINUOUS
100
AcDbLine
 10
9.0549999999999997
 20
20.2439999999999998
 30
0
 11
9.5449999999999999
 21
20.2439999999999998
 31
0
  0
LINE
  5
F0
330
1C
100
AcDbEntity
  8
F.Fab
  6
CONTINUOUS
100
AcDbLine
 10
9.5449999999999999
 20
19.7959999999999994
 30
0
 11
9.0549999999999997
 21
19.7959999999999994
 31
0
  0
LINE
  5
F1
330
1C
100
AcDbEntity
  8
F.Fab
  6
CONTINUOUS
100
AcDbLine
 10
9.0459999999999994
 20
19.7151999999999994
 30
0
 11
8.7460000000000004
 21
19.7151999999999994
 31
0
  0
LINE
  5
F2
330
1C
100
AcDbEntity
  8
F.Fab
  6
CONTINUOUS
100
AcDbLine
 10
8.7460000000000004
 20
19.7151999999999994
 30
0
 11
8.7460000000000004
 21
20.3150999999999975
 31
0
  0
LINE
  5
F3
330
1C
100
AcDbEntity
  8
F.Fab
  6
CONTINUOUS
100
AcDbLine
 10
8.7460000000000004
 20
20.3150999999999975
 30
0
 11
9.0459999999999994
 21
20.3150999999999975
 31
0
  0
LINE
  5
F4
330
1C
100
AcDbEntity
  8
F.Fab
  6
CONTINUOUS
100
AcDbLine
 10
9.0459999999999994
 20
20.3150999999999975
 30
0
 11
9.0459999999999994
 21
19.7151999999999994
 31
0
  0
LINE
  5
F5
330
1C
100
AcDbEntity
  8
F.Fab
  6
CONTINUOUS
100
AcDbLine
 10
9.8587999999999987
 20
19.7151999999999994
 30
0
 11
9.5587999999999997
 21
19.7151999999999994
 31
0
  0
LINE
  5
F6
330
1C
100
AcDbEntity
  8
F.Fab
  6
CONTINUOUS
100
AcDbLine
 10
9.5587999999999997
 20
19.7151999999999994
 30
0
 11
9.5587999999999997
 21
20.3150999999999975
 31
0
  0
LINE
  5
F7
330
1C
100
AcDbEntity
  8
F.Fab
  6
CONTINUOUS
100
AcDbLine
 10
9.5587999999999997
 20
20.3150999999999975
 30
0
 11
9.8587999999999987
 21
20.3150999999999975
 31
0
  0
LINE
  5
F8
330
1C
100
AcDbEntity
  8
F.Fab
  6
CONTINUOUS
100
AcDbLine
 10
9.8587999999999987
 20
20.3150999999999975
 30
0
 11
9.8587999999999987
 21
19.7151999999999994
 31
0
  0
LINE
  5
F9
330
1C
100
AcDbEntity
  8
F.Fab
  6
CONTINUOUS
100
AcDbLine
 10
13.6999999999999993
 20
15.8999999999999986
 30
0
 11
18.6999999999999993
 21
15.8999999999999986
 31
0
  0
LINE
  5
FA
330
1C
100
AcDbEntity
  8
F.Fab
  6
CONTINUOUS
100
AcDbLine
 10
13.6999999999999993
 20
10.9000000000000004
 30
0
 11
13.6999999999999993
 21
15.8999999999999986
 31
0
  0
LINE
  5
FB
330
1C
100
AcDbEntity
  8
F.Fab
  6
CONTINUOUS
100
AcDbLine
 10
18.6999999999999993
 20
15.8999999999999986
 30
0
 11
18.6999999999999993
 21
10.9000000000000004
 31
0
  0
LINE
  5
FC
330
1C
100
AcDbEntity
  8
F.Fab
  6
CONTINUOUS
100
AcDbLine
 10
18.6999999999999993
 20
10.9000000000000004
 30
0
 11
13.6999999999999993
 21
10.9000000000000004
 31
0
  0
LINE
  5
FD
330
1C
100
AcDbEntity
  8
F.Fab
  6
CONTINUOUS
100
AcDbLine
 10
25.7149999999999999
 20
24.2069999999999972
 30
0
 11
27.6449999999999996
 21
24.2069999999999972
 31
0
  0
LINE
  5
FE
330
1C
100
AcDbEntity
  8
F.Fab
  6
CONTINUOUS
100
AcDbLine
 10
25.7149999999999999
 20
22.6329999999999991
 30
0
 11
27.6449999999999996
 21
22.6329999999999991
 31
0
  0
LINE
  5
FF
330
1C
100
AcDbEntity
  8
F.Fab
  6
CONTINUOUS
100
AcDbLine
 10
25.7282999999999973
 20
22.5690999999999988
 30
0
 11
24.9781999999999975
 21
22.5690999999999988
 31
0
  0
LINE
  5
100
330
1C
100
AcDbEntity
  8
F.Fab
  6
CONTINUOUS
100
AcDbLine
 10
24.9781999999999975
 20
22.5690999999999988
 30
0
 11
24.9781999999999975
 21
24.2690999999999981
 31
0
  0
LINE
  5
101
330
1C
100
AcDbEntity
  8
F.Fab
  6
CONTINUOUS
100
AcDbLine
 10
24.9781999999999975
 20
24.2690999999999981
 30
0
 11
25.7282999999999973
 21
24.2690999999999981
 31
0
  0
LINE
  5
102
330
1C
100
AcDbEntity
  8
F.Fab
  6
CONTINUOUS
100
AcDbLine
 10
25.7282999999999973
 20
24.2690999999999981
 30
0
 11
25.7282999999999973
 21
22.5690999999999988
 31
0
  0
LINE
  5
103
330
1C
100
AcDbEntity
  8
F.Fab
  6
CONTINUOUS
100
AcDbLine
 10
28.3817999999999984
 20
22.5708999999999982
 30
0
 11
27.6316999999999986
 21
22.5708999999999982
 31
0
  0
LINE
  5
104
330
1C
100
AcDbEntity
  8
F.Fab
  6
CONTINUOUS
100
AcDbLine
 10
27.6316999999999986
 20
22.5708999999999982
 30
0
 11
27.6316999999999986
 21
24.2708999999999975
 31
0
  0
LINE
  5
105
330
1C
100
AcDbEntity
  8
F.Fab
  6
CONTINUOUS
100
AcDbLine
 10
27.6316999999999986
 20
24.2708999999999975
 30
0
 11
28.3817999999999984
 21
24.2708999999999975
 31
0
  0
LINE
  5
106
330
1C
100
AcDbEntity
  8
F.Fab
  6
CONTINUOUS
100
AcDbLine
 10
28.3817999999999984
 20
24.2708999999999975
 30
0
 11
28.3817999999999984
 21
22.5708999999999982
 31
0
  0
LINE
  5
107
330
1C
100
AcDbEntity
  8
F.Fab
  6
CONTINUOUS
100
AcDbLine
 10
19.8350000000000009
 20
16.3049999999999997
 30
0
 11
28.7049999999999983
 21
16.3049999999999997
 31
0
  0
LINE
  5
108
330
1C
100
AcDbEntity
  8
F.Fab
  6
CONTINUOUS
100
AcDbLine
 10
19.8350000000000009
 20
7.4349999999999996
 30
0
 11
19.8350000000000009
 21
16.3049999999999997
 31
0
  0
LINE
  5
109
330
1C
100
AcDbEntity
  8
F.Fab
  6
CONTINUOUS
100
AcDbLine
 10
21.2729999999999997
 20
14.8669999999999991
 30
0
 11
27.2669999999999995
 21
14.8669999999999991
 31
0
  0
LINE
  5
10A
330
1C
100
AcDbEntity
  8
F.Fab
  6
CONTINUOUS
100
AcDbLine
 10
21.2729999999999997
 20
8.8729999999999993
 30
0
 11
21.2729999999999997
 21
14.8669999999999991
 31
0
  0
LINE
  5
10B
330
1C
100
AcDbEntity
  8
F.Fab
  6
CONTINUOUS
100
AcDbLine
 10
27.2669999999999995
 20
14.8669999999999991
 30
0
 11
27.2669999999999995
 21
8.8729999999999993
 31
0
  0
LINE
  5
10C
330
1C
100
AcDbEntity
  8
F.Fab
  6
CONTINUOUS
100
AcDbLine
 10
27.2669999999999995
 20
8.8729999999999993
 30
0
 11
21.2729999999999997
 21
8.8729999999999993
 31
0
  0
LINE
  5
10D
330
1C
100
AcDbEntity
  8
F.Fab
  6
CONTINUOUS
100
AcDbLine
 10
28.7049999999999983
 20
16.3049999999999997
 30
0
 11
28.7049999999999983
 21
7.4349999999999996
 31
0
  0
LINE
  5
10E
330
1C
100
AcDbEntity
  8
F.Fab
  6
CONTINUOUS
100
AcDbLine
 10
28.7049999999999983
 20
7.4349999999999996
 30
0
 11
19.8350000000000009
 21
7.4349999999999996
 31
0
  0
LINE
  5
10F
330
1C
100
AcDbEntity
  8
F.Fab
  6
CONTINUOUS
100
AcDbLine
 10
18.375
 20
26.3039999999999985
 30
0
 11
18.8649999999999984
 21
26.3039999999999985
 31
0
  0
LINE
  5
110
330
1C
100
AcDbEntity
  8
F.Fab
  6
CONTINUOUS
100
AcDbLine
 10
18.8649999999999984
 20
25.8559999999999981
 30
0
 11
18.375
 21
25.8559999999999981
 31
0
  0
LINE
  5
111
330
1C
100
AcDbEntity
  8
F.Fab
  6
CONTINUOUS
100
AcDbLine
 10
18.3612000000000002
 20
25.7849000000000004
 30
0
 11
18.0611999999999995
 21
25.7849000000000004
 31
0
  0
LINE
  5
112
330
1C
100
AcDbEntity
  8
F.Fab
  6
CONTINUOUS
100
AcDbLine
 10
18.0611999999999995
 20
25.7849000000000004
 30
0
 11
18.0611999999999995
 21
26.3847999999999985
 31
0
  0
LINE
  5
113
330
1C
100
AcDbEntity
  8
F.Fab
  6
CONTINUOUS
100
AcDbLine
 10
18.0611999999999995
 20
26.3847999999999985
 30
0
 11
18.3612000000000002
 21
26.3847999999999985
 31
0
  0
LINE
  5
114
330
1C
100
AcDbEntity
  8
F.Fab
  6
CONTINUOUS
100
AcDbLine
 10
18.3612000000000002
 20
26.3847999999999985
 30
0
 11
18.3612000000000002
 21
25.7849000000000004
 31
0
  0
LINE
  5
115
330
1C
100
AcDbEntity
  8
F.Fab
  6
CONTINUOUS
100
AcDbLine
 10
19.1739999999999995
 20
25.7849000000000004
 30
0
 11
18.8739999999999988
 21
25.7849000000000004
 31
0
  0
LINE
  5
116
330
1C
100
AcDbEntity
  8
F.Fab
  6
CONTINUOUS
100
AcDbLine
 10
18.8739999999999988
 20
25.7849000000000004
 30
0
 11
18.8739999999999988
 21
26.3847999999999985
 31
0
  0
LINE
  5
117
330
1C
100
AcDbEntity
  8
F.Fab
  6
CONTINUOUS
100
AcDbLine
 10
18.8739999999999988
 20
26.3847999999999985
 30
0
 11
19.1739999999999995
 21
26.3847999999999985
 31
0
  0
LINE
  5
118
330
1C
100
AcDbEntity
  8
F.Fab
  6
CONTINUOUS
100
AcDbLine
 10
19.1739999999999995
 20
26.3847999999999985
 30
0
 11
19.1739999999999995
 21
25.7849000000000004
 31
0
  0
LINE
  5
119
330
1C
100
AcDbEntity
  8
F.Fab
  6
CONTINUOUS
100
AcDbLine
 10
18.125
 20
30.5239999999999974
 30
0
 11
18.6149999999999984
 21
30.5239999999999974
 31
0
  0
LINE
  5
11A
330
1C
100
AcDbEntity
  8
F.Fab
  6
CONTINUOUS
100
AcDbLine
 10
18.6149999999999984
 20
30.075999999999997
 30
0
 11
18.125
 21
30.075999999999997
 31
0
  0
LINE
  5
11B
330
1C
100
AcDbEntity
  8
F.Fab
  6
CONTINUOUS
100
AcDbLine
 10
18.1112000000000002
 20
30.0048999999999992
 30
0
 11
17.8111999999999995
 21
30.0048999999999992
 31
0
  0
LINE
  5
11C
330
1C
100
AcDbEntity
  8
F.Fab
  6
CONTINUOUS
100
AcDbLine
 10
17.8111999999999995
 20
30.0048999999999992
 30
0
 11
17.8111999999999995
 21
30.6047999999999973
 31
0
  0
LINE
  5
11D
330
1C
100
AcDbEntity
  8
F.Fab
  6
CONTINUOUS
100
AcDbLine
 10
17.8111999999999995
 20
30.6047999999999973
 30
0
 11
18.1112000000000002
 21
30.6047999999999973
 31
0
  0
LINE
  5
11E
330
1C
100
AcDbEntity
  8
F.Fab
  6
CONTINUOUS
100
AcDbLine
 10
18.1112000000000002
 20
30.6047999999999973
 30
0
 11
18.1112000000000002
 21
30.0048999999999992
 31
0
  0
LINE
  5
11F
330
1C
100
AcDbEntity
  8
F.Fab
  6
CONTINUOUS
100
AcDbLine
 10
18.9239999999999995
 20
30.0048999999999992
 30
0
 11
18.6239999999999988
 21
30.0048999999999992
 31
0
  0
LINE
  5
120
330
1C
100
AcDbEntity
  8
F.Fab
  6
CONTINUOUS
100
AcDbLine
 10
18.6239999999999988
 20
30.0048999999999992
 30
0
 11
18.6239999999999988
 21
30.6047999999999973
 31
0
  0
LINE
  5
121
330
1C
100
AcDbEntity
  8
F.Fab
  6
CONTINUOUS
100
AcDbLine
 10
18.6239999999999988
 20
30.6047999999999973
 30
0
 11
18.9239999999999995
 21
30.6047999999999973
 31
0
  0
LINE
  5
122
330
1C
100
AcDbEntity
  8
F.Fab
  6
CONTINUOUS
100
AcDbLine
 10
18.9239999999999995
 20
30.6047999999999973
 30
0
 11
18.9239999999999995
 21
30.0048999999999992
 31
0
  0
LINE
  5
123
330
1C
100
AcDbEntity
  8
F.Fab
  6
CONTINUOUS
100
AcDbLine
 10
24.0150000000000006
 20
20.3439999999999976
 30
0
 11
24.504999999999999
 21
20.3439999999999976
 31
0
  0
LINE
  5
124
330
1C
100
AcDbEntity
  8
F.Fab
  6
CONTINUOUS
100
AcDbLine
 10
24.504999999999999
 20
19.8960000000000008
 30
0
 11
24.0150000000000006
 21
19.8960000000000008
 31
0
  0
LINE
  5
125
330
1C
100
AcDbEntity
  8
F.Fab
  6
CONTINUOUS
100
AcDbLine
 10
24.0060000000000002
 20
19.8152000000000008
 30
0
 11
23.7059999999999995
 21
19.8152000000000008
 31
0
  0
LINE
  5
126
330
1C
100
AcDbEntity
  8
F.Fab
  6
CONTINUOUS
100
AcDbLine
 10
23.7059999999999995
 20
19.8152000000000008
 30
0
 11
23.7059999999999995
 21
20.4150999999999989
 31
0
  0
LINE
  5
127
330
1C
100
AcDbEntity
  8
F.Fab
  6
CONTINUOUS
100
AcDbLine
 10
23.7059999999999995
 20
20.4150999999999989
 30
0
 11
24.0060000000000002
 21
20.4150999999999989
 31
0
  0
LINE
  5
128
330
1C
100
AcDbEntity
  8
F.Fab
  6
CONTINUOUS
100
AcDbLine
 10
24.0060000000000002
 20
20.4150999999999989
 30
0
 11
24.0060000000000002
 21
19.8152000000000008
 31
0
  0
LINE
  5
129
330
1C
100
AcDbEntity
  8
F.Fab
  6
CONTINUOUS
100
AcDbLine
 10
24.8187999999999995
 20
19.8152000000000008
 30
0
 11
24.5187999999999988
 21
19.8152000000000008
 31
0
  0
LINE
  5
12A
330
1C
100
AcDbEntity
  8
F.Fab
  6
CONTINUOUS
100
AcDbLine
 10
24.5187999999999988
 20
19.8152000000000008
 30
0
 11
24.5187999999999988
 21
20.4150999999999989
 31
0
  0
LINE
  5
12B
330
1C
100
AcDbEntity
  8
F.Fab
  6
CONTINUOUS
100
AcDbLine
 10
24.5187999999999988
 20
20.4150999999999989
 30
0
 11
24.8187999999999995
 21
20.4150999999999989
 31
0
  0
LINE
  5
12C
330
1C
100
AcDbEntity
  8
F.Fab
  6
CONTINUOUS
100
AcDbLine
 10
24.8187999999999995
 20
20.4150999999999989
 30
0
 11
24.8187999999999995
 21
19.8152000000000008
 31
0
  0
LINE
  5
12D
330
1C
100
AcDbEntity
  8
F.Fab
  6
CONTINUOUS
100
AcDbLine
 10
21.004999999999999
 20
18.3439999999999976
 30
0
 11
21.4949999999999974
 21
18.3439999999999976
 31
0
  0
LINE
  5
12E
330
1C
100
AcDbEntity
  8
F.Fab
  6
CONTINUOUS
100
AcDbLine
 10
21.4949999999999974
 20
17.8960000000000008
 30
0
 11
21.004999999999999
 21
17.8960000000000008
 31
0
  0
LINE
  5
12F
330
1C
100
AcDbEntity
  8
F.Fab
  6
CONTINUOUS
100
AcDbLine
 10
20.9959999999999987
 20
17.8152000000000008
 30
0
 11
20.695999999999998
 21
17.8152000000000008
 31
0
  0
LINE
  5
130
330
1C
100
AcDbEntity
  8
F.Fab
  6
CONTINUOUS
100
AcDbLine
 10
20.695999999999998
 20
17.8152000000000008
 30
0
 11
20.695999999999998
 21
18.4150999999999989
 31
0
  0
LINE
  5
131
330
1C
100
AcDbEntity
  8
F.Fab
  6
CONTINUOUS
100
AcDbLine
 10
20.695999999999998
 20
18.4150999999999989
 30
0
 11
20.9959999999999987
 21
18.4150999999999989
 31
0
  0
LINE
  5
132
330
1C
100
AcDbEntity
  8
F.Fab
  6
CONTINUOUS
100
AcDbLine
 10
20.9959999999999987
 20
18.4150999999999989
 30
0
 11
20.9959999999999987
 21
17.8152000000000008
 31
0
  0
LINE
  5
133
330
1C
100
AcDbEntity
  8
F.Fab
  6
CONTINUOUS
100
AcDbLine
 10
21.808799999999998
 20
17.8152000000000008
 30
0
 11
21.5087999999999973
 21
17.8152000000000008
 31
0
  0
LINE
  5
134
330
1C
100
AcDbEntity
  8
F.Fab
  6
CONTINUOUS
100
AcDbLine
 10
21.5087999999999973
 20
17.8152000000000008
 30
0
 11
21.5087999999999973
 21
18.4150999999999989
 31
0
  0
LINE
  5
135
330
1C
100
AcDbEntity
  8
F.Fab
  6
CONTINUOUS
100
AcDbLine
 10
21.5087999999999973
 20
18.4150999999999989
 30
0
 11
21.808799999999998
 21
18.4150999999999989
 31
0
  0
LINE
  5
136
330
1C
100
AcDbEntity
  8
F.Fab
  6
CONTINUOUS
100
AcDbLine
 10
21.808799999999998
 20
18.4150999999999989
 30
0
 11
21.808799999999998
 21
17.8152000000000008
 31
0
  0
LINE
  5
137
330
1C
100
AcDbEntity
  8
F.Fab
  6
CONTINUOUS
100
AcDbLine
 10
14.7759999999999998
 20
21.134999999999998
 30
0
 11
14.7759999999999998
 21
21.625
 31
0
  0
LINE
  5
138
330
1C
100
AcDbEntity
  8
F.Fab
  6
CONTINUOUS
100
AcDbLine
 10
15.2240000000000002
 20
21.625
 30
0
 11
15.2240000000000002
 21
21.134999999999998
 31
0
  0
LINE
  5
139
330
1C
100
AcDbEntity
  8
F.Fab
  6
CONTINUOUS
100
AcDbLine
 10
15.2950999999999997
 20
21.6340000000000003
 30
0
 11
14.6951999999999998
 21
21.6340000000000003
 31
0
  0
LINE
  5
13A
330
1C
100
AcDbEntity
  8
F.Fab
  6
CONTINUOUS
100
AcDbLine
 10
14.6951999999999998
 20
21.6340000000000003
 30
0
 11
14.6951999999999998
 21
21.9339999999999975
 31
0
  0
LINE
  5
13B
330
1C
100
AcDbEntity
  8
F.Fab
  6
CONTINUOUS
100
AcDbLine
 10
14.6951999999999998
 20
21.9339999999999975
 30
0
 11
15.2950999999999997
 21
21.9339999999999975
 31
0
  0
LINE
  5
13C
330
1C
100
AcDbEntity
  8
F.Fab
  6
CONTINUOUS
100
AcDbLine
 10
15.2950999999999997
 20
21.9339999999999975
 30
0
 11
15.2950999999999997
 21
21.6340000000000003
 31
0
  0
LINE
  5
13D
330
1C
100
AcDbEntity
  8
F.Fab
  6
CONTINUOUS
100
AcDbLine
 10
15.2950999999999997
 20
20.8211999999999975
 30
0
 11
14.6951999999999998
 21
20.8211999999999975
 31
0
  0
LINE
  5
13E
330
1C
100
AcDbEntity
  8
F.Fab
  6
CONTINUOUS
100
AcDbLine
 10
14.6951999999999998
 20
20.8211999999999975
 30
0
 11
14.6951999999999998
 21
21.1211999999999982
 31
0
  0
LINE
  5
13F
330
1C
100
AcDbEntity
  8
F.Fab
  6
CONTINUOUS
100
AcDbLine
 10
14.6951999999999998
 20
21.1211999999999982
 30
0
 11
15.2950999999999997
 21
21.1211999999999982
 31
0
  0
LINE
  5
140
330
1C
100
AcDbEntity
  8
F.Fab
  6
CONTINUOUS
100
AcDbLine
 10
15.2950999999999997
 20
21.1211999999999982
 30
0
 11
15.2950999999999997
 21
20.8211999999999975
 31
0
  0
LINE
  5
141
330
1C
100
AcDbEntity
  8
F.Fab
  6
CONTINUOUS
100
AcDbLine
 10
15.3849999999999998
 20
23.6039999999999992
 30
0
 11
15.875
 21
23.6039999999999992
 31
0
  0
LINE
  5
142
330
1C
100
AcDbEntity
  8
F.Fab
  6
CONTINUOUS
100
AcDbLine
 10
15.875
 20
23.1559999999999988
 30
0
 11
15.3849999999999998
 21
23.1559999999999988
 31
0
  0
LINE
  5
143
330
1C
100
AcDbEntity
  8
F.Fab
  6
CONTINUOUS
100
AcDbLine
 10
15.3712
 20
23.0848999999999975
 30
0
 11
15.0711999999999993
 21
23.0848999999999975
 31
0
  0
LINE
  5
144
330
1C
100
AcDbEntity
  8
F.Fab
  6
CONTINUOUS
100
AcDbLine
 10
15.0711999999999993
 20
23.0848999999999975
 30
0
 11
15.0711999999999993
 21
23.6847999999999992
 31
0
  0
LINE
  5
145
330
1C
100
AcDbEntity
  8
F.Fab
  6
CONTINUOUS
100
AcDbLine
 10
15.0711999999999993
 20
23.6847999999999992
 30
0
 11
15.3712
 21
23.6847999999999992
 31
0
  0
LINE
  5
146
330
1C
100
AcDbEntity
  8
F.Fab
  6
CONTINUOUS
100
AcDbLine
 10
15.3712
 20
23.6847999999999992
 30
0
 11
15.3712
 21
23.0848999999999975
 31
0
  0
LINE
  5
147
330
1C
100
AcDbEntity
  8
F.Fab
  6
CONTINUOUS
100
AcDbLine
 10
16.1839999999999975
 20
23.0848999999999975
 30
0
 11
15.8839999999999986
 21
23.0848999999999975
 31
0
  0
LINE
  5
148
330
1C
100
AcDbEntity
  8
F.Fab
  6
CONTINUOUS
100
AcDbLine
 10
15.8839999999999986
 20
23.0848999999999975
 30
0
 11
15.8839999999999986
 21
23.6847999999999992
 31
0
  0
LINE
  5
149
330
1C
100
AcDbEntity
  8
F.Fab
  6
CONTINUOUS
100
AcDbLine
 10
15.8839999999999986
 20
23.6847999999999992
 30
0
 11
16.1839999999999975
 21
23.6847999999999992
 31
0
  0
LINE
  5
14A
330
1C
100
AcDbEntity
  8
F.Fab
  6
CONTINUOUS
100
AcDbLine
 10
16.1839999999999975
 20
23.6847999999999992
 30
0
 11
16.1839999999999975
 21
23.0848999999999975
 31
0
  0
CIRCLE
  5
14B
330
1C
100
AcDbEntity
  8
F.Fab
100
AcDbCircle
 10
2.6000000000000001
 20
38.
 30
0
 40
1.5999989999999999
  0
CIRCLE
  5
14C
330
1C
100
AcDbEntity
  8
F.Fab
100
AcDbCircle
 10
24.8645999999999994
 20
52.5999999999999943
 30
0
 40
0.6604
  0
CIRCLE
  5
14D
330
1C
100
AcDbEntity
  8
F.Fab
100
AcDbCircle
 10
19.8607999999999976
 20
52.5999999999999943
 30
0
 40
0.6604
  0
CIRCLE
  5
14E
330
1C
100
AcDbEntity
  8
F.Fab
100
AcDbCircle
 10
32.3999999999999986
 20
2.6000000000000001
 30
0
 40
1.5999989999999999
  0
CIRCLE
  5
14F
330
1C
100
AcDbEntity
  8
F.Fab
100
AcDbCircle
 10
5.5099999999999998
 20
14.4100000000000001
 30
0
 40
0.5969
  0
CIRCLE
  5
150
330
1C
100
AcDbEntity
  8
F.Fab
100
AcDbCircle
 10
5.5099999999999998
 20
9.3300000000000001
 30
0
 40
0.5969
  0
CIRCLE
  5
151
330
1C
100
AcDbEntity
  8
F.Fab
100
AcDbCircle
 10
10.5899999999999999
 20
9.3300000000000001
 30
0
 40
0.5969
  0
CIRCLE
  5
152
330
1C
100
AcDbEntity
  8
F.Fab
100
AcDbCircle
 10
10.5899999999999999
 20
14.4100000000000001
 30
0
 40
0.5969
  0
CIRCLE
  5
153
330
1C
100
AcDbEntity
  8
F.Fab
100
AcDbCircle
 10
8.7999999999999989
 20
30.8499999999999979
 30
0
 40
0.5
  0
CIRCLE
  5
154
330
1C
100
AcDbEntity
  8
F.Fab
100
AcDbCircle
 10
8.7999999999999989
 20
28.3099999999999987
 30
0
 40
0.5
  0
CIRCLE
  5
155
330
1C
100
AcDbEntity
  8
F.Fab
100
AcDbCircle
 10
32.3999999999999986
 20
57.3999999999999986
 30
0
 40
1.5999989999999999
  0
CIRCLE
  5
156
330
1C
100
AcDbEntity
  8
F.Fab
100
AcDbCircle
 10
17.5
 20
2.6000000000000001
 30
0
 40
1.5999989999999999
  0
CIRCLE
  5
157
330
1C
100
AcDbEntity
  8
F.Fab
100
AcDbCircle
 10
32.3999999999999986
 20
38.
 30
0
 40
1.5999989999999999
  0
CIRCLE
  5
158
330
1C
100
AcDbEntity
  8
F.Fab
100
AcDbCircle
 10
2.6000000000000001
 20
2.6000000000000001
 30
0
 40
1.5999989999999999
  0
CIRCLE
  5
159
330
1C
100
AcDbEntity
  8
F.Fab
100
AcDbCircle
 10
26.8099999999999987
 20
14.4100000000000001
 30
0
 40
0.5969
  0
CIRCLE
  5
15A
330
1C
100
AcDbEntity
  8
F.Fab
100
AcDbCircle
 10
21.7300000000000004
 20
14.4100000000000001
 30
0
 40
0.5969
  0
CIRCLE
  5
15B
330
1C
100
AcDbEntity
  8
F.Fab
100
AcDbCircle
 10
21.7300000000000004
 20
9.3300000000000001
 30
0
 40
0.5969
  0
CIRCLE
  5
15C
330
1C
100
AcDbEntity
  8
F.Fab
100
AcDbCircle
 10
26.8099999999999987
 20
9.3300000000000001
 30
0
 40
0.5969
  0
CIRCLE
  5
15D
330
1C
100
AcDbEntity
  8
F.Fab
100
AcDbCircle
 10
15.7999999999999989
 20
43.6400000000000006
 30
0
 40
0.5
  0
CIRCLE
  5
15E
330
1C
100
AcDbEntity
  8
F.Fab
100
AcDbCircle
 10
15.7999999999999989
 20
41.1000000000000014
 30
0
 40
0.5
  0
CIRCLE
  5
15F
330
1C
100
AcDbEntity
  8
F.Fab
100
AcDbCircle
 10
15.7999999999999989
 20
38.5599999999999952
 30
0
 40
0.5
  0
CIRCLE
  5
160
330
1C
100
AcDbEntity
  8
F.Fab
100
AcDbCircle
 10
2.6000000000000001
 20
57.3999999999999986
 30
0
 40
1.5999989999999999
  0
LINE
  5
161
330
1C
100
AcDbEntity
  8
F.Silkscreen
  6
CONTINUOUS
100
AcDbLine
 10
20.0478149999999999
 20
37.4986949999999979
 30
0
 11
20.0697200000000002
 21
37.4767909999999986
 31
0
  0
LINE
  5
162
330
1C
100
AcDbEntity
  8
F.Silkscreen
  6
CONTINUOUS
100
AcDbLine
 10
20.0697200000000002
 20
37.4767909999999986
 30
0
 11
20.0916239999999995
 21
37.4110760000000013
 31
0
  0
LINE
  5
163
330
1C
100
AcDbEntity
  8
F.Silkscreen
  6
CONTINUOUS
100
AcDbLine
 10
20.0916239999999995
 20
37.4110760000000013
 30
0
 11
20.0916239999999995
 21
37.3672669999999982
 31
0
  0
LINE
  5
164
330
1C
100
AcDbEntity
  8
F.Silkscreen
  6
CONTINUOUS
100
AcDbLine
 10
20.0916239999999995
 20
37.3672669999999982
 30
0
 11
20.0697200000000002
 21
37.3015529999999984
 31
0
  0
LINE
  5
165
330
1C
100
AcDbEntity
  8
F.Silkscreen
  6
CONTINUOUS
100
AcDbLine
 10
20.0697200000000002
 20
37.3015529999999984
 30
0
 11
20.0259099999999997
 21
37.2577429999999978
 31
0
  0
LINE
  5
166
330
1C
100
AcDbEntity
  8
F.Silkscreen
  6
CONTINUOUS
100
AcDbLine
 10
20.0259099999999997
 20
37.2577429999999978
 30
0
 11
19.9820999999999991
 21
37.2358380000000011
 31
0
  0
LINE
  5
167
330
1C
100
AcDbEntity
  8
F.Silkscreen
  6
CONTINUOUS
100
AcDbLine
 10
19.9820999999999991
 20
37.2358380000000011
 30
0
 11
19.894480999999999
 21
37.2139340000000018
 31
0
  0
LINE
  5
168
330
1C
100
AcDbEntity
  8
F.Silkscreen
  6
CONTINUOUS
100
AcDbLine
 10
19.894480999999999
 20
37.2139340000000018
 30
0
 11
19.8287669999999991
 21
37.2139340000000018
 31
0
  0
LINE
  5
169
330
1C
100
AcDbEntity
  8
F.Silkscreen
  6
CONTINUOUS
100
AcDbLine
 10
19.8287669999999991
 20
37.2139340000000018
 30
0
 11
19.741147999999999
 21
37.2358380000000011
 31
0
  0
LINE
  5
16A
330
1C
100
AcDbEntity
  8
F.Silkscreen
  6
CONTINUOUS
100
AcDbLine
 10
19.741147999999999
 20
37.2358380000000011
 30
0
 11
19.6973389999999995
 21
37.2577429999999978
 31
0
  0
LINE
  5
16B
330
1C
100
AcDbEntity
  8
F.Silkscreen
  6
CONTINUOUS
100
AcDbLine
 10
19.6973389999999995
 20
37.2577429999999978
 30
0
 11
19.6535289999999989
 21
37.3015529999999984
 31
0
  0
LINE
  5
16C
330
1C
100
AcDbEntity
  8
F.Silkscreen
  6
CONTINUOUS
100
AcDbLine
 10
19.6535289999999989
 20
37.3015529999999984
 30
0
 11
19.6316239999999986
 21
37.3672669999999982
 31
0
  0
LINE
  5
16D
330
1C
100
AcDbEntity
  8
F.Silkscreen
  6
CONTINUOUS
100
AcDbLine
 10
19.6316239999999986
 20
37.3672669999999982
 30
0
 11
19.6316239999999986
 21
37.4110760000000013
 31
0
  0
LINE
  5
16E
330
1C
100
AcDbEntity
  8
F.Silkscreen
  6
CONTINUOUS
100
AcDbLine
 10
19.6316239999999986
 20
37.4110760000000013
 30
0
 11
19.6535289999999989
 21
37.4767909999999986
 31
0
  0
LINE
  5
16F
330
1C
100
AcDbEntity
  8
F.Silkscreen
  6
CONTINUOUS
100
AcDbLine
 10
19.6535289999999989
 20
37.4767909999999986
 30
0
 11
19.6754339999999992
 21
37.4986949999999979
 31
0
  0
LINE
  5
170
330
1C
100
AcDbEntity
  8
F.Silkscreen
  6
CONTINUOUS
100
AcDbLine
 10
19.6316239999999986
 20
37.6958379999999948
 30
0
 11
20.0040049999999994
 21
37.6958379999999948
 31
0
  0
LINE
  5
171
330
1C
100
AcDbEntity
  8
F.Silkscreen
  6
CONTINUOUS
100
AcDbLine
 10
20.0040049999999994
 20
37.6958379999999948
 30
0
 11
20.0478149999999999
 21
37.7177429999999987
 31
0
  0
LINE
  5
172
330
1C
100
AcDbEntity
  8
F.Silkscreen
  6
CONTINUOUS
100
AcDbLine
 10
20.0478149999999999
 20
37.7177429999999987
 30
0
 11
20.0697200000000002
 21
37.7396479999999954
 31
0
  0
LINE
  5
173
330
1C
100
AcDbEntity
  8
F.Silkscreen
  6
CONTINUOUS
100
AcDbLine
 10
20.0697200000000002
 20
37.7396479999999954
 30
0
 11
20.0916239999999995
 21
37.7834569999999985
 31
0
  0
LINE
  5
174
330
1C
100
AcDbEntity
  8
F.Silkscreen
  6
CONTINUOUS
100
AcDbLine
 10
20.0916239999999995
 20
37.7834569999999985
 30
0
 11
20.0916239999999995
 21
37.8710759999999951
 31
0
  0
LINE
  5
175
330
1C
100
AcDbEntity
  8
F.Silkscreen
  6
CONTINUOUS
100
AcDbLine
 10
20.0916239999999995
 20
37.8710759999999951
 30
0
 11
20.0697200000000002
 21
37.9148859999999956
 31
0
  0
LINE
  5
176
330
1C
100
AcDbEntity
  8
F.Silkscreen
  6
CONTINUOUS
100
AcDbLine
 10
20.0697200000000002
 20
37.9148859999999956
 30
0
 11
20.0478149999999999
 21
37.9367909999999995
 31
0
  0
LINE
  5
177
330
1C
100
AcDbEntity
  8
F.Silkscreen
  6
CONTINUOUS
100
AcDbLine
 10
20.0478149999999999
 20
37.9367909999999995
 30
0
 11
20.0040049999999994
 21
37.9586949999999987
 31
0
  0
LINE
  5
178
330
1C
100
AcDbEntity
  8
F.Silkscreen
  6
CONTINUOUS
100
AcDbLine
 10
20.0040049999999994
 20
37.9586949999999987
 30
0
 11
19.6316239999999986
 21
37.9586949999999987
 31
0
  0
LINE
  5
179
330
1C
100
AcDbEntity
  8
F.Silkscreen
  6
CONTINUOUS
100
AcDbLine
 10
20.0916239999999995
 20
38.4405999999999963
 30
0
 11
19.8725769999999997
 21
38.2872669999999999
 31
0
  0
LINE
  5
17A
330
1C
100
AcDbEntity
  8
F.Silkscreen
  6
CONTINUOUS
100
AcDbLine
 10
20.0916239999999995
 20
38.1777429999999995
 30
0
 11
19.6316239999999986
 21
38.1777429999999995
 31
0
  0
LINE
  5
17B
330
1C
100
AcDbEntity
  8
F.Silkscreen
  6
CONTINUOUS
100
AcDbLine
 10
19.6316239999999986
 20
38.1777429999999995
 30
0
 11
19.6316239999999986
 21
38.3529809999999998
 31
0
  0
LINE
  5
17C
330
1C
100
AcDbEntity
  8
F.Silkscreen
  6
CONTINUOUS
100
AcDbLine
 10
19.6316239999999986
 20
38.3529809999999998
 30
0
 11
19.6535289999999989
 21
38.3967910000000003
 31
0
  0
LINE
  5
17D
330
1C
100
AcDbEntity
  8
F.Silkscreen
  6
CONTINUOUS
100
AcDbLine
 10
19.6535289999999989
 20
38.3967910000000003
 30
0
 11
19.6754339999999992
 21
38.4186959999999971
 31
0
  0
LINE
  5
17E
330
1C
100
AcDbEntity
  8
F.Silkscreen
  6
CONTINUOUS
100
AcDbLine
 10
19.6754339999999992
 20
38.4186959999999971
 30
0
 11
19.7192429999999987
 21
38.4405999999999963
 31
0
  0
LINE
  5
17F
330
1C
100
AcDbEntity
  8
F.Silkscreen
  6
CONTINUOUS
100
AcDbLine
 10
19.7192429999999987
 20
38.4405999999999963
 30
0
 11
19.7849579999999996
 21
38.4405999999999963
 31
0
  0
LINE
  5
180
330
1C
100
AcDbEntity
  8
F.Silkscreen
  6
CONTINUOUS
100
AcDbLine
 10
19.7849579999999996
 20
38.4405999999999963
 30
0
 11
19.8287669999999991
 21
38.4186959999999971
 31
0
  0
LINE
  5
181
330
1C
100
AcDbEntity
  8
F.Silkscreen
  6
CONTINUOUS
100
AcDbLine
 10
19.8287669999999991
 20
38.4186959999999971
 30
0
 11
19.8506719999999994
 21
38.3967910000000003
 31
0
  0
LINE
  5
182
330
1C
100
AcDbEntity
  8
F.Silkscreen
  6
CONTINUOUS
100
AcDbLine
 10
19.8506719999999994
 20
38.3967910000000003
 30
0
 11
19.8725769999999997
 21
38.3529809999999998
 31
0
  0
LINE
  5
183
330
1C
100
AcDbEntity
  8
F.Silkscreen
  6
CONTINUOUS
100
AcDbLine
 10
19.8725769999999997
 20
38.3529809999999998
 30
0
 11
19.8725769999999997
 21
38.1777429999999995
 31
0
  0
LINE
  5
184
330
1C
100
AcDbEntity
  8
F.Silkscreen
  6
CONTINUOUS
100
AcDbLine
 10
20.0916239999999995
 20
38.9005999999999972
 30
0
 11
19.8725769999999997
 21
38.7472670000000008
 31
0
  0
LINE
  5
185
330
1C
100
AcDbEntity
  8
F.Silkscreen
  6
CONTINUOUS
100
AcDbLine
 10
20.0916239999999995
 20
38.6377430000000004
 30
0
 11
19.6316239999999986
 21
38.6377430000000004
 31
0
  0
LINE
  5
186
330
1C
100
AcDbEntity
  8
F.Silkscreen
  6
CONTINUOUS
100
AcDbLine
 10
19.6316239999999986
 20
38.6377430000000004
 30
0
 11
19.6316239999999986
 21
38.8129810000000006
 31
0
  0
LINE
  5
187
330
1C
100
AcDbEntity
  8
F.Silkscreen
  6
CONTINUOUS
100
AcDbLine
 10
19.6316239999999986
 20
38.8129810000000006
 30
0
 11
19.6535289999999989
 21
38.8567910000000012
 31
0
  0
LINE
  5
188
330
1C
100
AcDbEntity
  8
F.Silkscreen
  6
CONTINUOUS
100
AcDbLine
 10
19.6535289999999989
 20
38.8567910000000012
 30
0
 11
19.6754339999999992
 21
38.8786959999999979
 31
0
  0
LINE
  5
189
330
1C
100
AcDbEntity
  8
F.Silkscreen
  6
CONTINUOUS
100
AcDbLine
 10
19.6754339999999992
 20
38.8786959999999979
 30
0
 11
19.7192429999999987
 21
38.9005999999999972
 31
0
  0
LINE
  5
18A
330
1C
100
AcDbEntity
  8
F.Silkscreen
  6
CONTINUOUS
100
AcDbLine
 10
19.7192429999999987
 20
38.9005999999999972
 30
0
 11
19.7849579999999996
 21
38.9005999999999972
 31
0
  0
LINE
  5
18B
330
1C
100
AcDbEntity
  8
F.Silkscreen
  6
CONTINUOUS
100
AcDbLine
 10
19.7849579999999996
 20
38.9005999999999972
 30
0
 11
19.8287669999999991
 21
38.8786959999999979
 31
0
  0
LINE
  5
18C
330
1C
100
AcDbEntity
  8
F.Silkscreen
  6
CONTINUOUS
100
AcDbLine
 10
19.8287669999999991
 20
38.8786959999999979
 30
0
 11
19.8506719999999994
 21
38.8567910000000012
 31
0
  0
LINE
  5
18D
330
1C
100
AcDbEntity
  8
F.Silkscreen
  6
CONTINUOUS
100
AcDbLine
 10
19.8506719999999994
 20
38.8567910000000012
 30
0
 11
19.8725769999999997
 21
38.8129810000000006
 31
0
  0
LINE
  5
18E
330
1C
100
AcDbEntity
  8
F.Silkscreen
  6
CONTINUOUS
100
AcDbLine
 10
19.8725769999999997
 20
38.8129810000000006
 30
0
 11
19.8725769999999997
 21
38.6377430000000004
 31
0
  0
LINE
  5
18F
330
1C
100
AcDbEntity
  8
F.Silkscreen
  6
CONTINUOUS
100
AcDbLine
 10
19.8506719999999994
 20
39.0977430000000012
 30
0
 11
19.8506719999999994
 21
39.2510769999999951
 31
0
  0
LINE
  5
190
330
1C
100
AcDbEntity
  8
F.Silkscreen
  6
CONTINUOUS
100
AcDbLine
 10
20.0916239999999995
 20
39.3167909999999949
 30
0
 11
20.0916239999999995
 21
39.0977430000000012
 31
0
  0
LINE
  5
191
330
1C
100
AcDbEntity
  8
F.Silkscreen
  6
CONTINUOUS
100
AcDbLine
 10
20.0916239999999995
 20
39.0977430000000012
 30
0
 11
19.6316239999999986
 21
39.0977430000000012
 31
0
  0
LINE
  5
192
330
1C
100
AcDbEntity
  8
F.Silkscreen
  6
CONTINUOUS
100
AcDbLine
 10
19.6316239999999986
 20
39.0977430000000012
 30
0
 11
19.6316239999999986
 21
39.3167909999999949
 31
0
  0
LINE
  5
193
330
1C
100
AcDbEntity
  8
F.Silkscreen
  6
CONTINUOUS
100
AcDbLine
 10
20.0916239999999995
 20
39.5139330000000015
 30
0
 11
19.6316239999999986
 21
39.5139330000000015
 31
0
  0
LINE
  5
194
330
1C
100
AcDbEntity
  8
F.Silkscreen
  6
CONTINUOUS
100
AcDbLine
 10
19.6316239999999986
 20
39.5139330000000015
 30
0
 11
20.0916239999999995
 21
39.7767899999999983
 31
0
  0
LINE
  5
195
330
1C
100
AcDbEntity
  8
F.Silkscreen
  6
CONTINUOUS
100
AcDbLine
 10
20.0916239999999995
 20
39.7767899999999983
 30
0
 11
19.6316239999999986
 21
39.7767899999999983
 31
0
  0
LINE
  5
196
330
1C
100
AcDbEntity
  8
F.Silkscreen
  6
CONTINUOUS
100
AcDbLine
 10
19.6316239999999986
 20
39.9301239999999993
 30
0
 11
19.6316239999999986
 21
40.1929809999999961
 31
0
  0
LINE
  5
197
330
1C
100
AcDbEntity
  8
F.Silkscreen
  6
CONTINUOUS
100
AcDbLine
 10
20.0916239999999995
 20
40.0615529999999964
 30
0
 11
19.6316239999999986
 21
40.0615529999999964
 31
0
  0
LINE
  5
198
330
1C
100
AcDbEntity
  8
F.Silkscreen
  6
CONTINUOUS
100
AcDbLine
 10
20.0697200000000002
 20
40.6748860000000008
 30
0
 11
20.0916239999999995
 21
40.7406000000000006
 31
0
  0
LINE
  5
199
330
1C
100
AcDbEntity
  8
F.Silkscreen
  6
CONTINUOUS
100
AcDbLine
 10
20.0916239999999995
 20
40.7406000000000006
 30
0
 11
20.0916239999999995
 21
40.850124000000001
 31
0
  0
LINE
  5
19A
330
1C
100
AcDbEntity
  8
F.Silkscreen
  6
CONTINUOUS
100
AcDbLine
 10
20.0916239999999995
 20
40.850124000000001
 30
0
 11
20.0697200000000002
 21
40.893932999999997
 31
0
  0
LINE
  5
19B
330
1C
100
AcDbEntity
  8
F.Silkscreen
  6
CONTINUOUS
100
AcDbLine
 10
20.0697200000000002
 20
40.893932999999997
 30
0
 11
20.0478149999999999
 21
40.9158380000000008
 31
0
  0
LINE
  5
19C
330
1C
100
AcDbEntity
  8
F.Silkscreen
  6
CONTINUOUS
100
AcDbLine
 10
20.0478149999999999
 20
40.9158380000000008
 30
0
 11
20.0040049999999994
 21
40.9377429999999976
 31
0
  0
LINE
  5
19D
330
1C
100
AcDbEntity
  8
F.Silkscreen
  6
CONTINUOUS
100
AcDbLine
 10
20.0040049999999994
 20
40.9377429999999976
 30
0
 11
19.9601959999999998
 21
40.9377429999999976
 31
0
  0
LINE
  5
19E
330
1C
100
AcDbEntity
  8
F.Silkscreen
  6
CONTINUOUS
100
AcDbLine
 10
19.9601959999999998
 20
40.9377429999999976
 30
0
 11
19.9163859999999993
 21
40.9158380000000008
 31
0
  0
LINE
  5
19F
330
1C
100
AcDbEntity
  8
F.Silkscreen
  6
CONTINUOUS
100
AcDbLine
 10
19.9163859999999993
 20
40.9158380000000008
 30
0
 11
19.894480999999999
 21
40.893932999999997
 31
0
  0
LINE
  5
1A0
330
1C
100
AcDbEntity
  8
F.Silkscreen
  6
CONTINUOUS
100
AcDbLine
 10
19.894480999999999
 20
40.893932999999997
 30
0
 11
19.8725769999999997
 21
40.850124000000001
 31
0
  0
LINE
  5
1A1
330
1C
100
AcDbEntity
  8
F.Silkscreen
  6
CONTINUOUS
100
AcDbLine
 10
19.8725769999999997
 20
40.850124000000001
 30
0
 11
19.8506719999999994
 21
40.7625049999999973
 31
0
  0
LINE
  5
1A2
330
1C
100
AcDbEntity
  8
F.Silkscreen
  6
CONTINUOUS
100
AcDbLine
 10
19.8506719999999994
 20
40.7625049999999973
 30
0
 11
19.8287669999999991
 21
40.7186949999999968
 31
0
  0
LINE
  5
1A3
330
1C
100
AcDbEntity
  8
F.Silkscreen
  6
CONTINUOUS
100
AcDbLine
 10
19.8287669999999991
 20
40.7186949999999968
 30
0
 11
19.8068619999999989
 21
40.69679
 31
0
  0
LINE
  5
1A4
330
1C
100
AcDbEntity
  8
F.Silkscreen
  6
CONTINUOUS
100
AcDbLine
 10
19.8068619999999989
 20
40.69679
 30
0
 11
19.7630529999999993
 21
40.6748860000000008
 31
0
  0
LINE
  5
1A5
330
1C
100
AcDbEntity
  8
F.Silkscreen
  6
CONTINUOUS
100
AcDbLine
 10
19.7630529999999993
 20
40.6748860000000008
 30
0
 11
19.7192429999999987
 21
40.6748860000000008
 31
0
  0
LINE
  5
1A6
330
1C
100
AcDbEntity
  8
F.Silkscreen
  6
CONTINUOUS
100
AcDbLine
 10
19.7192429999999987
 20
40.6748860000000008
 30
0
 11
19.6754339999999992
 21
40.69679
 31
0
  0
LINE
  5
1A7
330
1C
100
AcDbEntity
  8
F.Silkscreen
  6
CONTINUOUS
100
AcDbLine
 10
19.6754339999999992
 20
40.69679
 30
0
 11
19.6535289999999989
 21
40.7186949999999968
 31
0
  0
LINE
  5
1A8
330
1C
100
AcDbEntity
  8
F.Silkscreen
  6
CONTINUOUS
100
AcDbLine
 10
19.6535289999999989
 20
40.7186949999999968
 30
0
 11
19.6316239999999986
 21
40.7625049999999973
 31
0
  0
LINE
  5
1A9
330
1C
100
AcDbEntity
  8
F.Silkscreen
  6
CONTINUOUS
100
AcDbLine
 10
19.6316239999999986
 20
40.7625049999999973
 30
0
 11
19.6316239999999986
 21
40.8720280000000002
 31
0
  0
LINE
  5
1AA
330
1C
100
AcDbEntity
  8
F.Silkscreen
  6
CONTINUOUS
100
AcDbLine
 10
19.6316239999999986
 20
40.8720280000000002
 30
0
 11
19.6535289999999989
 21
40.9377429999999976
 31
0
  0
LINE
  5
1AB
330
1C
100
AcDbEntity
  8
F.Silkscreen
  6
CONTINUOUS
100
AcDbLine
 10
19.8506719999999994
 20
41.134884999999997
 30
0
 11
19.8506719999999994
 21
41.288218999999998
 31
0
  0
LINE
  5
1AC
330
1C
100
AcDbEntity
  8
F.Silkscreen
  6
CONTINUOUS
100
AcDbLine
 10
20.0916239999999995
 20
41.3539329999999978
 30
0
 11
20.0916239999999995
 21
41.134884999999997
 31
0
  0
LINE
  5
1AD
330
1C
100
AcDbEntity
  8
F.Silkscreen
  6
CONTINUOUS
100
AcDbLine
 10
20.0916239999999995
 20
41.134884999999997
 30
0
 11
19.6316239999999986
 21
41.134884999999997
 31
0
  0
LINE
  5
1AE
330
1C
100
AcDbEntity
  8
F.Silkscreen
  6
CONTINUOUS
100
AcDbLine
 10
19.6316239999999986
 20
41.134884999999997
 30
0
 11
19.6316239999999986
 21
41.3539329999999978
 31
0
  0
LINE
  5
1AF
330
1C
100
AcDbEntity
  8
F.Silkscreen
  6
CONTINUOUS
100
AcDbLine
 10
20.0916239999999995
 20
41.5510749999999973
 30
0
 11
19.6316239999999986
 21
41.5510749999999973
 31
0
  0
LINE
  5
1B0
330
1C
100
AcDbEntity
  8
F.Silkscreen
  6
CONTINUOUS
100
AcDbLine
 10
19.6316239999999986
 20
41.5510749999999973
 30
0
 11
20.0916239999999995
 21
41.8139320000000012
 31
0
  0
LINE
  5
1B1
330
1C
100
AcDbEntity
  8
F.Silkscreen
  6
CONTINUOUS
100
AcDbLine
 10
20.0916239999999995
 20
41.8139320000000012
 30
0
 11
19.6316239999999986
 21
41.8139320000000012
 31
0
  0
LINE
  5
1B2
330
1C
100
AcDbEntity
  8
F.Silkscreen
  6
CONTINUOUS
100
AcDbLine
 10
20.0697200000000002
 20
42.0110759999999956
 30
0
 11
20.0916239999999995
 21
42.0767899999999955
 31
0
  0
LINE
  5
1B3
330
1C
100
AcDbEntity
  8
F.Silkscreen
  6
CONTINUOUS
100
AcDbLine
 10
20.0916239999999995
 20
42.0767899999999955
 30
0
 11
20.0916239999999995
 21
42.1863139999999959
 31
0
  0
LINE
  5
1B4
330
1C
100
AcDbEntity
  8
F.Silkscreen
  6
CONTINUOUS
100
AcDbLine
 10
20.0916239999999995
 20
42.1863139999999959
 30
0
 11
20.0697200000000002
 21
42.230122999999999
 31
0
  0
LINE
  5
1B5
330
1C
100
AcDbEntity
  8
F.Silkscreen
  6
CONTINUOUS
100
AcDbLine
 10
20.0697200000000002
 20
42.230122999999999
 30
0
 11
20.0478149999999999
 21
42.2520279999999957
 31
0
  0
LINE
  5
1B6
330
1C
100
AcDbEntity
  8
F.Silkscreen
  6
CONTINUOUS
100
AcDbLine
 10
20.0478149999999999
 20
42.2520279999999957
 30
0
 11
20.0040049999999994
 21
42.2739329999999995
 31
0
  0
LINE
  5
1B7
330
1C
100
AcDbEntity
  8
F.Silkscreen
  6
CONTINUOUS
100
AcDbLine
 10
20.0040049999999994
 20
42.2739329999999995
 30
0
 11
19.9601959999999998
 21
42.2739329999999995
 31
0
  0
LINE
  5
1B8
330
1C
100
AcDbEntity
  8
F.Silkscreen
  6
CONTINUOUS
100
AcDbLine
 10
19.9601959999999998
 20
42.2739329999999995
 30
0
 11
19.9163859999999993
 21
42.2520279999999957
 31
0
  0
LINE
  5
1B9
330
1C
100
AcDbEntity
  8
F.Silkscreen
  6
CONTINUOUS
100
AcDbLine
 10
19.9163859999999993
 20
42.2520279999999957
 30
0
 11
19.894480999999999
 21
42.230122999999999
 31
0
  0
LINE
  5
1BA
330
1C
100
AcDbEntity
  8
F.Silkscreen
  6
CONTINUOUS
100
AcDbLine
 10
19.894480999999999
 20
42.230122999999999
 30
0
 11
19.8725769999999997
 21
42.1863139999999959
 31
0
  0
LINE
  5
1BB
330
1C
100
AcDbEntity
  8
F.Silkscreen
  6
CONTINUOUS
100
AcDbLine
 10
19.8725769999999997
 20
42.1863139999999959
 30
0
 11
19.8506719999999994
 21
42.0986949999999993
 31
0
  0
LINE
  5
1BC
330
1C
100
AcDbEntity
  8
F.Silkscreen
  6
CONTINUOUS
100
AcDbLine
 10
19.8506719999999994
 20
42.0986949999999993
 30
0
 11
19.8287669999999991
 21
42.0548849999999987
 31
0
  0
LINE
  5
1BD
330
1C
100
AcDbEntity
  8
F.Silkscreen
  6
CONTINUOUS
100
AcDbLine
 10
19.8287669999999991
 20
42.0548849999999987
 30
0
 11
19.8068619999999989
 21
42.0329799999999949
 31
0
  0
LINE
  5
1BE
330
1C
100
AcDbEntity
  8
F.Silkscreen
  6
CONTINUOUS
100
AcDbLine
 10
19.8068619999999989
 20
42.0329799999999949
 30
0
 11
19.7630529999999993
 21
42.0110759999999956
 31
0
  0
LINE
  5
1BF
330
1C
100
AcDbEntity
  8
F.Silkscreen
  6
CONTINUOUS
100
AcDbLine
 10
19.7630529999999993
 20
42.0110759999999956
 30
0
 11
19.7192429999999987
 21
42.0110759999999956
 31
0
  0
LINE
  5
1C0
330
1C
100
AcDbEntity
  8
F.Silkscreen
  6
CONTINUOUS
100
AcDbLine
 10
19.7192429999999987
 20
42.0110759999999956
 30
0
 11
19.6754339999999992
 21
42.0329799999999949
 31
0
  0
LINE
  5
1C1
330
1C
100
AcDbEntity
  8
F.Silkscreen
  6
CONTINUOUS
100
AcDbLine
 10
19.6754339999999992
 20
42.0329799999999949
 30
0
 11
19.6535289999999989
 21
42.0548849999999987
 31
0
  0
LINE
  5
1C2
330
1C
100
AcDbEntity
  8
F.Silkscreen
  6
CONTINUOUS
100
AcDbLine
 10
19.6535289999999989
 20
42.0548849999999987
 30
0
 11
19.6316239999999986
 21
42.0986949999999993
 31
0
  0
LINE
  5
1C3
330
1C
100
AcDbEntity
  8
F.Silkscreen
  6
CONTINUOUS
100
AcDbLine
 10
19.6316239999999986
 20
42.0986949999999993
 30
0
 11
19.6316239999999986
 21
42.2082179999999951
 31
0
  0
LINE
  5
1C4
330
1C
100
AcDbEntity
  8
F.Silkscreen
  6
CONTINUOUS
100
AcDbLine
 10
19.6316239999999986
 20
42.2082179999999951
 30
0
 11
19.6535289999999989
 21
42.2739329999999995
 31
0
  0
LINE
  5
1C5
330
1C
100
AcDbEntity
  8
F.Silkscreen
  6
CONTINUOUS
100
AcDbLine
 10
19.6316239999999986
 20
42.5586939999999956
 30
0
 11
19.6316239999999986
 21
42.6463129999999992
 31
0
  0
LINE
  5
1C6
330
1C
100
AcDbEntity
  8
F.Silkscreen
  6
CONTINUOUS
100
AcDbLine
 10
19.6316239999999986
 20
42.6463129999999992
 30
0
 11
19.6535289999999989
 21
42.6901229999999998
 31
0
  0
LINE
  5
1C7
330
1C
100
AcDbEntity
  8
F.Silkscreen
  6
CONTINUOUS
100
AcDbLine
 10
19.6535289999999989
 20
42.6901229999999998
 30
0
 11
19.6973389999999995
 21
42.7339319999999958
 31
0
  0
LINE
  5
1C8
330
1C
100
AcDbEntity
  8
F.Silkscreen
  6
CONTINUOUS
100
AcDbLine
 10
19.6973389999999995
 20
42.7339319999999958
 30
0
 11
19.7849579999999996
 21
42.7558369999999996
 31
0
  0
LINE
  5
1C9
330
1C
100
AcDbEntity
  8
F.Silkscreen
  6
CONTINUOUS
100
AcDbLine
 10
19.7849579999999996
 20
42.7558369999999996
 30
0
 11
19.9382909999999995
 21
42.7558369999999996
 31
0
  0
LINE
  5
1CA
330
1C
100
AcDbEntity
  8
F.Silkscreen
  6
CONTINUOUS
100
AcDbLine
 10
19.9382909999999995
 20
42.7558369999999996
 30
0
 11
20.0259099999999997
 21
42.7339319999999958
 31
0
  0
LINE
  5
1CB
330
1C
100
AcDbEntity
  8
F.Silkscreen
  6
CONTINUOUS
100
AcDbLine
 10
20.0259099999999997
 20
42.7339319999999958
 30
0
 11
20.0697200000000002
 21
42.6901229999999998
 31
0
  0
LINE
  5
1CC
330
1C
100
AcDbEntity
  8
F.Silkscreen
  6
CONTINUOUS
100
AcDbLine
 10
20.0697200000000002
 20
42.6901229999999998
 30
0
 11
20.0916239999999995
 21
42.6463129999999992
 31
0
  0
LINE
  5
1CD
330
1C
100
AcDbEntity
  8
F.Silkscreen
  6
CONTINUOUS
100
AcDbLine
 10
20.0916239999999995
 20
42.6463129999999992
 30
0
 11
20.0916239999999995
 21
42.5586939999999956
 31
0
  0
LINE
  5
1CE
330
1C
100
AcDbEntity
  8
F.Silkscreen
  6
CONTINUOUS
100
AcDbLine
 10
20.0916239999999995
 20
42.5586939999999956
 30
0
 11
20.0697200000000002
 21
42.5148849999999996
 31
0
  0
LINE
  5
1CF
330
1C
100
AcDbEntity
  8
F.Silkscreen
  6
CONTINUOUS
100
AcDbLine
 10
20.0697200000000002
 20
42.5148849999999996
 30
0
 11
20.0259099999999997
 21
42.471074999999999
 31
0
  0
LINE
  5
1D0
330
1C
100
AcDbEntity
  8
F.Silkscreen
  6
CONTINUOUS
100
AcDbLine
 10
20.0259099999999997
 20
42.471074999999999
 30
0
 11
19.9382909999999995
 21
42.4491709999999998
 31
0
  0
LINE
  5
1D1
330
1C
100
AcDbEntity
  8
F.Silkscreen
  6
CONTINUOUS
100
AcDbLine
 10
19.9382909999999995
 20
42.4491709999999998
 30
0
 11
19.7849579999999996
 21
42.4491709999999998
 31
0
  0
LINE
  5
1D2
330
1C
100
AcDbEntity
  8
F.Silkscreen
  6
CONTINUOUS
100
AcDbLine
 10
19.7849579999999996
 20
42.4491709999999998
 30
0
 11
19.6973389999999995
 21
42.471074999999999
 31
0
  0
LINE
  5
1D3
330
1C
100
AcDbEntity
  8
F.Silkscreen
  6
CONTINUOUS
100
AcDbLine
 10
19.6973389999999995
 20
42.471074999999999
 30
0
 11
19.6535289999999989
 21
42.5148849999999996
 31
0
  0
LINE
  5
1D4
330
1C
100
AcDbEntity
  8
F.Silkscreen
  6
CONTINUOUS
100
AcDbLine
 10
19.6535289999999989
 20
42.5148849999999996
 30
0
 11
19.6316239999999986
 21
42.5586939999999956
 31
0
  0
LINE
  5
1D5
330
1C
100
AcDbEntity
  8
F.Silkscreen
  6
CONTINUOUS
100
AcDbLine
 10
20.0916239999999995
 20
43.2158370000000005
 30
0
 11
19.8725769999999997
 21
43.062503999999997
 31
0
  0
LINE
  5
1D6
330
1C
100
AcDbEntity
  8
F.Silkscreen
  6
CONTINUOUS
100
AcDbLine
 10
20.0916239999999995
 20
42.9529799999999966
 30
0
 11
19.6316239999999986
 21
42.9529799999999966
 31
0
  0
LINE
  5
1D7
330
1C
100
AcDbEntity
  8
F.Silkscreen
  6
CONTINUOUS
100
AcDbLine
 10
19.6316239999999986
 20
42.9529799999999966
 30
0
 11
19.6316239999999986
 21
43.1282179999999968
 31
0
  0
LINE
  5
1D8
330
1C
100
AcDbEntity
  8
F.Silkscreen
  6
CONTINUOUS
100
AcDbLine
 10
19.6316239999999986
 20
43.1282179999999968
 30
0
 11
19.6535289999999989
 21
43.1720279999999974
 31
0
  0
LINE
  5
1D9
330
1C
100
AcDbEntity
  8
F.Silkscreen
  6
CONTINUOUS
100
AcDbLine
 10
19.6535289999999989
 20
43.1720279999999974
 30
0
 11
19.6754339999999992
 21
43.1939330000000012
 31
0
  0
LINE
  5
1DA
330
1C
100
AcDbEntity
  8
F.Silkscreen
  6
CONTINUOUS
100
AcDbLine
 10
19.6754339999999992
 20
43.1939330000000012
 30
0
 11
19.7192429999999987
 21
43.2158370000000005
 31
0
  0
LINE
  5
1DB
330
1C
100
AcDbEntity
  8
F.Silkscreen
  6
CONTINUOUS
100
AcDbLine
 10
19.7192429999999987
 20
43.2158370000000005
 30
0
 11
19.7849579999999996
 21
43.2158370000000005
 31
0
  0
LINE
  5
1DC
330
1C
100
AcDbEntity
  8
F.Silkscreen
  6
CONTINUOUS
100
AcDbLine
 10
19.7849579999999996
 20
43.2158370000000005
 30
0
 11
19.8287669999999991
 21
43.1939330000000012
 31
0
  0
LINE
  5
1DD
330
1C
100
AcDbEntity
  8
F.Silkscreen
  6
CONTINUOUS
100
AcDbLine
 10
19.8287669999999991
 20
43.1939330000000012
 30
0
 11
19.8506719999999994
 21
43.1720279999999974
 31
0
  0
LINE
  5
1DE
330
1C
100
AcDbEntity
  8
F.Silkscreen
  6
CONTINUOUS
100
AcDbLine
 10
19.8506719999999994
 20
43.1720279999999974
 30
0
 11
19.8725769999999997
 21
43.1282179999999968
 31
0
  0
LINE
  5
1DF
330
1C
100
AcDbEntity
  8
F.Silkscreen
  6
CONTINUOUS
100
AcDbLine
 10
19.8725769999999997
 20
43.1282179999999968
 30
0
 11
19.8725769999999997
 21
42.9529799999999966
 31
0
  0
LINE
  5
1E0
330
1C
100
AcDbEntity
  8
F.Silkscreen
  6
CONTINUOUS
100
AcDbLine
 10
8.0528659999999999
 20
26.7943519999999999
 30
0
 11
7.9827709999999996
 21
26.8293999999999997
 31
0
  0
LINE
  5
1E1
330
1C
100
AcDbEntity
  8
F.Silkscreen
  6
CONTINUOUS
100
AcDbLine
 10
7.9827709999999996
 20
26.8293999999999997
 30
0
 11
7.8776279999999996
 21
26.8293999999999997
 31
0
  0
LINE
  5
1E2
330
1C
100
AcDbEntity
  8
F.Silkscreen
  6
CONTINUOUS
100
AcDbLine
 10
7.8776279999999996
 20
26.8293999999999997
 30
0
 11
7.7724849999999996
 21
26.7943519999999999
 31
0
  0
LINE
  5
1E3
330
1C
100
AcDbEntity
  8
F.Silkscreen
  6
CONTINUOUS
100
AcDbLine
 10
7.7724849999999996
 20
26.7943519999999999
 30
0
 11
7.7023899999999994
 21
26.7242569999999979
 31
0
  0
LINE
  5
1E4
330
1C
100
AcDbEntity
  8
F.Silkscreen
  6
CONTINUOUS
100
AcDbLine
 10
7.7023899999999994
 20
26.7242569999999979
 30
0
 11
7.6673429999999998
 21
26.6541619999999995
 31
0
  0
LINE
  5
1E5
330
1C
100
AcDbEntity
  8
F.Silkscreen
  6
CONTINUOUS
100
AcDbLine
 10
7.6673429999999998
 20
26.6541619999999995
 30
0
 11
7.6322950000000001
 21
26.513970999999998
 31
0
  0
LINE
  5
1E6
330
1C
100
AcDbEntity
  8
F.Silkscreen
  6
CONTINUOUS
100
AcDbLine
 10
7.6322950000000001
 20
26.513970999999998
 30
0
 11
7.6322950000000001
 21
26.4088279999999997
 31
0
  0
LINE
  5
1E7
330
1C
100
AcDbEntity
  8
F.Silkscreen
  6
CONTINUOUS
100
AcDbLine
 10
7.6322950000000001
 20
26.4088279999999997
 30
0
 11
7.6673429999999998
 21
26.2686379999999993
 31
0
  0
LINE
  5
1E8
330
1C
100
AcDbEntity
  8
F.Silkscreen
  6
CONTINUOUS
100
AcDbLine
 10
7.6673429999999998
 20
26.2686379999999993
 30
0
 11
7.7023899999999994
 21
26.1985429999999972
 31
0
  0
LINE
  5
1E9
330
1C
100
AcDbEntity
  8
F.Silkscreen
  6
CONTINUOUS
100
AcDbLine
 10
7.7023899999999994
 20
26.1985429999999972
 30
0
 11
7.7724849999999996
 21
26.1284479999999988
 31
0
  0
LINE
  5
1EA
330
1C
100
AcDbEntity
  8
F.Silkscreen
  6
CONTINUOUS
100
AcDbLine
 10
7.7724849999999996
 20
26.1284479999999988
 30
0
 11
7.8776279999999996
 21
26.093399999999999
 31
0
  0
LINE
  5
1EB
330
1C
100
AcDbEntity
  8
F.Silkscreen
  6
CONTINUOUS
100
AcDbLine
 10
7.8776279999999996
 20
26.093399999999999
 30
0
 11
7.947724
 21
26.093399999999999
 31
0
  0
LINE
  5
1EC
330
1C
100
AcDbEntity
  8
F.Silkscreen
  6
CONTINUOUS
100
AcDbLine
 10
7.947724
 20
26.093399999999999
 30
0
 11
8.0528659999999999
 21
26.1284479999999988
 31
0
  0
LINE
  5
1ED
330
1C
100
AcDbEntity
  8
F.Silkscreen
  6
CONTINUOUS
100
AcDbLine
 10
8.0528659999999999
 20
26.1284479999999988
 30
0
 11
8.0879139999999996
 21
26.1634949999999975
 31
0
  0
LINE
  5
1EE
330
1C
100
AcDbEntity
  8
F.Silkscreen
  6
CONTINUOUS
100
AcDbLine
 10
8.0879139999999996
 20
26.1634949999999975
 30
0
 11
8.0879139999999996
 21
26.4088279999999997
 31
0
  0
LINE
  5
1EF
330
1C
100
AcDbEntity
  8
F.Silkscreen
  6
CONTINUOUS
100
AcDbLine
 10
8.0879139999999996
 20
26.4088279999999997
 30
0
 11
7.947724
 21
26.4088279999999997
 31
0
  0
LINE
  5
1F0
330
1C
100
AcDbEntity
  8
F.Silkscreen
  6
CONTINUOUS
100
AcDbLine
 10
8.4033429999999996
 20
26.093399999999999
 30
0
 11
8.4033429999999996
 21
26.8293999999999997
 31
0
  0
LINE
  5
1F1
330
1C
100
AcDbEntity
  8
F.Silkscreen
  6
CONTINUOUS
100
AcDbLine
 10
8.4033429999999996
 20
26.8293999999999997
 30
0
 11
8.8239140000000003
 21
26.093399999999999
 31
0
  0
LINE
  5
1F2
330
1C
100
AcDbEntity
  8
F.Silkscreen
  6
CONTINUOUS
100
AcDbLine
 10
8.8239140000000003
 20
26.093399999999999
 30
0
 11
8.8239140000000003
 21
26.8293999999999997
 31
0
  0
LINE
  5
1F3
330
1C
100
AcDbEntity
  8
F.Silkscreen
  6
CONTINUOUS
100
AcDbLine
 10
9.174391
 20
26.093399999999999
 30
0
 11
9.174391
 21
26.8293999999999997
 31
0
  0
LINE
  5
1F4
330
1C
100
AcDbEntity
  8
F.Silkscreen
  6
CONTINUOUS
100
AcDbLine
 10
9.174391
 20
26.8293999999999997
 30
0
 11
9.3496290000000002
 21
26.8293999999999997
 31
0
  0
LINE
  5
1F5
330
1C
100
AcDbEntity
  8
F.Silkscreen
  6
CONTINUOUS
100
AcDbLine
 10
9.3496290000000002
 20
26.8293999999999997
 30
0
 11
9.4547720000000002
 21
26.7943519999999999
 31
0
  0
LINE
  5
1F6
330
1C
100
AcDbEntity
  8
F.Silkscreen
  6
CONTINUOUS
100
AcDbLine
 10
9.4547720000000002
 20
26.7943519999999999
 30
0
 11
9.5248670000000004
 21
26.7242569999999979
 31
0
  0
LINE
  5
1F7
330
1C
100
AcDbEntity
  8
F.Silkscreen
  6
CONTINUOUS
100
AcDbLine
 10
9.5248670000000004
 20
26.7242569999999979
 30
0
 11
9.5599139999999991
 21
26.6541619999999995
 31
0
  0
LINE
  5
1F8
330
1C
100
AcDbEntity
  8
F.Silkscreen
  6
CONTINUOUS
100
AcDbLine
 10
9.5599139999999991
 20
26.6541619999999995
 30
0
 11
9.5949619999999989
 21
26.513970999999998
 31
0
  0
LINE
  5
1F9
330
1C
100
AcDbEntity
  8
F.Silkscreen
  6
CONTINUOUS
100
AcDbLine
 10
9.5949619999999989
 20
26.513970999999998
 30
0
 11
9.5949619999999989
 21
26.4088279999999997
 31
0
  0
LINE
  5
1FA
330
1C
100
AcDbEntity
  8
F.Silkscreen
  6
CONTINUOUS
100
AcDbLine
 10
9.5949619999999989
 20
26.4088279999999997
 30
0
 11
9.5599139999999991
 21
26.2686379999999993
 31
0
  0
LINE
  5
1FB
330
1C
100
AcDbEntity
  8
F.Silkscreen
  6
CONTINUOUS
100
AcDbLine
 10
9.5599139999999991
 20
26.2686379999999993
 30
0
 11
9.5248670000000004
 21
26.1985429999999972
 31
0
  0
LINE
  5
1FC
330
1C
100
AcDbEntity
  8
F.Silkscreen
  6
CONTINUOUS
100
AcDbLine
 10
9.5248670000000004
 20
26.1985429999999972
 30
0
 11
9.4547720000000002
 21
26.1284479999999988
 31
0
  0
LINE
  5
1FD
330
1C
100
AcDbEntity
  8
F.Silkscreen
  6
CONTINUOUS
100
AcDbLine
 10
9.4547720000000002
 20
26.1284479999999988
 30
0
 11
9.3496290000000002
 21
26.093399999999999
 31
0
  0
LINE
  5
1FE
330
1C
100
AcDbEntity
  8
F.Silkscreen
  6
CONTINUOUS
100
AcDbLine
 10
9.3496290000000002
 20
26.093399999999999
 30
0
 11
9.174391
 21
26.093399999999999
 31
0
  0
LINE
  5
1FF
330
1C
100
AcDbEntity
  8
F.Silkscreen
  6
CONTINUOUS
100
AcDbLine
 10
7.8621999999999996
 20
33.2293999999999983
 30
0
 11
8.1075330000000001
 21
32.4934000000000012
 31
0
  0
LINE
  5
200
330
1C
100
AcDbEntity
  8
F.Silkscreen
  6
CONTINUOUS
100
AcDbLine
 10
8.1075330000000001
 20
32.4934000000000012
 30
0
 11
8.3528659999999988
 21
33.2293999999999983
 31
0
  0
LINE
  5
201
330
1C
100
AcDbEntity
  8
F.Silkscreen
  6
CONTINUOUS
100
AcDbLine
 10
8.9837229999999995
 20
33.194351999999995
 30
0
 11
8.9136279999999992
 21
33.2293999999999983
 31
0
  0
LINE
  5
202
330
1C
100
AcDbEntity
  8
F.Silkscreen
  6
CONTINUOUS
100
AcDbLine
 10
8.9136279999999992
 20
33.2293999999999983
 30
0
 11
8.8084849999999992
 21
33.2293999999999983
 31
0
  0
LINE
  5
203
330
1C
100
AcDbEntity
  8
F.Silkscreen
  6
CONTINUOUS
100
AcDbLine
 10
8.8084849999999992
 20
33.2293999999999983
 30
0
 11
8.7033419999999992
 21
33.194351999999995
 31
0
  0
LINE
  5
204
330
1C
100
AcDbEntity
  8
F.Silkscreen
  6
CONTINUOUS
100
AcDbLine
 10
8.7033419999999992
 20
33.194351999999995
 30
0
 11
8.633246999999999
 21
33.1242570000000001
 31
0
  0
LINE
  5
205
330
1C
100
AcDbEntity
  8
F.Silkscreen
  6
CONTINUOUS
100
AcDbLine
 10
8.633246999999999
 20
33.1242570000000001
 30
0
 11
8.5982000000000003
 21
33.054161999999998
 31
0
  0
LINE
  5
206
330
1C
100
AcDbEntity
  8
F.Silkscreen
  6
CONTINUOUS
100
AcDbLine
 10
8.5982000000000003
 20
33.054161999999998
 30
0
 11
8.5631519999999988
 21
32.9139709999999965
 31
0
  0
LINE
  5
207
330
1C
100
AcDbEntity
  8
F.Silkscreen
  6
CONTINUOUS
100
AcDbLine
 10
8.5631519999999988
 20
32.9139709999999965
 30
0
 11
8.5631519999999988
 21
32.8088279999999983
 31
0
  0
LINE
  5
208
330
1C
100
AcDbEntity
  8
F.Silkscreen
  6
CONTINUOUS
100
AcDbLine
 10
8.5631519999999988
 20
32.8088279999999983
 30
0
 11
8.5982000000000003
 21
32.6686380000000014
 31
0
  0
LINE
  5
209
330
1C
100
AcDbEntity
  8
F.Silkscreen
  6
CONTINUOUS
100
AcDbLine
 10
8.5982000000000003
 20
32.6686380000000014
 30
0
 11
8.633246999999999
 21
32.5985429999999994
 31
0
  0
LINE
  5
20A
330
1C
100
AcDbEntity
  8
F.Silkscreen
  6
CONTINUOUS
100
AcDbLine
 10
8.633246999999999
 20
32.5985429999999994
 30
0
 11
8.7033419999999992
 21
32.5284479999999974
 31
0
  0
LINE
  5
20B
330
1C
100
AcDbEntity
  8
F.Silkscreen
  6
CONTINUOUS
100
AcDbLine
 10
8.7033419999999992
 20
32.5284479999999974
 30
0
 11
8.8084849999999992
 21
32.4934000000000012
 31
0
  0
LINE
  5
20C
330
1C
100
AcDbEntity
  8
F.Silkscreen
  6
CONTINUOUS
100
AcDbLine
 10
8.8084849999999992
 20
32.4934000000000012
 30
0
 11
8.8785809999999987
 21
32.4934000000000012
 31
0
  0
LINE
  5
20D
330
1C
100
AcDbEntity
  8
F.Silkscreen
  6
CONTINUOUS
100
AcDbLine
 10
8.8785809999999987
 20
32.4934000000000012
 30
0
 11
8.9837229999999995
 21
32.5284479999999974
 31
0
  0
LINE
  5
20E
330
1C
100
AcDbEntity
  8
F.Silkscreen
  6
CONTINUOUS
100
AcDbLine
 10
8.9837229999999995
 20
32.5284479999999974
 30
0
 11
9.0187709999999992
 21
32.5634949999999961
 31
0
  0
LINE
  5
20F
330
1C
100
AcDbEntity
  8
F.Silkscreen
  6
CONTINUOUS
100
AcDbLine
 10
9.0187709999999992
 20
32.5634949999999961
 30
0
 11
9.0187709999999992
 21
32.8088279999999983
 31
0
  0
LINE
  5
210
330
1C
100
AcDbEntity
  8
F.Silkscreen
  6
CONTINUOUS
100
AcDbLine
 10
9.0187709999999992
 20
32.8088279999999983
 30
0
 11
8.8785809999999987
 21
32.8088279999999983
 31
0
  0
LINE
  5
211
330
1C
100
AcDbEntity
  8
F.Silkscreen
  6
CONTINUOUS
100
AcDbLine
 10
10.4528660000000002
 20
38.944351999999995
 30
0
 11
10.382771
 21
38.9793999999999983
 31
0
  0
LINE
  5
212
330
1C
100
AcDbEntity
  8
F.Silkscreen
  6
CONTINUOUS
100
AcDbLine
 10
10.382771
 20
38.9793999999999983
 30
0
 11
10.277628
 21
38.9793999999999983
 31
0
  0
LINE
  5
213
330
1C
100
AcDbEntity
  8
F.Silkscreen
  6
CONTINUOUS
100
AcDbLine
 10
10.277628
 20
38.9793999999999983
 30
0
 11
10.172485
 21
38.944351999999995
 31
0
  0
LINE
  5
214
330
1C
100
AcDbEntity
  8
F.Silkscreen
  6
CONTINUOUS
100
AcDbLine
 10
10.172485
 20
38.944351999999995
 30
0
 11
10.1023899999999998
 21
38.8742570000000001
 31
0
  0
LINE
  5
215
330
1C
100
AcDbEntity
  8
F.Silkscreen
  6
CONTINUOUS
100
AcDbLine
 10
10.1023899999999998
 20
38.8742570000000001
 30
0
 11
10.0673429999999993
 21
38.804161999999998
 31
0
  0
LINE
  5
216
330
1C
100
AcDbEntity
  8
F.Silkscreen
  6
CONTINUOUS
100
AcDbLine
 10
10.0673429999999993
 20
38.804161999999998
 30
0
 11
10.0322949999999995
 21
38.6639709999999965
 31
0
  0
LINE
  5
217
330
1C
100
AcDbEntity
  8
F.Silkscreen
  6
CONTINUOUS
100
AcDbLine
 10
10.0322949999999995
 20
38.6639709999999965
 30
0
 11
10.0322949999999995
 21
38.5588279999999983
 31
0
  0
LINE
  5
218
330
1C
100
AcDbEntity
  8
F.Silkscreen
  6
CONTINUOUS
100
AcDbLine
 10
10.0322949999999995
 20
38.5588279999999983
 30
0
 11
10.0673429999999993
 21
38.4186380000000014
 31
0
  0
LINE
  5
219
330
1C
100
AcDbEntity
  8
F.Silkscreen
  6
CONTINUOUS
100
AcDbLine
 10
10.0673429999999993
 20
38.4186380000000014
 30
0
 11
10.1023899999999998
 21
38.3485429999999994
 31
0
  0
LINE
  5
21A
330
1C
100
AcDbEntity
  8
F.Silkscreen
  6
CONTINUOUS
100
AcDbLine
 10
10.1023899999999998
 20
38.3485429999999994
 30
0
 11
10.172485
 21
38.2784479999999974
 31
0
  0
LINE
  5
21B
330
1C
100
AcDbEntity
  8
F.Silkscreen
  6
CONTINUOUS
100
AcDbLine
 10
10.172485
 20
38.2784479999999974
 30
0
 11
10.277628
 21
38.2434000000000012
 31
0
  0
LINE
  5
21C
330
1C
100
AcDbEntity
  8
F.Silkscreen
  6
CONTINUOUS
100
AcDbLine
 10
10.277628
 20
38.2434000000000012
 30
0
 11
10.3477239999999995
 21
38.2434000000000012
 31
0
  0
LINE
  5
21D
330
1C
100
AcDbEntity
  8
F.Silkscreen
  6
CONTINUOUS
100
AcDbLine
 10
10.3477239999999995
 20
38.2434000000000012
 30
0
 11
10.4528660000000002
 21
38.2784479999999974
 31
0
  0
LINE
  5
21E
330
1C
100
AcDbEntity
  8
F.Silkscreen
  6
CONTINUOUS
100
AcDbLine
 10
10.4528660000000002
 20
38.2784479999999974
 30
0
 11
10.487914
 21
38.3134949999999961
 31
0
  0
LINE
  5
21F
330
1C
100
AcDbEntity
  8
F.Silkscreen
  6
CONTINUOUS
100
AcDbLine
 10
10.487914
 20
38.3134949999999961
 30
0
 11
10.487914
 21
38.5588279999999983
 31
0
  0
LINE
  5
220
330
1C
100
AcDbEntity
  8
F.Silkscreen
  6
CONTINUOUS
100
AcDbLine
 10
10.487914
 20
38.5588279999999983
 30
0
 11
10.3477239999999995
 21
38.5588279999999983
 31
0
  0
LINE
  5
221
330
1C
100
AcDbEntity
  8
F.Silkscreen
  6
CONTINUOUS
100
AcDbLine
 10
10.8033429999999999
 20
38.2434000000000012
 30
0
 11
10.8033429999999999
 21
38.9793999999999983
 31
0
  0
LINE
  5
222
330
1C
100
AcDbEntity
  8
F.Silkscreen
  6
CONTINUOUS
100
AcDbLine
 10
10.8033429999999999
 20
38.9793999999999983
 30
0
 11
11.2239139999999988
 21
38.2434000000000012
 31
0
  0
LINE
  5
223
330
1C
100
AcDbEntity
  8
F.Silkscreen
  6
CONTINUOUS
100
AcDbLine
 10
11.2239139999999988
 20
38.2434000000000012
 30
0
 11
11.2239139999999988
 21
38.9793999999999983
 31
0
  0
LINE
  5
224
330
1C
100
AcDbEntity
  8
F.Silkscreen
  6
CONTINUOUS
100
AcDbLine
 10
11.5743910000000003
 20
38.2434000000000012
 30
0
 11
11.5743910000000003
 21
38.9793999999999983
 31
0
  0
LINE
  5
225
330
1C
100
AcDbEntity
  8
F.Silkscreen
  6
CONTINUOUS
100
AcDbLine
 10
11.5743910000000003
 20
38.9793999999999983
 30
0
 11
11.7496289999999988
 21
38.9793999999999983
 31
0
  0
LINE
  5
226
330
1C
100
AcDbEntity
  8
F.Silkscreen
  6
CONTINUOUS
100
AcDbLine
 10
11.7496289999999988
 20
38.9793999999999983
 30
0
 11
11.8547719999999988
 21
38.944351999999995
 31
0
  0
LINE
  5
227
330
1C
100
AcDbEntity
  8
F.Silkscreen
  6
CONTINUOUS
100
AcDbLine
 10
11.8547719999999988
 20
38.944351999999995
 30
0
 11
11.924866999999999
 21
38.8742570000000001
 31
0
  0
LINE
  5
228
330
1C
100
AcDbEntity
  8
F.Silkscreen
  6
CONTINUOUS
100
AcDbLine
 10
11.924866999999999
 20
38.8742570000000001
 30
0
 11
11.9599139999999995
 21
38.804161999999998
 31
0
  0
LINE
  5
229
330
1C
100
AcDbEntity
  8
F.Silkscreen
  6
CONTINUOUS
100
AcDbLine
 10
11.9599139999999995
 20
38.804161999999998
 30
0
 11
11.9949619999999992
 21
38.6639709999999965
 31
0
  0
LINE
  5
22A
330
1C
100
AcDbEntity
  8
F.Silkscreen
  6
CONTINUOUS
100
AcDbLine
 10
11.9949619999999992
 20
38.6639709999999965
 30
0
 11
11.9949619999999992
 21
38.5588279999999983
 31
0
  0
LINE
  5
22B
330
1C
100
AcDbEntity
  8
F.Silkscreen
  6
CONTINUOUS
100
AcDbLine
 10
11.9949619999999992
 20
38.5588279999999983
 30
0
 11
11.9599139999999995
 21
38.4186380000000014
 31
0
  0
LINE
  5
22C
330
1C
100
AcDbEntity
  8
F.Silkscreen
  6
CONTINUOUS
100
AcDbLine
 10
11.9599139999999995
 20
38.4186380000000014
 30
0
 11
11.924866999999999
 21
38.3485429999999994
 31
0
  0
LINE
  5
22D
330
1C
100
AcDbEntity
  8
F.Silkscreen
  6
CONTINUOUS
100
AcDbLine
 10
11.924866999999999
 20
38.3485429999999994
 30
0
 11
11.8547719999999988
 21
38.2784479999999974
 31
0
  0
LINE
  5
22E
330
1C
100
AcDbEntity
  8
F.Silkscreen
  6
CONTINUOUS
100
AcDbLine
 10
11.8547719999999988
 20
38.2784479999999974
 30
0
 11
11.7496289999999988
 21
38.2434000000000012
 31
0
  0
LINE
  5
22F
330
1C
100
AcDbEntity
  8
F.Silkscreen
  6
CONTINUOUS
100
AcDbLine
 10
11.7496289999999988
 20
38.2434000000000012
 30
0
 11
11.5743910000000003
 21
38.2434000000000012
 31
0
  0
LINE
  5
230
330
1C
100
AcDbEntity
  8
F.Silkscreen
  6
CONTINUOUS
100
AcDbLine
 10
10.0621999999999989
 20
44.4294000000000011
 30
0
 11
10.3075329999999994
 21
43.6933999999999969
 31
0
  0
LINE
  5
231
330
1C
100
AcDbEntity
  8
F.Silkscreen
  6
CONTINUOUS
100
AcDbLine
 10
10.3075329999999994
 20
43.6933999999999969
 30
0
 11
10.5528659999999999
 21
44.4294000000000011
 31
0
  0
LINE
  5
232
330
1C
100
AcDbEntity
  8
F.Silkscreen
  6
CONTINUOUS
100
AcDbLine
 10
10.7981999999999996
 20
43.6933999999999969
 30
0
 11
10.7981999999999996
 21
44.4294000000000011
 31
0
  0
LINE
  5
233
330
1C
100
AcDbEntity
  8
F.Silkscreen
  6
CONTINUOUS
100
AcDbLine
 10
11.148676
 20
43.6933999999999969
 30
0
 11
11.148676
 21
44.4294000000000011
 31
0
  0
LINE
  5
234
330
1C
100
AcDbEntity
  8
F.Silkscreen
  6
CONTINUOUS
100
AcDbLine
 10
11.148676
 20
44.4294000000000011
 30
0
 11
11.5692469999999989
 21
43.6933999999999969
 31
0
  0
LINE
  5
235
330
1C
100
AcDbEntity
  8
F.Silkscreen
  6
CONTINUOUS
100
AcDbLine
 10
11.5692469999999989
 20
43.6933999999999969
 30
0
 11
11.5692469999999989
 21
44.4294000000000011
 31
0
  0
LINE
  5
236
330
1C
100
AcDbEntity
  8
F.Silkscreen
  6
CONTINUOUS
100
AcDbLine
 10
11.9197239999999987
 20
43.9737809999999953
 30
0
 11
12.4804859999999991
 21
43.9737809999999953
 31
0
  0
LINE
  5
237
330
1C
100
AcDbEntity
  8
F.Silkscreen
  6
CONTINUOUS
100
AcDbLine
 10
12.2001049999999989
 20
43.6933999999999969
 30
0
 11
12.2001049999999989
 21
44.2541620000000009
 31
0
  0
LINE
  5
238
330
1C
100
AcDbEntity
  8
F.Silkscreen
  6
CONTINUOUS
100
AcDbLine
 10
10.2121999999999993
 20
41.5793999999999997
 30
0
 11
10.4575329999999997
 21
40.8433999999999955
 31
0
  0
LINE
  5
239
330
1C
100
AcDbEntity
  8
F.Silkscreen
  6
CONTINUOUS
100
AcDbLine
 10
10.4575329999999997
 20
40.8433999999999955
 30
0
 11
10.7028660000000002
 21
41.5793999999999997
 31
0
  0
LINE
  5
23A
330
1C
100
AcDbEntity
  8
F.Silkscreen
  6
CONTINUOUS
100
AcDbLine
 10
10.9481999999999999
 20
40.8433999999999955
 30
0
 11
10.9481999999999999
 21
41.5793999999999997
 31
0
  0
LINE
  5
23B
330
1C
100
AcDbEntity
  8
F.Silkscreen
  6
CONTINUOUS
100
AcDbLine
 10
11.2986759999999986
 20
40.8433999999999955
 30
0
 11
11.2986759999999986
 21
41.5793999999999997
 31
0
  0
LINE
  5
23C
330
1C
100
AcDbEntity
  8
F.Silkscreen
  6
CONTINUOUS
100
AcDbLine
 10
11.2986759999999986
 20
41.5793999999999997
 30
0
 11
11.7192469999999993
 21
40.8433999999999955
 31
0
  0
LINE
  5
23D
330
1C
100
AcDbEntity
  8
F.Silkscreen
  6
CONTINUOUS
100
AcDbLine
 10
11.7192469999999993
 20
40.8433999999999955
 30
0
 11
11.7192469999999993
 21
41.5793999999999997
 31
0
  0
LINE
  5
23E
330
1C
100
AcDbEntity
  8
F.Silkscreen
  6
CONTINUOUS
100
AcDbLine
 10
12.069723999999999
 20
41.123781000000001
 30
0
 11
12.6304859999999994
 21
41.123781000000001
 31
0
  0
LINE
  5
23F
330
1C
100
AcDbEntity
  8
F.Silkscreen
  6
CONTINUOUS
100
AcDbLine
 10
7.900182
 20
2.5437430000000001
 30
0
 11
7.3549289999999994
 21
3.3226769999999997
 31
0
  0
LINE
  5
240
330
1C
100
AcDbEntity
  8
F.Silkscreen
  6
CONTINUOUS
100
AcDbLine
 10
6.9654619999999996
 20
2.5437430000000001
 30
0
 11
6.9654619999999996
 21
4.1795029999999995
 31
0
  0
LINE
  5
241
330
1C
100
AcDbEntity
  8
F.Silkscreen
  6
CONTINUOUS
100
AcDbLine
 10
6.9654619999999996
 20
4.1795029999999995
 30
0
 11
7.5886089999999999
 21
4.1795029999999995
 31
0
  0
LINE
  5
242
330
1C
100
AcDbEntity
  8
F.Silkscreen
  6
CONTINUOUS
100
AcDbLine
 10
7.5886089999999999
 20
4.1795029999999995
 30
0
 11
7.7443960000000001
 21
4.10161
 31
0
  0
LINE
  5
243
330
1C
100
AcDbEntity
  8
F.Silkscreen
  6
CONTINUOUS
100
AcDbLine
 10
7.7443960000000001
 20
4.10161
 30
0
 11
7.8222889999999996
 21
4.0237169999999995
 31
0
  0
LINE
  5
244
330
1C
100
AcDbEntity
  8
F.Silkscreen
  6
CONTINUOUS
100
AcDbLine
 10
7.8222889999999996
 20
4.0237169999999995
 30
0
 11
7.900182
 21
3.8679299999999999
 31
0
  0
LINE
  5
245
330
1C
100
AcDbEntity
  8
F.Silkscreen
  6
CONTINUOUS
100
AcDbLine
 10
7.900182
 20
3.8679299999999999
 30
0
 11
7.900182
 21
3.6342499999999998
 31
0
  0
LINE
  5
246
330
1C
100
AcDbEntity
  8
F.Silkscreen
  6
CONTINUOUS
100
AcDbLine
 10
7.900182
 20
3.6342499999999998
 30
0
 11
7.8222889999999996
 21
3.4784629999999996
 31
0
  0
LINE
  5
247
330
1C
100
AcDbEntity
  8
F.Silkscreen
  6
CONTINUOUS
100
AcDbLine
 10
7.8222889999999996
 20
3.4784629999999996
 30
0
 11
7.7443960000000001
 21
3.4005699999999996
 31
0
  0
LINE
  5
248
330
1C
100
AcDbEntity
  8
F.Silkscreen
  6
CONTINUOUS
100
AcDbLine
 10
7.7443960000000001
 20
3.4005699999999996
 30
0
 11
7.5886089999999999
 21
3.3226769999999997
 31
0
  0
LINE
  5
249
330
1C
100
AcDbEntity
  8
F.Silkscreen
  6
CONTINUOUS
100
AcDbLine
 10
7.5886089999999999
 20
3.3226769999999997
 30
0
 11
6.9654619999999996
 21
3.3226769999999997
 31
0
  0
LINE
  5
24A
330
1C
100
AcDbEntity
  8
F.Silkscreen
  6
CONTINUOUS
100
AcDbLine
 10
9.1464759999999998
 20
3.4005699999999996
 30
0
 11
8.6012219999999999
 21
3.4005699999999996
 31
0
  0
LINE
  5
24B
330
1C
100
AcDbEntity
  8
F.Silkscreen
  6
CONTINUOUS
100
AcDbLine
 10
8.6012219999999999
 20
2.5437430000000001
 30
0
 11
8.6012219999999999
 21
4.1795029999999995
 31
0
  0
LINE
  5
24C
330
1C
100
AcDbEntity
  8
F.Silkscreen
  6
CONTINUOUS
100
AcDbLine
 10
8.6012219999999999
 20
4.1795029999999995
 30
0
 11
9.3801559999999995
 21
4.1795029999999995
 31
0
  0
LINE
  5
24D
330
1C
100
AcDbEntity
  8
F.Silkscreen
  6
CONTINUOUS
100
AcDbLine
 10
10.0033019999999997
 20
2.5437430000000001
 30
0
 11
10.0033019999999997
 21
4.1795029999999995
 31
0
  0
LINE
  5
24E
330
1C
100
AcDbEntity
  8
F.Silkscreen
  6
CONTINUOUS
100
AcDbLine
 10
10.782235
 20
2.5437430000000001
 30
0
 11
10.782235
 21
4.1795029999999995
 31
0
  0
LINE
  5
24F
330
1C
100
AcDbEntity
  8
F.Silkscreen
  6
CONTINUOUS
100
AcDbLine
 10
10.782235
 20
4.1795029999999995
 30
0
 11
11.7169549999999987
 21
2.5437430000000001
 31
0
  0
LINE
  5
250
330
1C
100
AcDbEntity
  8
F.Silkscreen
  6
CONTINUOUS
100
AcDbLine
 10
11.7169549999999987
 20
2.5437430000000001
 30
0
 11
11.7169549999999987
 21
4.1795029999999995
 31
0
  0
LINE
  5
251
330
1C
100
AcDbEntity
  8
F.Silkscreen
  6
CONTINUOUS
100
AcDbLine
 10
23.1691690000000001
 20
2.5937429999999999
 30
0
 11
22.6239159999999977
 21
3.3726769999999999
 31
0
  0
LINE
  5
252
330
1C
100
AcDbEntity
  8
F.Silkscreen
  6
CONTINUOUS
100
AcDbLine
 10
22.2344489999999979
 20
2.5937429999999999
 30
0
 11
22.2344489999999979
 21
4.2295030000000002
 31
0
  0
LINE
  5
253
330
1C
100
AcDbEntity
  8
F.Silkscreen
  6
CONTINUOUS
100
AcDbLine
 10
22.2344489999999979
 20
4.2295030000000002
 30
0
 11
22.8575959999999974
 21
4.2295030000000002
 31
0
  0
LINE
  5
254
330
1C
100
AcDbEntity
  8
F.Silkscreen
  6
CONTINUOUS
100
AcDbLine
 10
22.8575959999999974
 20
4.2295030000000002
 30
0
 11
23.0133829999999975
 21
4.1516099999999998
 31
0
  0
LINE
  5
255
330
1C
100
AcDbEntity
  8
F.Silkscreen
  6
CONTINUOUS
100
AcDbLine
 10
23.0133829999999975
 20
4.1516099999999998
 30
0
 11
23.0912760000000006
 21
4.0737170000000003
 31
0
  0
LINE
  5
256
330
1C
100
AcDbEntity
  8
F.Silkscreen
  6
CONTINUOUS
100
AcDbLine
 10
23.0912760000000006
 20
4.0737170000000003
 30
0
 11
23.1691690000000001
 21
3.9179299999999997
 31
0
  0
LINE
  5
257
330
1C
100
AcDbEntity
  8
F.Silkscreen
  6
CONTINUOUS
100
AcDbLine
 10
23.1691690000000001
 20
3.9179299999999997
 30
0
 11
23.1691690000000001
 21
3.68425
 31
0
  0
LINE
  5
258
330
1C
100
AcDbEntity
  8
F.Silkscreen
  6
CONTINUOUS
100
AcDbLine
 10
23.1691690000000001
 20
3.68425
 30
0
 11
23.0912760000000006
 21
3.5284629999999999
 31
0
  0
LINE
  5
259
330
1C
100
AcDbEntity
  8
F.Silkscreen
  6
CONTINUOUS
100
AcDbLine
 10
23.0912760000000006
 20
3.5284629999999999
 30
0
 11
23.0133829999999975
 21
3.4505699999999999
 31
0
  0
LINE
  5
25A
330
1C
100
AcDbEntity
  8
F.Silkscreen
  6
CONTINUOUS
100
AcDbLine
 10
23.0133829999999975
 20
3.4505699999999999
 30
0
 11
22.8575959999999974
 21
3.3726769999999999
 31
0
  0
LINE
  5
25B
330
1C
100
AcDbEntity
  8
F.Silkscreen
  6
CONTINUOUS
100
AcDbLine
 10
22.8575959999999974
 20
3.3726769999999999
 30
0
 11
22.2344489999999979
 21
3.3726769999999999
 31
0
  0
LINE
  5
25C
330
1C
100
AcDbEntity
  8
F.Silkscreen
  6
CONTINUOUS
100
AcDbLine
 10
24.415462999999999
 20
3.4505699999999999
 30
0
 11
23.8702089999999991
 21
3.4505699999999999
 31
0
  0
LINE
  5
25D
330
1C
100
AcDbEntity
  8
F.Silkscreen
  6
CONTINUOUS
100
AcDbLine
 10
23.8702089999999991
 20
2.5937429999999999
 30
0
 11
23.8702089999999991
 21
4.2295030000000002
 31
0
  0
LINE
  5
25E
330
1C
100
AcDbEntity
  8
F.Silkscreen
  6
CONTINUOUS
100
AcDbLine
 10
23.8702089999999991
 20
4.2295030000000002
 30
0
 11
24.6491429999999987
 21
4.2295030000000002
 31
0
  0
LINE
  5
25F
330
1C
100
AcDbEntity
  8
F.Silkscreen
  6
CONTINUOUS
100
AcDbLine
 10
25.5838629999999974
 20
4.2295030000000002
 30
0
 11
25.8954360000000001
 21
4.2295030000000002
 31
0
  0
LINE
  5
260
330
1C
100
AcDbEntity
  8
F.Silkscreen
  6
CONTINUOUS
100
AcDbLine
 10
25.8954360000000001
 20
4.2295030000000002
 30
0
 11
26.0512230000000002
 21
4.1516099999999998
 31
0
  0
LINE
  5
261
330
1C
100
AcDbEntity
  8
F.Silkscreen
  6
CONTINUOUS
100
AcDbLine
 10
26.0512230000000002
 20
4.1516099999999998
 30
0
 11
26.2070089999999993
 21
3.9958229999999997
 31
0
  0
LINE
  5
262
330
1C
100
AcDbEntity
  8
F.Silkscreen
  6
CONTINUOUS
100
AcDbLine
 10
26.2070089999999993
 20
3.9958229999999997
 30
0
 11
26.2849029999999999
 21
3.68425
 31
0
  0
LINE
  5
263
330
1C
100
AcDbEntity
  8
F.Silkscreen
  6
CONTINUOUS
100
AcDbLine
 10
26.2849029999999999
 20
3.68425
 30
0
 11
26.2849029999999999
 21
3.1389969999999998
 31
0
  0
LINE
  5
264
330
1C
100
AcDbEntity
  8
F.Silkscreen
  6
CONTINUOUS
100
AcDbLine
 10
26.2849029999999999
 20
3.1389969999999998
 30
0
 11
26.2070089999999993
 21
2.827423
 31
0
  0
LINE
  5
265
330
1C
100
AcDbEntity
  8
F.Silkscreen
  6
CONTINUOUS
100
AcDbLine
 10
26.2070089999999993
 20
2.827423
 30
0
 11
26.0512230000000002
 21
2.671637
 31
0
  0
LINE
  5
266
330
1C
100
AcDbEntity
  8
F.Silkscreen
  6
CONTINUOUS
100
AcDbLine
 10
26.0512230000000002
 20
2.671637
 30
0
 11
25.8954360000000001
 21
2.5937429999999999
 31
0
  0
LINE
  5
267
330
1C
100
AcDbEntity
  8
F.Silkscreen
  6
CONTINUOUS
100
AcDbLine
 10
25.8954360000000001
 20
2.5937429999999999
 30
0
 11
25.5838629999999974
 21
2.5937429999999999
 31
0
  0
LINE
  5
268
330
1C
100
AcDbEntity
  8
F.Silkscreen
  6
CONTINUOUS
100
AcDbLine
 10
25.5838629999999974
 20
2.5937429999999999
 30
0
 11
25.4280759999999972
 21
2.671637
 31
0
  0
LINE
  5
269
330
1C
100
AcDbEntity
  8
F.Silkscreen
  6
CONTINUOUS
100
AcDbLine
 10
25.4280759999999972
 20
2.671637
 30
0
 11
25.2722889999999971
 21
2.827423
 31
0
  0
LINE
  5
26A
330
1C
100
AcDbEntity
  8
F.Silkscreen
  6
CONTINUOUS
100
AcDbLine
 10
25.2722889999999971
 20
2.827423
 30
0
 11
25.1943959999999976
 21
3.1389969999999998
 31
0
  0
LINE
  5
26B
330
1C
100
AcDbEntity
  8
F.Silkscreen
  6
CONTINUOUS
100
AcDbLine
 10
25.1943959999999976
 20
3.1389969999999998
 30
0
 11
25.1943959999999976
 21
3.68425
 31
0
  0
LINE
  5
26C
330
1C
100
AcDbEntity
  8
F.Silkscreen
  6
CONTINUOUS
100
AcDbLine
 10
25.1943959999999976
 20
3.68425
 30
0
 11
25.2722889999999971
 21
3.9958229999999997
 31
0
  0
LINE
  5
26D
330
1C
100
AcDbEntity
  8
F.Silkscreen
  6
CONTINUOUS
100
AcDbLine
 10
25.2722889999999971
 20
3.9958229999999997
 30
0
 11
25.4280759999999972
 21
4.1516099999999998
 31
0
  0
LINE
  5
26E
330
1C
100
AcDbEntity
  8
F.Silkscreen
  6
CONTINUOUS
100
AcDbLine
 10
25.4280759999999972
 20
4.1516099999999998
 30
0
 11
25.5838629999999974
 21
4.2295030000000002
 31
0
  0
LINE
  5
26F
330
1C
100
AcDbEntity
  8
F.Silkscreen
  6
CONTINUOUS
100
AcDbLine
 10
26.9859419999999979
 20
4.2295030000000002
 30
0
 11
26.9859419999999979
 21
2.9053169999999997
 31
0
  0
LINE
  5
270
330
1C
100
AcDbEntity
  8
F.Silkscreen
  6
CONTINUOUS
100
AcDbLine
 10
26.9859419999999979
 20
2.9053169999999997
 30
0
 11
27.0638359999999984
 21
2.74953
 31
0
  0
LINE
  5
271
330
1C
100
AcDbEntity
  8
F.Silkscreen
  6
CONTINUOUS
100
AcDbLine
 10
27.0638359999999984
 20
2.74953
 30
0
 11
27.141728999999998
 21
2.671637
 31
0
  0
LINE
  5
272
330
1C
100
AcDbEntity
  8
F.Silkscreen
  6
CONTINUOUS
100
AcDbLine
 10
27.141728999999998
 20
2.671637
 30
0
 11
27.2975159999999981
 21
2.5937429999999999
 31
0
  0
LINE
  5
273
330
1C
100
AcDbEntity
  8
F.Silkscreen
  6
CONTINUOUS
100
AcDbLine
 10
27.2975159999999981
 20
2.5937429999999999
 30
0
 11
27.6090889999999973
 21
2.5937429999999999
 31
0
  0
LINE
  5
274
330
1C
100
AcDbEntity
  8
F.Silkscreen
  6
CONTINUOUS
100
AcDbLine
 10
27.6090889999999973
 20
2.5937429999999999
 30
0
 11
27.7648759999999974
 21
2.671637
 31
0
  0
LINE
  5
275
330
1C
100
AcDbEntity
  8
F.Silkscreen
  6
CONTINUOUS
100
AcDbLine
 10
27.7648759999999974
 20
2.671637
 30
0
 11
27.842768999999997
 21
2.74953
 31
0
  0
LINE
  5
276
330
1C
100
AcDbEntity
  8
F.Silkscreen
  6
CONTINUOUS
100
AcDbLine
 10
27.842768999999997
 20
2.74953
 30
0
 11
27.9206620000000001
 21
2.9053169999999997
 31
0
  0
LINE
  5
277
330
1C
100
AcDbEntity
  8
F.Silkscreen
  6
CONTINUOUS
100
AcDbLine
 10
27.9206620000000001
 20
2.9053169999999997
 30
0
 11
27.9206620000000001
 21
4.2295030000000002
 31
0
  0
LINE
  5
278
330
1C
100
AcDbEntity
  8
F.Silkscreen
  6
CONTINUOUS
100
AcDbLine
 10
28.465914999999999
 20
4.2295030000000002
 30
0
 11
29.4006349999999976
 21
4.2295030000000002
 31
0
  0
LINE
  5
279
330
1C
100
AcDbEntity
  8
F.Silkscreen
  6
CONTINUOUS
100
AcDbLine
 10
28.9332749999999983
 20
2.5937429999999999
 30
0
 11
28.9332749999999983
 21
4.2295030000000002
 31
0
  0
LINE
  5
27A
330
1C
100
AcDbEntity
  8
F.Silkscreen
  6
CONTINUOUS
100
AcDbLine
 10
14.6345499999999991
 20
52.4898710000000008
 30
0
 11
14.5566569999999995
 21
52.3340839999999972
 31
0
  0
LINE
  5
27B
330
1C
100
AcDbEntity
  8
F.Silkscreen
  6
CONTINUOUS
100
AcDbLine
 10
14.5566569999999995
 20
52.3340839999999972
 30
0
 11
14.5566569999999995
 21
52.1004039999999975
 31
0
  0
LINE
  5
27C
330
1C
100
AcDbEntity
  8
F.Silkscreen
  6
CONTINUOUS
100
AcDbLine
 10
14.5566569999999995
 20
52.1004039999999975
 30
0
 11
14.6345499999999991
 21
51.8667239999999978
 31
0
  0
LINE
  5
27D
330
1C
100
AcDbEntity
  8
F.Silkscreen
  6
CONTINUOUS
100
AcDbLine
 10
14.6345499999999991
 20
51.8667239999999978
 30
0
 11
14.7903369999999992
 21
51.7109379999999987
 31
0
  0
LINE
  5
27E
330
1C
100
AcDbEntity
  8
F.Silkscreen
  6
CONTINUOUS
100
AcDbLine
 10
14.7903369999999992
 20
51.7109379999999987
 30
0
 11
14.9461239999999993
 21
51.6330439999999982
 31
0
  0
LINE
  5
27F
330
1C
100
AcDbEntity
  8
F.Silkscreen
  6
CONTINUOUS
100
AcDbLine
 10
14.9461239999999993
 20
51.6330439999999982
 30
0
 11
15.2576969999999985
 21
51.5551509999999951
 31
0
  0
LINE
  5
280
330
1C
100
AcDbEntity
  8
F.Silkscreen
  6
CONTINUOUS
100
AcDbLine
 10
15.2576969999999985
 20
51.5551509999999951
 30
0
 11
15.491377
 21
51.5551509999999951
 31
0
  0
LINE
  5
281
330
1C
100
AcDbEntity
  8
F.Silkscreen
  6
CONTINUOUS
100
AcDbLine
 10
15.491377
 20
51.5551509999999951
 30
0
 11
15.8029499999999992
 21
51.6330439999999982
 31
0
  0
LINE
  5
282
330
1C
100
AcDbEntity
  8
F.Silkscreen
  6
CONTINUOUS
100
AcDbLine
 10
15.8029499999999992
 20
51.6330439999999982
 30
0
 11
15.9587369999999993
 21
51.7109379999999987
 31
0
  0
LINE
  5
283
330
1C
100
AcDbEntity
  8
F.Silkscreen
  6
CONTINUOUS
100
AcDbLine
 10
15.9587369999999993
 20
51.7109379999999987
 30
0
 11
16.1145239999999994
 21
51.8667239999999978
 31
0
  0
LINE
  5
284
330
1C
100
AcDbEntity
  8
F.Silkscreen
  6
CONTINUOUS
100
AcDbLine
 10
16.1145239999999994
 20
51.8667239999999978
 30
0
 11
16.1924169999999989
 21
52.1004039999999975
 31
0
  0
LINE
  5
285
330
1C
100
AcDbEntity
  8
F.Silkscreen
  6
CONTINUOUS
100
AcDbLine
 10
16.1924169999999989
 20
52.1004039999999975
 30
0
 11
16.1924169999999989
 21
52.2561910000000012
 31
0
  0
LINE
  5
286
330
1C
100
AcDbEntity
  8
F.Silkscreen
  6
CONTINUOUS
100
AcDbLine
 10
16.1924169999999989
 20
52.2561910000000012
 30
0
 11
16.1145239999999994
 21
52.4898710000000008
 31
0
  0
LINE
  5
287
330
1C
100
AcDbEntity
  8
F.Silkscreen
  6
CONTINUOUS
100
AcDbLine
 10
16.1145239999999994
 20
52.4898710000000008
 30
0
 11
16.0366299999999988
 21
52.5677639999999968
 31
0
  0
LINE
  5
288
330
1C
100
AcDbEntity
  8
F.Silkscreen
  6
CONTINUOUS
100
AcDbLine
 10
16.0366299999999988
 20
52.5677639999999968
 30
0
 11
15.491377
 21
52.5677639999999968
 31
0
  0
LINE
  5
289
330
1C
100
AcDbEntity
  8
F.Silkscreen
  6
CONTINUOUS
100
AcDbLine
 10
15.491377
 20
52.5677639999999968
 30
0
 11
15.491377
 21
52.2561910000000012
 31
0
  0
LINE
  5
28A
330
1C
100
AcDbEntity
  8
F.Silkscreen
  6
CONTINUOUS
100
AcDbLine
 10
16.1924169999999989
 20
53.2688039999999958
 30
0
 11
14.5566569999999995
 21
53.2688039999999958
 31
0
  0
LINE
  5
28B
330
1C
100
AcDbEntity
  8
F.Silkscreen
  6
CONTINUOUS
100
AcDbLine
 10
14.5566569999999995
 20
53.2688039999999958
 30
0
 11
16.1924169999999989
 21
54.2035239999999945
 31
0
  0
LINE
  5
28C
330
1C
100
AcDbEntity
  8
F.Silkscreen
  6
CONTINUOUS
100
AcDbLine
 10
16.1924169999999989
 20
54.2035239999999945
 30
0
 11
14.5566569999999995
 21
54.2035239999999945
 31
0
  0
LINE
  5
28D
330
1C
100
AcDbEntity
  8
F.Silkscreen
  6
CONTINUOUS
100
AcDbLine
 10
16.1924169999999989
 20
54.9824569999999966
 30
0
 11
14.5566569999999995
 21
54.9824569999999966
 31
0
  0
LINE
  5
28E
330
1C
100
AcDbEntity
  8
F.Silkscreen
  6
CONTINUOUS
100
AcDbLine
 10
14.5566569999999995
 20
54.9824569999999966
 30
0
 11
14.5566569999999995
 21
55.3719239999999999
 31
0
  0
LINE
  5
28F
330
1C
100
AcDbEntity
  8
F.Silkscreen
  6
CONTINUOUS
100
AcDbLine
 10
14.5566569999999995
 20
55.3719239999999999
 30
0
 11
14.6345499999999991
 21
55.6056039999999996
 31
0
  0
LINE
  5
290
330
1C
100
AcDbEntity
  8
F.Silkscreen
  6
CONTINUOUS
100
AcDbLine
 10
14.6345499999999991
 20
55.6056039999999996
 30
0
 11
14.7903369999999992
 21
55.7613909999999962
 31
0
  0
LINE
  5
291
330
1C
100
AcDbEntity
  8
F.Silkscreen
  6
CONTINUOUS
100
AcDbLine
 10
14.7903369999999992
 20
55.7613909999999962
 30
0
 11
14.9461239999999993
 21
55.8392839999999993
 31
0
  0
LINE
  5
292
330
1C
100
AcDbEntity
  8
F.Silkscreen
  6
CONTINUOUS
100
AcDbLine
 10
14.9461239999999993
 20
55.8392839999999993
 30
0
 11
15.2576969999999985
 21
55.9171769999999952
 31
0
  0
LINE
  5
293
330
1C
100
AcDbEntity
  8
F.Silkscreen
  6
CONTINUOUS
100
AcDbLine
 10
15.2576969999999985
 20
55.9171769999999952
 30
0
 11
15.491377
 21
55.9171769999999952
 31
0
  0
LINE
  5
294
330
1C
100
AcDbEntity
  8
F.Silkscreen
  6
CONTINUOUS
100
AcDbLine
 10
15.491377
 20
55.9171769999999952
 30
0
 11
15.8029499999999992
 21
55.8392839999999993
 31
0
  0
LINE
  5
295
330
1C
100
AcDbEntity
  8
F.Silkscreen
  6
CONTINUOUS
100
AcDbLine
 10
15.8029499999999992
 20
55.8392839999999993
 30
0
 11
15.9587369999999993
 21
55.7613909999999962
 31
0
  0
LINE
  5
296
330
1C
100
AcDbEntity
  8
F.Silkscreen
  6
CONTINUOUS
100
AcDbLine
 10
15.9587369999999993
 20
55.7613909999999962
 30
0
 11
16.1145239999999994
 21
55.6056039999999996
 31
0
  0
LINE
  5
297
330
1C
100
AcDbEntity
  8
F.Silkscreen
  6
CONTINUOUS
100
AcDbLine
 10
16.1145239999999994
 20
55.6056039999999996
 30
0
 11
16.1924169999999989
 21
55.3719239999999999
 31
0
  0
LINE
  5
298
330
1C
100
AcDbEntity
  8
F.Silkscreen
  6
CONTINUOUS
100
AcDbLine
 10
16.1924169999999989
 20
55.3719239999999999
 30
0
 11
16.1924169999999989
 21
54.9824569999999966
 31
0
  0
LINE
  5
299
330
1C
100
AcDbEntity
  8
F.Silkscreen
  6
CONTINUOUS
100
AcDbLine
 10
21.1443109999999983
 20
20.8030240000000006
 30
0
 11
20.9722690000000007
 21
21.0487989999999989
 31
0
  0
LINE
  5
29A
330
1C
100
AcDbEntity
  8
F.Silkscreen
  6
CONTINUOUS
100
AcDbLine
 10
20.8493809999999975
 20
20.8030240000000006
 30
0
 11
20.8493809999999975
 21
21.319151999999999
 31
0
  0
LINE
  5
29B
330
1C
100
AcDbEntity
  8
F.Silkscreen
  6
CONTINUOUS
100
AcDbLine
 10
20.8493809999999975
 20
21.319151999999999
 30
0
 11
21.0460010000000004
 21
21.319151999999999
 31
0
  0
LINE
  5
29C
330
1C
100
AcDbEntity
  8
F.Silkscreen
  6
CONTINUOUS
100
AcDbLine
 10
21.0460010000000004
 20
21.319151999999999
 30
0
 11
21.0951559999999994
 21
21.2945740000000008
 31
0
  0
LINE
  5
29D
330
1C
100
AcDbEntity
  8
F.Silkscreen
  6
CONTINUOUS
100
AcDbLine
 10
21.0951559999999994
 20
21.2945740000000008
 30
0
 11
21.1197339999999976
 21
21.269997
 31
0
  0
LINE
  5
29E
330
1C
100
AcDbEntity
  8
F.Silkscreen
  6
CONTINUOUS
100
AcDbLine
 10
21.1197339999999976
 20
21.269997
 30
0
 11
21.1443109999999983
 21
21.2208419999999975
 31
0
  0
LINE
  5
29F
330
1C
100
AcDbEntity
  8
F.Silkscreen
  6
CONTINUOUS
100
AcDbLine
 10
21.1443109999999983
 20
21.2208419999999975
 30
0
 11
21.1443109999999983
 21
21.1471090000000004
 31
0
  0
LINE
  5
2A0
330
1C
100
AcDbEntity
  8
F.Silkscreen
  6
CONTINUOUS
100
AcDbLine
 10
21.1443109999999983
 20
21.1471090000000004
 30
0
 11
21.1197339999999976
 21
21.0979539999999979
 31
0
  0
LINE
  5
2A1
330
1C
100
AcDbEntity
  8
F.Silkscreen
  6
CONTINUOUS
100
AcDbLine
 10
21.1197339999999976
 20
21.0979539999999979
 30
0
 11
21.0951559999999994
 21
21.0733770000000007
 31
0
  0
LINE
  5
2A2
330
1C
100
AcDbEntity
  8
F.Silkscreen
  6
CONTINUOUS
100
AcDbLine
 10
21.0951559999999994
 20
21.0733770000000007
 30
0
 11
21.0460010000000004
 21
21.0487989999999989
 31
0
  0
LINE
  5
2A3
330
1C
100
AcDbEntity
  8
F.Silkscreen
  6
CONTINUOUS
100
AcDbLine
 10
21.0460010000000004
 20
21.0487989999999989
 30
0
 11
20.8493809999999975
 21
21.0487989999999989
 31
0
  0
LINE
  5
2A4
330
1C
100
AcDbEntity
  8
F.Silkscreen
  6
CONTINUOUS
100
AcDbLine
 10
21.4392420000000001
 20
21.0979539999999979
 30
0
 11
21.3900869999999976
 21
21.1225319999999996
 31
0
  0
LINE
  5
2A5
330
1C
100
AcDbEntity
  8
F.Silkscreen
  6
CONTINUOUS
100
AcDbLine
 10
21.3900869999999976
 20
21.1225319999999996
 30
0
 11
21.3655089999999994
 21
21.1471090000000004
 31
0
  0
LINE
  5
2A6
330
1C
100
AcDbEntity
  8
F.Silkscreen
  6
CONTINUOUS
100
AcDbLine
 10
21.3655089999999994
 20
21.1471090000000004
 30
0
 11
21.3409319999999987
 21
21.1962639999999993
 31
0
  0
LINE
  5
2A7
330
1C
100
AcDbEntity
  8
F.Silkscreen
  6
CONTINUOUS
100
AcDbLine
 10
21.3409319999999987
 20
21.1962639999999993
 30
0
 11
21.3409319999999987
 21
21.2208419999999975
 31
0
  0
LINE
  5
2A8
330
1C
100
AcDbEntity
  8
F.Silkscreen
  6
CONTINUOUS
100
AcDbLine
 10
21.3409319999999987
 20
21.2208419999999975
 30
0
 11
21.3655089999999994
 21
21.269997
 31
0
  0
LINE
  5
2A9
330
1C
100
AcDbEntity
  8
F.Silkscreen
  6
CONTINUOUS
100
AcDbLine
 10
21.3655089999999994
 20
21.269997
 30
0
 11
21.3900869999999976
 21
21.2945740000000008
 31
0
  0
LINE
  5
2AA
330
1C
100
AcDbEntity
  8
F.Silkscreen
  6
CONTINUOUS
100
AcDbLine
 10
21.3900869999999976
 20
21.2945740000000008
 30
0
 11
21.4392420000000001
 21
21.319151999999999
 31
0
  0
LINE
  5
2AB
330
1C
100
AcDbEntity
  8
F.Silkscreen
  6
CONTINUOUS
100
AcDbLine
 10
21.4392420000000001
 20
21.319151999999999
 30
0
 11
21.537551999999998
 21
21.319151999999999
 31
0
  0
LINE
  5
2AC
330
1C
100
AcDbEntity
  8
F.Silkscreen
  6
CONTINUOUS
100
AcDbLine
 10
21.537551999999998
 20
21.319151999999999
 30
0
 11
21.5867070000000005
 21
21.2945740000000008
 31
0
  0
LINE
  5
2AD
330
1C
100
AcDbEntity
  8
F.Silkscreen
  6
CONTINUOUS
100
AcDbLine
 10
21.5867070000000005
 20
21.2945740000000008
 30
0
 11
21.6112839999999977
 21
21.269997
 31
0
  0
LINE
  5
2AE
330
1C
100
AcDbEntity
  8
F.Silkscreen
  6
CONTINUOUS
100
AcDbLine
 10
21.6112839999999977
 20
21.269997
 30
0
 11
21.6358619999999995
 21
21.2208419999999975
 31
0
  0
LINE
  5
2AF
330
1C
100
AcDbEntity
  8
F.Silkscreen
  6
CONTINUOUS
100
AcDbLine
 10
21.6358619999999995
 20
21.2208419999999975
 30
0
 11
21.6358619999999995
 21
21.1962639999999993
 31
0
  0
LINE
  5
2B0
330
1C
100
AcDbEntity
  8
F.Silkscreen
  6
CONTINUOUS
100
AcDbLine
 10
21.6358619999999995
 20
21.1962639999999993
 30
0
 11
21.6112839999999977
 21
21.1471090000000004
 31
0
  0
LINE
  5
2B1
330
1C
100
AcDbEntity
  8
F.Silkscreen
  6
CONTINUOUS
100
AcDbLine
 10
21.6112839999999977
 20
21.1471090000000004
 30
0
 11
21.5867070000000005
 21
21.1225319999999996
 31
0
  0
LINE
  5
2B2
330
1C
100
AcDbEntity
  8
F.Silkscreen
  6
CONTINUOUS
100
AcDbLine
 10
21.5867070000000005
 20
21.1225319999999996
 30
0
 11
21.537551999999998
 21
21.0979539999999979
 31
0
  0
LINE
  5
2B3
330
1C
100
AcDbEntity
  8
F.Silkscreen
  6
CONTINUOUS
100
AcDbLine
 10
21.537551999999998
 20
21.0979539999999979
 30
0
 11
21.4392420000000001
 21
21.0979539999999979
 31
0
  0
LINE
  5
2B4
330
1C
100
AcDbEntity
  8
F.Silkscreen
  6
CONTINUOUS
100
AcDbLine
 10
21.4392420000000001
 20
21.0979539999999979
 30
0
 11
21.3900869999999976
 21
21.0733770000000007
 31
0
  0
LINE
  5
2B5
330
1C
100
AcDbEntity
  8
F.Silkscreen
  6
CONTINUOUS
100
AcDbLine
 10
21.3900869999999976
 20
21.0733770000000007
 30
0
 11
21.3655089999999994
 21
21.0487989999999989
 31
0
  0
LINE
  5
2B6
330
1C
100
AcDbEntity
  8
F.Silkscreen
  6
CONTINUOUS
100
AcDbLine
 10
21.3655089999999994
 20
21.0487989999999989
 30
0
 11
21.3409319999999987
 21
20.999644
 31
0
  0
LINE
  5
2B7
330
1C
100
AcDbEntity
  8
F.Silkscreen
  6
CONTINUOUS
100
AcDbLine
 10
21.3409319999999987
 20
20.999644
 30
0
 11
21.3409319999999987
 21
20.9013339999999985
 31
0
  0
LINE
  5
2B8
330
1C
100
AcDbEntity
  8
F.Silkscreen
  6
CONTINUOUS
100
AcDbLine
 10
21.3409319999999987
 20
20.9013339999999985
 30
0
 11
21.3655089999999994
 21
20.8521789999999996
 31
0
  0
LINE
  5
2B9
330
1C
100
AcDbEntity
  8
F.Silkscreen
  6
CONTINUOUS
100
AcDbLine
 10
21.3655089999999994
 20
20.8521789999999996
 30
0
 11
21.3900869999999976
 21
20.8276019999999988
 31
0
  0
LINE
  5
2BA
330
1C
100
AcDbEntity
  8
F.Silkscreen
  6
CONTINUOUS
100
AcDbLine
 10
21.3900869999999976
 20
20.8276019999999988
 30
0
 11
21.4392420000000001
 21
20.8030240000000006
 31
0
  0
LINE
  5
2BB
330
1C
100
AcDbEntity
  8
F.Silkscreen
  6
CONTINUOUS
100
AcDbLine
 10
21.4392420000000001
 20
20.8030240000000006
 30
0
 11
21.537551999999998
 21
20.8030240000000006
 31
0
  0
LINE
  5
2BC
330
1C
100
AcDbEntity
  8
F.Silkscreen
  6
CONTINUOUS
100
AcDbLine
 10
21.537551999999998
 20
20.8030240000000006
 30
0
 11
21.5867070000000005
 21
20.8276019999999988
 31
0
  0
LINE
  5
2BD
330
1C
100
AcDbEntity
  8
F.Silkscreen
  6
CONTINUOUS
100
AcDbLine
 10
21.5867070000000005
 20
20.8276019999999988
 30
0
 11
21.6112839999999977
 21
20.8521789999999996
 31
0
  0
LINE
  5
2BE
330
1C
100
AcDbEntity
  8
F.Silkscreen
  6
CONTINUOUS
100
AcDbLine
 10
21.6112839999999977
 20
20.8521789999999996
 30
0
 11
21.6358619999999995
 21
20.9013339999999985
 31
0
  0
LINE
  5
2BF
330
1C
100
AcDbEntity
  8
F.Silkscreen
  6
CONTINUOUS
100
AcDbLine
 10
21.6358619999999995
 20
20.9013339999999985
 30
0
 11
21.6358619999999995
 21
20.999644
 31
0
  0
LINE
  5
2C0
330
1C
100
AcDbEntity
  8
F.Silkscreen
  6
CONTINUOUS
100
AcDbLine
 10
21.6358619999999995
 20
20.999644
 30
0
 11
21.6112839999999977
 21
21.0487989999999989
 31
0
  0
LINE
  5
2C1
330
1C
100
AcDbEntity
  8
F.Silkscreen
  6
CONTINUOUS
100
AcDbLine
 10
21.6112839999999977
 20
21.0487989999999989
 30
0
 11
21.5867070000000005
 21
21.0733770000000007
 31
0
  0
LINE
  5
2C2
330
1C
100
AcDbEntity
  8
F.Silkscreen
  6
CONTINUOUS
100
AcDbLine
 10
21.5867070000000005
 20
21.0733770000000007
 30
0
 11
21.537551999999998
 21
21.0979539999999979
 31
0
  0
LINE
  5
2C3
330
1C
100
AcDbEntity
  8
F.Silkscreen
  6
CONTINUOUS
100
AcDbLine
 10
27.8446879999999979
 20
54.6105090000000004
 30
0
 11
29.154481999999998
 21
54.6105090000000004
 31
0
  0
LINE
  5
2C4
330
1C
100
AcDbEntity
  8
F.Silkscreen
  6
CONTINUOUS
100
AcDbLine
 10
29.154481999999998
 20
54.6105090000000004
 30
0
 11
29.3085749999999976
 21
54.6875560000000007
 31
0
  0
LINE
  5
2C5
330
1C
100
AcDbEntity
  8
F.Silkscreen
  6
CONTINUOUS
100
AcDbLine
 10
29.3085749999999976
 20
54.6875560000000007
 30
0
 11
29.3856219999999979
 21
54.7646019999999965
 31
0
  0
LINE
  5
2C6
330
1C
100
AcDbEntity
  8
F.Silkscreen
  6
CONTINUOUS
100
AcDbLine
 10
29.3856219999999979
 20
54.7646019999999965
 30
0
 11
29.4626679999999972
 21
54.9186959999999971
 31
0
  0
LINE
  5
2C7
330
1C
100
AcDbEntity
  8
F.Silkscreen
  6
CONTINUOUS
100
AcDbLine
 10
29.4626679999999972
 20
54.9186959999999971
 30
0
 11
29.4626679999999972
 21
55.2268819999999963
 31
0
  0
LINE
  5
2C8
330
1C
100
AcDbEntity
  8
F.Silkscreen
  6
CONTINUOUS
100
AcDbLine
 10
29.4626679999999972
 20
55.2268819999999963
 30
0
 11
29.3856219999999979
 21
55.3809759999999969
 31
0
  0
LINE
  5
2C9
330
1C
100
AcDbEntity
  8
F.Silkscreen
  6
CONTINUOUS
100
AcDbLine
 10
29.3856219999999979
 20
55.3809759999999969
 30
0
 11
29.3085749999999976
 21
55.4580219999999997
 31
0
  0
LINE
  5
2CA
330
1C
100
AcDbEntity
  8
F.Silkscreen
  6
CONTINUOUS
100
AcDbLine
 10
29.3085749999999976
 20
55.4580219999999997
 30
0
 11
29.154481999999998
 21
55.535069
 31
0
  0
LINE
  5
2CB
330
1C
100
AcDbEntity
  8
F.Silkscreen
  6
CONTINUOUS
100
AcDbLine
 10
29.154481999999998
 20
55.535069
 30
0
 11
27.8446879999999979
 21
55.535069
 31
0
  0
LINE
  5
2CC
330
1C
100
AcDbEntity
  8
F.Silkscreen
  6
CONTINUOUS
100
AcDbLine
 10
29.4626679999999972
 20
56.3055359999999965
 30
0
 11
27.8446879999999979
 21
56.3055359999999965
 31
0
  0
LINE
  5
2CD
330
1C
100
AcDbEntity
  8
F.Silkscreen
  6
CONTINUOUS
100
AcDbLine
 10
27.8446879999999979
 20
56.3055359999999965
 30
0
 11
29.4626679999999972
 21
57.2300959999999961
 31
0
  0
LINE
  5
2CE
330
1C
100
AcDbEntity
  8
F.Silkscreen
  6
CONTINUOUS
100
AcDbLine
 10
29.4626679999999972
 20
57.2300959999999961
 30
0
 11
27.8446879999999979
 21
57.2300959999999961
 31
0
  0
LINE
  5
2CF
330
1C
100
AcDbEntity
  8
F.Silkscreen
  6
CONTINUOUS
100
AcDbLine
 10
29.4626679999999972
 20
58.0005629999999996
 30
0
 11
27.8446879999999979
 21
58.0005629999999996
 31
0
  0
LINE
  5
2D0
330
1C
100
AcDbEntity
  8
F.Silkscreen
  6
CONTINUOUS
100
AcDbLine
 10
29.4626679999999972
 20
58.9251229999999993
 30
0
 11
28.5381079999999976
 21
58.231702999999996
 31
0
  0
LINE
  5
2D1
330
1C
100
AcDbEntity
  8
F.Silkscreen
  6
CONTINUOUS
100
AcDbLine
 10
27.8446879999999979
 20
58.9251229999999993
 30
0
 11
28.7692479999999975
 21
58.0005629999999996
 31
0
  0
LINE
  5
2D2
330
1C
100
AcDbEntity
  8
F.Silkscreen
  6
CONTINUOUS
100
AcDbLine
 10
27.9987819999999985
 20
59.5414959999999951
 30
0
 11
27.9217349999999982
 21
59.6185429999999954
 31
0
  0
LINE
  5
2D3
330
1C
100
AcDbEntity
  8
F.Silkscreen
  6
CONTINUOUS
100
AcDbLine
 10
27.9217349999999982
 20
59.6185429999999954
 30
0
 11
27.8446879999999979
 21
59.7726359999999985
 31
0
  0
LINE
  5
2D4
330
1C
100
AcDbEntity
  8
F.Silkscreen
  6
CONTINUOUS
100
AcDbLine
 10
27.8446879999999979
 20
59.7726359999999985
 30
0
 11
27.8446879999999979
 21
60.1578699999999955
 31
0
  0
LINE
  5
2D5
330
1C
100
AcDbEntity
  8
F.Silkscreen
  6
CONTINUOUS
100
AcDbLine
 10
27.8446879999999979
 20
60.1578699999999955
 30
0
 11
27.9217349999999982
 21
60.3119629999999987
 31
0
  0
LINE
  5
2D6
330
1C
100
AcDbEntity
  8
F.Silkscreen
  6
CONTINUOUS
100
AcDbLine
 10
27.9217349999999982
 20
60.3119629999999987
 30
0
 11
27.9987819999999985
 21
60.389009999999999
 31
0
  0
LINE
  5
2D7
330
1C
100
AcDbEntity
  8
F.Silkscreen
  6
CONTINUOUS
100
AcDbLine
 10
27.9987819999999985
 20
60.389009999999999
 30
0
 11
28.1528749999999981
 21
60.4660559999999947
 31
0
  0
LINE
  5
2D8
330
1C
100
AcDbEntity
  8
F.Silkscreen
  6
CONTINUOUS
100
AcDbLine
 10
28.1528749999999981
 20
60.4660559999999947
 30
0
 11
28.3069679999999977
 21
60.4660559999999947
 31
0
  0
LINE
  5
2D9
330
1C
100
AcDbEntity
  8
F.Silkscreen
  6
CONTINUOUS
100
AcDbLine
 10
28.3069679999999977
 20
60.4660559999999947
 30
0
 11
28.5381079999999976
 21
60.389009999999999
 31
0
  0
LINE
  5
2DA
330
1C
100
AcDbEntity
  8
F.Silkscreen
  6
CONTINUOUS
100
AcDbLine
 10
28.5381079999999976
 20
60.389009999999999
 30
0
 11
29.4626679999999972
 21
59.4644499999999994
 31
0
  0
LINE
  5
2DB
330
1C
100
AcDbEntity
  8
F.Silkscreen
  6
CONTINUOUS
100
AcDbLine
 10
29.4626679999999972
 20
59.4644499999999994
 30
0
 11
29.4626679999999972
 21
60.4660559999999947
 31
0
  0
LINE
  5
2DC
330
1C
100
AcDbEntity
  8
F.Silkscreen
  6
CONTINUOUS
100
AcDbLine
 10
27.9987819999999985
 20
61.0824289999999976
 30
0
 11
27.9217349999999982
 21
61.159475999999998
 31
0
  0
LINE
  5
2DD
330
1C
100
AcDbEntity
  8
F.Silkscreen
  6
CONTINUOUS
100
AcDbLine
 10
27.9217349999999982
 20
61.159475999999998
 30
0
 11
27.8446879999999979
 21
61.313568999999994
 31
0
  0
LINE
  5
2DE
330
1C
100
AcDbEntity
  8
F.Silkscreen
  6
CONTINUOUS
100
AcDbLine
 10
27.8446879999999979
 20
61.313568999999994
 30
0
 11
27.8446879999999979
 21
61.6988029999999981
 31
0
  0
LINE
  5
2DF
330
1C
100
AcDbEntity
  8
F.Silkscreen
  6
CONTINUOUS
100
AcDbLine
 10
27.8446879999999979
 20
61.6988029999999981
 30
0
 11
27.9217349999999982
 21
61.8528959999999941
 31
0
  0
LINE
  5
2E0
330
1C
100
AcDbEntity
  8
F.Silkscreen
  6
CONTINUOUS
100
AcDbLine
 10
27.9217349999999982
 20
61.8528959999999941
 30
0
 11
27.9987819999999985
 21
61.9299429999999944
 31
0
  0
LINE
  5
2E1
330
1C
100
AcDbEntity
  8
F.Silkscreen
  6
CONTINUOUS
100
AcDbLine
 10
27.9987819999999985
 20
61.9299429999999944
 30
0
 11
28.1528749999999981
 21
62.0069889999999972
 31
0
  0
LINE
  5
2E2
330
1C
100
AcDbEntity
  8
F.Silkscreen
  6
CONTINUOUS
100
AcDbLine
 10
28.1528749999999981
 20
62.0069889999999972
 30
0
 11
28.3069679999999977
 21
62.0069889999999972
 31
0
  0
LINE
  5
2E3
330
1C
100
AcDbEntity
  8
F.Silkscreen
  6
CONTINUOUS
100
AcDbLine
 10
28.3069679999999977
 20
62.0069889999999972
 30
0
 11
28.5381079999999976
 21
61.9299429999999944
 31
0
  0
LINE
  5
2E4
330
1C
100
AcDbEntity
  8
F.Silkscreen
  6
CONTINUOUS
100
AcDbLine
 10
28.5381079999999976
 20
61.9299429999999944
 30
0
 11
29.4626679999999972
 21
61.0053829999999948
 31
0
  0
LINE
  5
2E5
330
1C
100
AcDbEntity
  8
F.Silkscreen
  6
CONTINUOUS
100
AcDbLine
 10
29.4626679999999972
 20
61.0053829999999948
 30
0
 11
29.4626679999999972
 21
62.0069889999999972
 31
0
  0
LINE
  5
2E6
330
1C
100
AcDbEntity
  8
F.Silkscreen
  6
CONTINUOUS
100
AcDbLine
 10
27.8446879999999979
 20
62.469268999999997
 30
0
 11
29.4626679999999972
 21
63.0085959999999972
 31
0
  0
LINE
  5
2E7
330
1C
100
AcDbEntity
  8
F.Silkscreen
  6
CONTINUOUS
100
AcDbLine
 10
29.4626679999999972
 20
63.0085959999999972
 30
0
 11
27.8446879999999979
 21
63.5479219999999998
 31
0
  0
LINE
  5
2E8
330
1C
100
AcDbEntity
  8
F.Silkscreen
  6
CONTINUOUS
100
AcDbLine
 10
27.8446879999999979
 20
64.3954360000000037
 30
0
 11
27.8446879999999979
 21
64.5495289999999926
 31
0
  0
LINE
  5
2E9
330
1C
100
AcDbEntity
  8
F.Silkscreen
  6
CONTINUOUS
100
AcDbLine
 10
27.8446879999999979
 20
64.5495289999999926
 30
0
 11
27.9217349999999982
 21
64.7036219999999958
 31
0
  0
LINE
  5
2EA
330
1C
100
AcDbEntity
  8
F.Silkscreen
  6
CONTINUOUS
100
AcDbLine
 10
27.9217349999999982
 20
64.7036219999999958
 30
0
 11
27.9987819999999985
 21
64.7806690000000032
 31
0
  0
LINE
  5
2EB
330
1C
100
AcDbEntity
  8
F.Silkscreen
  6
CONTINUOUS
100
AcDbLine
 10
27.9987819999999985
 20
64.7806690000000032
 30
0
 11
28.1528749999999981
 21
64.8577159999999964
 31
0
  0
LINE
  5
2EC
330
1C
100
AcDbEntity
  8
F.Silkscreen
  6
CONTINUOUS
100
AcDbLine
 10
28.1528749999999981
 20
64.8577159999999964
 30
0
 11
28.4610619999999983
 21
64.9347619999999921
 31
0
  0
LINE
  5
2ED
330
1C
100
AcDbEntity
  8
F.Silkscreen
  6
CONTINUOUS
100
AcDbLine
 10
28.4610619999999983
 20
64.9347619999999921
 30
0
 11
28.8462949999999978
 21
64.9347619999999921
 31
0
  0
LINE
  5
2EE
330
1C
100
AcDbEntity
  8
F.Silkscreen
  6
CONTINUOUS
100
AcDbLine
 10
28.8462949999999978
 20
64.9347619999999921
 30
0
 11
29.154481999999998
 21
64.8577159999999964
 31
0
  0
LINE
  5
2EF
330
1C
100
AcDbEntity
  8
F.Silkscreen
  6
CONTINUOUS
100
AcDbLine
 10
29.154481999999998
 20
64.8577159999999964
 30
0
 11
29.3085749999999976
 21
64.7806690000000032
 31
0
  0
LINE
  5
2F0
330
1C
100
AcDbEntity
  8
F.Silkscreen
  6
CONTINUOUS
100
AcDbLine
 10
29.3085749999999976
 20
64.7806690000000032
 30
0
 11
29.3856219999999979
 21
64.7036219999999958
 31
0
  0
LINE
  5
2F1
330
1C
100
AcDbEntity
  8
F.Silkscreen
  6
CONTINUOUS
100
AcDbLine
 10
29.3856219999999979
 20
64.7036219999999958
 30
0
 11
29.4626679999999972
 21
64.5495289999999926
 31
0
  0
LINE
  5
2F2
330
1C
100
AcDbEntity
  8
F.Silkscreen
  6
CONTINUOUS
100
AcDbLine
 10
29.4626679999999972
 20
64.5495289999999926
 30
0
 11
29.4626679999999972
 21
64.3954360000000037
 31
0
  0
LINE
  5
2F3
330
1C
100
AcDbEntity
  8
F.Silkscreen
  6
CONTINUOUS
100
AcDbLine
 10
29.4626679999999972
 20
64.3954360000000037
 30
0
 11
29.3856219999999979
 21
64.2413420000000031
 31
0
  0
LINE
  5
2F4
330
1C
100
AcDbEntity
  8
F.Silkscreen
  6
CONTINUOUS
100
AcDbLine
 10
29.3856219999999979
 20
64.2413420000000031
 30
0
 11
29.3085749999999976
 21
64.1642959999999931
 31
0
  0
LINE
  5
2F5
330
1C
100
AcDbEntity
  8
F.Silkscreen
  6
CONTINUOUS
100
AcDbLine
 10
29.3085749999999976
 20
64.1642959999999931
 30
0
 11
29.154481999999998
 21
64.0872489999999999
 31
0
  0
LINE
  5
2F6
330
1C
100
AcDbEntity
  8
F.Silkscreen
  6
CONTINUOUS
100
AcDbLine
 10
29.154481999999998
 20
64.0872489999999999
 30
0
 11
28.8462949999999978
 21
64.0102019999999925
 31
0
  0
LINE
  5
2F7
330
1C
100
AcDbEntity
  8
F.Silkscreen
  6
CONTINUOUS
100
AcDbLine
 10
28.8462949999999978
 20
64.0102019999999925
 30
0
 11
28.4610619999999983
 21
64.0102019999999925
 31
0
  0
LINE
  5
2F8
330
1C
100
AcDbEntity
  8
F.Silkscreen
  6
CONTINUOUS
100
AcDbLine
 10
28.4610619999999983
 20
64.0102019999999925
 30
0
 11
28.1528749999999981
 21
64.0872489999999999
 31
0
  0
LINE
  5
2F9
330
1C
100
AcDbEntity
  8
F.Silkscreen
  6
CONTINUOUS
100
AcDbLine
 10
28.1528749999999981
 20
64.0872489999999999
 30
0
 11
27.9987819999999985
 21
64.1642959999999931
 31
0
  0
LINE
  5
2FA
330
1C
100
AcDbEntity
  8
F.Silkscreen
  6
CONTINUOUS
100
AcDbLine
 10
27.9987819999999985
 20
64.1642959999999931
 30
0
 11
27.9217349999999982
 21
64.2413420000000031
 31
0
  0
LINE
  5
2FB
330
1C
100
AcDbEntity
  8
F.Silkscreen
  6
CONTINUOUS
100
AcDbLine
 10
27.9217349999999982
 20
64.2413420000000031
 30
0
 11
27.8446879999999979
 21
64.3954360000000037
 31
0
  0
LINE
  5
2FC
330
1C
100
AcDbEntity
  8
F.Silkscreen
  6
CONTINUOUS
100
AcDbLine
 10
22.0670660000000005
 20
52.510627999999997
 30
0
 11
22.1214939999999984
 21
52.5650559999999984
 31
0
  0
LINE
  5
2FD
330
1C
100
AcDbEntity
  8
F.Silkscreen
  6
CONTINUOUS
100
AcDbLine
 10
22.1214939999999984
 20
52.5650559999999984
 30
0
 11
22.2303519999999999
 21
52.6194849999999974
 31
0
  0
LINE
  5
2FE
330
1C
100
AcDbEntity
  8
F.Silkscreen
  6
CONTINUOUS
100
AcDbLine
 10
22.2303519999999999
 20
52.6194849999999974
 30
0
 11
22.5024939999999987
 21
52.6194849999999974
 31
0
  0
LINE
  5
2FF
330
1C
100
AcDbEntity
  8
F.Silkscreen
  6
CONTINUOUS
100
AcDbLine
 10
22.5024939999999987
 20
52.6194849999999974
 30
0
 11
22.6113520000000001
 21
52.5650559999999984
 31
0
  0
LINE
  5
300
330
1C
100
AcDbEntity
  8
F.Silkscreen
  6
CONTINUOUS
100
AcDbLine
 10
22.6113520000000001
 20
52.5650559999999984
 30
0
 11
22.665779999999998
 21
52.510627999999997
 31
0
  0
LINE
  5
301
330
1C
100
AcDbEntity
  8
F.Silkscreen
  6
CONTINUOUS
100
AcDbLine
 10
22.665779999999998
 20
52.510627999999997
 30
0
 11
22.7202090000000005
 21
52.4017709999999965
 31
0
  0
LINE
  5
302
330
1C
100
AcDbEntity
  8
F.Silkscreen
  6
CONTINUOUS
100
AcDbLine
 10
22.7202090000000005
 20
52.4017709999999965
 30
0
 11
22.7202090000000005
 21
52.2929139999999961
 31
0
  0
LINE
  5
303
330
1C
100
AcDbEntity
  8
F.Silkscreen
  6
CONTINUOUS
100
AcDbLine
 10
22.7202090000000005
 20
52.2929139999999961
 30
0
 11
22.665779999999998
 21
52.1296279999999967
 31
0
  0
LINE
  5
304
330
1C
100
AcDbEntity
  8
F.Silkscreen
  6
CONTINUOUS
100
AcDbLine
 10
22.665779999999998
 20
52.1296279999999967
 30
0
 11
22.012636999999998
 21
51.4764849999999967
 31
0
  0
LINE
  5
305
330
1C
100
AcDbEntity
  8
F.Silkscreen
  6
CONTINUOUS
100
AcDbLine
 10
22.012636999999998
 20
51.4764849999999967
 30
0
 11
22.7202090000000005
 21
51.4764849999999967
 31
0
  0
LINE
  5
306
330
1C
100
AcDbEntity
  8
F.Silkscreen
  6
CONTINUOUS
100
AcDbLine
 10
27.8002089999999988
 20
51.4764849999999967
 30
0
 11
27.1470659999999988
 21
51.4764849999999967
 31
0
  0
LINE
  5
307
330
1C
100
AcDbEntity
  8
F.Silkscreen
  6
CONTINUOUS
100
AcDbLine
 10
27.4736370000000001
 20
51.4764849999999967
 30
0
 11
27.4736370000000001
 21
52.6194849999999974
 31
0
  0
LINE
  5
308
330
1C
100
AcDbEntity
  8
F.Silkscreen
  6
CONTINUOUS
100
AcDbLine
 10
27.4736370000000001
 20
52.6194849999999974
 30
0
 11
27.3647799999999997
 21
52.456198999999998
 31
0
  0
LINE
  5
309
330
1C
100
AcDbEntity
  8
F.Silkscreen
  6
CONTINUOUS
100
AcDbLine
 10
27.3647799999999997
 20
52.456198999999998
 30
0
 11
27.2559229999999992
 21
52.3473419999999976
 31
0
  0
LINE
  5
30A
330
1C
100
AcDbEntity
  8
F.Silkscreen
  6
CONTINUOUS
100
AcDbLine
 10
27.2559229999999992
 20
52.3473419999999976
 30
0
 11
27.1470659999999988
 21
52.2929139999999961
 31
0
  0
LINE
  5
30B
330
1C
100
AcDbEntity
  8
F.Silkscreen
  6
CONTINUOUS
100
AcDbLine
 10
11.9943109999999997
 20
20.7030239999999992
 30
0
 11
11.8222689999999986
 21
20.9487989999999975
 31
0
  0
LINE
  5
30C
330
1C
100
AcDbEntity
  8
F.Silkscreen
  6
CONTINUOUS
100
AcDbLine
 10
11.6993809999999989
 20
20.7030239999999992
 30
0
 11
11.6993809999999989
 21
21.2191519999999976
 31
0
  0
LINE
  5
30D
330
1C
100
AcDbEntity
  8
F.Silkscreen
  6
CONTINUOUS
100
AcDbLine
 10
11.6993809999999989
 20
21.2191519999999976
 30
0
 11
11.896001
 21
21.2191519999999976
 31
0
  0
LINE
  5
30E
330
1C
100
AcDbEntity
  8
F.Silkscreen
  6
CONTINUOUS
100
AcDbLine
 10
11.896001
 20
21.2191519999999976
 30
0
 11
11.945155999999999
 21
21.1945739999999994
 31
0
  0
LINE
  5
30F
330
1C
100
AcDbEntity
  8
F.Silkscreen
  6
CONTINUOUS
100
AcDbLine
 10
11.945155999999999
 20
21.1945739999999994
 30
0
 11
11.969733999999999
 21
21.1699969999999986
 31
0
  0
LINE
  5
310
330
1C
100
AcDbEntity
  8
F.Silkscreen
  6
CONTINUOUS
100
AcDbLine
 10
11.969733999999999
 20
21.1699969999999986
 30
0
 11
11.9943109999999997
 21
21.1208419999999997
 31
0
  0
LINE
  5
311
330
1C
100
AcDbEntity
  8
F.Silkscreen
  6
CONTINUOUS
100
AcDbLine
 10
11.9943109999999997
 20
21.1208419999999997
 30
0
 11
11.9943109999999997
 21
21.047108999999999
 31
0
  0
LINE
  5
312
330
1C
100
AcDbEntity
  8
F.Silkscreen
  6
CONTINUOUS
100
AcDbLine
 10
11.9943109999999997
 20
21.047108999999999
 30
0
 11
11.969733999999999
 21
20.997954
 31
0
  0
LINE
  5
313
330
1C
100
AcDbEntity
  8
F.Silkscreen
  6
CONTINUOUS
100
AcDbLine
 10
11.969733999999999
 20
20.997954
 30
0
 11
11.945155999999999
 21
20.9733769999999993
 31
0
  0
LINE
  5
314
330
1C
100
AcDbEntity
  8
F.Silkscreen
  6
CONTINUOUS
100
AcDbLine
 10
11.945155999999999
 20
20.9733769999999993
 30
0
 11
11.896001
 21
20.9487989999999975
 31
0
  0
LINE
  5
315
330
1C
100
AcDbEntity
  8
F.Silkscreen
  6
CONTINUOUS
100
AcDbLine
 10
11.896001
 20
20.9487989999999975
 30
0
 11
11.6993809999999989
 21
20.9487989999999975
 31
0
  0
LINE
  5
316
330
1C
100
AcDbEntity
  8
F.Silkscreen
  6
CONTINUOUS
100
AcDbLine
 10
12.1909320000000001
 20
21.1699969999999986
 30
0
 11
12.2155089999999991
 21
21.1945739999999994
 31
0
  0
LINE
  5
317
330
1C
100
AcDbEntity
  8
F.Silkscreen
  6
CONTINUOUS
100
AcDbLine
 10
12.2155089999999991
 20
21.1945739999999994
 30
0
 11
12.2646639999999998
 21
21.2191519999999976
 31
0
  0
LINE
  5
318
330
1C
100
AcDbEntity
  8
F.Silkscreen
  6
CONTINUOUS
100
AcDbLine
 10
12.2646639999999998
 20
21.2191519999999976
 30
0
 11
12.3875519999999995
 21
21.2191519999999976
 31
0
  0
LINE
  5
319
330
1C
100
AcDbEntity
  8
F.Silkscreen
  6
CONTINUOUS
100
AcDbLine
 10
12.3875519999999995
 20
21.2191519999999976
 30
0
 11
12.4367070000000002
 21
21.1945739999999994
 31
0
  0
LINE
  5
31A
330
1C
100
AcDbEntity
  8
F.Silkscreen
  6
CONTINUOUS
100
AcDbLine
 10
12.4367070000000002
 20
21.1945739999999994
 30
0
 11
12.4612839999999991
 21
21.1699969999999986
 31
0
  0
LINE
  5
31B
330
1C
100
AcDbEntity
  8
F.Silkscreen
  6
CONTINUOUS
100
AcDbLine
 10
12.4612839999999991
 20
21.1699969999999986
 30
0
 11
12.4858619999999991
 21
21.1208419999999997
 31
0
  0
LINE
  5
31C
330
1C
100
AcDbEntity
  8
F.Silkscreen
  6
CONTINUOUS
100
AcDbLine
 10
12.4858619999999991
 20
21.1208419999999997
 30
0
 11
12.4858619999999991
 21
21.0716870000000007
 31
0
  0
LINE
  5
31D
330
1C
100
AcDbEntity
  8
F.Silkscreen
  6
CONTINUOUS
100
AcDbLine
 10
12.4858619999999991
 20
21.0716870000000007
 30
0
 11
12.4612839999999991
 21
20.997954
 31
0
  0
LINE
  5
31E
330
1C
100
AcDbEntity
  8
F.Silkscreen
  6
CONTINUOUS
100
AcDbLine
 10
12.4612839999999991
 20
20.997954
 30
0
 11
12.1663540000000001
 21
20.7030239999999992
 31
0
  0
LINE
  5
31F
330
1C
100
AcDbEntity
  8
F.Silkscreen
  6
CONTINUOUS
100
AcDbLine
 10
12.1663540000000001
 20
20.7030239999999992
 30
0
 11
12.4858619999999991
 21
20.7030239999999992
 31
0
  0
LINE
  5
320
330
1C
100
AcDbEntity
  8
F.Silkscreen
  6
CONTINUOUS
100
AcDbLine
 10
10.9043109999999999
 20
23.5030239999999999
 30
0
 11
10.7322689999999987
 21
23.7487989999999982
 31
0
  0
LINE
  5
321
330
1C
100
AcDbEntity
  8
F.Silkscreen
  6
CONTINUOUS
100
AcDbLine
 10
10.6093809999999991
 20
23.5030239999999999
 30
0
 11
10.6093809999999991
 21
24.0191519999999983
 31
0
  0
LINE
  5
322
330
1C
100
AcDbEntity
  8
F.Silkscreen
  6
CONTINUOUS
100
AcDbLine
 10
10.6093809999999991
 20
24.0191519999999983
 30
0
 11
10.8060010000000002
 21
24.0191519999999983
 31
0
  0
LINE
  5
323
330
1C
100
AcDbEntity
  8
F.Silkscreen
  6
CONTINUOUS
100
AcDbLine
 10
10.8060010000000002
 20
24.0191519999999983
 30
0
 11
10.8551559999999991
 21
23.9945740000000001
 31
0
  0
LINE
  5
324
330
1C
100
AcDbEntity
  8
F.Silkscreen
  6
CONTINUOUS
100
AcDbLine
 10
10.8551559999999991
 20
23.9945740000000001
 30
0
 11
10.8797339999999991
 21
23.9699969999999993
 31
0
  0
LINE
  5
325
330
1C
100
AcDbEntity
  8
F.Silkscreen
  6
CONTINUOUS
100
AcDbLine
 10
10.8797339999999991
 20
23.9699969999999993
 30
0
 11
10.9043109999999999
 21
23.9208420000000004
 31
0
  0
LINE
  5
326
330
1C
100
AcDbEntity
  8
F.Silkscreen
  6
CONTINUOUS
100
AcDbLine
 10
10.9043109999999999
 20
23.9208420000000004
 30
0
 11
10.9043109999999999
 21
23.8471089999999997
 31
0
  0
LINE
  5
327
330
1C
100
AcDbEntity
  8
F.Silkscreen
  6
CONTINUOUS
100
AcDbLine
 10
10.9043109999999999
 20
23.8471089999999997
 30
0
 11
10.8797339999999991
 21
23.7979539999999972
 31
0
  0
LINE
  5
328
330
1C
100
AcDbEntity
  8
F.Silkscreen
  6
CONTINUOUS
100
AcDbLine
 10
10.8797339999999991
 20
23.7979539999999972
 30
0
 11
10.8551559999999991
 21
23.773377
 31
0
  0
LINE
  5
329
330
1C
100
AcDbEntity
  8
F.Silkscreen
  6
CONTINUOUS
100
AcDbLine
 10
10.8551559999999991
 20
23.773377
 30
0
 11
10.8060010000000002
 21
23.7487989999999982
 31
0
  0
LINE
  5
32A
330
1C
100
AcDbEntity
  8
F.Silkscreen
  6
CONTINUOUS
100
AcDbLine
 10
10.8060010000000002
 20
23.7487989999999982
 30
0
 11
10.6093809999999991
 21
23.7487989999999982
 31
0
  0
LINE
  5
32B
330
1C
100
AcDbEntity
  8
F.Silkscreen
  6
CONTINUOUS
100
AcDbLine
 10
11.3958619999999993
 20
23.5030239999999999
 30
0
 11
11.1009320000000002
 21
23.5030239999999999
 31
0
  0
LINE
  5
32C
330
1C
100
AcDbEntity
  8
F.Silkscreen
  6
CONTINUOUS
100
AcDbLine
 10
11.2483969999999989
 20
23.5030239999999999
 30
0
 11
11.2483969999999989
 21
24.0191519999999983
 31
0
  0
LINE
  5
32D
330
1C
100
AcDbEntity
  8
F.Silkscreen
  6
CONTINUOUS
100
AcDbLine
 10
11.2483969999999989
 20
24.0191519999999983
 30
0
 11
11.1992419999999999
 21
23.9454189999999976
 31
0
  0
LINE
  5
32E
330
1C
100
AcDbEntity
  8
F.Silkscreen
  6
CONTINUOUS
100
AcDbLine
 10
11.1992419999999999
 20
23.9454189999999976
 30
0
 11
11.1500869999999992
 21
23.8962639999999986
 31
0
  0
LINE
  5
32F
330
1C
100
AcDbEntity
  8
F.Silkscreen
  6
CONTINUOUS
100
AcDbLine
 10
11.1500869999999992
 20
23.8962639999999986
 30
0
 11
11.1009320000000002
 21
23.8716869999999979
 31
0
  0
LINE
  5
330
330
1C
100
AcDbEntity
  8
F.Silkscreen
  6
CONTINUOUS
100
AcDbLine
 10
6.189311
 20
24.4171789999999973
 30
0
 11
6.1647340000000002
 21
24.3926020000000001
 31
0
  0
LINE
  5
331
330
1C
100
AcDbEntity
  8
F.Silkscreen
  6
CONTINUOUS
100
AcDbLine
 10
6.1647340000000002
 20
24.3926020000000001
 30
0
 11
6.0910009999999994
 21
24.3680239999999984
 31
0
  0
LINE
  5
332
330
1C
100
AcDbEntity
  8
F.Silkscreen
  6
CONTINUOUS
100
AcDbLine
 10
6.0910009999999994
 20
24.3680239999999984
 30
0
 11
6.0418459999999996
 21
24.3680239999999984
 31
0
  0
LINE
  5
333
330
1C
100
AcDbEntity
  8
F.Silkscreen
  6
CONTINUOUS
100
AcDbLine
 10
6.0418459999999996
 20
24.3680239999999984
 30
0
 11
5.9681139999999999
 21
24.3926020000000001
 31
0
  0
LINE
  5
334
330
1C
100
AcDbEntity
  8
F.Silkscreen
  6
CONTINUOUS
100
AcDbLine
 10
5.9681139999999999
 20
24.3926020000000001
 30
0
 11
5.9189590000000001
 21
24.4417569999999991
 31
0
  0
LINE
  5
335
330
1C
100
AcDbEntity
  8
F.Silkscreen
  6
CONTINUOUS
100
AcDbLine
 10
5.9189590000000001
 20
24.4417569999999991
 30
0
 11
5.8943810000000001
 21
24.490911999999998
 31
0
  0
LINE
  5
336
330
1C
100
AcDbEntity
  8
F.Silkscreen
  6
CONTINUOUS
100
AcDbLine
 10
5.8943810000000001
 20
24.490911999999998
 30
0
 11
5.8698039999999994
 21
24.5892219999999995
 31
0
  0
LINE
  5
337
330
1C
100
AcDbEntity
  8
F.Silkscreen
  6
CONTINUOUS
100
AcDbLine
 10
5.8698039999999994
 20
24.5892219999999995
 30
0
 11
5.8698039999999994
 21
24.6629539999999992
 31
0
  0
LINE
  5
338
330
1C
100
AcDbEntity
  8
F.Silkscreen
  6
CONTINUOUS
100
AcDbLine
 10
5.8698039999999994
 20
24.6629539999999992
 30
0
 11
5.8943810000000001
 21
24.7612640000000006
 31
0
  0
LINE
  5
339
330
1C
100
AcDbEntity
  8
F.Silkscreen
  6
CONTINUOUS
100
AcDbLine
 10
5.8943810000000001
 20
24.7612640000000006
 30
0
 11
5.9189590000000001
 21
24.8104189999999996
 31
0
  0
LINE
  5
33A
330
1C
100
AcDbEntity
  8
F.Silkscreen
  6
CONTINUOUS
100
AcDbLine
 10
5.9189590000000001
 20
24.8104189999999996
 30
0
 11
5.9681139999999999
 21
24.8595739999999985
 31
0
  0
LINE
  5
33B
330
1C
100
AcDbEntity
  8
F.Silkscreen
  6
CONTINUOUS
100
AcDbLine
 10
5.9681139999999999
 20
24.8595739999999985
 30
0
 11
6.0418459999999996
 21
24.8841520000000003
 31
0
  0
LINE
  5
33C
330
1C
100
AcDbEntity
  8
F.Silkscreen
  6
CONTINUOUS
100
AcDbLine
 10
6.0418459999999996
 20
24.8841520000000003
 30
0
 11
6.0910009999999994
 21
24.8841520000000003
 31
0
  0
LINE
  5
33D
330
1C
100
AcDbEntity
  8
F.Silkscreen
  6
CONTINUOUS
100
AcDbLine
 10
6.0910009999999994
 20
24.8841520000000003
 30
0
 11
6.1647340000000002
 21
24.8595739999999985
 31
0
  0
LINE
  5
33E
330
1C
100
AcDbEntity
  8
F.Silkscreen
  6
CONTINUOUS
100
AcDbLine
 10
6.1647340000000002
 20
24.8595739999999985
 30
0
 11
6.189311
 21
24.8349969999999978
 31
0
  0
LINE
  5
33F
330
1C
100
AcDbEntity
  8
F.Silkscreen
  6
CONTINUOUS
100
AcDbLine
 10
6.6808619999999994
 20
24.3680239999999984
 30
0
 11
6.3859319999999995
 21
24.3680239999999984
 31
0
  0
LINE
  5
340
330
1C
100
AcDbEntity
  8
F.Silkscreen
  6
CONTINUOUS
100
AcDbLine
 10
6.5333969999999999
 20
24.3680239999999984
 30
0
 11
6.5333969999999999
 21
24.8841520000000003
 31
0
  0
LINE
  5
341
330
1C
100
AcDbEntity
  8
F.Silkscreen
  6
CONTINUOUS
100
AcDbLine
 10
6.5333969999999999
 20
24.8841520000000003
 30
0
 11
6.4842420000000001
 21
24.8104189999999996
 31
0
  0
LINE
  5
342
330
1C
100
AcDbEntity
  8
F.Silkscreen
  6
CONTINUOUS
100
AcDbLine
 10
6.4842420000000001
 20
24.8104189999999996
 30
0
 11
6.4350869999999993
 21
24.7612640000000006
 31
0
  0
LINE
  5
343
330
1C
100
AcDbEntity
  8
F.Silkscreen
  6
CONTINUOUS
100
AcDbLine
 10
6.4350869999999993
 20
24.7612640000000006
 30
0
 11
6.3859319999999995
 21
24.7366869999999999
 31
0
  0
LINE
  5
344
330
1C
100
AcDbEntity
  8
F.Silkscreen
  6
CONTINUOUS
100
AcDbLine
 10
9.2343109999999999
 20
18.4721790000000006
 30
0
 11
9.2097339999999992
 21
18.4476019999999998
 31
0
  0
LINE
  5
345
330
1C
100
AcDbEntity
  8
F.Silkscreen
  6
CONTINUOUS
100
AcDbLine
 10
9.2097339999999992
 20
18.4476019999999998
 30
0
 11
9.1360010000000003
 21
18.4230239999999981
 31
0
  0
LINE
  5
346
330
1C
100
AcDbEntity
  8
F.Silkscreen
  6
CONTINUOUS
100
AcDbLine
 10
9.1360010000000003
 20
18.4230239999999981
 30
0
 11
9.0868459999999995
 21
18.4230239999999981
 31
0
  0
LINE
  5
347
330
1C
100
AcDbEntity
  8
F.Silkscreen
  6
CONTINUOUS
100
AcDbLine
 10
9.0868459999999995
 20
18.4230239999999981
 30
0
 11
9.0131139999999998
 21
18.4476019999999998
 31
0
  0
LINE
  5
348
330
1C
100
AcDbEntity
  8
F.Silkscreen
  6
CONTINUOUS
100
AcDbLine
 10
9.0131139999999998
 20
18.4476019999999998
 30
0
 11
8.9639589999999991
 21
18.4967569999999988
 31
0
  0
LINE
  5
349
330
1C
100
AcDbEntity
  8
F.Silkscreen
  6
CONTINUOUS
100
AcDbLine
 10
8.9639589999999991
 20
18.4967569999999988
 30
0
 11
8.9393809999999991
 21
18.5459119999999977
 31
0
  0
LINE
  5
34A
330
1C
100
AcDbEntity
  8
F.Silkscreen
  6
CONTINUOUS
100
AcDbLine
 10
8.9393809999999991
 20
18.5459119999999977
 30
0
 11
8.9148040000000002
 21
18.6442219999999992
 31
0
  0
LINE
  5
34B
330
1C
100
AcDbEntity
  8
F.Silkscreen
  6
CONTINUOUS
100
AcDbLine
 10
8.9148040000000002
 20
18.6442219999999992
 30
0
 11
8.9148040000000002
 21
18.7179539999999989
 31
0
  0
LINE
  5
34C
330
1C
100
AcDbEntity
  8
F.Silkscreen
  6
CONTINUOUS
100
AcDbLine
 10
8.9148040000000002
 20
18.7179539999999989
 30
0
 11
8.9393809999999991
 21
18.8162640000000003
 31
0
  0
LINE
  5
34D
330
1C
100
AcDbEntity
  8
F.Silkscreen
  6
CONTINUOUS
100
AcDbLine
 10
8.9393809999999991
 20
18.8162640000000003
 30
0
 11
8.9639589999999991
 21
18.8654189999999993
 31
0
  0
LINE
  5
34E
330
1C
100
AcDbEntity
  8
F.Silkscreen
  6
CONTINUOUS
100
AcDbLine
 10
8.9639589999999991
 20
18.8654189999999993
 30
0
 11
9.0131139999999998
 21
18.9145739999999982
 31
0
  0
LINE
  5
34F
330
1C
100
AcDbEntity
  8
F.Silkscreen
  6
CONTINUOUS
100
AcDbLine
 10
9.0131139999999998
 20
18.9145739999999982
 30
0
 11
9.0868459999999995
 21
18.939152
 31
0
  0
LINE
  5
350
330
1C
100
AcDbEntity
  8
F.Silkscreen
  6
CONTINUOUS
100
AcDbLine
 10
9.0868459999999995
 20
18.939152
 30
0
 11
9.1360010000000003
 21
18.939152
 31
0
  0
LINE
  5
351
330
1C
100
AcDbEntity
  8
F.Silkscreen
  6
CONTINUOUS
100
AcDbLine
 10
9.1360010000000003
 20
18.939152
 30
0
 11
9.2097339999999992
 21
18.9145739999999982
 31
0
  0
LINE
  5
352
330
1C
100
AcDbEntity
  8
F.Silkscreen
  6
CONTINUOUS
100
AcDbLine
 10
9.2097339999999992
 20
18.9145739999999982
 30
0
 11
9.2343109999999999
 21
18.8899969999999975
 31
0
  0
LINE
  5
353
330
1C
100
AcDbEntity
  8
F.Silkscreen
  6
CONTINUOUS
100
AcDbLine
 10
9.4063540000000003
 20
18.939152
 30
0
 11
9.7258619999999993
 21
18.939152
 31
0
  0
LINE
  5
354
330
1C
100
AcDbEntity
  8
F.Silkscreen
  6
CONTINUOUS
100
AcDbLine
 10
9.7258619999999993
 20
18.939152
 30
0
 11
9.553818999999999
 21
18.7425320000000006
 31
0
  0
LINE
  5
355
330
1C
100
AcDbEntity
  8
F.Silkscreen
  6
CONTINUOUS
100
AcDbLine
 10
9.553818999999999
 20
18.7425320000000006
 30
0
 11
9.6275519999999997
 21
18.7425320000000006
 31
0
  0
LINE
  5
356
330
1C
100
AcDbEntity
  8
F.Silkscreen
  6
CONTINUOUS
100
AcDbLine
 10
9.6275519999999997
 20
18.7425320000000006
 30
0
 11
9.6767070000000004
 21
18.7179539999999989
 31
0
  0
LINE
  5
357
330
1C
100
AcDbEntity
  8
F.Silkscreen
  6
CONTINUOUS
100
AcDbLine
 10
9.6767070000000004
 20
18.7179539999999989
 30
0
 11
9.7012839999999994
 21
18.6933769999999981
 31
0
  0
LINE
  5
358
330
1C
100
AcDbEntity
  8
F.Silkscreen
  6
CONTINUOUS
100
AcDbLine
 10
9.7012839999999994
 20
18.6933769999999981
 30
0
 11
9.7258619999999993
 21
18.6442219999999992
 31
0
  0
LINE
  5
359
330
1C
100
AcDbEntity
  8
F.Silkscreen
  6
CONTINUOUS
100
AcDbLine
 10
9.7258619999999993
 20
18.6442219999999992
 30
0
 11
9.7258619999999993
 21
18.5213339999999995
 31
0
  0
LINE
  5
35A
330
1C
100
AcDbEntity
  8
F.Silkscreen
  6
CONTINUOUS
100
AcDbLine
 10
9.7258619999999993
 20
18.5213339999999995
 30
0
 11
9.7012839999999994
 21
18.4721790000000006
 31
0
  0
LINE
  5
35B
330
1C
100
AcDbEntity
  8
F.Silkscreen
  6
CONTINUOUS
100
AcDbLine
 10
9.7012839999999994
 20
18.4721790000000006
 30
0
 11
9.6767070000000004
 21
18.4476019999999998
 31
0
  0
LINE
  5
35C
330
1C
100
AcDbEntity
  8
F.Silkscreen
  6
CONTINUOUS
100
AcDbLine
 10
9.6767070000000004
 20
18.4476019999999998
 30
0
 11
9.6275519999999997
 21
18.4230239999999981
 31
0
  0
LINE
  5
35D
330
1C
100
AcDbEntity
  8
F.Silkscreen
  6
CONTINUOUS
100
AcDbLine
 10
9.6275519999999997
 20
18.4230239999999981
 30
0
 11
9.4800869999999993
 21
18.4230239999999981
 31
0
  0
LINE
  5
35E
330
1C
100
AcDbEntity
  8
F.Silkscreen
  6
CONTINUOUS
100
AcDbLine
 10
9.4800869999999993
 20
18.4230239999999981
 30
0
 11
9.4309320000000003
 21
18.4476019999999998
 31
0
  0
LINE
  5
35F
330
1C
100
AcDbEntity
  8
F.Silkscreen
  6
CONTINUOUS
100
AcDbLine
 10
9.4309320000000003
 20
18.4476019999999998
 30
0
 11
9.4063540000000003
 21
18.4721790000000006
 31
0
  0
LINE
  5
360
330
1C
100
AcDbEntity
  8
F.Silkscreen
  6
CONTINUOUS
100
AcDbLine
 10
18.4343109999999974
 20
18.8030240000000006
 30
0
 11
18.2622689999999999
 21
19.0487989999999989
 31
0
  0
LINE
  5
361
330
1C
100
AcDbEntity
  8
F.Silkscreen
  6
CONTINUOUS
100
AcDbLine
 10
18.1393810000000002
 20
18.8030240000000006
 30
0
 11
18.1393810000000002
 21
19.319151999999999
 31
0
  0
LINE
  5
362
330
1C
100
AcDbEntity
  8
F.Silkscreen
  6
CONTINUOUS
100
AcDbLine
 10
18.1393810000000002
 20
19.319151999999999
 30
0
 11
18.3360009999999996
 21
19.319151999999999
 31
0
  0
LINE
  5
363
330
1C
100
AcDbEntity
  8
F.Silkscreen
  6
CONTINUOUS
100
AcDbLine
 10
18.3360009999999996
 20
19.319151999999999
 30
0
 11
18.3851559999999985
 21
19.2945740000000008
 31
0
  0
LINE
  5
364
330
1C
100
AcDbEntity
  8
F.Silkscreen
  6
CONTINUOUS
100
AcDbLine
 10
18.3851559999999985
 20
19.2945740000000008
 30
0
 11
18.4097340000000003
 21
19.269997
 31
0
  0
LINE
  5
365
330
1C
100
AcDbEntity
  8
F.Silkscreen
  6
CONTINUOUS
100
AcDbLine
 10
18.4097340000000003
 20
19.269997
 30
0
 11
18.4343109999999974
 21
19.2208419999999975
 31
0
  0
LINE
  5
366
330
1C
100
AcDbEntity
  8
F.Silkscreen
  6
CONTINUOUS
100
AcDbLine
 10
18.4343109999999974
 20
19.2208419999999975
 30
0
 11
18.4343109999999974
 21
19.1471090000000004
 31
0
  0
LINE
  5
367
330
1C
100
AcDbEntity
  8
F.Silkscreen
  6
CONTINUOUS
100
AcDbLine
 10
18.4343109999999974
 20
19.1471090000000004
 30
0
 11
18.4097340000000003
 21
19.0979539999999979
 31
0
  0
LINE
  5
368
330
1C
100
AcDbEntity
  8
F.Silkscreen
  6
CONTINUOUS
100
AcDbLine
 10
18.4097340000000003
 20
19.0979539999999979
 30
0
 11
18.3851559999999985
 21
19.0733770000000007
 31
0
  0
LINE
  5
369
330
1C
100
AcDbEntity
  8
F.Silkscreen
  6
CONTINUOUS
100
AcDbLine
 10
18.3851559999999985
 20
19.0733770000000007
 30
0
 11
18.3360009999999996
 21
19.0487989999999989
 31
0
  0
LINE
  5
36A
330
1C
100
AcDbEntity
  8
F.Silkscreen
  6
CONTINUOUS
100
AcDbLine
 10
18.3360009999999996
 20
19.0487989999999989
 30
0
 11
18.1393810000000002
 21
19.0487989999999989
 31
0
  0
LINE
  5
36B
330
1C
100
AcDbEntity
  8
F.Silkscreen
  6
CONTINUOUS
100
AcDbLine
 10
18.6800870000000003
 20
18.8030240000000006
 30
0
 11
18.7783969999999982
 21
18.8030240000000006
 31
0
  0
LINE
  5
36C
330
1C
100
AcDbEntity
  8
F.Silkscreen
  6
CONTINUOUS
100
AcDbLine
 10
18.7783969999999982
 20
18.8030240000000006
 30
0
 11
18.8275520000000007
 21
18.8276019999999988
 31
0
  0
LINE
  5
36D
330
1C
100
AcDbEntity
  8
F.Silkscreen
  6
CONTINUOUS
100
AcDbLine
 10
18.8275520000000007
 20
18.8276019999999988
 30
0
 11
18.8521289999999979
 21
18.8521789999999996
 31
0
  0
LINE
  5
36E
330
1C
100
AcDbEntity
  8
F.Silkscreen
  6
CONTINUOUS
100
AcDbLine
 10
18.8521289999999979
 20
18.8521789999999996
 30
0
 11
18.9012840000000004
 21
18.9259120000000003
 31
0
  0
LINE
  5
36F
330
1C
100
AcDbEntity
  8
F.Silkscreen
  6
CONTINUOUS
100
AcDbLine
 10
18.9012840000000004
 20
18.9259120000000003
 30
0
 11
18.9258619999999986
 21
19.0242219999999982
 31
0
  0
LINE
  5
370
330
1C
100
AcDbEntity
  8
F.Silkscreen
  6
CONTINUOUS
100
AcDbLine
 10
18.9258619999999986
 20
19.0242219999999982
 30
0
 11
18.9258619999999986
 21
19.2208419999999975
 31
0
  0
LINE
  5
371
330
1C
100
AcDbEntity
  8
F.Silkscreen
  6
CONTINUOUS
100
AcDbLine
 10
18.9258619999999986
 20
19.2208419999999975
 30
0
 11
18.9012840000000004
 21
19.269997
 31
0
  0
LINE
  5
372
330
1C
100
AcDbEntity
  8
F.Silkscreen
  6
CONTINUOUS
100
AcDbLine
 10
18.9012840000000004
 20
19.269997
 30
0
 11
18.8767069999999997
 21
19.2945740000000008
 31
0
  0
LINE
  5
373
330
1C
100
AcDbEntity
  8
F.Silkscreen
  6
CONTINUOUS
100
AcDbLine
 10
18.8767069999999997
 20
19.2945740000000008
 30
0
 11
18.8275520000000007
 21
19.319151999999999
 31
0
  0
LINE
  5
374
330
1C
100
AcDbEntity
  8
F.Silkscreen
  6
CONTINUOUS
100
AcDbLine
 10
18.8275520000000007
 20
19.319151999999999
 30
0
 11
18.7292419999999993
 21
19.319151999999999
 31
0
  0
LINE
  5
375
330
1C
100
AcDbEntity
  8
F.Silkscreen
  6
CONTINUOUS
100
AcDbLine
 10
18.7292419999999993
 20
19.319151999999999
 30
0
 11
18.6800870000000003
 21
19.2945740000000008
 31
0
  0
LINE
  5
376
330
1C
100
AcDbEntity
  8
F.Silkscreen
  6
CONTINUOUS
100
AcDbLine
 10
18.6800870000000003
 20
19.2945740000000008
 30
0
 11
18.6555089999999986
 21
19.269997
 31
0
  0
LINE
  5
377
330
1C
100
AcDbEntity
  8
F.Silkscreen
  6
CONTINUOUS
100
AcDbLine
 10
18.6555089999999986
 20
19.269997
 30
0
 11
18.6309319999999978
 21
19.2208419999999975
 31
0
  0
LINE
  5
378
330
1C
100
AcDbEntity
  8
F.Silkscreen
  6
CONTINUOUS
100
AcDbLine
 10
18.6309319999999978
 20
19.2208419999999975
 30
0
 11
18.6309319999999978
 21
19.0979539999999979
 31
0
  0
LINE
  5
379
330
1C
100
AcDbEntity
  8
F.Silkscreen
  6
CONTINUOUS
100
AcDbLine
 10
18.6309319999999978
 20
19.0979539999999979
 30
0
 11
18.6555089999999986
 21
19.0487989999999989
 31
0
  0
LINE
  5
37A
330
1C
100
AcDbEntity
  8
F.Silkscreen
  6
CONTINUOUS
100
AcDbLine
 10
18.6555089999999986
 20
19.0487989999999989
 30
0
 11
18.6800870000000003
 21
19.0242219999999982
 31
0
  0
LINE
  5
37B
330
1C
100
AcDbEntity
  8
F.Silkscreen
  6
CONTINUOUS
100
AcDbLine
 10
18.6800870000000003
 20
19.0242219999999982
 30
0
 11
18.7292419999999993
 21
18.999644
 31
0
  0
LINE
  5
37C
330
1C
100
AcDbEntity
  8
F.Silkscreen
  6
CONTINUOUS
100
AcDbLine
 10
18.7292419999999993
 20
18.999644
 30
0
 11
18.8275520000000007
 21
18.999644
 31
0
  0
LINE
  5
37D
330
1C
100
AcDbEntity
  8
F.Silkscreen
  6
CONTINUOUS
100
AcDbLine
 10
18.8275520000000007
 20
18.999644
 30
0
 11
18.8767069999999997
 21
19.0242219999999982
 31
0
  0
LINE
  5
37E
330
1C
100
AcDbEntity
  8
F.Silkscreen
  6
CONTINUOUS
100
AcDbLine
 10
18.8767069999999997
 20
19.0242219999999982
 30
0
 11
18.9012840000000004
 21
19.0487989999999989
 31
0
  0
LINE
  5
37F
330
1C
100
AcDbEntity
  8
F.Silkscreen
  6
CONTINUOUS
100
AcDbLine
 10
18.9012840000000004
 20
19.0487989999999989
 30
0
 11
18.9258619999999986
 21
19.0979539999999979
 31
0
  0
LINE
  5
380
330
1C
100
AcDbEntity
  8
F.Silkscreen
  6
CONTINUOUS
100
AcDbLine
 10
15.1436449999999994
 20
24.9091549999999984
 30
0
 11
14.971603
 21
25.1549300000000002
 31
0
  0
LINE
  5
381
330
1C
100
AcDbEntity
  8
F.Silkscreen
  6
CONTINUOUS
100
AcDbLine
 10
14.8487149999999986
 20
24.9091549999999984
 30
0
 11
14.8487149999999986
 21
25.4252830000000003
 31
0
  0
LINE
  5
382
330
1C
100
AcDbEntity
  8
F.Silkscreen
  6
CONTINUOUS
100
AcDbLine
 10
14.8487149999999986
 20
25.4252830000000003
 30
0
 11
15.0453349999999997
 21
25.4252830000000003
 31
0
  0
LINE
  5
383
330
1C
100
AcDbEntity
  8
F.Silkscreen
  6
CONTINUOUS
100
AcDbLine
 10
15.0453349999999997
 20
25.4252830000000003
 30
0
 11
15.0944899999999986
 21
25.4007049999999985
 31
0
  0
LINE
  5
384
330
1C
100
AcDbEntity
  8
F.Silkscreen
  6
CONTINUOUS
100
AcDbLine
 10
15.0944899999999986
 20
25.4007049999999985
 30
0
 11
15.1190679999999986
 21
25.3761279999999978
 31
0
  0
LINE
  5
385
330
1C
100
AcDbEntity
  8
F.Silkscreen
  6
CONTINUOUS
100
AcDbLine
 10
15.1190679999999986
 20
25.3761279999999978
 30
0
 11
15.1436449999999994
 21
25.3269729999999988
 31
0
  0
LINE
  5
386
330
1C
100
AcDbEntity
  8
F.Silkscreen
  6
CONTINUOUS
100
AcDbLine
 10
15.1436449999999994
 20
25.3269729999999988
 30
0
 11
15.1436449999999994
 21
25.2532399999999981
 31
0
  0
LINE
  5
387
330
1C
100
AcDbEntity
  8
F.Silkscreen
  6
CONTINUOUS
100
AcDbLine
 10
15.1436449999999994
 20
25.2532399999999981
 30
0
 11
15.1190679999999986
 21
25.2040849999999992
 31
0
  0
LINE
  5
388
330
1C
100
AcDbEntity
  8
F.Silkscreen
  6
CONTINUOUS
100
AcDbLine
 10
15.1190679999999986
 20
25.2040849999999992
 30
0
 11
15.0944899999999986
 21
25.1795079999999984
 31
0
  0
LINE
  5
389
330
1C
100
AcDbEntity
  8
F.Silkscreen
  6
CONTINUOUS
100
AcDbLine
 10
15.0944899999999986
 20
25.1795079999999984
 30
0
 11
15.0453349999999997
 21
25.1549300000000002
 31
0
  0
LINE
  5
38A
330
1C
100
AcDbEntity
  8
F.Silkscreen
  6
CONTINUOUS
100
AcDbLine
 10
15.0453349999999997
 20
25.1549300000000002
 30
0
 11
14.8487149999999986
 21
25.1549300000000002
 31
0
  0
LINE
  5
38B
330
1C
100
AcDbEntity
  8
F.Silkscreen
  6
CONTINUOUS
100
AcDbLine
 10
15.5860409999999998
 20
25.4252830000000003
 30
0
 11
15.4877310000000001
 21
25.4252830000000003
 31
0
  0
LINE
  5
38C
330
1C
100
AcDbEntity
  8
F.Silkscreen
  6
CONTINUOUS
100
AcDbLine
 10
15.4877310000000001
 20
25.4252830000000003
 30
0
 11
15.4385759999999994
 21
25.4007049999999985
 31
0
  0
LINE
  5
38D
330
1C
100
AcDbEntity
  8
F.Silkscreen
  6
CONTINUOUS
100
AcDbLine
 10
15.4385759999999994
 20
25.4007049999999985
 30
0
 11
15.4139979999999994
 21
25.3761279999999978
 31
0
  0
LINE
  5
38E
330
1C
100
AcDbEntity
  8
F.Silkscreen
  6
CONTINUOUS
100
AcDbLine
 10
15.4139979999999994
 20
25.3761279999999978
 30
0
 11
15.3648429999999987
 21
25.3023949999999971
 31
0
  0
LINE
  5
38F
330
1C
100
AcDbEntity
  8
F.Silkscreen
  6
CONTINUOUS
100
AcDbLine
 10
15.3648429999999987
 20
25.3023949999999971
 30
0
 11
15.3402659999999997
 21
25.2040849999999992
 31
0
  0
LINE
  5
390
330
1C
100
AcDbEntity
  8
F.Silkscreen
  6
CONTINUOUS
100
AcDbLine
 10
15.3402659999999997
 20
25.2040849999999992
 30
0
 11
15.3402659999999997
 21
25.0074649999999998
 31
0
  0
LINE
  5
391
330
1C
100
AcDbEntity
  8
F.Silkscreen
  6
CONTINUOUS
100
AcDbLine
 10
15.3402659999999997
 20
25.0074649999999998
 30
0
 11
15.3648429999999987
 21
24.9583099999999973
 31
0
  0
LINE
  5
392
330
1C
100
AcDbEntity
  8
F.Silkscreen
  6
CONTINUOUS
100
AcDbLine
 10
15.3648429999999987
 20
24.9583099999999973
 30
0
 11
15.3894209999999987
 21
24.9337330000000001
 31
0
  0
LINE
  5
393
330
1C
100
AcDbEntity
  8
F.Silkscreen
  6
CONTINUOUS
100
AcDbLine
 10
15.3894209999999987
 20
24.9337330000000001
 30
0
 11
15.4385759999999994
 21
24.9091549999999984
 31
0
  0
LINE
  5
394
330
1C
100
AcDbEntity
  8
F.Silkscreen
  6
CONTINUOUS
100
AcDbLine
 10
15.4385759999999994
 20
24.9091549999999984
 30
0
 11
15.5368859999999991
 21
24.9091549999999984
 31
0
  0
LINE
  5
395
330
1C
100
AcDbEntity
  8
F.Silkscreen
  6
CONTINUOUS
100
AcDbLine
 10
15.5368859999999991
 20
24.9091549999999984
 30
0
 11
15.5860409999999998
 21
24.9337330000000001
 31
0
  0
LINE
  5
396
330
1C
100
AcDbEntity
  8
F.Silkscreen
  6
CONTINUOUS
100
AcDbLine
 10
15.5860409999999998
 20
24.9337330000000001
 30
0
 11
15.6106179999999988
 21
24.9583099999999973
 31
0
  0
LINE
  5
397
330
1C
100
AcDbEntity
  8
F.Silkscreen
  6
CONTINUOUS
100
AcDbLine
 10
15.6106179999999988
 20
24.9583099999999973
 30
0
 11
15.6351959999999988
 21
25.0074649999999998
 31
0
  0
LINE
  5
398
330
1C
100
AcDbEntity
  8
F.Silkscreen
  6
CONTINUOUS
100
AcDbLine
 10
15.6351959999999988
 20
25.0074649999999998
 30
0
 11
15.6351959999999988
 21
25.1303529999999995
 31
0
  0
LINE
  5
399
330
1C
100
AcDbEntity
  8
F.Silkscreen
  6
CONTINUOUS
100
AcDbLine
 10
15.6351959999999988
 20
25.1303529999999995
 30
0
 11
15.6106179999999988
 21
25.1795079999999984
 31
0
  0
LINE
  5
39A
330
1C
100
AcDbEntity
  8
F.Silkscreen
  6
CONTINUOUS
100
AcDbLine
 10
15.6106179999999988
 20
25.1795079999999984
 30
0
 11
15.5860409999999998
 21
25.2040849999999992
 31
0
  0
LINE
  5
39B
330
1C
100
AcDbEntity
  8
F.Silkscreen
  6
CONTINUOUS
100
AcDbLine
 10
15.5860409999999998
 20
25.2040849999999992
 30
0
 11
15.5368859999999991
 21
25.2286629999999974
 31
0
  0
LINE
  5
39C
330
1C
100
AcDbEntity
  8
F.Silkscreen
  6
CONTINUOUS
100
AcDbLine
 10
15.5368859999999991
 20
25.2286629999999974
 30
0
 11
15.4385759999999994
 21
25.2286629999999974
 31
0
  0
LINE
  5
39D
330
1C
100
AcDbEntity
  8
F.Silkscreen
  6
CONTINUOUS
100
AcDbLine
 10
15.4385759999999994
 20
25.2286629999999974
 30
0
 11
15.3894209999999987
 21
25.2040849999999992
 31
0
  0
LINE
  5
39E
330
1C
100
AcDbEntity
  8
F.Silkscreen
  6
CONTINUOUS
100
AcDbLine
 10
15.3894209999999987
 20
25.2040849999999992
 30
0
 11
15.3648429999999987
 21
25.1795079999999984
 31
0
  0
LINE
  5
39F
330
1C
100
AcDbEntity
  8
F.Silkscreen
  6
CONTINUOUS
100
AcDbLine
 10
15.3648429999999987
 20
25.1795079999999984
 30
0
 11
15.3402659999999997
 21
25.1303529999999995
 31
0
  0
LINE
  5
3A0
330
1C
100
AcDbEntity
  8
F.Silkscreen
  6
CONTINUOUS
100
AcDbLine
 10
22.5543109999999984
 20
24.2030239999999992
 30
0
 11
22.3822689999999973
 21
24.4487989999999975
 31
0
  0
LINE
  5
3A1
330
1C
100
AcDbEntity
  8
F.Silkscreen
  6
CONTINUOUS
100
AcDbLine
 10
22.2593809999999976
 20
24.2030239999999992
 30
0
 11
22.2593809999999976
 21
24.7191519999999976
 31
0
  0
LINE
  5
3A2
330
1C
100
AcDbEntity
  8
F.Silkscreen
  6
CONTINUOUS
100
AcDbLine
 10
22.2593809999999976
 20
24.7191519999999976
 30
0
 11
22.4560010000000005
 21
24.7191519999999976
 31
0
  0
LINE
  5
3A3
330
1C
100
AcDbEntity
  8
F.Silkscreen
  6
CONTINUOUS
100
AcDbLine
 10
22.4560010000000005
 20
24.7191519999999976
 30
0
 11
22.5051559999999995
 21
24.6945739999999994
 31
0
  0
LINE
  5
3A4
330
1C
100
AcDbEntity
  8
F.Silkscreen
  6
CONTINUOUS
100
AcDbLine
 10
22.5051559999999995
 20
24.6945739999999994
 30
0
 11
22.5297339999999977
 21
24.6699969999999986
 31
0
  0
LINE
  5
3A5
330
1C
100
AcDbEntity
  8
F.Silkscreen
  6
CONTINUOUS
100
AcDbLine
 10
22.5297339999999977
 20
24.6699969999999986
 30
0
 11
22.5543109999999984
 21
24.6208419999999997
 31
0
  0
LINE
  5
3A6
330
1C
100
AcDbEntity
  8
F.Silkscreen
  6
CONTINUOUS
100
AcDbLine
 10
22.5543109999999984
 20
24.6208419999999997
 30
0
 11
22.5543109999999984
 21
24.547108999999999
 31
0
  0
LINE
  5
3A7
330
1C
100
AcDbEntity
  8
F.Silkscreen
  6
CONTINUOUS
100
AcDbLine
 10
22.5543109999999984
 20
24.547108999999999
 30
0
 11
22.5297339999999977
 21
24.497954
 31
0
  0
LINE
  5
3A8
330
1C
100
AcDbEntity
  8
F.Silkscreen
  6
CONTINUOUS
100
AcDbLine
 10
22.5297339999999977
 20
24.497954
 30
0
 11
22.5051559999999995
 21
24.4733769999999993
 31
0
  0
LINE
  5
3A9
330
1C
100
AcDbEntity
  8
F.Silkscreen
  6
CONTINUOUS
100
AcDbLine
 10
22.5051559999999995
 20
24.4733769999999993
 30
0
 11
22.4560010000000005
 21
24.4487989999999975
 31
0
  0
LINE
  5
3AA
330
1C
100
AcDbEntity
  8
F.Silkscreen
  6
CONTINUOUS
100
AcDbLine
 10
22.4560010000000005
 20
24.4487989999999975
 30
0
 11
22.2593809999999976
 21
24.4487989999999975
 31
0
  0
LINE
  5
3AB
330
1C
100
AcDbEntity
  8
F.Silkscreen
  6
CONTINUOUS
100
AcDbLine
 10
22.7263540000000006
 20
24.7191519999999976
 30
0
 11
23.0704390000000004
 21
24.7191519999999976
 31
0
  0
LINE
  5
3AC
330
1C
100
AcDbEntity
  8
F.Silkscreen
  6
CONTINUOUS
100
AcDbLine
 10
23.0704390000000004
 20
24.7191519999999976
 30
0
 11
22.8492420000000003
 21
24.2030239999999992
 31
0
  0
LINE
  5
3AD
330
1C
100
AcDbEntity
  8
F.Silkscreen
  6
CONTINUOUS
100
AcDbLine
 10
23.1586449999999999
 20
28.5233099999999986
 30
0
 11
23.1340679999999992
 21
28.4987329999999979
 31
0
  0
LINE
  5
3AE
330
1C
100
AcDbEntity
  8
F.Silkscreen
  6
CONTINUOUS
100
AcDbLine
 10
23.1340679999999992
 20
28.4987329999999979
 30
0
 11
23.0603349999999985
 21
28.4741549999999997
 31
0
  0
LINE
  5
3AF
330
1C
100
AcDbEntity
  8
F.Silkscreen
  6
CONTINUOUS
100
AcDbLine
 10
23.0603349999999985
 20
28.4741549999999997
 30
0
 11
23.0111799999999995
 21
28.4741549999999997
 31
0
  0
LINE
  5
3B0
330
1C
100
AcDbEntity
  8
F.Silkscreen
  6
CONTINUOUS
100
AcDbLine
 10
23.0111799999999995
 20
28.4741549999999997
 30
0
 11
22.9374479999999998
 21
28.4987329999999979
 31
0
  0
LINE
  5
3B1
330
1C
100
AcDbEntity
  8
F.Silkscreen
  6
CONTINUOUS
100
AcDbLine
 10
22.9374479999999998
 20
28.4987329999999979
 30
0
 11
22.8882929999999973
 21
28.5478880000000004
 31
0
  0
LINE
  5
3B2
330
1C
100
AcDbEntity
  8
F.Silkscreen
  6
CONTINUOUS
100
AcDbLine
 10
22.8882929999999973
 20
28.5478880000000004
 30
0
 11
22.8637149999999991
 21
28.5970429999999993
 31
0
  0
LINE
  5
3B3
330
1C
100
AcDbEntity
  8
F.Silkscreen
  6
CONTINUOUS
100
AcDbLine
 10
22.8637149999999991
 20
28.5970429999999993
 30
0
 11
22.8391379999999984
 21
28.6953529999999972
 31
0
  0
LINE
  5
3B4
330
1C
100
AcDbEntity
  8
F.Silkscreen
  6
CONTINUOUS
100
AcDbLine
 10
22.8391379999999984
 20
28.6953529999999972
 30
0
 11
22.8391379999999984
 21
28.7690850000000005
 31
0
  0
LINE
  5
3B5
330
1C
100
AcDbEntity
  8
F.Silkscreen
  6
CONTINUOUS
100
AcDbLine
 10
22.8391379999999984
 20
28.7690850000000005
 30
0
 11
22.8637149999999991
 21
28.8673949999999984
 31
0
  0
LINE
  5
3B6
330
1C
100
AcDbEntity
  8
F.Silkscreen
  6
CONTINUOUS
100
AcDbLine
 10
22.8637149999999991
 20
28.8673949999999984
 30
0
 11
22.8882929999999973
 21
28.9165499999999973
 31
0
  0
LINE
  5
3B7
330
1C
100
AcDbEntity
  8
F.Silkscreen
  6
CONTINUOUS
100
AcDbLine
 10
22.8882929999999973
 20
28.9165499999999973
 30
0
 11
22.9374479999999998
 21
28.9657049999999998
 31
0
  0
LINE
  5
3B8
330
1C
100
AcDbEntity
  8
F.Silkscreen
  6
CONTINUOUS
100
AcDbLine
 10
22.9374479999999998
 20
28.9657049999999998
 30
0
 11
23.0111799999999995
 21
28.990282999999998
 31
0
  0
LINE
  5
3B9
330
1C
100
AcDbEntity
  8
F.Silkscreen
  6
CONTINUOUS
100
AcDbLine
 10
23.0111799999999995
 20
28.990282999999998
 30
0
 11
23.0603349999999985
 21
28.990282999999998
 31
0
  0
LINE
  5
3BA
330
1C
100
AcDbEntity
  8
F.Silkscreen
  6
CONTINUOUS
100
AcDbLine
 10
23.0603349999999985
 20
28.990282999999998
 30
0
 11
23.1340679999999992
 21
28.9657049999999998
 31
0
  0
LINE
  5
3BB
330
1C
100
AcDbEntity
  8
F.Silkscreen
  6
CONTINUOUS
100
AcDbLine
 10
23.1340679999999992
 20
28.9657049999999998
 30
0
 11
23.1586449999999999
 21
28.9411279999999991
 31
0
  0
LINE
  5
3BC
330
1C
100
AcDbEntity
  8
F.Silkscreen
  6
CONTINUOUS
100
AcDbLine
 10
23.6010409999999986
 20
28.8182399999999994
 30
0
 11
23.6010409999999986
 21
28.4741549999999997
 31
0
  0
LINE
  5
3BD
330
1C
100
AcDbEntity
  8
F.Silkscreen
  6
CONTINUOUS
100
AcDbLine
 10
23.4781529999999989
 20
29.0148609999999998
 30
0
 11
23.3552660000000003
 21
28.6461979999999983
 31
0
  0
LINE
  5
3BE
330
1C
100
AcDbEntity
  8
F.Silkscreen
  6
CONTINUOUS
100
AcDbLine
 10
23.3552660000000003
 20
28.6461979999999983
 30
0
 11
23.6747729999999983
 21
28.6461979999999983
 31
0
  0
LINE
  5
3BF
330
1C
100
AcDbEntity
  8
F.Silkscreen
  6
CONTINUOUS
100
AcDbLine
 10
11.9843109999999999
 20
18.4030239999999985
 30
0
 11
11.8122689999999988
 21
18.6487990000000003
 31
0
  0
LINE
  5
3C0
330
1C
100
AcDbEntity
  8
F.Silkscreen
  6
CONTINUOUS
100
AcDbLine
 10
11.6893809999999991
 20
18.4030239999999985
 30
0
 11
11.6893809999999991
 21
18.9191520000000004
 31
0
  0
LINE
  5
3C1
330
1C
100
AcDbEntity
  8
F.Silkscreen
  6
CONTINUOUS
100
AcDbLine
 10
11.6893809999999991
 20
18.9191520000000004
 30
0
 11
11.8860010000000003
 21
18.9191520000000004
 31
0
  0
LINE
  5
3C2
330
1C
100
AcDbEntity
  8
F.Silkscreen
  6
CONTINUOUS
100
AcDbLine
 10
11.8860010000000003
 20
18.9191520000000004
 30
0
 11
11.9351559999999992
 21
18.8945739999999986
 31
0
  0
LINE
  5
3C3
330
1C
100
AcDbEntity
  8
F.Silkscreen
  6
CONTINUOUS
100
AcDbLine
 10
11.9351559999999992
 20
18.8945739999999986
 30
0
 11
11.9597339999999992
 21
18.8699969999999979
 31
0
  0
LINE
  5
3C4
330
1C
100
AcDbEntity
  8
F.Silkscreen
  6
CONTINUOUS
100
AcDbLine
 10
11.9597339999999992
 20
18.8699969999999979
 30
0
 11
11.9843109999999999
 21
18.820841999999999
 31
0
  0
LINE
  5
3C5
330
1C
100
AcDbEntity
  8
F.Silkscreen
  6
CONTINUOUS
100
AcDbLine
 10
11.9843109999999999
 20
18.820841999999999
 30
0
 11
11.9843109999999999
 21
18.7471089999999982
 31
0
  0
LINE
  5
3C6
330
1C
100
AcDbEntity
  8
F.Silkscreen
  6
CONTINUOUS
100
AcDbLine
 10
11.9843109999999999
 20
18.7471089999999982
 30
0
 11
11.9597339999999992
 21
18.6979539999999993
 31
0
  0
LINE
  5
3C7
330
1C
100
AcDbEntity
  8
F.Silkscreen
  6
CONTINUOUS
100
AcDbLine
 10
11.9597339999999992
 20
18.6979539999999993
 30
0
 11
11.9351559999999992
 21
18.6733769999999986
 31
0
  0
LINE
  5
3C8
330
1C
100
AcDbEntity
  8
F.Silkscreen
  6
CONTINUOUS
100
AcDbLine
 10
11.9351559999999992
 20
18.6733769999999986
 30
0
 11
11.8860010000000003
 21
18.6487990000000003
 31
0
  0
LINE
  5
3C9
330
1C
100
AcDbEntity
  8
F.Silkscreen
  6
CONTINUOUS
100
AcDbLine
 10
11.8860010000000003
 20
18.6487990000000003
 30
0
 11
11.6893809999999991
 21
18.6487990000000003
 31
0
  0
LINE
  5
3CA
330
1C
100
AcDbEntity
  8
F.Silkscreen
  6
CONTINUOUS
100
AcDbLine
 10
12.1563540000000003
 20
18.9191520000000004
 30
0
 11
12.4758619999999993
 21
18.9191520000000004
 31
0
  0
LINE
  5
3CB
330
1C
100
AcDbEntity
  8
F.Silkscreen
  6
CONTINUOUS
100
AcDbLine
 10
12.4758619999999993
 20
18.9191520000000004
 30
0
 11
12.303818999999999
 21
18.7225319999999975
 31
0
  0
LINE
  5
3CC
330
1C
100
AcDbEntity
  8
F.Silkscreen
  6
CONTINUOUS
100
AcDbLine
 10
12.303818999999999
 20
18.7225319999999975
 30
0
 11
12.3775519999999997
 21
18.7225319999999975
 31
0
  0
LINE
  5
3CD
330
1C
100
AcDbEntity
  8
F.Silkscreen
  6
CONTINUOUS
100
AcDbLine
 10
12.3775519999999997
 20
18.7225319999999975
 30
0
 11
12.4267069999999986
 21
18.6979539999999993
 31
0
  0
LINE
  5
3CE
330
1C
100
AcDbEntity
  8
F.Silkscreen
  6
CONTINUOUS
100
AcDbLine
 10
12.4267069999999986
 20
18.6979539999999993
 30
0
 11
12.4512839999999994
 21
18.6733769999999986
 31
0
  0
LINE
  5
3CF
330
1C
100
AcDbEntity
  8
F.Silkscreen
  6
CONTINUOUS
100
AcDbLine
 10
12.4512839999999994
 20
18.6733769999999986
 30
0
 11
12.4758619999999993
 21
18.6242219999999996
 31
0
  0
LINE
  5
3D0
330
1C
100
AcDbEntity
  8
F.Silkscreen
  6
CONTINUOUS
100
AcDbLine
 10
12.4758619999999993
 20
18.6242219999999996
 30
0
 11
12.4758619999999993
 21
18.5013339999999999
 31
0
  0
LINE
  5
3D1
330
1C
100
AcDbEntity
  8
F.Silkscreen
  6
CONTINUOUS
100
AcDbLine
 10
12.4758619999999993
 20
18.5013339999999999
 30
0
 11
12.4512839999999994
 21
18.4521789999999974
 31
0
  0
LINE
  5
3D2
330
1C
100
AcDbEntity
  8
F.Silkscreen
  6
CONTINUOUS
100
AcDbLine
 10
12.4512839999999994
 20
18.4521789999999974
 30
0
 11
12.4267069999999986
 21
18.4276020000000003
 31
0
  0
LINE
  5
3D3
330
1C
100
AcDbEntity
  8
F.Silkscreen
  6
CONTINUOUS
100
AcDbLine
 10
12.4267069999999986
 20
18.4276020000000003
 30
0
 11
12.3775519999999997
 21
18.4030239999999985
 31
0
  0
LINE
  5
3D4
330
1C
100
AcDbEntity
  8
F.Silkscreen
  6
CONTINUOUS
100
AcDbLine
 10
12.3775519999999997
 20
18.4030239999999985
 30
0
 11
12.2300869999999993
 21
18.4030239999999985
 31
0
  0
LINE
  5
3D5
330
1C
100
AcDbEntity
  8
F.Silkscreen
  6
CONTINUOUS
100
AcDbLine
 10
12.2300869999999993
 20
18.4030239999999985
 30
0
 11
12.1809320000000003
 21
18.4276020000000003
 31
0
  0
LINE
  5
3D6
330
1C
100
AcDbEntity
  8
F.Silkscreen
  6
CONTINUOUS
100
AcDbLine
 10
12.1809320000000003
 20
18.4276020000000003
 30
0
 11
12.1563540000000003
 21
18.4521789999999974
 31
0
  0
LINE
  5
3D7
330
1C
100
AcDbEntity
  8
F.Silkscreen
  6
CONTINUOUS
100
AcDbLine
 10
9.1443110000000001
 20
20.7721789999999977
 30
0
 11
9.1197339999999993
 21
20.7476020000000005
 31
0
  0
LINE
  5
3D8
330
1C
100
AcDbEntity
  8
F.Silkscreen
  6
CONTINUOUS
100
AcDbLine
 10
9.1197339999999993
 20
20.7476020000000005
 30
0
 11
9.0460010000000004
 21
20.7230239999999988
 31
0
  0
LINE
  5
3D9
330
1C
100
AcDbEntity
  8
F.Silkscreen
  6
CONTINUOUS
100
AcDbLine
 10
9.0460010000000004
 20
20.7230239999999988
 30
0
 11
8.9968459999999997
 21
20.7230239999999988
 31
0
  0
LINE
  5
3DA
330
1C
100
AcDbEntity
  8
F.Silkscreen
  6
CONTINUOUS
100
AcDbLine
 10
8.9968459999999997
 20
20.7230239999999988
 30
0
 11
8.923114
 21
20.7476020000000005
 31
0
  0
LINE
  5
3DB
330
1C
100
AcDbEntity
  8
F.Silkscreen
  6
CONTINUOUS
100
AcDbLine
 10
8.923114
 20
20.7476020000000005
 30
0
 11
8.8739589999999993
 21
20.7967569999999995
 31
0
  0
LINE
  5
3DC
330
1C
100
AcDbEntity
  8
F.Silkscreen
  6
CONTINUOUS
100
AcDbLine
 10
8.8739589999999993
 20
20.7967569999999995
 30
0
 11
8.8493809999999993
 21
20.8459119999999984
 31
0
  0
LINE
  5
3DD
330
1C
100
AcDbEntity
  8
F.Silkscreen
  6
CONTINUOUS
100
AcDbLine
 10
8.8493809999999993
 20
20.8459119999999984
 30
0
 11
8.8248040000000003
 21
20.9442219999999999
 31
0
  0
LINE
  5
3DE
330
1C
100
AcDbEntity
  8
F.Silkscreen
  6
CONTINUOUS
100
AcDbLine
 10
8.8248040000000003
 20
20.9442219999999999
 30
0
 11
8.8248040000000003
 21
21.0179539999999996
 31
0
  0
LINE
  5
3DF
330
1C
100
AcDbEntity
  8
F.Silkscreen
  6
CONTINUOUS
100
AcDbLine
 10
8.8248040000000003
 20
21.0179539999999996
 30
0
 11
8.8493809999999993
 21
21.1162639999999975
 31
0
  0
LINE
  5
3E0
330
1C
100
AcDbEntity
  8
F.Silkscreen
  6
CONTINUOUS
100
AcDbLine
 10
8.8493809999999993
 20
21.1162639999999975
 30
0
 11
8.8739589999999993
 21
21.165419
 31
0
  0
LINE
  5
3E1
330
1C
100
AcDbEntity
  8
F.Silkscreen
  6
CONTINUOUS
100
AcDbLine
 10
8.8739589999999993
 20
21.165419
 30
0
 11
8.923114
 21
21.2145739999999989
 31
0
  0
LINE
  5
3E2
330
1C
100
AcDbEntity
  8
F.Silkscreen
  6
CONTINUOUS
100
AcDbLine
 10
8.923114
 20
21.2145739999999989
 30
0
 11
8.9968459999999997
 21
21.2391520000000007
 31
0
  0
LINE
  5
3E3
330
1C
100
AcDbEntity
  8
F.Silkscreen
  6
CONTINUOUS
100
AcDbLine
 10
8.9968459999999997
 20
21.2391520000000007
 30
0
 11
9.0460010000000004
 21
21.2391520000000007
 31
0
  0
LINE
  5
3E4
330
1C
100
AcDbEntity
  8
F.Silkscreen
  6
CONTINUOUS
100
AcDbLine
 10
9.0460010000000004
 20
21.2391520000000007
 30
0
 11
9.1197339999999993
 21
21.2145739999999989
 31
0
  0
LINE
  5
3E5
330
1C
100
AcDbEntity
  8
F.Silkscreen
  6
CONTINUOUS
100
AcDbLine
 10
9.1197339999999993
 20
21.2145739999999989
 30
0
 11
9.1443110000000001
 21
21.1899969999999982
 31
0
  0
LINE
  5
3E6
330
1C
100
AcDbEntity
  8
F.Silkscreen
  6
CONTINUOUS
100
AcDbLine
 10
9.3409320000000005
 20
21.1899969999999982
 30
0
 11
9.3655089999999994
 21
21.2145739999999989
 31
0
  0
LINE
  5
3E7
330
1C
100
AcDbEntity
  8
F.Silkscreen
  6
CONTINUOUS
100
AcDbLine
 10
9.3655089999999994
 20
21.2145739999999989
 30
0
 11
9.4146640000000001
 21
21.2391520000000007
 31
0
  0
LINE
  5
3E8
330
1C
100
AcDbEntity
  8
F.Silkscreen
  6
CONTINUOUS
100
AcDbLine
 10
9.4146640000000001
 20
21.2391520000000007
 30
0
 11
9.5375519999999998
 21
21.2391520000000007
 31
0
  0
LINE
  5
3E9
330
1C
100
AcDbEntity
  8
F.Silkscreen
  6
CONTINUOUS
100
AcDbLine
 10
9.5375519999999998
 20
21.2391520000000007
 30
0
 11
9.5867069999999988
 21
21.2145739999999989
 31
0
  0
LINE
  5
3EA
330
1C
100
AcDbEntity
  8
F.Silkscreen
  6
CONTINUOUS
100
AcDbLine
 10
9.5867069999999988
 20
21.2145739999999989
 30
0
 11
9.6112839999999995
 21
21.1899969999999982
 31
0
  0
LINE
  5
3EB
330
1C
100
AcDbEntity
  8
F.Silkscreen
  6
CONTINUOUS
100
AcDbLine
 10
9.6112839999999995
 20
21.1899969999999982
 30
0
 11
9.6358619999999995
 21
21.1408419999999992
 31
0
  0
LINE
  5
3EC
330
1C
100
AcDbEntity
  8
F.Silkscreen
  6
CONTINUOUS
100
AcDbLine
 10
9.6358619999999995
 20
21.1408419999999992
 30
0
 11
9.6358619999999995
 21
21.0916870000000003
 31
0
  0
LINE
  5
3ED
330
1C
100
AcDbEntity
  8
F.Silkscreen
  6
CONTINUOUS
100
AcDbLine
 10
9.6358619999999995
 20
21.0916870000000003
 30
0
 11
9.6112839999999995
 21
21.0179539999999996
 31
0
  0
LINE
  5
3EE
330
1C
100
AcDbEntity
  8
F.Silkscreen
  6
CONTINUOUS
100
AcDbLine
 10
9.6112839999999995
 20
21.0179539999999996
 30
0
 11
9.3163539999999987
 21
20.7230239999999988
 31
0
  0
LINE
  5
3EF
330
1C
100
AcDbEntity
  8
F.Silkscreen
  6
CONTINUOUS
100
AcDbLine
 10
9.3163539999999987
 20
20.7230239999999988
 30
0
 11
9.6358619999999995
 21
20.7230239999999988
 31
0
  0
LINE
  5
3F0
330
1C
100
AcDbEntity
  8
F.Silkscreen
  6
CONTINUOUS
100
AcDbLine
 10
14.361241999999999
 20
14.8147000000000002
 30
0
 11
14.361241999999999
 21
14.7270810000000001
 31
0
  0
LINE
  5
3F1
330
1C
100
AcDbEntity
  8
F.Silkscreen
  6
CONTINUOUS
100
AcDbLine
 10
14.2736229999999988
 20
14.7621279999999988
 30
0
 11
14.361241999999999
 21
14.7270810000000001
 31
0
  0
LINE
  5
3F2
330
1C
100
AcDbEntity
  8
F.Silkscreen
  6
CONTINUOUS
100
AcDbLine
 10
14.361241999999999
 20
14.7270810000000001
 30
0
 11
14.4488609999999991
 21
14.7621279999999988
 31
0
  0
LINE
  5
3F3
330
1C
100
AcDbEntity
  8
F.Silkscreen
  6
CONTINUOUS
100
AcDbLine
 10
14.3086709999999986
 20
14.6569849999999988
 30
0
 11
14.361241999999999
 21
14.7270810000000001
 31
0
  0
LINE
  5
3F4
330
1C
100
AcDbEntity
  8
F.Silkscreen
  6
CONTINUOUS
100
AcDbLine
 10
14.361241999999999
 20
14.7270810000000001
 30
0
 11
14.4138129999999993
 21
14.6569849999999988
 31
0
  0
LINE
  5
3F5
330
1C
100
AcDbEntity
  8
F.Silkscreen
  6
CONTINUOUS
100
AcDbLine
 10
25.8893109999999993
 20
24.8071789999999979
 30
0
 11
25.8647339999999986
 21
24.7826019999999971
 31
0
  0
LINE
  5
3F6
330
1C
100
AcDbEntity
  8
F.Silkscreen
  6
CONTINUOUS
100
AcDbLine
 10
25.8647339999999986
 20
24.7826019999999971
 30
0
 11
25.7910009999999978
 21
24.7580239999999989
 31
0
  0
LINE
  5
3F7
330
1C
100
AcDbEntity
  8
F.Silkscreen
  6
CONTINUOUS
100
AcDbLine
 10
25.7910009999999978
 20
24.7580239999999989
 30
0
 11
25.7418459999999989
 21
24.7580239999999989
 31
0
  0
LINE
  5
3F8
330
1C
100
AcDbEntity
  8
F.Silkscreen
  6
CONTINUOUS
100
AcDbLine
 10
25.7418459999999989
 20
24.7580239999999989
 30
0
 11
25.6681139999999992
 21
24.7826019999999971
 31
0
  0
LINE
  5
3F9
330
1C
100
AcDbEntity
  8
F.Silkscreen
  6
CONTINUOUS
100
AcDbLine
 10
25.6681139999999992
 20
24.7826019999999971
 30
0
 11
25.6189590000000003
 21
24.8317569999999996
 31
0
  0
LINE
  5
3FA
330
1C
100
AcDbEntity
  8
F.Silkscreen
  6
CONTINUOUS
100
AcDbLine
 10
25.6189590000000003
 20
24.8317569999999996
 30
0
 11
25.5943809999999985
 21
24.8809119999999986
 31
0
  0
LINE
  5
3FB
330
1C
100
AcDbEntity
  8
F.Silkscreen
  6
CONTINUOUS
100
AcDbLine
 10
25.5943809999999985
 20
24.8809119999999986
 30
0
 11
25.5698039999999978
 21
24.979222
 31
0
  0
LINE
  5
3FC
330
1C
100
AcDbEntity
  8
F.Silkscreen
  6
CONTINUOUS
100
AcDbLine
 10
25.5698039999999978
 20
24.979222
 30
0
 11
25.5698039999999978
 21
25.0529539999999997
 31
0
  0
LINE
  5
3FD
330
1C
100
AcDbEntity
  8
F.Silkscreen
  6
CONTINUOUS
100
AcDbLine
 10
25.5698039999999978
 20
25.0529539999999997
 30
0
 11
25.5943809999999985
 21
25.1512639999999976
 31
0
  0
LINE
  5
3FE
330
1C
100
AcDbEntity
  8
F.Silkscreen
  6
CONTINUOUS
100
AcDbLine
 10
25.5943809999999985
 20
25.1512639999999976
 30
0
 11
25.6189590000000003
 21
25.2004190000000001
 31
0
  0
LINE
  5
3FF
330
1C
100
AcDbEntity
  8
F.Silkscreen
  6
CONTINUOUS
100
AcDbLine
 10
25.6189590000000003
 20
25.2004190000000001
 30
0
 11
25.6681139999999992
 21
25.2495739999999991
 31
0
  0
LINE
  5
400
330
1C
100
AcDbEntity
  8
F.Silkscreen
  6
CONTINUOUS
100
AcDbLine
 10
25.6681139999999992
 20
25.2495739999999991
 30
0
 11
25.7418459999999989
 21
25.2741519999999973
 31
0
  0
LINE
  5
401
330
1C
100
AcDbEntity
  8
F.Silkscreen
  6
CONTINUOUS
100
AcDbLine
 10
25.7418459999999989
 20
25.2741519999999973
 30
0
 11
25.7910009999999978
 21
25.2741519999999973
 31
0
  0
LINE
  5
402
330
1C
100
AcDbEntity
  8
F.Silkscreen
  6
CONTINUOUS
100
AcDbLine
 10
25.7910009999999978
 20
25.2741519999999973
 30
0
 11
25.8647339999999986
 21
25.2495739999999991
 31
0
  0
LINE
  5
403
330
1C
100
AcDbEntity
  8
F.Silkscreen
  6
CONTINUOUS
100
AcDbLine
 10
25.8647339999999986
 20
25.2495739999999991
 30
0
 11
25.8893109999999993
 21
25.2249969999999983
 31
0
  0
LINE
  5
404
330
1C
100
AcDbEntity
  8
F.Silkscreen
  6
CONTINUOUS
100
AcDbLine
 10
26.3562839999999987
 20
25.2741519999999973
 30
0
 11
26.1105090000000004
 21
25.2741519999999973
 31
0
  0
LINE
  5
405
330
1C
100
AcDbEntity
  8
F.Silkscreen
  6
CONTINUOUS
100
AcDbLine
 10
26.1105090000000004
 20
25.2741519999999973
 30
0
 11
26.0859319999999997
 21
25.028376999999999
 31
0
  0
LINE
  5
406
330
1C
100
AcDbEntity
  8
F.Silkscreen
  6
CONTINUOUS
100
AcDbLine
 10
26.0859319999999997
 20
25.028376999999999
 30
0
 11
26.1105090000000004
 21
25.0529539999999997
 31
0
  0
LINE
  5
407
330
1C
100
AcDbEntity
  8
F.Silkscreen
  6
CONTINUOUS
100
AcDbLine
 10
26.1105090000000004
 20
25.0529539999999997
 30
0
 11
26.1596639999999994
 21
25.0775319999999979
 31
0
  0
LINE
  5
408
330
1C
100
AcDbEntity
  8
F.Silkscreen
  6
CONTINUOUS
100
AcDbLine
 10
26.1596639999999994
 20
25.0775319999999979
 30
0
 11
26.282551999999999
 21
25.0775319999999979
 31
0
  0
LINE
  5
409
330
1C
100
AcDbEntity
  8
F.Silkscreen
  6
CONTINUOUS
100
AcDbLine
 10
26.282551999999999
 20
25.0775319999999979
 30
0
 11
26.331706999999998
 21
25.0529539999999997
 31
0
  0
LINE
  5
40A
330
1C
100
AcDbEntity
  8
F.Silkscreen
  6
CONTINUOUS
100
AcDbLine
 10
26.331706999999998
 20
25.0529539999999997
 30
0
 11
26.3562839999999987
 21
25.028376999999999
 31
0
  0
LINE
  5
40B
330
1C
100
AcDbEntity
  8
F.Silkscreen
  6
CONTINUOUS
100
AcDbLine
 10
26.3562839999999987
 20
25.028376999999999
 30
0
 11
26.3808620000000005
 21
24.979222
 31
0
  0
LINE
  5
40C
330
1C
100
AcDbEntity
  8
F.Silkscreen
  6
CONTINUOUS
100
AcDbLine
 10
26.3808620000000005
 20
24.979222
 30
0
 11
26.3808620000000005
 21
24.8563340000000004
 31
0
  0
LINE
  5
40D
330
1C
100
AcDbEntity
  8
F.Silkscreen
  6
CONTINUOUS
100
AcDbLine
 10
26.3808620000000005
 20
24.8563340000000004
 30
0
 11
26.3562839999999987
 21
24.8071789999999979
 31
0
  0
LINE
  5
40E
330
1C
100
AcDbEntity
  8
F.Silkscreen
  6
CONTINUOUS
100
AcDbLine
 10
26.3562839999999987
 20
24.8071789999999979
 30
0
 11
26.331706999999998
 21
24.7826019999999971
 31
0
  0
LINE
  5
40F
330
1C
100
AcDbEntity
  8
F.Silkscreen
  6
CONTINUOUS
100
AcDbLine
 10
26.331706999999998
 20
24.7826019999999971
 30
0
 11
26.282551999999999
 21
24.7580239999999989
 31
0
  0
LINE
  5
410
330
1C
100
AcDbEntity
  8
F.Silkscreen
  6
CONTINUOUS
100
AcDbLine
 10
26.282551999999999
 20
24.7580239999999989
 30
0
 11
26.1596639999999994
 21
24.7580239999999989
 31
0
  0
LINE
  5
411
330
1C
100
AcDbEntity
  8
F.Silkscreen
  6
CONTINUOUS
100
AcDbLine
 10
26.1596639999999994
 20
24.7580239999999989
 30
0
 11
26.1105090000000004
 21
24.7826019999999971
 31
0
  0
LINE
  5
412
330
1C
100
AcDbEntity
  8
F.Silkscreen
  6
CONTINUOUS
100
AcDbLine
 10
26.1105090000000004
 20
24.7826019999999971
 30
0
 11
26.0859319999999997
 21
24.8071789999999979
 31
0
  0
LINE
  5
413
330
1C
100
AcDbEntity
  8
F.Silkscreen
  6
CONTINUOUS
100
AcDbLine
 10
18.6036450000000002
 20
24.9583099999999973
 30
0
 11
18.5790679999999995
 21
24.9337330000000001
 31
0
  0
LINE
  5
414
330
1C
100
AcDbEntity
  8
F.Silkscreen
  6
CONTINUOUS
100
AcDbLine
 10
18.5790679999999995
 20
24.9337330000000001
 30
0
 11
18.5053349999999988
 21
24.9091549999999984
 31
0
  0
LINE
  5
415
330
1C
100
AcDbEntity
  8
F.Silkscreen
  6
CONTINUOUS
100
AcDbLine
 10
18.5053349999999988
 20
24.9091549999999984
 30
0
 11
18.4561799999999998
 21
24.9091549999999984
 31
0
  0
LINE
  5
416
330
1C
100
AcDbEntity
  8
F.Silkscreen
  6
CONTINUOUS
100
AcDbLine
 10
18.4561799999999998
 20
24.9091549999999984
 30
0
 11
18.3824480000000001
 21
24.9337330000000001
 31
0
  0
LINE
  5
417
330
1C
100
AcDbEntity
  8
F.Silkscreen
  6
CONTINUOUS
100
AcDbLine
 10
18.3824480000000001
 20
24.9337330000000001
 30
0
 11
18.3332929999999976
 21
24.9828879999999991
 31
0
  0
LINE
  5
418
330
1C
100
AcDbEntity
  8
F.Silkscreen
  6
CONTINUOUS
100
AcDbLine
 10
18.3332929999999976
 20
24.9828879999999991
 30
0
 11
18.3087149999999994
 21
25.032042999999998
 31
0
  0
LINE
  5
419
330
1C
100
AcDbEntity
  8
F.Silkscreen
  6
CONTINUOUS
100
AcDbLine
 10
18.3087149999999994
 20
25.032042999999998
 30
0
 11
18.2841379999999987
 21
25.1303529999999995
 31
0
  0
LINE
  5
41A
330
1C
100
AcDbEntity
  8
F.Silkscreen
  6
CONTINUOUS
100
AcDbLine
 10
18.2841379999999987
 20
25.1303529999999995
 30
0
 11
18.2841379999999987
 21
25.2040849999999992
 31
0
  0
LINE
  5
41B
330
1C
100
AcDbEntity
  8
F.Silkscreen
  6
CONTINUOUS
100
AcDbLine
 10
18.2841379999999987
 20
25.2040849999999992
 30
0
 11
18.3087149999999994
 21
25.3023949999999971
 31
0
  0
LINE
  5
41C
330
1C
100
AcDbEntity
  8
F.Silkscreen
  6
CONTINUOUS
100
AcDbLine
 10
18.3087149999999994
 20
25.3023949999999971
 30
0
 11
18.3332929999999976
 21
25.3515499999999996
 31
0
  0
LINE
  5
41D
330
1C
100
AcDbEntity
  8
F.Silkscreen
  6
CONTINUOUS
100
AcDbLine
 10
18.3332929999999976
 20
25.3515499999999996
 30
0
 11
18.3824480000000001
 21
25.4007049999999985
 31
0
  0
LINE
  5
41E
330
1C
100
AcDbEntity
  8
F.Silkscreen
  6
CONTINUOUS
100
AcDbLine
 10
18.3824480000000001
 20
25.4007049999999985
 30
0
 11
18.4561799999999998
 21
25.4252830000000003
 31
0
  0
LINE
  5
41F
330
1C
100
AcDbEntity
  8
F.Silkscreen
  6
CONTINUOUS
100
AcDbLine
 10
18.4561799999999998
 20
25.4252830000000003
 30
0
 11
18.5053349999999988
 21
25.4252830000000003
 31
0
  0
LINE
  5
420
330
1C
100
AcDbEntity
  8
F.Silkscreen
  6
CONTINUOUS
100
AcDbLine
 10
18.5053349999999988
 20
25.4252830000000003
 30
0
 11
18.5790679999999995
 21
25.4007049999999985
 31
0
  0
LINE
  5
421
330
1C
100
AcDbEntity
  8
F.Silkscreen
  6
CONTINUOUS
100
AcDbLine
 10
18.5790679999999995
 20
25.4007049999999985
 30
0
 11
18.6036450000000002
 21
25.3761279999999978
 31
0
  0
LINE
  5
422
330
1C
100
AcDbEntity
  8
F.Silkscreen
  6
CONTINUOUS
100
AcDbLine
 10
19.0460409999999989
 20
25.4252830000000003
 30
0
 11
18.9477309999999974
 21
25.4252830000000003
 31
0
  0
LINE
  5
423
330
1C
100
AcDbEntity
  8
F.Silkscreen
  6
CONTINUOUS
100
AcDbLine
 10
18.9477309999999974
 20
25.4252830000000003
 30
0
 11
18.8985759999999985
 21
25.4007049999999985
 31
0
  0
LINE
  5
424
330
1C
100
AcDbEntity
  8
F.Silkscreen
  6
CONTINUOUS
100
AcDbLine
 10
18.8985759999999985
 20
25.4007049999999985
 30
0
 11
18.8739980000000003
 21
25.3761279999999978
 31
0
  0
LINE
  5
425
330
1C
100
AcDbEntity
  8
F.Silkscreen
  6
CONTINUOUS
100
AcDbLine
 10
18.8739980000000003
 20
25.3761279999999978
 30
0
 11
18.8248429999999978
 21
25.3023949999999971
 31
0
  0
LINE
  5
426
330
1C
100
AcDbEntity
  8
F.Silkscreen
  6
CONTINUOUS
100
AcDbLine
 10
18.8248429999999978
 20
25.3023949999999971
 30
0
 11
18.8002660000000006
 21
25.2040849999999992
 31
0
  0
LINE
  5
427
330
1C
100
AcDbEntity
  8
F.Silkscreen
  6
CONTINUOUS
100
AcDbLine
 10
18.8002660000000006
 20
25.2040849999999992
 30
0
 11
18.8002660000000006
 21
25.0074649999999998
 31
0
  0
LINE
  5
428
330
1C
100
AcDbEntity
  8
F.Silkscreen
  6
CONTINUOUS
100
AcDbLine
 10
18.8002660000000006
 20
25.0074649999999998
 30
0
 11
18.8248429999999978
 21
24.9583099999999973
 31
0
  0
LINE
  5
429
330
1C
100
AcDbEntity
  8
F.Silkscreen
  6
CONTINUOUS
100
AcDbLine
 10
18.8248429999999978
 20
24.9583099999999973
 30
0
 11
18.8494209999999995
 21
24.9337330000000001
 31
0
  0
LINE
  5
42A
330
1C
100
AcDbEntity
  8
F.Silkscreen
  6
CONTINUOUS
100
AcDbLine
 10
18.8494209999999995
 20
24.9337330000000001
 30
0
 11
18.8985759999999985
 21
24.9091549999999984
 31
0
  0
LINE
  5
42B
330
1C
100
AcDbEntity
  8
F.Silkscreen
  6
CONTINUOUS
100
AcDbLine
 10
18.8985759999999985
 20
24.9091549999999984
 30
0
 11
18.9968859999999999
 21
24.9091549999999984
 31
0
  0
LINE
  5
42C
330
1C
100
AcDbEntity
  8
F.Silkscreen
  6
CONTINUOUS
100
AcDbLine
 10
18.9968859999999999
 20
24.9091549999999984
 30
0
 11
19.0460409999999989
 21
24.9337330000000001
 31
0
  0
LINE
  5
42D
330
1C
100
AcDbEntity
  8
F.Silkscreen
  6
CONTINUOUS
100
AcDbLine
 10
19.0460409999999989
 20
24.9337330000000001
 30
0
 11
19.0706179999999996
 21
24.9583099999999973
 31
0
  0
LINE
  5
42E
330
1C
100
AcDbEntity
  8
F.Silkscreen
  6
CONTINUOUS
100
AcDbLine
 10
19.0706179999999996
 20
24.9583099999999973
 30
0
 11
19.0951959999999978
 21
25.0074649999999998
 31
0
  0
LINE
  5
42F
330
1C
100
AcDbEntity
  8
F.Silkscreen
  6
CONTINUOUS
100
AcDbLine
 10
19.0951959999999978
 20
25.0074649999999998
 30
0
 11
19.0951959999999978
 21
25.1303529999999995
 31
0
  0
LINE
  5
430
330
1C
100
AcDbEntity
  8
F.Silkscreen
  6
CONTINUOUS
100
AcDbLine
 10
19.0951959999999978
 20
25.1303529999999995
 30
0
 11
19.0706179999999996
 21
25.1795079999999984
 31
0
  0
LINE
  5
431
330
1C
100
AcDbEntity
  8
F.Silkscreen
  6
CONTINUOUS
100
AcDbLine
 10
19.0706179999999996
 20
25.1795079999999984
 30
0
 11
19.0460409999999989
 21
25.2040849999999992
 31
0
  0
LINE
  5
432
330
1C
100
AcDbEntity
  8
F.Silkscreen
  6
CONTINUOUS
100
AcDbLine
 10
19.0460409999999989
 20
25.2040849999999992
 30
0
 11
18.9968859999999999
 21
25.2286629999999974
 31
0
  0
LINE
  5
433
330
1C
100
AcDbEntity
  8
F.Silkscreen
  6
CONTINUOUS
100
AcDbLine
 10
18.9968859999999999
 20
25.2286629999999974
 30
0
 11
18.8985759999999985
 21
25.2286629999999974
 31
0
  0
LINE
  5
434
330
1C
100
AcDbEntity
  8
F.Silkscreen
  6
CONTINUOUS
100
AcDbLine
 10
18.8985759999999985
 20
25.2286629999999974
 30
0
 11
18.8494209999999995
 21
25.2040849999999992
 31
0
  0
LINE
  5
435
330
1C
100
AcDbEntity
  8
F.Silkscreen
  6
CONTINUOUS
100
AcDbLine
 10
18.8494209999999995
 20
25.2040849999999992
 30
0
 11
18.8248429999999978
 21
25.1795079999999984
 31
0
  0
LINE
  5
436
330
1C
100
AcDbEntity
  8
F.Silkscreen
  6
CONTINUOUS
100
AcDbLine
 10
18.8248429999999978
 20
25.1795079999999984
 30
0
 11
18.8002660000000006
 21
25.1303529999999995
 31
0
  0
LINE
  5
437
330
1C
100
AcDbEntity
  8
F.Silkscreen
  6
CONTINUOUS
100
AcDbLine
 10
18.3536450000000002
 20
29.1291549999999972
 30
0
 11
18.1816029999999991
 21
29.3749299999999991
 31
0
  0
LINE
  5
438
330
1C
100
AcDbEntity
  8
F.Silkscreen
  6
CONTINUOUS
100
AcDbLine
 10
18.0587149999999994
 20
29.1291549999999972
 30
0
 11
18.0587149999999994
 21
29.6452829999999992
 31
0
  0
LINE
  5
439
330
1C
100
AcDbEntity
  8
F.Silkscreen
  6
CONTINUOUS
100
AcDbLine
 10
18.0587149999999994
 20
29.6452829999999992
 30
0
 11
18.2553349999999988
 21
29.6452829999999992
 31
0
  0
LINE
  5
43A
330
1C
100
AcDbEntity
  8
F.Silkscreen
  6
CONTINUOUS
100
AcDbLine
 10
18.2553349999999988
 20
29.6452829999999992
 30
0
 11
18.3044899999999977
 21
29.6207049999999974
 31
0
  0
LINE
  5
43B
330
1C
100
AcDbEntity
  8
F.Silkscreen
  6
CONTINUOUS
100
AcDbLine
 10
18.3044899999999977
 20
29.6207049999999974
 30
0
 11
18.3290679999999995
 21
29.5961280000000002
 31
0
  0
LINE
  5
43C
330
1C
100
AcDbEntity
  8
F.Silkscreen
  6
CONTINUOUS
100
AcDbLine
 10
18.3290679999999995
 20
29.5961280000000002
 30
0
 11
18.3536450000000002
 21
29.5469729999999977
 31
0
  0
LINE
  5
43D
330
1C
100
AcDbEntity
  8
F.Silkscreen
  6
CONTINUOUS
100
AcDbLine
 10
18.3536450000000002
 20
29.5469729999999977
 30
0
 11
18.3536450000000002
 21
29.473239999999997
 31
0
  0
LINE
  5
43E
330
1C
100
AcDbEntity
  8
F.Silkscreen
  6
CONTINUOUS
100
AcDbLine
 10
18.3536450000000002
 20
29.473239999999997
 30
0
 11
18.3290679999999995
 21
29.424084999999998
 31
0
  0
LINE
  5
43F
330
1C
100
AcDbEntity
  8
F.Silkscreen
  6
CONTINUOUS
100
AcDbLine
 10
18.3290679999999995
 20
29.424084999999998
 30
0
 11
18.3044899999999977
 21
29.3995079999999973
 31
0
  0
LINE
  5
440
330
1C
100
AcDbEntity
  8
F.Silkscreen
  6
CONTINUOUS
100
AcDbLine
 10
18.3044899999999977
 20
29.3995079999999973
 30
0
 11
18.2553349999999988
 21
29.3749299999999991
 31
0
  0
LINE
  5
441
330
1C
100
AcDbEntity
  8
F.Silkscreen
  6
CONTINUOUS
100
AcDbLine
 10
18.2553349999999988
 20
29.3749299999999991
 30
0
 11
18.0587149999999994
 21
29.3749299999999991
 31
0
  0
LINE
  5
442
330
1C
100
AcDbEntity
  8
F.Silkscreen
  6
CONTINUOUS
100
AcDbLine
 10
18.7960409999999989
 20
29.473239999999997
 30
0
 11
18.7960409999999989
 21
29.1291549999999972
 31
0
  0
LINE
  5
443
330
1C
100
AcDbEntity
  8
F.Silkscreen
  6
CONTINUOUS
100
AcDbLine
 10
18.6731529999999992
 20
29.6698609999999974
 30
0
 11
18.5502660000000006
 21
29.3011979999999994
 31
0
  0
LINE
  5
444
330
1C
100
AcDbEntity
  8
F.Silkscreen
  6
CONTINUOUS
100
AcDbLine
 10
18.5502660000000006
 20
29.3011979999999994
 30
0
 11
18.8697729999999986
 21
29.3011979999999994
 31
0
  0
LINE
  5
445
330
1C
100
AcDbEntity
  8
F.Silkscreen
  6
CONTINUOUS
100
AcDbLine
 10
24.1043109999999992
 20
20.8721789999999991
 30
0
 11
24.0797339999999984
 21
20.8476019999999984
 31
0
  0
LINE
  5
446
330
1C
100
AcDbEntity
  8
F.Silkscreen
  6
CONTINUOUS
100
AcDbLine
 10
24.0797339999999984
 20
20.8476019999999984
 30
0
 11
24.0060009999999977
 21
20.8230240000000002
 31
0
  0
LINE
  5
447
330
1C
100
AcDbEntity
  8
F.Silkscreen
  6
CONTINUOUS
100
AcDbLine
 10
24.0060009999999977
 20
20.8230240000000002
 30
0
 11
23.9568459999999988
 21
20.8230240000000002
 31
0
  0
LINE
  5
448
330
1C
100
AcDbEntity
  8
F.Silkscreen
  6
CONTINUOUS
100
AcDbLine
 10
23.9568459999999988
 20
20.8230240000000002
 30
0
 11
23.8831139999999991
 21
20.8476019999999984
 31
0
  0
LINE
  5
449
330
1C
100
AcDbEntity
  8
F.Silkscreen
  6
CONTINUOUS
100
AcDbLine
 10
23.8831139999999991
 20
20.8476019999999984
 30
0
 11
23.8339590000000001
 21
20.8967569999999974
 31
0
  0
LINE
  5
44A
330
1C
100
AcDbEntity
  8
F.Silkscreen
  6
CONTINUOUS
100
AcDbLine
 10
23.8339590000000001
 20
20.8967569999999974
 30
0
 11
23.8093809999999984
 21
20.9459119999999999
 31
0
  0
LINE
  5
44B
330
1C
100
AcDbEntity
  8
F.Silkscreen
  6
CONTINUOUS
100
AcDbLine
 10
23.8093809999999984
 20
20.9459119999999999
 30
0
 11
23.7848039999999976
 21
21.0442219999999978
 31
0
  0
LINE
  5
44C
330
1C
100
AcDbEntity
  8
F.Silkscreen
  6
CONTINUOUS
100
AcDbLine
 10
23.7848039999999976
 20
21.0442219999999978
 30
0
 11
23.7848039999999976
 21
21.1179539999999974
 31
0
  0
LINE
  5
44D
330
1C
100
AcDbEntity
  8
F.Silkscreen
  6
CONTINUOUS
100
AcDbLine
 10
23.7848039999999976
 20
21.1179539999999974
 30
0
 11
23.8093809999999984
 21
21.2162639999999989
 31
0
  0
LINE
  5
44E
330
1C
100
AcDbEntity
  8
F.Silkscreen
  6
CONTINUOUS
100
AcDbLine
 10
23.8093809999999984
 20
21.2162639999999989
 30
0
 11
23.8339590000000001
 21
21.2654189999999979
 31
0
  0
LINE
  5
44F
330
1C
100
AcDbEntity
  8
F.Silkscreen
  6
CONTINUOUS
100
AcDbLine
 10
23.8339590000000001
 20
21.2654189999999979
 30
0
 11
23.8831139999999991
 21
21.3145740000000004
 31
0
  0
LINE
  5
450
330
1C
100
AcDbEntity
  8
F.Silkscreen
  6
CONTINUOUS
100
AcDbLine
 10
23.8831139999999991
 20
21.3145740000000004
 30
0
 11
23.9568459999999988
 21
21.3391519999999986
 31
0
  0
LINE
  5
451
330
1C
100
AcDbEntity
  8
F.Silkscreen
  6
CONTINUOUS
100
AcDbLine
 10
23.9568459999999988
 20
21.3391519999999986
 30
0
 11
24.0060009999999977
 21
21.3391519999999986
 31
0
  0
LINE
  5
452
330
1C
100
AcDbEntity
  8
F.Silkscreen
  6
CONTINUOUS
100
AcDbLine
 10
24.0060009999999977
 20
21.3391519999999986
 30
0
 11
24.0797339999999984
 21
21.3145740000000004
 31
0
  0
LINE
  5
453
330
1C
100
AcDbEntity
  8
F.Silkscreen
  6
CONTINUOUS
100
AcDbLine
 10
24.0797339999999984
 20
21.3145740000000004
 30
0
 11
24.1043109999999992
 21
21.2899969999999996
 31
0
  0
LINE
  5
454
330
1C
100
AcDbEntity
  8
F.Silkscreen
  6
CONTINUOUS
100
AcDbLine
 10
24.3992419999999974
 20
21.1179539999999974
 30
0
 11
24.3500869999999985
 21
21.1425319999999992
 31
0
  0
LINE
  5
455
330
1C
100
AcDbEntity
  8
F.Silkscreen
  6
CONTINUOUS
100
AcDbLine
 10
24.3500869999999985
 20
21.1425319999999992
 30
0
 11
24.3255090000000003
 21
21.167109
 31
0
  0
LINE
  5
456
330
1C
100
AcDbEntity
  8
F.Silkscreen
  6
CONTINUOUS
100
AcDbLine
 10
24.3255090000000003
 20
21.167109
 30
0
 11
24.3009319999999995
 21
21.2162639999999989
 31
0
  0
LINE
  5
457
330
1C
100
AcDbEntity
  8
F.Silkscreen
  6
CONTINUOUS
100
AcDbLine
 10
24.3009319999999995
 20
21.2162639999999989
 30
0
 11
24.3009319999999995
 21
21.2408420000000007
 31
0
  0
LINE
  5
458
330
1C
100
AcDbEntity
  8
F.Silkscreen
  6
CONTINUOUS
100
AcDbLine
 10
24.3009319999999995
 20
21.2408420000000007
 30
0
 11
24.3255090000000003
 21
21.2899969999999996
 31
0
  0
LINE
  5
459
330
1C
100
AcDbEntity
  8
F.Silkscreen
  6
CONTINUOUS
100
AcDbLine
 10
24.3255090000000003
 20
21.2899969999999996
 30
0
 11
24.3500869999999985
 21
21.3145740000000004
 31
0
  0
LINE
  5
45A
330
1C
100
AcDbEntity
  8
F.Silkscreen
  6
CONTINUOUS
100
AcDbLine
 10
24.3500869999999985
 20
21.3145740000000004
 30
0
 11
24.3992419999999974
 21
21.3391519999999986
 31
0
  0
LINE
  5
45B
330
1C
100
AcDbEntity
  8
F.Silkscreen
  6
CONTINUOUS
100
AcDbLine
 10
24.3992419999999974
 20
21.3391519999999986
 30
0
 11
24.4975519999999989
 21
21.3391519999999986
 31
0
  0
LINE
  5
45C
330
1C
100
AcDbEntity
  8
F.Silkscreen
  6
CONTINUOUS
100
AcDbLine
 10
24.4975519999999989
 20
21.3391519999999986
 30
0
 11
24.5467069999999978
 21
21.3145740000000004
 31
0
  0
LINE
  5
45D
330
1C
100
AcDbEntity
  8
F.Silkscreen
  6
CONTINUOUS
100
AcDbLine
 10
24.5467069999999978
 20
21.3145740000000004
 30
0
 11
24.5712839999999986
 21
21.2899969999999996
 31
0
  0
LINE
  5
45E
330
1C
100
AcDbEntity
  8
F.Silkscreen
  6
CONTINUOUS
100
AcDbLine
 10
24.5712839999999986
 20
21.2899969999999996
 30
0
 11
24.5958620000000003
 21
21.2408420000000007
 31
0
  0
LINE
  5
45F
330
1C
100
AcDbEntity
  8
F.Silkscreen
  6
CONTINUOUS
100
AcDbLine
 10
24.5958620000000003
 20
21.2408420000000007
 30
0
 11
24.5958620000000003
 21
21.2162639999999989
 31
0
  0
LINE
  5
460
330
1C
100
AcDbEntity
  8
F.Silkscreen
  6
CONTINUOUS
100
AcDbLine
 10
24.5958620000000003
 20
21.2162639999999989
 30
0
 11
24.5712839999999986
 21
21.167109
 31
0
  0
LINE
  5
461
330
1C
100
AcDbEntity
  8
F.Silkscreen
  6
CONTINUOUS
100
AcDbLine
 10
24.5712839999999986
 20
21.167109
 30
0
 11
24.5467069999999978
 21
21.1425319999999992
 31
0
  0
LINE
  5
462
330
1C
100
AcDbEntity
  8
F.Silkscreen
  6
CONTINUOUS
100
AcDbLine
 10
24.5467069999999978
 20
21.1425319999999992
 30
0
 11
24.4975519999999989
 21
21.1179539999999974
 31
0
  0
LINE
  5
463
330
1C
100
AcDbEntity
  8
F.Silkscreen
  6
CONTINUOUS
100
AcDbLine
 10
24.4975519999999989
 20
21.1179539999999974
 30
0
 11
24.3992419999999974
 21
21.1179539999999974
 31
0
  0
LINE
  5
464
330
1C
100
AcDbEntity
  8
F.Silkscreen
  6
CONTINUOUS
100
AcDbLine
 10
24.3992419999999974
 20
21.1179539999999974
 30
0
 11
24.3500869999999985
 21
21.0933770000000003
 31
0
  0
LINE
  5
465
330
1C
100
AcDbEntity
  8
F.Silkscreen
  6
CONTINUOUS
100
AcDbLine
 10
24.3500869999999985
 20
21.0933770000000003
 30
0
 11
24.3255090000000003
 21
21.0687989999999985
 31
0
  0
LINE
  5
466
330
1C
100
AcDbEntity
  8
F.Silkscreen
  6
CONTINUOUS
100
AcDbLine
 10
24.3255090000000003
 20
21.0687989999999985
 30
0
 11
24.3009319999999995
 21
21.0196439999999996
 31
0
  0
LINE
  5
467
330
1C
100
AcDbEntity
  8
F.Silkscreen
  6
CONTINUOUS
100
AcDbLine
 10
24.3009319999999995
 20
21.0196439999999996
 30
0
 11
24.3009319999999995
 21
20.9213339999999981
 31
0
  0
LINE
  5
468
330
1C
100
AcDbEntity
  8
F.Silkscreen
  6
CONTINUOUS
100
AcDbLine
 10
24.3009319999999995
 20
20.9213339999999981
 30
0
 11
24.3255090000000003
 21
20.8721789999999991
 31
0
  0
LINE
  5
469
330
1C
100
AcDbEntity
  8
F.Silkscreen
  6
CONTINUOUS
100
AcDbLine
 10
24.3255090000000003
 20
20.8721789999999991
 30
0
 11
24.3500869999999985
 21
20.8476019999999984
 31
0
  0
LINE
  5
46A
330
1C
100
AcDbEntity
  8
F.Silkscreen
  6
CONTINUOUS
100
AcDbLine
 10
24.3500869999999985
 20
20.8476019999999984
 30
0
 11
24.3992419999999974
 21
20.8230240000000002
 31
0
  0
LINE
  5
46B
330
1C
100
AcDbEntity
  8
F.Silkscreen
  6
CONTINUOUS
100
AcDbLine
 10
24.3992419999999974
 20
20.8230240000000002
 30
0
 11
24.4975519999999989
 21
20.8230240000000002
 31
0
  0
LINE
  5
46C
330
1C
100
AcDbEntity
  8
F.Silkscreen
  6
CONTINUOUS
100
AcDbLine
 10
24.4975519999999989
 20
20.8230240000000002
 30
0
 11
24.5467069999999978
 21
20.8476019999999984
 31
0
  0
LINE
  5
46D
330
1C
100
AcDbEntity
  8
F.Silkscreen
  6
CONTINUOUS
100
AcDbLine
 10
24.5467069999999978
 20
20.8476019999999984
 30
0
 11
24.5712839999999986
 21
20.8721789999999991
 31
0
  0
LINE
  5
46E
330
1C
100
AcDbEntity
  8
F.Silkscreen
  6
CONTINUOUS
100
AcDbLine
 10
24.5712839999999986
 20
20.8721789999999991
 30
0
 11
24.5958620000000003
 21
20.9213339999999981
 31
0
  0
LINE
  5
46F
330
1C
100
AcDbEntity
  8
F.Silkscreen
  6
CONTINUOUS
100
AcDbLine
 10
24.5958620000000003
 20
20.9213339999999981
 30
0
 11
24.5958620000000003
 21
21.0196439999999996
 31
0
  0
LINE
  5
470
330
1C
100
AcDbEntity
  8
F.Silkscreen
  6
CONTINUOUS
100
AcDbLine
 10
24.5958620000000003
 20
21.0196439999999996
 30
0
 11
24.5712839999999986
 21
21.0687989999999985
 31
0
  0
LINE
  5
471
330
1C
100
AcDbEntity
  8
F.Silkscreen
  6
CONTINUOUS
100
AcDbLine
 10
24.5712839999999986
 20
21.0687989999999985
 30
0
 11
24.5467069999999978
 21
21.0933770000000003
 31
0
  0
LINE
  5
472
330
1C
100
AcDbEntity
  8
F.Silkscreen
  6
CONTINUOUS
100
AcDbLine
 10
24.5467069999999978
 20
21.0933770000000003
 30
0
 11
24.4975519999999989
 21
21.1179539999999974
 31
0
  0
LINE
  5
473
330
1C
100
AcDbEntity
  8
F.Silkscreen
  6
CONTINUOUS
100
AcDbLine
 10
21.0943109999999976
 20
18.8721789999999991
 30
0
 11
21.0697340000000004
 21
18.8476019999999984
 31
0
  0
LINE
  5
474
330
1C
100
AcDbEntity
  8
F.Silkscreen
  6
CONTINUOUS
100
AcDbLine
 10
21.0697340000000004
 20
18.8476019999999984
 30
0
 11
20.9960009999999997
 21
18.8230240000000002
 31
0
  0
LINE
  5
475
330
1C
100
AcDbEntity
  8
F.Silkscreen
  6
CONTINUOUS
100
AcDbLine
 10
20.9960009999999997
 20
18.8230240000000002
 30
0
 11
20.9468460000000007
 21
18.8230240000000002
 31
0
  0
LINE
  5
476
330
1C
100
AcDbEntity
  8
F.Silkscreen
  6
CONTINUOUS
100
AcDbLine
 10
20.9468460000000007
 20
18.8230240000000002
 30
0
 11
20.8731139999999975
 21
18.8476019999999984
 31
0
  0
LINE
  5
477
330
1C
100
AcDbEntity
  8
F.Silkscreen
  6
CONTINUOUS
100
AcDbLine
 10
20.8731139999999975
 20
18.8476019999999984
 30
0
 11
20.8239589999999986
 21
18.8967570000000009
 31
0
  0
LINE
  5
478
330
1C
100
AcDbEntity
  8
F.Silkscreen
  6
CONTINUOUS
100
AcDbLine
 10
20.8239589999999986
 20
18.8967570000000009
 30
0
 11
20.7993810000000003
 21
18.9459119999999999
 31
0
  0
LINE
  5
479
330
1C
100
AcDbEntity
  8
F.Silkscreen
  6
CONTINUOUS
100
AcDbLine
 10
20.7993810000000003
 20
18.9459119999999999
 30
0
 11
20.7748039999999996
 21
19.0442219999999978
 31
0
  0
LINE
  5
47A
330
1C
100
AcDbEntity
  8
F.Silkscreen
  6
CONTINUOUS
100
AcDbLine
 10
20.7748039999999996
 20
19.0442219999999978
 30
0
 11
20.7748039999999996
 21
19.1179539999999974
 31
0
  0
LINE
  5
47B
330
1C
100
AcDbEntity
  8
F.Silkscreen
  6
CONTINUOUS
100
AcDbLine
 10
20.7748039999999996
 20
19.1179539999999974
 30
0
 11
20.7993810000000003
 21
19.2162639999999989
 31
0
  0
LINE
  5
47C
330
1C
100
AcDbEntity
  8
F.Silkscreen
  6
CONTINUOUS
100
AcDbLine
 10
20.7993810000000003
 20
19.2162639999999989
 30
0
 11
20.8239589999999986
 21
19.2654189999999979
 31
0
  0
LINE
  5
47D
330
1C
100
AcDbEntity
  8
F.Silkscreen
  6
CONTINUOUS
100
AcDbLine
 10
20.8239589999999986
 20
19.2654189999999979
 30
0
 11
20.8731139999999975
 21
19.3145740000000004
 31
0
  0
LINE
  5
47E
330
1C
100
AcDbEntity
  8
F.Silkscreen
  6
CONTINUOUS
100
AcDbLine
 10
20.8731139999999975
 20
19.3145740000000004
 30
0
 11
20.9468460000000007
 21
19.3391519999999986
 31
0
  0
LINE
  5
47F
330
1C
100
AcDbEntity
  8
F.Silkscreen
  6
CONTINUOUS
100
AcDbLine
 10
20.9468460000000007
 20
19.3391519999999986
 30
0
 11
20.9960009999999997
 21
19.3391519999999986
 31
0
  0
LINE
  5
480
330
1C
100
AcDbEntity
  8
F.Silkscreen
  6
CONTINUOUS
100
AcDbLine
 10
20.9960009999999997
 20
19.3391519999999986
 30
0
 11
21.0697340000000004
 21
19.3145740000000004
 31
0
  0
LINE
  5
481
330
1C
100
AcDbEntity
  8
F.Silkscreen
  6
CONTINUOUS
100
AcDbLine
 10
21.0697340000000004
 20
19.3145740000000004
 30
0
 11
21.0943109999999976
 21
19.2899969999999996
 31
0
  0
LINE
  5
482
330
1C
100
AcDbEntity
  8
F.Silkscreen
  6
CONTINUOUS
100
AcDbLine
 10
21.3400870000000005
 20
18.8230240000000002
 30
0
 11
21.4383969999999984
 21
18.8230240000000002
 31
0
  0
LINE
  5
483
330
1C
100
AcDbEntity
  8
F.Silkscreen
  6
CONTINUOUS
100
AcDbLine
 10
21.4383969999999984
 20
18.8230240000000002
 30
0
 11
21.4875519999999973
 21
18.8476019999999984
 31
0
  0
LINE
  5
484
330
1C
100
AcDbEntity
  8
F.Silkscreen
  6
CONTINUOUS
100
AcDbLine
 10
21.4875519999999973
 20
18.8476019999999984
 30
0
 11
21.5121289999999981
 21
18.8721789999999991
 31
0
  0
LINE
  5
485
330
1C
100
AcDbEntity
  8
F.Silkscreen
  6
CONTINUOUS
100
AcDbLine
 10
21.5121289999999981
 20
18.8721789999999991
 30
0
 11
21.5612840000000006
 21
18.9459119999999999
 31
0
  0
LINE
  5
486
330
1C
100
AcDbEntity
  8
F.Silkscreen
  6
CONTINUOUS
100
AcDbLine
 10
21.5612840000000006
 20
18.9459119999999999
 30
0
 11
21.5858619999999988
 21
19.0442219999999978
 31
0
  0
LINE
  5
487
330
1C
100
AcDbEntity
  8
F.Silkscreen
  6
CONTINUOUS
100
AcDbLine
 10
21.5858619999999988
 20
19.0442219999999978
 30
0
 11
21.5858619999999988
 21
19.2408420000000007
 31
0
  0
LINE
  5
488
330
1C
100
AcDbEntity
  8
F.Silkscreen
  6
CONTINUOUS
100
AcDbLine
 10
21.5858619999999988
 20
19.2408420000000007
 30
0
 11
21.5612840000000006
 21
19.2899969999999996
 31
0
  0
LINE
  5
489
330
1C
100
AcDbEntity
  8
F.Silkscreen
  6
CONTINUOUS
100
AcDbLine
 10
21.5612840000000006
 20
19.2899969999999996
 30
0
 11
21.5367069999999998
 21
19.3145740000000004
 31
0
  0
LINE
  5
48A
330
1C
100
AcDbEntity
  8
F.Silkscreen
  6
CONTINUOUS
100
AcDbLine
 10
21.5367069999999998
 20
19.3145740000000004
 30
0
 11
21.4875519999999973
 21
19.3391519999999986
 31
0
  0
LINE
  5
48B
330
1C
100
AcDbEntity
  8
F.Silkscreen
  6
CONTINUOUS
100
AcDbLine
 10
21.4875519999999973
 20
19.3391519999999986
 30
0
 11
21.3892419999999994
 21
19.3391519999999986
 31
0
  0
LINE
  5
48C
330
1C
100
AcDbEntity
  8
F.Silkscreen
  6
CONTINUOUS
100
AcDbLine
 10
21.3892419999999994
 20
19.3391519999999986
 30
0
 11
21.3400870000000005
 21
19.3145740000000004
 31
0
  0
LINE
  5
48D
330
1C
100
AcDbEntity
  8
F.Silkscreen
  6
CONTINUOUS
100
AcDbLine
 10
21.3400870000000005
 20
19.3145740000000004
 30
0
 11
21.3155089999999987
 21
19.2899969999999996
 31
0
  0
LINE
  5
48E
330
1C
100
AcDbEntity
  8
F.Silkscreen
  6
CONTINUOUS
100
AcDbLine
 10
21.3155089999999987
 20
19.2899969999999996
 30
0
 11
21.290931999999998
 21
19.2408420000000007
 31
0
  0
LINE
  5
48F
330
1C
100
AcDbEntity
  8
F.Silkscreen
  6
CONTINUOUS
100
AcDbLine
 10
21.290931999999998
 20
19.2408420000000007
 30
0
 11
21.290931999999998
 21
19.1179539999999974
 31
0
  0
LINE
  5
490
330
1C
100
AcDbEntity
  8
F.Silkscreen
  6
CONTINUOUS
100
AcDbLine
 10
21.290931999999998
 20
19.1179539999999974
 30
0
 11
21.3155089999999987
 21
19.0687989999999985
 31
0
  0
LINE
  5
491
330
1C
100
AcDbEntity
  8
F.Silkscreen
  6
CONTINUOUS
100
AcDbLine
 10
21.3155089999999987
 20
19.0687989999999985
 30
0
 11
21.3400870000000005
 21
19.0442219999999978
 31
0
  0
LINE
  5
492
330
1C
100
AcDbEntity
  8
F.Silkscreen
  6
CONTINUOUS
100
AcDbLine
 10
21.3400870000000005
 20
19.0442219999999978
 30
0
 11
21.3892419999999994
 21
19.0196439999999996
 31
0
  0
LINE
  5
493
330
1C
100
AcDbEntity
  8
F.Silkscreen
  6
CONTINUOUS
100
AcDbLine
 10
21.3892419999999994
 20
19.0196439999999996
 30
0
 11
21.4875519999999973
 21
19.0196439999999996
 31
0
  0
LINE
  5
494
330
1C
100
AcDbEntity
  8
F.Silkscreen
  6
CONTINUOUS
100
AcDbLine
 10
21.4875519999999973
 20
19.0196439999999996
 30
0
 11
21.5367069999999998
 21
19.0442219999999978
 31
0
  0
LINE
  5
495
330
1C
100
AcDbEntity
  8
F.Silkscreen
  6
CONTINUOUS
100
AcDbLine
 10
21.5367069999999998
 20
19.0442219999999978
 30
0
 11
21.5612840000000006
 21
19.0687989999999985
 31
0
  0
LINE
  5
496
330
1C
100
AcDbEntity
  8
F.Silkscreen
  6
CONTINUOUS
100
AcDbLine
 10
21.5612840000000006
 20
19.0687989999999985
 30
0
 11
21.5858619999999988
 21
19.1179539999999974
 31
0
  0
LINE
  5
497
330
1C
100
AcDbEntity
  8
F.Silkscreen
  6
CONTINUOUS
100
AcDbLine
 10
14.370844
 20
21.5136450000000004
 30
0
 11
14.1250689999999999
 21
21.3416029999999992
 31
0
  0
LINE
  5
498
330
1C
100
AcDbEntity
  8
F.Silkscreen
  6
CONTINUOUS
100
AcDbLine
 10
14.370844
 20
21.2187149999999995
 30
0
 11
13.8547159999999998
 21
21.2187149999999995
 31
0
  0
LINE
  5
499
330
1C
100
AcDbEntity
  8
F.Silkscreen
  6
CONTINUOUS
100
AcDbLine
 10
13.8547159999999998
 20
21.2187149999999995
 30
0
 11
13.8547159999999998
 21
21.4153349999999989
 31
0
  0
LINE
  5
49A
330
1C
100
AcDbEntity
  8
F.Silkscreen
  6
CONTINUOUS
100
AcDbLine
 10
13.8547159999999998
 20
21.4153349999999989
 30
0
 11
13.8792939999999998
 21
21.4644899999999978
 31
0
  0
LINE
  5
49B
330
1C
100
AcDbEntity
  8
F.Silkscreen
  6
CONTINUOUS
100
AcDbLine
 10
13.8792939999999998
 20
21.4644899999999978
 30
0
 11
13.9038709999999988
 21
21.4890679999999996
 31
0
  0
LINE
  5
49C
330
1C
100
AcDbEntity
  8
F.Silkscreen
  6
CONTINUOUS
100
AcDbLine
 10
13.9038709999999988
 20
21.4890679999999996
 30
0
 11
13.9530259999999995
 21
21.5136450000000004
 31
0
  0
LINE
  5
49D
330
1C
100
AcDbEntity
  8
F.Silkscreen
  6
CONTINUOUS
100
AcDbLine
 10
13.9530259999999995
 20
21.5136450000000004
 30
0
 11
14.0267590000000002
 21
21.5136450000000004
 31
0
  0
LINE
  5
49E
330
1C
100
AcDbEntity
  8
F.Silkscreen
  6
CONTINUOUS
100
AcDbLine
 10
14.0267590000000002
 20
21.5136450000000004
 30
0
 11
14.0759139999999991
 21
21.4890679999999996
 31
0
  0
LINE
  5
49F
330
1C
100
AcDbEntity
  8
F.Silkscreen
  6
CONTINUOUS
100
AcDbLine
 10
14.0759139999999991
 20
21.4890679999999996
 30
0
 11
14.1004909999999999
 21
21.4644899999999978
 31
0
  0
LINE
  5
4A0
330
1C
100
AcDbEntity
  8
F.Silkscreen
  6
CONTINUOUS
100
AcDbLine
 10
14.1004909999999999
 20
21.4644899999999978
 30
0
 11
14.1250689999999999
 21
21.4153349999999989
 31
0
  0
LINE
  5
4A1
330
1C
100
AcDbEntity
  8
F.Silkscreen
  6
CONTINUOUS
100
AcDbLine
 10
14.1250689999999999
 20
21.4153349999999989
 30
0
 11
14.1250689999999999
 21
21.2187149999999995
 31
0
  0
LINE
  5
4A2
330
1C
100
AcDbEntity
  8
F.Silkscreen
  6
CONTINUOUS
100
AcDbLine
 10
13.8547159999999998
 20
21.9806179999999998
 30
0
 11
13.8547159999999998
 21
21.7348429999999979
 31
0
  0
LINE
  5
4A3
330
1C
100
AcDbEntity
  8
F.Silkscreen
  6
CONTINUOUS
100
AcDbLine
 10
13.8547159999999998
 20
21.7348429999999979
 30
0
 11
14.1004909999999999
 21
21.7102660000000007
 31
0
  0
LINE
  5
4A4
330
1C
100
AcDbEntity
  8
F.Silkscreen
  6
CONTINUOUS
100
AcDbLine
 10
14.1004909999999999
 20
21.7102660000000007
 30
0
 11
14.0759139999999991
 21
21.7348429999999979
 31
0
  0
LINE
  5
4A5
330
1C
100
AcDbEntity
  8
F.Silkscreen
  6
CONTINUOUS
100
AcDbLine
 10
14.0759139999999991
 20
21.7348429999999979
 30
0
 11
14.0513359999999992
 21
21.7839980000000004
 31
0
  0
LINE
  5
4A6
330
1C
100
AcDbEntity
  8
F.Silkscreen
  6
CONTINUOUS
100
AcDbLine
 10
14.0513359999999992
 20
21.7839980000000004
 30
0
 11
14.0513359999999992
 21
21.9068860000000001
 31
0
  0
LINE
  5
4A7
330
1C
100
AcDbEntity
  8
F.Silkscreen
  6
CONTINUOUS
100
AcDbLine
 10
14.0513359999999992
 20
21.9068860000000001
 30
0
 11
14.0759139999999991
 21
21.956040999999999
 31
0
  0
LINE
  5
4A8
330
1C
100
AcDbEntity
  8
F.Silkscreen
  6
CONTINUOUS
100
AcDbLine
 10
14.0759139999999991
 20
21.956040999999999
 30
0
 11
14.1004909999999999
 21
21.9806179999999998
 31
0
  0
LINE
  5
4A9
330
1C
100
AcDbEntity
  8
F.Silkscreen
  6
CONTINUOUS
100
AcDbLine
 10
14.1004909999999999
 20
21.9806179999999998
 30
0
 11
14.1496459999999988
 21
22.005195999999998
 31
0
  0
LINE
  5
4AA
330
1C
100
AcDbEntity
  8
F.Silkscreen
  6
CONTINUOUS
100
AcDbLine
 10
14.1496459999999988
 20
22.005195999999998
 30
0
 11
14.2725339999999985
 21
22.005195999999998
 31
0
  0
LINE
  5
4AB
330
1C
100
AcDbEntity
  8
F.Silkscreen
  6
CONTINUOUS
100
AcDbLine
 10
14.2725339999999985
 20
22.005195999999998
 30
0
 11
14.3216889999999992
 21
21.9806179999999998
 31
0
  0
LINE
  5
4AC
330
1C
100
AcDbEntity
  8
F.Silkscreen
  6
CONTINUOUS
100
AcDbLine
 10
14.3216889999999992
 20
21.9806179999999998
 30
0
 11
14.3462669999999992
 21
21.956040999999999
 31
0
  0
LINE
  5
4AD
330
1C
100
AcDbEntity
  8
F.Silkscreen
  6
CONTINUOUS
100
AcDbLine
 10
14.3462669999999992
 20
21.956040999999999
 30
0
 11
14.370844
 21
21.9068860000000001
 31
0
  0
LINE
  5
4AE
330
1C
100
AcDbEntity
  8
F.Silkscreen
  6
CONTINUOUS
100
AcDbLine
 10
14.370844
 20
21.9068860000000001
 30
0
 11
14.370844
 21
21.7839980000000004
 31
0
  0
LINE
  5
4AF
330
1C
100
AcDbEntity
  8
F.Silkscreen
  6
CONTINUOUS
100
AcDbLine
 10
14.370844
 20
21.7839980000000004
 30
0
 11
14.3462669999999992
 21
21.7348429999999979
 31
0
  0
LINE
  5
4B0
330
1C
100
AcDbEntity
  8
F.Silkscreen
  6
CONTINUOUS
100
AcDbLine
 10
14.3462669999999992
 20
21.7348429999999979
 30
0
 11
14.3216889999999992
 21
21.7102660000000007
 31
0
  0
LINE
  5
4B1
330
1C
100
AcDbEntity
  8
F.Silkscreen
  6
CONTINUOUS
100
AcDbLine
 10
16.3136449999999975
 20
24.2083099999999973
 30
0
 11
16.2890680000000003
 21
24.1837330000000001
 31
0
  0
LINE
  5
4B2
330
1C
100
AcDbEntity
  8
F.Silkscreen
  6
CONTINUOUS
100
AcDbLine
 10
16.2890680000000003
 20
24.1837330000000001
 30
0
 11
16.2153349999999996
 21
24.1591549999999984
 31
0
  0
LINE
  5
4B3
330
1C
100
AcDbEntity
  8
F.Silkscreen
  6
CONTINUOUS
100
AcDbLine
 10
16.2153349999999996
 20
24.1591549999999984
 30
0
 11
16.1661800000000007
 21
24.1591549999999984
 31
0
  0
LINE
  5
4B4
330
1C
100
AcDbEntity
  8
F.Silkscreen
  6
CONTINUOUS
100
AcDbLine
 10
16.1661800000000007
 20
24.1591549999999984
 30
0
 11
16.092448000000001
 21
24.1837330000000001
 31
0
  0
LINE
  5
4B5
330
1C
100
AcDbEntity
  8
F.Silkscreen
  6
CONTINUOUS
100
AcDbLine
 10
16.092448000000001
 20
24.1837330000000001
 30
0
 11
16.0432929999999985
 21
24.2328879999999991
 31
0
  0
LINE
  5
4B6
330
1C
100
AcDbEntity
  8
F.Silkscreen
  6
CONTINUOUS
100
AcDbLine
 10
16.0432929999999985
 20
24.2328879999999991
 30
0
 11
16.0187150000000003
 21
24.282042999999998
 31
0
  0
LINE
  5
4B7
330
1C
100
AcDbEntity
  8
F.Silkscreen
  6
CONTINUOUS
100
AcDbLine
 10
16.0187150000000003
 20
24.282042999999998
 30
0
 11
15.9941379999999995
 21
24.3803529999999995
 31
0
  0
LINE
  5
4B8
330
1C
100
AcDbEntity
  8
F.Silkscreen
  6
CONTINUOUS
100
AcDbLine
 10
15.9941379999999995
 20
24.3803529999999995
 30
0
 11
15.9941379999999995
 21
24.4540849999999992
 31
0
  0
LINE
  5
4B9
330
1C
100
AcDbEntity
  8
F.Silkscreen
  6
CONTINUOUS
100
AcDbLine
 10
15.9941379999999995
 20
24.4540849999999992
 30
0
 11
16.0187150000000003
 21
24.5523950000000006
 31
0
  0
LINE
  5
4BA
330
1C
100
AcDbEntity
  8
F.Silkscreen
  6
CONTINUOUS
100
AcDbLine
 10
16.0187150000000003
 20
24.5523950000000006
 30
0
 11
16.0432929999999985
 21
24.6015499999999996
 31
0
  0
LINE
  5
4BB
330
1C
100
AcDbEntity
  8
F.Silkscreen
  6
CONTINUOUS
100
AcDbLine
 10
16.0432929999999985
 20
24.6015499999999996
 30
0
 11
16.092448000000001
 21
24.6507049999999985
 31
0
  0
LINE
  5
4BC
330
1C
100
AcDbEntity
  8
F.Silkscreen
  6
CONTINUOUS
100
AcDbLine
 10
16.092448000000001
 20
24.6507049999999985
 30
0
 11
16.1661800000000007
 21
24.6752830000000003
 31
0
  0
LINE
  5
4BD
330
1C
100
AcDbEntity
  8
F.Silkscreen
  6
CONTINUOUS
100
AcDbLine
 10
16.1661800000000007
 20
24.6752830000000003
 30
0
 11
16.2153349999999996
 21
24.6752830000000003
 31
0
  0
LINE
  5
4BE
330
1C
100
AcDbEntity
  8
F.Silkscreen
  6
CONTINUOUS
100
AcDbLine
 10
16.2153349999999996
 20
24.6752830000000003
 30
0
 11
16.2890680000000003
 21
24.6507049999999985
 31
0
  0
LINE
  5
4BF
330
1C
100
AcDbEntity
  8
F.Silkscreen
  6
CONTINUOUS
100
AcDbLine
 10
16.2890680000000003
 20
24.6507049999999985
 30
0
 11
16.3136449999999975
 21
24.6261279999999978
 31
0
  0
LINE
  5
4C0
330
1C
100
AcDbEntity
  8
F.Silkscreen
  6
CONTINUOUS
100
AcDbLine
 10
16.4856879999999997
 20
24.6752830000000003
 30
0
 11
16.8297729999999994
 21
24.6752830000000003
 31
0
  0
LINE
  5
4C1
330
1C
100
AcDbEntity
  8
F.Silkscreen
  6
CONTINUOUS
100
AcDbLine
 10
16.8297729999999994
 20
24.6752830000000003
 30
0
 11
16.6085759999999993
 21
24.1591549999999984
 31
0
  0
LINE
  5
4C2
330
1C
100
AcDbEntity
  8
F.Silkscreen
  6
CONTINUOUS
100
AcDbLine
 10
22.6631999999999998
 20
39.2250000000000014
 30
0
 11
22.6631999999999998
 21
37.9549999999999983
 31
0
  0
LINE
  5
4C3
330
1C
100
AcDbEntity
  8
F.Silkscreen
  6
CONTINUOUS
100
AcDbLine
 10
27.3368000000000002
 20
37.9549999999999983
 30
0
 11
27.3368000000000002
 21
39.2250000000000014
 31
0
  0
LINE
  5
4C4
330
1C
100
AcDbEntity
  8
F.Silkscreen
  6
CONTINUOUS
100
AcDbLine
 10
16.7620000000000005
 20
58.0609999999999999
 30
0
 11
17.2699999999999996
 21
57.8069999999999951
 31
0
  0
LINE
  5
4C5
330
1C
100
AcDbEntity
  8
F.Silkscreen
  6
CONTINUOUS
100
AcDbLine
 10
16.7620000000000005
 20
56.4099999999999966
 30
0
 11
16.7620000000000005
 21
58.0609999999999999
 31
0
  0
LINE
  5
4C6
330
1C
100
AcDbEntity
  8
F.Silkscreen
  6
CONTINUOUS
100
AcDbLine
 10
16.7620000000000005
 20
56.4099999999999966
 30
0
 11
17.2699999999999996
 21
56.6639999999999944
 31
0
  0
LINE
  5
4C7
330
1C
100
AcDbEntity
  8
F.Silkscreen
  6
CONTINUOUS
100
AcDbLine
 10
16.7620000000000005
 20
51.2029999999999959
 30
0
 11
17.2699999999999996
 21
50.9489999999999981
 31
0
  0
LINE
  5
4C8
330
1C
100
AcDbEntity
  8
F.Silkscreen
  6
CONTINUOUS
100
AcDbLine
 10
16.7620000000000005
 20
46.3769999999999953
 30
0
 11
16.7620000000000005
 21
51.2029999999999959
 31
0
  0
LINE
  5
4C9
330
1C
100
AcDbEntity
  8
F.Silkscreen
  6
CONTINUOUS
100
AcDbLine
 10
17.2699999999999996
 20
57.8069999999999951
 30
0
 11
17.2699999999999996
 21
58.8230000000000004
 31
0
  0
LINE
  5
4CA
330
1C
100
AcDbEntity
  8
F.Silkscreen
  6
CONTINUOUS
100
AcDbLine
 10
17.2699999999999996
 20
56.6639999999999944
 30
0
 11
17.2699999999999996
 21
57.8069999999999951
 31
0
  0
LINE
  5
4CB
330
1C
100
AcDbEntity
  8
F.Silkscreen
  6
CONTINUOUS
100
AcDbLine
 10
17.2699999999999996
 20
51.9649999999999963
 30
0
 11
17.2699999999999996
 21
56.6639999999999944
 31
0
  0
LINE
  5
4CC
330
1C
100
AcDbEntity
  8
F.Silkscreen
  6
CONTINUOUS
100
AcDbLine
 10
17.2699999999999996
 20
51.9649999999999963
 30
0
 11
18.2097999999999978
 21
51.9649999999999963
 31
0
  0
LINE
  5
4CD
330
1C
100
AcDbEntity
  8
F.Silkscreen
  6
CONTINUOUS
100
AcDbLine
 10
17.2699999999999996
 20
50.9489999999999981
 30
0
 11
17.2699999999999996
 21
51.9649999999999963
 31
0
  0
LINE
  5
4CE
330
1C
100
AcDbEntity
  8
F.Silkscreen
  6
CONTINUOUS
100
AcDbLine
 10
17.2699999999999996
 20
49.4249999999999972
 30
0
 11
17.2699999999999996
 21
50.9489999999999981
 31
0
  0
LINE
  5
4CF
330
1C
100
AcDbEntity
  8
F.Silkscreen
  6
CONTINUOUS
100
AcDbLine
 10
17.2699999999999996
 20
46.3769999999999953
 30
0
 11
16.7620000000000005
 21
46.3769999999999953
 31
0
  0
LINE
  5
4D0
330
1C
100
AcDbEntity
  8
F.Silkscreen
  6
CONTINUOUS
100
AcDbLine
 10
17.2699999999999996
 20
46.3769999999999953
 30
0
 11
17.2699999999999996
 21
49.4249999999999972
 31
0
  0
LINE
  5
4D1
330
1C
100
AcDbEntity
  8
F.Silkscreen
  6
CONTINUOUS
100
AcDbLine
 10
17.2699999999999996
 20
46.3769999999999953
 30
0
 11
27.4299999999999997
 21
46.3769999999999953
 31
0
  0
LINE
  5
4D2
330
1C
100
AcDbEntity
  8
F.Silkscreen
  6
CONTINUOUS
100
AcDbLine
 10
17.8287999999999975
 20
58.8230000000000004
 30
0
 11
17.2699999999999996
 21
58.8230000000000004
 31
0
  0
LINE
  5
4D3
330
1C
100
AcDbEntity
  8
F.Silkscreen
  6
CONTINUOUS
100
AcDbLine
 10
17.8287999999999975
 20
56.9179999999999993
 30
0
 11
17.8287999999999975
 21
58.8230000000000004
 31
0
  0
LINE
  5
4D4
330
1C
100
AcDbEntity
  8
F.Silkscreen
  6
CONTINUOUS
100
AcDbLine
 10
17.8287999999999975
 20
52.3459999999999965
 30
0
 11
17.8287999999999975
 21
56.9179999999999993
 31
0
  0
LINE
  5
4D5
330
1C
100
AcDbEntity
  8
F.Silkscreen
  6
CONTINUOUS
100
AcDbLine
 10
17.8287999999999975
 20
52.3459999999999965
 30
0
 11
18.2097999999999978
 21
52.3459999999999965
 31
0
  0
LINE
  5
4D6
330
1C
100
AcDbEntity
  8
F.Silkscreen
  6
CONTINUOUS
100
AcDbLine
 10
17.8287999999999975
 20
49.1709999999999994
 30
0
 11
21.8927999999999976
 21
49.1709999999999994
 31
0
  0
LINE
  5
4D7
330
1C
100
AcDbEntity
  8
F.Silkscreen
  6
CONTINUOUS
100
AcDbLine
 10
17.8287999999999975
 20
46.6310000000000002
 30
0
 11
17.8287999999999975
 21
49.1709999999999994
 31
0
  0
LINE
  5
4D8
330
1C
100
AcDbEntity
  8
F.Silkscreen
  6
CONTINUOUS
100
AcDbLine
 10
18.2097999999999978
 20
56.2829999999999941
 30
0
 11
18.2097999999999978
 21
53.107999999999997
 31
0
  0
LINE
  5
4D9
330
1C
100
AcDbEntity
  8
F.Silkscreen
  6
CONTINUOUS
100
AcDbLine
 10
18.2097999999999978
 20
56.2829999999999941
 30
0
 11
21.5117999999999974
 21
56.2829999999999941
 31
0
  0
LINE
  5
4DA
330
1C
100
AcDbEntity
  8
F.Silkscreen
  6
CONTINUOUS
100
AcDbLine
 10
21.3593999999999973
 20
48.2819999999999965
 30
0
 11
18.311399999999999
 21
47.6469999999999985
 31
0
  0
LINE
  5
4DB
330
1C
100
AcDbEntity
  8
F.Silkscreen
  6
CONTINUOUS
100
AcDbLine
 10
21.4863999999999997
 20
48.1550000000000011
 30
0
 11
18.4383999999999979
 21
47.519999999999996
 31
0
  0
LINE
  5
4DC
330
1C
100
AcDbEntity
  8
F.Silkscreen
  6
CONTINUOUS
100
AcDbLine
 10
21.5117999999999974
 20
56.2829999999999941
 30
0
 11
21.5117999999999974
 21
53.107999999999997
 31
0
  0
LINE
  5
4DD
330
1C
100
AcDbEntity
  8
F.Silkscreen
  6
CONTINUOUS
100
AcDbLine
 10
21.8927999999999976
 20
58.8230000000000004
 30
0
 11
17.8287999999999975
 21
58.8230000000000004
 31
0
  0
LINE
  5
4DE
330
1C
100
AcDbEntity
  8
F.Silkscreen
  6
CONTINUOUS
100
AcDbLine
 10
21.8927999999999976
 20
58.8230000000000004
 30
0
 11
21.8927999999999976
 21
56.9179999999999993
 31
0
  0
LINE
  5
4DF
330
1C
100
AcDbEntity
  8
F.Silkscreen
  6
CONTINUOUS
100
AcDbLine
 10
21.8927999999999976
 20
56.9179999999999993
 30
0
 11
17.8287999999999975
 21
56.9179999999999993
 31
0
  0
LINE
  5
4E0
330
1C
100
AcDbEntity
  8
F.Silkscreen
  6
CONTINUOUS
100
AcDbLine
 10
21.8927999999999976
 20
56.9179999999999993
 30
0
 11
21.8927999999999976
 21
52.3459999999999965
 31
0
  0
LINE
  5
4E1
330
1C
100
AcDbEntity
  8
F.Silkscreen
  6
CONTINUOUS
100
AcDbLine
 10
21.8927999999999976
 20
52.3459999999999965
 30
0
 11
21.5117999999999974
 21
52.3459999999999965
 31
0
  0
LINE
  5
4E2
330
1C
100
AcDbEntity
  8
F.Silkscreen
  6
CONTINUOUS
100
AcDbLine
 10
21.8927999999999976
 20
49.1709999999999994
 30
0
 11
21.8927999999999976
 21
46.6310000000000002
 31
0
  0
LINE
  5
4E3
330
1C
100
AcDbEntity
  8
F.Silkscreen
  6
CONTINUOUS
100
AcDbLine
 10
21.8927999999999976
 20
46.6310000000000002
 30
0
 11
17.8287999999999975
 21
46.6310000000000002
 31
0
  0
LINE
  5
4E4
330
1C
100
AcDbEntity
  8
F.Silkscreen
  6
CONTINUOUS
100
AcDbLine
 10
22.8325999999999993
 20
58.8230000000000004
 30
0
 11
21.8927999999999976
 21
58.8230000000000004
 31
0
  0
LINE
  5
4E5
330
1C
100
AcDbEntity
  8
F.Silkscreen
  6
CONTINUOUS
100
AcDbLine
 10
22.8325999999999993
 20
58.8230000000000004
 30
0
 11
22.8325999999999993
 21
56.9179999999999993
 31
0
  0
LINE
  5
4E6
330
1C
100
AcDbEntity
  8
F.Silkscreen
  6
CONTINUOUS
100
AcDbLine
 10
22.8325999999999993
 20
56.9179999999999993
 30
0
 11
22.8325999999999993
 21
52.3459999999999965
 31
0
  0
LINE
  5
4E7
330
1C
100
AcDbEntity
  8
F.Silkscreen
  6
CONTINUOUS
100
AcDbLine
 10
22.8325999999999993
 20
56.9179999999999993
 30
0
 11
26.8965999999999994
 21
56.9179999999999993
 31
0
  0
LINE
  5
4E8
330
1C
100
AcDbEntity
  8
F.Silkscreen
  6
CONTINUOUS
100
AcDbLine
 10
22.8325999999999993
 20
52.3459999999999965
 30
0
 11
23.2135999999999996
 21
52.3459999999999965
 31
0
  0
LINE
  5
4E9
330
1C
100
AcDbEntity
  8
F.Silkscreen
  6
CONTINUOUS
100
AcDbLine
 10
22.8325999999999993
 20
49.1709999999999994
 30
0
 11
22.8325999999999993
 21
46.6310000000000002
 31
0
  0
LINE
  5
4EA
330
1C
100
AcDbEntity
  8
F.Silkscreen
  6
CONTINUOUS
100
AcDbLine
 10
22.8325999999999993
 20
49.1709999999999994
 30
0
 11
26.8965999999999994
 21
49.1709999999999994
 31
0
  0
LINE
  5
4EB
330
1C
100
AcDbEntity
  8
F.Silkscreen
  6
CONTINUOUS
100
AcDbLine
 10
22.8325999999999993
 20
46.6310000000000002
 30
0
 11
26.8965999999999994
 21
46.6310000000000002
 31
0
  0
LINE
  5
4EC
330
1C
100
AcDbEntity
  8
F.Silkscreen
  6
CONTINUOUS
100
AcDbLine
 10
23.2135999999999996
 20
56.2829999999999941
 30
0
 11
23.2135999999999996
 21
53.107999999999997
 31
0
  0
LINE
  5
4ED
330
1C
100
AcDbEntity
  8
F.Silkscreen
  6
CONTINUOUS
100
AcDbLine
 10
23.2135999999999996
 20
56.2829999999999941
 30
0
 11
26.5155999999999992
 21
56.2829999999999941
 31
0
  0
LINE
  5
4EE
330
1C
100
AcDbEntity
  8
F.Silkscreen
  6
CONTINUOUS
100
AcDbLine
 10
23.2135999999999996
 20
51.9649999999999963
 30
0
 11
21.5117999999999974
 21
51.9649999999999963
 31
0
  0
LINE
  5
4EF
330
1C
100
AcDbEntity
  8
F.Silkscreen
  6
CONTINUOUS
100
AcDbLine
 10
26.3631999999999991
 20
48.2819999999999965
 30
0
 11
23.3151999999999973
 21
47.6469999999999985
 31
0
  0
LINE
  5
4F0
330
1C
100
AcDbEntity
  8
F.Silkscreen
  6
CONTINUOUS
100
AcDbLine
 10
26.490199999999998
 20
48.1550000000000011
 30
0
 11
23.4421999999999997
 21
47.519999999999996
 31
0
  0
LINE
  5
4F1
330
1C
100
AcDbEntity
  8
F.Silkscreen
  6
CONTINUOUS
100
AcDbLine
 10
26.5155999999999992
 20
56.2829999999999941
 30
0
 11
26.5155999999999992
 21
53.107999999999997
 31
0
  0
LINE
  5
4F2
330
1C
100
AcDbEntity
  8
F.Silkscreen
  6
CONTINUOUS
100
AcDbLine
 10
26.8965999999999994
 20
58.8230000000000004
 30
0
 11
22.8325999999999993
 21
58.8230000000000004
 31
0
  0
LINE
  5
4F3
330
1C
100
AcDbEntity
  8
F.Silkscreen
  6
CONTINUOUS
100
AcDbLine
 10
26.8965999999999994
 20
56.9179999999999993
 30
0
 11
26.8965999999999994
 21
58.8230000000000004
 31
0
  0
LINE
  5
4F4
330
1C
100
AcDbEntity
  8
F.Silkscreen
  6
CONTINUOUS
100
AcDbLine
 10
26.8965999999999994
 20
52.3459999999999965
 30
0
 11
26.5155999999999992
 21
52.3459999999999965
 31
0
  0
LINE
  5
4F5
330
1C
100
AcDbEntity
  8
F.Silkscreen
  6
CONTINUOUS
100
AcDbLine
 10
26.8965999999999994
 20
52.3459999999999965
 30
0
 11
26.8965999999999994
 21
56.9179999999999993
 31
0
  0
LINE
  5
4F6
330
1C
100
AcDbEntity
  8
F.Silkscreen
  6
CONTINUOUS
100
AcDbLine
 10
26.8965999999999994
 20
49.1709999999999994
 30
0
 11
26.8965999999999994
 21
46.6310000000000002
 31
0
  0
LINE
  5
4F7
330
1C
100
AcDbEntity
  8
F.Silkscreen
  6
CONTINUOUS
100
AcDbLine
 10
27.4299999999999997
 20
58.8230000000000004
 30
0
 11
26.8965999999999994
 21
58.8230000000000004
 31
0
  0
LINE
  5
4F8
330
1C
100
AcDbEntity
  8
F.Silkscreen
  6
CONTINUOUS
100
AcDbLine
 10
27.4299999999999997
 20
58.8230000000000004
 30
0
 11
27.4299999999999997
 21
51.9649999999999963
 31
0
  0
LINE
  5
4F9
330
1C
100
AcDbEntity
  8
F.Silkscreen
  6
CONTINUOUS
100
AcDbLine
 10
27.4299999999999997
 20
51.9649999999999963
 30
0
 11
26.5155999999999992
 21
51.9649999999999963
 31
0
  0
LINE
  5
4FA
330
1C
100
AcDbEntity
  8
F.Silkscreen
  6
CONTINUOUS
100
AcDbLine
 10
27.4299999999999997
 20
51.9649999999999963
 30
0
 11
27.4299999999999997
 21
49.4249999999999972
 31
0
  0
LINE
  5
4FB
330
1C
100
AcDbEntity
  8
F.Silkscreen
  6
CONTINUOUS
100
AcDbLine
 10
27.4299999999999997
 20
49.4249999999999972
 30
0
 11
17.2699999999999996
 21
49.4249999999999972
 31
0
  0
LINE
  5
4FC
330
1C
100
AcDbEntity
  8
F.Silkscreen
  6
CONTINUOUS
100
AcDbLine
 10
27.4299999999999997
 20
49.4249999999999972
 30
0
 11
27.4299999999999997
 21
46.3769999999999953
 31
0
  0
ARC
  5
4FD
330
1C
100
AcDbEntity
  8
F.Silkscreen
100
AcDbCircle
 10
18.8447999999999993
 20
48.0027199999999965
 30
0
 40
0.6833831563625197
100
AcDbArc
 50
-228.57004767
 51
-138.00593244
  0
ARC
  5
4FE
330
1C
100
AcDbEntity
  8
F.Silkscreen
100
AcDbCircle
 10
19.8099600000000002
 20
46.5293999999999954
 30
0
 40
2.4396152000266356
100
AcDbArc
 50
51.33945818
 51
126.86962991
  0
ARC
  5
4FF
330
1C
100
AcDbEntity
  8
F.Silkscreen
100
AcDbCircle
 10
21.0038009999999993
 20
47.9519260000000003
 30
0
 40
0.5930546265539119
100
AcDbArc
 50
-43.27322602
 51
60.93564622
  0
ARC
  5
500
330
1C
100
AcDbEntity
  8
F.Silkscreen
100
AcDbCircle
 10
19.8863199999999978
 20
48.8915999999999968
 30
0
 40
2.0587173595226713
100
AcDbArc
 50
-139.01633925
 51
-38.99309537
  0
ARC
  5
501
330
1C
100
AcDbEntity
  8
F.Silkscreen
100
AcDbCircle
 10
23.848596999999998
 20
48.002722999999996
 30
0
 40
0.6833830080474638
100
AcDbArc
 50
-228.57006982
 51
-138.00569562
  0
ARC
  5
502
330
1C
100
AcDbEntity
  8
F.Silkscreen
100
AcDbCircle
 10
24.8136939999999981
 20
46.529402999999995
 30
0
 40
2.4396542031716297
100
AcDbArc
 50
51.33820381
 51
126.86697609
  0
ARC
  5
503
330
1C
100
AcDbEntity
  8
F.Silkscreen
100
AcDbCircle
 10
26.0076009999999975
 20
47.9519260000000003
 30
0
 40
0.5930550148384213
100
AcDbArc
 50
-43.27322602
 51
60.93577760
  0
ARC
  5
504
330
1C
100
AcDbEntity
  8
F.Silkscreen
100
AcDbCircle
 10
24.8899329999999992
 20
48.8915989999999994
 30
0
 40
2.0588620741783554
100
AcDbArc
 50
-139.01235117
 51
-38.98979925
  0
LINE
  5
505
330
1C
100
AcDbEntity
  8
F.Silkscreen
  6
CONTINUOUS
100
AcDbLine
 10
5.0529999999999999
 20
13.3699999999999992
 30
0
 11
5.0499999999999998
 21
10.3699999999999992
 31
0
  0
LINE
  5
506
330
1C
100
AcDbEntity
  8
F.Silkscreen
  6
CONTINUOUS
100
AcDbLine
 10
6.5499999999999998
 20
14.8669999999999991
 30
0
 11
9.5499999999999989
 21
14.8669999999999991
 31
0
  0
LINE
  5
507
330
1C
100
AcDbEntity
  8
F.Silkscreen
  6
CONTINUOUS
100
AcDbLine
 10
6.5499999999999998
 20
8.8699999999999992
 30
0
 11
9.5499999999999989
 21
8.8729999999999993
 31
0
  0
LINE
  5
508
330
1C
100
AcDbEntity
  8
F.Silkscreen
  6
CONTINUOUS
100
AcDbLine
 10
11.0469999999999988
 20
13.3699999999999992
 30
0
 11
11.0469999999999988
 21
10.3699999999999992
 31
0
  0
ARC
  5
509
330
1C
100
AcDbEntity
  8
F.Silkscreen
100
AcDbCircle
 10
8.0499999999999989
 20
15.6199999999999992
 30
0
 40
0.05
100
AcDbArc
 50
-90.00000000
 51
90.00000000
  0
ARC
  5
50A
330
1C
100
AcDbEntity
  8
F.Silkscreen
100
AcDbCircle
 10
8.0499999999999989
 20
15.6199999999999992
 30
0
 40
0.05
100
AcDbArc
 50
-270.00000000
 51
-90.00000000
  0
LINE
  5
50B
330
1C
100
AcDbEntity
  8
F.Silkscreen
  6
CONTINUOUS
100
AcDbLine
 10
5.625
 20
32.1199999999999974
 30
0
 11
10.0700000000000003
 21
32.1199999999999974
 31
0
  0
LINE
  5
50C
330
1C
100
AcDbEntity
  8
F.Silkscreen
  6
CONTINUOUS
100
AcDbLine
 10
5.625
 20
27.0399999999999991
 30
0
 11
5.625
 21
32.1199999999999974
 31
0
  0
LINE
  5
50D
330
1C
100
AcDbEntity
  8
F.Silkscreen
  6
CONTINUOUS
100
AcDbLine
 10
10.0700000000000003
 20
32.1199999999999974
 30
0
 11
10.0700000000000003
 21
27.0399999999999991
 31
0
  0
LINE
  5
50E
330
1C
100
AcDbEntity
  8
F.Silkscreen
  6
CONTINUOUS
100
AcDbLine
 10
10.0700000000000003
 20
32.1199999999999974
 30
0
 11
11.9749999999999996
 21
32.1199999999999974
 31
0
  0
LINE
  5
50F
330
1C
100
AcDbEntity
  8
F.Silkscreen
  6
CONTINUOUS
100
AcDbLine
 10
10.0700000000000003
 20
27.0399999999999991
 30
0
 11
5.625
 21
27.0399999999999991
 31
0
  0
LINE
  5
510
330
1C
100
AcDbEntity
  8
F.Silkscreen
  6
CONTINUOUS
100
AcDbLine
 10
11.9749999999999996
 20
32.1199999999999974
 30
0
 11
11.9749999999999996
 21
27.0399999999999991
 31
0
  0
LINE
  5
511
330
1C
100
AcDbEntity
  8
F.Silkscreen
  6
CONTINUOUS
100
AcDbLine
 10
11.9749999999999996
 20
27.0399999999999991
 30
0
 11
10.0700000000000003
 21
27.0399999999999991
 31
0
  0
LINE
  5
512
330
1C
100
AcDbEntity
  8
F.Silkscreen
  6
CONTINUOUS
100
AcDbLine
 10
21.2699999999999996
 20
13.3699999999999992
 30
0
 11
21.2729999999999997
 21
10.3699999999999992
 31
0
  0
LINE
  5
513
330
1C
100
AcDbEntity
  8
F.Silkscreen
  6
CONTINUOUS
100
AcDbLine
 10
25.7699999999999996
 20
14.8669999999999991
 30
0
 11
22.7699999999999996
 21
14.8699999999999992
 31
0
  0
LINE
  5
514
330
1C
100
AcDbEntity
  8
F.Silkscreen
  6
CONTINUOUS
100
AcDbLine
 10
25.7699999999999996
 20
8.8729999999999993
 30
0
 11
22.7699999999999996
 21
8.8729999999999993
 31
0
  0
LINE
  5
515
330
1C
100
AcDbEntity
  8
F.Silkscreen
  6
CONTINUOUS
100
AcDbLine
 10
27.2669999999999995
 20
13.3699999999999992
 30
0
 11
27.2669999999999995
 21
10.3699999999999992
 31
0
  0
ARC
  5
516
330
1C
100
AcDbEntity
  8
F.Silkscreen
100
AcDbCircle
 10
28.0199999999999996
 20
11.8699999999999992
 30
0
 40
0.05
100
AcDbArc
 50
0.00000000
 51
180.00000000
  0
ARC
  5
517
330
1C
100
AcDbEntity
  8
F.Silkscreen
100
AcDbCircle
 10
28.0199999999999996
 20
11.8699999999999992
 30
0
 40
0.05
100
AcDbArc
 50
-180.00000000
 51
-0.00000000
  0
LINE
  5
518
330
1C
100
AcDbEntity
  8
F.Silkscreen
  6
CONTINUOUS
100
AcDbLine
 10
12.625
 20
44.9099999999999966
 30
0
 11
17.0700000000000003
 21
44.9099999999999966
 31
0
  0
LINE
  5
519
330
1C
100
AcDbEntity
  8
F.Silkscreen
  6
CONTINUOUS
100
AcDbLine
 10
12.625
 20
37.2899999999999991
 30
0
 11
12.625
 21
44.9099999999999966
 31
0
  0
LINE
  5
51A
330
1C
100
AcDbEntity
  8
F.Silkscreen
  6
CONTINUOUS
100
AcDbLine
 10
17.0700000000000003
 20
44.9099999999999966
 30
0
 11
17.0700000000000003
 21
37.2899999999999991
 31
0
  0
LINE
  5
51B
330
1C
100
AcDbEntity
  8
F.Silkscreen
  6
CONTINUOUS
100
AcDbLine
 10
17.0700000000000003
 20
44.9099999999999966
 30
0
 11
18.9749999999999979
 21
44.9099999999999966
 31
0
  0
LINE
  5
51C
330
1C
100
AcDbEntity
  8
F.Silkscreen
  6
CONTINUOUS
100
AcDbLine
 10
17.0700000000000003
 20
37.2899999999999991
 30
0
 11
12.625
 21
37.2899999999999991
 31
0
  0
LINE
  5
51D
330
1C
100
AcDbEntity
  8
F.Silkscreen
  6
CONTINUOUS
100
AcDbLine
 10
18.9749999999999979
 20
44.9099999999999966
 30
0
 11
18.9749999999999979
 21
37.2899999999999991
 31
0
  0
LINE
  5
51E
330
1C
100
AcDbEntity
  8
F.Silkscreen
  6
CONTINUOUS
100
AcDbLine
 10
18.9749999999999979
 20
37.2899999999999991
 30
0
 11
17.0700000000000003
 21
37.2899999999999991
 31
0
  0
CIRCLE
  5
51F
330
1C
100
AcDbEntity
  8
F.Silkscreen
100
AcDbCircle
 10
2.6000000000000001
 20
38.
 30
0
 40
1.5999989999999999
  0
CIRCLE
  5
520
330
1C
100
AcDbEntity
  8
F.Silkscreen
100
AcDbCircle
 10
24.8645999999999994
 20
52.5999999999999943
 30
0
 40
0.6604
  0
CIRCLE
  5
521
330
1C
100
AcDbEntity
  8
F.Silkscreen
100
AcDbCircle
 10
19.8607999999999976
 20
52.5999999999999943
 30
0
 40
0.6604
  0
CIRCLE
  5
522
330
1C
100
AcDbEntity
  8
F.Silkscreen
100
AcDbCircle
 10
32.3999999999999986
 20
2.6000000000000001
 30
0
 40
1.5999989999999999
  0
CIRCLE
  5
523
330
1C
100
AcDbEntity
  8
F.Silkscreen
100
AcDbCircle
 10
5.5099999999999998
 20
14.4100000000000001
 30
0
 40
0.5969
  0
CIRCLE
  5
524
330
1C
100
AcDbEntity
  8
F.Silkscreen
100
AcDbCircle
 10
5.5099999999999998
 20
9.3300000000000001
 30
0
 40
0.5969
  0
CIRCLE
  5
525
330
1C
100
AcDbEntity
  8
F.Silkscreen
100
AcDbCircle
 10
10.5899999999999999
 20
9.3300000000000001
 30
0
 40
0.5969
  0
CIRCLE
  5
526
330
1C
100
AcDbEntity
  8
F.Silkscreen
100
AcDbCircle
 10
10.5899999999999999
 20
14.4100000000000001
 30
0
 40
0.5969
  0
CIRCLE
  5
527
330
1C
100
AcDbEntity
  8
F.Silkscreen
100
AcDbCircle
 10
8.7999999999999989
 20
30.8499999999999979
 30
0
 40
0.5
  0
CIRCLE
  5
528
330
1C
100
AcDbEntity
  8
F.Silkscreen
100
AcDbCircle
 10
8.7999999999999989
 20
28.3099999999999987
 30
0
 40
0.5
  0
CIRCLE
  5
529
330
1C
100
AcDbEntity
  8
F.Silkscreen
100
AcDbCircle
 10
32.3999999999999986
 20
57.3999999999999986
 30
0
 40
1.5999989999999999
  0
CIRCLE
  5
52A
330
1C
100
AcDbEntity
  8
F.Silkscreen
100
AcDbCircle
 10
17.5
 20
2.6000000000000001
 30
0
 40
1.5999989999999999
  0
CIRCLE
  5
52B
330
1C
100
AcDbEntity
  8
F.Silkscreen
100
AcDbCircle
 10
32.3999999999999986
 20
38.
 30
0
 40
1.5999989999999999
  0
CIRCLE
  5
52C
330
1C
100
AcDbEntity
  8
F.Silkscreen
100
AcDbCircle
 10
2.6000000000000001
 20
2.6000000000000001
 30
0
 40
1.5999989999999999
  0
CIRCLE
  5
52D
330
1C
100
AcDbEntity
  8
F.Silkscreen
100
AcDbCircle
 10
26.8099999999999987
 20
14.4100000000000001
 30
0
 40
0.5969
  0
CIRCLE
  5
52E
330
1C
100
AcDbEntity
  8
F.Silkscreen
100
AcDbCircle
 10
21.7300000000000004
 20
14.4100000000000001
 30
0
 40
0.5969
  0
CIRCLE
  5
52F
330
1C
100
AcDbEntity
  8
F.Silkscreen
100
AcDbCircle
 10
21.7300000000000004
 20
9.3300000000000001
 30
0
 40
0.5969
  0
CIRCLE
  5
530
330
1C
100
AcDbEntity
  8
F.Silkscreen
100
AcDbCircle
 10
26.8099999999999987
 20
9.3300000000000001
 30
0
 40
0.5969
  0
CIRCLE
  5
531
330
1C
100
AcDbEntity
  8
F.Silkscreen
100
AcDbCircle
 10
15.7999999999999989
 20
43.6400000000000006
 30
0
 40
0.5
  0
CIRCLE
  5
532
330
1C
100
AcDbEntity
  8
F.Silkscreen
100
AcDbCircle
 10
15.7999999999999989
 20
41.1000000000000014
 30
0
 40
0.5
  0
CIRCLE
  5
533
330
1C
100
AcDbEntity
  8
F.Silkscreen
100
AcDbCircle
 10
15.7999999999999989
 20
38.5599999999999952
 30
0
 40
0.5
  0
CIRCLE
  5
534
330
1C
100
AcDbEntity
  8
F.Silkscreen
100
AcDbCircle
 10
2.6000000000000001
 20
57.3999999999999986
 30
0
 40
1.5999989999999999
  0
ENDSEC
  0
SECTION
  2
OBJECTS
  0
DICTIONARY
  5
22
330
0
100
AcDbDictionary
281
1
  3
ACAD_GROUP
350
535
  3
ACAD_LAYOUT
350
23
  3
ACAD_PLOTSTYLENAME
350
11
  0
DICTIONARY
  5
535
330
22
100
AcDbDictionary
281
1
  0
ACDBDICTIONARYWDFLT
  5
11
330
22
100
AcDbDictionary
281
1
  3
Normal
350
10
100
AcDbDictionaryWithDefault
340
10
  0
ACDBPLACEHOLDER
  5
10
330
11
  0
DICTIONARY
  5
23
330
22
100
AcDbDictionary
281
1
  3
Model
350
1F
  3
Layout1
350
20
  3
Layout2
350
21
  0
LAYOUT
  5
1F
330
23
100
AcDbPlotSettings
  1

  2
none_device
  4
A3
  6

 40
0.0
 41
0.0
 42
0.0
 43
0.0
 44
420.0
 45
297.0
 46
0.0
 47
0.0
 48
0.0
 49
0.0
140
0.0
141
0.0
142
1.0
143
1.0
 70
1024
 72
1
 73
0
 74
5
  7

 75
16
 76
0
 77
2
 78
300
147
1.0
148
0.0
149
0.0
100
AcDbLayout
  1
Model
 70
1
 71
0
 10
0.0
 20
0.0
 11
420.0
 21
297.0
 12
0.0
 22
0.0
 32
0.0
 14
1e+20
 24
1e+20
 34
1e+20
 15
-1e+20
 25
-1e+20
 35
-1e+20
146
0.0
 13
0.0
 23
0.0
 33
0.0
 16
1.0
 26
0.0
 36
0.0
 17
0.0
 27
1.0
 37
0.0
 76
0
330
1C
  0
LAYOUT
  5
20
330
23
100
AcDbPlotSettings
  1

  2
none_device
  4
A3
  6

 40
0.0
 41
0.0
 42
0.0
 43
0.0
 44
420.0
 45
297.0
 46
0.0
 47
0.0
 48
0.0
 49
0.0
140
0.0
141
0.0
142
1.0
143
1.0
 70
0
 72
1
 73
0
 74
5
  7

 75
16
 76
0
 77
2
 78
300
147
1.0
148
0.0
149
0.0
100
AcDbLayout
  1
Layout1
 70
1
 71
1
 10
0.0
 20
0.0
 11
420.0
 21
297.0
 12
0.0
 22
0.0
 32
0.0
 14
1e+20
 24
1e+20
 34
1e+20
 15
-1e+20
 25
-1e+20
 35
-1e+20
146
0.0
 13
0.0
 23
0.0
 33
0.0
 16
1.0
 26
0.0
 36
0.0
 17
0.0
 27
1.0
 37
0.0
 76
0
330
1D
  0
LAYOUT
  5
21
330
23
100
AcDbPlotSettings
  1

  2
none_device
  4
A3
  6

 40
0.0
 41
0.0
 42
0.0
 43
0.0
 44
420.0
 45
297.0
 46
0.0
 47
0.0
 48
0.0
 49
0.0
140
0.0
141
0.0
142
1.0
143
1.0
 70
0
 72
1
 73
0
 74
5
  7

 75
16
 76
0
 77
2
 78
300
147
1.0
148
0.0
149
0.0
100
AcDbLayout
  1
Layout2
 70
1
 71
2
 10
0.0
 20
0.0
 11
420.0
 21
297.0
 12
0.0
 22
0.0
 32
0.0
 14
1e+20
 24
1e+20
 34
1e+20
 15
-1e+20
 25
-1e+20
 35
-1e+20
146
0.0
 13
0.0
 23
0.0
 33
0.0
 16
1.0
 26
0.0
 36
0.0
 17
0.0
 27
1.0
 37
0.0
 76
0
330
1E
  0
ENDSEC
  0
EOF
