part,value,deviceset,device,package,gate,pin,pad,net,sheet
ADAR1_,,ADAR1000ACCZN,,CC-88-1_ADI,A,ADDR0,N4,GND,3
ADAR1_,,ADAR1000ACCZN,,CC-88-1_ADI,A,ADDR1,N5,GND,3
ADAR1_,,ADAR1000ACCZN,,CC-88-1_ADI,A,AVDD,B11,-5V0_ADAR12,3
ADAR1_,,ADAR1000ACCZN,,CC-88-1_ADI,A,AVDD3,N11,+3V3_ADAR1_F,3
ADAR1_,,ADAR1000ACCZN,,CC-88-1_ADI,A,AVDD3_2,M10,+3V3_ADAR1_F,3
ADAR1_,,ADAR1000ACCZN,,CC-88-1_ADI,A,AVDD3_3,M11,+3V3_ADAR1_F,3
ADAR1_,,ADAR1000ACCZN,,CC-88-1_ADI,A,CREG1,M8,N$77,3
ADAR1_,,ADAR1000ACCZN,,CC-88-1_ADI,A,CREG2,M9,N$76,3
ADAR1_,,ADAR1000ACCZN,,CC-88-1_ADI,A,CREG3,N10,N$79,3
ADAR1_,,ADAR1000ACCZN,,CC-88-1_ADI,A,CREG4,N9,N$66,3
ADAR1_,,ADAR1000ACCZN,,CC-88-1_ADI,A,CSB,M3,ADAR_1_CS_1V8,3
ADAR1_,,ADAR1000ACCZN,,CC-88-1_ADI,A,DET1,N13,DET1_1,3
ADAR1_,,ADAR1000ACCZN,,CC-88-1_ADI,A,DET2,G13,DET2_1,3
ADAR1_,,ADAR1000ACCZN,,CC-88-1_ADI,A,DET3,A1,DET3_1,3
ADAR1_,,ADAR1000ACCZN,,CC-88-1_ADI,A,DET4,G1,DET4_1,3
ADAR1_,,ADAR1000ACCZN,,CC-88-1_ADI,A,GND,89,GND,3
ADAR1_,,ADAR1000ACCZN,,CC-88-1_ADI,A,GND_10,B7,GND,3
ADAR1_,,ADAR1000ACCZN,,CC-88-1_ADI,A,GND_11,B8,GND,3
ADAR1_,,ADAR1000ACCZN,,CC-88-1_ADI,A,GND_12,B9,GND,3
ADAR1_,,ADAR1000ACCZN,,CC-88-1_ADI,A,GND_13,B10,GND,3
ADAR1_,,ADAR1000ACCZN,,CC-88-1_ADI,A,GND_14,B12,GND,3
ADAR1_,,ADAR1000ACCZN,,CC-88-1_ADI,A,GND_15,B13,GND,3
ADAR1_,,ADAR1000ACCZN,,CC-88-1_ADI,A,GND_16,C2,GND,3
ADAR1_,,ADAR1000ACCZN,,CC-88-1_ADI,A,GND_17,C12,GND,3
ADAR1_,,ADAR1000ACCZN,,CC-88-1_ADI,A,GND_18,D1,GND,3
ADAR1_,,ADAR1000ACCZN,,CC-88-1_ADI,A,GND_19,D2,GND,3
ADAR1_,,ADAR1000ACCZN,,CC-88-1_ADI,A,GND_2,A2,GND,3
ADAR1_,,ADAR1000ACCZN,,CC-88-1_ADI,A,GND_20,D12,GND,3
ADAR1_,,ADAR1000ACCZN,,CC-88-1_ADI,A,GND_21,D13,GND,3
ADAR1_,,ADAR1000ACCZN,,CC-88-1_ADI,A,GND_22,E2,GND,3
ADAR1_,,ADAR1000ACCZN,,CC-88-1_ADI,A,GND_23,E12,GND,3
ADAR1_,,ADAR1000ACCZN,,CC-88-1_ADI,A,GND_24,F1,GND,3
ADAR1_,,ADAR1000ACCZN,,CC-88-1_ADI,A,GND_25,F2,GND,3
ADAR1_,,ADAR1000ACCZN,,CC-88-1_ADI,A,GND_26,F12,GND,3
ADAR1_,,ADAR1000ACCZN,,CC-88-1_ADI,A,GND_27,F13,GND,3
ADAR1_,,ADAR1000ACCZN,,CC-88-1_ADI,A,GND_28,G2,GND,3
ADAR1_,,ADAR1000ACCZN,,CC-88-1_ADI,A,GND_29,G12,GND,3
ADAR1_,,ADAR1000ACCZN,,CC-88-1_ADI,A,GND_3,A6,GND,3
ADAR1_,,ADAR1000ACCZN,,CC-88-1_ADI,A,GND_30,H1,GND,3
ADAR1_,,ADAR1000ACCZN,,CC-88-1_ADI,A,GND_31,H2,GND,3
ADAR1_,,ADAR1000ACCZN,,CC-88-1_ADI,A,GND_32,H12,GND,3
ADAR1_,,ADAR1000ACCZN,,CC-88-1_ADI,A,GND_33,H13,GND,3
ADAR1_,,ADAR1000ACCZN,,CC-88-1_ADI,A,GND_34,J2,GND,3
ADAR1_,,ADAR1000ACCZN,,CC-88-1_ADI,A,GND_35,J12,GND,3
ADAR1_,,ADAR1000ACCZN,,CC-88-1_ADI,A,GND_36,K1,GND,3
ADAR1_,,ADAR1000ACCZN,,CC-88-1_ADI,A,GND_37,K2,GND,3
ADAR1_,,ADAR1000ACCZN,,CC-88-1_ADI,A,GND_38,K12,GND,3
ADAR1_,,ADAR1000ACCZN,,CC-88-1_ADI,A,GND_39,K13,GND,3
ADAR1_,,ADAR1000ACCZN,,CC-88-1_ADI,A,GND_4,A8,GND,3
ADAR1_,,ADAR1000ACCZN,,CC-88-1_ADI,A,GND_40,L2,GND,3
ADAR1_,,ADAR1000ACCZN,,CC-88-1_ADI,A,GND_41,L12,GND,3
ADAR1_,,ADAR1000ACCZN,,CC-88-1_ADI,A,GND_42,M1,GND,3
ADAR1_,,ADAR1000ACCZN,,CC-88-1_ADI,A,GND_43,M2,GND,3
ADAR1_,,ADAR1000ACCZN,,CC-88-1_ADI,A,GND_44,M7,GND,3
ADAR1_,,ADAR1000ACCZN,,CC-88-1_ADI,A,GND_45,M12,GND,3
ADAR1_,,ADAR1000ACCZN,,CC-88-1_ADI,A,GND_46,M13,GND,3
ADAR1_,,ADAR1000ACCZN,,CC-88-1_ADI,A,GND_47,N1,GND,3
ADAR1_,,ADAR1000ACCZN,,CC-88-1_ADI,A,GND_48,N7,GND,3
ADAR1_,,ADAR1000ACCZN,,CC-88-1_ADI,A,GND_49,N8,GND,3
ADAR1_,,ADAR1000ACCZN,,CC-88-1_ADI,A,GND_5,A12,GND,3
ADAR1_,,ADAR1000ACCZN,,CC-88-1_ADI,A,GND_50,N12,GND,3
ADAR1_,,ADAR1000ACCZN,,CC-88-1_ADI,A,GND_6,A13,GND,3
ADAR1_,,ADAR1000ACCZN,,CC-88-1_ADI,A,GND_7,B1,GND,3
ADAR1_,,ADAR1000ACCZN,,CC-88-1_ADI,A,GND_8,B2,GND,3
ADAR1_,,ADAR1000ACCZN,,CC-88-1_ADI,A,GND_9,B6,GND,3
ADAR1_,,ADAR1000ACCZN,,CC-88-1_ADI,A,LNA_BIAS,A11,LNA_BIAS_1,3
ADAR1_,,ADAR1000ACCZN,,CC-88-1_ADI,A,PA_BIAS1,A10,PA_BIAS1_1,3
ADAR1_,,ADAR1000ACCZN,,CC-88-1_ADI,A,PA_BIAS2,A9,PA_BIAS2_1,3
ADAR1_,,ADAR1000ACCZN,,CC-88-1_ADI,A,PA_BIAS3,A5,PA_BIAS3_1,3
ADAR1_,,ADAR1000ACCZN,,CC-88-1_ADI,A,PA_BIAS4,A4,PA_BIAS4_1,3
ADAR1_,,ADAR1000ACCZN,,CC-88-1_ADI,A,PA_ON,B3,N$39,3
ADAR1_,,ADAR1000ACCZN,,CC-88-1_ADI,A,RF_IO,A7,RF_IO_1,3
ADAR1_,,ADAR1000ACCZN,,CC-88-1_ADI,A,RX1,J13,RX1_1,3
ADAR1_,,ADAR1000ACCZN,,CC-88-1_ADI,A,RX2,C13,RX2_1,3
ADAR1_,,ADAR1000ACCZN,,CC-88-1_ADI,A,RX3,E1,RX3_1,3
ADAR1_,,ADAR1000ACCZN,,CC-88-1_ADI,A,RX4,L1,RX4_1,3
ADAR1_,,ADAR1000ACCZN,,CC-88-1_ADI,A,RX_LOAD,N2,ADAR_RX_LOAD_1,3
ADAR1_,,ADAR1000ACCZN,,CC-88-1_ADI,A,SCLK,M6,STM32_SCLK_1V8,3
ADAR1_,,ADAR1000ACCZN,,CC-88-1_ADI,A,SDIO,M5,STM32_MOSI_1V8,3
ADAR1_,,ADAR1000ACCZN,,CC-88-1_ADI,A,SDO,M4,STM32_MISO_1V8,3
ADAR1_,,ADAR1000ACCZN,,CC-88-1_ADI,A,TR,N6,ADAR_TR_1,3
ADAR1_,,ADAR1000ACCZN,,CC-88-1_ADI,A,TR_SW_POS,B5,TR_SW_POS_1,3
ADAR1_,,ADAR1000ACCZN,,CC-88-1_ADI,A,TX1,L13,TX1_1,3
ADAR1_,,ADAR1000ACCZN,,CC-88-1_ADI,A,TX2,E13,TX2_1,3
ADAR1_,,ADAR1000ACCZN,,CC-88-1_ADI,A,TX3,C1,TX3_1,3
ADAR1_,,ADAR1000ACCZN,,CC-88-1_ADI,A,TX4,J1,TX4_1,3
ADAR1_,,ADAR1000ACCZN,,CC-88-1_ADI,A,TX_LOAD,N3,ADAR_TX_LOAD_1,3
ADAR2_,,ADAR1000ACCZN,,CC-88-1_ADI,A,ADDR0,N4,GND,3
ADAR2_,,ADAR1000ACCZN,,CC-88-1_ADI,A,ADDR1,N5,N$80,3
ADAR2_,,ADAR1000ACCZN,,CC-88-1_ADI,A,AVDD,B11,-5V0_ADAR12,3
ADAR2_,,ADAR1000ACCZN,,CC-88-1_ADI,A,AVDD3,N11,+3V3_ADAR2_F,3
ADAR2_,,ADAR1000ACCZN,,CC-88-1_ADI,A,AVDD3_2,M10,+3V3_ADAR2_F,3
ADAR2_,,ADAR1000ACCZN,,CC-88-1_ADI,A,AVDD3_3,M11,+3V3_ADAR2_F,3
ADAR2_,,ADAR1000ACCZN,,CC-88-1_ADI,A,CREG1,M8,N$45,3
ADAR2_,,ADAR1000ACCZN,,CC-88-1_ADI,A,CREG2,M9,N$42,3
ADAR2_,,ADAR1000ACCZN,,CC-88-1_ADI,A,CREG3,N10,N$46,3
ADAR2_,,ADAR1000ACCZN,,CC-88-1_ADI,A,CREG4,N9,N$53,3
ADAR2_,,ADAR1000ACCZN,,CC-88-1_ADI,A,CSB,M3,ADAR_2_CS_1V8,3
ADAR2_,,ADAR1000ACCZN,,CC-88-1_ADI,A,DET1,N13,DET1_2,3
ADAR2_,,ADAR1000ACCZN,,CC-88-1_ADI,A,DET2,G13,DET2_2,3
ADAR2_,,ADAR1000ACCZN,,CC-88-1_ADI,A,DET3,A1,DET3_2,3
ADAR2_,,ADAR1000ACCZN,,CC-88-1_ADI,A,DET4,G1,DET4_2,3
ADAR2_,,ADAR1000ACCZN,,CC-88-1_ADI,A,GND,89,GND,3
ADAR2_,,ADAR1000ACCZN,,CC-88-1_ADI,A,GND_10,B7,GND,3
ADAR2_,,ADAR1000ACCZN,,CC-88-1_ADI,A,GND_11,B8,GND,3
ADAR2_,,ADAR1000ACCZN,,CC-88-1_ADI,A,GND_12,B9,GND,3
ADAR2_,,ADAR1000ACCZN,,CC-88-1_ADI,A,GND_13,B10,GND,3
ADAR2_,,ADAR1000ACCZN,,CC-88-1_ADI,A,GND_14,B12,GND,3
ADAR2_,,ADAR1000ACCZN,,CC-88-1_ADI,A,GND_15,B13,GND,3
ADAR2_,,ADAR1000ACCZN,,CC-88-1_ADI,A,GND_16,C2,GND,3
ADAR2_,,ADAR1000ACCZN,,CC-88-1_ADI,A,GND_17,C12,GND,3
ADAR2_,,ADAR1000ACCZN,,CC-88-1_ADI,A,GND_18,D1,GND,3
ADAR2_,,ADAR1000ACCZN,,CC-88-1_ADI,A,GND_19,D2,GND,3
ADAR2_,,ADAR1000ACCZN,,CC-88-1_ADI,A,GND_2,A2,GND,3
ADAR2_,,ADAR1000ACCZN,,CC-88-1_ADI,A,GND_20,D12,GND,3
ADAR2_,,ADAR1000ACCZN,,CC-88-1_ADI,A,GND_21,D13,GND,3
ADAR2_,,ADAR1000ACCZN,,CC-88-1_ADI,A,GND_22,E2,GND,3
ADAR2_,,ADAR1000ACCZN,,CC-88-1_ADI,A,GND_23,E12,GND,3
ADAR2_,,ADAR1000ACCZN,,CC-88-1_ADI,A,GND_24,F1,GND,3
ADAR2_,,ADAR1000ACCZN,,CC-88-1_ADI,A,GND_25,F2,GND,3
ADAR2_,,ADAR1000ACCZN,,CC-88-1_ADI,A,GND_26,F12,GND,3
ADAR2_,,ADAR1000ACCZN,,CC-88-1_ADI,A,GND_27,F13,GND,3
ADAR2_,,ADAR1000ACCZN,,CC-88-1_ADI,A,GND_28,G2,GND,3
ADAR2_,,ADAR1000ACCZN,,CC-88-1_ADI,A,GND_29,G12,GND,3
ADAR2_,,ADAR1000ACCZN,,CC-88-1_ADI,A,GND_3,A6,GND,3
ADAR2_,,ADAR1000ACCZN,,CC-88-1_ADI,A,GND_30,H1,GND,3
ADAR2_,,ADAR1000ACCZN,,CC-88-1_ADI,A,GND_31,H2,GND,3
ADAR2_,,ADAR1000ACCZN,,CC-88-1_ADI,A,GND_32,H12,GND,3
ADAR2_,,ADAR1000ACCZN,,CC-88-1_ADI,A,GND_33,H13,GND,3
ADAR2_,,ADAR1000ACCZN,,CC-88-1_ADI,A,GND_34,J2,GND,3
ADAR2_,,ADAR1000ACCZN,,CC-88-1_ADI,A,GND_35,J12,GND,3
ADAR2_,,ADAR1000ACCZN,,CC-88-1_ADI,A,GND_36,K1,GND,3
ADAR2_,,ADAR1000ACCZN,,CC-88-1_ADI,A,GND_37,K2,GND,3
ADAR2_,,ADAR1000ACCZN,,CC-88-1_ADI,A,GND_38,K12,GND,3
ADAR2_,,ADAR1000ACCZN,,CC-88-1_ADI,A,GND_39,K13,GND,3
ADAR2_,,ADAR1000ACCZN,,CC-88-1_ADI,A,GND_4,A8,GND,3
ADAR2_,,ADAR1000ACCZN,,CC-88-1_ADI,A,GND_40,L2,GND,3
ADAR2_,,ADAR1000ACCZN,,CC-88-1_ADI,A,GND_41,L12,GND,3
ADAR2_,,ADAR1000ACCZN,,CC-88-1_ADI,A,GND_42,M1,GND,3
ADAR2_,,ADAR1000ACCZN,,CC-88-1_ADI,A,GND_43,M2,GND,3
ADAR2_,,ADAR1000ACCZN,,CC-88-1_ADI,A,GND_44,M7,GND,3
ADAR2_,,ADAR1000ACCZN,,CC-88-1_ADI,A,GND_45,M12,GND,3
ADAR2_,,ADAR1000ACCZN,,CC-88-1_ADI,A,GND_46,M13,GND,3
ADAR2_,,ADAR1000ACCZN,,CC-88-1_ADI,A,GND_47,N1,GND,3
ADAR2_,,ADAR1000ACCZN,,CC-88-1_ADI,A,GND_48,N7,GND,3
ADAR2_,,ADAR1000ACCZN,,CC-88-1_ADI,A,GND_49,N8,GND,3
ADAR2_,,ADAR1000ACCZN,,CC-88-1_ADI,A,GND_5,A12,GND,3
ADAR2_,,ADAR1000ACCZN,,CC-88-1_ADI,A,GND_50,N12,GND,3
ADAR2_,,ADAR1000ACCZN,,CC-88-1_ADI,A,GND_6,A13,GND,3
ADAR2_,,ADAR1000ACCZN,,CC-88-1_ADI,A,GND_7,B1,GND,3
ADAR2_,,ADAR1000ACCZN,,CC-88-1_ADI,A,GND_8,B2,GND,3
ADAR2_,,ADAR1000ACCZN,,CC-88-1_ADI,A,GND_9,B6,GND,3
ADAR2_,,ADAR1000ACCZN,,CC-88-1_ADI,A,LNA_BIAS,A11,LNA_BIAS_2,3
ADAR2_,,ADAR1000ACCZN,,CC-88-1_ADI,A,PA_BIAS1,A10,PA_BIAS1_2,3
ADAR2_,,ADAR1000ACCZN,,CC-88-1_ADI,A,PA_BIAS2,A9,PA_BIAS2_2,3
ADAR2_,,ADAR1000ACCZN,,CC-88-1_ADI,A,PA_BIAS3,A5,PA_BIAS3_2,3
ADAR2_,,ADAR1000ACCZN,,CC-88-1_ADI,A,PA_BIAS4,A4,PA_BIAS4_2,3
ADAR2_,,ADAR1000ACCZN,,CC-88-1_ADI,A,PA_ON,B3,N$40,3
ADAR2_,,ADAR1000ACCZN,,CC-88-1_ADI,A,RF_IO,A7,RF_IO_2,3
ADAR2_,,ADAR1000ACCZN,,CC-88-1_ADI,A,RX1,J13,RX1_2,3
ADAR2_,,ADAR1000ACCZN,,CC-88-1_ADI,A,RX2,C13,RX2_2,3
ADAR2_,,ADAR1000ACCZN,,CC-88-1_ADI,A,RX3,E1,RX3_2,3
ADAR2_,,ADAR1000ACCZN,,CC-88-1_ADI,A,RX4,L1,RX4_2,3
ADAR2_,,ADAR1000ACCZN,,CC-88-1_ADI,A,RX_LOAD,N2,ADAR_RX_LOAD_2,3
ADAR2_,,ADAR1000ACCZN,,CC-88-1_ADI,A,SCLK,M6,STM32_SCLK_1V8,3
ADAR2_,,ADAR1000ACCZN,,CC-88-1_ADI,A,SDIO,M5,STM32_MOSI_1V8,3
ADAR2_,,ADAR1000ACCZN,,CC-88-1_ADI,A,SDO,M4,STM32_MISO_1V8,3
ADAR2_,,ADAR1000ACCZN,,CC-88-1_ADI,A,TR,N6,ADAR_TR_2,3
ADAR2_,,ADAR1000ACCZN,,CC-88-1_ADI,A,TR_SW_POS,B5,TR_SW_POS_2,3
ADAR2_,,ADAR1000ACCZN,,CC-88-1_ADI,A,TX1,L13,TX1_2,3
ADAR2_,,ADAR1000ACCZN,,CC-88-1_ADI,A,TX2,E13,TX2_2,3
ADAR2_,,ADAR1000ACCZN,,CC-88-1_ADI,A,TX3,C1,TX3_2,3
ADAR2_,,ADAR1000ACCZN,,CC-88-1_ADI,A,TX4,J1,TX4_2,3
ADAR2_,,ADAR1000ACCZN,,CC-88-1_ADI,A,TX_LOAD,N3,ADAR_TX_LOAD_2,3
ADAR3_,,ADAR1000ACCZN,,CC-88-1_ADI,A,ADDR0,N4,N$81,3
ADAR3_,,ADAR1000ACCZN,,CC-88-1_ADI,A,ADDR1,N5,GND,3
ADAR3_,,ADAR1000ACCZN,,CC-88-1_ADI,A,AVDD,B11,-5V0_ADAR34,3
ADAR3_,,ADAR1000ACCZN,,CC-88-1_ADI,A,AVDD3,N11,+3V3_ADAR3_F,3
ADAR3_,,ADAR1000ACCZN,,CC-88-1_ADI,A,AVDD3_2,M10,+3V3_ADAR3_F,3
ADAR3_,,ADAR1000ACCZN,,CC-88-1_ADI,A,AVDD3_3,M11,+3V3_ADAR3_F,3
ADAR3_,,ADAR1000ACCZN,,CC-88-1_ADI,A,CREG1,M8,N$60,3
ADAR3_,,ADAR1000ACCZN,,CC-88-1_ADI,A,CREG2,M9,N$59,3
ADAR3_,,ADAR1000ACCZN,,CC-88-1_ADI,A,CREG3,N10,N$61,3
ADAR3_,,ADAR1000ACCZN,,CC-88-1_ADI,A,CREG4,N9,N$63,3
ADAR3_,,ADAR1000ACCZN,,CC-88-1_ADI,A,CSB,M3,ADAR_3_CS_1V8,3
ADAR3_,,ADAR1000ACCZN,,CC-88-1_ADI,A,DET1,N13,DET1_3,3
ADAR3_,,ADAR1000ACCZN,,CC-88-1_ADI,A,DET2,G13,DET2_3,3
ADAR3_,,ADAR1000ACCZN,,CC-88-1_ADI,A,DET3,A1,DET3_3,3
ADAR3_,,ADAR1000ACCZN,,CC-88-1_ADI,A,DET4,G1,DET4_3,3
ADAR3_,,ADAR1000ACCZN,,CC-88-1_ADI,A,GND,89,GND,3
ADAR3_,,ADAR1000ACCZN,,CC-88-1_ADI,A,GND_10,B7,GND,3
ADAR3_,,ADAR1000ACCZN,,CC-88-1_ADI,A,GND_11,B8,GND,3
ADAR3_,,ADAR1000ACCZN,,CC-88-1_ADI,A,GND_12,B9,GND,3
ADAR3_,,ADAR1000ACCZN,,CC-88-1_ADI,A,GND_13,B10,GND,3
ADAR3_,,ADAR1000ACCZN,,CC-88-1_ADI,A,GND_14,B12,GND,3
ADAR3_,,ADAR1000ACCZN,,CC-88-1_ADI,A,GND_15,B13,GND,3
ADAR3_,,ADAR1000ACCZN,,CC-88-1_ADI,A,GND_16,C2,GND,3
ADAR3_,,ADAR1000ACCZN,,CC-88-1_ADI,A,GND_17,C12,GND,3
ADAR3_,,ADAR1000ACCZN,,CC-88-1_ADI,A,GND_18,D1,GND,3
ADAR3_,,ADAR1000ACCZN,,CC-88-1_ADI,A,GND_19,D2,GND,3
ADAR3_,,ADAR1000ACCZN,,CC-88-1_ADI,A,GND_2,A2,GND,3
ADAR3_,,ADAR1000ACCZN,,CC-88-1_ADI,A,GND_20,D12,GND,3
ADAR3_,,ADAR1000ACCZN,,CC-88-1_ADI,A,GND_21,D13,GND,3
ADAR3_,,ADAR1000ACCZN,,CC-88-1_ADI,A,GND_22,E2,GND,3
ADAR3_,,ADAR1000ACCZN,,CC-88-1_ADI,A,GND_23,E12,GND,3
ADAR3_,,ADAR1000ACCZN,,CC-88-1_ADI,A,GND_24,F1,GND,3
ADAR3_,,ADAR1000ACCZN,,CC-88-1_ADI,A,GND_25,F2,GND,3
ADAR3_,,ADAR1000ACCZN,,CC-88-1_ADI,A,GND_26,F12,GND,3
ADAR3_,,ADAR1000ACCZN,,CC-88-1_ADI,A,GND_27,F13,GND,3
ADAR3_,,ADAR1000ACCZN,,CC-88-1_ADI,A,GND_28,G2,GND,3
ADAR3_,,ADAR1000ACCZN,,CC-88-1_ADI,A,GND_29,G12,GND,3
ADAR3_,,ADAR1000ACCZN,,CC-88-1_ADI,A,GND_3,A6,GND,3
ADAR3_,,ADAR1000ACCZN,,CC-88-1_ADI,A,GND_30,H1,GND,3
ADAR3_,,ADAR1000ACCZN,,CC-88-1_ADI,A,GND_31,H2,GND,3
ADAR3_,,ADAR1000ACCZN,,CC-88-1_ADI,A,GND_32,H12,GND,3
ADAR3_,,ADAR1000ACCZN,,CC-88-1_ADI,A,GND_33,H13,GND,3
ADAR3_,,ADAR1000ACCZN,,CC-88-1_ADI,A,GND_34,J2,GND,3
ADAR3_,,ADAR1000ACCZN,,CC-88-1_ADI,A,GND_35,J12,GND,3
ADAR3_,,ADAR1000ACCZN,,CC-88-1_ADI,A,GND_36,K1,GND,3
ADAR3_,,ADAR1000ACCZN,,CC-88-1_ADI,A,GND_37,K2,GND,3
ADAR3_,,ADAR1000ACCZN,,CC-88-1_ADI,A,GND_38,K12,GND,3
ADAR3_,,ADAR1000ACCZN,,CC-88-1_ADI,A,GND_39,K13,GND,3
ADAR3_,,ADAR1000ACCZN,,CC-88-1_ADI,A,GND_4,A8,GND,3
ADAR3_,,ADAR1000ACCZN,,CC-88-1_ADI,A,GND_40,L2,GND,3
ADAR3_,,ADAR1000ACCZN,,CC-88-1_ADI,A,GND_41,L12,GND,3
ADAR3_,,ADAR1000ACCZN,,CC-88-1_ADI,A,GND_42,M1,GND,3
ADAR3_,,ADAR1000ACCZN,,CC-88-1_ADI,A,GND_43,M2,GND,3
ADAR3_,,ADAR1000ACCZN,,CC-88-1_ADI,A,GND_44,M7,GND,3
ADAR3_,,ADAR1000ACCZN,,CC-88-1_ADI,A,GND_45,M12,GND,3
ADAR3_,,ADAR1000ACCZN,,CC-88-1_ADI,A,GND_46,M13,GND,3
ADAR3_,,ADAR1000ACCZN,,CC-88-1_ADI,A,GND_47,N1,GND,3
ADAR3_,,ADAR1000ACCZN,,CC-88-1_ADI,A,GND_48,N7,GND,3
ADAR3_,,ADAR1000ACCZN,,CC-88-1_ADI,A,GND_49,N8,GND,3
ADAR3_,,ADAR1000ACCZN,,CC-88-1_ADI,A,GND_5,A12,GND,3
ADAR3_,,ADAR1000ACCZN,,CC-88-1_ADI,A,GND_50,N12,GND,3
ADAR3_,,ADAR1000ACCZN,,CC-88-1_ADI,A,GND_6,A13,GND,3
ADAR3_,,ADAR1000ACCZN,,CC-88-1_ADI,A,GND_7,B1,GND,3
ADAR3_,,ADAR1000ACCZN,,CC-88-1_ADI,A,GND_8,B2,GND,3
ADAR3_,,ADAR1000ACCZN,,CC-88-1_ADI,A,GND_9,B6,GND,3
ADAR3_,,ADAR1000ACCZN,,CC-88-1_ADI,A,LNA_BIAS,A11,LNA_BIAS_3,3
ADAR3_,,ADAR1000ACCZN,,CC-88-1_ADI,A,PA_BIAS1,A10,PA_BIAS1_3,3
ADAR3_,,ADAR1000ACCZN,,CC-88-1_ADI,A,PA_BIAS2,A9,PA_BIAS2_3,3
ADAR3_,,ADAR1000ACCZN,,CC-88-1_ADI,A,PA_BIAS3,A5,PA_BIAS3_3,3
ADAR3_,,ADAR1000ACCZN,,CC-88-1_ADI,A,PA_BIAS4,A4,PA_BIAS4_3,3
ADAR3_,,ADAR1000ACCZN,,CC-88-1_ADI,A,PA_ON,B3,N$57,3
ADAR3_,,ADAR1000ACCZN,,CC-88-1_ADI,A,RF_IO,A7,RF_IO_3,3
ADAR3_,,ADAR1000ACCZN,,CC-88-1_ADI,A,RX1,J13,RX1_3,3
ADAR3_,,ADAR1000ACCZN,,CC-88-1_ADI,A,RX2,C13,RX2_3,3
ADAR3_,,ADAR1000ACCZN,,CC-88-1_ADI,A,RX3,E1,RX3_3,3
ADAR3_,,ADAR1000ACCZN,,CC-88-1_ADI,A,RX4,L1,RX4_3,3
ADAR3_,,ADAR1000ACCZN,,CC-88-1_ADI,A,RX_LOAD,N2,ADAR_RX_LOAD_3,3
ADAR3_,,ADAR1000ACCZN,,CC-88-1_ADI,A,SCLK,M6,STM32_SCLK_1V8,3
ADAR3_,,ADAR1000ACCZN,,CC-88-1_ADI,A,SDIO,M5,STM32_MOSI_1V8,3
ADAR3_,,ADAR1000ACCZN,,CC-88-1_ADI,A,SDO,M4,STM32_MISO_1V8,3
ADAR3_,,ADAR1000ACCZN,,CC-88-1_ADI,A,TR,N6,ADAR_TR_3,3
ADAR3_,,ADAR1000ACCZN,,CC-88-1_ADI,A,TR_SW_POS,B5,TR_SW_POS_3,3
ADAR3_,,ADAR1000ACCZN,,CC-88-1_ADI,A,TX1,L13,TX1_3,3
ADAR3_,,ADAR1000ACCZN,,CC-88-1_ADI,A,TX2,E13,TX2_3,3
ADAR3_,,ADAR1000ACCZN,,CC-88-1_ADI,A,TX3,C1,TX3_3,3
ADAR3_,,ADAR1000ACCZN,,CC-88-1_ADI,A,TX4,J1,TX4_3,3
ADAR3_,,ADAR1000ACCZN,,CC-88-1_ADI,A,TX_LOAD,N3,ADAR_TX_LOAD_3,3
ADAR4_,,ADAR1000ACCZN,,CC-88-1_ADI,A,ADDR0,N4,N$84,3
ADAR4_,,ADAR1000ACCZN,,CC-88-1_ADI,A,ADDR1,N5,N$83,3
ADAR4_,,ADAR1000ACCZN,,CC-88-1_ADI,A,AVDD,B11,-5V0_ADAR34,3
ADAR4_,,ADAR1000ACCZN,,CC-88-1_ADI,A,AVDD3,N11,+3V3_ADAR4_F,3
ADAR4_,,ADAR1000ACCZN,,CC-88-1_ADI,A,AVDD3_2,M10,+3V3_ADAR4_F,3
ADAR4_,,ADAR1000ACCZN,,CC-88-1_ADI,A,AVDD3_3,M11,+3V3_ADAR4_F,3
ADAR4_,,ADAR1000ACCZN,,CC-88-1_ADI,A,CREG1,M8,N$69,3
ADAR4_,,ADAR1000ACCZN,,CC-88-1_ADI,A,CREG2,M9,N$68,3
ADAR4_,,ADAR1000ACCZN,,CC-88-1_ADI,A,CREG3,N10,N$70,3
ADAR4_,,ADAR1000ACCZN,,CC-88-1_ADI,A,CREG4,N9,N$75,3
ADAR4_,,ADAR1000ACCZN,,CC-88-1_ADI,A,CSB,M3,ADAR_4_CS_1V8,3
ADAR4_,,ADAR1000ACCZN,,CC-88-1_ADI,A,DET1,N13,DET1_4,3
ADAR4_,,ADAR1000ACCZN,,CC-88-1_ADI,A,DET2,G13,DET2_4,3
ADAR4_,,ADAR1000ACCZN,,CC-88-1_ADI,A,DET3,A1,DET3_4,3
ADAR4_,,ADAR1000ACCZN,,CC-88-1_ADI,A,DET4,G1,DET4_4,3
ADAR4_,,ADAR1000ACCZN,,CC-88-1_ADI,A,GND,89,GND,3
ADAR4_,,ADAR1000ACCZN,,CC-88-1_ADI,A,GND_10,B7,GND,3
ADAR4_,,ADAR1000ACCZN,,CC-88-1_ADI,A,GND_11,B8,GND,3
ADAR4_,,ADAR1000ACCZN,,CC-88-1_ADI,A,GND_12,B9,GND,3
ADAR4_,,ADAR1000ACCZN,,CC-88-1_ADI,A,GND_13,B10,GND,3
ADAR4_,,ADAR1000ACCZN,,CC-88-1_ADI,A,GND_14,B12,GND,3
ADAR4_,,ADAR1000ACCZN,,CC-88-1_ADI,A,GND_15,B13,GND,3
ADAR4_,,ADAR1000ACCZN,,CC-88-1_ADI,A,GND_16,C2,GND,3
ADAR4_,,ADAR1000ACCZN,,CC-88-1_ADI,A,GND_17,C12,GND,3
ADAR4_,,ADAR1000ACCZN,,CC-88-1_ADI,A,GND_18,D1,GND,3
ADAR4_,,ADAR1000ACCZN,,CC-88-1_ADI,A,GND_19,D2,GND,3
ADAR4_,,ADAR1000ACCZN,,CC-88-1_ADI,A,GND_2,A2,GND,3
ADAR4_,,ADAR1000ACCZN,,CC-88-1_ADI,A,GND_20,D12,GND,3
ADAR4_,,ADAR1000ACCZN,,CC-88-1_ADI,A,GND_21,D13,GND,3
ADAR4_,,ADAR1000ACCZN,,CC-88-1_ADI,A,GND_22,E2,GND,3
ADAR4_,,ADAR1000ACCZN,,CC-88-1_ADI,A,GND_23,E12,GND,3
ADAR4_,,ADAR1000ACCZN,,CC-88-1_ADI,A,GND_24,F1,GND,3
ADAR4_,,ADAR1000ACCZN,,CC-88-1_ADI,A,GND_25,F2,GND,3
ADAR4_,,ADAR1000ACCZN,,CC-88-1_ADI,A,GND_26,F12,GND,3
ADAR4_,,ADAR1000ACCZN,,CC-88-1_ADI,A,GND_27,F13,GND,3
ADAR4_,,ADAR1000ACCZN,,CC-88-1_ADI,A,GND_28,G2,GND,3
ADAR4_,,ADAR1000ACCZN,,CC-88-1_ADI,A,GND_29,G12,GND,3
ADAR4_,,ADAR1000ACCZN,,CC-88-1_ADI,A,GND_3,A6,GND,3
ADAR4_,,ADAR1000ACCZN,,CC-88-1_ADI,A,GND_30,H1,GND,3
ADAR4_,,ADAR1000ACCZN,,CC-88-1_ADI,A,GND_31,H2,GND,3
ADAR4_,,ADAR1000ACCZN,,CC-88-1_ADI,A,GND_32,H12,GND,3
ADAR4_,,ADAR1000ACCZN,,CC-88-1_ADI,A,GND_33,H13,GND,3
ADAR4_,,ADAR1000ACCZN,,CC-88-1_ADI,A,GND_34,J2,GND,3
ADAR4_,,ADAR1000ACCZN,,CC-88-1_ADI,A,GND_35,J12,GND,3
ADAR4_,,ADAR1000ACCZN,,CC-88-1_ADI,A,GND_36,K1,GND,3
ADAR4_,,ADAR1000ACCZN,,CC-88-1_ADI,A,GND_37,K2,GND,3
ADAR4_,,ADAR1000ACCZN,,CC-88-1_ADI,A,GND_38,K12,GND,3
ADAR4_,,ADAR1000ACCZN,,CC-88-1_ADI,A,GND_39,K13,GND,3
ADAR4_,,ADAR1000ACCZN,,CC-88-1_ADI,A,GND_4,A8,GND,3
ADAR4_,,ADAR1000ACCZN,,CC-88-1_ADI,A,GND_40,L2,GND,3
ADAR4_,,ADAR1000ACCZN,,CC-88-1_ADI,A,GND_41,L12,GND,3
ADAR4_,,ADAR1000ACCZN,,CC-88-1_ADI,A,GND_42,M1,GND,3
ADAR4_,,ADAR1000ACCZN,,CC-88-1_ADI,A,GND_43,M2,GND,3
ADAR4_,,ADAR1000ACCZN,,CC-88-1_ADI,A,GND_44,M7,GND,3
ADAR4_,,ADAR1000ACCZN,,CC-88-1_ADI,A,GND_45,M12,GND,3
ADAR4_,,ADAR1000ACCZN,,CC-88-1_ADI,A,GND_46,M13,GND,3
ADAR4_,,ADAR1000ACCZN,,CC-88-1_ADI,A,GND_47,N1,GND,3
ADAR4_,,ADAR1000ACCZN,,CC-88-1_ADI,A,GND_48,N7,GND,3
ADAR4_,,ADAR1000ACCZN,,CC-88-1_ADI,A,GND_49,N8,GND,3
ADAR4_,,ADAR1000ACCZN,,CC-88-1_ADI,A,GND_5,A12,GND,3
ADAR4_,,ADAR1000ACCZN,,CC-88-1_ADI,A,GND_50,N12,GND,3
ADAR4_,,ADAR1000ACCZN,,CC-88-1_ADI,A,GND_6,A13,GND,3
ADAR4_,,ADAR1000ACCZN,,CC-88-1_ADI,A,GND_7,B1,GND,3
ADAR4_,,ADAR1000ACCZN,,CC-88-1_ADI,A,GND_8,B2,GND,3
ADAR4_,,ADAR1000ACCZN,,CC-88-1_ADI,A,GND_9,B6,GND,3
ADAR4_,,ADAR1000ACCZN,,CC-88-1_ADI,A,LNA_BIAS,A11,LNA_BIAS_4,3
ADAR4_,,ADAR1000ACCZN,,CC-88-1_ADI,A,PA_BIAS1,A10,PA_BIAS1_4,3
ADAR4_,,ADAR1000ACCZN,,CC-88-1_ADI,A,PA_BIAS2,A9,PA_BIAS2_4,3
ADAR4_,,ADAR1000ACCZN,,CC-88-1_ADI,A,PA_BIAS3,A5,PA_BIAS3_4,3
ADAR4_,,ADAR1000ACCZN,,CC-88-1_ADI,A,PA_BIAS4,A4,PA_BIAS4_4,3
ADAR4_,,ADAR1000ACCZN,,CC-88-1_ADI,A,PA_ON,B3,N$64,3
ADAR4_,,ADAR1000ACCZN,,CC-88-1_ADI,A,RF_IO,A7,RF_IO_4,3
ADAR4_,,ADAR1000ACCZN,,CC-88-1_ADI,A,RX1,J13,RX1_4,3
ADAR4_,,ADAR1000ACCZN,,CC-88-1_ADI,A,RX2,C13,RX2_4,3
ADAR4_,,ADAR1000ACCZN,,CC-88-1_ADI,A,RX3,E1,RX3_4,3
ADAR4_,,ADAR1000ACCZN,,CC-88-1_ADI,A,RX4,L1,RX4_4,3
ADAR4_,,ADAR1000ACCZN,,CC-88-1_ADI,A,RX_LOAD,N2,ADAR_RX_LOAD_4,3
ADAR4_,,ADAR1000ACCZN,,CC-88-1_ADI,A,SCLK,M6,STM32_SCLK_1V8,3
ADAR4_,,ADAR1000ACCZN,,CC-88-1_ADI,A,SDIO,M5,STM32_MOSI_1V8,3
ADAR4_,,ADAR1000ACCZN,,CC-88-1_ADI,A,SDO,M4,STM32_MISO_1V8,3
ADAR4_,,ADAR1000ACCZN,,CC-88-1_ADI,A,TR,N6,ADAR_TR_4,3
ADAR4_,,ADAR1000ACCZN,,CC-88-1_ADI,A,TR_SW_POS,B5,TR_SW_POS_4,3
ADAR4_,,ADAR1000ACCZN,,CC-88-1_ADI,A,TX1,L13,TX1_4,3
ADAR4_,,ADAR1000ACCZN,,CC-88-1_ADI,A,TX2,E13,TX2_4,3
ADAR4_,,ADAR1000ACCZN,,CC-88-1_ADI,A,TX3,C1,TX3_4,3
ADAR4_,,ADAR1000ACCZN,,CC-88-1_ADI,A,TX4,J1,TX4_4,3
ADAR4_,,ADAR1000ACCZN,,CC-88-1_ADI,A,TX_LOAD,N3,ADAR_TX_LOAD_4,3
ADTR1107_1,,ADTR1107ACCZ,,CC-24-8_ADI,A,ANT,17,ANT2_1,3
ADTR1107_1,,ADTR1107ACCZ,,CC-24-8_ADI,A,CPLR_OUT,12,DET2_1,3
ADTR1107_1,,ADTR1107ACCZ,,CC-24-8_ADI,A,CTRL_SW,20,TR_SW_POS_1,3
ADTR1107_1,,ADTR1107ACCZ,,CC-24-8_ADI,A,GND,25,GND,3
ADTR1107_1,,ADTR1107ACCZ,,CC-24-8_ADI,A,GND_10,16,GND,3
ADTR1107_1,,ADTR1107ACCZ,,CC-24-8_ADI,A,GND_11,18,GND,3
ADTR1107_1,,ADTR1107ACCZ,,CC-24-8_ADI,A,GND_12,22,GND,3
ADTR1107_1,,ADTR1107ACCZ,,CC-24-8_ADI,A,GND_2,1,GND,3
ADTR1107_1,,ADTR1107ACCZ,,CC-24-8_ADI,A,GND_3,3,GND,3
ADTR1107_1,,ADTR1107ACCZ,,CC-24-8_ADI,A,GND_4,4,GND,3
ADTR1107_1,,ADTR1107ACCZ,,CC-24-8_ADI,A,GND_5,6,GND,3
ADTR1107_1,,ADTR1107ACCZ,,CC-24-8_ADI,A,GND_6,11,GND,3
ADTR1107_1,,ADTR1107ACCZ,,CC-24-8_ADI,A,GND_7,13,GND,3
ADTR1107_1,,ADTR1107ACCZ,,CC-24-8_ADI,A,GND_8,14,GND,3
ADTR1107_1,,ADTR1107ACCZ,,CC-24-8_ADI,A,GND_9,15,GND,3
ADTR1107_1,,ADTR1107ACCZ,,CC-24-8_ADI,A,NIC,10,GND,3
ADTR1107_1,,ADTR1107ACCZ,,CC-24-8_ADI,A,NIC_2,9,GND,3
ADTR1107_1,,ADTR1107ACCZ,,CC-24-8_ADI,A,RX_OUT,2,RX2_1,3
ADTR1107_1,,ADTR1107ACCZ,,CC-24-8_ADI,A,TX_IN,5,TX2_1,3
ADTR1107_1,,ADTR1107ACCZ,,CC-24-8_ADI,A,VDD_LNA,24,+3V3_ADTR,3
ADTR1107_1,,ADTR1107ACCZ,,CC-24-8_ADI,A,VDD_PA,8,+5V0_PA_1,3
ADTR1107_1,,ADTR1107ACCZ,,CC-24-8_ADI,A,VDD_SW,19,+3V3_VDD_SW,3
ADTR1107_1,,ADTR1107ACCZ,,CC-24-8_ADI,A,VGG_LNA,23,LNA_BIAS_1,3
ADTR1107_1,,ADTR1107ACCZ,,CC-24-8_ADI,A,VGG_PA,7,PA_BIAS2_1,3
ADTR1107_1,,ADTR1107ACCZ,,CC-24-8_ADI,A,VSS_SW,21,-3V3_SW,3
ADTR1107_2,,ADTR1107ACCZ,,CC-24-8_ADI,A,ANT,17,ANT3_1,3
ADTR1107_2,,ADTR1107ACCZ,,CC-24-8_ADI,A,CPLR_OUT,12,DET3_1,3
ADTR1107_2,,ADTR1107ACCZ,,CC-24-8_ADI,A,CTRL_SW,20,TR_SW_POS_1,3
ADTR1107_2,,ADTR1107ACCZ,,CC-24-8_ADI,A,GND,25,GND,3
ADTR1107_2,,ADTR1107ACCZ,,CC-24-8_ADI,A,GND_10,16,GND,3
ADTR1107_2,,ADTR1107ACCZ,,CC-24-8_ADI,A,GND_11,18,GND,3
ADTR1107_2,,ADTR1107ACCZ,,CC-24-8_ADI,A,GND_12,22,GND,3
ADTR1107_2,,ADTR1107ACCZ,,CC-24-8_ADI,A,GND_2,1,GND,3
ADTR1107_2,,ADTR1107ACCZ,,CC-24-8_ADI,A,GND_3,3,GND,3
ADTR1107_2,,ADTR1107ACCZ,,CC-24-8_ADI,A,GND_4,4,GND,3
ADTR1107_2,,ADTR1107ACCZ,,CC-24-8_ADI,A,GND_5,6,GND,3
ADTR1107_2,,ADTR1107ACCZ,,CC-24-8_ADI,A,GND_6,11,GND,3
ADTR1107_2,,ADTR1107ACCZ,,CC-24-8_ADI,A,GND_7,13,GND,3
ADTR1107_2,,ADTR1107ACCZ,,CC-24-8_ADI,A,GND_8,14,GND,3
ADTR1107_2,,ADTR1107ACCZ,,CC-24-8_ADI,A,GND_9,15,GND,3
ADTR1107_2,,ADTR1107ACCZ,,CC-24-8_ADI,A,NIC,10,GND,3
ADTR1107_2,,ADTR1107ACCZ,,CC-24-8_ADI,A,NIC_2,9,GND,3
ADTR1107_2,,ADTR1107ACCZ,,CC-24-8_ADI,A,RX_OUT,2,RX3_1,3
ADTR1107_2,,ADTR1107ACCZ,,CC-24-8_ADI,A,TX_IN,5,TX3_1,3
ADTR1107_2,,ADTR1107ACCZ,,CC-24-8_ADI,A,VDD_LNA,24,+3V3_ADTR,3
ADTR1107_2,,ADTR1107ACCZ,,CC-24-8_ADI,A,VDD_PA,8,+5V0_PA_1,3
ADTR1107_2,,ADTR1107ACCZ,,CC-24-8_ADI,A,VDD_SW,19,+3V3_VDD_SW,3
ADTR1107_2,,ADTR1107ACCZ,,CC-24-8_ADI,A,VGG_LNA,23,LNA_BIAS_1,3
ADTR1107_2,,ADTR1107ACCZ,,CC-24-8_ADI,A,VGG_PA,7,PA_BIAS3_1,3
ADTR1107_2,,ADTR1107ACCZ,,CC-24-8_ADI,A,VSS_SW,21,-3V3_SW,3
ADTR1107_3,,ADTR1107ACCZ,,CC-24-8_ADI,A,ANT,17,ANT1_1,3
ADTR1107_3,,ADTR1107ACCZ,,CC-24-8_ADI,A,CPLR_OUT,12,DET1_1,3
ADTR1107_3,,ADTR1107ACCZ,,CC-24-8_ADI,A,CTRL_SW,20,TR_SW_POS_1,3
ADTR1107_3,,ADTR1107ACCZ,,CC-24-8_ADI,A,GND,25,GND,3
ADTR1107_3,,ADTR1107ACCZ,,CC-24-8_ADI,A,GND_10,16,GND,3
ADTR1107_3,,ADTR1107ACCZ,,CC-24-8_ADI,A,GND_11,18,GND,3
ADTR1107_3,,ADTR1107ACCZ,,CC-24-8_ADI,A,GND_12,22,GND,3
ADTR1107_3,,ADTR1107ACCZ,,CC-24-8_ADI,A,GND_2,1,GND,3
ADTR1107_3,,ADTR1107ACCZ,,CC-24-8_ADI,A,GND_3,3,GND,3
ADTR1107_3,,ADTR1107ACCZ,,CC-24-8_ADI,A,GND_4,4,GND,3
ADTR1107_3,,ADTR1107ACCZ,,CC-24-8_ADI,A,GND_5,6,GND,3
ADTR1107_3,,ADTR1107ACCZ,,CC-24-8_ADI,A,GND_6,11,GND,3
ADTR1107_3,,ADTR1107ACCZ,,CC-24-8_ADI,A,GND_7,13,GND,3
ADTR1107_3,,ADTR1107ACCZ,,CC-24-8_ADI,A,GND_8,14,GND,3
ADTR1107_3,,ADTR1107ACCZ,,CC-24-8_ADI,A,GND_9,15,GND,3
ADTR1107_3,,ADTR1107ACCZ,,CC-24-8_ADI,A,NIC,10,GND,3
ADTR1107_3,,ADTR1107ACCZ,,CC-24-8_ADI,A,NIC_2,9,GND,3
ADTR1107_3,,ADTR1107ACCZ,,CC-24-8_ADI,A,RX_OUT,2,RX1_1,3
ADTR1107_3,,ADTR1107ACCZ,,CC-24-8_ADI,A,TX_IN,5,TX1_1,3
ADTR1107_3,,ADTR1107ACCZ,,CC-24-8_ADI,A,VDD_LNA,24,+3V3_ADTR,3
ADTR1107_3,,ADTR1107ACCZ,,CC-24-8_ADI,A,VDD_PA,8,+5V0_PA_1,3
ADTR1107_3,,ADTR1107ACCZ,,CC-24-8_ADI,A,VDD_SW,19,+3V3_VDD_SW,3
ADTR1107_3,,ADTR1107ACCZ,,CC-24-8_ADI,A,VGG_LNA,23,LNA_BIAS_1,3
ADTR1107_3,,ADTR1107ACCZ,,CC-24-8_ADI,A,VGG_PA,7,PA_BIAS1_1,3
ADTR1107_3,,ADTR1107ACCZ,,CC-24-8_ADI,A,VSS_SW,21,-3V3_SW,3
ADTR1107_4,,ADTR1107ACCZ,,CC-24-8_ADI,A,ANT,17,ANT4_1,3
ADTR1107_4,,ADTR1107ACCZ,,CC-24-8_ADI,A,CPLR_OUT,12,DET4_1,3
ADTR1107_4,,ADTR1107ACCZ,,CC-24-8_ADI,A,CTRL_SW,20,TR_SW_POS_1,3
ADTR1107_4,,ADTR1107ACCZ,,CC-24-8_ADI,A,GND,25,GND,3
ADTR1107_4,,ADTR1107ACCZ,,CC-24-8_ADI,A,GND_10,16,GND,3
ADTR1107_4,,ADTR1107ACCZ,,CC-24-8_ADI,A,GND_11,18,GND,3
ADTR1107_4,,ADTR1107ACCZ,,CC-24-8_ADI,A,GND_12,22,GND,3
ADTR1107_4,,ADTR1107ACCZ,,CC-24-8_ADI,A,GND_2,1,GND,3
ADTR1107_4,,ADTR1107ACCZ,,CC-24-8_ADI,A,GND_3,3,GND,3
ADTR1107_4,,ADTR1107ACCZ,,CC-24-8_ADI,A,GND_4,4,GND,3
ADTR1107_4,,ADTR1107ACCZ,,CC-24-8_ADI,A,GND_5,6,GND,3
ADTR1107_4,,ADTR1107ACCZ,,CC-24-8_ADI,A,GND_6,11,GND,3
ADTR1107_4,,ADTR1107ACCZ,,CC-24-8_ADI,A,GND_7,13,GND,3
ADTR1107_4,,ADTR1107ACCZ,,CC-24-8_ADI,A,GND_8,14,GND,3
ADTR1107_4,,ADTR1107ACCZ,,CC-24-8_ADI,A,GND_9,15,GND,3
ADTR1107_4,,ADTR1107ACCZ,,CC-24-8_ADI,A,NIC,10,GND,3
ADTR1107_4,,ADTR1107ACCZ,,CC-24-8_ADI,A,NIC_2,9,GND,3
ADTR1107_4,,ADTR1107ACCZ,,CC-24-8_ADI,A,RX_OUT,2,RX4_1,3
ADTR1107_4,,ADTR1107ACCZ,,CC-24-8_ADI,A,TX_IN,5,TX4_1,3
ADTR1107_4,,ADTR1107ACCZ,,CC-24-8_ADI,A,VDD_LNA,24,+3V3_ADTR,3
ADTR1107_4,,ADTR1107ACCZ,,CC-24-8_ADI,A,VDD_PA,8,+5V0_PA_1,3
ADTR1107_4,,ADTR1107ACCZ,,CC-24-8_ADI,A,VDD_SW,19,+3V3_VDD_SW,3
ADTR1107_4,,ADTR1107ACCZ,,CC-24-8_ADI,A,VGG_LNA,23,LNA_BIAS_1,3
ADTR1107_4,,ADTR1107ACCZ,,CC-24-8_ADI,A,VGG_PA,7,PA_BIAS4_1,3
ADTR1107_4,,ADTR1107ACCZ,,CC-24-8_ADI,A,VSS_SW,21,-3V3_SW,3
ADTR1107_5,,ADTR1107ACCZ,,CC-24-8_ADI,A,ANT,17,ANT2_2,3
ADTR1107_5,,ADTR1107ACCZ,,CC-24-8_ADI,A,CPLR_OUT,12,DET2_2,3
ADTR1107_5,,ADTR1107ACCZ,,CC-24-8_ADI,A,CTRL_SW,20,TR_SW_POS_2,3
ADTR1107_5,,ADTR1107ACCZ,,CC-24-8_ADI,A,GND,25,GND,3
ADTR1107_5,,ADTR1107ACCZ,,CC-24-8_ADI,A,GND_10,16,GND,3
ADTR1107_5,,ADTR1107ACCZ,,CC-24-8_ADI,A,GND_11,18,GND,3
ADTR1107_5,,ADTR1107ACCZ,,CC-24-8_ADI,A,GND_12,22,GND,3
ADTR1107_5,,ADTR1107ACCZ,,CC-24-8_ADI,A,GND_2,1,GND,3
ADTR1107_5,,ADTR1107ACCZ,,CC-24-8_ADI,A,GND_3,3,GND,3
ADTR1107_5,,ADTR1107ACCZ,,CC-24-8_ADI,A,GND_4,4,GND,3
ADTR1107_5,,ADTR1107ACCZ,,CC-24-8_ADI,A,GND_5,6,GND,3
ADTR1107_5,,ADTR1107ACCZ,,CC-24-8_ADI,A,GND_6,11,GND,3
ADTR1107_5,,ADTR1107ACCZ,,CC-24-8_ADI,A,GND_7,13,GND,3
ADTR1107_5,,ADTR1107ACCZ,,CC-24-8_ADI,A,GND_8,14,GND,3
ADTR1107_5,,ADTR1107ACCZ,,CC-24-8_ADI,A,GND_9,15,GND,3
ADTR1107_5,,ADTR1107ACCZ,,CC-24-8_ADI,A,NIC,10,GND,3
ADTR1107_5,,ADTR1107ACCZ,,CC-24-8_ADI,A,NIC_2,9,GND,3
ADTR1107_5,,ADTR1107ACCZ,,CC-24-8_ADI,A,RX_OUT,2,RX2_2,3
ADTR1107_5,,ADTR1107ACCZ,,CC-24-8_ADI,A,TX_IN,5,TX2_2,3
ADTR1107_5,,ADTR1107ACCZ,,CC-24-8_ADI,A,VDD_LNA,24,+3V3_ADTR,3
ADTR1107_5,,ADTR1107ACCZ,,CC-24-8_ADI,A,VDD_PA,8,+5V0_PA_2,3
ADTR1107_5,,ADTR1107ACCZ,,CC-24-8_ADI,A,VDD_SW,19,+3V3_VDD_SW,3
ADTR1107_5,,ADTR1107ACCZ,,CC-24-8_ADI,A,VGG_LNA,23,LNA_BIAS_2,3
ADTR1107_5,,ADTR1107ACCZ,,CC-24-8_ADI,A,VGG_PA,7,PA_BIAS2_2,3
ADTR1107_5,,ADTR1107ACCZ,,CC-24-8_ADI,A,VSS_SW,21,-3V3_SW,3
ADTR1107_6,,ADTR1107ACCZ,,CC-24-8_ADI,A,ANT,17,ANT3_2,3
ADTR1107_6,,ADTR1107ACCZ,,CC-24-8_ADI,A,CPLR_OUT,12,DET3_2,3
ADTR1107_6,,ADTR1107ACCZ,,CC-24-8_ADI,A,CTRL_SW,20,TR_SW_POS_2,3
ADTR1107_6,,ADTR1107ACCZ,,CC-24-8_ADI,A,GND,25,GND,3
ADTR1107_6,,ADTR1107ACCZ,,CC-24-8_ADI,A,GND_10,16,GND,3
ADTR1107_6,,ADTR1107ACCZ,,CC-24-8_ADI,A,GND_11,18,GND,3
ADTR1107_6,,ADTR1107ACCZ,,CC-24-8_ADI,A,GND_12,22,GND,3
ADTR1107_6,,ADTR1107ACCZ,,CC-24-8_ADI,A,GND_2,1,GND,3
ADTR1107_6,,ADTR1107ACCZ,,CC-24-8_ADI,A,GND_3,3,GND,3
ADTR1107_6,,ADTR1107ACCZ,,CC-24-8_ADI,A,GND_4,4,GND,3
ADTR1107_6,,ADTR1107ACCZ,,CC-24-8_ADI,A,GND_5,6,GND,3
ADTR1107_6,,ADTR1107ACCZ,,CC-24-8_ADI,A,GND_6,11,GND,3
ADTR1107_6,,ADTR1107ACCZ,,CC-24-8_ADI,A,GND_7,13,GND,3
ADTR1107_6,,ADTR1107ACCZ,,CC-24-8_ADI,A,GND_8,14,GND,3
ADTR1107_6,,ADTR1107ACCZ,,CC-24-8_ADI,A,GND_9,15,GND,3
ADTR1107_6,,ADTR1107ACCZ,,CC-24-8_ADI,A,NIC,10,GND,3
ADTR1107_6,,ADTR1107ACCZ,,CC-24-8_ADI,A,NIC_2,9,GND,3
ADTR1107_6,,ADTR1107ACCZ,,CC-24-8_ADI,A,RX_OUT,2,RX3_2,3
ADTR1107_6,,ADTR1107ACCZ,,CC-24-8_ADI,A,TX_IN,5,TX3_2,3
ADTR1107_6,,ADTR1107ACCZ,,CC-24-8_ADI,A,VDD_LNA,24,+3V3_ADTR,3
ADTR1107_6,,ADTR1107ACCZ,,CC-24-8_ADI,A,VDD_PA,8,+5V0_PA_2,3
ADTR1107_6,,ADTR1107ACCZ,,CC-24-8_ADI,A,VDD_SW,19,+3V3_VDD_SW,3
ADTR1107_6,,ADTR1107ACCZ,,CC-24-8_ADI,A,VGG_LNA,23,LNA_BIAS_2,3
ADTR1107_6,,ADTR1107ACCZ,,CC-24-8_ADI,A,VGG_PA,7,PA_BIAS3_2,3
ADTR1107_6,,ADTR1107ACCZ,,CC-24-8_ADI,A,VSS_SW,21,-3V3_SW,3
ADTR1107_7,,ADTR1107ACCZ,,CC-24-8_ADI,A,ANT,17,ANT1_2,3
ADTR1107_7,,ADTR1107ACCZ,,CC-24-8_ADI,A,CPLR_OUT,12,DET1_2,3
ADTR1107_7,,ADTR1107ACCZ,,CC-24-8_ADI,A,CTRL_SW,20,TR_SW_POS_2,3
ADTR1107_7,,ADTR1107ACCZ,,CC-24-8_ADI,A,GND,25,GND,3
ADTR1107_7,,ADTR1107ACCZ,,CC-24-8_ADI,A,GND_10,16,GND,3
ADTR1107_7,,ADTR1107ACCZ,,CC-24-8_ADI,A,GND_11,18,GND,3
ADTR1107_7,,ADTR1107ACCZ,,CC-24-8_ADI,A,GND_12,22,GND,3
ADTR1107_7,,ADTR1107ACCZ,,CC-24-8_ADI,A,GND_2,1,GND,3
ADTR1107_7,,ADTR1107ACCZ,,CC-24-8_ADI,A,GND_3,3,GND,3
ADTR1107_7,,ADTR1107ACCZ,,CC-24-8_ADI,A,GND_4,4,GND,3
ADTR1107_7,,ADTR1107ACCZ,,CC-24-8_ADI,A,GND_5,6,GND,3
ADTR1107_7,,ADTR1107ACCZ,,CC-24-8_ADI,A,GND_6,11,GND,3
ADTR1107_7,,ADTR1107ACCZ,,CC-24-8_ADI,A,GND_7,13,GND,3
ADTR1107_7,,ADTR1107ACCZ,,CC-24-8_ADI,A,GND_8,14,GND,3
ADTR1107_7,,ADTR1107ACCZ,,CC-24-8_ADI,A,GND_9,15,GND,3
ADTR1107_7,,ADTR1107ACCZ,,CC-24-8_ADI,A,NIC,10,GND,3
ADTR1107_7,,ADTR1107ACCZ,,CC-24-8_ADI,A,NIC_2,9,GND,3
ADTR1107_7,,ADTR1107ACCZ,,CC-24-8_ADI,A,RX_OUT,2,RX1_2,3
ADTR1107_7,,ADTR1107ACCZ,,CC-24-8_ADI,A,TX_IN,5,TX1_2,3
ADTR1107_7,,ADTR1107ACCZ,,CC-24-8_ADI,A,VDD_LNA,24,+3V3_ADTR,3
ADTR1107_7,,ADTR1107ACCZ,,CC-24-8_ADI,A,VDD_PA,8,+5V0_PA_1,3
ADTR1107_7,,ADTR1107ACCZ,,CC-24-8_ADI,A,VDD_SW,19,+3V3_VDD_SW,3
ADTR1107_7,,ADTR1107ACCZ,,CC-24-8_ADI,A,VGG_LNA,23,LNA_BIAS_2,3
ADTR1107_7,,ADTR1107ACCZ,,CC-24-8_ADI,A,VGG_PA,7,PA_BIAS1_2,3
ADTR1107_7,,ADTR1107ACCZ,,CC-24-8_ADI,A,VSS_SW,21,-3V3_SW,3
ADTR1107_8,,ADTR1107ACCZ,,CC-24-8_ADI,A,ANT,17,ANT4_2,3
ADTR1107_8,,ADTR1107ACCZ,,CC-24-8_ADI,A,CPLR_OUT,12,DET4_2,3
ADTR1107_8,,ADTR1107ACCZ,,CC-24-8_ADI,A,CTRL_SW,20,TR_SW_POS_2,3
ADTR1107_8,,ADTR1107ACCZ,,CC-24-8_ADI,A,GND,25,GND,3
ADTR1107_8,,ADTR1107ACCZ,,CC-24-8_ADI,A,GND_10,16,GND,3
ADTR1107_8,,ADTR1107ACCZ,,CC-24-8_ADI,A,GND_11,18,GND,3
ADTR1107_8,,ADTR1107ACCZ,,CC-24-8_ADI,A,GND_12,22,GND,3
ADTR1107_8,,ADTR1107ACCZ,,CC-24-8_ADI,A,GND_2,1,GND,3
ADTR1107_8,,ADTR1107ACCZ,,CC-24-8_ADI,A,GND_3,3,GND,3
ADTR1107_8,,ADTR1107ACCZ,,CC-24-8_ADI,A,GND_4,4,GND,3
ADTR1107_8,,ADTR1107ACCZ,,CC-24-8_ADI,A,GND_5,6,GND,3
ADTR1107_8,,ADTR1107ACCZ,,CC-24-8_ADI,A,GND_6,11,GND,3
ADTR1107_8,,ADTR1107ACCZ,,CC-24-8_ADI,A,GND_7,13,GND,3
ADTR1107_8,,ADTR1107ACCZ,,CC-24-8_ADI,A,GND_8,14,GND,3
ADTR1107_8,,ADTR1107ACCZ,,CC-24-8_ADI,A,GND_9,15,GND,3
ADTR1107_8,,ADTR1107ACCZ,,CC-24-8_ADI,A,NIC,10,GND,3
ADTR1107_8,,ADTR1107ACCZ,,CC-24-8_ADI,A,NIC_2,9,GND,3
ADTR1107_8,,ADTR1107ACCZ,,CC-24-8_ADI,A,RX_OUT,2,RX4_2,3
ADTR1107_8,,ADTR1107ACCZ,,CC-24-8_ADI,A,TX_IN,5,TX4_2,3
ADTR1107_8,,ADTR1107ACCZ,,CC-24-8_ADI,A,VDD_LNA,24,+3V3_ADTR,3
ADTR1107_8,,ADTR1107ACCZ,,CC-24-8_ADI,A,VDD_PA,8,+5V0_PA_2,3
ADTR1107_8,,ADTR1107ACCZ,,CC-24-8_ADI,A,VDD_SW,19,+3V3_VDD_SW,3
ADTR1107_8,,ADTR1107ACCZ,,CC-24-8_ADI,A,VGG_LNA,23,LNA_BIAS_2,3
ADTR1107_8,,ADTR1107ACCZ,,CC-24-8_ADI,A,VGG_PA,7,PA_BIAS4_2,3
ADTR1107_8,,ADTR1107ACCZ,,CC-24-8_ADI,A,VSS_SW,21,-3V3_SW,3
ADTR1107_9,,ADTR1107ACCZ,,CC-24-8_ADI,A,ANT,17,ANT4_3,3
ADTR1107_9,,ADTR1107ACCZ,,CC-24-8_ADI,A,CPLR_OUT,12,DET4_3,3
ADTR1107_9,,ADTR1107ACCZ,,CC-24-8_ADI,A,CTRL_SW,20,TR_SW_POS_3,3
ADTR1107_9,,ADTR1107ACCZ,,CC-24-8_ADI,A,GND,25,GND,3
ADTR1107_9,,ADTR1107ACCZ,,CC-24-8_ADI,A,GND_10,16,GND,3
ADTR1107_9,,ADTR1107ACCZ,,CC-24-8_ADI,A,GND_11,18,GND,3
ADTR1107_9,,ADTR1107ACCZ,,CC-24-8_ADI,A,GND_12,22,GND,3
ADTR1107_9,,ADTR1107ACCZ,,CC-24-8_ADI,A,GND_2,1,GND,3
ADTR1107_9,,ADTR1107ACCZ,,CC-24-8_ADI,A,GND_3,3,GND,3
ADTR1107_9,,ADTR1107ACCZ,,CC-24-8_ADI,A,GND_4,4,GND,3
ADTR1107_9,,ADTR1107ACCZ,,CC-24-8_ADI,A,GND_5,6,GND,3
ADTR1107_9,,ADTR1107ACCZ,,CC-24-8_ADI,A,GND_6,11,GND,3
ADTR1107_9,,ADTR1107ACCZ,,CC-24-8_ADI,A,GND_7,13,GND,3
ADTR1107_9,,ADTR1107ACCZ,,CC-24-8_ADI,A,GND_8,14,GND,3
ADTR1107_9,,ADTR1107ACCZ,,CC-24-8_ADI,A,GND_9,15,GND,3
ADTR1107_9,,ADTR1107ACCZ,,CC-24-8_ADI,A,NIC,10,GND,3
ADTR1107_9,,ADTR1107ACCZ,,CC-24-8_ADI,A,NIC_2,9,GND,3
ADTR1107_9,,ADTR1107ACCZ,,CC-24-8_ADI,A,RX_OUT,2,RX4_3,3
ADTR1107_9,,ADTR1107ACCZ,,CC-24-8_ADI,A,TX_IN,5,TX4_3,3
ADTR1107_9,,ADTR1107ACCZ,,CC-24-8_ADI,A,VDD_LNA,24,+3V3_ADTR,3
ADTR1107_9,,ADTR1107ACCZ,,CC-24-8_ADI,A,VDD_PA,8,+5V0_PA_3,3
ADTR1107_9,,ADTR1107ACCZ,,CC-24-8_ADI,A,VDD_SW,19,+3V3_VDD_SW,3
ADTR1107_9,,ADTR1107ACCZ,,CC-24-8_ADI,A,VGG_LNA,23,LNA_BIAS_3,3
ADTR1107_9,,ADTR1107ACCZ,,CC-24-8_ADI,A,VGG_PA,7,PA_BIAS4_3,3
ADTR1107_9,,ADTR1107ACCZ,,CC-24-8_ADI,A,VSS_SW,21,-3V3_SW,3
ADTR1107_10,,ADTR1107ACCZ,,CC-24-8_ADI,A,ANT,17,ANT1_3,3
ADTR1107_10,,ADTR1107ACCZ,,CC-24-8_ADI,A,CPLR_OUT,12,DET1_3,3
ADTR1107_10,,ADTR1107ACCZ,,CC-24-8_ADI,A,CTRL_SW,20,TR_SW_POS_3,3
ADTR1107_10,,ADTR1107ACCZ,,CC-24-8_ADI,A,GND,25,GND,3
ADTR1107_10,,ADTR1107ACCZ,,CC-24-8_ADI,A,GND_10,16,GND,3
ADTR1107_10,,ADTR1107ACCZ,,CC-24-8_ADI,A,GND_11,18,GND,3
ADTR1107_10,,ADTR1107ACCZ,,CC-24-8_ADI,A,GND_12,22,GND,3
ADTR1107_10,,ADTR1107ACCZ,,CC-24-8_ADI,A,GND_2,1,GND,3
ADTR1107_10,,ADTR1107ACCZ,,CC-24-8_ADI,A,GND_3,3,GND,3
ADTR1107_10,,ADTR1107ACCZ,,CC-24-8_ADI,A,GND_4,4,GND,3
ADTR1107_10,,ADTR1107ACCZ,,CC-24-8_ADI,A,GND_5,6,GND,3
ADTR1107_10,,ADTR1107ACCZ,,CC-24-8_ADI,A,GND_6,11,GND,3
ADTR1107_10,,ADTR1107ACCZ,,CC-24-8_ADI,A,GND_7,13,GND,3
ADTR1107_10,,ADTR1107ACCZ,,CC-24-8_ADI,A,GND_8,14,GND,3
ADTR1107_10,,ADTR1107ACCZ,,CC-24-8_ADI,A,GND_9,15,GND,3
ADTR1107_10,,ADTR1107ACCZ,,CC-24-8_ADI,A,NIC,10,GND,3
ADTR1107_10,,ADTR1107ACCZ,,CC-24-8_ADI,A,NIC_2,9,GND,3
ADTR1107_10,,ADTR1107ACCZ,,CC-24-8_ADI,A,RX_OUT,2,RX1_3,3
ADTR1107_10,,ADTR1107ACCZ,,CC-24-8_ADI,A,TX_IN,5,TX1_3,3
ADTR1107_10,,ADTR1107ACCZ,,CC-24-8_ADI,A,VDD_LNA,24,+3V3_ADTR,3
ADTR1107_10,,ADTR1107ACCZ,,CC-24-8_ADI,A,VDD_PA,8,+5V0_PA_2,3
ADTR1107_10,,ADTR1107ACCZ,,CC-24-8_ADI,A,VDD_SW,19,+3V3_VDD_SW,3
ADTR1107_10,,ADTR1107ACCZ,,CC-24-8_ADI,A,VGG_LNA,23,LNA_BIAS_3,3
ADTR1107_10,,ADTR1107ACCZ,,CC-24-8_ADI,A,VGG_PA,7,PA_BIAS1_3,3
ADTR1107_10,,ADTR1107ACCZ,,CC-24-8_ADI,A,VSS_SW,21,-3V3_SW,3
ADTR1107_11,,ADTR1107ACCZ,,CC-24-8_ADI,A,ANT,17,ANT3_3,3
ADTR1107_11,,ADTR1107ACCZ,,CC-24-8_ADI,A,CPLR_OUT,12,DET3_3,3
ADTR1107_11,,ADTR1107ACCZ,,CC-24-8_ADI,A,CTRL_SW,20,TR_SW_POS_3,3
ADTR1107_11,,ADTR1107ACCZ,,CC-24-8_ADI,A,GND,25,GND,3
ADTR1107_11,,ADTR1107ACCZ,,CC-24-8_ADI,A,GND_10,16,GND,3
ADTR1107_11,,ADTR1107ACCZ,,CC-24-8_ADI,A,GND_11,18,GND,3
ADTR1107_11,,ADTR1107ACCZ,,CC-24-8_ADI,A,GND_12,22,GND,3
ADTR1107_11,,ADTR1107ACCZ,,CC-24-8_ADI,A,GND_2,1,GND,3
ADTR1107_11,,ADTR1107ACCZ,,CC-24-8_ADI,A,GND_3,3,GND,3
ADTR1107_11,,ADTR1107ACCZ,,CC-24-8_ADI,A,GND_4,4,GND,3
ADTR1107_11,,ADTR1107ACCZ,,CC-24-8_ADI,A,GND_5,6,GND,3
ADTR1107_11,,ADTR1107ACCZ,,CC-24-8_ADI,A,GND_6,11,GND,3
ADTR1107_11,,ADTR1107ACCZ,,CC-24-8_ADI,A,GND_7,13,GND,3
ADTR1107_11,,ADTR1107ACCZ,,CC-24-8_ADI,A,GND_8,14,GND,3
ADTR1107_11,,ADTR1107ACCZ,,CC-24-8_ADI,A,GND_9,15,GND,3
ADTR1107_11,,ADTR1107ACCZ,,CC-24-8_ADI,A,NIC,10,GND,3
ADTR1107_11,,ADTR1107ACCZ,,CC-24-8_ADI,A,NIC_2,9,GND,3
ADTR1107_11,,ADTR1107ACCZ,,CC-24-8_ADI,A,RX_OUT,2,RX3_3,3
ADTR1107_11,,ADTR1107ACCZ,,CC-24-8_ADI,A,TX_IN,5,TX3_3,3
ADTR1107_11,,ADTR1107ACCZ,,CC-24-8_ADI,A,VDD_LNA,24,+3V3_ADTR,3
ADTR1107_11,,ADTR1107ACCZ,,CC-24-8_ADI,A,VDD_PA,8,+5V0_PA_3,3
ADTR1107_11,,ADTR1107ACCZ,,CC-24-8_ADI,A,VDD_SW,19,+3V3_VDD_SW,3
ADTR1107_11,,ADTR1107ACCZ,,CC-24-8_ADI,A,VGG_LNA,23,LNA_BIAS_3,3
ADTR1107_11,,ADTR1107ACCZ,,CC-24-8_ADI,A,VGG_PA,7,PA_BIAS3_3,3
ADTR1107_11,,ADTR1107ACCZ,,CC-24-8_ADI,A,VSS_SW,21,-3V3_SW,3
ADTR1107_12,,ADTR1107ACCZ,,CC-24-8_ADI,A,ANT,17,ANT2_3,3
ADTR1107_12,,ADTR1107ACCZ,,CC-24-8_ADI,A,CPLR_OUT,12,DET2_3,3
ADTR1107_12,,ADTR1107ACCZ,,CC-24-8_ADI,A,CTRL_SW,20,TR_SW_POS_3,3
ADTR1107_12,,ADTR1107ACCZ,,CC-24-8_ADI,A,GND,25,GND,3
ADTR1107_12,,ADTR1107ACCZ,,CC-24-8_ADI,A,GND_10,16,GND,3
ADTR1107_12,,ADTR1107ACCZ,,CC-24-8_ADI,A,GND_11,18,GND,3
ADTR1107_12,,ADTR1107ACCZ,,CC-24-8_ADI,A,GND_12,22,GND,3
ADTR1107_12,,ADTR1107ACCZ,,CC-24-8_ADI,A,GND_2,1,GND,3
ADTR1107_12,,ADTR1107ACCZ,,CC-24-8_ADI,A,GND_3,3,GND,3
ADTR1107_12,,ADTR1107ACCZ,,CC-24-8_ADI,A,GND_4,4,GND,3
ADTR1107_12,,ADTR1107ACCZ,,CC-24-8_ADI,A,GND_5,6,GND,3
ADTR1107_12,,ADTR1107ACCZ,,CC-24-8_ADI,A,GND_6,11,GND,3
ADTR1107_12,,ADTR1107ACCZ,,CC-24-8_ADI,A,GND_7,13,GND,3
ADTR1107_12,,ADTR1107ACCZ,,CC-24-8_ADI,A,GND_8,14,GND,3
ADTR1107_12,,ADTR1107ACCZ,,CC-24-8_ADI,A,GND_9,15,GND,3
ADTR1107_12,,ADTR1107ACCZ,,CC-24-8_ADI,A,NIC,10,GND,3
ADTR1107_12,,ADTR1107ACCZ,,CC-24-8_ADI,A,NIC_2,9,GND,3
ADTR1107_12,,ADTR1107ACCZ,,CC-24-8_ADI,A,RX_OUT,2,RX2_3,3
ADTR1107_12,,ADTR1107ACCZ,,CC-24-8_ADI,A,TX_IN,5,TX2_3,3
ADTR1107_12,,ADTR1107ACCZ,,CC-24-8_ADI,A,VDD_LNA,24,+3V3_ADTR,3
ADTR1107_12,,ADTR1107ACCZ,,CC-24-8_ADI,A,VDD_PA,8,+5V0_PA_2,3
ADTR1107_12,,ADTR1107ACCZ,,CC-24-8_ADI,A,VDD_SW,19,+3V3_VDD_SW,3
ADTR1107_12,,ADTR1107ACCZ,,CC-24-8_ADI,A,VGG_LNA,23,LNA_BIAS_3,3
ADTR1107_12,,ADTR1107ACCZ,,CC-24-8_ADI,A,VGG_PA,7,PA_BIAS2_3,3
ADTR1107_12,,ADTR1107ACCZ,,CC-24-8_ADI,A,VSS_SW,21,-3V3_SW,3
ADTR1107_13,,ADTR1107ACCZ,,CC-24-8_ADI,A,ANT,17,ANT4_4,3
ADTR1107_13,,ADTR1107ACCZ,,CC-24-8_ADI,A,CPLR_OUT,12,DET4_4,3
ADTR1107_13,,ADTR1107ACCZ,,CC-24-8_ADI,A,CTRL_SW,20,TR_SW_POS_4,3
ADTR1107_13,,ADTR1107ACCZ,,CC-24-8_ADI,A,GND,25,GND,3
ADTR1107_13,,ADTR1107ACCZ,,CC-24-8_ADI,A,GND_10,16,GND,3
ADTR1107_13,,ADTR1107ACCZ,,CC-24-8_ADI,A,GND_11,18,GND,3
ADTR1107_13,,ADTR1107ACCZ,,CC-24-8_ADI,A,GND_12,22,GND,3
ADTR1107_13,,ADTR1107ACCZ,,CC-24-8_ADI,A,GND_2,1,GND,3
ADTR1107_13,,ADTR1107ACCZ,,CC-24-8_ADI,A,GND_3,3,GND,3
ADTR1107_13,,ADTR1107ACCZ,,CC-24-8_ADI,A,GND_4,4,GND,3
ADTR1107_13,,ADTR1107ACCZ,,CC-24-8_ADI,A,GND_5,6,GND,3
ADTR1107_13,,ADTR1107ACCZ,,CC-24-8_ADI,A,GND_6,11,GND,3
ADTR1107_13,,ADTR1107ACCZ,,CC-24-8_ADI,A,GND_7,13,GND,3
ADTR1107_13,,ADTR1107ACCZ,,CC-24-8_ADI,A,GND_8,14,GND,3
ADTR1107_13,,ADTR1107ACCZ,,CC-24-8_ADI,A,GND_9,15,GND,3
ADTR1107_13,,ADTR1107ACCZ,,CC-24-8_ADI,A,NIC,10,GND,3
ADTR1107_13,,ADTR1107ACCZ,,CC-24-8_ADI,A,NIC_2,9,GND,3
ADTR1107_13,,ADTR1107ACCZ,,CC-24-8_ADI,A,RX_OUT,2,RX4_4,3
ADTR1107_13,,ADTR1107ACCZ,,CC-24-8_ADI,A,TX_IN,5,TX4_4,3
ADTR1107_13,,ADTR1107ACCZ,,CC-24-8_ADI,A,VDD_LNA,24,+3V3_ADTR,3
ADTR1107_13,,ADTR1107ACCZ,,CC-24-8_ADI,A,VDD_PA,8,+5V0_PA_3,3
ADTR1107_13,,ADTR1107ACCZ,,CC-24-8_ADI,A,VDD_SW,19,+3V3_VDD_SW,3
ADTR1107_13,,ADTR1107ACCZ,,CC-24-8_ADI,A,VGG_LNA,23,LNA_BIAS_4,3
ADTR1107_13,,ADTR1107ACCZ,,CC-24-8_ADI,A,VGG_PA,7,PA_BIAS4_4,3
ADTR1107_13,,ADTR1107ACCZ,,CC-24-8_ADI,A,VSS_SW,21,-3V3_SW,3
ADTR1107_14,,ADTR1107ACCZ,,CC-24-8_ADI,A,ANT,17,ANT1_4,3
ADTR1107_14,,ADTR1107ACCZ,,CC-24-8_ADI,A,CPLR_OUT,12,DET1_4,3
ADTR1107_14,,ADTR1107ACCZ,,CC-24-8_ADI,A,CTRL_SW,20,TR_SW_POS_4,3
ADTR1107_14,,ADTR1107ACCZ,,CC-24-8_ADI,A,GND,25,GND,3
ADTR1107_14,,ADTR1107ACCZ,,CC-24-8_ADI,A,GND_10,16,GND,3
ADTR1107_14,,ADTR1107ACCZ,,CC-24-8_ADI,A,GND_11,18,GND,3
ADTR1107_14,,ADTR1107ACCZ,,CC-24-8_ADI,A,GND_12,22,GND,3
ADTR1107_14,,ADTR1107ACCZ,,CC-24-8_ADI,A,GND_2,1,GND,3
ADTR1107_14,,ADTR1107ACCZ,,CC-24-8_ADI,A,GND_3,3,GND,3
ADTR1107_14,,ADTR1107ACCZ,,CC-24-8_ADI,A,GND_4,4,GND,3
ADTR1107_14,,ADTR1107ACCZ,,CC-24-8_ADI,A,GND_5,6,GND,3
ADTR1107_14,,ADTR1107ACCZ,,CC-24-8_ADI,A,GND_6,11,GND,3
ADTR1107_14,,ADTR1107ACCZ,,CC-24-8_ADI,A,GND_7,13,GND,3
ADTR1107_14,,ADTR1107ACCZ,,CC-24-8_ADI,A,GND_8,14,GND,3
ADTR1107_14,,ADTR1107ACCZ,,CC-24-8_ADI,A,GND_9,15,GND,3
ADTR1107_14,,ADTR1107ACCZ,,CC-24-8_ADI,A,NIC,10,GND,3
ADTR1107_14,,ADTR1107ACCZ,,CC-24-8_ADI,A,NIC_2,9,GND,3
ADTR1107_14,,ADTR1107ACCZ,,CC-24-8_ADI,A,RX_OUT,2,RX1_4,3
ADTR1107_14,,ADTR1107ACCZ,,CC-24-8_ADI,A,TX_IN,5,TX1_4,3
ADTR1107_14,,ADTR1107ACCZ,,CC-24-8_ADI,A,VDD_LNA,24,+3V3_ADTR,3
ADTR1107_14,,ADTR1107ACCZ,,CC-24-8_ADI,A,VDD_PA,8,+5V0_PA_3,3
ADTR1107_14,,ADTR1107ACCZ,,CC-24-8_ADI,A,VDD_SW,19,+3V3_VDD_SW,3
ADTR1107_14,,ADTR1107ACCZ,,CC-24-8_ADI,A,VGG_LNA,23,LNA_BIAS_4,3
ADTR1107_14,,ADTR1107ACCZ,,CC-24-8_ADI,A,VGG_PA,7,PA_BIAS1_4,3
ADTR1107_14,,ADTR1107ACCZ,,CC-24-8_ADI,A,VSS_SW,21,-3V3_SW,3
ADTR1107_15,,ADTR1107ACCZ,,CC-24-8_ADI,A,ANT,17,ANT3_4,3
ADTR1107_15,,ADTR1107ACCZ,,CC-24-8_ADI,A,CPLR_OUT,12,DET3_4,3
ADTR1107_15,,ADTR1107ACCZ,,CC-24-8_ADI,A,CTRL_SW,20,TR_SW_POS_4,3
ADTR1107_15,,ADTR1107ACCZ,,CC-24-8_ADI,A,GND,25,GND,3
ADTR1107_15,,ADTR1107ACCZ,,CC-24-8_ADI,A,GND_10,16,GND,3
ADTR1107_15,,ADTR1107ACCZ,,CC-24-8_ADI,A,GND_11,18,GND,3
ADTR1107_15,,ADTR1107ACCZ,,CC-24-8_ADI,A,GND_12,22,GND,3
ADTR1107_15,,ADTR1107ACCZ,,CC-24-8_ADI,A,GND_2,1,GND,3
ADTR1107_15,,ADTR1107ACCZ,,CC-24-8_ADI,A,GND_3,3,GND,3
ADTR1107_15,,ADTR1107ACCZ,,CC-24-8_ADI,A,GND_4,4,GND,3
ADTR1107_15,,ADTR1107ACCZ,,CC-24-8_ADI,A,GND_5,6,GND,3
ADTR1107_15,,ADTR1107ACCZ,,CC-24-8_ADI,A,GND_6,11,GND,3
ADTR1107_15,,ADTR1107ACCZ,,CC-24-8_ADI,A,GND_7,13,GND,3
ADTR1107_15,,ADTR1107ACCZ,,CC-24-8_ADI,A,GND_8,14,GND,3
ADTR1107_15,,ADTR1107ACCZ,,CC-24-8_ADI,A,GND_9,15,GND,3
ADTR1107_15,,ADTR1107ACCZ,,CC-24-8_ADI,A,NIC,10,GND,3
ADTR1107_15,,ADTR1107ACCZ,,CC-24-8_ADI,A,NIC_2,9,GND,3
ADTR1107_15,,ADTR1107ACCZ,,CC-24-8_ADI,A,RX_OUT,2,RX3_4,3
ADTR1107_15,,ADTR1107ACCZ,,CC-24-8_ADI,A,TX_IN,5,TX3_4,3
ADTR1107_15,,ADTR1107ACCZ,,CC-24-8_ADI,A,VDD_LNA,24,+3V3_ADTR,3
ADTR1107_15,,ADTR1107ACCZ,,CC-24-8_ADI,A,VDD_PA,8,+5V0_PA_3,3
ADTR1107_15,,ADTR1107ACCZ,,CC-24-8_ADI,A,VDD_SW,19,+3V3_VDD_SW,3
ADTR1107_15,,ADTR1107ACCZ,,CC-24-8_ADI,A,VGG_LNA,23,LNA_BIAS_4,3
ADTR1107_15,,ADTR1107ACCZ,,CC-24-8_ADI,A,VGG_PA,7,PA_BIAS3_4,3
ADTR1107_15,,ADTR1107ACCZ,,CC-24-8_ADI,A,VSS_SW,21,-3V3_SW,3
ADTR1107_16,,ADTR1107ACCZ,,CC-24-8_ADI,A,ANT,17,ANT2_4,3
ADTR1107_16,,ADTR1107ACCZ,,CC-24-8_ADI,A,CPLR_OUT,12,DET2_4,3
ADTR1107_16,,ADTR1107ACCZ,,CC-24-8_ADI,A,CTRL_SW,20,TR_SW_POS_4,3
ADTR1107_16,,ADTR1107ACCZ,,CC-24-8_ADI,A,GND,25,GND,3
ADTR1107_16,,ADTR1107ACCZ,,CC-24-8_ADI,A,GND_10,16,GND,3
ADTR1107_16,,ADTR1107ACCZ,,CC-24-8_ADI,A,GND_11,18,GND,3
ADTR1107_16,,ADTR1107ACCZ,,CC-24-8_ADI,A,GND_12,22,GND,3
ADTR1107_16,,ADTR1107ACCZ,,CC-24-8_ADI,A,GND_2,1,GND,3
ADTR1107_16,,ADTR1107ACCZ,,CC-24-8_ADI,A,GND_3,3,GND,3
ADTR1107_16,,ADTR1107ACCZ,,CC-24-8_ADI,A,GND_4,4,GND,3
ADTR1107_16,,ADTR1107ACCZ,,CC-24-8_ADI,A,GND_5,6,GND,3
ADTR1107_16,,ADTR1107ACCZ,,CC-24-8_ADI,A,GND_6,11,GND,3
ADTR1107_16,,ADTR1107ACCZ,,CC-24-8_ADI,A,GND_7,13,GND,3
ADTR1107_16,,ADTR1107ACCZ,,CC-24-8_ADI,A,GND_8,14,GND,3
ADTR1107_16,,ADTR1107ACCZ,,CC-24-8_ADI,A,GND_9,15,GND,3
ADTR1107_16,,ADTR1107ACCZ,,CC-24-8_ADI,A,NIC,10,GND,3
ADTR1107_16,,ADTR1107ACCZ,,CC-24-8_ADI,A,NIC_2,9,GND,3
ADTR1107_16,,ADTR1107ACCZ,,CC-24-8_ADI,A,RX_OUT,2,RX2_4,3
ADTR1107_16,,ADTR1107ACCZ,,CC-24-8_ADI,A,TX_IN,5,TX2_4,3
ADTR1107_16,,ADTR1107ACCZ,,CC-24-8_ADI,A,VDD_LNA,24,+3V3_ADTR,3
ADTR1107_16,,ADTR1107ACCZ,,CC-24-8_ADI,A,VDD_PA,8,+5V0_PA_3,3
ADTR1107_16,,ADTR1107ACCZ,,CC-24-8_ADI,A,VDD_SW,19,+3V3_VDD_SW,3
ADTR1107_16,,ADTR1107ACCZ,,CC-24-8_ADI,A,VGG_LNA,23,LNA_BIAS_4,3
ADTR1107_16,,ADTR1107ACCZ,,CC-24-8_ADI,A,VGG_PA,7,PA_BIAS2_4,3
ADTR1107_16,,ADTR1107ACCZ,,CC-24-8_ADI,A,VSS_SW,21,-3V3_SW,3
C1,0.1uF,C,C0201,C0201,G$1,1,1,ADC_CLK_IN_P,3
C1,0.1uF,C,C0201,C0201,G$1,2,2,N$2_P,3
C2,0.1uF,C,C0201,C0201,G$1,1,1,ADC_CLK_IN_N,3
C2,0.1uF,C,C0201,C0201,G$1,2,2,N$2_N,3
C3,2.7pF,C-EU,C0402,C0402,G$1,1,1,N$4,3
C3,2.7pF,C-EU,C0402,C0402,G$1,2,2,N$43,3
C4,0.1uF,C,C0201,C0201,G$1,1,1,GND,3
C4,0.1uF,C,C0201,C0201,G$1,2,2,+1V8_CLOCK_F,3
C5,0.1uF,C,C0201,C0201,G$1,1,1,GND,3
C5,0.1uF,C,C0201,C0201,G$1,2,2,+1V8_CLOCK_F,3
C6,0.1uF,C,C0201,C0201,G$1,1,1,GND,3
C6,0.1uF,C,C0201,C0201,G$1,2,2,+1V8_CLOCK_F,3
C7,0.1uF,C,C0201,C0201,G$1,1,1,GND,3
C7,0.1uF,C,C0201,C0201,G$1,2,2,+1V8_CLOCK_F,3
C8,0.1uF,C,C0201,C0201,G$1,1,1,GND,3
C8,0.1uF,C,C0201,C0201,G$1,2,2,+1V8_CLOCK_F,3
C9,0.1uF,C,C0201,C0201,G$1,1,1,GND,3
C9,0.1uF,C,C0201,C0201,G$1,2,2,+1V8_CLOCK_F,3
C10,0.1uF,C,C0201,C0201,G$1,1,1,GND,3
C10,0.1uF,C,C0201,C0201,G$1,2,2,+1V8_CLOCK_F,3
C11,0.1uF,C,C0201,C0201,G$1,1,1,GND,3
C11,0.1uF,C,C0201,C0201,G$1,2,2,+1V8_CLOCK_F,3
C12,0.1uF,C,C0201,C0201,G$1,1,1,GND,3
C12,0.1uF,C,C0201,C0201,G$1,2,2,+1V8_CLOCK_F,3
C13,0.1uF,C,C0201,C0201,G$1,1,1,GND,3
C13,0.1uF,C,C0201,C0201,G$1,2,2,+1V8_CLOCK_F,3
C14,0.1uF,C,C0201,C0201,G$1,1,1,GND,3
C14,0.1uF,C,C0201,C0201,G$1,2,2,+1V8_CLOCK_F,3
C15,0.1uF,C,C0201,C0201,G$1,1,1,GND,3
C15,0.1uF,C,C0201,C0201,G$1,2,2,+1V8_FPGA,3
C16,0.1uF,C,C0201,C0201,G$1,1,1,GND,3
C16,0.1uF,C,C0201,C0201,G$1,2,2,+1V8_FPGA,3
C17,47uF,C,C0201,C0201,G$1,1,1,GND,2
C17,47uF,C,C0201,C0201,G$1,2,2,+3V3_FPGA,2
C18,2.7pF,C,C0201,C0201,G$1,1,1,STM32_OSC_32_N,2
C18,2.7pF,C,C0201,C0201,G$1,2,2,GND,2
C19,2.7pF,C,C0201,C0201,G$1,1,1,STM32_OSC_32_P,2
C19,2.7pF,C,C0201,C0201,G$1,2,2,GND,2
C20,4.3pF,C,C0201,C0201,G$1,1,1,STM32_OSC_N,2
C20,4.3pF,C,C0201,C0201,G$1,2,2,GND,2
C21,4.3pF,C,C0201,C0201,G$1,1,1,STM32_OSC_P,2
C21,4.3pF,C,C0201,C0201,G$1,2,2,GND,2
C22,2.2uF,C,C0201,C0201,G$1,1,1,N$8,2
C22,2.2uF,C,C0201,C0201,G$1,2,2,GND,2
C23,2.2uF,C,C0201,C0201,G$1,1,1,N$7,2
C23,2.2uF,C,C0201,C0201,G$1,2,2,GND,2
C24,100nF,C,C0201,C0201,G$1,1,1,N$9,2
C24,100nF,C,C0201,C0201,G$1,2,2,GND,2
C25,100nF,C,C0201,C0201,G$1,1,1,+3V3,2
C25,100nF,C,C0201,C0201,G$1,2,2,GND,2
C26,100nF,C,C0201,C0201,G$1,1,1,+3V3,2
C26,100nF,C,C0201,C0201,G$1,2,2,GND,2
C27,100nF,C,C0201,C0201,G$1,1,1,+3V3,2
C27,100nF,C,C0201,C0201,G$1,2,2,GND,2
C28,100nF,C,C0201,C0201,G$1,1,1,+3V3,2
C28,100nF,C,C0201,C0201,G$1,2,2,GND,2
C29,100nF,C,C0201,C0201,G$1,1,1,+3V3,2
C29,100nF,C,C0201,C0201,G$1,2,2,GND,2
C30,100nF,C,C0201,C0201,G$1,1,1,+3V3,2
C30,100nF,C,C0201,C0201,G$1,2,2,GND,2
C31,47nF,C,C0201,C0201,G$1,1,1,+3V3,2
C31,47nF,C,C0201,C0201,G$1,2,2,GND,2
C32,100nF,C,C0201,C0201,G$1,1,1,+3V3,2
C32,100nF,C,C0201,C0201,G$1,2,2,GND,2
C33,100nF,C,C0201,C0201,G$1,1,1,+3V3,2
C33,100nF,C,C0201,C0201,G$1,2,2,GND,2
C34,100nF,C,C0201,C0201,G$1,1,1,+3V3,2
C34,100nF,C,C0201,C0201,G$1,2,2,GND,2
C35,100nF,C,C0201,C0201,G$1,1,1,+3V3,2
C35,100nF,C,C0201,C0201,G$1,2,2,GND,2
C36,0.1uF,C,C0201,C0201,G$1,1,1,GND,3
C36,0.1uF,C,C0201,C0201,G$1,2,2,+1V8_FPGA,3
C37,10uF,C,C0201,C0201,G$1,1,1,+3V3_FPGA,3
C37,10uF,C,C0201,C0201,G$1,2,2,GND,3
C38,0.1uF,C,C0201,C0201,G$1,1,1,N$37,3
C38,0.1uF,C,C0201,C0201,G$1,2,2,GND,3
C39,0.1uF,C,C0201,C0201,G$1,1,1,N$96,3
C39,0.1uF,C,C0201,C0201,G$1,2,2,DAC_AVDD,3
C40,10uF,C,C0201,C0201,G$1,1,1,+3V3_AN,3
C40,10uF,C,C0201,C0201,G$1,2,2,GND,3
C41,0.1uF,C,C0201,C0201,G$1,1,1,+3V3_FPGA,3
C41,0.1uF,C,C0201,C0201,G$1,2,2,GND,3
C42,0.1uF,C,C0201,C0201,G$1,1,1,+3V3_AN,3
C42,0.1uF,C,C0201,C0201,G$1,2,2,GND,3
C43,0.2pF,C-EU,C0201,C0201,G$1,1,1,N$15,3
C43,0.2pF,C-EU,C0201,C0201,G$1,2,2,N$5,3
C44,0.1uF,C,C0201,C0201,G$1,1,1,N$56,3
C44,0.1uF,C,C0201,C0201,G$1,2,2,ADC_IF_IN_P,3
C45,0.1uF,C,C0201,C0201,G$1,1,1,N$65,3
C45,0.1uF,C,C0201,C0201,G$1,2,2,ADC_IF_IN_N,3
C46,0.1uF,C,C0201,C0201,G$1,1,1,GND,3
C46,0.1uF,C,C0201,C0201,G$1,2,2,N$67,3
C47,0.1uF,C,C0201,C0201,G$1,1,1,GND,3
C47,0.1uF,C,C0201,C0201,G$1,2,2,N$51,3
C48,0.1µF,C-EU,C0402,C0402,G$1,1,1,AMP_IF_IN_N,3
C48,0.1µF,C-EU,C0402,C0402,G$1,2,2,N$73,3
C49,0.1µF,C-EU,C0402,C0402,G$1,1,1,N$78,3
C49,0.1µF,C-EU,C0402,C0402,G$1,2,2,AMP_IF_IN_P,3
C50,100nF,C,C0201,C0201,G$1,1,1,GND,2
C50,100nF,C,C0201,C0201,G$1,2,2,+3V3_FPGA,2
C51,0.1uF,C,C0201,C0201,G$1,1,1,N$104,3
C51,0.1uF,C,C0201,C0201,G$1,2,2,AMP_IF_IN_P,3
C52,0.1uF,C,C0201,C0201,G$1,1,1,N$105,3
C52,0.1uF,C,C0201,C0201,G$1,2,2,AMP_IF_IN_N,3
C53,0.1uF,C,C0201,C0201,G$1,1,1,GND,3
C53,0.1uF,C,C0201,C0201,G$1,2,2,N$110,3
C54,0.6pF,C-EU,C0201,C0201,G$1,1,1,N$86,3
C54,0.6pF,C-EU,C0201,C0201,G$1,2,2,N$85,3
C55,47uF,C,C0201,C0201,G$1,1,1,GND,2
C55,47uF,C,C0201,C0201,G$1,2,2,+3V3_FPGA,2
C56,0.1uF,C,C0201,C0201,G$1,1,1,GND,3
C56,0.1uF,C,C0201,C0201,G$1,2,2,N$102,3
C57,0.1µF,C-EU,C0402,C0402,G$1,1,1,AMP_IN_N,3
C57,0.1µF,C-EU,C0402,C0402,G$1,2,2,N$111,3
C58,0.1µF,C-EU,C0402,C0402,G$1,1,1,N$112,3
C58,0.1µF,C-EU,C0402,C0402,G$1,2,2,AMP_IN_P,3
C59,32.8pF,C,C0201,C0201,G$1,1,1,DAC_IOUT_F_P,3
C59,32.8pF,C,C0201,C0201,G$1,2,2,DAC_IOUT_F_N,3
C60,103pF,C,C0201,C0201,G$1,1,1,N$300,3
C60,103pF,C,C0201,C0201,G$1,2,2,N$305,3
C61,7.8pF,C,C0201,C0201,G$1,1,1,N$58,3
C61,7.8pF,C,C0201,C0201,G$1,2,2,N$300,3
C62,7.8pF,C,C0201,C0201,G$1,1,1,N$62,3
C62,7.8pF,C,C0201,C0201,G$1,2,2,N$305,3
C63,103pF,C,C0201,C0201,G$1,1,1,N$113,3
C63,103pF,C,C0201,C0201,G$1,2,2,N$125,3
C64,25pF,C,C0201,C0201,G$1,1,1,N$71,3
C64,25pF,C,C0201,C0201,G$1,2,2,N$113,3
C65,25pF,C,C0201,C0201,G$1,1,1,N$82,3
C65,25pF,C,C0201,C0201,G$1,2,2,N$125,3
C66,100pF,C,C0201,C0201,G$1,1,1,-3V4,3
C66,100pF,C,C0201,C0201,G$1,2,2,GND,3
C67,0.1uF,C,C0201,C0201,G$1,1,1,-3V4,3
C67,0.1uF,C,C0201,C0201,G$1,2,2,GND,3
C68,100pF,C,C0201,C0201,G$1,1,1,+3V4,3
C68,100pF,C,C0201,C0201,G$1,2,2,GND,3
C69,0.1uF,C,C0201,C0201,G$1,1,1,+3V4,3
C69,0.1uF,C,C0201,C0201,G$1,2,2,GND,3
C70,1pF,C,C0201,C0201,G$1,1,1,N$128,3
C70,1pF,C,C0201,C0201,G$1,2,2,N$74,3
C71,1pF,C,C0201,C0201,G$1,1,1,N$127,3
C71,1pF,C,C0201,C0201,G$1,2,2,N$129,3
C72,1pF,C,C0201,C0201,G$1,1,1,N$100,3
C72,1pF,C,C0201,C0201,G$1,2,2,ANT1_1,3
C73,100pF,C,C0201,C0201,G$1,1,1,-3V4,3
C73,100pF,C,C0201,C0201,G$1,2,2,GND,3
C74,0.1uF,C,C0201,C0201,G$1,1,1,-3V4,3
C74,0.1uF,C,C0201,C0201,G$1,2,2,GND,3
C75,10µF,C-EU,C0805,C0805,G$1,1,1,+3V3_AN3_F,1
C75,10µF,C-EU,C0805,C0805,G$1,2,2,GND,1
C76,100nF,C-EU,C0402,C0402,G$1,1,1,+3V3_AN3_F,1
C76,100nF,C-EU,C0402,C0402,G$1,2,2,GND,1
C77,10µF,C-EU,C0805,C0805,G$1,1,1,+3V3_AN4_F,1
C77,10µF,C-EU,C0805,C0805,G$1,2,2,GND,1
C78,100nF,C-EU,C0402,C0402,G$1,1,1,+3V3_AN4_F,1
C78,100nF,C-EU,C0402,C0402,G$1,2,2,GND,1
C79,100pF,C,C0201,C0201,G$1,1,1,-3V4,3
C79,100pF,C,C0201,C0201,G$1,2,2,GND,3
C80,0.1uF,C,C0201,C0201,G$1,1,1,-3V4,3
C80,0.1uF,C,C0201,C0201,G$1,2,2,GND,3
C81,100pF,C,C0201,C0201,G$1,1,1,+3V4,3
C81,100pF,C,C0201,C0201,G$1,2,2,GND,3
C82,0.1uF,C,C0201,C0201,G$1,1,1,+3V4,3
C82,0.1uF,C,C0201,C0201,G$1,2,2,GND,3
C83,1pF,C,C0201,C0201,G$1,1,1,RF_TX_FIL,3
C83,1pF,C,C0201,C0201,G$1,2,2,N$21,3
C84,1pF,C,C0201,C0201,G$1,1,1,N$38,3
C84,1pF,C,C0201,C0201,G$1,2,2,RF_RX_FIL,3
C85,1pF,C,C0201,C0201,G$1,1,1,N$26,3
C85,1pF,C,C0201,C0201,G$1,2,2,RF_IO,3
C86,1uF,C,C0201,C0201,G$1,1,1,N$45,3
C86,1uF,C,C0201,C0201,G$1,2,2,GND,3
C87,1uF,C,C0201,C0201,G$1,1,1,N$42,3
C87,1uF,C,C0201,C0201,G$1,2,2,GND,3
C88,1uF,C,C0201,C0201,G$1,1,1,N$77,3
C88,1uF,C,C0201,C0201,G$1,2,2,GND,3
C89,1uF,C,C0201,C0201,G$1,1,1,N$76,3
C89,1uF,C,C0201,C0201,G$1,2,2,GND,3
C90,1uF,C,C0201,C0201,G$1,1,1,N$79,3
C90,1uF,C,C0201,C0201,G$1,2,2,GND,3
C91,1uF,C,C0201,C0201,G$1,1,1,N$66,3
C91,1uF,C,C0201,C0201,G$1,2,2,GND,3
C92,1uF,C,C0201,C0201,G$1,1,1,N$46,3
C92,1uF,C,C0201,C0201,G$1,2,2,GND,3
C93,1uF,C,C0201,C0201,G$1,1,1,N$53,3
C93,1uF,C,C0201,C0201,G$1,2,2,GND,3
C94,1uF,C,C0201,C0201,G$1,1,1,N$60,3
C94,1uF,C,C0201,C0201,G$1,2,2,GND,3
C95,1uF,C,C0201,C0201,G$1,1,1,N$59,3
C95,1uF,C,C0201,C0201,G$1,2,2,GND,3
C96,1uF,C,C0201,C0201,G$1,1,1,N$61,3
C96,1uF,C,C0201,C0201,G$1,2,2,GND,3
C97,1uF,C,C0201,C0201,G$1,1,1,N$63,3
C97,1uF,C,C0201,C0201,G$1,2,2,GND,3
C98,1uF,C,C0201,C0201,G$1,1,1,N$69,3
C98,1uF,C,C0201,C0201,G$1,2,2,GND,3
C99,1uF,C,C0201,C0201,G$1,1,1,N$68,3
C99,1uF,C,C0201,C0201,G$1,2,2,GND,3
C100,1uF,C,C0201,C0201,G$1,1,1,N$70,3
C100,1uF,C,C0201,C0201,G$1,2,2,GND,3
C101,1uF,C,C0201,C0201,G$1,1,1,N$75,3
C101,1uF,C,C0201,C0201,G$1,2,2,GND,3
C102,10nF,C,C0201,C0201,G$1,1,1,PA_BIAS2_1,3
C102,10nF,C,C0201,C0201,G$1,2,2,GND,3
C103,10nF,C,C0201,C0201,G$1,1,1,PA_BIAS1_1,3
C103,10nF,C,C0201,C0201,G$1,2,2,GND,3
C104,10nF,C,C0201,C0201,G$1,1,1,PA_BIAS4_1,3
C104,10nF,C,C0201,C0201,G$1,2,2,GND,3
C105,10nF,C,C0201,C0201,G$1,1,1,PA_BIAS3_1,3
C105,10nF,C,C0201,C0201,G$1,2,2,GND,3
C106,10nF,C,C0201,C0201,G$1,1,1,PA_BIAS2_2,3
C106,10nF,C,C0201,C0201,G$1,2,2,GND,3
C107,10nF,C,C0201,C0201,G$1,1,1,PA_BIAS1_2,3
C107,10nF,C,C0201,C0201,G$1,2,2,GND,3
C108,4.7uF,C,C0201,C0201,G$1,1,1,GND,2
C108,4.7uF,C,C0201,C0201,G$1,2,2,+3V3_FPGA,2
C109,4.7uF,C,C0201,C0201,G$1,1,1,GND,2
C109,4.7uF,C,C0201,C0201,G$1,2,2,+3V3_FPGA,2
C110,0.47uF,C,C0201,C0201,G$1,1,1,GND,2
C110,0.47uF,C,C0201,C0201,G$1,2,2,+3V3_FPGA,2
C111,0.47uF,C,C0201,C0201,G$1,1,1,GND,2
C111,0.47uF,C,C0201,C0201,G$1,2,2,+3V3_FPGA,2
C112,0.47uF,C,C0201,C0201,G$1,1,1,GND,2
C112,0.47uF,C,C0201,C0201,G$1,2,2,+3V3_FPGA,2
C113,0.47uF,C,C0201,C0201,G$1,1,1,GND,2
C113,0.47uF,C,C0201,C0201,G$1,2,2,+3V3_FPGA,2
C114,10nF,C,C0201,C0201,G$1,1,1,PA_BIAS3_2,3
C114,10nF,C,C0201,C0201,G$1,2,2,GND,3
C115,10nF,C,C0201,C0201,G$1,1,1,PA_BIAS4_2,3
C115,10nF,C,C0201,C0201,G$1,2,2,GND,3
C116,10nF,C,C0201,C0201,G$1,1,1,PA_BIAS1_3,3
C116,10nF,C,C0201,C0201,G$1,2,2,GND,3
C117,10nF,C,C0201,C0201,G$1,1,1,PA_BIAS2_3,3
C117,10nF,C,C0201,C0201,G$1,2,2,GND,3
C118,10nF,C,C0201,C0201,G$1,1,1,PA_BIAS3_3,3
C118,10nF,C,C0201,C0201,G$1,2,2,GND,3
C119,10nF,C,C0201,C0201,G$1,1,1,PA_BIAS4_3,3
C119,10nF,C,C0201,C0201,G$1,2,2,GND,3
C120,10nF,C,C0201,C0201,G$1,1,1,PA_BIAS1_4,3
C120,10nF,C,C0201,C0201,G$1,2,2,GND,3
C121,10nF,C,C0201,C0201,G$1,1,1,PA_BIAS2_4,3
C121,10nF,C,C0201,C0201,G$1,2,2,GND,3
C122,10nF,C,C0201,C0201,G$1,1,1,PA_BIAS3_4,3
C122,10nF,C,C0201,C0201,G$1,2,2,GND,3
C123,10nF,C,C0201,C0201,G$1,1,1,PA_BIAS4_4,3
C123,10nF,C,C0201,C0201,G$1,2,2,GND,3
C124,100pF,C,C0201,C0201,G$1,1,1,+3V4,3
C124,100pF,C,C0201,C0201,G$1,2,2,GND,3
C125,0.1uF,C,C0201,C0201,G$1,1,1,+3V4,3
C125,0.1uF,C,C0201,C0201,G$1,2,2,GND,3
C126,1pF,C,C0201,C0201,G$1,1,1,N$133,3
C126,1pF,C,C0201,C0201,G$1,2,2,N$130,3
C127,32.8pF,C,C0201,C0201,G$1,1,1,DAC_IOUT_P,3
C127,32.8pF,C,C0201,C0201,G$1,2,2,DAC_IOUT_N,3
C128,1pF,C,C0201,C0201,G$1,1,1,N$132,3
C128,1pF,C,C0201,C0201,G$1,2,2,N$134,3
C129,1pF,C,C0201,C0201,G$1,1,1,N$131,3
C129,1pF,C,C0201,C0201,G$1,2,2,ANT2_1,3
C130,100pF,C,C0201,C0201,G$1,1,1,-3V4,3
C130,100pF,C,C0201,C0201,G$1,2,2,GND,3
C131,0.1uF,C,C0201,C0201,G$1,1,1,-3V4,3
C131,0.1uF,C,C0201,C0201,G$1,2,2,GND,3
C132,100pF,C,C0201,C0201,G$1,1,1,+3V4,3
C132,100pF,C,C0201,C0201,G$1,2,2,GND,3
C133,0.1uF,C,C0201,C0201,G$1,1,1,+3V4,3
C133,0.1uF,C,C0201,C0201,G$1,2,2,GND,3
C134,1pF,C,C0201,C0201,G$1,1,1,N$138,3
C134,1pF,C,C0201,C0201,G$1,2,2,N$135,3
C135,1pF,C,C0201,C0201,G$1,1,1,N$137,3
C135,1pF,C,C0201,C0201,G$1,2,2,N$139,3
C136,1pF,C,C0201,C0201,G$1,1,1,N$136,3
C136,1pF,C,C0201,C0201,G$1,2,2,ANT3_1,3
C137,100pF,C,C0201,C0201,G$1,1,1,-3V4,3
C137,100pF,C,C0201,C0201,G$1,2,2,GND,3
C138,0.1uF,C,C0201,C0201,G$1,1,1,-3V4,3
C138,0.1uF,C,C0201,C0201,G$1,2,2,GND,3
C139,100pF,C,C0201,C0201,G$1,1,1,+3V4,3
C139,100pF,C,C0201,C0201,G$1,2,2,GND,3
C140,0.1uF,C,C0201,C0201,G$1,1,1,+3V4,3
C140,0.1uF,C,C0201,C0201,G$1,2,2,GND,3
C141,106pF,C,C0201,C0201,G$1,1,1,N$99,3
C141,106pF,C,C0201,C0201,G$1,2,2,N$101,3
C142,1pF,C,C0201,C0201,G$1,1,1,N$143,3
C142,1pF,C,C0201,C0201,G$1,2,2,N$140,3
C143,1pF,C,C0201,C0201,G$1,1,1,N$142,3
C143,1pF,C,C0201,C0201,G$1,2,2,N$144,3
C144,1pF,C,C0201,C0201,G$1,1,1,N$141,3
C144,1pF,C,C0201,C0201,G$1,2,2,ANT4_1,3
C145,100pF,C,C0201,C0201,G$1,1,1,-3V4,3
C145,100pF,C,C0201,C0201,G$1,2,2,GND,3
C146,0.1uF,C,C0201,C0201,G$1,1,1,-3V4,3
C146,0.1uF,C,C0201,C0201,G$1,2,2,GND,3
C147,100pF,C,C0201,C0201,G$1,1,1,+3V4,3
C147,100pF,C,C0201,C0201,G$1,2,2,GND,3
C148,0.1uF,C,C0201,C0201,G$1,1,1,+3V4,3
C148,0.1uF,C,C0201,C0201,G$1,2,2,GND,3
C149,1pF,C,C0201,C0201,G$1,1,1,N$148,3
C149,1pF,C,C0201,C0201,G$1,2,2,N$145,3
C150,1pF,C,C0201,C0201,G$1,1,1,N$147,3
C150,1pF,C,C0201,C0201,G$1,2,2,N$149,3
C151,1pF,C,C0201,C0201,G$1,1,1,N$146,3
C151,1pF,C,C0201,C0201,G$1,2,2,ANT1_2,3
C152,100pF,C,C0201,C0201,G$1,1,1,-3V4,3
C152,100pF,C,C0201,C0201,G$1,2,2,GND,3
C153,4.7uF,C,C0201,C0201,G$1,1,1,GND,2
C153,4.7uF,C,C0201,C0201,G$1,2,2,+3V3_FPGA,2
C154,4.7uF,C,C0201,C0201,G$1,1,1,GND,2
C154,4.7uF,C,C0201,C0201,G$1,2,2,+3V3_FPGA,2
C155,0.47uF,C,C0201,C0201,G$1,1,1,GND,2
C155,0.47uF,C,C0201,C0201,G$1,2,2,+3V3_FPGA,2
C156,0.47uF,C,C0201,C0201,G$1,1,1,GND,2
C156,0.47uF,C,C0201,C0201,G$1,2,2,+3V3_FPGA,2
C157,0.47uF,C,C0201,C0201,G$1,1,1,GND,2
C157,0.47uF,C,C0201,C0201,G$1,2,2,+3V3_FPGA,2
C158,0.47uF,C,C0201,C0201,G$1,1,1,GND,2
C158,0.47uF,C,C0201,C0201,G$1,2,2,+3V3_FPGA,2
C159,22µF,C-EU,C1206,C1206,G$1,1,1,+3V3_FPGA,2
C159,22µF,C-EU,C1206,C1206,G$1,2,2,GND,2
C160,0.1uF,C,C0201,C0201,G$1,1,1,-3V4,3
C160,0.1uF,C,C0201,C0201,G$1,2,2,GND,3
C161,100pF,C,C0201,C0201,G$1,1,1,+3V4,3
C161,100pF,C,C0201,C0201,G$1,2,2,GND,3
C162,0.1uF,C,C0201,C0201,G$1,1,1,+3V4,3
C162,0.1uF,C,C0201,C0201,G$1,2,2,GND,3
C163,1pF,C,C0201,C0201,G$1,1,1,N$153,3
C163,1pF,C,C0201,C0201,G$1,2,2,N$150,3
C164,2.2uF,C,C0201,C0201,G$1,1,1,GND,2
C164,2.2uF,C,C0201,C0201,G$1,2,2,STM32_NRST,2
C165,1pF,C,C0201,C0201,G$1,1,1,N$152,3
C165,1pF,C,C0201,C0201,G$1,2,2,N$154,3
C166,1pF,C,C0201,C0201,G$1,1,1,N$151,3
C166,1pF,C,C0201,C0201,G$1,2,2,ANT2_2,3
C167,100pF,C,C0201,C0201,G$1,1,1,-3V4,3
C167,100pF,C,C0201,C0201,G$1,2,2,GND,3
C168,0.1uF,C,C0201,C0201,G$1,1,1,-3V4,3
C168,0.1uF,C,C0201,C0201,G$1,2,2,GND,3
C169,100pF,C,C0201,C0201,G$1,1,1,+3V4,3
C169,100pF,C,C0201,C0201,G$1,2,2,GND,3
C170,0.1uF,C,C0201,C0201,G$1,1,1,+3V4,3
C170,0.1uF,C,C0201,C0201,G$1,2,2,GND,3
C171,1pF,C,C0201,C0201,G$1,1,1,N$158,3
C171,1pF,C,C0201,C0201,G$1,2,2,N$155,3
C172,1pF,C,C0201,C0201,G$1,1,1,N$157,3
C172,1pF,C,C0201,C0201,G$1,2,2,N$159,3
C173,1pF,C,C0201,C0201,G$1,1,1,N$156,3
C173,1pF,C,C0201,C0201,G$1,2,2,ANT3_2,3
C174,100pF,C,C0201,C0201,G$1,1,1,-3V4,3
C174,100pF,C,C0201,C0201,G$1,2,2,GND,3
C175,0.1uF,C,C0201,C0201,G$1,1,1,-3V4,3
C175,0.1uF,C,C0201,C0201,G$1,2,2,GND,3
C176,47uF,C,C0201,C0201,G$1,1,1,GND,2
C176,47uF,C,C0201,C0201,G$1,2,2,+3V3_FPGA,2
C177,4.7uF,C,C0201,C0201,G$1,1,1,GND,2
C177,4.7uF,C,C0201,C0201,G$1,2,2,+3V3_FPGA,2
C178,4.7uF,C,C0201,C0201,G$1,1,1,GND,2
C178,4.7uF,C,C0201,C0201,G$1,2,2,+3V3_FPGA,2
C179,0.47uF,C,C0201,C0201,G$1,1,1,GND,2
C179,0.47uF,C,C0201,C0201,G$1,2,2,+3V3_FPGA,2
C180,0.47uF,C,C0201,C0201,G$1,1,1,GND,2
C180,0.47uF,C,C0201,C0201,G$1,2,2,+3V3_FPGA,2
C181,0.47uF,C,C0201,C0201,G$1,1,1,GND,2
C181,0.47uF,C,C0201,C0201,G$1,2,2,+3V3_FPGA,2
C182,0.47uF,C,C0201,C0201,G$1,1,1,GND,2
C182,0.47uF,C,C0201,C0201,G$1,2,2,+3V3_FPGA,2
C183,100pF,C,C0201,C0201,G$1,1,1,+3V4,3
C183,100pF,C,C0201,C0201,G$1,2,2,GND,3
C184,10µF,C-EU,C0805,C0805,G$1,1,1,+3V3_FT,2
C184,10µF,C-EU,C0805,C0805,G$1,2,2,GND,2
C185,100nF,C-EU,C0402,C0402,G$1,1,1,+3V3_FT,2
C185,100nF,C-EU,C0402,C0402,G$1,2,2,GND,2
C186,1nF,C-EU,C0402,C0402,G$1,1,1,+3V3_FT,2
C186,1nF,C-EU,C0402,C0402,G$1,2,2,GND,2
C196,0.1uF,C,C0201,C0201,G$1,1,1,+3V4,3
C196,0.1uF,C,C0201,C0201,G$1,2,2,GND,3
C197,1pF,C,C0201,C0201,G$1,1,1,N$163,3
C197,1pF,C,C0201,C0201,G$1,2,2,N$160,3
C198,1pF,C,C0201,C0201,G$1,1,1,N$162,3
C198,1pF,C,C0201,C0201,G$1,2,2,N$164,3
C199,1pF,C,C0201,C0201,G$1,1,1,N$161,3
C199,1pF,C,C0201,C0201,G$1,2,2,ANT4_2,3
C200,100pF,C,C0201,C0201,G$1,1,1,-3V4,3
C200,100pF,C,C0201,C0201,G$1,2,2,GND,3
C201,0.1uF,C,C0201,C0201,G$1,1,1,-3V4,3
C201,0.1uF,C,C0201,C0201,G$1,2,2,GND,3
C202,100pF,C,C0201,C0201,G$1,1,1,+3V4,3
C202,100pF,C,C0201,C0201,G$1,2,2,GND,3
C203,0.1uF,C,C0201,C0201,G$1,1,1,+3V4,3
C203,0.1uF,C,C0201,C0201,G$1,2,2,GND,3
C204,1pF,C,C0201,C0201,G$1,1,1,N$168,3
C204,1pF,C,C0201,C0201,G$1,2,2,N$165,3
C205,1pF,C,C0201,C0201,G$1,1,1,N$167,3
C205,1pF,C,C0201,C0201,G$1,2,2,N$169,3
C206,1pF,C,C0201,C0201,G$1,1,1,N$166,3
C206,1pF,C,C0201,C0201,G$1,2,2,ANT1_3,3
C207,100pF,C,C0201,C0201,G$1,1,1,-3V4,3
C207,100pF,C,C0201,C0201,G$1,2,2,GND,3
C208,0.1uF,C,C0201,C0201,G$1,1,1,-3V4,3
C208,0.1uF,C,C0201,C0201,G$1,2,2,GND,3
C209,100pF,C,C0201,C0201,G$1,1,1,+3V4,3
C209,100pF,C,C0201,C0201,G$1,2,2,GND,3
C210,0.1uF,C,C0201,C0201,G$1,1,1,+3V4,3
C210,0.1uF,C,C0201,C0201,G$1,2,2,GND,3
C211,1pF,C,C0201,C0201,G$1,1,1,N$173,3
C211,1pF,C,C0201,C0201,G$1,2,2,N$170,3
C212,1pF,C,C0201,C0201,G$1,1,1,N$172,3
C212,1pF,C,C0201,C0201,G$1,2,2,N$174,3
C213,1pF,C,C0201,C0201,G$1,1,1,N$171,3
C213,1pF,C,C0201,C0201,G$1,2,2,ANT2_3,3
C214,100pF,C,C0201,C0201,G$1,1,1,-3V4,3
C214,100pF,C,C0201,C0201,G$1,2,2,GND,3
C215,0.1uF,C,C0201,C0201,G$1,1,1,-3V4,3
C215,0.1uF,C,C0201,C0201,G$1,2,2,GND,3
C216,100pF,C,C0201,C0201,G$1,1,1,+3V4,3
C216,100pF,C,C0201,C0201,G$1,2,2,GND,3
C217,0.1uF,C,C0201,C0201,G$1,1,1,+3V4,3
C217,0.1uF,C,C0201,C0201,G$1,2,2,GND,3
C218,1pF,C,C0201,C0201,G$1,1,1,N$178,3
C218,1pF,C,C0201,C0201,G$1,2,2,N$175,3
C219,1pF,C,C0201,C0201,G$1,1,1,N$177,3
C219,1pF,C,C0201,C0201,G$1,2,2,N$179,3
C220,1pF,C,C0201,C0201,G$1,1,1,N$176,3
C220,1pF,C,C0201,C0201,G$1,2,2,ANT3_3,3
C221,100pF,C,C0201,C0201,G$1,1,1,-3V4,3
C221,100pF,C,C0201,C0201,G$1,2,2,GND,3
C222,0.1uF,C,C0201,C0201,G$1,1,1,-3V4,3
C222,0.1uF,C,C0201,C0201,G$1,2,2,GND,3
C223,100pF,C,C0201,C0201,G$1,1,1,+3V4,3
C223,100pF,C,C0201,C0201,G$1,2,2,GND,3
C224,0.1uF,C,C0201,C0201,G$1,1,1,+3V4,3
C224,0.1uF,C,C0201,C0201,G$1,2,2,GND,3
C225,1pF,C,C0201,C0201,G$1,1,1,N$183,3
C225,1pF,C,C0201,C0201,G$1,2,2,N$180,3
C226,1pF,C,C0201,C0201,G$1,1,1,N$182,3
C226,1pF,C,C0201,C0201,G$1,2,2,N$184,3
C227,1pF,C,C0201,C0201,G$1,1,1,N$181,3
C227,1pF,C,C0201,C0201,G$1,2,2,ANT4_3,3
C228,100pF,C,C0201,C0201,G$1,1,1,-3V4,3
C228,100pF,C,C0201,C0201,G$1,2,2,GND,3
C229,0.1uF,C,C0201,C0201,G$1,1,1,-3V4,3
C229,0.1uF,C,C0201,C0201,G$1,2,2,GND,3
C230,100pF,C,C0201,C0201,G$1,1,1,+3V4,3
C230,100pF,C,C0201,C0201,G$1,2,2,GND,3
C231,0.1uF,C,C0201,C0201,G$1,1,1,+3V4,3
C231,0.1uF,C,C0201,C0201,G$1,2,2,GND,3
C232,1pF,C,C0201,C0201,G$1,1,1,N$188,3
C232,1pF,C,C0201,C0201,G$1,2,2,N$185,3
C233,1pF,C,C0201,C0201,G$1,1,1,N$187,3
C233,1pF,C,C0201,C0201,G$1,2,2,N$189,3
C234,1pF,C,C0201,C0201,G$1,1,1,N$186,3
C234,1pF,C,C0201,C0201,G$1,2,2,ANT1_4,3
C235,100pF,C,C0201,C0201,G$1,1,1,-3V4,3
C235,100pF,C,C0201,C0201,G$1,2,2,GND,3
C236,0.1uF,C,C0201,C0201,G$1,1,1,-3V4,3
C236,0.1uF,C,C0201,C0201,G$1,2,2,GND,3
C237,100pF,C,C0201,C0201,G$1,1,1,+3V4,3
C237,100pF,C,C0201,C0201,G$1,2,2,GND,3
C238,0.1uF,C,C0201,C0201,G$1,1,1,+3V4,3
C238,0.1uF,C,C0201,C0201,G$1,2,2,GND,3
C239,1pF,C,C0201,C0201,G$1,1,1,N$193,3
C239,1pF,C,C0201,C0201,G$1,2,2,N$190,3
C240,1pF,C,C0201,C0201,G$1,1,1,N$192,3
C240,1pF,C,C0201,C0201,G$1,2,2,N$194,3
C241,1pF,C,C0201,C0201,G$1,1,1,N$191,3
C241,1pF,C,C0201,C0201,G$1,2,2,ANT2_4,3
C242,100pF,C,C0201,C0201,G$1,1,1,-3V4,3
C242,100pF,C,C0201,C0201,G$1,2,2,GND,3
C243,0.1uF,C,C0201,C0201,G$1,1,1,-3V4,3
C243,0.1uF,C,C0201,C0201,G$1,2,2,GND,3
C244,100pF,C,C0201,C0201,G$1,1,1,+3V4,3
C244,100pF,C,C0201,C0201,G$1,2,2,GND,3
C245,0.1uF,C,C0201,C0201,G$1,1,1,+3V4,3
C245,0.1uF,C,C0201,C0201,G$1,2,2,GND,3
C246,1pF,C,C0201,C0201,G$1,1,1,N$198,3
C246,1pF,C,C0201,C0201,G$1,2,2,N$195,3
C247,1pF,C,C0201,C0201,G$1,1,1,N$197,3
C247,1pF,C,C0201,C0201,G$1,2,2,N$199,3
C248,1pF,C,C0201,C0201,G$1,1,1,N$196,3
C248,1pF,C,C0201,C0201,G$1,2,2,ANT3_4,3
C249,100pF,C,C0201,C0201,G$1,1,1,-3V4,3
C249,100pF,C,C0201,C0201,G$1,2,2,GND,3
C250,0.1uF,C,C0201,C0201,G$1,1,1,-3V4,3
C250,0.1uF,C,C0201,C0201,G$1,2,2,GND,3
C251,100pF,C,C0201,C0201,G$1,1,1,+3V4,3
C251,100pF,C,C0201,C0201,G$1,2,2,GND,3
C252,0.1uF,C,C0201,C0201,G$1,1,1,+3V4,3
C252,0.1uF,C,C0201,C0201,G$1,2,2,GND,3
C253,1pF,C,C0201,C0201,G$1,1,1,N$203,3
C253,1pF,C,C0201,C0201,G$1,2,2,N$200,3
C254,1pF,C,C0201,C0201,G$1,1,1,N$202,3
C254,1pF,C,C0201,C0201,G$1,2,2,N$204,3
C255,1pF,C,C0201,C0201,G$1,1,1,N$201,3
C255,1pF,C,C0201,C0201,G$1,2,2,ANT4_4,3
C256,100nF,C,C0201,C0201,G$1,1,1,+3V3_AN3_F,4
C256,100nF,C,C0201,C0201,G$1,2,2,GND,4
C257,100nF,C,C0201,C0201,G$1,1,1,+3V3_AN3_F,4
C257,100nF,C,C0201,C0201,G$1,2,2,GND,4
C258,100nF,C-EU,C0402,C0402,G$1,1,1,+3V3_AN5_F,1
C258,100nF,C-EU,C0402,C0402,G$1,2,2,GND,1
C259,100nF,C-EU,C0402,C0402,G$1,1,1,+3V3_AN5_F,1
C259,100nF,C-EU,C0402,C0402,G$1,2,2,GND,1
C260,100nF,C-EU,C0402,C0402,G$1,1,1,+3V3_AN5_F,1
C260,100nF,C-EU,C0402,C0402,G$1,2,2,GND,1
C261,4.7nF,C,C0201,C0201,G$1,1,1,GND,4
C261,4.7nF,C,C0201,C0201,G$1,2,2,N$211,4
C262,100nF,C-EU,C0402,C0402,G$1,1,1,+3V3_AN5_F,1
C262,100nF,C-EU,C0402,C0402,G$1,2,2,GND,1
C263,4.7nF,C,C0201,C0201,G$1,1,1,GND,4
C263,4.7nF,C,C0201,C0201,G$1,2,2,N$217,4
C264,100nF,C-EU,C0402,C0402,G$1,1,1,+3V3_AN6_F,1
C264,100nF,C-EU,C0402,C0402,G$1,2,2,GND,1
C265,4.7nF,C,C0201,C0201,G$1,1,1,GND,4
C265,4.7nF,C,C0201,C0201,G$1,2,2,N$223,4
C266,100nF,C-EU,C0402,C0402,G$1,1,1,+3V3_AN6_F,1
C266,100nF,C-EU,C0402,C0402,G$1,2,2,GND,1
C267,4.7nF,C,C0201,C0201,G$1,1,1,GND,4
C267,4.7nF,C,C0201,C0201,G$1,2,2,N$229,4
C268,25pF,C,C0201,C0201,G$1,1,1,N$308,3
C268,25pF,C,C0201,C0201,G$1,2,2,MIX_RX_P,3
C269,4.7nF,C,C0201,C0201,G$1,1,1,GND,4
C269,4.7nF,C,C0201,C0201,G$1,2,2,N$234,4
C270,25pF,C,C0201,C0201,G$1,1,1,N$309,3
C270,25pF,C,C0201,C0201,G$1,2,2,MIX_RX_N,3
C271,4.7nF,C,C0201,C0201,G$1,1,1,GND,4
C271,4.7nF,C,C0201,C0201,G$1,2,2,N$239,4
C272,18pF,C,C0201,C0201,G$1,1,1,N$20,3
C272,18pF,C,C0201,C0201,G$1,2,2,N$23,3
C273,4.7nF,C,C0201,C0201,G$1,1,1,GND,4
C273,4.7nF,C,C0201,C0201,G$1,2,2,N$245,4
C274,18pF,C,C0201,C0201,G$1,1,1,N$72,3
C274,18pF,C,C0201,C0201,G$1,2,2,N$24,3
C275,4.7nF,C,C0201,C0201,G$1,1,1,GND,4
C275,4.7nF,C,C0201,C0201,G$1,2,2,N$250,4
C276,1µF,C,C0201,C0201,G$1,1,1,N$252,4
C276,1µF,C,C0201,C0201,G$1,2,2,GND,4
C277,0.1µF,C,C0201,C0201,G$1,1,1,N$251,4
C277,0.1µF,C,C0201,C0201,G$1,2,2,GND,4
C278,0.1µF,C,C0201,C0201,G$1,1,1,N$253,4
C278,0.1µF,C,C0201,C0201,G$1,2,2,GND,4
C279,100nF,C,C0201,C0201,G$1,1,1,+3V3,2
C279,100nF,C,C0201,C0201,G$1,2,2,GND,2
C280,4.7nF,C,C0201,C0201,G$1,1,1,GND,4
C280,4.7nF,C,C0201,C0201,G$1,2,2,N$259,4
C281,100nF,C,C0201,C0201,G$1,1,1,+3V3,2
C281,100nF,C,C0201,C0201,G$1,2,2,GND,2
C282,4.7nF,C,C0201,C0201,G$1,1,1,GND,4
C282,4.7nF,C,C0201,C0201,G$1,2,2,N$265,4
C283,22µF,C-EU,C1206,C1206,G$1,1,1,+3V3_AN,1
C283,22µF,C-EU,C1206,C1206,G$1,2,2,GND,1
C284,4.7nF,C,C0201,C0201,G$1,1,1,GND,4
C284,4.7nF,C,C0201,C0201,G$1,2,2,N$269,4
C285,47uF,C,C0201,C0201,G$1,1,1,GND,2
C285,47uF,C,C0201,C0201,G$1,2,2,+1V8_FPGA,2
C286,4.7nF,C,C0201,C0201,G$1,1,1,GND,4
C286,4.7nF,C,C0201,C0201,G$1,2,2,N$273,4
C287,4.7uF,C,C0201,C0201,G$1,1,1,GND,2
C287,4.7uF,C,C0201,C0201,G$1,2,2,+1V8_FPGA,2
C288,4.7nF,C,C0201,C0201,G$1,1,1,GND,4
C288,4.7nF,C,C0201,C0201,G$1,2,2,N$277,4
C289,4.7uF,C,C0201,C0201,G$1,1,1,GND,2
C289,4.7uF,C,C0201,C0201,G$1,2,2,+1V8_FPGA,2
C290,4.7nF,C,C0201,C0201,G$1,1,1,GND,4
C290,4.7nF,C,C0201,C0201,G$1,2,2,N$281,4
C291,0.47uF,C,C0201,C0201,G$1,1,1,GND,2
C291,0.47uF,C,C0201,C0201,G$1,2,2,+1V8_FPGA,2
C292,4.7nF,C,C0201,C0201,G$1,1,1,GND,4
C292,4.7nF,C,C0201,C0201,G$1,2,2,N$285,4
C293,0.1uF,C,C0201,C0201,G$1,1,1,GND,3
C293,0.1uF,C,C0201,C0201,G$1,2,2,+1V8_CLOCK_F,3
C294,4.7nF,C,C0201,C0201,G$1,1,1,GND,4
C294,4.7nF,C,C0201,C0201,G$1,2,2,N$289,4
C295,0.1µF,C,C0201,C0201,G$1,1,1,N$290,4
C295,0.1µF,C,C0201,C0201,G$1,2,2,GND,4
C296,1µF,C,C0201,C0201,G$1,1,1,N$291,4
C296,1µF,C,C0201,C0201,G$1,2,2,GND,4
C297,0.1µF,C,C0201,C0201,G$1,1,1,N$292,4
C297,0.1µF,C,C0201,C0201,G$1,2,2,GND,4
C298,100nF,C,C0201,C0201,G$1,1,1,+3V3_AN4_F,4
C298,100nF,C,C0201,C0201,G$1,2,2,GND,4
C299,0.1µF,C,C0201,C0201,G$1,1,1,N$302,4
C299,0.1µF,C,C0201,C0201,G$1,2,2,GND,4
C300,1µF,C,C0201,C0201,G$1,1,1,N$303,4
C300,1µF,C,C0201,C0201,G$1,2,2,GND,4
C301,0.1µF,C,C0201,C0201,G$1,1,1,N$304,4
C301,0.1µF,C,C0201,C0201,G$1,2,2,GND,4
C302,100nF,C,C0201,C0201,G$1,1,1,+3V3_AN4_F,4
C302,100nF,C,C0201,C0201,G$1,2,2,GND,4
C303,100nF,C,C0201,C0201,G$1,1,1,+3V3_AN4_F,4
C303,100nF,C,C0201,C0201,G$1,2,2,GND,4
C304,100nF,C,C0201,C0201,G$1,1,1,+3V3_AN4_F,4
C304,100nF,C,C0201,C0201,G$1,2,2,GND,4
C305,100nF,C,C0201,C0201,G$1,1,1,+3V3_AN4_F,4
C305,100nF,C,C0201,C0201,G$1,2,2,GND,4
C306,100nF,C,C0201,C0201,G$1,1,1,+3V3_AN4_F,4
C306,100nF,C,C0201,C0201,G$1,2,2,GND,4
C307,100nF,C,C0201,C0201,G$1,1,1,+3V3_AN4_F,4
C307,100nF,C,C0201,C0201,G$1,2,2,GND,4
C308,22pF,C,C0201,C0201,G$1,1,1,DAC_IOUT_N,3
C308,22pF,C,C0201,C0201,G$1,2,2,GND,3
C309,22pF,C,C0201,C0201,G$1,1,1,DAC_IOUT_P,3
C309,22pF,C,C0201,C0201,G$1,2,2,GND,3
C310,100nF,C,C0201,C0201,G$1,1,1,+3V3_AN4_F,4
C310,100nF,C,C0201,C0201,G$1,2,2,GND,4
C311,22µF,C-EU,C1206,C1206,G$1,1,1,+1V8_CLOCK,1
C311,22µF,C-EU,C1206,C1206,G$1,2,2,GND,1
C312,10µF,C-EU,C0805,C0805,G$1,1,1,+1V8_CLOCK_F,1
C312,10µF,C-EU,C0805,C0805,G$1,2,2,GND,1
C313,100nF,C-EU,C0402,C0402,G$1,1,1,+1V8_CLOCK_F,1
C313,100nF,C-EU,C0402,C0402,G$1,2,2,GND,1
C314,1nF,C-EU,C0402,C0402,G$1,1,1,+1V8_CLOCK_F,1
C314,1nF,C-EU,C0402,C0402,G$1,2,2,GND,1
C315,22µF,C-EU,C1206,C1206,G$1,1,1,+3V3_ADAR12,1
C315,22µF,C-EU,C1206,C1206,G$1,2,2,GND,1
C316,10µF,C-EU,C0805,C0805,G$1,1,1,+3V3_ADAR1_F,1
C316,10µF,C-EU,C0805,C0805,G$1,2,2,GND,1
C317,100nF,C-EU,C0402,C0402,G$1,1,1,+3V3_ADAR1_F,1
C317,100nF,C-EU,C0402,C0402,G$1,2,2,GND,1
C318,1nF,C-EU,C0402,C0402,G$1,1,1,+3V3_ADAR1_F,1
C318,1nF,C-EU,C0402,C0402,G$1,2,2,GND,1
C319,10µF,C-EU,C0805,C0805,G$1,1,1,+3V3_ADAR2_F,1
C319,10µF,C-EU,C0805,C0805,G$1,2,2,GND,1
C320,100nF,C-EU,C0402,C0402,G$1,1,1,+3V3_ADAR2_F,1
C320,100nF,C-EU,C0402,C0402,G$1,2,2,GND,1
C321,1nF,C-EU,C0402,C0402,G$1,1,1,+3V3_ADAR2_F,1
C321,1nF,C-EU,C0402,C0402,G$1,2,2,GND,1
C322,22µF,C-EU,C1206,C1206,G$1,1,1,+3V3_ADAR34,1
C322,22µF,C-EU,C1206,C1206,G$1,2,2,GND,1
C323,10µF,C-EU,C0805,C0805,G$1,1,1,+3V3_ADAR3_F,1
C323,10µF,C-EU,C0805,C0805,G$1,2,2,GND,1
C324,100nF,C-EU,C0402,C0402,G$1,1,1,+3V3_ADAR3_F,1
C324,100nF,C-EU,C0402,C0402,G$1,2,2,GND,1
C325,1nF,C-EU,C0402,C0402,G$1,1,1,+3V3_ADAR3_F,1
C325,1nF,C-EU,C0402,C0402,G$1,2,2,GND,1
C326,10µF,C-EU,C0805,C0805,G$1,1,1,+3V3_ADAR4_F,1
C326,10µF,C-EU,C0805,C0805,G$1,2,2,GND,1
C327,100nF,C-EU,C0402,C0402,G$1,1,1,+3V3_ADAR4_F,1
C327,100nF,C-EU,C0402,C0402,G$1,2,2,GND,1
C328,1nF,C-EU,C0402,C0402,G$1,1,1,+3V3_ADAR4_F,1
C328,1nF,C-EU,C0402,C0402,G$1,2,2,GND,1
C329,22µF,C-EU,C1206,C1206,G$1,1,1,+3V3_AN,1
C329,22µF,C-EU,C1206,C1206,G$1,2,2,GND,1
C330,10µF,C-EU,C0805,C0805,G$1,1,1,+3V3_AN1_F,1
C330,10µF,C-EU,C0805,C0805,G$1,2,2,GND,1
C331,100nF,C-EU,C0402,C0402,G$1,1,1,+3V3_AN1_F,1
C331,100nF,C-EU,C0402,C0402,G$1,2,2,GND,1
C332,1nF,C-EU,C0402,C0402,G$1,1,1,+3V3_AN1_F,1
C332,1nF,C-EU,C0402,C0402,G$1,2,2,GND,1
C333,10µF,C-EU,C0805,C0805,G$1,1,1,+3V3_AN2_F,1
C333,10µF,C-EU,C0805,C0805,G$1,2,2,GND,1
C334,100nF,C-EU,C0402,C0402,G$1,1,1,+3V3_AN2_F,1
C334,100nF,C-EU,C0402,C0402,G$1,2,2,GND,1
C335,1nF,C-EU,C0402,C0402,G$1,1,1,+3V3_AN2_F,1
C335,1nF,C-EU,C0402,C0402,G$1,2,2,GND,1
C336,10µF,C-EU,C0805,C0805,G$1,1,1,+3V3_AN3_F,1
C336,10µF,C-EU,C0805,C0805,G$1,2,2,GND,1
C337,100nF,C-EU,C0402,C0402,G$1,1,1,+3V3_AN3_F,1
C337,100nF,C-EU,C0402,C0402,G$1,2,2,GND,1
C338,10µF,C-EU,C0805,C0805,G$1,1,1,+3V3_AN4_F,1
C338,10µF,C-EU,C0805,C0805,G$1,2,2,GND,1
C339,100nF,C-EU,C0402,C0402,G$1,1,1,+3V3_AN4_F,1
C339,100nF,C-EU,C0402,C0402,G$1,2,2,GND,1
C340,10µF,C-EU,C0805,C0805,G$1,1,1,+3V3_AN4_F,1
C340,10µF,C-EU,C0805,C0805,G$1,2,2,GND,1
C341,100nF,C-EU,C0402,C0402,G$1,1,1,+3V3_AN4_F,1
C341,100nF,C-EU,C0402,C0402,G$1,2,2,GND,1
C342,100nF,C-EU,C0402,C0402,G$1,1,1,+3V3_AN5_F,1
C342,100nF,C-EU,C0402,C0402,G$1,2,2,GND,1
C343,100nF,C-EU,C0402,C0402,G$1,1,1,+3V3_AN5_F,1
C343,100nF,C-EU,C0402,C0402,G$1,2,2,GND,1
C344,100nF,C-EU,C0402,C0402,G$1,1,1,+3V3_AN5_F,1
C344,100nF,C-EU,C0402,C0402,G$1,2,2,GND,1
C345,100nF,C-EU,C0402,C0402,G$1,1,1,+3V3_AN5_F,1
C345,100nF,C-EU,C0402,C0402,G$1,2,2,GND,1
C346,100nF,C-EU,C0402,C0402,G$1,1,1,+3V3_AN6_F,1
C346,100nF,C-EU,C0402,C0402,G$1,2,2,GND,1
C347,100nF,C-EU,C0402,C0402,G$1,1,1,+3V3_AN6_F,1
C347,100nF,C-EU,C0402,C0402,G$1,2,2,GND,1
C348,100nF,C-EU,C0402,C0402,G$1,1,1,+3V3_AN6_F,1
C348,100nF,C-EU,C0402,C0402,G$1,2,2,GND,1
C349,100nF,C-EU,C0402,C0402,G$1,1,1,+3V3_AN6_F,1
C349,100nF,C-EU,C0402,C0402,G$1,2,2,GND,1
C350,100nF,C-EU,C0402,C0402,G$1,1,1,+3V3_AN6_F,1
C350,100nF,C-EU,C0402,C0402,G$1,2,2,GND,1
C351,100nF,C-EU,C0402,C0402,G$1,1,1,+3V3_AN6_F,1
C351,100nF,C-EU,C0402,C0402,G$1,2,2,GND,1
D2,Blue,LED-BLUE,0603,LED-0603,G$1,A,A,N$95,2
D2,Blue,LED-BLUE,0603,LED-0603,G$1,C,C,GND,2
D3,Blue,LED-BLUE,0603,LED-0603,G$1,A,A,N$92,2
D3,Blue,LED-BLUE,0603,LED-0603,G$1,C,C,GND,2
D4,Blue,LED-BLUE,0603,LED-0603,G$1,A,A,N$97,2
D4,Blue,LED-BLUE,0603,LED-0603,G$1,C,C,GND,2
D5,Blue,LED-BLUE,0603,LED-0603,G$1,A,A,N$98,2
D5,Blue,LED-BLUE,0603,LED-0603,G$1,C,C,GND,2
GND1,,GND,,,1,GND,,GND,4
GND2,,GND,,,1,GND,,GND,1
GND3,,GND,,,1,GND,,GND,1
GND4,,GND,,,1,GND,,GND,1
GND5,,GND,,,1,GND,,GND,1
GND6,,GND,,,1,GND,,GND,1
GND7,,GND,,,1,GND,,GND,1
GND8,,GND,,,1,GND,,GND,1
GND9,,GND,,,1,GND,,GND,1
GND10,,GND,,,1,GND,,GND,1
GND11,,GND,,,1,GND,,GND,1
GND12,,GND,,,1,GND,,GND,1
GND13,,GND,,,1,GND,,GND,1
GND14,,GND,,,1,GND,,GND,1
GND15,,GND,,,1,GND,,GND,1
GND16,,GND,,,1,GND,,GND,1
GND17,,GND,,,1,GND,,GND,1
GND18,,GND,,,1,GND,,GND,1
GND19,,GND,,,1,GND,,GND,1
GND20,,GND,,,1,GND,,GND,2
GND21,,GND,,,1,GND,,GND,2
GND22,,GND,,,1,GND,,GND,2
GND23,,GND,,,1,GND,,GND,2
GND24,,GND,,,1,GND,,GND,2
GND25,,GND,,,1,GND,,GND,2
GND26,,GND,,,1,GND,,GND,2
GND27,,GND,,,1,GND,,GND,2
GND28,,GND,,,1,GND,,GND,2
GND29,,GND,,,1,GND,,GND,2
GND30,,GND,,,1,GND,,GND,2
GND31,,GND,,,1,GND,,GND,2
GND32,,GND,,,1,GND,,GND,2
GND33,,GND,,,1,GND,,GND,2
GND34,,GND,,,1,GND,,GND,2
GND35,,GND,,,1,GND,,GND,1
GND36,,GND,,,1,GND,,GND,2
GND37,,GND,,,1,GND,,GND,2
GND38,,GND,,,1,GND,,GND,2
GND39,,GND,,,1,GND,,GND,2
GND40,,GND,,,1,GND,,GND,3
GND41,,GND,,,1,GND,,GND,2
GND42,,GND,,,1,GND,,GND,2
GND43,,GND,,,1,GND,,GND,3
GND44,,GND,,,1,GND,,GND,3
GND45,,GND,,,1,GND,,GND,2
GND46,,GND,,,1,GND,,GND,2
GND47,,GND,,,1,GND,,GND,3
GND48,,GND,,,1,GND,,GND,3
GND49,,GND,,,1,GND,,GND,3
GND50,,GND,,,1,GND,,GND,3
GND51,,GND,,,1,GND,,GND,3
GND52,,GND,,,1,GND,,GND,3
GND53,,GND,,,1,GND,,GND,3
GND54,,GND,,,1,GND,,GND,3
GND55,,GND,,,1,GND,,GND,3
GND56,,GND,,,1,GND,,GND,3
GND57,,GND,,,1,GND,,GND,3
GND58,,GND,,,1,GND,,GND,3
GND59,,GND,,,1,GND,,GND,3
GND60,,GND,,,1,GND,,GND,3
GND61,,GND,,,1,GND,,GND,2
GND62,,GND,,,1,GND,,GND,2
GND63,,GND,,,1,GND,,GND,2
GND64,,GND,,,1,GND,,GND,2
GND65,,GND,,,1,GND,,GND,3
GND66,,GND,,,1,GND,,GND,3
GND67,,GND,,,1,GND,,GND,3
GND68,,GND,,,1,GND,,GND,3
GND69,,GND,,,1,GND,,GND,3
GND72,,GND,,,1,GND,,GND,3
GND73,,GND,,,1,GND,,GND,3
GND74,,GND,,,1,GND,,GND,3
GND75,,GND,,,1,GND,,GND,3
GND76,,GND,,,1,GND,,GND,3
GND77,,GND,,,1,GND,,GND,3
GND78,,GND,,,1,GND,,GND,3
GND79,,GND,,,1,GND,,GND,3
GND80,,GND,,,1,GND,,GND,3
GND81,,GND,,,1,GND,,GND,3
GND82,,GND,,,1,GND,,GND,3
GND83,,GND,,,1,GND,,GND,3
GND84,,GND,,,1,GND,,GND,3
GND85,,GND,,,1,GND,,GND,3
GND86,,GND,,,1,GND,,GND,3
GND87,,GND,,,1,GND,,GND,3
GND88,,GND,,,1,GND,,GND,3
GND89,,GND,,,1,GND,,GND,3
GND90,,GND,,,1,GND,,GND,3
GND91,,GND,,,1,GND,,GND,3
GND92,,GND,,,1,GND,,GND,3
GND93,,GND,,,1,GND,,GND,3
GND94,,GND,,,1,GND,,GND,3
GND95,,GND,,,1,GND,,GND,3
GND96,,GND,,,1,GND,,GND,3
GND97,,GND,,,1,GND,,GND,3
GND98,,GND,,,1,GND,,GND,3
GND99,,GND,,,1,GND,,GND,3
GND100,,GND,,,1,GND,,GND,3
GND101,,GND,,,1,GND,,GND,3
GND102,,GND,,,1,GND,,GND,3
GND103,,GND,,,1,GND,,GND,3
GND104,,GND,,,1,GND,,GND,3
GND105,,GND,,,1,GND,,GND,3
GND106,,GND,,,1,GND,,GND,3
GND107,,GND,,,1,GND,,GND,3
GND108,,GND,,,1,GND,,GND,3
GND109,,GND,,,1,GND,,GND,3
GND110,,GND,,,1,GND,,GND,3
GND111,,GND,,,1,GND,,GND,3
GND112,,GND,,,1,GND,,GND,3
GND113,,GND,,,1,GND,,GND,2
GND114,,GND,,,1,GND,,GND,3
GND115,,GND,,,1,GND,,GND,3
GND116,,GND,,,1,GND,,GND,3
GND117,,GND,,,1,GND,,GND,3
GND118,,GND,,,1,GND,,GND,3
GND119,,GND,,,1,GND,,GND,2
GND120,,GND,,,1,GND,,GND,3
GND121,,GND,,,1,GND,,GND,3
GND122,,GND,,,1,GND,,GND,3
GND123,,GND,,,1,GND,,GND,3
GND124,,GND,,,1,GND,,GND,3
GND125,,GND,,,1,GND,,GND,3
GND126,,GND,,,1,GND,,GND,3
GND127,,GND,,,1,GND,,GND,3
GND128,,GND,,,1,GND,,GND,3
GND129,,GND,,,1,GND,,GND,3
GND130,,GND,,,1,GND,,GND,3
GND131,,GND,,,1,GND,,GND,3
GND132,,GND,,,1,GND,,GND,1
GND133,,GND,,,1,GND,,GND,1
GND134,,GND,,,1,GND,,GND,1
GND135,,GND,,,1,GND,,GND,1
GND136,,GND,,,1,GND,,GND,3
GND137,,GND,,,1,GND,,GND,3
GND138,,GND,,,1,GND,,GND,3
GND139,,GND,,,1,GND,,GND,3
GND140,,GND,,,1,GND,,GND,3
GND141,,GND,,,1,GND,,GND,3
GND142,,GND,,,1,GND,,GND,3
GND143,,GND,,,1,GND,,GND,3
GND144,,GND,,,1,GND,,GND,3
GND145,,GND,,,1,GND,,GND,3
GND146,,GND,,,1,GND,,GND,3
GND147,,GND,,,1,GND,,GND,3
GND149,,GND,,,1,GND,,GND,3
GND150,,GND,,,1,GND,,GND,3
GND151,,GND,,,1,GND,,GND,3
GND152,,GND,,,1,GND,,GND,3
GND153,,GND,,,1,GND,,GND,3
GND154,,GND,,,1,GND,,GND,3
GND155,,GND,,,1,GND,,GND,3
GND156,,GND,,,1,GND,,GND,3
GND157,,GND,,,1,GND,,GND,3
GND158,,GND,,,1,GND,,GND,3
GND159,,GND,,,1,GND,,GND,3
GND160,,GND,,,1,GND,,GND,3
GND161,,GND,,,1,GND,,GND,3
GND162,,GND,,,1,GND,,GND,3
GND163,,GND,,,1,GND,,GND,3
GND164,,GND,,,1,GND,,GND,3
GND165,,GND,,,1,GND,,GND,3
GND166,,GND,,,1,GND,,GND,3
GND167,,GND,,,1,GND,,GND,3
GND168,,GND,,,1,GND,,GND,3
GND169,,GND,,,1,GND,,GND,3
GND170,,GND,,,1,GND,,GND,3
GND171,,GND,,,1,GND,,GND,3
GND172,,GND,,,1,GND,,GND,3
GND173,,GND,,,1,GND,,GND,3
GND174,,GND,,,1,GND,,GND,3
GND175,,GND,,,1,GND,,GND,3
GND176,,GND,,,1,GND,,GND,3
GND177,,GND,,,1,GND,,GND,3
GND178,,GND,,,1,GND,,GND,3
GND179,,GND,,,1,GND,,GND,3
GND180,,GND,,,1,GND,,GND,3
GND181,,GND,,,1,GND,,GND,3
GND182,,GND,,,1,GND,,GND,3
GND183,,GND,,,1,GND,,GND,3
GND184,,GND,,,1,GND,,GND,3
GND185,,GND,,,1,GND,,GND,3
GND186,,GND,,,1,GND,,GND,3
GND187,,GND,,,1,GND,,GND,3
GND188,,GND,,,1,GND,,GND,3
GND189,,GND,,,1,GND,,GND,3
GND190,,GND,,,1,GND,,GND,3
GND191,,GND,,,1,GND,,GND,3
GND192,,GND,,,1,GND,,GND,3
GND193,,GND,,,1,GND,,GND,3
GND194,,GND,,,1,GND,,GND,3
GND195,,GND,,,1,GND,,GND,3
GND196,,GND,,,1,GND,,GND,3
GND197,,GND,,,1,GND,,GND,3
GND198,,GND,,,1,GND,,GND,3
GND199,,GND,,,1,GND,,GND,3
GND200,,GND,,,1,GND,,GND,3
GND201,,GND,,,1,GND,,GND,3
GND202,,GND,,,1,GND,,GND,3
GND203,,GND,,,1,GND,,GND,3
GND204,,GND,,,1,GND,,GND,3
GND205,,GND,,,1,GND,,GND,3
GND206,,GND,,,1,GND,,GND,3
GND207,,GND,,,1,GND,,GND,3
GND208,,GND,,,1,GND,,GND,3
GND209,,GND,,,1,GND,,GND,3
GND210,,GND,,,1,GND,,GND,3
GND211,,GND,,,1,GND,,GND,3
GND212,,GND,,,1,GND,,GND,3
GND213,,GND,,,1,GND,,GND,3
GND214,,GND,,,1,GND,,GND,3
GND215,,GND,,,1,GND,,GND,3
GND216,,GND,,,1,GND,,GND,3
GND217,,GND,,,1,GND,,GND,3
GND218,,GND,,,1,GND,,GND,3
GND219,,GND,,,1,GND,,GND,3
GND220,,GND,,,1,GND,,GND,3
GND221,,GND,,,1,GND,,GND,3
GND222,,GND,,,1,GND,,GND,3
GND223,,GND,,,1,GND,,GND,3
GND224,,GND,,,1,GND,,GND,3
GND225,,GND,,,1,GND,,GND,3
GND226,,GND,,,1,GND,,GND,3
GND227,,GND,,,1,GND,,GND,3
GND228,,GND,,,1,GND,,GND,3
GND229,,GND,,,1,GND,,GND,3
GND230,,GND,,,1,GND,,GND,3
GND231,,GND,,,1,GND,,GND,3
GND232,,GND,,,1,GND,,GND,3
GND233,,GND,,,1,GND,,GND,3
GND234,,GND,,,1,GND,,GND,3
GND235,,GND,,,1,GND,,GND,3
GND236,,GND,,,1,GND,,GND,3
GND237,,GND,,,1,GND,,GND,3
GND238,,GND,,,1,GND,,GND,3
GND239,,GND,,,1,GND,,GND,3
GND240,,GND,,,1,GND,,GND,3
GND241,,GND,,,1,GND,,GND,3
GND242,,GND,,,1,GND,,GND,3
GND243,,GND,,,1,GND,,GND,3
GND244,,GND,,,1,GND,,GND,3
GND245,,GND,,,1,GND,,GND,3
GND246,,GND,,,1,GND,,GND,3
GND247,,GND,,,1,GND,,GND,3
GND248,,GND,,,1,GND,,GND,3
GND249,,GND,,,1,GND,,GND,3
GND250,,GND,,,1,GND,,GND,3
GND251,,GND,,,1,GND,,GND,3
GND252,,GND,,,1,GND,,GND,3
GND253,,GND,,,1,GND,,GND,3
GND254,,GND,,,1,GND,,GND,3
GND255,,GND,,,1,GND,,GND,3
GND256,,GND,,,1,GND,,GND,3
GND257,,GND,,,1,GND,,GND,3
GND258,,GND,,,1,GND,,GND,3
GND259,,GND,,,1,GND,,GND,3
GND260,,GND,,,1,GND,,GND,3
GND261,,GND,,,1,GND,,GND,3
GND262,,GND,,,1,GND,,GND,3
GND263,,GND,,,1,GND,,GND,3
GND264,,GND,,,1,GND,,GND,3
GND265,,GND,,,1,GND,,GND,3
GND266,,GND,,,1,GND,,GND,3
GND267,,GND,,,1,GND,,GND,3
GND268,,GND,,,1,GND,,GND,3
GND269,,GND,,,1,GND,,GND,3
GND270,,GND,,,1,GND,,GND,3
GND271,,GND,,,1,GND,,GND,3
GND272,,GND,,,1,GND,,GND,3
GND273,,GND,,,1,GND,,GND,3
GND274,,GND,,,1,GND,,GND,3
GND275,,GND,,,1,GND,,GND,3
GND276,,GND,,,1,GND,,GND,3
GND277,,GND,,,1,GND,,GND,3
GND278,,GND,,,1,GND,,GND,3
GND279,,GND,,,1,GND,,GND,3
GND280,,GND,,,1,GND,,GND,3
GND281,,GND,,,1,GND,,GND,3
GND282,,GND,,,1,GND,,GND,3
GND283,,GND,,,1,GND,,GND,3
GND284,,GND,,,1,GND,,GND,3
GND285,,GND,,,1,GND,,GND,3
GND286,,GND,,,1,GND,,GND,3
GND287,,GND,,,1,GND,,GND,3
GND288,,GND,,,1,GND,,GND,3
GND289,,GND,,,1,GND,,GND,3
GND290,,GND,,,1,GND,,GND,3
GND291,,GND,,,1,GND,,GND,3
GND292,,GND,,,1,GND,,GND,3
GND293,,GND,,,1,GND,,GND,3
GND294,,GND,,,1,GND,,GND,3
GND295,,GND,,,1,GND,,GND,3
GND296,,GND,,,1,GND,,GND,3
GND297,,GND,,,1,GND,,GND,3
GND298,,GND,,,1,GND,,GND,3
GND299,,GND,,,1,GND,,GND,3
GND300,,GND,,,1,GND,,GND,3
GND301,,GND,,,1,GND,,GND,3
GND302,,GND,,,1,GND,,GND,3
GND303,,GND,,,1,GND,,GND,3
GND304,,GND,,,1,GND,,GND,3
GND305,,GND,,,1,GND,,GND,3
GND306,,GND,,,1,GND,,GND,3
GND307,,GND,,,1,GND,,GND,3
GND308,,GND,,,1,GND,,GND,3
GND309,,GND,,,1,GND,,GND,3
GND310,,GND,,,1,GND,,GND,3
GND311,,GND,,,1,GND,,GND,3
GND312,,GND,,,1,GND,,GND,3
GND313,,GND,,,1,GND,,GND,3
GND314,,GND,,,1,GND,,GND,3
GND315,,GND,,,1,GND,,GND,3
GND316,,GND,,,1,GND,,GND,3
GND317,,GND,,,1,GND,,GND,3
GND318,,GND,,,1,GND,,GND,3
GND319,,GND,,,1,GND,,GND,3
GND320,,GND,,,1,GND,,GND,3
GND321,,GND,,,1,GND,,GND,3
GND322,,GND,,,1,GND,,GND,3
GND323,,GND,,,1,GND,,GND,3
GND324,,GND,,,1,GND,,GND,3
GND325,,GND,,,1,GND,,GND,3
GND326,,GND,,,1,GND,,GND,3
GND327,,GND,,,1,GND,,GND,3
GND328,,GND,,,1,GND,,GND,3
GND329,,GND,,,1,GND,,GND,3
GND330,,GND,,,1,GND,,GND,3
GND331,,GND,,,1,GND,,GND,3
GND332,,GND,,,1,GND,,GND,3
GND333,,GND,,,1,GND,,GND,3
GND334,,GND,,,1,GND,,GND,3
GND335,,GND,,,1,GND,,GND,3
GND336,,GND,,,1,GND,,GND,3
GND337,,GND,,,1,GND,,GND,3
GND338,,GND,,,1,GND,,GND,3
GND339,,GND,,,1,GND,,GND,3
GND340,,GND,,,1,GND,,GND,3
GND341,,GND,,,1,GND,,GND,3
GND342,,GND,,,1,GND,,GND,3
GND343,,GND,,,1,GND,,GND,3
GND344,,GND,,,1,GND,,GND,3
GND345,,GND,,,1,GND,,GND,3
GND346,,GND,,,1,GND,,GND,3
GND347,,GND,,,1,GND,,GND,3
GND348,,GND,,,1,GND,,GND,3
GND349,,GND,,,1,GND,,GND,3
GND350,,GND,,,1,GND,,GND,3
GND351,,GND,,,1,GND,,GND,3
GND352,,GND,,,1,GND,,GND,3
GND353,,GND,,,1,GND,,GND,3
GND354,,GND,,,1,GND,,GND,3
GND355,,GND,,,1,GND,,GND,3
GND356,,GND,,,1,GND,,GND,3
GND357,,GND,,,1,GND,,GND,3
GND358,,GND,,,1,GND,,GND,3
GND359,,GND,,,1,GND,,GND,3
GND360,,GND,,,1,GND,,GND,3
GND361,,GND,,,1,GND,,GND,3
GND362,,GND,,,1,GND,,GND,3
GND363,,GND,,,1,GND,,GND,3
GND364,,GND,,,1,GND,,GND,3
GND365,,GND,,,1,GND,,GND,3
GND366,,GND,,,1,GND,,GND,3
GND367,,GND,,,1,GND,,GND,3
GND368,,GND,,,1,GND,,GND,3
GND369,,GND,,,1,GND,,GND,3
GND370,,GND,,,1,GND,,GND,3
GND371,,GND,,,1,GND,,GND,3
GND372,,GND,,,1,GND,,GND,3
GND373,,GND,,,1,GND,,GND,3
GND374,,GND,,,1,GND,,GND,3
GND375,,GND,,,1,GND,,GND,3
GND376,,GND,,,1,GND,,GND,3
GND377,,GND,,,1,GND,,GND,3
GND378,,GND,,,1,GND,,GND,3
GND379,,GND,,,1,GND,,GND,3
GND380,,GND,,,1,GND,,GND,3
GND381,,GND,,,1,GND,,GND,3
GND382,,GND,,,1,GND,,GND,3
GND383,,GND,,,1,GND,,GND,3
GND384,,GND,,,1,GND,,GND,3
GND385,,GND,,,1,GND,,GND,3
GND386,,GND,,,1,GND,,GND,3
GND387,,GND,,,1,GND,,GND,3
GND388,,GND,,,1,GND,,GND,3
GND389,,GND,,,1,GND,,GND,3
GND390,,GND,,,1,GND,,GND,3
GND391,,GND,,,1,GND,,GND,3
GND392,,GND,,,1,GND,,GND,3
GND393,,GND,,,1,GND,,GND,3
GND394,,GND,,,1,GND,,GND,3
GND395,,GND,,,1,GND,,GND,3
GND396,,GND,,,1,GND,,GND,3
GND397,,GND,,,1,GND,,GND,3
GND398,,GND,,,1,GND,,GND,3
GND399,,GND,,,1,GND,,GND,3
GND400,,GND,,,1,GND,,GND,3
GND401,,GND,,,1,GND,,GND,3
GND402,,GND,,,1,GND,,GND,3
GND403,,GND,,,1,GND,,GND,3
GND404,,GND,,,1,GND,,GND,3
GND405,,GND,,,1,GND,,GND,3
GND406,,GND,,,1,GND,,GND,3
GND407,,GND,,,1,GND,,GND,3
GND408,,GND,,,1,GND,,GND,3
GND409,,GND,,,1,GND,,GND,3
GND410,,GND,,,1,GND,,GND,3
GND411,,GND,,,1,GND,,GND,3
GND412,,GND,,,1,GND,,GND,3
GND413,,GND,,,1,GND,,GND,3
GND414,,GND,,,1,GND,,GND,3
GND415,,GND,,,1,GND,,GND,3
GND416,,GND,,,1,GND,,GND,3
GND417,,GND,,,1,GND,,GND,3
GND418,,GND,,,1,GND,,GND,3
GND419,,GND,,,1,GND,,GND,3
GND420,,GND,,,1,GND,,GND,3
GND421,,GND,,,1,GND,,GND,3
GND422,,GND,,,1,GND,,GND,3
GND423,,GND,,,1,GND,,GND,3
GND424,,GND,,,1,GND,,GND,3
GND425,,GND,,,1,GND,,GND,3
GND426,,GND,,,1,GND,,GND,3
GND427,,GND,,,1,GND,,GND,3
GND428,,GND,,,1,GND,,GND,3
GND429,,GND,,,1,GND,,GND,3
GND430,,GND,,,1,GND,,GND,3
GND431,,GND,,,1,GND,,GND,3
GND432,,GND,,,1,GND,,GND,3
GND433,,GND,,,1,GND,,GND,3
GND434,,GND,,,1,GND,,GND,3
GND435,,GND,,,1,GND,,GND,3
GND436,,GND,,,1,GND,,GND,3
GND437,,GND,,,1,GND,,GND,3
GND438,,GND,,,1,GND,,GND,3
GND439,,GND,,,1,GND,,GND,3
GND440,,GND,,,1,GND,,GND,3
GND441,,GND,,,1,GND,,GND,3
GND442,,GND,,,1,GND,,GND,3
GND443,,GND,,,1,GND,,GND,3
GND444,,GND,,,1,GND,,GND,3
GND445,,GND,,,1,GND,,GND,3
GND446,,GND,,,1,GND,,GND,3
GND447,,GND,,,1,GND,,GND,3
GND448,,GND,,,1,GND,,GND,3
GND449,,GND,,,1,GND,,GND,3
GND450,,GND,,,1,GND,,GND,3
GND451,,GND,,,1,GND,,GND,3
GND452,,GND,,,1,GND,,GND,3
GND453,,GND,,,1,GND,,GND,3
GND454,,GND,,,1,GND,,GND,3
GND455,,GND,,,1,GND,,GND,3
GND456,,GND,,,1,GND,,GND,3
GND457,,GND,,,1,GND,,GND,3
GND458,,GND,,,1,GND,,GND,3
GND459,,GND,,,1,GND,,GND,3
GND460,,GND,,,1,GND,,GND,3
GND461,,GND,,,1,GND,,GND,3
GND462,,GND,,,1,GND,,GND,3
GND463,,GND,,,1,GND,,GND,3
GND464,,GND,,,1,GND,,GND,3
GND465,,GND,,,1,GND,,GND,3
GND466,,GND,,,1,GND,,GND,3
GND467,,GND,,,1,GND,,GND,3
GND468,,GND,,,1,GND,,GND,3
GND469,,GND,,,1,GND,,GND,3
GND470,,GND,,,1,GND,,GND,3
GND471,,GND,,,1,GND,,GND,3
GND472,,GND,,,1,GND,,GND,3
GND473,,GND,,,1,GND,,GND,3
GND474,,GND,,,1,GND,,GND,3
GND475,,GND,,,1,GND,,GND,3
GND476,,GND,,,1,GND,,GND,3
GND477,,GND,,,1,GND,,GND,3
GND478,,GND,,,1,GND,,GND,3
GND479,,GND,,,1,GND,,GND,3
GND480,,GND,,,1,GND,,GND,3
GND481,,GND,,,1,GND,,GND,3
GND482,,GND,,,1,GND,,GND,3
GND483,,GND,,,1,GND,,GND,3
GND484,,GND,,,1,GND,,GND,3
GND485,,GND,,,1,GND,,GND,3
GND486,,GND,,,1,GND,,GND,3
GND487,,GND,,,1,GND,,GND,3
GND488,,GND,,,1,GND,,GND,3
GND489,,GND,,,1,GND,,GND,3
GND490,,GND,,,1,GND,,GND,3
GND491,,GND,,,1,GND,,GND,3
GND492,,GND,,,1,GND,,GND,3
GND493,,GND,,,1,GND,,GND,3
GND494,,GND,,,1,GND,,GND,3
GND495,,GND,,,1,GND,,GND,3
GND496,,GND,,,1,GND,,GND,3
GND497,,GND,,,1,GND,,GND,3
GND498,,GND,,,1,GND,,GND,3
GND499,,GND,,,1,GND,,GND,3
GND500,,GND,,,1,GND,,GND,3
GND501,,GND,,,1,GND,,GND,3
GND502,,GND,,,1,GND,,GND,3
GND503,,GND,,,1,GND,,GND,3
GND504,,GND,,,1,GND,,GND,3
GND505,,GND,,,1,GND,,GND,3
GND506,,GND,,,1,GND,,GND,3
GND507,,GND,,,1,GND,,GND,3
GND508,,GND,,,1,GND,,GND,3
GND509,,GND,,,1,GND,,GND,3
GND510,,GND,,,1,GND,,GND,3
GND511,,GND,,,1,GND,,GND,3
GND512,,GND,,,1,GND,,GND,3
GND513,,GND,,,1,GND,,GND,3
GND514,,GND,,,1,GND,,GND,3
GND515,,GND,,,1,GND,,GND,3
GND516,,GND,,,1,GND,,GND,3
GND517,,GND,,,1,GND,,GND,3
GND518,,GND,,,1,GND,,GND,3
GND519,,GND,,,1,GND,,GND,3
GND520,,GND,,,1,GND,,GND,3
GND521,,GND,,,1,GND,,GND,3
GND522,,GND,,,1,GND,,GND,3
GND523,,GND,,,1,GND,,GND,3
GND524,,GND,,,1,GND,,GND,3
GND525,,GND,,,1,GND,,GND,3
GND526,,GND,,,1,GND,,GND,3
GND527,,GND,,,1,GND,,GND,3
GND528,,GND,,,1,GND,,GND,3
GND529,,GND,,,1,GND,,GND,3
GND530,,GND,,,1,GND,,GND,3
GND531,,GND,,,1,GND,,GND,3
GND532,,GND,,,1,GND,,GND,3
GND533,,GND,,,1,GND,,GND,3
GND534,,GND,,,1,GND,,GND,3
GND535,,GND,,,1,GND,,GND,3
GND536,,GND,,,1,GND,,GND,3
GND537,,GND,,,1,GND,,GND,3
GND538,,GND,,,1,GND,,GND,3
GND539,,GND,,,1,GND,,GND,3
GND540,,GND,,,1,GND,,GND,3
GND541,,GND,,,1,GND,,GND,3
GND542,,GND,,,1,GND,,GND,3
GND543,,GND,,,1,GND,,GND,3
GND544,,GND,,,1,GND,,GND,3
GND545,,GND,,,1,GND,,GND,3
GND546,,GND,,,1,GND,,GND,3
GND547,,GND,,,1,GND,,GND,3
GND548,,GND,,,1,GND,,GND,3
GND549,,GND,,,1,GND,,GND,3
GND550,,GND,,,1,GND,,GND,3
GND551,,GND,,,1,GND,,GND,3
GND552,,GND,,,1,GND,,GND,3
GND553,,GND,,,1,GND,,GND,3
GND554,,GND,,,1,GND,,GND,3
GND555,,GND,,,1,GND,,GND,3
GND556,,GND,,,1,GND,,GND,3
GND557,,GND,,,1,GND,,GND,3
GND558,,GND,,,1,GND,,GND,3
GND559,,GND,,,1,GND,,GND,3
GND560,,GND,,,1,GND,,GND,3
GND561,,GND,,,1,GND,,GND,3
GND562,,GND,,,1,GND,,GND,3
GND563,,GND,,,1,GND,,GND,3
GND564,,GND,,,1,GND,,GND,3
GND565,,GND,,,1,GND,,GND,3
GND566,,GND,,,1,GND,,GND,3
GND567,,GND,,,1,GND,,GND,3
GND568,,GND,,,1,GND,,GND,3
GND569,,GND,,,1,GND,,GND,3
GND570,,GND,,,1,GND,,GND,3
GND571,,GND,,,1,GND,,GND,3
GND572,,GND,,,1,GND,,GND,3
GND573,,GND,,,1,GND,,GND,3
GND574,,GND,,,1,GND,,GND,3
GND575,,GND,,,1,GND,,GND,3
GND576,,GND,,,1,GND,,GND,3
GND577,,GND,,,1,GND,,GND,3
GND578,,GND,,,1,GND,,GND,3
GND579,,GND,,,1,GND,,GND,3
GND580,,GND,,,1,GND,,GND,3
GND581,,GND,,,1,GND,,GND,3
GND582,,GND,,,1,GND,,GND,3
GND583,,GND,,,1,GND,,GND,3
GND584,,GND,,,1,GND,,GND,3
GND585,,GND,,,1,GND,,GND,3
GND586,,GND,,,1,GND,,GND,3
GND587,,GND,,,1,GND,,GND,3
GND588,,GND,,,1,GND,,GND,3
GND589,,GND,,,1,GND,,GND,3
GND590,,GND,,,1,GND,,GND,3
GND591,,GND,,,1,GND,,GND,3
GND592,,GND,,,1,GND,,GND,3
GND593,,GND,,,1,GND,,GND,3
GND594,,GND,,,1,GND,,GND,3
GND595,,GND,,,1,GND,,GND,3
GND596,,GND,,,1,GND,,GND,3
GND597,,GND,,,1,GND,,GND,3
GND598,,GND,,,1,GND,,GND,3
GND599,,GND,,,1,GND,,GND,3
GND600,,GND,,,1,GND,,GND,3
GND601,,GND,,,1,GND,,GND,3
GND602,,GND,,,1,GND,,GND,3
GND603,,GND,,,1,GND,,GND,3
GND604,,GND,,,1,GND,,GND,3
GND605,,GND,,,1,GND,,GND,3
GND606,,GND,,,1,GND,,GND,3
GND607,,GND,,,1,GND,,GND,3
GND608,,GND,,,1,GND,,GND,3
GND609,,GND,,,1,GND,,GND,3
GND610,,GND,,,1,GND,,GND,3
GND611,,GND,,,1,GND,,GND,3
GND612,,GND,,,1,GND,,GND,3
GND613,,GND,,,1,GND,,GND,3
GND614,,GND,,,1,GND,,GND,3
GND615,,GND,,,1,GND,,GND,3
GND616,,GND,,,1,GND,,GND,3
GND617,,GND,,,1,GND,,GND,3
GND618,,GND,,,1,GND,,GND,3
GND619,,GND,,,1,GND,,GND,3
GND620,,GND,,,1,GND,,GND,3
GND621,,GND,,,1,GND,,GND,3
GND622,,GND,,,1,GND,,GND,3
GND623,,GND,,,1,GND,,GND,3
GND624,,GND,,,1,GND,,GND,3
GND625,,GND,,,1,GND,,GND,3
GND626,,GND,,,1,GND,,GND,3
GND627,,GND,,,1,GND,,GND,3
GND628,,GND,,,1,GND,,GND,3
GND629,,GND,,,1,GND,,GND,3
GND630,,GND,,,1,GND,,GND,3
GND631,,GND,,,1,GND,,GND,3
GND632,,GND,,,1,GND,,GND,3
GND633,,GND,,,1,GND,,GND,3
GND634,,GND,,,1,GND,,GND,3
GND635,,GND,,,1,GND,,GND,3
GND636,,GND,,,1,GND,,GND,3
GND637,,GND,,,1,GND,,GND,3
GND638,,GND,,,1,GND,,GND,3
GND639,,GND,,,1,GND,,GND,3
GND640,,GND,,,1,GND,,GND,3
GND641,,GND,,,1,GND,,GND,3
GND642,,GND,,,1,GND,,GND,3
GND643,,GND,,,1,GND,,GND,3
GND644,,GND,,,1,GND,,GND,3
GND645,,GND,,,1,GND,,GND,3
GND646,,GND,,,1,GND,,GND,3
GND647,,GND,,,1,GND,,GND,3
GND648,,GND,,,1,GND,,GND,3
GND649,,GND,,,1,GND,,GND,3
GND650,,GND,,,1,GND,,GND,3
GND651,,GND,,,1,GND,,GND,3
GND652,,GND,,,1,GND,,GND,3
GND653,,GND,,,1,GND,,GND,3
GND654,,GND,,,1,GND,,GND,3
GND655,,GND,,,1,GND,,GND,3
GND656,,GND,,,1,GND,,GND,3
GND657,,GND,,,1,GND,,GND,3
GND658,,GND,,,1,GND,,GND,3
GND659,,GND,,,1,GND,,GND,3
GND660,,GND,,,1,GND,,GND,3
GND661,,GND,,,1,GND,,GND,3
GND662,,GND,,,1,GND,,GND,3
GND663,,GND,,,1,GND,,GND,3
GND664,,GND,,,1,GND,,GND,3
GND665,,GND,,,1,GND,,GND,3
GND666,,GND,,,1,GND,,GND,3
GND667,,GND,,,1,GND,,GND,3
GND668,,GND,,,1,GND,,GND,3
GND669,,GND,,,1,GND,,GND,3
GND670,,GND,,,1,GND,,GND,3
GND671,,GND,,,1,GND,,GND,3
GND672,,GND,,,1,GND,,GND,3
GND673,,GND,,,1,GND,,GND,3
GND674,,GND,,,1,GND,,GND,3
GND675,,GND,,,1,GND,,GND,3
GND676,,GND,,,1,GND,,GND,3
GND677,,GND,,,1,GND,,GND,3
GND678,,GND,,,1,GND,,GND,3
GND679,,GND,,,1,GND,,GND,3
GND680,,GND,,,1,GND,,GND,3
GND681,,GND,,,1,GND,,GND,3
GND682,,GND,,,1,GND,,GND,3
GND683,,GND,,,1,GND,,GND,4
GND684,,GND,,,1,GND,,GND,4
GND685,,GND,,,1,GND,,GND,4
GND686,,GND,,,1,GND,,GND,4
GND687,,GND,,,1,GND,,GND,4
GND688,,GND,,,1,GND,,GND,4
GND689,,GND,,,1,GND,,GND,1
GND690,,GND,,,1,GND,,GND,4
GND691,,GND,,,1,GND,,GND,4
GND692,,GND,,,1,GND,,GND,4
GND693,,GND,,,1,GND,,GND,4
GND694,,GND,,,1,GND,,GND,4
GND695,,GND,,,1,GND,,GND,4
GND696,,GND,,,1,GND,,GND,4
GND697,,GND,,,1,GND,,GND,4
GND698,,GND,,,1,GND,,GND,4
GND699,,GND,,,1,GND,,GND,3
GND700,,GND,,,1,GND,,GND,3
GND701,,GND,,,1,GND,,GND,3
GND702,,GND,,,1,GND,,GND,3
GND703,,GND,,,1,GND,,GND,3
GND704,,GND,,,1,GND,,GND,3
GND705,,GND,,,1,GND,,GND,3
GND706,,GND,,,1,GND,,GND,3
GND707,,GND,,,1,GND,,GND,3
GND708,,GND,,,1,GND,,GND,3
GND711,,GND,,,1,GND,,GND,3
GND712,,GND,,,1,GND,,GND,3
GND713,,GND,,,1,GND,,GND,2
GND714,,GND,,,1,GND,,GND,2
GND715,,GND,,,1,GND,,GND,3
GND716,,GND,,,1,GND,,GND,3
GND717,,GND,,,1,GND,,GND,3
GND718,,GND,,,1,GND,,GND,3
GND719,,GND,,,1,GND,,GND,3
GND720,,GND,,,1,GND,,GND,3
GND721,,GND,,,1,GND,,GND,3
GND722,,GND,,,1,GND,,GND,3
GND723,,GND,,,1,GND,,GND,3
GND724,,GND,,,1,GND,,GND,3
GND725,,GND,,,1,GND,,GND,3
GND726,,GND,,,1,GND,,GND,3
GND727,,GND,,,1,GND,,GND,3
GND728,,GND,,,1,GND,,GND,3
GND729,,GND,,,1,GND,,GND,3
GND730,,GND,,,1,GND,,GND,3
GND731,,GND,,,1,GND,,GND,3
GND732,,GND,,,1,GND,,GND,2
GND733,,GND,,,1,GND,,GND,3
GND734,,GND,,,1,GND,,GND,3
GND735,,GND,,,1,GND,,GND,3
GND736,,GND,,,1,GND,,GND,3
GND737,,GND,,,1,GND,,GND,2
GND738,,GND,,,1,GND,,GND,2
GND739,,GND,,,1,GND,,GND,2
GND740,,GND,,,1,GND,,GND,2
GND741,,GND,,,1,GND,,GND,2
GND742,,GND,,,1,GND,,GND,2
GND743,,GND,,,1,GND,,GND,2
GND744,,GND,,,1,GND,,GND,2
GND745,,GND,,,1,GND,,GND,2
GND746,,GND,,,1,GND,,GND,2
GND747,,GND,,,1,GND,,GND,2
GND748,,GND,,,1,GND,,GND,2
GND755,,GND,,,1,GND,,GND,3
GND756,,GND,,,1,GND,,GND,3
GND757,,GND,,,1,GND,,GND,3
GND758,,GND,,,1,GND,,GND,3
GND759,,GND,,,1,GND,,GND,3
GND760,,GND,,,1,GND,,GND,3
GND761,,GND,,,1,GND,,GND,3
GND762,,GND,,,1,GND,,GND,3
GND763,,GND,,,1,GND,,GND,3
GND764,,GND,,,1,GND,,GND,3
GND765,,GND,,,1,GND,,GND,3
GND766,,GND,,,1,GND,,GND,3
GND767,,GND,,,1,GND,,GND,3
GND768,,GND,,,1,GND,,GND,3
GND769,,GND,,,1,GND,,GND,3
GND770,,GND,,,1,GND,,GND,3
GND771,,GND,,,1,GND,,GND,3
GND772,,GND,,,1,GND,,GND,3
GND773,,GND,,,1,GND,,GND,3
GND774,,GND,,,1,GND,,GND,3
GND775,,GND,,,1,GND,,GND,3
GND776,,GND,,,1,GND,,GND,3
GND777,,GND,,,1,GND,,GND,3
GND778,,GND,,,1,GND,,GND,3
GND779,,GND,,,1,GND,,GND,3
GND780,,GND,,,1,GND,,GND,3
GND781,,GND,,,1,GND,,GND,3
GND782,,GND,,,1,GND,,GND,3
GND783,,GND,,,1,GND,,GND,3
GND784,,GND,,,1,GND,,GND,3
GND785,,GND,,,1,GND,,GND,3
GND786,,GND,,,1,GND,,GND,3
GND787,,GND,,,1,GND,,GND,3
GND788,,GND,,,1,GND,,GND,3
GND789,,GND,,,1,GND,,GND,3
GND790,,GND,,,1,GND,,GND,3
GND791,,GND,,,1,GND,,GND,3
GND792,,GND,,,1,GND,,GND,3
GND793,,GND,,,1,GND,,GND,3
GND794,,GND,,,1,GND,,GND,3
GND795,,GND,,,1,GND,,GND,3
GND796,,GND,,,1,GND,,GND,3
GND797,,GND,,,1,GND,,GND,3
GND798,,GND,,,1,GND,,GND,3
GND799,,GND,,,1,GND,,GND,3
GND800,,GND,,,1,GND,,GND,3
GND801,,GND,,,1,GND,,GND,3
GND802,,GND,,,1,GND,,GND,3
GND803,,GND,,,1,GND,,GND,3
GND804,,GND,,,1,GND,,GND,3
GND805,,GND,,,1,GND,,GND,3
GND806,,GND,,,1,GND,,GND,3
GND807,,GND,,,1,GND,,GND,3
GND808,,GND,,,1,GND,,GND,3
GND809,,GND,,,1,GND,,GND,3
GND810,,GND,,,1,GND,,GND,3
GND811,,GND,,,1,GND,,GND,3
GND812,,GND,,,1,GND,,GND,3
GND813,,GND,,,1,GND,,GND,3
GND814,,GND,,,1,GND,,GND,3
GND815,,GND,,,1,GND,,GND,3
GND816,,GND,,,1,GND,,GND,3
GND817,,GND,,,1,GND,,GND,3
GND818,,GND,,,1,GND,,GND,3
GND819,,GND,,,1,GND,,GND,3
GND820,,GND,,,1,GND,,GND,3
GND821,,GND,,,1,GND,,GND,3
GND822,,GND,,,1,GND,,GND,3
GND823,,GND,,,1,GND,,GND,3
GND824,,GND,,,1,GND,,GND,3
GND825,,GND,,,1,GND,,GND,3
GND826,,GND,,,1,GND,,GND,3
GND827,,GND,,,1,GND,,GND,3
GND828,,GND,,,1,GND,,GND,3
GND829,,GND,,,1,GND,,GND,3
GND830,,GND,,,1,GND,,GND,3
GND831,,GND,,,1,GND,,GND,3
GND832,,GND,,,1,GND,,GND,3
GND833,,GND,,,1,GND,,GND,3
GND834,,GND,,,1,GND,,GND,3
GND835,,GND,,,1,GND,,GND,3
GND836,,GND,,,1,GND,,GND,3
GND837,,GND,,,1,GND,,GND,3
GND838,,GND,,,1,GND,,GND,3
GND839,,GND,,,1,GND,,GND,3
GND840,,GND,,,1,GND,,GND,3
GND841,,GND,,,1,GND,,GND,3
GND842,,GND,,,1,GND,,GND,3
GND843,,GND,,,1,GND,,GND,3
GND844,,GND,,,1,GND,,GND,3
GND845,,GND,,,1,GND,,GND,3
GND846,,GND,,,1,GND,,GND,3
GND847,,GND,,,1,GND,,GND,3
GND848,,GND,,,1,GND,,GND,3
GND849,,GND,,,1,GND,,GND,3
GND850,,GND,,,1,GND,,GND,3
GND851,,GND,,,1,GND,,GND,3
GND852,,GND,,,1,GND,,GND,3
GND853,,GND,,,1,GND,,GND,3
GND854,,GND,,,1,GND,,GND,3
GND855,,GND,,,1,GND,,GND,3
GND856,,GND,,,1,GND,,GND,3
GND857,,GND,,,1,GND,,GND,3
GND858,,GND,,,1,GND,,GND,3
GND859,,GND,,,1,GND,,GND,3
GND860,,GND,,,1,GND,,GND,3
GND861,,GND,,,1,GND,,GND,3
GND862,,GND,,,1,GND,,GND,3
GND863,,GND,,,1,GND,,GND,3
GND864,,GND,,,1,GND,,GND,3
GND865,,GND,,,1,GND,,GND,3
GND866,,GND,,,1,GND,,GND,3
GND867,,GND,,,1,GND,,GND,3
GND868,,GND,,,1,GND,,GND,3
GND869,,GND,,,1,GND,,GND,3
GND870,,GND,,,1,GND,,GND,3
GND871,,GND,,,1,GND,,GND,3
GND872,,GND,,,1,GND,,GND,3
GND873,,GND,,,1,GND,,GND,3
GND874,,GND,,,1,GND,,GND,3
GND875,,GND,,,1,GND,,GND,3
GND876,,GND,,,1,GND,,GND,3
GND877,,GND,,,1,GND,,GND,3
GND878,,GND,,,1,GND,,GND,3
GND879,,GND,,,1,GND,,GND,3
GND880,,GND,,,1,GND,,GND,3
GND881,,GND,,,1,GND,,GND,3
GND882,,GND,,,1,GND,,GND,3
GND883,,GND,,,1,GND,,GND,3
GND884,,GND,,,1,GND,,GND,3
GND885,,GND,,,1,GND,,GND,3
GND886,,GND,,,1,GND,,GND,3
GND887,,GND,,,1,GND,,GND,3
GND888,,GND,,,1,GND,,GND,3
GND889,,GND,,,1,GND,,GND,3
GND890,,GND,,,1,GND,,GND,3
GND891,,GND,,,1,GND,,GND,3
GND892,,GND,,,1,GND,,GND,3
GND893,,GND,,,1,GND,,GND,3
GND894,,GND,,,1,GND,,GND,3
GND895,,GND,,,1,GND,,GND,3
GND896,,GND,,,1,GND,,GND,3
GND897,,GND,,,1,GND,,GND,3
GND898,,GND,,,1,GND,,GND,3
GND899,,GND,,,1,GND,,GND,3
GND900,,GND,,,1,GND,,GND,3
GND901,,GND,,,1,GND,,GND,3
GND902,,GND,,,1,GND,,GND,3
GND903,,GND,,,1,GND,,GND,3
GND904,,GND,,,1,GND,,GND,3
GND905,,GND,,,1,GND,,GND,3
GND906,,GND,,,1,GND,,GND,3
GND907,,GND,,,1,GND,,GND,3
GND908,,GND,,,1,GND,,GND,3
GND909,,GND,,,1,GND,,GND,3
GND910,,GND,,,1,GND,,GND,3
GND911,,GND,,,1,GND,,GND,3
GND912,,GND,,,1,GND,,GND,3
GND913,,GND,,,1,GND,,GND,3
GND914,,GND,,,1,GND,,GND,3
GND915,,GND,,,1,GND,,GND,3
GND916,,GND,,,1,GND,,GND,3
GND917,,GND,,,1,GND,,GND,3
GND918,,GND,,,1,GND,,GND,3
GND919,,GND,,,1,GND,,GND,3
GND920,,GND,,,1,GND,,GND,3
GND921,,GND,,,1,GND,,GND,3
GND922,,GND,,,1,GND,,GND,3
GND923,,GND,,,1,GND,,GND,3
GND924,,GND,,,1,GND,,GND,3
GND925,,GND,,,1,GND,,GND,3
GND926,,GND,,,1,GND,,GND,3
GND927,,GND,,,1,GND,,GND,3
GND928,,GND,,,1,GND,,GND,3
GND929,,GND,,,1,GND,,GND,3
GND930,,GND,,,1,GND,,GND,3
GND931,,GND,,,1,GND,,GND,3
GND932,,GND,,,1,GND,,GND,3
GND933,,GND,,,1,GND,,GND,3
GND934,,GND,,,1,GND,,GND,3
GND935,,GND,,,1,GND,,GND,3
GND936,,GND,,,1,GND,,GND,3
GND937,,GND,,,1,GND,,GND,3
GND938,,GND,,,1,GND,,GND,3
GND939,,GND,,,1,GND,,GND,3
GND940,,GND,,,1,GND,,GND,3
GND941,,GND,,,1,GND,,GND,3
GND942,,GND,,,1,GND,,GND,3
GND943,,GND,,,1,GND,,GND,3
GND944,,GND,,,1,GND,,GND,3
GND945,,GND,,,1,GND,,GND,3
GND946,,GND,,,1,GND,,GND,3
GND947,,GND,,,1,GND,,GND,3
GND948,,GND,,,1,GND,,GND,3
GND949,,GND,,,1,GND,,GND,3
GND950,,GND,,,1,GND,,GND,3
GND951,,GND,,,1,GND,,GND,3
GND952,,GND,,,1,GND,,GND,3
GND953,,GND,,,1,GND,,GND,3
GND954,,GND,,,1,GND,,GND,3
GND955,,GND,,,1,GND,,GND,3
GND956,,GND,,,1,GND,,GND,3
GND957,,GND,,,1,GND,,GND,3
GND958,,GND,,,1,GND,,GND,3
GND959,,GND,,,1,GND,,GND,3
GND960,,GND,,,1,GND,,GND,3
GND961,,GND,,,1,GND,,GND,3
GND962,,GND,,,1,GND,,GND,3
GND963,,GND,,,1,GND,,GND,3
GND964,,GND,,,1,GND,,GND,3
GND965,,GND,,,1,GND,,GND,3
GND966,,GND,,,1,GND,,GND,3
GND967,,GND,,,1,GND,,GND,3
GND968,,GND,,,1,GND,,GND,3
GND969,,GND,,,1,GND,,GND,3
GND970,,GND,,,1,GND,,GND,3
GND971,,GND,,,1,GND,,GND,3
GND972,,GND,,,1,GND,,GND,3
GND973,,GND,,,1,GND,,GND,3
GND974,,GND,,,1,GND,,GND,3
GND975,,GND,,,1,GND,,GND,3
GND976,,GND,,,1,GND,,GND,3
GND977,,GND,,,1,GND,,GND,3
GND978,,GND,,,1,GND,,GND,3
GND979,,GND,,,1,GND,,GND,3
GND980,,GND,,,1,GND,,GND,3
GND981,,GND,,,1,GND,,GND,3
GND982,,GND,,,1,GND,,GND,3
GND983,,GND,,,1,GND,,GND,3
GND984,,GND,,,1,GND,,GND,3
GND985,,GND,,,1,GND,,GND,3
GND986,,GND,,,1,GND,,GND,3
GND987,,GND,,,1,GND,,GND,3
GND988,,GND,,,1,GND,,GND,3
GND989,,GND,,,1,GND,,GND,3
GND990,,GND,,,1,GND,,GND,3
GND991,,GND,,,1,GND,,GND,3
GND992,,GND,,,1,GND,,GND,3
GND993,,GND,,,1,GND,,GND,3
GND994,,GND,,,1,GND,,GND,3
GND995,,GND,,,1,GND,,GND,3
GND996,,GND,,,1,GND,,GND,4
GND997,,GND,,,1,GND,,GND,4
GND998,,GND,,,1,GND,,GND,4
GND999,,GND,,,1,GND,,GND,4
GND1000,,GND,,,1,GND,,GND,4
GND1001,,GND,,,1,GND,,GND,4
GND1002,,GND,,,1,GND,,GND,4
GND1003,,GND,,,1,GND,,GND,4
GND1004,,GND,,,1,GND,,GND,4
GND1005,,GND,,,1,GND,,GND,4
GND1006,,GND,,,1,GND,,GND,4
GND1007,,GND,,,1,GND,,GND,4
GND1008,,GND,,,1,GND,,GND,4
GND1009,,GND,,,1,GND,,GND,4
GND1010,,GND,,,1,GND,,GND,4
GND1011,,GND,,,1,GND,,GND,4
GND1012,,GND,,,1,GND,,GND,4
GND1013,,GND,,,1,GND,,GND,4
GND1014,,GND,,,1,GND,,GND,4
GND1015,,GND,,,1,GND,,GND,4
GND1016,,GND,,,1,GND,,GND,4
GND1017,,GND,,,1,GND,,GND,4
GND1018,,GND,,,1,GND,,GND,4
GND1019,,GND,,,1,GND,,GND,4
GND1020,,GND,,,1,GND,,GND,4
GND1021,,GND,,,1,GND,,GND,4
GND1022,,GND,,,1,GND,,GND,4
GND1023,,GND,,,1,GND,,GND,1
GND1024,,GND,,,1,GND,,GND,1
GND1025,,GND,,,1,GND,,GND,4
GND1026,,GND,,,1,GND,,GND,4
GND1027,,GND,,,1,GND,,GND,4
GND1028,,GND,,,1,GND,,GND,4
GND1029,,GND,,,1,GND,,GND,1
GND1030,,GND,,,1,GND,,GND,4
GND1031,,GND,,,1,GND,,GND,4
GND1032,,GND,,,1,GND,,GND,4
GND1033,,GND,,,1,GND,,GND,4
GND1034,,GND,,,1,GND,,GND,1
GND1035,,GND,,,1,GND,,GND,4
GND1036,,GND,,,1,GND,,GND,4
GND1037,,GND,,,1,GND,,GND,4
GND1038,,GND,,,1,GND,,GND,4
GND1039,,GND,,,1,GND,,GND,1
GND1040,,GND,,,1,GND,,GND,4
GND1041,,GND,,,1,GND,,GND,4
GND1042,,GND,,,1,GND,,GND,4
GND1043,,GND,,,1,GND,,GND,4
GND1044,,GND,,,1,GND,,GND,2
GND1045,,GND,,,1,GND,,GND,4
GND1046,,GND,,,1,GND,,GND,4
GND1047,,GND,,,1,GND,,GND,4
GND1048,,GND,,,1,GND,,GND,4
GND1049,,GND,,,1,GND,,GND,2
GND1050,,GND,,,1,GND,,GND,4
GND1051,,GND,,,1,GND,,GND,4
GND1052,,GND,,,1,GND,,GND,4
GND1053,,GND,,,1,GND,,GND,4
GND1054,,GND,,,1,GND,,GND,1
GND1055,,GND,,,1,GND,,GND,4
GND1056,,GND,,,1,GND,,GND,4
GND1057,,GND,,,1,GND,,GND,4
GND1058,,GND,,,1,GND,,GND,4
GND1059,,GND,,,1,GND,,GND,2
GND1060,,GND,,,1,GND,,GND,4
GND1061,,GND,,,1,GND,,GND,4
GND1062,,GND,,,1,GND,,GND,4
GND1063,,GND,,,1,GND,,GND,4
GND1064,,GND,,,1,GND,,GND,4
GND1065,,GND,,,1,GND,,GND,4
GND1066,,GND,,,1,GND,,GND,4
GND1067,,GND,,,1,GND,,GND,4
GND1068,,GND,,,1,GND,,GND,4
GND1069,,GND,,,1,GND,,GND,1
GND1070,,GND,,,1,GND,,GND,4
GND1071,,GND,,,1,GND,,GND,4
GND1072,,GND,,,1,GND,,GND,4
GND1073,,GND,,,1,GND,,GND,4
GND1074,,GND,,,1,GND,,GND,1
GND1075,,GND,,,1,GND,,GND,4
GND1076,,GND,,,1,GND,,GND,4
GND1077,,GND,,,1,GND,,GND,4
GND1078,,GND,,,1,GND,,GND,4
GND1079,,GND,,,1,GND,,GND,1
GND1080,,GND,,,1,GND,,GND,4
GND1081,,GND,,,1,GND,,GND,4
GND1082,,GND,,,1,GND,,GND,4
GND1083,,GND,,,1,GND,,GND,4
GND1084,,GND,,,1,GND,,GND,2
GND1085,,GND,,,1,GND,,GND,4
GND1086,,GND,,,1,GND,,GND,4
GND1087,,GND,,,1,GND,,GND,4
GND1088,,GND,,,1,GND,,GND,4
GND1089,,GND,,,1,GND,,GND,2
GND1090,,GND,,,1,GND,,GND,4
GND1091,,GND,,,1,GND,,GND,4
GND1092,,GND,,,1,GND,,GND,4
GND1093,,GND,,,1,GND,,GND,4
GND1095,,GND,,,1,GND,,GND,4
GND1096,,GND,,,1,GND,,GND,4
GND1097,,GND,,,1,GND,,GND,4
GND1098,,GND,,,1,GND,,GND,4
GND1100,,GND,,,1,GND,,GND,4
GND1101,,GND,,,1,GND,,GND,4
GND1102,,GND,,,1,GND,,GND,4
GND1103,,GND,,,1,GND,,GND,4
GND1105,,GND,,,1,GND,,GND,4
GND1106,,GND,,,1,GND,,GND,4
GND1107,,GND,,,1,GND,,GND,4
GND1108,,GND,,,1,GND,,GND,4
GND1109,,GND,,,1,GND,,GND,4
GND1110,,GND,,,1,GND,,GND,4
GND1111,,GND,,,1,GND,,GND,4
GND1112,,GND,,,1,GND,,GND,4
GND1113,,GND,,,1,GND,,GND,4
GND1114,,GND,,,1,GND,,GND,4
GND1115,,GND,,,1,GND,,GND,4
GND1116,,GND,,,1,GND,,GND,4
GND1117,,GND,,,1,GND,,GND,4
GND1118,,GND,,,1,GND,,GND,4
GND1119,,GND,,,1,GND,,GND,4
GND1120,,GND,,,1,GND,,GND,4
GND1121,,GND,,,1,GND,,GND,4
GND1122,,GND,,,1,GND,,GND,4
GND1123,,GND,,,1,GND,,GND,4
GND1124,,GND,,,1,GND,,GND,4
GND1125,,GND,,,1,GND,,GND,4
GND1126,,GND,,,1,GND,,GND,4
GND1127,,GND,,,1,GND,,GND,4
GND1128,,GND,,,1,GND,,GND,4
GND1129,,GND,,,1,GND,,GND,4
GND1130,,GND,,,1,GND,,GND,4
GND1131,,GND,,,1,GND,,GND,4
GND1132,,GND,,,1,GND,,GND,4
GND1133,,GND,,,1,GND,,GND,3
GND1134,,GND,,,1,GND,,GND,3
GND1135,,GND,,,1,GND,,GND,3
GND1136,,GND,,,1,GND,,GND,2
GND1137,,GND,,,1,GND,,GND,4
GND1138,,GND,,,1,GND,,GND,4
GND1139,,GND,,,1,GND,,GND,2
GND1140,,GND,,,1,GND,,GND,2
GND1141,,GND,,,1,GND,,GND,2
GND1142,,GND,,,1,GND,,GND,1
GND1143,,GND,,,1,GND,,GND,1
GND1144,,GND,,,1,GND,,GND,1
GND1145,,GND,,,1,GND,,GND,1
GND1146,,GND,,,1,GND,,GND,1
GND1147,,GND,,,1,GND,,GND,1
GND1148,,GND,,,1,GND,,GND,1
GND1149,,GND,,,1,GND,,GND,1
GND1150,,GND,,,1,GND,,GND,1
GND1151,,GND,,,1,GND,,GND,1
GND1152,,GND,,,1,GND,,GND,1
GND1153,,GND,,,1,GND,,GND,1
GND1154,,GND,,,1,GND,,GND,1
GND1155,,GND,,,1,GND,,GND,1
GND1156,,GND,,,1,GND,,GND,1
GND1157,,GND,,,1,GND,,GND,1
GND1158,,GND,,,1,GND,,GND,1
GND1159,,GND,,,1,GND,,GND,1
GND1160,,GND,,,1,GND,,GND,1
GND1161,,GND,,,1,GND,,GND,1
GND1162,,GND,,,1,GND,,GND,1
GND1163,,GND,,,1,GND,,GND,1
GND1164,,GND,,,1,GND,,GND,1
GND1165,,GND,,,1,GND,,GND,1
GND1166,,GND,,,1,GND,,GND,1
GND1167,,GND,,,1,GND,,GND,1
GND1168,,GND,,,1,GND,,GND,1
GND1169,,GND,,,1,GND,,GND,1
GND1170,,GND,,,1,GND,,GND,1
GND1171,,GND,,,1,GND,,GND,1
GND1172,,GND,,,1,GND,,GND,1
GND1173,,GND,,,1,GND,,GND,1
GND1174,,GND,,,1,GND,,GND,1
GND1175,,GND,,,1,GND,,GND,1
GND1176,,GND,,,1,GND,,GND,1
GND1177,,GND,,,1,GND,,GND,1
GND1178,,GND,,,1,GND,,GND,1
GND1179,,GND,,,1,GND,,GND,1
GND1180,,GND,,,1,GND,,GND,1
GND1181,,GND,,,1,GND,,GND,1
GND1182,,GND,,,1,GND,,GND,1
GND1183,,GND,,,1,GND,,GND,1
GND1184,,GND,,,1,GND,,GND,1
J1,,142-0731-211,,1420731211,G$1,1,1,FPGA_SYS_CLOCK,2
J1,,142-0731-211,,1420731211,G$1,2,2,GND,2
J1,,142-0731-211,,1420731211,G$1,3,3,GND,2
J1,,142-0731-211,,1420731211,G$1,4,4,GND,2
J1,,142-0731-211,,1420731211,G$1,5,5,GND,2
J18,,142-0731-211,,1420731211,G$1,1,1,FPGA_DAC_CLOCK,2
J18,,142-0731-211,,1420731211,G$1,2,2,GND,2
J18,,142-0731-211,,1420731211,G$1,3,3,GND,2
J18,,142-0731-211,,1420731211,G$1,4,4,GND,2
J18,,142-0731-211,,1420731211,G$1,5,5,GND,2
J19,,CJT-T-P-HH-ST-TH1,,CJTTPHHSTTH1,G$1,1,1,FPGA_ADC_CLOCK_P,2
J19,,CJT-T-P-HH-ST-TH1,,CJTTPHHSTTH1,G$1,2,2,FPGA_ADC_CLOCK_N,2
J19,,CJT-T-P-HH-ST-TH1,,CJTTPHHSTTH1,G$1,MH1,MH1,GND,2
J19,,CJT-T-P-HH-ST-TH1,,CJTTPHHSTTH1,G$1,MH2,MH2,GND,2
J19,,CJT-T-P-HH-ST-TH1,,CJTTPHHSTTH1,G$1,MH3,MH3,GND,2
J19,,CJT-T-P-HH-ST-TH1,,CJTTPHHSTTH1,G$1,MH4,MH4,GND,2
J20,,142-0731-211,,1420731211,G$1,1,1,DAC_CLOCK,3
J20,,142-0731-211,,1420731211,G$1,2,2,GND,3
J20,,142-0731-211,,1420731211,G$1,3,3,GND,3
J20,,142-0731-211,,1420731211,G$1,4,4,GND,3
J20,,142-0731-211,,1420731211,G$1,5,5,GND,3
J21,,CJT-T-P-HH-ST-TH1,,CJTTPHHSTTH1,G$1,1,1,N$2_P,3
J21,,CJT-T-P-HH-ST-TH1,,CJTTPHHSTTH1,G$1,2,2,N$2_N,3
J21,,CJT-T-P-HH-ST-TH1,,CJTTPHHSTTH1,G$1,MH1,MH1,GND,3
J21,,CJT-T-P-HH-ST-TH1,,CJTTPHHSTTH1,G$1,MH2,MH2,GND,3
J21,,CJT-T-P-HH-ST-TH1,,CJTTPHHSTTH1,G$1,MH3,MH3,GND,3
J21,,CJT-T-P-HH-ST-TH1,,CJTTPHHSTTH1,G$1,MH4,MH4,GND,3
J22,,142-0731-211,,1420731211,G$1,1,1,N$24,3
J22,,142-0731-211,,1420731211,G$1,2,2,GND,3
J22,,142-0731-211,,1420731211,G$1,3,3,GND,3
J22,,142-0731-211,,1420731211,G$1,4,4,GND,3
J22,,142-0731-211,,1420731211,G$1,5,5,GND,3
J23,,142-0731-211,,1420731211,G$1,1,1,N$23,3
J23,,142-0731-211,,1420731211,G$1,2,2,GND,3
J23,,142-0731-211,,1420731211,G$1,3,3,GND,3
J23,,142-0731-211,,1420731211,G$1,4,4,GND,3
J23,,142-0731-211,,1420731211,G$1,5,5,GND,3
J24,,142-0731-211,,1420731211,G$1,1,1,N$129,3
J24,,142-0731-211,,1420731211,G$1,2,2,GND,3
J24,,142-0731-211,,1420731211,G$1,3,3,GND,3
J24,,142-0731-211,,1420731211,G$1,4,4,GND,3
J24,,142-0731-211,,1420731211,G$1,5,5,GND,3
J25,,142-0731-211,,1420731211,G$1,1,1,N$128,3
J25,,142-0731-211,,1420731211,G$1,2,2,GND,3
J25,,142-0731-211,,1420731211,G$1,3,3,GND,3
J25,,142-0731-211,,1420731211,G$1,4,4,GND,3
J25,,142-0731-211,,1420731211,G$1,5,5,GND,3
J26,,142-0731-211,,1420731211,G$1,1,1,N$134,3
J26,,142-0731-211,,1420731211,G$1,2,2,GND,3
J26,,142-0731-211,,1420731211,G$1,3,3,GND,3
J26,,142-0731-211,,1420731211,G$1,4,4,GND,3
J26,,142-0731-211,,1420731211,G$1,5,5,GND,3
J27,,142-0731-211,,1420731211,G$1,1,1,N$133,3
J27,,142-0731-211,,1420731211,G$1,2,2,GND,3
J27,,142-0731-211,,1420731211,G$1,3,3,GND,3
J27,,142-0731-211,,1420731211,G$1,4,4,GND,3
J27,,142-0731-211,,1420731211,G$1,5,5,GND,3
J28,,142-0731-211,,1420731211,G$1,1,1,N$139,3
J28,,142-0731-211,,1420731211,G$1,2,2,GND,3
J28,,142-0731-211,,1420731211,G$1,3,3,GND,3
J28,,142-0731-211,,1420731211,G$1,4,4,GND,3
J28,,142-0731-211,,1420731211,G$1,5,5,GND,3
J29,,142-0731-211,,1420731211,G$1,1,1,N$138,3
J29,,142-0731-211,,1420731211,G$1,2,2,GND,3
J29,,142-0731-211,,1420731211,G$1,3,3,GND,3
J29,,142-0731-211,,1420731211,G$1,4,4,GND,3
J29,,142-0731-211,,1420731211,G$1,5,5,GND,3
J30,,142-0731-211,,1420731211,G$1,1,1,N$144,3
J30,,142-0731-211,,1420731211,G$1,2,2,GND,3
J30,,142-0731-211,,1420731211,G$1,3,3,GND,3
J30,,142-0731-211,,1420731211,G$1,4,4,GND,3
J30,,142-0731-211,,1420731211,G$1,5,5,GND,3
J31,,142-0731-211,,1420731211,G$1,1,1,N$143,3
J31,,142-0731-211,,1420731211,G$1,2,2,GND,3
J31,,142-0731-211,,1420731211,G$1,3,3,GND,3
J31,,142-0731-211,,1420731211,G$1,4,4,GND,3
J31,,142-0731-211,,1420731211,G$1,5,5,GND,3
J32,,142-0731-211,,1420731211,G$1,1,1,N$149,3
J32,,142-0731-211,,1420731211,G$1,2,2,GND,3
J32,,142-0731-211,,1420731211,G$1,3,3,GND,3
J32,,142-0731-211,,1420731211,G$1,4,4,GND,3
J32,,142-0731-211,,1420731211,G$1,5,5,GND,3
J33,,142-0731-211,,1420731211,G$1,1,1,N$148,3
J33,,142-0731-211,,1420731211,G$1,2,2,GND,3
J33,,142-0731-211,,1420731211,G$1,3,3,GND,3
J33,,142-0731-211,,1420731211,G$1,4,4,GND,3
J33,,142-0731-211,,1420731211,G$1,5,5,GND,3
J34,,142-0731-211,,1420731211,G$1,1,1,N$154,3
J34,,142-0731-211,,1420731211,G$1,2,2,GND,3
J34,,142-0731-211,,1420731211,G$1,3,3,GND,3
J34,,142-0731-211,,1420731211,G$1,4,4,GND,3
J34,,142-0731-211,,1420731211,G$1,5,5,GND,3
J35,,142-0731-211,,1420731211,G$1,1,1,N$153,3
J35,,142-0731-211,,1420731211,G$1,2,2,GND,3
J35,,142-0731-211,,1420731211,G$1,3,3,GND,3
J35,,142-0731-211,,1420731211,G$1,4,4,GND,3
J35,,142-0731-211,,1420731211,G$1,5,5,GND,3
J36,,142-0731-211,,1420731211,G$1,1,1,N$159,3
J36,,142-0731-211,,1420731211,G$1,2,2,GND,3
J36,,142-0731-211,,1420731211,G$1,3,3,GND,3
J36,,142-0731-211,,1420731211,G$1,4,4,GND,3
J36,,142-0731-211,,1420731211,G$1,5,5,GND,3
J37,,142-0731-211,,1420731211,G$1,1,1,N$158,3
J37,,142-0731-211,,1420731211,G$1,2,2,GND,3
J37,,142-0731-211,,1420731211,G$1,3,3,GND,3
J37,,142-0731-211,,1420731211,G$1,4,4,GND,3
J37,,142-0731-211,,1420731211,G$1,5,5,GND,3
J38,,142-0731-211,,1420731211,G$1,1,1,N$164,3
J38,,142-0731-211,,1420731211,G$1,2,2,GND,3
J38,,142-0731-211,,1420731211,G$1,3,3,GND,3
J38,,142-0731-211,,1420731211,G$1,4,4,GND,3
J38,,142-0731-211,,1420731211,G$1,5,5,GND,3
J39,,142-0731-211,,1420731211,G$1,1,1,N$163,3
J39,,142-0731-211,,1420731211,G$1,2,2,GND,3
J39,,142-0731-211,,1420731211,G$1,3,3,GND,3
J39,,142-0731-211,,1420731211,G$1,4,4,GND,3
J39,,142-0731-211,,1420731211,G$1,5,5,GND,3
J40,,142-0731-211,,1420731211,G$1,1,1,N$169,3
J40,,142-0731-211,,1420731211,G$1,2,2,GND,3
J40,,142-0731-211,,1420731211,G$1,3,3,GND,3
J40,,142-0731-211,,1420731211,G$1,4,4,GND,3
J40,,142-0731-211,,1420731211,G$1,5,5,GND,3
J41,,142-0731-211,,1420731211,G$1,1,1,N$168,3
J41,,142-0731-211,,1420731211,G$1,2,2,GND,3
J41,,142-0731-211,,1420731211,G$1,3,3,GND,3
J41,,142-0731-211,,1420731211,G$1,4,4,GND,3
J41,,142-0731-211,,1420731211,G$1,5,5,GND,3
J42,,142-0731-211,,1420731211,G$1,1,1,N$174,3
J42,,142-0731-211,,1420731211,G$1,2,2,GND,3
J42,,142-0731-211,,1420731211,G$1,3,3,GND,3
J42,,142-0731-211,,1420731211,G$1,4,4,GND,3
J42,,142-0731-211,,1420731211,G$1,5,5,GND,3
J43,,142-0731-211,,1420731211,G$1,1,1,N$173,3
J43,,142-0731-211,,1420731211,G$1,2,2,GND,3
J43,,142-0731-211,,1420731211,G$1,3,3,GND,3
J43,,142-0731-211,,1420731211,G$1,4,4,GND,3
J43,,142-0731-211,,1420731211,G$1,5,5,GND,3
J44,,142-0731-211,,1420731211,G$1,1,1,N$179,3
J44,,142-0731-211,,1420731211,G$1,2,2,GND,3
J44,,142-0731-211,,1420731211,G$1,3,3,GND,3
J44,,142-0731-211,,1420731211,G$1,4,4,GND,3
J44,,142-0731-211,,1420731211,G$1,5,5,GND,3
J45,,142-0731-211,,1420731211,G$1,1,1,N$178,3
J45,,142-0731-211,,1420731211,G$1,2,2,GND,3
J45,,142-0731-211,,1420731211,G$1,3,3,GND,3
J45,,142-0731-211,,1420731211,G$1,4,4,GND,3
J45,,142-0731-211,,1420731211,G$1,5,5,GND,3
J46,,142-0731-211,,1420731211,G$1,1,1,N$184,3
J46,,142-0731-211,,1420731211,G$1,2,2,GND,3
J46,,142-0731-211,,1420731211,G$1,3,3,GND,3
J46,,142-0731-211,,1420731211,G$1,4,4,GND,3
J46,,142-0731-211,,1420731211,G$1,5,5,GND,3
J47,,142-0731-211,,1420731211,G$1,1,1,N$183,3
J47,,142-0731-211,,1420731211,G$1,2,2,GND,3
J47,,142-0731-211,,1420731211,G$1,3,3,GND,3
J47,,142-0731-211,,1420731211,G$1,4,4,GND,3
J47,,142-0731-211,,1420731211,G$1,5,5,GND,3
J48,,142-0731-211,,1420731211,G$1,1,1,N$189,3
J48,,142-0731-211,,1420731211,G$1,2,2,GND,3
J48,,142-0731-211,,1420731211,G$1,3,3,GND,3
J48,,142-0731-211,,1420731211,G$1,4,4,GND,3
J48,,142-0731-211,,1420731211,G$1,5,5,GND,3
J49,,142-0731-211,,1420731211,G$1,1,1,N$188,3
J49,,142-0731-211,,1420731211,G$1,2,2,GND,3
J49,,142-0731-211,,1420731211,G$1,3,3,GND,3
J49,,142-0731-211,,1420731211,G$1,4,4,GND,3
J49,,142-0731-211,,1420731211,G$1,5,5,GND,3
J50,,142-0731-211,,1420731211,G$1,1,1,N$194,3
J50,,142-0731-211,,1420731211,G$1,2,2,GND,3
J50,,142-0731-211,,1420731211,G$1,3,3,GND,3
J50,,142-0731-211,,1420731211,G$1,4,4,GND,3
J50,,142-0731-211,,1420731211,G$1,5,5,GND,3
J51,,142-0731-211,,1420731211,G$1,1,1,N$193,3
J51,,142-0731-211,,1420731211,G$1,2,2,GND,3
J51,,142-0731-211,,1420731211,G$1,3,3,GND,3
J51,,142-0731-211,,1420731211,G$1,4,4,GND,3
J51,,142-0731-211,,1420731211,G$1,5,5,GND,3
J52,,142-0731-211,,1420731211,G$1,1,1,N$199,3
J52,,142-0731-211,,1420731211,G$1,2,2,GND,3
J52,,142-0731-211,,1420731211,G$1,3,3,GND,3
J52,,142-0731-211,,1420731211,G$1,4,4,GND,3
J52,,142-0731-211,,1420731211,G$1,5,5,GND,3
J53,,142-0731-211,,1420731211,G$1,1,1,N$198,3
J53,,142-0731-211,,1420731211,G$1,2,2,GND,3
J53,,142-0731-211,,1420731211,G$1,3,3,GND,3
J53,,142-0731-211,,1420731211,G$1,4,4,GND,3
J53,,142-0731-211,,1420731211,G$1,5,5,GND,3
J54,,142-0731-211,,1420731211,G$1,1,1,N$204,3
J54,,142-0731-211,,1420731211,G$1,2,2,GND,3
J54,,142-0731-211,,1420731211,G$1,3,3,GND,3
J54,,142-0731-211,,1420731211,G$1,4,4,GND,3
J54,,142-0731-211,,1420731211,G$1,5,5,GND,3
J55,,142-0731-211,,1420731211,G$1,1,1,N$203,3
J55,,142-0731-211,,1420731211,G$1,2,2,GND,3
J55,,142-0731-211,,1420731211,G$1,3,3,GND,3
J55,,142-0731-211,,1420731211,G$1,4,4,GND,3
J55,,142-0731-211,,1420731211,G$1,5,5,GND,3
JP1,,PINHD-2X6,,2X06,A,1,1,AD9523_PD,2
JP1,,PINHD-2X6,,2X06,A,10,10,AD9523_STATUS1,2
JP1,,PINHD-2X6,,2X06,A,11,11,AD9523_EEPROM_SEL,2
JP1,,PINHD-2X6,,2X06,A,12,12,GND,2
JP1,,PINHD-2X6,,2X06,A,2,2,AD9523_REF_SEL,2
JP1,,PINHD-2X6,,2X06,A,3,3,AD9523_SYNC,2
JP1,,PINHD-2X6,,2X06,A,4,4,AD9523_RESET,2
JP1,,PINHD-2X6,,2X06,A,5,5,AD9523_CS,2
JP1,,PINHD-2X6,,2X06,A,6,6,STM32_SCLK4,2
JP1,,PINHD-2X6,,2X06,A,7,7,STM32_MOSI4,2
JP1,,PINHD-2X6,,2X06,A,8,8,STM32_MISO4,2
JP1,,PINHD-2X6,,2X06,A,9,9,AD9523_STATUS0,2
JP2,,PINHD-1X6,,1X06,A,1,1,+3V3,2
JP2,,PINHD-1X6,,1X06,A,2,2,STM32_SWCLK,2
JP2,,PINHD-1X6,,1X06,A,3,3,GND,2
JP2,,PINHD-1X6,,1X06,A,4,4,STM32_SWDIO,2
JP2,,PINHD-1X6,,1X06,A,5,5,STM32_NRST,2
JP2,,PINHD-1X6,,1X06,A,6,6,STM32_SWO,2
JP3,,PINHD-2X4,,2X04,A,1,1,N$32,2
JP3,,PINHD-2X4,,2X04,A,2,2,+3V3_FPGA,2
JP3,,PINHD-2X4,,2X04,A,3,3,N$33,2
JP3,,PINHD-2X4,,2X04,A,5,5,N$34,2
JP3,,PINHD-2X4,,2X04,A,7,7,N$36,2
JP3,,PINHD-2X4,,2X04,A,8,8,GND,2
JP4,,PINHD-1X3,,1X03,A,1,1,EN/DIS_COOLING,2
JP4,,PINHD-1X3,,1X03,A,3,3,GND,2
JP5,,PINHD-1X3,,1X03,A,1,1,+3V3_AN4_F,4
JP5,,PINHD-1X3,,1X03,A,2,2,N$295,4
JP5,,PINHD-1X3,,1X03,A,3,3,GND,4
JP6,,PINHD-1X3,,1X03,A,1,1,+3V3_AN4_F,4
JP6,,PINHD-1X3,,1X03,A,2,2,N$296,4
JP6,,PINHD-1X3,,1X03,A,3,3,GND,4
JP7,,PINHD-1X8,,1X08,A,2,2,+3V3,2
JP7,,PINHD-1X8,,1X08,A,3,3,GND,2
JP7,,PINHD-1X8,,1X08,A,4,4,STM32_SCL3,2
JP7,,PINHD-1X8,,1X08,A,5,5,STM32_SDA3,2
JP7,,PINHD-1X8,,1X08,A,6,6,MAG_DRDY,2
JP7,,PINHD-1X8,,1X08,A,7,7,ACC_INT,2
JP7,,PINHD-1X8,,1X08,A,8,8,GYR_INT,2
JP8,,PINHD-1X4,,1X04,A,1,1,+3V3,2
JP8,,PINHD-1X4,,1X04,A,2,2,STM32_TX5,2
JP8,,PINHD-1X4,,1X04,A,3,3,STM32_RX5,2
JP8,,PINHD-1X4,,1X04,A,4,4,GND,2
JP9,,PINHD-1X4,,1X04,A,1,1,GND,2
JP9,,PINHD-1X4,,1X04,A,2,2,STEPPER_CW+,2
JP9,,PINHD-1X4,,1X04,A,3,3,GND,2
JP9,,PINHD-1X4,,1X04,A,4,4,STEPPER_CLK+,2
JP10,,PINHD-1X3,,1X03,A,1,1,EN/DIS_RFPA_VDD,2
JP10,,PINHD-1X3,,1X03,A,3,3,GND,2
JP11,,PINHD-1X3,,1X03,A,1,1,+3V3_AN4_F,4
JP11,,PINHD-1X3,,1X03,A,2,2,N$306,4
JP11,,PINHD-1X3,,1X03,A,3,3,GND,4
JP12,,PINHD-1X3,,1X03,A,1,1,+3V3_AN4_F,4
JP12,,PINHD-1X3,,1X03,A,2,2,N$298,4
JP12,,PINHD-1X3,,1X03,A,3,3,GND,4
JP13,,PINHD-2X7,,2X07,A,1,1,STM32_MISO4,2
JP13,,PINHD-2X7,,2X07,A,10,10,ADF4382_RX_CE,2
JP13,,PINHD-2X7,,2X07,A,11,11,ADF4382_RX_DELSTR,2
JP13,,PINHD-2X7,,2X07,A,12,12,ADF4382_RX_DELADJ,2
JP13,,PINHD-2X7,,2X07,A,13,13,ADF4382_RX_LKDET,2
JP13,,PINHD-2X7,,2X07,A,14,14,GND,2
JP13,,PINHD-2X7,,2X07,A,2,2,STM32_SCLK4,2
JP13,,PINHD-2X7,,2X07,A,3,3,STM32_MOSI4,2
JP13,,PINHD-2X7,,2X07,A,4,4,ADF4382_TX_CS,2
JP13,,PINHD-2X7,,2X07,A,5,5,ADF4382_TX_CE,2
JP13,,PINHD-2X7,,2X07,A,6,6,ADF4382_TX_DELSTR,2
JP13,,PINHD-2X7,,2X07,A,7,7,ADF4382_TX_DELADJ,2
JP13,,PINHD-2X7,,2X07,A,8,8,ADF4382_TX_LKDET,2
JP13,,PINHD-2X7,,2X07,A,9,9,ADF4382_RX_CS,2
JP14,,PINHD-1X3,,1X03,A,1,1,+3V3_AN4_F,4
JP14,,PINHD-1X3,,1X03,A,2,2,N$299,4
JP14,,PINHD-1X3,,1X03,A,3,3,GND,4
JP15,,PINHD-1X3,,1X03,A,1,1,+3V3_AN4_F,4
JP15,,PINHD-1X3,,1X03,A,2,2,N$307,4
JP15,,PINHD-1X3,,1X03,A,3,3,GND,4
JP16,,PINHD-1X3,,1X03,A,1,1,+3V3_AN4_F,4
JP16,,PINHD-1X3,,1X03,A,2,2,N$301,4
JP16,,PINHD-1X3,,1X03,A,3,3,GND,4
JP17,,PINHD-1X3,,1X03,A,1,1,STM32_TX3,2
JP17,,PINHD-1X3,,1X03,A,2,2,STM32_RX3,2
JP17,,PINHD-1X3,,1X03,A,3,3,GND,2
JP18,,PINHD-1X4,,1X04,A,1,1,STM32_SDA3,2
JP18,,PINHD-1X4,,1X04,A,2,2,STM32_SCL3,2
JP18,,PINHD-1X4,,1X04,A,3,3,GND,2
JP18,,PINHD-1X4,,1X04,A,4,4,+3V3,2
JP19,,PINHD-1X3,,1X03,A,1,1,+3V3_AN4_F,4
JP19,,PINHD-1X3,,1X03,A,2,2,N$297,4
JP19,,PINHD-1X3,,1X03,A,3,3,GND,4
JP20,,PINHD-1X2,,1X02,G$1,1,1,FPGA_CLOCK_TEST,2
JP20,,PINHD-1X2,,1X02,G$1,2,2,GND,2
L1,,L-EU,L5650M,L5650M,G$1,1,1,+1V8_CLOCK,1
L1,,L-EU,L5650M,L5650M,G$1,2,2,+1V8_CLOCK_F,1
L2,12nH,L,L0201,L0201,G$1,1,1,N$305,3
L2,12nH,L,L0201,L0201,G$1,2,2,N$300,3
L3,159nH,L,L0201,L0201,G$1,1,1,N$113,3
L3,159nH,L,L0201,L0201,G$1,2,2,N$58,3
L4,159nH,L,L0201,L0201,G$1,1,1,N$125,3
L4,159nH,L,L0201,L0201,G$1,2,2,N$62,3
L5,,BLM15H,,0402,G$1,1,1,N$9,2
L5,,BLM15H,,0402,G$1,2,2,+3V3,2
L6,,BLM15H,,0402,G$1,1,1,DAC_AVDD,3
L6,,BLM15H,,0402,G$1,2,2,+3V3_AN,3
L7,,BLM15H,,0402,G$1,1,1,DAC_ACOM,3
L7,,BLM15H,,0402,G$1,2,2,GND,3
L8,12nH,L,L0201,L0201,G$1,1,1,N$125,3
L8,12nH,L,L0201,L0201,G$1,2,2,N$113,3
L9,50nH,L,L0201,L0201,G$1,1,1,AMP_IN_P,3
L9,50nH,L,L0201,L0201,G$1,2,2,N$71,3
L10,50nH,L,L0201,L0201,G$1,1,1,AMP_IN_N,3
L10,50nH,L,L0201,L0201,G$1,2,2,N$82,3
L11,,L-EU,L5650M,L5650M,G$1,1,1,+3V3_ADAR12,1
L11,,L-EU,L5650M,L5650M,G$1,2,2,+3V3_ADAR1_F,1
L12,,L-EU,L5650M,L5650M,G$1,1,1,+3V3_ADAR12,1
L12,,L-EU,L5650M,L5650M,G$1,2,2,+3V3_ADAR2_F,1
L13,,L-EU,L5650M,L5650M,G$1,1,1,+3V3_ADAR34,1
L13,,L-EU,L5650M,L5650M,G$1,2,2,+3V3_ADAR3_F,1
L14,,L-EU,L5650M,L5650M,G$1,1,1,+3V3_ADAR34,1
L14,,L-EU,L5650M,L5650M,G$1,2,2,+3V3_ADAR4_F,1
L15,,L-EU,L5650M,L5650M,G$1,1,1,+3V3_AN,1
L15,,L-EU,L5650M,L5650M,G$1,2,2,+3V3_AN1_F,1
L16,,L-EU,L5650M,L5650M,G$1,1,1,+3V3_AN,1
L16,,L-EU,L5650M,L5650M,G$1,2,2,+3V3_AN2_F,1
L17,,L-EU,L5650M,L5650M,G$1,1,1,+3V3_AN,1
L17,,L-EU,L5650M,L5650M,G$1,2,2,+3V3_AN3_F,1
L18,,L-EU,L5650M,L5650M,G$1,1,1,+3V3_AN,1
L18,,L-EU,L5650M,L5650M,G$1,2,2,+3V3_AN4_F,1
L19,,L-EU,L5650M,L5650M,G$1,1,1,+3V3_FPGA,2
L19,,L-EU,L5650M,L5650M,G$1,2,2,+3V3_FT,2
L21,,L-EU,L5650M,L5650M,G$1,1,1,+3V3_AN,1
L21,,L-EU,L5650M,L5650M,G$1,2,2,+3V3_AN5_F,1
L22,107.3nH,L,L0201,L0201,G$1,1,1,DAC_IOUT_P,3
L22,107.3nH,L,L0201,L0201,G$1,2,2,N$99,3
L23,,L-EU,L5650M,L5650M,G$1,1,1,+3V3_AN,1
L23,,L-EU,L5650M,L5650M,G$1,2,2,+3V3_AN6_F,1
L24,50nH,L,L0201,L0201,G$1,1,1,N$300,3
L24,50nH,L,L0201,L0201,G$1,2,2,N$308,3
L25,107.3nH,L,L0201,L0201,G$1,1,1,DAC_IOUT_N,3
L25,107.3nH,L,L0201,L0201,G$1,2,2,N$101,3
L26,107.3nH,L,L0201,L0201,G$1,1,1,N$99,3
L26,107.3nH,L,L0201,L0201,G$1,2,2,DAC_IOUT_F_P,3
L27,107.3nH,L,L0201,L0201,G$1,1,1,N$101,3
L27,107.3nH,L,L0201,L0201,G$1,2,2,DAC_IOUT_F_N,3
L28,50nH,L,L0201,L0201,G$1,1,1,N$305,3
L28,50nH,L,L0201,L0201,G$1,2,2,N$309,3
OPA_1,,OPA4703EA/250,,PW14,A,INA+,3,GND,4
OPA_1,,OPA4703EA/250,,PW14,A,INA-,2,N$254,4
OPA_1,,OPA4703EA/250,,PW14,A,INB+,5,GND,4
OPA_1,,OPA4703EA/250,,PW14,A,INB-,6,N$256,4
OPA_1,,OPA4703EA/250,,PW14,A,INC+,10,GND,4
OPA_1,,OPA4703EA/250,,PW14,A,INC-,9,N$260,4
OPA_1,,OPA4703EA/250,,PW14,A,IND+,12,GND,4
OPA_1,,OPA4703EA/250,,PW14,A,IND-,13,N$263,4
OPA_1,,OPA4703EA/250,,PW14,A,OUTA,1,VG_15,4
OPA_1,,OPA4703EA/250,,PW14,A,OUTB,7,VG_13,4
OPA_1,,OPA4703EA/250,,PW14,A,OUTC,8,VG_11,4
OPA_1,,OPA4703EA/250,,PW14,A,OUTD,14,VG_9,4
OPA_1,,OPA4703EA/250,,PW14,A,V+,4,+5V5_PA,4
OPA_1,,OPA4703EA/250,,PW14,A,V-,11,-5V5_PA,4
OPA_2,,OPA4703EA/250,,PW14,A,INA+,3,GND,4
OPA_2,,OPA4703EA/250,,PW14,A,INA-,2,N$222,4
OPA_2,,OPA4703EA/250,,PW14,A,INB+,5,GND,4
OPA_2,,OPA4703EA/250,,PW14,A,INB-,6,N$224,4
OPA_2,,OPA4703EA/250,,PW14,A,INC+,10,GND,4
OPA_2,,OPA4703EA/250,,PW14,A,INC-,9,N$228,4
OPA_2,,OPA4703EA/250,,PW14,A,IND+,12,GND,4
OPA_2,,OPA4703EA/250,,PW14,A,IND-,13,N$231,4
OPA_2,,OPA4703EA/250,,PW14,A,OUTA,1,VG_7,4
OPA_2,,OPA4703EA/250,,PW14,A,OUTB,7,VG_5,4
OPA_2,,OPA4703EA/250,,PW14,A,OUTC,8,VG_3,4
OPA_2,,OPA4703EA/250,,PW14,A,OUTD,14,VG_1,4
OPA_2,,OPA4703EA/250,,PW14,A,V+,4,+5V5_PA,4
OPA_2,,OPA4703EA/250,,PW14,A,V-,11,-5V5_PA,4
OPA_3,,OPA4703EA/250,,PW14,A,INA+,3,GND,4
OPA_3,,OPA4703EA/250,,PW14,A,INA-,2,N$238,4
OPA_3,,OPA4703EA/250,,PW14,A,INB+,5,GND,4
OPA_3,,OPA4703EA/250,,PW14,A,INB-,6,N$240,4
OPA_3,,OPA4703EA/250,,PW14,A,INC+,10,GND,4
OPA_3,,OPA4703EA/250,,PW14,A,INC-,9,N$244,4
OPA_3,,OPA4703EA/250,,PW14,A,IND+,12,GND,4
OPA_3,,OPA4703EA/250,,PW14,A,IND-,13,N$247,4
OPA_3,,OPA4703EA/250,,PW14,A,OUTA,1,VG_14,4
OPA_3,,OPA4703EA/250,,PW14,A,OUTB,7,VG_16,4
OPA_3,,OPA4703EA/250,,PW14,A,OUTC,8,VG_10,4
OPA_3,,OPA4703EA/250,,PW14,A,OUTD,14,VG_12,4
OPA_3,,OPA4703EA/250,,PW14,A,V+,4,+5V5_PA,4
OPA_3,,OPA4703EA/250,,PW14,A,V-,11,-5V5_PA,4
OPA_4,,OPA4703EA/250,,PW14,A,INA+,3,GND,4
OPA_4,,OPA4703EA/250,,PW14,A,INA-,2,N$206,4
OPA_4,,OPA4703EA/250,,PW14,A,INB+,5,GND,4
OPA_4,,OPA4703EA/250,,PW14,A,INB-,6,N$208,4
OPA_4,,OPA4703EA/250,,PW14,A,INC+,10,GND,4
OPA_4,,OPA4703EA/250,,PW14,A,INC-,9,N$213,4
OPA_4,,OPA4703EA/250,,PW14,A,IND+,12,GND,4
OPA_4,,OPA4703EA/250,,PW14,A,IND-,13,N$216,4
OPA_4,,OPA4703EA/250,,PW14,A,OUTA,1,VG_6,4
OPA_4,,OPA4703EA/250,,PW14,A,OUTB,7,VG_8,4
OPA_4,,OPA4703EA/250,,PW14,A,OUTC,8,VG_2,4
OPA_4,,OPA4703EA/250,,PW14,A,OUTD,14,VG_4,4
OPA_4,,OPA4703EA/250,,PW14,A,V+,4,+5V5_PA,4
OPA_4,,OPA4703EA/250,,PW14,A,V-,11,-5V5_PA,4
R1,24R,R-EU_,R0402,R0402,G$1,1,1,N$4,3
R1,24R,R-EU_,R0402,R0402,G$1,2,2,ADC_IF_IN_N,3
R2,100R,R,R0201,R0201,G$1,1,1,ADC_D0_N,2
R2,100R,R,R0201,R0201,G$1,2,2,ADC_D0_P,2
R3,100R,R,R0201,R0201,G$1,1,1,ADC_D1_N,2
R3,100R,R,R0201,R0201,G$1,2,2,ADC_D1_P,2
R4,100R,R,R0201,R0201,G$1,1,1,FPGA_ADC_CLOCK_N,2
R4,100R,R,R0201,R0201,G$1,2,2,FPGA_ADC_CLOCK_P,2
R5,100R,R,R0201,R0201,G$1,1,1,ADC_D3_N,2
R5,100R,R,R0201,R0201,G$1,2,2,ADC_D3_P,2
R6,100R,R,R0201,R0201,G$1,1,1,ADC_D2_N,2
R6,100R,R,R0201,R0201,G$1,2,2,ADC_D2_P,2
R7,100R,R,R0201,R0201,G$1,1,1,ADC_D4_N,2
R7,100R,R,R0201,R0201,G$1,2,2,ADC_D4_P,2
R8,100R,R,R0201,R0201,G$1,1,1,ADC_D6_N,2
R8,100R,R,R0201,R0201,G$1,2,2,ADC_D6_P,2
R9,100R,R,R0201,R0201,G$1,1,1,ADC_D5_N,2
R9,100R,R,R0201,R0201,G$1,2,2,ADC_D5_P,2
R10,100R,R,R0201,R0201,G$1,1,1,ADC_D7_N,2
R10,100R,R,R0201,R0201,G$1,2,2,ADC_D7_P,2
R11,100R,R,R0201,R0201,G$1,1,1,ADC_OR_N,2
R11,100R,R,R0201,R0201,G$1,2,2,ADC_OR_P,2
R12,100R,R,R0201,R0201,G$1,1,1,ADC_DCO_N,2
R12,100R,R,R0201,R0201,G$1,2,2,ADC_DCO_P,2
R13,24R,R-EU_,R0402,R0402,G$1,1,1,N$43,3
R13,24R,R-EU_,R0402,R0402,G$1,2,2,ADC_IF_IN_P,3
R14,115R,R-EU_,R0201,R0201,G$1,1,1,N$35,3
R14,115R,R-EU_,R0201,R0201,G$1,2,2,N$48,3
R15,4.3k,R-EU_,R0201,R0201,G$1,1,1,N$15,3
R15,4.3k,R-EU_,R0201,R0201,G$1,2,2,N$5,3
R16,200R,R,R0201,R0201,G$1,1,1,N$67,3
R16,200R,R,R0201,R0201,G$1,2,2,ADC_IF_IN_P,3
R17,200R,R,R0201,R0201,G$1,1,1,ADC_IF_IN_N,3
R17,200R,R,R0201,R0201,G$1,2,2,N$67,3
R18,0R,R,R0201,R0201,G$1,1,1,N$78,3
R18,0R,R,R0201,R0201,G$1,2,2,N$50,3
R19,0R,R,R0201,R0201,G$1,1,1,N$49,3
R19,0R,R,R0201,R0201,G$1,2,2,N$73,3
R20,200R,R,R0201,R0201,G$1,1,1,N$110,3
R20,200R,R,R0201,R0201,G$1,2,2,AMP_IF_IN_P,3
R21,200R,R,R0201,R0201,G$1,1,1,AMP_IF_IN_N,3
R21,200R,R,R0201,R0201,G$1,2,2,N$110,3
R22,56R,R-EU_,R0201,R0201,G$1,1,1,N$87,3
R22,56R,R-EU_,R0201,R0201,G$1,2,2,N$88,3
R23,22R,R,R0201,R0201,G$1,1,1,DAC_7,3
R23,22R,R,R0201,R0201,G$1,2,2,N$10,3
R24,22R,R,R0201,R0201,G$1,1,1,DAC_6,3
R24,22R,R,R0201,R0201,G$1,2,2,N$11,3
R25,22R,R,R0201,R0201,G$1,1,1,DAC_5,3
R25,22R,R,R0201,R0201,G$1,2,2,N$12,3
R26,22R,R,R0201,R0201,G$1,1,1,DAC_4,3
R26,22R,R,R0201,R0201,G$1,2,2,N$13,3
R27,22R,R,R0201,R0201,G$1,1,1,DAC_3,3
R27,22R,R,R0201,R0201,G$1,2,2,N$14,3
R28,22R,R,R0201,R0201,G$1,1,1,DAC_2,3
R28,22R,R,R0201,R0201,G$1,2,2,N$16,3
R29,22R,R,R0201,R0201,G$1,1,1,DAC_1,3
R29,22R,R,R0201,R0201,G$1,2,2,N$18,3
R30,22R,R,R0201,R0201,G$1,1,1,DAC_0,3
R30,22R,R,R0201,R0201,G$1,2,2,N$19,3
R31,50R,R,R0201,R0201,G$1,1,1,GND,3
R31,50R,R,R0201,R0201,G$1,2,2,DAC_CLOCK,3
R32,4.3k,R-EU_,R0201,R0201,G$1,1,1,N$86,3
R32,4.3k,R-EU_,R0201,R0201,G$1,2,2,N$85,3
R33,3k2,R,R0201,R0201,G$1,1,1,N$22,3
R33,3k2,R,R0201,R0201,G$1,2,2,GND,3
R34,0R,R,R0201,R0201,G$1,1,1,N$112,3
R34,0R,R,R0201,R0201,G$1,2,2,N$103,3
R35,0R,R,R0201,R0201,G$1,1,1,N$89,3
R35,0R,R,R0201,R0201,G$1,2,2,N$111,3
R36,830R,R-EU_,R0402,R0402,G$1,1,1,N$41,3
R36,830R,R-EU_,R0402,R0402,G$1,2,2,ADC_PWRD,3
R37,1k,R-EU_,R0402,R0402,G$1,1,1,GND,3
R37,1k,R-EU_,R0402,R0402,G$1,2,2,N$41,3
R38,20k,R-EU_,R0402,R0402,G$1,1,1,GND,3
R38,20k,R-EU_,R0402,R0402,G$1,2,2,N$17,3
R39,10k,R,R0201,R0201,G$1,1,1,DAC_2_VG_CLR,4
R39,10k,R,R0201,R0201,G$1,2,2,+3V3_AN3_F,4
R40,10k,R,R0201,R0201,G$1,1,1,DAC_1_VG_CLR,4
R40,10k,R,R0201,R0201,G$1,2,2,+3V3_AN3_F,4
R41,1k,R,R0201,R0201,G$1,1,1,GND,4
R41,1k,R,R0201,R0201,G$1,2,2,N$221,4
R42,4.7k,R,R0201,R0201,G$1,1,1,+3V3_AN3_F,4
R42,4.7k,R,R0201,R0201,G$1,2,2,DAC_1_VG_LDAC,4
R43,1k,R,R0201,R0201,G$1,1,1,GND,4
R43,1k,R,R0201,R0201,G$1,2,2,N$205,4
R44,4.7k,R,R0201,R0201,G$1,1,1,+3V3_AN3_F,4
R44,4.7k,R,R0201,R0201,G$1,2,2,DAC_2_VG_LDAC,4
R45,4.7k,R,R0201,R0201,G$1,1,1,N$39,3
R45,4.7k,R,R0201,R0201,G$1,2,2,GND,3
R46,4.7k,R,R0201,R0201,G$1,1,1,GND,3
R46,4.7k,R,R0201,R0201,G$1,2,2,ADAR_TX_LOAD_1,3
R47,4.7k,R,R0201,R0201,G$1,1,1,GND,3
R47,4.7k,R,R0201,R0201,G$1,2,2,ADAR_RX_LOAD_1,3
R48,4.7k,R,R0201,R0201,G$1,1,1,N$40,3
R48,4.7k,R,R0201,R0201,G$1,2,2,GND,3
R49,22R,R,R0201,R0201,G$1,1,1,FPGA_TMS,2
R49,22R,R,R0201,R0201,G$1,2,2,N$32,2
R50,4.7k,R,R0201,R0201,G$1,1,1,FPGA_FLASH_NRST,2
R50,4.7k,R,R0201,R0201,G$1,2,2,+3V3_FPGA,2
R51,22R,R,R0201,R0201,G$1,1,1,N$25,2
R51,22R,R,R0201,R0201,G$1,2,2,FPGA_FLASH_CLK,2
R52,4.7k,R,R0201,R0201,G$1,1,1,FPGA_FLASH_NCS,2
R52,4.7k,R,R0201,R0201,G$1,2,2,+3V3_FPGA,2
R53,4.7k,R,R0201,R0201,G$1,1,1,FPGA_FLASH_DQ2,2
R53,4.7k,R,R0201,R0201,G$1,2,2,+3V3_FPGA,2
R54,4.7k,R,R0201,R0201,G$1,1,1,+3V3_FPGA,2
R54,4.7k,R,R0201,R0201,G$1,2,2,FPGA_FLASH_DQ3,2
R55,1k,R,R0201,R0201,G$1,1,1,N$80,3
R55,1k,R,R0201,R0201,G$1,2,2,GND,3
R56,1k,R,R0201,R0201,G$1,1,1,N$81,3
R56,1k,R,R0201,R0201,G$1,2,2,GND,3
R57,1k,R,R0201,R0201,G$1,1,1,N$84,3
R57,1k,R,R0201,R0201,G$1,2,2,GND,3
R58,1k,R,R0201,R0201,G$1,1,1,N$83,3
R58,1k,R,R0201,R0201,G$1,2,2,GND,3
R59,1k,R,R0201,R0201,G$1,1,1,N$222,4
R59,1k,R,R0201,R0201,G$1,2,2,DAC_VOUT_VG_7,4
R62,22R,R,R0201,R0201,G$1,1,1,FPGA_TCK,2
R62,22R,R,R0201,R0201,G$1,2,2,N$33,2
R63,22R,R,R0201,R0201,G$1,1,1,FPGA_TDO,2
R63,22R,R,R0201,R0201,G$1,2,2,N$34,2
R64,22R,R,R0201,R0201,G$1,1,1,FPGA_TDI,2
R64,22R,R,R0201,R0201,G$1,2,2,N$36,2
R65,4.7k,R,R0201,R0201,G$1,1,1,FPGA_TDI,2
R65,4.7k,R,R0201,R0201,G$1,2,2,+3V3_FPGA,2
R66,4.7k,R,R0201,R0201,G$1,1,1,FPGA_TDO,2
R66,4.7k,R,R0201,R0201,G$1,2,2,+3V3_FPGA,2
R67,4.7k,R,R0201,R0201,G$1,1,1,FPGA_TCK,2
R67,4.7k,R,R0201,R0201,G$1,2,2,+3V3_FPGA,2
R68,4.7k,R,R0201,R0201,G$1,1,1,FPGA_TMS,2
R68,4.7k,R,R0201,R0201,G$1,2,2,+3V3_FPGA,2
R69,4.7k,R,R0201,R0201,G$1,1,1,FPGA_PUDC_B,2
R69,4.7k,R,R0201,R0201,G$1,2,2,+3V3_FPGA,2
R70,4.7k,R,R0201,R0201,G$1,1,1,GND,3
R70,4.7k,R,R0201,R0201,G$1,2,2,ADAR_TX_LOAD_2,3
R71,4.7k,R,R0201,R0201,G$1,1,1,GND,3
R71,4.7k,R,R0201,R0201,G$1,2,2,ADAR_RX_LOAD_2,3
R72,4.7k,R,R0201,R0201,G$1,1,1,N$57,3
R72,4.7k,R,R0201,R0201,G$1,2,2,GND,3
R73,4.7k,R,R0201,R0201,G$1,1,1,GND,3
R73,4.7k,R,R0201,R0201,G$1,2,2,ADAR_TX_LOAD_3,3
R74,4.7k,R,R0201,R0201,G$1,1,1,GND,3
R74,4.7k,R,R0201,R0201,G$1,2,2,ADAR_RX_LOAD_3,3
R75,4.7k,R,R0201,R0201,G$1,1,1,N$64,3
R75,4.7k,R,R0201,R0201,G$1,2,2,GND,3
R76,4.7k,R,R0201,R0201,G$1,1,1,GND,3
R76,4.7k,R,R0201,R0201,G$1,2,2,ADAR_TX_LOAD_4,3
R77,4.7k,R,R0201,R0201,G$1,1,1,GND,3
R77,4.7k,R,R0201,R0201,G$1,2,2,ADAR_RX_LOAD_4,3
R78,840R,R,R0201,R0201,G$1,1,1,+3V3_ADAR2_F,3
R78,840R,R,R0201,R0201,G$1,2,2,N$80,3
R79,840R,R,R0201,R0201,G$1,1,1,+3V3_ADAR3_F,3
R79,840R,R,R0201,R0201,G$1,2,2,N$81,3
R80,840R,R,R0201,R0201,G$1,1,1,+3V3_ADAR4_F,3
R80,840R,R,R0201,R0201,G$1,2,2,N$84,3
R81,840R,R,R0201,R0201,G$1,1,1,+3V3_ADAR4_F,3
R81,840R,R,R0201,R0201,G$1,2,2,N$83,3
R82,1k,R,R0201,R0201,G$1,1,1,N$224,4
R82,1k,R,R0201,R0201,G$1,2,2,DAC_VOUT_VG_5,4
R85,1k,R,R0201,R0201,G$1,1,1,N$206,4
R85,1k,R,R0201,R0201,G$1,2,2,DAC_VOUT_VG_6,4
R86,1k,R,R0201,R0201,G$1,1,1,N$208,4
R86,1k,R,R0201,R0201,G$1,2,2,DAC_VOUT_VG_8,4
R87,1k,R,R0201,R0201,G$1,1,1,DAC_VOUT_VG_2,4
R87,1k,R,R0201,R0201,G$1,2,2,N$213,4
R88,1k,R,R0201,R0201,G$1,1,1,DAC_VOUT_VG_4,4
R88,1k,R,R0201,R0201,G$1,2,2,N$216,4
R89,2.443k,R,R0201,R0201,G$1,1,1,N$206,4
R89,2.443k,R,R0201,R0201,G$1,2,2,VG_6,4
R90,2.443k,R,R0201,R0201,G$1,1,1,N$208,4
R90,2.443k,R,R0201,R0201,G$1,2,2,VG_8,4
R91,2.443k,R,R0201,R0201,G$1,1,1,VG_2,4
R91,2.443k,R,R0201,R0201,G$1,2,2,N$213,4
R92,2.443k,R,R0201,R0201,G$1,1,1,VG_4,4
R92,2.443k,R,R0201,R0201,G$1,2,2,N$216,4
R93,1k,R,R0201,R0201,G$1,1,1,DAC_VOUT_VG_3,4
R93,1k,R,R0201,R0201,G$1,2,2,N$228,4
R94,1k,R,R0201,R0201,G$1,1,1,DAC_VOUT_VG_1,4
R94,1k,R,R0201,R0201,G$1,2,2,N$231,4
R95,2.443k,R,R0201,R0201,G$1,1,1,N$222,4
R95,2.443k,R,R0201,R0201,G$1,2,2,VG_7,4
R96,2.443k,R,R0201,R0201,G$1,1,1,N$224,4
R96,2.443k,R,R0201,R0201,G$1,2,2,VG_5,4
R97,2.443k,R,R0201,R0201,G$1,1,1,VG_3,4
R97,2.443k,R,R0201,R0201,G$1,2,2,N$228,4
R98,2.443k,R,R0201,R0201,G$1,1,1,VG_1,4
R98,2.443k,R,R0201,R0201,G$1,2,2,N$231,4
R99,1k,R,R0201,R0201,G$1,1,1,N$238,4
R99,1k,R,R0201,R0201,G$1,2,2,DAC_VOUT_VG_14,4
R100,1k,R,R0201,R0201,G$1,1,1,N$240,4
R100,1k,R,R0201,R0201,G$1,2,2,DAC_VOUT_VG_16,4
R101,1k,R,R0201,R0201,G$1,1,1,DAC_VOUT_VG_10,4
R101,1k,R,R0201,R0201,G$1,2,2,N$244,4
R102,1k,R,R0201,R0201,G$1,1,1,DAC_VOUT_VG_12,4
R102,1k,R,R0201,R0201,G$1,2,2,N$247,4
R103,2.443k,R,R0201,R0201,G$1,1,1,N$238,4
R103,2.443k,R,R0201,R0201,G$1,2,2,VG_14,4
R104,2.443k,R,R0201,R0201,G$1,1,1,N$240,4
R104,2.443k,R,R0201,R0201,G$1,2,2,VG_16,4
R105,2.443k,R,R0201,R0201,G$1,1,1,VG_10,4
R105,2.443k,R,R0201,R0201,G$1,2,2,N$244,4
R106,2.443k,R,R0201,R0201,G$1,1,1,VG_12,4
R106,2.443k,R,R0201,R0201,G$1,2,2,N$247,4
R107,1k,R,R0201,R0201,G$1,1,1,N$254,4
R107,1k,R,R0201,R0201,G$1,2,2,DAC_VOUT_VG_15,4
R108,1k,R,R0201,R0201,G$1,1,1,N$256,4
R108,1k,R,R0201,R0201,G$1,2,2,DAC_VOUT_VG_13,4
R109,1k,R,R0201,R0201,G$1,1,1,DAC_VOUT_VG_11,4
R109,1k,R,R0201,R0201,G$1,2,2,N$260,4
R110,500R,R,R0201,R0201,G$1,1,1,N$98,2
R110,500R,R,R0201,R0201,G$1,2,2,N$52,2
R111,10k,R,R0201,R0201,G$1,1,1,STM32_NRST,2
R111,10k,R,R0201,R0201,G$1,2,2,+3V3,2
R112,500R,R,R0201,R0201,G$1,1,1,N$97,2
R112,500R,R,R0201,R0201,G$1,2,2,N$91,2
R113,500R,R,R0201,R0201,G$1,1,1,N$95,2
R113,500R,R,R0201,R0201,G$1,2,2,N$93,2
R114,500R,R,R0201,R0201,G$1,1,1,N$92,2
R114,500R,R,R0201,R0201,G$1,2,2,N$94,2
R115,50R,R,R0201,R0201,G$1,1,1,GND,3
R115,50R,R,R0201,R0201,G$1,2,2,DAC_IOUT_N,3
R116,50R,R,R0201,R0201,G$1,1,1,GND,3
R116,50R,R,R0201,R0201,G$1,2,2,DAC_IOUT_P,3
R117,4.7k,R,R0201,R0201,G$1,1,1,GND,3
R117,4.7k,R,R0201,R0201,G$1,2,2,DAC_SLEEP,3
R118,1k,R,R0201,R0201,G$1,1,1,DAC_VOUT_VG_9,4
R118,1k,R,R0201,R0201,G$1,2,2,N$263,4
R119,2.443k,R,R0201,R0201,G$1,1,1,N$254,4
R119,2.443k,R,R0201,R0201,G$1,2,2,VG_15,4
R120,2.443k,R,R0201,R0201,G$1,1,1,N$256,4
R120,2.443k,R,R0201,R0201,G$1,2,2,VG_13,4
R121,2.443k,R,R0201,R0201,G$1,1,1,VG_11,4
R121,2.443k,R,R0201,R0201,G$1,2,2,N$260,4
R122,2.443k,R,R0201,R0201,G$1,1,1,VG_9,4
R122,2.443k,R,R0201,R0201,G$1,2,2,N$263,4
R123,10k,R,R0201,R0201,G$1,1,1,N$1,4
R123,10k,R,R0201,R0201,G$1,2,2,+3V3_AN3_F,4
R124,1k,R,R0201,R0201,G$1,1,1,N$211,4
R124,1k,R,R0201,R0201,G$1,2,2,N$210,4
R125,1k,R,R0201,R0201,G$1,1,1,N$217,4
R125,1k,R,R0201,R0201,G$1,2,2,N$215,4
R126,1k,R,R0201,R0201,G$1,1,1,N$223,4
R126,1k,R,R0201,R0201,G$1,2,2,N$220,4
R127,1k,R,R0201,R0201,G$1,1,1,N$229,4
R127,1k,R,R0201,R0201,G$1,2,2,N$227,4
R128,1k,R,R0201,R0201,G$1,1,1,N$234,4
R128,1k,R,R0201,R0201,G$1,2,2,N$233,4
R129,1k,R,R0201,R0201,G$1,1,1,N$239,4
R129,1k,R,R0201,R0201,G$1,2,2,N$237,4
R130,1k,R,R0201,R0201,G$1,1,1,N$245,4
R130,1k,R,R0201,R0201,G$1,2,2,N$243,4
R131,1k,R,R0201,R0201,G$1,1,1,N$250,4
R131,1k,R,R0201,R0201,G$1,2,2,N$249,4
R132,5R,R,R0201,R0201,G$1,1,1,+3V3_AN4_F,4
R132,5R,R,R0201,R0201,G$1,2,2,N$252,4
R133,1k,R,R0201,R0201,G$1,1,1,N$259,4
R133,1k,R,R0201,R0201,G$1,2,2,N$258,4
R134,1k,R,R0201,R0201,G$1,1,1,N$265,4
R134,1k,R,R0201,R0201,G$1,2,2,N$264,4
R135,1k,R,R0201,R0201,G$1,1,1,N$269,4
R135,1k,R,R0201,R0201,G$1,2,2,N$268,4
R136,1k,R,R0201,R0201,G$1,1,1,N$273,4
R136,1k,R,R0201,R0201,G$1,2,2,N$272,4
R137,1k,R,R0201,R0201,G$1,1,1,N$277,4
R137,1k,R,R0201,R0201,G$1,2,2,N$276,4
R138,1k,R,R0201,R0201,G$1,1,1,+3V3_FPGA,2
R138,1k,R,R0201,R0201,G$1,2,2,N$106,2
R139,1k,R,R0201,R0201,G$1,1,1,GND,2
R139,1k,R,R0201,R0201,G$1,2,2,N$107,2
R140,1k,R,R0201,R0201,G$1,1,1,GND,2
R140,1k,R,R0201,R0201,G$1,2,2,N$108,2
R141,4.7k,R,R0201,R0201,G$1,1,1,+3V3_FPGA,2
R141,4.7k,R,R0201,R0201,G$1,2,2,N$109,2
R142,4.7k,R,R0201,R0201,G$1,1,1,+3V3_FPGA,2
R142,4.7k,R,R0201,R0201,G$1,2,2,N$114,2
R143,4.7k,R,R0201,R0201,G$1,1,1,N$116,2
R143,4.7k,R,R0201,R0201,G$1,2,2,+3V3_FPGA,2
R144,1k,R,R0201,R0201,G$1,1,1,N$115,2
R144,1k,R,R0201,R0201,G$1,2,2,+3V3_FPGA,2
R147,1k,R,R0201,R0201,G$1,1,1,N$281,4
R147,1k,R,R0201,R0201,G$1,2,2,N$280,4
R148,1k,R,R0201,R0201,G$1,1,1,N$285,4
R148,1k,R,R0201,R0201,G$1,2,2,N$284,4
R149,1k,R,R0201,R0201,G$1,1,1,N$289,4
R149,1k,R,R0201,R0201,G$1,2,2,N$288,4
R150,5R,R,R0201,R0201,G$1,1,1,+3V3_AN4_F,4
R150,5R,R,R0201,R0201,G$1,2,2,N$291,4
R151,10k,R,R0201,R0201,G$1,1,1,N$293,4
R151,10k,R,R0201,R0201,G$1,2,2,N$291,4
R152,5R,R,R0201,R0201,G$1,1,1,+3V3_AN4_F,4
R152,5R,R,R0201,R0201,G$1,2,2,N$303,4
R153,10k,R,R0201,R0201,G$1,1,1,N$294,4
R153,10k,R,R0201,R0201,G$1,2,2,N$303,4
R154,22.1k,R,R0201,R0201,G$1,1,1,+1V8_FPGA,3
R154,22.1k,R,R0201,R0201,G$1,2,2,ADAR_1_CS_1V8,3
R155,22.1k,R,R0201,R0201,G$1,1,1,+1V8_FPGA,3
R155,22.1k,R,R0201,R0201,G$1,2,2,ADAR_2_CS_1V8,3
R156,22.1k,R,R0201,R0201,G$1,1,1,+1V8_FPGA,3
R156,22.1k,R,R0201,R0201,G$1,2,2,ADAR_3_CS_1V8,3
R157,22.1k,R,R0201,R0201,G$1,1,1,+1V8_FPGA,3
R157,22.1k,R,R0201,R0201,G$1,2,2,ADAR_4_CS_1V8,3
R158,22.1k,R,R0201,R0201,G$1,1,1,GND,3
R158,22.1k,R,R0201,R0201,G$1,2,2,ADAR_TR_1,3
R159,22.1k,R,R0201,R0201,G$1,1,1,GND,3
R159,22.1k,R,R0201,R0201,G$1,2,2,ADAR_TR_2,3
R160,22.1k,R,R0201,R0201,G$1,1,1,GND,3
R160,22.1k,R,R0201,R0201,G$1,2,2,ADAR_TR_3,3
R161,22.1k,R,R0201,R0201,G$1,1,1,GND,3
R161,22.1k,R,R0201,R0201,G$1,2,2,ADAR_TR_4,3
R162,22.1k,R,R0201,R0201,G$1,1,1,GND,3
R162,22.1k,R,R0201,R0201,G$1,2,2,STM32_SCLK_1V8,3
R163,22.1k,R,R0201,R0201,G$1,1,1,GND,3
R163,22.1k,R,R0201,R0201,G$1,2,2,STM32_MOSI_1V8,3
R164,22.1k,R,R0201,R0201,G$1,1,1,GND,3
R164,22.1k,R,R0201,R0201,G$1,2,2,STM32_MISO_1V8,3
R165,25R,R,R0201,R0201,G$1,1,1,AMP_IN_N,3
R165,25R,R,R0201,R0201,G$1,2,2,GND,3
R166,25R,R,R0201,R0201,G$1,1,1,AMP_IN_P,3
R166,25R,R,R0201,R0201,G$1,2,2,GND,3
R167,1k,R,R0201,R0201,G$1,1,1,+3V3,2
R167,1k,R,R0201,R0201,G$1,2,2,STM32_SCL3,2
R168,1k,R,R0201,R0201,G$1,1,1,+3V3,2
R168,1k,R,R0201,R0201,G$1,2,2,STM32_SDA3,2
R169,1k,R,R0201,R0201,G$1,1,1,+3V3,2
R169,1k,R,R0201,R0201,G$1,2,2,STM32_SDA1,2
R170,1k,R,R0201,R0201,G$1,1,1,+3V3,2
R170,1k,R,R0201,R0201,G$1,2,2,STM32_SCL1,2
R171,1k,R,R0201,R0201,G$1,1,1,+3V3,2
R171,1k,R,R0201,R0201,G$1,2,2,STM32_SDA2,2
R172,1k,R,R0201,R0201,G$1,1,1,+3V3,2
R172,1k,R,R0201,R0201,G$1,2,2,STM32_SCL2,2
R173,100R,R,R0201,R0201,G$1,1,1,ADC_CLK_IN_P,3
R173,100R,R,R0201,R0201,G$1,2,2,ADC_CLK_IN_N,3
RF_SW_1,,M3SWA2-34DR+,,16_QFN,A,EP,17,GND,3
RF_SW_1,,M3SWA2-34DR+,,16_QFN,A,GND,2,GND,3
RF_SW_1,,M3SWA2-34DR+,,16_QFN,A,GND2,4,GND,3
RF_SW_1,,M3SWA2-34DR+,,16_QFN,A,GND3,7,GND,3
RF_SW_1,,M3SWA2-34DR+,,16_QFN,A,GND4,9,GND,3
RF_SW_1,,M3SWA2-34DR+,,16_QFN,A,GND5,11,GND,3
RF_SW_1,,M3SWA2-34DR+,,16_QFN,A,GND6,14,GND,3
RF_SW_1,,M3SWA2-34DR+,,16_QFN,A,GND7,16,GND,3
RF_SW_1,,M3SWA2-34DR+,,16_QFN,A,NC,1,GND,3
RF_SW_1,,M3SWA2-34DR+,,16_QFN,A,NC2,12,GND,3
RF_SW_1,,M3SWA2-34DR+,,16_QFN,A,NC3,13,GND,3
RF_SW_1,,M3SWA2-34DR+,,16_QFN,A,RFC,15,N$131,3
RF_SW_1,,M3SWA2-34DR+,,16_QFN,A,RFOUT1,3,N$130,3
RF_SW_1,,M3SWA2-34DR+,,16_QFN,A,RFOUT2,10,N$132,3
RF_SW_1,,M3SWA2-34DR+,,16_QFN,A,VCTRL,6,M3S_VCTRL,3
RF_SW_1,,M3SWA2-34DR+,,16_QFN,A,VDD,8,+3V4,3
RF_SW_1,,M3SWA2-34DR+,,16_QFN,A,VEE,5,-3V4,3
RF_SW_2,,M3SWA2-34DR+,,16_QFN,A,EP,17,GND,3
RF_SW_2,,M3SWA2-34DR+,,16_QFN,A,GND,2,GND,3
RF_SW_2,,M3SWA2-34DR+,,16_QFN,A,GND2,4,GND,3
RF_SW_2,,M3SWA2-34DR+,,16_QFN,A,GND3,7,GND,3
RF_SW_2,,M3SWA2-34DR+,,16_QFN,A,GND4,9,GND,3
RF_SW_2,,M3SWA2-34DR+,,16_QFN,A,GND5,11,GND,3
RF_SW_2,,M3SWA2-34DR+,,16_QFN,A,GND6,14,GND,3
RF_SW_2,,M3SWA2-34DR+,,16_QFN,A,GND7,16,GND,3
RF_SW_2,,M3SWA2-34DR+,,16_QFN,A,NC,1,GND,3
RF_SW_2,,M3SWA2-34DR+,,16_QFN,A,NC2,12,GND,3
RF_SW_2,,M3SWA2-34DR+,,16_QFN,A,NC3,13,GND,3
RF_SW_2,,M3SWA2-34DR+,,16_QFN,A,RFC,15,N$136,3
RF_SW_2,,M3SWA2-34DR+,,16_QFN,A,RFOUT1,3,N$135,3
RF_SW_2,,M3SWA2-34DR+,,16_QFN,A,RFOUT2,10,N$137,3
RF_SW_2,,M3SWA2-34DR+,,16_QFN,A,VCTRL,6,M3S_VCTRL,3
RF_SW_2,,M3SWA2-34DR+,,16_QFN,A,VDD,8,+3V4,3
RF_SW_2,,M3SWA2-34DR+,,16_QFN,A,VEE,5,-3V4,3
RF_SW_3,,M3SWA2-34DR+,,16_QFN,A,EP,17,GND,3
RF_SW_3,,M3SWA2-34DR+,,16_QFN,A,GND,2,GND,3
RF_SW_3,,M3SWA2-34DR+,,16_QFN,A,GND2,4,GND,3
RF_SW_3,,M3SWA2-34DR+,,16_QFN,A,GND3,7,GND,3
RF_SW_3,,M3SWA2-34DR+,,16_QFN,A,GND4,9,GND,3
RF_SW_3,,M3SWA2-34DR+,,16_QFN,A,GND5,11,GND,3
RF_SW_3,,M3SWA2-34DR+,,16_QFN,A,GND6,14,GND,3
RF_SW_3,,M3SWA2-34DR+,,16_QFN,A,GND7,16,GND,3
RF_SW_3,,M3SWA2-34DR+,,16_QFN,A,NC,1,GND,3
RF_SW_3,,M3SWA2-34DR+,,16_QFN,A,NC2,12,GND,3
RF_SW_3,,M3SWA2-34DR+,,16_QFN,A,NC3,13,GND,3
RF_SW_3,,M3SWA2-34DR+,,16_QFN,A,RFC,15,N$100,3
RF_SW_3,,M3SWA2-34DR+,,16_QFN,A,RFOUT1,3,N$74,3
RF_SW_3,,M3SWA2-34DR+,,16_QFN,A,RFOUT2,10,N$127,3
RF_SW_3,,M3SWA2-34DR+,,16_QFN,A,VCTRL,6,M3S_VCTRL,3
RF_SW_3,,M3SWA2-34DR+,,16_QFN,A,VDD,8,+3V4,3
RF_SW_3,,M3SWA2-34DR+,,16_QFN,A,VEE,5,-3V4,3
RF_SW_4,,M3SWA2-34DR+,,16_QFN,A,EP,17,GND,3
RF_SW_4,,M3SWA2-34DR+,,16_QFN,A,GND,2,GND,3
RF_SW_4,,M3SWA2-34DR+,,16_QFN,A,GND2,4,GND,3
RF_SW_4,,M3SWA2-34DR+,,16_QFN,A,GND3,7,GND,3
RF_SW_4,,M3SWA2-34DR+,,16_QFN,A,GND4,9,GND,3
RF_SW_4,,M3SWA2-34DR+,,16_QFN,A,GND5,11,GND,3
RF_SW_4,,M3SWA2-34DR+,,16_QFN,A,GND6,14,GND,3
RF_SW_4,,M3SWA2-34DR+,,16_QFN,A,GND7,16,GND,3
RF_SW_4,,M3SWA2-34DR+,,16_QFN,A,NC,1,GND,3
RF_SW_4,,M3SWA2-34DR+,,16_QFN,A,NC2,12,GND,3
RF_SW_4,,M3SWA2-34DR+,,16_QFN,A,NC3,13,GND,3
RF_SW_4,,M3SWA2-34DR+,,16_QFN,A,RFC,15,N$141,3
RF_SW_4,,M3SWA2-34DR+,,16_QFN,A,RFOUT1,3,N$140,3
RF_SW_4,,M3SWA2-34DR+,,16_QFN,A,RFOUT2,10,N$142,3
RF_SW_4,,M3SWA2-34DR+,,16_QFN,A,VCTRL,6,M3S_VCTRL,3
RF_SW_4,,M3SWA2-34DR+,,16_QFN,A,VDD,8,+3V4,3
RF_SW_4,,M3SWA2-34DR+,,16_QFN,A,VEE,5,-3V4,3
RF_SW_5,,M3SWA2-34DR+,,16_QFN,A,EP,17,GND,3
RF_SW_5,,M3SWA2-34DR+,,16_QFN,A,GND,2,GND,3
RF_SW_5,,M3SWA2-34DR+,,16_QFN,A,GND2,4,GND,3
RF_SW_5,,M3SWA2-34DR+,,16_QFN,A,GND3,7,GND,3
RF_SW_5,,M3SWA2-34DR+,,16_QFN,A,GND4,9,GND,3
RF_SW_5,,M3SWA2-34DR+,,16_QFN,A,GND5,11,GND,3
RF_SW_5,,M3SWA2-34DR+,,16_QFN,A,GND6,14,GND,3
RF_SW_5,,M3SWA2-34DR+,,16_QFN,A,GND7,16,GND,3
RF_SW_5,,M3SWA2-34DR+,,16_QFN,A,NC,1,GND,3
RF_SW_5,,M3SWA2-34DR+,,16_QFN,A,NC2,12,GND,3
RF_SW_5,,M3SWA2-34DR+,,16_QFN,A,NC3,13,GND,3
RF_SW_5,,M3SWA2-34DR+,,16_QFN,A,RFC,15,N$151,3
RF_SW_5,,M3SWA2-34DR+,,16_QFN,A,RFOUT1,3,N$150,3
RF_SW_5,,M3SWA2-34DR+,,16_QFN,A,RFOUT2,10,N$152,3
RF_SW_5,,M3SWA2-34DR+,,16_QFN,A,VCTRL,6,M3S_VCTRL,3
RF_SW_5,,M3SWA2-34DR+,,16_QFN,A,VDD,8,+3V4,3
RF_SW_5,,M3SWA2-34DR+,,16_QFN,A,VEE,5,-3V4,3
RF_SW_6,,M3SWA2-34DR+,,16_QFN,A,EP,17,GND,3
RF_SW_6,,M3SWA2-34DR+,,16_QFN,A,GND,2,GND,3
RF_SW_6,,M3SWA2-34DR+,,16_QFN,A,GND2,4,GND,3
RF_SW_6,,M3SWA2-34DR+,,16_QFN,A,GND3,7,GND,3
RF_SW_6,,M3SWA2-34DR+,,16_QFN,A,GND4,9,GND,3
RF_SW_6,,M3SWA2-34DR+,,16_QFN,A,GND5,11,GND,3
RF_SW_6,,M3SWA2-34DR+,,16_QFN,A,GND6,14,GND,3
RF_SW_6,,M3SWA2-34DR+,,16_QFN,A,GND7,16,GND,3
RF_SW_6,,M3SWA2-34DR+,,16_QFN,A,NC,1,GND,3
RF_SW_6,,M3SWA2-34DR+,,16_QFN,A,NC2,12,GND,3
RF_SW_6,,M3SWA2-34DR+,,16_QFN,A,NC3,13,GND,3
RF_SW_6,,M3SWA2-34DR+,,16_QFN,A,RFC,15,N$156,3
RF_SW_6,,M3SWA2-34DR+,,16_QFN,A,RFOUT1,3,N$155,3
RF_SW_6,,M3SWA2-34DR+,,16_QFN,A,RFOUT2,10,N$157,3
RF_SW_6,,M3SWA2-34DR+,,16_QFN,A,VCTRL,6,M3S_VCTRL,3
RF_SW_6,,M3SWA2-34DR+,,16_QFN,A,VDD,8,+3V4,3
RF_SW_6,,M3SWA2-34DR+,,16_QFN,A,VEE,5,-3V4,3
RF_SW_7,,M3SWA2-34DR+,,16_QFN,A,EP,17,GND,3
RF_SW_7,,M3SWA2-34DR+,,16_QFN,A,GND,2,GND,3
RF_SW_7,,M3SWA2-34DR+,,16_QFN,A,GND2,4,GND,3
RF_SW_7,,M3SWA2-34DR+,,16_QFN,A,GND3,7,GND,3
RF_SW_7,,M3SWA2-34DR+,,16_QFN,A,GND4,9,GND,3
RF_SW_7,,M3SWA2-34DR+,,16_QFN,A,GND5,11,GND,3
RF_SW_7,,M3SWA2-34DR+,,16_QFN,A,GND6,14,GND,3
RF_SW_7,,M3SWA2-34DR+,,16_QFN,A,GND7,16,GND,3
RF_SW_7,,M3SWA2-34DR+,,16_QFN,A,NC,1,GND,3
RF_SW_7,,M3SWA2-34DR+,,16_QFN,A,NC2,12,GND,3
RF_SW_7,,M3SWA2-34DR+,,16_QFN,A,NC3,13,GND,3
RF_SW_7,,M3SWA2-34DR+,,16_QFN,A,RFC,15,N$146,3
RF_SW_7,,M3SWA2-34DR+,,16_QFN,A,RFOUT1,3,N$145,3
RF_SW_7,,M3SWA2-34DR+,,16_QFN,A,RFOUT2,10,N$147,3
RF_SW_7,,M3SWA2-34DR+,,16_QFN,A,VCTRL,6,M3S_VCTRL,3
RF_SW_7,,M3SWA2-34DR+,,16_QFN,A,VDD,8,+3V4,3
RF_SW_7,,M3SWA2-34DR+,,16_QFN,A,VEE,5,-3V4,3
RF_SW_8,,M3SWA2-34DR+,,16_QFN,A,EP,17,GND,3
RF_SW_8,,M3SWA2-34DR+,,16_QFN,A,GND,2,GND,3
RF_SW_8,,M3SWA2-34DR+,,16_QFN,A,GND2,4,GND,3
RF_SW_8,,M3SWA2-34DR+,,16_QFN,A,GND3,7,GND,3
RF_SW_8,,M3SWA2-34DR+,,16_QFN,A,GND4,9,GND,3
RF_SW_8,,M3SWA2-34DR+,,16_QFN,A,GND5,11,GND,3
RF_SW_8,,M3SWA2-34DR+,,16_QFN,A,GND6,14,GND,3
RF_SW_8,,M3SWA2-34DR+,,16_QFN,A,GND7,16,GND,3
RF_SW_8,,M3SWA2-34DR+,,16_QFN,A,NC,1,GND,3
RF_SW_8,,M3SWA2-34DR+,,16_QFN,A,NC2,12,GND,3
RF_SW_8,,M3SWA2-34DR+,,16_QFN,A,NC3,13,GND,3
RF_SW_8,,M3SWA2-34DR+,,16_QFN,A,RFC,15,N$161,3
RF_SW_8,,M3SWA2-34DR+,,16_QFN,A,RFOUT1,3,N$160,3
RF_SW_8,,M3SWA2-34DR+,,16_QFN,A,RFOUT2,10,N$162,3
RF_SW_8,,M3SWA2-34DR+,,16_QFN,A,VCTRL,6,M3S_VCTRL,3
RF_SW_8,,M3SWA2-34DR+,,16_QFN,A,VDD,8,+3V4,3
RF_SW_8,,M3SWA2-34DR+,,16_QFN,A,VEE,5,-3V4,3
RF_SW_9,,M3SWA2-34DR+,,16_QFN,A,EP,17,GND,3
RF_SW_9,,M3SWA2-34DR+,,16_QFN,A,GND,2,GND,3
RF_SW_9,,M3SWA2-34DR+,,16_QFN,A,GND2,4,GND,3
RF_SW_9,,M3SWA2-34DR+,,16_QFN,A,GND3,7,GND,3
RF_SW_9,,M3SWA2-34DR+,,16_QFN,A,GND4,9,GND,3
RF_SW_9,,M3SWA2-34DR+,,16_QFN,A,GND5,11,GND,3
RF_SW_9,,M3SWA2-34DR+,,16_QFN,A,GND6,14,GND,3
RF_SW_9,,M3SWA2-34DR+,,16_QFN,A,GND7,16,GND,3
RF_SW_9,,M3SWA2-34DR+,,16_QFN,A,NC,1,GND,3
RF_SW_9,,M3SWA2-34DR+,,16_QFN,A,NC2,12,GND,3
RF_SW_9,,M3SWA2-34DR+,,16_QFN,A,NC3,13,GND,3
RF_SW_9,,M3SWA2-34DR+,,16_QFN,A,RFC,15,N$181,3
RF_SW_9,,M3SWA2-34DR+,,16_QFN,A,RFOUT1,3,N$180,3
RF_SW_9,,M3SWA2-34DR+,,16_QFN,A,RFOUT2,10,N$182,3
RF_SW_9,,M3SWA2-34DR+,,16_QFN,A,VCTRL,6,M3S_VCTRL,3
RF_SW_9,,M3SWA2-34DR+,,16_QFN,A,VDD,8,+3V4,3
RF_SW_9,,M3SWA2-34DR+,,16_QFN,A,VEE,5,-3V4,3
RF_SW_10,,M3SWA2-34DR+,,16_QFN,A,EP,17,GND,3
RF_SW_10,,M3SWA2-34DR+,,16_QFN,A,GND,2,GND,3
RF_SW_10,,M3SWA2-34DR+,,16_QFN,A,GND2,4,GND,3
RF_SW_10,,M3SWA2-34DR+,,16_QFN,A,GND3,7,GND,3
RF_SW_10,,M3SWA2-34DR+,,16_QFN,A,GND4,9,GND,3
RF_SW_10,,M3SWA2-34DR+,,16_QFN,A,GND5,11,GND,3
RF_SW_10,,M3SWA2-34DR+,,16_QFN,A,GND6,14,GND,3
RF_SW_10,,M3SWA2-34DR+,,16_QFN,A,GND7,16,GND,3
RF_SW_10,,M3SWA2-34DR+,,16_QFN,A,NC,1,GND,3
RF_SW_10,,M3SWA2-34DR+,,16_QFN,A,NC2,12,GND,3
RF_SW_10,,M3SWA2-34DR+,,16_QFN,A,NC3,13,GND,3
RF_SW_10,,M3SWA2-34DR+,,16_QFN,A,RFC,15,N$166,3
RF_SW_10,,M3SWA2-34DR+,,16_QFN,A,RFOUT1,3,N$165,3
RF_SW_10,,M3SWA2-34DR+,,16_QFN,A,RFOUT2,10,N$167,3
RF_SW_10,,M3SWA2-34DR+,,16_QFN,A,VCTRL,6,M3S_VCTRL,3
RF_SW_10,,M3SWA2-34DR+,,16_QFN,A,VDD,8,+3V4,3
RF_SW_10,,M3SWA2-34DR+,,16_QFN,A,VEE,5,-3V4,3
RF_SW_11,,M3SWA2-34DR+,,16_QFN,A,EP,17,GND,3
RF_SW_11,,M3SWA2-34DR+,,16_QFN,A,GND,2,GND,3
RF_SW_11,,M3SWA2-34DR+,,16_QFN,A,GND2,4,GND,3
RF_SW_11,,M3SWA2-34DR+,,16_QFN,A,GND3,7,GND,3
RF_SW_11,,M3SWA2-34DR+,,16_QFN,A,GND4,9,GND,3
RF_SW_11,,M3SWA2-34DR+,,16_QFN,A,GND5,11,GND,3
RF_SW_11,,M3SWA2-34DR+,,16_QFN,A,GND6,14,GND,3
RF_SW_11,,M3SWA2-34DR+,,16_QFN,A,GND7,16,GND,3
RF_SW_11,,M3SWA2-34DR+,,16_QFN,A,NC,1,GND,3
RF_SW_11,,M3SWA2-34DR+,,16_QFN,A,NC2,12,GND,3
RF_SW_11,,M3SWA2-34DR+,,16_QFN,A,NC3,13,GND,3
RF_SW_11,,M3SWA2-34DR+,,16_QFN,A,RFC,15,N$176,3
RF_SW_11,,M3SWA2-34DR+,,16_QFN,A,RFOUT1,3,N$175,3
RF_SW_11,,M3SWA2-34DR+,,16_QFN,A,RFOUT2,10,N$177,3
RF_SW_11,,M3SWA2-34DR+,,16_QFN,A,VCTRL,6,M3S_VCTRL,3
RF_SW_11,,M3SWA2-34DR+,,16_QFN,A,VDD,8,+3V4,3
RF_SW_11,,M3SWA2-34DR+,,16_QFN,A,VEE,5,-3V4,3
RF_SW_12,,M3SWA2-34DR+,,16_QFN,A,EP,17,GND,3
RF_SW_12,,M3SWA2-34DR+,,16_QFN,A,GND,2,GND,3
RF_SW_12,,M3SWA2-34DR+,,16_QFN,A,GND2,4,GND,3
RF_SW_12,,M3SWA2-34DR+,,16_QFN,A,GND3,7,GND,3
RF_SW_12,,M3SWA2-34DR+,,16_QFN,A,GND4,9,GND,3
RF_SW_12,,M3SWA2-34DR+,,16_QFN,A,GND5,11,GND,3
RF_SW_12,,M3SWA2-34DR+,,16_QFN,A,GND6,14,GND,3
RF_SW_12,,M3SWA2-34DR+,,16_QFN,A,GND7,16,GND,3
RF_SW_12,,M3SWA2-34DR+,,16_QFN,A,NC,1,GND,3
RF_SW_12,,M3SWA2-34DR+,,16_QFN,A,NC2,12,GND,3
RF_SW_12,,M3SWA2-34DR+,,16_QFN,A,NC3,13,GND,3
RF_SW_12,,M3SWA2-34DR+,,16_QFN,A,RFC,15,N$171,3
RF_SW_12,,M3SWA2-34DR+,,16_QFN,A,RFOUT1,3,N$170,3
RF_SW_12,,M3SWA2-34DR+,,16_QFN,A,RFOUT2,10,N$172,3
RF_SW_12,,M3SWA2-34DR+,,16_QFN,A,VCTRL,6,M3S_VCTRL,3
RF_SW_12,,M3SWA2-34DR+,,16_QFN,A,VDD,8,+3V4,3
RF_SW_12,,M3SWA2-34DR+,,16_QFN,A,VEE,5,-3V4,3
RF_SW_13,,M3SWA2-34DR+,,16_QFN,A,EP,17,GND,3
RF_SW_13,,M3SWA2-34DR+,,16_QFN,A,GND,2,GND,3
RF_SW_13,,M3SWA2-34DR+,,16_QFN,A,GND2,4,GND,3
RF_SW_13,,M3SWA2-34DR+,,16_QFN,A,GND3,7,GND,3
RF_SW_13,,M3SWA2-34DR+,,16_QFN,A,GND4,9,GND,3
RF_SW_13,,M3SWA2-34DR+,,16_QFN,A,GND5,11,GND,3
RF_SW_13,,M3SWA2-34DR+,,16_QFN,A,GND6,14,GND,3
RF_SW_13,,M3SWA2-34DR+,,16_QFN,A,GND7,16,GND,3
RF_SW_13,,M3SWA2-34DR+,,16_QFN,A,NC,1,GND,3
RF_SW_13,,M3SWA2-34DR+,,16_QFN,A,NC2,12,GND,3
RF_SW_13,,M3SWA2-34DR+,,16_QFN,A,NC3,13,GND,3
RF_SW_13,,M3SWA2-34DR+,,16_QFN,A,RFC,15,N$201,3
RF_SW_13,,M3SWA2-34DR+,,16_QFN,A,RFOUT1,3,N$200,3
RF_SW_13,,M3SWA2-34DR+,,16_QFN,A,RFOUT2,10,N$202,3
RF_SW_13,,M3SWA2-34DR+,,16_QFN,A,VCTRL,6,M3S_VCTRL,3
RF_SW_13,,M3SWA2-34DR+,,16_QFN,A,VDD,8,+3V4,3
RF_SW_13,,M3SWA2-34DR+,,16_QFN,A,VEE,5,-3V4,3
RF_SW_14,,M3SWA2-34DR+,,16_QFN,A,EP,17,GND,3
RF_SW_14,,M3SWA2-34DR+,,16_QFN,A,GND,2,GND,3
RF_SW_14,,M3SWA2-34DR+,,16_QFN,A,GND2,4,GND,3
RF_SW_14,,M3SWA2-34DR+,,16_QFN,A,GND3,7,GND,3
RF_SW_14,,M3SWA2-34DR+,,16_QFN,A,GND4,9,GND,3
RF_SW_14,,M3SWA2-34DR+,,16_QFN,A,GND5,11,GND,3
RF_SW_14,,M3SWA2-34DR+,,16_QFN,A,GND6,14,GND,3
RF_SW_14,,M3SWA2-34DR+,,16_QFN,A,GND7,16,GND,3
RF_SW_14,,M3SWA2-34DR+,,16_QFN,A,NC,1,GND,3
RF_SW_14,,M3SWA2-34DR+,,16_QFN,A,NC2,12,GND,3
RF_SW_14,,M3SWA2-34DR+,,16_QFN,A,NC3,13,GND,3
RF_SW_14,,M3SWA2-34DR+,,16_QFN,A,RFC,15,N$186,3
RF_SW_14,,M3SWA2-34DR+,,16_QFN,A,RFOUT1,3,N$185,3
RF_SW_14,,M3SWA2-34DR+,,16_QFN,A,RFOUT2,10,N$187,3
RF_SW_14,,M3SWA2-34DR+,,16_QFN,A,VCTRL,6,M3S_VCTRL,3
RF_SW_14,,M3SWA2-34DR+,,16_QFN,A,VDD,8,+3V4,3
RF_SW_14,,M3SWA2-34DR+,,16_QFN,A,VEE,5,-3V4,3
RF_SW_15,,M3SWA2-34DR+,,16_QFN,A,EP,17,GND,3
RF_SW_15,,M3SWA2-34DR+,,16_QFN,A,GND,2,GND,3
RF_SW_15,,M3SWA2-34DR+,,16_QFN,A,GND2,4,GND,3
RF_SW_15,,M3SWA2-34DR+,,16_QFN,A,GND3,7,GND,3
RF_SW_15,,M3SWA2-34DR+,,16_QFN,A,GND4,9,GND,3
RF_SW_15,,M3SWA2-34DR+,,16_QFN,A,GND5,11,GND,3
RF_SW_15,,M3SWA2-34DR+,,16_QFN,A,GND6,14,GND,3
RF_SW_15,,M3SWA2-34DR+,,16_QFN,A,GND7,16,GND,3
RF_SW_15,,M3SWA2-34DR+,,16_QFN,A,NC,1,GND,3
RF_SW_15,,M3SWA2-34DR+,,16_QFN,A,NC2,12,GND,3
RF_SW_15,,M3SWA2-34DR+,,16_QFN,A,NC3,13,GND,3
RF_SW_15,,M3SWA2-34DR+,,16_QFN,A,RFC,15,N$196,3
RF_SW_15,,M3SWA2-34DR+,,16_QFN,A,RFOUT1,3,N$195,3
RF_SW_15,,M3SWA2-34DR+,,16_QFN,A,RFOUT2,10,N$197,3
RF_SW_15,,M3SWA2-34DR+,,16_QFN,A,VCTRL,6,M3S_VCTRL,3
RF_SW_15,,M3SWA2-34DR+,,16_QFN,A,VDD,8,+3V4,3
RF_SW_15,,M3SWA2-34DR+,,16_QFN,A,VEE,5,-3V4,3
RF_SW_16,,M3SWA2-34DR+,,16_QFN,A,EP,17,GND,3
RF_SW_16,,M3SWA2-34DR+,,16_QFN,A,GND,2,GND,3
RF_SW_16,,M3SWA2-34DR+,,16_QFN,A,GND2,4,GND,3
RF_SW_16,,M3SWA2-34DR+,,16_QFN,A,GND3,7,GND,3
RF_SW_16,,M3SWA2-34DR+,,16_QFN,A,GND4,9,GND,3
RF_SW_16,,M3SWA2-34DR+,,16_QFN,A,GND5,11,GND,3
RF_SW_16,,M3SWA2-34DR+,,16_QFN,A,GND6,14,GND,3
RF_SW_16,,M3SWA2-34DR+,,16_QFN,A,GND7,16,GND,3
RF_SW_16,,M3SWA2-34DR+,,16_QFN,A,NC,1,GND,3
RF_SW_16,,M3SWA2-34DR+,,16_QFN,A,NC2,12,GND,3
RF_SW_16,,M3SWA2-34DR+,,16_QFN,A,NC3,13,GND,3
RF_SW_16,,M3SWA2-34DR+,,16_QFN,A,RFC,15,N$191,3
RF_SW_16,,M3SWA2-34DR+,,16_QFN,A,RFOUT1,3,N$190,3
RF_SW_16,,M3SWA2-34DR+,,16_QFN,A,RFOUT2,10,N$192,3
RF_SW_16,,M3SWA2-34DR+,,16_QFN,A,VCTRL,6,M3S_VCTRL,3
RF_SW_16,,M3SWA2-34DR+,,16_QFN,A,VDD,8,+3V4,3
RF_SW_16,,M3SWA2-34DR+,,16_QFN,A,VEE,5,-3V4,3
S1,,MOMENTARY-SWITCH-SPST,-SMD-4.6X2.8MM,TACTILE_SWITCH_SMD_4.6X2.8MM,G$1,1,1 2,GND,2
S1,,MOMENTARY-SWITCH-SPST,-SMD-4.6X2.8MM,TACTILE_SWITCH_SMD_4.6X2.8MM,G$1,2,3 4,STM32_NRST,2
SJ1,,SJ2W,,SJ_2,G$1,1,1,GND,3
SJ1,,SJ2W,,SJ_2,G$1,2,2,N$6,3
SJ1,,SJ2W,,SJ_2,G$1,3,3,+1V8_CLOCK_F,3
SV1,,MA10-2,,MA10-2,G$1,1,1,EN_+1V0_FPGA,2
SV1,,MA10-2,,MA10-2,G$1,10,10,EN_+3V3_CLOCK,2
SV1,,MA10-2,,MA10-2,G$1,11,11,EN_+3V3_ADAR34,2
SV1,,MA10-2,,MA10-2,G$1,12,12,GND,2
SV1,,MA10-2,,MA10-2,G$1,13,13,EN_+3V3_ADTR,2
SV1,,MA10-2,,MA10-2,G$1,14,14,GND,2
SV1,,MA10-2,,MA10-2,G$1,15,15,EN_+3V3_SW,2
SV1,,MA10-2,,MA10-2,G$1,16,16,GND,2
SV1,,MA10-2,,MA10-2,G$1,17,17,EN_+3V3_VDD_SW,2
SV1,,MA10-2,,MA10-2,G$1,18,18,GND,2
SV1,,MA10-2,,MA10-2,G$1,19,19,EN_+5V0_PA1,2
SV1,,MA10-2,,MA10-2,G$1,2,2,EN_+5V0_PA2,2
SV1,,MA10-2,,MA10-2,G$1,20,20,GND,2
SV1,,MA10-2,,MA10-2,G$1,3,3,EN_+1V8_FPGA,2
SV1,,MA10-2,,MA10-2,G$1,4,4,EN_+5V0_PA3,2
SV1,,MA10-2,,MA10-2,G$1,5,5,EN_+3V3_FPGA,2
SV1,,MA10-2,,MA10-2,G$1,6,6,EN_+5V5_PA,2
SV1,,MA10-2,,MA10-2,G$1,7,7,EN_+5V0_ADAR,2
SV1,,MA10-2,,MA10-2,G$1,8,8,EN_+1V8_CLOCK,2
SV1,,MA10-2,,MA10-2,G$1,9,9,EN_+3V3_ADAR12,2
U1,,AD9484BCPZ-500,,CP_56_5_ADI,A,AVDD,46,+1V8_CLOCK_F,3
U1,,AD9484BCPZ-500,,CP_56_5_ADI,A,AVDD_10,42,+1V8_CLOCK_F,3
U1,,AD9484BCPZ-500,,CP_56_5_ADI,A,AVDD_11,43,+1V8_CLOCK_F,3
U1,,AD9484BCPZ-500,,CP_56_5_ADI,A,AVDD_2,30,+1V8_CLOCK_F,3
U1,,AD9484BCPZ-500,,CP_56_5_ADI,A,AVDD_3,32,+1V8_CLOCK_F,3
U1,,AD9484BCPZ-500,,CP_56_5_ADI,A,AVDD_4,33,+1V8_CLOCK_F,3
U1,,AD9484BCPZ-500,,CP_56_5_ADI,A,AVDD_5,34,+1V8_CLOCK_F,3
U1,,AD9484BCPZ-500,,CP_56_5_ADI,A,AVDD_6,37,+1V8_CLOCK_F,3
U1,,AD9484BCPZ-500,,CP_56_5_ADI,A,AVDD_7,38,+1V8_CLOCK_F,3
U1,,AD9484BCPZ-500,,CP_56_5_ADI,A,AVDD_8,39,+1V8_CLOCK_F,3
U1,,AD9484BCPZ-500,,CP_56_5_ADI,A,AVDD_9,41,+1V8_CLOCK_F,3
U1,,AD9484BCPZ-500,,CP_56_5_ADI,A,CLK+,44,ADC_CLK_IN_P,3
U1,,AD9484BCPZ-500,,CP_56_5_ADI,A,CLK-,45,ADC_CLK_IN_N,3
U1,,AD9484BCPZ-500,,CP_56_5_ADI,A,CML,40,N$44,3
U1,,AD9484BCPZ-500,,CP_56_5_ADI,A,CSB,27,+1V8_CLOCK_F,3
U1,,AD9484BCPZ-500,,CP_56_5_ADI,A,D0+,4,ADC_D0_P,3
U1,,AD9484BCPZ-500,,CP_56_5_ADI,A,D0-,3,ADC_D0_N,3
U1,,AD9484BCPZ-500,,CP_56_5_ADI,A,D1+,6,ADC_D1_P,3
U1,,AD9484BCPZ-500,,CP_56_5_ADI,A,D1-,5,ADC_D1_N,3
U1,,AD9484BCPZ-500,,CP_56_5_ADI,A,D2+,10,ADC_D2_P,3
U1,,AD9484BCPZ-500,,CP_56_5_ADI,A,D2-,9,ADC_D2_N,3
U1,,AD9484BCPZ-500,,CP_56_5_ADI,A,D3+,12,ADC_D3_P,3
U1,,AD9484BCPZ-500,,CP_56_5_ADI,A,D3-,11,ADC_D3_N,3
U1,,AD9484BCPZ-500,,CP_56_5_ADI,A,D4+,14,ADC_D4_P,3
U1,,AD9484BCPZ-500,,CP_56_5_ADI,A,D4-,13,ADC_D4_N,3
U1,,AD9484BCPZ-500,,CP_56_5_ADI,A,D5+,16,ADC_D5_P,3
U1,,AD9484BCPZ-500,,CP_56_5_ADI,A,D5-,15,ADC_D5_N,3
U1,,AD9484BCPZ-500,,CP_56_5_ADI,A,D6+,18,ADC_D6_P,3
U1,,AD9484BCPZ-500,,CP_56_5_ADI,A,D6-,17,ADC_D6_N,3
U1,,AD9484BCPZ-500,,CP_56_5_ADI,A,D7+,20,ADC_D7_P,3
U1,,AD9484BCPZ-500,,CP_56_5_ADI,A,D7-,19,ADC_D7_N,3
U1,,AD9484BCPZ-500,,CP_56_5_ADI,A,DCO+,50,ADC_DCO_P,3
U1,,AD9484BCPZ-500,,CP_56_5_ADI,A,DCO-,49,ADC_DCO_N,3
U1,,AD9484BCPZ-500,,CP_56_5_ADI,A,DRGND,48,GND,3
U1,,AD9484BCPZ-500,,CP_56_5_ADI,A,DRGND_2,8,GND,3
U1,,AD9484BCPZ-500,,CP_56_5_ADI,A,DRGND_3,23,GND,3
U1,,AD9484BCPZ-500,,CP_56_5_ADI,A,DRVDD,47,+1V8_FPGA,3
U1,,AD9484BCPZ-500,,CP_56_5_ADI,A,DRVDD_2,7,+1V8_FPGA,3
U1,,AD9484BCPZ-500,,CP_56_5_ADI,A,DRVDD_3,24,+1V8_FPGA,3
U1,,AD9484BCPZ-500,,CP_56_5_ADI,A,EPAD,57,GND,3
U1,,AD9484BCPZ-500,,CP_56_5_ADI,A,OR+,22,ADC_OR_P,3
U1,,AD9484BCPZ-500,,CP_56_5_ADI,A,OR-,21,ADC_OR_N,3
U1,,AD9484BCPZ-500,,CP_56_5_ADI,A,PWDN,29,N$41,3
U1,,AD9484BCPZ-500,,CP_56_5_ADI,A,SCLK/DFS,26,N$6,3
U1,,AD9484BCPZ-500,,CP_56_5_ADI,A,VIN+,35,N$43,3
U1,,AD9484BCPZ-500,,CP_56_5_ADI,A,VIN-,36,N$4,3
U1,,AD9484BCPZ-500,,CP_56_5_ADI,A,VREF,31,N$17,3
U2,,STM32F746ZGT7,,LQFP-144_STM,A,PA0,34,ADAR_1_CS_3V3,2
U2,,STM32F746ZGT7,,LQFP-144_STM,A,PA1,35,ADAR_2_CS_3V3,2
U2,,STM32F746ZGT7,,LQFP-144_STM,A,PA10,102,STM32_USB_FS_ID,2
U2,,STM32F746ZGT7,,LQFP-144_STM,A,PA11,103,STM32_USB_FS_D_N,2
U2,,STM32F746ZGT7,,LQFP-144_STM,A,PA12,104,STM32_USB_FS_D_P,2
U2,,STM32F746ZGT7,,LQFP-144_STM,A,PA13,105,STM32_SWDIO,2
U2,,STM32F746ZGT7,,LQFP-144_STM,A,PA14,109,STM32_SWCLK,2
U2,,STM32F746ZGT7,,LQFP-144_STM,A,PA2,36,ADAR_3_CS_3V3,2
U2,,STM32F746ZGT7,,LQFP-144_STM,A,PA3,37,ADAR_4_CS_3V3,2
U2,,STM32F746ZGT7,,LQFP-144_STM,A,PA5,41,STM32_SCLK1,2
U2,,STM32F746ZGT7,,LQFP-144_STM,A,PA6,42,STM32_MISO1,2
U2,,STM32F746ZGT7,,LQFP-144_STM,A,PA7,43,STM32_MOSI1,2
U2,,STM32F746ZGT7,,LQFP-144_STM,A,PA8,100,STM32_SCL3,2
U2,,STM32F746ZGT7,,LQFP-144_STM,A,PB10,69,STM32_TX3,2
U2,,STM32F746ZGT7,,LQFP-144_STM,A,PB11,70,STM32_RX3,2
U2,,STM32F746ZGT7,,LQFP-144_STM,A,PB3,133,STM32_SWO,2
U2,,STM32F746ZGT7,,LQFP-144_STM,A,PB4,134,DAC_1_VG_CLR,2
U2,,STM32F746ZGT7,,LQFP-144_STM,A,PB5,135,DAC_1_VG_LDAC,2
U2,,STM32F746ZGT7,,LQFP-144_STM,A,PB6,136,STM32_SCL1,2
U2,,STM32F746ZGT7,,LQFP-144_STM,A,PB7,137,STM32_SDA1,2
U2,,STM32F746ZGT7,,LQFP-144_STM,A,PB8,139,DAC_2_VG_CLR,2
U2,,STM32F746ZGT7,,LQFP-144_STM,A,PB9,140,DAC_2_VG_LDAC,2
U2,,STM32F746ZGT7,,LQFP-144_STM,A,PC12,113,STM32_TX5,2
U2,,STM32F746ZGT7,,LQFP-144_STM,A,PC14,8,STM32_OSC_32_N,2
U2,,STM32F746ZGT7,,LQFP-144_STM,A,PC15,9,STM32_OSC_32_P,2
U2,,STM32F746ZGT7,,LQFP-144_STM,A,PC6,96,MAG_DRDY,2
U2,,STM32F746ZGT7,,LQFP-144_STM,A,PC7,97,ACC_INT,2
U2,,STM32F746ZGT7,,LQFP-144_STM,A,PC8,98,GYR_INT,2
U2,,STM32F746ZGT7,,LQFP-144_STM,A,PC9,99,STM32_SDA3,2
U2,,STM32F746ZGT7,,LQFP-144_STM,A,PD10,79,DIG_2,2
U2,,STM32F746ZGT7,,LQFP-144_STM,A,PD11,80,DIG_3,2
U2,,STM32F746ZGT7,,LQFP-144_STM,A,PD12,81,DIG_4,2
U2,,STM32F746ZGT7,,LQFP-144_STM,A,PD13,82,DIG_5,2
U2,,STM32F746ZGT7,,LQFP-144_STM,A,PD14,85,DIG_6,2
U2,,STM32F746ZGT7,,LQFP-144_STM,A,PD15,86,DIG_7,2
U2,,STM32F746ZGT7,,LQFP-144_STM,A,PD2,116,STM32_RX5,2
U2,,STM32F746ZGT7,,LQFP-144_STM,A,PD4,118,STEPPER_CW+,2
U2,,STM32F746ZGT7,,LQFP-144_STM,A,PD5,119,STEPPER_CLK+,2
U2,,STM32F746ZGT7,,LQFP-144_STM,A,PD6,122,EN/DIS_RFPA_VDD,2
U2,,STM32F746ZGT7,,LQFP-144_STM,A,PD7,123,EN/DIS_COOLING,2
U2,,STM32F746ZGT7,,LQFP-144_STM,A,PD8,77,DIG_0,2
U2,,STM32F746ZGT7,,LQFP-144_STM,A,PD9,78,DIG_1,2
U2,,STM32F746ZGT7,,LQFP-144_STM,B,BOOT0,138,GND,2
U2,,STM32F746ZGT7,,LQFP-144_STM,B,NRST,25,STM32_NRST,2
U2,,STM32F746ZGT7,,LQFP-144_STM,B,PDR_ON,143,+3V3,2
U2,,STM32F746ZGT7,,LQFP-144_STM,B,PE10,63,EN_+5V0_ADAR,2
U2,,STM32F746ZGT7,,LQFP-144_STM,B,PE11,64,EN_+3V3_ADAR12,2
U2,,STM32F746ZGT7,,LQFP-144_STM,B,PE12,65,EN_+3V3_ADAR34,2
U2,,STM32F746ZGT7,,LQFP-144_STM,B,PE13,66,EN_+3V3_ADTR,2
U2,,STM32F746ZGT7,,LQFP-144_STM,B,PE14,67,EN_+3V3_SW,2
U2,,STM32F746ZGT7,,LQFP-144_STM,B,PE15,68,EN_+3V3_VDD_SW,2
U2,,STM32F746ZGT7,,LQFP-144_STM,B,PE2,1,STM32_SCLK4,2
U2,,STM32F746ZGT7,,LQFP-144_STM,B,PE5,4,STM32_MISO4,2
U2,,STM32F746ZGT7,,LQFP-144_STM,B,PE6,5,STM32_MOSI4,2
U2,,STM32F746ZGT7,,LQFP-144_STM,B,PE7,58,EN_+1V0_FPGA,2
U2,,STM32F746ZGT7,,LQFP-144_STM,B,PE8,59,EN_+1V8_FPGA,2
U2,,STM32F746ZGT7,,LQFP-144_STM,B,PE9,60,EN_+3V3_FPGA,2
U2,,STM32F746ZGT7,,LQFP-144_STM,B,PF0,10,STM32_SDA2,2
U2,,STM32F746ZGT7,,LQFP-144_STM,B,PF1,11,STM32_SCL2,2
U2,,STM32F746ZGT7,,LQFP-144_STM,B,PF10,22,AD9523_EEPROM_SEL,2
U2,,STM32F746ZGT7,,LQFP-144_STM,B,PF12,50,N$52,2
U2,,STM32F746ZGT7,,LQFP-144_STM,B,PF13,53,N$91,2
U2,,STM32F746ZGT7,,LQFP-144_STM,B,PF14,54,N$93,2
U2,,STM32F746ZGT7,,LQFP-144_STM,B,PF15,55,N$94,2
U2,,STM32F746ZGT7,,LQFP-144_STM,B,PF3,13,AD9523_PD,2
U2,,STM32F746ZGT7,,LQFP-144_STM,B,PF4,14,AD9523_REF_SEL,2
U2,,STM32F746ZGT7,,LQFP-144_STM,B,PF5,15,AD9523_SYNC,2
U2,,STM32F746ZGT7,,LQFP-144_STM,B,PF6,18,AD9523_RESET,2
U2,,STM32F746ZGT7,,LQFP-144_STM,B,PF7,19,AD9523_CS,2
U2,,STM32F746ZGT7,,LQFP-144_STM,B,PF8,20,AD9523_STATUS0,2
U2,,STM32F746ZGT7,,LQFP-144_STM,B,PF9,21,AD9523_STATUS1,2
U2,,STM32F746ZGT7,,LQFP-144_STM,B,PG0,56,EN_+5V0_PA1,2
U2,,STM32F746ZGT7,,LQFP-144_STM,B,PG1,57,EN_+5V0_PA2,2
U2,,STM32F746ZGT7,,LQFP-144_STM,B,PG10,125,ADF4382_RX_CS,2
U2,,STM32F746ZGT7,,LQFP-144_STM,B,PG11,126,ADF4382_TX_LKDET,2
U2,,STM32F746ZGT7,,LQFP-144_STM,B,PG12,127,ADF4382_TX_DELSTR,2
U2,,STM32F746ZGT7,,LQFP-144_STM,B,PG13,128,ADF4382_TX_DELADJ,2
U2,,STM32F746ZGT7,,LQFP-144_STM,B,PG14,129,ADF4382_TX_CS,2
U2,,STM32F746ZGT7,,LQFP-144_STM,B,PG15,132,ADF4382_TX_CE,2
U2,,STM32F746ZGT7,,LQFP-144_STM,B,PG2,87,EN_+5V0_PA3,2
U2,,STM32F746ZGT7,,LQFP-144_STM,B,PG3,88,EN_+5V5_PA,2
U2,,STM32F746ZGT7,,LQFP-144_STM,B,PG4,89,EN_+1V8_CLOCK,2
U2,,STM32F746ZGT7,,LQFP-144_STM,B,PG5,90,EN_+3V3_CLOCK,2
U2,,STM32F746ZGT7,,LQFP-144_STM,B,PG6,91,ADF4382_RX_LKDET,2
U2,,STM32F746ZGT7,,LQFP-144_STM,B,PG7,92,ADF4382_RX_DELADJ,2
U2,,STM32F746ZGT7,,LQFP-144_STM,B,PG8,93,ADF4382_RX_DELSTR,2
U2,,STM32F746ZGT7,,LQFP-144_STM,B,PG9,124,ADF4382_RX_CE,2
U2,,STM32F746ZGT7,,LQFP-144_STM,B,PH0,23,STM32_OSC_N,2
U2,,STM32F746ZGT7,,LQFP-144_STM,B,PH1,24,STM32_OSC_P,2
U2,,STM32F746ZGT7,,LQFP-144_STM,C,VBAT,6,+3V3,2
U2,,STM32F746ZGT7,,LQFP-144_STM,C,VCAP_1,71,N$7,2
U2,,STM32F746ZGT7,,LQFP-144_STM,C,VCAP_2,106,N$8,2
U2,,STM32F746ZGT7,,LQFP-144_STM,C,VDD,144,+3V3,2
U2,,STM32F746ZGT7,,LQFP-144_STM,C,VDDA,33,N$9,2
U2,,STM32F746ZGT7,,LQFP-144_STM,C,VDDUSB,95,+3V3,2
U2,,STM32F746ZGT7,,LQFP-144_STM,C,VDD_10,121,+3V3,2
U2,,STM32F746ZGT7,,LQFP-144_STM,C,VDD_11,131,+3V3,2
U2,,STM32F746ZGT7,,LQFP-144_STM,C,VDD_2,17,+3V3,2
U2,,STM32F746ZGT7,,LQFP-144_STM,C,VDD_3,30,+3V3,2
U2,,STM32F746ZGT7,,LQFP-144_STM,C,VDD_4,39,+3V3,2
U2,,STM32F746ZGT7,,LQFP-144_STM,C,VDD_5,52,+3V3,2
U2,,STM32F746ZGT7,,LQFP-144_STM,C,VDD_6,62,+3V3,2
U2,,STM32F746ZGT7,,LQFP-144_STM,C,VDD_7,72,+3V3,2
U2,,STM32F746ZGT7,,LQFP-144_STM,C,VDD_8,84,+3V3,2
U2,,STM32F746ZGT7,,LQFP-144_STM,C,VDD_9,108,+3V3,2
U2,,STM32F746ZGT7,,LQFP-144_STM,C,VREF+,32,N$9,2
U2,,STM32F746ZGT7,,LQFP-144_STM,C,VSS,130,GND,2
U2,,STM32F746ZGT7,,LQFP-144_STM,C,VSSA,31,GND,2
U2,,STM32F746ZGT7,,LQFP-144_STM,C,VSS_2,16,GND,2
U2,,STM32F746ZGT7,,LQFP-144_STM,C,VSS_3,38,GND,2
U2,,STM32F746ZGT7,,LQFP-144_STM,C,VSS_4,51,GND,2
U2,,STM32F746ZGT7,,LQFP-144_STM,C,VSS_5,61,GND,2
U2,,STM32F746ZGT7,,LQFP-144_STM,C,VSS_6,83,GND,2
U2,,STM32F746ZGT7,,LQFP-144_STM,C,VSS_7,94,GND,2
U2,,STM32F746ZGT7,,LQFP-144_STM,C,VSS_8,107,GND,2
U2,,STM32F746ZGT7,,LQFP-144_STM,C,VSS_9,120,GND,2
U3,,AD9708AR,,RW_28_ADI,A,ACOM,20,DAC_ACOM,3
U3,,AD9708AR,,RW_28_ADI,A,AVDD,24,DAC_AVDD,3
U3,,AD9708AR,,RW_28_ADI,A,CLOCK,28,DAC_CLOCK,3
U3,,AD9708AR,,RW_28_ADI,A,COMP1,19,N$96,3
U3,,AD9708AR,,RW_28_ADI,A,COMP2,23,N$37,3
U3,,AD9708AR,,RW_28_ADI,A,DB0,8,N$19,3
U3,,AD9708AR,,RW_28_ADI,A,DB1,7,N$18,3
U3,,AD9708AR,,RW_28_ADI,A,DB2,6,N$16,3
U3,,AD9708AR,,RW_28_ADI,A,DB3,5,N$14,3
U3,,AD9708AR,,RW_28_ADI,A,DB4,4,N$13,3
U3,,AD9708AR,,RW_28_ADI,A,DB5,3,N$12,3
U3,,AD9708AR,,RW_28_ADI,A,DB6,2,N$11,3
U3,,AD9708AR,,RW_28_ADI,A,DB7,1,N$10,3
U3,,AD9708AR,,RW_28_ADI,A,DCOM,26,GND,3
U3,,AD9708AR,,RW_28_ADI,A,DVDD,27,+3V3_FPGA,3
U3,,AD9708AR,,RW_28_ADI,A,FSADJ,18,N$22,3
U3,,AD9708AR,,RW_28_ADI,A,IOUTA,22,DAC_IOUT_P,3
U3,,AD9708AR,,RW_28_ADI,A,IOUTB,21,DAC_IOUT_N,3
U3,,AD9708AR,,RW_28_ADI,A,REFIO,17,+3V3_FPGA,3
U3,,AD9708AR,,RW_28_ADI,A,REFLO,16,DAC_AVDD,3
U3,,AD9708AR,,RW_28_ADI,A,SLEEP,15,DAC_SLEEP,3
U4,,AD8352ACPZ-R7,,CP_16_3_ADI,A,ENB,15,EN_OPAMP_IF_2,3
U4,,AD8352ACPZ-R7,,CP_16_3_ADI,A,EPAD,17,GND,3
U4,,AD8352ACPZ-R7,,CP_16_3_ADI,A,GND,12,GND,3
U4,,AD8352ACPZ-R7,,CP_16_3_ADI,A,GND_2,6,GND,3
U4,,AD8352ACPZ-R7,,CP_16_3_ADI,A,GND_3,7,GND,3
U4,,AD8352ACPZ-R7,,CP_16_3_ADI,A,GND_4,9,GND,3
U4,,AD8352ACPZ-R7,,CP_16_3_ADI,A,RDN,4,N$15,3
U4,,AD8352ACPZ-R7,,CP_16_3_ADI,A,RDP,1,N$5,3
U4,,AD8352ACPZ-R7,,CP_16_3_ADI,A,RGN,3,N$35,3
U4,,AD8352ACPZ-R7,,CP_16_3_ADI,A,RGP,2,N$48,3
U4,,AD8352ACPZ-R7,,CP_16_3_ADI,A,VCC,13,+5V0_0,3
U4,,AD8352ACPZ-R7,,CP_16_3_ADI,A,VCC_2,8,+5V0_0,3
U4,,AD8352ACPZ-R7,,CP_16_3_ADI,A,VCM,14,N$51,3
U4,,AD8352ACPZ-R7,,CP_16_3_ADI,A,VIN,5,N$49,3
U4,,AD8352ACPZ-R7,,CP_16_3_ADI,A,VIP,16,N$50,3
U4,,AD8352ACPZ-R7,,CP_16_3_ADI,A,VON,10,N$65,3
U4,,AD8352ACPZ-R7,,CP_16_3_ADI,A,VOP,11,N$56,3
U5,,LTC5552IUDBTRMPBF,,UDB_12_ADI,A,EN,7,MIX_TX_EN,3
U5,,LTC5552IUDBTRMPBF,,UDB_12_ADI,A,GND,12,GND,3
U5,,LTC5552IUDBTRMPBF,,UDB_12_ADI,A,GND_2,1,GND,3
U5,,LTC5552IUDBTRMPBF,,UDB_12_ADI,A,GND_3,4,GND,3
U5,,LTC5552IUDBTRMPBF,,UDB_12_ADI,A,GND_4,6,GND,3
U5,,LTC5552IUDBTRMPBF,,UDB_12_ADI,A,GND_5,8,GND,3
U5,,LTC5552IUDBTRMPBF,,UDB_12_ADI,A,GND_6,10,GND,3
U5,,LTC5552IUDBTRMPBF,,UDB_12_ADI,A,IF,3,DAC_IOUT_F_N,3
U5,,LTC5552IUDBTRMPBF,,UDB_12_ADI,A,IF+,2,DAC_IOUT_F_P,3
U5,,LTC5552IUDBTRMPBF,,UDB_12_ADI,A,LO,11,N$20,3
U5,,LTC5552IUDBTRMPBF,,UDB_12_ADI,A,RF,5,RF_TX,3
U5,,LTC5552IUDBTRMPBF,,UDB_12_ADI,A,VCC,9,+3V3_AN1_F,3
U7,,DAC5578SRGET,,RGE24_2P7X2P7,A,!CLR,12,DAC_1_VG_CLR,4
U7,,DAC5578SRGET,,RGE24_2P7X2P7,A,!LDAC,22,DAC_1_VG_LDAC,4
U7,,DAC5578SRGET,,RGE24_2P7X2P7,A,ADDR0,11,GND,4
U7,,DAC5578SRGET,,RGE24_2P7X2P7,A,ADDR1,10,GND,4
U7,,DAC5578SRGET,,RGE24_2P7X2P7,A,AVDD,2,+3V3_AN3_F,4
U7,,DAC5578SRGET,,RGE24_2P7X2P7,A,EPAD,25,GND,4
U7,,DAC5578SRGET,,RGE24_2P7X2P7,A,GND,17,GND,4
U7,,DAC5578SRGET,,RGE24_2P7X2P7,A,RSTSEL,9,+3V3_AN3_F,4
U7,,DAC5578SRGET,,RGE24_2P7X2P7,A,SCL,20,STM32_SCL1,4
U7,,DAC5578SRGET,,RGE24_2P7X2P7,A,SDA,19,STM32_SDA1,4
U7,,DAC5578SRGET,,RGE24_2P7X2P7,A,TWOC,21,N$221,4
U7,,DAC5578SRGET,,RGE24_2P7X2P7,A,VOUTA,3,DAC_VOUT_VG_1,4
U7,,DAC5578SRGET,,RGE24_2P7X2P7,A,VOUTB,16,DAC_VOUT_VG_2,4
U7,,DAC5578SRGET,,RGE24_2P7X2P7,A,VOUTC,4,DAC_VOUT_VG_3,4
U7,,DAC5578SRGET,,RGE24_2P7X2P7,A,VOUTD,15,DAC_VOUT_VG_4,4
U7,,DAC5578SRGET,,RGE24_2P7X2P7,A,VOUTE,5,DAC_VOUT_VG_5,4
U7,,DAC5578SRGET,,RGE24_2P7X2P7,A,VOUTF,14,DAC_VOUT_VG_6,4
U7,,DAC5578SRGET,,RGE24_2P7X2P7,A,VOUTG,6,DAC_VOUT_VG_7,4
U7,,DAC5578SRGET,,RGE24_2P7X2P7,A,VOUTH,13,DAC_VOUT_VG_8,4
U7,,DAC5578SRGET,,RGE24_2P7X2P7,A,VREFIN,8,+3V3_AN3_F,4
U8,,AD8352ACPZ-R7,,CP_16_3_ADI,A,ENB,15,EN_OPAMP_IF_1,3
U8,,AD8352ACPZ-R7,,CP_16_3_ADI,A,EPAD,17,GND,3
U8,,AD8352ACPZ-R7,,CP_16_3_ADI,A,GND,12,GND,3
U8,,AD8352ACPZ-R7,,CP_16_3_ADI,A,GND_2,6,GND,3
U8,,AD8352ACPZ-R7,,CP_16_3_ADI,A,GND_3,7,GND,3
U8,,AD8352ACPZ-R7,,CP_16_3_ADI,A,GND_4,9,GND,3
U8,,AD8352ACPZ-R7,,CP_16_3_ADI,A,RDN,4,N$86,3
U8,,AD8352ACPZ-R7,,CP_16_3_ADI,A,RDP,1,N$85,3
U8,,AD8352ACPZ-R7,,CP_16_3_ADI,A,RGN,3,N$87,3
U8,,AD8352ACPZ-R7,,CP_16_3_ADI,A,RGP,2,N$88,3
U8,,AD8352ACPZ-R7,,CP_16_3_ADI,A,VCC,13,+5V0_0,3
U8,,AD8352ACPZ-R7,,CP_16_3_ADI,A,VCC_2,8,+5V0_0,3
U8,,AD8352ACPZ-R7,,CP_16_3_ADI,A,VCM,14,N$102,3
U8,,AD8352ACPZ-R7,,CP_16_3_ADI,A,VIN,5,N$89,3
U8,,AD8352ACPZ-R7,,CP_16_3_ADI,A,VIP,16,N$103,3
U8,,AD8352ACPZ-R7,,CP_16_3_ADI,A,VON,10,N$105,3
U8,,AD8352ACPZ-R7,,CP_16_3_ADI,A,VOP,11,N$104,3
U9,,MT25QL01GBBB8E12-0AUT,,BGA24_MT25QL_MRN,A,C,B2,N$25,2
U9,,MT25QL01GBBB8E12-0AUT,,BGA24_MT25QL_MRN,A,DQ0,D3,FPGA_FLASH_DQ0,2
U9,,MT25QL01GBBB8E12-0AUT,,BGA24_MT25QL_MRN,A,DQ1,D2,FPGA_FLASH_DQ1,2
U9,,MT25QL01GBBB8E12-0AUT,,BGA24_MT25QL_MRN,A,DQ3/HOLD,D4,FPGA_FLASH_DQ3,2
U9,,MT25QL01GBBB8E12-0AUT,,BGA24_MT25QL_MRN,A,RESET,A4,FPGA_FLASH_NRST,2
U9,,MT25QL01GBBB8E12-0AUT,,BGA24_MT25QL_MRN,A,S,C2,FPGA_FLASH_NCS,2
U9,,MT25QL01GBBB8E12-0AUT,,BGA24_MT25QL_MRN,A,VCC,B4,+3V3_FPGA,2
U9,,MT25QL01GBBB8E12-0AUT,,BGA24_MT25QL_MRN,A,VSS,B3,GND,2
U9,,MT25QL01GBBB8E12-0AUT,,BGA24_MT25QL_MRN,A,W/DQ2,C4,FPGA_FLASH_DQ2,2
U10,,ADS7830IPWR,,PW16,A,A0,12,GND,4
U10,,ADS7830IPWR,,PW16,A,A1,13,GND,4
U10,,ADS7830IPWR,,PW16,A,CH0,1,N$211,4
U10,,ADS7830IPWR,,PW16,A,CH1,2,N$217,4
U10,,ADS7830IPWR,,PW16,A,CH2,3,N$223,4
U10,,ADS7830IPWR,,PW16,A,CH3,4,N$229,4
U10,,ADS7830IPWR,,PW16,A,CH4,5,N$234,4
U10,,ADS7830IPWR,,PW16,A,CH5,6,N$239,4
U10,,ADS7830IPWR,,PW16,A,CH6,7,N$245,4
U10,,ADS7830IPWR,,PW16,A,CH7,8,N$250,4
U10,,ADS7830IPWR,,PW16,A,COM,11,N$253,4
U10,,ADS7830IPWR,,PW16,A,GND,9,GND,4
U10,,ADS7830IPWR,,PW16,A,REFIN/REFOUT,10,N$251,4
U10,,ADS7830IPWR,,PW16,A,SCL,14,STM32_SCL2,4
U10,,ADS7830IPWR,,PW16,A,SDA,15,STM32_SDA2,4
U10,,ADS7830IPWR,,PW16,A,VDD+,16,N$252,4
U11,,INA241A3IDGKR,DGK0008A-MFG,DGK0008A-MFG,A,GND,2,GND,4
U11,,INA241A3IDGKR,DGK0008A-MFG,DGK0008A-MFG,A,IN+,8,N$207,4
U11,,INA241A3IDGKR,DGK0008A-MFG,DGK0008A-MFG,A,IN-,1,N$209,4
U11,,INA241A3IDGKR,DGK0008A-MFG,DGK0008A-MFG,A,OUT,5,N$210,4
U11,,INA241A3IDGKR,DGK0008A-MFG,DGK0008A-MFG,A,REF1,7,GND,4
U11,,INA241A3IDGKR,DGK0008A-MFG,DGK0008A-MFG,A,REF2,3,GND,4
U11,,INA241A3IDGKR,DGK0008A-MFG,DGK0008A-MFG,A,VS,6,+3V3_AN5_F,4
U13,,LTC5552IUDBTRMPBF,,UDB_12_ADI,A,EN,7,MIX_RX_EN,3
U13,,LTC5552IUDBTRMPBF,,UDB_12_ADI,A,GND,12,GND,3
U13,,LTC5552IUDBTRMPBF,,UDB_12_ADI,A,GND_2,1,GND,3
U13,,LTC5552IUDBTRMPBF,,UDB_12_ADI,A,GND_3,4,GND,3
U13,,LTC5552IUDBTRMPBF,,UDB_12_ADI,A,GND_4,6,GND,3
U13,,LTC5552IUDBTRMPBF,,UDB_12_ADI,A,GND_5,8,GND,3
U13,,LTC5552IUDBTRMPBF,,UDB_12_ADI,A,GND_6,10,GND,3
U13,,LTC5552IUDBTRMPBF,,UDB_12_ADI,A,IF,3,MIX_RX_N,3
U13,,LTC5552IUDBTRMPBF,,UDB_12_ADI,A,IF+,2,MIX_RX_P,3
U13,,LTC5552IUDBTRMPBF,,UDB_12_ADI,A,LO,11,N$72,3
U13,,LTC5552IUDBTRMPBF,,UDB_12_ADI,A,RF,5,RF_RX,3
U13,,LTC5552IUDBTRMPBF,,UDB_12_ADI,A,VCC,9,+3V3_AN2_F,3
U14,,SZMMSZ5232BT1G,,SOD-123_ONS,A,ANODE,2,GND,3
U14,,SZMMSZ5232BT1G,,SOD-123_ONS,A,CATHODE,1,+3V4,3
U15,,SZMMSZ5232BT1G,,SOD-123_ONS,A,ANODE,2,-3V4,3
U15,,SZMMSZ5232BT1G,,SOD-123_ONS,A,CATHODE,1,GND,3
U16,,EP4RKU+,,DG1677-2_MNC,A,GROUND,33,GND,3
U16,,EP4RKU+,,DG1677-2_MNC,A,GROUND_10,30,GND,3
U16,,EP4RKU+,,DG1677-2_MNC,A,GROUND_11,32,GND,3
U16,,EP4RKU+,,DG1677-2_MNC,A,GROUND_2,9,GND,3
U16,,EP4RKU+,,DG1677-2_MNC,A,GROUND_3,11,GND,3
U16,,EP4RKU+,,DG1677-2_MNC,A,GROUND_4,13,GND,3
U16,,EP4RKU+,,DG1677-2_MNC,A,GROUND_5,15,GND,3
U16,,EP4RKU+,,DG1677-2_MNC,A,GROUND_6,20,GND,3
U16,,EP4RKU+,,DG1677-2_MNC,A,GROUND_7,22,GND,3
U16,,EP4RKU+,,DG1677-2_MNC,A,GROUND_8,26,GND,3
U16,,EP4RKU+,,DG1677-2_MNC,A,GROUND_9,28,GND,3
U16,,EP4RKU+,,DG1677-2_MNC,A,NOT_USED,1,GND,3
U16,,EP4RKU+,,DG1677-2_MNC,A,NOT_USED_10,16,GND,3
U16,,EP4RKU+,,DG1677-2_MNC,A,NOT_USED_11,17,GND,3
U16,,EP4RKU+,,DG1677-2_MNC,A,NOT_USED_12,18,GND,3
U16,,EP4RKU+,,DG1677-2_MNC,A,NOT_USED_13,19,GND,3
U16,,EP4RKU+,,DG1677-2_MNC,A,NOT_USED_14,23,GND,3
U16,,EP4RKU+,,DG1677-2_MNC,A,NOT_USED_15,24,GND,3
U16,,EP4RKU+,,DG1677-2_MNC,A,NOT_USED_16,25,GND,3
U16,,EP4RKU+,,DG1677-2_MNC,A,NOT_USED_17,29,GND,3
U16,,EP4RKU+,,DG1677-2_MNC,A,NOT_USED_2,2,GND,3
U16,,EP4RKU+,,DG1677-2_MNC,A,NOT_USED_3,3,GND,3
U16,,EP4RKU+,,DG1677-2_MNC,A,NOT_USED_4,4,GND,3
U16,,EP4RKU+,,DG1677-2_MNC,A,NOT_USED_5,5,GND,3
U16,,EP4RKU+,,DG1677-2_MNC,A,NOT_USED_6,6,GND,3
U16,,EP4RKU+,,DG1677-2_MNC,A,NOT_USED_7,7,GND,3
U16,,EP4RKU+,,DG1677-2_MNC,A,NOT_USED_8,8,GND,3
U16,,EP4RKU+,,DG1677-2_MNC,A,NOT_USED_9,12,GND,3
U16,,EP4RKU+,,DG1677-2_MNC,A,PORT_1,14,RF_IO_1,3
U16,,EP4RKU+,,DG1677-2_MNC,A,PORT_2,10,RF_IO_2,3
U16,,EP4RKU+,,DG1677-2_MNC,A,PORT_3,31,RF_IO_3,3
U16,,EP4RKU+,,DG1677-2_MNC,A,PORT_4,27,RF_IO_4,3
U16,,EP4RKU+,,DG1677-2_MNC,A,SUM_PORT,21,RF_IO,3
U17,,SZMMSZ5232BT1G,,SOD-123_ONS,A,ANODE,2,GND,3
U17,,SZMMSZ5232BT1G,,SOD-123_ONS,A,CATHODE,1,+3V4,3
U37,,SZMMSZ5232BT1G,,SOD-123_ONS,A,ANODE,2,-3V4,3
U37,,SZMMSZ5232BT1G,,SOD-123_ONS,A,CATHODE,1,GND,3
U38,,SZMMSZ5232BT1G,,SOD-123_ONS,A,ANODE,2,GND,3
U38,,SZMMSZ5232BT1G,,SOD-123_ONS,A,CATHODE,1,+3V4,3
U39,,SZMMSZ5232BT1G,,SOD-123_ONS,A,ANODE,2,-3V4,3
U39,,SZMMSZ5232BT1G,,SOD-123_ONS,A,CATHODE,1,GND,3
U40,,SZMMSZ5232BT1G,,SOD-123_ONS,A,ANODE,2,GND,3
U40,,SZMMSZ5232BT1G,,SOD-123_ONS,A,CATHODE,1,+3V4,3
U41,,SZMMSZ5232BT1G,,SOD-123_ONS,A,ANODE,2,-3V4,3
U41,,SZMMSZ5232BT1G,,SOD-123_ONS,A,CATHODE,1,GND,3
U42,,XC7A50T-2FTG256I,,BGA256C100P16X16_1700X1700X155,G$1,CCLK_0,E8,FPGA_FLASH_CLK,2
U42,,XC7A50T-2FTG256I,,BGA256C100P16X16_1700X1700X155,G$1,CFGBVS_0,E7,N$114,2
U42,,XC7A50T-2FTG256I,,BGA256C100P16X16_1700X1700X155,G$1,DONE_0,H10,N$115,2
U42,,XC7A50T-2FTG256I,,BGA256C100P16X16_1700X1700X155,G$1,DXN_0,K7,GND,2
U42,,XC7A50T-2FTG256I,,BGA256C100P16X16_1700X1700X155,G$1,DXP_0,K8,GND,2
U42,,XC7A50T-2FTG256I,,BGA256C100P16X16_1700X1700X155,G$1,GND,A1 A11 B8 C5 C15 D2 D12 E9 F6 F10 F16 G3 G9 G13 H6 J9 J11 K4 K6 K14 L1 L11 M8 N5 N15 P2 P12 R9 T6 T16,GND,2
U42,,XC7A50T-2FTG256I,,BGA256C100P16X16_1700X1700X155,G$1,GNDADC_0,G7,GND,2
U42,,XC7A50T-2FTG256I,,BGA256C100P16X16_1700X1700X155,G$1,INIT_B_0,K10,N$116,2
U42,,XC7A50T-2FTG256I,,BGA256C100P16X16_1700X1700X155,G$1,M0_0,M9,N$106,2
U42,,XC7A50T-2FTG256I,,BGA256C100P16X16_1700X1700X155,G$1,M1_0,M10,N$107,2
U42,,XC7A50T-2FTG256I,,BGA256C100P16X16_1700X1700X155,G$1,M2_0,M11,N$108,2
U42,,XC7A50T-2FTG256I,,BGA256C100P16X16_1700X1700X155,G$1,PROGRAM_B_0,L9,N$109,2
U42,,XC7A50T-2FTG256I,,BGA256C100P16X16_1700X1700X155,G$1,TCK_0,L7,FPGA_TCK,2
U42,,XC7A50T-2FTG256I,,BGA256C100P16X16_1700X1700X155,G$1,TDI_0,N7,FPGA_TDI,2
U42,,XC7A50T-2FTG256I,,BGA256C100P16X16_1700X1700X155,G$1,TDO_0,N8,FPGA_TDO,2
U42,,XC7A50T-2FTG256I,,BGA256C100P16X16_1700X1700X155,G$1,TMS_0,M7,FPGA_TMS,2
U42,,XC7A50T-2FTG256I,,BGA256C100P16X16_1700X1700X155,G$1,VCCADC_0,G8,+1V8_FPGA,2
U42,,XC7A50T-2FTG256I,,BGA256C100P16X16_1700X1700X155,G$1,VCCAUX,G10 J10 K11 L10,+1V8_FPGA,2
U42,,XC7A50T-2FTG256I,,BGA256C100P16X16_1700X1700X155,G$1,VCCBATT_0,F8,+1V8_FPGA,2
U42,,XC7A50T-2FTG256I,,BGA256C100P16X16_1700X1700X155,G$1,VCCBRAM,E10 F11,+1V0_FPGA,2
U42,,XC7A50T-2FTG256I,,BGA256C100P16X16_1700X1700X155,G$1,VCCINT,F7 F9 G6 H9 J6 K9 L8,+1V0_FPGA,2
U42,,XC7A50T-2FTG256I,,BGA256C100P16X16_1700X1700X155,G$1,VCCO_0,L6,+3V3_FPGA,2
U42,,XC7A50T-2FTG256I,,BGA256C100P16X16_1700X1700X155,G$1,VN_0,J7,GND,2
U42,,XC7A50T-2FTG256I,,BGA256C100P16X16_1700X1700X155,G$1,VP_0,H8,GND,2
U42,,XC7A50T-2FTG256I,,BGA256C100P16X16_1700X1700X155,G$1,VREFN_0,H7,GND,2
U42,,XC7A50T-2FTG256I,,BGA256C100P16X16_1700X1700X155,G$1,VREFP_0,J8,+1V0_FPGA,2
U42,,XC7A50T-2FTG256I,,BGA256C100P16X16_1700X1700X155,G$2,IO_L10N_T1_D15_14,T15,ADC_D2_N,2
U42,,XC7A50T-2FTG256I,,BGA256C100P16X16_1700X1700X155,G$2,IO_L10P_T1_D14_14,T14,ADC_D2_P,2
U42,,XC7A50T-2FTG256I,,BGA256C100P16X16_1700X1700X155,G$2,IO_L12N_T1_MRCC_14,P14,ADC_DCO_N,2
U42,,XC7A50T-2FTG256I,,BGA256C100P16X16_1700X1700X155,G$2,IO_L12P_T1_MRCC_14,N14,ADC_DCO_P,2
U42,,XC7A50T-2FTG256I,,BGA256C100P16X16_1700X1700X155,G$2,IO_L13N_T2_MRCC_14,N12,FPGA_ADC_CLOCK_N,2
U42,,XC7A50T-2FTG256I,,BGA256C100P16X16_1700X1700X155,G$2,IO_L13P_T2_MRCC_14,N11,FPGA_ADC_CLOCK_P,2
U42,,XC7A50T-2FTG256I,,BGA256C100P16X16_1700X1700X155,G$2,IO_L16N_T2_A15_D31_14,T13,ADC_D3_N,2
U42,,XC7A50T-2FTG256I,,BGA256C100P16X16_1700X1700X155,G$2,IO_L16P_T2_CSI_B_14,R13,ADC_D3_P,2
U42,,XC7A50T-2FTG256I,,BGA256C100P16X16_1700X1700X155,G$2,IO_L17N_T2_A13_D29_14,R11,ADC_D4_N,2
U42,,XC7A50T-2FTG256I,,BGA256C100P16X16_1700X1700X155,G$2,IO_L17P_T2_A14_D30_14,R10,ADC_D4_P,2
U42,,XC7A50T-2FTG256I,,BGA256C100P16X16_1700X1700X155,G$2,IO_L19N_T3_A09_D25_VREF_14,N6,ADC_OR_N,2
U42,,XC7A50T-2FTG256I,,BGA256C100P16X16_1700X1700X155,G$2,IO_L19P_T3_A10_D26_14,M6,ADC_OR_P,2
U42,,XC7A50T-2FTG256I,,BGA256C100P16X16_1700X1700X155,G$2,IO_L1N_T0_D01_DIN_14,J14,FPGA_FLASH_DQ1,2
U42,,XC7A50T-2FTG256I,,BGA256C100P16X16_1700X1700X155,G$2,IO_L1P_T0_D00_MOSI_14,J13,FPGA_FLASH_DQ0,2
U42,,XC7A50T-2FTG256I,,BGA256C100P16X16_1700X1700X155,G$2,IO_L21N_T3_DQS_A06_D22_14,T8,ADC_D6_N,2
U42,,XC7A50T-2FTG256I,,BGA256C100P16X16_1700X1700X155,G$2,IO_L21P_T3_DQS_14,T7,ADC_D6_P,2
U42,,XC7A50T-2FTG256I,,BGA256C100P16X16_1700X1700X155,G$2,IO_L22N_T3_A04_D20_14,T10,ADC_D5_N,2
U42,,XC7A50T-2FTG256I,,BGA256C100P16X16_1700X1700X155,G$2,IO_L22P_T3_A05_D21_14,T9,ADC_D5_P,2
U42,,XC7A50T-2FTG256I,,BGA256C100P16X16_1700X1700X155,G$2,IO_L23N_T3_A02_D18_14,T5,ADC_PWRD,2
U42,,XC7A50T-2FTG256I,,BGA256C100P16X16_1700X1700X155,G$2,IO_L24N_T3_A00_D16_14,R7,ADC_D7_N,2
U42,,XC7A50T-2FTG256I,,BGA256C100P16X16_1700X1700X155,G$2,IO_L24P_T3_A01_D17_14,R6,ADC_D7_P,2
U42,,XC7A50T-2FTG256I,,BGA256C100P16X16_1700X1700X155,G$2,IO_L2N_T0_D03_14,K16,FPGA_FLASH_DQ3,2
U42,,XC7A50T-2FTG256I,,BGA256C100P16X16_1700X1700X155,G$2,IO_L2P_T0_D02_14,K15,FPGA_FLASH_DQ2,2
U42,,XC7A50T-2FTG256I,,BGA256C100P16X16_1700X1700X155,G$2,IO_L3P_T0_DQS_PUDC_B_14,L15,FPGA_PUDC_B,2
U42,,XC7A50T-2FTG256I,,BGA256C100P16X16_1700X1700X155,G$2,IO_L5N_T0_D07_14,L13,FPGA_FLASH_NRST,2
U42,,XC7A50T-2FTG256I,,BGA256C100P16X16_1700X1700X155,G$2,IO_L6P_T0_FCS_B_14,L12,FPGA_FLASH_NCS,2
U42,,XC7A50T-2FTG256I,,BGA256C100P16X16_1700X1700X155,G$2,IO_L8N_T1_D12_14,P16,ADC_D0_N,2
U42,,XC7A50T-2FTG256I,,BGA256C100P16X16_1700X1700X155,G$2,IO_L8P_T1_D11_14,P15,ADC_D0_P,2
U42,,XC7A50T-2FTG256I,,BGA256C100P16X16_1700X1700X155,G$2,IO_L9N_T1_DQS_D13_14,R16,ADC_D1_N,2
U42,,XC7A50T-2FTG256I,,BGA256C100P16X16_1700X1700X155,G$2,IO_L9P_T1_DQS_14,R15,ADC_D1_P,2
U42,,XC7A50T-2FTG256I,,BGA256C100P16X16_1700X1700X155,G$2,VCCO_14,L16 M13 N10 P7 R14 T11,+3V3_FPGA,2
U42,,XC7A50T-2FTG256I,,BGA256C100P16X16_1700X1700X155,G$3,IO_L11P_T1_SRCC_15,C11,MIX_TX_EN,2
U42,,XC7A50T-2FTG256I,,BGA256C100P16X16_1700X1700X155,G$3,IO_L12N_T1_MRCC_15,C13,FPGA_DAC_CLOCK,2
U42,,XC7A50T-2FTG256I,,BGA256C100P16X16_1700X1700X155,G$3,IO_L13P_T2_MRCC_15,E12,FPGA_SYS_CLOCK,2
U42,,XC7A50T-2FTG256I,,BGA256C100P16X16_1700X1700X155,G$3,IO_L14N_T2_SRCC_15,D11,MIX_RX_EN,2
U42,,XC7A50T-2FTG256I,,BGA256C100P16X16_1700X1700X155,G$3,IO_L16N_T2_A27_15,F13,DIG_0,2
U42,,XC7A50T-2FTG256I,,BGA256C100P16X16_1700X1700X155,G$3,IO_L17N_T2_A25_15,D16,DIG_2,2
U42,,XC7A50T-2FTG256I,,BGA256C100P16X16_1700X1700X155,G$3,IO_L17P_T2_A26_15,E16,DIG_1,2
U42,,XC7A50T-2FTG256I,,BGA256C100P16X16_1700X1700X155,G$3,IO_L18N_T2_A23_15,E15,DIG_4,2
U42,,XC7A50T-2FTG256I,,BGA256C100P16X16_1700X1700X155,G$3,IO_L18P_T2_A24_15,F15,DIG_3,2
U42,,XC7A50T-2FTG256I,,BGA256C100P16X16_1700X1700X155,G$3,IO_L19N_T3_A21_VREF_15,G12,DIG_6,2
U42,,XC7A50T-2FTG256I,,BGA256C100P16X16_1700X1700X155,G$3,IO_L19P_T3_A22_15,H11,DIG_5,2
U42,,XC7A50T-2FTG256I,,BGA256C100P16X16_1700X1700X155,G$3,IO_L20N_T3_A19_15,H13,STM32_MOSI1,2
U42,,XC7A50T-2FTG256I,,BGA256C100P16X16_1700X1700X155,G$3,IO_L20P_T3_A20_15,H12,DIG_7,2
U42,,XC7A50T-2FTG256I,,BGA256C100P16X16_1700X1700X155,G$3,IO_L21N_T3_DQS_A18_15,F14,ADAR_1_CS_3V3,2
U42,,XC7A50T-2FTG256I,,BGA256C100P16X16_1700X1700X155,G$3,IO_L21P_T3_DQS_15,G14,STM32_MISO1,2
U42,,XC7A50T-2FTG256I,,BGA256C100P16X16_1700X1700X155,G$3,IO_L22N_T3_A16_15,G16,ADAR_3_CS_3V3,2
U42,,XC7A50T-2FTG256I,,BGA256C100P16X16_1700X1700X155,G$3,IO_L22P_T3_A17_15,H16,ADAR_2_CS_3V3,2
U42,,XC7A50T-2FTG256I,,BGA256C100P16X16_1700X1700X155,G$3,IO_L23N_T3_FWE_B_15,J16,STM32_SCLK1,2
U42,,XC7A50T-2FTG256I,,BGA256C100P16X16_1700X1700X155,G$3,IO_L23P_T3_FOE_B_15,J15,ADAR_4_CS_3V3,2
U42,,XC7A50T-2FTG256I,,BGA256C100P16X16_1700X1700X155,G$3,IO_L24N_T3_RS0_15,G15,M3S_VCTRL,2
U42,,XC7A50T-2FTG256I,,BGA256C100P16X16_1700X1700X155,G$3,IO_L24P_T3_RS1_15,H14,FPGA_CLOCK_TEST,2
U42,,XC7A50T-2FTG256I,,BGA256C100P16X16_1700X1700X155,G$3,IO_L2N_T0_AD8N_15,A9,DAC_6,2
U42,,XC7A50T-2FTG256I,,BGA256C100P16X16_1700X1700X155,G$3,IO_L2P_T0_AD8P_15,A8,DAC_7,2
U42,,XC7A50T-2FTG256I,,BGA256C100P16X16_1700X1700X155,G$3,IO_L3N_T0_DQS_AD1N_15,A10,DAC_5,2
U42,,XC7A50T-2FTG256I,,BGA256C100P16X16_1700X1700X155,G$3,IO_L4N_T0_15,B11,DAC_3,2
U42,,XC7A50T-2FTG256I,,BGA256C100P16X16_1700X1700X155,G$3,IO_L4P_T0_15,B10,DAC_4,2
U42,,XC7A50T-2FTG256I,,BGA256C100P16X16_1700X1700X155,G$3,IO_L5N_T0_AD9N_15,A12,DAC_2,2
U42,,XC7A50T-2FTG256I,,BGA256C100P16X16_1700X1700X155,G$3,IO_L7N_T1_AD2N_15,A14,DAC_0,2
U42,,XC7A50T-2FTG256I,,BGA256C100P16X16_1700X1700X155,G$3,IO_L7P_T1_AD2P_15,A13,DAC_1,2
U42,,XC7A50T-2FTG256I,,BGA256C100P16X16_1700X1700X155,G$3,IO_L9N_T1_DQS_AD3N_15,A15,DAC_SLEEP,2
U42,,XC7A50T-2FTG256I,,BGA256C100P16X16_1700X1700X155,G$3,VCCO_15,A16 B13 C10 E14 H15 J12,+3V3_FPGA,2
U42,,XC7A50T-2FTG256I,,BGA256C100P16X16_1700X1700X155,G$4,IO_0_34,L5,ADAR_1_CS_1V8,2
U42,,XC7A50T-2FTG256I,,BGA256C100P16X16_1700X1700X155,G$4,IO_L10P_T1_34,P5,STM32_SCLK_1V8,2
U42,,XC7A50T-2FTG256I,,BGA256C100P16X16_1700X1700X155,G$4,IO_L1N_T0_34,M4,ADAR_3_CS_1V8,2
U42,,XC7A50T-2FTG256I,,BGA256C100P16X16_1700X1700X155,G$4,IO_L1P_T0_34,L4,ADAR_2_CS_1V8,2
U42,,XC7A50T-2FTG256I,,BGA256C100P16X16_1700X1700X155,G$4,IO_L2N_T0_34,M1,STM32_MOSI_1V8,2
U42,,XC7A50T-2FTG256I,,BGA256C100P16X16_1700X1700X155,G$4,IO_L2P_T0_34,M2,ADAR_4_CS_1V8,2
U42,,XC7A50T-2FTG256I,,BGA256C100P16X16_1700X1700X155,G$4,IO_L3N_T0_DQS_34,N2,ADAR_TR_1,2
U42,,XC7A50T-2FTG256I,,BGA256C100P16X16_1700X1700X155,G$4,IO_L3P_T0_DQS_34,N3,STM32_MISO_1V8,2
U42,,XC7A50T-2FTG256I,,BGA256C100P16X16_1700X1700X155,G$4,IO_L4N_T0_34,P1,ADAR_TR_3,2
U42,,XC7A50T-2FTG256I,,BGA256C100P16X16_1700X1700X155,G$4,IO_L4P_T0_34,N1,ADAR_TR_2,2
U42,,XC7A50T-2FTG256I,,BGA256C100P16X16_1700X1700X155,G$4,IO_L5N_T0_34,P3,ADAR_TX_LOAD_1,2
U42,,XC7A50T-2FTG256I,,BGA256C100P16X16_1700X1700X155,G$4,IO_L5P_T0_34,P4,ADAR_TR_4,2
U42,,XC7A50T-2FTG256I,,BGA256C100P16X16_1700X1700X155,G$4,IO_L6N_T0_VREF_34,N4,ADAR_RX_LOAD_4,2
U42,,XC7A50T-2FTG256I,,BGA256C100P16X16_1700X1700X155,G$4,IO_L6P_T0_34,M5,ADAR_RX_LOAD_1,2
U42,,XC7A50T-2FTG256I,,BGA256C100P16X16_1700X1700X155,G$4,IO_L7N_T1_34,R1,ADAR_RX_LOAD_3,2
U42,,XC7A50T-2FTG256I,,BGA256C100P16X16_1700X1700X155,G$4,IO_L7P_T1_34,R2,ADAR_TX_LOAD_4,2
U42,,XC7A50T-2FTG256I,,BGA256C100P16X16_1700X1700X155,G$4,IO_L8N_T1_34,T2,ADAR_RX_LOAD_2,2
U42,,XC7A50T-2FTG256I,,BGA256C100P16X16_1700X1700X155,G$4,IO_L8P_T1_34,R3,ADAR_TX_LOAD_3,2
U42,,XC7A50T-2FTG256I,,BGA256C100P16X16_1700X1700X155,G$4,IO_L9P_T1_DQS_34,T4,ADAR_TX_LOAD_2,2
U42,,XC7A50T-2FTG256I,,BGA256C100P16X16_1700X1700X155,G$4,VCCO_34,M3 R4 T1,+1V8_FPGA,2
U42,,XC7A50T-2FTG256I,,BGA256C100P16X16_1700X1700X155,G$5,VCCO_35,A6 B3 D7 E4 F1 J2,+3V3_FPGA,2
U43,,SZMMSZ5232BT1G,,SOD-123_ONS,A,ANODE,2,GND,3
U43,,SZMMSZ5232BT1G,,SOD-123_ONS,A,CATHODE,1,+3V4,3
U44,,SZMMSZ5232BT1G,,SOD-123_ONS,A,ANODE,2,-3V4,3
U44,,SZMMSZ5232BT1G,,SOD-123_ONS,A,CATHODE,1,GND,3
U45,,SZMMSZ5232BT1G,,SOD-123_ONS,A,ANODE,2,GND,3
U45,,SZMMSZ5232BT1G,,SOD-123_ONS,A,CATHODE,1,+3V4,3
U46,,SZMMSZ5232BT1G,,SOD-123_ONS,A,ANODE,2,-3V4,3
U46,,SZMMSZ5232BT1G,,SOD-123_ONS,A,CATHODE,1,GND,3
U47,,SZMMSZ5232BT1G,,SOD-123_ONS,A,ANODE,2,GND,3
U47,,SZMMSZ5232BT1G,,SOD-123_ONS,A,CATHODE,1,+3V4,3
U48,,SZMMSZ5232BT1G,,SOD-123_ONS,A,ANODE,2,-3V4,3
U48,,SZMMSZ5232BT1G,,SOD-123_ONS,A,CATHODE,1,GND,3
U49,,SZMMSZ5232BT1G,,SOD-123_ONS,A,ANODE,2,GND,3
U49,,SZMMSZ5232BT1G,,SOD-123_ONS,A,CATHODE,1,+3V4,3
U50,,SZMMSZ5232BT1G,,SOD-123_ONS,A,ANODE,2,-3V4,3
U50,,SZMMSZ5232BT1G,,SOD-123_ONS,A,CATHODE,1,GND,3
U51,,SZMMSZ5232BT1G,,SOD-123_ONS,A,ANODE,2,GND,3
U51,,SZMMSZ5232BT1G,,SOD-123_ONS,A,CATHODE,1,+3V4,3
U52,,SZMMSZ5232BT1G,,SOD-123_ONS,A,ANODE,2,-3V4,3
U52,,SZMMSZ5232BT1G,,SOD-123_ONS,A,CATHODE,1,GND,3
U53,,SZMMSZ5232BT1G,,SOD-123_ONS,A,ANODE,2,GND,3
U53,,SZMMSZ5232BT1G,,SOD-123_ONS,A,CATHODE,1,+3V4,3
U54,,SZMMSZ5232BT1G,,SOD-123_ONS,A,ANODE,2,-3V4,3
U54,,SZMMSZ5232BT1G,,SOD-123_ONS,A,CATHODE,1,GND,3
U55,,SZMMSZ5232BT1G,,SOD-123_ONS,A,ANODE,2,GND,3
U55,,SZMMSZ5232BT1G,,SOD-123_ONS,A,CATHODE,1,+3V4,3
U56,,SZMMSZ5232BT1G,,SOD-123_ONS,A,ANODE,2,-3V4,3
U56,,SZMMSZ5232BT1G,,SOD-123_ONS,A,CATHODE,1,GND,3
U57,,SZMMSZ5232BT1G,,SOD-123_ONS,A,ANODE,2,GND,3
U57,,SZMMSZ5232BT1G,,SOD-123_ONS,A,CATHODE,1,+3V4,3
U58,,SZMMSZ5232BT1G,,SOD-123_ONS,A,ANODE,2,-3V4,3
U58,,SZMMSZ5232BT1G,,SOD-123_ONS,A,CATHODE,1,GND,3
U59,,SZMMSZ5232BT1G,,SOD-123_ONS,A,ANODE,2,GND,3
U59,,SZMMSZ5232BT1G,,SOD-123_ONS,A,CATHODE,1,+3V4,3
U60,,SZMMSZ5232BT1G,,SOD-123_ONS,A,ANODE,2,-3V4,3
U60,,SZMMSZ5232BT1G,,SOD-123_ONS,A,CATHODE,1,GND,3
U61,,SZMMSZ5232BT1G,,SOD-123_ONS,A,ANODE,2,GND,3
U61,,SZMMSZ5232BT1G,,SOD-123_ONS,A,CATHODE,1,+3V4,3
U62,,SZMMSZ5232BT1G,,SOD-123_ONS,A,ANODE,2,-3V4,3
U62,,SZMMSZ5232BT1G,,SOD-123_ONS,A,CATHODE,1,GND,3
U63,,SZMMSZ5232BT1G,,SOD-123_ONS,A,ANODE,2,GND,3
U63,,SZMMSZ5232BT1G,,SOD-123_ONS,A,CATHODE,1,+3V4,3
U64,,SZMMSZ5232BT1G,,SOD-123_ONS,A,ANODE,2,-3V4,3
U64,,SZMMSZ5232BT1G,,SOD-123_ONS,A,CATHODE,1,GND,3
U65,,SZMMSZ5232BT1G,,SOD-123_ONS,A,ANODE,2,GND,3
U65,,SZMMSZ5232BT1G,,SOD-123_ONS,A,CATHODE,1,+3V4,3
U66,,SZMMSZ5232BT1G,,SOD-123_ONS,A,ANODE,2,-3V4,3
U66,,SZMMSZ5232BT1G,,SOD-123_ONS,A,CATHODE,1,GND,3
U67,,SZMMSZ5232BT1G,,SOD-123_ONS,A,ANODE,2,GND,3
U67,,SZMMSZ5232BT1G,,SOD-123_ONS,A,CATHODE,1,+3V4,3
U68,,SZMMSZ5232BT1G,,SOD-123_ONS,A,ANODE,2,-3V4,3
U68,,SZMMSZ5232BT1G,,SOD-123_ONS,A,CATHODE,1,GND,3
U69,,DAC5578SRGET,,RGE24_2P7X2P7,A,!CLR,12,DAC_2_VG_CLR,4
U69,,DAC5578SRGET,,RGE24_2P7X2P7,A,!LDAC,22,DAC_2_VG_LDAC,4
U69,,DAC5578SRGET,,RGE24_2P7X2P7,A,ADDR0,11,N$1,4
U69,,DAC5578SRGET,,RGE24_2P7X2P7,A,ADDR1,10,GND,4
U69,,DAC5578SRGET,,RGE24_2P7X2P7,A,AVDD,2,+3V3_AN3_F,4
U69,,DAC5578SRGET,,RGE24_2P7X2P7,A,EPAD,25,GND,4
U69,,DAC5578SRGET,,RGE24_2P7X2P7,A,GND,17,GND,4
U69,,DAC5578SRGET,,RGE24_2P7X2P7,A,RSTSEL,9,+3V3_AN3_F,4
U69,,DAC5578SRGET,,RGE24_2P7X2P7,A,SCL,20,STM32_SCL1,4
U69,,DAC5578SRGET,,RGE24_2P7X2P7,A,SDA,19,STM32_SDA1,4
U69,,DAC5578SRGET,,RGE24_2P7X2P7,A,TWOC,21,N$205,4
U69,,DAC5578SRGET,,RGE24_2P7X2P7,A,VOUTA,3,DAC_VOUT_VG_9,4
U69,,DAC5578SRGET,,RGE24_2P7X2P7,A,VOUTB,16,DAC_VOUT_VG_10,4
U69,,DAC5578SRGET,,RGE24_2P7X2P7,A,VOUTC,4,DAC_VOUT_VG_11,4
U69,,DAC5578SRGET,,RGE24_2P7X2P7,A,VOUTD,15,DAC_VOUT_VG_12,4
U69,,DAC5578SRGET,,RGE24_2P7X2P7,A,VOUTE,5,DAC_VOUT_VG_13,4
U69,,DAC5578SRGET,,RGE24_2P7X2P7,A,VOUTF,14,DAC_VOUT_VG_14,4
U69,,DAC5578SRGET,,RGE24_2P7X2P7,A,VOUTG,6,DAC_VOUT_VG_15,4
U69,,DAC5578SRGET,,RGE24_2P7X2P7,A,VOUTH,13,DAC_VOUT_VG_16,4
U69,,DAC5578SRGET,,RGE24_2P7X2P7,A,VREFIN,8,+3V3_AN3_F,4
U73,,INA241A3IDGKR,DGK0008A-MFG,DGK0008A-MFG,A,GND,2,GND,4
U73,,INA241A3IDGKR,DGK0008A-MFG,DGK0008A-MFG,A,IN+,8,N$212,4
U73,,INA241A3IDGKR,DGK0008A-MFG,DGK0008A-MFG,A,IN-,1,N$214,4
U73,,INA241A3IDGKR,DGK0008A-MFG,DGK0008A-MFG,A,OUT,5,N$215,4
U73,,INA241A3IDGKR,DGK0008A-MFG,DGK0008A-MFG,A,REF1,7,GND,4
U73,,INA241A3IDGKR,DGK0008A-MFG,DGK0008A-MFG,A,REF2,3,GND,4
U73,,INA241A3IDGKR,DGK0008A-MFG,DGK0008A-MFG,A,VS,6,+3V3_AN5_F,4
U74,,INA241A3IDGKR,DGK0008A-MFG,DGK0008A-MFG,A,GND,2,GND,4
U74,,INA241A3IDGKR,DGK0008A-MFG,DGK0008A-MFG,A,IN+,8,N$218,4
U74,,INA241A3IDGKR,DGK0008A-MFG,DGK0008A-MFG,A,IN-,1,N$219,4
U74,,INA241A3IDGKR,DGK0008A-MFG,DGK0008A-MFG,A,OUT,5,N$220,4
U74,,INA241A3IDGKR,DGK0008A-MFG,DGK0008A-MFG,A,REF1,7,GND,4
U74,,INA241A3IDGKR,DGK0008A-MFG,DGK0008A-MFG,A,REF2,3,GND,4
U74,,INA241A3IDGKR,DGK0008A-MFG,DGK0008A-MFG,A,VS,6,+3V3_AN5_F,4
U75,,INA241A3IDGKR,DGK0008A-MFG,DGK0008A-MFG,A,GND,2,GND,4
U75,,INA241A3IDGKR,DGK0008A-MFG,DGK0008A-MFG,A,IN+,8,N$225,4
U75,,INA241A3IDGKR,DGK0008A-MFG,DGK0008A-MFG,A,IN-,1,N$226,4
U75,,INA241A3IDGKR,DGK0008A-MFG,DGK0008A-MFG,A,OUT,5,N$227,4
U75,,INA241A3IDGKR,DGK0008A-MFG,DGK0008A-MFG,A,REF1,7,GND,4
U75,,INA241A3IDGKR,DGK0008A-MFG,DGK0008A-MFG,A,REF2,3,GND,4
U75,,INA241A3IDGKR,DGK0008A-MFG,DGK0008A-MFG,A,VS,6,+3V3_AN5_F,4
U76,,INA241A3IDGKR,DGK0008A-MFG,DGK0008A-MFG,A,GND,2,GND,4
U76,,INA241A3IDGKR,DGK0008A-MFG,DGK0008A-MFG,A,IN+,8,N$230,4
U76,,INA241A3IDGKR,DGK0008A-MFG,DGK0008A-MFG,A,IN-,1,N$232,4
U76,,INA241A3IDGKR,DGK0008A-MFG,DGK0008A-MFG,A,OUT,5,N$233,4
U76,,INA241A3IDGKR,DGK0008A-MFG,DGK0008A-MFG,A,REF1,7,GND,4
U76,,INA241A3IDGKR,DGK0008A-MFG,DGK0008A-MFG,A,REF2,3,GND,4
U76,,INA241A3IDGKR,DGK0008A-MFG,DGK0008A-MFG,A,VS,6,+3V3_AN5_F,4
U77,,INA241A3IDGKR,DGK0008A-MFG,DGK0008A-MFG,A,GND,2,GND,4
U77,,INA241A3IDGKR,DGK0008A-MFG,DGK0008A-MFG,A,IN+,8,N$235,4
U77,,INA241A3IDGKR,DGK0008A-MFG,DGK0008A-MFG,A,IN-,1,N$236,4
U77,,INA241A3IDGKR,DGK0008A-MFG,DGK0008A-MFG,A,OUT,5,N$237,4
U77,,INA241A3IDGKR,DGK0008A-MFG,DGK0008A-MFG,A,REF1,7,GND,4
U77,,INA241A3IDGKR,DGK0008A-MFG,DGK0008A-MFG,A,REF2,3,GND,4
U77,,INA241A3IDGKR,DGK0008A-MFG,DGK0008A-MFG,A,VS,6,+3V3_AN5_F,4
U78,,INA241A3IDGKR,DGK0008A-MFG,DGK0008A-MFG,A,GND,2,GND,4
U78,,INA241A3IDGKR,DGK0008A-MFG,DGK0008A-MFG,A,IN+,8,N$241,4
U78,,INA241A3IDGKR,DGK0008A-MFG,DGK0008A-MFG,A,IN-,1,N$242,4
U78,,INA241A3IDGKR,DGK0008A-MFG,DGK0008A-MFG,A,OUT,5,N$243,4
U78,,INA241A3IDGKR,DGK0008A-MFG,DGK0008A-MFG,A,REF1,7,GND,4
U78,,INA241A3IDGKR,DGK0008A-MFG,DGK0008A-MFG,A,REF2,3,GND,4
U78,,INA241A3IDGKR,DGK0008A-MFG,DGK0008A-MFG,A,VS,6,+3V3_AN5_F,4
U79,,INA241A3IDGKR,DGK0008A-MFG,DGK0008A-MFG,A,GND,2,GND,4
U79,,INA241A3IDGKR,DGK0008A-MFG,DGK0008A-MFG,A,IN+,8,N$246,4
U79,,INA241A3IDGKR,DGK0008A-MFG,DGK0008A-MFG,A,IN-,1,N$248,4
U79,,INA241A3IDGKR,DGK0008A-MFG,DGK0008A-MFG,A,OUT,5,N$249,4
U79,,INA241A3IDGKR,DGK0008A-MFG,DGK0008A-MFG,A,REF1,7,GND,4
U79,,INA241A3IDGKR,DGK0008A-MFG,DGK0008A-MFG,A,REF2,3,GND,4
U79,,INA241A3IDGKR,DGK0008A-MFG,DGK0008A-MFG,A,VS,6,+3V3_AN5_F,4
U80,,INA241A3IDGKR,DGK0008A-MFG,DGK0008A-MFG,A,GND,2,GND,4
U80,,INA241A3IDGKR,DGK0008A-MFG,DGK0008A-MFG,A,IN+,8,N$255,4
U80,,INA241A3IDGKR,DGK0008A-MFG,DGK0008A-MFG,A,IN-,1,N$257,4
U80,,INA241A3IDGKR,DGK0008A-MFG,DGK0008A-MFG,A,OUT,5,N$258,4
U80,,INA241A3IDGKR,DGK0008A-MFG,DGK0008A-MFG,A,REF1,7,GND,4
U80,,INA241A3IDGKR,DGK0008A-MFG,DGK0008A-MFG,A,REF2,3,GND,4
U80,,INA241A3IDGKR,DGK0008A-MFG,DGK0008A-MFG,A,VS,6,+3V3_AN6_F,4
U81,,INA241A3IDGKR,DGK0008A-MFG,DGK0008A-MFG,A,GND,2,GND,4
U81,,INA241A3IDGKR,DGK0008A-MFG,DGK0008A-MFG,A,IN+,8,N$261,4
U81,,INA241A3IDGKR,DGK0008A-MFG,DGK0008A-MFG,A,IN-,1,N$262,4
U81,,INA241A3IDGKR,DGK0008A-MFG,DGK0008A-MFG,A,OUT,5,N$264,4
U81,,INA241A3IDGKR,DGK0008A-MFG,DGK0008A-MFG,A,REF1,7,GND,4
U81,,INA241A3IDGKR,DGK0008A-MFG,DGK0008A-MFG,A,REF2,3,GND,4
U81,,INA241A3IDGKR,DGK0008A-MFG,DGK0008A-MFG,A,VS,6,+3V3_AN6_F,4
U82,,INA241A3IDGKR,DGK0008A-MFG,DGK0008A-MFG,A,GND,2,GND,4
U82,,INA241A3IDGKR,DGK0008A-MFG,DGK0008A-MFG,A,IN+,8,N$266,4
U82,,INA241A3IDGKR,DGK0008A-MFG,DGK0008A-MFG,A,IN-,1,N$267,4
U82,,INA241A3IDGKR,DGK0008A-MFG,DGK0008A-MFG,A,OUT,5,N$268,4
U82,,INA241A3IDGKR,DGK0008A-MFG,DGK0008A-MFG,A,REF1,7,GND,4
U82,,INA241A3IDGKR,DGK0008A-MFG,DGK0008A-MFG,A,REF2,3,GND,4
U82,,INA241A3IDGKR,DGK0008A-MFG,DGK0008A-MFG,A,VS,6,+3V3_AN6_F,4
U83,,INA241A3IDGKR,DGK0008A-MFG,DGK0008A-MFG,A,GND,2,GND,4
U83,,INA241A3IDGKR,DGK0008A-MFG,DGK0008A-MFG,A,IN+,8,N$270,4
U83,,INA241A3IDGKR,DGK0008A-MFG,DGK0008A-MFG,A,IN-,1,N$271,4
U83,,INA241A3IDGKR,DGK0008A-MFG,DGK0008A-MFG,A,OUT,5,N$272,4
U83,,INA241A3IDGKR,DGK0008A-MFG,DGK0008A-MFG,A,REF1,7,GND,4
U83,,INA241A3IDGKR,DGK0008A-MFG,DGK0008A-MFG,A,REF2,3,GND,4
U83,,INA241A3IDGKR,DGK0008A-MFG,DGK0008A-MFG,A,VS,6,+3V3_AN6_F,4
U84,,INA241A3IDGKR,DGK0008A-MFG,DGK0008A-MFG,A,GND,2,GND,4
U84,,INA241A3IDGKR,DGK0008A-MFG,DGK0008A-MFG,A,IN+,8,N$274,4
U84,,INA241A3IDGKR,DGK0008A-MFG,DGK0008A-MFG,A,IN-,1,N$275,4
U84,,INA241A3IDGKR,DGK0008A-MFG,DGK0008A-MFG,A,OUT,5,N$276,4
U84,,INA241A3IDGKR,DGK0008A-MFG,DGK0008A-MFG,A,REF1,7,GND,4
U84,,INA241A3IDGKR,DGK0008A-MFG,DGK0008A-MFG,A,REF2,3,GND,4
U84,,INA241A3IDGKR,DGK0008A-MFG,DGK0008A-MFG,A,VS,6,+3V3_AN6_F,4
U85,,INA241A3IDGKR,DGK0008A-MFG,DGK0008A-MFG,A,GND,2,GND,4
U85,,INA241A3IDGKR,DGK0008A-MFG,DGK0008A-MFG,A,IN+,8,N$278,4
U85,,INA241A3IDGKR,DGK0008A-MFG,DGK0008A-MFG,A,IN-,1,N$279,4
U85,,INA241A3IDGKR,DGK0008A-MFG,DGK0008A-MFG,A,OUT,5,N$280,4
U85,,INA241A3IDGKR,DGK0008A-MFG,DGK0008A-MFG,A,REF1,7,GND,4
U85,,INA241A3IDGKR,DGK0008A-MFG,DGK0008A-MFG,A,REF2,3,GND,4
U85,,INA241A3IDGKR,DGK0008A-MFG,DGK0008A-MFG,A,VS,6,+3V3_AN6_F,4
U86,,INA241A3IDGKR,DGK0008A-MFG,DGK0008A-MFG,A,GND,2,GND,4
U86,,INA241A3IDGKR,DGK0008A-MFG,DGK0008A-MFG,A,IN+,8,N$282,4
U86,,INA241A3IDGKR,DGK0008A-MFG,DGK0008A-MFG,A,IN-,1,N$283,4
U86,,INA241A3IDGKR,DGK0008A-MFG,DGK0008A-MFG,A,OUT,5,N$284,4
U86,,INA241A3IDGKR,DGK0008A-MFG,DGK0008A-MFG,A,REF1,7,GND,4
U86,,INA241A3IDGKR,DGK0008A-MFG,DGK0008A-MFG,A,REF2,3,GND,4
U86,,INA241A3IDGKR,DGK0008A-MFG,DGK0008A-MFG,A,VS,6,+3V3_AN6_F,4
U87,,INA241A3IDGKR,DGK0008A-MFG,DGK0008A-MFG,A,GND,2,GND,4
U87,,INA241A3IDGKR,DGK0008A-MFG,DGK0008A-MFG,A,IN+,8,N$286,4
U87,,INA241A3IDGKR,DGK0008A-MFG,DGK0008A-MFG,A,IN-,1,N$287,4
U87,,INA241A3IDGKR,DGK0008A-MFG,DGK0008A-MFG,A,OUT,5,N$288,4
U87,,INA241A3IDGKR,DGK0008A-MFG,DGK0008A-MFG,A,REF1,7,GND,4
U87,,INA241A3IDGKR,DGK0008A-MFG,DGK0008A-MFG,A,REF2,3,GND,4
U87,,INA241A3IDGKR,DGK0008A-MFG,DGK0008A-MFG,A,VS,6,+3V3_AN6_F,4
U88,,ADS7830IPWR,,PW16,A,A0,12,GND,4
U88,,ADS7830IPWR,,PW16,A,A1,13,N$293,4
U88,,ADS7830IPWR,,PW16,A,CH0,1,N$259,4
U88,,ADS7830IPWR,,PW16,A,CH1,2,N$265,4
U88,,ADS7830IPWR,,PW16,A,CH2,3,N$269,4
U88,,ADS7830IPWR,,PW16,A,CH3,4,N$273,4
U88,,ADS7830IPWR,,PW16,A,CH4,5,N$277,4
U88,,ADS7830IPWR,,PW16,A,CH5,6,N$281,4
U88,,ADS7830IPWR,,PW16,A,CH6,7,N$285,4
U88,,ADS7830IPWR,,PW16,A,CH7,8,N$289,4
U88,,ADS7830IPWR,,PW16,A,COM,11,N$292,4
U88,,ADS7830IPWR,,PW16,A,GND,9,GND,4
U88,,ADS7830IPWR,,PW16,A,REFIN/REFOUT,10,N$290,4
U88,,ADS7830IPWR,,PW16,A,SCL,14,STM32_SCL2,4
U88,,ADS7830IPWR,,PW16,A,SDA,15,STM32_SDA2,4
U88,,ADS7830IPWR,,PW16,A,VDD+,16,N$291,4
U89,,ADS7830IPWR,,PW16,A,A0,12,N$294,4
U89,,ADS7830IPWR,,PW16,A,A1,13,GND,4
U89,,ADS7830IPWR,,PW16,A,CH0,1,N$297,4
U89,,ADS7830IPWR,,PW16,A,CH1,2,N$299,4
U89,,ADS7830IPWR,,PW16,A,CH2,3,N$307,4
U89,,ADS7830IPWR,,PW16,A,CH3,4,N$295,4
U89,,ADS7830IPWR,,PW16,A,CH4,5,N$296,4
U89,,ADS7830IPWR,,PW16,A,CH5,6,N$306,4
U89,,ADS7830IPWR,,PW16,A,CH6,7,N$298,4
U89,,ADS7830IPWR,,PW16,A,CH7,8,N$301,4
U89,,ADS7830IPWR,,PW16,A,COM,11,N$304,4
U89,,ADS7830IPWR,,PW16,A,GND,9,GND,4
U89,,ADS7830IPWR,,PW16,A,REFIN/REFOUT,10,N$302,4
U89,,ADS7830IPWR,,PW16,A,SCL,14,STM32_SCL2,4
U89,,ADS7830IPWR,,PW16,A,SDA,15,STM32_SDA2,4
U89,,ADS7830IPWR,,PW16,A,VDD+,16,N$303,4
U$1,,M3SWA2-34DR+,,16_QFN,A,EP,17,GND,3
U$1,,M3SWA2-34DR+,,16_QFN,A,GND,2,GND,3
U$1,,M3SWA2-34DR+,,16_QFN,A,GND2,4,GND,3
U$1,,M3SWA2-34DR+,,16_QFN,A,GND3,7,GND,3
U$1,,M3SWA2-34DR+,,16_QFN,A,GND4,9,GND,3
U$1,,M3SWA2-34DR+,,16_QFN,A,GND5,11,GND,3
U$1,,M3SWA2-34DR+,,16_QFN,A,GND6,14,GND,3
U$1,,M3SWA2-34DR+,,16_QFN,A,GND7,16,GND,3
U$1,,M3SWA2-34DR+,,16_QFN,A,NC,1,GND,3
U$1,,M3SWA2-34DR+,,16_QFN,A,NC2,12,GND,3
U$1,,M3SWA2-34DR+,,16_QFN,A,NC3,13,GND,3
U$1,,M3SWA2-34DR+,,16_QFN,A,RFC,15,N$26,3
U$1,,M3SWA2-34DR+,,16_QFN,A,RFOUT1,3,N$21,3
U$1,,M3SWA2-34DR+,,16_QFN,A,RFOUT2,10,N$38,3
U$1,,M3SWA2-34DR+,,16_QFN,A,VCTRL,6,M3S_VCTRL,3
U$1,,M3SWA2-34DR+,,16_QFN,A,VDD,8,+3V4,3
U$1,,M3SWA2-34DR+,,16_QFN,A,VEE,5,-3V4,3
U$2,,BPF2,,BPF2,G$1,IN,P$1,RF_TX_FIL,3
U$2,,BPF2,,BPF2,G$1,OUT,P$2,RF_TX,3
U$3,,BPF2,,BPF2,G$1,IN,P$1,RF_RX,3
U$3,,BPF2,,BPF2,G$1,OUT,P$2,RF_RX_FIL,3
X1,,22-23-2021,,22-23-2021,-1,S,1,+3V4,1
X1,,22-23-2021,,22-23-2021,-2,S,2,GND,1
X3,,22-23-2031,,22-23-2031,-1,S,1,N$207,4
X3,,22-23-2031,,22-23-2031,-2,S,2,N$209,4
X3,,22-23-2031,,22-23-2031,-3,S,3,GND,4
X4,,22-23-2021,,22-23-2021,-1,S,1,+3V3_ADTR,1
X4,,22-23-2021,,22-23-2021,-2,S,2,GND,1
X5,,22-23-2021,,22-23-2021,-1,S,1,+5V0_PA_2,1
X5,,22-23-2021,,22-23-2021,-2,S,2,GND,1
X6,,22-23-2021,,22-23-2021,-1,S,1,-3V3_SW,1
X6,,22-23-2021,,22-23-2021,-2,S,2,GND,1
X7,,22-23-2021,,22-23-2021,-1,S,1,+5V0_PA_3,1
X7,,22-23-2021,,22-23-2021,-2,S,2,GND,1
X8,,22-23-2021,,22-23-2021,-1,S,1,+1V0_FPGA,1
X8,,22-23-2021,,22-23-2021,-2,S,2,GND,1
X9,,22-23-2021,,22-23-2021,-1,S,1,+3V3_AN,1
X9,,22-23-2021,,22-23-2021,-2,S,2,GND,1
X10,,22-23-2021,,22-23-2021,-1,S,1,+1V8_FPGA,1
X10,,22-23-2021,,22-23-2021,-2,S,2,GND,1
X11,,22-23-2021,,22-23-2021,-1,S,1,-3V4,1
X11,,22-23-2021,,22-23-2021,-2,S,2,GND,1
X12,,22-23-2021,,22-23-2021,-1,S,1,+3V3_VDD_SW,1
X12,,22-23-2021,,22-23-2021,-2,S,2,GND,1
X13,,22-23-2021,,22-23-2021,-1,S,1,-5V0_ADAR12,1
X13,,22-23-2021,,22-23-2021,-2,S,2,GND,1
X14,,22-23-2021,,22-23-2021,-1,S,1,+5V0_PA_1,1
X14,,22-23-2021,,22-23-2021,-2,S,2,GND,1
X15,,22-23-2021,,22-23-2021,-1,S,1,-5V0_ADAR34,1
X15,,22-23-2021,,22-23-2021,-2,S,2,GND,1
X16,,22-23-2021,,22-23-2021,-1,S,1,+3V3_FPGA,1
X16,,22-23-2021,,22-23-2021,-2,S,2,GND,1
X17,,22-23-2021,,22-23-2021,-1,S,1,+1V8_CLOCK,1
X17,,22-23-2021,,22-23-2021,-2,S,2,GND,1
X18,,22-23-2021,,22-23-2021,-1,S,1,+5V0_0,1
X18,,22-23-2021,,22-23-2021,-2,S,2,GND,1
X19,,22-23-2021,,22-23-2021,-1,S,1,-5V5_PA,1
X19,,22-23-2021,,22-23-2021,-2,S,2,GND,1
X20,,22-23-2021,,22-23-2021,-1,S,1,+3V3_ADAR12,1
X20,,22-23-2021,,22-23-2021,-2,S,2,GND,1
X21,,22-23-2021,,22-23-2021,-1,S,1,+3V3_ADAR34,1
X21,,22-23-2021,,22-23-2021,-2,S,2,GND,1
X22,,22-23-2021,,22-23-2021,-1,S,1,-3V4,1
X22,,22-23-2021,,22-23-2021,-2,S,2,GND,1
X24,,22-23-2021,,22-23-2021,-1,S,1,+3V3,1
X24,,22-23-2021,,22-23-2021,-2,S,2,GND,1
X38,,22-23-2031,,22-23-2031,-1,S,1,N$212,4
X38,,22-23-2031,,22-23-2031,-2,S,2,N$214,4
X38,,22-23-2031,,22-23-2031,-3,S,3,GND,4
X39,,22-23-2031,,22-23-2031,-1,S,1,N$218,4
X39,,22-23-2031,,22-23-2031,-2,S,2,N$219,4
X39,,22-23-2031,,22-23-2031,-3,S,3,GND,4
X40,,22-23-2031,,22-23-2031,-1,S,1,N$225,4
X40,,22-23-2031,,22-23-2031,-2,S,2,N$226,4
X40,,22-23-2031,,22-23-2031,-3,S,3,GND,4
X41,,22-23-2031,,22-23-2031,-1,S,1,N$230,4
X41,,22-23-2031,,22-23-2031,-2,S,2,N$232,4
X41,,22-23-2031,,22-23-2031,-3,S,3,GND,4
X42,,22-23-2031,,22-23-2031,-1,S,1,N$235,4
X42,,22-23-2031,,22-23-2031,-2,S,2,N$236,4
X42,,22-23-2031,,22-23-2031,-3,S,3,GND,4
X43,,22-23-2031,,22-23-2031,-1,S,1,N$241,4
X43,,22-23-2031,,22-23-2031,-2,S,2,N$242,4
X43,,22-23-2031,,22-23-2031,-3,S,3,GND,4
X44,,22-23-2031,,22-23-2031,-1,S,1,N$246,4
X44,,22-23-2031,,22-23-2031,-2,S,2,N$248,4
X44,,22-23-2031,,22-23-2031,-3,S,3,GND,4
X45,,22-23-2031,,22-23-2031,-1,S,1,N$255,4
X45,,22-23-2031,,22-23-2031,-2,S,2,N$257,4
X45,,22-23-2031,,22-23-2031,-3,S,3,GND,4
X46,,22-23-2031,,22-23-2031,-1,S,1,N$261,4
X46,,22-23-2031,,22-23-2031,-2,S,2,N$262,4
X46,,22-23-2031,,22-23-2031,-3,S,3,GND,4
X47,,22-23-2031,,22-23-2031,-1,S,1,N$266,4
X47,,22-23-2031,,22-23-2031,-2,S,2,N$267,4
X47,,22-23-2031,,22-23-2031,-3,S,3,GND,4
X48,,22-23-2031,,22-23-2031,-1,S,1,N$270,4
X48,,22-23-2031,,22-23-2031,-2,S,2,N$271,4
X48,,22-23-2031,,22-23-2031,-3,S,3,GND,4
X49,,22-23-2031,,22-23-2031,-1,S,1,N$274,4
X49,,22-23-2031,,22-23-2031,-2,S,2,N$275,4
X49,,22-23-2031,,22-23-2031,-3,S,3,GND,4
X50,,22-23-2031,,22-23-2031,-1,S,1,N$278,4
X50,,22-23-2031,,22-23-2031,-2,S,2,N$279,4
X50,,22-23-2031,,22-23-2031,-3,S,3,GND,4
X51,,22-23-2031,,22-23-2031,-1,S,1,N$282,4
X51,,22-23-2031,,22-23-2031,-2,S,2,N$283,4
X51,,22-23-2031,,22-23-2031,-3,S,3,GND,4
X52,,22-23-2031,,22-23-2031,-1,S,1,N$286,4
X52,,22-23-2031,,22-23-2031,-2,S,2,N$287,4
X52,,22-23-2031,,22-23-2031,-3,S,3,GND,4
X53,,MINI-USB-,32005-201,32005-201,G$1,2,2,STM32_USB_FS_D_N,2
X53,,MINI-USB-,32005-201,32005-201,G$1,3,3,STM32_USB_FS_D_P,2
X53,,MINI-USB-,32005-201,32005-201,G$1,4,4,STM32_USB_FS_ID,2
X53,,MINI-USB-,32005-201,32005-201,G$1,5,5,GND,2
X54,,22-23-2021,,22-23-2021,-1,S,1,+3V4,1
X54,,22-23-2021,,22-23-2021,-2,S,2,GND,1
X55,,22-23-2021,,22-23-2021,-1,S,1,+5V5_PA,1
X55,,22-23-2021,,22-23-2021,-2,S,2,GND,1
X56,,22-23-2021,,22-23-2021,-1,S,1,+3V3_AN,1
X56,,22-23-2021,,22-23-2021,-2,S,2,GND,1
XTAL1,,NX3225GD-8MHZ-STD-CRA-3,,XTAL_NX3225GD-8MHZ-STD-CRA-3_N,A,1,1,STM32_OSC_P,2
XTAL1,,NX3225GD-8MHZ-STD-CRA-3,,XTAL_NX3225GD-8MHZ-STD-CRA-3_N,A,2,2,STM32_OSC_N,2
XTAL3,NX3215SA-32.768KHz,NX3225GD-8MHZ-STD-CRA-3,,XTAL_NX3225GD-8MHZ-STD-CRA-3_N,A,1,1,STM32_OSC_32_P,2
XTAL3,NX3215SA-32.768KHz,NX3225GD-8MHZ-STD-CRA-3,,XTAL_NX3225GD-8MHZ-STD-CRA-3_N,A,2,2,STM32_OSC_32_N,2
X_1,,22-23-2021,,22-23-2021,-1,S,1,VG_15,4
X_1,,22-23-2021,,22-23-2021,-2,S,2,GND,4
X_2,,22-23-2021,,22-23-2021,-1,S,1,VG_13,4
X_2,,22-23-2021,,22-23-2021,-2,S,2,GND,4
X_3,,22-23-2021,,22-23-2021,-1,S,1,VG_7,4
X_3,,22-23-2021,,22-23-2021,-2,S,2,GND,4
X_4,,22-23-2021,,22-23-2021,-1,S,1,VG_5,4
X_4,,22-23-2021,,22-23-2021,-2,S,2,GND,4
X_5,,22-23-2021,,22-23-2021,-1,S,1,VG_9,4
X_5,,22-23-2021,,22-23-2021,-2,S,2,GND,4
X_6,,22-23-2021,,22-23-2021,-1,S,1,VG_11,4
X_6,,22-23-2021,,22-23-2021,-2,S,2,GND,4
X_7,,22-23-2021,,22-23-2021,-1,S,1,VG_1,4
X_7,,22-23-2021,,22-23-2021,-2,S,2,GND,4
X_8,,22-23-2021,,22-23-2021,-1,S,1,VG_3,4
X_8,,22-23-2021,,22-23-2021,-2,S,2,GND,4
X_9,,22-23-2021,,22-23-2021,-1,S,1,VG_14,4
X_9,,22-23-2021,,22-23-2021,-2,S,2,GND,4
X_10,,22-23-2021,,22-23-2021,-1,S,1,VG_16,4
X_10,,22-23-2021,,22-23-2021,-2,S,2,GND,4
X_11,,22-23-2021,,22-23-2021,-1,S,1,VG_6,4
X_11,,22-23-2021,,22-23-2021,-2,S,2,GND,4
X_12,,22-23-2021,,22-23-2021,-1,S,1,VG_8,4
X_12,,22-23-2021,,22-23-2021,-2,S,2,GND,4
X_13,,22-23-2021,,22-23-2021,-1,S,1,VG_12,4
X_13,,22-23-2021,,22-23-2021,-2,S,2,GND,4
X_14,,22-23-2021,,22-23-2021,-1,S,1,VG_10,4
X_14,,22-23-2021,,22-23-2021,-2,S,2,GND,4
X_15,,22-23-2021,,22-23-2021,-1,S,1,VG_4,4
X_15,,22-23-2021,,22-23-2021,-2,S,2,GND,4
X_16,,22-23-2021,,22-23-2021,-1,S,1,VG_2,4
X_16,,22-23-2021,,22-23-2021,-2,S,2,GND,4
