net,part,gate,pin,pad,sheet,net_class
+1V0_FPGA,U42,G$1,VCCBRAM,E10 F11,2,0
+1V0_FPGA,U42,G$1,VCCINT,F7 F9 G6 H9 J6 K9 L8,2,0
+1V0_FPGA,U42,G$1,VREFP_0,J8,2,0
+1V0_FPGA,X8,-1,S,1,1,0
+1V8_CLOCK,C311,G$1,1,1,1,0
+1V8_CLOCK,L1,G$1,1,1,1,0
+1V8_CLOCK,X17,-1,S,1,1,0
+1V8_CLOCK_F,C10,G$1,2,2,3,0
+1V8_CLOCK_F,C11,G$1,2,2,3,0
+1V8_CLOCK_F,C12,G$1,2,2,3,0
+1V8_CLOCK_F,C13,G$1,2,2,3,0
+1V8_CLOCK_F,C14,G$1,2,2,3,0
+1V8_CLOCK_F,C293,G$1,2,2,3,0
+1V8_CLOCK_F,C312,G$1,1,1,1,0
+1V8_CLOCK_F,C313,G$1,1,1,1,0
+1V8_CLOCK_F,C314,G$1,1,1,1,0
+1V8_CLOCK_F,C4,G$1,2,2,3,0
+1V8_CLOCK_F,C5,G$1,2,2,3,0
+1V8_CLOCK_F,C6,G$1,2,2,3,0
+1V8_CLOCK_F,C7,G$1,2,2,3,0
+1V8_CLOCK_F,C8,G$1,2,2,3,0
+1V8_CLOCK_F,C9,G$1,2,2,3,0
+1V8_CLOCK_F,L1,G$1,2,2,1,0
+1V8_CLOCK_F,SJ1,G$1,3,3,3,0
+1V8_CLOCK_F,U1,A,AVDD,46,3,0
+1V8_CLOCK_F,U1,A,AVDD_10,42,3,0
+1V8_CLOCK_F,U1,A,AVDD_11,43,3,0
+1V8_CLOCK_F,U1,A,AVDD_2,30,3,0
+1V8_CLOCK_F,U1,A,AVDD_3,32,3,0
+1V8_CLOCK_F,U1,A,AVDD_4,33,3,0
+1V8_CLOCK_F,U1,A,AVDD_5,34,3,0
+1V8_CLOCK_F,U1,A,AVDD_6,37,3,0
+1V8_CLOCK_F,U1,A,AVDD_7,38,3,0
+1V8_CLOCK_F,U1,A,AVDD_8,39,3,0
+1V8_CLOCK_F,U1,A,AVDD_9,41,3,0
+1V8_CLOCK_F,U1,A,CSB,27,3,0
+1V8_FPGA,C15,G$1,2,2,3,0
+1V8_FPGA,C16,G$1,2,2,3,0
+1V8_FPGA,C285,G$1,2,2,2,0
+1V8_FPGA,C287,G$1,2,2,2,0
+1V8_FPGA,C289,G$1,2,2,2,0
+1V8_FPGA,C291,G$1,2,2,2,0
+1V8_FPGA,C36,G$1,2,2,3,0
+1V8_FPGA,R154,G$1,1,1,3,0
+1V8_FPGA,R155,G$1,1,1,3,0
+1V8_FPGA,R156,G$1,1,1,3,0
+1V8_FPGA,R157,G$1,1,1,3,0
+1V8_FPGA,U1,A,DRVDD,47,3,0
+1V8_FPGA,U1,A,DRVDD_2,7,3,0
+1V8_FPGA,U1,A,DRVDD_3,24,3,0
+1V8_FPGA,U42,G$1,VCCADC_0,G8,2,0
+1V8_FPGA,U42,G$1,VCCAUX,G10 J10 K11 L10,2,0
+1V8_FPGA,U42,G$1,VCCBATT_0,F8,2,0
+1V8_FPGA,U42,G$4,VCCO_34,M3 R4 T1,2,0
+1V8_FPGA,X10,-1,S,1,1,0
+3V3,C25,G$1,1,1,2,0
+3V3,C26,G$1,1,1,2,0
+3V3,C27,G$1,1,1,2,0
+3V3,C279,G$1,1,1,2,0
+3V3,C28,G$1,1,1,2,0
+3V3,C281,G$1,1,1,2,0
+3V3,C29,G$1,1,1,2,0
+3V3,C30,G$1,1,1,2,0
+3V3,C31,G$1,1,1,2,0
+3V3,C32,G$1,1,1,2,0
+3V3,C33,G$1,1,1,2,0
+3V3,C34,G$1,1,1,2,0
+3V3,C35,G$1,1,1,2,0
+3V3,JP18,A,4,4,2,0
+3V3,JP2,A,1,1,2,0
+3V3,JP7,A,2,2,2,0
+3V3,JP8,A,1,1,2,0
+3V3,L5,G$1,2,2,2,0
+3V3,R111,G$1,2,2,2,0
+3V3,R167,G$1,1,1,2,0
+3V3,R168,G$1,1,1,2,0
+3V3,R169,G$1,1,1,2,0
+3V3,R170,G$1,1,1,2,0
+3V3,R171,G$1,1,1,2,0
+3V3,R172,G$1,1,1,2,0
+3V3,U2,B,PDR_ON,143,2,0
+3V3,U2,C,VBAT,6,2,0
+3V3,U2,C,VDD,144,2,0
+3V3,U2,C,VDDUSB,95,2,0
+3V3,U2,C,VDD_10,121,2,0
+3V3,U2,C,VDD_11,131,2,0
+3V3,U2,C,VDD_2,17,2,0
+3V3,U2,C,VDD_3,30,2,0
+3V3,U2,C,VDD_4,39,2,0
+3V3,U2,C,VDD_5,52,2,0
+3V3,U2,C,VDD_6,62,2,0
+3V3,U2,C,VDD_7,72,2,0
+3V3,U2,C,VDD_8,84,2,0
+3V3,U2,C,VDD_9,108,2,0
+3V3,X24,-1,S,1,1,0
+3V3_ADAR12,C315,G$1,1,1,1,0
+3V3_ADAR12,L11,G$1,1,1,1,0
+3V3_ADAR12,L12,G$1,1,1,1,0
+3V3_ADAR12,X20,-1,S,1,1,0
+3V3_ADAR1_F,ADAR1_,A,AVDD3,N11,3,0
+3V3_ADAR1_F,ADAR1_,A,AVDD3_2,M10,3,0
+3V3_ADAR1_F,ADAR1_,A,AVDD3_3,M11,3,0
+3V3_ADAR1_F,C316,G$1,1,1,1,0
+3V3_ADAR1_F,C317,G$1,1,1,1,0
+3V3_ADAR1_F,C318,G$1,1,1,1,0
+3V3_ADAR1_F,L11,G$1,2,2,1,0
+3V3_ADAR2_F,ADAR2_,A,AVDD3,N11,3,0
+3V3_ADAR2_F,ADAR2_,A,AVDD3_2,M10,3,0
+3V3_ADAR2_F,ADAR2_,A,AVDD3_3,M11,3,0
+3V3_ADAR2_F,C319,G$1,1,1,1,0
+3V3_ADAR2_F,C320,G$1,1,1,1,0
+3V3_ADAR2_F,C321,G$1,1,1,1,0
+3V3_ADAR2_F,L12,G$1,2,2,1,0
+3V3_ADAR2_F,R78,G$1,1,1,3,0
+3V3_ADAR34,C322,G$1,1,1,1,0
+3V3_ADAR34,L13,G$1,1,1,1,0
+3V3_ADAR34,L14,G$1,1,1,1,0
+3V3_ADAR34,X21,-1,S,1,1,0
+3V3_ADAR3_F,ADAR3_,A,AVDD3,N11,3,0
+3V3_ADAR3_F,ADAR3_,A,AVDD3_2,M10,3,0
+3V3_ADAR3_F,ADAR3_,A,AVDD3_3,M11,3,0
+3V3_ADAR3_F,C323,G$1,1,1,1,0
+3V3_ADAR3_F,C324,G$1,1,1,1,0
+3V3_ADAR3_F,C325,G$1,1,1,1,0
+3V3_ADAR3_F,L13,G$1,2,2,1,0
+3V3_ADAR3_F,R79,G$1,1,1,3,0
+3V3_ADAR4_F,ADAR4_,A,AVDD3,N11,3,0
+3V3_ADAR4_F,ADAR4_,A,AVDD3_2,M10,3,0
+3V3_ADAR4_F,ADAR4_,A,AVDD3_3,M11,3,0
+3V3_ADAR4_F,C326,G$1,1,1,1,0
+3V3_ADAR4_F,C327,G$1,1,1,1,0
+3V3_ADAR4_F,C328,G$1,1,1,1,0
+3V3_ADAR4_F,L14,G$1,2,2,1,0
+3V3_ADAR4_F,R80,G$1,1,1,3,0
+3V3_ADAR4_F,R81,G$1,1,1,3,0
+3V3_ADTR,ADTR1107_1,A,VDD_LNA,24,3,0
+3V3_ADTR,ADTR1107_10,A,VDD_LNA,24,3,0
+3V3_ADTR,ADTR1107_11,A,VDD_LNA,24,3,0
+3V3_ADTR,ADTR1107_12,A,VDD_LNA,24,3,0
+3V3_ADTR,ADTR1107_13,A,VDD_LNA,24,3,0
+3V3_ADTR,ADTR1107_14,A,VDD_LNA,24,3,0
+3V3_ADTR,ADTR1107_15,A,VDD_LNA,24,3,0
+3V3_ADTR,ADTR1107_16,A,VDD_LNA,24,3,0
+3V3_ADTR,ADTR1107_2,A,VDD_LNA,24,3,0
+3V3_ADTR,ADTR1107_3,A,VDD_LNA,24,3,0
+3V3_ADTR,ADTR1107_4,A,VDD_LNA,24,3,0
+3V3_ADTR,ADTR1107_5,A,VDD_LNA,24,3,0
+3V3_ADTR,ADTR1107_6,A,VDD_LNA,24,3,0
+3V3_ADTR,ADTR1107_7,A,VDD_LNA,24,3,0
+3V3_ADTR,ADTR1107_8,A,VDD_LNA,24,3,0
+3V3_ADTR,ADTR1107_9,A,VDD_LNA,24,3,0
+3V3_ADTR,X4,-1,S,1,1,0
+3V3_AN,C283,G$1,1,1,1,0
+3V3_AN,C329,G$1,1,1,1,0
+3V3_AN,C40,G$1,1,1,3,0
+3V3_AN,C42,G$1,1,1,3,0
+3V3_AN,L15,G$1,1,1,1,0
+3V3_AN,L16,G$1,1,1,1,0
+3V3_AN,L17,G$1,1,1,1,0
+3V3_AN,L18,G$1,1,1,1,0
+3V3_AN,L21,G$1,1,1,1,0
+3V3_AN,L23,G$1,1,1,1,0
+3V3_AN,L6,G$1,2,2,3,0
+3V3_AN,X56,-1,S,1,1,0
+3V3_AN,X9,-1,S,1,1,0
+3V3_AN1_F,C330,G$1,1,1,1,0
+3V3_AN1_F,C331,G$1,1,1,1,0
+3V3_AN1_F,C332,G$1,1,1,1,0
+3V3_AN1_F,L15,G$1,2,2,1,0
+3V3_AN1_F,U5,A,VCC,9,3,0
+3V3_AN2_F,C333,G$1,1,1,1,0
+3V3_AN2_F,C334,G$1,1,1,1,0
+3V3_AN2_F,C335,G$1,1,1,1,0
+3V3_AN2_F,L16,G$1,2,2,1,0
+3V3_AN2_F,U13,A,VCC,9,3,0
+3V3_AN3_F,C256,G$1,1,1,4,0
+3V3_AN3_F,C257,G$1,1,1,4,0
+3V3_AN3_F,C336,G$1,1,1,1,0
+3V3_AN3_F,C337,G$1,1,1,1,0
+3V3_AN3_F,C75,G$1,1,1,1,0
+3V3_AN3_F,C76,G$1,1,1,1,0
+3V3_AN3_F,L17,G$1,2,2,1,0
+3V3_AN3_F,R123,G$1,2,2,4,0
+3V3_AN3_F,R39,G$1,2,2,4,0
+3V3_AN3_F,R40,G$1,2,2,4,0
+3V3_AN3_F,R42,G$1,1,1,4,0
+3V3_AN3_F,R44,G$1,1,1,4,0
+3V3_AN3_F,U69,A,AVDD,2,4,0
+3V3_AN3_F,U69,A,RSTSEL,9,4,0
+3V3_AN3_F,U69,A,VREFIN,8,4,0
+3V3_AN3_F,U7,A,AVDD,2,4,0
+3V3_AN3_F,U7,A,RSTSEL,9,4,0
+3V3_AN3_F,U7,A,VREFIN,8,4,0
+3V3_AN4_F,C298,G$1,1,1,4,0
+3V3_AN4_F,C302,G$1,1,1,4,0
+3V3_AN4_F,C303,G$1,1,1,4,0
+3V3_AN4_F,C304,G$1,1,1,4,0
+3V3_AN4_F,C305,G$1,1,1,4,0
+3V3_AN4_F,C306,G$1,1,1,4,0
+3V3_AN4_F,C307,G$1,1,1,4,0
+3V3_AN4_F,C310,G$1,1,1,4,0
+3V3_AN4_F,C338,G$1,1,1,1,0
+3V3_AN4_F,C339,G$1,1,1,1,0
+3V3_AN4_F,C340,G$1,1,1,1,0
+3V3_AN4_F,C341,G$1,1,1,1,0
+3V3_AN4_F,C77,G$1,1,1,1,0
+3V3_AN4_F,C78,G$1,1,1,1,0
+3V3_AN4_F,JP11,A,1,1,4,0
+3V3_AN4_F,JP12,A,1,1,4,0
+3V3_AN4_F,JP14,A,1,1,4,0
+3V3_AN4_F,JP15,A,1,1,4,0
+3V3_AN4_F,JP16,A,1,1,4,0
+3V3_AN4_F,JP19,A,1,1,4,0
+3V3_AN4_F,JP5,A,1,1,4,0
+3V3_AN4_F,JP6,A,1,1,4,0
+3V3_AN4_F,L18,G$1,2,2,1,0
+3V3_AN4_F,R132,G$1,1,1,4,0
+3V3_AN4_F,R150,G$1,1,1,4,0
+3V3_AN4_F,R152,G$1,1,1,4,0
+3V3_AN5_F,C258,G$1,1,1,1,0
+3V3_AN5_F,C259,G$1,1,1,1,0
+3V3_AN5_F,C260,G$1,1,1,1,0
+3V3_AN5_F,C262,G$1,1,1,1,0
+3V3_AN5_F,C342,G$1,1,1,1,0
+3V3_AN5_F,C343,G$1,1,1,1,0
+3V3_AN5_F,C344,G$1,1,1,1,0
+3V3_AN5_F,C345,G$1,1,1,1,0
+3V3_AN5_F,L21,G$1,2,2,1,0
+3V3_AN5_F,U11,A,VS,6,4,0
+3V3_AN5_F,U73,A,VS,6,4,0
+3V3_AN5_F,U74,A,VS,6,4,0
+3V3_AN5_F,U75,A,VS,6,4,0
+3V3_AN5_F,U76,A,VS,6,4,0
+3V3_AN5_F,U77,A,VS,6,4,0
+3V3_AN5_F,U78,A,VS,6,4,0
+3V3_AN5_F,U79,A,VS,6,4,0
+3V3_AN6_F,C264,G$1,1,1,1,0
+3V3_AN6_F,C266,G$1,1,1,1,0
+3V3_AN6_F,C346,G$1,1,1,1,0
+3V3_AN6_F,C347,G$1,1,1,1,0
+3V3_AN6_F,C348,G$1,1,1,1,0
+3V3_AN6_F,C349,G$1,1,1,1,0
+3V3_AN6_F,C350,G$1,1,1,1,0
+3V3_AN6_F,C351,G$1,1,1,1,0
+3V3_AN6_F,L23,G$1,2,2,1,0
+3V3_AN6_F,U80,A,VS,6,4,0
+3V3_AN6_F,U81,A,VS,6,4,0
+3V3_AN6_F,U82,A,VS,6,4,0
+3V3_AN6_F,U83,A,VS,6,4,0
+3V3_AN6_F,U84,A,VS,6,4,0
+3V3_AN6_F,U85,A,VS,6,4,0
+3V3_AN6_F,U86,A,VS,6,4,0
+3V3_AN6_F,U87,A,VS,6,4,0
+3V3_FPGA,C108,G$1,2,2,2,0
+3V3_FPGA,C109,G$1,2,2,2,0
+3V3_FPGA,C110,G$1,2,2,2,0
+3V3_FPGA,C111,G$1,2,2,2,0
+3V3_FPGA,C112,G$1,2,2,2,0
+3V3_FPGA,C113,G$1,2,2,2,0
+3V3_FPGA,C153,G$1,2,2,2,0
+3V3_FPGA,C154,G$1,2,2,2,0
+3V3_FPGA,C155,G$1,2,2,2,0
+3V3_FPGA,C156,G$1,2,2,2,0
+3V3_FPGA,C157,G$1,2,2,2,0
+3V3_FPGA,C158,G$1,2,2,2,0
+3V3_FPGA,C159,G$1,1,1,2,0
+3V3_FPGA,C17,G$1,2,2,2,0
+3V3_FPGA,C176,G$1,2,2,2,0
+3V3_FPGA,C177,G$1,2,2,2,0
+3V3_FPGA,C178,G$1,2,2,2,0
+3V3_FPGA,C179,G$1,2,2,2,0
+3V3_FPGA,C180,G$1,2,2,2,0
+3V3_FPGA,C181,G$1,2,2,2,0
+3V3_FPGA,C182,G$1,2,2,2,0
+3V3_FPGA,C37,G$1,1,1,3,0
+3V3_FPGA,C41,G$1,1,1,3,0
+3V3_FPGA,C50,G$1,2,2,2,0
+3V3_FPGA,C55,G$1,2,2,2,0
+3V3_FPGA,JP3,A,2,2,2,0
+3V3_FPGA,L19,G$1,1,1,2,0
+3V3_FPGA,R138,G$1,1,1,2,0
+3V3_FPGA,R141,G$1,1,1,2,0
+3V3_FPGA,R142,G$1,1,1,2,0
+3V3_FPGA,R143,G$1,2,2,2,0
+3V3_FPGA,R144,G$1,2,2,2,0
+3V3_FPGA,R50,G$1,2,2,2,0
+3V3_FPGA,R52,G$1,2,2,2,0
+3V3_FPGA,R53,G$1,2,2,2,0
+3V3_FPGA,R54,G$1,1,1,2,0
+3V3_FPGA,R65,G$1,2,2,2,0
+3V3_FPGA,R66,G$1,2,2,2,0
+3V3_FPGA,R67,G$1,2,2,2,0
+3V3_FPGA,R68,G$1,2,2,2,0
+3V3_FPGA,R69,G$1,2,2,2,0
+3V3_FPGA,U3,A,DVDD,27,3,0
+3V3_FPGA,U3,A,REFIO,17,3,0
+3V3_FPGA,U42,G$1,VCCO_0,L6,2,0
+3V3_FPGA,U42,G$2,VCCO_14,L16 M13 N10 P7 R14 T11,2,0
+3V3_FPGA,U42,G$3,VCCO_15,A16 B13 C10 E14 H15 J12,2,0
+3V3_FPGA,U42,G$5,VCCO_35,A6 B3 D7 E4 F1 J2,2,0
+3V3_FPGA,U9,A,VCC,B4,2,0
+3V3_FPGA,X16,-1,S,1,1,0
+3V3_FT,C184,G$1,1,1,2,0
+3V3_FT,C185,G$1,1,1,2,0
+3V3_FT,C186,G$1,1,1,2,0
+3V3_FT,L19,G$1,2,2,2,0
+3V3_VDD_SW,ADTR1107_1,A,VDD_SW,19,3,0
+3V3_VDD_SW,ADTR1107_10,A,VDD_SW,19,3,0
+3V3_VDD_SW,ADTR1107_11,A,VDD_SW,19,3,0
+3V3_VDD_SW,ADTR1107_12,A,VDD_SW,19,3,0
+3V3_VDD_SW,ADTR1107_13,A,VDD_SW,19,3,0
+3V3_VDD_SW,ADTR1107_14,A,VDD_SW,19,3,0
+3V3_VDD_SW,ADTR1107_15,A,VDD_SW,19,3,0
+3V3_VDD_SW,ADTR1107_16,A,VDD_SW,19,3,0
+3V3_VDD_SW,ADTR1107_2,A,VDD_SW,19,3,0
+3V3_VDD_SW,ADTR1107_3,A,VDD_SW,19,3,0
+3V3_VDD_SW,ADTR1107_4,A,VDD_SW,19,3,0
+3V3_VDD_SW,ADTR1107_5,A,VDD_SW,19,3,0
+3V3_VDD_SW,ADTR1107_6,A,VDD_SW,19,3,0
+3V3_VDD_SW,ADTR1107_7,A,VDD_SW,19,3,0
+3V3_VDD_SW,ADTR1107_8,A,VDD_SW,19,3,0
+3V3_VDD_SW,ADTR1107_9,A,VDD_SW,19,3,0
+3V3_VDD_SW,X12,-1,S,1,1,0
+3V4,C124,G$1,1,1,3,0
+3V4,C125,G$1,1,1,3,0
+3V4,C132,G$1,1,1,3,0
+3V4,C133,G$1,1,1,3,0
+3V4,C139,G$1,1,1,3,0
+3V4,C140,G$1,1,1,3,0
+3V4,C147,G$1,1,1,3,0
+3V4,C148,G$1,1,1,3,0
+3V4,C161,G$1,1,1,3,0
+3V4,C162,G$1,1,1,3,0
+3V4,C169,G$1,1,1,3,0
+3V4,C170,G$1,1,1,3,0
+3V4,C183,G$1,1,1,3,0
+3V4,C196,G$1,1,1,3,0
+3V4,C202,G$1,1,1,3,0
+3V4,C203,G$1,1,1,3,0
+3V4,C209,G$1,1,1,3,0
+3V4,C210,G$1,1,1,3,0
+3V4,C216,G$1,1,1,3,0
+3V4,C217,G$1,1,1,3,0
+3V4,C223,G$1,1,1,3,0
+3V4,C224,G$1,1,1,3,0
+3V4,C230,G$1,1,1,3,0
+3V4,C231,G$1,1,1,3,0
+3V4,C237,G$1,1,1,3,0
+3V4,C238,G$1,1,1,3,0
+3V4,C244,G$1,1,1,3,0
+3V4,C245,G$1,1,1,3,0
+3V4,C251,G$1,1,1,3,0
+3V4,C252,G$1,1,1,3,0
+3V4,C68,G$1,1,1,3,0
+3V4,C69,G$1,1,1,3,0
+3V4,C81,G$1,1,1,3,0
+3V4,C82,G$1,1,1,3,0
+3V4,RF_SW_1,A,VDD,8,3,0
+3V4,RF_SW_10,A,VDD,8,3,0
+3V4,RF_SW_11,A,VDD,8,3,0
+3V4,RF_SW_12,A,VDD,8,3,0
+3V4,RF_SW_13,A,VDD,8,3,0
+3V4,RF_SW_14,A,VDD,8,3,0
+3V4,RF_SW_15,A,VDD,8,3,0
+3V4,RF_SW_16,A,VDD,8,3,0
+3V4,RF_SW_2,A,VDD,8,3,0
+3V4,RF_SW_3,A,VDD,8,3,0
+3V4,RF_SW_4,A,VDD,8,3,0
+3V4,RF_SW_5,A,VDD,8,3,0
+3V4,RF_SW_6,A,VDD,8,3,0
+3V4,RF_SW_7,A,VDD,8,3,0
+3V4,RF_SW_8,A,VDD,8,3,0
+3V4,RF_SW_9,A,VDD,8,3,0
+3V4,U$1,A,VDD,8,3,0
+3V4,U14,A,CATHODE,1,3,0
+3V4,U17,A,CATHODE,1,3,0
+3V4,U38,A,CATHODE,1,3,0
+3V4,U40,A,CATHODE,1,3,0
+3V4,U43,A,CATHODE,1,3,0
+3V4,U45,A,CATHODE,1,3,0
+3V4,U47,A,CATHODE,1,3,0
+3V4,U49,A,CATHODE,1,3,0
+3V4,U51,A,CATHODE,1,3,0
+3V4,U53,A,CATHODE,1,3,0
+3V4,U55,A,CATHODE,1,3,0
+3V4,U57,A,CATHODE,1,3,0
+3V4,U59,A,CATHODE,1,3,0
+3V4,U61,A,CATHODE,1,3,0
+3V4,U63,A,CATHODE,1,3,0
+3V4,U65,A,CATHODE,1,3,0
+3V4,U67,A,CATHODE,1,3,0
+3V4,X1,-1,S,1,1,0
+3V4,X54,-1,S,1,1,0
+5V0_0,U4,A,VCC,13,3,0
+5V0_0,U4,A,VCC_2,8,3,0
+5V0_0,U8,A,VCC,13,3,0
+5V0_0,U8,A,VCC_2,8,3,0
+5V0_0,X18,-1,S,1,1,0
+5V0_PA_1,ADTR1107_1,A,VDD_PA,8,3,0
+5V0_PA_1,ADTR1107_2,A,VDD_PA,8,3,0
+5V0_PA_1,ADTR1107_3,A,VDD_PA,8,3,0
+5V0_PA_1,ADTR1107_4,A,VDD_PA,8,3,0
+5V0_PA_1,ADTR1107_7,A,VDD_PA,8,3,0
+5V0_PA_1,X14,-1,S,1,1,0
+5V0_PA_2,ADTR1107_10,A,VDD_PA,8,3,0
+5V0_PA_2,ADTR1107_12,A,VDD_PA,8,3,0
+5V0_PA_2,ADTR1107_5,A,VDD_PA,8,3,0
+5V0_PA_2,ADTR1107_6,A,VDD_PA,8,3,0
+5V0_PA_2,ADTR1107_8,A,VDD_PA,8,3,0
+5V0_PA_2,X5,-1,S,1,1,0
+5V0_PA_3,ADTR1107_11,A,VDD_PA,8,3,0
+5V0_PA_3,ADTR1107_13,A,VDD_PA,8,3,0
+5V0_PA_3,ADTR1107_14,A,VDD_PA,8,3,0
+5V0_PA_3,ADTR1107_15,A,VDD_PA,8,3,0
+5V0_PA_3,ADTR1107_16,A,VDD_PA,8,3,0
+5V0_PA_3,ADTR1107_9,A,VDD_PA,8,3,0
+5V0_PA_3,X7,-1,S,1,1,0
+5V5_PA,OPA_1,A,V+,4,4,0
+5V5_PA,OPA_2,A,V+,4,4,0
+5V5_PA,OPA_3,A,V+,4,4,0
+5V5_PA,OPA_4,A,V+,4,4,0
+5V5_PA,X55,-1,S,1,1,0
-3V3_SW,ADTR1107_1,A,VSS_SW,21,3,0
-3V3_SW,ADTR1107_10,A,VSS_SW,21,3,0
-3V3_SW,ADTR1107_11,A,VSS_SW,21,3,0
-3V3_SW,ADTR1107_12,A,VSS_SW,21,3,0
-3V3_SW,ADTR1107_13,A,VSS_SW,21,3,0
-3V3_SW,ADTR1107_14,A,VSS_SW,21,3,0
-3V3_SW,ADTR1107_15,A,VSS_SW,21,3,0
-3V3_SW,ADTR1107_16,A,VSS_SW,21,3,0
-3V3_SW,ADTR1107_2,A,VSS_SW,21,3,0
-3V3_SW,ADTR1107_3,A,VSS_SW,21,3,0
-3V3_SW,ADTR1107_4,A,VSS_SW,21,3,0
-3V3_SW,ADTR1107_5,A,VSS_SW,21,3,0
-3V3_SW,ADTR1107_6,A,VSS_SW,21,3,0
-3V3_SW,ADTR1107_7,A,VSS_SW,21,3,0
-3V3_SW,ADTR1107_8,A,VSS_SW,21,3,0
-3V3_SW,ADTR1107_9,A,VSS_SW,21,3,0
-3V3_SW,X6,-1,S,1,1,0
-3V4,C130,G$1,1,1,3,0
-3V4,C131,G$1,1,1,3,0
-3V4,C137,G$1,1,1,3,0
-3V4,C138,G$1,1,1,3,0
-3V4,C145,G$1,1,1,3,0
-3V4,C146,G$1,1,1,3,0
-3V4,C152,G$1,1,1,3,0
-3V4,C160,G$1,1,1,3,0
-3V4,C167,G$1,1,1,3,0
-3V4,C168,G$1,1,1,3,0
-3V4,C174,G$1,1,1,3,0
-3V4,C175,G$1,1,1,3,0
-3V4,C200,G$1,1,1,3,0
-3V4,C201,G$1,1,1,3,0
-3V4,C207,G$1,1,1,3,0
-3V4,C208,G$1,1,1,3,0
-3V4,C214,G$1,1,1,3,0
-3V4,C215,G$1,1,1,3,0
-3V4,C221,G$1,1,1,3,0
-3V4,C222,G$1,1,1,3,0
-3V4,C228,G$1,1,1,3,0
-3V4,C229,G$1,1,1,3,0
-3V4,C235,G$1,1,1,3,0
-3V4,C236,G$1,1,1,3,0
-3V4,C242,G$1,1,1,3,0
-3V4,C243,G$1,1,1,3,0
-3V4,C249,G$1,1,1,3,0
-3V4,C250,G$1,1,1,3,0
-3V4,C66,G$1,1,1,3,0
-3V4,C67,G$1,1,1,3,0
-3V4,C73,G$1,1,1,3,0
-3V4,C74,G$1,1,1,3,0
-3V4,C79,G$1,1,1,3,0
-3V4,C80,G$1,1,1,3,0
-3V4,RF_SW_1,A,VEE,5,3,0
-3V4,RF_SW_10,A,VEE,5,3,0
-3V4,RF_SW_11,A,VEE,5,3,0
-3V4,RF_SW_12,A,VEE,5,3,0
-3V4,RF_SW_13,A,VEE,5,3,0
-3V4,RF_SW_14,A,VEE,5,3,0
-3V4,RF_SW_15,A,VEE,5,3,0
-3V4,RF_SW_16,A,VEE,5,3,0
-3V4,RF_SW_2,A,VEE,5,3,0
-3V4,RF_SW_3,A,VEE,5,3,0
-3V4,RF_SW_4,A,VEE,5,3,0
-3V4,RF_SW_5,A,VEE,5,3,0
-3V4,RF_SW_6,A,VEE,5,3,0
-3V4,RF_SW_7,A,VEE,5,3,0
-3V4,RF_SW_8,A,VEE,5,3,0
-3V4,RF_SW_9,A,VEE,5,3,0
-3V4,U$1,A,VEE,5,3,0
-3V4,U15,A,ANODE,2,3,0
-3V4,U37,A,ANODE,2,3,0
-3V4,U39,A,ANODE,2,3,0
-3V4,U41,A,ANODE,2,3,0
-3V4,U44,A,ANODE,2,3,0
-3V4,U46,A,ANODE,2,3,0
-3V4,U48,A,ANODE,2,3,0
-3V4,U50,A,ANODE,2,3,0
-3V4,U52,A,ANODE,2,3,0
-3V4,U54,A,ANODE,2,3,0
-3V4,U56,A,ANODE,2,3,0
-3V4,U58,A,ANODE,2,3,0
-3V4,U60,A,ANODE,2,3,0
-3V4,U62,A,ANODE,2,3,0
-3V4,U64,A,ANODE,2,3,0
-3V4,U66,A,ANODE,2,3,0
-3V4,U68,A,ANODE,2,3,0
-3V4,X11,-1,S,1,1,0
-3V4,X22,-1,S,1,1,0
-5V0_ADAR12,ADAR1_,A,AVDD,B11,3,0
-5V0_ADAR12,ADAR2_,A,AVDD,B11,3,0
-5V0_ADAR12,X13,-1,S,1,1,0
-5V0_ADAR34,ADAR3_,A,AVDD,B11,3,0
-5V0_ADAR34,ADAR4_,A,AVDD,B11,3,0
-5V0_ADAR34,X15,-1,S,1,1,0
-5V5_PA,OPA_1,A,V-,11,4,0
-5V5_PA,OPA_2,A,V-,11,4,0
-5V5_PA,OPA_3,A,V-,11,4,0
-5V5_PA,OPA_4,A,V-,11,4,0
-5V5_PA,X19,-1,S,1,1,0
ACC_INT,JP7,A,7,7,2,0
ACC_INT,U2,A,PC7,97,2,0
AD9523_CS,JP1,A,5,5,2,0
AD9523_CS,U2,B,PF7,19,2,0
AD9523_EEPROM_SEL,JP1,A,11,11,2,0
AD9523_EEPROM_SEL,U2,B,PF10,22,2,0
AD9523_PD,JP1,A,1,1,2,0
AD9523_PD,U2,B,PF3,13,2,0
AD9523_REF_SEL,JP1,A,2,2,2,0
AD9523_REF_SEL,U2,B,PF4,14,2,0
AD9523_RESET,JP1,A,4,4,2,0
AD9523_RESET,U2,B,PF6,18,2,0
AD9523_STATUS0,JP1,A,9,9,2,0
AD9523_STATUS0,U2,B,PF8,20,2,0
AD9523_STATUS1,JP1,A,10,10,2,0
AD9523_STATUS1,U2,B,PF9,21,2,0
AD9523_SYNC,JP1,A,3,3,2,0
AD9523_SYNC,U2,B,PF5,15,2,0
ADAR_1_CS_1V8,ADAR1_,A,CSB,M3,3,0
ADAR_1_CS_1V8,R154,G$1,2,2,3,0
ADAR_1_CS_1V8,U42,G$4,IO_0_34,L5,2,0
ADAR_1_CS_3V3,U2,A,PA0,34,2,0
ADAR_1_CS_3V3,U42,G$3,IO_L21N_T3_DQS_A18_15,F14,2,0
ADAR_2_CS_1V8,ADAR2_,A,CSB,M3,3,0
ADAR_2_CS_1V8,R155,G$1,2,2,3,0
ADAR_2_CS_1V8,U42,G$4,IO_L1P_T0_34,L4,2,0
ADAR_2_CS_3V3,U2,A,PA1,35,2,0
ADAR_2_CS_3V3,U42,G$3,IO_L22P_T3_A17_15,H16,2,0
ADAR_3_CS_1V8,ADAR3_,A,CSB,M3,3,0
ADAR_3_CS_1V8,R156,G$1,2,2,3,0
ADAR_3_CS_1V8,U42,G$4,IO_L1N_T0_34,M4,2,0
ADAR_3_CS_3V3,U2,A,PA2,36,2,0
ADAR_3_CS_3V3,U42,G$3,IO_L22N_T3_A16_15,G16,2,0
ADAR_4_CS_1V8,ADAR4_,A,CSB,M3,3,0
ADAR_4_CS_1V8,R157,G$1,2,2,3,0
ADAR_4_CS_1V8,U42,G$4,IO_L2P_T0_34,M2,2,0
ADAR_4_CS_3V3,U2,A,PA3,37,2,0
ADAR_4_CS_3V3,U42,G$3,IO_L23P_T3_FOE_B_15,J15,2,0
ADAR_RX_LOAD_1,ADAR1_,A,RX_LOAD,N2,3,0
ADAR_RX_LOAD_1,R47,G$1,2,2,3,0
ADAR_RX_LOAD_1,U42,G$4,IO_L6P_T0_34,M5,2,0
ADAR_RX_LOAD_2,ADAR2_,A,RX_LOAD,N2,3,0
ADAR_RX_LOAD_2,R71,G$1,2,2,3,0
ADAR_RX_LOAD_2,U42,G$4,IO_L8N_T1_34,T2,2,0
ADAR_RX_LOAD_3,ADAR3_,A,RX_LOAD,N2,3,0
ADAR_RX_LOAD_3,R74,G$1,2,2,3,0
ADAR_RX_LOAD_3,U42,G$4,IO_L7N_T1_34,R1,2,0
ADAR_RX_LOAD_4,ADAR4_,A,RX_LOAD,N2,3,0
ADAR_RX_LOAD_4,R77,G$1,2,2,3,0
ADAR_RX_LOAD_4,U42,G$4,IO_L6N_T0_VREF_34,N4,2,0
ADAR_TR_1,ADAR1_,A,TR,N6,3,0
ADAR_TR_1,R158,G$1,2,2,3,0
ADAR_TR_1,U42,G$4,IO_L3N_T0_DQS_34,N2,2,0
ADAR_TR_2,ADAR2_,A,TR,N6,3,0
ADAR_TR_2,R159,G$1,2,2,3,0
ADAR_TR_2,U42,G$4,IO_L4P_T0_34,N1,2,0
ADAR_TR_3,ADAR3_,A,TR,N6,3,0
ADAR_TR_3,R160,G$1,2,2,3,0
ADAR_TR_3,U42,G$4,IO_L4N_T0_34,P1,2,0
ADAR_TR_4,ADAR4_,A,TR,N6,3,0
ADAR_TR_4,R161,G$1,2,2,3,0
ADAR_TR_4,U42,G$4,IO_L5P_T0_34,P4,2,0
ADAR_TX_LOAD_1,ADAR1_,A,TX_LOAD,N3,3,0
ADAR_TX_LOAD_1,R46,G$1,2,2,3,0
ADAR_TX_LOAD_1,U42,G$4,IO_L5N_T0_34,P3,2,0
ADAR_TX_LOAD_2,ADAR2_,A,TX_LOAD,N3,3,0
ADAR_TX_LOAD_2,R70,G$1,2,2,3,0
ADAR_TX_LOAD_2,U42,G$4,IO_L9P_T1_DQS_34,T4,2,0
ADAR_TX_LOAD_3,ADAR3_,A,TX_LOAD,N3,3,0
ADAR_TX_LOAD_3,R73,G$1,2,2,3,0
ADAR_TX_LOAD_3,U42,G$4,IO_L8P_T1_34,R3,2,0
ADAR_TX_LOAD_4,ADAR4_,A,TX_LOAD,N3,3,0
ADAR_TX_LOAD_4,R76,G$1,2,2,3,0
ADAR_TX_LOAD_4,U42,G$4,IO_L7P_T1_34,R2,2,0
ADC_CLK_IN_N,C2,G$1,1,1,3,1
ADC_CLK_IN_N,R173,G$1,2,2,3,1
ADC_CLK_IN_N,U1,A,CLK-,45,3,1
ADC_CLK_IN_P,C1,G$1,1,1,3,1
ADC_CLK_IN_P,R173,G$1,1,1,3,1
ADC_CLK_IN_P,U1,A,CLK+,44,3,1
ADC_D0_N,R2,G$1,1,1,2,1
ADC_D0_N,U1,A,D0-,3,3,1
ADC_D0_N,U42,G$2,IO_L8N_T1_D12_14,P16,2,1
ADC_D0_P,R2,G$1,2,2,2,1
ADC_D0_P,U1,A,D0+,4,3,1
ADC_D0_P,U42,G$2,IO_L8P_T1_D11_14,P15,2,1
ADC_D1_N,R3,G$1,1,1,2,1
ADC_D1_N,U1,A,D1-,5,3,1
ADC_D1_N,U42,G$2,IO_L9N_T1_DQS_D13_14,R16,2,1
ADC_D1_P,R3,G$1,2,2,2,1
ADC_D1_P,U1,A,D1+,6,3,1
ADC_D1_P,U42,G$2,IO_L9P_T1_DQS_14,R15,2,1
ADC_D2_N,R6,G$1,1,1,2,1
ADC_D2_N,U1,A,D2-,9,3,1
ADC_D2_N,U42,G$2,IO_L10N_T1_D15_14,T15,2,1
ADC_D2_P,R6,G$1,2,2,2,1
ADC_D2_P,U1,A,D2+,10,3,1
ADC_D2_P,U42,G$2,IO_L10P_T1_D14_14,T14,2,1
ADC_D3_N,R5,G$1,1,1,2,1
ADC_D3_N,U1,A,D3-,11,3,1
ADC_D3_N,U42,G$2,IO_L16N_T2_A15_D31_14,T13,2,1
ADC_D3_P,R5,G$1,2,2,2,1
ADC_D3_P,U1,A,D3+,12,3,1
ADC_D3_P,U42,G$2,IO_L16P_T2_CSI_B_14,R13,2,1
ADC_D4_N,R7,G$1,1,1,2,1
ADC_D4_N,U1,A,D4-,13,3,1
ADC_D4_N,U42,G$2,IO_L17N_T2_A13_D29_14,R11,2,1
ADC_D4_P,R7,G$1,2,2,2,1
ADC_D4_P,U1,A,D4+,14,3,1
ADC_D4_P,U42,G$2,IO_L17P_T2_A14_D30_14,R10,2,1
ADC_D5_N,R9,G$1,1,1,2,1
ADC_D5_N,U1,A,D5-,15,3,1
ADC_D5_N,U42,G$2,IO_L22N_T3_A04_D20_14,T10,2,1
ADC_D5_P,R9,G$1,2,2,2,1
ADC_D5_P,U1,A,D5+,16,3,1
ADC_D5_P,U42,G$2,IO_L22P_T3_A05_D21_14,T9,2,1
ADC_D6_N,R8,G$1,1,1,2,1
ADC_D6_N,U1,A,D6-,17,3,1
ADC_D6_N,U42,G$2,IO_L21N_T3_DQS_A06_D22_14,T8,2,1
ADC_D6_P,R8,G$1,2,2,2,1
ADC_D6_P,U1,A,D6+,18,3,1
ADC_D6_P,U42,G$2,IO_L21P_T3_DQS_14,T7,2,1
ADC_D7_N,R10,G$1,1,1,2,1
ADC_D7_N,U1,A,D7-,19,3,1
ADC_D7_N,U42,G$2,IO_L24N_T3_A00_D16_14,R7,2,1
ADC_D7_P,R10,G$1,2,2,2,1
ADC_D7_P,U1,A,D7+,20,3,1
ADC_D7_P,U42,G$2,IO_L24P_T3_A01_D17_14,R6,2,1
ADC_DCO_N,R12,G$1,1,1,2,1
ADC_DCO_N,U1,A,DCO-,49,3,1
ADC_DCO_N,U42,G$2,IO_L12N_T1_MRCC_14,P14,2,1
ADC_DCO_P,R12,G$1,2,2,2,1
ADC_DCO_P,U1,A,DCO+,50,3,1
ADC_DCO_P,U42,G$2,IO_L12P_T1_MRCC_14,N14,2,1
ADC_IF_IN_N,C45,G$1,2,2,3,1
ADC_IF_IN_N,R1,G$1,2,2,3,1
ADC_IF_IN_N,R17,G$1,1,1,3,1
ADC_IF_IN_P,C44,G$1,2,2,3,1
ADC_IF_IN_P,R13,G$1,2,2,3,1
ADC_IF_IN_P,R16,G$1,2,2,3,1
ADC_OR_N,R11,G$1,1,1,2,1
ADC_OR_N,U1,A,OR-,21,3,1
ADC_OR_N,U42,G$2,IO_L19N_T3_A09_D25_VREF_14,N6,2,1
ADC_OR_P,R11,G$1,2,2,2,1
ADC_OR_P,U1,A,OR+,22,3,1
ADC_OR_P,U42,G$2,IO_L19P_T3_A10_D26_14,M6,2,1
ADC_PWRD,R36,G$1,2,2,3,0
ADC_PWRD,U42,G$2,IO_L23N_T3_A02_D18_14,T5,2,0
ADF4382_RX_CE,JP13,A,10,10,2,0
ADF4382_RX_CE,U2,B,PG9,124,2,0
ADF4382_RX_CS,JP13,A,9,9,2,0
ADF4382_RX_CS,U2,B,PG10,125,2,0
ADF4382_RX_DELADJ,JP13,A,12,12,2,0
ADF4382_RX_DELADJ,U2,B,PG7,92,2,0
ADF4382_RX_DELSTR,JP13,A,11,11,2,0
ADF4382_RX_DELSTR,U2,B,PG8,93,2,0
ADF4382_RX_LKDET,JP13,A,13,13,2,0
ADF4382_RX_LKDET,U2,B,PG6,91,2,0
ADF4382_TX_CE,JP13,A,5,5,2,0
ADF4382_TX_CE,U2,B,PG15,132,2,0
ADF4382_TX_CS,JP13,A,4,4,2,0
ADF4382_TX_CS,U2,B,PG14,129,2,0
ADF4382_TX_DELADJ,JP13,A,7,7,2,0
ADF4382_TX_DELADJ,U2,B,PG13,128,2,0
ADF4382_TX_DELSTR,JP13,A,6,6,2,0
ADF4382_TX_DELSTR,U2,B,PG12,127,2,0
ADF4382_TX_LKDET,JP13,A,8,8,2,0
ADF4382_TX_LKDET,U2,B,PG11,126,2,0
AMP_IF_IN_N,C48,G$1,1,1,3,1
AMP_IF_IN_N,C52,G$1,2,2,3,1
AMP_IF_IN_N,R21,G$1,1,1,3,1
AMP_IF_IN_P,C49,G$1,2,2,3,1
AMP_IF_IN_P,C51,G$1,2,2,3,1
AMP_IF_IN_P,R20,G$1,2,2,3,1
AMP_IN_N,C57,G$1,1,1,3,1
AMP_IN_N,L10,G$1,1,1,3,1
AMP_IN_N,R165,G$1,1,1,3,1
AMP_IN_P,C58,G$1,2,2,3,1
AMP_IN_P,L9,G$1,1,1,3,1
AMP_IN_P,R166,G$1,1,1,3,1
ANT1_1,ADTR1107_3,A,ANT,17,3,2
ANT1_1,C72,G$1,2,2,3,2
ANT1_2,ADTR1107_7,A,ANT,17,3,2
ANT1_2,C151,G$1,2,2,3,2
ANT1_3,ADTR1107_10,A,ANT,17,3,2
ANT1_3,C206,G$1,2,2,3,2
ANT1_4,ADTR1107_14,A,ANT,17,3,2
ANT1_4,C234,G$1,2,2,3,2
ANT2_1,ADTR1107_1,A,ANT,17,3,2
ANT2_1,C129,G$1,2,2,3,2
ANT2_2,ADTR1107_5,A,ANT,17,3,2
ANT2_2,C166,G$1,2,2,3,2
ANT2_3,ADTR1107_12,A,ANT,17,3,2
ANT2_3,C213,G$1,2,2,3,2
ANT2_4,ADTR1107_16,A,ANT,17,3,2
ANT2_4,C241,G$1,2,2,3,2
ANT3_1,ADTR1107_2,A,ANT,17,3,2
ANT3_1,C136,G$1,2,2,3,2
ANT3_2,ADTR1107_6,A,ANT,17,3,2
ANT3_2,C173,G$1,2,2,3,2
ANT3_3,ADTR1107_11,A,ANT,17,3,2
ANT3_3,C220,G$1,2,2,3,2
ANT3_4,ADTR1107_15,A,ANT,17,3,2
ANT3_4,C248,G$1,2,2,3,2
ANT4_1,ADTR1107_4,A,ANT,17,3,2
ANT4_1,C144,G$1,2,2,3,2
ANT4_2,ADTR1107_8,A,ANT,17,3,2
ANT4_2,C199,G$1,2,2,3,2
ANT4_3,ADTR1107_9,A,ANT,17,3,2
ANT4_3,C227,G$1,2,2,3,2
ANT4_4,ADTR1107_13,A,ANT,17,3,2
ANT4_4,C255,G$1,2,2,3,2
DAC_0,R30,G$1,1,1,3,2
DAC_0,U42,G$3,IO_L7N_T1_AD2N_15,A14,2,2
DAC_1,R29,G$1,1,1,3,2
DAC_1,U42,G$3,IO_L7P_T1_AD2P_15,A13,2,2
DAC_1_VG_CLR,R40,G$1,1,1,4,0
DAC_1_VG_CLR,U2,A,PB4,134,2,0
DAC_1_VG_CLR,U7,A,!CLR,12,4,0
DAC_1_VG_LDAC,R42,G$1,2,2,4,0
DAC_1_VG_LDAC,U2,A,PB5,135,2,0
DAC_1_VG_LDAC,U7,A,!LDAC,22,4,0
DAC_2,R28,G$1,1,1,3,2
DAC_2,U42,G$3,IO_L5N_T0_AD9N_15,A12,2,2
DAC_2_VG_CLR,R39,G$1,1,1,4,0
DAC_2_VG_CLR,U2,A,PB8,139,2,0
DAC_2_VG_CLR,U69,A,!CLR,12,4,0
DAC_2_VG_LDAC,R44,G$1,2,2,4,0
DAC_2_VG_LDAC,U2,A,PB9,140,2,0
DAC_2_VG_LDAC,U69,A,!LDAC,22,4,0
DAC_3,R27,G$1,1,1,3,2
DAC_3,U42,G$3,IO_L4N_T0_15,B11,2,2
DAC_4,R26,G$1,1,1,3,2
DAC_4,U42,G$3,IO_L4P_T0_15,B10,2,2
DAC_5,R25,G$1,1,1,3,2
DAC_5,U42,G$3,IO_L3N_T0_DQS_AD1N_15,A10,2,2
DAC_6,R24,G$1,1,1,3,2
DAC_6,U42,G$3,IO_L2N_T0_AD8N_15,A9,2,2
DAC_7,R23,G$1,1,1,3,2
DAC_7,U42,G$3,IO_L2P_T0_AD8P_15,A8,2,2
DAC_ACOM,L7,G$1,1,1,3,0
DAC_ACOM,U3,A,ACOM,20,3,0
DAC_AVDD,C39,G$1,2,2,3,0
DAC_AVDD,L6,G$1,1,1,3,0
DAC_AVDD,U3,A,AVDD,24,3,0
DAC_AVDD,U3,A,REFLO,16,3,0
DAC_CLOCK,J20,G$1,1,1,3,2
DAC_CLOCK,R31,G$1,2,2,3,2
DAC_CLOCK,U3,A,CLOCK,28,3,2
DAC_IOUT_F_N,C59,G$1,2,2,3,1
DAC_IOUT_F_N,L27,G$1,2,2,3,1
DAC_IOUT_F_N,U5,A,IF,3,3,1
DAC_IOUT_F_P,C59,G$1,1,1,3,1
DAC_IOUT_F_P,L26,G$1,2,2,3,1
DAC_IOUT_F_P,U5,A,IF+,2,3,1
DAC_IOUT_N,C127,G$1,2,2,3,1
DAC_IOUT_N,C308,G$1,1,1,3,1
DAC_IOUT_N,L25,G$1,1,1,3,1
DAC_IOUT_N,R115,G$1,2,2,3,1
DAC_IOUT_N,U3,A,IOUTB,21,3,1
DAC_IOUT_P,C127,G$1,1,1,3,1
DAC_IOUT_P,C309,G$1,1,1,3,1
DAC_IOUT_P,L22,G$1,1,1,3,1
DAC_IOUT_P,R116,G$1,2,2,3,1
DAC_IOUT_P,U3,A,IOUTA,22,3,1
DAC_SLEEP,R117,G$1,2,2,3,0
DAC_SLEEP,U3,A,SLEEP,15,3,0
DAC_SLEEP,U42,G$3,IO_L9N_T1_DQS_AD3N_15,A15,2,0
DAC_VOUT_VG_1,R94,G$1,1,1,4,0
DAC_VOUT_VG_1,U7,A,VOUTA,3,4,0
DAC_VOUT_VG_10,R101,G$1,1,1,4,0
DAC_VOUT_VG_10,U69,A,VOUTB,16,4,0
DAC_VOUT_VG_11,R109,G$1,1,1,4,0
DAC_VOUT_VG_11,U69,A,VOUTC,4,4,0
DAC_VOUT_VG_12,R102,G$1,1,1,4,0
DAC_VOUT_VG_12,U69,A,VOUTD,15,4,0
DAC_VOUT_VG_13,R108,G$1,2,2,4,0
DAC_VOUT_VG_13,U69,A,VOUTE,5,4,0
DAC_VOUT_VG_14,R99,G$1,2,2,4,0
DAC_VOUT_VG_14,U69,A,VOUTF,14,4,0
DAC_VOUT_VG_15,R107,G$1,2,2,4,0
DAC_VOUT_VG_15,U69,A,VOUTG,6,4,0
DAC_VOUT_VG_16,R100,G$1,2,2,4,0
DAC_VOUT_VG_16,U69,A,VOUTH,13,4,0
DAC_VOUT_VG_2,R87,G$1,1,1,4,0
DAC_VOUT_VG_2,U7,A,VOUTB,16,4,0
DAC_VOUT_VG_3,R93,G$1,1,1,4,0
DAC_VOUT_VG_3,U7,A,VOUTC,4,4,0
DAC_VOUT_VG_4,R88,G$1,1,1,4,0
DAC_VOUT_VG_4,U7,A,VOUTD,15,4,0
DAC_VOUT_VG_5,R82,G$1,2,2,4,0
DAC_VOUT_VG_5,U7,A,VOUTE,5,4,0
DAC_VOUT_VG_6,R85,G$1,2,2,4,0
DAC_VOUT_VG_6,U7,A,VOUTF,14,4,0
DAC_VOUT_VG_7,R59,G$1,2,2,4,0
DAC_VOUT_VG_7,U7,A,VOUTG,6,4,0
DAC_VOUT_VG_8,R86,G$1,2,2,4,0
DAC_VOUT_VG_8,U7,A,VOUTH,13,4,0
DAC_VOUT_VG_9,R118,G$1,1,1,4,0
DAC_VOUT_VG_9,U69,A,VOUTA,3,4,0
DET1_1,ADAR1_,A,DET1,N13,3,2
DET1_1,ADTR1107_3,A,CPLR_OUT,12,3,2
DET1_2,ADAR2_,A,DET1,N13,3,2
DET1_2,ADTR1107_7,A,CPLR_OUT,12,3,2
DET1_3,ADAR3_,A,DET1,N13,3,2
DET1_3,ADTR1107_10,A,CPLR_OUT,12,3,2
DET1_4,ADAR4_,A,DET1,N13,3,2
DET1_4,ADTR1107_14,A,CPLR_OUT,12,3,2
DET2_1,ADAR1_,A,DET2,G13,3,2
DET2_1,ADTR1107_1,A,CPLR_OUT,12,3,2
DET2_2,ADAR2_,A,DET2,G13,3,2
DET2_2,ADTR1107_5,A,CPLR_OUT,12,3,2
DET2_3,ADAR3_,A,DET2,G13,3,2
DET2_3,ADTR1107_12,A,CPLR_OUT,12,3,2
DET2_4,ADAR4_,A,DET2,G13,3,2
DET2_4,ADTR1107_16,A,CPLR_OUT,12,3,2
DET3_1,ADAR1_,A,DET3,A1,3,2
DET3_1,ADTR1107_2,A,CPLR_OUT,12,3,2
DET3_2,ADAR2_,A,DET3,A1,3,2
DET3_2,ADTR1107_6,A,CPLR_OUT,12,3,2
DET3_3,ADAR3_,A,DET3,A1,3,2
DET3_3,ADTR1107_11,A,CPLR_OUT,12,3,2
DET3_4,ADAR4_,A,DET3,A1,3,2
DET3_4,ADTR1107_15,A,CPLR_OUT,12,3,2
DET4_1,ADAR1_,A,DET4,G1,3,2
DET4_1,ADTR1107_4,A,CPLR_OUT,12,3,2
DET4_2,ADAR2_,A,DET4,G1,3,2
DET4_2,ADTR1107_8,A,CPLR_OUT,12,3,2
DET4_3,ADAR3_,A,DET4,G1,3,2
DET4_3,ADTR1107_9,A,CPLR_OUT,12,3,2
DET4_4,ADAR4_,A,DET4,G1,3,2
DET4_4,ADTR1107_13,A,CPLR_OUT,12,3,2
DIG_0,U2,A,PD8,77,2,0
DIG_0,U42,G$3,IO_L16N_T2_A27_15,F13,2,0
DIG_1,U2,A,PD9,78,2,0
DIG_1,U42,G$3,IO_L17P_T2_A26_15,E16,2,0
DIG_2,U2,A,PD10,79,2,0
DIG_2,U42,G$3,IO_L17N_T2_A25_15,D16,2,0
DIG_3,U2,A,PD11,80,2,0
DIG_3,U42,G$3,IO_L18P_T2_A24_15,F15,2,0
DIG_4,U2,A,PD12,81,2,0
DIG_4,U42,G$3,IO_L18N_T2_A23_15,E15,2,0
DIG_5,U2,A,PD13,82,2,0
DIG_5,U42,G$3,IO_L19P_T3_A22_15,H11,2,0
DIG_6,U2,A,PD14,85,2,0
DIG_6,U42,G$3,IO_L19N_T3_A21_VREF_15,G12,2,0
DIG_7,U2,A,PD15,86,2,0
DIG_7,U42,G$3,IO_L20P_T3_A20_15,H12,2,0
EN/DIS_COOLING,JP4,A,1,1,2,0
EN/DIS_COOLING,U2,A,PD7,123,2,0
EN/DIS_RFPA_VDD,JP10,A,1,1,2,0
EN/DIS_RFPA_VDD,U2,A,PD6,122,2,0
EN_+1V0_FPGA,SV1,G$1,1,1,2,0
EN_+1V0_FPGA,U2,B,PE7,58,2,0
EN_+1V8_CLOCK,SV1,G$1,8,8,2,0
EN_+1V8_CLOCK,U2,B,PG4,89,2,0
EN_+1V8_FPGA,SV1,G$1,3,3,2,0
EN_+1V8_FPGA,U2,B,PE8,59,2,0
EN_+3V3_ADAR12,SV1,G$1,9,9,2,0
EN_+3V3_ADAR12,U2,B,PE11,64,2,0
EN_+3V3_ADAR34,SV1,G$1,11,11,2,0
EN_+3V3_ADAR34,U2,B,PE12,65,2,0
EN_+3V3_ADTR,SV1,G$1,13,13,2,0
EN_+3V3_ADTR,U2,B,PE13,66,2,0
EN_+3V3_CLOCK,SV1,G$1,10,10,2,0
EN_+3V3_CLOCK,U2,B,PG5,90,2,0
EN_+3V3_FPGA,SV1,G$1,5,5,2,0
EN_+3V3_FPGA,U2,B,PE9,60,2,0
EN_+3V3_SW,SV1,G$1,15,15,2,0
EN_+3V3_SW,U2,B,PE14,67,2,0
EN_+3V3_VDD_SW,SV1,G$1,17,17,2,0
EN_+3V3_VDD_SW,U2,B,PE15,68,2,0
EN_+5V0_ADAR,SV1,G$1,7,7,2,0
EN_+5V0_ADAR,U2,B,PE10,63,2,0
EN_+5V0_PA1,SV1,G$1,19,19,2,0
EN_+5V0_PA1,U2,B,PG0,56,2,0
EN_+5V0_PA2,SV1,G$1,2,2,2,0
EN_+5V0_PA2,U2,B,PG1,57,2,0
EN_+5V0_PA3,SV1,G$1,4,4,2,0
EN_+5V0_PA3,U2,B,PG2,87,2,0
EN_+5V5_PA,SV1,G$1,6,6,2,0
EN_+5V5_PA,U2,B,PG3,88,2,0
EN_OPAMP_IF_1,U8,A,ENB,15,3,0
EN_OPAMP_IF_2,U4,A,ENB,15,3,0
FPGA_ADC_CLOCK_N,J19,G$1,2,2,2,1
FPGA_ADC_CLOCK_N,R4,G$1,1,1,2,1
FPGA_ADC_CLOCK_N,U42,G$2,IO_L13N_T2_MRCC_14,N12,2,1
FPGA_ADC_CLOCK_P,J19,G$1,1,1,2,1
FPGA_ADC_CLOCK_P,R4,G$1,2,2,2,1
FPGA_ADC_CLOCK_P,U42,G$2,IO_L13P_T2_MRCC_14,N11,2,1
FPGA_CLOCK_TEST,JP20,G$1,1,1,2,2
FPGA_CLOCK_TEST,U42,G$3,IO_L24P_T3_RS1_15,H14,2,2
FPGA_DAC_CLOCK,J18,G$1,1,1,2,2
FPGA_DAC_CLOCK,U42,G$3,IO_L12N_T1_MRCC_15,C13,2,2
FPGA_FLASH_CLK,R51,G$1,2,2,2,2
FPGA_FLASH_CLK,U42,G$1,CCLK_0,E8,2,2
FPGA_FLASH_DQ0,U42,G$2,IO_L1P_T0_D00_MOSI_14,J13,2,0
FPGA_FLASH_DQ0,U9,A,DQ0,D3,2,0
FPGA_FLASH_DQ1,U42,G$2,IO_L1N_T0_D01_DIN_14,J14,2,0
FPGA_FLASH_DQ1,U9,A,DQ1,D2,2,0
FPGA_FLASH_DQ2,R53,G$1,1,1,2,0
FPGA_FLASH_DQ2,U42,G$2,IO_L2P_T0_D02_14,K15,2,0
FPGA_FLASH_DQ2,U9,A,W/DQ2,C4,2,0
FPGA_FLASH_DQ3,R54,G$1,2,2,2,0
FPGA_FLASH_DQ3,U42,G$2,IO_L2N_T0_D03_14,K16,2,0
FPGA_FLASH_DQ3,U9,A,DQ3/HOLD,D4,2,0
FPGA_FLASH_NCS,R52,G$1,1,1,2,0
FPGA_FLASH_NCS,U42,G$2,IO_L6P_T0_FCS_B_14,L12,2,0
FPGA_FLASH_NCS,U9,A,S,C2,2,0
FPGA_FLASH_NRST,R50,G$1,1,1,2,0
FPGA_FLASH_NRST,U42,G$2,IO_L5N_T0_D07_14,L13,2,0
FPGA_FLASH_NRST,U9,A,RESET,A4,2,0
FPGA_PUDC_B,R69,G$1,1,1,2,0
FPGA_PUDC_B,U42,G$2,IO_L3P_T0_DQS_PUDC_B_14,L15,2,0
FPGA_SYS_CLOCK,J1,G$1,1,1,2,2
FPGA_SYS_CLOCK,U42,G$3,IO_L13P_T2_MRCC_15,E12,2,2
FPGA_TCK,R62,G$1,1,1,2,2
FPGA_TCK,R67,G$1,1,1,2,2
FPGA_TCK,U42,G$1,TCK_0,L7,2,2
FPGA_TDI,R64,G$1,1,1,2,0
FPGA_TDI,R65,G$1,1,1,2,0
FPGA_TDI,U42,G$1,TDI_0,N7,2,0
FPGA_TDO,R63,G$1,1,1,2,0
FPGA_TDO,R66,G$1,1,1,2,0
FPGA_TDO,U42,G$1,TDO_0,N8,2,0
FPGA_TMS,R49,G$1,1,1,2,0
FPGA_TMS,R68,G$1,1,1,2,0
FPGA_TMS,U42,G$1,TMS_0,M7,2,0
GND,ADAR1_,A,ADDR0,N4,3,0
GND,ADAR1_,A,ADDR1,N5,3,0
GND,ADAR1_,A,GND,89,3,0
GND,ADAR1_,A,GND_10,B7,3,0
GND,ADAR1_,A,GND_11,B8,3,0
GND,ADAR1_,A,GND_12,B9,3,0
GND,ADAR1_,A,GND_13,B10,3,0
GND,ADAR1_,A,GND_14,B12,3,0
GND,ADAR1_,A,GND_15,B13,3,0
GND,ADAR1_,A,GND_16,C2,3,0
GND,ADAR1_,A,GND_17,C12,3,0
GND,ADAR1_,A,GND_18,D1,3,0
GND,ADAR1_,A,GND_19,D2,3,0
GND,ADAR1_,A,GND_2,A2,3,0
GND,ADAR1_,A,GND_20,D12,3,0
GND,ADAR1_,A,GND_21,D13,3,0
GND,ADAR1_,A,GND_22,E2,3,0
GND,ADAR1_,A,GND_23,E12,3,0
GND,ADAR1_,A,GND_24,F1,3,0
GND,ADAR1_,A,GND_25,F2,3,0
GND,ADAR1_,A,GND_26,F12,3,0
GND,ADAR1_,A,GND_27,F13,3,0
GND,ADAR1_,A,GND_28,G2,3,0
GND,ADAR1_,A,GND_29,G12,3,0
GND,ADAR1_,A,GND_3,A6,3,0
GND,ADAR1_,A,GND_30,H1,3,0
GND,ADAR1_,A,GND_31,H2,3,0
GND,ADAR1_,A,GND_32,H12,3,0
GND,ADAR1_,A,GND_33,H13,3,0
GND,ADAR1_,A,GND_34,J2,3,0
GND,ADAR1_,A,GND_35,J12,3,0
GND,ADAR1_,A,GND_36,K1,3,0
GND,ADAR1_,A,GND_37,K2,3,0
GND,ADAR1_,A,GND_38,K12,3,0
GND,ADAR1_,A,GND_39,K13,3,0
GND,ADAR1_,A,GND_4,A8,3,0
GND,ADAR1_,A,GND_40,L2,3,0
GND,ADAR1_,A,GND_41,L12,3,0
GND,ADAR1_,A,GND_42,M1,3,0
GND,ADAR1_,A,GND_43,M2,3,0
GND,ADAR1_,A,GND_44,M7,3,0
GND,ADAR1_,A,GND_45,M12,3,0
GND,ADAR1_,A,GND_46,M13,3,0
GND,ADAR1_,A,GND_47,N1,3,0
GND,ADAR1_,A,GND_48,N7,3,0
GND,ADAR1_,A,GND_49,N8,3,0
GND,ADAR1_,A,GND_5,A12,3,0
GND,ADAR1_,A,GND_50,N12,3,0
GND,ADAR1_,A,GND_6,A13,3,0
GND,ADAR1_,A,GND_7,B1,3,0
GND,ADAR1_,A,GND_8,B2,3,0
GND,ADAR1_,A,GND_9,B6,3,0
GND,ADAR2_,A,ADDR0,N4,3,0
GND,ADAR2_,A,GND,89,3,0
GND,ADAR2_,A,GND_10,B7,3,0
GND,ADAR2_,A,GND_11,B8,3,0
GND,ADAR2_,A,GND_12,B9,3,0
GND,ADAR2_,A,GND_13,B10,3,0
GND,ADAR2_,A,GND_14,B12,3,0
GND,ADAR2_,A,GND_15,B13,3,0
GND,ADAR2_,A,GND_16,C2,3,0
GND,ADAR2_,A,GND_17,C12,3,0
GND,ADAR2_,A,GND_18,D1,3,0
GND,ADAR2_,A,GND_19,D2,3,0
GND,ADAR2_,A,GND_2,A2,3,0
GND,ADAR2_,A,GND_20,D12,3,0
GND,ADAR2_,A,GND_21,D13,3,0
GND,ADAR2_,A,GND_22,E2,3,0
GND,ADAR2_,A,GND_23,E12,3,0
GND,ADAR2_,A,GND_24,F1,3,0
GND,ADAR2_,A,GND_25,F2,3,0
GND,ADAR2_,A,GND_26,F12,3,0
GND,ADAR2_,A,GND_27,F13,3,0
GND,ADAR2_,A,GND_28,G2,3,0
GND,ADAR2_,A,GND_29,G12,3,0
GND,ADAR2_,A,GND_3,A6,3,0
GND,ADAR2_,A,GND_30,H1,3,0
GND,ADAR2_,A,GND_31,H2,3,0
GND,ADAR2_,A,GND_32,H12,3,0
GND,ADAR2_,A,GND_33,H13,3,0
GND,ADAR2_,A,GND_34,J2,3,0
GND,ADAR2_,A,GND_35,J12,3,0
GND,ADAR2_,A,GND_36,K1,3,0
GND,ADAR2_,A,GND_37,K2,3,0
GND,ADAR2_,A,GND_38,K12,3,0
GND,ADAR2_,A,GND_39,K13,3,0
GND,ADAR2_,A,GND_4,A8,3,0
GND,ADAR2_,A,GND_40,L2,3,0
GND,ADAR2_,A,GND_41,L12,3,0
GND,ADAR2_,A,GND_42,M1,3,0
GND,ADAR2_,A,GND_43,M2,3,0
GND,ADAR2_,A,GND_44,M7,3,0
GND,ADAR2_,A,GND_45,M12,3,0
GND,ADAR2_,A,GND_46,M13,3,0
GND,ADAR2_,A,GND_47,N1,3,0
GND,ADAR2_,A,GND_48,N7,3,0
GND,ADAR2_,A,GND_49,N8,3,0
GND,ADAR2_,A,GND_5,A12,3,0
GND,ADAR2_,A,GND_50,N12,3,0
GND,ADAR2_,A,GND_6,A13,3,0
GND,ADAR2_,A,GND_7,B1,3,0
GND,ADAR2_,A,GND_8,B2,3,0
GND,ADAR2_,A,GND_9,B6,3,0
GND,ADAR3_,A,ADDR1,N5,3,0
GND,ADAR3_,A,GND,89,3,0
GND,ADAR3_,A,GND_10,B7,3,0
GND,ADAR3_,A,GND_11,B8,3,0
GND,ADAR3_,A,GND_12,B9,3,0
GND,ADAR3_,A,GND_13,B10,3,0
GND,ADAR3_,A,GND_14,B12,3,0
GND,ADAR3_,A,GND_15,B13,3,0
GND,ADAR3_,A,GND_16,C2,3,0
GND,ADAR3_,A,GND_17,C12,3,0
GND,ADAR3_,A,GND_18,D1,3,0
GND,ADAR3_,A,GND_19,D2,3,0
GND,ADAR3_,A,GND_2,A2,3,0
GND,ADAR3_,A,GND_20,D12,3,0
GND,ADAR3_,A,GND_21,D13,3,0
GND,ADAR3_,A,GND_22,E2,3,0
GND,ADAR3_,A,GND_23,E12,3,0
GND,ADAR3_,A,GND_24,F1,3,0
GND,ADAR3_,A,GND_25,F2,3,0
GND,ADAR3_,A,GND_26,F12,3,0
GND,ADAR3_,A,GND_27,F13,3,0
GND,ADAR3_,A,GND_28,G2,3,0
GND,ADAR3_,A,GND_29,G12,3,0
GND,ADAR3_,A,GND_3,A6,3,0
GND,ADAR3_,A,GND_30,H1,3,0
GND,ADAR3_,A,GND_31,H2,3,0
GND,ADAR3_,A,GND_32,H12,3,0
GND,ADAR3_,A,GND_33,H13,3,0
GND,ADAR3_,A,GND_34,J2,3,0
GND,ADAR3_,A,GND_35,J12,3,0
GND,ADAR3_,A,GND_36,K1,3,0
GND,ADAR3_,A,GND_37,K2,3,0
GND,ADAR3_,A,GND_38,K12,3,0
GND,ADAR3_,A,GND_39,K13,3,0
GND,ADAR3_,A,GND_4,A8,3,0
GND,ADAR3_,A,GND_40,L2,3,0
GND,ADAR3_,A,GND_41,L12,3,0
GND,ADAR3_,A,GND_42,M1,3,0
GND,ADAR3_,A,GND_43,M2,3,0
GND,ADAR3_,A,GND_44,M7,3,0
GND,ADAR3_,A,GND_45,M12,3,0
GND,ADAR3_,A,GND_46,M13,3,0
GND,ADAR3_,A,GND_47,N1,3,0
GND,ADAR3_,A,GND_48,N7,3,0
GND,ADAR3_,A,GND_49,N8,3,0
GND,ADAR3_,A,GND_5,A12,3,0
GND,ADAR3_,A,GND_50,N12,3,0
GND,ADAR3_,A,GND_6,A13,3,0
GND,ADAR3_,A,GND_7,B1,3,0
GND,ADAR3_,A,GND_8,B2,3,0
GND,ADAR3_,A,GND_9,B6,3,0
GND,ADAR4_,A,GND,89,3,0
GND,ADAR4_,A,GND_10,B7,3,0
GND,ADAR4_,A,GND_11,B8,3,0
GND,ADAR4_,A,GND_12,B9,3,0
GND,ADAR4_,A,GND_13,B10,3,0
GND,ADAR4_,A,GND_14,B12,3,0
GND,ADAR4_,A,GND_15,B13,3,0
GND,ADAR4_,A,GND_16,C2,3,0
GND,ADAR4_,A,GND_17,C12,3,0
GND,ADAR4_,A,GND_18,D1,3,0
GND,ADAR4_,A,GND_19,D2,3,0
GND,ADAR4_,A,GND_2,A2,3,0
GND,ADAR4_,A,GND_20,D12,3,0
GND,ADAR4_,A,GND_21,D13,3,0
GND,ADAR4_,A,GND_22,E2,3,0
GND,ADAR4_,A,GND_23,E12,3,0
GND,ADAR4_,A,GND_24,F1,3,0
GND,ADAR4_,A,GND_25,F2,3,0
GND,ADAR4_,A,GND_26,F12,3,0
GND,ADAR4_,A,GND_27,F13,3,0
GND,ADAR4_,A,GND_28,G2,3,0
GND,ADAR4_,A,GND_29,G12,3,0
GND,ADAR4_,A,GND_3,A6,3,0
GND,ADAR4_,A,GND_30,H1,3,0
GND,ADAR4_,A,GND_31,H2,3,0
GND,ADAR4_,A,GND_32,H12,3,0
GND,ADAR4_,A,GND_33,H13,3,0
GND,ADAR4_,A,GND_34,J2,3,0
GND,ADAR4_,A,GND_35,J12,3,0
GND,ADAR4_,A,GND_36,K1,3,0
GND,ADAR4_,A,GND_37,K2,3,0
GND,ADAR4_,A,GND_38,K12,3,0
GND,ADAR4_,A,GND_39,K13,3,0
GND,ADAR4_,A,GND_4,A8,3,0
GND,ADAR4_,A,GND_40,L2,3,0
GND,ADAR4_,A,GND_41,L12,3,0
GND,ADAR4_,A,GND_42,M1,3,0
GND,ADAR4_,A,GND_43,M2,3,0
GND,ADAR4_,A,GND_44,M7,3,0
GND,ADAR4_,A,GND_45,M12,3,0
GND,ADAR4_,A,GND_46,M13,3,0
GND,ADAR4_,A,GND_47,N1,3,0
GND,ADAR4_,A,GND_48,N7,3,0
GND,ADAR4_,A,GND_49,N8,3,0
GND,ADAR4_,A,GND_5,A12,3,0
GND,ADAR4_,A,GND_50,N12,3,0
GND,ADAR4_,A,GND_6,A13,3,0
GND,ADAR4_,A,GND_7,B1,3,0
GND,ADAR4_,A,GND_8,B2,3,0
GND,ADAR4_,A,GND_9,B6,3,0
GND,ADTR1107_1,A,GND,25,3,0
GND,ADTR1107_1,A,GND_10,16,3,0
GND,ADTR1107_1,A,GND_11,18,3,0
GND,ADTR1107_1,A,GND_12,22,3,0
GND,ADTR1107_1,A,GND_2,1,3,0
GND,ADTR1107_1,A,GND_3,3,3,0
GND,ADTR1107_1,A,GND_4,4,3,0
GND,ADTR1107_1,A,GND_5,6,3,0
GND,ADTR1107_1,A,GND_6,11,3,0
GND,ADTR1107_1,A,GND_7,13,3,0
GND,ADTR1107_1,A,GND_8,14,3,0
GND,ADTR1107_1,A,GND_9,15,3,0
GND,ADTR1107_1,A,NIC,10,3,0
GND,ADTR1107_1,A,NIC_2,9,3,0
GND,ADTR1107_10,A,GND,25,3,0
GND,ADTR1107_10,A,GND_10,16,3,0
GND,ADTR1107_10,A,GND_11,18,3,0
GND,ADTR1107_10,A,GND_12,22,3,0
GND,ADTR1107_10,A,GND_2,1,3,0
GND,ADTR1107_10,A,GND_3,3,3,0
GND,ADTR1107_10,A,GND_4,4,3,0
GND,ADTR1107_10,A,GND_5,6,3,0
GND,ADTR1107_10,A,GND_6,11,3,0
GND,ADTR1107_10,A,GND_7,13,3,0
GND,ADTR1107_10,A,GND_8,14,3,0
GND,ADTR1107_10,A,GND_9,15,3,0
GND,ADTR1107_10,A,NIC,10,3,0
GND,ADTR1107_10,A,NIC_2,9,3,0
GND,ADTR1107_11,A,GND,25,3,0
GND,ADTR1107_11,A,GND_10,16,3,0
GND,ADTR1107_11,A,GND_11,18,3,0
GND,ADTR1107_11,A,GND_12,22,3,0
GND,ADTR1107_11,A,GND_2,1,3,0
GND,ADTR1107_11,A,GND_3,3,3,0
GND,ADTR1107_11,A,GND_4,4,3,0
GND,ADTR1107_11,A,GND_5,6,3,0
GND,ADTR1107_11,A,GND_6,11,3,0
GND,ADTR1107_11,A,GND_7,13,3,0
GND,ADTR1107_11,A,GND_8,14,3,0
GND,ADTR1107_11,A,GND_9,15,3,0
GND,ADTR1107_11,A,NIC,10,3,0
GND,ADTR1107_11,A,NIC_2,9,3,0
GND,ADTR1107_12,A,GND,25,3,0
GND,ADTR1107_12,A,GND_10,16,3,0
GND,ADTR1107_12,A,GND_11,18,3,0
GND,ADTR1107_12,A,GND_12,22,3,0
GND,ADTR1107_12,A,GND_2,1,3,0
GND,ADTR1107_12,A,GND_3,3,3,0
GND,ADTR1107_12,A,GND_4,4,3,0
GND,ADTR1107_12,A,GND_5,6,3,0
GND,ADTR1107_12,A,GND_6,11,3,0
GND,ADTR1107_12,A,GND_7,13,3,0
GND,ADTR1107_12,A,GND_8,14,3,0
GND,ADTR1107_12,A,GND_9,15,3,0
GND,ADTR1107_12,A,NIC,10,3,0
GND,ADTR1107_12,A,NIC_2,9,3,0
GND,ADTR1107_13,A,GND,25,3,0
GND,ADTR1107_13,A,GND_10,16,3,0
GND,ADTR1107_13,A,GND_11,18,3,0
GND,ADTR1107_13,A,GND_12,22,3,0
GND,ADTR1107_13,A,GND_2,1,3,0
GND,ADTR1107_13,A,GND_3,3,3,0
GND,ADTR1107_13,A,GND_4,4,3,0
GND,ADTR1107_13,A,GND_5,6,3,0
GND,ADTR1107_13,A,GND_6,11,3,0
GND,ADTR1107_13,A,GND_7,13,3,0
GND,ADTR1107_13,A,GND_8,14,3,0
GND,ADTR1107_13,A,GND_9,15,3,0
GND,ADTR1107_13,A,NIC,10,3,0
GND,ADTR1107_13,A,NIC_2,9,3,0
GND,ADTR1107_14,A,GND,25,3,0
GND,ADTR1107_14,A,GND_10,16,3,0
GND,ADTR1107_14,A,GND_11,18,3,0
GND,ADTR1107_14,A,GND_12,22,3,0
GND,ADTR1107_14,A,GND_2,1,3,0
GND,ADTR1107_14,A,GND_3,3,3,0
GND,ADTR1107_14,A,GND_4,4,3,0
GND,ADTR1107_14,A,GND_5,6,3,0
GND,ADTR1107_14,A,GND_6,11,3,0
GND,ADTR1107_14,A,GND_7,13,3,0
GND,ADTR1107_14,A,GND_8,14,3,0
GND,ADTR1107_14,A,GND_9,15,3,0
GND,ADTR1107_14,A,NIC,10,3,0
GND,ADTR1107_14,A,NIC_2,9,3,0
GND,ADTR1107_15,A,GND,25,3,0
GND,ADTR1107_15,A,GND_10,16,3,0
GND,ADTR1107_15,A,GND_11,18,3,0
GND,ADTR1107_15,A,GND_12,22,3,0
GND,ADTR1107_15,A,GND_2,1,3,0
GND,ADTR1107_15,A,GND_3,3,3,0
GND,ADTR1107_15,A,GND_4,4,3,0
GND,ADTR1107_15,A,GND_5,6,3,0
GND,ADTR1107_15,A,GND_6,11,3,0
GND,ADTR1107_15,A,GND_7,13,3,0
GND,ADTR1107_15,A,GND_8,14,3,0
GND,ADTR1107_15,A,GND_9,15,3,0
GND,ADTR1107_15,A,NIC,10,3,0
GND,ADTR1107_15,A,NIC_2,9,3,0
GND,ADTR1107_16,A,GND,25,3,0
GND,ADTR1107_16,A,GND_10,16,3,0
GND,ADTR1107_16,A,GND_11,18,3,0
GND,ADTR1107_16,A,GND_12,22,3,0
GND,ADTR1107_16,A,GND_2,1,3,0
GND,ADTR1107_16,A,GND_3,3,3,0
GND,ADTR1107_16,A,GND_4,4,3,0
GND,ADTR1107_16,A,GND_5,6,3,0
GND,ADTR1107_16,A,GND_6,11,3,0
GND,ADTR1107_16,A,GND_7,13,3,0
GND,ADTR1107_16,A,GND_8,14,3,0
GND,ADTR1107_16,A,GND_9,15,3,0
GND,ADTR1107_16,A,NIC,10,3,0
GND,ADTR1107_16,A,NIC_2,9,3,0
GND,ADTR1107_2,A,GND,25,3,0
GND,ADTR1107_2,A,GND_10,16,3,0
GND,ADTR1107_2,A,GND_11,18,3,0
GND,ADTR1107_2,A,GND_12,22,3,0
GND,ADTR1107_2,A,GND_2,1,3,0
GND,ADTR1107_2,A,GND_3,3,3,0
GND,ADTR1107_2,A,GND_4,4,3,0
GND,ADTR1107_2,A,GND_5,6,3,0
GND,ADTR1107_2,A,GND_6,11,3,0
GND,ADTR1107_2,A,GND_7,13,3,0
GND,ADTR1107_2,A,GND_8,14,3,0
GND,ADTR1107_2,A,GND_9,15,3,0
GND,ADTR1107_2,A,NIC,10,3,0
GND,ADTR1107_2,A,NIC_2,9,3,0
GND,ADTR1107_3,A,GND,25,3,0
GND,ADTR1107_3,A,GND_10,16,3,0
GND,ADTR1107_3,A,GND_11,18,3,0
GND,ADTR1107_3,A,GND_12,22,3,0
GND,ADTR1107_3,A,GND_2,1,3,0
GND,ADTR1107_3,A,GND_3,3,3,0
GND,ADTR1107_3,A,GND_4,4,3,0
GND,ADTR1107_3,A,GND_5,6,3,0
GND,ADTR1107_3,A,GND_6,11,3,0
GND,ADTR1107_3,A,GND_7,13,3,0
GND,ADTR1107_3,A,GND_8,14,3,0
GND,ADTR1107_3,A,GND_9,15,3,0
GND,ADTR1107_3,A,NIC,10,3,0
GND,ADTR1107_3,A,NIC_2,9,3,0
GND,ADTR1107_4,A,GND,25,3,0
GND,ADTR1107_4,A,GND_10,16,3,0
GND,ADTR1107_4,A,GND_11,18,3,0
GND,ADTR1107_4,A,GND_12,22,3,0
GND,ADTR1107_4,A,GND_2,1,3,0
GND,ADTR1107_4,A,GND_3,3,3,0
GND,ADTR1107_4,A,GND_4,4,3,0
GND,ADTR1107_4,A,GND_5,6,3,0
GND,ADTR1107_4,A,GND_6,11,3,0
GND,ADTR1107_4,A,GND_7,13,3,0
GND,ADTR1107_4,A,GND_8,14,3,0
GND,ADTR1107_4,A,GND_9,15,3,0
GND,ADTR1107_4,A,NIC,10,3,0
GND,ADTR1107_4,A,NIC_2,9,3,0
GND,ADTR1107_5,A,GND,25,3,0
GND,ADTR1107_5,A,GND_10,16,3,0
GND,ADTR1107_5,A,GND_11,18,3,0
GND,ADTR1107_5,A,GND_12,22,3,0
GND,ADTR1107_5,A,GND_2,1,3,0
GND,ADTR1107_5,A,GND_3,3,3,0
GND,ADTR1107_5,A,GND_4,4,3,0
GND,ADTR1107_5,A,GND_5,6,3,0
GND,ADTR1107_5,A,GND_6,11,3,0
GND,ADTR1107_5,A,GND_7,13,3,0
GND,ADTR1107_5,A,GND_8,14,3,0
GND,ADTR1107_5,A,GND_9,15,3,0
GND,ADTR1107_5,A,NIC,10,3,0
GND,ADTR1107_5,A,NIC_2,9,3,0
GND,ADTR1107_6,A,GND,25,3,0
GND,ADTR1107_6,A,GND_10,16,3,0
GND,ADTR1107_6,A,GND_11,18,3,0
GND,ADTR1107_6,A,GND_12,22,3,0
GND,ADTR1107_6,A,GND_2,1,3,0
GND,ADTR1107_6,A,GND_3,3,3,0
GND,ADTR1107_6,A,GND_4,4,3,0
GND,ADTR1107_6,A,GND_5,6,3,0
GND,ADTR1107_6,A,GND_6,11,3,0
GND,ADTR1107_6,A,GND_7,13,3,0
GND,ADTR1107_6,A,GND_8,14,3,0
GND,ADTR1107_6,A,GND_9,15,3,0
GND,ADTR1107_6,A,NIC,10,3,0
GND,ADTR1107_6,A,NIC_2,9,3,0
GND,ADTR1107_7,A,GND,25,3,0
GND,ADTR1107_7,A,GND_10,16,3,0
GND,ADTR1107_7,A,GND_11,18,3,0
GND,ADTR1107_7,A,GND_12,22,3,0
GND,ADTR1107_7,A,GND_2,1,3,0
GND,ADTR1107_7,A,GND_3,3,3,0
GND,ADTR1107_7,A,GND_4,4,3,0
GND,ADTR1107_7,A,GND_5,6,3,0
GND,ADTR1107_7,A,GND_6,11,3,0
GND,ADTR1107_7,A,GND_7,13,3,0
GND,ADTR1107_7,A,GND_8,14,3,0
GND,ADTR1107_7,A,GND_9,15,3,0
GND,ADTR1107_7,A,NIC,10,3,0
GND,ADTR1107_7,A,NIC_2,9,3,0
GND,ADTR1107_8,A,GND,25,3,0
GND,ADTR1107_8,A,GND_10,16,3,0
GND,ADTR1107_8,A,GND_11,18,3,0
GND,ADTR1107_8,A,GND_12,22,3,0
GND,ADTR1107_8,A,GND_2,1,3,0
GND,ADTR1107_8,A,GND_3,3,3,0
GND,ADTR1107_8,A,GND_4,4,3,0
GND,ADTR1107_8,A,GND_5,6,3,0
GND,ADTR1107_8,A,GND_6,11,3,0
GND,ADTR1107_8,A,GND_7,13,3,0
GND,ADTR1107_8,A,GND_8,14,3,0
GND,ADTR1107_8,A,GND_9,15,3,0
GND,ADTR1107_8,A,NIC,10,3,0
GND,ADTR1107_8,A,NIC_2,9,3,0
GND,ADTR1107_9,A,GND,25,3,0
GND,ADTR1107_9,A,GND_10,16,3,0
GND,ADTR1107_9,A,GND_11,18,3,0
GND,ADTR1107_9,A,GND_12,22,3,0
GND,ADTR1107_9,A,GND_2,1,3,0
GND,ADTR1107_9,A,GND_3,3,3,0
GND,ADTR1107_9,A,GND_4,4,3,0
GND,ADTR1107_9,A,GND_5,6,3,0
GND,ADTR1107_9,A,GND_6,11,3,0
GND,ADTR1107_9,A,GND_7,13,3,0
GND,ADTR1107_9,A,GND_8,14,3,0
GND,ADTR1107_9,A,GND_9,15,3,0
GND,ADTR1107_9,A,NIC,10,3,0
GND,ADTR1107_9,A,NIC_2,9,3,0
GND,C10,G$1,1,1,3,0
GND,C100,G$1,2,2,3,0
GND,C101,G$1,2,2,3,0
GND,C102,G$1,2,2,3,0
GND,C103,G$1,2,2,3,0
GND,C104,G$1,2,2,3,0
GND,C105,G$1,2,2,3,0
GND,C106,G$1,2,2,3,0
GND,C107,G$1,2,2,3,0
GND,C108,G$1,1,1,2,0
GND,C109,G$1,1,1,2,0
GND,C11,G$1,1,1,3,0
GND,C110,G$1,1,1,2,0
GND,C111,G$1,1,1,2,0
GND,C112,G$1,1,1,2,0
GND,C113,G$1,1,1,2,0
GND,C114,G$1,2,2,3,0
GND,C115,G$1,2,2,3,0
GND,C116,G$1,2,2,3,0
GND,C117,G$1,2,2,3,0
GND,C118,G$1,2,2,3,0
GND,C119,G$1,2,2,3,0
GND,C12,G$1,1,1,3,0
GND,C120,G$1,2,2,3,0
GND,C121,G$1,2,2,3,0
GND,C122,G$1,2,2,3,0
GND,C123,G$1,2,2,3,0
GND,C124,G$1,2,2,3,0
GND,C125,G$1,2,2,3,0
GND,C13,G$1,1,1,3,0
GND,C130,G$1,2,2,3,0
GND,C131,G$1,2,2,3,0
GND,C132,G$1,2,2,3,0
GND,C133,G$1,2,2,3,0
GND,C137,G$1,2,2,3,0
GND,C138,G$1,2,2,3,0
GND,C139,G$1,2,2,3,0
GND,C14,G$1,1,1,3,0
GND,C140,G$1,2,2,3,0
GND,C145,G$1,2,2,3,0
GND,C146,G$1,2,2,3,0
GND,C147,G$1,2,2,3,0
GND,C148,G$1,2,2,3,0
GND,C15,G$1,1,1,3,0
GND,C152,G$1,2,2,3,0
GND,C153,G$1,1,1,2,0
GND,C154,G$1,1,1,2,0
GND,C155,G$1,1,1,2,0
GND,C156,G$1,1,1,2,0
GND,C157,G$1,1,1,2,0
GND,C158,G$1,1,1,2,0
GND,C159,G$1,2,2,2,0
GND,C16,G$1,1,1,3,0
GND,C160,G$1,2,2,3,0
GND,C161,G$1,2,2,3,0
GND,C162,G$1,2,2,3,0
GND,C164,G$1,1,1,2,0
GND,C167,G$1,2,2,3,0
GND,C168,G$1,2,2,3,0
GND,C169,G$1,2,2,3,0
GND,C17,G$1,1,1,2,0
GND,C170,G$1,2,2,3,0
GND,C174,G$1,2,2,3,0
GND,C175,G$1,2,2,3,0
GND,C176,G$1,1,1,2,0
GND,C177,G$1,1,1,2,0
GND,C178,G$1,1,1,2,0
GND,C179,G$1,1,1,2,0
GND,C18,G$1,2,2,2,0
GND,C180,G$1,1,1,2,0
GND,C181,G$1,1,1,2,0
GND,C182,G$1,1,1,2,0
GND,C183,G$1,2,2,3,0
GND,C184,G$1,2,2,2,0
GND,C185,G$1,2,2,2,0
GND,C186,G$1,2,2,2,0
GND,C19,G$1,2,2,2,0
GND,C196,G$1,2,2,3,0
GND,C20,G$1,2,2,2,0
GND,C200,G$1,2,2,3,0
GND,C201,G$1,2,2,3,0
GND,C202,G$1,2,2,3,0
GND,C203,G$1,2,2,3,0
GND,C207,G$1,2,2,3,0
GND,C208,G$1,2,2,3,0
GND,C209,G$1,2,2,3,0
GND,C21,G$1,2,2,2,0
GND,C210,G$1,2,2,3,0
GND,C214,G$1,2,2,3,0
GND,C215,G$1,2,2,3,0
GND,C216,G$1,2,2,3,0
GND,C217,G$1,2,2,3,0
GND,C22,G$1,2,2,2,0
GND,C221,G$1,2,2,3,0
GND,C222,G$1,2,2,3,0
GND,C223,G$1,2,2,3,0
GND,C224,G$1,2,2,3,0
GND,C228,G$1,2,2,3,0
GND,C229,G$1,2,2,3,0
GND,C23,G$1,2,2,2,0
GND,C230,G$1,2,2,3,0
GND,C231,G$1,2,2,3,0
GND,C235,G$1,2,2,3,0
GND,C236,G$1,2,2,3,0
GND,C237,G$1,2,2,3,0
GND,C238,G$1,2,2,3,0
GND,C24,G$1,2,2,2,0
GND,C242,G$1,2,2,3,0
GND,C243,G$1,2,2,3,0
GND,C244,G$1,2,2,3,0
GND,C245,G$1,2,2,3,0
GND,C249,G$1,2,2,3,0
GND,C25,G$1,2,2,2,0
GND,C250,G$1,2,2,3,0
GND,C251,G$1,2,2,3,0
GND,C252,G$1,2,2,3,0
GND,C256,G$1,2,2,4,0
GND,C257,G$1,2,2,4,0
GND,C258,G$1,2,2,1,0
GND,C259,G$1,2,2,1,0
GND,C26,G$1,2,2,2,0
GND,C260,G$1,2,2,1,0
GND,C261,G$1,1,1,4,0
GND,C262,G$1,2,2,1,0
GND,C263,G$1,1,1,4,0
GND,C264,G$1,2,2,1,0
GND,C265,G$1,1,1,4,0
GND,C266,G$1,2,2,1,0
GND,C267,G$1,1,1,4,0
GND,C269,G$1,1,1,4,0
GND,C27,G$1,2,2,2,0
GND,C271,G$1,1,1,4,0
GND,C273,G$1,1,1,4,0
GND,C275,G$1,1,1,4,0
GND,C276,G$1,2,2,4,0
GND,C277,G$1,2,2,4,0
GND,C278,G$1,2,2,4,0
GND,C279,G$1,2,2,2,0
GND,C28,G$1,2,2,2,0
GND,C280,G$1,1,1,4,0
GND,C281,G$1,2,2,2,0
GND,C282,G$1,1,1,4,0
GND,C283,G$1,2,2,1,0
GND,C284,G$1,1,1,4,0
GND,C285,G$1,1,1,2,0
GND,C286,G$1,1,1,4,0
GND,C287,G$1,1,1,2,0
GND,C288,G$1,1,1,4,0
GND,C289,G$1,1,1,2,0
GND,C29,G$1,2,2,2,0
GND,C290,G$1,1,1,4,0
GND,C291,G$1,1,1,2,0
GND,C292,G$1,1,1,4,0
GND,C293,G$1,1,1,3,0
GND,C294,G$1,1,1,4,0
GND,C295,G$1,2,2,4,0
GND,C296,G$1,2,2,4,0
GND,C297,G$1,2,2,4,0
GND,C298,G$1,2,2,4,0
GND,C299,G$1,2,2,4,0
GND,C30,G$1,2,2,2,0
GND,C300,G$1,2,2,4,0
GND,C301,G$1,2,2,4,0
GND,C302,G$1,2,2,4,0
GND,C303,G$1,2,2,4,0
GND,C304,G$1,2,2,4,0
GND,C305,G$1,2,2,4,0
GND,C306,G$1,2,2,4,0
GND,C307,G$1,2,2,4,0
GND,C308,G$1,2,2,3,0
GND,C309,G$1,2,2,3,0
GND,C31,G$1,2,2,2,0
GND,C310,G$1,2,2,4,0
GND,C311,G$1,2,2,1,0
GND,C312,G$1,2,2,1,0
GND,C313,G$1,2,2,1,0
GND,C314,G$1,2,2,1,0
GND,C315,G$1,2,2,1,0
GND,C316,G$1,2,2,1,0
GND,C317,G$1,2,2,1,0
GND,C318,G$1,2,2,1,0
GND,C319,G$1,2,2,1,0
GND,C32,G$1,2,2,2,0
GND,C320,G$1,2,2,1,0
GND,C321,G$1,2,2,1,0
GND,C322,G$1,2,2,1,0
GND,C323,G$1,2,2,1,0
GND,C324,G$1,2,2,1,0
GND,C325,G$1,2,2,1,0
GND,C326,G$1,2,2,1,0
GND,C327,G$1,2,2,1,0
GND,C328,G$1,2,2,1,0
GND,C329,G$1,2,2,1,0
GND,C33,G$1,2,2,2,0
GND,C330,G$1,2,2,1,0
GND,C331,G$1,2,2,1,0
GND,C332,G$1,2,2,1,0
GND,C333,G$1,2,2,1,0
GND,C334,G$1,2,2,1,0
GND,C335,G$1,2,2,1,0
GND,C336,G$1,2,2,1,0
GND,C337,G$1,2,2,1,0
GND,C338,G$1,2,2,1,0
GND,C339,G$1,2,2,1,0
GND,C34,G$1,2,2,2,0
GND,C340,G$1,2,2,1,0
GND,C341,G$1,2,2,1,0
GND,C342,G$1,2,2,1,0
GND,C343,G$1,2,2,1,0
GND,C344,G$1,2,2,1,0
GND,C345,G$1,2,2,1,0
GND,C346,G$1,2,2,1,0
GND,C347,G$1,2,2,1,0
GND,C348,G$1,2,2,1,0
GND,C349,G$1,2,2,1,0
GND,C35,G$1,2,2,2,0
GND,C350,G$1,2,2,1,0
GND,C351,G$1,2,2,1,0
GND,C36,G$1,1,1,3,0
GND,C37,G$1,2,2,3,0
GND,C38,G$1,2,2,3,0
GND,C4,G$1,1,1,3,0
GND,C40,G$1,2,2,3,0
GND,C41,G$1,2,2,3,0
GND,C42,G$1,2,2,3,0
GND,C46,G$1,1,1,3,0
GND,C47,G$1,1,1,3,0
GND,C5,G$1,1,1,3,0
GND,C50,G$1,1,1,2,0
GND,C53,G$1,1,1,3,0
GND,C55,G$1,1,1,2,0
GND,C56,G$1,1,1,3,0
GND,C6,G$1,1,1,3,0
GND,C66,G$1,2,2,3,0
GND,C67,G$1,2,2,3,0
GND,C68,G$1,2,2,3,0
GND,C69,G$1,2,2,3,0
GND,C7,G$1,1,1,3,0
GND,C73,G$1,2,2,3,0
GND,C74,G$1,2,2,3,0
GND,C75,G$1,2,2,1,0
GND,C76,G$1,2,2,1,0
GND,C77,G$1,2,2,1,0
GND,C78,G$1,2,2,1,0
GND,C79,G$1,2,2,3,0
GND,C8,G$1,1,1,3,0
GND,C80,G$1,2,2,3,0
GND,C81,G$1,2,2,3,0
GND,C82,G$1,2,2,3,0
GND,C86,G$1,2,2,3,0
GND,C87,G$1,2,2,3,0
GND,C88,G$1,2,2,3,0
GND,C89,G$1,2,2,3,0
GND,C9,G$1,1,1,3,0
GND,C90,G$1,2,2,3,0
GND,C91,G$1,2,2,3,0
GND,C92,G$1,2,2,3,0
GND,C93,G$1,2,2,3,0
GND,C94,G$1,2,2,3,0
GND,C95,G$1,2,2,3,0
GND,C96,G$1,2,2,3,0
GND,C97,G$1,2,2,3,0
GND,C98,G$1,2,2,3,0
GND,C99,G$1,2,2,3,0
GND,D2,G$1,C,C,2,0
GND,D3,G$1,C,C,2,0
GND,D4,G$1,C,C,2,0
GND,D5,G$1,C,C,2,0
GND,GND1,1,GND,,4,0
GND,GND10,1,GND,,1,0
GND,GND100,1,GND,,3,0
GND,GND1000,1,GND,,4,0
GND,GND1001,1,GND,,4,0
GND,GND1002,1,GND,,4,0
GND,GND1003,1,GND,,4,0
GND,GND1004,1,GND,,4,0
GND,GND1005,1,GND,,4,0
GND,GND1006,1,GND,,4,0
GND,GND1007,1,GND,,4,0
GND,GND1008,1,GND,,4,0
GND,GND1009,1,GND,,4,0
GND,GND101,1,GND,,3,0
GND,GND1010,1,GND,,4,0
GND,GND1011,1,GND,,4,0
GND,GND1012,1,GND,,4,0
GND,GND1013,1,GND,,4,0
GND,GND1014,1,GND,,4,0
GND,GND1015,1,GND,,4,0
GND,GND1016,1,GND,,4,0
GND,GND1017,1,GND,,4,0
GND,GND1018,1,GND,,4,0
GND,GND1019,1,GND,,4,0
GND,GND102,1,GND,,3,0
GND,GND1020,1,GND,,4,0
GND,GND1021,1,GND,,4,0
GND,GND1022,1,GND,,4,0
GND,GND1023,1,GND,,1,0
GND,GND1024,1,GND,,1,0
GND,GND1025,1,GND,,4,0
GND,GND1026,1,GND,,4,0
GND,GND1027,1,GND,,4,0
GND,GND1028,1,GND,,4,0
GND,GND1029,1,GND,,1,0
GND,GND103,1,GND,,3,0
GND,GND1030,1,GND,,4,0
GND,GND1031,1,GND,,4,0
GND,GND1032,1,GND,,4,0
GND,GND1033,1,GND,,4,0
GND,GND1034,1,GND,,1,0
GND,GND1035,1,GND,,4,0
GND,GND1036,1,GND,,4,0
GND,GND1037,1,GND,,4,0
GND,GND1038,1,GND,,4,0
GND,GND1039,1,GND,,1,0
GND,GND104,1,GND,,3,0
GND,GND1040,1,GND,,4,0
GND,GND1041,1,GND,,4,0
GND,GND1042,1,GND,,4,0
GND,GND1043,1,GND,,4,0
GND,GND1044,1,GND,,2,0
GND,GND1045,1,GND,,4,0
GND,GND1046,1,GND,,4,0
GND,GND1047,1,GND,,4,0
GND,GND1048,1,GND,,4,0
GND,GND1049,1,GND,,2,0
GND,GND105,1,GND,,3,0
GND,GND1050,1,GND,,4,0
GND,GND1051,1,GND,,4,0
GND,GND1052,1,GND,,4,0
GND,GND1053,1,GND,,4,0
GND,GND1054,1,GND,,1,0
GND,GND1055,1,GND,,4,0
GND,GND1056,1,GND,,4,0
GND,GND1057,1,GND,,4,0
GND,GND1058,1,GND,,4,0
GND,GND1059,1,GND,,2,0
GND,GND106,1,GND,,3,0
GND,GND1060,1,GND,,4,0
GND,GND1061,1,GND,,4,0
GND,GND1062,1,GND,,4,0
GND,GND1063,1,GND,,4,0
GND,GND1064,1,GND,,4,0
GND,GND1065,1,GND,,4,0
GND,GND1066,1,GND,,4,0
GND,GND1067,1,GND,,4,0
GND,GND1068,1,GND,,4,0
GND,GND1069,1,GND,,1,0
GND,GND107,1,GND,,3,0
GND,GND1070,1,GND,,4,0
GND,GND1071,1,GND,,4,0
GND,GND1072,1,GND,,4,0
GND,GND1073,1,GND,,4,0
GND,GND1074,1,GND,,1,0
GND,GND1075,1,GND,,4,0
GND,GND1076,1,GND,,4,0
GND,GND1077,1,GND,,4,0
GND,GND1078,1,GND,,4,0
GND,GND1079,1,GND,,1,0
GND,GND108,1,GND,,3,0
GND,GND1080,1,GND,,4,0
GND,GND1081,1,GND,,4,0
GND,GND1082,1,GND,,4,0
GND,GND1083,1,GND,,4,0
GND,GND1084,1,GND,,2,0
GND,GND1085,1,GND,,4,0
GND,GND1086,1,GND,,4,0
GND,GND1087,1,GND,,4,0
GND,GND1088,1,GND,,4,0
GND,GND1089,1,GND,,2,0
GND,GND109,1,GND,,3,0
GND,GND1090,1,GND,,4,0
GND,GND1091,1,GND,,4,0
GND,GND1092,1,GND,,4,0
GND,GND1093,1,GND,,4,0
GND,GND1095,1,GND,,4,0
GND,GND1096,1,GND,,4,0
GND,GND1097,1,GND,,4,0
GND,GND1098,1,GND,,4,0
GND,GND11,1,GND,,1,0
GND,GND110,1,GND,,3,0
GND,GND1100,1,GND,,4,0
GND,GND1101,1,GND,,4,0
GND,GND1102,1,GND,,4,0
GND,GND1103,1,GND,,4,0
GND,GND1105,1,GND,,4,0
GND,GND1106,1,GND,,4,0
GND,GND1107,1,GND,,4,0
GND,GND1108,1,GND,,4,0
GND,GND1109,1,GND,,4,0
GND,GND111,1,GND,,3,0
GND,GND1110,1,GND,,4,0
GND,GND1111,1,GND,,4,0
GND,GND1112,1,GND,,4,0
GND,GND1113,1,GND,,4,0
GND,GND1114,1,GND,,4,0
GND,GND1115,1,GND,,4,0
GND,GND1116,1,GND,,4,0
GND,GND1117,1,GND,,4,0
GND,GND1118,1,GND,,4,0
GND,GND1119,1,GND,,4,0
GND,GND112,1,GND,,3,0
GND,GND1120,1,GND,,4,0
GND,GND1121,1,GND,,4,0
GND,GND1122,1,GND,,4,0
GND,GND1123,1,GND,,4,0
GND,GND1124,1,GND,,4,0
GND,GND1125,1,GND,,4,0
GND,GND1126,1,GND,,4,0
GND,GND1127,1,GND,,4,0
GND,GND1128,1,GND,,4,0
GND,GND1129,1,GND,,4,0
GND,GND113,1,GND,,2,0
GND,GND1130,1,GND,,4,0
GND,GND1131,1,GND,,4,0
GND,GND1132,1,GND,,4,0
GND,GND1133,1,GND,,3,0
GND,GND1134,1,GND,,3,0
GND,GND1135,1,GND,,3,0
GND,GND1136,1,GND,,2,0
GND,GND1137,1,GND,,4,0
GND,GND1138,1,GND,,4,0
GND,GND1139,1,GND,,2,0
GND,GND114,1,GND,,3,0
GND,GND1140,1,GND,,2,0
GND,GND1141,1,GND,,2,0
GND,GND1142,1,GND,,1,0
GND,GND1143,1,GND,,1,0
GND,GND1144,1,GND,,1,0
GND,GND1145,1,GND,,1,0
GND,GND1146,1,GND,,1,0
GND,GND1147,1,GND,,1,0
GND,GND1148,1,GND,,1,0
GND,GND1149,1,GND,,1,0
GND,GND115,1,GND,,3,0
GND,GND1150,1,GND,,1,0
GND,GND1151,1,GND,,1,0
GND,GND1152,1,GND,,1,0
GND,GND1153,1,GND,,1,0
GND,GND1154,1,GND,,1,0
GND,GND1155,1,GND,,1,0
GND,GND1156,1,GND,,1,0
GND,GND1157,1,GND,,1,0
GND,GND1158,1,GND,,1,0
GND,GND1159,1,GND,,1,0
GND,GND116,1,GND,,3,0
GND,GND1160,1,GND,,1,0
GND,GND1161,1,GND,,1,0
GND,GND1162,1,GND,,1,0
GND,GND1163,1,GND,,1,0
GND,GND1164,1,GND,,1,0
GND,GND1165,1,GND,,1,0
GND,GND1166,1,GND,,1,0
GND,GND1167,1,GND,,1,0
GND,GND1168,1,GND,,1,0
GND,GND1169,1,GND,,1,0
GND,GND117,1,GND,,3,0
GND,GND1170,1,GND,,1,0
GND,GND1171,1,GND,,1,0
GND,GND1172,1,GND,,1,0
GND,GND1173,1,GND,,1,0
GND,GND1174,1,GND,,1,0
GND,GND1175,1,GND,,1,0
GND,GND1176,1,GND,,1,0
GND,GND1177,1,GND,,1,0
GND,GND1178,1,GND,,1,0
GND,GND1179,1,GND,,1,0
GND,GND118,1,GND,,3,0
GND,GND1180,1,GND,,1,0
GND,GND1181,1,GND,,1,0
GND,GND1182,1,GND,,1,0
GND,GND1183,1,GND,,1,0
GND,GND1184,1,GND,,1,0
GND,GND119,1,GND,,2,0
GND,GND12,1,GND,,1,0
GND,GND120,1,GND,,3,0
GND,GND121,1,GND,,3,0
GND,GND122,1,GND,,3,0
GND,GND123,1,GND,,3,0
GND,GND124,1,GND,,3,0
GND,GND125,1,GND,,3,0
GND,GND126,1,GND,,3,0
GND,GND127,1,GND,,3,0
GND,GND128,1,GND,,3,0
GND,GND129,1,GND,,3,0
GND,GND13,1,GND,,1,0
GND,GND130,1,GND,,3,0
GND,GND131,1,GND,,3,0
GND,GND132,1,GND,,1,0
GND,GND133,1,GND,,1,0
GND,GND134,1,GND,,1,0
GND,GND135,1,GND,,1,0
GND,GND136,1,GND,,3,0
GND,GND137,1,GND,,3,0
GND,GND138,1,GND,,3,0
GND,GND139,1,GND,,3,0
GND,GND14,1,GND,,1,0
GND,GND140,1,GND,,3,0
GND,GND141,1,GND,,3,0
GND,GND142,1,GND,,3,0
GND,GND143,1,GND,,3,0
GND,GND144,1,GND,,3,0
GND,GND145,1,GND,,3,0
GND,GND146,1,GND,,3,0
GND,GND147,1,GND,,3,0
GND,GND149,1,GND,,3,0
GND,GND15,1,GND,,1,0
GND,GND150,1,GND,,3,0
GND,GND151,1,GND,,3,0
GND,GND152,1,GND,,3,0
GND,GND153,1,GND,,3,0
GND,GND154,1,GND,,3,0
GND,GND155,1,GND,,3,0
GND,GND156,1,GND,,3,0
GND,GND157,1,GND,,3,0
GND,GND158,1,GND,,3,0
GND,GND159,1,GND,,3,0
GND,GND16,1,GND,,1,0
GND,GND160,1,GND,,3,0
GND,GND161,1,GND,,3,0
GND,GND162,1,GND,,3,0
GND,GND163,1,GND,,3,0
GND,GND164,1,GND,,3,0
GND,GND165,1,GND,,3,0
GND,GND166,1,GND,,3,0
GND,GND167,1,GND,,3,0
GND,GND168,1,GND,,3,0
GND,GND169,1,GND,,3,0
GND,GND17,1,GND,,1,0
GND,GND170,1,GND,,3,0
GND,GND171,1,GND,,3,0
GND,GND172,1,GND,,3,0
GND,GND173,1,GND,,3,0
GND,GND174,1,GND,,3,0
GND,GND175,1,GND,,3,0
GND,GND176,1,GND,,3,0
GND,GND177,1,GND,,3,0
GND,GND178,1,GND,,3,0
GND,GND179,1,GND,,3,0
GND,GND18,1,GND,,1,0
GND,GND180,1,GND,,3,0
GND,GND181,1,GND,,3,0
GND,GND182,1,GND,,3,0
GND,GND183,1,GND,,3,0
GND,GND184,1,GND,,3,0
GND,GND185,1,GND,,3,0
GND,GND186,1,GND,,3,0
GND,GND187,1,GND,,3,0
GND,GND188,1,GND,,3,0
GND,GND189,1,GND,,3,0
GND,GND19,1,GND,,1,0
GND,GND190,1,GND,,3,0
GND,GND191,1,GND,,3,0
GND,GND192,1,GND,,3,0
GND,GND193,1,GND,,3,0
GND,GND194,1,GND,,3,0
GND,GND195,1,GND,,3,0
GND,GND196,1,GND,,3,0
GND,GND197,1,GND,,3,0
GND,GND198,1,GND,,3,0
GND,GND199,1,GND,,3,0
GND,GND2,1,GND,,1,0
GND,GND20,1,GND,,2,0
GND,GND200,1,GND,,3,0
GND,GND201,1,GND,,3,0
GND,GND202,1,GND,,3,0
GND,GND203,1,GND,,3,0
GND,GND204,1,GND,,3,0
GND,GND205,1,GND,,3,0
GND,GND206,1,GND,,3,0
GND,GND207,1,GND,,3,0
GND,GND208,1,GND,,3,0
GND,GND209,1,GND,,3,0
GND,GND21,1,GND,,2,0
GND,GND210,1,GND,,3,0
GND,GND211,1,GND,,3,0
GND,GND212,1,GND,,3,0
GND,GND213,1,GND,,3,0
GND,GND214,1,GND,,3,0
GND,GND215,1,GND,,3,0
GND,GND216,1,GND,,3,0
GND,GND217,1,GND,,3,0
GND,GND218,1,GND,,3,0
GND,GND219,1,GND,,3,0
GND,GND22,1,GND,,2,0
GND,GND220,1,GND,,3,0
GND,GND221,1,GND,,3,0
GND,GND222,1,GND,,3,0
GND,GND223,1,GND,,3,0
GND,GND224,1,GND,,3,0
GND,GND225,1,GND,,3,0
GND,GND226,1,GND,,3,0
GND,GND227,1,GND,,3,0
GND,GND228,1,GND,,3,0
GND,GND229,1,GND,,3,0
GND,GND23,1,GND,,2,0
GND,GND230,1,GND,,3,0
GND,GND231,1,GND,,3,0
GND,GND232,1,GND,,3,0
GND,GND233,1,GND,,3,0
GND,GND234,1,GND,,3,0
GND,GND235,1,GND,,3,0
GND,GND236,1,GND,,3,0
GND,GND237,1,GND,,3,0
GND,GND238,1,GND,,3,0
GND,GND239,1,GND,,3,0
GND,GND24,1,GND,,2,0
GND,GND240,1,GND,,3,0
GND,GND241,1,GND,,3,0
GND,GND242,1,GND,,3,0
GND,GND243,1,GND,,3,0
GND,GND244,1,GND,,3,0
GND,GND245,1,GND,,3,0
GND,GND246,1,GND,,3,0
GND,GND247,1,GND,,3,0
GND,GND248,1,GND,,3,0
GND,GND249,1,GND,,3,0
GND,GND25,1,GND,,2,0
GND,GND250,1,GND,,3,0
GND,GND251,1,GND,,3,0
GND,GND252,1,GND,,3,0
GND,GND253,1,GND,,3,0
GND,GND254,1,GND,,3,0
GND,GND255,1,GND,,3,0
GND,GND256,1,GND,,3,0
GND,GND257,1,GND,,3,0
GND,GND258,1,GND,,3,0
GND,GND259,1,GND,,3,0
GND,GND26,1,GND,,2,0
GND,GND260,1,GND,,3,0
GND,GND261,1,GND,,3,0
GND,GND262,1,GND,,3,0
GND,GND263,1,GND,,3,0
GND,GND264,1,GND,,3,0
GND,GND265,1,GND,,3,0
GND,GND266,1,GND,,3,0
GND,GND267,1,GND,,3,0
GND,GND268,1,GND,,3,0
GND,GND269,1,GND,,3,0
GND,GND27,1,GND,,2,0
GND,GND270,1,GND,,3,0
GND,GND271,1,GND,,3,0
GND,GND272,1,GND,,3,0
GND,GND273,1,GND,,3,0
GND,GND274,1,GND,,3,0
GND,GND275,1,GND,,3,0
GND,GND276,1,GND,,3,0
GND,GND277,1,GND,,3,0
GND,GND278,1,GND,,3,0
GND,GND279,1,GND,,3,0
GND,GND28,1,GND,,2,0
GND,GND280,1,GND,,3,0
GND,GND281,1,GND,,3,0
GND,GND282,1,GND,,3,0
GND,GND283,1,GND,,3,0
GND,GND284,1,GND,,3,0
GND,GND285,1,GND,,3,0
GND,GND286,1,GND,,3,0
GND,GND287,1,GND,,3,0
GND,GND288,1,GND,,3,0
GND,GND289,1,GND,,3,0
GND,GND29,1,GND,,2,0
GND,GND290,1,GND,,3,0
GND,GND291,1,GND,,3,0
GND,GND292,1,GND,,3,0
GND,GND293,1,GND,,3,0
GND,GND294,1,GND,,3,0
GND,GND295,1,GND,,3,0
GND,GND296,1,GND,,3,0
GND,GND297,1,GND,,3,0
GND,GND298,1,GND,,3,0
GND,GND299,1,GND,,3,0
GND,GND3,1,GND,,1,0
GND,GND30,1,GND,,2,0
GND,GND300,1,GND,,3,0
GND,GND301,1,GND,,3,0
GND,GND302,1,GND,,3,0
GND,GND303,1,GND,,3,0
GND,GND304,1,GND,,3,0
GND,GND305,1,GND,,3,0
GND,GND306,1,GND,,3,0
GND,GND307,1,GND,,3,0
GND,GND308,1,GND,,3,0
GND,GND309,1,GND,,3,0
GND,GND31,1,GND,,2,0
GND,GND310,1,GND,,3,0
GND,GND311,1,GND,,3,0
GND,GND312,1,GND,,3,0
GND,GND313,1,GND,,3,0
GND,GND314,1,GND,,3,0
GND,GND315,1,GND,,3,0
GND,GND316,1,GND,,3,0
GND,GND317,1,GND,,3,0
GND,GND318,1,GND,,3,0
GND,GND319,1,GND,,3,0
GND,GND32,1,GND,,2,0
GND,GND320,1,GND,,3,0
GND,GND321,1,GND,,3,0
GND,GND322,1,GND,,3,0
GND,GND323,1,GND,,3,0
GND,GND324,1,GND,,3,0
GND,GND325,1,GND,,3,0
GND,GND326,1,GND,,3,0
GND,GND327,1,GND,,3,0
GND,GND328,1,GND,,3,0
GND,GND329,1,GND,,3,0
GND,GND33,1,GND,,2,0
GND,GND330,1,GND,,3,0
GND,GND331,1,GND,,3,0
GND,GND332,1,GND,,3,0
GND,GND333,1,GND,,3,0
GND,GND334,1,GND,,3,0
GND,GND335,1,GND,,3,0
GND,GND336,1,GND,,3,0
GND,GND337,1,GND,,3,0
GND,GND338,1,GND,,3,0
GND,GND339,1,GND,,3,0
GND,GND34,1,GND,,2,0
GND,GND340,1,GND,,3,0
GND,GND341,1,GND,,3,0
GND,GND342,1,GND,,3,0
GND,GND343,1,GND,,3,0
GND,GND344,1,GND,,3,0
GND,GND345,1,GND,,3,0
GND,GND346,1,GND,,3,0
GND,GND347,1,GND,,3,0
GND,GND348,1,GND,,3,0
GND,GND349,1,GND,,3,0
GND,GND35,1,GND,,1,0
GND,GND350,1,GND,,3,0
GND,GND351,1,GND,,3,0
GND,GND352,1,GND,,3,0
GND,GND353,1,GND,,3,0
GND,GND354,1,GND,,3,0
GND,GND355,1,GND,,3,0
GND,GND356,1,GND,,3,0
GND,GND357,1,GND,,3,0
GND,GND358,1,GND,,3,0
GND,GND359,1,GND,,3,0
GND,GND36,1,GND,,2,0
GND,GND360,1,GND,,3,0
GND,GND361,1,GND,,3,0
GND,GND362,1,GND,,3,0
GND,GND363,1,GND,,3,0
GND,GND364,1,GND,,3,0
GND,GND365,1,GND,,3,0
GND,GND366,1,GND,,3,0
GND,GND367,1,GND,,3,0
GND,GND368,1,GND,,3,0
GND,GND369,1,GND,,3,0
GND,GND37,1,GND,,2,0
GND,GND370,1,GND,,3,0
GND,GND371,1,GND,,3,0
GND,GND372,1,GND,,3,0
GND,GND373,1,GND,,3,0
GND,GND374,1,GND,,3,0
GND,GND375,1,GND,,3,0
GND,GND376,1,GND,,3,0
GND,GND377,1,GND,,3,0
GND,GND378,1,GND,,3,0
GND,GND379,1,GND,,3,0
GND,GND38,1,GND,,2,0
GND,GND380,1,GND,,3,0
GND,GND381,1,GND,,3,0
GND,GND382,1,GND,,3,0
GND,GND383,1,GND,,3,0
GND,GND384,1,GND,,3,0
GND,GND385,1,GND,,3,0
GND,GND386,1,GND,,3,0
GND,GND387,1,GND,,3,0
GND,GND388,1,GND,,3,0
GND,GND389,1,GND,,3,0
GND,GND39,1,GND,,2,0
GND,GND390,1,GND,,3,0
GND,GND391,1,GND,,3,0
GND,GND392,1,GND,,3,0
GND,GND393,1,GND,,3,0
GND,GND394,1,GND,,3,0
GND,GND395,1,GND,,3,0
GND,GND396,1,GND,,3,0
GND,GND397,1,GND,,3,0
GND,GND398,1,GND,,3,0
GND,GND399,1,GND,,3,0
GND,GND4,1,GND,,1,0
GND,GND40,1,GND,,3,0
GND,GND400,1,GND,,3,0
GND,GND401,1,GND,,3,0
GND,GND402,1,GND,,3,0
GND,GND403,1,GND,,3,0
GND,GND404,1,GND,,3,0
GND,GND405,1,GND,,3,0
GND,GND406,1,GND,,3,0
GND,GND407,1,GND,,3,0
GND,GND408,1,GND,,3,0
GND,GND409,1,GND,,3,0
GND,GND41,1,GND,,2,0
GND,GND410,1,GND,,3,0
GND,GND411,1,GND,,3,0
GND,GND412,1,GND,,3,0
GND,GND413,1,GND,,3,0
GND,GND414,1,GND,,3,0
GND,GND415,1,GND,,3,0
GND,GND416,1,GND,,3,0
GND,GND417,1,GND,,3,0
GND,GND418,1,GND,,3,0
GND,GND419,1,GND,,3,0
GND,GND42,1,GND,,2,0
GND,GND420,1,GND,,3,0
GND,GND421,1,GND,,3,0
GND,GND422,1,GND,,3,0
GND,GND423,1,GND,,3,0
GND,GND424,1,GND,,3,0
GND,GND425,1,GND,,3,0
GND,GND426,1,GND,,3,0
GND,GND427,1,GND,,3,0
GND,GND428,1,GND,,3,0
GND,GND429,1,GND,,3,0
GND,GND43,1,GND,,3,0
GND,GND430,1,GND,,3,0
GND,GND431,1,GND,,3,0
GND,GND432,1,GND,,3,0
GND,GND433,1,GND,,3,0
GND,GND434,1,GND,,3,0
GND,GND435,1,GND,,3,0
GND,GND436,1,GND,,3,0
GND,GND437,1,GND,,3,0
GND,GND438,1,GND,,3,0
GND,GND439,1,GND,,3,0
GND,GND44,1,GND,,3,0
GND,GND440,1,GND,,3,0
GND,GND441,1,GND,,3,0
GND,GND442,1,GND,,3,0
GND,GND443,1,GND,,3,0
GND,GND444,1,GND,,3,0
GND,GND445,1,GND,,3,0
GND,GND446,1,GND,,3,0
GND,GND447,1,GND,,3,0
GND,GND448,1,GND,,3,0
GND,GND449,1,GND,,3,0
GND,GND45,1,GND,,2,0
GND,GND450,1,GND,,3,0
GND,GND451,1,GND,,3,0
GND,GND452,1,GND,,3,0
GND,GND453,1,GND,,3,0
GND,GND454,1,GND,,3,0
GND,GND455,1,GND,,3,0
GND,GND456,1,GND,,3,0
GND,GND457,1,GND,,3,0
GND,GND458,1,GND,,3,0
GND,GND459,1,GND,,3,0
GND,GND46,1,GND,,2,0
GND,GND460,1,GND,,3,0
GND,GND461,1,GND,,3,0
GND,GND462,1,GND,,3,0
GND,GND463,1,GND,,3,0
GND,GND464,1,GND,,3,0
GND,GND465,1,GND,,3,0
GND,GND466,1,GND,,3,0
GND,GND467,1,GND,,3,0
GND,GND468,1,GND,,3,0
GND,GND469,1,GND,,3,0
GND,GND47,1,GND,,3,0
GND,GND470,1,GND,,3,0
GND,GND471,1,GND,,3,0
GND,GND472,1,GND,,3,0
GND,GND473,1,GND,,3,0
GND,GND474,1,GND,,3,0
GND,GND475,1,GND,,3,0
GND,GND476,1,GND,,3,0
GND,GND477,1,GND,,3,0
GND,GND478,1,GND,,3,0
GND,GND479,1,GND,,3,0
GND,GND48,1,GND,,3,0
GND,GND480,1,GND,,3,0
GND,GND481,1,GND,,3,0
GND,GND482,1,GND,,3,0
GND,GND483,1,GND,,3,0
GND,GND484,1,GND,,3,0
GND,GND485,1,GND,,3,0
GND,GND486,1,GND,,3,0
GND,GND487,1,GND,,3,0
GND,GND488,1,GND,,3,0
GND,GND489,1,GND,,3,0
GND,GND49,1,GND,,3,0
GND,GND490,1,GND,,3,0
GND,GND491,1,GND,,3,0
GND,GND492,1,GND,,3,0
GND,GND493,1,GND,,3,0
GND,GND494,1,GND,,3,0
GND,GND495,1,GND,,3,0
GND,GND496,1,GND,,3,0
GND,GND497,1,GND,,3,0
GND,GND498,1,GND,,3,0
GND,GND499,1,GND,,3,0
GND,GND5,1,GND,,1,0
GND,GND50,1,GND,,3,0
GND,GND500,1,GND,,3,0
GND,GND501,1,GND,,3,0
GND,GND502,1,GND,,3,0
GND,GND503,1,GND,,3,0
GND,GND504,1,GND,,3,0
GND,GND505,1,GND,,3,0
GND,GND506,1,GND,,3,0
GND,GND507,1,GND,,3,0
GND,GND508,1,GND,,3,0
GND,GND509,1,GND,,3,0
GND,GND51,1,GND,,3,0
GND,GND510,1,GND,,3,0
GND,GND511,1,GND,,3,0
GND,GND512,1,GND,,3,0
GND,GND513,1,GND,,3,0
GND,GND514,1,GND,,3,0
GND,GND515,1,GND,,3,0
GND,GND516,1,GND,,3,0
GND,GND517,1,GND,,3,0
GND,GND518,1,GND,,3,0
GND,GND519,1,GND,,3,0
GND,GND52,1,GND,,3,0
GND,GND520,1,GND,,3,0
GND,GND521,1,GND,,3,0
GND,GND522,1,GND,,3,0
GND,GND523,1,GND,,3,0
GND,GND524,1,GND,,3,0
GND,GND525,1,GND,,3,0
GND,GND526,1,GND,,3,0
GND,GND527,1,GND,,3,0
GND,GND528,1,GND,,3,0
GND,GND529,1,GND,,3,0
GND,GND53,1,GND,,3,0
GND,GND530,1,GND,,3,0
GND,GND531,1,GND,,3,0
GND,GND532,1,GND,,3,0
GND,GND533,1,GND,,3,0
GND,GND534,1,GND,,3,0
GND,GND535,1,GND,,3,0
GND,GND536,1,GND,,3,0
GND,GND537,1,GND,,3,0
GND,GND538,1,GND,,3,0
GND,GND539,1,GND,,3,0
GND,GND54,1,GND,,3,0
GND,GND540,1,GND,,3,0
GND,GND541,1,GND,,3,0
GND,GND542,1,GND,,3,0
GND,GND543,1,GND,,3,0
GND,GND544,1,GND,,3,0
GND,GND545,1,GND,,3,0
GND,GND546,1,GND,,3,0
GND,GND547,1,GND,,3,0
GND,GND548,1,GND,,3,0
GND,GND549,1,GND,,3,0
GND,GND55,1,GND,,3,0
GND,GND550,1,GND,,3,0
GND,GND551,1,GND,,3,0
GND,GND552,1,GND,,3,0
GND,GND553,1,GND,,3,0
GND,GND554,1,GND,,3,0
GND,GND555,1,GND,,3,0
GND,GND556,1,GND,,3,0
GND,GND557,1,GND,,3,0
GND,GND558,1,GND,,3,0
GND,GND559,1,GND,,3,0
GND,GND56,1,GND,,3,0
GND,GND560,1,GND,,3,0
GND,GND561,1,GND,,3,0
GND,GND562,1,GND,,3,0
GND,GND563,1,GND,,3,0
GND,GND564,1,GND,,3,0
GND,GND565,1,GND,,3,0
GND,GND566,1,GND,,3,0
GND,GND567,1,GND,,3,0
GND,GND568,1,GND,,3,0
GND,GND569,1,GND,,3,0
GND,GND57,1,GND,,3,0
GND,GND570,1,GND,,3,0
GND,GND571,1,GND,,3,0
GND,GND572,1,GND,,3,0
GND,GND573,1,GND,,3,0
GND,GND574,1,GND,,3,0
GND,GND575,1,GND,,3,0
GND,GND576,1,GND,,3,0
GND,GND577,1,GND,,3,0
GND,GND578,1,GND,,3,0
GND,GND579,1,GND,,3,0
GND,GND58,1,GND,,3,0
GND,GND580,1,GND,,3,0
GND,GND581,1,GND,,3,0
GND,GND582,1,GND,,3,0
GND,GND583,1,GND,,3,0
GND,GND584,1,GND,,3,0
GND,GND585,1,GND,,3,0
GND,GND586,1,GND,,3,0
GND,GND587,1,GND,,3,0
GND,GND588,1,GND,,3,0
GND,GND589,1,GND,,3,0
GND,GND59,1,GND,,3,0
GND,GND590,1,GND,,3,0
GND,GND591,1,GND,,3,0
GND,GND592,1,GND,,3,0
GND,GND593,1,GND,,3,0
GND,GND594,1,GND,,3,0
GND,GND595,1,GND,,3,0
GND,GND596,1,GND,,3,0
GND,GND597,1,GND,,3,0
GND,GND598,1,GND,,3,0
GND,GND599,1,GND,,3,0
GND,GND6,1,GND,,1,0
GND,GND60,1,GND,,3,0
GND,GND600,1,GND,,3,0
GND,GND601,1,GND,,3,0
GND,GND602,1,GND,,3,0
GND,GND603,1,GND,,3,0
GND,GND604,1,GND,,3,0
GND,GND605,1,GND,,3,0
GND,GND606,1,GND,,3,0
GND,GND607,1,GND,,3,0
GND,GND608,1,GND,,3,0
GND,GND609,1,GND,,3,0
GND,GND61,1,GND,,2,0
GND,GND610,1,GND,,3,0
GND,GND611,1,GND,,3,0
GND,GND612,1,GND,,3,0
GND,GND613,1,GND,,3,0
GND,GND614,1,GND,,3,0
GND,GND615,1,GND,,3,0
GND,GND616,1,GND,,3,0
GND,GND617,1,GND,,3,0
GND,GND618,1,GND,,3,0
GND,GND619,1,GND,,3,0
GND,GND62,1,GND,,2,0
GND,GND620,1,GND,,3,0
GND,GND621,1,GND,,3,0
GND,GND622,1,GND,,3,0
GND,GND623,1,GND,,3,0
GND,GND624,1,GND,,3,0
GND,GND625,1,GND,,3,0
GND,GND626,1,GND,,3,0
GND,GND627,1,GND,,3,0
GND,GND628,1,GND,,3,0
GND,GND629,1,GND,,3,0
GND,GND63,1,GND,,2,0
GND,GND630,1,GND,,3,0
GND,GND631,1,GND,,3,0
GND,GND632,1,GND,,3,0
GND,GND633,1,GND,,3,0
GND,GND634,1,GND,,3,0
GND,GND635,1,GND,,3,0
GND,GND636,1,GND,,3,0
GND,GND637,1,GND,,3,0
GND,GND638,1,GND,,3,0
GND,GND639,1,GND,,3,0
GND,GND64,1,GND,,2,0
GND,GND640,1,GND,,3,0
GND,GND641,1,GND,,3,0
GND,GND642,1,GND,,3,0
GND,GND643,1,GND,,3,0
GND,GND644,1,GND,,3,0
GND,GND645,1,GND,,3,0
GND,GND646,1,GND,,3,0
GND,GND647,1,GND,,3,0
GND,GND648,1,GND,,3,0
GND,GND649,1,GND,,3,0
GND,GND65,1,GND,,3,0
GND,GND650,1,GND,,3,0
GND,GND651,1,GND,,3,0
GND,GND652,1,GND,,3,0
GND,GND653,1,GND,,3,0
GND,GND654,1,GND,,3,0
GND,GND655,1,GND,,3,0
GND,GND656,1,GND,,3,0
GND,GND657,1,GND,,3,0
GND,GND658,1,GND,,3,0
GND,GND659,1,GND,,3,0
GND,GND66,1,GND,,3,0
GND,GND660,1,GND,,3,0
GND,GND661,1,GND,,3,0
GND,GND662,1,GND,,3,0
GND,GND663,1,GND,,3,0
GND,GND664,1,GND,,3,0
GND,GND665,1,GND,,3,0
GND,GND666,1,GND,,3,0
GND,GND667,1,GND,,3,0
GND,GND668,1,GND,,3,0
GND,GND669,1,GND,,3,0
GND,GND67,1,GND,,3,0
GND,GND670,1,GND,,3,0
GND,GND671,1,GND,,3,0
GND,GND672,1,GND,,3,0
GND,GND673,1,GND,,3,0
GND,GND674,1,GND,,3,0
GND,GND675,1,GND,,3,0
GND,GND676,1,GND,,3,0
GND,GND677,1,GND,,3,0
GND,GND678,1,GND,,3,0
GND,GND679,1,GND,,3,0
GND,GND68,1,GND,,3,0
GND,GND680,1,GND,,3,0
GND,GND681,1,GND,,3,0
GND,GND682,1,GND,,3,0
GND,GND683,1,GND,,4,0
GND,GND684,1,GND,,4,0
GND,GND685,1,GND,,4,0
GND,GND686,1,GND,,4,0
GND,GND687,1,GND,,4,0
GND,GND688,1,GND,,4,0
GND,GND689,1,GND,,1,0
GND,GND69,1,GND,,3,0
GND,GND690,1,GND,,4,0
GND,GND691,1,GND,,4,0
GND,GND692,1,GND,,4,0
GND,GND693,1,GND,,4,0
GND,GND694,1,GND,,4,0
GND,GND695,1,GND,,4,0
GND,GND696,1,GND,,4,0
GND,GND697,1,GND,,4,0
GND,GND698,1,GND,,4,0
GND,GND699,1,GND,,3,0
GND,GND7,1,GND,,1,0
GND,GND700,1,GND,,3,0
GND,GND701,1,GND,,3,0
GND,GND702,1,GND,,3,0
GND,GND703,1,GND,,3,0
GND,GND704,1,GND,,3,0
GND,GND705,1,GND,,3,0
GND,GND706,1,GND,,3,0
GND,GND707,1,GND,,3,0
GND,GND708,1,GND,,3,0
GND,GND711,1,GND,,3,0
GND,GND712,1,GND,,3,0
GND,GND713,1,GND,,2,0
GND,GND714,1,GND,,2,0
GND,GND715,1,GND,,3,0
GND,GND716,1,GND,,3,0
GND,GND717,1,GND,,3,0
GND,GND718,1,GND,,3,0
GND,GND719,1,GND,,3,0
GND,GND72,1,GND,,3,0
GND,GND720,1,GND,,3,0
GND,GND721,1,GND,,3,0
GND,GND722,1,GND,,3,0
GND,GND723,1,GND,,3,0
GND,GND724,1,GND,,3,0
GND,GND725,1,GND,,3,0
GND,GND726,1,GND,,3,0
GND,GND727,1,GND,,3,0
GND,GND728,1,GND,,3,0
GND,GND729,1,GND,,3,0
GND,GND73,1,GND,,3,0
GND,GND730,1,GND,,3,0
GND,GND731,1,GND,,3,0
GND,GND732,1,GND,,2,0
GND,GND733,1,GND,,3,0
GND,GND734,1,GND,,3,0
GND,GND735,1,GND,,3,0
GND,GND736,1,GND,,3,0
GND,GND737,1,GND,,2,0
GND,GND738,1,GND,,2,0
GND,GND739,1,GND,,2,0
GND,GND74,1,GND,,3,0
GND,GND740,1,GND,,2,0
GND,GND741,1,GND,,2,0
GND,GND742,1,GND,,2,0
GND,GND743,1,GND,,2,0
GND,GND744,1,GND,,2,0
GND,GND745,1,GND,,2,0
GND,GND746,1,GND,,2,0
GND,GND747,1,GND,,2,0
GND,GND748,1,GND,,2,0
GND,GND75,1,GND,,3,0
GND,GND755,1,GND,,3,0
GND,GND756,1,GND,,3,0
GND,GND757,1,GND,,3,0
GND,GND758,1,GND,,3,0
GND,GND759,1,GND,,3,0
GND,GND76,1,GND,,3,0
GND,GND760,1,GND,,3,0
GND,GND761,1,GND,,3,0
GND,GND762,1,GND,,3,0
GND,GND763,1,GND,,3,0
GND,GND764,1,GND,,3,0
GND,GND765,1,GND,,3,0
GND,GND766,1,GND,,3,0
GND,GND767,1,GND,,3,0
GND,GND768,1,GND,,3,0
GND,GND769,1,GND,,3,0
GND,GND77,1,GND,,3,0
GND,GND770,1,GND,,3,0
GND,GND771,1,GND,,3,0
GND,GND772,1,GND,,3,0
GND,GND773,1,GND,,3,0
GND,GND774,1,GND,,3,0
GND,GND775,1,GND,,3,0
GND,GND776,1,GND,,3,0
GND,GND777,1,GND,,3,0
GND,GND778,1,GND,,3,0
GND,GND779,1,GND,,3,0
GND,GND78,1,GND,,3,0
GND,GND780,1,GND,,3,0
GND,GND781,1,GND,,3,0
GND,GND782,1,GND,,3,0
GND,GND783,1,GND,,3,0
GND,GND784,1,GND,,3,0
GND,GND785,1,GND,,3,0
GND,GND786,1,GND,,3,0
GND,GND787,1,GND,,3,0
GND,GND788,1,GND,,3,0
GND,GND789,1,GND,,3,0
GND,GND79,1,GND,,3,0
GND,GND790,1,GND,,3,0
GND,GND791,1,GND,,3,0
GND,GND792,1,GND,,3,0
GND,GND793,1,GND,,3,0
GND,GND794,1,GND,,3,0
GND,GND795,1,GND,,3,0
GND,GND796,1,GND,,3,0
GND,GND797,1,GND,,3,0
GND,GND798,1,GND,,3,0
GND,GND799,1,GND,,3,0
GND,GND8,1,GND,,1,0
GND,GND80,1,GND,,3,0
GND,GND800,1,GND,,3,0
GND,GND801,1,GND,,3,0
GND,GND802,1,GND,,3,0
GND,GND803,1,GND,,3,0
GND,GND804,1,GND,,3,0
GND,GND805,1,GND,,3,0
GND,GND806,1,GND,,3,0
GND,GND807,1,GND,,3,0
GND,GND808,1,GND,,3,0
GND,GND809,1,GND,,3,0
GND,GND81,1,GND,,3,0
GND,GND810,1,GND,,3,0
GND,GND811,1,GND,,3,0
GND,GND812,1,GND,,3,0
GND,GND813,1,GND,,3,0
GND,GND814,1,GND,,3,0
GND,GND815,1,GND,,3,0
GND,GND816,1,GND,,3,0
GND,GND817,1,GND,,3,0
GND,GND818,1,GND,,3,0
GND,GND819,1,GND,,3,0
GND,GND82,1,GND,,3,0
GND,GND820,1,GND,,3,0
GND,GND821,1,GND,,3,0
GND,GND822,1,GND,,3,0
GND,GND823,1,GND,,3,0
GND,GND824,1,GND,,3,0
GND,GND825,1,GND,,3,0
GND,GND826,1,GND,,3,0
GND,GND827,1,GND,,3,0
GND,GND828,1,GND,,3,0
GND,GND829,1,GND,,3,0
GND,GND83,1,GND,,3,0
GND,GND830,1,GND,,3,0
GND,GND831,1,GND,,3,0
GND,GND832,1,GND,,3,0
GND,GND833,1,GND,,3,0
GND,GND834,1,GND,,3,0
GND,GND835,1,GND,,3,0
GND,GND836,1,GND,,3,0
GND,GND837,1,GND,,3,0
GND,GND838,1,GND,,3,0
GND,GND839,1,GND,,3,0
GND,GND84,1,GND,,3,0
GND,GND840,1,GND,,3,0
GND,GND841,1,GND,,3,0
GND,GND842,1,GND,,3,0
GND,GND843,1,GND,,3,0
GND,GND844,1,GND,,3,0
GND,GND845,1,GND,,3,0
GND,GND846,1,GND,,3,0
GND,GND847,1,GND,,3,0
GND,GND848,1,GND,,3,0
GND,GND849,1,GND,,3,0
GND,GND85,1,GND,,3,0
GND,GND850,1,GND,,3,0
GND,GND851,1,GND,,3,0
GND,GND852,1,GND,,3,0
GND,GND853,1,GND,,3,0
GND,GND854,1,GND,,3,0
GND,GND855,1,GND,,3,0
GND,GND856,1,GND,,3,0
GND,GND857,1,GND,,3,0
GND,GND858,1,GND,,3,0
GND,GND859,1,GND,,3,0
GND,GND86,1,GND,,3,0
GND,GND860,1,GND,,3,0
GND,GND861,1,GND,,3,0
GND,GND862,1,GND,,3,0
GND,GND863,1,GND,,3,0
GND,GND864,1,GND,,3,0
GND,GND865,1,GND,,3,0
GND,GND866,1,GND,,3,0
GND,GND867,1,GND,,3,0
GND,GND868,1,GND,,3,0
GND,GND869,1,GND,,3,0
GND,GND87,1,GND,,3,0
GND,GND870,1,GND,,3,0
GND,GND871,1,GND,,3,0
GND,GND872,1,GND,,3,0
GND,GND873,1,GND,,3,0
GND,GND874,1,GND,,3,0
GND,GND875,1,GND,,3,0
GND,GND876,1,GND,,3,0
GND,GND877,1,GND,,3,0
GND,GND878,1,GND,,3,0
GND,GND879,1,GND,,3,0
GND,GND88,1,GND,,3,0
GND,GND880,1,GND,,3,0
GND,GND881,1,GND,,3,0
GND,GND882,1,GND,,3,0
GND,GND883,1,GND,,3,0
GND,GND884,1,GND,,3,0
GND,GND885,1,GND,,3,0
GND,GND886,1,GND,,3,0
GND,GND887,1,GND,,3,0
GND,GND888,1,GND,,3,0
GND,GND889,1,GND,,3,0
GND,GND89,1,GND,,3,0
GND,GND890,1,GND,,3,0
GND,GND891,1,GND,,3,0
GND,GND892,1,GND,,3,0
GND,GND893,1,GND,,3,0
GND,GND894,1,GND,,3,0
GND,GND895,1,GND,,3,0
GND,GND896,1,GND,,3,0
GND,GND897,1,GND,,3,0
GND,GND898,1,GND,,3,0
GND,GND899,1,GND,,3,0
GND,GND9,1,GND,,1,0
GND,GND90,1,GND,,3,0
GND,GND900,1,GND,,3,0
GND,GND901,1,GND,,3,0
GND,GND902,1,GND,,3,0
GND,GND903,1,GND,,3,0
GND,GND904,1,GND,,3,0
GND,GND905,1,GND,,3,0
GND,GND906,1,GND,,3,0
GND,GND907,1,GND,,3,0
GND,GND908,1,GND,,3,0
GND,GND909,1,GND,,3,0
GND,GND91,1,GND,,3,0
GND,GND910,1,GND,,3,0
GND,GND911,1,GND,,3,0
GND,GND912,1,GND,,3,0
GND,GND913,1,GND,,3,0
GND,GND914,1,GND,,3,0
GND,GND915,1,GND,,3,0
GND,GND916,1,GND,,3,0
GND,GND917,1,GND,,3,0
GND,GND918,1,GND,,3,0
GND,GND919,1,GND,,3,0
GND,GND92,1,GND,,3,0
GND,GND920,1,GND,,3,0
GND,GND921,1,GND,,3,0
GND,GND922,1,GND,,3,0
GND,GND923,1,GND,,3,0
GND,GND924,1,GND,,3,0
GND,GND925,1,GND,,3,0
GND,GND926,1,GND,,3,0
GND,GND927,1,GND,,3,0
GND,GND928,1,GND,,3,0
GND,GND929,1,GND,,3,0
GND,GND93,1,GND,,3,0
GND,GND930,1,GND,,3,0
GND,GND931,1,GND,,3,0
GND,GND932,1,GND,,3,0
GND,GND933,1,GND,,3,0
GND,GND934,1,GND,,3,0
GND,GND935,1,GND,,3,0
GND,GND936,1,GND,,3,0
GND,GND937,1,GND,,3,0
GND,GND938,1,GND,,3,0
GND,GND939,1,GND,,3,0
GND,GND94,1,GND,,3,0
GND,GND940,1,GND,,3,0
GND,GND941,1,GND,,3,0
GND,GND942,1,GND,,3,0
GND,GND943,1,GND,,3,0
GND,GND944,1,GND,,3,0
GND,GND945,1,GND,,3,0
GND,GND946,1,GND,,3,0
GND,GND947,1,GND,,3,0
GND,GND948,1,GND,,3,0
GND,GND949,1,GND,,3,0
GND,GND95,1,GND,,3,0
GND,GND950,1,GND,,3,0
GND,GND951,1,GND,,3,0
GND,GND952,1,GND,,3,0
GND,GND953,1,GND,,3,0
GND,GND954,1,GND,,3,0
GND,GND955,1,GND,,3,0
GND,GND956,1,GND,,3,0
GND,GND957,1,GND,,3,0
GND,GND958,1,GND,,3,0
GND,GND959,1,GND,,3,0
GND,GND96,1,GND,,3,0
GND,GND960,1,GND,,3,0
GND,GND961,1,GND,,3,0
GND,GND962,1,GND,,3,0
GND,GND963,1,GND,,3,0
GND,GND964,1,GND,,3,0
GND,GND965,1,GND,,3,0
GND,GND966,1,GND,,3,0
GND,GND967,1,GND,,3,0
GND,GND968,1,GND,,3,0
GND,GND969,1,GND,,3,0
GND,GND97,1,GND,,3,0
GND,GND970,1,GND,,3,0
GND,GND971,1,GND,,3,0
GND,GND972,1,GND,,3,0
GND,GND973,1,GND,,3,0
GND,GND974,1,GND,,3,0
GND,GND975,1,GND,,3,0
GND,GND976,1,GND,,3,0
GND,GND977,1,GND,,3,0
GND,GND978,1,GND,,3,0
GND,GND979,1,GND,,3,0
GND,GND98,1,GND,,3,0
GND,GND980,1,GND,,3,0
GND,GND981,1,GND,,3,0
GND,GND982,1,GND,,3,0
GND,GND983,1,GND,,3,0
GND,GND984,1,GND,,3,0
GND,GND985,1,GND,,3,0
GND,GND986,1,GND,,3,0
GND,GND987,1,GND,,3,0
GND,GND988,1,GND,,3,0
GND,GND989,1,GND,,3,0
GND,GND99,1,GND,,3,0
GND,GND990,1,GND,,3,0
GND,GND991,1,GND,,3,0
GND,GND992,1,GND,,3,0
GND,GND993,1,GND,,3,0
GND,GND994,1,GND,,3,0
GND,GND995,1,GND,,3,0
GND,GND996,1,GND,,4,0
GND,GND997,1,GND,,4,0
GND,GND998,1,GND,,4,0
GND,GND999,1,GND,,4,0
GND,J1,G$1,2,2,2,0
GND,J1,G$1,3,3,2,0
GND,J1,G$1,4,4,2,0
GND,J1,G$1,5,5,2,0
GND,J18,G$1,2,2,2,0
GND,J18,G$1,3,3,2,0
GND,J18,G$1,4,4,2,0
GND,J18,G$1,5,5,2,0
GND,J19,G$1,MH1,MH1,2,0
GND,J19,G$1,MH2,MH2,2,0
GND,J19,G$1,MH3,MH3,2,0
GND,J19,G$1,MH4,MH4,2,0
GND,J20,G$1,2,2,3,0
GND,J20,G$1,3,3,3,0
GND,J20,G$1,4,4,3,0
GND,J20,G$1,5,5,3,0
GND,J21,G$1,MH1,MH1,3,0
GND,J21,G$1,MH2,MH2,3,0
GND,J21,G$1,MH3,MH3,3,0
GND,J21,G$1,MH4,MH4,3,0
GND,J22,G$1,2,2,3,0
GND,J22,G$1,3,3,3,0
GND,J22,G$1,4,4,3,0
GND,J22,G$1,5,5,3,0
GND,J23,G$1,2,2,3,0
GND,J23,G$1,3,3,3,0
GND,J23,G$1,4,4,3,0
GND,J23,G$1,5,5,3,0
GND,J24,G$1,2,2,3,0
GND,J24,G$1,3,3,3,0
GND,J24,G$1,4,4,3,0
GND,J24,G$1,5,5,3,0
GND,J25,G$1,2,2,3,0
GND,J25,G$1,3,3,3,0
GND,J25,G$1,4,4,3,0
GND,J25,G$1,5,5,3,0
GND,J26,G$1,2,2,3,0
GND,J26,G$1,3,3,3,0
GND,J26,G$1,4,4,3,0
GND,J26,G$1,5,5,3,0
GND,J27,G$1,2,2,3,0
GND,J27,G$1,3,3,3,0
GND,J27,G$1,4,4,3,0
GND,J27,G$1,5,5,3,0
GND,J28,G$1,2,2,3,0
GND,J28,G$1,3,3,3,0
GND,J28,G$1,4,4,3,0
GND,J28,G$1,5,5,3,0
GND,J29,G$1,2,2,3,0
GND,J29,G$1,3,3,3,0
GND,J29,G$1,4,4,3,0
GND,J29,G$1,5,5,3,0
GND,J30,G$1,2,2,3,0
GND,J30,G$1,3,3,3,0
GND,J30,G$1,4,4,3,0
GND,J30,G$1,5,5,3,0
GND,J31,G$1,2,2,3,0
GND,J31,G$1,3,3,3,0
GND,J31,G$1,4,4,3,0
GND,J31,G$1,5,5,3,0
GND,J32,G$1,2,2,3,0
GND,J32,G$1,3,3,3,0
GND,J32,G$1,4,4,3,0
GND,J32,G$1,5,5,3,0
GND,J33,G$1,2,2,3,0
GND,J33,G$1,3,3,3,0
GND,J33,G$1,4,4,3,0
GND,J33,G$1,5,5,3,0
GND,J34,G$1,2,2,3,0
GND,J34,G$1,3,3,3,0
GND,J34,G$1,4,4,3,0
GND,J34,G$1,5,5,3,0
GND,J35,G$1,2,2,3,0
GND,J35,G$1,3,3,3,0
GND,J35,G$1,4,4,3,0
GND,J35,G$1,5,5,3,0
GND,J36,G$1,2,2,3,0
GND,J36,G$1,3,3,3,0
GND,J36,G$1,4,4,3,0
GND,J36,G$1,5,5,3,0
GND,J37,G$1,2,2,3,0
GND,J37,G$1,3,3,3,0
GND,J37,G$1,4,4,3,0
GND,J37,G$1,5,5,3,0
GND,J38,G$1,2,2,3,0
GND,J38,G$1,3,3,3,0
GND,J38,G$1,4,4,3,0
GND,J38,G$1,5,5,3,0
GND,J39,G$1,2,2,3,0
GND,J39,G$1,3,3,3,0
GND,J39,G$1,4,4,3,0
GND,J39,G$1,5,5,3,0
GND,J40,G$1,2,2,3,0
GND,J40,G$1,3,3,3,0
GND,J40,G$1,4,4,3,0
GND,J40,G$1,5,5,3,0
GND,J41,G$1,2,2,3,0
GND,J41,G$1,3,3,3,0
GND,J41,G$1,4,4,3,0
GND,J41,G$1,5,5,3,0
GND,J42,G$1,2,2,3,0
GND,J42,G$1,3,3,3,0
GND,J42,G$1,4,4,3,0
GND,J42,G$1,5,5,3,0
GND,J43,G$1,2,2,3,0
GND,J43,G$1,3,3,3,0
GND,J43,G$1,4,4,3,0
GND,J43,G$1,5,5,3,0
GND,J44,G$1,2,2,3,0
GND,J44,G$1,3,3,3,0
GND,J44,G$1,4,4,3,0
GND,J44,G$1,5,5,3,0
GND,J45,G$1,2,2,3,0
GND,J45,G$1,3,3,3,0
GND,J45,G$1,4,4,3,0
GND,J45,G$1,5,5,3,0
GND,J46,G$1,2,2,3,0
GND,J46,G$1,3,3,3,0
GND,J46,G$1,4,4,3,0
GND,J46,G$1,5,5,3,0
GND,J47,G$1,2,2,3,0
GND,J47,G$1,3,3,3,0
GND,J47,G$1,4,4,3,0
GND,J47,G$1,5,5,3,0
GND,J48,G$1,2,2,3,0
GND,J48,G$1,3,3,3,0
GND,J48,G$1,4,4,3,0
GND,J48,G$1,5,5,3,0
GND,J49,G$1,2,2,3,0
GND,J49,G$1,3,3,3,0
GND,J49,G$1,4,4,3,0
GND,J49,G$1,5,5,3,0
GND,J50,G$1,2,2,3,0
GND,J50,G$1,3,3,3,0
GND,J50,G$1,4,4,3,0
GND,J50,G$1,5,5,3,0
GND,J51,G$1,2,2,3,0
GND,J51,G$1,3,3,3,0
GND,J51,G$1,4,4,3,0
GND,J51,G$1,5,5,3,0
GND,J52,G$1,2,2,3,0
GND,J52,G$1,3,3,3,0
GND,J52,G$1,4,4,3,0
GND,J52,G$1,5,5,3,0
GND,J53,G$1,2,2,3,0
GND,J53,G$1,3,3,3,0
GND,J53,G$1,4,4,3,0
GND,J53,G$1,5,5,3,0
GND,J54,G$1,2,2,3,0
GND,J54,G$1,3,3,3,0
GND,J54,G$1,4,4,3,0
GND,J54,G$1,5,5,3,0
GND,J55,G$1,2,2,3,0
GND,J55,G$1,3,3,3,0
GND,J55,G$1,4,4,3,0
GND,J55,G$1,5,5,3,0
GND,JP1,A,12,12,2,0
GND,JP10,A,3,3,2,0
GND,JP11,A,3,3,4,0
GND,JP12,A,3,3,4,0
GND,JP13,A,14,14,2,0
GND,JP14,A,3,3,4,0
GND,JP15,A,3,3,4,0
GND,JP16,A,3,3,4,0
GND,JP17,A,3,3,2,0
GND,JP18,A,3,3,2,0
GND,JP19,A,3,3,4,0
GND,JP2,A,3,3,2,0
GND,JP20,G$1,2,2,2,0
GND,JP3,A,8,8,2,0
GND,JP4,A,3,3,2,0
GND,JP5,A,3,3,4,0
GND,JP6,A,3,3,4,0
GND,JP7,A,3,3,2,0
GND,JP8,A,4,4,2,0
GND,JP9,A,1,1,2,0
GND,JP9,A,3,3,2,0
GND,L7,G$1,2,2,3,0
GND,OPA_1,A,INA+,3,4,0
GND,OPA_1,A,INB+,5,4,0
GND,OPA_1,A,INC+,10,4,0
GND,OPA_1,A,IND+,12,4,0
GND,OPA_2,A,INA+,3,4,0
GND,OPA_2,A,INB+,5,4,0
GND,OPA_2,A,INC+,10,4,0
GND,OPA_2,A,IND+,12,4,0
GND,OPA_3,A,INA+,3,4,0
GND,OPA_3,A,INB+,5,4,0
GND,OPA_3,A,INC+,10,4,0
GND,OPA_3,A,IND+,12,4,0
GND,OPA_4,A,INA+,3,4,0
GND,OPA_4,A,INB+,5,4,0
GND,OPA_4,A,INC+,10,4,0
GND,OPA_4,A,IND+,12,4,0
GND,R115,G$1,1,1,3,0
GND,R116,G$1,1,1,3,0
GND,R117,G$1,1,1,3,0
GND,R139,G$1,1,1,2,0
GND,R140,G$1,1,1,2,0
GND,R158,G$1,1,1,3,0
GND,R159,G$1,1,1,3,0
GND,R160,G$1,1,1,3,0
GND,R161,G$1,1,1,3,0
GND,R162,G$1,1,1,3,0
GND,R163,G$1,1,1,3,0
GND,R164,G$1,1,1,3,0
GND,R165,G$1,2,2,3,0
GND,R166,G$1,2,2,3,0
GND,R31,G$1,1,1,3,0
GND,R33,G$1,2,2,3,0
GND,R37,G$1,1,1,3,0
GND,R38,G$1,1,1,3,0
GND,R41,G$1,1,1,4,0
GND,R43,G$1,1,1,4,0
GND,R45,G$1,2,2,3,0
GND,R46,G$1,1,1,3,0
GND,R47,G$1,1,1,3,0
GND,R48,G$1,2,2,3,0
GND,R55,G$1,2,2,3,0
GND,R56,G$1,2,2,3,0
GND,R57,G$1,2,2,3,0
GND,R58,G$1,2,2,3,0
GND,R70,G$1,1,1,3,0
GND,R71,G$1,1,1,3,0
GND,R72,G$1,2,2,3,0
GND,R73,G$1,1,1,3,0
GND,R74,G$1,1,1,3,0
GND,R75,G$1,2,2,3,0
GND,R76,G$1,1,1,3,0
GND,R77,G$1,1,1,3,0
GND,RF_SW_1,A,EP,17,3,0
GND,RF_SW_1,A,GND,2,3,0
GND,RF_SW_1,A,GND2,4,3,0
GND,RF_SW_1,A,GND3,7,3,0
GND,RF_SW_1,A,GND4,9,3,0
GND,RF_SW_1,A,GND5,11,3,0
GND,RF_SW_1,A,GND6,14,3,0
GND,RF_SW_1,A,GND7,16,3,0
GND,RF_SW_1,A,NC,1,3,0
GND,RF_SW_1,A,NC2,12,3,0
GND,RF_SW_1,A,NC3,13,3,0
GND,RF_SW_10,A,EP,17,3,0
GND,RF_SW_10,A,GND,2,3,0
GND,RF_SW_10,A,GND2,4,3,0
GND,RF_SW_10,A,GND3,7,3,0
GND,RF_SW_10,A,GND4,9,3,0
GND,RF_SW_10,A,GND5,11,3,0
GND,RF_SW_10,A,GND6,14,3,0
GND,RF_SW_10,A,GND7,16,3,0
GND,RF_SW_10,A,NC,1,3,0
GND,RF_SW_10,A,NC2,12,3,0
GND,RF_SW_10,A,NC3,13,3,0
GND,RF_SW_11,A,EP,17,3,0
GND,RF_SW_11,A,GND,2,3,0
GND,RF_SW_11,A,GND2,4,3,0
GND,RF_SW_11,A,GND3,7,3,0
GND,RF_SW_11,A,GND4,9,3,0
GND,RF_SW_11,A,GND5,11,3,0
GND,RF_SW_11,A,GND6,14,3,0
GND,RF_SW_11,A,GND7,16,3,0
GND,RF_SW_11,A,NC,1,3,0
GND,RF_SW_11,A,NC2,12,3,0
GND,RF_SW_11,A,NC3,13,3,0
GND,RF_SW_12,A,EP,17,3,0
GND,RF_SW_12,A,GND,2,3,0
GND,RF_SW_12,A,GND2,4,3,0
GND,RF_SW_12,A,GND3,7,3,0
GND,RF_SW_12,A,GND4,9,3,0
GND,RF_SW_12,A,GND5,11,3,0
GND,RF_SW_12,A,GND6,14,3,0
GND,RF_SW_12,A,GND7,16,3,0
GND,RF_SW_12,A,NC,1,3,0
GND,RF_SW_12,A,NC2,12,3,0
GND,RF_SW_12,A,NC3,13,3,0
GND,RF_SW_13,A,EP,17,3,0
GND,RF_SW_13,A,GND,2,3,0
GND,RF_SW_13,A,GND2,4,3,0
GND,RF_SW_13,A,GND3,7,3,0
GND,RF_SW_13,A,GND4,9,3,0
GND,RF_SW_13,A,GND5,11,3,0
GND,RF_SW_13,A,GND6,14,3,0
GND,RF_SW_13,A,GND7,16,3,0
GND,RF_SW_13,A,NC,1,3,0
GND,RF_SW_13,A,NC2,12,3,0
GND,RF_SW_13,A,NC3,13,3,0
GND,RF_SW_14,A,EP,17,3,0
GND,RF_SW_14,A,GND,2,3,0
GND,RF_SW_14,A,GND2,4,3,0
GND,RF_SW_14,A,GND3,7,3,0
GND,RF_SW_14,A,GND4,9,3,0
GND,RF_SW_14,A,GND5,11,3,0
GND,RF_SW_14,A,GND6,14,3,0
GND,RF_SW_14,A,GND7,16,3,0
GND,RF_SW_14,A,NC,1,3,0
GND,RF_SW_14,A,NC2,12,3,0
GND,RF_SW_14,A,NC3,13,3,0
GND,RF_SW_15,A,EP,17,3,0
GND,RF_SW_15,A,GND,2,3,0
GND,RF_SW_15,A,GND2,4,3,0
GND,RF_SW_15,A,GND3,7,3,0
GND,RF_SW_15,A,GND4,9,3,0
GND,RF_SW_15,A,GND5,11,3,0
GND,RF_SW_15,A,GND6,14,3,0
GND,RF_SW_15,A,GND7,16,3,0
GND,RF_SW_15,A,NC,1,3,0
GND,RF_SW_15,A,NC2,12,3,0
GND,RF_SW_15,A,NC3,13,3,0
GND,RF_SW_16,A,EP,17,3,0
GND,RF_SW_16,A,GND,2,3,0
GND,RF_SW_16,A,GND2,4,3,0
GND,RF_SW_16,A,GND3,7,3,0
GND,RF_SW_16,A,GND4,9,3,0
GND,RF_SW_16,A,GND5,11,3,0
GND,RF_SW_16,A,GND6,14,3,0
GND,RF_SW_16,A,GND7,16,3,0
GND,RF_SW_16,A,NC,1,3,0
GND,RF_SW_16,A,NC2,12,3,0
GND,RF_SW_16,A,NC3,13,3,0
GND,RF_SW_2,A,EP,17,3,0
GND,RF_SW_2,A,GND,2,3,0
GND,RF_SW_2,A,GND2,4,3,0
GND,RF_SW_2,A,GND3,7,3,0
GND,RF_SW_2,A,GND4,9,3,0
GND,RF_SW_2,A,GND5,11,3,0
GND,RF_SW_2,A,GND6,14,3,0
GND,RF_SW_2,A,GND7,16,3,0
GND,RF_SW_2,A,NC,1,3,0
GND,RF_SW_2,A,NC2,12,3,0
GND,RF_SW_2,A,NC3,13,3,0
GND,RF_SW_3,A,EP,17,3,0
GND,RF_SW_3,A,GND,2,3,0
GND,RF_SW_3,A,GND2,4,3,0
GND,RF_SW_3,A,GND3,7,3,0
GND,RF_SW_3,A,GND4,9,3,0
GND,RF_SW_3,A,GND5,11,3,0
GND,RF_SW_3,A,GND6,14,3,0
GND,RF_SW_3,A,GND7,16,3,0
GND,RF_SW_3,A,NC,1,3,0
GND,RF_SW_3,A,NC2,12,3,0
GND,RF_SW_3,A,NC3,13,3,0
GND,RF_SW_4,A,EP,17,3,0
GND,RF_SW_4,A,GND,2,3,0
GND,RF_SW_4,A,GND2,4,3,0
GND,RF_SW_4,A,GND3,7,3,0
GND,RF_SW_4,A,GND4,9,3,0
GND,RF_SW_4,A,GND5,11,3,0
GND,RF_SW_4,A,GND6,14,3,0
GND,RF_SW_4,A,GND7,16,3,0
GND,RF_SW_4,A,NC,1,3,0
GND,RF_SW_4,A,NC2,12,3,0
GND,RF_SW_4,A,NC3,13,3,0
GND,RF_SW_5,A,EP,17,3,0
GND,RF_SW_5,A,GND,2,3,0
GND,RF_SW_5,A,GND2,4,3,0
GND,RF_SW_5,A,GND3,7,3,0
GND,RF_SW_5,A,GND4,9,3,0
GND,RF_SW_5,A,GND5,11,3,0
GND,RF_SW_5,A,GND6,14,3,0
GND,RF_SW_5,A,GND7,16,3,0
GND,RF_SW_5,A,NC,1,3,0
GND,RF_SW_5,A,NC2,12,3,0
GND,RF_SW_5,A,NC3,13,3,0
GND,RF_SW_6,A,EP,17,3,0
GND,RF_SW_6,A,GND,2,3,0
GND,RF_SW_6,A,GND2,4,3,0
GND,RF_SW_6,A,GND3,7,3,0
GND,RF_SW_6,A,GND4,9,3,0
GND,RF_SW_6,A,GND5,11,3,0
GND,RF_SW_6,A,GND6,14,3,0
GND,RF_SW_6,A,GND7,16,3,0
GND,RF_SW_6,A,NC,1,3,0
GND,RF_SW_6,A,NC2,12,3,0
GND,RF_SW_6,A,NC3,13,3,0
GND,RF_SW_7,A,EP,17,3,0
GND,RF_SW_7,A,GND,2,3,0
GND,RF_SW_7,A,GND2,4,3,0
GND,RF_SW_7,A,GND3,7,3,0
GND,RF_SW_7,A,GND4,9,3,0
GND,RF_SW_7,A,GND5,11,3,0
GND,RF_SW_7,A,GND6,14,3,0
GND,RF_SW_7,A,GND7,16,3,0
GND,RF_SW_7,A,NC,1,3,0
GND,RF_SW_7,A,NC2,12,3,0
GND,RF_SW_7,A,NC3,13,3,0
GND,RF_SW_8,A,EP,17,3,0
GND,RF_SW_8,A,GND,2,3,0
GND,RF_SW_8,A,GND2,4,3,0
GND,RF_SW_8,A,GND3,7,3,0
GND,RF_SW_8,A,GND4,9,3,0
GND,RF_SW_8,A,GND5,11,3,0
GND,RF_SW_8,A,GND6,14,3,0
GND,RF_SW_8,A,GND7,16,3,0
GND,RF_SW_8,A,NC,1,3,0
GND,RF_SW_8,A,NC2,12,3,0
GND,RF_SW_8,A,NC3,13,3,0
GND,RF_SW_9,A,EP,17,3,0
GND,RF_SW_9,A,GND,2,3,0
GND,RF_SW_9,A,GND2,4,3,0
GND,RF_SW_9,A,GND3,7,3,0
GND,RF_SW_9,A,GND4,9,3,0
GND,RF_SW_9,A,GND5,11,3,0
GND,RF_SW_9,A,GND6,14,3,0
GND,RF_SW_9,A,GND7,16,3,0
GND,RF_SW_9,A,NC,1,3,0
GND,RF_SW_9,A,NC2,12,3,0
GND,RF_SW_9,A,NC3,13,3,0
GND,S1,G$1,1,1 2,2,0
GND,SJ1,G$1,1,1,3,0
GND,SV1,G$1,12,12,2,0
GND,SV1,G$1,14,14,2,0
GND,SV1,G$1,16,16,2,0
GND,SV1,G$1,18,18,2,0
GND,SV1,G$1,20,20,2,0
GND,U$1,A,EP,17,3,0
GND,U$1,A,GND,2,3,0
GND,U$1,A,GND2,4,3,0
GND,U$1,A,GND3,7,3,0
GND,U$1,A,GND4,9,3,0
GND,U$1,A,GND5,11,3,0
GND,U$1,A,GND6,14,3,0
GND,U$1,A,GND7,16,3,0
GND,U$1,A,NC,1,3,0
GND,U$1,A,NC2,12,3,0
GND,U$1,A,NC3,13,3,0
GND,U1,A,DRGND,48,3,0
GND,U1,A,DRGND_2,8,3,0
GND,U1,A,DRGND_3,23,3,0
GND,U1,A,EPAD,57,3,0
GND,U10,A,A0,12,4,0
GND,U10,A,A1,13,4,0
GND,U10,A,GND,9,4,0
GND,U11,A,GND,2,4,0
GND,U11,A,REF1,7,4,0
GND,U11,A,REF2,3,4,0
GND,U13,A,GND,12,3,0
GND,U13,A,GND_2,1,3,0
GND,U13,A,GND_3,4,3,0
GND,U13,A,GND_4,6,3,0
GND,U13,A,GND_5,8,3,0
GND,U13,A,GND_6,10,3,0
GND,U14,A,ANODE,2,3,0
GND,U15,A,CATHODE,1,3,0
GND,U16,A,GROUND,33,3,0
GND,U16,A,GROUND_10,30,3,0
GND,U16,A,GROUND_11,32,3,0
GND,U16,A,GROUND_2,9,3,0
GND,U16,A,GROUND_3,11,3,0
GND,U16,A,GROUND_4,13,3,0
GND,U16,A,GROUND_5,15,3,0
GND,U16,A,GROUND_6,20,3,0
GND,U16,A,GROUND_7,22,3,0
GND,U16,A,GROUND_8,26,3,0
GND,U16,A,GROUND_9,28,3,0
GND,U16,A,NOT_USED,1,3,0
GND,U16,A,NOT_USED_10,16,3,0
GND,U16,A,NOT_USED_11,17,3,0
GND,U16,A,NOT_USED_12,18,3,0
GND,U16,A,NOT_USED_13,19,3,0
GND,U16,A,NOT_USED_14,23,3,0
GND,U16,A,NOT_USED_15,24,3,0
GND,U16,A,NOT_USED_16,25,3,0
GND,U16,A,NOT_USED_17,29,3,0
GND,U16,A,NOT_USED_2,2,3,0
GND,U16,A,NOT_USED_3,3,3,0
GND,U16,A,NOT_USED_4,4,3,0
GND,U16,A,NOT_USED_5,5,3,0
GND,U16,A,NOT_USED_6,6,3,0
GND,U16,A,NOT_USED_7,7,3,0
GND,U16,A,NOT_USED_8,8,3,0
GND,U16,A,NOT_USED_9,12,3,0
GND,U17,A,ANODE,2,3,0
GND,U2,B,BOOT0,138,2,0
GND,U2,C,VSS,130,2,0
GND,U2,C,VSSA,31,2,0
GND,U2,C,VSS_2,16,2,0
GND,U2,C,VSS_3,38,2,0
GND,U2,C,VSS_4,51,2,0
GND,U2,C,VSS_5,61,2,0
GND,U2,C,VSS_6,83,2,0
GND,U2,C,VSS_7,94,2,0
GND,U2,C,VSS_8,107,2,0
GND,U2,C,VSS_9,120,2,0
GND,U3,A,DCOM,26,3,0
GND,U37,A,CATHODE,1,3,0
GND,U38,A,ANODE,2,3,0
GND,U39,A,CATHODE,1,3,0
GND,U4,A,EPAD,17,3,0
GND,U4,A,GND,12,3,0
GND,U4,A,GND_2,6,3,0
GND,U4,A,GND_3,7,3,0
GND,U4,A,GND_4,9,3,0
GND,U40,A,ANODE,2,3,0
GND,U41,A,CATHODE,1,3,0
GND,U42,G$1,DXN_0,K7,2,0
GND,U42,G$1,DXP_0,K8,2,0
GND,U42,G$1,GND,A1 A11 B8 C5 C15 D2 D12 E9 F6 F10 F16 G3 G9 G13 H6 J9 J11 K4 K6 K14 L1 L11 M8 N5 N15 P2 P12 R9 T6 T16,2,0
GND,U42,G$1,GNDADC_0,G7,2,0
GND,U42,G$1,VN_0,J7,2,0
GND,U42,G$1,VP_0,H8,2,0
GND,U42,G$1,VREFN_0,H7,2,0
GND,U43,A,ANODE,2,3,0
GND,U44,A,CATHODE,1,3,0
GND,U45,A,ANODE,2,3,0
GND,U46,A,CATHODE,1,3,0
GND,U47,A,ANODE,2,3,0
GND,U48,A,CATHODE,1,3,0
GND,U49,A,ANODE,2,3,0
GND,U5,A,GND,12,3,0
GND,U5,A,GND_2,1,3,0
GND,U5,A,GND_3,4,3,0
GND,U5,A,GND_4,6,3,0
GND,U5,A,GND_5,8,3,0
GND,U5,A,GND_6,10,3,0
GND,U50,A,CATHODE,1,3,0
GND,U51,A,ANODE,2,3,0
GND,U52,A,CATHODE,1,3,0
GND,U53,A,ANODE,2,3,0
GND,U54,A,CATHODE,1,3,0
GND,U55,A,ANODE,2,3,0
GND,U56,A,CATHODE,1,3,0
GND,U57,A,ANODE,2,3,0
GND,U58,A,CATHODE,1,3,0
GND,U59,A,ANODE,2,3,0
GND,U60,A,CATHODE,1,3,0
GND,U61,A,ANODE,2,3,0
GND,U62,A,CATHODE,1,3,0
GND,U63,A,ANODE,2,3,0
GND,U64,A,CATHODE,1,3,0
GND,U65,A,ANODE,2,3,0
GND,U66,A,CATHODE,1,3,0
GND,U67,A,ANODE,2,3,0
GND,U68,A,CATHODE,1,3,0
GND,U69,A,ADDR1,10,4,0
GND,U69,A,EPAD,25,4,0
GND,U69,A,GND,17,4,0
GND,U7,A,ADDR0,11,4,0
GND,U7,A,ADDR1,10,4,0
GND,U7,A,EPAD,25,4,0
GND,U7,A,GND,17,4,0
GND,U73,A,GND,2,4,0
GND,U73,A,REF1,7,4,0
GND,U73,A,REF2,3,4,0
GND,U74,A,GND,2,4,0
GND,U74,A,REF1,7,4,0
GND,U74,A,REF2,3,4,0
GND,U75,A,GND,2,4,0
GND,U75,A,REF1,7,4,0
GND,U75,A,REF2,3,4,0
GND,U76,A,GND,2,4,0
GND,U76,A,REF1,7,4,0
GND,U76,A,REF2,3,4,0
GND,U77,A,GND,2,4,0
GND,U77,A,REF1,7,4,0
GND,U77,A,REF2,3,4,0
GND,U78,A,GND,2,4,0
GND,U78,A,REF1,7,4,0
GND,U78,A,REF2,3,4,0
GND,U79,A,GND,2,4,0
GND,U79,A,REF1,7,4,0
GND,U79,A,REF2,3,4,0
GND,U8,A,EPAD,17,3,0
GND,U8,A,GND,12,3,0
GND,U8,A,GND_2,6,3,0
GND,U8,A,GND_3,7,3,0
GND,U8,A,GND_4,9,3,0
GND,U80,A,GND,2,4,0
GND,U80,A,REF1,7,4,0
GND,U80,A,REF2,3,4,0
GND,U81,A,GND,2,4,0
GND,U81,A,REF1,7,4,0
GND,U81,A,REF2,3,4,0
GND,U82,A,GND,2,4,0
GND,U82,A,REF1,7,4,0
GND,U82,A,REF2,3,4,0
GND,U83,A,GND,2,4,0
GND,U83,A,REF1,7,4,0
GND,U83,A,REF2,3,4,0
GND,U84,A,GND,2,4,0
GND,U84,A,REF1,7,4,0
GND,U84,A,REF2,3,4,0
GND,U85,A,GND,2,4,0
GND,U85,A,REF1,7,4,0
GND,U85,A,REF2,3,4,0
GND,U86,A,GND,2,4,0
GND,U86,A,REF1,7,4,0
GND,U86,A,REF2,3,4,0
GND,U87,A,GND,2,4,0
GND,U87,A,REF1,7,4,0
GND,U87,A,REF2,3,4,0
GND,U88,A,A0,12,4,0
GND,U88,A,GND,9,4,0
GND,U89,A,A1,13,4,0
GND,U89,A,GND,9,4,0
GND,U9,A,VSS,B3,2,0
GND,X1,-2,S,2,1,0
GND,X10,-2,S,2,1,0
GND,X11,-2,S,2,1,0
GND,X12,-2,S,2,1,0
GND,X13,-2,S,2,1,0
GND,X14,-2,S,2,1,0
GND,X15,-2,S,2,1,0
GND,X16,-2,S,2,1,0
GND,X17,-2,S,2,1,0
GND,X18,-2,S,2,1,0
GND,X19,-2,S,2,1,0
GND,X20,-2,S,2,1,0
GND,X21,-2,S,2,1,0
GND,X22,-2,S,2,1,0
GND,X24,-2,S,2,1,0
GND,X3,-3,S,3,4,0
GND,X38,-3,S,3,4,0
GND,X39,-3,S,3,4,0
GND,X4,-2,S,2,1,0
GND,X40,-3,S,3,4,0
GND,X41,-3,S,3,4,0
GND,X42,-3,S,3,4,0
GND,X43,-3,S,3,4,0
GND,X44,-3,S,3,4,0
GND,X45,-3,S,3,4,0
GND,X46,-3,S,3,4,0
GND,X47,-3,S,3,4,0
GND,X48,-3,S,3,4,0
GND,X49,-3,S,3,4,0
GND,X5,-2,S,2,1,0
GND,X50,-3,S,3,4,0
GND,X51,-3,S,3,4,0
GND,X52,-3,S,3,4,0
GND,X53,G$1,5,5,2,0
GND,X54,-2,S,2,1,0
GND,X55,-2,S,2,1,0
GND,X56,-2,S,2,1,0
GND,X6,-2,S,2,1,0
GND,X7,-2,S,2,1,0
GND,X8,-2,S,2,1,0
GND,X9,-2,S,2,1,0
GND,X_1,-2,S,2,4,0
GND,X_10,-2,S,2,4,0
GND,X_11,-2,S,2,4,0
GND,X_12,-2,S,2,4,0
GND,X_13,-2,S,2,4,0
GND,X_14,-2,S,2,4,0
GND,X_15,-2,S,2,4,0
GND,X_16,-2,S,2,4,0
GND,X_2,-2,S,2,4,0
GND,X_3,-2,S,2,4,0
GND,X_4,-2,S,2,4,0
GND,X_5,-2,S,2,4,0
GND,X_6,-2,S,2,4,0
GND,X_7,-2,S,2,4,0
GND,X_8,-2,S,2,4,0
GND,X_9,-2,S,2,4,0
GYR_INT,JP7,A,8,8,2,0
GYR_INT,U2,A,PC8,98,2,0
LNA_BIAS_1,ADAR1_,A,LNA_BIAS,A11,3,0
LNA_BIAS_1,ADTR1107_1,A,VGG_LNA,23,3,0
LNA_BIAS_1,ADTR1107_2,A,VGG_LNA,23,3,0
LNA_BIAS_1,ADTR1107_3,A,VGG_LNA,23,3,0
LNA_BIAS_1,ADTR1107_4,A,VGG_LNA,23,3,0
LNA_BIAS_2,ADAR2_,A,LNA_BIAS,A11,3,0
LNA_BIAS_2,ADTR1107_5,A,VGG_LNA,23,3,0
LNA_BIAS_2,ADTR1107_6,A,VGG_LNA,23,3,0
LNA_BIAS_2,ADTR1107_7,A,VGG_LNA,23,3,0
LNA_BIAS_2,ADTR1107_8,A,VGG_LNA,23,3,0
LNA_BIAS_3,ADAR3_,A,LNA_BIAS,A11,3,0
LNA_BIAS_3,ADTR1107_10,A,VGG_LNA,23,3,0
LNA_BIAS_3,ADTR1107_11,A,VGG_LNA,23,3,0
LNA_BIAS_3,ADTR1107_12,A,VGG_LNA,23,3,0
LNA_BIAS_3,ADTR1107_9,A,VGG_LNA,23,3,0
LNA_BIAS_4,ADAR4_,A,LNA_BIAS,A11,3,0
LNA_BIAS_4,ADTR1107_13,A,VGG_LNA,23,3,0
LNA_BIAS_4,ADTR1107_14,A,VGG_LNA,23,3,0
LNA_BIAS_4,ADTR1107_15,A,VGG_LNA,23,3,0
LNA_BIAS_4,ADTR1107_16,A,VGG_LNA,23,3,0
M3S_VCTRL,RF_SW_1,A,VCTRL,6,3,0
M3S_VCTRL,RF_SW_10,A,VCTRL,6,3,0
M3S_VCTRL,RF_SW_11,A,VCTRL,6,3,0
M3S_VCTRL,RF_SW_12,A,VCTRL,6,3,0
M3S_VCTRL,RF_SW_13,A,VCTRL,6,3,0
M3S_VCTRL,RF_SW_14,A,VCTRL,6,3,0
M3S_VCTRL,RF_SW_15,A,VCTRL,6,3,0
M3S_VCTRL,RF_SW_16,A,VCTRL,6,3,0
M3S_VCTRL,RF_SW_2,A,VCTRL,6,3,0
M3S_VCTRL,RF_SW_3,A,VCTRL,6,3,0
M3S_VCTRL,RF_SW_4,A,VCTRL,6,3,0
M3S_VCTRL,RF_SW_5,A,VCTRL,6,3,0
M3S_VCTRL,RF_SW_6,A,VCTRL,6,3,0
M3S_VCTRL,RF_SW_7,A,VCTRL,6,3,0
M3S_VCTRL,RF_SW_8,A,VCTRL,6,3,0
M3S_VCTRL,RF_SW_9,A,VCTRL,6,3,0
M3S_VCTRL,U$1,A,VCTRL,6,3,0
M3S_VCTRL,U42,G$3,IO_L24N_T3_RS0_15,G15,2,0
MAG_DRDY,JP7,A,6,6,2,0
MAG_DRDY,U2,A,PC6,96,2,0
MIX_RX_EN,U13,A,EN,7,3,0
MIX_RX_EN,U42,G$3,IO_L14N_T2_SRCC_15,D11,2,0
MIX_RX_N,C270,G$1,2,2,3,1
MIX_RX_N,U13,A,IF,3,3,1
MIX_RX_P,C268,G$1,2,2,3,1
MIX_RX_P,U13,A,IF+,2,3,1
MIX_TX_EN,U42,G$3,IO_L11P_T1_SRCC_15,C11,2,0
MIX_TX_EN,U5,A,EN,7,3,0
N$1,R123,G$1,1,1,4,0
N$1,U69,A,ADDR0,11,4,0
N$10,R23,G$1,2,2,3,0
N$10,U3,A,DB7,1,3,0
N$100,C72,G$1,1,1,3,2
N$100,RF_SW_3,A,RFC,15,3,2
N$101,C141,G$1,2,2,3,0
N$101,L25,G$1,2,2,3,0
N$101,L27,G$1,1,1,3,0
N$102,C56,G$1,2,2,3,0
N$102,U8,A,VCM,14,3,0
N$103,R34,G$1,2,2,3,0
N$103,U8,A,VIP,16,3,0
N$104,C51,G$1,1,1,3,0
N$104,U8,A,VOP,11,3,0
N$105,C52,G$1,1,1,3,0
N$105,U8,A,VON,10,3,0
N$106,R138,G$1,2,2,2,0
N$106,U42,G$1,M0_0,M9,2,0
N$107,R139,G$1,2,2,2,0
N$107,U42,G$1,M1_0,M10,2,0
N$108,R140,G$1,2,2,2,0
N$108,U42,G$1,M2_0,M11,2,0
N$109,R141,G$1,2,2,2,0
N$109,U42,G$1,PROGRAM_B_0,L9,2,0
N$11,R24,G$1,2,2,3,0
N$11,U3,A,DB6,2,3,0
N$110,C53,G$1,2,2,3,0
N$110,R20,G$1,1,1,3,0
N$110,R21,G$1,2,2,3,0
N$111,C57,G$1,2,2,3,0
N$111,R35,G$1,2,2,3,0
N$112,C58,G$1,1,1,3,0
N$112,R34,G$1,1,1,3,0
N$113,C63,G$1,1,1,3,0
N$113,C64,G$1,2,2,3,0
N$113,L3,G$1,1,1,3,0
N$113,L8,G$1,2,2,3,0
N$114,R142,G$1,2,2,2,0
N$114,U42,G$1,CFGBVS_0,E7,2,0
N$115,R144,G$1,1,1,2,0
N$115,U42,G$1,DONE_0,H10,2,0
N$116,R143,G$1,1,1,2,0
N$116,U42,G$1,INIT_B_0,K10,2,0
N$12,R25,G$1,2,2,3,0
N$12,U3,A,DB5,3,3,0
N$125,C63,G$1,2,2,3,0
N$125,C65,G$1,2,2,3,0
N$125,L4,G$1,1,1,3,0
N$125,L8,G$1,1,1,3,0
N$127,C71,G$1,1,1,3,2
N$127,RF_SW_3,A,RFOUT2,10,3,2
N$128,C70,G$1,1,1,3,2
N$128,J25,G$1,1,1,3,2
N$129,C71,G$1,2,2,3,2
N$129,J24,G$1,1,1,3,2
N$13,R26,G$1,2,2,3,0
N$13,U3,A,DB4,4,3,0
N$130,C126,G$1,2,2,3,2
N$130,RF_SW_1,A,RFOUT1,3,3,2
N$131,C129,G$1,1,1,3,2
N$131,RF_SW_1,A,RFC,15,3,2
N$132,C128,G$1,1,1,3,2
N$132,RF_SW_1,A,RFOUT2,10,3,2
N$133,C126,G$1,1,1,3,2
N$133,J27,G$1,1,1,3,2
N$134,C128,G$1,2,2,3,2
N$134,J26,G$1,1,1,3,2
N$135,C134,G$1,2,2,3,2
N$135,RF_SW_2,A,RFOUT1,3,3,2
N$136,C136,G$1,1,1,3,2
N$136,RF_SW_2,A,RFC,15,3,2
N$137,C135,G$1,1,1,3,2
N$137,RF_SW_2,A,RFOUT2,10,3,2
N$138,C134,G$1,1,1,3,2
N$138,J29,G$1,1,1,3,2
N$139,C135,G$1,2,2,3,2
N$139,J28,G$1,1,1,3,2
N$14,R27,G$1,2,2,3,0
N$14,U3,A,DB3,5,3,0
N$140,C142,G$1,2,2,3,2
N$140,RF_SW_4,A,RFOUT1,3,3,2
N$141,C144,G$1,1,1,3,2
N$141,RF_SW_4,A,RFC,15,3,2
N$142,C143,G$1,1,1,3,2
N$142,RF_SW_4,A,RFOUT2,10,3,2
N$143,C142,G$1,1,1,3,2
N$143,J31,G$1,1,1,3,2
N$144,C143,G$1,2,2,3,2
N$144,J30,G$1,1,1,3,2
N$145,C149,G$1,2,2,3,2
N$145,RF_SW_7,A,RFOUT1,3,3,2
N$146,C151,G$1,1,1,3,2
N$146,RF_SW_7,A,RFC,15,3,2
N$147,C150,G$1,1,1,3,2
N$147,RF_SW_7,A,RFOUT2,10,3,2
N$148,C149,G$1,1,1,3,2
N$148,J33,G$1,1,1,3,2
N$149,C150,G$1,2,2,3,2
N$149,J32,G$1,1,1,3,2
N$15,C43,G$1,1,1,3,0
N$15,R15,G$1,1,1,3,0
N$15,U4,A,RDN,4,3,0
N$150,C163,G$1,2,2,3,2
N$150,RF_SW_5,A,RFOUT1,3,3,2
N$151,C166,G$1,1,1,3,2
N$151,RF_SW_5,A,RFC,15,3,2
N$152,C165,G$1,1,1,3,2
N$152,RF_SW_5,A,RFOUT2,10,3,2
N$153,C163,G$1,1,1,3,2
N$153,J35,G$1,1,1,3,2
N$154,C165,G$1,2,2,3,2
N$154,J34,G$1,1,1,3,2
N$155,C171,G$1,2,2,3,2
N$155,RF_SW_6,A,RFOUT1,3,3,2
N$156,C173,G$1,1,1,3,2
N$156,RF_SW_6,A,RFC,15,3,2
N$157,C172,G$1,1,1,3,2
N$157,RF_SW_6,A,RFOUT2,10,3,2
N$158,C171,G$1,1,1,3,2
N$158,J37,G$1,1,1,3,2
N$159,C172,G$1,2,2,3,2
N$159,J36,G$1,1,1,3,2
N$16,R28,G$1,2,2,3,0
N$16,U3,A,DB2,6,3,0
N$160,C197,G$1,2,2,3,2
N$160,RF_SW_8,A,RFOUT1,3,3,2
N$161,C199,G$1,1,1,3,2
N$161,RF_SW_8,A,RFC,15,3,2
N$162,C198,G$1,1,1,3,2
N$162,RF_SW_8,A,RFOUT2,10,3,2
N$163,C197,G$1,1,1,3,2
N$163,J39,G$1,1,1,3,2
N$164,C198,G$1,2,2,3,2
N$164,J38,G$1,1,1,3,2
N$165,C204,G$1,2,2,3,2
N$165,RF_SW_10,A,RFOUT1,3,3,2
N$166,C206,G$1,1,1,3,2
N$166,RF_SW_10,A,RFC,15,3,2
N$167,C205,G$1,1,1,3,2
N$167,RF_SW_10,A,RFOUT2,10,3,2
N$168,C204,G$1,1,1,3,2
N$168,J41,G$1,1,1,3,2
N$169,C205,G$1,2,2,3,2
N$169,J40,G$1,1,1,3,2
N$17,R38,G$1,2,2,3,0
N$17,U1,A,VREF,31,3,0
N$170,C211,G$1,2,2,3,2
N$170,RF_SW_12,A,RFOUT1,3,3,2
N$171,C213,G$1,1,1,3,2
N$171,RF_SW_12,A,RFC,15,3,2
N$172,C212,G$1,1,1,3,2
N$172,RF_SW_12,A,RFOUT2,10,3,2
N$173,C211,G$1,1,1,3,2
N$173,J43,G$1,1,1,3,2
N$174,C212,G$1,2,2,3,2
N$174,J42,G$1,1,1,3,2
N$175,C218,G$1,2,2,3,2
N$175,RF_SW_11,A,RFOUT1,3,3,2
N$176,C220,G$1,1,1,3,2
N$176,RF_SW_11,A,RFC,15,3,2
N$177,C219,G$1,1,1,3,2
N$177,RF_SW_11,A,RFOUT2,10,3,2
N$178,C218,G$1,1,1,3,2
N$178,J45,G$1,1,1,3,2
N$179,C219,G$1,2,2,3,2
N$179,J44,G$1,1,1,3,2
N$18,R29,G$1,2,2,3,0
N$18,U3,A,DB1,7,3,0
N$180,C225,G$1,2,2,3,2
N$180,RF_SW_9,A,RFOUT1,3,3,2
N$181,C227,G$1,1,1,3,2
N$181,RF_SW_9,A,RFC,15,3,2
N$182,C226,G$1,1,1,3,2
N$182,RF_SW_9,A,RFOUT2,10,3,2
N$183,C225,G$1,1,1,3,2
N$183,J47,G$1,1,1,3,2
N$184,C226,G$1,2,2,3,2
N$184,J46,G$1,1,1,3,2
N$185,C232,G$1,2,2,3,2
N$185,RF_SW_14,A,RFOUT1,3,3,2
N$186,C234,G$1,1,1,3,2
N$186,RF_SW_14,A,RFC,15,3,2
N$187,C233,G$1,1,1,3,2
N$187,RF_SW_14,A,RFOUT2,10,3,2
N$188,C232,G$1,1,1,3,2
N$188,J49,G$1,1,1,3,2
N$189,C233,G$1,2,2,3,2
N$189,J48,G$1,1,1,3,2
N$19,R30,G$1,2,2,3,0
N$19,U3,A,DB0,8,3,0
N$190,C239,G$1,2,2,3,2
N$190,RF_SW_16,A,RFOUT1,3,3,2
N$191,C241,G$1,1,1,3,2
N$191,RF_SW_16,A,RFC,15,3,2
N$192,C240,G$1,1,1,3,2
N$192,RF_SW_16,A,RFOUT2,10,3,2
N$193,C239,G$1,1,1,3,2
N$193,J51,G$1,1,1,3,2
N$194,C240,G$1,2,2,3,2
N$194,J50,G$1,1,1,3,2
N$195,C246,G$1,2,2,3,2
N$195,RF_SW_15,A,RFOUT1,3,3,2
N$196,C248,G$1,1,1,3,2
N$196,RF_SW_15,A,RFC,15,3,2
N$197,C247,G$1,1,1,3,2
N$197,RF_SW_15,A,RFOUT2,10,3,2
N$198,C246,G$1,1,1,3,2
N$198,J53,G$1,1,1,3,2
N$199,C247,G$1,2,2,3,2
N$199,J52,G$1,1,1,3,2
N$20,C272,G$1,1,1,3,2
N$20,U5,A,LO,11,3,2
N$200,C253,G$1,2,2,3,2
N$200,RF_SW_13,A,RFOUT1,3,3,2
N$201,C255,G$1,1,1,3,2
N$201,RF_SW_13,A,RFC,15,3,2
N$202,C254,G$1,1,1,3,2
N$202,RF_SW_13,A,RFOUT2,10,3,2
N$203,C253,G$1,1,1,3,2
N$203,J55,G$1,1,1,3,2
N$204,C254,G$1,2,2,3,2
N$204,J54,G$1,1,1,3,2
N$205,R43,G$1,2,2,4,0
N$205,U69,A,TWOC,21,4,0
N$206,OPA_4,A,INA-,2,4,0
N$206,R85,G$1,1,1,4,0
N$206,R89,G$1,1,1,4,0
N$207,U11,A,IN+,8,4,0
N$207,X3,-1,S,1,4,0
N$208,OPA_4,A,INB-,6,4,0
N$208,R86,G$1,1,1,4,0
N$208,R90,G$1,1,1,4,0
N$209,U11,A,IN-,1,4,0
N$209,X3,-2,S,2,4,0
N$21,C83,G$1,2,2,3,2
N$21,U$1,A,RFOUT1,3,3,2
N$210,R124,G$1,2,2,4,0
N$210,U11,A,OUT,5,4,0
N$211,C261,G$1,2,2,4,0
N$211,R124,G$1,1,1,4,0
N$211,U10,A,CH0,1,4,0
N$212,U73,A,IN+,8,4,0
N$212,X38,-1,S,1,4,0
N$213,OPA_4,A,INC-,9,4,0
N$213,R87,G$1,2,2,4,0
N$213,R91,G$1,2,2,4,0
N$214,U73,A,IN-,1,4,0
N$214,X38,-2,S,2,4,0
N$215,R125,G$1,2,2,4,0
N$215,U73,A,OUT,5,4,0
N$216,OPA_4,A,IND-,13,4,0
N$216,R88,G$1,2,2,4,0
N$216,R92,G$1,2,2,4,0
N$217,C263,G$1,2,2,4,0
N$217,R125,G$1,1,1,4,0
N$217,U10,A,CH1,2,4,0
N$218,U74,A,IN+,8,4,0
N$218,X39,-1,S,1,4,0
N$219,U74,A,IN-,1,4,0
N$219,X39,-2,S,2,4,0
N$22,R33,G$1,1,1,3,0
N$22,U3,A,FSADJ,18,3,0
N$220,R126,G$1,2,2,4,0
N$220,U74,A,OUT,5,4,0
N$221,R41,G$1,2,2,4,0
N$221,U7,A,TWOC,21,4,0
N$222,OPA_2,A,INA-,2,4,0
N$222,R59,G$1,1,1,4,0
N$222,R95,G$1,1,1,4,0
N$223,C265,G$1,2,2,4,0
N$223,R126,G$1,1,1,4,0
N$223,U10,A,CH2,3,4,0
N$224,OPA_2,A,INB-,6,4,0
N$224,R82,G$1,1,1,4,0
N$224,R96,G$1,1,1,4,0
N$225,U75,A,IN+,8,4,0
N$225,X40,-1,S,1,4,0
N$226,U75,A,IN-,1,4,0
N$226,X40,-2,S,2,4,0
N$227,R127,G$1,2,2,4,0
N$227,U75,A,OUT,5,4,0
N$228,OPA_2,A,INC-,9,4,0
N$228,R93,G$1,2,2,4,0
N$228,R97,G$1,2,2,4,0
N$229,C267,G$1,2,2,4,0
N$229,R127,G$1,1,1,4,0
N$229,U10,A,CH3,4,4,0
N$23,C272,G$1,2,2,3,2
N$23,J23,G$1,1,1,3,2
N$230,U76,A,IN+,8,4,0
N$230,X41,-1,S,1,4,0
N$231,OPA_2,A,IND-,13,4,0
N$231,R94,G$1,2,2,4,0
N$231,R98,G$1,2,2,4,0
N$232,U76,A,IN-,1,4,0
N$232,X41,-2,S,2,4,0
N$233,R128,G$1,2,2,4,0
N$233,U76,A,OUT,5,4,0
N$234,C269,G$1,2,2,4,0
N$234,R128,G$1,1,1,4,0
N$234,U10,A,CH4,5,4,0
N$235,U77,A,IN+,8,4,0
N$235,X42,-1,S,1,4,0
N$236,U77,A,IN-,1,4,0
N$236,X42,-2,S,2,4,0
N$237,R129,G$1,2,2,4,0
N$237,U77,A,OUT,5,4,0
N$238,OPA_3,A,INA-,2,4,0
N$238,R103,G$1,1,1,4,0
N$238,R99,G$1,1,1,4,0
N$239,C271,G$1,2,2,4,0
N$239,R129,G$1,1,1,4,0
N$239,U10,A,CH5,6,4,0
N$24,C274,G$1,2,2,3,2
N$24,J22,G$1,1,1,3,2
N$240,OPA_3,A,INB-,6,4,0
N$240,R100,G$1,1,1,4,0
N$240,R104,G$1,1,1,4,0
N$241,U78,A,IN+,8,4,0
N$241,X43,-1,S,1,4,0
N$242,U78,A,IN-,1,4,0
N$242,X43,-2,S,2,4,0
N$243,R130,G$1,2,2,4,0
N$243,U78,A,OUT,5,4,0
N$244,OPA_3,A,INC-,9,4,0
N$244,R101,G$1,2,2,4,0
N$244,R105,G$1,2,2,4,0
N$245,C273,G$1,2,2,4,0
N$245,R130,G$1,1,1,4,0
N$245,U10,A,CH6,7,4,0
N$246,U79,A,IN+,8,4,0
N$246,X44,-1,S,1,4,0
N$247,OPA_3,A,IND-,13,4,0
N$247,R102,G$1,2,2,4,0
N$247,R106,G$1,2,2,4,0
N$248,U79,A,IN-,1,4,0
N$248,X44,-2,S,2,4,0
N$249,R131,G$1,2,2,4,0
N$249,U79,A,OUT,5,4,0
N$25,R51,G$1,1,1,2,2
N$25,U9,A,C,B2,2,2
N$250,C275,G$1,2,2,4,0
N$250,R131,G$1,1,1,4,0
N$250,U10,A,CH7,8,4,0
N$251,C277,G$1,1,1,4,0
N$251,U10,A,REFIN/REFOUT,10,4,0
N$252,C276,G$1,1,1,4,0
N$252,R132,G$1,2,2,4,0
N$252,U10,A,VDD+,16,4,0
N$253,C278,G$1,1,1,4,0
N$253,U10,A,COM,11,4,0
N$254,OPA_1,A,INA-,2,4,0
N$254,R107,G$1,1,1,4,0
N$254,R119,G$1,1,1,4,0
N$255,U80,A,IN+,8,4,0
N$255,X45,-1,S,1,4,0
N$256,OPA_1,A,INB-,6,4,0
N$256,R108,G$1,1,1,4,0
N$256,R120,G$1,1,1,4,0
N$257,U80,A,IN-,1,4,0
N$257,X45,-2,S,2,4,0
N$258,R133,G$1,2,2,4,0
N$258,U80,A,OUT,5,4,0
N$259,C280,G$1,2,2,4,0
N$259,R133,G$1,1,1,4,0
N$259,U88,A,CH0,1,4,0
N$26,C85,G$1,1,1,3,0
N$26,U$1,A,RFC,15,3,0
N$260,OPA_1,A,INC-,9,4,0
N$260,R109,G$1,2,2,4,0
N$260,R121,G$1,2,2,4,0
N$261,U81,A,IN+,8,4,0
N$261,X46,-1,S,1,4,0
N$262,U81,A,IN-,1,4,0
N$262,X46,-2,S,2,4,0
N$263,OPA_1,A,IND-,13,4,0
N$263,R118,G$1,2,2,4,0
N$263,R122,G$1,2,2,4,0
N$264,R134,G$1,2,2,4,0
N$264,U81,A,OUT,5,4,0
N$265,C282,G$1,2,2,4,0
N$265,R134,G$1,1,1,4,0
N$265,U88,A,CH1,2,4,0
N$266,U82,A,IN+,8,4,0
N$266,X47,-1,S,1,4,0
N$267,U82,A,IN-,1,4,0
N$267,X47,-2,S,2,4,0
N$268,R135,G$1,2,2,4,0
N$268,U82,A,OUT,5,4,0
N$269,C284,G$1,2,2,4,0
N$269,R135,G$1,1,1,4,0
N$269,U88,A,CH2,3,4,0
N$270,U83,A,IN+,8,4,0
N$270,X48,-1,S,1,4,0
N$271,U83,A,IN-,1,4,0
N$271,X48,-2,S,2,4,0
N$272,R136,G$1,2,2,4,0
N$272,U83,A,OUT,5,4,0
N$273,C286,G$1,2,2,4,0
N$273,R136,G$1,1,1,4,0
N$273,U88,A,CH3,4,4,0
N$274,U84,A,IN+,8,4,0
N$274,X49,-1,S,1,4,0
N$275,U84,A,IN-,1,4,0
N$275,X49,-2,S,2,4,0
N$276,R137,G$1,2,2,4,0
N$276,U84,A,OUT,5,4,0
N$277,C288,G$1,2,2,4,0
N$277,R137,G$1,1,1,4,0
N$277,U88,A,CH4,5,4,0
N$278,U85,A,IN+,8,4,0
N$278,X50,-1,S,1,4,0
N$279,U85,A,IN-,1,4,0
N$279,X50,-2,S,2,4,0
N$280,R147,G$1,2,2,4,0
N$280,U85,A,OUT,5,4,0
N$281,C290,G$1,2,2,4,0
N$281,R147,G$1,1,1,4,0
N$281,U88,A,CH5,6,4,0
N$282,U86,A,IN+,8,4,0
N$282,X51,-1,S,1,4,0
N$283,U86,A,IN-,1,4,0
N$283,X51,-2,S,2,4,0
N$284,R148,G$1,2,2,4,0
N$284,U86,A,OUT,5,4,0
N$285,C292,G$1,2,2,4,0
N$285,R148,G$1,1,1,4,0
N$285,U88,A,CH6,7,4,0
N$286,U87,A,IN+,8,4,0
N$286,X52,-1,S,1,4,0
N$287,U87,A,IN-,1,4,0
N$287,X52,-2,S,2,4,0
N$288,R149,G$1,2,2,4,0
N$288,U87,A,OUT,5,4,0
N$289,C294,G$1,2,2,4,0
N$289,R149,G$1,1,1,4,0
N$289,U88,A,CH7,8,4,0
N$290,C295,G$1,1,1,4,0
N$290,U88,A,REFIN/REFOUT,10,4,0
N$291,C296,G$1,1,1,4,0
N$291,R150,G$1,2,2,4,0
N$291,R151,G$1,2,2,4,0
N$291,U88,A,VDD+,16,4,0
N$292,C297,G$1,1,1,4,0
N$292,U88,A,COM,11,4,0
N$293,R151,G$1,1,1,4,0
N$293,U88,A,A1,13,4,0
N$294,R153,G$1,1,1,4,0
N$294,U89,A,A0,12,4,0
N$295,JP5,A,2,2,4,0
N$295,U89,A,CH3,4,4,0
N$296,JP6,A,2,2,4,0
N$296,U89,A,CH4,5,4,0
N$297,JP19,A,2,2,4,0
N$297,U89,A,CH0,1,4,0
N$298,JP12,A,2,2,4,0
N$298,U89,A,CH6,7,4,0
N$299,JP14,A,2,2,4,0
N$299,U89,A,CH1,2,4,0
N$2_N,C2,G$1,2,2,3,1
N$2_N,J21,G$1,2,2,3,1
N$2_P,C1,G$1,2,2,3,1
N$2_P,J21,G$1,1,1,3,1
N$300,C60,G$1,1,1,3,0
N$300,C61,G$1,2,2,3,0
N$300,L2,G$1,2,2,3,0
N$300,L24,G$1,1,1,3,0
N$301,JP16,A,2,2,4,0
N$301,U89,A,CH7,8,4,0
N$302,C299,G$1,1,1,4,0
N$302,U89,A,REFIN/REFOUT,10,4,0
N$303,C300,G$1,1,1,4,0
N$303,R152,G$1,2,2,4,0
N$303,R153,G$1,2,2,4,0
N$303,U89,A,VDD+,16,4,0
N$304,C301,G$1,1,1,4,0
N$304,U89,A,COM,11,4,0
N$305,C60,G$1,2,2,3,0
N$305,C62,G$1,2,2,3,0
N$305,L2,G$1,1,1,3,0
N$305,L28,G$1,1,1,3,0
N$306,JP11,A,2,2,4,0
N$306,U89,A,CH5,6,4,0
N$307,JP15,A,2,2,4,0
N$307,U89,A,CH2,3,4,0
N$308,C268,G$1,1,1,3,2
N$308,L24,G$1,2,2,3,2
N$309,C270,G$1,1,1,3,2
N$309,L28,G$1,2,2,3,2
N$32,JP3,A,1,1,2,0
N$32,R49,G$1,2,2,2,0
N$33,JP3,A,3,3,2,0
N$33,R62,G$1,2,2,2,0
N$34,JP3,A,5,5,2,0
N$34,R63,G$1,2,2,2,0
N$35,R14,G$1,1,1,3,0
N$35,U4,A,RGN,3,3,0
N$36,JP3,A,7,7,2,0
N$36,R64,G$1,2,2,2,0
N$37,C38,G$1,1,1,3,0
N$37,U3,A,COMP2,23,3,0
N$38,C84,G$1,1,1,3,2
N$38,U$1,A,RFOUT2,10,3,2
N$39,ADAR1_,A,PA_ON,B3,3,0
N$39,R45,G$1,1,1,3,0
N$4,C3,G$1,1,1,3,0
N$4,R1,G$1,1,1,3,0
N$4,U1,A,VIN-,36,3,0
N$40,ADAR2_,A,PA_ON,B3,3,0
N$40,R48,G$1,1,1,3,0
N$41,R36,G$1,1,1,3,0
N$41,R37,G$1,2,2,3,0
N$41,U1,A,PWDN,29,3,0
N$42,ADAR2_,A,CREG2,M9,3,0
N$42,C87,G$1,1,1,3,0
N$43,C3,G$1,2,2,3,0
N$43,R13,G$1,1,1,3,0
N$43,U1,A,VIN+,35,3,0
N$44,U1,A,CML,40,3,0
N$45,ADAR2_,A,CREG1,M8,3,0
N$45,C86,G$1,1,1,3,0
N$46,ADAR2_,A,CREG3,N10,3,0
N$46,C92,G$1,1,1,3,0
N$48,R14,G$1,2,2,3,0
N$48,U4,A,RGP,2,3,0
N$49,R19,G$1,1,1,3,0
N$49,U4,A,VIN,5,3,0
N$5,C43,G$1,2,2,3,0
N$5,R15,G$1,2,2,3,0
N$5,U4,A,RDP,1,3,0
N$50,R18,G$1,2,2,3,0
N$50,U4,A,VIP,16,3,0
N$51,C47,G$1,2,2,3,0
N$51,U4,A,VCM,14,3,0
N$52,R110,G$1,2,2,2,0
N$52,U2,B,PF12,50,2,0
N$53,ADAR2_,A,CREG4,N9,3,0
N$53,C93,G$1,1,1,3,0
N$56,C44,G$1,1,1,3,0
N$56,U4,A,VOP,11,3,0
N$57,ADAR3_,A,PA_ON,B3,3,0
N$57,R72,G$1,1,1,3,0
N$58,C61,G$1,1,1,3,0
N$58,L3,G$1,2,2,3,0
N$59,ADAR3_,A,CREG2,M9,3,0
N$59,C95,G$1,1,1,3,0
N$6,SJ1,G$1,2,2,3,0
N$6,U1,A,SCLK/DFS,26,3,0
N$60,ADAR3_,A,CREG1,M8,3,0
N$60,C94,G$1,1,1,3,0
N$61,ADAR3_,A,CREG3,N10,3,0
N$61,C96,G$1,1,1,3,0
N$62,C62,G$1,1,1,3,0
N$62,L4,G$1,2,2,3,0
N$63,ADAR3_,A,CREG4,N9,3,0
N$63,C97,G$1,1,1,3,0
N$64,ADAR4_,A,PA_ON,B3,3,0
N$64,R75,G$1,1,1,3,0
N$65,C45,G$1,1,1,3,0
N$65,U4,A,VON,10,3,0
N$66,ADAR1_,A,CREG4,N9,3,0
N$66,C91,G$1,1,1,3,0
N$67,C46,G$1,2,2,3,0
N$67,R16,G$1,1,1,3,0
N$67,R17,G$1,2,2,3,0
N$68,ADAR4_,A,CREG2,M9,3,0
N$68,C99,G$1,1,1,3,0
N$69,ADAR4_,A,CREG1,M8,3,0
N$69,C98,G$1,1,1,3,0
N$7,C23,G$1,1,1,2,0
N$7,U2,C,VCAP_1,71,2,0
N$70,ADAR4_,A,CREG3,N10,3,0
N$70,C100,G$1,1,1,3,0
N$71,C64,G$1,1,1,3,0
N$71,L9,G$1,2,2,3,0
N$72,C274,G$1,1,1,3,2
N$72,U13,A,LO,11,3,2
N$73,C48,G$1,2,2,3,0
N$73,R19,G$1,2,2,3,0
N$74,C70,G$1,2,2,3,2
N$74,RF_SW_3,A,RFOUT1,3,3,2
N$75,ADAR4_,A,CREG4,N9,3,0
N$75,C101,G$1,1,1,3,0
N$76,ADAR1_,A,CREG2,M9,3,0
N$76,C89,G$1,1,1,3,0
N$77,ADAR1_,A,CREG1,M8,3,0
N$77,C88,G$1,1,1,3,0
N$78,C49,G$1,1,1,3,0
N$78,R18,G$1,1,1,3,0
N$79,ADAR1_,A,CREG3,N10,3,0
N$79,C90,G$1,1,1,3,0
N$8,C22,G$1,1,1,2,0
N$8,U2,C,VCAP_2,106,2,0
N$80,ADAR2_,A,ADDR1,N5,3,0
N$80,R55,G$1,1,1,3,0
N$80,R78,G$1,2,2,3,0
N$81,ADAR3_,A,ADDR0,N4,3,0
N$81,R56,G$1,1,1,3,0
N$81,R79,G$1,2,2,3,0
N$82,C65,G$1,1,1,3,0
N$82,L10,G$1,2,2,3,0
N$83,ADAR4_,A,ADDR1,N5,3,0
N$83,R58,G$1,1,1,3,0
N$83,R81,G$1,2,2,3,0
N$84,ADAR4_,A,ADDR0,N4,3,0
N$84,R57,G$1,1,1,3,0
N$84,R80,G$1,2,2,3,0
N$85,C54,G$1,2,2,3,0
N$85,R32,G$1,2,2,3,0
N$85,U8,A,RDP,1,3,0
N$86,C54,G$1,1,1,3,0
N$86,R32,G$1,1,1,3,0
N$86,U8,A,RDN,4,3,0
N$87,R22,G$1,1,1,3,0
N$87,U8,A,RGN,3,3,0
N$88,R22,G$1,2,2,3,0
N$88,U8,A,RGP,2,3,0
N$89,R35,G$1,1,1,3,0
N$89,U8,A,VIN,5,3,0
N$9,C24,G$1,1,1,2,0
N$9,L5,G$1,1,1,2,0
N$9,U2,C,VDDA,33,2,0
N$9,U2,C,VREF+,32,2,0
N$91,R112,G$1,2,2,2,0
N$91,U2,B,PF13,53,2,0
N$92,D3,G$1,A,A,2,0
N$92,R114,G$1,1,1,2,0
N$93,R113,G$1,2,2,2,0
N$93,U2,B,PF14,54,2,0
N$94,R114,G$1,2,2,2,0
N$94,U2,B,PF15,55,2,0
N$95,D2,G$1,A,A,2,0
N$95,R113,G$1,1,1,2,0
N$96,C39,G$1,1,1,3,0
N$96,U3,A,COMP1,19,3,0
N$97,D4,G$1,A,A,2,0
N$97,R112,G$1,1,1,2,0
N$98,D5,G$1,A,A,2,0
N$98,R110,G$1,1,1,2,0
N$99,C141,G$1,1,1,3,0
N$99,L22,G$1,2,2,3,0
N$99,L26,G$1,1,1,3,0
PA_BIAS1_1,ADAR1_,A,PA_BIAS1,A10,3,0
PA_BIAS1_1,ADTR1107_3,A,VGG_PA,7,3,0
PA_BIAS1_1,C103,G$1,1,1,3,0
PA_BIAS1_2,ADAR2_,A,PA_BIAS1,A10,3,0
PA_BIAS1_2,ADTR1107_7,A,VGG_PA,7,3,0
PA_BIAS1_2,C107,G$1,1,1,3,0
PA_BIAS1_3,ADAR3_,A,PA_BIAS1,A10,3,0
PA_BIAS1_3,ADTR1107_10,A,VGG_PA,7,3,0
PA_BIAS1_3,C116,G$1,1,1,3,0
PA_BIAS1_4,ADAR4_,A,PA_BIAS1,A10,3,0
PA_BIAS1_4,ADTR1107_14,A,VGG_PA,7,3,0
PA_BIAS1_4,C120,G$1,1,1,3,0
PA_BIAS2_1,ADAR1_,A,PA_BIAS2,A9,3,0
PA_BIAS2_1,ADTR1107_1,A,VGG_PA,7,3,0
PA_BIAS2_1,C102,G$1,1,1,3,0
PA_BIAS2_2,ADAR2_,A,PA_BIAS2,A9,3,0
PA_BIAS2_2,ADTR1107_5,A,VGG_PA,7,3,0
PA_BIAS2_2,C106,G$1,1,1,3,0
PA_BIAS2_3,ADAR3_,A,PA_BIAS2,A9,3,0
PA_BIAS2_3,ADTR1107_12,A,VGG_PA,7,3,0
PA_BIAS2_3,C117,G$1,1,1,3,0
PA_BIAS2_4,ADAR4_,A,PA_BIAS2,A9,3,0
PA_BIAS2_4,ADTR1107_16,A,VGG_PA,7,3,0
PA_BIAS2_4,C121,G$1,1,1,3,0
PA_BIAS3_1,ADAR1_,A,PA_BIAS3,A5,3,0
PA_BIAS3_1,ADTR1107_2,A,VGG_PA,7,3,0
PA_BIAS3_1,C105,G$1,1,1,3,0
PA_BIAS3_2,ADAR2_,A,PA_BIAS3,A5,3,0
PA_BIAS3_2,ADTR1107_6,A,VGG_PA,7,3,0
PA_BIAS3_2,C114,G$1,1,1,3,0
PA_BIAS3_3,ADAR3_,A,PA_BIAS3,A5,3,0
PA_BIAS3_3,ADTR1107_11,A,VGG_PA,7,3,0
PA_BIAS3_3,C118,G$1,1,1,3,0
PA_BIAS3_4,ADAR4_,A,PA_BIAS3,A5,3,0
PA_BIAS3_4,ADTR1107_15,A,VGG_PA,7,3,0
PA_BIAS3_4,C122,G$1,1,1,3,0
PA_BIAS4_1,ADAR1_,A,PA_BIAS4,A4,3,0
PA_BIAS4_1,ADTR1107_4,A,VGG_PA,7,3,0
PA_BIAS4_1,C104,G$1,1,1,3,0
PA_BIAS4_2,ADAR2_,A,PA_BIAS4,A4,3,0
PA_BIAS4_2,ADTR1107_8,A,VGG_PA,7,3,0
PA_BIAS4_2,C115,G$1,1,1,3,0
PA_BIAS4_3,ADAR3_,A,PA_BIAS4,A4,3,0
PA_BIAS4_3,ADTR1107_9,A,VGG_PA,7,3,0
PA_BIAS4_3,C119,G$1,1,1,3,0
PA_BIAS4_4,ADAR4_,A,PA_BIAS4,A4,3,0
PA_BIAS4_4,ADTR1107_13,A,VGG_PA,7,3,0
PA_BIAS4_4,C123,G$1,1,1,3,0
RF_IO,C85,G$1,2,2,3,2
RF_IO,U16,A,SUM_PORT,21,3,2
RF_IO_1,ADAR1_,A,RF_IO,A7,3,2
RF_IO_1,U16,A,PORT_1,14,3,2
RF_IO_2,ADAR2_,A,RF_IO,A7,3,2
RF_IO_2,U16,A,PORT_2,10,3,2
RF_IO_3,ADAR3_,A,RF_IO,A7,3,2
RF_IO_3,U16,A,PORT_3,31,3,2
RF_IO_4,ADAR4_,A,RF_IO,A7,3,2
RF_IO_4,U16,A,PORT_4,27,3,2
RF_RX,U$3,G$1,IN,P$1,3,2
RF_RX,U13,A,RF,5,3,2
RF_RX_FIL,C84,G$1,2,2,3,2
RF_RX_FIL,U$3,G$1,OUT,P$2,3,2
RF_TX,U$2,G$1,OUT,P$2,3,2
RF_TX,U5,A,RF,5,3,2
RF_TX_FIL,C83,G$1,1,1,3,2
RF_TX_FIL,U$2,G$1,IN,P$1,3,2
RX1_1,ADAR1_,A,RX1,J13,3,2
RX1_1,ADTR1107_3,A,RX_OUT,2,3,2
RX1_2,ADAR2_,A,RX1,J13,3,2
RX1_2,ADTR1107_7,A,RX_OUT,2,3,2
RX1_3,ADAR3_,A,RX1,J13,3,2
RX1_3,ADTR1107_10,A,RX_OUT,2,3,2
RX1_4,ADAR4_,A,RX1,J13,3,2
RX1_4,ADTR1107_14,A,RX_OUT,2,3,2
RX2_1,ADAR1_,A,RX2,C13,3,2
RX2_1,ADTR1107_1,A,RX_OUT,2,3,2
RX2_2,ADAR2_,A,RX2,C13,3,2
RX2_2,ADTR1107_5,A,RX_OUT,2,3,2
RX2_3,ADAR3_,A,RX2,C13,3,2
RX2_3,ADTR1107_12,A,RX_OUT,2,3,2
RX2_4,ADAR4_,A,RX2,C13,3,2
RX2_4,ADTR1107_16,A,RX_OUT,2,3,2
RX3_1,ADAR1_,A,RX3,E1,3,2
RX3_1,ADTR1107_2,A,RX_OUT,2,3,2
RX3_2,ADAR2_,A,RX3,E1,3,2
RX3_2,ADTR1107_6,A,RX_OUT,2,3,2
RX3_3,ADAR3_,A,RX3,E1,3,2
RX3_3,ADTR1107_11,A,RX_OUT,2,3,2
RX3_4,ADAR4_,A,RX3,E1,3,2
RX3_4,ADTR1107_15,A,RX_OUT,2,3,2
RX4_1,ADAR1_,A,RX4,L1,3,2
RX4_1,ADTR1107_4,A,RX_OUT,2,3,2
RX4_2,ADAR2_,A,RX4,L1,3,2
RX4_2,ADTR1107_8,A,RX_OUT,2,3,2
RX4_3,ADAR3_,A,RX4,L1,3,2
RX4_3,ADTR1107_9,A,RX_OUT,2,3,2
RX4_4,ADAR4_,A,RX4,L1,3,2
RX4_4,ADTR1107_13,A,RX_OUT,2,3,2
STEPPER_CLK+,JP9,A,4,4,2,0
STEPPER_CLK+,U2,A,PD5,119,2,0
STEPPER_CW+,JP9,A,2,2,2,0
STEPPER_CW+,U2,A,PD4,118,2,0
STM32_MISO1,U2,A,PA6,42,2,0
STM32_MISO1,U42,G$3,IO_L21P_T3_DQS_15,G14,2,0
STM32_MISO4,JP1,A,8,8,2,0
STM32_MISO4,JP13,A,1,1,2,0
STM32_MISO4,U2,B,PE5,4,2,0
STM32_MISO_1V8,ADAR1_,A,SDO,M4,3,0
STM32_MISO_1V8,ADAR2_,A,SDO,M4,3,0
STM32_MISO_1V8,ADAR3_,A,SDO,M4,3,0
STM32_MISO_1V8,ADAR4_,A,SDO,M4,3,0
STM32_MISO_1V8,R164,G$1,2,2,3,0
STM32_MISO_1V8,U42,G$4,IO_L3P_T0_DQS_34,N3,2,0
STM32_MOSI1,U2,A,PA7,43,2,0
STM32_MOSI1,U42,G$3,IO_L20N_T3_A19_15,H13,2,0
STM32_MOSI4,JP1,A,7,7,2,0
STM32_MOSI4,JP13,A,3,3,2,0
STM32_MOSI4,U2,B,PE6,5,2,0
STM32_MOSI_1V8,ADAR1_,A,SDIO,M5,3,0
STM32_MOSI_1V8,ADAR2_,A,SDIO,M5,3,0
STM32_MOSI_1V8,ADAR3_,A,SDIO,M5,3,0
STM32_MOSI_1V8,ADAR4_,A,SDIO,M5,3,0
STM32_MOSI_1V8,R163,G$1,2,2,3,0
STM32_MOSI_1V8,U42,G$4,IO_L2N_T0_34,M1,2,0
STM32_NRST,C164,G$1,2,2,2,0
STM32_NRST,JP2,A,5,5,2,0
STM32_NRST,R111,G$1,1,1,2,0
STM32_NRST,S1,G$1,2,3 4,2,0
STM32_NRST,U2,B,NRST,25,2,0
STM32_OSC_32_N,C18,G$1,1,1,2,1
STM32_OSC_32_N,U2,A,PC14,8,2,1
STM32_OSC_32_N,XTAL3,A,2,2,2,1
STM32_OSC_32_P,C19,G$1,1,1,2,1
STM32_OSC_32_P,U2,A,PC15,9,2,1
STM32_OSC_32_P,XTAL3,A,1,1,2,1
STM32_OSC_N,C20,G$1,1,1,2,1
STM32_OSC_N,U2,B,PH0,23,2,1
STM32_OSC_N,XTAL1,A,2,2,2,1
STM32_OSC_P,C21,G$1,1,1,2,1
STM32_OSC_P,U2,B,PH1,24,2,1
STM32_OSC_P,XTAL1,A,1,1,2,1
STM32_RX3,JP17,A,2,2,2,0
STM32_RX3,U2,A,PB11,70,2,0
STM32_RX5,JP8,A,3,3,2,0
STM32_RX5,U2,A,PD2,116,2,0
STM32_SCL1,R170,G$1,2,2,2,2
STM32_SCL1,U2,A,PB6,136,2,2
STM32_SCL1,U69,A,SCL,20,4,2
STM32_SCL1,U7,A,SCL,20,4,2
STM32_SCL2,R172,G$1,2,2,2,2
STM32_SCL2,U10,A,SCL,14,4,2
STM32_SCL2,U2,B,PF1,11,2,2
STM32_SCL2,U88,A,SCL,14,4,2
STM32_SCL2,U89,A,SCL,14,4,2
STM32_SCL3,JP18,A,2,2,2,2
STM32_SCL3,JP7,A,4,4,2,2
STM32_SCL3,R167,G$1,2,2,2,2
STM32_SCL3,U2,A,PA8,100,2,2
STM32_SCLK1,U2,A,PA5,41,2,2
STM32_SCLK1,U42,G$3,IO_L23N_T3_FWE_B_15,J16,2,2
STM32_SCLK4,JP1,A,6,6,2,2
STM32_SCLK4,JP13,A,2,2,2,2
STM32_SCLK4,U2,B,PE2,1,2,2
STM32_SCLK_1V8,ADAR1_,A,SCLK,M6,3,2
STM32_SCLK_1V8,ADAR2_,A,SCLK,M6,3,2
STM32_SCLK_1V8,ADAR3_,A,SCLK,M6,3,2
STM32_SCLK_1V8,ADAR4_,A,SCLK,M6,3,2
STM32_SCLK_1V8,R162,G$1,2,2,3,2
STM32_SCLK_1V8,U42,G$4,IO_L10P_T1_34,P5,2,2
STM32_SDA1,R169,G$1,2,2,2,0
STM32_SDA1,U2,A,PB7,137,2,0
STM32_SDA1,U69,A,SDA,19,4,0
STM32_SDA1,U7,A,SDA,19,4,0
STM32_SDA2,R171,G$1,2,2,2,0
STM32_SDA2,U10,A,SDA,15,4,0
STM32_SDA2,U2,B,PF0,10,2,0
STM32_SDA2,U88,A,SDA,15,4,0
STM32_SDA2,U89,A,SDA,15,4,0
STM32_SDA3,JP18,A,1,1,2,0
STM32_SDA3,JP7,A,5,5,2,0
STM32_SDA3,R168,G$1,2,2,2,0
STM32_SDA3,U2,A,PC9,99,2,0
STM32_SWCLK,JP2,A,2,2,2,2
STM32_SWCLK,U2,A,PA14,109,2,2
STM32_SWDIO,JP2,A,4,4,2,0
STM32_SWDIO,U2,A,PA13,105,2,0
STM32_SWO,JP2,A,6,6,2,0
STM32_SWO,U2,A,PB3,133,2,0
STM32_TX3,JP17,A,1,1,2,0
STM32_TX3,U2,A,PB10,69,2,0
STM32_TX5,JP8,A,2,2,2,0
STM32_TX5,U2,A,PC12,113,2,0
STM32_USB_FS_D_N,U2,A,PA11,103,2,1
STM32_USB_FS_D_N,X53,G$1,2,2,2,1
STM32_USB_FS_D_P,U2,A,PA12,104,2,1
STM32_USB_FS_D_P,X53,G$1,3,3,2,1
STM32_USB_FS_ID,U2,A,PA10,102,2,0
STM32_USB_FS_ID,X53,G$1,4,4,2,0
TR_SW_POS_1,ADAR1_,A,TR_SW_POS,B5,3,0
TR_SW_POS_1,ADTR1107_1,A,CTRL_SW,20,3,0
TR_SW_POS_1,ADTR1107_2,A,CTRL_SW,20,3,0
TR_SW_POS_1,ADTR1107_3,A,CTRL_SW,20,3,0
TR_SW_POS_1,ADTR1107_4,A,CTRL_SW,20,3,0
TR_SW_POS_2,ADAR2_,A,TR_SW_POS,B5,3,0
TR_SW_POS_2,ADTR1107_5,A,CTRL_SW,20,3,0
TR_SW_POS_2,ADTR1107_6,A,CTRL_SW,20,3,0
TR_SW_POS_2,ADTR1107_7,A,CTRL_SW,20,3,0
TR_SW_POS_2,ADTR1107_8,A,CTRL_SW,20,3,0
TR_SW_POS_3,ADAR3_,A,TR_SW_POS,B5,3,0
TR_SW_POS_3,ADTR1107_10,A,CTRL_SW,20,3,0
TR_SW_POS_3,ADTR1107_11,A,CTRL_SW,20,3,0
TR_SW_POS_3,ADTR1107_12,A,CTRL_SW,20,3,0
TR_SW_POS_3,ADTR1107_9,A,CTRL_SW,20,3,0
TR_SW_POS_4,ADAR4_,A,TR_SW_POS,B5,3,0
TR_SW_POS_4,ADTR1107_13,A,CTRL_SW,20,3,0
TR_SW_POS_4,ADTR1107_14,A,CTRL_SW,20,3,0
TR_SW_POS_4,ADTR1107_15,A,CTRL_SW,20,3,0
TR_SW_POS_4,ADTR1107_16,A,CTRL_SW,20,3,0
TX1_1,ADAR1_,A,TX1,L13,3,2
TX1_1,ADTR1107_3,A,TX_IN,5,3,2
TX1_2,ADAR2_,A,TX1,L13,3,2
TX1_2,ADTR1107_7,A,TX_IN,5,3,2
TX1_3,ADAR3_,A,TX1,L13,3,2
TX1_3,ADTR1107_10,A,TX_IN,5,3,2
TX1_4,ADAR4_,A,TX1,L13,3,2
TX1_4,ADTR1107_14,A,TX_IN,5,3,2
TX2_1,ADAR1_,A,TX2,E13,3,2
TX2_1,ADTR1107_1,A,TX_IN,5,3,2
TX2_2,ADAR2_,A,TX2,E13,3,2
TX2_2,ADTR1107_5,A,TX_IN,5,3,2
TX2_3,ADAR3_,A,TX2,E13,3,2
TX2_3,ADTR1107_12,A,TX_IN,5,3,2
TX2_4,ADAR4_,A,TX2,E13,3,2
TX2_4,ADTR1107_16,A,TX_IN,5,3,2
TX3_1,ADAR1_,A,TX3,C1,3,2
TX3_1,ADTR1107_2,A,TX_IN,5,3,2
TX3_2,ADAR2_,A,TX3,C1,3,2
TX3_2,ADTR1107_6,A,TX_IN,5,3,2
TX3_3,ADAR3_,A,TX3,C1,3,2
TX3_3,ADTR1107_11,A,TX_IN,5,3,2
TX3_4,ADAR4_,A,TX3,C1,3,2
TX3_4,ADTR1107_15,A,TX_IN,5,3,2
TX4_1,ADAR1_,A,TX4,J1,3,2
TX4_1,ADTR1107_4,A,TX_IN,5,3,2
TX4_2,ADAR2_,A,TX4,J1,3,2
TX4_2,ADTR1107_8,A,TX_IN,5,3,2
TX4_3,ADAR3_,A,TX4,J1,3,2
TX4_3,ADTR1107_9,A,TX_IN,5,3,2
TX4_4,ADAR4_,A,TX4,J1,3,2
TX4_4,ADTR1107_13,A,TX_IN,5,3,2
VG_1,OPA_2,A,OUTD,14,4,0
VG_1,R98,G$1,1,1,4,0
VG_1,X_7,-1,S,1,4,0
VG_10,OPA_3,A,OUTC,8,4,0
VG_10,R105,G$1,1,1,4,0
VG_10,X_14,-1,S,1,4,0
VG_11,OPA_1,A,OUTC,8,4,0
VG_11,R121,G$1,1,1,4,0
VG_11,X_6,-1,S,1,4,0
VG_12,OPA_3,A,OUTD,14,4,0
VG_12,R106,G$1,1,1,4,0
VG_12,X_13,-1,S,1,4,0
VG_13,OPA_1,A,OUTB,7,4,0
VG_13,R120,G$1,2,2,4,0
VG_13,X_2,-1,S,1,4,0
VG_14,OPA_3,A,OUTA,1,4,0
VG_14,R103,G$1,2,2,4,0
VG_14,X_9,-1,S,1,4,0
VG_15,OPA_1,A,OUTA,1,4,0
VG_15,R119,G$1,2,2,4,0
VG_15,X_1,-1,S,1,4,0
VG_16,OPA_3,A,OUTB,7,4,0
VG_16,R104,G$1,2,2,4,0
VG_16,X_10,-1,S,1,4,0
VG_2,OPA_4,A,OUTC,8,4,0
VG_2,R91,G$1,1,1,4,0
VG_2,X_16,-1,S,1,4,0
VG_3,OPA_2,A,OUTC,8,4,0
VG_3,R97,G$1,1,1,4,0
VG_3,X_8,-1,S,1,4,0
VG_4,OPA_4,A,OUTD,14,4,0
VG_4,R92,G$1,1,1,4,0
VG_4,X_15,-1,S,1,4,0
VG_5,OPA_2,A,OUTB,7,4,0
VG_5,R96,G$1,2,2,4,0
VG_5,X_4,-1,S,1,4,0
VG_6,OPA_4,A,OUTA,1,4,0
VG_6,R89,G$1,2,2,4,0
VG_6,X_11,-1,S,1,4,0
VG_7,OPA_2,A,OUTA,1,4,0
VG_7,R95,G$1,2,2,4,0
VG_7,X_3,-1,S,1,4,0
VG_8,OPA_4,A,OUTB,7,4,0
VG_8,R90,G$1,2,2,4,0
VG_8,X_12,-1,S,1,4,0
VG_9,OPA_1,A,OUTD,14,4,0
VG_9,R122,G$1,1,1,4,0
VG_9,X_5,-1,S,1,4,0
