ISO-10303-21;
HEADER;
FILE_DESCRIPTION(('KiCad electronic assembly'),'2;1');
FILE_NAME('MAIN_BOARD_REVB_board_only.step','2026-10-09T16:19:20',(
    'Pcbnew'),('Kicad'),'Open CASCADE STEP processor 7.9',
  'KiCad to STEP converter','Unknown');
FILE_SCHEMA(('AUTOMOTIVE_DESIGN { 1 0 10303 214 1 1 1 1 }'));
ENDSEC;
DATA;
#1 = APPLICATION_PROTOCOL_DEFINITION('international standard',
  'automotive_design',2000,#2);
#2 = APPLICATION_CONTEXT(
  'core data for automotive mechanical design processes');
#3 = SHAPE_DEFINITION_REPRESENTATION(#4,#10);
#4 = PRODUCT_DEFINITION_SHAPE('','',#5);
#5 = PRODUCT_DEFINITION('design','',#6,#9);
#6 = PRODUCT_DEFINITION_FORMATION('','',#7);
#7 = PRODUCT('MAIN_BOARD_REVB_board_only 1',
  'MAIN_BOARD_REVB_board_only 1','',(#8));
#8 = PRODUCT_CONTEXT('',#2,'mechanical');
#9 = PRODUCT_DEFINITION_CONTEXT('part definition',#2,'design');
#10 = SHAPE_REPRESENTATION('',(#11,#15),#19);
#11 = AXIS2_PLACEMENT_3D('',#12,#13,#14);
#12 = CARTESIAN_POINT('',(0.,0.,0.));
#13 = DIRECTION('',(0.,0.,1.));
#14 = DIRECTION('',(1.,0.,-0.));
#15 = AXIS2_PLACEMENT_3D('',#16,#17,#18);
#16 = CARTESIAN_POINT('',(0.,0.,0.));
#17 = DIRECTION('',(0.,0.,1.));
#18 = DIRECTION('',(1.,0.,-0.));
#19 = ( GEOMETRIC_REPRESENTATION_CONTEXT(3) 
GLOBAL_UNCERTAINTY_ASSIGNED_CONTEXT((#23)) GLOBAL_UNIT_ASSIGNED_CONTEXT(
(#20,#21,#22)) REPRESENTATION_CONTEXT('Context #1',
  '3D Context with UNIT and UNCERTAINTY') );
#20 = ( LENGTH_UNIT() NAMED_UNIT(*) SI_UNIT(.MILLI.,.METRE.) );
#21 = ( NAMED_UNIT(*) PLANE_ANGLE_UNIT() SI_UNIT($,.RADIAN.) );
#22 = ( NAMED_UNIT(*) SI_UNIT($,.STERADIAN.) SOLID_ANGLE_UNIT() );
#23 = UNCERTAINTY_MEASURE_WITH_UNIT(LENGTH_MEASURE(1.E-07),#20,
  'distance_accuracy_value','confusion accuracy');
#24 = PRODUCT_RELATED_PRODUCT_CATEGORY('part',$,(#7));
#25 = SHAPE_DEFINITION_REPRESENTATION(#26,#32);
#26 = PRODUCT_DEFINITION_SHAPE('','',#27);
#27 = PRODUCT_DEFINITION('design','',#28,#31);
#28 = PRODUCT_DEFINITION_FORMATION('','',#29);
#29 = PRODUCT('MAIN_BOARD_REVB_PCB','MAIN_BOARD_REVB_PCB','',(#30));
#30 = PRODUCT_CONTEXT('',#2,'mechanical');
#31 = PRODUCT_DEFINITION_CONTEXT('part definition',#2,'design');
#32 = ADVANCED_BREP_SHAPE_REPRESENTATION('',(#11,#33),#17731);
#33 = MANIFOLD_SOLID_BREP('',#34);
#34 = CLOSED_SHELL('',(#35,#75,#106,#137,#5086,#10035,#10047,#10064,
    #10081,#10098,#10115,#10132,#10149,#10166,#10183,#10200,#10217,
    #10234,#10251,#10268,#10285,#10302,#10319,#10336,#10353,#10370,
    #10387,#10404,#10421,#10438,#10455,#10472,#10489,#10506,#10523,
    #10540,#10557,#10574,#10591,#10608,#10625,#10642,#10659,#10676,
    #10693,#10710,#10727,#10744,#10761,#10778,#10795,#10812,#10829,
    #10846,#10863,#10880,#10897,#10914,#10931,#10948,#10965,#10982,
    #10999,#11016,#11033,#11050,#11067,#11084,#11101,#11118,#11135,
    #11152,#11169,#11186,#11203,#11220,#11237,#11254,#11271,#11288,
    #11305,#11322,#11339,#11356,#11373,#11390,#11407,#11424,#11441,
    #11458,#11475,#11492,#11509,#11526,#11543,#11560,#11577,#11594,
    #11611,#11628,#11645,#11662,#11679,#11696,#11713,#11730,#11747,
    #11764,#11781,#11798,#11815,#11832,#11849,#11866,#11883,#11900,
    #11917,#11934,#11951,#11968,#11985,#12002,#12019,#12036,#12053,
    #12070,#12087,#12104,#12121,#12138,#12155,#12172,#12189,#12206,
    #12223,#12240,#12257,#12274,#12291,#12308,#12325,#12342,#12359,
    #12376,#12393,#12410,#12427,#12444,#12461,#12478,#12495,#12512,
    #12529,#12546,#12563,#12580,#12597,#12614,#12631,#12648,#12665,
    #12682,#12699,#12716,#12733,#12750,#12767,#12784,#12801,#12818,
    #12835,#12852,#12869,#12886,#12903,#12920,#12937,#12954,#12971,
    #12988,#13005,#13022,#13039,#13056,#13073,#13090,#13107,#13124,
    #13141,#13158,#13175,#13192,#13209,#13226,#13243,#13260,#13277,
    #13294,#13311,#13328,#13345,#13362,#13379,#13396,#13413,#13430,
    #13447,#13464,#13481,#13498,#13515,#13532,#13549,#13566,#13583,
    #13600,#13617,#13634,#13651,#13668,#13685,#13702,#13719,#13736,
    #13753,#13770,#13787,#13804,#13821,#13838,#13855,#13872,#13889,
    #13906,#13923,#13940,#13957,#13974,#13991,#14008,#14025,#14042,
    #14059,#14076,#14093,#14110,#14127,#14144,#14161,#14178,#14195,
    #14212,#14229,#14246,#14263,#14280,#14297,#14314,#14331,#14348,
    #14365,#14382,#14399,#14416,#14433,#14450,#14467,#14484,#14501,
    #14518,#14535,#14552,#14569,#14586,#14603,#14620,#14637,#14654,
    #14671,#14688,#14705,#14722,#14739,#14756,#14773,#14790,#14807,
    #14824,#14841,#14858,#14875,#14892,#14909,#14926,#14943,#14960,
    #14977,#14994,#15011,#15028,#15045,#15067,#15084,#15101,#15113,
    #15135,#15152,#15169,#15181,#15203,#15220,#15237,#15249,#15271,
    #15288,#15305,#15317,#15339,#15356,#15373,#15385,#15402,#15419,
    #15436,#15453,#15470,#15487,#15504,#15521,#15538,#15555,#15572,
    #15589,#15606,#15623,#15640,#15657,#15674,#15691,#15708,#15725,
    #15742,#15759,#15776,#15793,#15810,#15827,#15844,#15861,#15878,
    #15895,#15912,#15929,#15946,#15963,#15980,#15997,#16014,#16031,
    #16048,#16065,#16082,#16099,#16116,#16133,#16150,#16167,#16184,
    #16201,#16218,#16235,#16252,#16269,#16286,#16303,#16320,#16337,
    #16354,#16371,#16388,#16405,#16422,#16439,#16456,#16473,#16490,
    #16507,#16524,#16541,#16558,#16575,#16592,#16609,#16626,#16643,
    #16660,#16677,#16694,#16711,#16728,#16745,#16762,#16779,#16796,
    #16813,#16830,#16847,#16864,#16881,#16898,#16915,#16932,#16949,
    #16966,#16983,#17000,#17017,#17034,#17051,#17068,#17085,#17102,
    #17119,#17136,#17153,#17170,#17187,#17204,#17221,#17238,#17255,
    #17272,#17289,#17306,#17323,#17340,#17357,#17374,#17391,#17408,
    #17425,#17442,#17459,#17476,#17493,#17510,#17527,#17544,#17561,
    #17578,#17595,#17612,#17629,#17646,#17663,#17680,#17697,#17714));
#35 = ADVANCED_FACE('',(#36),#70,.T.);
#36 = FACE_BOUND('',#37,.T.);
#37 = EDGE_LOOP('',(#38,#48,#56,#64));
#38 = ORIENTED_EDGE('',*,*,#39,.T.);
#39 = EDGE_CURVE('',#40,#42,#44,.T.);
#40 = VERTEX_POINT('',#41);
#41 = CARTESIAN_POINT('',(260.,-0.,0.));
#42 = VERTEX_POINT('',#43);
#43 = CARTESIAN_POINT('',(260.,0.,1.509994));
#44 = LINE('',#45,#46);
#45 = CARTESIAN_POINT('',(260.,-0.,0.));
#46 = VECTOR('',#47,1.);
#47 = DIRECTION('',(0.,0.,1.));
#48 = ORIENTED_EDGE('',*,*,#49,.T.);
#49 = EDGE_CURVE('',#42,#50,#52,.T.);
#50 = VERTEX_POINT('',#51);
#51 = CARTESIAN_POINT('',(0.,0.,1.509994));
#52 = LINE('',#53,#54);
#53 = CARTESIAN_POINT('',(260.,0.,1.509994));
#54 = VECTOR('',#55,1.);
#55 = DIRECTION('',(-1.,0.,0.));
#56 = ORIENTED_EDGE('',*,*,#57,.F.);
#57 = EDGE_CURVE('',#58,#50,#60,.T.);
#58 = VERTEX_POINT('',#59);
#59 = CARTESIAN_POINT('',(0.,-0.,0.));
#60 = LINE('',#61,#62);
#61 = CARTESIAN_POINT('',(0.,-0.,0.));
#62 = VECTOR('',#63,1.);
#63 = DIRECTION('',(0.,0.,1.));
#64 = ORIENTED_EDGE('',*,*,#65,.F.);
#65 = EDGE_CURVE('',#40,#58,#66,.T.);
#66 = LINE('',#67,#68);
#67 = CARTESIAN_POINT('',(260.,-0.,0.));
#68 = VECTOR('',#69,1.);
#69 = DIRECTION('',(-1.,0.,0.));
#70 = PLANE('',#71);
#71 = AXIS2_PLACEMENT_3D('',#72,#73,#74);
#72 = CARTESIAN_POINT('',(260.,0.,0.));
#73 = DIRECTION('',(0.,-1.,0.));
#74 = DIRECTION('',(-1.,0.,0.));
#75 = ADVANCED_FACE('',(#76),#101,.T.);
#76 = FACE_BOUND('',#77,.T.);
#77 = EDGE_LOOP('',(#78,#88,#94,#95));
#78 = ORIENTED_EDGE('',*,*,#79,.T.);
#79 = EDGE_CURVE('',#80,#82,#84,.T.);
#80 = VERTEX_POINT('',#81);
#81 = CARTESIAN_POINT('',(260.,300.,0.));
#82 = VERTEX_POINT('',#83);
#83 = CARTESIAN_POINT('',(260.,300.,1.509994));
#84 = LINE('',#85,#86);
#85 = CARTESIAN_POINT('',(260.,300.,0.));
#86 = VECTOR('',#87,1.);
#87 = DIRECTION('',(0.,0.,1.));
#88 = ORIENTED_EDGE('',*,*,#89,.T.);
#89 = EDGE_CURVE('',#82,#42,#90,.T.);
#90 = LINE('',#91,#92);
#91 = CARTESIAN_POINT('',(260.,300.,1.509994));
#92 = VECTOR('',#93,1.);
#93 = DIRECTION('',(0.,-1.,0.));
#94 = ORIENTED_EDGE('',*,*,#39,.F.);
#95 = ORIENTED_EDGE('',*,*,#96,.F.);
#96 = EDGE_CURVE('',#80,#40,#97,.T.);
#97 = LINE('',#98,#99);
#98 = CARTESIAN_POINT('',(260.,300.,0.));
#99 = VECTOR('',#100,1.);
#100 = DIRECTION('',(0.,-1.,0.));
#101 = PLANE('',#102);
#102 = AXIS2_PLACEMENT_3D('',#103,#104,#105);
#103 = CARTESIAN_POINT('',(260.,300.,0.));
#104 = DIRECTION('',(1.,0.,-0.));
#105 = DIRECTION('',(0.,-1.,0.));
#106 = ADVANCED_FACE('',(#107),#132,.T.);
#107 = FACE_BOUND('',#108,.T.);
#108 = EDGE_LOOP('',(#109,#110,#118,#126));
#109 = ORIENTED_EDGE('',*,*,#57,.T.);
#110 = ORIENTED_EDGE('',*,*,#111,.T.);
#111 = EDGE_CURVE('',#50,#112,#114,.T.);
#112 = VERTEX_POINT('',#113);
#113 = CARTESIAN_POINT('',(0.,300.,1.509994));
#114 = LINE('',#115,#116);
#115 = CARTESIAN_POINT('',(0.,0.,1.509994));
#116 = VECTOR('',#117,1.);
#117 = DIRECTION('',(0.,1.,0.));
#118 = ORIENTED_EDGE('',*,*,#119,.F.);
#119 = EDGE_CURVE('',#120,#112,#122,.T.);
#120 = VERTEX_POINT('',#121);
#121 = CARTESIAN_POINT('',(0.,300.,0.));
#122 = LINE('',#123,#124);
#123 = CARTESIAN_POINT('',(0.,300.,0.));
#124 = VECTOR('',#125,1.);
#125 = DIRECTION('',(0.,0.,1.));
#126 = ORIENTED_EDGE('',*,*,#127,.F.);
#127 = EDGE_CURVE('',#58,#120,#128,.T.);
#128 = LINE('',#129,#130);
#129 = CARTESIAN_POINT('',(0.,-0.,0.));
#130 = VECTOR('',#131,1.);
#131 = DIRECTION('',(0.,1.,0.));
#132 = PLANE('',#133);
#133 = AXIS2_PLACEMENT_3D('',#134,#135,#136);
#134 = CARTESIAN_POINT('',(0.,0.,0.));
#135 = DIRECTION('',(-1.,0.,0.));
#136 = DIRECTION('',(0.,1.,0.));
#137 = ADVANCED_FACE('',(#138,#149,#160,#171,#182,#193,#204,#215,#226,
    #237,#248,#259,#270,#281,#292,#303,#314,#325,#336,#347,#358,#369,
    #380,#391,#402,#413,#424,#435,#446,#457,#468,#479,#490,#501,#512,
    #523,#534,#545,#556,#567,#578,#589,#600,#611,#622,#633,#644,#655,
    #666,#677,#688,#699,#710,#721,#732,#743,#754,#765,#776,#787,#798,
    #809,#820,#831,#842,#853,#864,#875,#886,#897,#908,#919,#930,#941,
    #952,#963,#974,#985,#996,#1007,#1018,#1029,#1040,#1051,#1062,#1073,
    #1084,#1095,#1106,#1117,#1128,#1139,#1150,#1161,#1172,#1183,#1194,
    #1205,#1216,#1227,#1238,#1249,#1260,#1271,#1282,#1293,#1304,#1315,
    #1326,#1337,#1348,#1359,#1370,#1381,#1392,#1403,#1414,#1425,#1436,
    #1447,#1458,#1469,#1480,#1491,#1502,#1513,#1524,#1535,#1546,#1557,
    #1568,#1579,#1590,#1601,#1612,#1623,#1634,#1645,#1656,#1667,#1678,
    #1689,#1700,#1711,#1722,#1733,#1744,#1755,#1766,#1777,#1788,#1799,
    #1810,#1821,#1832,#1843,#1854,#1865,#1876,#1887,#1898,#1909,#1920,
    #1931,#1942,#1953,#1964,#1975,#1986,#1997,#2008,#2019,#2030,#2041,
    #2052,#2063,#2074,#2085,#2096,#2107,#2118,#2129,#2140,#2151,#2162,
    #2173,#2184,#2195,#2206,#2217,#2228,#2239,#2250,#2261,#2272,#2283,
    #2294,#2305,#2316,#2327,#2338,#2349,#2360,#2371,#2382,#2393,#2404,
    #2415,#2426,#2437,#2448,#2459,#2470,#2481,#2492,#2503,#2514,#2525,
    #2536,#2547,#2558,#2569,#2580,#2591,#2602,#2613,#2624,#2635,#2646,
    #2657,#2668,#2679,#2690,#2701,#2712,#2723,#2734,#2745,#2756,#2767,
    #2778,#2789,#2800,#2811,#2822,#2833,#2844,#2855,#2866,#2877,#2888,
    #2899,#2910,#2921,#2932,#2943,#2954,#2965,#2976,#2987,#2998,#3009,
    #3020,#3031,#3042,#3053,#3064,#3075,#3086,#3097,#3108,#3119,#3130,
    #3141,#3152,#3163,#3174,#3185,#3196,#3207,#3218,#3229,#3240,#3251,
    #3262,#3273,#3284,#3295,#3306,#3317,#3328,#3339,#3350,#3361,#3372,
    #3383,#3419,#3455,#3491,#3527,#3563,#3574,#3585,#3596,#3607,#3618,
    #3629,#3640,#3651,#3662,#3673,#3684,#3695,#3706,#3717,#3728,#3739,
    #3750,#3761,#3772,#3783,#3794,#3805,#3816,#3827,#3838,#3849,#3860,
    #3871,#3882,#3893,#3904,#3915,#3926,#3937,#3948,#3959,#3970,#3981,
    #3992,#4003,#4014,#4025,#4036,#4047,#4058,#4069,#4080,#4091,#4102,
    #4113,#4124,#4135,#4146,#4157,#4168,#4179,#4190,#4201,#4212,#4223,
    #4234,#4245,#4256,#4267,#4278,#4289,#4300,#4311,#4322,#4333,#4344,
    #4355,#4366,#4377,#4388,#4399,#4410,#4421,#4432,#4443,#4454,#4465,
    #4476,#4487,#4498,#4509,#4520,#4531,#4542,#4553,#4564,#4575,#4586,
    #4597,#4608,#4619,#4630,#4641,#4652,#4663,#4674,#4685,#4696,#4707,
    #4718,#4729,#4740,#4751,#4762,#4773,#4784,#4795,#4806,#4817,#4828,
    #4839,#4850,#4861,#4872,#4883,#4894,#4905,#4916,#4927,#4938,#4949,
    #4960,#4971,#4982,#4993,#5004,#5015,#5026,#5037,#5048,#5059,#5070),
  #5081,.F.);
#138 = FACE_BOUND('',#139,.F.);
#139 = EDGE_LOOP('',(#140,#141,#142,#148));
#140 = ORIENTED_EDGE('',*,*,#65,.F.);
#141 = ORIENTED_EDGE('',*,*,#96,.F.);
#142 = ORIENTED_EDGE('',*,*,#143,.F.);
#143 = EDGE_CURVE('',#120,#80,#144,.T.);
#144 = LINE('',#145,#146);
#145 = CARTESIAN_POINT('',(0.,300.,0.));
#146 = VECTOR('',#147,1.);
#147 = DIRECTION('',(1.,0.,0.));
#148 = ORIENTED_EDGE('',*,*,#127,.F.);
#149 = FACE_BOUND('',#150,.F.);
#150 = EDGE_LOOP('',(#151));
#151 = ORIENTED_EDGE('',*,*,#152,.T.);
#152 = EDGE_CURVE('',#153,#153,#155,.T.);
#153 = VERTEX_POINT('',#154);
#154 = CARTESIAN_POINT('',(4.,2.4,0.));
#155 = CIRCLE('',#156,1.6);
#156 = AXIS2_PLACEMENT_3D('',#157,#158,#159);
#157 = CARTESIAN_POINT('',(4.,4.,0.));
#158 = DIRECTION('',(-0.,0.,-1.));
#159 = DIRECTION('',(-0.,-1.,0.));
#160 = FACE_BOUND('',#161,.F.);
#161 = EDGE_LOOP('',(#162));
#162 = ORIENTED_EDGE('',*,*,#163,.T.);
#163 = EDGE_CURVE('',#164,#164,#166,.T.);
#164 = VERTEX_POINT('',#165);
#165 = CARTESIAN_POINT('',(4.95,15.35,0.));
#166 = CIRCLE('',#167,0.5);
#167 = AXIS2_PLACEMENT_3D('',#168,#169,#170);
#168 = CARTESIAN_POINT('',(4.95,15.85,0.));
#169 = DIRECTION('',(-0.,0.,-1.));
#170 = DIRECTION('',(-0.,-1.,0.));
#171 = FACE_BOUND('',#172,.F.);
#172 = EDGE_LOOP('',(#173));
#173 = ORIENTED_EDGE('',*,*,#174,.T.);
#174 = EDGE_CURVE('',#175,#175,#177,.T.);
#175 = VERTEX_POINT('',#176);
#176 = CARTESIAN_POINT('',(4.95,17.89,0.));
#177 = CIRCLE('',#178,0.5);
#178 = AXIS2_PLACEMENT_3D('',#179,#180,#181);
#179 = CARTESIAN_POINT('',(4.95,18.39,0.));
#180 = DIRECTION('',(-0.,0.,-1.));
#181 = DIRECTION('',(-0.,-1.,0.));
#182 = FACE_BOUND('',#183,.F.);
#183 = EDGE_LOOP('',(#184));
#184 = ORIENTED_EDGE('',*,*,#185,.T.);
#185 = EDGE_CURVE('',#186,#186,#188,.T.);
#186 = VERTEX_POINT('',#187);
#187 = CARTESIAN_POINT('',(24.23,14.,0.));
#188 = CIRCLE('',#189,0.5);
#189 = AXIS2_PLACEMENT_3D('',#190,#191,#192);
#190 = CARTESIAN_POINT('',(24.23,14.5,0.));
#191 = DIRECTION('',(-0.,0.,-1.));
#192 = DIRECTION('',(-0.,-1.,0.));
#193 = FACE_BOUND('',#194,.F.);
#194 = EDGE_LOOP('',(#195));
#195 = ORIENTED_EDGE('',*,*,#196,.T.);
#196 = EDGE_CURVE('',#197,#197,#199,.T.);
#197 = VERTEX_POINT('',#198);
#198 = CARTESIAN_POINT('',(26.77,14.,0.));
#199 = CIRCLE('',#200,0.5);
#200 = AXIS2_PLACEMENT_3D('',#201,#202,#203);
#201 = CARTESIAN_POINT('',(26.77,14.5,0.));
#202 = DIRECTION('',(-0.,0.,-1.));
#203 = DIRECTION('',(-0.,-1.,0.));
#204 = FACE_BOUND('',#205,.F.);
#205 = EDGE_LOOP('',(#206));
#206 = ORIENTED_EDGE('',*,*,#207,.T.);
#207 = EDGE_CURVE('',#208,#208,#210,.T.);
#208 = VERTEX_POINT('',#209);
#209 = CARTESIAN_POINT('',(24.23,29.,0.));
#210 = CIRCLE('',#211,0.5);
#211 = AXIS2_PLACEMENT_3D('',#212,#213,#214);
#212 = CARTESIAN_POINT('',(24.23,29.5,0.));
#213 = DIRECTION('',(-0.,0.,-1.));
#214 = DIRECTION('',(-0.,-1.,0.));
#215 = FACE_BOUND('',#216,.F.);
#216 = EDGE_LOOP('',(#217));
#217 = ORIENTED_EDGE('',*,*,#218,.T.);
#218 = EDGE_CURVE('',#219,#219,#221,.T.);
#219 = VERTEX_POINT('',#220);
#220 = CARTESIAN_POINT('',(26.77,29.,0.));
#221 = CIRCLE('',#222,0.5);
#222 = AXIS2_PLACEMENT_3D('',#223,#224,#225);
#223 = CARTESIAN_POINT('',(26.77,29.5,0.));
#224 = DIRECTION('',(-0.,0.,-1.));
#225 = DIRECTION('',(-0.,-1.,0.));
#226 = FACE_BOUND('',#227,.F.);
#227 = EDGE_LOOP('',(#228));
#228 = ORIENTED_EDGE('',*,*,#229,.T.);
#229 = EDGE_CURVE('',#230,#230,#232,.T.);
#230 = VERTEX_POINT('',#231);
#231 = CARTESIAN_POINT('',(39.23,14.,0.));
#232 = CIRCLE('',#233,0.5);
#233 = AXIS2_PLACEMENT_3D('',#234,#235,#236);
#234 = CARTESIAN_POINT('',(39.23,14.5,0.));
#235 = DIRECTION('',(-0.,0.,-1.));
#236 = DIRECTION('',(-0.,-1.,0.));
#237 = FACE_BOUND('',#238,.F.);
#238 = EDGE_LOOP('',(#239));
#239 = ORIENTED_EDGE('',*,*,#240,.T.);
#240 = EDGE_CURVE('',#241,#241,#243,.T.);
#241 = VERTEX_POINT('',#242);
#242 = CARTESIAN_POINT('',(41.77,14.,0.));
#243 = CIRCLE('',#244,0.5);
#244 = AXIS2_PLACEMENT_3D('',#245,#246,#247);
#245 = CARTESIAN_POINT('',(41.77,14.5,0.));
#246 = DIRECTION('',(-0.,0.,-1.));
#247 = DIRECTION('',(-0.,-1.,0.));
#248 = FACE_BOUND('',#249,.F.);
#249 = EDGE_LOOP('',(#250));
#250 = ORIENTED_EDGE('',*,*,#251,.T.);
#251 = EDGE_CURVE('',#252,#252,#254,.T.);
#252 = VERTEX_POINT('',#253);
#253 = CARTESIAN_POINT('',(47.5626,20.5256,0.));
#254 = CIRCLE('',#255,0.127);
#255 = AXIS2_PLACEMENT_3D('',#256,#257,#258);
#256 = CARTESIAN_POINT('',(47.5626,20.6526,0.));
#257 = DIRECTION('',(-0.,0.,-1.));
#258 = DIRECTION('',(-0.,-1.,0.));
#259 = FACE_BOUND('',#260,.F.);
#260 = EDGE_LOOP('',(#261));
#261 = ORIENTED_EDGE('',*,*,#262,.T.);
#262 = EDGE_CURVE('',#263,#263,#265,.T.);
#263 = VERTEX_POINT('',#264);
#264 = CARTESIAN_POINT('',(48.35,20.5256,0.));
#265 = CIRCLE('',#266,0.127);
#266 = AXIS2_PLACEMENT_3D('',#267,#268,#269);
#267 = CARTESIAN_POINT('',(48.35,20.6526,0.));
#268 = DIRECTION('',(-0.,0.,-1.));
#269 = DIRECTION('',(5.594824691024E-14,-1.,-0.));
#270 = FACE_BOUND('',#271,.F.);
#271 = EDGE_LOOP('',(#272));
#272 = ORIENTED_EDGE('',*,*,#273,.T.);
#273 = EDGE_CURVE('',#274,#274,#276,.T.);
#274 = VERTEX_POINT('',#275);
#275 = CARTESIAN_POINT('',(54.13,14.2,0.));
#276 = CIRCLE('',#277,0.5);
#277 = AXIS2_PLACEMENT_3D('',#278,#279,#280);
#278 = CARTESIAN_POINT('',(54.13,14.7,0.));
#279 = DIRECTION('',(-0.,0.,-1.));
#280 = DIRECTION('',(-0.,-1.,0.));
#281 = FACE_BOUND('',#282,.F.);
#282 = EDGE_LOOP('',(#283));
#283 = ORIENTED_EDGE('',*,*,#284,.T.);
#284 = EDGE_CURVE('',#285,#285,#287,.T.);
#285 = VERTEX_POINT('',#286);
#286 = CARTESIAN_POINT('',(56.67,14.2,0.));
#287 = CIRCLE('',#288,0.5);
#288 = AXIS2_PLACEMENT_3D('',#289,#290,#291);
#289 = CARTESIAN_POINT('',(56.67,14.7,0.));
#290 = DIRECTION('',(-0.,0.,-1.));
#291 = DIRECTION('',(-0.,-1.,0.));
#292 = FACE_BOUND('',#293,.F.);
#293 = EDGE_LOOP('',(#294));
#294 = ORIENTED_EDGE('',*,*,#295,.T.);
#295 = EDGE_CURVE('',#296,#296,#298,.T.);
#296 = VERTEX_POINT('',#297);
#297 = CARTESIAN_POINT('',(49.1374,20.5256,0.));
#298 = CIRCLE('',#299,0.127);
#299 = AXIS2_PLACEMENT_3D('',#300,#301,#302);
#300 = CARTESIAN_POINT('',(49.1374,20.6526,0.));
#301 = DIRECTION('',(-0.,0.,-1.));
#302 = DIRECTION('',(-0.,-1.,0.));
#303 = FACE_BOUND('',#304,.F.);
#304 = EDGE_LOOP('',(#305));
#305 = ORIENTED_EDGE('',*,*,#306,.T.);
#306 = EDGE_CURVE('',#307,#307,#309,.T.);
#307 = VERTEX_POINT('',#308);
#308 = CARTESIAN_POINT('',(39.23,29.,0.));
#309 = CIRCLE('',#310,0.5);
#310 = AXIS2_PLACEMENT_3D('',#311,#312,#313);
#311 = CARTESIAN_POINT('',(39.23,29.5,0.));
#312 = DIRECTION('',(-0.,0.,-1.));
#313 = DIRECTION('',(-0.,-1.,0.));
#314 = FACE_BOUND('',#315,.F.);
#315 = EDGE_LOOP('',(#316));
#316 = ORIENTED_EDGE('',*,*,#317,.T.);
#317 = EDGE_CURVE('',#318,#318,#320,.T.);
#318 = VERTEX_POINT('',#319);
#319 = CARTESIAN_POINT('',(47.5626,21.313,0.));
#320 = CIRCLE('',#321,0.127);
#321 = AXIS2_PLACEMENT_3D('',#322,#323,#324);
#322 = CARTESIAN_POINT('',(47.5626,21.44,0.));
#323 = DIRECTION('',(-0.,0.,-1.));
#324 = DIRECTION('',(-0.,-1.,0.));
#325 = FACE_BOUND('',#326,.F.);
#326 = EDGE_LOOP('',(#327));
#327 = ORIENTED_EDGE('',*,*,#328,.T.);
#328 = EDGE_CURVE('',#329,#329,#331,.T.);
#329 = VERTEX_POINT('',#330);
#330 = CARTESIAN_POINT('',(48.35,21.313,0.));
#331 = CIRCLE('',#332,0.127);
#332 = AXIS2_PLACEMENT_3D('',#333,#334,#335);
#333 = CARTESIAN_POINT('',(48.35,21.44,0.));
#334 = DIRECTION('',(-0.,0.,-1.));
#335 = DIRECTION('',(5.594824691024E-14,-1.,-0.));
#336 = FACE_BOUND('',#337,.F.);
#337 = EDGE_LOOP('',(#338));
#338 = ORIENTED_EDGE('',*,*,#339,.T.);
#339 = EDGE_CURVE('',#340,#340,#342,.T.);
#340 = VERTEX_POINT('',#341);
#341 = CARTESIAN_POINT('',(47.5626,22.1004,0.));
#342 = CIRCLE('',#343,0.127);
#343 = AXIS2_PLACEMENT_3D('',#344,#345,#346);
#344 = CARTESIAN_POINT('',(47.5626,22.2274,0.));
#345 = DIRECTION('',(-0.,0.,-1.));
#346 = DIRECTION('',(-0.,-1.,0.));
#347 = FACE_BOUND('',#348,.F.);
#348 = EDGE_LOOP('',(#349));
#349 = ORIENTED_EDGE('',*,*,#350,.T.);
#350 = EDGE_CURVE('',#351,#351,#353,.T.);
#351 = VERTEX_POINT('',#352);
#352 = CARTESIAN_POINT('',(48.35,22.1004,0.));
#353 = CIRCLE('',#354,0.127);
#354 = AXIS2_PLACEMENT_3D('',#355,#356,#357);
#355 = CARTESIAN_POINT('',(48.35,22.2274,0.));
#356 = DIRECTION('',(-0.,0.,-1.));
#357 = DIRECTION('',(5.594824691024E-14,-1.,-0.));
#358 = FACE_BOUND('',#359,.F.);
#359 = EDGE_LOOP('',(#360));
#360 = ORIENTED_EDGE('',*,*,#361,.T.);
#361 = EDGE_CURVE('',#362,#362,#364,.T.);
#362 = VERTEX_POINT('',#363);
#363 = CARTESIAN_POINT('',(41.77,29.,0.));
#364 = CIRCLE('',#365,0.5);
#365 = AXIS2_PLACEMENT_3D('',#366,#367,#368);
#366 = CARTESIAN_POINT('',(41.77,29.5,0.));
#367 = DIRECTION('',(-0.,0.,-1.));
#368 = DIRECTION('',(-0.,-1.,0.));
#369 = FACE_BOUND('',#370,.F.);
#370 = EDGE_LOOP('',(#371));
#371 = ORIENTED_EDGE('',*,*,#372,.T.);
#372 = EDGE_CURVE('',#373,#373,#375,.T.);
#373 = VERTEX_POINT('',#374);
#374 = CARTESIAN_POINT('',(49.1374,21.313,0.));
#375 = CIRCLE('',#376,0.127);
#376 = AXIS2_PLACEMENT_3D('',#377,#378,#379);
#377 = CARTESIAN_POINT('',(49.1374,21.44,0.));
#378 = DIRECTION('',(-0.,0.,-1.));
#379 = DIRECTION('',(-0.,-1.,0.));
#380 = FACE_BOUND('',#381,.F.);
#381 = EDGE_LOOP('',(#382));
#382 = ORIENTED_EDGE('',*,*,#383,.T.);
#383 = EDGE_CURVE('',#384,#384,#386,.T.);
#384 = VERTEX_POINT('',#385);
#385 = CARTESIAN_POINT('',(49.1374,22.1004,0.));
#386 = CIRCLE('',#387,0.127);
#387 = AXIS2_PLACEMENT_3D('',#388,#389,#390);
#388 = CARTESIAN_POINT('',(49.1374,22.2274,0.));
#389 = DIRECTION('',(-0.,0.,-1.));
#390 = DIRECTION('',(-0.,-1.,0.));
#391 = FACE_BOUND('',#392,.F.);
#392 = EDGE_LOOP('',(#393));
#393 = ORIENTED_EDGE('',*,*,#394,.T.);
#394 = EDGE_CURVE('',#395,#395,#397,.T.);
#395 = VERTEX_POINT('',#396);
#396 = CARTESIAN_POINT('',(54.13,29.2,0.));
#397 = CIRCLE('',#398,0.5);
#398 = AXIS2_PLACEMENT_3D('',#399,#400,#401);
#399 = CARTESIAN_POINT('',(54.13,29.7,0.));
#400 = DIRECTION('',(-0.,0.,-1.));
#401 = DIRECTION('',(-0.,-1.,0.));
#402 = FACE_BOUND('',#403,.F.);
#403 = EDGE_LOOP('',(#404));
#404 = ORIENTED_EDGE('',*,*,#405,.T.);
#405 = EDGE_CURVE('',#406,#406,#408,.T.);
#406 = VERTEX_POINT('',#407);
#407 = CARTESIAN_POINT('',(56.67,29.2,0.));
#408 = CIRCLE('',#409,0.5);
#409 = AXIS2_PLACEMENT_3D('',#410,#411,#412);
#410 = CARTESIAN_POINT('',(56.67,29.7,0.));
#411 = DIRECTION('',(-0.,0.,-1.));
#412 = DIRECTION('',(-0.,-1.,0.));
#413 = FACE_BOUND('',#414,.F.);
#414 = EDGE_LOOP('',(#415));
#415 = ORIENTED_EDGE('',*,*,#416,.T.);
#416 = EDGE_CURVE('',#417,#417,#419,.T.);
#417 = VERTEX_POINT('',#418);
#418 = CARTESIAN_POINT('',(4.97,45.48,0.));
#419 = CIRCLE('',#420,0.5);
#420 = AXIS2_PLACEMENT_3D('',#421,#422,#423);
#421 = CARTESIAN_POINT('',(4.97,45.98,0.));
#422 = DIRECTION('',(-0.,0.,-1.));
#423 = DIRECTION('',(-0.,-1.,0.));
#424 = FACE_BOUND('',#425,.F.);
#425 = EDGE_LOOP('',(#426));
#426 = ORIENTED_EDGE('',*,*,#427,.T.);
#427 = EDGE_CURVE('',#428,#428,#430,.T.);
#428 = VERTEX_POINT('',#429);
#429 = CARTESIAN_POINT('',(4.97,48.02,0.));
#430 = CIRCLE('',#431,0.5);
#431 = AXIS2_PLACEMENT_3D('',#432,#433,#434);
#432 = CARTESIAN_POINT('',(4.97,48.52,0.));
#433 = DIRECTION('',(-0.,0.,-1.));
#434 = DIRECTION('',(-0.,-1.,0.));
#435 = FACE_BOUND('',#436,.F.);
#436 = EDGE_LOOP('',(#437));
#437 = ORIENTED_EDGE('',*,*,#438,.T.);
#438 = EDGE_CURVE('',#439,#439,#441,.T.);
#439 = VERTEX_POINT('',#440);
#440 = CARTESIAN_POINT('',(4.95,57.21,0.));
#441 = CIRCLE('',#442,0.5);
#442 = AXIS2_PLACEMENT_3D('',#443,#444,#445);
#443 = CARTESIAN_POINT('',(4.95,57.71,0.));
#444 = DIRECTION('',(-0.,0.,-1.));
#445 = DIRECTION('',(-0.,-1.,0.));
#446 = FACE_BOUND('',#447,.F.);
#447 = EDGE_LOOP('',(#448));
#448 = ORIENTED_EDGE('',*,*,#449,.T.);
#449 = EDGE_CURVE('',#450,#450,#452,.T.);
#450 = VERTEX_POINT('',#451);
#451 = CARTESIAN_POINT('',(24.43,43.95,0.));
#452 = CIRCLE('',#453,0.5);
#453 = AXIS2_PLACEMENT_3D('',#454,#455,#456);
#454 = CARTESIAN_POINT('',(24.43,44.45,0.));
#455 = DIRECTION('',(-0.,0.,-1.));
#456 = DIRECTION('',(-0.,-1.,0.));
#457 = FACE_BOUND('',#458,.F.);
#458 = EDGE_LOOP('',(#459));
#459 = ORIENTED_EDGE('',*,*,#460,.T.);
#460 = EDGE_CURVE('',#461,#461,#463,.T.);
#461 = VERTEX_POINT('',#462);
#462 = CARTESIAN_POINT('',(26.97,43.95,0.));
#463 = CIRCLE('',#464,0.5);
#464 = AXIS2_PLACEMENT_3D('',#465,#466,#467);
#465 = CARTESIAN_POINT('',(26.97,44.45,0.));
#466 = DIRECTION('',(-0.,0.,-1.));
#467 = DIRECTION('',(-0.,-1.,0.));
#468 = FACE_BOUND('',#469,.F.);
#469 = EDGE_LOOP('',(#470));
#470 = ORIENTED_EDGE('',*,*,#471,.T.);
#471 = EDGE_CURVE('',#472,#472,#474,.T.);
#472 = VERTEX_POINT('',#473);
#473 = CARTESIAN_POINT('',(4.95,59.75,0.));
#474 = CIRCLE('',#475,0.5);
#475 = AXIS2_PLACEMENT_3D('',#476,#477,#478);
#476 = CARTESIAN_POINT('',(4.95,60.25,0.));
#477 = DIRECTION('',(-0.,0.,-1.));
#478 = DIRECTION('',(-0.,-1.,0.));
#479 = FACE_BOUND('',#480,.F.);
#480 = EDGE_LOOP('',(#481));
#481 = ORIENTED_EDGE('',*,*,#482,.T.);
#482 = EDGE_CURVE('',#483,#483,#485,.T.);
#483 = VERTEX_POINT('',#484);
#484 = CARTESIAN_POINT('',(24.43,58.95,0.));
#485 = CIRCLE('',#486,0.5);
#486 = AXIS2_PLACEMENT_3D('',#487,#488,#489);
#487 = CARTESIAN_POINT('',(24.43,59.45,0.));
#488 = DIRECTION('',(-0.,0.,-1.));
#489 = DIRECTION('',(-0.,-1.,0.));
#490 = FACE_BOUND('',#491,.F.);
#491 = EDGE_LOOP('',(#492));
#492 = ORIENTED_EDGE('',*,*,#493,.T.);
#493 = EDGE_CURVE('',#494,#494,#496,.T.);
#494 = VERTEX_POINT('',#495);
#495 = CARTESIAN_POINT('',(26.97,58.95,0.));
#496 = CIRCLE('',#497,0.5);
#497 = AXIS2_PLACEMENT_3D('',#498,#499,#500);
#498 = CARTESIAN_POINT('',(26.97,59.45,0.));
#499 = DIRECTION('',(-0.,0.,-1.));
#500 = DIRECTION('',(-0.,-1.,0.));
#501 = FACE_BOUND('',#502,.F.);
#502 = EDGE_LOOP('',(#503));
#503 = ORIENTED_EDGE('',*,*,#504,.T.);
#504 = EDGE_CURVE('',#505,#505,#507,.T.);
#505 = VERTEX_POINT('',#506);
#506 = CARTESIAN_POINT('',(39.43,43.95,0.));
#507 = CIRCLE('',#508,0.5);
#508 = AXIS2_PLACEMENT_3D('',#509,#510,#511);
#509 = CARTESIAN_POINT('',(39.43,44.45,0.));
#510 = DIRECTION('',(-0.,0.,-1.));
#511 = DIRECTION('',(-0.,-1.,0.));
#512 = FACE_BOUND('',#513,.F.);
#513 = EDGE_LOOP('',(#514));
#514 = ORIENTED_EDGE('',*,*,#515,.T.);
#515 = EDGE_CURVE('',#516,#516,#518,.T.);
#516 = VERTEX_POINT('',#517);
#517 = CARTESIAN_POINT('',(41.97,43.95,0.));
#518 = CIRCLE('',#519,0.5);
#519 = AXIS2_PLACEMENT_3D('',#520,#521,#522);
#520 = CARTESIAN_POINT('',(41.97,44.45,0.));
#521 = DIRECTION('',(-0.,0.,-1.));
#522 = DIRECTION('',(-0.,-1.,0.));
#523 = FACE_BOUND('',#524,.F.);
#524 = EDGE_LOOP('',(#525));
#525 = ORIENTED_EDGE('',*,*,#526,.T.);
#526 = EDGE_CURVE('',#527,#527,#529,.T.);
#527 = VERTEX_POINT('',#528);
#528 = CARTESIAN_POINT('',(47.8726,49.6256,0.));
#529 = CIRCLE('',#530,0.127);
#530 = AXIS2_PLACEMENT_3D('',#531,#532,#533);
#531 = CARTESIAN_POINT('',(47.8726,49.7526,0.));
#532 = DIRECTION('',(-0.,0.,-1.));
#533 = DIRECTION('',(-5.594824691025E-14,-1.,0.));
#534 = FACE_BOUND('',#535,.F.);
#535 = EDGE_LOOP('',(#536));
#536 = ORIENTED_EDGE('',*,*,#537,.T.);
#537 = EDGE_CURVE('',#538,#538,#540,.T.);
#538 = VERTEX_POINT('',#539);
#539 = CARTESIAN_POINT('',(48.66,49.6256,0.));
#540 = CIRCLE('',#541,0.127);
#541 = AXIS2_PLACEMENT_3D('',#542,#543,#544);
#542 = CARTESIAN_POINT('',(48.66,49.7526,0.));
#543 = DIRECTION('',(-0.,0.,-1.));
#544 = DIRECTION('',(-0.,-1.,0.));
#545 = FACE_BOUND('',#546,.F.);
#546 = EDGE_LOOP('',(#547));
#547 = ORIENTED_EDGE('',*,*,#548,.T.);
#548 = EDGE_CURVE('',#549,#549,#551,.T.);
#549 = VERTEX_POINT('',#550);
#550 = CARTESIAN_POINT('',(47.8726,50.413,0.));
#551 = CIRCLE('',#552,0.127);
#552 = AXIS2_PLACEMENT_3D('',#553,#554,#555);
#553 = CARTESIAN_POINT('',(47.8726,50.54,0.));
#554 = DIRECTION('',(-0.,0.,-1.));
#555 = DIRECTION('',(-5.594824691025E-14,-1.,0.));
#556 = FACE_BOUND('',#557,.F.);
#557 = EDGE_LOOP('',(#558));
#558 = ORIENTED_EDGE('',*,*,#559,.T.);
#559 = EDGE_CURVE('',#560,#560,#562,.T.);
#560 = VERTEX_POINT('',#561);
#561 = CARTESIAN_POINT('',(48.66,50.413,0.));
#562 = CIRCLE('',#563,0.127);
#563 = AXIS2_PLACEMENT_3D('',#564,#565,#566);
#564 = CARTESIAN_POINT('',(48.66,50.54,0.));
#565 = DIRECTION('',(-0.,0.,-1.));
#566 = DIRECTION('',(-0.,-1.,0.));
#567 = FACE_BOUND('',#568,.F.);
#568 = EDGE_LOOP('',(#569));
#569 = ORIENTED_EDGE('',*,*,#570,.T.);
#570 = EDGE_CURVE('',#571,#571,#573,.T.);
#571 = VERTEX_POINT('',#572);
#572 = CARTESIAN_POINT('',(47.8726,51.2004,0.));
#573 = CIRCLE('',#574,0.127);
#574 = AXIS2_PLACEMENT_3D('',#575,#576,#577);
#575 = CARTESIAN_POINT('',(47.8726,51.3274,0.));
#576 = DIRECTION('',(-0.,0.,-1.));
#577 = DIRECTION('',(-5.594824691025E-14,-1.,0.));
#578 = FACE_BOUND('',#579,.F.);
#579 = EDGE_LOOP('',(#580));
#580 = ORIENTED_EDGE('',*,*,#581,.T.);
#581 = EDGE_CURVE('',#582,#582,#584,.T.);
#582 = VERTEX_POINT('',#583);
#583 = CARTESIAN_POINT('',(48.66,51.2004,0.));
#584 = CIRCLE('',#585,0.127);
#585 = AXIS2_PLACEMENT_3D('',#586,#587,#588);
#586 = CARTESIAN_POINT('',(48.66,51.3274,0.));
#587 = DIRECTION('',(-0.,0.,-1.));
#588 = DIRECTION('',(-0.,-1.,0.));
#589 = FACE_BOUND('',#590,.F.);
#590 = EDGE_LOOP('',(#591));
#591 = ORIENTED_EDGE('',*,*,#592,.T.);
#592 = EDGE_CURVE('',#593,#593,#595,.T.);
#593 = VERTEX_POINT('',#594);
#594 = CARTESIAN_POINT('',(54.23,44.,0.));
#595 = CIRCLE('',#596,0.5);
#596 = AXIS2_PLACEMENT_3D('',#597,#598,#599);
#597 = CARTESIAN_POINT('',(54.23,44.5,0.));
#598 = DIRECTION('',(-0.,0.,-1.));
#599 = DIRECTION('',(-0.,-1.,0.));
#600 = FACE_BOUND('',#601,.F.);
#601 = EDGE_LOOP('',(#602));
#602 = ORIENTED_EDGE('',*,*,#603,.T.);
#603 = EDGE_CURVE('',#604,#604,#606,.T.);
#604 = VERTEX_POINT('',#605);
#605 = CARTESIAN_POINT('',(56.77,44.,0.));
#606 = CIRCLE('',#607,0.5);
#607 = AXIS2_PLACEMENT_3D('',#608,#609,#610);
#608 = CARTESIAN_POINT('',(56.77,44.5,0.));
#609 = DIRECTION('',(-0.,0.,-1.));
#610 = DIRECTION('',(-0.,-1.,0.));
#611 = FACE_BOUND('',#612,.F.);
#612 = EDGE_LOOP('',(#613));
#613 = ORIENTED_EDGE('',*,*,#614,.T.);
#614 = EDGE_CURVE('',#615,#615,#617,.T.);
#615 = VERTEX_POINT('',#616);
#616 = CARTESIAN_POINT('',(49.4474,49.6256,0.));
#617 = CIRCLE('',#618,0.127);
#618 = AXIS2_PLACEMENT_3D('',#619,#620,#621);
#619 = CARTESIAN_POINT('',(49.4474,49.7526,0.));
#620 = DIRECTION('',(-0.,0.,-1.));
#621 = DIRECTION('',(-0.,-1.,0.));
#622 = FACE_BOUND('',#623,.F.);
#623 = EDGE_LOOP('',(#624));
#624 = ORIENTED_EDGE('',*,*,#625,.T.);
#625 = EDGE_CURVE('',#626,#626,#628,.T.);
#626 = VERTEX_POINT('',#627);
#627 = CARTESIAN_POINT('',(49.4474,50.413,0.));
#628 = CIRCLE('',#629,0.127);
#629 = AXIS2_PLACEMENT_3D('',#630,#631,#632);
#630 = CARTESIAN_POINT('',(49.4474,50.54,0.));
#631 = DIRECTION('',(-0.,0.,-1.));
#632 = DIRECTION('',(-0.,-1.,0.));
#633 = FACE_BOUND('',#634,.F.);
#634 = EDGE_LOOP('',(#635));
#635 = ORIENTED_EDGE('',*,*,#636,.T.);
#636 = EDGE_CURVE('',#637,#637,#639,.T.);
#637 = VERTEX_POINT('',#638);
#638 = CARTESIAN_POINT('',(49.4474,51.2004,0.));
#639 = CIRCLE('',#640,0.127);
#640 = AXIS2_PLACEMENT_3D('',#641,#642,#643);
#641 = CARTESIAN_POINT('',(49.4474,51.3274,0.));
#642 = DIRECTION('',(-0.,0.,-1.));
#643 = DIRECTION('',(-0.,-1.,0.));
#644 = FACE_BOUND('',#645,.F.);
#645 = EDGE_LOOP('',(#646));
#646 = ORIENTED_EDGE('',*,*,#647,.T.);
#647 = EDGE_CURVE('',#648,#648,#650,.T.);
#648 = VERTEX_POINT('',#649);
#649 = CARTESIAN_POINT('',(39.43,58.95,0.));
#650 = CIRCLE('',#651,0.5);
#651 = AXIS2_PLACEMENT_3D('',#652,#653,#654);
#652 = CARTESIAN_POINT('',(39.43,59.45,0.));
#653 = DIRECTION('',(-0.,0.,-1.));
#654 = DIRECTION('',(-0.,-1.,0.));
#655 = FACE_BOUND('',#656,.F.);
#656 = EDGE_LOOP('',(#657));
#657 = ORIENTED_EDGE('',*,*,#658,.T.);
#658 = EDGE_CURVE('',#659,#659,#661,.T.);
#659 = VERTEX_POINT('',#660);
#660 = CARTESIAN_POINT('',(41.97,58.95,0.));
#661 = CIRCLE('',#662,0.5);
#662 = AXIS2_PLACEMENT_3D('',#663,#664,#665);
#663 = CARTESIAN_POINT('',(41.97,59.45,0.));
#664 = DIRECTION('',(-0.,0.,-1.));
#665 = DIRECTION('',(-0.,-1.,0.));
#666 = FACE_BOUND('',#667,.F.);
#667 = EDGE_LOOP('',(#668));
#668 = ORIENTED_EDGE('',*,*,#669,.T.);
#669 = EDGE_CURVE('',#670,#670,#672,.T.);
#670 = VERTEX_POINT('',#671);
#671 = CARTESIAN_POINT('',(54.23,59.,0.));
#672 = CIRCLE('',#673,0.5);
#673 = AXIS2_PLACEMENT_3D('',#674,#675,#676);
#674 = CARTESIAN_POINT('',(54.23,59.5,0.));
#675 = DIRECTION('',(-0.,0.,-1.));
#676 = DIRECTION('',(-0.,-1.,0.));
#677 = FACE_BOUND('',#678,.F.);
#678 = EDGE_LOOP('',(#679));
#679 = ORIENTED_EDGE('',*,*,#680,.T.);
#680 = EDGE_CURVE('',#681,#681,#683,.T.);
#681 = VERTEX_POINT('',#682);
#682 = CARTESIAN_POINT('',(56.77,59.,0.));
#683 = CIRCLE('',#684,0.5);
#684 = AXIS2_PLACEMENT_3D('',#685,#686,#687);
#685 = CARTESIAN_POINT('',(56.77,59.5,0.));
#686 = DIRECTION('',(-0.,0.,-1.));
#687 = DIRECTION('',(-0.,-1.,0.));
#688 = FACE_BOUND('',#689,.F.);
#689 = EDGE_LOOP('',(#690));
#690 = ORIENTED_EDGE('',*,*,#691,.T.);
#691 = EDGE_CURVE('',#692,#692,#694,.T.);
#692 = VERTEX_POINT('',#693);
#693 = CARTESIAN_POINT('',(58.72,72.862,0.));
#694 = CIRCLE('',#695,0.508);
#695 = AXIS2_PLACEMENT_3D('',#696,#697,#698);
#696 = CARTESIAN_POINT('',(58.72,73.37,0.));
#697 = DIRECTION('',(-0.,0.,-1.));
#698 = DIRECTION('',(-0.,-1.,0.));
#699 = FACE_BOUND('',#700,.F.);
#700 = EDGE_LOOP('',(#701));
#701 = ORIENTED_EDGE('',*,*,#702,.T.);
#702 = EDGE_CURVE('',#703,#703,#705,.T.);
#703 = VERTEX_POINT('',#704);
#704 = CARTESIAN_POINT('',(58.72,75.402,0.));
#705 = CIRCLE('',#706,0.508);
#706 = AXIS2_PLACEMENT_3D('',#707,#708,#709);
#707 = CARTESIAN_POINT('',(58.72,75.91,0.));
#708 = DIRECTION('',(-0.,0.,-1.));
#709 = DIRECTION('',(-0.,-1.,0.));
#710 = FACE_BOUND('',#711,.F.);
#711 = EDGE_LOOP('',(#712));
#712 = ORIENTED_EDGE('',*,*,#713,.T.);
#713 = EDGE_CURVE('',#714,#714,#716,.T.);
#714 = VERTEX_POINT('',#715);
#715 = CARTESIAN_POINT('',(69.13,14.2,0.));
#716 = CIRCLE('',#717,0.5);
#717 = AXIS2_PLACEMENT_3D('',#718,#719,#720);
#718 = CARTESIAN_POINT('',(69.13,14.7,0.));
#719 = DIRECTION('',(-0.,0.,-1.));
#720 = DIRECTION('',(-0.,-1.,0.));
#721 = FACE_BOUND('',#722,.F.);
#722 = EDGE_LOOP('',(#723));
#723 = ORIENTED_EDGE('',*,*,#724,.T.);
#724 = EDGE_CURVE('',#725,#725,#727,.T.);
#725 = VERTEX_POINT('',#726);
#726 = CARTESIAN_POINT('',(71.67,14.2,0.));
#727 = CIRCLE('',#728,0.5);
#728 = AXIS2_PLACEMENT_3D('',#729,#730,#731);
#729 = CARTESIAN_POINT('',(71.67,14.7,0.));
#730 = DIRECTION('',(-0.,0.,-1.));
#731 = DIRECTION('',(-0.,-1.,0.));
#732 = FACE_BOUND('',#733,.F.);
#733 = EDGE_LOOP('',(#734));
#734 = ORIENTED_EDGE('',*,*,#735,.T.);
#735 = EDGE_CURVE('',#736,#736,#738,.T.);
#736 = VERTEX_POINT('',#737);
#737 = CARTESIAN_POINT('',(82.594834,19.522253,0.));
#738 = CIRCLE('',#739,0.5);
#739 = AXIS2_PLACEMENT_3D('',#740,#741,#742);
#740 = CARTESIAN_POINT('',(82.594834,20.022253,0.));
#741 = DIRECTION('',(-0.,0.,-1.));
#742 = DIRECTION('',(-0.,-1.,0.));
#743 = FACE_BOUND('',#744,.F.);
#744 = EDGE_LOOP('',(#745));
#745 = ORIENTED_EDGE('',*,*,#746,.T.);
#746 = EDGE_CURVE('',#747,#747,#749,.T.);
#747 = VERTEX_POINT('',#748);
#748 = CARTESIAN_POINT('',(85.134834,19.522253,0.));
#749 = CIRCLE('',#750,0.5);
#750 = AXIS2_PLACEMENT_3D('',#751,#752,#753);
#751 = CARTESIAN_POINT('',(85.134834,20.022253,0.));
#752 = DIRECTION('',(-0.,0.,-1.));
#753 = DIRECTION('',(-0.,-1.,0.));
#754 = FACE_BOUND('',#755,.F.);
#755 = EDGE_LOOP('',(#756));
#756 = ORIENTED_EDGE('',*,*,#757,.T.);
#757 = EDGE_CURVE('',#758,#758,#760,.T.);
#758 = VERTEX_POINT('',#759);
#759 = CARTESIAN_POINT('',(87.674834,19.522253,0.));
#760 = CIRCLE('',#761,0.5);
#761 = AXIS2_PLACEMENT_3D('',#762,#763,#764);
#762 = CARTESIAN_POINT('',(87.674834,20.022253,0.));
#763 = DIRECTION('',(-0.,0.,-1.));
#764 = DIRECTION('',(-0.,-1.,0.));
#765 = FACE_BOUND('',#766,.F.);
#766 = EDGE_LOOP('',(#767));
#767 = ORIENTED_EDGE('',*,*,#768,.T.);
#768 = EDGE_CURVE('',#769,#769,#771,.T.);
#769 = VERTEX_POINT('',#770);
#770 = CARTESIAN_POINT('',(92.443334,19.441656,0.));
#771 = CIRCLE('',#772,0.5);
#772 = AXIS2_PLACEMENT_3D('',#773,#774,#775);
#773 = CARTESIAN_POINT('',(92.443334,19.941656,0.));
#774 = DIRECTION('',(-0.,0.,-1.));
#775 = DIRECTION('',(-0.,-1.,0.));
#776 = FACE_BOUND('',#777,.F.);
#777 = EDGE_LOOP('',(#778));
#778 = ORIENTED_EDGE('',*,*,#779,.T.);
#779 = EDGE_CURVE('',#780,#780,#782,.T.);
#780 = VERTEX_POINT('',#781);
#781 = CARTESIAN_POINT('',(94.983334,19.441656,0.));
#782 = CIRCLE('',#783,0.5);
#783 = AXIS2_PLACEMENT_3D('',#784,#785,#786);
#784 = CARTESIAN_POINT('',(94.983334,19.941656,0.));
#785 = DIRECTION('',(-0.,0.,-1.));
#786 = DIRECTION('',(-0.,-1.,0.));
#787 = FACE_BOUND('',#788,.F.);
#788 = EDGE_LOOP('',(#789));
#789 = ORIENTED_EDGE('',*,*,#790,.T.);
#790 = EDGE_CURVE('',#791,#791,#793,.T.);
#791 = VERTEX_POINT('',#792);
#792 = CARTESIAN_POINT('',(69.13,29.2,0.));
#793 = CIRCLE('',#794,0.5);
#794 = AXIS2_PLACEMENT_3D('',#795,#796,#797);
#795 = CARTESIAN_POINT('',(69.13,29.7,0.));
#796 = DIRECTION('',(-0.,0.,-1.));
#797 = DIRECTION('',(-0.,-1.,0.));
#798 = FACE_BOUND('',#799,.F.);
#799 = EDGE_LOOP('',(#800));
#800 = ORIENTED_EDGE('',*,*,#801,.T.);
#801 = EDGE_CURVE('',#802,#802,#804,.T.);
#802 = VERTEX_POINT('',#803);
#803 = CARTESIAN_POINT('',(71.67,29.2,0.));
#804 = CIRCLE('',#805,0.5);
#805 = AXIS2_PLACEMENT_3D('',#806,#807,#808);
#806 = CARTESIAN_POINT('',(71.67,29.7,0.));
#807 = DIRECTION('',(-0.,0.,-1.));
#808 = DIRECTION('',(-0.,-1.,0.));
#809 = FACE_BOUND('',#810,.F.);
#810 = EDGE_LOOP('',(#811));
#811 = ORIENTED_EDGE('',*,*,#812,.T.);
#812 = EDGE_CURVE('',#813,#813,#815,.T.);
#813 = VERTEX_POINT('',#814);
#814 = CARTESIAN_POINT('',(97.523334,19.441656,0.));
#815 = CIRCLE('',#816,0.5);
#816 = AXIS2_PLACEMENT_3D('',#817,#818,#819);
#817 = CARTESIAN_POINT('',(97.523334,19.941656,0.));
#818 = DIRECTION('',(-0.,0.,-1.));
#819 = DIRECTION('',(-0.,-1.,0.));
#820 = FACE_BOUND('',#821,.F.);
#821 = EDGE_LOOP('',(#822));
#822 = ORIENTED_EDGE('',*,*,#823,.T.);
#823 = EDGE_CURVE('',#824,#824,#826,.T.);
#824 = VERTEX_POINT('',#825);
#825 = CARTESIAN_POINT('',(102.523256,19.36345,0.));
#826 = CIRCLE('',#827,0.5);
#827 = AXIS2_PLACEMENT_3D('',#828,#829,#830);
#828 = CARTESIAN_POINT('',(102.523256,19.86345,0.));
#829 = DIRECTION('',(-0.,0.,-1.));
#830 = DIRECTION('',(-0.,-1.,0.));
#831 = FACE_BOUND('',#832,.F.);
#832 = EDGE_LOOP('',(#833));
#833 = ORIENTED_EDGE('',*,*,#834,.T.);
#834 = EDGE_CURVE('',#835,#835,#837,.T.);
#835 = VERTEX_POINT('',#836);
#836 = CARTESIAN_POINT('',(105.063256,19.36345,0.));
#837 = CIRCLE('',#838,0.5);
#838 = AXIS2_PLACEMENT_3D('',#839,#840,#841);
#839 = CARTESIAN_POINT('',(105.063256,19.86345,0.));
#840 = DIRECTION('',(-0.,0.,-1.));
#841 = DIRECTION('',(-0.,-1.,0.));
#842 = FACE_BOUND('',#843,.F.);
#843 = EDGE_LOOP('',(#844));
#844 = ORIENTED_EDGE('',*,*,#845,.T.);
#845 = EDGE_CURVE('',#846,#846,#848,.T.);
#846 = VERTEX_POINT('',#847);
#847 = CARTESIAN_POINT('',(107.603256,19.36345,0.));
#848 = CIRCLE('',#849,0.5);
#849 = AXIS2_PLACEMENT_3D('',#850,#851,#852);
#850 = CARTESIAN_POINT('',(107.603256,19.86345,0.));
#851 = DIRECTION('',(-0.,0.,-1.));
#852 = DIRECTION('',(-0.,-1.,0.));
#853 = FACE_BOUND('',#854,.F.);
#854 = EDGE_LOOP('',(#855));
#855 = ORIENTED_EDGE('',*,*,#856,.T.);
#856 = EDGE_CURVE('',#857,#857,#859,.T.);
#857 = VERTEX_POINT('',#858);
#858 = CARTESIAN_POINT('',(112.310165,19.42435,0.));
#859 = CIRCLE('',#860,0.5);
#860 = AXIS2_PLACEMENT_3D('',#861,#862,#863);
#861 = CARTESIAN_POINT('',(112.310165,19.92435,0.));
#862 = DIRECTION('',(-0.,0.,-1.));
#863 = DIRECTION('',(-0.,-1.,0.));
#864 = FACE_BOUND('',#865,.F.);
#865 = EDGE_LOOP('',(#866));
#866 = ORIENTED_EDGE('',*,*,#867,.T.);
#867 = EDGE_CURVE('',#868,#868,#870,.T.);
#868 = VERTEX_POINT('',#869);
#869 = CARTESIAN_POINT('',(114.850165,19.42435,0.));
#870 = CIRCLE('',#871,0.5);
#871 = AXIS2_PLACEMENT_3D('',#872,#873,#874);
#872 = CARTESIAN_POINT('',(114.850165,19.92435,0.));
#873 = DIRECTION('',(-0.,0.,-1.));
#874 = DIRECTION('',(-0.,-1.,0.));
#875 = FACE_BOUND('',#876,.F.);
#876 = EDGE_LOOP('',(#877));
#877 = ORIENTED_EDGE('',*,*,#878,.T.);
#878 = EDGE_CURVE('',#879,#879,#881,.T.);
#879 = VERTEX_POINT('',#880);
#880 = CARTESIAN_POINT('',(117.390165,19.42435,0.));
#881 = CIRCLE('',#882,0.5);
#882 = AXIS2_PLACEMENT_3D('',#883,#884,#885);
#883 = CARTESIAN_POINT('',(117.390165,19.92435,0.));
#884 = DIRECTION('',(-0.,0.,-1.));
#885 = DIRECTION('',(-0.,-1.,0.));
#886 = FACE_BOUND('',#887,.F.);
#887 = EDGE_LOOP('',(#888));
#888 = ORIENTED_EDGE('',*,*,#889,.T.);
#889 = EDGE_CURVE('',#890,#890,#892,.T.);
#890 = VERTEX_POINT('',#891);
#891 = CARTESIAN_POINT('',(69.23,44.,0.));
#892 = CIRCLE('',#893,0.5);
#893 = AXIS2_PLACEMENT_3D('',#894,#895,#896);
#894 = CARTESIAN_POINT('',(69.23,44.5,0.));
#895 = DIRECTION('',(-0.,0.,-1.));
#896 = DIRECTION('',(-0.,-1.,0.));
#897 = FACE_BOUND('',#898,.F.);
#898 = EDGE_LOOP('',(#899));
#899 = ORIENTED_EDGE('',*,*,#900,.T.);
#900 = EDGE_CURVE('',#901,#901,#903,.T.);
#901 = VERTEX_POINT('',#902);
#902 = CARTESIAN_POINT('',(71.77,44.,0.));
#903 = CIRCLE('',#904,0.5);
#904 = AXIS2_PLACEMENT_3D('',#905,#906,#907);
#905 = CARTESIAN_POINT('',(71.77,44.5,0.));
#906 = DIRECTION('',(-0.,0.,-1.));
#907 = DIRECTION('',(-0.,-1.,0.));
#908 = FACE_BOUND('',#909,.F.);
#909 = EDGE_LOOP('',(#910));
#910 = ORIENTED_EDGE('',*,*,#911,.T.);
#911 = EDGE_CURVE('',#912,#912,#914,.T.);
#912 = VERTEX_POINT('',#913);
#913 = CARTESIAN_POINT('',(82.33489,54.583209,0.));
#914 = CIRCLE('',#915,0.5);
#915 = AXIS2_PLACEMENT_3D('',#916,#917,#918);
#916 = CARTESIAN_POINT('',(82.33489,55.083209,0.));
#917 = DIRECTION('',(-0.,0.,-1.));
#918 = DIRECTION('',(-0.,-1.,0.));
#919 = FACE_BOUND('',#920,.F.);
#920 = EDGE_LOOP('',(#921));
#921 = ORIENTED_EDGE('',*,*,#922,.T.);
#922 = EDGE_CURVE('',#923,#923,#925,.T.);
#923 = VERTEX_POINT('',#924);
#924 = CARTESIAN_POINT('',(84.87489,54.583209,0.));
#925 = CIRCLE('',#926,0.5);
#926 = AXIS2_PLACEMENT_3D('',#927,#928,#929);
#927 = CARTESIAN_POINT('',(84.87489,55.083209,0.));
#928 = DIRECTION('',(-0.,0.,-1.));
#929 = DIRECTION('',(-0.,-1.,0.));
#930 = FACE_BOUND('',#931,.F.);
#931 = EDGE_LOOP('',(#932));
#932 = ORIENTED_EDGE('',*,*,#933,.T.);
#933 = EDGE_CURVE('',#934,#934,#936,.T.);
#934 = VERTEX_POINT('',#935);
#935 = CARTESIAN_POINT('',(87.41489,54.583209,0.));
#936 = CIRCLE('',#937,0.5);
#937 = AXIS2_PLACEMENT_3D('',#938,#939,#940);
#938 = CARTESIAN_POINT('',(87.41489,55.083209,0.));
#939 = DIRECTION('',(-0.,0.,-1.));
#940 = DIRECTION('',(-0.,-1.,0.));
#941 = FACE_BOUND('',#942,.F.);
#942 = EDGE_LOOP('',(#943));
#943 = ORIENTED_EDGE('',*,*,#944,.T.);
#944 = EDGE_CURVE('',#945,#945,#947,.T.);
#945 = VERTEX_POINT('',#946);
#946 = CARTESIAN_POINT('',(92.294228,54.57385,0.));
#947 = CIRCLE('',#948,0.5);
#948 = AXIS2_PLACEMENT_3D('',#949,#950,#951);
#949 = CARTESIAN_POINT('',(92.294228,55.07385,0.));
#950 = DIRECTION('',(-0.,0.,-1.));
#951 = DIRECTION('',(-0.,-1.,0.));
#952 = FACE_BOUND('',#953,.F.);
#953 = EDGE_LOOP('',(#954));
#954 = ORIENTED_EDGE('',*,*,#955,.T.);
#955 = EDGE_CURVE('',#956,#956,#958,.T.);
#956 = VERTEX_POINT('',#957);
#957 = CARTESIAN_POINT('',(94.834228,54.57385,0.));
#958 = CIRCLE('',#959,0.5);
#959 = AXIS2_PLACEMENT_3D('',#960,#961,#962);
#960 = CARTESIAN_POINT('',(94.834228,55.07385,0.));
#961 = DIRECTION('',(-0.,0.,-1.));
#962 = DIRECTION('',(-0.,-1.,0.));
#963 = FACE_BOUND('',#964,.F.);
#964 = EDGE_LOOP('',(#965));
#965 = ORIENTED_EDGE('',*,*,#966,.T.);
#966 = EDGE_CURVE('',#967,#967,#969,.T.);
#967 = VERTEX_POINT('',#968);
#968 = CARTESIAN_POINT('',(69.23,59.,0.));
#969 = CIRCLE('',#970,0.5);
#970 = AXIS2_PLACEMENT_3D('',#971,#972,#973);
#971 = CARTESIAN_POINT('',(69.23,59.5,0.));
#972 = DIRECTION('',(-0.,0.,-1.));
#973 = DIRECTION('',(-0.,-1.,0.));
#974 = FACE_BOUND('',#975,.F.);
#975 = EDGE_LOOP('',(#976));
#976 = ORIENTED_EDGE('',*,*,#977,.T.);
#977 = EDGE_CURVE('',#978,#978,#980,.T.);
#978 = VERTEX_POINT('',#979);
#979 = CARTESIAN_POINT('',(71.77,59.,0.));
#980 = CIRCLE('',#981,0.5);
#981 = AXIS2_PLACEMENT_3D('',#982,#983,#984);
#982 = CARTESIAN_POINT('',(71.77,59.5,0.));
#983 = DIRECTION('',(-0.,0.,-1.));
#984 = DIRECTION('',(-0.,-1.,0.));
#985 = FACE_BOUND('',#986,.F.);
#986 = EDGE_LOOP('',(#987));
#987 = ORIENTED_EDGE('',*,*,#988,.T.);
#988 = EDGE_CURVE('',#989,#989,#991,.T.);
#989 = VERTEX_POINT('',#990);
#990 = CARTESIAN_POINT('',(64.92,75.362,0.));
#991 = CIRCLE('',#992,0.508);
#992 = AXIS2_PLACEMENT_3D('',#993,#994,#995);
#993 = CARTESIAN_POINT('',(64.92,75.87,0.));
#994 = DIRECTION('',(-0.,0.,-1.));
#995 = DIRECTION('',(-0.,-1.,0.));
#996 = FACE_BOUND('',#997,.F.);
#997 = EDGE_LOOP('',(#998));
#998 = ORIENTED_EDGE('',*,*,#999,.T.);
#999 = EDGE_CURVE('',#1000,#1000,#1002,.T.);
#1000 = VERTEX_POINT('',#1001);
#1001 = CARTESIAN_POINT('',(70.47,75.292,0.));
#1002 = CIRCLE('',#1003,0.508);
#1003 = AXIS2_PLACEMENT_3D('',#1004,#1005,#1006);
#1004 = CARTESIAN_POINT('',(70.47,75.8,0.));
#1005 = DIRECTION('',(-0.,0.,-1.));
#1006 = DIRECTION('',(-0.,-1.,0.));
#1007 = FACE_BOUND('',#1008,.F.);
#1008 = EDGE_LOOP('',(#1009));
#1009 = ORIENTED_EDGE('',*,*,#1010,.T.);
#1010 = EDGE_CURVE('',#1011,#1011,#1013,.T.);
#1011 = VERTEX_POINT('',#1012);
#1012 = CARTESIAN_POINT('',(97.374228,54.57385,0.));
#1013 = CIRCLE('',#1014,0.5);
#1014 = AXIS2_PLACEMENT_3D('',#1015,#1016,#1017);
#1015 = CARTESIAN_POINT('',(97.374228,55.07385,0.));
#1016 = DIRECTION('',(-0.,0.,-1.));
#1017 = DIRECTION('',(-0.,-1.,0.));
#1018 = FACE_BOUND('',#1019,.F.);
#1019 = EDGE_LOOP('',(#1020));
#1020 = ORIENTED_EDGE('',*,*,#1021,.T.);
#1021 = EDGE_CURVE('',#1022,#1022,#1024,.T.);
#1022 = VERTEX_POINT('',#1023);
#1023 = CARTESIAN_POINT('',(102.46439,54.602053,0.));
#1024 = CIRCLE('',#1025,0.5);
#1025 = AXIS2_PLACEMENT_3D('',#1026,#1027,#1028);
#1026 = CARTESIAN_POINT('',(102.46439,55.102053,0.));
#1027 = DIRECTION('',(-0.,0.,-1.));
#1028 = DIRECTION('',(-0.,-1.,0.));
#1029 = FACE_BOUND('',#1030,.F.);
#1030 = EDGE_LOOP('',(#1031));
#1031 = ORIENTED_EDGE('',*,*,#1032,.T.);
#1032 = EDGE_CURVE('',#1033,#1033,#1035,.T.);
#1033 = VERTEX_POINT('',#1034);
#1034 = CARTESIAN_POINT('',(105.00439,54.602053,0.));
#1035 = CIRCLE('',#1036,0.5);
#1036 = AXIS2_PLACEMENT_3D('',#1037,#1038,#1039);
#1037 = CARTESIAN_POINT('',(105.00439,55.102053,0.));
#1038 = DIRECTION('',(-0.,0.,-1.));
#1039 = DIRECTION('',(-0.,-1.,0.));
#1040 = FACE_BOUND('',#1041,.F.);
#1041 = EDGE_LOOP('',(#1042));
#1042 = ORIENTED_EDGE('',*,*,#1043,.T.);
#1043 = EDGE_CURVE('',#1044,#1044,#1046,.T.);
#1044 = VERTEX_POINT('',#1045);
#1045 = CARTESIAN_POINT('',(107.54439,54.602053,0.));
#1046 = CIRCLE('',#1047,0.5);
#1047 = AXIS2_PLACEMENT_3D('',#1048,#1049,#1050);
#1048 = CARTESIAN_POINT('',(107.54439,55.102053,0.));
#1049 = DIRECTION('',(-0.,0.,-1.));
#1050 = DIRECTION('',(-0.,-1.,0.));
#1051 = FACE_BOUND('',#1052,.F.);
#1052 = EDGE_LOOP('',(#1053));
#1053 = ORIENTED_EDGE('',*,*,#1054,.T.);
#1054 = EDGE_CURVE('',#1055,#1055,#1057,.T.);
#1055 = VERTEX_POINT('',#1056);
#1056 = CARTESIAN_POINT('',(112.481303,54.500128,0.));
#1057 = CIRCLE('',#1058,0.5);
#1058 = AXIS2_PLACEMENT_3D('',#1059,#1060,#1061);
#1059 = CARTESIAN_POINT('',(112.481303,55.000128,0.));
#1060 = DIRECTION('',(-0.,0.,-1.));
#1061 = DIRECTION('',(-0.,-1.,0.));
#1062 = FACE_BOUND('',#1063,.F.);
#1063 = EDGE_LOOP('',(#1064));
#1064 = ORIENTED_EDGE('',*,*,#1065,.T.);
#1065 = EDGE_CURVE('',#1066,#1066,#1068,.T.);
#1066 = VERTEX_POINT('',#1067);
#1067 = CARTESIAN_POINT('',(115.021303,54.500128,0.));
#1068 = CIRCLE('',#1069,0.5);
#1069 = AXIS2_PLACEMENT_3D('',#1070,#1071,#1072);
#1070 = CARTESIAN_POINT('',(115.021303,55.000128,0.));
#1071 = DIRECTION('',(-0.,0.,-1.));
#1072 = DIRECTION('',(-0.,-1.,0.));
#1073 = FACE_BOUND('',#1074,.F.);
#1074 = EDGE_LOOP('',(#1075));
#1075 = ORIENTED_EDGE('',*,*,#1076,.T.);
#1076 = EDGE_CURVE('',#1077,#1077,#1079,.T.);
#1077 = VERTEX_POINT('',#1078);
#1078 = CARTESIAN_POINT('',(117.561303,54.500128,0.));
#1079 = CIRCLE('',#1080,0.5);
#1080 = AXIS2_PLACEMENT_3D('',#1081,#1082,#1083);
#1081 = CARTESIAN_POINT('',(117.561303,55.000128,0.));
#1082 = DIRECTION('',(-0.,0.,-1.));
#1083 = DIRECTION('',(-0.,-1.,0.));
#1084 = FACE_BOUND('',#1085,.F.);
#1085 = EDGE_LOOP('',(#1086));
#1086 = ORIENTED_EDGE('',*,*,#1087,.T.);
#1087 = EDGE_CURVE('',#1088,#1088,#1090,.T.);
#1088 = VERTEX_POINT('',#1089);
#1089 = CARTESIAN_POINT('',(4.52,85.13,0.));
#1090 = CIRCLE('',#1091,0.5);
#1091 = AXIS2_PLACEMENT_3D('',#1092,#1093,#1094);
#1092 = CARTESIAN_POINT('',(4.52,85.63,0.));
#1093 = DIRECTION('',(-0.,0.,-1.));
#1094 = DIRECTION('',(-0.,-1.,0.));
#1095 = FACE_BOUND('',#1096,.F.);
#1096 = EDGE_LOOP('',(#1097));
#1097 = ORIENTED_EDGE('',*,*,#1098,.T.);
#1098 = EDGE_CURVE('',#1099,#1099,#1101,.T.);
#1099 = VERTEX_POINT('',#1100);
#1100 = CARTESIAN_POINT('',(4.52,87.67,0.));
#1101 = CIRCLE('',#1102,0.5);
#1102 = AXIS2_PLACEMENT_3D('',#1103,#1104,#1105);
#1103 = CARTESIAN_POINT('',(4.52,88.17,0.));
#1104 = DIRECTION('',(-0.,0.,-1.));
#1105 = DIRECTION('',(-0.,-1.,0.));
#1106 = FACE_BOUND('',#1107,.F.);
#1107 = EDGE_LOOP('',(#1108));
#1108 = ORIENTED_EDGE('',*,*,#1109,.T.);
#1109 = EDGE_CURVE('',#1110,#1110,#1112,.T.);
#1110 = VERTEX_POINT('',#1111);
#1111 = CARTESIAN_POINT('',(29.64,85.992,0.));
#1112 = CIRCLE('',#1113,0.508);
#1113 = AXIS2_PLACEMENT_3D('',#1114,#1115,#1116);
#1114 = CARTESIAN_POINT('',(29.64,86.5,0.));
#1115 = DIRECTION('',(-0.,0.,-1.));
#1116 = DIRECTION('',(-0.,-1.,0.));
#1117 = FACE_BOUND('',#1118,.F.);
#1118 = EDGE_LOOP('',(#1119));
#1119 = ORIENTED_EDGE('',*,*,#1120,.T.);
#1120 = EDGE_CURVE('',#1121,#1121,#1123,.T.);
#1121 = VERTEX_POINT('',#1122);
#1122 = CARTESIAN_POINT('',(32.18,85.992,0.));
#1123 = CIRCLE('',#1124,0.508);
#1124 = AXIS2_PLACEMENT_3D('',#1125,#1126,#1127);
#1125 = CARTESIAN_POINT('',(32.18,86.5,0.));
#1126 = DIRECTION('',(-0.,0.,-1.));
#1127 = DIRECTION('',(-0.,-1.,0.));
#1128 = FACE_BOUND('',#1129,.F.);
#1129 = EDGE_LOOP('',(#1130));
#1130 = ORIENTED_EDGE('',*,*,#1131,.T.);
#1131 = EDGE_CURVE('',#1132,#1132,#1134,.T.);
#1132 = VERTEX_POINT('',#1133);
#1133 = CARTESIAN_POINT('',(5.33,104.91,0.));
#1134 = CIRCLE('',#1135,0.45);
#1135 = AXIS2_PLACEMENT_3D('',#1136,#1137,#1138);
#1136 = CARTESIAN_POINT('',(5.33,105.36,0.));
#1137 = DIRECTION('',(-0.,0.,-1.));
#1138 = DIRECTION('',(-0.,-1.,0.));
#1139 = FACE_BOUND('',#1140,.F.);
#1140 = EDGE_LOOP('',(#1141));
#1141 = ORIENTED_EDGE('',*,*,#1142,.T.);
#1142 = EDGE_CURVE('',#1143,#1143,#1145,.T.);
#1143 = VERTEX_POINT('',#1144);
#1144 = CARTESIAN_POINT('',(5.33,109.31,0.));
#1145 = CIRCLE('',#1146,0.45);
#1146 = AXIS2_PLACEMENT_3D('',#1147,#1148,#1149);
#1147 = CARTESIAN_POINT('',(5.33,109.76,0.));
#1148 = DIRECTION('',(-0.,0.,-1.));
#1149 = DIRECTION('',(-0.,-1.,0.));
#1150 = FACE_BOUND('',#1151,.F.);
#1151 = EDGE_LOOP('',(#1152));
#1152 = ORIENTED_EDGE('',*,*,#1153,.T.);
#1153 = EDGE_CURVE('',#1154,#1154,#1156,.T.);
#1154 = VERTEX_POINT('',#1155);
#1155 = CARTESIAN_POINT('',(39.62,80.362,0.));
#1156 = CIRCLE('',#1157,0.508);
#1157 = AXIS2_PLACEMENT_3D('',#1158,#1159,#1160);
#1158 = CARTESIAN_POINT('',(39.62,80.87,0.));
#1159 = DIRECTION('',(-0.,0.,-1.));
#1160 = DIRECTION('',(-1.398706172756E-14,-1.,0.));
#1161 = FACE_BOUND('',#1162,.F.);
#1162 = EDGE_LOOP('',(#1163));
#1163 = ORIENTED_EDGE('',*,*,#1164,.T.);
#1164 = EDGE_CURVE('',#1165,#1165,#1167,.T.);
#1165 = VERTEX_POINT('',#1166);
#1166 = CARTESIAN_POINT('',(42.16,80.362,0.));
#1167 = CIRCLE('',#1168,0.508);
#1168 = AXIS2_PLACEMENT_3D('',#1169,#1170,#1171);
#1169 = CARTESIAN_POINT('',(42.16,80.87,0.));
#1170 = DIRECTION('',(-0.,0.,-1.));
#1171 = DIRECTION('',(-0.,-1.,0.));
#1172 = FACE_BOUND('',#1173,.F.);
#1173 = EDGE_LOOP('',(#1174));
#1174 = ORIENTED_EDGE('',*,*,#1175,.T.);
#1175 = EDGE_CURVE('',#1176,#1176,#1178,.T.);
#1176 = VERTEX_POINT('',#1177);
#1177 = CARTESIAN_POINT('',(44.7,80.362,0.));
#1178 = CIRCLE('',#1179,0.508);
#1179 = AXIS2_PLACEMENT_3D('',#1180,#1181,#1182);
#1180 = CARTESIAN_POINT('',(44.7,80.87,0.));
#1181 = DIRECTION('',(-0.,0.,-1.));
#1182 = DIRECTION('',(-0.,-1.,0.));
#1183 = FACE_BOUND('',#1184,.F.);
#1184 = EDGE_LOOP('',(#1185));
#1185 = ORIENTED_EDGE('',*,*,#1186,.T.);
#1186 = EDGE_CURVE('',#1187,#1187,#1189,.T.);
#1187 = VERTEX_POINT('',#1188);
#1188 = CARTESIAN_POINT('',(47.24,80.362,0.));
#1189 = CIRCLE('',#1190,0.508);
#1190 = AXIS2_PLACEMENT_3D('',#1191,#1192,#1193);
#1191 = CARTESIAN_POINT('',(47.24,80.87,0.));
#1192 = DIRECTION('',(-0.,0.,-1.));
#1193 = DIRECTION('',(1.398706172756E-14,-1.,-0.));
#1194 = FACE_BOUND('',#1195,.F.);
#1195 = EDGE_LOOP('',(#1196));
#1196 = ORIENTED_EDGE('',*,*,#1197,.T.);
#1197 = EDGE_CURVE('',#1198,#1198,#1200,.T.);
#1198 = VERTEX_POINT('',#1199);
#1199 = CARTESIAN_POINT('',(34.72,85.992,0.));
#1200 = CIRCLE('',#1201,0.508);
#1201 = AXIS2_PLACEMENT_3D('',#1202,#1203,#1204);
#1202 = CARTESIAN_POINT('',(34.72,86.5,0.));
#1203 = DIRECTION('',(-0.,0.,-1.));
#1204 = DIRECTION('',(-0.,-1.,0.));
#1205 = FACE_BOUND('',#1206,.F.);
#1206 = EDGE_LOOP('',(#1207));
#1207 = ORIENTED_EDGE('',*,*,#1208,.T.);
#1208 = EDGE_CURVE('',#1209,#1209,#1211,.T.);
#1209 = VERTEX_POINT('',#1210);
#1210 = CARTESIAN_POINT('',(37.26,85.992,0.));
#1211 = CIRCLE('',#1212,0.508);
#1212 = AXIS2_PLACEMENT_3D('',#1213,#1214,#1215);
#1213 = CARTESIAN_POINT('',(37.26,86.5,0.));
#1214 = DIRECTION('',(-0.,0.,-1.));
#1215 = DIRECTION('',(-1.398706172756E-14,-1.,0.));
#1216 = FACE_BOUND('',#1217,.F.);
#1217 = EDGE_LOOP('',(#1218));
#1218 = ORIENTED_EDGE('',*,*,#1219,.T.);
#1219 = EDGE_CURVE('',#1220,#1220,#1222,.T.);
#1220 = VERTEX_POINT('',#1221);
#1221 = CARTESIAN_POINT('',(34.63,93.612,0.));
#1222 = CIRCLE('',#1223,0.508);
#1223 = AXIS2_PLACEMENT_3D('',#1224,#1225,#1226);
#1224 = CARTESIAN_POINT('',(34.63,94.12,0.));
#1225 = DIRECTION('',(-0.,0.,-1.));
#1226 = DIRECTION('',(1.398706172756E-14,-1.,-0.));
#1227 = FACE_BOUND('',#1228,.F.);
#1228 = EDGE_LOOP('',(#1229));
#1229 = ORIENTED_EDGE('',*,*,#1230,.T.);
#1230 = EDGE_CURVE('',#1231,#1231,#1233,.T.);
#1231 = VERTEX_POINT('',#1232);
#1232 = CARTESIAN_POINT('',(37.17,93.612,0.));
#1233 = CIRCLE('',#1234,0.508);
#1234 = AXIS2_PLACEMENT_3D('',#1235,#1236,#1237);
#1235 = CARTESIAN_POINT('',(37.17,94.12,0.));
#1236 = DIRECTION('',(-0.,0.,-1.));
#1237 = DIRECTION('',(-0.,-1.,0.));
#1238 = FACE_BOUND('',#1239,.F.);
#1239 = EDGE_LOOP('',(#1240));
#1240 = ORIENTED_EDGE('',*,*,#1241,.T.);
#1241 = EDGE_CURVE('',#1242,#1242,#1244,.T.);
#1242 = VERTEX_POINT('',#1243);
#1243 = CARTESIAN_POINT('',(39.71,93.612,0.));
#1244 = CIRCLE('',#1245,0.508);
#1245 = AXIS2_PLACEMENT_3D('',#1246,#1247,#1248);
#1246 = CARTESIAN_POINT('',(39.71,94.12,0.));
#1247 = DIRECTION('',(-0.,0.,-1.));
#1248 = DIRECTION('',(-0.,-1.,0.));
#1249 = FACE_BOUND('',#1250,.F.);
#1250 = EDGE_LOOP('',(#1251));
#1251 = ORIENTED_EDGE('',*,*,#1252,.T.);
#1252 = EDGE_CURVE('',#1253,#1253,#1255,.T.);
#1253 = VERTEX_POINT('',#1254);
#1254 = CARTESIAN_POINT('',(44.64,86.512,0.));
#1255 = CIRCLE('',#1256,0.508);
#1256 = AXIS2_PLACEMENT_3D('',#1257,#1258,#1259);
#1257 = CARTESIAN_POINT('',(44.64,87.02,0.));
#1258 = DIRECTION('',(-0.,0.,-1.));
#1259 = DIRECTION('',(-0.,-1.,0.));
#1260 = FACE_BOUND('',#1261,.F.);
#1261 = EDGE_LOOP('',(#1262));
#1262 = ORIENTED_EDGE('',*,*,#1263,.T.);
#1263 = EDGE_CURVE('',#1264,#1264,#1266,.T.);
#1264 = VERTEX_POINT('',#1265);
#1265 = CARTESIAN_POINT('',(47.18,86.512,0.));
#1266 = CIRCLE('',#1267,0.508);
#1267 = AXIS2_PLACEMENT_3D('',#1268,#1269,#1270);
#1268 = CARTESIAN_POINT('',(47.18,87.02,0.));
#1269 = DIRECTION('',(-0.,0.,-1.));
#1270 = DIRECTION('',(-0.,-1.,0.));
#1271 = FACE_BOUND('',#1272,.F.);
#1272 = EDGE_LOOP('',(#1273));
#1273 = ORIENTED_EDGE('',*,*,#1274,.T.);
#1274 = EDGE_CURVE('',#1275,#1275,#1277,.T.);
#1275 = VERTEX_POINT('',#1276);
#1276 = CARTESIAN_POINT('',(42.25,93.612,0.));
#1277 = CIRCLE('',#1278,0.508);
#1278 = AXIS2_PLACEMENT_3D('',#1279,#1280,#1281);
#1279 = CARTESIAN_POINT('',(42.25,94.12,0.));
#1280 = DIRECTION('',(-0.,0.,-1.));
#1281 = DIRECTION('',(-0.,-1.,0.));
#1282 = FACE_BOUND('',#1283,.F.);
#1283 = EDGE_LOOP('',(#1284));
#1284 = ORIENTED_EDGE('',*,*,#1285,.T.);
#1285 = EDGE_CURVE('',#1286,#1286,#1288,.T.);
#1286 = VERTEX_POINT('',#1287);
#1287 = CARTESIAN_POINT('',(44.79,93.612,0.));
#1288 = CIRCLE('',#1289,0.508);
#1289 = AXIS2_PLACEMENT_3D('',#1290,#1291,#1292);
#1290 = CARTESIAN_POINT('',(44.79,94.12,0.));
#1291 = DIRECTION('',(-0.,0.,-1.));
#1292 = DIRECTION('',(-0.,-1.,0.));
#1293 = FACE_BOUND('',#1294,.F.);
#1294 = EDGE_LOOP('',(#1295));
#1295 = ORIENTED_EDGE('',*,*,#1296,.T.);
#1296 = EDGE_CURVE('',#1297,#1297,#1299,.T.);
#1297 = VERTEX_POINT('',#1298);
#1298 = CARTESIAN_POINT('',(47.33,93.612,0.));
#1299 = CIRCLE('',#1300,0.508);
#1300 = AXIS2_PLACEMENT_3D('',#1301,#1302,#1303);
#1301 = CARTESIAN_POINT('',(47.33,94.12,0.));
#1302 = DIRECTION('',(-0.,0.,-1.));
#1303 = DIRECTION('',(-0.,-1.,0.));
#1304 = FACE_BOUND('',#1305,.F.);
#1305 = EDGE_LOOP('',(#1306));
#1306 = ORIENTED_EDGE('',*,*,#1307,.T.);
#1307 = EDGE_CURVE('',#1308,#1308,#1310,.T.);
#1308 = VERTEX_POINT('',#1309);
#1309 = CARTESIAN_POINT('',(49.78,80.362,0.));
#1310 = CIRCLE('',#1311,0.508);
#1311 = AXIS2_PLACEMENT_3D('',#1312,#1313,#1314);
#1312 = CARTESIAN_POINT('',(49.78,80.87,0.));
#1313 = DIRECTION('',(-0.,0.,-1.));
#1314 = DIRECTION('',(-0.,-1.,0.));
#1315 = FACE_BOUND('',#1316,.F.);
#1316 = EDGE_LOOP('',(#1317));
#1317 = ORIENTED_EDGE('',*,*,#1318,.T.);
#1318 = EDGE_CURVE('',#1319,#1319,#1321,.T.);
#1319 = VERTEX_POINT('',#1320);
#1320 = CARTESIAN_POINT('',(52.32,80.362,0.));
#1321 = CIRCLE('',#1322,0.508);
#1322 = AXIS2_PLACEMENT_3D('',#1323,#1324,#1325);
#1323 = CARTESIAN_POINT('',(52.32,80.87,0.));
#1324 = DIRECTION('',(-0.,0.,-1.));
#1325 = DIRECTION('',(-0.,-1.,0.));
#1326 = FACE_BOUND('',#1327,.F.);
#1327 = EDGE_LOOP('',(#1328));
#1328 = ORIENTED_EDGE('',*,*,#1329,.T.);
#1329 = EDGE_CURVE('',#1330,#1330,#1332,.T.);
#1330 = VERTEX_POINT('',#1331);
#1331 = CARTESIAN_POINT('',(58.72,77.942,0.));
#1332 = CIRCLE('',#1333,0.508);
#1333 = AXIS2_PLACEMENT_3D('',#1334,#1335,#1336);
#1334 = CARTESIAN_POINT('',(58.72,78.45,0.));
#1335 = DIRECTION('',(-0.,0.,-1.));
#1336 = DIRECTION('',(-0.,-1.,0.));
#1337 = FACE_BOUND('',#1338,.F.);
#1338 = EDGE_LOOP('',(#1339));
#1339 = ORIENTED_EDGE('',*,*,#1340,.T.);
#1340 = EDGE_CURVE('',#1341,#1341,#1343,.T.);
#1341 = VERTEX_POINT('',#1342);
#1342 = CARTESIAN_POINT('',(58.72,80.482,0.));
#1343 = CIRCLE('',#1344,0.508);
#1344 = AXIS2_PLACEMENT_3D('',#1345,#1346,#1347);
#1345 = CARTESIAN_POINT('',(58.72,80.99,0.));
#1346 = DIRECTION('',(-0.,0.,-1.));
#1347 = DIRECTION('',(-0.,-1.,0.));
#1348 = FACE_BOUND('',#1349,.F.);
#1349 = EDGE_LOOP('',(#1350));
#1350 = ORIENTED_EDGE('',*,*,#1351,.T.);
#1351 = EDGE_CURVE('',#1352,#1352,#1354,.T.);
#1352 = VERTEX_POINT('',#1353);
#1353 = CARTESIAN_POINT('',(49.72,86.512,0.));
#1354 = CIRCLE('',#1355,0.508);
#1355 = AXIS2_PLACEMENT_3D('',#1356,#1357,#1358);
#1356 = CARTESIAN_POINT('',(49.72,87.02,0.));
#1357 = DIRECTION('',(-0.,0.,-1.));
#1358 = DIRECTION('',(-0.,-1.,0.));
#1359 = FACE_BOUND('',#1360,.F.);
#1360 = EDGE_LOOP('',(#1361));
#1361 = ORIENTED_EDGE('',*,*,#1362,.T.);
#1362 = EDGE_CURVE('',#1363,#1363,#1365,.T.);
#1363 = VERTEX_POINT('',#1364);
#1364 = CARTESIAN_POINT('',(52.26,86.512,0.));
#1365 = CIRCLE('',#1366,0.508);
#1366 = AXIS2_PLACEMENT_3D('',#1367,#1368,#1369);
#1367 = CARTESIAN_POINT('',(52.26,87.02,0.));
#1368 = DIRECTION('',(-0.,0.,-1.));
#1369 = DIRECTION('',(-1.398706172756E-14,-1.,0.));
#1370 = FACE_BOUND('',#1371,.F.);
#1371 = EDGE_LOOP('',(#1372));
#1372 = ORIENTED_EDGE('',*,*,#1373,.T.);
#1373 = EDGE_CURVE('',#1374,#1374,#1376,.T.);
#1374 = VERTEX_POINT('',#1375);
#1375 = CARTESIAN_POINT('',(49.87,93.612,0.));
#1376 = CIRCLE('',#1377,0.508);
#1377 = AXIS2_PLACEMENT_3D('',#1378,#1379,#1380);
#1378 = CARTESIAN_POINT('',(49.87,94.12,0.));
#1379 = DIRECTION('',(-0.,0.,-1.));
#1380 = DIRECTION('',(-1.398706172756E-14,-1.,0.));
#1381 = FACE_BOUND('',#1382,.F.);
#1382 = EDGE_LOOP('',(#1383));
#1383 = ORIENTED_EDGE('',*,*,#1384,.T.);
#1384 = EDGE_CURVE('',#1385,#1385,#1387,.T.);
#1385 = VERTEX_POINT('',#1386);
#1386 = CARTESIAN_POINT('',(52.41,93.612,0.));
#1387 = CIRCLE('',#1388,0.508);
#1388 = AXIS2_PLACEMENT_3D('',#1389,#1390,#1391);
#1389 = CARTESIAN_POINT('',(52.41,94.12,0.));
#1390 = DIRECTION('',(-0.,0.,-1.));
#1391 = DIRECTION('',(-0.,-1.,0.));
#1392 = FACE_BOUND('',#1393,.F.);
#1393 = EDGE_LOOP('',(#1394));
#1394 = ORIENTED_EDGE('',*,*,#1395,.T.);
#1395 = EDGE_CURVE('',#1396,#1396,#1398,.T.);
#1396 = VERTEX_POINT('',#1397);
#1397 = CARTESIAN_POINT('',(48.76,104.042,0.));
#1398 = CIRCLE('',#1399,0.508);
#1399 = AXIS2_PLACEMENT_3D('',#1400,#1401,#1402);
#1400 = CARTESIAN_POINT('',(48.76,104.55,0.));
#1401 = DIRECTION('',(-0.,0.,-1.));
#1402 = DIRECTION('',(-1.398706172756E-14,-1.,0.));
#1403 = FACE_BOUND('',#1404,.F.);
#1404 = EDGE_LOOP('',(#1405));
#1405 = ORIENTED_EDGE('',*,*,#1406,.T.);
#1406 = EDGE_CURVE('',#1407,#1407,#1409,.T.);
#1407 = VERTEX_POINT('',#1408);
#1408 = CARTESIAN_POINT('',(48.76,106.582,0.));
#1409 = CIRCLE('',#1410,0.508);
#1410 = AXIS2_PLACEMENT_3D('',#1411,#1412,#1413);
#1411 = CARTESIAN_POINT('',(48.76,107.09,0.));
#1412 = DIRECTION('',(-0.,0.,-1.));
#1413 = DIRECTION('',(-1.398706172756E-14,-1.,0.));
#1414 = FACE_BOUND('',#1415,.F.);
#1415 = EDGE_LOOP('',(#1416));
#1416 = ORIENTED_EDGE('',*,*,#1417,.T.);
#1417 = EDGE_CURVE('',#1418,#1418,#1420,.T.);
#1418 = VERTEX_POINT('',#1419);
#1419 = CARTESIAN_POINT('',(48.76,109.122,0.));
#1420 = CIRCLE('',#1421,0.508);
#1421 = AXIS2_PLACEMENT_3D('',#1422,#1423,#1424);
#1422 = CARTESIAN_POINT('',(48.76,109.63,0.));
#1423 = DIRECTION('',(-0.,0.,-1.));
#1424 = DIRECTION('',(-1.398706172756E-14,-1.,0.));
#1425 = FACE_BOUND('',#1426,.F.);
#1426 = EDGE_LOOP('',(#1427));
#1427 = ORIENTED_EDGE('',*,*,#1428,.T.);
#1428 = EDGE_CURVE('',#1429,#1429,#1431,.T.);
#1429 = VERTEX_POINT('',#1430);
#1430 = CARTESIAN_POINT('',(48.76,111.662,0.));
#1431 = CIRCLE('',#1432,0.508);
#1432 = AXIS2_PLACEMENT_3D('',#1433,#1434,#1435);
#1433 = CARTESIAN_POINT('',(48.76,112.17,0.));
#1434 = DIRECTION('',(-0.,0.,-1.));
#1435 = DIRECTION('',(-1.398706172756E-14,-1.,0.));
#1436 = FACE_BOUND('',#1437,.F.);
#1437 = EDGE_LOOP('',(#1438));
#1438 = ORIENTED_EDGE('',*,*,#1439,.T.);
#1439 = EDGE_CURVE('',#1440,#1440,#1442,.T.);
#1440 = VERTEX_POINT('',#1441);
#1441 = CARTESIAN_POINT('',(51.3,104.042,0.));
#1442 = CIRCLE('',#1443,0.508);
#1443 = AXIS2_PLACEMENT_3D('',#1444,#1445,#1446);
#1444 = CARTESIAN_POINT('',(51.3,104.55,0.));
#1445 = DIRECTION('',(-0.,0.,-1.));
#1446 = DIRECTION('',(-0.,-1.,0.));
#1447 = FACE_BOUND('',#1448,.F.);
#1448 = EDGE_LOOP('',(#1449));
#1449 = ORIENTED_EDGE('',*,*,#1450,.T.);
#1450 = EDGE_CURVE('',#1451,#1451,#1453,.T.);
#1451 = VERTEX_POINT('',#1452);
#1452 = CARTESIAN_POINT('',(51.3,106.582,0.));
#1453 = CIRCLE('',#1454,0.508);
#1454 = AXIS2_PLACEMENT_3D('',#1455,#1456,#1457);
#1455 = CARTESIAN_POINT('',(51.3,107.09,0.));
#1456 = DIRECTION('',(-0.,0.,-1.));
#1457 = DIRECTION('',(-0.,-1.,0.));
#1458 = FACE_BOUND('',#1459,.F.);
#1459 = EDGE_LOOP('',(#1460));
#1460 = ORIENTED_EDGE('',*,*,#1461,.T.);
#1461 = EDGE_CURVE('',#1462,#1462,#1464,.T.);
#1462 = VERTEX_POINT('',#1463);
#1463 = CARTESIAN_POINT('',(51.3,109.122,0.));
#1464 = CIRCLE('',#1465,0.508);
#1465 = AXIS2_PLACEMENT_3D('',#1466,#1467,#1468);
#1466 = CARTESIAN_POINT('',(51.3,109.63,0.));
#1467 = DIRECTION('',(-0.,0.,-1.));
#1468 = DIRECTION('',(-0.,-1.,0.));
#1469 = FACE_BOUND('',#1470,.F.);
#1470 = EDGE_LOOP('',(#1471));
#1471 = ORIENTED_EDGE('',*,*,#1472,.T.);
#1472 = EDGE_CURVE('',#1473,#1473,#1475,.T.);
#1473 = VERTEX_POINT('',#1474);
#1474 = CARTESIAN_POINT('',(51.3,111.662,0.));
#1475 = CIRCLE('',#1476,0.508);
#1476 = AXIS2_PLACEMENT_3D('',#1477,#1478,#1479);
#1477 = CARTESIAN_POINT('',(51.3,112.17,0.));
#1478 = DIRECTION('',(-0.,0.,-1.));
#1479 = DIRECTION('',(-0.,-1.,0.));
#1480 = FACE_BOUND('',#1481,.F.);
#1481 = EDGE_LOOP('',(#1482));
#1482 = ORIENTED_EDGE('',*,*,#1483,.T.);
#1483 = EDGE_CURVE('',#1484,#1484,#1486,.T.);
#1484 = VERTEX_POINT('',#1485);
#1485 = CARTESIAN_POINT('',(5.52,139.79,0.));
#1486 = CIRCLE('',#1487,0.5);
#1487 = AXIS2_PLACEMENT_3D('',#1488,#1489,#1490);
#1488 = CARTESIAN_POINT('',(5.52,140.29,0.));
#1489 = DIRECTION('',(-0.,0.,-1.));
#1490 = DIRECTION('',(-0.,-1.,0.));
#1491 = FACE_BOUND('',#1492,.F.);
#1492 = EDGE_LOOP('',(#1493));
#1493 = ORIENTED_EDGE('',*,*,#1494,.T.);
#1494 = EDGE_CURVE('',#1495,#1495,#1497,.T.);
#1495 = VERTEX_POINT('',#1496);
#1496 = CARTESIAN_POINT('',(5.52,142.33,0.));
#1497 = CIRCLE('',#1498,0.5);
#1498 = AXIS2_PLACEMENT_3D('',#1499,#1500,#1501);
#1499 = CARTESIAN_POINT('',(5.52,142.83,0.));
#1500 = DIRECTION('',(-0.,0.,-1.));
#1501 = DIRECTION('',(-0.,-1.,0.));
#1502 = FACE_BOUND('',#1503,.F.);
#1503 = EDGE_LOOP('',(#1504));
#1504 = ORIENTED_EDGE('',*,*,#1505,.T.);
#1505 = EDGE_CURVE('',#1506,#1506,#1508,.T.);
#1506 = VERTEX_POINT('',#1507);
#1507 = CARTESIAN_POINT('',(48.76,114.202,0.));
#1508 = CIRCLE('',#1509,0.508);
#1509 = AXIS2_PLACEMENT_3D('',#1510,#1511,#1512);
#1510 = CARTESIAN_POINT('',(48.76,114.71,0.));
#1511 = DIRECTION('',(-0.,0.,-1.));
#1512 = DIRECTION('',(-1.398706172756E-14,-1.,0.));
#1513 = FACE_BOUND('',#1514,.F.);
#1514 = EDGE_LOOP('',(#1515));
#1515 = ORIENTED_EDGE('',*,*,#1516,.T.);
#1516 = EDGE_CURVE('',#1517,#1517,#1519,.T.);
#1517 = VERTEX_POINT('',#1518);
#1518 = CARTESIAN_POINT('',(48.76,116.742,0.));
#1519 = CIRCLE('',#1520,0.508);
#1520 = AXIS2_PLACEMENT_3D('',#1521,#1522,#1523);
#1521 = CARTESIAN_POINT('',(48.76,117.25,0.));
#1522 = DIRECTION('',(-0.,0.,-1.));
#1523 = DIRECTION('',(-1.398706172756E-14,-1.,0.));
#1524 = FACE_BOUND('',#1525,.F.);
#1525 = EDGE_LOOP('',(#1526));
#1526 = ORIENTED_EDGE('',*,*,#1527,.T.);
#1527 = EDGE_CURVE('',#1528,#1528,#1530,.T.);
#1528 = VERTEX_POINT('',#1529);
#1529 = CARTESIAN_POINT('',(48.76,119.282,0.));
#1530 = CIRCLE('',#1531,0.508);
#1531 = AXIS2_PLACEMENT_3D('',#1532,#1533,#1534);
#1532 = CARTESIAN_POINT('',(48.76,119.79,0.));
#1533 = DIRECTION('',(-0.,0.,-1.));
#1534 = DIRECTION('',(-1.398706172756E-14,-1.,0.));
#1535 = FACE_BOUND('',#1536,.F.);
#1536 = EDGE_LOOP('',(#1537));
#1537 = ORIENTED_EDGE('',*,*,#1538,.T.);
#1538 = EDGE_CURVE('',#1539,#1539,#1541,.T.);
#1539 = VERTEX_POINT('',#1540);
#1540 = CARTESIAN_POINT('',(48.76,121.822,0.));
#1541 = CIRCLE('',#1542,0.508);
#1542 = AXIS2_PLACEMENT_3D('',#1543,#1544,#1545);
#1543 = CARTESIAN_POINT('',(48.76,122.33,0.));
#1544 = DIRECTION('',(-0.,0.,-1.));
#1545 = DIRECTION('',(-1.398706172756E-14,-1.,0.));
#1546 = FACE_BOUND('',#1547,.F.);
#1547 = EDGE_LOOP('',(#1548));
#1548 = ORIENTED_EDGE('',*,*,#1549,.T.);
#1549 = EDGE_CURVE('',#1550,#1550,#1552,.T.);
#1550 = VERTEX_POINT('',#1551);
#1551 = CARTESIAN_POINT('',(48.76,124.362,0.));
#1552 = CIRCLE('',#1553,0.508);
#1553 = AXIS2_PLACEMENT_3D('',#1554,#1555,#1556);
#1554 = CARTESIAN_POINT('',(48.76,124.87,0.));
#1555 = DIRECTION('',(-0.,0.,-1.));
#1556 = DIRECTION('',(-1.398706172756E-14,-1.,0.));
#1557 = FACE_BOUND('',#1558,.F.);
#1558 = EDGE_LOOP('',(#1559));
#1559 = ORIENTED_EDGE('',*,*,#1560,.T.);
#1560 = EDGE_CURVE('',#1561,#1561,#1563,.T.);
#1561 = VERTEX_POINT('',#1562);
#1562 = CARTESIAN_POINT('',(48.76,126.902,0.));
#1563 = CIRCLE('',#1564,0.508);
#1564 = AXIS2_PLACEMENT_3D('',#1565,#1566,#1567);
#1565 = CARTESIAN_POINT('',(48.76,127.41,0.));
#1566 = DIRECTION('',(-0.,0.,-1.));
#1567 = DIRECTION('',(-1.398706172756E-14,-1.,0.));
#1568 = FACE_BOUND('',#1569,.F.);
#1569 = EDGE_LOOP('',(#1570));
#1570 = ORIENTED_EDGE('',*,*,#1571,.T.);
#1571 = EDGE_CURVE('',#1572,#1572,#1574,.T.);
#1572 = VERTEX_POINT('',#1573);
#1573 = CARTESIAN_POINT('',(51.3,114.202,0.));
#1574 = CIRCLE('',#1575,0.508);
#1575 = AXIS2_PLACEMENT_3D('',#1576,#1577,#1578);
#1576 = CARTESIAN_POINT('',(51.3,114.71,0.));
#1577 = DIRECTION('',(-0.,0.,-1.));
#1578 = DIRECTION('',(-0.,-1.,0.));
#1579 = FACE_BOUND('',#1580,.F.);
#1580 = EDGE_LOOP('',(#1581));
#1581 = ORIENTED_EDGE('',*,*,#1582,.T.);
#1582 = EDGE_CURVE('',#1583,#1583,#1585,.T.);
#1583 = VERTEX_POINT('',#1584);
#1584 = CARTESIAN_POINT('',(51.3,116.742,0.));
#1585 = CIRCLE('',#1586,0.508);
#1586 = AXIS2_PLACEMENT_3D('',#1587,#1588,#1589);
#1587 = CARTESIAN_POINT('',(51.3,117.25,0.));
#1588 = DIRECTION('',(-0.,0.,-1.));
#1589 = DIRECTION('',(-0.,-1.,0.));
#1590 = FACE_BOUND('',#1591,.F.);
#1591 = EDGE_LOOP('',(#1592));
#1592 = ORIENTED_EDGE('',*,*,#1593,.T.);
#1593 = EDGE_CURVE('',#1594,#1594,#1596,.T.);
#1594 = VERTEX_POINT('',#1595);
#1595 = CARTESIAN_POINT('',(51.3,119.282,0.));
#1596 = CIRCLE('',#1597,0.508);
#1597 = AXIS2_PLACEMENT_3D('',#1598,#1599,#1600);
#1598 = CARTESIAN_POINT('',(51.3,119.79,0.));
#1599 = DIRECTION('',(-0.,0.,-1.));
#1600 = DIRECTION('',(-0.,-1.,0.));
#1601 = FACE_BOUND('',#1602,.F.);
#1602 = EDGE_LOOP('',(#1603));
#1603 = ORIENTED_EDGE('',*,*,#1604,.T.);
#1604 = EDGE_CURVE('',#1605,#1605,#1607,.T.);
#1605 = VERTEX_POINT('',#1606);
#1606 = CARTESIAN_POINT('',(51.3,121.822,0.));
#1607 = CIRCLE('',#1608,0.508);
#1608 = AXIS2_PLACEMENT_3D('',#1609,#1610,#1611);
#1609 = CARTESIAN_POINT('',(51.3,122.33,0.));
#1610 = DIRECTION('',(-0.,0.,-1.));
#1611 = DIRECTION('',(-0.,-1.,0.));
#1612 = FACE_BOUND('',#1613,.F.);
#1613 = EDGE_LOOP('',(#1614));
#1614 = ORIENTED_EDGE('',*,*,#1615,.T.);
#1615 = EDGE_CURVE('',#1616,#1616,#1618,.T.);
#1616 = VERTEX_POINT('',#1617);
#1617 = CARTESIAN_POINT('',(51.3,124.362,0.));
#1618 = CIRCLE('',#1619,0.508);
#1619 = AXIS2_PLACEMENT_3D('',#1620,#1621,#1622);
#1620 = CARTESIAN_POINT('',(51.3,124.87,0.));
#1621 = DIRECTION('',(-0.,0.,-1.));
#1622 = DIRECTION('',(-0.,-1.,0.));
#1623 = FACE_BOUND('',#1624,.F.);
#1624 = EDGE_LOOP('',(#1625));
#1625 = ORIENTED_EDGE('',*,*,#1626,.T.);
#1626 = EDGE_CURVE('',#1627,#1627,#1629,.T.);
#1627 = VERTEX_POINT('',#1628);
#1628 = CARTESIAN_POINT('',(51.3,126.902,0.));
#1629 = CIRCLE('',#1630,0.508);
#1630 = AXIS2_PLACEMENT_3D('',#1631,#1632,#1633);
#1631 = CARTESIAN_POINT('',(51.3,127.41,0.));
#1632 = DIRECTION('',(-0.,0.,-1.));
#1633 = DIRECTION('',(-0.,-1.,0.));
#1634 = FACE_BOUND('',#1635,.F.);
#1635 = EDGE_LOOP('',(#1636));
#1636 = ORIENTED_EDGE('',*,*,#1637,.T.);
#1637 = EDGE_CURVE('',#1638,#1638,#1640,.T.);
#1638 = VERTEX_POINT('',#1639);
#1639 = CARTESIAN_POINT('',(63.41,124.872,0.));
#1640 = CIRCLE('',#1641,0.508);
#1641 = AXIS2_PLACEMENT_3D('',#1642,#1643,#1644);
#1642 = CARTESIAN_POINT('',(63.41,125.38,0.));
#1643 = DIRECTION('',(-0.,0.,-1.));
#1644 = DIRECTION('',(-0.,-1.,0.));
#1645 = FACE_BOUND('',#1646,.F.);
#1646 = EDGE_LOOP('',(#1647));
#1647 = ORIENTED_EDGE('',*,*,#1648,.T.);
#1648 = EDGE_CURVE('',#1649,#1649,#1651,.T.);
#1649 = VERTEX_POINT('',#1650);
#1650 = CARTESIAN_POINT('',(64.92,77.902,0.));
#1651 = CIRCLE('',#1652,0.508);
#1652 = AXIS2_PLACEMENT_3D('',#1653,#1654,#1655);
#1653 = CARTESIAN_POINT('',(64.92,78.41,0.));
#1654 = DIRECTION('',(-0.,0.,-1.));
#1655 = DIRECTION('',(-0.,-1.,0.));
#1656 = FACE_BOUND('',#1657,.F.);
#1657 = EDGE_LOOP('',(#1658));
#1658 = ORIENTED_EDGE('',*,*,#1659,.T.);
#1659 = EDGE_CURVE('',#1660,#1660,#1662,.T.);
#1660 = VERTEX_POINT('',#1661);
#1661 = CARTESIAN_POINT('',(70.47,77.832,0.));
#1662 = CIRCLE('',#1663,0.508);
#1663 = AXIS2_PLACEMENT_3D('',#1664,#1665,#1666);
#1664 = CARTESIAN_POINT('',(70.47,78.34,0.));
#1665 = DIRECTION('',(-0.,0.,-1.));
#1666 = DIRECTION('',(-0.,-1.,0.));
#1667 = FACE_BOUND('',#1668,.F.);
#1668 = EDGE_LOOP('',(#1669));
#1669 = ORIENTED_EDGE('',*,*,#1670,.T.);
#1670 = EDGE_CURVE('',#1671,#1671,#1673,.T.);
#1671 = VERTEX_POINT('',#1672);
#1672 = CARTESIAN_POINT('',(64.92,80.442,0.));
#1673 = CIRCLE('',#1674,0.508);
#1674 = AXIS2_PLACEMENT_3D('',#1675,#1676,#1677);
#1675 = CARTESIAN_POINT('',(64.92,80.95,0.));
#1676 = DIRECTION('',(-0.,0.,-1.));
#1677 = DIRECTION('',(-0.,-1.,0.));
#1678 = FACE_BOUND('',#1679,.F.);
#1679 = EDGE_LOOP('',(#1680));
#1680 = ORIENTED_EDGE('',*,*,#1681,.T.);
#1681 = EDGE_CURVE('',#1682,#1682,#1684,.T.);
#1682 = VERTEX_POINT('',#1683);
#1683 = CARTESIAN_POINT('',(70.47,80.372,0.));
#1684 = CIRCLE('',#1685,0.508);
#1685 = AXIS2_PLACEMENT_3D('',#1686,#1687,#1688);
#1686 = CARTESIAN_POINT('',(70.47,80.88,0.));
#1687 = DIRECTION('',(-0.,0.,-1.));
#1688 = DIRECTION('',(-0.,-1.,0.));
#1689 = FACE_BOUND('',#1690,.F.);
#1690 = EDGE_LOOP('',(#1691));
#1691 = ORIENTED_EDGE('',*,*,#1692,.T.);
#1692 = EDGE_CURVE('',#1693,#1693,#1695,.T.);
#1693 = VERTEX_POINT('',#1694);
#1694 = CARTESIAN_POINT('',(75.96,77.942,0.));
#1695 = CIRCLE('',#1696,0.508);
#1696 = AXIS2_PLACEMENT_3D('',#1697,#1698,#1699);
#1697 = CARTESIAN_POINT('',(75.96,78.45,0.));
#1698 = DIRECTION('',(-0.,0.,-1.));
#1699 = DIRECTION('',(-2.797412345512E-14,-1.,0.));
#1700 = FACE_BOUND('',#1701,.F.);
#1701 = EDGE_LOOP('',(#1702));
#1702 = ORIENTED_EDGE('',*,*,#1703,.T.);
#1703 = EDGE_CURVE('',#1704,#1704,#1706,.T.);
#1704 = VERTEX_POINT('',#1705);
#1705 = CARTESIAN_POINT('',(78.5,77.942,0.));
#1706 = CIRCLE('',#1707,0.508);
#1707 = AXIS2_PLACEMENT_3D('',#1708,#1709,#1710);
#1708 = CARTESIAN_POINT('',(78.5,78.45,0.));
#1709 = DIRECTION('',(-0.,0.,-1.));
#1710 = DIRECTION('',(-0.,-1.,0.));
#1711 = FACE_BOUND('',#1712,.F.);
#1712 = EDGE_LOOP('',(#1713));
#1713 = ORIENTED_EDGE('',*,*,#1714,.T.);
#1714 = EDGE_CURVE('',#1715,#1715,#1717,.T.);
#1715 = VERTEX_POINT('',#1716);
#1716 = CARTESIAN_POINT('',(75.96,80.482,0.));
#1717 = CIRCLE('',#1718,0.508);
#1718 = AXIS2_PLACEMENT_3D('',#1719,#1720,#1721);
#1719 = CARTESIAN_POINT('',(75.96,80.99,0.));
#1720 = DIRECTION('',(-0.,0.,-1.));
#1721 = DIRECTION('',(-2.797412345512E-14,-1.,0.));
#1722 = FACE_BOUND('',#1723,.F.);
#1723 = EDGE_LOOP('',(#1724));
#1724 = ORIENTED_EDGE('',*,*,#1725,.T.);
#1725 = EDGE_CURVE('',#1726,#1726,#1728,.T.);
#1726 = VERTEX_POINT('',#1727);
#1727 = CARTESIAN_POINT('',(78.5,80.482,0.));
#1728 = CIRCLE('',#1729,0.508);
#1729 = AXIS2_PLACEMENT_3D('',#1730,#1731,#1732);
#1730 = CARTESIAN_POINT('',(78.5,80.99,0.));
#1731 = DIRECTION('',(-0.,0.,-1.));
#1732 = DIRECTION('',(-0.,-1.,0.));
#1733 = FACE_BOUND('',#1734,.F.);
#1734 = EDGE_LOOP('',(#1735));
#1735 = ORIENTED_EDGE('',*,*,#1736,.T.);
#1736 = EDGE_CURVE('',#1737,#1737,#1739,.T.);
#1737 = VERTEX_POINT('',#1738);
#1738 = CARTESIAN_POINT('',(81.04,77.942,0.));
#1739 = CIRCLE('',#1740,0.508);
#1740 = AXIS2_PLACEMENT_3D('',#1741,#1742,#1743);
#1741 = CARTESIAN_POINT('',(81.04,78.45,0.));
#1742 = DIRECTION('',(-0.,0.,-1.));
#1743 = DIRECTION('',(2.797412345512E-14,-1.,-0.));
#1744 = FACE_BOUND('',#1745,.F.);
#1745 = EDGE_LOOP('',(#1746));
#1746 = ORIENTED_EDGE('',*,*,#1747,.T.);
#1747 = EDGE_CURVE('',#1748,#1748,#1750,.T.);
#1748 = VERTEX_POINT('',#1749);
#1749 = CARTESIAN_POINT('',(83.58,77.942,0.));
#1750 = CIRCLE('',#1751,0.508);
#1751 = AXIS2_PLACEMENT_3D('',#1752,#1753,#1754);
#1752 = CARTESIAN_POINT('',(83.58,78.45,0.));
#1753 = DIRECTION('',(-0.,0.,-1.));
#1754 = DIRECTION('',(-0.,-1.,0.));
#1755 = FACE_BOUND('',#1756,.F.);
#1756 = EDGE_LOOP('',(#1757));
#1757 = ORIENTED_EDGE('',*,*,#1758,.T.);
#1758 = EDGE_CURVE('',#1759,#1759,#1761,.T.);
#1759 = VERTEX_POINT('',#1760);
#1760 = CARTESIAN_POINT('',(86.12,77.942,0.));
#1761 = CIRCLE('',#1762,0.508);
#1762 = AXIS2_PLACEMENT_3D('',#1763,#1764,#1765);
#1763 = CARTESIAN_POINT('',(86.12,78.45,0.));
#1764 = DIRECTION('',(-0.,0.,-1.));
#1765 = DIRECTION('',(-0.,-1.,0.));
#1766 = FACE_BOUND('',#1767,.F.);
#1767 = EDGE_LOOP('',(#1768));
#1768 = ORIENTED_EDGE('',*,*,#1769,.T.);
#1769 = EDGE_CURVE('',#1770,#1770,#1772,.T.);
#1770 = VERTEX_POINT('',#1771);
#1771 = CARTESIAN_POINT('',(88.66,77.942,0.));
#1772 = CIRCLE('',#1773,0.508);
#1773 = AXIS2_PLACEMENT_3D('',#1774,#1775,#1776);
#1774 = CARTESIAN_POINT('',(88.66,78.45,0.));
#1775 = DIRECTION('',(-0.,0.,-1.));
#1776 = DIRECTION('',(-0.,-1.,0.));
#1777 = FACE_BOUND('',#1778,.F.);
#1778 = EDGE_LOOP('',(#1779));
#1779 = ORIENTED_EDGE('',*,*,#1780,.T.);
#1780 = EDGE_CURVE('',#1781,#1781,#1783,.T.);
#1781 = VERTEX_POINT('',#1782);
#1782 = CARTESIAN_POINT('',(81.04,80.482,0.));
#1783 = CIRCLE('',#1784,0.508);
#1784 = AXIS2_PLACEMENT_3D('',#1785,#1786,#1787);
#1785 = CARTESIAN_POINT('',(81.04,80.99,0.));
#1786 = DIRECTION('',(-0.,0.,-1.));
#1787 = DIRECTION('',(2.797412345512E-14,-1.,-0.));
#1788 = FACE_BOUND('',#1789,.F.);
#1789 = EDGE_LOOP('',(#1790));
#1790 = ORIENTED_EDGE('',*,*,#1791,.T.);
#1791 = EDGE_CURVE('',#1792,#1792,#1794,.T.);
#1792 = VERTEX_POINT('',#1793);
#1793 = CARTESIAN_POINT('',(83.58,80.482,0.));
#1794 = CIRCLE('',#1795,0.508);
#1795 = AXIS2_PLACEMENT_3D('',#1796,#1797,#1798);
#1796 = CARTESIAN_POINT('',(83.58,80.99,0.));
#1797 = DIRECTION('',(-0.,0.,-1.));
#1798 = DIRECTION('',(-0.,-1.,0.));
#1799 = FACE_BOUND('',#1800,.F.);
#1800 = EDGE_LOOP('',(#1801));
#1801 = ORIENTED_EDGE('',*,*,#1802,.T.);
#1802 = EDGE_CURVE('',#1803,#1803,#1805,.T.);
#1803 = VERTEX_POINT('',#1804);
#1804 = CARTESIAN_POINT('',(86.12,80.482,0.));
#1805 = CIRCLE('',#1806,0.508);
#1806 = AXIS2_PLACEMENT_3D('',#1807,#1808,#1809);
#1807 = CARTESIAN_POINT('',(86.12,80.99,0.));
#1808 = DIRECTION('',(-0.,0.,-1.));
#1809 = DIRECTION('',(-0.,-1.,0.));
#1810 = FACE_BOUND('',#1811,.F.);
#1811 = EDGE_LOOP('',(#1812));
#1812 = ORIENTED_EDGE('',*,*,#1813,.T.);
#1813 = EDGE_CURVE('',#1814,#1814,#1816,.T.);
#1814 = VERTEX_POINT('',#1815);
#1815 = CARTESIAN_POINT('',(88.66,80.482,0.));
#1816 = CIRCLE('',#1817,0.508);
#1817 = AXIS2_PLACEMENT_3D('',#1818,#1819,#1820);
#1818 = CARTESIAN_POINT('',(88.66,80.99,0.));
#1819 = DIRECTION('',(-0.,0.,-1.));
#1820 = DIRECTION('',(-0.,-1.,0.));
#1821 = FACE_BOUND('',#1822,.F.);
#1822 = EDGE_LOOP('',(#1823));
#1823 = ORIENTED_EDGE('',*,*,#1824,.T.);
#1824 = EDGE_CURVE('',#1825,#1825,#1827,.T.);
#1825 = VERTEX_POINT('',#1826);
#1826 = CARTESIAN_POINT('',(91.2,77.942,0.));
#1827 = CIRCLE('',#1828,0.508);
#1828 = AXIS2_PLACEMENT_3D('',#1829,#1830,#1831);
#1829 = CARTESIAN_POINT('',(91.2,78.45,0.));
#1830 = DIRECTION('',(-0.,0.,-1.));
#1831 = DIRECTION('',(2.797412345512E-14,-1.,-0.));
#1832 = FACE_BOUND('',#1833,.F.);
#1833 = EDGE_LOOP('',(#1834));
#1834 = ORIENTED_EDGE('',*,*,#1835,.T.);
#1835 = EDGE_CURVE('',#1836,#1836,#1838,.T.);
#1836 = VERTEX_POINT('',#1837);
#1837 = CARTESIAN_POINT('',(91.2,80.482,0.));
#1838 = CIRCLE('',#1839,0.508);
#1839 = AXIS2_PLACEMENT_3D('',#1840,#1841,#1842);
#1840 = CARTESIAN_POINT('',(91.2,80.99,0.));
#1841 = DIRECTION('',(-0.,0.,-1.));
#1842 = DIRECTION('',(2.797412345512E-14,-1.,-0.));
#1843 = FACE_BOUND('',#1844,.F.);
#1844 = EDGE_LOOP('',(#1845));
#1845 = ORIENTED_EDGE('',*,*,#1846,.T.);
#1846 = EDGE_CURVE('',#1847,#1847,#1849,.T.);
#1847 = VERTEX_POINT('',#1848);
#1848 = CARTESIAN_POINT('',(102.35,91.932,0.));
#1849 = CIRCLE('',#1850,0.508);
#1850 = AXIS2_PLACEMENT_3D('',#1851,#1852,#1853);
#1851 = CARTESIAN_POINT('',(102.35,92.44,0.));
#1852 = DIRECTION('',(-0.,0.,-1.));
#1853 = DIRECTION('',(-0.,-1.,0.));
#1854 = FACE_BOUND('',#1855,.F.);
#1855 = EDGE_LOOP('',(#1856));
#1856 = ORIENTED_EDGE('',*,*,#1857,.T.);
#1857 = EDGE_CURVE('',#1858,#1858,#1860,.T.);
#1858 = VERTEX_POINT('',#1859);
#1859 = CARTESIAN_POINT('',(104.89,91.932,0.));
#1860 = CIRCLE('',#1861,0.508);
#1861 = AXIS2_PLACEMENT_3D('',#1862,#1863,#1864);
#1862 = CARTESIAN_POINT('',(104.89,92.44,0.));
#1863 = DIRECTION('',(-0.,0.,-1.));
#1864 = DIRECTION('',(-0.,-1.,0.));
#1865 = FACE_BOUND('',#1866,.F.);
#1866 = EDGE_LOOP('',(#1867));
#1867 = ORIENTED_EDGE('',*,*,#1868,.T.);
#1868 = EDGE_CURVE('',#1869,#1869,#1871,.T.);
#1869 = VERTEX_POINT('',#1870);
#1870 = CARTESIAN_POINT('',(121.78,91.47,0.));
#1871 = CIRCLE('',#1872,0.5);
#1872 = AXIS2_PLACEMENT_3D('',#1873,#1874,#1875);
#1873 = CARTESIAN_POINT('',(121.78,91.97,0.));
#1874 = DIRECTION('',(-0.,0.,-1.));
#1875 = DIRECTION('',(-0.,-1.,0.));
#1876 = FACE_BOUND('',#1877,.F.);
#1877 = EDGE_LOOP('',(#1878));
#1878 = ORIENTED_EDGE('',*,*,#1879,.T.);
#1879 = EDGE_CURVE('',#1880,#1880,#1882,.T.);
#1880 = VERTEX_POINT('',#1881);
#1881 = CARTESIAN_POINT('',(124.32,91.47,0.));
#1882 = CIRCLE('',#1883,0.5);
#1883 = AXIS2_PLACEMENT_3D('',#1884,#1885,#1886);
#1884 = CARTESIAN_POINT('',(124.32,91.97,0.));
#1885 = DIRECTION('',(-0.,0.,-1.));
#1886 = DIRECTION('',(-0.,-1.,0.));
#1887 = FACE_BOUND('',#1888,.F.);
#1888 = EDGE_LOOP('',(#1889));
#1889 = ORIENTED_EDGE('',*,*,#1890,.T.);
#1890 = EDGE_CURVE('',#1891,#1891,#1893,.T.);
#1891 = VERTEX_POINT('',#1892);
#1892 = CARTESIAN_POINT('',(102.35,94.472,0.));
#1893 = CIRCLE('',#1894,0.508);
#1894 = AXIS2_PLACEMENT_3D('',#1895,#1896,#1897);
#1895 = CARTESIAN_POINT('',(102.35,94.98,0.));
#1896 = DIRECTION('',(-0.,0.,-1.));
#1897 = DIRECTION('',(-0.,-1.,0.));
#1898 = FACE_BOUND('',#1899,.F.);
#1899 = EDGE_LOOP('',(#1900));
#1900 = ORIENTED_EDGE('',*,*,#1901,.T.);
#1901 = EDGE_CURVE('',#1902,#1902,#1904,.T.);
#1902 = VERTEX_POINT('',#1903);
#1903 = CARTESIAN_POINT('',(104.89,94.472,0.));
#1904 = CIRCLE('',#1905,0.508);
#1905 = AXIS2_PLACEMENT_3D('',#1906,#1907,#1908);
#1906 = CARTESIAN_POINT('',(104.89,94.98,0.));
#1907 = DIRECTION('',(-0.,0.,-1.));
#1908 = DIRECTION('',(-0.,-1.,0.));
#1909 = FACE_BOUND('',#1910,.F.);
#1910 = EDGE_LOOP('',(#1911));
#1911 = ORIENTED_EDGE('',*,*,#1912,.T.);
#1912 = EDGE_CURVE('',#1913,#1913,#1915,.T.);
#1913 = VERTEX_POINT('',#1914);
#1914 = CARTESIAN_POINT('',(102.35,97.012,0.));
#1915 = CIRCLE('',#1916,0.508);
#1916 = AXIS2_PLACEMENT_3D('',#1917,#1918,#1919);
#1917 = CARTESIAN_POINT('',(102.35,97.52,0.));
#1918 = DIRECTION('',(-0.,0.,-1.));
#1919 = DIRECTION('',(-0.,-1.,0.));
#1920 = FACE_BOUND('',#1921,.F.);
#1921 = EDGE_LOOP('',(#1922));
#1922 = ORIENTED_EDGE('',*,*,#1923,.T.);
#1923 = EDGE_CURVE('',#1924,#1924,#1926,.T.);
#1924 = VERTEX_POINT('',#1925);
#1925 = CARTESIAN_POINT('',(104.89,97.012,0.));
#1926 = CIRCLE('',#1927,0.508);
#1927 = AXIS2_PLACEMENT_3D('',#1928,#1929,#1930);
#1928 = CARTESIAN_POINT('',(104.89,97.52,0.));
#1929 = DIRECTION('',(-0.,0.,-1.));
#1930 = DIRECTION('',(-0.,-1.,0.));
#1931 = FACE_BOUND('',#1932,.F.);
#1932 = EDGE_LOOP('',(#1933));
#1933 = ORIENTED_EDGE('',*,*,#1934,.T.);
#1934 = EDGE_CURVE('',#1935,#1935,#1937,.T.);
#1935 = VERTEX_POINT('',#1936);
#1936 = CARTESIAN_POINT('',(102.35,99.552,0.));
#1937 = CIRCLE('',#1938,0.508);
#1938 = AXIS2_PLACEMENT_3D('',#1939,#1940,#1941);
#1939 = CARTESIAN_POINT('',(102.35,100.06,0.));
#1940 = DIRECTION('',(-0.,0.,-1.));
#1941 = DIRECTION('',(-0.,-1.,0.));
#1942 = FACE_BOUND('',#1943,.F.);
#1943 = EDGE_LOOP('',(#1944));
#1944 = ORIENTED_EDGE('',*,*,#1945,.T.);
#1945 = EDGE_CURVE('',#1946,#1946,#1948,.T.);
#1946 = VERTEX_POINT('',#1947);
#1947 = CARTESIAN_POINT('',(104.89,99.552,0.));
#1948 = CIRCLE('',#1949,0.508);
#1949 = AXIS2_PLACEMENT_3D('',#1950,#1951,#1952);
#1950 = CARTESIAN_POINT('',(104.89,100.06,0.));
#1951 = DIRECTION('',(-0.,0.,-1.));
#1952 = DIRECTION('',(-0.,-1.,0.));
#1953 = FACE_BOUND('',#1954,.F.);
#1954 = EDGE_LOOP('',(#1955));
#1955 = ORIENTED_EDGE('',*,*,#1956,.T.);
#1956 = EDGE_CURVE('',#1957,#1957,#1959,.T.);
#1957 = VERTEX_POINT('',#1958);
#1958 = CARTESIAN_POINT('',(102.35,102.092,0.));
#1959 = CIRCLE('',#1960,0.508);
#1960 = AXIS2_PLACEMENT_3D('',#1961,#1962,#1963);
#1961 = CARTESIAN_POINT('',(102.35,102.6,0.));
#1962 = DIRECTION('',(-0.,0.,-1.));
#1963 = DIRECTION('',(-0.,-1.,0.));
#1964 = FACE_BOUND('',#1965,.F.);
#1965 = EDGE_LOOP('',(#1966));
#1966 = ORIENTED_EDGE('',*,*,#1967,.T.);
#1967 = EDGE_CURVE('',#1968,#1968,#1970,.T.);
#1968 = VERTEX_POINT('',#1969);
#1969 = CARTESIAN_POINT('',(104.89,102.092,0.));
#1970 = CIRCLE('',#1971,0.508);
#1971 = AXIS2_PLACEMENT_3D('',#1972,#1973,#1974);
#1972 = CARTESIAN_POINT('',(104.89,102.6,0.));
#1973 = DIRECTION('',(-0.,0.,-1.));
#1974 = DIRECTION('',(-0.,-1.,0.));
#1975 = FACE_BOUND('',#1976,.F.);
#1976 = EDGE_LOOP('',(#1977));
#1977 = ORIENTED_EDGE('',*,*,#1978,.T.);
#1978 = EDGE_CURVE('',#1979,#1979,#1981,.T.);
#1979 = VERTEX_POINT('',#1980);
#1980 = CARTESIAN_POINT('',(102.35,104.632,0.));
#1981 = CIRCLE('',#1982,0.508);
#1982 = AXIS2_PLACEMENT_3D('',#1983,#1984,#1985);
#1983 = CARTESIAN_POINT('',(102.35,105.14,0.));
#1984 = DIRECTION('',(-0.,0.,-1.));
#1985 = DIRECTION('',(-0.,-1.,0.));
#1986 = FACE_BOUND('',#1987,.F.);
#1987 = EDGE_LOOP('',(#1988));
#1988 = ORIENTED_EDGE('',*,*,#1989,.T.);
#1989 = EDGE_CURVE('',#1990,#1990,#1992,.T.);
#1990 = VERTEX_POINT('',#1991);
#1991 = CARTESIAN_POINT('',(104.89,104.632,0.));
#1992 = CIRCLE('',#1993,0.508);
#1993 = AXIS2_PLACEMENT_3D('',#1994,#1995,#1996);
#1994 = CARTESIAN_POINT('',(104.89,105.14,0.));
#1995 = DIRECTION('',(-0.,0.,-1.));
#1996 = DIRECTION('',(-0.,-1.,0.));
#1997 = FACE_BOUND('',#1998,.F.);
#1998 = EDGE_LOOP('',(#1999));
#1999 = ORIENTED_EDGE('',*,*,#2000,.T.);
#2000 = EDGE_CURVE('',#2001,#2001,#2003,.T.);
#2001 = VERTEX_POINT('',#2002);
#2002 = CARTESIAN_POINT('',(65.95,124.872,0.));
#2003 = CIRCLE('',#2004,0.508);
#2004 = AXIS2_PLACEMENT_3D('',#2005,#2006,#2007);
#2005 = CARTESIAN_POINT('',(65.95,125.38,0.));
#2006 = DIRECTION('',(-0.,0.,-1.));
#2007 = DIRECTION('',(2.797412345512E-14,-1.,-0.));
#2008 = FACE_BOUND('',#2009,.F.);
#2009 = EDGE_LOOP('',(#2010));
#2010 = ORIENTED_EDGE('',*,*,#2011,.T.);
#2011 = EDGE_CURVE('',#2012,#2012,#2014,.T.);
#2012 = VERTEX_POINT('',#2013);
#2013 = CARTESIAN_POINT('',(68.49,124.872,0.));
#2014 = CIRCLE('',#2015,0.508);
#2015 = AXIS2_PLACEMENT_3D('',#2016,#2017,#2018);
#2016 = CARTESIAN_POINT('',(68.49,125.38,0.));
#2017 = DIRECTION('',(-0.,0.,-1.));
#2018 = DIRECTION('',(-2.797412345512E-14,-1.,0.));
#2019 = FACE_BOUND('',#2020,.F.);
#2020 = EDGE_LOOP('',(#2021));
#2021 = ORIENTED_EDGE('',*,*,#2022,.T.);
#2022 = EDGE_CURVE('',#2023,#2023,#2025,.T.);
#2023 = VERTEX_POINT('',#2024);
#2024 = CARTESIAN_POINT('',(80.19,133.7131,0.));
#2025 = CIRCLE('',#2026,0.5969);
#2026 = AXIS2_PLACEMENT_3D('',#2027,#2028,#2029);
#2027 = CARTESIAN_POINT('',(80.19,134.31,0.));
#2028 = DIRECTION('',(-0.,0.,-1.));
#2029 = DIRECTION('',(-0.,-1.,0.));
#2030 = FACE_BOUND('',#2031,.F.);
#2031 = EDGE_LOOP('',(#2032));
#2032 = ORIENTED_EDGE('',*,*,#2033,.T.);
#2033 = EDGE_CURVE('',#2034,#2034,#2036,.T.);
#2034 = VERTEX_POINT('',#2035);
#2035 = CARTESIAN_POINT('',(80.19,138.7931,0.));
#2036 = CIRCLE('',#2037,0.5969);
#2037 = AXIS2_PLACEMENT_3D('',#2038,#2039,#2040);
#2038 = CARTESIAN_POINT('',(80.19,139.39,0.));
#2039 = DIRECTION('',(-0.,0.,-1.));
#2040 = DIRECTION('',(-0.,-1.,0.));
#2041 = FACE_BOUND('',#2042,.F.);
#2042 = EDGE_LOOP('',(#2043));
#2043 = ORIENTED_EDGE('',*,*,#2044,.T.);
#2044 = EDGE_CURVE('',#2045,#2045,#2047,.T.);
#2045 = VERTEX_POINT('',#2046);
#2046 = CARTESIAN_POINT('',(85.27,133.7131,0.));
#2047 = CIRCLE('',#2048,0.5969);
#2048 = AXIS2_PLACEMENT_3D('',#2049,#2050,#2051);
#2049 = CARTESIAN_POINT('',(85.27,134.31,0.));
#2050 = DIRECTION('',(-0.,0.,-1.));
#2051 = DIRECTION('',(-2.380776464266E-14,-1.,0.));
#2052 = FACE_BOUND('',#2053,.F.);
#2053 = EDGE_LOOP('',(#2054));
#2054 = ORIENTED_EDGE('',*,*,#2055,.T.);
#2055 = EDGE_CURVE('',#2056,#2056,#2058,.T.);
#2056 = VERTEX_POINT('',#2057);
#2057 = CARTESIAN_POINT('',(85.27,138.7931,0.));
#2058 = CIRCLE('',#2059,0.5969);
#2059 = AXIS2_PLACEMENT_3D('',#2060,#2061,#2062);
#2060 = CARTESIAN_POINT('',(85.27,139.39,0.));
#2061 = DIRECTION('',(-0.,0.,-1.));
#2062 = DIRECTION('',(-2.380776464266E-14,-1.,0.));
#2063 = FACE_BOUND('',#2064,.F.);
#2064 = EDGE_LOOP('',(#2065));
#2065 = ORIENTED_EDGE('',*,*,#2066,.T.);
#2066 = EDGE_CURVE('',#2067,#2067,#2069,.T.);
#2067 = VERTEX_POINT('',#2068);
#2068 = CARTESIAN_POINT('',(116.,112.4,0.));
#2069 = CIRCLE('',#2070,1.6);
#2070 = AXIS2_PLACEMENT_3D('',#2071,#2072,#2073);
#2071 = CARTESIAN_POINT('',(116.,114.,0.));
#2072 = DIRECTION('',(-0.,0.,-1.));
#2073 = DIRECTION('',(-0.,-1.,0.));
#2074 = FACE_BOUND('',#2075,.F.);
#2075 = EDGE_LOOP('',(#2076));
#2076 = ORIENTED_EDGE('',*,*,#2077,.T.);
#2077 = EDGE_CURVE('',#2078,#2078,#2080,.T.);
#2078 = VERTEX_POINT('',#2079);
#2079 = CARTESIAN_POINT('',(126.577898,132.9931,0.));
#2080 = CIRCLE('',#2081,0.5969);
#2081 = AXIS2_PLACEMENT_3D('',#2082,#2083,#2084);
#2082 = CARTESIAN_POINT('',(126.577898,133.59,0.));
#2083 = DIRECTION('',(-0.,0.,-1.));
#2084 = DIRECTION('',(-0.,-1.,0.));
#2085 = FACE_BOUND('',#2086,.F.);
#2086 = EDGE_LOOP('',(#2087));
#2087 = ORIENTED_EDGE('',*,*,#2088,.T.);
#2088 = EDGE_CURVE('',#2089,#2089,#2091,.T.);
#2089 = VERTEX_POINT('',#2090);
#2090 = CARTESIAN_POINT('',(128.7,144.950998,0.));
#2091 = CIRCLE('',#2092,0.5969);
#2092 = AXIS2_PLACEMENT_3D('',#2093,#2094,#2095);
#2093 = CARTESIAN_POINT('',(128.7,145.547898,0.));
#2094 = DIRECTION('',(-0.,0.,-1.));
#2095 = DIRECTION('',(-0.,-1.,0.));
#2096 = FACE_BOUND('',#2097,.F.);
#2097 = EDGE_LOOP('',(#2098));
#2098 = ORIENTED_EDGE('',*,*,#2099,.T.);
#2099 = EDGE_CURVE('',#2100,#2100,#2102,.T.);
#2100 = VERTEX_POINT('',#2101);
#2101 = CARTESIAN_POINT('',(125.107898,148.5431,0.));
#2102 = CIRCLE('',#2103,0.5969);
#2103 = AXIS2_PLACEMENT_3D('',#2104,#2105,#2106);
#2104 = CARTESIAN_POINT('',(125.107898,149.14,0.));
#2105 = DIRECTION('',(-0.,0.,-1.));
#2106 = DIRECTION('',(-0.,-1.,0.));
#2107 = FACE_BOUND('',#2108,.F.);
#2108 = EDGE_LOOP('',(#2109));
#2109 = ORIENTED_EDGE('',*,*,#2110,.T.);
#2110 = EDGE_CURVE('',#2111,#2111,#2113,.T.);
#2111 = VERTEX_POINT('',#2112);
#2112 = CARTESIAN_POINT('',(132.502584,19.526518,0.));
#2113 = CIRCLE('',#2114,0.5);
#2114 = AXIS2_PLACEMENT_3D('',#2115,#2116,#2117);
#2115 = CARTESIAN_POINT('',(132.502584,20.026518,0.));
#2116 = DIRECTION('',(-0.,0.,-1.));
#2117 = DIRECTION('',(-0.,-1.,0.));
#2118 = FACE_BOUND('',#2119,.F.);
#2119 = EDGE_LOOP('',(#2120));
#2120 = ORIENTED_EDGE('',*,*,#2121,.T.);
#2121 = EDGE_CURVE('',#2122,#2122,#2124,.T.);
#2122 = VERTEX_POINT('',#2123);
#2123 = CARTESIAN_POINT('',(135.042584,19.526518,0.));
#2124 = CIRCLE('',#2125,0.5);
#2125 = AXIS2_PLACEMENT_3D('',#2126,#2127,#2128);
#2126 = CARTESIAN_POINT('',(135.042584,20.026518,0.));
#2127 = DIRECTION('',(-0.,0.,-1.));
#2128 = DIRECTION('',(-0.,-1.,0.));
#2129 = FACE_BOUND('',#2130,.F.);
#2130 = EDGE_LOOP('',(#2131));
#2131 = ORIENTED_EDGE('',*,*,#2132,.T.);
#2132 = EDGE_CURVE('',#2133,#2133,#2135,.T.);
#2133 = VERTEX_POINT('',#2134);
#2134 = CARTESIAN_POINT('',(137.582584,19.526518,0.));
#2135 = CIRCLE('',#2136,0.5);
#2136 = AXIS2_PLACEMENT_3D('',#2137,#2138,#2139);
#2137 = CARTESIAN_POINT('',(137.582584,20.026518,0.));
#2138 = DIRECTION('',(-0.,0.,-1.));
#2139 = DIRECTION('',(-0.,-1.,0.));
#2140 = FACE_BOUND('',#2141,.F.);
#2141 = EDGE_LOOP('',(#2142));
#2142 = ORIENTED_EDGE('',*,*,#2143,.T.);
#2143 = EDGE_CURVE('',#2144,#2144,#2146,.T.);
#2144 = VERTEX_POINT('',#2145);
#2145 = CARTESIAN_POINT('',(142.477268,19.579962,0.));
#2146 = CIRCLE('',#2147,0.5);
#2147 = AXIS2_PLACEMENT_3D('',#2148,#2149,#2150);
#2148 = CARTESIAN_POINT('',(142.477268,20.079962,0.));
#2149 = DIRECTION('',(-0.,0.,-1.));
#2150 = DIRECTION('',(-0.,-1.,0.));
#2151 = FACE_BOUND('',#2152,.F.);
#2152 = EDGE_LOOP('',(#2153));
#2153 = ORIENTED_EDGE('',*,*,#2154,.T.);
#2154 = EDGE_CURVE('',#2155,#2155,#2157,.T.);
#2155 = VERTEX_POINT('',#2156);
#2156 = CARTESIAN_POINT('',(145.017268,19.579962,0.));
#2157 = CIRCLE('',#2158,0.5);
#2158 = AXIS2_PLACEMENT_3D('',#2159,#2160,#2161);
#2159 = CARTESIAN_POINT('',(145.017268,20.079962,0.));
#2160 = DIRECTION('',(-0.,0.,-1.));
#2161 = DIRECTION('',(-0.,-1.,0.));
#2162 = FACE_BOUND('',#2163,.F.);
#2163 = EDGE_LOOP('',(#2164));
#2164 = ORIENTED_EDGE('',*,*,#2165,.T.);
#2165 = EDGE_CURVE('',#2166,#2166,#2168,.T.);
#2166 = VERTEX_POINT('',#2167);
#2167 = CARTESIAN_POINT('',(147.557268,19.579962,0.));
#2168 = CIRCLE('',#2169,0.5);
#2169 = AXIS2_PLACEMENT_3D('',#2170,#2171,#2172);
#2170 = CARTESIAN_POINT('',(147.557268,20.079962,0.));
#2171 = DIRECTION('',(-0.,0.,-1.));
#2172 = DIRECTION('',(-0.,-1.,0.));
#2173 = FACE_BOUND('',#2174,.F.);
#2174 = EDGE_LOOP('',(#2175));
#2175 = ORIENTED_EDGE('',*,*,#2176,.T.);
#2176 = EDGE_CURVE('',#2177,#2177,#2179,.T.);
#2177 = VERTEX_POINT('',#2178);
#2178 = CARTESIAN_POINT('',(152.468121,19.364793,0.));
#2179 = CIRCLE('',#2180,0.5);
#2180 = AXIS2_PLACEMENT_3D('',#2181,#2182,#2183);
#2181 = CARTESIAN_POINT('',(152.468121,19.864793,0.));
#2182 = DIRECTION('',(-0.,0.,-1.));
#2183 = DIRECTION('',(-0.,-1.,0.));
#2184 = FACE_BOUND('',#2185,.F.);
#2185 = EDGE_LOOP('',(#2186));
#2186 = ORIENTED_EDGE('',*,*,#2187,.T.);
#2187 = EDGE_CURVE('',#2188,#2188,#2190,.T.);
#2188 = VERTEX_POINT('',#2189);
#2189 = CARTESIAN_POINT('',(155.008121,19.364793,0.));
#2190 = CIRCLE('',#2191,0.5);
#2191 = AXIS2_PLACEMENT_3D('',#2192,#2193,#2194);
#2192 = CARTESIAN_POINT('',(155.008121,19.864793,0.));
#2193 = DIRECTION('',(-0.,0.,-1.));
#2194 = DIRECTION('',(-0.,-1.,0.));
#2195 = FACE_BOUND('',#2196,.F.);
#2196 = EDGE_LOOP('',(#2197));
#2197 = ORIENTED_EDGE('',*,*,#2198,.T.);
#2198 = EDGE_CURVE('',#2199,#2199,#2201,.T.);
#2199 = VERTEX_POINT('',#2200);
#2200 = CARTESIAN_POINT('',(157.548121,19.364793,0.));
#2201 = CIRCLE('',#2202,0.5);
#2202 = AXIS2_PLACEMENT_3D('',#2203,#2204,#2205);
#2203 = CARTESIAN_POINT('',(157.548121,19.864793,0.));
#2204 = DIRECTION('',(-0.,0.,-1.));
#2205 = DIRECTION('',(-0.,-1.,0.));
#2206 = FACE_BOUND('',#2207,.F.);
#2207 = EDGE_LOOP('',(#2208));
#2208 = ORIENTED_EDGE('',*,*,#2209,.T.);
#2209 = EDGE_CURVE('',#2210,#2210,#2212,.T.);
#2210 = VERTEX_POINT('',#2211);
#2211 = CARTESIAN_POINT('',(162.376093,19.469943,0.));
#2212 = CIRCLE('',#2213,0.5);
#2213 = AXIS2_PLACEMENT_3D('',#2214,#2215,#2216);
#2214 = CARTESIAN_POINT('',(162.376093,19.969943,0.));
#2215 = DIRECTION('',(-0.,0.,-1.));
#2216 = DIRECTION('',(-0.,-1.,0.));
#2217 = FACE_BOUND('',#2218,.F.);
#2218 = EDGE_LOOP('',(#2219));
#2219 = ORIENTED_EDGE('',*,*,#2220,.T.);
#2220 = EDGE_CURVE('',#2221,#2221,#2223,.T.);
#2221 = VERTEX_POINT('',#2222);
#2222 = CARTESIAN_POINT('',(164.916093,19.469943,0.));
#2223 = CIRCLE('',#2224,0.5);
#2224 = AXIS2_PLACEMENT_3D('',#2225,#2226,#2227);
#2225 = CARTESIAN_POINT('',(164.916093,19.969943,0.));
#2226 = DIRECTION('',(-0.,0.,-1.));
#2227 = DIRECTION('',(-0.,-1.,0.));
#2228 = FACE_BOUND('',#2229,.F.);
#2229 = EDGE_LOOP('',(#2230));
#2230 = ORIENTED_EDGE('',*,*,#2231,.T.);
#2231 = EDGE_CURVE('',#2232,#2232,#2234,.T.);
#2232 = VERTEX_POINT('',#2233);
#2233 = CARTESIAN_POINT('',(167.456093,19.469943,0.));
#2234 = CIRCLE('',#2235,0.5);
#2235 = AXIS2_PLACEMENT_3D('',#2236,#2237,#2238);
#2236 = CARTESIAN_POINT('',(167.456093,19.969943,0.));
#2237 = DIRECTION('',(-0.,0.,-1.));
#2238 = DIRECTION('',(-0.,-1.,0.));
#2239 = FACE_BOUND('',#2240,.F.);
#2240 = EDGE_LOOP('',(#2241));
#2241 = ORIENTED_EDGE('',*,*,#2242,.T.);
#2242 = EDGE_CURVE('',#2243,#2243,#2245,.T.);
#2243 = VERTEX_POINT('',#2244);
#2244 = CARTESIAN_POINT('',(132.399156,54.489462,0.));
#2245 = CIRCLE('',#2246,0.5);
#2246 = AXIS2_PLACEMENT_3D('',#2247,#2248,#2249);
#2247 = CARTESIAN_POINT('',(132.399156,54.989462,0.));
#2248 = DIRECTION('',(-0.,0.,-1.));
#2249 = DIRECTION('',(-0.,-1.,0.));
#2250 = FACE_BOUND('',#2251,.F.);
#2251 = EDGE_LOOP('',(#2252));
#2252 = ORIENTED_EDGE('',*,*,#2253,.T.);
#2253 = EDGE_CURVE('',#2254,#2254,#2256,.T.);
#2254 = VERTEX_POINT('',#2255);
#2255 = CARTESIAN_POINT('',(134.939156,54.489462,0.));
#2256 = CIRCLE('',#2257,0.5);
#2257 = AXIS2_PLACEMENT_3D('',#2258,#2259,#2260);
#2258 = CARTESIAN_POINT('',(134.939156,54.989462,0.));
#2259 = DIRECTION('',(-0.,0.,-1.));
#2260 = DIRECTION('',(-0.,-1.,0.));
#2261 = FACE_BOUND('',#2262,.F.);
#2262 = EDGE_LOOP('',(#2263));
#2263 = ORIENTED_EDGE('',*,*,#2264,.T.);
#2264 = EDGE_CURVE('',#2265,#2265,#2267,.T.);
#2265 = VERTEX_POINT('',#2266);
#2266 = CARTESIAN_POINT('',(137.479156,54.489462,0.));
#2267 = CIRCLE('',#2268,0.5);
#2268 = AXIS2_PLACEMENT_3D('',#2269,#2270,#2271);
#2269 = CARTESIAN_POINT('',(137.479156,54.989462,0.));
#2270 = DIRECTION('',(-0.,0.,-1.));
#2271 = DIRECTION('',(-0.,-1.,0.));
#2272 = FACE_BOUND('',#2273,.F.);
#2273 = EDGE_LOOP('',(#2274));
#2274 = ORIENTED_EDGE('',*,*,#2275,.T.);
#2275 = EDGE_CURVE('',#2276,#2276,#2278,.T.);
#2276 = VERTEX_POINT('',#2277);
#2277 = CARTESIAN_POINT('',(142.490446,54.451746,0.));
#2278 = CIRCLE('',#2279,0.5);
#2279 = AXIS2_PLACEMENT_3D('',#2280,#2281,#2282);
#2280 = CARTESIAN_POINT('',(142.490446,54.951746,0.));
#2281 = DIRECTION('',(-0.,0.,-1.));
#2282 = DIRECTION('',(-0.,-1.,0.));
#2283 = FACE_BOUND('',#2284,.F.);
#2284 = EDGE_LOOP('',(#2285));
#2285 = ORIENTED_EDGE('',*,*,#2286,.T.);
#2286 = EDGE_CURVE('',#2287,#2287,#2289,.T.);
#2287 = VERTEX_POINT('',#2288);
#2288 = CARTESIAN_POINT('',(145.030446,54.451746,0.));
#2289 = CIRCLE('',#2290,0.5);
#2290 = AXIS2_PLACEMENT_3D('',#2291,#2292,#2293);
#2291 = CARTESIAN_POINT('',(145.030446,54.951746,0.));
#2292 = DIRECTION('',(-0.,0.,-1.));
#2293 = DIRECTION('',(-0.,-1.,0.));
#2294 = FACE_BOUND('',#2295,.F.);
#2295 = EDGE_LOOP('',(#2296));
#2296 = ORIENTED_EDGE('',*,*,#2297,.T.);
#2297 = EDGE_CURVE('',#2298,#2298,#2300,.T.);
#2298 = VERTEX_POINT('',#2299);
#2299 = CARTESIAN_POINT('',(147.570446,54.451746,0.));
#2300 = CIRCLE('',#2301,0.5);
#2301 = AXIS2_PLACEMENT_3D('',#2302,#2303,#2304);
#2302 = CARTESIAN_POINT('',(147.570446,54.951746,0.));
#2303 = DIRECTION('',(-0.,0.,-1.));
#2304 = DIRECTION('',(-0.,-1.,0.));
#2305 = FACE_BOUND('',#2306,.F.);
#2306 = EDGE_LOOP('',(#2307));
#2307 = ORIENTED_EDGE('',*,*,#2308,.T.);
#2308 = EDGE_CURVE('',#2309,#2309,#2311,.T.);
#2309 = VERTEX_POINT('',#2310);
#2310 = CARTESIAN_POINT('',(152.371006,54.452618,0.));
#2311 = CIRCLE('',#2312,0.5);
#2312 = AXIS2_PLACEMENT_3D('',#2313,#2314,#2315);
#2313 = CARTESIAN_POINT('',(152.371006,54.952618,0.));
#2314 = DIRECTION('',(-0.,0.,-1.));
#2315 = DIRECTION('',(-0.,-1.,0.));
#2316 = FACE_BOUND('',#2317,.F.);
#2317 = EDGE_LOOP('',(#2318));
#2318 = ORIENTED_EDGE('',*,*,#2319,.T.);
#2319 = EDGE_CURVE('',#2320,#2320,#2322,.T.);
#2320 = VERTEX_POINT('',#2321);
#2321 = CARTESIAN_POINT('',(154.911006,54.452618,0.));
#2322 = CIRCLE('',#2323,0.5);
#2323 = AXIS2_PLACEMENT_3D('',#2324,#2325,#2326);
#2324 = CARTESIAN_POINT('',(154.911006,54.952618,0.));
#2325 = DIRECTION('',(-0.,0.,-1.));
#2326 = DIRECTION('',(-0.,-1.,0.));
#2327 = FACE_BOUND('',#2328,.F.);
#2328 = EDGE_LOOP('',(#2329));
#2329 = ORIENTED_EDGE('',*,*,#2330,.T.);
#2330 = EDGE_CURVE('',#2331,#2331,#2333,.T.);
#2331 = VERTEX_POINT('',#2332);
#2332 = CARTESIAN_POINT('',(157.451006,54.452618,0.));
#2333 = CIRCLE('',#2334,0.5);
#2334 = AXIS2_PLACEMENT_3D('',#2335,#2336,#2337);
#2335 = CARTESIAN_POINT('',(157.451006,54.952618,0.));
#2336 = DIRECTION('',(-0.,0.,-1.));
#2337 = DIRECTION('',(-0.,-1.,0.));
#2338 = FACE_BOUND('',#2339,.F.);
#2339 = EDGE_LOOP('',(#2340));
#2340 = ORIENTED_EDGE('',*,*,#2341,.T.);
#2341 = EDGE_CURVE('',#2342,#2342,#2344,.T.);
#2342 = VERTEX_POINT('',#2343);
#2343 = CARTESIAN_POINT('',(162.354712,54.453493,0.));
#2344 = CIRCLE('',#2345,0.5);
#2345 = AXIS2_PLACEMENT_3D('',#2346,#2347,#2348);
#2346 = CARTESIAN_POINT('',(162.354712,54.953493,0.));
#2347 = DIRECTION('',(-0.,0.,-1.));
#2348 = DIRECTION('',(-0.,-1.,0.));
#2349 = FACE_BOUND('',#2350,.F.);
#2350 = EDGE_LOOP('',(#2351));
#2351 = ORIENTED_EDGE('',*,*,#2352,.T.);
#2352 = EDGE_CURVE('',#2353,#2353,#2355,.T.);
#2353 = VERTEX_POINT('',#2354);
#2354 = CARTESIAN_POINT('',(164.894712,54.453493,0.));
#2355 = CIRCLE('',#2356,0.5);
#2356 = AXIS2_PLACEMENT_3D('',#2357,#2358,#2359);
#2357 = CARTESIAN_POINT('',(164.894712,54.953493,0.));
#2358 = DIRECTION('',(-0.,0.,-1.));
#2359 = DIRECTION('',(-0.,-1.,0.));
#2360 = FACE_BOUND('',#2361,.F.);
#2361 = EDGE_LOOP('',(#2362));
#2362 = ORIENTED_EDGE('',*,*,#2363,.T.);
#2363 = EDGE_CURVE('',#2364,#2364,#2366,.T.);
#2364 = VERTEX_POINT('',#2365);
#2365 = CARTESIAN_POINT('',(167.434712,54.453493,0.));
#2366 = CIRCLE('',#2367,0.5);
#2367 = AXIS2_PLACEMENT_3D('',#2368,#2369,#2370);
#2368 = CARTESIAN_POINT('',(167.434712,54.953493,0.));
#2369 = DIRECTION('',(-0.,0.,-1.));
#2370 = DIRECTION('',(-0.,-1.,0.));
#2371 = FACE_BOUND('',#2372,.F.);
#2372 = EDGE_LOOP('',(#2373));
#2373 = ORIENTED_EDGE('',*,*,#2374,.T.);
#2374 = EDGE_CURVE('',#2375,#2375,#2377,.T.);
#2375 = VERTEX_POINT('',#2376);
#2376 = CARTESIAN_POINT('',(183.32,47.162,0.));
#2377 = CIRCLE('',#2378,0.508);
#2378 = AXIS2_PLACEMENT_3D('',#2379,#2380,#2381);
#2379 = CARTESIAN_POINT('',(183.32,47.67,0.));
#2380 = DIRECTION('',(-0.,0.,-1.));
#2381 = DIRECTION('',(-0.,-1.,0.));
#2382 = FACE_BOUND('',#2383,.F.);
#2383 = EDGE_LOOP('',(#2384));
#2384 = ORIENTED_EDGE('',*,*,#2385,.T.);
#2385 = EDGE_CURVE('',#2386,#2386,#2388,.T.);
#2386 = VERTEX_POINT('',#2387);
#2387 = CARTESIAN_POINT('',(188.52,47.142,0.));
#2388 = CIRCLE('',#2389,0.508);
#2389 = AXIS2_PLACEMENT_3D('',#2390,#2391,#2392);
#2390 = CARTESIAN_POINT('',(188.52,47.65,0.));
#2391 = DIRECTION('',(-0.,0.,-1.));
#2392 = DIRECTION('',(5.594824691024E-14,-1.,-0.));
#2393 = FACE_BOUND('',#2394,.F.);
#2394 = EDGE_LOOP('',(#2395));
#2395 = ORIENTED_EDGE('',*,*,#2396,.T.);
#2396 = EDGE_CURVE('',#2397,#2397,#2399,.T.);
#2397 = VERTEX_POINT('',#2398);
#2398 = CARTESIAN_POINT('',(183.32,49.702,0.));
#2399 = CIRCLE('',#2400,0.508);
#2400 = AXIS2_PLACEMENT_3D('',#2401,#2402,#2403);
#2401 = CARTESIAN_POINT('',(183.32,50.21,0.));
#2402 = DIRECTION('',(-0.,0.,-1.));
#2403 = DIRECTION('',(-0.,-1.,0.));
#2404 = FACE_BOUND('',#2405,.F.);
#2405 = EDGE_LOOP('',(#2406));
#2406 = ORIENTED_EDGE('',*,*,#2407,.T.);
#2407 = EDGE_CURVE('',#2408,#2408,#2410,.T.);
#2408 = VERTEX_POINT('',#2409);
#2409 = CARTESIAN_POINT('',(183.32,52.242,0.));
#2410 = CIRCLE('',#2411,0.508);
#2411 = AXIS2_PLACEMENT_3D('',#2412,#2413,#2414);
#2412 = CARTESIAN_POINT('',(183.32,52.75,0.));
#2413 = DIRECTION('',(-0.,0.,-1.));
#2414 = DIRECTION('',(-0.,-1.,0.));
#2415 = FACE_BOUND('',#2416,.F.);
#2416 = EDGE_LOOP('',(#2417));
#2417 = ORIENTED_EDGE('',*,*,#2418,.T.);
#2418 = EDGE_CURVE('',#2419,#2419,#2421,.T.);
#2419 = VERTEX_POINT('',#2420);
#2420 = CARTESIAN_POINT('',(188.52,49.682,0.));
#2421 = CIRCLE('',#2422,0.508);
#2422 = AXIS2_PLACEMENT_3D('',#2423,#2424,#2425);
#2423 = CARTESIAN_POINT('',(188.52,50.19,0.));
#2424 = DIRECTION('',(-0.,0.,-1.));
#2425 = DIRECTION('',(5.594824691024E-14,-1.,-0.));
#2426 = FACE_BOUND('',#2427,.F.);
#2427 = EDGE_LOOP('',(#2428));
#2428 = ORIENTED_EDGE('',*,*,#2429,.T.);
#2429 = EDGE_CURVE('',#2430,#2430,#2432,.T.);
#2430 = VERTEX_POINT('',#2431);
#2431 = CARTESIAN_POINT('',(188.52,52.222,0.));
#2432 = CIRCLE('',#2433,0.508);
#2433 = AXIS2_PLACEMENT_3D('',#2434,#2435,#2436);
#2434 = CARTESIAN_POINT('',(188.52,52.73,0.));
#2435 = DIRECTION('',(-0.,0.,-1.));
#2436 = DIRECTION('',(5.594824691024E-14,-1.,-0.));
#2437 = FACE_BOUND('',#2438,.F.);
#2438 = EDGE_LOOP('',(#2439));
#2439 = ORIENTED_EDGE('',*,*,#2440,.T.);
#2440 = EDGE_CURVE('',#2441,#2441,#2443,.T.);
#2441 = VERTEX_POINT('',#2442);
#2442 = CARTESIAN_POINT('',(256.,2.4,0.));
#2443 = CIRCLE('',#2444,1.6);
#2444 = AXIS2_PLACEMENT_3D('',#2445,#2446,#2447);
#2445 = CARTESIAN_POINT('',(256.,4.,0.));
#2446 = DIRECTION('',(-0.,0.,-1.));
#2447 = DIRECTION('',(-0.,-1.,0.));
#2448 = FACE_BOUND('',#2449,.F.);
#2449 = EDGE_LOOP('',(#2450));
#2450 = ORIENTED_EDGE('',*,*,#2451,.T.);
#2451 = EDGE_CURVE('',#2452,#2452,#2454,.T.);
#2452 = VERTEX_POINT('',#2453);
#2453 = CARTESIAN_POINT('',(193.82,46.902,0.));
#2454 = CIRCLE('',#2455,0.508);
#2455 = AXIS2_PLACEMENT_3D('',#2456,#2457,#2458);
#2456 = CARTESIAN_POINT('',(193.82,47.41,0.));
#2457 = DIRECTION('',(-0.,0.,-1.));
#2458 = DIRECTION('',(-0.,-1.,0.));
#2459 = FACE_BOUND('',#2460,.F.);
#2460 = EDGE_LOOP('',(#2461));
#2461 = ORIENTED_EDGE('',*,*,#2462,.T.);
#2462 = EDGE_CURVE('',#2463,#2463,#2465,.T.);
#2463 = VERTEX_POINT('',#2464);
#2464 = CARTESIAN_POINT('',(198.87,46.822,0.));
#2465 = CIRCLE('',#2466,0.508);
#2466 = AXIS2_PLACEMENT_3D('',#2467,#2468,#2469);
#2467 = CARTESIAN_POINT('',(198.87,47.33,0.));
#2468 = DIRECTION('',(-0.,0.,-1.));
#2469 = DIRECTION('',(-0.,-1.,0.));
#2470 = FACE_BOUND('',#2471,.F.);
#2471 = EDGE_LOOP('',(#2472));
#2472 = ORIENTED_EDGE('',*,*,#2473,.T.);
#2473 = EDGE_CURVE('',#2474,#2474,#2476,.T.);
#2474 = VERTEX_POINT('',#2475);
#2475 = CARTESIAN_POINT('',(204.37,46.932,0.));
#2476 = CIRCLE('',#2477,0.508);
#2477 = AXIS2_PLACEMENT_3D('',#2478,#2479,#2480);
#2478 = CARTESIAN_POINT('',(204.37,47.44,0.));
#2479 = DIRECTION('',(-0.,0.,-1.));
#2480 = DIRECTION('',(-0.,-1.,0.));
#2481 = FACE_BOUND('',#2482,.F.);
#2482 = EDGE_LOOP('',(#2483));
#2483 = ORIENTED_EDGE('',*,*,#2484,.T.);
#2484 = EDGE_CURVE('',#2485,#2485,#2487,.T.);
#2485 = VERTEX_POINT('',#2486);
#2486 = CARTESIAN_POINT('',(193.82,49.442,0.));
#2487 = CIRCLE('',#2488,0.508);
#2488 = AXIS2_PLACEMENT_3D('',#2489,#2490,#2491);
#2489 = CARTESIAN_POINT('',(193.82,49.95,0.));
#2490 = DIRECTION('',(-0.,0.,-1.));
#2491 = DIRECTION('',(-0.,-1.,0.));
#2492 = FACE_BOUND('',#2493,.F.);
#2493 = EDGE_LOOP('',(#2494));
#2494 = ORIENTED_EDGE('',*,*,#2495,.T.);
#2495 = EDGE_CURVE('',#2496,#2496,#2498,.T.);
#2496 = VERTEX_POINT('',#2497);
#2497 = CARTESIAN_POINT('',(193.82,51.982,0.));
#2498 = CIRCLE('',#2499,0.508);
#2499 = AXIS2_PLACEMENT_3D('',#2500,#2501,#2502);
#2500 = CARTESIAN_POINT('',(193.82,52.49,0.));
#2501 = DIRECTION('',(-0.,0.,-1.));
#2502 = DIRECTION('',(-0.,-1.,0.));
#2503 = FACE_BOUND('',#2504,.F.);
#2504 = EDGE_LOOP('',(#2505));
#2505 = ORIENTED_EDGE('',*,*,#2506,.T.);
#2506 = EDGE_CURVE('',#2507,#2507,#2509,.T.);
#2507 = VERTEX_POINT('',#2508);
#2508 = CARTESIAN_POINT('',(198.87,49.362,0.));
#2509 = CIRCLE('',#2510,0.508);
#2510 = AXIS2_PLACEMENT_3D('',#2511,#2512,#2513);
#2511 = CARTESIAN_POINT('',(198.87,49.87,0.));
#2512 = DIRECTION('',(-0.,0.,-1.));
#2513 = DIRECTION('',(-0.,-1.,0.));
#2514 = FACE_BOUND('',#2515,.F.);
#2515 = EDGE_LOOP('',(#2516));
#2516 = ORIENTED_EDGE('',*,*,#2517,.T.);
#2517 = EDGE_CURVE('',#2518,#2518,#2520,.T.);
#2518 = VERTEX_POINT('',#2519);
#2519 = CARTESIAN_POINT('',(198.87,51.902,0.));
#2520 = CIRCLE('',#2521,0.508);
#2521 = AXIS2_PLACEMENT_3D('',#2522,#2523,#2524);
#2522 = CARTESIAN_POINT('',(198.87,52.41,0.));
#2523 = DIRECTION('',(-0.,0.,-1.));
#2524 = DIRECTION('',(-0.,-1.,0.));
#2525 = FACE_BOUND('',#2526,.F.);
#2526 = EDGE_LOOP('',(#2527));
#2527 = ORIENTED_EDGE('',*,*,#2528,.T.);
#2528 = EDGE_CURVE('',#2529,#2529,#2531,.T.);
#2529 = VERTEX_POINT('',#2530);
#2530 = CARTESIAN_POINT('',(204.37,49.472,0.));
#2531 = CIRCLE('',#2532,0.508);
#2532 = AXIS2_PLACEMENT_3D('',#2533,#2534,#2535);
#2533 = CARTESIAN_POINT('',(204.37,49.98,0.));
#2534 = DIRECTION('',(-0.,0.,-1.));
#2535 = DIRECTION('',(-0.,-1.,0.));
#2536 = FACE_BOUND('',#2537,.F.);
#2537 = EDGE_LOOP('',(#2538));
#2538 = ORIENTED_EDGE('',*,*,#2539,.T.);
#2539 = EDGE_CURVE('',#2540,#2540,#2542,.T.);
#2540 = VERTEX_POINT('',#2541);
#2541 = CARTESIAN_POINT('',(204.37,52.012,0.));
#2542 = CIRCLE('',#2543,0.508);
#2543 = AXIS2_PLACEMENT_3D('',#2544,#2545,#2546);
#2544 = CARTESIAN_POINT('',(204.37,52.52,0.));
#2545 = DIRECTION('',(-0.,0.,-1.));
#2546 = DIRECTION('',(-0.,-1.,0.));
#2547 = FACE_BOUND('',#2548,.F.);
#2548 = EDGE_LOOP('',(#2549));
#2549 = ORIENTED_EDGE('',*,*,#2550,.T.);
#2550 = EDGE_CURVE('',#2551,#2551,#2553,.T.);
#2551 = VERTEX_POINT('',#2552);
#2552 = CARTESIAN_POINT('',(209.72,46.922,0.));
#2553 = CIRCLE('',#2554,0.508);
#2554 = AXIS2_PLACEMENT_3D('',#2555,#2556,#2557);
#2555 = CARTESIAN_POINT('',(209.72,47.43,0.));
#2556 = DIRECTION('',(-0.,0.,-1.));
#2557 = DIRECTION('',(-0.,-1.,0.));
#2558 = FACE_BOUND('',#2559,.F.);
#2559 = EDGE_LOOP('',(#2560));
#2560 = ORIENTED_EDGE('',*,*,#2561,.T.);
#2561 = EDGE_CURVE('',#2562,#2562,#2564,.T.);
#2562 = VERTEX_POINT('',#2563);
#2563 = CARTESIAN_POINT('',(214.92,47.082,0.));
#2564 = CIRCLE('',#2565,0.508);
#2565 = AXIS2_PLACEMENT_3D('',#2566,#2567,#2568);
#2566 = CARTESIAN_POINT('',(214.92,47.59,0.));
#2567 = DIRECTION('',(-0.,0.,-1.));
#2568 = DIRECTION('',(-5.594824691025E-14,-1.,0.));
#2569 = FACE_BOUND('',#2570,.F.);
#2570 = EDGE_LOOP('',(#2571));
#2571 = ORIENTED_EDGE('',*,*,#2572,.T.);
#2572 = EDGE_CURVE('',#2573,#2573,#2575,.T.);
#2573 = VERTEX_POINT('',#2574);
#2574 = CARTESIAN_POINT('',(219.87,47.092,0.));
#2575 = CIRCLE('',#2576,0.508);
#2576 = AXIS2_PLACEMENT_3D('',#2577,#2578,#2579);
#2577 = CARTESIAN_POINT('',(219.87,47.6,0.));
#2578 = DIRECTION('',(-0.,0.,-1.));
#2579 = DIRECTION('',(-0.,-1.,0.));
#2580 = FACE_BOUND('',#2581,.F.);
#2581 = EDGE_LOOP('',(#2582));
#2582 = ORIENTED_EDGE('',*,*,#2583,.T.);
#2583 = EDGE_CURVE('',#2584,#2584,#2586,.T.);
#2584 = VERTEX_POINT('',#2585);
#2585 = CARTESIAN_POINT('',(209.72,49.462,0.));
#2586 = CIRCLE('',#2587,0.508);
#2587 = AXIS2_PLACEMENT_3D('',#2588,#2589,#2590);
#2588 = CARTESIAN_POINT('',(209.72,49.97,0.));
#2589 = DIRECTION('',(-0.,0.,-1.));
#2590 = DIRECTION('',(-0.,-1.,0.));
#2591 = FACE_BOUND('',#2592,.F.);
#2592 = EDGE_LOOP('',(#2593));
#2593 = ORIENTED_EDGE('',*,*,#2594,.T.);
#2594 = EDGE_CURVE('',#2595,#2595,#2597,.T.);
#2595 = VERTEX_POINT('',#2596);
#2596 = CARTESIAN_POINT('',(209.72,52.002,0.));
#2597 = CIRCLE('',#2598,0.508);
#2598 = AXIS2_PLACEMENT_3D('',#2599,#2600,#2601);
#2599 = CARTESIAN_POINT('',(209.72,52.51,0.));
#2600 = DIRECTION('',(-0.,0.,-1.));
#2601 = DIRECTION('',(-0.,-1.,0.));
#2602 = FACE_BOUND('',#2603,.F.);
#2603 = EDGE_LOOP('',(#2604));
#2604 = ORIENTED_EDGE('',*,*,#2605,.T.);
#2605 = EDGE_CURVE('',#2606,#2606,#2608,.T.);
#2606 = VERTEX_POINT('',#2607);
#2607 = CARTESIAN_POINT('',(214.92,49.622,0.));
#2608 = CIRCLE('',#2609,0.508);
#2609 = AXIS2_PLACEMENT_3D('',#2610,#2611,#2612);
#2610 = CARTESIAN_POINT('',(214.92,50.13,0.));
#2611 = DIRECTION('',(-0.,0.,-1.));
#2612 = DIRECTION('',(-5.594824691025E-14,-1.,0.));
#2613 = FACE_BOUND('',#2614,.F.);
#2614 = EDGE_LOOP('',(#2615));
#2615 = ORIENTED_EDGE('',*,*,#2616,.T.);
#2616 = EDGE_CURVE('',#2617,#2617,#2619,.T.);
#2617 = VERTEX_POINT('',#2618);
#2618 = CARTESIAN_POINT('',(214.92,52.162,0.));
#2619 = CIRCLE('',#2620,0.508);
#2620 = AXIS2_PLACEMENT_3D('',#2621,#2622,#2623);
#2621 = CARTESIAN_POINT('',(214.92,52.67,0.));
#2622 = DIRECTION('',(-0.,0.,-1.));
#2623 = DIRECTION('',(-5.594824691025E-14,-1.,0.));
#2624 = FACE_BOUND('',#2625,.F.);
#2625 = EDGE_LOOP('',(#2626));
#2626 = ORIENTED_EDGE('',*,*,#2627,.T.);
#2627 = EDGE_CURVE('',#2628,#2628,#2630,.T.);
#2628 = VERTEX_POINT('',#2629);
#2629 = CARTESIAN_POINT('',(219.87,49.632,0.));
#2630 = CIRCLE('',#2631,0.508);
#2631 = AXIS2_PLACEMENT_3D('',#2632,#2633,#2634);
#2632 = CARTESIAN_POINT('',(219.87,50.14,0.));
#2633 = DIRECTION('',(-0.,0.,-1.));
#2634 = DIRECTION('',(-0.,-1.,0.));
#2635 = FACE_BOUND('',#2636,.F.);
#2636 = EDGE_LOOP('',(#2637));
#2637 = ORIENTED_EDGE('',*,*,#2638,.T.);
#2638 = EDGE_CURVE('',#2639,#2639,#2641,.T.);
#2639 = VERTEX_POINT('',#2640);
#2640 = CARTESIAN_POINT('',(219.87,52.172,0.));
#2641 = CIRCLE('',#2642,0.508);
#2642 = AXIS2_PLACEMENT_3D('',#2643,#2644,#2645);
#2643 = CARTESIAN_POINT('',(219.87,52.68,0.));
#2644 = DIRECTION('',(-0.,0.,-1.));
#2645 = DIRECTION('',(-0.,-1.,0.));
#2646 = FACE_BOUND('',#2647,.F.);
#2647 = EDGE_LOOP('',(#2648));
#2648 = ORIENTED_EDGE('',*,*,#2649,.T.);
#2649 = EDGE_CURVE('',#2650,#2650,#2652,.T.);
#2650 = VERTEX_POINT('',#2651);
#2651 = CARTESIAN_POINT('',(246.53,42.17,0.));
#2652 = CIRCLE('',#2653,0.5);
#2653 = AXIS2_PLACEMENT_3D('',#2654,#2655,#2656);
#2654 = CARTESIAN_POINT('',(246.53,42.67,0.));
#2655 = DIRECTION('',(-0.,0.,-1.));
#2656 = DIRECTION('',(-0.,-1.,0.));
#2657 = FACE_BOUND('',#2658,.F.);
#2658 = EDGE_LOOP('',(#2659));
#2659 = ORIENTED_EDGE('',*,*,#2660,.T.);
#2660 = EDGE_CURVE('',#2661,#2661,#2663,.T.);
#2661 = VERTEX_POINT('',#2662);
#2662 = CARTESIAN_POINT('',(246.53,44.71,0.));
#2663 = CIRCLE('',#2664,0.5);
#2664 = AXIS2_PLACEMENT_3D('',#2665,#2666,#2667);
#2665 = CARTESIAN_POINT('',(246.53,45.21,0.));
#2666 = DIRECTION('',(-0.,0.,-1.));
#2667 = DIRECTION('',(-0.,-1.,0.));
#2668 = FACE_BOUND('',#2669,.F.);
#2669 = EDGE_LOOP('',(#2670));
#2670 = ORIENTED_EDGE('',*,*,#2671,.T.);
#2671 = EDGE_CURVE('',#2672,#2672,#2674,.T.);
#2672 = VERTEX_POINT('',#2673);
#2673 = CARTESIAN_POINT('',(246.53,59.95,0.));
#2674 = CIRCLE('',#2675,0.5);
#2675 = AXIS2_PLACEMENT_3D('',#2676,#2677,#2678);
#2676 = CARTESIAN_POINT('',(246.53,60.45,0.));
#2677 = DIRECTION('',(-0.,0.,-1.));
#2678 = DIRECTION('',(-0.,-1.,0.));
#2679 = FACE_BOUND('',#2680,.F.);
#2680 = EDGE_LOOP('',(#2681));
#2681 = ORIENTED_EDGE('',*,*,#2682,.T.);
#2682 = EDGE_CURVE('',#2683,#2683,#2685,.T.);
#2683 = VERTEX_POINT('',#2684);
#2684 = CARTESIAN_POINT('',(246.53,62.49,0.));
#2685 = CIRCLE('',#2686,0.5);
#2686 = AXIS2_PLACEMENT_3D('',#2687,#2688,#2689);
#2687 = CARTESIAN_POINT('',(246.53,62.99,0.));
#2688 = DIRECTION('',(-0.,0.,-1.));
#2689 = DIRECTION('',(-0.,-1.,0.));
#2690 = FACE_BOUND('',#2691,.F.);
#2691 = EDGE_LOOP('',(#2692));
#2692 = ORIENTED_EDGE('',*,*,#2693,.T.);
#2693 = EDGE_CURVE('',#2694,#2694,#2696,.T.);
#2694 = VERTEX_POINT('',#2695);
#2695 = CARTESIAN_POINT('',(186.25,78.27,0.));
#2696 = CIRCLE('',#2697,0.5);
#2697 = AXIS2_PLACEMENT_3D('',#2698,#2699,#2700);
#2698 = CARTESIAN_POINT('',(186.25,78.77,0.));
#2699 = DIRECTION('',(-0.,0.,-1.));
#2700 = DIRECTION('',(-0.,-1.,0.));
#2701 = FACE_BOUND('',#2702,.F.);
#2702 = EDGE_LOOP('',(#2703));
#2703 = ORIENTED_EDGE('',*,*,#2704,.T.);
#2704 = EDGE_CURVE('',#2705,#2705,#2707,.T.);
#2705 = VERTEX_POINT('',#2706);
#2706 = CARTESIAN_POINT('',(188.79,78.27,0.));
#2707 = CIRCLE('',#2708,0.5);
#2708 = AXIS2_PLACEMENT_3D('',#2709,#2710,#2711);
#2709 = CARTESIAN_POINT('',(188.79,78.77,0.));
#2710 = DIRECTION('',(-0.,0.,-1.));
#2711 = DIRECTION('',(-0.,-1.,0.));
#2712 = FACE_BOUND('',#2713,.F.);
#2713 = EDGE_LOOP('',(#2714));
#2714 = ORIENTED_EDGE('',*,*,#2715,.T.);
#2715 = EDGE_CURVE('',#2716,#2716,#2718,.T.);
#2716 = VERTEX_POINT('',#2717);
#2717 = CARTESIAN_POINT('',(185.34,90.47,0.));
#2718 = CIRCLE('',#2719,0.5);
#2719 = AXIS2_PLACEMENT_3D('',#2720,#2721,#2722);
#2720 = CARTESIAN_POINT('',(185.34,90.97,0.));
#2721 = DIRECTION('',(-0.,0.,-1.));
#2722 = DIRECTION('',(-0.,-1.,0.));
#2723 = FACE_BOUND('',#2724,.F.);
#2724 = EDGE_LOOP('',(#2725));
#2725 = ORIENTED_EDGE('',*,*,#2726,.T.);
#2726 = EDGE_CURVE('',#2727,#2727,#2729,.T.);
#2727 = VERTEX_POINT('',#2728);
#2728 = CARTESIAN_POINT('',(187.88,90.47,0.));
#2729 = CIRCLE('',#2730,0.5);
#2730 = AXIS2_PLACEMENT_3D('',#2731,#2732,#2733);
#2731 = CARTESIAN_POINT('',(187.88,90.97,0.));
#2732 = DIRECTION('',(-0.,0.,-1.));
#2733 = DIRECTION('',(-0.,-1.,0.));
#2734 = FACE_BOUND('',#2735,.F.);
#2735 = EDGE_LOOP('',(#2736));
#2736 = ORIENTED_EDGE('',*,*,#2737,.T.);
#2737 = EDGE_CURVE('',#2738,#2738,#2740,.T.);
#2738 = VERTEX_POINT('',#2739);
#2739 = CARTESIAN_POINT('',(142.7,116.980998,0.));
#2740 = CIRCLE('',#2741,0.5969);
#2741 = AXIS2_PLACEMENT_3D('',#2742,#2743,#2744);
#2742 = CARTESIAN_POINT('',(142.7,117.577898,0.));
#2743 = DIRECTION('',(-0.,0.,-1.));
#2744 = DIRECTION('',(-0.,-1.,0.));
#2745 = FACE_BOUND('',#2746,.F.);
#2746 = EDGE_LOOP('',(#2747));
#2747 = ORIENTED_EDGE('',*,*,#2748,.T.);
#2748 = EDGE_CURVE('',#2749,#2749,#2751,.T.);
#2749 = VERTEX_POINT('',#2750);
#2750 = CARTESIAN_POINT('',(139.107898,120.5731,0.));
#2751 = CIRCLE('',#2752,0.5969);
#2752 = AXIS2_PLACEMENT_3D('',#2753,#2754,#2755);
#2753 = CARTESIAN_POINT('',(139.107898,121.17,0.));
#2754 = DIRECTION('',(-0.,0.,-1.));
#2755 = DIRECTION('',(-0.,-1.,0.));
#2756 = FACE_BOUND('',#2757,.F.);
#2757 = EDGE_LOOP('',(#2758));
#2758 = ORIENTED_EDGE('',*,*,#2759,.T.);
#2759 = EDGE_CURVE('',#2760,#2760,#2762,.T.);
#2760 = VERTEX_POINT('',#2761);
#2761 = CARTESIAN_POINT('',(130.17,129.400998,0.));
#2762 = CIRCLE('',#2763,0.5969);
#2763 = AXIS2_PLACEMENT_3D('',#2764,#2765,#2766);
#2764 = CARTESIAN_POINT('',(130.17,129.997898,0.));
#2765 = DIRECTION('',(-0.,0.,-1.));
#2766 = DIRECTION('',(-4.761552928532E-14,-1.,0.));
#2767 = FACE_BOUND('',#2768,.F.);
#2768 = EDGE_LOOP('',(#2769));
#2769 = ORIENTED_EDGE('',*,*,#2770,.T.);
#2770 = EDGE_CURVE('',#2771,#2771,#2773,.T.);
#2771 = VERTEX_POINT('',#2772);
#2772 = CARTESIAN_POINT('',(142.7,124.165202,0.));
#2773 = CIRCLE('',#2774,0.5969);
#2774 = AXIS2_PLACEMENT_3D('',#2775,#2776,#2777);
#2775 = CARTESIAN_POINT('',(142.7,124.762102,0.));
#2776 = DIRECTION('',(-0.,0.,-1.));
#2777 = DIRECTION('',(-0.,-1.,0.));
#2778 = FACE_BOUND('',#2779,.F.);
#2779 = EDGE_LOOP('',(#2780));
#2780 = ORIENTED_EDGE('',*,*,#2781,.T.);
#2781 = EDGE_CURVE('',#2782,#2782,#2784,.T.);
#2782 = VERTEX_POINT('',#2783);
#2783 = CARTESIAN_POINT('',(146.292102,120.5731,0.));
#2784 = CIRCLE('',#2785,0.5969);
#2785 = AXIS2_PLACEMENT_3D('',#2786,#2787,#2788);
#2786 = CARTESIAN_POINT('',(146.292102,121.17,0.));
#2787 = DIRECTION('',(-0.,0.,-1.));
#2788 = DIRECTION('',(-0.,-1.,0.));
#2789 = FACE_BOUND('',#2790,.F.);
#2790 = EDGE_LOOP('',(#2791));
#2791 = ORIENTED_EDGE('',*,*,#2792,.T.);
#2792 = EDGE_CURVE('',#2793,#2793,#2795,.T.);
#2793 = VERTEX_POINT('',#2794);
#2794 = CARTESIAN_POINT('',(158.25,118.420998,0.));
#2795 = CIRCLE('',#2796,0.5969);
#2796 = AXIS2_PLACEMENT_3D('',#2797,#2798,#2799);
#2797 = CARTESIAN_POINT('',(158.25,119.017898,0.));
#2798 = DIRECTION('',(-0.,0.,-1.));
#2799 = DIRECTION('',(-0.,-1.,0.));
#2800 = FACE_BOUND('',#2801,.F.);
#2801 = EDGE_LOOP('',(#2802));
#2802 = ORIENTED_EDGE('',*,*,#2803,.T.);
#2803 = EDGE_CURVE('',#2804,#2804,#2806,.T.);
#2804 = VERTEX_POINT('',#2805);
#2805 = CARTESIAN_POINT('',(154.657898,122.0131,0.));
#2806 = CIRCLE('',#2807,0.5969);
#2807 = AXIS2_PLACEMENT_3D('',#2808,#2809,#2810);
#2808 = CARTESIAN_POINT('',(154.657898,122.61,0.));
#2809 = DIRECTION('',(-0.,0.,-1.));
#2810 = DIRECTION('',(-0.,-1.,0.));
#2811 = FACE_BOUND('',#2812,.F.);
#2812 = EDGE_LOOP('',(#2813));
#2813 = ORIENTED_EDGE('',*,*,#2814,.T.);
#2814 = EDGE_CURVE('',#2815,#2815,#2817,.T.);
#2815 = VERTEX_POINT('',#2816);
#2816 = CARTESIAN_POINT('',(158.25,125.605202,0.));
#2817 = CIRCLE('',#2818,0.5969);
#2818 = AXIS2_PLACEMENT_3D('',#2819,#2820,#2821);
#2819 = CARTESIAN_POINT('',(158.25,126.202102,0.));
#2820 = DIRECTION('',(-0.,0.,-1.));
#2821 = DIRECTION('',(-0.,-1.,0.));
#2822 = FACE_BOUND('',#2823,.F.);
#2823 = EDGE_LOOP('',(#2824));
#2824 = ORIENTED_EDGE('',*,*,#2825,.T.);
#2825 = EDGE_CURVE('',#2826,#2826,#2828,.T.);
#2826 = VERTEX_POINT('',#2827);
#2827 = CARTESIAN_POINT('',(133.762102,132.9931,0.));
#2828 = CIRCLE('',#2829,0.5969);
#2829 = AXIS2_PLACEMENT_3D('',#2830,#2831,#2832);
#2830 = CARTESIAN_POINT('',(133.762102,133.59,0.));
#2831 = DIRECTION('',(-0.,0.,-1.));
#2832 = DIRECTION('',(-0.,-1.,0.));
#2833 = FACE_BOUND('',#2834,.F.);
#2834 = EDGE_LOOP('',(#2835));
#2835 = ORIENTED_EDGE('',*,*,#2836,.T.);
#2836 = EDGE_CURVE('',#2837,#2837,#2839,.T.);
#2837 = VERTEX_POINT('',#2838);
#2838 = CARTESIAN_POINT('',(130.17,136.585202,0.));
#2839 = CIRCLE('',#2840,0.5969);
#2840 = AXIS2_PLACEMENT_3D('',#2841,#2842,#2843);
#2841 = CARTESIAN_POINT('',(130.17,137.182102,0.));
#2842 = DIRECTION('',(-0.,0.,-1.));
#2843 = DIRECTION('',(-4.761552928532E-14,-1.,0.));
#2844 = FACE_BOUND('',#2845,.F.);
#2845 = EDGE_LOOP('',(#2846));
#2846 = ORIENTED_EDGE('',*,*,#2847,.T.);
#2847 = EDGE_CURVE('',#2848,#2848,#2850,.T.);
#2848 = VERTEX_POINT('',#2849);
#2849 = CARTESIAN_POINT('',(132.292102,148.5431,0.));
#2850 = CIRCLE('',#2851,0.5969);
#2851 = AXIS2_PLACEMENT_3D('',#2852,#2853,#2854);
#2852 = CARTESIAN_POINT('',(132.292102,149.14,0.));
#2853 = DIRECTION('',(-0.,0.,-1.));
#2854 = DIRECTION('',(-0.,-1.,0.));
#2855 = FACE_BOUND('',#2856,.F.);
#2856 = EDGE_LOOP('',(#2857));
#2857 = ORIENTED_EDGE('',*,*,#2858,.T.);
#2858 = EDGE_CURVE('',#2859,#2859,#2861,.T.);
#2859 = VERTEX_POINT('',#2860);
#2860 = CARTESIAN_POINT('',(161.842102,122.0131,0.));
#2861 = CIRCLE('',#2862,0.5969);
#2862 = AXIS2_PLACEMENT_3D('',#2863,#2864,#2865);
#2863 = CARTESIAN_POINT('',(161.842102,122.61,0.));
#2864 = DIRECTION('',(-0.,0.,-1.));
#2865 = DIRECTION('',(-0.,-1.,0.));
#2866 = FACE_BOUND('',#2867,.F.);
#2867 = EDGE_LOOP('',(#2868));
#2868 = ORIENTED_EDGE('',*,*,#2869,.T.);
#2869 = EDGE_CURVE('',#2870,#2870,#2872,.T.);
#2870 = VERTEX_POINT('',#2871);
#2871 = CARTESIAN_POINT('',(170.3,130.470998,0.));
#2872 = CIRCLE('',#2873,0.5969);
#2873 = AXIS2_PLACEMENT_3D('',#2874,#2875,#2876);
#2874 = CARTESIAN_POINT('',(170.3,131.067898,0.));
#2875 = DIRECTION('',(-0.,0.,-1.));
#2876 = DIRECTION('',(-0.,-1.,0.));
#2877 = FACE_BOUND('',#2878,.F.);
#2878 = EDGE_LOOP('',(#2879));
#2879 = ORIENTED_EDGE('',*,*,#2880,.T.);
#2880 = EDGE_CURVE('',#2881,#2881,#2883,.T.);
#2881 = VERTEX_POINT('',#2882);
#2882 = CARTESIAN_POINT('',(166.707898,134.0631,0.));
#2883 = CIRCLE('',#2884,0.5969);
#2884 = AXIS2_PLACEMENT_3D('',#2885,#2886,#2887);
#2885 = CARTESIAN_POINT('',(166.707898,134.66,0.));
#2886 = DIRECTION('',(-0.,0.,-1.));
#2887 = DIRECTION('',(-0.,-1.,0.));
#2888 = FACE_BOUND('',#2889,.F.);
#2889 = EDGE_LOOP('',(#2890));
#2890 = ORIENTED_EDGE('',*,*,#2891,.T.);
#2891 = EDGE_CURVE('',#2892,#2892,#2894,.T.);
#2892 = VERTEX_POINT('',#2893);
#2893 = CARTESIAN_POINT('',(173.892102,134.0631,0.));
#2894 = CIRCLE('',#2895,0.5969);
#2895 = AXIS2_PLACEMENT_3D('',#2896,#2897,#2898);
#2896 = CARTESIAN_POINT('',(173.892102,134.66,0.));
#2897 = DIRECTION('',(-0.,0.,-1.));
#2898 = DIRECTION('',(-0.,-1.,0.));
#2899 = FACE_BOUND('',#2900,.F.);
#2900 = EDGE_LOOP('',(#2901));
#2901 = ORIENTED_EDGE('',*,*,#2902,.T.);
#2902 = EDGE_CURVE('',#2903,#2903,#2905,.T.);
#2903 = VERTEX_POINT('',#2904);
#2904 = CARTESIAN_POINT('',(170.3,137.655202,0.));
#2905 = CIRCLE('',#2906,0.5969);
#2906 = AXIS2_PLACEMENT_3D('',#2907,#2908,#2909);
#2907 = CARTESIAN_POINT('',(170.3,138.252102,0.));
#2908 = DIRECTION('',(-0.,0.,-1.));
#2909 = DIRECTION('',(-0.,-1.,0.));
#2910 = FACE_BOUND('',#2911,.F.);
#2911 = EDGE_LOOP('',(#2912));
#2912 = ORIENTED_EDGE('',*,*,#2913,.T.);
#2913 = EDGE_CURVE('',#2914,#2914,#2916,.T.);
#2914 = VERTEX_POINT('',#2915);
#2915 = CARTESIAN_POINT('',(169.59,146.700998,0.));
#2916 = CIRCLE('',#2917,0.5969);
#2917 = AXIS2_PLACEMENT_3D('',#2918,#2919,#2920);
#2918 = CARTESIAN_POINT('',(169.59,147.297898,0.));
#2919 = DIRECTION('',(-0.,0.,-1.));
#2920 = DIRECTION('',(-0.,-1.,0.));
#2921 = FACE_BOUND('',#2922,.F.);
#2922 = EDGE_LOOP('',(#2923));
#2923 = ORIENTED_EDGE('',*,*,#2924,.T.);
#2924 = EDGE_CURVE('',#2925,#2925,#2927,.T.);
#2925 = VERTEX_POINT('',#2926);
#2926 = CARTESIAN_POINT('',(246.48,76.01,0.));
#2927 = CIRCLE('',#2928,0.5);
#2928 = AXIS2_PLACEMENT_3D('',#2929,#2930,#2931);
#2929 = CARTESIAN_POINT('',(246.48,76.51,0.));
#2930 = DIRECTION('',(-0.,0.,-1.));
#2931 = DIRECTION('',(-0.,-1.,0.));
#2932 = FACE_BOUND('',#2933,.F.);
#2933 = EDGE_LOOP('',(#2934));
#2934 = ORIENTED_EDGE('',*,*,#2935,.T.);
#2935 = EDGE_CURVE('',#2936,#2936,#2938,.T.);
#2936 = VERTEX_POINT('',#2937);
#2937 = CARTESIAN_POINT('',(246.48,78.55,0.));
#2938 = CIRCLE('',#2939,0.5);
#2939 = AXIS2_PLACEMENT_3D('',#2940,#2941,#2942);
#2940 = CARTESIAN_POINT('',(246.48,79.05,0.));
#2941 = DIRECTION('',(-0.,0.,-1.));
#2942 = DIRECTION('',(-0.,-1.,0.));
#2943 = FACE_BOUND('',#2944,.F.);
#2944 = EDGE_LOOP('',(#2945));
#2945 = ORIENTED_EDGE('',*,*,#2946,.T.);
#2946 = EDGE_CURVE('',#2947,#2947,#2949,.T.);
#2947 = VERTEX_POINT('',#2948);
#2948 = CARTESIAN_POINT('',(246.8,97.73,0.));
#2949 = CIRCLE('',#2950,0.5);
#2950 = AXIS2_PLACEMENT_3D('',#2951,#2952,#2953);
#2951 = CARTESIAN_POINT('',(246.8,98.23,0.));
#2952 = DIRECTION('',(-0.,0.,-1.));
#2953 = DIRECTION('',(-0.,-1.,0.));
#2954 = FACE_BOUND('',#2955,.F.);
#2955 = EDGE_LOOP('',(#2956));
#2956 = ORIENTED_EDGE('',*,*,#2957,.T.);
#2957 = EDGE_CURVE('',#2958,#2958,#2960,.T.);
#2958 = VERTEX_POINT('',#2959);
#2959 = CARTESIAN_POINT('',(246.8,100.27,0.));
#2960 = CIRCLE('',#2961,0.5);
#2961 = AXIS2_PLACEMENT_3D('',#2962,#2963,#2964);
#2962 = CARTESIAN_POINT('',(246.8,100.77,0.));
#2963 = DIRECTION('',(-0.,0.,-1.));
#2964 = DIRECTION('',(-0.,-1.,0.));
#2965 = FACE_BOUND('',#2966,.F.);
#2966 = EDGE_LOOP('',(#2967));
#2967 = ORIENTED_EDGE('',*,*,#2968,.T.);
#2968 = EDGE_CURVE('',#2969,#2969,#2971,.T.);
#2969 = VERTEX_POINT('',#2970);
#2970 = CARTESIAN_POINT('',(246.88,105.7,0.));
#2971 = CIRCLE('',#2972,0.5);
#2972 = AXIS2_PLACEMENT_3D('',#2973,#2974,#2975);
#2973 = CARTESIAN_POINT('',(246.88,106.2,0.));
#2974 = DIRECTION('',(-0.,0.,-1.));
#2975 = DIRECTION('',(-0.,-1.,0.));
#2976 = FACE_BOUND('',#2977,.F.);
#2977 = EDGE_LOOP('',(#2978));
#2978 = ORIENTED_EDGE('',*,*,#2979,.T.);
#2979 = EDGE_CURVE('',#2980,#2980,#2982,.T.);
#2980 = VERTEX_POINT('',#2981);
#2981 = CARTESIAN_POINT('',(246.88,108.24,0.));
#2982 = CIRCLE('',#2983,0.5);
#2983 = AXIS2_PLACEMENT_3D('',#2984,#2985,#2986);
#2984 = CARTESIAN_POINT('',(246.88,108.74,0.));
#2985 = DIRECTION('',(-0.,0.,-1.));
#2986 = DIRECTION('',(-0.,-1.,0.));
#2987 = FACE_BOUND('',#2988,.F.);
#2988 = EDGE_LOOP('',(#2989));
#2989 = ORIENTED_EDGE('',*,*,#2990,.T.);
#2990 = EDGE_CURVE('',#2991,#2991,#2993,.T.);
#2991 = VERTEX_POINT('',#2992);
#2992 = CARTESIAN_POINT('',(206.52,129.130998,0.));
#2993 = CIRCLE('',#2994,0.5969);
#2994 = AXIS2_PLACEMENT_3D('',#2995,#2996,#2997);
#2995 = CARTESIAN_POINT('',(206.52,129.727898,0.));
#2996 = DIRECTION('',(-0.,0.,-1.));
#2997 = DIRECTION('',(4.761552928532E-14,-1.,-0.));
#2998 = FACE_BOUND('',#2999,.F.);
#2999 = EDGE_LOOP('',(#3000));
#3000 = ORIENTED_EDGE('',*,*,#3001,.T.);
#3001 = EDGE_CURVE('',#3002,#3002,#3004,.T.);
#3002 = VERTEX_POINT('',#3003);
#3003 = CARTESIAN_POINT('',(215.347898,120.3331,0.));
#3004 = CIRCLE('',#3005,0.5969);
#3005 = AXIS2_PLACEMENT_3D('',#3006,#3007,#3008);
#3006 = CARTESIAN_POINT('',(215.347898,120.93,0.));
#3007 = DIRECTION('',(-0.,0.,-1.));
#3008 = DIRECTION('',(-0.,-1.,0.));
#3009 = FACE_BOUND('',#3010,.F.);
#3010 = EDGE_LOOP('',(#3011));
#3011 = ORIENTED_EDGE('',*,*,#3012,.T.);
#3012 = EDGE_CURVE('',#3013,#3013,#3015,.T.);
#3013 = VERTEX_POINT('',#3014);
#3014 = CARTESIAN_POINT('',(218.94,116.740998,0.));
#3015 = CIRCLE('',#3016,0.5969);
#3016 = AXIS2_PLACEMENT_3D('',#3017,#3018,#3019);
#3017 = CARTESIAN_POINT('',(218.94,117.337898,0.));
#3018 = DIRECTION('',(-0.,0.,-1.));
#3019 = DIRECTION('',(-0.,-1.,0.));
#3020 = FACE_BOUND('',#3021,.F.);
#3021 = EDGE_LOOP('',(#3022));
#3022 = ORIENTED_EDGE('',*,*,#3023,.T.);
#3023 = EDGE_CURVE('',#3024,#3024,#3026,.T.);
#3024 = VERTEX_POINT('',#3025);
#3025 = CARTESIAN_POINT('',(222.532102,120.3331,0.));
#3026 = CIRCLE('',#3027,0.5969);
#3027 = AXIS2_PLACEMENT_3D('',#3028,#3029,#3030);
#3028 = CARTESIAN_POINT('',(222.532102,120.93,0.));
#3029 = DIRECTION('',(-0.,0.,-1.));
#3030 = DIRECTION('',(-0.,-1.,0.));
#3031 = FACE_BOUND('',#3032,.F.);
#3032 = EDGE_LOOP('',(#3033));
#3033 = ORIENTED_EDGE('',*,*,#3034,.T.);
#3034 = EDGE_CURVE('',#3035,#3035,#3037,.T.);
#3035 = VERTEX_POINT('',#3036);
#3036 = CARTESIAN_POINT('',(218.94,123.925202,0.));
#3037 = CIRCLE('',#3038,0.5969);
#3038 = AXIS2_PLACEMENT_3D('',#3039,#3040,#3041);
#3039 = CARTESIAN_POINT('',(218.94,124.522102,0.));
#3040 = DIRECTION('',(-0.,0.,-1.));
#3041 = DIRECTION('',(-0.,-1.,0.));
#3042 = FACE_BOUND('',#3043,.F.);
#3043 = EDGE_LOOP('',(#3044));
#3044 = ORIENTED_EDGE('',*,*,#3045,.T.);
#3045 = EDGE_CURVE('',#3046,#3046,#3048,.T.);
#3046 = VERTEX_POINT('',#3047);
#3047 = CARTESIAN_POINT('',(202.927898,132.7231,0.));
#3048 = CIRCLE('',#3049,0.5969);
#3049 = AXIS2_PLACEMENT_3D('',#3050,#3051,#3052);
#3050 = CARTESIAN_POINT('',(202.927898,133.32,0.));
#3051 = DIRECTION('',(-0.,0.,-1.));
#3052 = DIRECTION('',(-0.,-1.,0.));
#3053 = FACE_BOUND('',#3054,.F.);
#3054 = EDGE_LOOP('',(#3055));
#3055 = ORIENTED_EDGE('',*,*,#3056,.T.);
#3056 = EDGE_CURVE('',#3057,#3057,#3059,.T.);
#3057 = VERTEX_POINT('',#3058);
#3058 = CARTESIAN_POINT('',(206.52,136.315202,0.));
#3059 = CIRCLE('',#3060,0.5969);
#3060 = AXIS2_PLACEMENT_3D('',#3061,#3062,#3063);
#3061 = CARTESIAN_POINT('',(206.52,136.912102,0.));
#3062 = DIRECTION('',(-0.,0.,-1.));
#3063 = DIRECTION('',(4.761552928531E-14,-1.,-0.));
#3064 = FACE_BOUND('',#3065,.F.);
#3065 = EDGE_LOOP('',(#3066));
#3066 = ORIENTED_EDGE('',*,*,#3067,.T.);
#3067 = EDGE_CURVE('',#3068,#3068,#3070,.T.);
#3068 = VERTEX_POINT('',#3069);
#3069 = CARTESIAN_POINT('',(205.05,145.520998,0.));
#3070 = CIRCLE('',#3071,0.5969);
#3071 = AXIS2_PLACEMENT_3D('',#3072,#3073,#3074);
#3072 = CARTESIAN_POINT('',(205.05,146.117898,0.));
#3073 = DIRECTION('',(-0.,0.,-1.));
#3074 = DIRECTION('',(-0.,-1.,0.));
#3075 = FACE_BOUND('',#3076,.F.);
#3076 = EDGE_LOOP('',(#3077));
#3077 = ORIENTED_EDGE('',*,*,#3078,.T.);
#3078 = EDGE_CURVE('',#3079,#3079,#3081,.T.);
#3079 = VERTEX_POINT('',#3080);
#3080 = CARTESIAN_POINT('',(201.457898,149.1131,0.));
#3081 = CIRCLE('',#3082,0.5969);
#3082 = AXIS2_PLACEMENT_3D('',#3083,#3084,#3085);
#3083 = CARTESIAN_POINT('',(201.457898,149.71,0.));
#3084 = DIRECTION('',(-0.,0.,-1.));
#3085 = DIRECTION('',(-0.,-1.,0.));
#3086 = FACE_BOUND('',#3087,.F.);
#3087 = EDGE_LOOP('',(#3088));
#3088 = ORIENTED_EDGE('',*,*,#3089,.T.);
#3089 = EDGE_CURVE('',#3090,#3090,#3092,.T.);
#3090 = VERTEX_POINT('',#3091);
#3091 = CARTESIAN_POINT('',(208.642102,149.1131,0.));
#3092 = CIRCLE('',#3093,0.5969);
#3093 = AXIS2_PLACEMENT_3D('',#3094,#3095,#3096);
#3094 = CARTESIAN_POINT('',(208.642102,149.71,0.));
#3095 = DIRECTION('',(-0.,0.,-1.));
#3096 = DIRECTION('',(-0.,-1.,0.));
#3097 = FACE_BOUND('',#3098,.F.);
#3098 = EDGE_LOOP('',(#3099));
#3099 = ORIENTED_EDGE('',*,*,#3100,.T.);
#3100 = EDGE_CURVE('',#3101,#3101,#3103,.T.);
#3101 = VERTEX_POINT('',#3102);
#3102 = CARTESIAN_POINT('',(210.112102,132.7231,0.));
#3103 = CIRCLE('',#3104,0.5969);
#3104 = AXIS2_PLACEMENT_3D('',#3105,#3106,#3107);
#3105 = CARTESIAN_POINT('',(210.112102,133.32,0.));
#3106 = DIRECTION('',(-0.,0.,-1.));
#3107 = DIRECTION('',(-0.,-1.,0.));
#3108 = FACE_BOUND('',#3109,.F.);
#3109 = EDGE_LOOP('',(#3110));
#3110 = ORIENTED_EDGE('',*,*,#3111,.T.);
#3111 = EDGE_CURVE('',#3112,#3112,#3114,.T.);
#3112 = VERTEX_POINT('',#3113);
#3113 = CARTESIAN_POINT('',(234.31,118.670998,0.));
#3114 = CIRCLE('',#3115,0.5969);
#3115 = AXIS2_PLACEMENT_3D('',#3116,#3117,#3118);
#3116 = CARTESIAN_POINT('',(234.31,119.267898,0.));
#3117 = DIRECTION('',(-0.,0.,-1.));
#3118 = DIRECTION('',(-0.,-1.,0.));
#3119 = FACE_BOUND('',#3120,.F.);
#3120 = EDGE_LOOP('',(#3121));
#3121 = ORIENTED_EDGE('',*,*,#3122,.T.);
#3122 = EDGE_CURVE('',#3123,#3123,#3125,.T.);
#3123 = VERTEX_POINT('',#3124);
#3124 = CARTESIAN_POINT('',(230.717898,122.2631,0.));
#3125 = CIRCLE('',#3126,0.5969);
#3126 = AXIS2_PLACEMENT_3D('',#3127,#3128,#3129);
#3127 = CARTESIAN_POINT('',(230.717898,122.86,0.));
#3128 = DIRECTION('',(-0.,0.,-1.));
#3129 = DIRECTION('',(-0.,-1.,0.));
#3130 = FACE_BOUND('',#3131,.F.);
#3131 = EDGE_LOOP('',(#3132));
#3132 = ORIENTED_EDGE('',*,*,#3133,.T.);
#3133 = EDGE_CURVE('',#3134,#3134,#3136,.T.);
#3134 = VERTEX_POINT('',#3135);
#3135 = CARTESIAN_POINT('',(234.31,125.855202,0.));
#3136 = CIRCLE('',#3137,0.5969);
#3137 = AXIS2_PLACEMENT_3D('',#3138,#3139,#3140);
#3138 = CARTESIAN_POINT('',(234.31,126.452102,0.));
#3139 = DIRECTION('',(-0.,0.,-1.));
#3140 = DIRECTION('',(-0.,-1.,0.));
#3141 = FACE_BOUND('',#3142,.F.);
#3142 = EDGE_LOOP('',(#3143));
#3143 = ORIENTED_EDGE('',*,*,#3144,.T.);
#3144 = EDGE_CURVE('',#3145,#3145,#3147,.T.);
#3145 = VERTEX_POINT('',#3146);
#3146 = CARTESIAN_POINT('',(237.902102,122.2631,0.));
#3147 = CIRCLE('',#3148,0.5969);
#3148 = AXIS2_PLACEMENT_3D('',#3149,#3150,#3151);
#3149 = CARTESIAN_POINT('',(237.902102,122.86,0.));
#3150 = DIRECTION('',(-0.,0.,-1.));
#3151 = DIRECTION('',(-0.,-1.,0.));
#3152 = FACE_BOUND('',#3153,.F.);
#3153 = EDGE_LOOP('',(#3154));
#3154 = ORIENTED_EDGE('',*,*,#3155,.T.);
#3155 = EDGE_CURVE('',#3156,#3156,#3158,.T.);
#3156 = VERTEX_POINT('',#3157);
#3157 = CARTESIAN_POINT('',(256.,112.4,0.));
#3158 = CIRCLE('',#3159,1.6);
#3159 = AXIS2_PLACEMENT_3D('',#3160,#3161,#3162);
#3160 = CARTESIAN_POINT('',(256.,114.,0.));
#3161 = DIRECTION('',(-0.,0.,-1.));
#3162 = DIRECTION('',(-0.,-1.,0.));
#3163 = FACE_BOUND('',#3164,.F.);
#3164 = EDGE_LOOP('',(#3165));
#3165 = ORIENTED_EDGE('',*,*,#3166,.T.);
#3166 = EDGE_CURVE('',#3167,#3167,#3169,.T.);
#3167 = VERTEX_POINT('',#3168);
#3168 = CARTESIAN_POINT('',(245.45,129.970998,0.));
#3169 = CIRCLE('',#3170,0.5969);
#3170 = AXIS2_PLACEMENT_3D('',#3171,#3172,#3173);
#3171 = CARTESIAN_POINT('',(245.45,130.567898,0.));
#3172 = DIRECTION('',(-0.,0.,-1.));
#3173 = DIRECTION('',(-0.,-1.,0.));
#3174 = FACE_BOUND('',#3175,.F.);
#3175 = EDGE_LOOP('',(#3176));
#3176 = ORIENTED_EDGE('',*,*,#3177,.T.);
#3177 = EDGE_CURVE('',#3178,#3178,#3180,.T.);
#3178 = VERTEX_POINT('',#3179);
#3179 = CARTESIAN_POINT('',(241.857898,133.5631,0.));
#3180 = CIRCLE('',#3181,0.5969);
#3181 = AXIS2_PLACEMENT_3D('',#3182,#3183,#3184);
#3182 = CARTESIAN_POINT('',(241.857898,134.16,0.));
#3183 = DIRECTION('',(-0.,0.,-1.));
#3184 = DIRECTION('',(-0.,-1.,0.));
#3185 = FACE_BOUND('',#3186,.F.);
#3186 = EDGE_LOOP('',(#3187));
#3187 = ORIENTED_EDGE('',*,*,#3188,.T.);
#3188 = EDGE_CURVE('',#3189,#3189,#3191,.T.);
#3189 = VERTEX_POINT('',#3190);
#3190 = CARTESIAN_POINT('',(249.042102,133.5631,0.));
#3191 = CIRCLE('',#3192,0.5969);
#3192 = AXIS2_PLACEMENT_3D('',#3193,#3194,#3195);
#3193 = CARTESIAN_POINT('',(249.042102,134.16,0.));
#3194 = DIRECTION('',(-0.,0.,-1.));
#3195 = DIRECTION('',(-0.,-1.,0.));
#3196 = FACE_BOUND('',#3197,.F.);
#3197 = EDGE_LOOP('',(#3198));
#3198 = ORIENTED_EDGE('',*,*,#3199,.T.);
#3199 = EDGE_CURVE('',#3200,#3200,#3202,.T.);
#3200 = VERTEX_POINT('',#3201);
#3201 = CARTESIAN_POINT('',(245.45,137.155202,0.));
#3202 = CIRCLE('',#3203,0.5969);
#3203 = AXIS2_PLACEMENT_3D('',#3204,#3205,#3206);
#3204 = CARTESIAN_POINT('',(245.45,137.752102,0.));
#3205 = DIRECTION('',(-0.,0.,-1.));
#3206 = DIRECTION('',(-0.,-1.,0.));
#3207 = FACE_BOUND('',#3208,.F.);
#3208 = EDGE_LOOP('',(#3209));
#3209 = ORIENTED_EDGE('',*,*,#3210,.T.);
#3210 = EDGE_CURVE('',#3211,#3211,#3213,.T.);
#3211 = VERTEX_POINT('',#3212);
#3212 = CARTESIAN_POINT('',(245.46,145.830998,0.));
#3213 = CIRCLE('',#3214,0.5969);
#3214 = AXIS2_PLACEMENT_3D('',#3215,#3216,#3217);
#3215 = CARTESIAN_POINT('',(245.46,146.427898,0.));
#3216 = DIRECTION('',(-0.,0.,-1.));
#3217 = DIRECTION('',(-0.,-1.,0.));
#3218 = FACE_BOUND('',#3219,.F.);
#3219 = EDGE_LOOP('',(#3220));
#3220 = ORIENTED_EDGE('',*,*,#3221,.T.);
#3221 = EDGE_CURVE('',#3222,#3222,#3224,.T.);
#3222 = VERTEX_POINT('',#3223);
#3223 = CARTESIAN_POINT('',(5.52,154.4,0.));
#3224 = CIRCLE('',#3225,0.5);
#3225 = AXIS2_PLACEMENT_3D('',#3226,#3227,#3228);
#3226 = CARTESIAN_POINT('',(5.52,154.9,0.));
#3227 = DIRECTION('',(-0.,0.,-1.));
#3228 = DIRECTION('',(-0.,-1.,0.));
#3229 = FACE_BOUND('',#3230,.F.);
#3230 = EDGE_LOOP('',(#3231));
#3231 = ORIENTED_EDGE('',*,*,#3232,.T.);
#3232 = EDGE_CURVE('',#3233,#3233,#3235,.T.);
#3233 = VERTEX_POINT('',#3234);
#3234 = CARTESIAN_POINT('',(5.52,156.94,0.));
#3235 = CIRCLE('',#3236,0.5);
#3236 = AXIS2_PLACEMENT_3D('',#3237,#3238,#3239);
#3237 = CARTESIAN_POINT('',(5.52,157.44,0.));
#3238 = DIRECTION('',(-0.,0.,-1.));
#3239 = DIRECTION('',(-0.,-1.,0.));
#3240 = FACE_BOUND('',#3241,.F.);
#3241 = EDGE_LOOP('',(#3242));
#3242 = ORIENTED_EDGE('',*,*,#3243,.T.);
#3243 = EDGE_CURVE('',#3244,#3244,#3246,.T.);
#3244 = VERTEX_POINT('',#3245);
#3245 = CARTESIAN_POINT('',(5.73,162.69,0.));
#3246 = CIRCLE('',#3247,0.5);
#3247 = AXIS2_PLACEMENT_3D('',#3248,#3249,#3250);
#3248 = CARTESIAN_POINT('',(5.73,163.19,0.));
#3249 = DIRECTION('',(-0.,0.,-1.));
#3250 = DIRECTION('',(-0.,-1.,0.));
#3251 = FACE_BOUND('',#3252,.F.);
#3252 = EDGE_LOOP('',(#3253));
#3253 = ORIENTED_EDGE('',*,*,#3254,.T.);
#3254 = EDGE_CURVE('',#3255,#3255,#3257,.T.);
#3255 = VERTEX_POINT('',#3256);
#3256 = CARTESIAN_POINT('',(5.73,165.23,0.));
#3257 = CIRCLE('',#3258,0.5);
#3258 = AXIS2_PLACEMENT_3D('',#3259,#3260,#3261);
#3259 = CARTESIAN_POINT('',(5.73,165.73,0.));
#3260 = DIRECTION('',(-0.,0.,-1.));
#3261 = DIRECTION('',(-0.,-1.,0.));
#3262 = FACE_BOUND('',#3263,.F.);
#3263 = EDGE_LOOP('',(#3264));
#3264 = ORIENTED_EDGE('',*,*,#3265,.T.);
#3265 = EDGE_CURVE('',#3266,#3266,#3268,.T.);
#3266 = VERTEX_POINT('',#3267);
#3267 = CARTESIAN_POINT('',(5.97,170.57,0.));
#3268 = CIRCLE('',#3269,0.5);
#3269 = AXIS2_PLACEMENT_3D('',#3270,#3271,#3272);
#3270 = CARTESIAN_POINT('',(5.97,171.07,0.));
#3271 = DIRECTION('',(-0.,0.,-1.));
#3272 = DIRECTION('',(-0.,-1.,0.));
#3273 = FACE_BOUND('',#3274,.F.);
#3274 = EDGE_LOOP('',(#3275));
#3275 = ORIENTED_EDGE('',*,*,#3276,.T.);
#3276 = EDGE_CURVE('',#3277,#3277,#3279,.T.);
#3277 = VERTEX_POINT('',#3278);
#3278 = CARTESIAN_POINT('',(5.97,173.11,0.));
#3279 = CIRCLE('',#3280,0.5);
#3280 = AXIS2_PLACEMENT_3D('',#3281,#3282,#3283);
#3281 = CARTESIAN_POINT('',(5.97,173.61,0.));
#3282 = DIRECTION('',(-0.,0.,-1.));
#3283 = DIRECTION('',(-0.,-1.,0.));
#3284 = FACE_BOUND('',#3285,.F.);
#3285 = EDGE_LOOP('',(#3286));
#3286 = ORIENTED_EDGE('',*,*,#3287,.T.);
#3287 = EDGE_CURVE('',#3288,#3288,#3290,.T.);
#3288 = VERTEX_POINT('',#3289);
#3289 = CARTESIAN_POINT('',(3.,180.102,0.));
#3290 = CIRCLE('',#3291,0.508);
#3291 = AXIS2_PLACEMENT_3D('',#3292,#3293,#3294);
#3292 = CARTESIAN_POINT('',(3.,180.61,0.));
#3293 = DIRECTION('',(-0.,0.,-1.));
#3294 = DIRECTION('',(-0.,-1.,0.));
#3295 = FACE_BOUND('',#3296,.F.);
#3296 = EDGE_LOOP('',(#3297));
#3297 = ORIENTED_EDGE('',*,*,#3298,.T.);
#3298 = EDGE_CURVE('',#3299,#3299,#3301,.T.);
#3299 = VERTEX_POINT('',#3300);
#3300 = CARTESIAN_POINT('',(5.54,180.102,0.));
#3301 = CIRCLE('',#3302,0.508);
#3302 = AXIS2_PLACEMENT_3D('',#3303,#3304,#3305);
#3303 = CARTESIAN_POINT('',(5.54,180.61,0.));
#3304 = DIRECTION('',(-0.,0.,-1.));
#3305 = DIRECTION('',(-0.,-1.,0.));
#3306 = FACE_BOUND('',#3307,.F.);
#3307 = EDGE_LOOP('',(#3308));
#3308 = ORIENTED_EDGE('',*,*,#3309,.T.);
#3309 = EDGE_CURVE('',#3310,#3310,#3312,.T.);
#3310 = VERTEX_POINT('',#3311);
#3311 = CARTESIAN_POINT('',(3.,182.642,0.));
#3312 = CIRCLE('',#3313,0.508);
#3313 = AXIS2_PLACEMENT_3D('',#3314,#3315,#3316);
#3314 = CARTESIAN_POINT('',(3.,183.15,0.));
#3315 = DIRECTION('',(-0.,0.,-1.));
#3316 = DIRECTION('',(-0.,-1.,0.));
#3317 = FACE_BOUND('',#3318,.F.);
#3318 = EDGE_LOOP('',(#3319));
#3319 = ORIENTED_EDGE('',*,*,#3320,.T.);
#3320 = EDGE_CURVE('',#3321,#3321,#3323,.T.);
#3321 = VERTEX_POINT('',#3322);
#3322 = CARTESIAN_POINT('',(3.,185.182,0.));
#3323 = CIRCLE('',#3324,0.508);
#3324 = AXIS2_PLACEMENT_3D('',#3325,#3326,#3327);
#3325 = CARTESIAN_POINT('',(3.,185.69,0.));
#3326 = DIRECTION('',(-0.,0.,-1.));
#3327 = DIRECTION('',(-0.,-1.,0.));
#3328 = FACE_BOUND('',#3329,.F.);
#3329 = EDGE_LOOP('',(#3330));
#3330 = ORIENTED_EDGE('',*,*,#3331,.T.);
#3331 = EDGE_CURVE('',#3332,#3332,#3334,.T.);
#3332 = VERTEX_POINT('',#3333);
#3333 = CARTESIAN_POINT('',(5.54,182.642,0.));
#3334 = CIRCLE('',#3335,0.508);
#3335 = AXIS2_PLACEMENT_3D('',#3336,#3337,#3338);
#3336 = CARTESIAN_POINT('',(5.54,183.15,0.));
#3337 = DIRECTION('',(-0.,0.,-1.));
#3338 = DIRECTION('',(-0.,-1.,0.));
#3339 = FACE_BOUND('',#3340,.F.);
#3340 = EDGE_LOOP('',(#3341));
#3341 = ORIENTED_EDGE('',*,*,#3342,.T.);
#3342 = EDGE_CURVE('',#3343,#3343,#3345,.T.);
#3343 = VERTEX_POINT('',#3344);
#3344 = CARTESIAN_POINT('',(5.54,185.182,0.));
#3345 = CIRCLE('',#3346,0.508);
#3346 = AXIS2_PLACEMENT_3D('',#3347,#3348,#3349);
#3347 = CARTESIAN_POINT('',(5.54,185.69,0.));
#3348 = DIRECTION('',(-0.,0.,-1.));
#3349 = DIRECTION('',(-0.,-1.,0.));
#3350 = FACE_BOUND('',#3351,.F.);
#3351 = EDGE_LOOP('',(#3352));
#3352 = ORIENTED_EDGE('',*,*,#3353,.T.);
#3353 = EDGE_CURVE('',#3354,#3354,#3356,.T.);
#3354 = VERTEX_POINT('',#3355);
#3355 = CARTESIAN_POINT('',(64.46,182.7631,0.));
#3356 = CIRCLE('',#3357,0.5969);
#3357 = AXIS2_PLACEMENT_3D('',#3358,#3359,#3360);
#3358 = CARTESIAN_POINT('',(64.46,183.36,0.));
#3359 = DIRECTION('',(-0.,0.,-1.));
#3360 = DIRECTION('',(-2.380776464266E-14,-1.,0.));
#3361 = FACE_BOUND('',#3362,.F.);
#3362 = EDGE_LOOP('',(#3363));
#3363 = ORIENTED_EDGE('',*,*,#3364,.T.);
#3364 = EDGE_CURVE('',#3365,#3365,#3367,.T.);
#3365 = VERTEX_POINT('',#3366);
#3366 = CARTESIAN_POINT('',(3.,187.722,0.));
#3367 = CIRCLE('',#3368,0.508);
#3368 = AXIS2_PLACEMENT_3D('',#3369,#3370,#3371);
#3369 = CARTESIAN_POINT('',(3.,188.23,0.));
#3370 = DIRECTION('',(-0.,0.,-1.));
#3371 = DIRECTION('',(-0.,-1.,0.));
#3372 = FACE_BOUND('',#3373,.F.);
#3373 = EDGE_LOOP('',(#3374));
#3374 = ORIENTED_EDGE('',*,*,#3375,.T.);
#3375 = EDGE_CURVE('',#3376,#3376,#3378,.T.);
#3376 = VERTEX_POINT('',#3377);
#3377 = CARTESIAN_POINT('',(5.54,187.722,0.));
#3378 = CIRCLE('',#3379,0.508);
#3379 = AXIS2_PLACEMENT_3D('',#3380,#3381,#3382);
#3380 = CARTESIAN_POINT('',(5.54,188.23,0.));
#3381 = DIRECTION('',(-0.,0.,-1.));
#3382 = DIRECTION('',(-0.,-1.,0.));
#3383 = FACE_BOUND('',#3384,.F.);
#3384 = EDGE_LOOP('',(#3385,#3396,#3404,#3413));
#3385 = ORIENTED_EDGE('',*,*,#3386,.T.);
#3386 = EDGE_CURVE('',#3387,#3389,#3391,.T.);
#3387 = VERTEX_POINT('',#3388);
#3388 = CARTESIAN_POINT('',(0.86,203.26,0.));
#3389 = VERTEX_POINT('',#3390);
#3390 = CARTESIAN_POINT('',(0.86,203.76,0.));
#3391 = CIRCLE('',#3392,0.25);
#3392 = AXIS2_PLACEMENT_3D('',#3393,#3394,#3395);
#3393 = CARTESIAN_POINT('',(0.86,203.51,0.));
#3394 = DIRECTION('',(-0.,0.,-1.));
#3395 = DIRECTION('',(0.,1.,0.));
#3396 = ORIENTED_EDGE('',*,*,#3397,.T.);
#3397 = EDGE_CURVE('',#3389,#3398,#3400,.T.);
#3398 = VERTEX_POINT('',#3399);
#3399 = CARTESIAN_POINT('',(1.46,203.76,0.));
#3400 = LINE('',#3401,#3402);
#3401 = CARTESIAN_POINT('',(0.73,203.76,0.));
#3402 = VECTOR('',#3403,1.);
#3403 = DIRECTION('',(1.,0.,-0.));
#3404 = ORIENTED_EDGE('',*,*,#3405,.T.);
#3405 = EDGE_CURVE('',#3398,#3406,#3408,.T.);
#3406 = VERTEX_POINT('',#3407);
#3407 = CARTESIAN_POINT('',(1.46,203.26,0.));
#3408 = CIRCLE('',#3409,0.25);
#3409 = AXIS2_PLACEMENT_3D('',#3410,#3411,#3412);
#3410 = CARTESIAN_POINT('',(1.46,203.51,0.));
#3411 = DIRECTION('',(-0.,0.,-1.));
#3412 = DIRECTION('',(-0.,-1.,0.));
#3413 = ORIENTED_EDGE('',*,*,#3414,.T.);
#3414 = EDGE_CURVE('',#3406,#3387,#3415,.T.);
#3415 = LINE('',#3416,#3417);
#3416 = CARTESIAN_POINT('',(0.43,203.26,0.));
#3417 = VECTOR('',#3418,1.);
#3418 = DIRECTION('',(-1.,0.,0.));
#3419 = FACE_BOUND('',#3420,.F.);
#3420 = EDGE_LOOP('',(#3421,#3432,#3440,#3449));
#3421 = ORIENTED_EDGE('',*,*,#3422,.T.);
#3422 = EDGE_CURVE('',#3423,#3425,#3427,.T.);
#3423 = VERTEX_POINT('',#3424);
#3424 = CARTESIAN_POINT('',(6.81,203.62,0.));
#3425 = VERTEX_POINT('',#3426);
#3426 = CARTESIAN_POINT('',(6.81,204.12,0.));
#3427 = CIRCLE('',#3428,0.25);
#3428 = AXIS2_PLACEMENT_3D('',#3429,#3430,#3431);
#3429 = CARTESIAN_POINT('',(6.81,203.87,0.));
#3430 = DIRECTION('',(-0.,0.,-1.));
#3431 = DIRECTION('',(0.,1.,0.));
#3432 = ORIENTED_EDGE('',*,*,#3433,.T.);
#3433 = EDGE_CURVE('',#3425,#3434,#3436,.T.);
#3434 = VERTEX_POINT('',#3435);
#3435 = CARTESIAN_POINT('',(7.41,204.12,0.));
#3436 = LINE('',#3437,#3438);
#3437 = CARTESIAN_POINT('',(3.705,204.12,0.));
#3438 = VECTOR('',#3439,1.);
#3439 = DIRECTION('',(1.,0.,-0.));
#3440 = ORIENTED_EDGE('',*,*,#3441,.T.);
#3441 = EDGE_CURVE('',#3434,#3442,#3444,.T.);
#3442 = VERTEX_POINT('',#3443);
#3443 = CARTESIAN_POINT('',(7.41,203.62,0.));
#3444 = CIRCLE('',#3445,0.25);
#3445 = AXIS2_PLACEMENT_3D('',#3446,#3447,#3448);
#3446 = CARTESIAN_POINT('',(7.41,203.87,0.));
#3447 = DIRECTION('',(-0.,0.,-1.));
#3448 = DIRECTION('',(-0.,-1.,0.));
#3449 = ORIENTED_EDGE('',*,*,#3450,.T.);
#3450 = EDGE_CURVE('',#3442,#3423,#3451,.T.);
#3451 = LINE('',#3452,#3453);
#3452 = CARTESIAN_POINT('',(3.405,203.62,0.));
#3453 = VECTOR('',#3454,1.);
#3454 = DIRECTION('',(-1.,0.,0.));
#3455 = FACE_BOUND('',#3456,.F.);
#3456 = EDGE_LOOP('',(#3457,#3468,#3476,#3485));
#3457 = ORIENTED_EDGE('',*,*,#3458,.T.);
#3458 = EDGE_CURVE('',#3459,#3461,#3463,.T.);
#3459 = VERTEX_POINT('',#3460);
#3460 = CARTESIAN_POINT('',(8.685,204.25,0.));
#3461 = VERTEX_POINT('',#3462);
#3462 = CARTESIAN_POINT('',(8.035,204.25,0.));
#3463 = CIRCLE('',#3464,0.325);
#3464 = AXIS2_PLACEMENT_3D('',#3465,#3466,#3467);
#3465 = CARTESIAN_POINT('',(8.36,204.25,0.));
#3466 = DIRECTION('',(-0.,0.,-1.));
#3467 = DIRECTION('',(-1.,0.,0.));
#3468 = ORIENTED_EDGE('',*,*,#3469,.T.);
#3469 = EDGE_CURVE('',#3461,#3470,#3472,.T.);
#3470 = VERTEX_POINT('',#3471);
#3471 = CARTESIAN_POINT('',(8.035,204.55,0.));
#3472 = LINE('',#3473,#3474);
#3473 = CARTESIAN_POINT('',(8.035,102.275,0.));
#3474 = VECTOR('',#3475,1.);
#3475 = DIRECTION('',(-0.,1.,0.));
#3476 = ORIENTED_EDGE('',*,*,#3477,.T.);
#3477 = EDGE_CURVE('',#3470,#3478,#3480,.T.);
#3478 = VERTEX_POINT('',#3479);
#3479 = CARTESIAN_POINT('',(8.685,204.55,0.));
#3480 = CIRCLE('',#3481,0.325);
#3481 = AXIS2_PLACEMENT_3D('',#3482,#3483,#3484);
#3482 = CARTESIAN_POINT('',(8.36,204.55,0.));
#3483 = DIRECTION('',(0.,-0.,-1.));
#3484 = DIRECTION('',(1.,0.,-0.));
#3485 = ORIENTED_EDGE('',*,*,#3486,.T.);
#3486 = EDGE_CURVE('',#3478,#3459,#3487,.T.);
#3487 = LINE('',#3488,#3489);
#3488 = CARTESIAN_POINT('',(8.685,102.125,0.));
#3489 = VECTOR('',#3490,1.);
#3490 = DIRECTION('',(0.,-1.,0.));
#3491 = FACE_BOUND('',#3492,.F.);
#3492 = EDGE_LOOP('',(#3493,#3504,#3512,#3521));
#3493 = ORIENTED_EDGE('',*,*,#3494,.T.);
#3494 = EDGE_CURVE('',#3495,#3497,#3499,.T.);
#3495 = VERTEX_POINT('',#3496);
#3496 = CARTESIAN_POINT('',(0.86,212.24,0.));
#3497 = VERTEX_POINT('',#3498);
#3498 = CARTESIAN_POINT('',(0.86,212.74,0.));
#3499 = CIRCLE('',#3500,0.25);
#3500 = AXIS2_PLACEMENT_3D('',#3501,#3502,#3503);
#3501 = CARTESIAN_POINT('',(0.86,212.49,0.));
#3502 = DIRECTION('',(-0.,0.,-1.));
#3503 = DIRECTION('',(0.,1.,0.));
#3504 = ORIENTED_EDGE('',*,*,#3505,.T.);
#3505 = EDGE_CURVE('',#3497,#3506,#3508,.T.);
#3506 = VERTEX_POINT('',#3507);
#3507 = CARTESIAN_POINT('',(1.46,212.74,0.));
#3508 = LINE('',#3509,#3510);
#3509 = CARTESIAN_POINT('',(0.73,212.74,0.));
#3510 = VECTOR('',#3511,1.);
#3511 = DIRECTION('',(1.,0.,-0.));
#3512 = ORIENTED_EDGE('',*,*,#3513,.T.);
#3513 = EDGE_CURVE('',#3506,#3514,#3516,.T.);
#3514 = VERTEX_POINT('',#3515);
#3515 = CARTESIAN_POINT('',(1.46,212.24,0.));
#3516 = CIRCLE('',#3517,0.25);
#3517 = AXIS2_PLACEMENT_3D('',#3518,#3519,#3520);
#3518 = CARTESIAN_POINT('',(1.46,212.49,0.));
#3519 = DIRECTION('',(-0.,0.,-1.));
#3520 = DIRECTION('',(-0.,-1.,0.));
#3521 = ORIENTED_EDGE('',*,*,#3522,.T.);
#3522 = EDGE_CURVE('',#3514,#3495,#3523,.T.);
#3523 = LINE('',#3524,#3525);
#3524 = CARTESIAN_POINT('',(0.43,212.24,0.));
#3525 = VECTOR('',#3526,1.);
#3526 = DIRECTION('',(-1.,0.,0.));
#3527 = FACE_BOUND('',#3528,.F.);
#3528 = EDGE_LOOP('',(#3529,#3540,#3548,#3557));
#3529 = ORIENTED_EDGE('',*,*,#3530,.T.);
#3530 = EDGE_CURVE('',#3531,#3533,#3535,.T.);
#3531 = VERTEX_POINT('',#3532);
#3532 = CARTESIAN_POINT('',(6.81,211.88,0.));
#3533 = VERTEX_POINT('',#3534);
#3534 = CARTESIAN_POINT('',(6.81,212.38,0.));
#3535 = CIRCLE('',#3536,0.25);
#3536 = AXIS2_PLACEMENT_3D('',#3537,#3538,#3539);
#3537 = CARTESIAN_POINT('',(6.81,212.13,0.));
#3538 = DIRECTION('',(-0.,0.,-1.));
#3539 = DIRECTION('',(0.,1.,0.));
#3540 = ORIENTED_EDGE('',*,*,#3541,.T.);
#3541 = EDGE_CURVE('',#3533,#3542,#3544,.T.);
#3542 = VERTEX_POINT('',#3543);
#3543 = CARTESIAN_POINT('',(7.41,212.38,0.));
#3544 = LINE('',#3545,#3546);
#3545 = CARTESIAN_POINT('',(3.705,212.38,0.));
#3546 = VECTOR('',#3547,1.);
#3547 = DIRECTION('',(1.,0.,-0.));
#3548 = ORIENTED_EDGE('',*,*,#3549,.T.);
#3549 = EDGE_CURVE('',#3542,#3550,#3552,.T.);
#3550 = VERTEX_POINT('',#3551);
#3551 = CARTESIAN_POINT('',(7.41,211.88,0.));
#3552 = CIRCLE('',#3553,0.25);
#3553 = AXIS2_PLACEMENT_3D('',#3554,#3555,#3556);
#3554 = CARTESIAN_POINT('',(7.41,212.13,0.));
#3555 = DIRECTION('',(-0.,0.,-1.));
#3556 = DIRECTION('',(-0.,-1.,0.));
#3557 = ORIENTED_EDGE('',*,*,#3558,.T.);
#3558 = EDGE_CURVE('',#3550,#3531,#3559,.T.);
#3559 = LINE('',#3560,#3561);
#3560 = CARTESIAN_POINT('',(3.405,211.88,0.));
#3561 = VECTOR('',#3562,1.);
#3562 = DIRECTION('',(-1.,0.,0.));
#3563 = FACE_BOUND('',#3564,.F.);
#3564 = EDGE_LOOP('',(#3565));
#3565 = ORIENTED_EDGE('',*,*,#3566,.T.);
#3566 = EDGE_CURVE('',#3567,#3567,#3569,.T.);
#3567 = VERTEX_POINT('',#3568);
#3568 = CARTESIAN_POINT('',(8.36,211.275,0.));
#3569 = CIRCLE('',#3570,0.325);
#3570 = AXIS2_PLACEMENT_3D('',#3571,#3572,#3573);
#3571 = CARTESIAN_POINT('',(8.36,211.6,0.));
#3572 = DIRECTION('',(-0.,0.,-1.));
#3573 = DIRECTION('',(-0.,-1.,0.));
#3574 = FACE_BOUND('',#3575,.F.);
#3575 = EDGE_LOOP('',(#3576));
#3576 = ORIENTED_EDGE('',*,*,#3577,.T.);
#3577 = EDGE_CURVE('',#3578,#3578,#3580,.T.);
#3578 = VERTEX_POINT('',#3579);
#3579 = CARTESIAN_POINT('',(6.02,219.51,0.));
#3580 = CIRCLE('',#3581,0.5);
#3581 = AXIS2_PLACEMENT_3D('',#3582,#3583,#3584);
#3582 = CARTESIAN_POINT('',(6.02,220.01,0.));
#3583 = DIRECTION('',(-0.,0.,-1.));
#3584 = DIRECTION('',(-0.,-1.,0.));
#3585 = FACE_BOUND('',#3586,.F.);
#3586 = EDGE_LOOP('',(#3587));
#3587 = ORIENTED_EDGE('',*,*,#3588,.T.);
#3588 = EDGE_CURVE('',#3589,#3589,#3591,.T.);
#3589 = VERTEX_POINT('',#3590);
#3590 = CARTESIAN_POINT('',(6.02,222.05,0.));
#3591 = CIRCLE('',#3592,0.5);
#3592 = AXIS2_PLACEMENT_3D('',#3593,#3594,#3595);
#3593 = CARTESIAN_POINT('',(6.02,222.55,0.));
#3594 = DIRECTION('',(-0.,0.,-1.));
#3595 = DIRECTION('',(-0.,-1.,0.));
#3596 = FACE_BOUND('',#3597,.F.);
#3597 = EDGE_LOOP('',(#3598));
#3598 = ORIENTED_EDGE('',*,*,#3599,.T.);
#3599 = EDGE_CURVE('',#3600,#3600,#3602,.T.);
#3600 = VERTEX_POINT('',#3601);
#3601 = CARTESIAN_POINT('',(64.46,187.8431,0.));
#3602 = CIRCLE('',#3603,0.5969);
#3603 = AXIS2_PLACEMENT_3D('',#3604,#3605,#3606);
#3604 = CARTESIAN_POINT('',(64.46,188.44,0.));
#3605 = DIRECTION('',(-0.,0.,-1.));
#3606 = DIRECTION('',(-2.380776464266E-14,-1.,0.));
#3607 = FACE_BOUND('',#3608,.F.);
#3608 = EDGE_LOOP('',(#3609));
#3609 = ORIENTED_EDGE('',*,*,#3610,.T.);
#3610 = EDGE_CURVE('',#3611,#3611,#3613,.T.);
#3611 = VERTEX_POINT('',#3612);
#3612 = CARTESIAN_POINT('',(64.47,192.1031,0.));
#3613 = CIRCLE('',#3614,0.5969);
#3614 = AXIS2_PLACEMENT_3D('',#3615,#3616,#3617);
#3615 = CARTESIAN_POINT('',(64.47,192.7,0.));
#3616 = DIRECTION('',(-0.,0.,-1.));
#3617 = DIRECTION('',(-0.,-1.,0.));
#3618 = FACE_BOUND('',#3619,.F.);
#3619 = EDGE_LOOP('',(#3620));
#3620 = ORIENTED_EDGE('',*,*,#3621,.T.);
#3621 = EDGE_CURVE('',#3622,#3622,#3624,.T.);
#3622 = VERTEX_POINT('',#3623);
#3623 = CARTESIAN_POINT('',(64.47,197.1831,0.));
#3624 = CIRCLE('',#3625,0.5969);
#3625 = AXIS2_PLACEMENT_3D('',#3626,#3627,#3628);
#3626 = CARTESIAN_POINT('',(64.47,197.78,0.));
#3627 = DIRECTION('',(-0.,0.,-1.));
#3628 = DIRECTION('',(-0.,-1.,0.));
#3629 = FACE_BOUND('',#3630,.F.);
#3630 = EDGE_LOOP('',(#3631));
#3631 = ORIENTED_EDGE('',*,*,#3632,.T.);
#3632 = EDGE_CURVE('',#3633,#3633,#3635,.T.);
#3633 = VERTEX_POINT('',#3634);
#3634 = CARTESIAN_POINT('',(49.46,219.9131,0.));
#3635 = CIRCLE('',#3636,0.5969);
#3636 = AXIS2_PLACEMENT_3D('',#3637,#3638,#3639);
#3637 = CARTESIAN_POINT('',(49.46,220.51,0.));
#3638 = DIRECTION('',(-0.,0.,-1.));
#3639 = DIRECTION('',(-0.,-1.,0.));
#3640 = FACE_BOUND('',#3641,.F.);
#3641 = EDGE_LOOP('',(#3642));
#3642 = ORIENTED_EDGE('',*,*,#3643,.T.);
#3643 = EDGE_CURVE('',#3644,#3644,#3646,.T.);
#3644 = VERTEX_POINT('',#3645);
#3645 = CARTESIAN_POINT('',(54.54,219.9131,0.));
#3646 = CIRCLE('',#3647,0.5969);
#3647 = AXIS2_PLACEMENT_3D('',#3648,#3649,#3650);
#3648 = CARTESIAN_POINT('',(54.54,220.51,0.));
#3649 = DIRECTION('',(-0.,0.,-1.));
#3650 = DIRECTION('',(-0.,-1.,0.));
#3651 = FACE_BOUND('',#3652,.F.);
#3652 = EDGE_LOOP('',(#3653));
#3653 = ORIENTED_EDGE('',*,*,#3654,.T.);
#3654 = EDGE_CURVE('',#3655,#3655,#3657,.T.);
#3655 = VERTEX_POINT('',#3656);
#3656 = CARTESIAN_POINT('',(75.67,155.071231,0.));
#3657 = CIRCLE('',#3658,0.42);
#3658 = AXIS2_PLACEMENT_3D('',#3659,#3660,#3661);
#3659 = CARTESIAN_POINT('',(75.67,155.491231,0.));
#3660 = DIRECTION('',(-0.,0.,-1.));
#3661 = DIRECTION('',(-0.,-1.,0.));
#3662 = FACE_BOUND('',#3663,.F.);
#3663 = EDGE_LOOP('',(#3664));
#3664 = ORIENTED_EDGE('',*,*,#3665,.T.);
#3665 = EDGE_CURVE('',#3666,#3666,#3668,.T.);
#3666 = VERTEX_POINT('',#3667);
#3667 = CARTESIAN_POINT('',(75.67,157.611231,0.));
#3668 = CIRCLE('',#3669,0.42);
#3669 = AXIS2_PLACEMENT_3D('',#3670,#3671,#3672);
#3670 = CARTESIAN_POINT('',(75.67,158.031231,0.));
#3671 = DIRECTION('',(-0.,0.,-1.));
#3672 = DIRECTION('',(-0.,-1.,0.));
#3673 = FACE_BOUND('',#3674,.F.);
#3674 = EDGE_LOOP('',(#3675));
#3675 = ORIENTED_EDGE('',*,*,#3676,.T.);
#3676 = EDGE_CURVE('',#3677,#3677,#3679,.T.);
#3677 = VERTEX_POINT('',#3678);
#3678 = CARTESIAN_POINT('',(78.21,155.071231,0.));
#3679 = CIRCLE('',#3680,0.42);
#3680 = AXIS2_PLACEMENT_3D('',#3681,#3682,#3683);
#3681 = CARTESIAN_POINT('',(78.21,155.491231,0.));
#3682 = DIRECTION('',(-0.,0.,-1.));
#3683 = DIRECTION('',(-3.383536836953E-14,-1.,0.));
#3684 = FACE_BOUND('',#3685,.F.);
#3685 = EDGE_LOOP('',(#3686));
#3686 = ORIENTED_EDGE('',*,*,#3687,.T.);
#3687 = EDGE_CURVE('',#3688,#3688,#3690,.T.);
#3688 = VERTEX_POINT('',#3689);
#3689 = CARTESIAN_POINT('',(76.94,155.806231,0.));
#3690 = CIRCLE('',#3691,0.32);
#3691 = AXIS2_PLACEMENT_3D('',#3692,#3693,#3694);
#3692 = CARTESIAN_POINT('',(76.94,156.126231,0.));
#3693 = DIRECTION('',(-0.,0.,-1.));
#3694 = DIRECTION('',(-0.,-1.,0.));
#3695 = FACE_BOUND('',#3696,.F.);
#3696 = EDGE_LOOP('',(#3697));
#3697 = ORIENTED_EDGE('',*,*,#3698,.T.);
#3698 = EDGE_CURVE('',#3699,#3699,#3701,.T.);
#3699 = VERTEX_POINT('',#3700);
#3700 = CARTESIAN_POINT('',(76.94,157.076231,0.));
#3701 = CIRCLE('',#3702,0.32);
#3702 = AXIS2_PLACEMENT_3D('',#3703,#3704,#3705);
#3703 = CARTESIAN_POINT('',(76.94,157.396231,0.));
#3704 = DIRECTION('',(-0.,0.,-1.));
#3705 = DIRECTION('',(-0.,-1.,0.));
#3706 = FACE_BOUND('',#3707,.F.);
#3707 = EDGE_LOOP('',(#3708));
#3708 = ORIENTED_EDGE('',*,*,#3709,.T.);
#3709 = EDGE_CURVE('',#3710,#3710,#3712,.T.);
#3710 = VERTEX_POINT('',#3711);
#3711 = CARTESIAN_POINT('',(78.21,157.611231,0.));
#3712 = CIRCLE('',#3713,0.42);
#3713 = AXIS2_PLACEMENT_3D('',#3714,#3715,#3716);
#3714 = CARTESIAN_POINT('',(78.21,158.031231,0.));
#3715 = DIRECTION('',(-0.,0.,-1.));
#3716 = DIRECTION('',(-3.383536836953E-14,-1.,0.));
#3717 = FACE_BOUND('',#3718,.F.);
#3718 = EDGE_LOOP('',(#3719));
#3719 = ORIENTED_EDGE('',*,*,#3720,.T.);
#3720 = EDGE_CURVE('',#3721,#3721,#3723,.T.);
#3721 = VERTEX_POINT('',#3722);
#3722 = CARTESIAN_POINT('',(69.54,182.7631,0.));
#3723 = CIRCLE('',#3724,0.5969);
#3724 = AXIS2_PLACEMENT_3D('',#3725,#3726,#3727);
#3725 = CARTESIAN_POINT('',(69.54,183.36,0.));
#3726 = DIRECTION('',(-0.,0.,-1.));
#3727 = DIRECTION('',(2.380776464266E-14,-1.,-0.));
#3728 = FACE_BOUND('',#3729,.F.);
#3729 = EDGE_LOOP('',(#3730));
#3730 = ORIENTED_EDGE('',*,*,#3731,.T.);
#3731 = EDGE_CURVE('',#3732,#3732,#3734,.T.);
#3732 = VERTEX_POINT('',#3733);
#3733 = CARTESIAN_POINT('',(73.93,178.13,0.));
#3734 = CIRCLE('',#3735,0.42);
#3735 = AXIS2_PLACEMENT_3D('',#3736,#3737,#3738);
#3736 = CARTESIAN_POINT('',(73.93,178.55,0.));
#3737 = DIRECTION('',(-0.,0.,-1.));
#3738 = DIRECTION('',(-0.,-1.,0.));
#3739 = FACE_BOUND('',#3740,.F.);
#3740 = EDGE_LOOP('',(#3741));
#3741 = ORIENTED_EDGE('',*,*,#3742,.T.);
#3742 = EDGE_CURVE('',#3743,#3743,#3745,.T.);
#3743 = VERTEX_POINT('',#3744);
#3744 = CARTESIAN_POINT('',(76.47,178.13,0.));
#3745 = CIRCLE('',#3746,0.42);
#3746 = AXIS2_PLACEMENT_3D('',#3747,#3748,#3749);
#3747 = CARTESIAN_POINT('',(76.47,178.55,0.));
#3748 = DIRECTION('',(-0.,0.,-1.));
#3749 = DIRECTION('',(-0.,-1.,0.));
#3750 = FACE_BOUND('',#3751,.F.);
#3751 = EDGE_LOOP('',(#3752));
#3752 = ORIENTED_EDGE('',*,*,#3753,.T.);
#3753 = EDGE_CURVE('',#3754,#3754,#3756,.T.);
#3754 = VERTEX_POINT('',#3755);
#3755 = CARTESIAN_POINT('',(75.2,178.865,0.));
#3756 = CIRCLE('',#3757,0.32);
#3757 = AXIS2_PLACEMENT_3D('',#3758,#3759,#3760);
#3758 = CARTESIAN_POINT('',(75.2,179.185,0.));
#3759 = DIRECTION('',(-0.,0.,-1.));
#3760 = DIRECTION('',(4.4408920985E-14,-1.,-0.));
#3761 = FACE_BOUND('',#3762,.F.);
#3762 = EDGE_LOOP('',(#3763));
#3763 = ORIENTED_EDGE('',*,*,#3764,.T.);
#3764 = EDGE_CURVE('',#3765,#3765,#3767,.T.);
#3765 = VERTEX_POINT('',#3766);
#3766 = CARTESIAN_POINT('',(73.93,180.67,0.));
#3767 = CIRCLE('',#3768,0.42);
#3768 = AXIS2_PLACEMENT_3D('',#3769,#3770,#3771);
#3769 = CARTESIAN_POINT('',(73.93,181.09,0.));
#3770 = DIRECTION('',(-0.,0.,-1.));
#3771 = DIRECTION('',(-0.,-1.,0.));
#3772 = FACE_BOUND('',#3773,.F.);
#3773 = EDGE_LOOP('',(#3774));
#3774 = ORIENTED_EDGE('',*,*,#3775,.T.);
#3775 = EDGE_CURVE('',#3776,#3776,#3778,.T.);
#3776 = VERTEX_POINT('',#3777);
#3777 = CARTESIAN_POINT('',(75.2,180.135,0.));
#3778 = CIRCLE('',#3779,0.32);
#3779 = AXIS2_PLACEMENT_3D('',#3780,#3781,#3782);
#3780 = CARTESIAN_POINT('',(75.2,180.455,0.));
#3781 = DIRECTION('',(-0.,0.,-1.));
#3782 = DIRECTION('',(4.4408920985E-14,-1.,-0.));
#3783 = FACE_BOUND('',#3784,.F.);
#3784 = EDGE_LOOP('',(#3785));
#3785 = ORIENTED_EDGE('',*,*,#3786,.T.);
#3786 = EDGE_CURVE('',#3787,#3787,#3789,.T.);
#3787 = VERTEX_POINT('',#3788);
#3788 = CARTESIAN_POINT('',(76.47,180.67,0.));
#3789 = CIRCLE('',#3790,0.42);
#3790 = AXIS2_PLACEMENT_3D('',#3791,#3792,#3793);
#3791 = CARTESIAN_POINT('',(76.47,181.09,0.));
#3792 = DIRECTION('',(-0.,0.,-1.));
#3793 = DIRECTION('',(-0.,-1.,0.));
#3794 = FACE_BOUND('',#3795,.F.);
#3795 = EDGE_LOOP('',(#3796));
#3796 = ORIENTED_EDGE('',*,*,#3797,.T.);
#3797 = EDGE_CURVE('',#3798,#3798,#3800,.T.);
#3798 = VERTEX_POINT('',#3799);
#3799 = CARTESIAN_POINT('',(128.7,152.135202,0.));
#3800 = CIRCLE('',#3801,0.5969);
#3801 = AXIS2_PLACEMENT_3D('',#3802,#3803,#3804);
#3802 = CARTESIAN_POINT('',(128.7,152.732102,0.));
#3803 = DIRECTION('',(-0.,0.,-1.));
#3804 = DIRECTION('',(-0.,-1.,0.));
#3805 = FACE_BOUND('',#3806,.F.);
#3806 = EDGE_LOOP('',(#3807));
#3807 = ORIENTED_EDGE('',*,*,#3808,.T.);
#3808 = EDGE_CURVE('',#3809,#3809,#3811,.T.);
#3809 = VERTEX_POINT('',#3810);
#3810 = CARTESIAN_POINT('',(69.54,187.8431,0.));
#3811 = CIRCLE('',#3812,0.5969);
#3812 = AXIS2_PLACEMENT_3D('',#3813,#3814,#3815);
#3813 = CARTESIAN_POINT('',(69.54,188.44,0.));
#3814 = DIRECTION('',(-0.,0.,-1.));
#3815 = DIRECTION('',(2.380776464266E-14,-1.,-0.));
#3816 = FACE_BOUND('',#3817,.F.);
#3817 = EDGE_LOOP('',(#3818));
#3818 = ORIENTED_EDGE('',*,*,#3819,.T.);
#3819 = EDGE_CURVE('',#3820,#3820,#3822,.T.);
#3820 = VERTEX_POINT('',#3821);
#3821 = CARTESIAN_POINT('',(69.55,192.1031,0.));
#3822 = CIRCLE('',#3823,0.5969);
#3823 = AXIS2_PLACEMENT_3D('',#3824,#3825,#3826);
#3824 = CARTESIAN_POINT('',(69.55,192.7,0.));
#3825 = DIRECTION('',(-0.,0.,-1.));
#3826 = DIRECTION('',(-2.380776464266E-14,-1.,0.));
#3827 = FACE_BOUND('',#3828,.F.);
#3828 = EDGE_LOOP('',(#3829));
#3829 = ORIENTED_EDGE('',*,*,#3830,.T.);
#3830 = EDGE_CURVE('',#3831,#3831,#3833,.T.);
#3831 = VERTEX_POINT('',#3832);
#3832 = CARTESIAN_POINT('',(78.5,189.722,0.));
#3833 = CIRCLE('',#3834,0.508);
#3834 = AXIS2_PLACEMENT_3D('',#3835,#3836,#3837);
#3835 = CARTESIAN_POINT('',(78.5,190.23,0.));
#3836 = DIRECTION('',(-0.,0.,-1.));
#3837 = DIRECTION('',(-0.,-1.,0.));
#3838 = FACE_BOUND('',#3839,.F.);
#3839 = EDGE_LOOP('',(#3840));
#3840 = ORIENTED_EDGE('',*,*,#3841,.T.);
#3841 = EDGE_CURVE('',#3842,#3842,#3844,.T.);
#3842 = VERTEX_POINT('',#3843);
#3843 = CARTESIAN_POINT('',(78.5,192.262,0.));
#3844 = CIRCLE('',#3845,0.508);
#3845 = AXIS2_PLACEMENT_3D('',#3846,#3847,#3848);
#3846 = CARTESIAN_POINT('',(78.5,192.77,0.));
#3847 = DIRECTION('',(-0.,0.,-1.));
#3848 = DIRECTION('',(-0.,-1.,0.));
#3849 = FACE_BOUND('',#3850,.F.);
#3850 = EDGE_LOOP('',(#3851));
#3851 = ORIENTED_EDGE('',*,*,#3852,.T.);
#3852 = EDGE_CURVE('',#3853,#3853,#3855,.T.);
#3853 = VERTEX_POINT('',#3854);
#3854 = CARTESIAN_POINT('',(69.55,197.1831,0.));
#3855 = CIRCLE('',#3856,0.5969);
#3856 = AXIS2_PLACEMENT_3D('',#3857,#3858,#3859);
#3857 = CARTESIAN_POINT('',(69.55,197.78,0.));
#3858 = DIRECTION('',(-0.,0.,-1.));
#3859 = DIRECTION('',(-2.380776464266E-14,-1.,0.));
#3860 = FACE_BOUND('',#3861,.F.);
#3861 = EDGE_LOOP('',(#3862));
#3862 = ORIENTED_EDGE('',*,*,#3863,.T.);
#3863 = EDGE_CURVE('',#3864,#3864,#3866,.T.);
#3864 = VERTEX_POINT('',#3865);
#3865 = CARTESIAN_POINT('',(79.96,218.6731,0.));
#3866 = CIRCLE('',#3867,0.5969);
#3867 = AXIS2_PLACEMENT_3D('',#3868,#3869,#3870);
#3868 = CARTESIAN_POINT('',(79.96,219.27,0.));
#3869 = DIRECTION('',(-0.,0.,-1.));
#3870 = DIRECTION('',(-2.380776464266E-14,-1.,0.));
#3871 = FACE_BOUND('',#3872,.F.);
#3872 = EDGE_LOOP('',(#3873));
#3873 = ORIENTED_EDGE('',*,*,#3874,.T.);
#3874 = EDGE_CURVE('',#3875,#3875,#3877,.T.);
#3875 = VERTEX_POINT('',#3876);
#3876 = CARTESIAN_POINT('',(85.04,218.6731,0.));
#3877 = CIRCLE('',#3878,0.5969);
#3878 = AXIS2_PLACEMENT_3D('',#3879,#3880,#3881);
#3879 = CARTESIAN_POINT('',(85.04,219.27,0.));
#3880 = DIRECTION('',(-0.,0.,-1.));
#3881 = DIRECTION('',(2.380776464266E-14,-1.,-0.));
#3882 = FACE_BOUND('',#3883,.F.);
#3883 = EDGE_LOOP('',(#3884));
#3884 = ORIENTED_EDGE('',*,*,#3885,.T.);
#3885 = EDGE_CURVE('',#3886,#3886,#3888,.T.);
#3886 = VERTEX_POINT('',#3887);
#3887 = CARTESIAN_POINT('',(127.447898,210.0931,0.));
#3888 = CIRCLE('',#3889,0.5969);
#3889 = AXIS2_PLACEMENT_3D('',#3890,#3891,#3892);
#3890 = CARTESIAN_POINT('',(127.447898,210.69,0.));
#3891 = DIRECTION('',(-0.,0.,-1.));
#3892 = DIRECTION('',(-0.,-1.,0.));
#3893 = FACE_BOUND('',#3894,.F.);
#3894 = EDGE_LOOP('',(#3895));
#3895 = ORIENTED_EDGE('',*,*,#3896,.T.);
#3896 = EDGE_CURVE('',#3897,#3897,#3899,.T.);
#3897 = VERTEX_POINT('',#3898);
#3898 = CARTESIAN_POINT('',(125.599166,222.954693,0.));
#3899 = CIRCLE('',#3900,0.5969);
#3900 = AXIS2_PLACEMENT_3D('',#3901,#3902,#3903);
#3901 = CARTESIAN_POINT('',(125.599166,223.551593,0.));
#3902 = DIRECTION('',(-0.,0.,-1.));
#3903 = DIRECTION('',(-0.,-1.,0.));
#3904 = FACE_BOUND('',#3905,.F.);
#3905 = EDGE_LOOP('',(#3906));
#3906 = ORIENTED_EDGE('',*,*,#3907,.T.);
#3907 = EDGE_CURVE('',#3908,#3908,#3910,.T.);
#3908 = VERTEX_POINT('',#3909);
#3909 = CARTESIAN_POINT('',(4.62,251.88,0.));
#3910 = CIRCLE('',#3911,0.5);
#3911 = AXIS2_PLACEMENT_3D('',#3912,#3913,#3914);
#3912 = CARTESIAN_POINT('',(4.62,252.38,0.));
#3913 = DIRECTION('',(-0.,0.,-1.));
#3914 = DIRECTION('',(-0.,-1.,0.));
#3915 = FACE_BOUND('',#3916,.F.);
#3916 = EDGE_LOOP('',(#3917));
#3917 = ORIENTED_EDGE('',*,*,#3918,.T.);
#3918 = EDGE_CURVE('',#3919,#3919,#3921,.T.);
#3919 = VERTEX_POINT('',#3920);
#3920 = CARTESIAN_POINT('',(4.62,254.42,0.));
#3921 = CIRCLE('',#3922,0.5);
#3922 = AXIS2_PLACEMENT_3D('',#3923,#3924,#3925);
#3923 = CARTESIAN_POINT('',(4.62,254.92,0.));
#3924 = DIRECTION('',(-0.,0.,-1.));
#3925 = DIRECTION('',(-0.,-1.,0.));
#3926 = FACE_BOUND('',#3927,.F.);
#3927 = EDGE_LOOP('',(#3928));
#3928 = ORIENTED_EDGE('',*,*,#3929,.T.);
#3929 = EDGE_CURVE('',#3930,#3930,#3932,.T.);
#3930 = VERTEX_POINT('',#3931);
#3931 = CARTESIAN_POINT('',(49.46,224.9931,0.));
#3932 = CIRCLE('',#3933,0.5969);
#3933 = AXIS2_PLACEMENT_3D('',#3934,#3935,#3936);
#3934 = CARTESIAN_POINT('',(49.46,225.59,0.));
#3935 = DIRECTION('',(-0.,0.,-1.));
#3936 = DIRECTION('',(-0.,-1.,0.));
#3937 = FACE_BOUND('',#3938,.F.);
#3938 = EDGE_LOOP('',(#3939));
#3939 = ORIENTED_EDGE('',*,*,#3940,.T.);
#3940 = EDGE_CURVE('',#3941,#3941,#3943,.T.);
#3941 = VERTEX_POINT('',#3942);
#3942 = CARTESIAN_POINT('',(54.54,224.9931,0.));
#3943 = CIRCLE('',#3944,0.5969);
#3944 = AXIS2_PLACEMENT_3D('',#3945,#3946,#3947);
#3945 = CARTESIAN_POINT('',(54.54,225.59,0.));
#3946 = DIRECTION('',(-0.,0.,-1.));
#3947 = DIRECTION('',(-0.,-1.,0.));
#3948 = FACE_BOUND('',#3949,.F.);
#3949 = EDGE_LOOP('',(#3950));
#3950 = ORIENTED_EDGE('',*,*,#3951,.T.);
#3951 = EDGE_CURVE('',#3952,#3952,#3954,.T.);
#3952 = VERTEX_POINT('',#3953);
#3953 = CARTESIAN_POINT('',(4.,294.4,0.));
#3954 = CIRCLE('',#3955,1.6);
#3955 = AXIS2_PLACEMENT_3D('',#3956,#3957,#3958);
#3956 = CARTESIAN_POINT('',(4.,296.,0.));
#3957 = DIRECTION('',(-0.,0.,-1.));
#3958 = DIRECTION('',(-0.,-1.,0.));
#3959 = FACE_BOUND('',#3960,.F.);
#3960 = EDGE_LOOP('',(#3961));
#3961 = ORIENTED_EDGE('',*,*,#3962,.T.);
#3962 = EDGE_CURVE('',#3963,#3963,#3965,.T.);
#3963 = VERTEX_POINT('',#3964);
#3964 = CARTESIAN_POINT('',(79.96,223.7531,0.));
#3965 = CIRCLE('',#3966,0.5969);
#3966 = AXIS2_PLACEMENT_3D('',#3967,#3968,#3969);
#3967 = CARTESIAN_POINT('',(79.96,224.35,0.));
#3968 = DIRECTION('',(-0.,0.,-1.));
#3969 = DIRECTION('',(-2.380776464266E-14,-1.,0.));
#3970 = FACE_BOUND('',#3971,.F.);
#3971 = EDGE_LOOP('',(#3972));
#3972 = ORIENTED_EDGE('',*,*,#3973,.T.);
#3973 = EDGE_CURVE('',#3974,#3974,#3976,.T.);
#3974 = VERTEX_POINT('',#3975);
#3975 = CARTESIAN_POINT('',(85.04,223.7531,0.));
#3976 = CIRCLE('',#3977,0.5969);
#3977 = AXIS2_PLACEMENT_3D('',#3978,#3979,#3980);
#3978 = CARTESIAN_POINT('',(85.04,224.35,0.));
#3979 = DIRECTION('',(-0.,0.,-1.));
#3980 = DIRECTION('',(2.380776464266E-14,-1.,-0.));
#3981 = FACE_BOUND('',#3982,.F.);
#3982 = EDGE_LOOP('',(#3983));
#3983 = ORIENTED_EDGE('',*,*,#3984,.T.);
#3984 = EDGE_CURVE('',#3985,#3985,#3987,.T.);
#3985 = VERTEX_POINT('',#3986);
#3986 = CARTESIAN_POINT('',(116.,248.4,0.));
#3987 = CIRCLE('',#3988,1.6);
#3988 = AXIS2_PLACEMENT_3D('',#3989,#3990,#3991);
#3989 = CARTESIAN_POINT('',(116.,250.,0.));
#3990 = DIRECTION('',(-0.,0.,-1.));
#3991 = DIRECTION('',(-0.,-1.,0.));
#3992 = FACE_BOUND('',#3993,.F.);
#3993 = EDGE_LOOP('',(#3994));
#3994 = ORIENTED_EDGE('',*,*,#3995,.T.);
#3995 = EDGE_CURVE('',#3996,#3996,#3998,.T.);
#3996 = VERTEX_POINT('',#3997);
#3997 = CARTESIAN_POINT('',(117.23,278.28,0.));
#3998 = CIRCLE('',#3999,0.5);
#3999 = AXIS2_PLACEMENT_3D('',#4000,#4001,#4002);
#4000 = CARTESIAN_POINT('',(117.23,278.78,0.));
#4001 = DIRECTION('',(-0.,0.,-1.));
#4002 = DIRECTION('',(-0.,-1.,0.));
#4003 = FACE_BOUND('',#4004,.F.);
#4004 = EDGE_LOOP('',(#4005));
#4005 = ORIENTED_EDGE('',*,*,#4006,.T.);
#4006 = EDGE_CURVE('',#4007,#4007,#4009,.T.);
#4007 = VERTEX_POINT('',#4008);
#4008 = CARTESIAN_POINT('',(119.77,278.28,0.));
#4009 = CIRCLE('',#4010,0.5);
#4010 = AXIS2_PLACEMENT_3D('',#4011,#4012,#4013);
#4011 = CARTESIAN_POINT('',(119.77,278.78,0.));
#4012 = DIRECTION('',(-0.,0.,-1.));
#4013 = DIRECTION('',(-0.,-1.,0.));
#4014 = FACE_BOUND('',#4015,.F.);
#4015 = EDGE_LOOP('',(#4016));
#4016 = ORIENTED_EDGE('',*,*,#4017,.T.);
#4017 = EDGE_CURVE('',#4018,#4018,#4020,.T.);
#4018 = VERTEX_POINT('',#4019);
#4019 = CARTESIAN_POINT('',(141.42,157.600998,0.));
#4020 = CIRCLE('',#4021,0.5969);
#4021 = AXIS2_PLACEMENT_3D('',#4022,#4023,#4024);
#4022 = CARTESIAN_POINT('',(141.42,158.197898,0.));
#4023 = DIRECTION('',(-0.,0.,-1.));
#4024 = DIRECTION('',(-4.761552928532E-14,-1.,0.));
#4025 = FACE_BOUND('',#4026,.F.);
#4026 = EDGE_LOOP('',(#4027));
#4027 = ORIENTED_EDGE('',*,*,#4028,.T.);
#4028 = EDGE_CURVE('',#4029,#4029,#4031,.T.);
#4029 = VERTEX_POINT('',#4030);
#4030 = CARTESIAN_POINT('',(137.827898,161.1931,0.));
#4031 = CIRCLE('',#4032,0.5969);
#4032 = AXIS2_PLACEMENT_3D('',#4033,#4034,#4035);
#4033 = CARTESIAN_POINT('',(137.827898,161.79,0.));
#4034 = DIRECTION('',(-0.,0.,-1.));
#4035 = DIRECTION('',(-0.,-1.,0.));
#4036 = FACE_BOUND('',#4037,.F.);
#4037 = EDGE_LOOP('',(#4038));
#4038 = ORIENTED_EDGE('',*,*,#4039,.T.);
#4039 = EDGE_CURVE('',#4040,#4040,#4042,.T.);
#4040 = VERTEX_POINT('',#4041);
#4041 = CARTESIAN_POINT('',(145.012102,161.1931,0.));
#4042 = CIRCLE('',#4043,0.5969);
#4043 = AXIS2_PLACEMENT_3D('',#4044,#4045,#4046);
#4044 = CARTESIAN_POINT('',(145.012102,161.79,0.));
#4045 = DIRECTION('',(-0.,0.,-1.));
#4046 = DIRECTION('',(-0.,-1.,0.));
#4047 = FACE_BOUND('',#4048,.F.);
#4048 = EDGE_LOOP('',(#4049));
#4049 = ORIENTED_EDGE('',*,*,#4050,.T.);
#4050 = EDGE_CURVE('',#4051,#4051,#4053,.T.);
#4051 = VERTEX_POINT('',#4052);
#4052 = CARTESIAN_POINT('',(141.42,164.785202,0.));
#4053 = CIRCLE('',#4054,0.5969);
#4054 = AXIS2_PLACEMENT_3D('',#4055,#4056,#4057);
#4055 = CARTESIAN_POINT('',(141.42,165.382102,0.));
#4056 = DIRECTION('',(-0.,0.,-1.));
#4057 = DIRECTION('',(-4.761552928532E-14,-1.,0.));
#4058 = FACE_BOUND('',#4059,.F.);
#4059 = EDGE_LOOP('',(#4060));
#4060 = ORIENTED_EDGE('',*,*,#4061,.T.);
#4061 = EDGE_CURVE('',#4062,#4062,#4064,.T.);
#4062 = VERTEX_POINT('',#4063);
#4063 = CARTESIAN_POINT('',(158.33,157.750998,0.));
#4064 = CIRCLE('',#4065,0.5969);
#4065 = AXIS2_PLACEMENT_3D('',#4066,#4067,#4068);
#4066 = CARTESIAN_POINT('',(158.33,158.347898,0.));
#4067 = DIRECTION('',(-0.,0.,-1.));
#4068 = DIRECTION('',(4.761552928532E-14,-1.,-0.));
#4069 = FACE_BOUND('',#4070,.F.);
#4070 = EDGE_LOOP('',(#4071));
#4071 = ORIENTED_EDGE('',*,*,#4072,.T.);
#4072 = EDGE_CURVE('',#4073,#4073,#4075,.T.);
#4073 = VERTEX_POINT('',#4074);
#4074 = CARTESIAN_POINT('',(154.737898,161.3431,0.));
#4075 = CIRCLE('',#4076,0.5969);
#4076 = AXIS2_PLACEMENT_3D('',#4077,#4078,#4079);
#4077 = CARTESIAN_POINT('',(154.737898,161.94,0.));
#4078 = DIRECTION('',(-0.,0.,-1.));
#4079 = DIRECTION('',(-0.,-1.,0.));
#4080 = FACE_BOUND('',#4081,.F.);
#4081 = EDGE_LOOP('',(#4082));
#4082 = ORIENTED_EDGE('',*,*,#4083,.T.);
#4083 = EDGE_CURVE('',#4084,#4084,#4086,.T.);
#4084 = VERTEX_POINT('',#4085);
#4085 = CARTESIAN_POINT('',(158.33,164.935202,0.));
#4086 = CIRCLE('',#4087,0.5969);
#4087 = AXIS2_PLACEMENT_3D('',#4088,#4089,#4090);
#4088 = CARTESIAN_POINT('',(158.33,165.532102,0.));
#4089 = DIRECTION('',(-0.,0.,-1.));
#4090 = DIRECTION('',(4.761552928531E-14,-1.,-0.));
#4091 = FACE_BOUND('',#4092,.F.);
#4092 = EDGE_LOOP('',(#4093));
#4093 = ORIENTED_EDGE('',*,*,#4094,.T.);
#4094 = EDGE_CURVE('',#4095,#4095,#4097,.T.);
#4095 = VERTEX_POINT('',#4096);
#4096 = CARTESIAN_POINT('',(165.997898,150.2931,0.));
#4097 = CIRCLE('',#4098,0.5969);
#4098 = AXIS2_PLACEMENT_3D('',#4099,#4100,#4101);
#4099 = CARTESIAN_POINT('',(165.997898,150.89,0.));
#4100 = DIRECTION('',(-0.,0.,-1.));
#4101 = DIRECTION('',(-0.,-1.,0.));
#4102 = FACE_BOUND('',#4103,.F.);
#4103 = EDGE_LOOP('',(#4104));
#4104 = ORIENTED_EDGE('',*,*,#4105,.T.);
#4105 = EDGE_CURVE('',#4106,#4106,#4108,.T.);
#4106 = VERTEX_POINT('',#4107);
#4107 = CARTESIAN_POINT('',(173.182102,150.2931,0.));
#4108 = CIRCLE('',#4109,0.5969);
#4109 = AXIS2_PLACEMENT_3D('',#4110,#4111,#4112);
#4110 = CARTESIAN_POINT('',(173.182102,150.89,0.));
#4111 = DIRECTION('',(-0.,0.,-1.));
#4112 = DIRECTION('',(-0.,-1.,0.));
#4113 = FACE_BOUND('',#4114,.F.);
#4114 = EDGE_LOOP('',(#4115));
#4115 = ORIENTED_EDGE('',*,*,#4116,.T.);
#4116 = EDGE_CURVE('',#4117,#4117,#4119,.T.);
#4117 = VERTEX_POINT('',#4118);
#4118 = CARTESIAN_POINT('',(169.59,153.885202,0.));
#4119 = CIRCLE('',#4120,0.5969);
#4120 = AXIS2_PLACEMENT_3D('',#4121,#4122,#4123);
#4121 = CARTESIAN_POINT('',(169.59,154.482102,0.));
#4122 = DIRECTION('',(-0.,0.,-1.));
#4123 = DIRECTION('',(-0.,-1.,0.));
#4124 = FACE_BOUND('',#4125,.F.);
#4125 = EDGE_LOOP('',(#4126));
#4126 = ORIENTED_EDGE('',*,*,#4127,.T.);
#4127 = EDGE_CURVE('',#4128,#4128,#4130,.T.);
#4128 = VERTEX_POINT('',#4129);
#4129 = CARTESIAN_POINT('',(161.922102,161.3431,0.));
#4130 = CIRCLE('',#4131,0.5969);
#4131 = AXIS2_PLACEMENT_3D('',#4132,#4133,#4134);
#4132 = CARTESIAN_POINT('',(161.922102,161.94,0.));
#4133 = DIRECTION('',(-0.,0.,-1.));
#4134 = DIRECTION('',(-0.,-1.,0.));
#4135 = FACE_BOUND('',#4136,.F.);
#4136 = EDGE_LOOP('',(#4137));
#4137 = ORIENTED_EDGE('',*,*,#4138,.T.);
#4138 = EDGE_CURVE('',#4139,#4139,#4141,.T.);
#4139 = VERTEX_POINT('',#4140);
#4140 = CARTESIAN_POINT('',(144.44,193.050998,0.));
#4141 = CIRCLE('',#4142,0.5969);
#4142 = AXIS2_PLACEMENT_3D('',#4143,#4144,#4145);
#4143 = CARTESIAN_POINT('',(144.44,193.647898,0.));
#4144 = DIRECTION('',(-0.,0.,-1.));
#4145 = DIRECTION('',(-0.,-1.,0.));
#4146 = FACE_BOUND('',#4147,.F.);
#4147 = EDGE_LOOP('',(#4148));
#4148 = ORIENTED_EDGE('',*,*,#4149,.T.);
#4149 = EDGE_CURVE('',#4150,#4150,#4152,.T.);
#4150 = VERTEX_POINT('',#4151);
#4151 = CARTESIAN_POINT('',(140.847898,196.6431,0.));
#4152 = CIRCLE('',#4153,0.5969);
#4153 = AXIS2_PLACEMENT_3D('',#4154,#4155,#4156);
#4154 = CARTESIAN_POINT('',(140.847898,197.24,0.));
#4155 = DIRECTION('',(-0.,0.,-1.));
#4156 = DIRECTION('',(-0.,-1.,0.));
#4157 = FACE_BOUND('',#4158,.F.);
#4158 = EDGE_LOOP('',(#4159));
#4159 = ORIENTED_EDGE('',*,*,#4160,.T.);
#4160 = EDGE_CURVE('',#4161,#4161,#4163,.T.);
#4161 = VERTEX_POINT('',#4162);
#4162 = CARTESIAN_POINT('',(144.44,200.235202,0.));
#4163 = CIRCLE('',#4164,0.5969);
#4164 = AXIS2_PLACEMENT_3D('',#4165,#4166,#4167);
#4165 = CARTESIAN_POINT('',(144.44,200.832102,0.));
#4166 = DIRECTION('',(-0.,0.,-1.));
#4167 = DIRECTION('',(-0.,-1.,0.));
#4168 = FACE_BOUND('',#4169,.F.);
#4169 = EDGE_LOOP('',(#4170));
#4170 = ORIENTED_EDGE('',*,*,#4171,.T.);
#4171 = EDGE_CURVE('',#4172,#4172,#4174,.T.);
#4172 = VERTEX_POINT('',#4173);
#4173 = CARTESIAN_POINT('',(157.34,194.700998,0.));
#4174 = CIRCLE('',#4175,0.5969);
#4175 = AXIS2_PLACEMENT_3D('',#4176,#4177,#4178);
#4176 = CARTESIAN_POINT('',(157.34,195.297898,0.));
#4177 = DIRECTION('',(-0.,0.,-1.));
#4178 = DIRECTION('',(-0.,-1.,0.));
#4179 = FACE_BOUND('',#4180,.F.);
#4180 = EDGE_LOOP('',(#4181));
#4181 = ORIENTED_EDGE('',*,*,#4182,.T.);
#4182 = EDGE_CURVE('',#4183,#4183,#4185,.T.);
#4183 = VERTEX_POINT('',#4184);
#4184 = CARTESIAN_POINT('',(148.032102,196.6431,0.));
#4185 = CIRCLE('',#4186,0.5969);
#4186 = AXIS2_PLACEMENT_3D('',#4187,#4188,#4189);
#4187 = CARTESIAN_POINT('',(148.032102,197.24,0.));
#4188 = DIRECTION('',(-0.,0.,-1.));
#4189 = DIRECTION('',(-0.,-1.,0.));
#4190 = FACE_BOUND('',#4191,.F.);
#4191 = EDGE_LOOP('',(#4192));
#4192 = ORIENTED_EDGE('',*,*,#4193,.T.);
#4193 = EDGE_CURVE('',#4194,#4194,#4196,.T.);
#4194 = VERTEX_POINT('',#4195);
#4195 = CARTESIAN_POINT('',(153.747898,198.2931,0.));
#4196 = CIRCLE('',#4197,0.5969);
#4197 = AXIS2_PLACEMENT_3D('',#4198,#4199,#4200);
#4198 = CARTESIAN_POINT('',(153.747898,198.89,0.));
#4199 = DIRECTION('',(-0.,0.,-1.));
#4200 = DIRECTION('',(-0.,-1.,0.));
#4201 = FACE_BOUND('',#4202,.F.);
#4202 = EDGE_LOOP('',(#4203));
#4203 = ORIENTED_EDGE('',*,*,#4204,.T.);
#4204 = EDGE_CURVE('',#4205,#4205,#4207,.T.);
#4205 = VERTEX_POINT('',#4206);
#4206 = CARTESIAN_POINT('',(160.932102,198.2931,0.));
#4207 = CIRCLE('',#4208,0.5969);
#4208 = AXIS2_PLACEMENT_3D('',#4209,#4210,#4211);
#4209 = CARTESIAN_POINT('',(160.932102,198.89,0.));
#4210 = DIRECTION('',(-0.,0.,-1.));
#4211 = DIRECTION('',(-0.,-1.,0.));
#4212 = FACE_BOUND('',#4213,.F.);
#4213 = EDGE_LOOP('',(#4214));
#4214 = ORIENTED_EDGE('',*,*,#4215,.T.);
#4215 = EDGE_CURVE('',#4216,#4216,#4218,.T.);
#4216 = VERTEX_POINT('',#4217);
#4217 = CARTESIAN_POINT('',(157.34,201.885202,0.));
#4218 = CIRCLE('',#4219,0.5969);
#4219 = AXIS2_PLACEMENT_3D('',#4220,#4221,#4222);
#4220 = CARTESIAN_POINT('',(157.34,202.482102,0.));
#4221 = DIRECTION('',(-0.,0.,-1.));
#4222 = DIRECTION('',(-0.,-1.,0.));
#4223 = FACE_BOUND('',#4224,.F.);
#4224 = EDGE_LOOP('',(#4225));
#4225 = ORIENTED_EDGE('',*,*,#4226,.T.);
#4226 = EDGE_CURVE('',#4227,#4227,#4229,.T.);
#4227 = VERTEX_POINT('',#4228);
#4228 = CARTESIAN_POINT('',(131.04,206.500998,0.));
#4229 = CIRCLE('',#4230,0.5969);
#4230 = AXIS2_PLACEMENT_3D('',#4231,#4232,#4233);
#4231 = CARTESIAN_POINT('',(131.04,207.097898,0.));
#4232 = DIRECTION('',(-0.,0.,-1.));
#4233 = DIRECTION('',(-0.,-1.,0.));
#4234 = FACE_BOUND('',#4235,.F.);
#4235 = EDGE_LOOP('',(#4236));
#4236 = ORIENTED_EDGE('',*,*,#4237,.T.);
#4237 = EDGE_CURVE('',#4238,#4238,#4240,.T.);
#4238 = VERTEX_POINT('',#4239);
#4239 = CARTESIAN_POINT('',(131.04,213.685202,0.));
#4240 = CIRCLE('',#4241,0.5969);
#4241 = AXIS2_PLACEMENT_3D('',#4242,#4243,#4244);
#4242 = CARTESIAN_POINT('',(131.04,214.282102,0.));
#4243 = DIRECTION('',(-0.,0.,-1.));
#4244 = DIRECTION('',(-0.,-1.,0.));
#4245 = FACE_BOUND('',#4246,.F.);
#4246 = EDGE_LOOP('',(#4247));
#4247 = ORIENTED_EDGE('',*,*,#4248,.T.);
#4248 = EDGE_CURVE('',#4249,#4249,#4251,.T.);
#4249 = VERTEX_POINT('',#4250);
#4250 = CARTESIAN_POINT('',(134.632102,210.0931,0.));
#4251 = CIRCLE('',#4252,0.5969);
#4252 = AXIS2_PLACEMENT_3D('',#4253,#4254,#4255);
#4253 = CARTESIAN_POINT('',(134.632102,210.69,0.));
#4254 = DIRECTION('',(-0.,0.,-1.));
#4255 = DIRECTION('',(-0.,-1.,0.));
#4256 = FACE_BOUND('',#4257,.F.);
#4257 = EDGE_LOOP('',(#4258));
#4258 = ORIENTED_EDGE('',*,*,#4259,.T.);
#4259 = EDGE_CURVE('',#4260,#4260,#4262,.T.);
#4260 = VERTEX_POINT('',#4261);
#4261 = CARTESIAN_POINT('',(129.191268,219.362591,0.));
#4262 = CIRCLE('',#4263,0.5969);
#4263 = AXIS2_PLACEMENT_3D('',#4264,#4265,#4266);
#4264 = CARTESIAN_POINT('',(129.191268,219.959491,0.));
#4265 = DIRECTION('',(-0.,0.,-1.));
#4266 = DIRECTION('',(-0.,-1.,0.));
#4267 = FACE_BOUND('',#4268,.F.);
#4268 = EDGE_LOOP('',(#4269));
#4269 = ORIENTED_EDGE('',*,*,#4270,.T.);
#4270 = EDGE_CURVE('',#4271,#4271,#4273,.T.);
#4271 = VERTEX_POINT('',#4272);
#4272 = CARTESIAN_POINT('',(132.78337,222.954693,0.));
#4273 = CIRCLE('',#4274,0.5969);
#4274 = AXIS2_PLACEMENT_3D('',#4275,#4276,#4277);
#4275 = CARTESIAN_POINT('',(132.78337,223.551593,0.));
#4276 = DIRECTION('',(-0.,0.,-1.));
#4277 = DIRECTION('',(-0.,-1.,0.));
#4278 = FACE_BOUND('',#4279,.F.);
#4279 = EDGE_LOOP('',(#4280));
#4280 = ORIENTED_EDGE('',*,*,#4281,.T.);
#4281 = EDGE_CURVE('',#4282,#4282,#4284,.T.);
#4282 = VERTEX_POINT('',#4283);
#4283 = CARTESIAN_POINT('',(167.217898,211.8631,0.));
#4284 = CIRCLE('',#4285,0.5969);
#4285 = AXIS2_PLACEMENT_3D('',#4286,#4287,#4288);
#4286 = CARTESIAN_POINT('',(167.217898,212.46,0.));
#4287 = DIRECTION('',(-0.,0.,-1.));
#4288 = DIRECTION('',(-0.,-1.,0.));
#4289 = FACE_BOUND('',#4290,.F.);
#4290 = EDGE_LOOP('',(#4291));
#4291 = ORIENTED_EDGE('',*,*,#4292,.T.);
#4292 = EDGE_CURVE('',#4293,#4293,#4295,.T.);
#4293 = VERTEX_POINT('',#4294);
#4294 = CARTESIAN_POINT('',(170.81,208.270998,0.));
#4295 = CIRCLE('',#4296,0.5969);
#4296 = AXIS2_PLACEMENT_3D('',#4297,#4298,#4299);
#4297 = CARTESIAN_POINT('',(170.81,208.867898,0.));
#4298 = DIRECTION('',(-0.,0.,-1.));
#4299 = DIRECTION('',(-0.,-1.,0.));
#4300 = FACE_BOUND('',#4301,.F.);
#4301 = EDGE_LOOP('',(#4302));
#4302 = ORIENTED_EDGE('',*,*,#4303,.T.);
#4303 = EDGE_CURVE('',#4304,#4304,#4306,.T.);
#4304 = VERTEX_POINT('',#4305);
#4305 = CARTESIAN_POINT('',(174.402102,211.8631,0.));
#4306 = CIRCLE('',#4307,0.5969);
#4307 = AXIS2_PLACEMENT_3D('',#4308,#4309,#4310);
#4308 = CARTESIAN_POINT('',(174.402102,212.46,0.));
#4309 = DIRECTION('',(-0.,0.,-1.));
#4310 = DIRECTION('',(-0.,-1.,0.));
#4311 = FACE_BOUND('',#4312,.F.);
#4312 = EDGE_LOOP('',(#4313));
#4313 = ORIENTED_EDGE('',*,*,#4314,.T.);
#4314 = EDGE_CURVE('',#4315,#4315,#4317,.T.);
#4315 = VERTEX_POINT('',#4316);
#4316 = CARTESIAN_POINT('',(169.04,220.950998,0.));
#4317 = CIRCLE('',#4318,0.5969);
#4318 = AXIS2_PLACEMENT_3D('',#4319,#4320,#4321);
#4319 = CARTESIAN_POINT('',(169.04,221.547898,0.));
#4320 = DIRECTION('',(-0.,0.,-1.));
#4321 = DIRECTION('',(-0.,-1.,0.));
#4322 = FACE_BOUND('',#4323,.F.);
#4323 = EDGE_LOOP('',(#4324));
#4324 = ORIENTED_EDGE('',*,*,#4325,.T.);
#4325 = EDGE_CURVE('',#4326,#4326,#4328,.T.);
#4326 = VERTEX_POINT('',#4327);
#4327 = CARTESIAN_POINT('',(170.81,215.455202,0.));
#4328 = CIRCLE('',#4329,0.5969);
#4329 = AXIS2_PLACEMENT_3D('',#4330,#4331,#4332);
#4330 = CARTESIAN_POINT('',(170.81,216.052102,0.));
#4331 = DIRECTION('',(-0.,0.,-1.));
#4332 = DIRECTION('',(-0.,-1.,0.));
#4333 = FACE_BOUND('',#4334,.F.);
#4334 = EDGE_LOOP('',(#4335));
#4335 = ORIENTED_EDGE('',*,*,#4336,.T.);
#4336 = EDGE_CURVE('',#4337,#4337,#4339,.T.);
#4337 = VERTEX_POINT('',#4338);
#4338 = CARTESIAN_POINT('',(205.05,152.705202,0.));
#4339 = CIRCLE('',#4340,0.5969);
#4340 = AXIS2_PLACEMENT_3D('',#4341,#4342,#4343);
#4341 = CARTESIAN_POINT('',(205.05,153.302102,0.));
#4342 = DIRECTION('',(-0.,0.,-1.));
#4343 = DIRECTION('',(-0.,-1.,0.));
#4344 = FACE_BOUND('',#4345,.F.);
#4345 = EDGE_LOOP('',(#4346));
#4346 = ORIENTED_EDGE('',*,*,#4347,.T.);
#4347 = EDGE_CURVE('',#4348,#4348,#4350,.T.);
#4348 = VERTEX_POINT('',#4349);
#4349 = CARTESIAN_POINT('',(216.95,157.320998,0.));
#4350 = CIRCLE('',#4351,0.5969);
#4351 = AXIS2_PLACEMENT_3D('',#4352,#4353,#4354);
#4352 = CARTESIAN_POINT('',(216.95,157.917898,0.));
#4353 = DIRECTION('',(-0.,0.,-1.));
#4354 = DIRECTION('',(-0.,-1.,0.));
#4355 = FACE_BOUND('',#4356,.F.);
#4356 = EDGE_LOOP('',(#4357));
#4357 = ORIENTED_EDGE('',*,*,#4358,.T.);
#4358 = EDGE_CURVE('',#4359,#4359,#4361,.T.);
#4359 = VERTEX_POINT('',#4360);
#4360 = CARTESIAN_POINT('',(213.357898,160.9131,0.));
#4361 = CIRCLE('',#4362,0.5969);
#4362 = AXIS2_PLACEMENT_3D('',#4363,#4364,#4365);
#4363 = CARTESIAN_POINT('',(213.357898,161.51,0.));
#4364 = DIRECTION('',(-0.,0.,-1.));
#4365 = DIRECTION('',(-0.,-1.,0.));
#4366 = FACE_BOUND('',#4367,.F.);
#4367 = EDGE_LOOP('',(#4368));
#4368 = ORIENTED_EDGE('',*,*,#4369,.T.);
#4369 = EDGE_CURVE('',#4370,#4370,#4372,.T.);
#4370 = VERTEX_POINT('',#4371);
#4371 = CARTESIAN_POINT('',(216.95,164.505202,0.));
#4372 = CIRCLE('',#4373,0.5969);
#4373 = AXIS2_PLACEMENT_3D('',#4374,#4375,#4376);
#4374 = CARTESIAN_POINT('',(216.95,165.102102,0.));
#4375 = DIRECTION('',(-0.,0.,-1.));
#4376 = DIRECTION('',(-0.,-1.,0.));
#4377 = FACE_BOUND('',#4378,.F.);
#4378 = EDGE_LOOP('',(#4379));
#4379 = ORIENTED_EDGE('',*,*,#4380,.T.);
#4380 = EDGE_CURVE('',#4381,#4381,#4383,.T.);
#4381 = VERTEX_POINT('',#4382);
#4382 = CARTESIAN_POINT('',(220.542102,160.9131,0.));
#4383 = CIRCLE('',#4384,0.5969);
#4384 = AXIS2_PLACEMENT_3D('',#4385,#4386,#4387);
#4385 = CARTESIAN_POINT('',(220.542102,161.51,0.));
#4386 = DIRECTION('',(-0.,0.,-1.));
#4387 = DIRECTION('',(-0.,-1.,0.));
#4388 = FACE_BOUND('',#4389,.F.);
#4389 = EDGE_LOOP('',(#4390));
#4390 = ORIENTED_EDGE('',*,*,#4391,.T.);
#4391 = EDGE_CURVE('',#4392,#4392,#4394,.T.);
#4392 = VERTEX_POINT('',#4393);
#4393 = CARTESIAN_POINT('',(233.13,158.020998,0.));
#4394 = CIRCLE('',#4395,0.5969);
#4395 = AXIS2_PLACEMENT_3D('',#4396,#4397,#4398);
#4396 = CARTESIAN_POINT('',(233.13,158.617898,0.));
#4397 = DIRECTION('',(-0.,0.,-1.));
#4398 = DIRECTION('',(-0.,-1.,0.));
#4399 = FACE_BOUND('',#4400,.F.);
#4400 = EDGE_LOOP('',(#4401));
#4401 = ORIENTED_EDGE('',*,*,#4402,.T.);
#4402 = EDGE_CURVE('',#4403,#4403,#4405,.T.);
#4403 = VERTEX_POINT('',#4404);
#4404 = CARTESIAN_POINT('',(229.537898,161.6131,0.));
#4405 = CIRCLE('',#4406,0.5969);
#4406 = AXIS2_PLACEMENT_3D('',#4407,#4408,#4409);
#4407 = CARTESIAN_POINT('',(229.537898,162.21,0.));
#4408 = DIRECTION('',(-0.,0.,-1.));
#4409 = DIRECTION('',(4.761552928532E-14,-1.,-0.));
#4410 = FACE_BOUND('',#4411,.F.);
#4411 = EDGE_LOOP('',(#4412));
#4412 = ORIENTED_EDGE('',*,*,#4413,.T.);
#4413 = EDGE_CURVE('',#4414,#4414,#4416,.T.);
#4414 = VERTEX_POINT('',#4415);
#4415 = CARTESIAN_POINT('',(233.13,165.205202,0.));
#4416 = CIRCLE('',#4417,0.5969);
#4417 = AXIS2_PLACEMENT_3D('',#4418,#4419,#4420);
#4418 = CARTESIAN_POINT('',(233.13,165.802102,0.));
#4419 = DIRECTION('',(-0.,0.,-1.));
#4420 = DIRECTION('',(-0.,-1.,0.));
#4421 = FACE_BOUND('',#4422,.F.);
#4422 = EDGE_LOOP('',(#4423));
#4423 = ORIENTED_EDGE('',*,*,#4424,.T.);
#4424 = EDGE_CURVE('',#4425,#4425,#4427,.T.);
#4425 = VERTEX_POINT('',#4426);
#4426 = CARTESIAN_POINT('',(236.722102,161.6131,0.));
#4427 = CIRCLE('',#4428,0.5969);
#4428 = AXIS2_PLACEMENT_3D('',#4429,#4430,#4431);
#4429 = CARTESIAN_POINT('',(236.722102,162.21,0.));
#4430 = DIRECTION('',(-0.,0.,-1.));
#4431 = DIRECTION('',(-0.,-1.,0.));
#4432 = FACE_BOUND('',#4433,.F.);
#4433 = EDGE_LOOP('',(#4434));
#4434 = ORIENTED_EDGE('',*,*,#4435,.T.);
#4435 = EDGE_CURVE('',#4436,#4436,#4438,.T.);
#4436 = VERTEX_POINT('',#4437);
#4437 = CARTESIAN_POINT('',(241.867898,149.4231,0.));
#4438 = CIRCLE('',#4439,0.5969);
#4439 = AXIS2_PLACEMENT_3D('',#4440,#4441,#4442);
#4440 = CARTESIAN_POINT('',(241.867898,150.02,0.));
#4441 = DIRECTION('',(-0.,0.,-1.));
#4442 = DIRECTION('',(-0.,-1.,0.));
#4443 = FACE_BOUND('',#4444,.F.);
#4444 = EDGE_LOOP('',(#4445));
#4445 = ORIENTED_EDGE('',*,*,#4446,.T.);
#4446 = EDGE_CURVE('',#4447,#4447,#4449,.T.);
#4447 = VERTEX_POINT('',#4448);
#4448 = CARTESIAN_POINT('',(245.46,153.015202,0.));
#4449 = CIRCLE('',#4450,0.5969);
#4450 = AXIS2_PLACEMENT_3D('',#4451,#4452,#4453);
#4451 = CARTESIAN_POINT('',(245.46,153.612102,0.));
#4452 = DIRECTION('',(-0.,0.,-1.));
#4453 = DIRECTION('',(-0.,-1.,0.));
#4454 = FACE_BOUND('',#4455,.F.);
#4455 = EDGE_LOOP('',(#4456));
#4456 = ORIENTED_EDGE('',*,*,#4457,.T.);
#4457 = EDGE_CURVE('',#4458,#4458,#4460,.T.);
#4458 = VERTEX_POINT('',#4459);
#4459 = CARTESIAN_POINT('',(249.052102,149.4231,0.));
#4460 = CIRCLE('',#4461,0.5969);
#4461 = AXIS2_PLACEMENT_3D('',#4462,#4463,#4464);
#4462 = CARTESIAN_POINT('',(249.052102,150.02,0.));
#4463 = DIRECTION('',(-0.,0.,-1.));
#4464 = DIRECTION('',(-0.,-1.,0.));
#4465 = FACE_BOUND('',#4466,.F.);
#4466 = EDGE_LOOP('',(#4467));
#4467 = ORIENTED_EDGE('',*,*,#4468,.T.);
#4468 = EDGE_CURVE('',#4469,#4469,#4471,.T.);
#4469 = VERTEX_POINT('',#4470);
#4470 = CARTESIAN_POINT('',(218.84,194.160998,0.));
#4471 = CIRCLE('',#4472,0.5969);
#4472 = AXIS2_PLACEMENT_3D('',#4473,#4474,#4475);
#4473 = CARTESIAN_POINT('',(218.84,194.757898,0.));
#4474 = DIRECTION('',(-0.,0.,-1.));
#4475 = DIRECTION('',(-0.,-1.,0.));
#4476 = FACE_BOUND('',#4477,.F.);
#4477 = EDGE_LOOP('',(#4478));
#4478 = ORIENTED_EDGE('',*,*,#4479,.T.);
#4479 = EDGE_CURVE('',#4480,#4480,#4482,.T.);
#4480 = VERTEX_POINT('',#4481);
#4481 = CARTESIAN_POINT('',(215.247898,197.7531,0.));
#4482 = CIRCLE('',#4483,0.5969);
#4483 = AXIS2_PLACEMENT_3D('',#4484,#4485,#4486);
#4484 = CARTESIAN_POINT('',(215.247898,198.35,0.));
#4485 = DIRECTION('',(-0.,0.,-1.));
#4486 = DIRECTION('',(-0.,-1.,0.));
#4487 = FACE_BOUND('',#4488,.F.);
#4488 = EDGE_LOOP('',(#4489));
#4489 = ORIENTED_EDGE('',*,*,#4490,.T.);
#4490 = EDGE_CURVE('',#4491,#4491,#4493,.T.);
#4491 = VERTEX_POINT('',#4492);
#4492 = CARTESIAN_POINT('',(222.432102,197.7531,0.));
#4493 = CIRCLE('',#4494,0.5969);
#4494 = AXIS2_PLACEMENT_3D('',#4495,#4496,#4497);
#4495 = CARTESIAN_POINT('',(222.432102,198.35,0.));
#4496 = DIRECTION('',(-0.,0.,-1.));
#4497 = DIRECTION('',(-0.,-1.,0.));
#4498 = FACE_BOUND('',#4499,.F.);
#4499 = EDGE_LOOP('',(#4500));
#4500 = ORIENTED_EDGE('',*,*,#4501,.T.);
#4501 = EDGE_CURVE('',#4502,#4502,#4504,.T.);
#4502 = VERTEX_POINT('',#4503);
#4503 = CARTESIAN_POINT('',(218.84,201.345202,0.));
#4504 = CIRCLE('',#4505,0.5969);
#4505 = AXIS2_PLACEMENT_3D('',#4506,#4507,#4508);
#4506 = CARTESIAN_POINT('',(218.84,201.942102,0.));
#4507 = DIRECTION('',(-0.,0.,-1.));
#4508 = DIRECTION('',(-0.,-1.,0.));
#4509 = FACE_BOUND('',#4510,.F.);
#4510 = EDGE_LOOP('',(#4511));
#4511 = ORIENTED_EDGE('',*,*,#4512,.T.);
#4512 = EDGE_CURVE('',#4513,#4513,#4515,.T.);
#4513 = VERTEX_POINT('',#4514);
#4514 = CARTESIAN_POINT('',(206.75,206.370998,0.));
#4515 = CIRCLE('',#4516,0.5969);
#4516 = AXIS2_PLACEMENT_3D('',#4517,#4518,#4519);
#4517 = CARTESIAN_POINT('',(206.75,206.967898,0.));
#4518 = DIRECTION('',(-0.,0.,-1.));
#4519 = DIRECTION('',(-0.,-1.,0.));
#4520 = FACE_BOUND('',#4521,.F.);
#4521 = EDGE_LOOP('',(#4522));
#4522 = ORIENTED_EDGE('',*,*,#4523,.T.);
#4523 = EDGE_CURVE('',#4524,#4524,#4526,.T.);
#4524 = VERTEX_POINT('',#4525);
#4525 = CARTESIAN_POINT('',(203.157898,209.9631,0.));
#4526 = CIRCLE('',#4527,0.5969);
#4527 = AXIS2_PLACEMENT_3D('',#4528,#4529,#4530);
#4528 = CARTESIAN_POINT('',(203.157898,210.56,0.));
#4529 = DIRECTION('',(-0.,0.,-1.));
#4530 = DIRECTION('',(-0.,-1.,0.));
#4531 = FACE_BOUND('',#4532,.F.);
#4532 = EDGE_LOOP('',(#4533));
#4533 = ORIENTED_EDGE('',*,*,#4534,.T.);
#4534 = EDGE_CURVE('',#4535,#4535,#4537,.T.);
#4535 = VERTEX_POINT('',#4536);
#4536 = CARTESIAN_POINT('',(206.75,213.555202,0.));
#4537 = CIRCLE('',#4538,0.5969);
#4538 = AXIS2_PLACEMENT_3D('',#4539,#4540,#4541);
#4539 = CARTESIAN_POINT('',(206.75,214.152102,0.));
#4540 = DIRECTION('',(-0.,0.,-1.));
#4541 = DIRECTION('',(-0.,-1.,0.));
#4542 = FACE_BOUND('',#4543,.F.);
#4543 = EDGE_LOOP('',(#4544));
#4544 = ORIENTED_EDGE('',*,*,#4545,.T.);
#4545 = EDGE_CURVE('',#4546,#4546,#4548,.T.);
#4546 = VERTEX_POINT('',#4547);
#4547 = CARTESIAN_POINT('',(205.15,219.220998,0.));
#4548 = CIRCLE('',#4549,0.5969);
#4549 = AXIS2_PLACEMENT_3D('',#4550,#4551,#4552);
#4550 = CARTESIAN_POINT('',(205.15,219.817898,0.));
#4551 = DIRECTION('',(-0.,0.,-1.));
#4552 = DIRECTION('',(-0.,-1.,0.));
#4553 = FACE_BOUND('',#4554,.F.);
#4554 = EDGE_LOOP('',(#4555));
#4555 = ORIENTED_EDGE('',*,*,#4556,.T.);
#4556 = EDGE_CURVE('',#4557,#4557,#4559,.T.);
#4557 = VERTEX_POINT('',#4558);
#4558 = CARTESIAN_POINT('',(201.557898,222.8131,0.));
#4559 = CIRCLE('',#4560,0.5969);
#4560 = AXIS2_PLACEMENT_3D('',#4561,#4562,#4563);
#4561 = CARTESIAN_POINT('',(201.557898,223.41,0.));
#4562 = DIRECTION('',(-0.,0.,-1.));
#4563 = DIRECTION('',(-0.,-1.,0.));
#4564 = FACE_BOUND('',#4565,.F.);
#4565 = EDGE_LOOP('',(#4566));
#4566 = ORIENTED_EDGE('',*,*,#4567,.T.);
#4567 = EDGE_CURVE('',#4568,#4568,#4570,.T.);
#4568 = VERTEX_POINT('',#4569);
#4569 = CARTESIAN_POINT('',(208.742102,222.8131,0.));
#4570 = CIRCLE('',#4571,0.5969);
#4571 = AXIS2_PLACEMENT_3D('',#4572,#4573,#4574);
#4572 = CARTESIAN_POINT('',(208.742102,223.41,0.));
#4573 = DIRECTION('',(-0.,0.,-1.));
#4574 = DIRECTION('',(-0.,-1.,0.));
#4575 = FACE_BOUND('',#4576,.F.);
#4576 = EDGE_LOOP('',(#4577));
#4577 = ORIENTED_EDGE('',*,*,#4578,.T.);
#4578 = EDGE_CURVE('',#4579,#4579,#4581,.T.);
#4579 = VERTEX_POINT('',#4580);
#4580 = CARTESIAN_POINT('',(210.342102,209.9631,0.));
#4581 = CIRCLE('',#4582,0.5969);
#4582 = AXIS2_PLACEMENT_3D('',#4583,#4584,#4585);
#4583 = CARTESIAN_POINT('',(210.342102,210.56,0.));
#4584 = DIRECTION('',(-0.,0.,-1.));
#4585 = DIRECTION('',(-0.,-1.,0.));
#4586 = FACE_BOUND('',#4587,.F.);
#4587 = EDGE_LOOP('',(#4588));
#4588 = ORIENTED_EDGE('',*,*,#4589,.T.);
#4589 = EDGE_CURVE('',#4590,#4590,#4592,.T.);
#4590 = VERTEX_POINT('',#4591);
#4591 = CARTESIAN_POINT('',(233.94,194.030998,0.));
#4592 = CIRCLE('',#4593,0.5969);
#4593 = AXIS2_PLACEMENT_3D('',#4594,#4595,#4596);
#4594 = CARTESIAN_POINT('',(233.94,194.627898,0.));
#4595 = DIRECTION('',(-0.,0.,-1.));
#4596 = DIRECTION('',(-0.,-1.,0.));
#4597 = FACE_BOUND('',#4598,.F.);
#4598 = EDGE_LOOP('',(#4599));
#4599 = ORIENTED_EDGE('',*,*,#4600,.T.);
#4600 = EDGE_CURVE('',#4601,#4601,#4603,.T.);
#4601 = VERTEX_POINT('',#4602);
#4602 = CARTESIAN_POINT('',(230.347898,197.6231,0.));
#4603 = CIRCLE('',#4604,0.5969);
#4604 = AXIS2_PLACEMENT_3D('',#4605,#4606,#4607);
#4605 = CARTESIAN_POINT('',(230.347898,198.22,0.));
#4606 = DIRECTION('',(-0.,0.,-1.));
#4607 = DIRECTION('',(-0.,-1.,0.));
#4608 = FACE_BOUND('',#4609,.F.);
#4609 = EDGE_LOOP('',(#4610));
#4610 = ORIENTED_EDGE('',*,*,#4611,.T.);
#4611 = EDGE_CURVE('',#4612,#4612,#4614,.T.);
#4612 = VERTEX_POINT('',#4613);
#4613 = CARTESIAN_POINT('',(237.532102,197.6231,0.));
#4614 = CIRCLE('',#4615,0.5969);
#4615 = AXIS2_PLACEMENT_3D('',#4616,#4617,#4618);
#4616 = CARTESIAN_POINT('',(237.532102,198.22,0.));
#4617 = DIRECTION('',(-0.,0.,-1.));
#4618 = DIRECTION('',(-0.,-1.,0.));
#4619 = FACE_BOUND('',#4620,.F.);
#4620 = EDGE_LOOP('',(#4621));
#4621 = ORIENTED_EDGE('',*,*,#4622,.T.);
#4622 = EDGE_CURVE('',#4623,#4623,#4625,.T.);
#4623 = VERTEX_POINT('',#4624);
#4624 = CARTESIAN_POINT('',(233.94,201.215202,0.));
#4625 = CIRCLE('',#4626,0.5969);
#4626 = AXIS2_PLACEMENT_3D('',#4627,#4628,#4629);
#4627 = CARTESIAN_POINT('',(233.94,201.812102,0.));
#4628 = DIRECTION('',(-0.,0.,-1.));
#4629 = DIRECTION('',(-0.,-1.,0.));
#4630 = FACE_BOUND('',#4631,.F.);
#4631 = EDGE_LOOP('',(#4632));
#4632 = ORIENTED_EDGE('',*,*,#4633,.T.);
#4633 = EDGE_CURVE('',#4634,#4634,#4636,.T.);
#4634 = VERTEX_POINT('',#4635);
#4635 = CARTESIAN_POINT('',(247.3,207.420998,0.));
#4636 = CIRCLE('',#4637,0.5969);
#4637 = AXIS2_PLACEMENT_3D('',#4638,#4639,#4640);
#4638 = CARTESIAN_POINT('',(247.3,208.017898,0.));
#4639 = DIRECTION('',(-0.,0.,-1.));
#4640 = DIRECTION('',(-0.,-1.,0.));
#4641 = FACE_BOUND('',#4642,.F.);
#4642 = EDGE_LOOP('',(#4643));
#4643 = ORIENTED_EDGE('',*,*,#4644,.T.);
#4644 = EDGE_CURVE('',#4645,#4645,#4647,.T.);
#4645 = VERTEX_POINT('',#4646);
#4646 = CARTESIAN_POINT('',(243.707898,211.0131,0.));
#4647 = CIRCLE('',#4648,0.5969);
#4648 = AXIS2_PLACEMENT_3D('',#4649,#4650,#4651);
#4649 = CARTESIAN_POINT('',(243.707898,211.61,0.));
#4650 = DIRECTION('',(-0.,0.,-1.));
#4651 = DIRECTION('',(-0.,-1.,0.));
#4652 = FACE_BOUND('',#4653,.F.);
#4653 = EDGE_LOOP('',(#4654));
#4654 = ORIENTED_EDGE('',*,*,#4655,.T.);
#4655 = EDGE_CURVE('',#4656,#4656,#4658,.T.);
#4656 = VERTEX_POINT('',#4657);
#4657 = CARTESIAN_POINT('',(250.892102,211.0131,0.));
#4658 = CIRCLE('',#4659,0.5969);
#4659 = AXIS2_PLACEMENT_3D('',#4660,#4661,#4662);
#4660 = CARTESIAN_POINT('',(250.892102,211.61,0.));
#4661 = DIRECTION('',(-0.,0.,-1.));
#4662 = DIRECTION('',(-0.,-1.,0.));
#4663 = FACE_BOUND('',#4664,.F.);
#4664 = EDGE_LOOP('',(#4665));
#4665 = ORIENTED_EDGE('',*,*,#4666,.T.);
#4666 = EDGE_CURVE('',#4667,#4667,#4669,.T.);
#4667 = VERTEX_POINT('',#4668);
#4668 = CARTESIAN_POINT('',(247.3,214.605202,0.));
#4669 = CIRCLE('',#4670,0.5969);
#4670 = AXIS2_PLACEMENT_3D('',#4671,#4672,#4673);
#4671 = CARTESIAN_POINT('',(247.3,215.202102,0.));
#4672 = DIRECTION('',(-0.,0.,-1.));
#4673 = DIRECTION('',(-0.,-1.,0.));
#4674 = FACE_BOUND('',#4675,.F.);
#4675 = EDGE_LOOP('',(#4676));
#4676 = ORIENTED_EDGE('',*,*,#4677,.T.);
#4677 = EDGE_CURVE('',#4678,#4678,#4680,.T.);
#4678 = VERTEX_POINT('',#4679);
#4679 = CARTESIAN_POINT('',(245.55,221.420998,0.));
#4680 = CIRCLE('',#4681,0.5969);
#4681 = AXIS2_PLACEMENT_3D('',#4682,#4683,#4684);
#4682 = CARTESIAN_POINT('',(245.55,222.017898,0.));
#4683 = DIRECTION('',(-0.,0.,-1.));
#4684 = DIRECTION('',(-0.,-1.,0.));
#4685 = FACE_BOUND('',#4686,.F.);
#4686 = EDGE_LOOP('',(#4687));
#4687 = ORIENTED_EDGE('',*,*,#4688,.T.);
#4688 = EDGE_CURVE('',#4689,#4689,#4691,.T.);
#4689 = VERTEX_POINT('',#4690);
#4690 = CARTESIAN_POINT('',(129.191268,226.546795,0.));
#4691 = CIRCLE('',#4692,0.5969);
#4692 = AXIS2_PLACEMENT_3D('',#4693,#4694,#4695);
#4693 = CARTESIAN_POINT('',(129.191268,227.143695,0.));
#4694 = DIRECTION('',(-0.,0.,-1.));
#4695 = DIRECTION('',(-0.,-1.,0.));
#4696 = FACE_BOUND('',#4697,.F.);
#4697 = EDGE_LOOP('',(#4698));
#4698 = ORIENTED_EDGE('',*,*,#4699,.T.);
#4699 = EDGE_CURVE('',#4700,#4700,#4702,.T.);
#4700 = VERTEX_POINT('',#4701);
#4701 = CARTESIAN_POINT('',(139.157976,236.423015,0.));
#4702 = CIRCLE('',#4703,0.5969);
#4703 = AXIS2_PLACEMENT_3D('',#4704,#4705,#4706);
#4704 = CARTESIAN_POINT('',(139.157976,237.019915,0.));
#4705 = DIRECTION('',(-0.,0.,-1.));
#4706 = DIRECTION('',(-4.761552928532E-14,-1.,0.));
#4707 = FACE_BOUND('',#4708,.F.);
#4708 = EDGE_LOOP('',(#4709));
#4709 = ORIENTED_EDGE('',*,*,#4710,.T.);
#4710 = EDGE_CURVE('',#4711,#4711,#4713,.T.);
#4711 = VERTEX_POINT('',#4712);
#4712 = CARTESIAN_POINT('',(142.750078,232.830913,0.));
#4713 = CIRCLE('',#4714,0.5969);
#4714 = AXIS2_PLACEMENT_3D('',#4715,#4716,#4717);
#4715 = CARTESIAN_POINT('',(142.750078,233.427813,0.));
#4716 = DIRECTION('',(-0.,0.,-1.));
#4717 = DIRECTION('',(-0.,-1.,0.));
#4718 = FACE_BOUND('',#4719,.F.);
#4719 = EDGE_LOOP('',(#4720));
#4720 = ORIENTED_EDGE('',*,*,#4721,.T.);
#4721 = EDGE_CURVE('',#4722,#4722,#4724,.T.);
#4722 = VERTEX_POINT('',#4723);
#4723 = CARTESIAN_POINT('',(142.750078,240.015117,0.));
#4724 = CIRCLE('',#4725,0.5969);
#4725 = AXIS2_PLACEMENT_3D('',#4726,#4727,#4728);
#4726 = CARTESIAN_POINT('',(142.750078,240.612017,0.));
#4727 = DIRECTION('',(-0.,0.,-1.));
#4728 = DIRECTION('',(-0.,-1.,0.));
#4729 = FACE_BOUND('',#4730,.F.);
#4730 = EDGE_LOOP('',(#4731));
#4731 = ORIENTED_EDGE('',*,*,#4732,.T.);
#4732 = EDGE_CURVE('',#4733,#4733,#4735,.T.);
#4733 = VERTEX_POINT('',#4734);
#4734 = CARTESIAN_POINT('',(146.34218,236.423015,0.));
#4735 = CIRCLE('',#4736,0.5969);
#4736 = AXIS2_PLACEMENT_3D('',#4737,#4738,#4739);
#4737 = CARTESIAN_POINT('',(146.34218,237.019915,0.));
#4738 = DIRECTION('',(-0.,0.,-1.));
#4739 = DIRECTION('',(4.761552928532E-14,-1.,-0.));
#4740 = FACE_BOUND('',#4741,.F.);
#4741 = EDGE_LOOP('',(#4742));
#4742 = ORIENTED_EDGE('',*,*,#4743,.T.);
#4743 = EDGE_CURVE('',#4744,#4744,#4746,.T.);
#4744 = VERTEX_POINT('',#4745);
#4745 = CARTESIAN_POINT('',(151.937898,238.0431,0.));
#4746 = CIRCLE('',#4747,0.5969);
#4747 = AXIS2_PLACEMENT_3D('',#4748,#4749,#4750);
#4748 = CARTESIAN_POINT('',(151.937898,238.64,0.));
#4749 = DIRECTION('',(-0.,0.,-1.));
#4750 = DIRECTION('',(-4.761552928532E-14,-1.,0.));
#4751 = FACE_BOUND('',#4752,.F.);
#4752 = EDGE_LOOP('',(#4753));
#4753 = ORIENTED_EDGE('',*,*,#4754,.T.);
#4754 = EDGE_CURVE('',#4755,#4755,#4757,.T.);
#4755 = VERTEX_POINT('',#4756);
#4756 = CARTESIAN_POINT('',(155.53,234.450998,0.));
#4757 = CIRCLE('',#4758,0.5969);
#4758 = AXIS2_PLACEMENT_3D('',#4759,#4760,#4761);
#4759 = CARTESIAN_POINT('',(155.53,235.047898,0.));
#4760 = DIRECTION('',(-0.,0.,-1.));
#4761 = DIRECTION('',(-0.,-1.,0.));
#4762 = FACE_BOUND('',#4763,.F.);
#4763 = EDGE_LOOP('',(#4764));
#4764 = ORIENTED_EDGE('',*,*,#4765,.T.);
#4765 = EDGE_CURVE('',#4766,#4766,#4768,.T.);
#4766 = VERTEX_POINT('',#4767);
#4767 = CARTESIAN_POINT('',(155.53,241.635202,0.));
#4768 = CIRCLE('',#4769,0.5969);
#4769 = AXIS2_PLACEMENT_3D('',#4770,#4771,#4772);
#4770 = CARTESIAN_POINT('',(155.53,242.232102,0.));
#4771 = DIRECTION('',(-0.,0.,-1.));
#4772 = DIRECTION('',(-0.,-1.,0.));
#4773 = FACE_BOUND('',#4774,.F.);
#4774 = EDGE_LOOP('',(#4775));
#4775 = ORIENTED_EDGE('',*,*,#4776,.T.);
#4776 = EDGE_CURVE('',#4777,#4777,#4779,.T.);
#4777 = VERTEX_POINT('',#4778);
#4778 = CARTESIAN_POINT('',(159.122102,238.0431,0.));
#4779 = CIRCLE('',#4780,0.5969);
#4780 = AXIS2_PLACEMENT_3D('',#4781,#4782,#4783);
#4781 = CARTESIAN_POINT('',(159.122102,238.64,0.));
#4782 = DIRECTION('',(-0.,0.,-1.));
#4783 = DIRECTION('',(4.761552928532E-14,-1.,-0.));
#4784 = FACE_BOUND('',#4785,.F.);
#4785 = EDGE_LOOP('',(#4786));
#4786 = ORIENTED_EDGE('',*,*,#4787,.T.);
#4787 = EDGE_CURVE('',#4788,#4788,#4790,.T.);
#4788 = VERTEX_POINT('',#4789);
#4789 = CARTESIAN_POINT('',(165.447898,224.5431,0.));
#4790 = CIRCLE('',#4791,0.5969);
#4791 = AXIS2_PLACEMENT_3D('',#4792,#4793,#4794);
#4792 = CARTESIAN_POINT('',(165.447898,225.14,0.));
#4793 = DIRECTION('',(-0.,0.,-1.));
#4794 = DIRECTION('',(-0.,-1.,0.));
#4795 = FACE_BOUND('',#4796,.F.);
#4796 = EDGE_LOOP('',(#4797));
#4797 = ORIENTED_EDGE('',*,*,#4798,.T.);
#4798 = EDGE_CURVE('',#4799,#4799,#4801,.T.);
#4799 = VERTEX_POINT('',#4800);
#4800 = CARTESIAN_POINT('',(169.04,228.135202,0.));
#4801 = CIRCLE('',#4802,0.5969);
#4802 = AXIS2_PLACEMENT_3D('',#4803,#4804,#4805);
#4803 = CARTESIAN_POINT('',(169.04,228.732102,0.));
#4804 = DIRECTION('',(-0.,0.,-1.));
#4805 = DIRECTION('',(-0.,-1.,0.));
#4806 = FACE_BOUND('',#4807,.F.);
#4807 = EDGE_LOOP('',(#4808));
#4808 = ORIENTED_EDGE('',*,*,#4809,.T.);
#4809 = EDGE_CURVE('',#4810,#4810,#4812,.T.);
#4810 = VERTEX_POINT('',#4811);
#4811 = CARTESIAN_POINT('',(172.632102,224.5431,0.));
#4812 = CIRCLE('',#4813,0.5969);
#4813 = AXIS2_PLACEMENT_3D('',#4814,#4815,#4816);
#4814 = CARTESIAN_POINT('',(172.632102,225.14,0.));
#4815 = DIRECTION('',(-0.,0.,-1.));
#4816 = DIRECTION('',(-0.,-1.,0.));
#4817 = FACE_BOUND('',#4818,.F.);
#4818 = EDGE_LOOP('',(#4819));
#4819 = ORIENTED_EDGE('',*,*,#4820,.T.);
#4820 = EDGE_CURVE('',#4821,#4821,#4823,.T.);
#4821 = VERTEX_POINT('',#4822);
#4822 = CARTESIAN_POINT('',(179.13,276.1,0.));
#4823 = CIRCLE('',#4824,0.5);
#4824 = AXIS2_PLACEMENT_3D('',#4825,#4826,#4827);
#4825 = CARTESIAN_POINT('',(179.13,276.6,0.));
#4826 = DIRECTION('',(-0.,0.,-1.));
#4827 = DIRECTION('',(-0.,-1.,0.));
#4828 = FACE_BOUND('',#4829,.F.);
#4829 = EDGE_LOOP('',(#4830));
#4830 = ORIENTED_EDGE('',*,*,#4831,.T.);
#4831 = EDGE_CURVE('',#4832,#4832,#4834,.T.);
#4832 = VERTEX_POINT('',#4833);
#4833 = CARTESIAN_POINT('',(181.67,276.1,0.));
#4834 = CIRCLE('',#4835,0.5);
#4835 = AXIS2_PLACEMENT_3D('',#4836,#4837,#4838);
#4836 = CARTESIAN_POINT('',(181.67,276.6,0.));
#4837 = DIRECTION('',(-0.,0.,-1.));
#4838 = DIRECTION('',(-0.,-1.,0.));
#4839 = FACE_BOUND('',#4840,.F.);
#4840 = EDGE_LOOP('',(#4841));
#4841 = ORIENTED_EDGE('',*,*,#4842,.T.);
#4842 = EDGE_CURVE('',#4843,#4843,#4845,.T.);
#4843 = VERTEX_POINT('',#4844);
#4844 = CARTESIAN_POINT('',(189.63,276.1,0.));
#4845 = CIRCLE('',#4846,0.5);
#4846 = AXIS2_PLACEMENT_3D('',#4847,#4848,#4849);
#4847 = CARTESIAN_POINT('',(189.63,276.6,0.));
#4848 = DIRECTION('',(-0.,0.,-1.));
#4849 = DIRECTION('',(-0.,-1.,0.));
#4850 = FACE_BOUND('',#4851,.F.);
#4851 = EDGE_LOOP('',(#4852));
#4852 = ORIENTED_EDGE('',*,*,#4853,.T.);
#4853 = EDGE_CURVE('',#4854,#4854,#4856,.T.);
#4854 = VERTEX_POINT('',#4855);
#4855 = CARTESIAN_POINT('',(192.17,276.1,0.));
#4856 = CIRCLE('',#4857,0.5);
#4857 = AXIS2_PLACEMENT_3D('',#4858,#4859,#4860);
#4858 = CARTESIAN_POINT('',(192.17,276.6,0.));
#4859 = DIRECTION('',(-0.,0.,-1.));
#4860 = DIRECTION('',(-0.,-1.,0.));
#4861 = FACE_BOUND('',#4862,.F.);
#4862 = EDGE_LOOP('',(#4863));
#4863 = ORIENTED_EDGE('',*,*,#4864,.T.);
#4864 = EDGE_CURVE('',#4865,#4865,#4867,.T.);
#4865 = VERTEX_POINT('',#4866);
#4866 = CARTESIAN_POINT('',(185.27,285.13,0.));
#4867 = CIRCLE('',#4868,0.5);
#4868 = AXIS2_PLACEMENT_3D('',#4869,#4870,#4871);
#4869 = CARTESIAN_POINT('',(185.27,285.63,0.));
#4870 = DIRECTION('',(-0.,0.,-1.));
#4871 = DIRECTION('',(-0.,-1.,0.));
#4872 = FACE_BOUND('',#4873,.F.);
#4873 = EDGE_LOOP('',(#4874));
#4874 = ORIENTED_EDGE('',*,*,#4875,.T.);
#4875 = EDGE_CURVE('',#4876,#4876,#4878,.T.);
#4876 = VERTEX_POINT('',#4877);
#4877 = CARTESIAN_POINT('',(187.81,285.13,0.));
#4878 = CIRCLE('',#4879,0.5);
#4879 = AXIS2_PLACEMENT_3D('',#4880,#4881,#4882);
#4880 = CARTESIAN_POINT('',(187.81,285.63,0.));
#4881 = DIRECTION('',(-0.,0.,-1.));
#4882 = DIRECTION('',(-0.,-1.,0.));
#4883 = FACE_BOUND('',#4884,.F.);
#4884 = EDGE_LOOP('',(#4885));
#4885 = ORIENTED_EDGE('',*,*,#4886,.T.);
#4886 = EDGE_CURVE('',#4887,#4887,#4889,.T.);
#4887 = VERTEX_POINT('',#4888);
#4888 = CARTESIAN_POINT('',(205.15,226.405202,0.));
#4889 = CIRCLE('',#4890,0.5969);
#4890 = AXIS2_PLACEMENT_3D('',#4891,#4892,#4893);
#4891 = CARTESIAN_POINT('',(205.15,227.002102,0.));
#4892 = DIRECTION('',(-0.,0.,-1.));
#4893 = DIRECTION('',(-0.,-1.,0.));
#4894 = FACE_BOUND('',#4895,.F.);
#4895 = EDGE_LOOP('',(#4896));
#4896 = ORIENTED_EDGE('',*,*,#4897,.T.);
#4897 = EDGE_CURVE('',#4898,#4898,#4900,.T.);
#4898 = VERTEX_POINT('',#4899);
#4899 = CARTESIAN_POINT('',(215.057898,236.4131,0.));
#4900 = CIRCLE('',#4901,0.5969);
#4901 = AXIS2_PLACEMENT_3D('',#4902,#4903,#4904);
#4902 = CARTESIAN_POINT('',(215.057898,237.01,0.));
#4903 = DIRECTION('',(-0.,0.,-1.));
#4904 = DIRECTION('',(-0.,-1.,0.));
#4905 = FACE_BOUND('',#4906,.F.);
#4906 = EDGE_LOOP('',(#4907));
#4907 = ORIENTED_EDGE('',*,*,#4908,.T.);
#4908 = EDGE_CURVE('',#4909,#4909,#4911,.T.);
#4909 = VERTEX_POINT('',#4910);
#4910 = CARTESIAN_POINT('',(218.65,232.820998,0.));
#4911 = CIRCLE('',#4912,0.5969);
#4912 = AXIS2_PLACEMENT_3D('',#4913,#4914,#4915);
#4913 = CARTESIAN_POINT('',(218.65,233.417898,0.));
#4914 = DIRECTION('',(-0.,0.,-1.));
#4915 = DIRECTION('',(-0.,-1.,0.));
#4916 = FACE_BOUND('',#4917,.F.);
#4917 = EDGE_LOOP('',(#4918));
#4918 = ORIENTED_EDGE('',*,*,#4919,.T.);
#4919 = EDGE_CURVE('',#4920,#4920,#4922,.T.);
#4920 = VERTEX_POINT('',#4921);
#4921 = CARTESIAN_POINT('',(222.242102,236.4131,0.));
#4922 = CIRCLE('',#4923,0.5969);
#4923 = AXIS2_PLACEMENT_3D('',#4924,#4925,#4926);
#4924 = CARTESIAN_POINT('',(222.242102,237.01,0.));
#4925 = DIRECTION('',(-0.,0.,-1.));
#4926 = DIRECTION('',(-0.,-1.,0.));
#4927 = FACE_BOUND('',#4928,.F.);
#4928 = EDGE_LOOP('',(#4929));
#4929 = ORIENTED_EDGE('',*,*,#4930,.T.);
#4930 = EDGE_CURVE('',#4931,#4931,#4933,.T.);
#4931 = VERTEX_POINT('',#4932);
#4932 = CARTESIAN_POINT('',(218.65,240.005202,0.));
#4933 = CIRCLE('',#4934,0.5969);
#4934 = AXIS2_PLACEMENT_3D('',#4935,#4936,#4937);
#4935 = CARTESIAN_POINT('',(218.65,240.602102,0.));
#4936 = DIRECTION('',(-0.,0.,-1.));
#4937 = DIRECTION('',(-0.,-1.,0.));
#4938 = FACE_BOUND('',#4939,.F.);
#4939 = EDGE_LOOP('',(#4940));
#4940 = ORIENTED_EDGE('',*,*,#4941,.T.);
#4941 = EDGE_CURVE('',#4942,#4942,#4944,.T.);
#4942 = VERTEX_POINT('',#4943);
#4943 = CARTESIAN_POINT('',(232.,234.920998,0.));
#4944 = CIRCLE('',#4945,0.5969);
#4945 = AXIS2_PLACEMENT_3D('',#4946,#4947,#4948);
#4946 = CARTESIAN_POINT('',(232.,235.517898,0.));
#4947 = DIRECTION('',(-0.,0.,-1.));
#4948 = DIRECTION('',(-0.,-1.,0.));
#4949 = FACE_BOUND('',#4950,.F.);
#4950 = EDGE_LOOP('',(#4951));
#4951 = ORIENTED_EDGE('',*,*,#4952,.T.);
#4952 = EDGE_CURVE('',#4953,#4953,#4955,.T.);
#4953 = VERTEX_POINT('',#4954);
#4954 = CARTESIAN_POINT('',(228.407898,238.5131,0.));
#4955 = CIRCLE('',#4956,0.5969);
#4956 = AXIS2_PLACEMENT_3D('',#4957,#4958,#4959);
#4957 = CARTESIAN_POINT('',(228.407898,239.11,0.));
#4958 = DIRECTION('',(-0.,0.,-1.));
#4959 = DIRECTION('',(-0.,-1.,0.));
#4960 = FACE_BOUND('',#4961,.F.);
#4961 = EDGE_LOOP('',(#4962));
#4962 = ORIENTED_EDGE('',*,*,#4963,.T.);
#4963 = EDGE_CURVE('',#4964,#4964,#4966,.T.);
#4964 = VERTEX_POINT('',#4965);
#4965 = CARTESIAN_POINT('',(235.592102,238.5131,0.));
#4966 = CIRCLE('',#4967,0.5969);
#4967 = AXIS2_PLACEMENT_3D('',#4968,#4969,#4970);
#4968 = CARTESIAN_POINT('',(235.592102,239.11,0.));
#4969 = DIRECTION('',(-0.,0.,-1.));
#4970 = DIRECTION('',(-0.,-1.,0.));
#4971 = FACE_BOUND('',#4972,.F.);
#4972 = EDGE_LOOP('',(#4973));
#4973 = ORIENTED_EDGE('',*,*,#4974,.T.);
#4974 = EDGE_CURVE('',#4975,#4975,#4977,.T.);
#4975 = VERTEX_POINT('',#4976);
#4976 = CARTESIAN_POINT('',(241.957898,225.0131,0.));
#4977 = CIRCLE('',#4978,0.5969);
#4978 = AXIS2_PLACEMENT_3D('',#4979,#4980,#4981);
#4979 = CARTESIAN_POINT('',(241.957898,225.61,0.));
#4980 = DIRECTION('',(-0.,0.,-1.));
#4981 = DIRECTION('',(-0.,-1.,0.));
#4982 = FACE_BOUND('',#4983,.F.);
#4983 = EDGE_LOOP('',(#4984));
#4984 = ORIENTED_EDGE('',*,*,#4985,.T.);
#4985 = EDGE_CURVE('',#4986,#4986,#4988,.T.);
#4986 = VERTEX_POINT('',#4987);
#4987 = CARTESIAN_POINT('',(249.142102,225.0131,0.));
#4988 = CIRCLE('',#4989,0.5969);
#4989 = AXIS2_PLACEMENT_3D('',#4990,#4991,#4992);
#4990 = CARTESIAN_POINT('',(249.142102,225.61,0.));
#4991 = DIRECTION('',(-0.,0.,-1.));
#4992 = DIRECTION('',(-0.,-1.,0.));
#4993 = FACE_BOUND('',#4994,.F.);
#4994 = EDGE_LOOP('',(#4995));
#4995 = ORIENTED_EDGE('',*,*,#4996,.T.);
#4996 = EDGE_CURVE('',#4997,#4997,#4999,.T.);
#4997 = VERTEX_POINT('',#4998);
#4998 = CARTESIAN_POINT('',(245.55,228.605202,0.));
#4999 = CIRCLE('',#5000,0.5969);
#5000 = AXIS2_PLACEMENT_3D('',#5001,#5002,#5003);
#5001 = CARTESIAN_POINT('',(245.55,229.202102,0.));
#5002 = DIRECTION('',(-0.,0.,-1.));
#5003 = DIRECTION('',(-0.,-1.,0.));
#5004 = FACE_BOUND('',#5005,.F.);
#5005 = EDGE_LOOP('',(#5006));
#5006 = ORIENTED_EDGE('',*,*,#5007,.T.);
#5007 = EDGE_CURVE('',#5008,#5008,#5010,.T.);
#5008 = VERTEX_POINT('',#5009);
#5009 = CARTESIAN_POINT('',(232.,242.105202,0.));
#5010 = CIRCLE('',#5011,0.5969);
#5011 = AXIS2_PLACEMENT_3D('',#5012,#5013,#5014);
#5012 = CARTESIAN_POINT('',(232.,242.702102,0.));
#5013 = DIRECTION('',(-0.,0.,-1.));
#5014 = DIRECTION('',(-0.,-1.,0.));
#5015 = FACE_BOUND('',#5016,.F.);
#5016 = EDGE_LOOP('',(#5017));
#5017 = ORIENTED_EDGE('',*,*,#5018,.T.);
#5018 = EDGE_CURVE('',#5019,#5019,#5021,.T.);
#5019 = VERTEX_POINT('',#5020);
#5020 = CARTESIAN_POINT('',(256.,248.4,0.));
#5021 = CIRCLE('',#5022,1.6);
#5022 = AXIS2_PLACEMENT_3D('',#5023,#5024,#5025);
#5023 = CARTESIAN_POINT('',(256.,250.,0.));
#5024 = DIRECTION('',(-0.,0.,-1.));
#5025 = DIRECTION('',(-0.,-1.,0.));
#5026 = FACE_BOUND('',#5027,.F.);
#5027 = EDGE_LOOP('',(#5028));
#5028 = ORIENTED_EDGE('',*,*,#5029,.T.);
#5029 = EDGE_CURVE('',#5030,#5030,#5032,.T.);
#5030 = VERTEX_POINT('',#5031);
#5031 = CARTESIAN_POINT('',(200.79,276.73,0.));
#5032 = CIRCLE('',#5033,0.5);
#5033 = AXIS2_PLACEMENT_3D('',#5034,#5035,#5036);
#5034 = CARTESIAN_POINT('',(200.79,277.23,0.));
#5035 = DIRECTION('',(-0.,0.,-1.));
#5036 = DIRECTION('',(-0.,-1.,0.));
#5037 = FACE_BOUND('',#5038,.F.);
#5038 = EDGE_LOOP('',(#5039));
#5039 = ORIENTED_EDGE('',*,*,#5040,.T.);
#5040 = EDGE_CURVE('',#5041,#5041,#5043,.T.);
#5041 = VERTEX_POINT('',#5042);
#5042 = CARTESIAN_POINT('',(203.33,276.73,0.));
#5043 = CIRCLE('',#5044,0.5);
#5044 = AXIS2_PLACEMENT_3D('',#5045,#5046,#5047);
#5045 = CARTESIAN_POINT('',(203.33,277.23,0.));
#5046 = DIRECTION('',(-0.,0.,-1.));
#5047 = DIRECTION('',(-0.,-1.,0.));
#5048 = FACE_BOUND('',#5049,.F.);
#5049 = EDGE_LOOP('',(#5050));
#5050 = ORIENTED_EDGE('',*,*,#5051,.T.);
#5051 = EDGE_CURVE('',#5052,#5052,#5054,.T.);
#5052 = VERTEX_POINT('',#5053);
#5053 = CARTESIAN_POINT('',(241.4,277.53,0.));
#5054 = CIRCLE('',#5055,0.5);
#5055 = AXIS2_PLACEMENT_3D('',#5056,#5057,#5058);
#5056 = CARTESIAN_POINT('',(241.4,278.03,0.));
#5057 = DIRECTION('',(-0.,0.,-1.));
#5058 = DIRECTION('',(-0.,-1.,0.));
#5059 = FACE_BOUND('',#5060,.F.);
#5060 = EDGE_LOOP('',(#5061));
#5061 = ORIENTED_EDGE('',*,*,#5062,.T.);
#5062 = EDGE_CURVE('',#5063,#5063,#5065,.T.);
#5063 = VERTEX_POINT('',#5064);
#5064 = CARTESIAN_POINT('',(243.94,277.53,0.));
#5065 = CIRCLE('',#5066,0.5);
#5066 = AXIS2_PLACEMENT_3D('',#5067,#5068,#5069);
#5067 = CARTESIAN_POINT('',(243.94,278.03,0.));
#5068 = DIRECTION('',(-0.,0.,-1.));
#5069 = DIRECTION('',(-0.,-1.,0.));
#5070 = FACE_BOUND('',#5071,.F.);
#5071 = EDGE_LOOP('',(#5072));
#5072 = ORIENTED_EDGE('',*,*,#5073,.T.);
#5073 = EDGE_CURVE('',#5074,#5074,#5076,.T.);
#5074 = VERTEX_POINT('',#5075);
#5075 = CARTESIAN_POINT('',(256.,294.4,0.));
#5076 = CIRCLE('',#5077,1.6);
#5077 = AXIS2_PLACEMENT_3D('',#5078,#5079,#5080);
#5078 = CARTESIAN_POINT('',(256.,296.,0.));
#5079 = DIRECTION('',(-0.,0.,-1.));
#5080 = DIRECTION('',(-0.,-1.,0.));
#5081 = PLANE('',#5082);
#5082 = AXIS2_PLACEMENT_3D('',#5083,#5084,#5085);
#5083 = CARTESIAN_POINT('',(0.,0.,0.));
#5084 = DIRECTION('',(0.,0.,1.));
#5085 = DIRECTION('',(1.,0.,-0.));
#5086 = ADVANCED_FACE('',(#5087,#5098,#5109,#5120,#5131,#5142,#5153,
    #5164,#5175,#5186,#5197,#5208,#5219,#5230,#5241,#5252,#5263,#5274,
    #5285,#5296,#5307,#5318,#5329,#5340,#5351,#5362,#5373,#5384,#5395,
    #5406,#5417,#5428,#5439,#5450,#5461,#5472,#5483,#5494,#5505,#5516,
    #5527,#5538,#5549,#5560,#5571,#5582,#5593,#5604,#5615,#5626,#5637,
    #5648,#5659,#5670,#5681,#5692,#5703,#5714,#5725,#5736,#5747,#5758,
    #5769,#5780,#5791,#5802,#5813,#5824,#5835,#5846,#5857,#5868,#5879,
    #5890,#5901,#5912,#5923,#5934,#5945,#5956,#5967,#5978,#5989,#6000,
    #6011,#6022,#6033,#6044,#6055,#6066,#6077,#6088,#6099,#6110,#6121,
    #6132,#6143,#6154,#6165,#6176,#6187,#6198,#6209,#6220,#6231,#6242,
    #6253,#6264,#6275,#6286,#6297,#6308,#6319,#6330,#6341,#6352,#6363,
    #6374,#6385,#6396,#6407,#6418,#6429,#6440,#6451,#6462,#6473,#6484,
    #6495,#6506,#6517,#6528,#6539,#6550,#6561,#6572,#6583,#6594,#6605,
    #6616,#6627,#6638,#6649,#6660,#6671,#6682,#6693,#6704,#6715,#6726,
    #6737,#6748,#6759,#6770,#6781,#6792,#6803,#6814,#6825,#6836,#6847,
    #6858,#6869,#6880,#6891,#6902,#6913,#6924,#6935,#6946,#6957,#6968,
    #6979,#6990,#7001,#7012,#7023,#7034,#7045,#7056,#7067,#7078,#7089,
    #7100,#7111,#7122,#7133,#7144,#7155,#7166,#7177,#7188,#7199,#7210,
    #7221,#7232,#7243,#7254,#7265,#7276,#7287,#7298,#7309,#7320,#7331,
    #7342,#7353,#7364,#7375,#7386,#7397,#7408,#7419,#7430,#7441,#7452,
    #7463,#7474,#7485,#7496,#7507,#7518,#7529,#7540,#7551,#7562,#7573,
    #7584,#7595,#7606,#7617,#7628,#7639,#7650,#7661,#7672,#7683,#7694,
    #7705,#7716,#7727,#7738,#7749,#7760,#7771,#7782,#7793,#7804,#7815,
    #7826,#7837,#7848,#7859,#7870,#7881,#7892,#7903,#7914,#7925,#7936,
    #7947,#7958,#7969,#7980,#7991,#8002,#8013,#8024,#8035,#8046,#8057,
    #8068,#8079,#8090,#8101,#8112,#8123,#8134,#8145,#8156,#8167,#8178,
    #8189,#8200,#8211,#8222,#8233,#8244,#8255,#8266,#8277,#8288,#8299,
    #8310,#8321,#8332,#8368,#8404,#8440,#8476,#8512,#8523,#8534,#8545,
    #8556,#8567,#8578,#8589,#8600,#8611,#8622,#8633,#8644,#8655,#8666,
    #8677,#8688,#8699,#8710,#8721,#8732,#8743,#8754,#8765,#8776,#8787,
    #8798,#8809,#8820,#8831,#8842,#8853,#8864,#8875,#8886,#8897,#8908,
    #8919,#8930,#8941,#8952,#8963,#8974,#8985,#8996,#9007,#9018,#9029,
    #9040,#9051,#9062,#9073,#9084,#9095,#9106,#9117,#9128,#9139,#9150,
    #9161,#9172,#9183,#9194,#9205,#9216,#9227,#9238,#9249,#9260,#9271,
    #9282,#9293,#9304,#9315,#9326,#9337,#9348,#9359,#9370,#9381,#9392,
    #9403,#9414,#9425,#9436,#9447,#9458,#9469,#9480,#9491,#9502,#9513,
    #9524,#9535,#9546,#9557,#9568,#9579,#9590,#9601,#9612,#9623,#9634,
    #9645,#9656,#9667,#9678,#9689,#9700,#9711,#9722,#9733,#9744,#9755,
    #9766,#9777,#9788,#9799,#9810,#9821,#9832,#9843,#9854,#9865,#9876,
    #9887,#9898,#9909,#9920,#9931,#9942,#9953,#9964,#9975,#9986,#9997,
    #10008,#10019),#10030,.T.);
#5087 = FACE_BOUND('',#5088,.T.);
#5088 = EDGE_LOOP('',(#5089,#5090,#5091,#5097));
#5089 = ORIENTED_EDGE('',*,*,#49,.F.);
#5090 = ORIENTED_EDGE('',*,*,#89,.F.);
#5091 = ORIENTED_EDGE('',*,*,#5092,.F.);
#5092 = EDGE_CURVE('',#112,#82,#5093,.T.);
#5093 = LINE('',#5094,#5095);
#5094 = CARTESIAN_POINT('',(0.,300.,1.509994));
#5095 = VECTOR('',#5096,1.);
#5096 = DIRECTION('',(1.,0.,0.));
#5097 = ORIENTED_EDGE('',*,*,#111,.F.);
#5098 = FACE_BOUND('',#5099,.T.);
#5099 = EDGE_LOOP('',(#5100));
#5100 = ORIENTED_EDGE('',*,*,#5101,.T.);
#5101 = EDGE_CURVE('',#5102,#5102,#5104,.T.);
#5102 = VERTEX_POINT('',#5103);
#5103 = CARTESIAN_POINT('',(4.,2.4,1.509994));
#5104 = CIRCLE('',#5105,1.6);
#5105 = AXIS2_PLACEMENT_3D('',#5106,#5107,#5108);
#5106 = CARTESIAN_POINT('',(4.,4.,1.509994));
#5107 = DIRECTION('',(-0.,0.,-1.));
#5108 = DIRECTION('',(-0.,-1.,0.));
#5109 = FACE_BOUND('',#5110,.T.);
#5110 = EDGE_LOOP('',(#5111));
#5111 = ORIENTED_EDGE('',*,*,#5112,.T.);
#5112 = EDGE_CURVE('',#5113,#5113,#5115,.T.);
#5113 = VERTEX_POINT('',#5114);
#5114 = CARTESIAN_POINT('',(4.95,15.35,1.509994));
#5115 = CIRCLE('',#5116,0.5);
#5116 = AXIS2_PLACEMENT_3D('',#5117,#5118,#5119);
#5117 = CARTESIAN_POINT('',(4.95,15.85,1.509994));
#5118 = DIRECTION('',(-0.,0.,-1.));
#5119 = DIRECTION('',(-0.,-1.,0.));
#5120 = FACE_BOUND('',#5121,.T.);
#5121 = EDGE_LOOP('',(#5122));
#5122 = ORIENTED_EDGE('',*,*,#5123,.T.);
#5123 = EDGE_CURVE('',#5124,#5124,#5126,.T.);
#5124 = VERTEX_POINT('',#5125);
#5125 = CARTESIAN_POINT('',(4.95,17.89,1.509994));
#5126 = CIRCLE('',#5127,0.5);
#5127 = AXIS2_PLACEMENT_3D('',#5128,#5129,#5130);
#5128 = CARTESIAN_POINT('',(4.95,18.39,1.509994));
#5129 = DIRECTION('',(-0.,0.,-1.));
#5130 = DIRECTION('',(-0.,-1.,0.));
#5131 = FACE_BOUND('',#5132,.T.);
#5132 = EDGE_LOOP('',(#5133));
#5133 = ORIENTED_EDGE('',*,*,#5134,.T.);
#5134 = EDGE_CURVE('',#5135,#5135,#5137,.T.);
#5135 = VERTEX_POINT('',#5136);
#5136 = CARTESIAN_POINT('',(24.23,14.,1.509994));
#5137 = CIRCLE('',#5138,0.5);
#5138 = AXIS2_PLACEMENT_3D('',#5139,#5140,#5141);
#5139 = CARTESIAN_POINT('',(24.23,14.5,1.509994));
#5140 = DIRECTION('',(-0.,0.,-1.));
#5141 = DIRECTION('',(-0.,-1.,0.));
#5142 = FACE_BOUND('',#5143,.T.);
#5143 = EDGE_LOOP('',(#5144));
#5144 = ORIENTED_EDGE('',*,*,#5145,.T.);
#5145 = EDGE_CURVE('',#5146,#5146,#5148,.T.);
#5146 = VERTEX_POINT('',#5147);
#5147 = CARTESIAN_POINT('',(26.77,14.,1.509994));
#5148 = CIRCLE('',#5149,0.5);
#5149 = AXIS2_PLACEMENT_3D('',#5150,#5151,#5152);
#5150 = CARTESIAN_POINT('',(26.77,14.5,1.509994));
#5151 = DIRECTION('',(-0.,0.,-1.));
#5152 = DIRECTION('',(-0.,-1.,0.));
#5153 = FACE_BOUND('',#5154,.T.);
#5154 = EDGE_LOOP('',(#5155));
#5155 = ORIENTED_EDGE('',*,*,#5156,.T.);
#5156 = EDGE_CURVE('',#5157,#5157,#5159,.T.);
#5157 = VERTEX_POINT('',#5158);
#5158 = CARTESIAN_POINT('',(24.23,29.,1.509994));
#5159 = CIRCLE('',#5160,0.5);
#5160 = AXIS2_PLACEMENT_3D('',#5161,#5162,#5163);
#5161 = CARTESIAN_POINT('',(24.23,29.5,1.509994));
#5162 = DIRECTION('',(-0.,0.,-1.));
#5163 = DIRECTION('',(-0.,-1.,0.));
#5164 = FACE_BOUND('',#5165,.T.);
#5165 = EDGE_LOOP('',(#5166));
#5166 = ORIENTED_EDGE('',*,*,#5167,.T.);
#5167 = EDGE_CURVE('',#5168,#5168,#5170,.T.);
#5168 = VERTEX_POINT('',#5169);
#5169 = CARTESIAN_POINT('',(26.77,29.,1.509994));
#5170 = CIRCLE('',#5171,0.5);
#5171 = AXIS2_PLACEMENT_3D('',#5172,#5173,#5174);
#5172 = CARTESIAN_POINT('',(26.77,29.5,1.509994));
#5173 = DIRECTION('',(-0.,0.,-1.));
#5174 = DIRECTION('',(-0.,-1.,0.));
#5175 = FACE_BOUND('',#5176,.T.);
#5176 = EDGE_LOOP('',(#5177));
#5177 = ORIENTED_EDGE('',*,*,#5178,.T.);
#5178 = EDGE_CURVE('',#5179,#5179,#5181,.T.);
#5179 = VERTEX_POINT('',#5180);
#5180 = CARTESIAN_POINT('',(39.23,14.,1.509994));
#5181 = CIRCLE('',#5182,0.5);
#5182 = AXIS2_PLACEMENT_3D('',#5183,#5184,#5185);
#5183 = CARTESIAN_POINT('',(39.23,14.5,1.509994));
#5184 = DIRECTION('',(-0.,0.,-1.));
#5185 = DIRECTION('',(-0.,-1.,0.));
#5186 = FACE_BOUND('',#5187,.T.);
#5187 = EDGE_LOOP('',(#5188));
#5188 = ORIENTED_EDGE('',*,*,#5189,.T.);
#5189 = EDGE_CURVE('',#5190,#5190,#5192,.T.);
#5190 = VERTEX_POINT('',#5191);
#5191 = CARTESIAN_POINT('',(41.77,14.,1.509994));
#5192 = CIRCLE('',#5193,0.5);
#5193 = AXIS2_PLACEMENT_3D('',#5194,#5195,#5196);
#5194 = CARTESIAN_POINT('',(41.77,14.5,1.509994));
#5195 = DIRECTION('',(-0.,0.,-1.));
#5196 = DIRECTION('',(-0.,-1.,0.));
#5197 = FACE_BOUND('',#5198,.T.);
#5198 = EDGE_LOOP('',(#5199));
#5199 = ORIENTED_EDGE('',*,*,#5200,.T.);
#5200 = EDGE_CURVE('',#5201,#5201,#5203,.T.);
#5201 = VERTEX_POINT('',#5202);
#5202 = CARTESIAN_POINT('',(47.5626,20.5256,1.509994));
#5203 = CIRCLE('',#5204,0.127);
#5204 = AXIS2_PLACEMENT_3D('',#5205,#5206,#5207);
#5205 = CARTESIAN_POINT('',(47.5626,20.6526,1.509994));
#5206 = DIRECTION('',(-0.,0.,-1.));
#5207 = DIRECTION('',(-0.,-1.,0.));
#5208 = FACE_BOUND('',#5209,.T.);
#5209 = EDGE_LOOP('',(#5210));
#5210 = ORIENTED_EDGE('',*,*,#5211,.T.);
#5211 = EDGE_CURVE('',#5212,#5212,#5214,.T.);
#5212 = VERTEX_POINT('',#5213);
#5213 = CARTESIAN_POINT('',(48.35,20.5256,1.509994));
#5214 = CIRCLE('',#5215,0.127);
#5215 = AXIS2_PLACEMENT_3D('',#5216,#5217,#5218);
#5216 = CARTESIAN_POINT('',(48.35,20.6526,1.509994));
#5217 = DIRECTION('',(-0.,0.,-1.));
#5218 = DIRECTION('',(5.594824691024E-14,-1.,-0.));
#5219 = FACE_BOUND('',#5220,.T.);
#5220 = EDGE_LOOP('',(#5221));
#5221 = ORIENTED_EDGE('',*,*,#5222,.T.);
#5222 = EDGE_CURVE('',#5223,#5223,#5225,.T.);
#5223 = VERTEX_POINT('',#5224);
#5224 = CARTESIAN_POINT('',(54.13,14.2,1.509994));
#5225 = CIRCLE('',#5226,0.5);
#5226 = AXIS2_PLACEMENT_3D('',#5227,#5228,#5229);
#5227 = CARTESIAN_POINT('',(54.13,14.7,1.509994));
#5228 = DIRECTION('',(-0.,0.,-1.));
#5229 = DIRECTION('',(-0.,-1.,0.));
#5230 = FACE_BOUND('',#5231,.T.);
#5231 = EDGE_LOOP('',(#5232));
#5232 = ORIENTED_EDGE('',*,*,#5233,.T.);
#5233 = EDGE_CURVE('',#5234,#5234,#5236,.T.);
#5234 = VERTEX_POINT('',#5235);
#5235 = CARTESIAN_POINT('',(56.67,14.2,1.509994));
#5236 = CIRCLE('',#5237,0.5);
#5237 = AXIS2_PLACEMENT_3D('',#5238,#5239,#5240);
#5238 = CARTESIAN_POINT('',(56.67,14.7,1.509994));
#5239 = DIRECTION('',(-0.,0.,-1.));
#5240 = DIRECTION('',(-0.,-1.,0.));
#5241 = FACE_BOUND('',#5242,.T.);
#5242 = EDGE_LOOP('',(#5243));
#5243 = ORIENTED_EDGE('',*,*,#5244,.T.);
#5244 = EDGE_CURVE('',#5245,#5245,#5247,.T.);
#5245 = VERTEX_POINT('',#5246);
#5246 = CARTESIAN_POINT('',(49.1374,20.5256,1.509994));
#5247 = CIRCLE('',#5248,0.127);
#5248 = AXIS2_PLACEMENT_3D('',#5249,#5250,#5251);
#5249 = CARTESIAN_POINT('',(49.1374,20.6526,1.509994));
#5250 = DIRECTION('',(-0.,0.,-1.));
#5251 = DIRECTION('',(-0.,-1.,0.));
#5252 = FACE_BOUND('',#5253,.T.);
#5253 = EDGE_LOOP('',(#5254));
#5254 = ORIENTED_EDGE('',*,*,#5255,.T.);
#5255 = EDGE_CURVE('',#5256,#5256,#5258,.T.);
#5256 = VERTEX_POINT('',#5257);
#5257 = CARTESIAN_POINT('',(39.23,29.,1.509994));
#5258 = CIRCLE('',#5259,0.5);
#5259 = AXIS2_PLACEMENT_3D('',#5260,#5261,#5262);
#5260 = CARTESIAN_POINT('',(39.23,29.5,1.509994));
#5261 = DIRECTION('',(-0.,0.,-1.));
#5262 = DIRECTION('',(-0.,-1.,0.));
#5263 = FACE_BOUND('',#5264,.T.);
#5264 = EDGE_LOOP('',(#5265));
#5265 = ORIENTED_EDGE('',*,*,#5266,.T.);
#5266 = EDGE_CURVE('',#5267,#5267,#5269,.T.);
#5267 = VERTEX_POINT('',#5268);
#5268 = CARTESIAN_POINT('',(47.5626,21.313,1.509994));
#5269 = CIRCLE('',#5270,0.127);
#5270 = AXIS2_PLACEMENT_3D('',#5271,#5272,#5273);
#5271 = CARTESIAN_POINT('',(47.5626,21.44,1.509994));
#5272 = DIRECTION('',(-0.,0.,-1.));
#5273 = DIRECTION('',(-0.,-1.,0.));
#5274 = FACE_BOUND('',#5275,.T.);
#5275 = EDGE_LOOP('',(#5276));
#5276 = ORIENTED_EDGE('',*,*,#5277,.T.);
#5277 = EDGE_CURVE('',#5278,#5278,#5280,.T.);
#5278 = VERTEX_POINT('',#5279);
#5279 = CARTESIAN_POINT('',(48.35,21.313,1.509994));
#5280 = CIRCLE('',#5281,0.127);
#5281 = AXIS2_PLACEMENT_3D('',#5282,#5283,#5284);
#5282 = CARTESIAN_POINT('',(48.35,21.44,1.509994));
#5283 = DIRECTION('',(-0.,0.,-1.));
#5284 = DIRECTION('',(5.594824691024E-14,-1.,-0.));
#5285 = FACE_BOUND('',#5286,.T.);
#5286 = EDGE_LOOP('',(#5287));
#5287 = ORIENTED_EDGE('',*,*,#5288,.T.);
#5288 = EDGE_CURVE('',#5289,#5289,#5291,.T.);
#5289 = VERTEX_POINT('',#5290);
#5290 = CARTESIAN_POINT('',(47.5626,22.1004,1.509994));
#5291 = CIRCLE('',#5292,0.127);
#5292 = AXIS2_PLACEMENT_3D('',#5293,#5294,#5295);
#5293 = CARTESIAN_POINT('',(47.5626,22.2274,1.509994));
#5294 = DIRECTION('',(-0.,0.,-1.));
#5295 = DIRECTION('',(-0.,-1.,0.));
#5296 = FACE_BOUND('',#5297,.T.);
#5297 = EDGE_LOOP('',(#5298));
#5298 = ORIENTED_EDGE('',*,*,#5299,.T.);
#5299 = EDGE_CURVE('',#5300,#5300,#5302,.T.);
#5300 = VERTEX_POINT('',#5301);
#5301 = CARTESIAN_POINT('',(48.35,22.1004,1.509994));
#5302 = CIRCLE('',#5303,0.127);
#5303 = AXIS2_PLACEMENT_3D('',#5304,#5305,#5306);
#5304 = CARTESIAN_POINT('',(48.35,22.2274,1.509994));
#5305 = DIRECTION('',(-0.,0.,-1.));
#5306 = DIRECTION('',(5.594824691024E-14,-1.,-0.));
#5307 = FACE_BOUND('',#5308,.T.);
#5308 = EDGE_LOOP('',(#5309));
#5309 = ORIENTED_EDGE('',*,*,#5310,.T.);
#5310 = EDGE_CURVE('',#5311,#5311,#5313,.T.);
#5311 = VERTEX_POINT('',#5312);
#5312 = CARTESIAN_POINT('',(41.77,29.,1.509994));
#5313 = CIRCLE('',#5314,0.5);
#5314 = AXIS2_PLACEMENT_3D('',#5315,#5316,#5317);
#5315 = CARTESIAN_POINT('',(41.77,29.5,1.509994));
#5316 = DIRECTION('',(-0.,0.,-1.));
#5317 = DIRECTION('',(-0.,-1.,0.));
#5318 = FACE_BOUND('',#5319,.T.);
#5319 = EDGE_LOOP('',(#5320));
#5320 = ORIENTED_EDGE('',*,*,#5321,.T.);
#5321 = EDGE_CURVE('',#5322,#5322,#5324,.T.);
#5322 = VERTEX_POINT('',#5323);
#5323 = CARTESIAN_POINT('',(49.1374,21.313,1.509994));
#5324 = CIRCLE('',#5325,0.127);
#5325 = AXIS2_PLACEMENT_3D('',#5326,#5327,#5328);
#5326 = CARTESIAN_POINT('',(49.1374,21.44,1.509994));
#5327 = DIRECTION('',(-0.,0.,-1.));
#5328 = DIRECTION('',(-0.,-1.,0.));
#5329 = FACE_BOUND('',#5330,.T.);
#5330 = EDGE_LOOP('',(#5331));
#5331 = ORIENTED_EDGE('',*,*,#5332,.T.);
#5332 = EDGE_CURVE('',#5333,#5333,#5335,.T.);
#5333 = VERTEX_POINT('',#5334);
#5334 = CARTESIAN_POINT('',(49.1374,22.1004,1.509994));
#5335 = CIRCLE('',#5336,0.127);
#5336 = AXIS2_PLACEMENT_3D('',#5337,#5338,#5339);
#5337 = CARTESIAN_POINT('',(49.1374,22.2274,1.509994));
#5338 = DIRECTION('',(-0.,0.,-1.));
#5339 = DIRECTION('',(-0.,-1.,0.));
#5340 = FACE_BOUND('',#5341,.T.);
#5341 = EDGE_LOOP('',(#5342));
#5342 = ORIENTED_EDGE('',*,*,#5343,.T.);
#5343 = EDGE_CURVE('',#5344,#5344,#5346,.T.);
#5344 = VERTEX_POINT('',#5345);
#5345 = CARTESIAN_POINT('',(54.13,29.2,1.509994));
#5346 = CIRCLE('',#5347,0.5);
#5347 = AXIS2_PLACEMENT_3D('',#5348,#5349,#5350);
#5348 = CARTESIAN_POINT('',(54.13,29.7,1.509994));
#5349 = DIRECTION('',(-0.,0.,-1.));
#5350 = DIRECTION('',(-0.,-1.,0.));
#5351 = FACE_BOUND('',#5352,.T.);
#5352 = EDGE_LOOP('',(#5353));
#5353 = ORIENTED_EDGE('',*,*,#5354,.T.);
#5354 = EDGE_CURVE('',#5355,#5355,#5357,.T.);
#5355 = VERTEX_POINT('',#5356);
#5356 = CARTESIAN_POINT('',(56.67,29.2,1.509994));
#5357 = CIRCLE('',#5358,0.5);
#5358 = AXIS2_PLACEMENT_3D('',#5359,#5360,#5361);
#5359 = CARTESIAN_POINT('',(56.67,29.7,1.509994));
#5360 = DIRECTION('',(-0.,0.,-1.));
#5361 = DIRECTION('',(-0.,-1.,0.));
#5362 = FACE_BOUND('',#5363,.T.);
#5363 = EDGE_LOOP('',(#5364));
#5364 = ORIENTED_EDGE('',*,*,#5365,.T.);
#5365 = EDGE_CURVE('',#5366,#5366,#5368,.T.);
#5366 = VERTEX_POINT('',#5367);
#5367 = CARTESIAN_POINT('',(4.97,45.48,1.509994));
#5368 = CIRCLE('',#5369,0.5);
#5369 = AXIS2_PLACEMENT_3D('',#5370,#5371,#5372);
#5370 = CARTESIAN_POINT('',(4.97,45.98,1.509994));
#5371 = DIRECTION('',(-0.,0.,-1.));
#5372 = DIRECTION('',(-0.,-1.,0.));
#5373 = FACE_BOUND('',#5374,.T.);
#5374 = EDGE_LOOP('',(#5375));
#5375 = ORIENTED_EDGE('',*,*,#5376,.T.);
#5376 = EDGE_CURVE('',#5377,#5377,#5379,.T.);
#5377 = VERTEX_POINT('',#5378);
#5378 = CARTESIAN_POINT('',(4.97,48.02,1.509994));
#5379 = CIRCLE('',#5380,0.5);
#5380 = AXIS2_PLACEMENT_3D('',#5381,#5382,#5383);
#5381 = CARTESIAN_POINT('',(4.97,48.52,1.509994));
#5382 = DIRECTION('',(-0.,0.,-1.));
#5383 = DIRECTION('',(-0.,-1.,0.));
#5384 = FACE_BOUND('',#5385,.T.);
#5385 = EDGE_LOOP('',(#5386));
#5386 = ORIENTED_EDGE('',*,*,#5387,.T.);
#5387 = EDGE_CURVE('',#5388,#5388,#5390,.T.);
#5388 = VERTEX_POINT('',#5389);
#5389 = CARTESIAN_POINT('',(4.95,57.21,1.509994));
#5390 = CIRCLE('',#5391,0.5);
#5391 = AXIS2_PLACEMENT_3D('',#5392,#5393,#5394);
#5392 = CARTESIAN_POINT('',(4.95,57.71,1.509994));
#5393 = DIRECTION('',(-0.,0.,-1.));
#5394 = DIRECTION('',(-0.,-1.,0.));
#5395 = FACE_BOUND('',#5396,.T.);
#5396 = EDGE_LOOP('',(#5397));
#5397 = ORIENTED_EDGE('',*,*,#5398,.T.);
#5398 = EDGE_CURVE('',#5399,#5399,#5401,.T.);
#5399 = VERTEX_POINT('',#5400);
#5400 = CARTESIAN_POINT('',(24.43,43.95,1.509994));
#5401 = CIRCLE('',#5402,0.5);
#5402 = AXIS2_PLACEMENT_3D('',#5403,#5404,#5405);
#5403 = CARTESIAN_POINT('',(24.43,44.45,1.509994));
#5404 = DIRECTION('',(-0.,0.,-1.));
#5405 = DIRECTION('',(-0.,-1.,0.));
#5406 = FACE_BOUND('',#5407,.T.);
#5407 = EDGE_LOOP('',(#5408));
#5408 = ORIENTED_EDGE('',*,*,#5409,.T.);
#5409 = EDGE_CURVE('',#5410,#5410,#5412,.T.);
#5410 = VERTEX_POINT('',#5411);
#5411 = CARTESIAN_POINT('',(26.97,43.95,1.509994));
#5412 = CIRCLE('',#5413,0.5);
#5413 = AXIS2_PLACEMENT_3D('',#5414,#5415,#5416);
#5414 = CARTESIAN_POINT('',(26.97,44.45,1.509994));
#5415 = DIRECTION('',(-0.,0.,-1.));
#5416 = DIRECTION('',(-0.,-1.,0.));
#5417 = FACE_BOUND('',#5418,.T.);
#5418 = EDGE_LOOP('',(#5419));
#5419 = ORIENTED_EDGE('',*,*,#5420,.T.);
#5420 = EDGE_CURVE('',#5421,#5421,#5423,.T.);
#5421 = VERTEX_POINT('',#5422);
#5422 = CARTESIAN_POINT('',(4.95,59.75,1.509994));
#5423 = CIRCLE('',#5424,0.5);
#5424 = AXIS2_PLACEMENT_3D('',#5425,#5426,#5427);
#5425 = CARTESIAN_POINT('',(4.95,60.25,1.509994));
#5426 = DIRECTION('',(-0.,0.,-1.));
#5427 = DIRECTION('',(-0.,-1.,0.));
#5428 = FACE_BOUND('',#5429,.T.);
#5429 = EDGE_LOOP('',(#5430));
#5430 = ORIENTED_EDGE('',*,*,#5431,.T.);
#5431 = EDGE_CURVE('',#5432,#5432,#5434,.T.);
#5432 = VERTEX_POINT('',#5433);
#5433 = CARTESIAN_POINT('',(24.43,58.95,1.509994));
#5434 = CIRCLE('',#5435,0.5);
#5435 = AXIS2_PLACEMENT_3D('',#5436,#5437,#5438);
#5436 = CARTESIAN_POINT('',(24.43,59.45,1.509994));
#5437 = DIRECTION('',(-0.,0.,-1.));
#5438 = DIRECTION('',(-0.,-1.,0.));
#5439 = FACE_BOUND('',#5440,.T.);
#5440 = EDGE_LOOP('',(#5441));
#5441 = ORIENTED_EDGE('',*,*,#5442,.T.);
#5442 = EDGE_CURVE('',#5443,#5443,#5445,.T.);
#5443 = VERTEX_POINT('',#5444);
#5444 = CARTESIAN_POINT('',(26.97,58.95,1.509994));
#5445 = CIRCLE('',#5446,0.5);
#5446 = AXIS2_PLACEMENT_3D('',#5447,#5448,#5449);
#5447 = CARTESIAN_POINT('',(26.97,59.45,1.509994));
#5448 = DIRECTION('',(-0.,0.,-1.));
#5449 = DIRECTION('',(-0.,-1.,0.));
#5450 = FACE_BOUND('',#5451,.T.);
#5451 = EDGE_LOOP('',(#5452));
#5452 = ORIENTED_EDGE('',*,*,#5453,.T.);
#5453 = EDGE_CURVE('',#5454,#5454,#5456,.T.);
#5454 = VERTEX_POINT('',#5455);
#5455 = CARTESIAN_POINT('',(39.43,43.95,1.509994));
#5456 = CIRCLE('',#5457,0.5);
#5457 = AXIS2_PLACEMENT_3D('',#5458,#5459,#5460);
#5458 = CARTESIAN_POINT('',(39.43,44.45,1.509994));
#5459 = DIRECTION('',(-0.,0.,-1.));
#5460 = DIRECTION('',(-0.,-1.,0.));
#5461 = FACE_BOUND('',#5462,.T.);
#5462 = EDGE_LOOP('',(#5463));
#5463 = ORIENTED_EDGE('',*,*,#5464,.T.);
#5464 = EDGE_CURVE('',#5465,#5465,#5467,.T.);
#5465 = VERTEX_POINT('',#5466);
#5466 = CARTESIAN_POINT('',(41.97,43.95,1.509994));
#5467 = CIRCLE('',#5468,0.5);
#5468 = AXIS2_PLACEMENT_3D('',#5469,#5470,#5471);
#5469 = CARTESIAN_POINT('',(41.97,44.45,1.509994));
#5470 = DIRECTION('',(-0.,0.,-1.));
#5471 = DIRECTION('',(-0.,-1.,0.));
#5472 = FACE_BOUND('',#5473,.T.);
#5473 = EDGE_LOOP('',(#5474));
#5474 = ORIENTED_EDGE('',*,*,#5475,.T.);
#5475 = EDGE_CURVE('',#5476,#5476,#5478,.T.);
#5476 = VERTEX_POINT('',#5477);
#5477 = CARTESIAN_POINT('',(47.8726,49.6256,1.509994));
#5478 = CIRCLE('',#5479,0.127);
#5479 = AXIS2_PLACEMENT_3D('',#5480,#5481,#5482);
#5480 = CARTESIAN_POINT('',(47.8726,49.7526,1.509994));
#5481 = DIRECTION('',(-0.,0.,-1.));
#5482 = DIRECTION('',(-5.594824691025E-14,-1.,0.));
#5483 = FACE_BOUND('',#5484,.T.);
#5484 = EDGE_LOOP('',(#5485));
#5485 = ORIENTED_EDGE('',*,*,#5486,.T.);
#5486 = EDGE_CURVE('',#5487,#5487,#5489,.T.);
#5487 = VERTEX_POINT('',#5488);
#5488 = CARTESIAN_POINT('',(48.66,49.6256,1.509994));
#5489 = CIRCLE('',#5490,0.127);
#5490 = AXIS2_PLACEMENT_3D('',#5491,#5492,#5493);
#5491 = CARTESIAN_POINT('',(48.66,49.7526,1.509994));
#5492 = DIRECTION('',(-0.,0.,-1.));
#5493 = DIRECTION('',(-0.,-1.,0.));
#5494 = FACE_BOUND('',#5495,.T.);
#5495 = EDGE_LOOP('',(#5496));
#5496 = ORIENTED_EDGE('',*,*,#5497,.T.);
#5497 = EDGE_CURVE('',#5498,#5498,#5500,.T.);
#5498 = VERTEX_POINT('',#5499);
#5499 = CARTESIAN_POINT('',(47.8726,50.413,1.509994));
#5500 = CIRCLE('',#5501,0.127);
#5501 = AXIS2_PLACEMENT_3D('',#5502,#5503,#5504);
#5502 = CARTESIAN_POINT('',(47.8726,50.54,1.509994));
#5503 = DIRECTION('',(-0.,0.,-1.));
#5504 = DIRECTION('',(-5.594824691025E-14,-1.,0.));
#5505 = FACE_BOUND('',#5506,.T.);
#5506 = EDGE_LOOP('',(#5507));
#5507 = ORIENTED_EDGE('',*,*,#5508,.T.);
#5508 = EDGE_CURVE('',#5509,#5509,#5511,.T.);
#5509 = VERTEX_POINT('',#5510);
#5510 = CARTESIAN_POINT('',(48.66,50.413,1.509994));
#5511 = CIRCLE('',#5512,0.127);
#5512 = AXIS2_PLACEMENT_3D('',#5513,#5514,#5515);
#5513 = CARTESIAN_POINT('',(48.66,50.54,1.509994));
#5514 = DIRECTION('',(-0.,0.,-1.));
#5515 = DIRECTION('',(-0.,-1.,0.));
#5516 = FACE_BOUND('',#5517,.T.);
#5517 = EDGE_LOOP('',(#5518));
#5518 = ORIENTED_EDGE('',*,*,#5519,.T.);
#5519 = EDGE_CURVE('',#5520,#5520,#5522,.T.);
#5520 = VERTEX_POINT('',#5521);
#5521 = CARTESIAN_POINT('',(47.8726,51.2004,1.509994));
#5522 = CIRCLE('',#5523,0.127);
#5523 = AXIS2_PLACEMENT_3D('',#5524,#5525,#5526);
#5524 = CARTESIAN_POINT('',(47.8726,51.3274,1.509994));
#5525 = DIRECTION('',(-0.,0.,-1.));
#5526 = DIRECTION('',(-5.594824691025E-14,-1.,0.));
#5527 = FACE_BOUND('',#5528,.T.);
#5528 = EDGE_LOOP('',(#5529));
#5529 = ORIENTED_EDGE('',*,*,#5530,.T.);
#5530 = EDGE_CURVE('',#5531,#5531,#5533,.T.);
#5531 = VERTEX_POINT('',#5532);
#5532 = CARTESIAN_POINT('',(48.66,51.2004,1.509994));
#5533 = CIRCLE('',#5534,0.127);
#5534 = AXIS2_PLACEMENT_3D('',#5535,#5536,#5537);
#5535 = CARTESIAN_POINT('',(48.66,51.3274,1.509994));
#5536 = DIRECTION('',(-0.,0.,-1.));
#5537 = DIRECTION('',(-0.,-1.,0.));
#5538 = FACE_BOUND('',#5539,.T.);
#5539 = EDGE_LOOP('',(#5540));
#5540 = ORIENTED_EDGE('',*,*,#5541,.T.);
#5541 = EDGE_CURVE('',#5542,#5542,#5544,.T.);
#5542 = VERTEX_POINT('',#5543);
#5543 = CARTESIAN_POINT('',(54.23,44.,1.509994));
#5544 = CIRCLE('',#5545,0.5);
#5545 = AXIS2_PLACEMENT_3D('',#5546,#5547,#5548);
#5546 = CARTESIAN_POINT('',(54.23,44.5,1.509994));
#5547 = DIRECTION('',(-0.,0.,-1.));
#5548 = DIRECTION('',(-0.,-1.,0.));
#5549 = FACE_BOUND('',#5550,.T.);
#5550 = EDGE_LOOP('',(#5551));
#5551 = ORIENTED_EDGE('',*,*,#5552,.T.);
#5552 = EDGE_CURVE('',#5553,#5553,#5555,.T.);
#5553 = VERTEX_POINT('',#5554);
#5554 = CARTESIAN_POINT('',(56.77,44.,1.509994));
#5555 = CIRCLE('',#5556,0.5);
#5556 = AXIS2_PLACEMENT_3D('',#5557,#5558,#5559);
#5557 = CARTESIAN_POINT('',(56.77,44.5,1.509994));
#5558 = DIRECTION('',(-0.,0.,-1.));
#5559 = DIRECTION('',(-0.,-1.,0.));
#5560 = FACE_BOUND('',#5561,.T.);
#5561 = EDGE_LOOP('',(#5562));
#5562 = ORIENTED_EDGE('',*,*,#5563,.T.);
#5563 = EDGE_CURVE('',#5564,#5564,#5566,.T.);
#5564 = VERTEX_POINT('',#5565);
#5565 = CARTESIAN_POINT('',(49.4474,49.6256,1.509994));
#5566 = CIRCLE('',#5567,0.127);
#5567 = AXIS2_PLACEMENT_3D('',#5568,#5569,#5570);
#5568 = CARTESIAN_POINT('',(49.4474,49.7526,1.509994));
#5569 = DIRECTION('',(-0.,0.,-1.));
#5570 = DIRECTION('',(-0.,-1.,0.));
#5571 = FACE_BOUND('',#5572,.T.);
#5572 = EDGE_LOOP('',(#5573));
#5573 = ORIENTED_EDGE('',*,*,#5574,.T.);
#5574 = EDGE_CURVE('',#5575,#5575,#5577,.T.);
#5575 = VERTEX_POINT('',#5576);
#5576 = CARTESIAN_POINT('',(49.4474,50.413,1.509994));
#5577 = CIRCLE('',#5578,0.127);
#5578 = AXIS2_PLACEMENT_3D('',#5579,#5580,#5581);
#5579 = CARTESIAN_POINT('',(49.4474,50.54,1.509994));
#5580 = DIRECTION('',(-0.,0.,-1.));
#5581 = DIRECTION('',(-0.,-1.,0.));
#5582 = FACE_BOUND('',#5583,.T.);
#5583 = EDGE_LOOP('',(#5584));
#5584 = ORIENTED_EDGE('',*,*,#5585,.T.);
#5585 = EDGE_CURVE('',#5586,#5586,#5588,.T.);
#5586 = VERTEX_POINT('',#5587);
#5587 = CARTESIAN_POINT('',(49.4474,51.2004,1.509994));
#5588 = CIRCLE('',#5589,0.127);
#5589 = AXIS2_PLACEMENT_3D('',#5590,#5591,#5592);
#5590 = CARTESIAN_POINT('',(49.4474,51.3274,1.509994));
#5591 = DIRECTION('',(-0.,0.,-1.));
#5592 = DIRECTION('',(-0.,-1.,0.));
#5593 = FACE_BOUND('',#5594,.T.);
#5594 = EDGE_LOOP('',(#5595));
#5595 = ORIENTED_EDGE('',*,*,#5596,.T.);
#5596 = EDGE_CURVE('',#5597,#5597,#5599,.T.);
#5597 = VERTEX_POINT('',#5598);
#5598 = CARTESIAN_POINT('',(39.43,58.95,1.509994));
#5599 = CIRCLE('',#5600,0.5);
#5600 = AXIS2_PLACEMENT_3D('',#5601,#5602,#5603);
#5601 = CARTESIAN_POINT('',(39.43,59.45,1.509994));
#5602 = DIRECTION('',(-0.,0.,-1.));
#5603 = DIRECTION('',(-0.,-1.,0.));
#5604 = FACE_BOUND('',#5605,.T.);
#5605 = EDGE_LOOP('',(#5606));
#5606 = ORIENTED_EDGE('',*,*,#5607,.T.);
#5607 = EDGE_CURVE('',#5608,#5608,#5610,.T.);
#5608 = VERTEX_POINT('',#5609);
#5609 = CARTESIAN_POINT('',(41.97,58.95,1.509994));
#5610 = CIRCLE('',#5611,0.5);
#5611 = AXIS2_PLACEMENT_3D('',#5612,#5613,#5614);
#5612 = CARTESIAN_POINT('',(41.97,59.45,1.509994));
#5613 = DIRECTION('',(-0.,0.,-1.));
#5614 = DIRECTION('',(-0.,-1.,0.));
#5615 = FACE_BOUND('',#5616,.T.);
#5616 = EDGE_LOOP('',(#5617));
#5617 = ORIENTED_EDGE('',*,*,#5618,.T.);
#5618 = EDGE_CURVE('',#5619,#5619,#5621,.T.);
#5619 = VERTEX_POINT('',#5620);
#5620 = CARTESIAN_POINT('',(54.23,59.,1.509994));
#5621 = CIRCLE('',#5622,0.5);
#5622 = AXIS2_PLACEMENT_3D('',#5623,#5624,#5625);
#5623 = CARTESIAN_POINT('',(54.23,59.5,1.509994));
#5624 = DIRECTION('',(-0.,0.,-1.));
#5625 = DIRECTION('',(-0.,-1.,0.));
#5626 = FACE_BOUND('',#5627,.T.);
#5627 = EDGE_LOOP('',(#5628));
#5628 = ORIENTED_EDGE('',*,*,#5629,.T.);
#5629 = EDGE_CURVE('',#5630,#5630,#5632,.T.);
#5630 = VERTEX_POINT('',#5631);
#5631 = CARTESIAN_POINT('',(56.77,59.,1.509994));
#5632 = CIRCLE('',#5633,0.5);
#5633 = AXIS2_PLACEMENT_3D('',#5634,#5635,#5636);
#5634 = CARTESIAN_POINT('',(56.77,59.5,1.509994));
#5635 = DIRECTION('',(-0.,0.,-1.));
#5636 = DIRECTION('',(-0.,-1.,0.));
#5637 = FACE_BOUND('',#5638,.T.);
#5638 = EDGE_LOOP('',(#5639));
#5639 = ORIENTED_EDGE('',*,*,#5640,.T.);
#5640 = EDGE_CURVE('',#5641,#5641,#5643,.T.);
#5641 = VERTEX_POINT('',#5642);
#5642 = CARTESIAN_POINT('',(58.72,72.862,1.509994));
#5643 = CIRCLE('',#5644,0.508);
#5644 = AXIS2_PLACEMENT_3D('',#5645,#5646,#5647);
#5645 = CARTESIAN_POINT('',(58.72,73.37,1.509994));
#5646 = DIRECTION('',(-0.,0.,-1.));
#5647 = DIRECTION('',(-0.,-1.,0.));
#5648 = FACE_BOUND('',#5649,.T.);
#5649 = EDGE_LOOP('',(#5650));
#5650 = ORIENTED_EDGE('',*,*,#5651,.T.);
#5651 = EDGE_CURVE('',#5652,#5652,#5654,.T.);
#5652 = VERTEX_POINT('',#5653);
#5653 = CARTESIAN_POINT('',(58.72,75.402,1.509994));
#5654 = CIRCLE('',#5655,0.508);
#5655 = AXIS2_PLACEMENT_3D('',#5656,#5657,#5658);
#5656 = CARTESIAN_POINT('',(58.72,75.91,1.509994));
#5657 = DIRECTION('',(-0.,0.,-1.));
#5658 = DIRECTION('',(-0.,-1.,0.));
#5659 = FACE_BOUND('',#5660,.T.);
#5660 = EDGE_LOOP('',(#5661));
#5661 = ORIENTED_EDGE('',*,*,#5662,.T.);
#5662 = EDGE_CURVE('',#5663,#5663,#5665,.T.);
#5663 = VERTEX_POINT('',#5664);
#5664 = CARTESIAN_POINT('',(69.13,14.2,1.509994));
#5665 = CIRCLE('',#5666,0.5);
#5666 = AXIS2_PLACEMENT_3D('',#5667,#5668,#5669);
#5667 = CARTESIAN_POINT('',(69.13,14.7,1.509994));
#5668 = DIRECTION('',(-0.,0.,-1.));
#5669 = DIRECTION('',(-0.,-1.,0.));
#5670 = FACE_BOUND('',#5671,.T.);
#5671 = EDGE_LOOP('',(#5672));
#5672 = ORIENTED_EDGE('',*,*,#5673,.T.);
#5673 = EDGE_CURVE('',#5674,#5674,#5676,.T.);
#5674 = VERTEX_POINT('',#5675);
#5675 = CARTESIAN_POINT('',(71.67,14.2,1.509994));
#5676 = CIRCLE('',#5677,0.5);
#5677 = AXIS2_PLACEMENT_3D('',#5678,#5679,#5680);
#5678 = CARTESIAN_POINT('',(71.67,14.7,1.509994));
#5679 = DIRECTION('',(-0.,0.,-1.));
#5680 = DIRECTION('',(-0.,-1.,0.));
#5681 = FACE_BOUND('',#5682,.T.);
#5682 = EDGE_LOOP('',(#5683));
#5683 = ORIENTED_EDGE('',*,*,#5684,.T.);
#5684 = EDGE_CURVE('',#5685,#5685,#5687,.T.);
#5685 = VERTEX_POINT('',#5686);
#5686 = CARTESIAN_POINT('',(82.594834,19.522253,1.509994));
#5687 = CIRCLE('',#5688,0.5);
#5688 = AXIS2_PLACEMENT_3D('',#5689,#5690,#5691);
#5689 = CARTESIAN_POINT('',(82.594834,20.022253,1.509994));
#5690 = DIRECTION('',(-0.,0.,-1.));
#5691 = DIRECTION('',(-0.,-1.,0.));
#5692 = FACE_BOUND('',#5693,.T.);
#5693 = EDGE_LOOP('',(#5694));
#5694 = ORIENTED_EDGE('',*,*,#5695,.T.);
#5695 = EDGE_CURVE('',#5696,#5696,#5698,.T.);
#5696 = VERTEX_POINT('',#5697);
#5697 = CARTESIAN_POINT('',(85.134834,19.522253,1.509994));
#5698 = CIRCLE('',#5699,0.5);
#5699 = AXIS2_PLACEMENT_3D('',#5700,#5701,#5702);
#5700 = CARTESIAN_POINT('',(85.134834,20.022253,1.509994));
#5701 = DIRECTION('',(-0.,0.,-1.));
#5702 = DIRECTION('',(-0.,-1.,0.));
#5703 = FACE_BOUND('',#5704,.T.);
#5704 = EDGE_LOOP('',(#5705));
#5705 = ORIENTED_EDGE('',*,*,#5706,.T.);
#5706 = EDGE_CURVE('',#5707,#5707,#5709,.T.);
#5707 = VERTEX_POINT('',#5708);
#5708 = CARTESIAN_POINT('',(87.674834,19.522253,1.509994));
#5709 = CIRCLE('',#5710,0.5);
#5710 = AXIS2_PLACEMENT_3D('',#5711,#5712,#5713);
#5711 = CARTESIAN_POINT('',(87.674834,20.022253,1.509994));
#5712 = DIRECTION('',(-0.,0.,-1.));
#5713 = DIRECTION('',(-0.,-1.,0.));
#5714 = FACE_BOUND('',#5715,.T.);
#5715 = EDGE_LOOP('',(#5716));
#5716 = ORIENTED_EDGE('',*,*,#5717,.T.);
#5717 = EDGE_CURVE('',#5718,#5718,#5720,.T.);
#5718 = VERTEX_POINT('',#5719);
#5719 = CARTESIAN_POINT('',(92.443334,19.441656,1.509994));
#5720 = CIRCLE('',#5721,0.5);
#5721 = AXIS2_PLACEMENT_3D('',#5722,#5723,#5724);
#5722 = CARTESIAN_POINT('',(92.443334,19.941656,1.509994));
#5723 = DIRECTION('',(-0.,0.,-1.));
#5724 = DIRECTION('',(-0.,-1.,0.));
#5725 = FACE_BOUND('',#5726,.T.);
#5726 = EDGE_LOOP('',(#5727));
#5727 = ORIENTED_EDGE('',*,*,#5728,.T.);
#5728 = EDGE_CURVE('',#5729,#5729,#5731,.T.);
#5729 = VERTEX_POINT('',#5730);
#5730 = CARTESIAN_POINT('',(94.983334,19.441656,1.509994));
#5731 = CIRCLE('',#5732,0.5);
#5732 = AXIS2_PLACEMENT_3D('',#5733,#5734,#5735);
#5733 = CARTESIAN_POINT('',(94.983334,19.941656,1.509994));
#5734 = DIRECTION('',(-0.,0.,-1.));
#5735 = DIRECTION('',(-0.,-1.,0.));
#5736 = FACE_BOUND('',#5737,.T.);
#5737 = EDGE_LOOP('',(#5738));
#5738 = ORIENTED_EDGE('',*,*,#5739,.T.);
#5739 = EDGE_CURVE('',#5740,#5740,#5742,.T.);
#5740 = VERTEX_POINT('',#5741);
#5741 = CARTESIAN_POINT('',(69.13,29.2,1.509994));
#5742 = CIRCLE('',#5743,0.5);
#5743 = AXIS2_PLACEMENT_3D('',#5744,#5745,#5746);
#5744 = CARTESIAN_POINT('',(69.13,29.7,1.509994));
#5745 = DIRECTION('',(-0.,0.,-1.));
#5746 = DIRECTION('',(-0.,-1.,0.));
#5747 = FACE_BOUND('',#5748,.T.);
#5748 = EDGE_LOOP('',(#5749));
#5749 = ORIENTED_EDGE('',*,*,#5750,.T.);
#5750 = EDGE_CURVE('',#5751,#5751,#5753,.T.);
#5751 = VERTEX_POINT('',#5752);
#5752 = CARTESIAN_POINT('',(71.67,29.2,1.509994));
#5753 = CIRCLE('',#5754,0.5);
#5754 = AXIS2_PLACEMENT_3D('',#5755,#5756,#5757);
#5755 = CARTESIAN_POINT('',(71.67,29.7,1.509994));
#5756 = DIRECTION('',(-0.,0.,-1.));
#5757 = DIRECTION('',(-0.,-1.,0.));
#5758 = FACE_BOUND('',#5759,.T.);
#5759 = EDGE_LOOP('',(#5760));
#5760 = ORIENTED_EDGE('',*,*,#5761,.T.);
#5761 = EDGE_CURVE('',#5762,#5762,#5764,.T.);
#5762 = VERTEX_POINT('',#5763);
#5763 = CARTESIAN_POINT('',(97.523334,19.441656,1.509994));
#5764 = CIRCLE('',#5765,0.5);
#5765 = AXIS2_PLACEMENT_3D('',#5766,#5767,#5768);
#5766 = CARTESIAN_POINT('',(97.523334,19.941656,1.509994));
#5767 = DIRECTION('',(-0.,0.,-1.));
#5768 = DIRECTION('',(-0.,-1.,0.));
#5769 = FACE_BOUND('',#5770,.T.);
#5770 = EDGE_LOOP('',(#5771));
#5771 = ORIENTED_EDGE('',*,*,#5772,.T.);
#5772 = EDGE_CURVE('',#5773,#5773,#5775,.T.);
#5773 = VERTEX_POINT('',#5774);
#5774 = CARTESIAN_POINT('',(102.523256,19.36345,1.509994));
#5775 = CIRCLE('',#5776,0.5);
#5776 = AXIS2_PLACEMENT_3D('',#5777,#5778,#5779);
#5777 = CARTESIAN_POINT('',(102.523256,19.86345,1.509994));
#5778 = DIRECTION('',(-0.,0.,-1.));
#5779 = DIRECTION('',(-0.,-1.,0.));
#5780 = FACE_BOUND('',#5781,.T.);
#5781 = EDGE_LOOP('',(#5782));
#5782 = ORIENTED_EDGE('',*,*,#5783,.T.);
#5783 = EDGE_CURVE('',#5784,#5784,#5786,.T.);
#5784 = VERTEX_POINT('',#5785);
#5785 = CARTESIAN_POINT('',(105.063256,19.36345,1.509994));
#5786 = CIRCLE('',#5787,0.5);
#5787 = AXIS2_PLACEMENT_3D('',#5788,#5789,#5790);
#5788 = CARTESIAN_POINT('',(105.063256,19.86345,1.509994));
#5789 = DIRECTION('',(-0.,0.,-1.));
#5790 = DIRECTION('',(-0.,-1.,0.));
#5791 = FACE_BOUND('',#5792,.T.);
#5792 = EDGE_LOOP('',(#5793));
#5793 = ORIENTED_EDGE('',*,*,#5794,.T.);
#5794 = EDGE_CURVE('',#5795,#5795,#5797,.T.);
#5795 = VERTEX_POINT('',#5796);
#5796 = CARTESIAN_POINT('',(107.603256,19.36345,1.509994));
#5797 = CIRCLE('',#5798,0.5);
#5798 = AXIS2_PLACEMENT_3D('',#5799,#5800,#5801);
#5799 = CARTESIAN_POINT('',(107.603256,19.86345,1.509994));
#5800 = DIRECTION('',(-0.,0.,-1.));
#5801 = DIRECTION('',(-0.,-1.,0.));
#5802 = FACE_BOUND('',#5803,.T.);
#5803 = EDGE_LOOP('',(#5804));
#5804 = ORIENTED_EDGE('',*,*,#5805,.T.);
#5805 = EDGE_CURVE('',#5806,#5806,#5808,.T.);
#5806 = VERTEX_POINT('',#5807);
#5807 = CARTESIAN_POINT('',(112.310165,19.42435,1.509994));
#5808 = CIRCLE('',#5809,0.5);
#5809 = AXIS2_PLACEMENT_3D('',#5810,#5811,#5812);
#5810 = CARTESIAN_POINT('',(112.310165,19.92435,1.509994));
#5811 = DIRECTION('',(-0.,0.,-1.));
#5812 = DIRECTION('',(-0.,-1.,0.));
#5813 = FACE_BOUND('',#5814,.T.);
#5814 = EDGE_LOOP('',(#5815));
#5815 = ORIENTED_EDGE('',*,*,#5816,.T.);
#5816 = EDGE_CURVE('',#5817,#5817,#5819,.T.);
#5817 = VERTEX_POINT('',#5818);
#5818 = CARTESIAN_POINT('',(114.850165,19.42435,1.509994));
#5819 = CIRCLE('',#5820,0.5);
#5820 = AXIS2_PLACEMENT_3D('',#5821,#5822,#5823);
#5821 = CARTESIAN_POINT('',(114.850165,19.92435,1.509994));
#5822 = DIRECTION('',(-0.,0.,-1.));
#5823 = DIRECTION('',(-0.,-1.,0.));
#5824 = FACE_BOUND('',#5825,.T.);
#5825 = EDGE_LOOP('',(#5826));
#5826 = ORIENTED_EDGE('',*,*,#5827,.T.);
#5827 = EDGE_CURVE('',#5828,#5828,#5830,.T.);
#5828 = VERTEX_POINT('',#5829);
#5829 = CARTESIAN_POINT('',(117.390165,19.42435,1.509994));
#5830 = CIRCLE('',#5831,0.5);
#5831 = AXIS2_PLACEMENT_3D('',#5832,#5833,#5834);
#5832 = CARTESIAN_POINT('',(117.390165,19.92435,1.509994));
#5833 = DIRECTION('',(-0.,0.,-1.));
#5834 = DIRECTION('',(-0.,-1.,0.));
#5835 = FACE_BOUND('',#5836,.T.);
#5836 = EDGE_LOOP('',(#5837));
#5837 = ORIENTED_EDGE('',*,*,#5838,.T.);
#5838 = EDGE_CURVE('',#5839,#5839,#5841,.T.);
#5839 = VERTEX_POINT('',#5840);
#5840 = CARTESIAN_POINT('',(69.23,44.,1.509994));
#5841 = CIRCLE('',#5842,0.5);
#5842 = AXIS2_PLACEMENT_3D('',#5843,#5844,#5845);
#5843 = CARTESIAN_POINT('',(69.23,44.5,1.509994));
#5844 = DIRECTION('',(-0.,0.,-1.));
#5845 = DIRECTION('',(-0.,-1.,0.));
#5846 = FACE_BOUND('',#5847,.T.);
#5847 = EDGE_LOOP('',(#5848));
#5848 = ORIENTED_EDGE('',*,*,#5849,.T.);
#5849 = EDGE_CURVE('',#5850,#5850,#5852,.T.);
#5850 = VERTEX_POINT('',#5851);
#5851 = CARTESIAN_POINT('',(71.77,44.,1.509994));
#5852 = CIRCLE('',#5853,0.5);
#5853 = AXIS2_PLACEMENT_3D('',#5854,#5855,#5856);
#5854 = CARTESIAN_POINT('',(71.77,44.5,1.509994));
#5855 = DIRECTION('',(-0.,0.,-1.));
#5856 = DIRECTION('',(-0.,-1.,0.));
#5857 = FACE_BOUND('',#5858,.T.);
#5858 = EDGE_LOOP('',(#5859));
#5859 = ORIENTED_EDGE('',*,*,#5860,.T.);
#5860 = EDGE_CURVE('',#5861,#5861,#5863,.T.);
#5861 = VERTEX_POINT('',#5862);
#5862 = CARTESIAN_POINT('',(82.33489,54.583209,1.509994));
#5863 = CIRCLE('',#5864,0.5);
#5864 = AXIS2_PLACEMENT_3D('',#5865,#5866,#5867);
#5865 = CARTESIAN_POINT('',(82.33489,55.083209,1.509994));
#5866 = DIRECTION('',(-0.,0.,-1.));
#5867 = DIRECTION('',(-0.,-1.,0.));
#5868 = FACE_BOUND('',#5869,.T.);
#5869 = EDGE_LOOP('',(#5870));
#5870 = ORIENTED_EDGE('',*,*,#5871,.T.);
#5871 = EDGE_CURVE('',#5872,#5872,#5874,.T.);
#5872 = VERTEX_POINT('',#5873);
#5873 = CARTESIAN_POINT('',(84.87489,54.583209,1.509994));
#5874 = CIRCLE('',#5875,0.5);
#5875 = AXIS2_PLACEMENT_3D('',#5876,#5877,#5878);
#5876 = CARTESIAN_POINT('',(84.87489,55.083209,1.509994));
#5877 = DIRECTION('',(-0.,0.,-1.));
#5878 = DIRECTION('',(-0.,-1.,0.));
#5879 = FACE_BOUND('',#5880,.T.);
#5880 = EDGE_LOOP('',(#5881));
#5881 = ORIENTED_EDGE('',*,*,#5882,.T.);
#5882 = EDGE_CURVE('',#5883,#5883,#5885,.T.);
#5883 = VERTEX_POINT('',#5884);
#5884 = CARTESIAN_POINT('',(87.41489,54.583209,1.509994));
#5885 = CIRCLE('',#5886,0.5);
#5886 = AXIS2_PLACEMENT_3D('',#5887,#5888,#5889);
#5887 = CARTESIAN_POINT('',(87.41489,55.083209,1.509994));
#5888 = DIRECTION('',(-0.,0.,-1.));
#5889 = DIRECTION('',(-0.,-1.,0.));
#5890 = FACE_BOUND('',#5891,.T.);
#5891 = EDGE_LOOP('',(#5892));
#5892 = ORIENTED_EDGE('',*,*,#5893,.T.);
#5893 = EDGE_CURVE('',#5894,#5894,#5896,.T.);
#5894 = VERTEX_POINT('',#5895);
#5895 = CARTESIAN_POINT('',(92.294228,54.57385,1.509994));
#5896 = CIRCLE('',#5897,0.5);
#5897 = AXIS2_PLACEMENT_3D('',#5898,#5899,#5900);
#5898 = CARTESIAN_POINT('',(92.294228,55.07385,1.509994));
#5899 = DIRECTION('',(-0.,0.,-1.));
#5900 = DIRECTION('',(-0.,-1.,0.));
#5901 = FACE_BOUND('',#5902,.T.);
#5902 = EDGE_LOOP('',(#5903));
#5903 = ORIENTED_EDGE('',*,*,#5904,.T.);
#5904 = EDGE_CURVE('',#5905,#5905,#5907,.T.);
#5905 = VERTEX_POINT('',#5906);
#5906 = CARTESIAN_POINT('',(94.834228,54.57385,1.509994));
#5907 = CIRCLE('',#5908,0.5);
#5908 = AXIS2_PLACEMENT_3D('',#5909,#5910,#5911);
#5909 = CARTESIAN_POINT('',(94.834228,55.07385,1.509994));
#5910 = DIRECTION('',(-0.,0.,-1.));
#5911 = DIRECTION('',(-0.,-1.,0.));
#5912 = FACE_BOUND('',#5913,.T.);
#5913 = EDGE_LOOP('',(#5914));
#5914 = ORIENTED_EDGE('',*,*,#5915,.T.);
#5915 = EDGE_CURVE('',#5916,#5916,#5918,.T.);
#5916 = VERTEX_POINT('',#5917);
#5917 = CARTESIAN_POINT('',(69.23,59.,1.509994));
#5918 = CIRCLE('',#5919,0.5);
#5919 = AXIS2_PLACEMENT_3D('',#5920,#5921,#5922);
#5920 = CARTESIAN_POINT('',(69.23,59.5,1.509994));
#5921 = DIRECTION('',(-0.,0.,-1.));
#5922 = DIRECTION('',(-0.,-1.,0.));
#5923 = FACE_BOUND('',#5924,.T.);
#5924 = EDGE_LOOP('',(#5925));
#5925 = ORIENTED_EDGE('',*,*,#5926,.T.);
#5926 = EDGE_CURVE('',#5927,#5927,#5929,.T.);
#5927 = VERTEX_POINT('',#5928);
#5928 = CARTESIAN_POINT('',(71.77,59.,1.509994));
#5929 = CIRCLE('',#5930,0.5);
#5930 = AXIS2_PLACEMENT_3D('',#5931,#5932,#5933);
#5931 = CARTESIAN_POINT('',(71.77,59.5,1.509994));
#5932 = DIRECTION('',(-0.,0.,-1.));
#5933 = DIRECTION('',(-0.,-1.,0.));
#5934 = FACE_BOUND('',#5935,.T.);
#5935 = EDGE_LOOP('',(#5936));
#5936 = ORIENTED_EDGE('',*,*,#5937,.T.);
#5937 = EDGE_CURVE('',#5938,#5938,#5940,.T.);
#5938 = VERTEX_POINT('',#5939);
#5939 = CARTESIAN_POINT('',(64.92,75.362,1.509994));
#5940 = CIRCLE('',#5941,0.508);
#5941 = AXIS2_PLACEMENT_3D('',#5942,#5943,#5944);
#5942 = CARTESIAN_POINT('',(64.92,75.87,1.509994));
#5943 = DIRECTION('',(-0.,0.,-1.));
#5944 = DIRECTION('',(-0.,-1.,0.));
#5945 = FACE_BOUND('',#5946,.T.);
#5946 = EDGE_LOOP('',(#5947));
#5947 = ORIENTED_EDGE('',*,*,#5948,.T.);
#5948 = EDGE_CURVE('',#5949,#5949,#5951,.T.);
#5949 = VERTEX_POINT('',#5950);
#5950 = CARTESIAN_POINT('',(70.47,75.292,1.509994));
#5951 = CIRCLE('',#5952,0.508);
#5952 = AXIS2_PLACEMENT_3D('',#5953,#5954,#5955);
#5953 = CARTESIAN_POINT('',(70.47,75.8,1.509994));
#5954 = DIRECTION('',(-0.,0.,-1.));
#5955 = DIRECTION('',(-0.,-1.,0.));
#5956 = FACE_BOUND('',#5957,.T.);
#5957 = EDGE_LOOP('',(#5958));
#5958 = ORIENTED_EDGE('',*,*,#5959,.T.);
#5959 = EDGE_CURVE('',#5960,#5960,#5962,.T.);
#5960 = VERTEX_POINT('',#5961);
#5961 = CARTESIAN_POINT('',(97.374228,54.57385,1.509994));
#5962 = CIRCLE('',#5963,0.5);
#5963 = AXIS2_PLACEMENT_3D('',#5964,#5965,#5966);
#5964 = CARTESIAN_POINT('',(97.374228,55.07385,1.509994));
#5965 = DIRECTION('',(-0.,0.,-1.));
#5966 = DIRECTION('',(-0.,-1.,0.));
#5967 = FACE_BOUND('',#5968,.T.);
#5968 = EDGE_LOOP('',(#5969));
#5969 = ORIENTED_EDGE('',*,*,#5970,.T.);
#5970 = EDGE_CURVE('',#5971,#5971,#5973,.T.);
#5971 = VERTEX_POINT('',#5972);
#5972 = CARTESIAN_POINT('',(102.46439,54.602053,1.509994));
#5973 = CIRCLE('',#5974,0.5);
#5974 = AXIS2_PLACEMENT_3D('',#5975,#5976,#5977);
#5975 = CARTESIAN_POINT('',(102.46439,55.102053,1.509994));
#5976 = DIRECTION('',(-0.,0.,-1.));
#5977 = DIRECTION('',(-0.,-1.,0.));
#5978 = FACE_BOUND('',#5979,.T.);
#5979 = EDGE_LOOP('',(#5980));
#5980 = ORIENTED_EDGE('',*,*,#5981,.T.);
#5981 = EDGE_CURVE('',#5982,#5982,#5984,.T.);
#5982 = VERTEX_POINT('',#5983);
#5983 = CARTESIAN_POINT('',(105.00439,54.602053,1.509994));
#5984 = CIRCLE('',#5985,0.5);
#5985 = AXIS2_PLACEMENT_3D('',#5986,#5987,#5988);
#5986 = CARTESIAN_POINT('',(105.00439,55.102053,1.509994));
#5987 = DIRECTION('',(-0.,0.,-1.));
#5988 = DIRECTION('',(-0.,-1.,0.));
#5989 = FACE_BOUND('',#5990,.T.);
#5990 = EDGE_LOOP('',(#5991));
#5991 = ORIENTED_EDGE('',*,*,#5992,.T.);
#5992 = EDGE_CURVE('',#5993,#5993,#5995,.T.);
#5993 = VERTEX_POINT('',#5994);
#5994 = CARTESIAN_POINT('',(107.54439,54.602053,1.509994));
#5995 = CIRCLE('',#5996,0.5);
#5996 = AXIS2_PLACEMENT_3D('',#5997,#5998,#5999);
#5997 = CARTESIAN_POINT('',(107.54439,55.102053,1.509994));
#5998 = DIRECTION('',(-0.,0.,-1.));
#5999 = DIRECTION('',(-0.,-1.,0.));
#6000 = FACE_BOUND('',#6001,.T.);
#6001 = EDGE_LOOP('',(#6002));
#6002 = ORIENTED_EDGE('',*,*,#6003,.T.);
#6003 = EDGE_CURVE('',#6004,#6004,#6006,.T.);
#6004 = VERTEX_POINT('',#6005);
#6005 = CARTESIAN_POINT('',(112.481303,54.500128,1.509994));
#6006 = CIRCLE('',#6007,0.5);
#6007 = AXIS2_PLACEMENT_3D('',#6008,#6009,#6010);
#6008 = CARTESIAN_POINT('',(112.481303,55.000128,1.509994));
#6009 = DIRECTION('',(-0.,0.,-1.));
#6010 = DIRECTION('',(-0.,-1.,0.));
#6011 = FACE_BOUND('',#6012,.T.);
#6012 = EDGE_LOOP('',(#6013));
#6013 = ORIENTED_EDGE('',*,*,#6014,.T.);
#6014 = EDGE_CURVE('',#6015,#6015,#6017,.T.);
#6015 = VERTEX_POINT('',#6016);
#6016 = CARTESIAN_POINT('',(115.021303,54.500128,1.509994));
#6017 = CIRCLE('',#6018,0.5);
#6018 = AXIS2_PLACEMENT_3D('',#6019,#6020,#6021);
#6019 = CARTESIAN_POINT('',(115.021303,55.000128,1.509994));
#6020 = DIRECTION('',(-0.,0.,-1.));
#6021 = DIRECTION('',(-0.,-1.,0.));
#6022 = FACE_BOUND('',#6023,.T.);
#6023 = EDGE_LOOP('',(#6024));
#6024 = ORIENTED_EDGE('',*,*,#6025,.T.);
#6025 = EDGE_CURVE('',#6026,#6026,#6028,.T.);
#6026 = VERTEX_POINT('',#6027);
#6027 = CARTESIAN_POINT('',(117.561303,54.500128,1.509994));
#6028 = CIRCLE('',#6029,0.5);
#6029 = AXIS2_PLACEMENT_3D('',#6030,#6031,#6032);
#6030 = CARTESIAN_POINT('',(117.561303,55.000128,1.509994));
#6031 = DIRECTION('',(-0.,0.,-1.));
#6032 = DIRECTION('',(-0.,-1.,0.));
#6033 = FACE_BOUND('',#6034,.T.);
#6034 = EDGE_LOOP('',(#6035));
#6035 = ORIENTED_EDGE('',*,*,#6036,.T.);
#6036 = EDGE_CURVE('',#6037,#6037,#6039,.T.);
#6037 = VERTEX_POINT('',#6038);
#6038 = CARTESIAN_POINT('',(4.52,85.13,1.509994));
#6039 = CIRCLE('',#6040,0.5);
#6040 = AXIS2_PLACEMENT_3D('',#6041,#6042,#6043);
#6041 = CARTESIAN_POINT('',(4.52,85.63,1.509994));
#6042 = DIRECTION('',(-0.,0.,-1.));
#6043 = DIRECTION('',(-0.,-1.,0.));
#6044 = FACE_BOUND('',#6045,.T.);
#6045 = EDGE_LOOP('',(#6046));
#6046 = ORIENTED_EDGE('',*,*,#6047,.T.);
#6047 = EDGE_CURVE('',#6048,#6048,#6050,.T.);
#6048 = VERTEX_POINT('',#6049);
#6049 = CARTESIAN_POINT('',(4.52,87.67,1.509994));
#6050 = CIRCLE('',#6051,0.5);
#6051 = AXIS2_PLACEMENT_3D('',#6052,#6053,#6054);
#6052 = CARTESIAN_POINT('',(4.52,88.17,1.509994));
#6053 = DIRECTION('',(-0.,0.,-1.));
#6054 = DIRECTION('',(-0.,-1.,0.));
#6055 = FACE_BOUND('',#6056,.T.);
#6056 = EDGE_LOOP('',(#6057));
#6057 = ORIENTED_EDGE('',*,*,#6058,.T.);
#6058 = EDGE_CURVE('',#6059,#6059,#6061,.T.);
#6059 = VERTEX_POINT('',#6060);
#6060 = CARTESIAN_POINT('',(29.64,85.992,1.509994));
#6061 = CIRCLE('',#6062,0.508);
#6062 = AXIS2_PLACEMENT_3D('',#6063,#6064,#6065);
#6063 = CARTESIAN_POINT('',(29.64,86.5,1.509994));
#6064 = DIRECTION('',(-0.,0.,-1.));
#6065 = DIRECTION('',(-0.,-1.,0.));
#6066 = FACE_BOUND('',#6067,.T.);
#6067 = EDGE_LOOP('',(#6068));
#6068 = ORIENTED_EDGE('',*,*,#6069,.T.);
#6069 = EDGE_CURVE('',#6070,#6070,#6072,.T.);
#6070 = VERTEX_POINT('',#6071);
#6071 = CARTESIAN_POINT('',(32.18,85.992,1.509994));
#6072 = CIRCLE('',#6073,0.508);
#6073 = AXIS2_PLACEMENT_3D('',#6074,#6075,#6076);
#6074 = CARTESIAN_POINT('',(32.18,86.5,1.509994));
#6075 = DIRECTION('',(-0.,0.,-1.));
#6076 = DIRECTION('',(-0.,-1.,0.));
#6077 = FACE_BOUND('',#6078,.T.);
#6078 = EDGE_LOOP('',(#6079));
#6079 = ORIENTED_EDGE('',*,*,#6080,.T.);
#6080 = EDGE_CURVE('',#6081,#6081,#6083,.T.);
#6081 = VERTEX_POINT('',#6082);
#6082 = CARTESIAN_POINT('',(5.33,104.91,1.509994));
#6083 = CIRCLE('',#6084,0.45);
#6084 = AXIS2_PLACEMENT_3D('',#6085,#6086,#6087);
#6085 = CARTESIAN_POINT('',(5.33,105.36,1.509994));
#6086 = DIRECTION('',(-0.,0.,-1.));
#6087 = DIRECTION('',(-0.,-1.,0.));
#6088 = FACE_BOUND('',#6089,.T.);
#6089 = EDGE_LOOP('',(#6090));
#6090 = ORIENTED_EDGE('',*,*,#6091,.T.);
#6091 = EDGE_CURVE('',#6092,#6092,#6094,.T.);
#6092 = VERTEX_POINT('',#6093);
#6093 = CARTESIAN_POINT('',(5.33,109.31,1.509994));
#6094 = CIRCLE('',#6095,0.45);
#6095 = AXIS2_PLACEMENT_3D('',#6096,#6097,#6098);
#6096 = CARTESIAN_POINT('',(5.33,109.76,1.509994));
#6097 = DIRECTION('',(-0.,0.,-1.));
#6098 = DIRECTION('',(-0.,-1.,0.));
#6099 = FACE_BOUND('',#6100,.T.);
#6100 = EDGE_LOOP('',(#6101));
#6101 = ORIENTED_EDGE('',*,*,#6102,.T.);
#6102 = EDGE_CURVE('',#6103,#6103,#6105,.T.);
#6103 = VERTEX_POINT('',#6104);
#6104 = CARTESIAN_POINT('',(39.62,80.362,1.509994));
#6105 = CIRCLE('',#6106,0.508);
#6106 = AXIS2_PLACEMENT_3D('',#6107,#6108,#6109);
#6107 = CARTESIAN_POINT('',(39.62,80.87,1.509994));
#6108 = DIRECTION('',(-0.,0.,-1.));
#6109 = DIRECTION('',(-1.398706172756E-14,-1.,0.));
#6110 = FACE_BOUND('',#6111,.T.);
#6111 = EDGE_LOOP('',(#6112));
#6112 = ORIENTED_EDGE('',*,*,#6113,.T.);
#6113 = EDGE_CURVE('',#6114,#6114,#6116,.T.);
#6114 = VERTEX_POINT('',#6115);
#6115 = CARTESIAN_POINT('',(42.16,80.362,1.509994));
#6116 = CIRCLE('',#6117,0.508);
#6117 = AXIS2_PLACEMENT_3D('',#6118,#6119,#6120);
#6118 = CARTESIAN_POINT('',(42.16,80.87,1.509994));
#6119 = DIRECTION('',(-0.,0.,-1.));
#6120 = DIRECTION('',(-0.,-1.,0.));
#6121 = FACE_BOUND('',#6122,.T.);
#6122 = EDGE_LOOP('',(#6123));
#6123 = ORIENTED_EDGE('',*,*,#6124,.T.);
#6124 = EDGE_CURVE('',#6125,#6125,#6127,.T.);
#6125 = VERTEX_POINT('',#6126);
#6126 = CARTESIAN_POINT('',(44.7,80.362,1.509994));
#6127 = CIRCLE('',#6128,0.508);
#6128 = AXIS2_PLACEMENT_3D('',#6129,#6130,#6131);
#6129 = CARTESIAN_POINT('',(44.7,80.87,1.509994));
#6130 = DIRECTION('',(-0.,0.,-1.));
#6131 = DIRECTION('',(-0.,-1.,0.));
#6132 = FACE_BOUND('',#6133,.T.);
#6133 = EDGE_LOOP('',(#6134));
#6134 = ORIENTED_EDGE('',*,*,#6135,.T.);
#6135 = EDGE_CURVE('',#6136,#6136,#6138,.T.);
#6136 = VERTEX_POINT('',#6137);
#6137 = CARTESIAN_POINT('',(47.24,80.362,1.509994));
#6138 = CIRCLE('',#6139,0.508);
#6139 = AXIS2_PLACEMENT_3D('',#6140,#6141,#6142);
#6140 = CARTESIAN_POINT('',(47.24,80.87,1.509994));
#6141 = DIRECTION('',(-0.,0.,-1.));
#6142 = DIRECTION('',(1.398706172756E-14,-1.,-0.));
#6143 = FACE_BOUND('',#6144,.T.);
#6144 = EDGE_LOOP('',(#6145));
#6145 = ORIENTED_EDGE('',*,*,#6146,.T.);
#6146 = EDGE_CURVE('',#6147,#6147,#6149,.T.);
#6147 = VERTEX_POINT('',#6148);
#6148 = CARTESIAN_POINT('',(34.72,85.992,1.509994));
#6149 = CIRCLE('',#6150,0.508);
#6150 = AXIS2_PLACEMENT_3D('',#6151,#6152,#6153);
#6151 = CARTESIAN_POINT('',(34.72,86.5,1.509994));
#6152 = DIRECTION('',(-0.,0.,-1.));
#6153 = DIRECTION('',(-0.,-1.,0.));
#6154 = FACE_BOUND('',#6155,.T.);
#6155 = EDGE_LOOP('',(#6156));
#6156 = ORIENTED_EDGE('',*,*,#6157,.T.);
#6157 = EDGE_CURVE('',#6158,#6158,#6160,.T.);
#6158 = VERTEX_POINT('',#6159);
#6159 = CARTESIAN_POINT('',(37.26,85.992,1.509994));
#6160 = CIRCLE('',#6161,0.508);
#6161 = AXIS2_PLACEMENT_3D('',#6162,#6163,#6164);
#6162 = CARTESIAN_POINT('',(37.26,86.5,1.509994));
#6163 = DIRECTION('',(-0.,0.,-1.));
#6164 = DIRECTION('',(-1.398706172756E-14,-1.,0.));
#6165 = FACE_BOUND('',#6166,.T.);
#6166 = EDGE_LOOP('',(#6167));
#6167 = ORIENTED_EDGE('',*,*,#6168,.T.);
#6168 = EDGE_CURVE('',#6169,#6169,#6171,.T.);
#6169 = VERTEX_POINT('',#6170);
#6170 = CARTESIAN_POINT('',(34.63,93.612,1.509994));
#6171 = CIRCLE('',#6172,0.508);
#6172 = AXIS2_PLACEMENT_3D('',#6173,#6174,#6175);
#6173 = CARTESIAN_POINT('',(34.63,94.12,1.509994));
#6174 = DIRECTION('',(-0.,0.,-1.));
#6175 = DIRECTION('',(1.398706172756E-14,-1.,-0.));
#6176 = FACE_BOUND('',#6177,.T.);
#6177 = EDGE_LOOP('',(#6178));
#6178 = ORIENTED_EDGE('',*,*,#6179,.T.);
#6179 = EDGE_CURVE('',#6180,#6180,#6182,.T.);
#6180 = VERTEX_POINT('',#6181);
#6181 = CARTESIAN_POINT('',(37.17,93.612,1.509994));
#6182 = CIRCLE('',#6183,0.508);
#6183 = AXIS2_PLACEMENT_3D('',#6184,#6185,#6186);
#6184 = CARTESIAN_POINT('',(37.17,94.12,1.509994));
#6185 = DIRECTION('',(-0.,0.,-1.));
#6186 = DIRECTION('',(-0.,-1.,0.));
#6187 = FACE_BOUND('',#6188,.T.);
#6188 = EDGE_LOOP('',(#6189));
#6189 = ORIENTED_EDGE('',*,*,#6190,.T.);
#6190 = EDGE_CURVE('',#6191,#6191,#6193,.T.);
#6191 = VERTEX_POINT('',#6192);
#6192 = CARTESIAN_POINT('',(39.71,93.612,1.509994));
#6193 = CIRCLE('',#6194,0.508);
#6194 = AXIS2_PLACEMENT_3D('',#6195,#6196,#6197);
#6195 = CARTESIAN_POINT('',(39.71,94.12,1.509994));
#6196 = DIRECTION('',(-0.,0.,-1.));
#6197 = DIRECTION('',(-0.,-1.,0.));
#6198 = FACE_BOUND('',#6199,.T.);
#6199 = EDGE_LOOP('',(#6200));
#6200 = ORIENTED_EDGE('',*,*,#6201,.T.);
#6201 = EDGE_CURVE('',#6202,#6202,#6204,.T.);
#6202 = VERTEX_POINT('',#6203);
#6203 = CARTESIAN_POINT('',(44.64,86.512,1.509994));
#6204 = CIRCLE('',#6205,0.508);
#6205 = AXIS2_PLACEMENT_3D('',#6206,#6207,#6208);
#6206 = CARTESIAN_POINT('',(44.64,87.02,1.509994));
#6207 = DIRECTION('',(-0.,0.,-1.));
#6208 = DIRECTION('',(-0.,-1.,0.));
#6209 = FACE_BOUND('',#6210,.T.);
#6210 = EDGE_LOOP('',(#6211));
#6211 = ORIENTED_EDGE('',*,*,#6212,.T.);
#6212 = EDGE_CURVE('',#6213,#6213,#6215,.T.);
#6213 = VERTEX_POINT('',#6214);
#6214 = CARTESIAN_POINT('',(47.18,86.512,1.509994));
#6215 = CIRCLE('',#6216,0.508);
#6216 = AXIS2_PLACEMENT_3D('',#6217,#6218,#6219);
#6217 = CARTESIAN_POINT('',(47.18,87.02,1.509994));
#6218 = DIRECTION('',(-0.,0.,-1.));
#6219 = DIRECTION('',(-0.,-1.,0.));
#6220 = FACE_BOUND('',#6221,.T.);
#6221 = EDGE_LOOP('',(#6222));
#6222 = ORIENTED_EDGE('',*,*,#6223,.T.);
#6223 = EDGE_CURVE('',#6224,#6224,#6226,.T.);
#6224 = VERTEX_POINT('',#6225);
#6225 = CARTESIAN_POINT('',(42.25,93.612,1.509994));
#6226 = CIRCLE('',#6227,0.508);
#6227 = AXIS2_PLACEMENT_3D('',#6228,#6229,#6230);
#6228 = CARTESIAN_POINT('',(42.25,94.12,1.509994));
#6229 = DIRECTION('',(-0.,0.,-1.));
#6230 = DIRECTION('',(-0.,-1.,0.));
#6231 = FACE_BOUND('',#6232,.T.);
#6232 = EDGE_LOOP('',(#6233));
#6233 = ORIENTED_EDGE('',*,*,#6234,.T.);
#6234 = EDGE_CURVE('',#6235,#6235,#6237,.T.);
#6235 = VERTEX_POINT('',#6236);
#6236 = CARTESIAN_POINT('',(44.79,93.612,1.509994));
#6237 = CIRCLE('',#6238,0.508);
#6238 = AXIS2_PLACEMENT_3D('',#6239,#6240,#6241);
#6239 = CARTESIAN_POINT('',(44.79,94.12,1.509994));
#6240 = DIRECTION('',(-0.,0.,-1.));
#6241 = DIRECTION('',(-0.,-1.,0.));
#6242 = FACE_BOUND('',#6243,.T.);
#6243 = EDGE_LOOP('',(#6244));
#6244 = ORIENTED_EDGE('',*,*,#6245,.T.);
#6245 = EDGE_CURVE('',#6246,#6246,#6248,.T.);
#6246 = VERTEX_POINT('',#6247);
#6247 = CARTESIAN_POINT('',(47.33,93.612,1.509994));
#6248 = CIRCLE('',#6249,0.508);
#6249 = AXIS2_PLACEMENT_3D('',#6250,#6251,#6252);
#6250 = CARTESIAN_POINT('',(47.33,94.12,1.509994));
#6251 = DIRECTION('',(-0.,0.,-1.));
#6252 = DIRECTION('',(-0.,-1.,0.));
#6253 = FACE_BOUND('',#6254,.T.);
#6254 = EDGE_LOOP('',(#6255));
#6255 = ORIENTED_EDGE('',*,*,#6256,.T.);
#6256 = EDGE_CURVE('',#6257,#6257,#6259,.T.);
#6257 = VERTEX_POINT('',#6258);
#6258 = CARTESIAN_POINT('',(49.78,80.362,1.509994));
#6259 = CIRCLE('',#6260,0.508);
#6260 = AXIS2_PLACEMENT_3D('',#6261,#6262,#6263);
#6261 = CARTESIAN_POINT('',(49.78,80.87,1.509994));
#6262 = DIRECTION('',(-0.,0.,-1.));
#6263 = DIRECTION('',(-0.,-1.,0.));
#6264 = FACE_BOUND('',#6265,.T.);
#6265 = EDGE_LOOP('',(#6266));
#6266 = ORIENTED_EDGE('',*,*,#6267,.T.);
#6267 = EDGE_CURVE('',#6268,#6268,#6270,.T.);
#6268 = VERTEX_POINT('',#6269);
#6269 = CARTESIAN_POINT('',(52.32,80.362,1.509994));
#6270 = CIRCLE('',#6271,0.508);
#6271 = AXIS2_PLACEMENT_3D('',#6272,#6273,#6274);
#6272 = CARTESIAN_POINT('',(52.32,80.87,1.509994));
#6273 = DIRECTION('',(-0.,0.,-1.));
#6274 = DIRECTION('',(-0.,-1.,0.));
#6275 = FACE_BOUND('',#6276,.T.);
#6276 = EDGE_LOOP('',(#6277));
#6277 = ORIENTED_EDGE('',*,*,#6278,.T.);
#6278 = EDGE_CURVE('',#6279,#6279,#6281,.T.);
#6279 = VERTEX_POINT('',#6280);
#6280 = CARTESIAN_POINT('',(58.72,77.942,1.509994));
#6281 = CIRCLE('',#6282,0.508);
#6282 = AXIS2_PLACEMENT_3D('',#6283,#6284,#6285);
#6283 = CARTESIAN_POINT('',(58.72,78.45,1.509994));
#6284 = DIRECTION('',(-0.,0.,-1.));
#6285 = DIRECTION('',(-0.,-1.,0.));
#6286 = FACE_BOUND('',#6287,.T.);
#6287 = EDGE_LOOP('',(#6288));
#6288 = ORIENTED_EDGE('',*,*,#6289,.T.);
#6289 = EDGE_CURVE('',#6290,#6290,#6292,.T.);
#6290 = VERTEX_POINT('',#6291);
#6291 = CARTESIAN_POINT('',(58.72,80.482,1.509994));
#6292 = CIRCLE('',#6293,0.508);
#6293 = AXIS2_PLACEMENT_3D('',#6294,#6295,#6296);
#6294 = CARTESIAN_POINT('',(58.72,80.99,1.509994));
#6295 = DIRECTION('',(-0.,0.,-1.));
#6296 = DIRECTION('',(-0.,-1.,0.));
#6297 = FACE_BOUND('',#6298,.T.);
#6298 = EDGE_LOOP('',(#6299));
#6299 = ORIENTED_EDGE('',*,*,#6300,.T.);
#6300 = EDGE_CURVE('',#6301,#6301,#6303,.T.);
#6301 = VERTEX_POINT('',#6302);
#6302 = CARTESIAN_POINT('',(49.72,86.512,1.509994));
#6303 = CIRCLE('',#6304,0.508);
#6304 = AXIS2_PLACEMENT_3D('',#6305,#6306,#6307);
#6305 = CARTESIAN_POINT('',(49.72,87.02,1.509994));
#6306 = DIRECTION('',(-0.,0.,-1.));
#6307 = DIRECTION('',(-0.,-1.,0.));
#6308 = FACE_BOUND('',#6309,.T.);
#6309 = EDGE_LOOP('',(#6310));
#6310 = ORIENTED_EDGE('',*,*,#6311,.T.);
#6311 = EDGE_CURVE('',#6312,#6312,#6314,.T.);
#6312 = VERTEX_POINT('',#6313);
#6313 = CARTESIAN_POINT('',(52.26,86.512,1.509994));
#6314 = CIRCLE('',#6315,0.508);
#6315 = AXIS2_PLACEMENT_3D('',#6316,#6317,#6318);
#6316 = CARTESIAN_POINT('',(52.26,87.02,1.509994));
#6317 = DIRECTION('',(-0.,0.,-1.));
#6318 = DIRECTION('',(-1.398706172756E-14,-1.,0.));
#6319 = FACE_BOUND('',#6320,.T.);
#6320 = EDGE_LOOP('',(#6321));
#6321 = ORIENTED_EDGE('',*,*,#6322,.T.);
#6322 = EDGE_CURVE('',#6323,#6323,#6325,.T.);
#6323 = VERTEX_POINT('',#6324);
#6324 = CARTESIAN_POINT('',(49.87,93.612,1.509994));
#6325 = CIRCLE('',#6326,0.508);
#6326 = AXIS2_PLACEMENT_3D('',#6327,#6328,#6329);
#6327 = CARTESIAN_POINT('',(49.87,94.12,1.509994));
#6328 = DIRECTION('',(-0.,0.,-1.));
#6329 = DIRECTION('',(-1.398706172756E-14,-1.,0.));
#6330 = FACE_BOUND('',#6331,.T.);
#6331 = EDGE_LOOP('',(#6332));
#6332 = ORIENTED_EDGE('',*,*,#6333,.T.);
#6333 = EDGE_CURVE('',#6334,#6334,#6336,.T.);
#6334 = VERTEX_POINT('',#6335);
#6335 = CARTESIAN_POINT('',(52.41,93.612,1.509994));
#6336 = CIRCLE('',#6337,0.508);
#6337 = AXIS2_PLACEMENT_3D('',#6338,#6339,#6340);
#6338 = CARTESIAN_POINT('',(52.41,94.12,1.509994));
#6339 = DIRECTION('',(-0.,0.,-1.));
#6340 = DIRECTION('',(-0.,-1.,0.));
#6341 = FACE_BOUND('',#6342,.T.);
#6342 = EDGE_LOOP('',(#6343));
#6343 = ORIENTED_EDGE('',*,*,#6344,.T.);
#6344 = EDGE_CURVE('',#6345,#6345,#6347,.T.);
#6345 = VERTEX_POINT('',#6346);
#6346 = CARTESIAN_POINT('',(48.76,104.042,1.509994));
#6347 = CIRCLE('',#6348,0.508);
#6348 = AXIS2_PLACEMENT_3D('',#6349,#6350,#6351);
#6349 = CARTESIAN_POINT('',(48.76,104.55,1.509994));
#6350 = DIRECTION('',(-0.,0.,-1.));
#6351 = DIRECTION('',(-1.398706172756E-14,-1.,0.));
#6352 = FACE_BOUND('',#6353,.T.);
#6353 = EDGE_LOOP('',(#6354));
#6354 = ORIENTED_EDGE('',*,*,#6355,.T.);
#6355 = EDGE_CURVE('',#6356,#6356,#6358,.T.);
#6356 = VERTEX_POINT('',#6357);
#6357 = CARTESIAN_POINT('',(48.76,106.582,1.509994));
#6358 = CIRCLE('',#6359,0.508);
#6359 = AXIS2_PLACEMENT_3D('',#6360,#6361,#6362);
#6360 = CARTESIAN_POINT('',(48.76,107.09,1.509994));
#6361 = DIRECTION('',(-0.,0.,-1.));
#6362 = DIRECTION('',(-1.398706172756E-14,-1.,0.));
#6363 = FACE_BOUND('',#6364,.T.);
#6364 = EDGE_LOOP('',(#6365));
#6365 = ORIENTED_EDGE('',*,*,#6366,.T.);
#6366 = EDGE_CURVE('',#6367,#6367,#6369,.T.);
#6367 = VERTEX_POINT('',#6368);
#6368 = CARTESIAN_POINT('',(48.76,109.122,1.509994));
#6369 = CIRCLE('',#6370,0.508);
#6370 = AXIS2_PLACEMENT_3D('',#6371,#6372,#6373);
#6371 = CARTESIAN_POINT('',(48.76,109.63,1.509994));
#6372 = DIRECTION('',(-0.,0.,-1.));
#6373 = DIRECTION('',(-1.398706172756E-14,-1.,0.));
#6374 = FACE_BOUND('',#6375,.T.);
#6375 = EDGE_LOOP('',(#6376));
#6376 = ORIENTED_EDGE('',*,*,#6377,.T.);
#6377 = EDGE_CURVE('',#6378,#6378,#6380,.T.);
#6378 = VERTEX_POINT('',#6379);
#6379 = CARTESIAN_POINT('',(48.76,111.662,1.509994));
#6380 = CIRCLE('',#6381,0.508);
#6381 = AXIS2_PLACEMENT_3D('',#6382,#6383,#6384);
#6382 = CARTESIAN_POINT('',(48.76,112.17,1.509994));
#6383 = DIRECTION('',(-0.,0.,-1.));
#6384 = DIRECTION('',(-1.398706172756E-14,-1.,0.));
#6385 = FACE_BOUND('',#6386,.T.);
#6386 = EDGE_LOOP('',(#6387));
#6387 = ORIENTED_EDGE('',*,*,#6388,.T.);
#6388 = EDGE_CURVE('',#6389,#6389,#6391,.T.);
#6389 = VERTEX_POINT('',#6390);
#6390 = CARTESIAN_POINT('',(51.3,104.042,1.509994));
#6391 = CIRCLE('',#6392,0.508);
#6392 = AXIS2_PLACEMENT_3D('',#6393,#6394,#6395);
#6393 = CARTESIAN_POINT('',(51.3,104.55,1.509994));
#6394 = DIRECTION('',(-0.,0.,-1.));
#6395 = DIRECTION('',(-0.,-1.,0.));
#6396 = FACE_BOUND('',#6397,.T.);
#6397 = EDGE_LOOP('',(#6398));
#6398 = ORIENTED_EDGE('',*,*,#6399,.T.);
#6399 = EDGE_CURVE('',#6400,#6400,#6402,.T.);
#6400 = VERTEX_POINT('',#6401);
#6401 = CARTESIAN_POINT('',(51.3,106.582,1.509994));
#6402 = CIRCLE('',#6403,0.508);
#6403 = AXIS2_PLACEMENT_3D('',#6404,#6405,#6406);
#6404 = CARTESIAN_POINT('',(51.3,107.09,1.509994));
#6405 = DIRECTION('',(-0.,0.,-1.));
#6406 = DIRECTION('',(-0.,-1.,0.));
#6407 = FACE_BOUND('',#6408,.T.);
#6408 = EDGE_LOOP('',(#6409));
#6409 = ORIENTED_EDGE('',*,*,#6410,.T.);
#6410 = EDGE_CURVE('',#6411,#6411,#6413,.T.);
#6411 = VERTEX_POINT('',#6412);
#6412 = CARTESIAN_POINT('',(51.3,109.122,1.509994));
#6413 = CIRCLE('',#6414,0.508);
#6414 = AXIS2_PLACEMENT_3D('',#6415,#6416,#6417);
#6415 = CARTESIAN_POINT('',(51.3,109.63,1.509994));
#6416 = DIRECTION('',(-0.,0.,-1.));
#6417 = DIRECTION('',(-0.,-1.,0.));
#6418 = FACE_BOUND('',#6419,.T.);
#6419 = EDGE_LOOP('',(#6420));
#6420 = ORIENTED_EDGE('',*,*,#6421,.T.);
#6421 = EDGE_CURVE('',#6422,#6422,#6424,.T.);
#6422 = VERTEX_POINT('',#6423);
#6423 = CARTESIAN_POINT('',(51.3,111.662,1.509994));
#6424 = CIRCLE('',#6425,0.508);
#6425 = AXIS2_PLACEMENT_3D('',#6426,#6427,#6428);
#6426 = CARTESIAN_POINT('',(51.3,112.17,1.509994));
#6427 = DIRECTION('',(-0.,0.,-1.));
#6428 = DIRECTION('',(-0.,-1.,0.));
#6429 = FACE_BOUND('',#6430,.T.);
#6430 = EDGE_LOOP('',(#6431));
#6431 = ORIENTED_EDGE('',*,*,#6432,.T.);
#6432 = EDGE_CURVE('',#6433,#6433,#6435,.T.);
#6433 = VERTEX_POINT('',#6434);
#6434 = CARTESIAN_POINT('',(5.52,139.79,1.509994));
#6435 = CIRCLE('',#6436,0.5);
#6436 = AXIS2_PLACEMENT_3D('',#6437,#6438,#6439);
#6437 = CARTESIAN_POINT('',(5.52,140.29,1.509994));
#6438 = DIRECTION('',(-0.,0.,-1.));
#6439 = DIRECTION('',(-0.,-1.,0.));
#6440 = FACE_BOUND('',#6441,.T.);
#6441 = EDGE_LOOP('',(#6442));
#6442 = ORIENTED_EDGE('',*,*,#6443,.T.);
#6443 = EDGE_CURVE('',#6444,#6444,#6446,.T.);
#6444 = VERTEX_POINT('',#6445);
#6445 = CARTESIAN_POINT('',(5.52,142.33,1.509994));
#6446 = CIRCLE('',#6447,0.5);
#6447 = AXIS2_PLACEMENT_3D('',#6448,#6449,#6450);
#6448 = CARTESIAN_POINT('',(5.52,142.83,1.509994));
#6449 = DIRECTION('',(-0.,0.,-1.));
#6450 = DIRECTION('',(-0.,-1.,0.));
#6451 = FACE_BOUND('',#6452,.T.);
#6452 = EDGE_LOOP('',(#6453));
#6453 = ORIENTED_EDGE('',*,*,#6454,.T.);
#6454 = EDGE_CURVE('',#6455,#6455,#6457,.T.);
#6455 = VERTEX_POINT('',#6456);
#6456 = CARTESIAN_POINT('',(48.76,114.202,1.509994));
#6457 = CIRCLE('',#6458,0.508);
#6458 = AXIS2_PLACEMENT_3D('',#6459,#6460,#6461);
#6459 = CARTESIAN_POINT('',(48.76,114.71,1.509994));
#6460 = DIRECTION('',(-0.,0.,-1.));
#6461 = DIRECTION('',(-1.398706172756E-14,-1.,0.));
#6462 = FACE_BOUND('',#6463,.T.);
#6463 = EDGE_LOOP('',(#6464));
#6464 = ORIENTED_EDGE('',*,*,#6465,.T.);
#6465 = EDGE_CURVE('',#6466,#6466,#6468,.T.);
#6466 = VERTEX_POINT('',#6467);
#6467 = CARTESIAN_POINT('',(48.76,116.742,1.509994));
#6468 = CIRCLE('',#6469,0.508);
#6469 = AXIS2_PLACEMENT_3D('',#6470,#6471,#6472);
#6470 = CARTESIAN_POINT('',(48.76,117.25,1.509994));
#6471 = DIRECTION('',(-0.,0.,-1.));
#6472 = DIRECTION('',(-1.398706172756E-14,-1.,0.));
#6473 = FACE_BOUND('',#6474,.T.);
#6474 = EDGE_LOOP('',(#6475));
#6475 = ORIENTED_EDGE('',*,*,#6476,.T.);
#6476 = EDGE_CURVE('',#6477,#6477,#6479,.T.);
#6477 = VERTEX_POINT('',#6478);
#6478 = CARTESIAN_POINT('',(48.76,119.282,1.509994));
#6479 = CIRCLE('',#6480,0.508);
#6480 = AXIS2_PLACEMENT_3D('',#6481,#6482,#6483);
#6481 = CARTESIAN_POINT('',(48.76,119.79,1.509994));
#6482 = DIRECTION('',(-0.,0.,-1.));
#6483 = DIRECTION('',(-1.398706172756E-14,-1.,0.));
#6484 = FACE_BOUND('',#6485,.T.);
#6485 = EDGE_LOOP('',(#6486));
#6486 = ORIENTED_EDGE('',*,*,#6487,.T.);
#6487 = EDGE_CURVE('',#6488,#6488,#6490,.T.);
#6488 = VERTEX_POINT('',#6489);
#6489 = CARTESIAN_POINT('',(48.76,121.822,1.509994));
#6490 = CIRCLE('',#6491,0.508);
#6491 = AXIS2_PLACEMENT_3D('',#6492,#6493,#6494);
#6492 = CARTESIAN_POINT('',(48.76,122.33,1.509994));
#6493 = DIRECTION('',(-0.,0.,-1.));
#6494 = DIRECTION('',(-1.398706172756E-14,-1.,0.));
#6495 = FACE_BOUND('',#6496,.T.);
#6496 = EDGE_LOOP('',(#6497));
#6497 = ORIENTED_EDGE('',*,*,#6498,.T.);
#6498 = EDGE_CURVE('',#6499,#6499,#6501,.T.);
#6499 = VERTEX_POINT('',#6500);
#6500 = CARTESIAN_POINT('',(48.76,124.362,1.509994));
#6501 = CIRCLE('',#6502,0.508);
#6502 = AXIS2_PLACEMENT_3D('',#6503,#6504,#6505);
#6503 = CARTESIAN_POINT('',(48.76,124.87,1.509994));
#6504 = DIRECTION('',(-0.,0.,-1.));
#6505 = DIRECTION('',(-1.398706172756E-14,-1.,0.));
#6506 = FACE_BOUND('',#6507,.T.);
#6507 = EDGE_LOOP('',(#6508));
#6508 = ORIENTED_EDGE('',*,*,#6509,.T.);
#6509 = EDGE_CURVE('',#6510,#6510,#6512,.T.);
#6510 = VERTEX_POINT('',#6511);
#6511 = CARTESIAN_POINT('',(48.76,126.902,1.509994));
#6512 = CIRCLE('',#6513,0.508);
#6513 = AXIS2_PLACEMENT_3D('',#6514,#6515,#6516);
#6514 = CARTESIAN_POINT('',(48.76,127.41,1.509994));
#6515 = DIRECTION('',(-0.,0.,-1.));
#6516 = DIRECTION('',(-1.398706172756E-14,-1.,0.));
#6517 = FACE_BOUND('',#6518,.T.);
#6518 = EDGE_LOOP('',(#6519));
#6519 = ORIENTED_EDGE('',*,*,#6520,.T.);
#6520 = EDGE_CURVE('',#6521,#6521,#6523,.T.);
#6521 = VERTEX_POINT('',#6522);
#6522 = CARTESIAN_POINT('',(51.3,114.202,1.509994));
#6523 = CIRCLE('',#6524,0.508);
#6524 = AXIS2_PLACEMENT_3D('',#6525,#6526,#6527);
#6525 = CARTESIAN_POINT('',(51.3,114.71,1.509994));
#6526 = DIRECTION('',(-0.,0.,-1.));
#6527 = DIRECTION('',(-0.,-1.,0.));
#6528 = FACE_BOUND('',#6529,.T.);
#6529 = EDGE_LOOP('',(#6530));
#6530 = ORIENTED_EDGE('',*,*,#6531,.T.);
#6531 = EDGE_CURVE('',#6532,#6532,#6534,.T.);
#6532 = VERTEX_POINT('',#6533);
#6533 = CARTESIAN_POINT('',(51.3,116.742,1.509994));
#6534 = CIRCLE('',#6535,0.508);
#6535 = AXIS2_PLACEMENT_3D('',#6536,#6537,#6538);
#6536 = CARTESIAN_POINT('',(51.3,117.25,1.509994));
#6537 = DIRECTION('',(-0.,0.,-1.));
#6538 = DIRECTION('',(-0.,-1.,0.));
#6539 = FACE_BOUND('',#6540,.T.);
#6540 = EDGE_LOOP('',(#6541));
#6541 = ORIENTED_EDGE('',*,*,#6542,.T.);
#6542 = EDGE_CURVE('',#6543,#6543,#6545,.T.);
#6543 = VERTEX_POINT('',#6544);
#6544 = CARTESIAN_POINT('',(51.3,119.282,1.509994));
#6545 = CIRCLE('',#6546,0.508);
#6546 = AXIS2_PLACEMENT_3D('',#6547,#6548,#6549);
#6547 = CARTESIAN_POINT('',(51.3,119.79,1.509994));
#6548 = DIRECTION('',(-0.,0.,-1.));
#6549 = DIRECTION('',(-0.,-1.,0.));
#6550 = FACE_BOUND('',#6551,.T.);
#6551 = EDGE_LOOP('',(#6552));
#6552 = ORIENTED_EDGE('',*,*,#6553,.T.);
#6553 = EDGE_CURVE('',#6554,#6554,#6556,.T.);
#6554 = VERTEX_POINT('',#6555);
#6555 = CARTESIAN_POINT('',(51.3,121.822,1.509994));
#6556 = CIRCLE('',#6557,0.508);
#6557 = AXIS2_PLACEMENT_3D('',#6558,#6559,#6560);
#6558 = CARTESIAN_POINT('',(51.3,122.33,1.509994));
#6559 = DIRECTION('',(-0.,0.,-1.));
#6560 = DIRECTION('',(-0.,-1.,0.));
#6561 = FACE_BOUND('',#6562,.T.);
#6562 = EDGE_LOOP('',(#6563));
#6563 = ORIENTED_EDGE('',*,*,#6564,.T.);
#6564 = EDGE_CURVE('',#6565,#6565,#6567,.T.);
#6565 = VERTEX_POINT('',#6566);
#6566 = CARTESIAN_POINT('',(51.3,124.362,1.509994));
#6567 = CIRCLE('',#6568,0.508);
#6568 = AXIS2_PLACEMENT_3D('',#6569,#6570,#6571);
#6569 = CARTESIAN_POINT('',(51.3,124.87,1.509994));
#6570 = DIRECTION('',(-0.,0.,-1.));
#6571 = DIRECTION('',(-0.,-1.,0.));
#6572 = FACE_BOUND('',#6573,.T.);
#6573 = EDGE_LOOP('',(#6574));
#6574 = ORIENTED_EDGE('',*,*,#6575,.T.);
#6575 = EDGE_CURVE('',#6576,#6576,#6578,.T.);
#6576 = VERTEX_POINT('',#6577);
#6577 = CARTESIAN_POINT('',(51.3,126.902,1.509994));
#6578 = CIRCLE('',#6579,0.508);
#6579 = AXIS2_PLACEMENT_3D('',#6580,#6581,#6582);
#6580 = CARTESIAN_POINT('',(51.3,127.41,1.509994));
#6581 = DIRECTION('',(-0.,0.,-1.));
#6582 = DIRECTION('',(-0.,-1.,0.));
#6583 = FACE_BOUND('',#6584,.T.);
#6584 = EDGE_LOOP('',(#6585));
#6585 = ORIENTED_EDGE('',*,*,#6586,.T.);
#6586 = EDGE_CURVE('',#6587,#6587,#6589,.T.);
#6587 = VERTEX_POINT('',#6588);
#6588 = CARTESIAN_POINT('',(63.41,124.872,1.509994));
#6589 = CIRCLE('',#6590,0.508);
#6590 = AXIS2_PLACEMENT_3D('',#6591,#6592,#6593);
#6591 = CARTESIAN_POINT('',(63.41,125.38,1.509994));
#6592 = DIRECTION('',(-0.,0.,-1.));
#6593 = DIRECTION('',(-0.,-1.,0.));
#6594 = FACE_BOUND('',#6595,.T.);
#6595 = EDGE_LOOP('',(#6596));
#6596 = ORIENTED_EDGE('',*,*,#6597,.T.);
#6597 = EDGE_CURVE('',#6598,#6598,#6600,.T.);
#6598 = VERTEX_POINT('',#6599);
#6599 = CARTESIAN_POINT('',(64.92,77.902,1.509994));
#6600 = CIRCLE('',#6601,0.508);
#6601 = AXIS2_PLACEMENT_3D('',#6602,#6603,#6604);
#6602 = CARTESIAN_POINT('',(64.92,78.41,1.509994));
#6603 = DIRECTION('',(-0.,0.,-1.));
#6604 = DIRECTION('',(-0.,-1.,0.));
#6605 = FACE_BOUND('',#6606,.T.);
#6606 = EDGE_LOOP('',(#6607));
#6607 = ORIENTED_EDGE('',*,*,#6608,.T.);
#6608 = EDGE_CURVE('',#6609,#6609,#6611,.T.);
#6609 = VERTEX_POINT('',#6610);
#6610 = CARTESIAN_POINT('',(70.47,77.832,1.509994));
#6611 = CIRCLE('',#6612,0.508);
#6612 = AXIS2_PLACEMENT_3D('',#6613,#6614,#6615);
#6613 = CARTESIAN_POINT('',(70.47,78.34,1.509994));
#6614 = DIRECTION('',(-0.,0.,-1.));
#6615 = DIRECTION('',(-0.,-1.,0.));
#6616 = FACE_BOUND('',#6617,.T.);
#6617 = EDGE_LOOP('',(#6618));
#6618 = ORIENTED_EDGE('',*,*,#6619,.T.);
#6619 = EDGE_CURVE('',#6620,#6620,#6622,.T.);
#6620 = VERTEX_POINT('',#6621);
#6621 = CARTESIAN_POINT('',(64.92,80.442,1.509994));
#6622 = CIRCLE('',#6623,0.508);
#6623 = AXIS2_PLACEMENT_3D('',#6624,#6625,#6626);
#6624 = CARTESIAN_POINT('',(64.92,80.95,1.509994));
#6625 = DIRECTION('',(-0.,0.,-1.));
#6626 = DIRECTION('',(-0.,-1.,0.));
#6627 = FACE_BOUND('',#6628,.T.);
#6628 = EDGE_LOOP('',(#6629));
#6629 = ORIENTED_EDGE('',*,*,#6630,.T.);
#6630 = EDGE_CURVE('',#6631,#6631,#6633,.T.);
#6631 = VERTEX_POINT('',#6632);
#6632 = CARTESIAN_POINT('',(70.47,80.372,1.509994));
#6633 = CIRCLE('',#6634,0.508);
#6634 = AXIS2_PLACEMENT_3D('',#6635,#6636,#6637);
#6635 = CARTESIAN_POINT('',(70.47,80.88,1.509994));
#6636 = DIRECTION('',(-0.,0.,-1.));
#6637 = DIRECTION('',(-0.,-1.,0.));
#6638 = FACE_BOUND('',#6639,.T.);
#6639 = EDGE_LOOP('',(#6640));
#6640 = ORIENTED_EDGE('',*,*,#6641,.T.);
#6641 = EDGE_CURVE('',#6642,#6642,#6644,.T.);
#6642 = VERTEX_POINT('',#6643);
#6643 = CARTESIAN_POINT('',(75.96,77.942,1.509994));
#6644 = CIRCLE('',#6645,0.508);
#6645 = AXIS2_PLACEMENT_3D('',#6646,#6647,#6648);
#6646 = CARTESIAN_POINT('',(75.96,78.45,1.509994));
#6647 = DIRECTION('',(-0.,0.,-1.));
#6648 = DIRECTION('',(-2.797412345512E-14,-1.,0.));
#6649 = FACE_BOUND('',#6650,.T.);
#6650 = EDGE_LOOP('',(#6651));
#6651 = ORIENTED_EDGE('',*,*,#6652,.T.);
#6652 = EDGE_CURVE('',#6653,#6653,#6655,.T.);
#6653 = VERTEX_POINT('',#6654);
#6654 = CARTESIAN_POINT('',(78.5,77.942,1.509994));
#6655 = CIRCLE('',#6656,0.508);
#6656 = AXIS2_PLACEMENT_3D('',#6657,#6658,#6659);
#6657 = CARTESIAN_POINT('',(78.5,78.45,1.509994));
#6658 = DIRECTION('',(-0.,0.,-1.));
#6659 = DIRECTION('',(-0.,-1.,0.));
#6660 = FACE_BOUND('',#6661,.T.);
#6661 = EDGE_LOOP('',(#6662));
#6662 = ORIENTED_EDGE('',*,*,#6663,.T.);
#6663 = EDGE_CURVE('',#6664,#6664,#6666,.T.);
#6664 = VERTEX_POINT('',#6665);
#6665 = CARTESIAN_POINT('',(75.96,80.482,1.509994));
#6666 = CIRCLE('',#6667,0.508);
#6667 = AXIS2_PLACEMENT_3D('',#6668,#6669,#6670);
#6668 = CARTESIAN_POINT('',(75.96,80.99,1.509994));
#6669 = DIRECTION('',(-0.,0.,-1.));
#6670 = DIRECTION('',(-2.797412345512E-14,-1.,0.));
#6671 = FACE_BOUND('',#6672,.T.);
#6672 = EDGE_LOOP('',(#6673));
#6673 = ORIENTED_EDGE('',*,*,#6674,.T.);
#6674 = EDGE_CURVE('',#6675,#6675,#6677,.T.);
#6675 = VERTEX_POINT('',#6676);
#6676 = CARTESIAN_POINT('',(78.5,80.482,1.509994));
#6677 = CIRCLE('',#6678,0.508);
#6678 = AXIS2_PLACEMENT_3D('',#6679,#6680,#6681);
#6679 = CARTESIAN_POINT('',(78.5,80.99,1.509994));
#6680 = DIRECTION('',(-0.,0.,-1.));
#6681 = DIRECTION('',(-0.,-1.,0.));
#6682 = FACE_BOUND('',#6683,.T.);
#6683 = EDGE_LOOP('',(#6684));
#6684 = ORIENTED_EDGE('',*,*,#6685,.T.);
#6685 = EDGE_CURVE('',#6686,#6686,#6688,.T.);
#6686 = VERTEX_POINT('',#6687);
#6687 = CARTESIAN_POINT('',(81.04,77.942,1.509994));
#6688 = CIRCLE('',#6689,0.508);
#6689 = AXIS2_PLACEMENT_3D('',#6690,#6691,#6692);
#6690 = CARTESIAN_POINT('',(81.04,78.45,1.509994));
#6691 = DIRECTION('',(-0.,0.,-1.));
#6692 = DIRECTION('',(2.797412345512E-14,-1.,-0.));
#6693 = FACE_BOUND('',#6694,.T.);
#6694 = EDGE_LOOP('',(#6695));
#6695 = ORIENTED_EDGE('',*,*,#6696,.T.);
#6696 = EDGE_CURVE('',#6697,#6697,#6699,.T.);
#6697 = VERTEX_POINT('',#6698);
#6698 = CARTESIAN_POINT('',(83.58,77.942,1.509994));
#6699 = CIRCLE('',#6700,0.508);
#6700 = AXIS2_PLACEMENT_3D('',#6701,#6702,#6703);
#6701 = CARTESIAN_POINT('',(83.58,78.45,1.509994));
#6702 = DIRECTION('',(-0.,0.,-1.));
#6703 = DIRECTION('',(-0.,-1.,0.));
#6704 = FACE_BOUND('',#6705,.T.);
#6705 = EDGE_LOOP('',(#6706));
#6706 = ORIENTED_EDGE('',*,*,#6707,.T.);
#6707 = EDGE_CURVE('',#6708,#6708,#6710,.T.);
#6708 = VERTEX_POINT('',#6709);
#6709 = CARTESIAN_POINT('',(86.12,77.942,1.509994));
#6710 = CIRCLE('',#6711,0.508);
#6711 = AXIS2_PLACEMENT_3D('',#6712,#6713,#6714);
#6712 = CARTESIAN_POINT('',(86.12,78.45,1.509994));
#6713 = DIRECTION('',(-0.,0.,-1.));
#6714 = DIRECTION('',(-0.,-1.,0.));
#6715 = FACE_BOUND('',#6716,.T.);
#6716 = EDGE_LOOP('',(#6717));
#6717 = ORIENTED_EDGE('',*,*,#6718,.T.);
#6718 = EDGE_CURVE('',#6719,#6719,#6721,.T.);
#6719 = VERTEX_POINT('',#6720);
#6720 = CARTESIAN_POINT('',(88.66,77.942,1.509994));
#6721 = CIRCLE('',#6722,0.508);
#6722 = AXIS2_PLACEMENT_3D('',#6723,#6724,#6725);
#6723 = CARTESIAN_POINT('',(88.66,78.45,1.509994));
#6724 = DIRECTION('',(-0.,0.,-1.));
#6725 = DIRECTION('',(-0.,-1.,0.));
#6726 = FACE_BOUND('',#6727,.T.);
#6727 = EDGE_LOOP('',(#6728));
#6728 = ORIENTED_EDGE('',*,*,#6729,.T.);
#6729 = EDGE_CURVE('',#6730,#6730,#6732,.T.);
#6730 = VERTEX_POINT('',#6731);
#6731 = CARTESIAN_POINT('',(81.04,80.482,1.509994));
#6732 = CIRCLE('',#6733,0.508);
#6733 = AXIS2_PLACEMENT_3D('',#6734,#6735,#6736);
#6734 = CARTESIAN_POINT('',(81.04,80.99,1.509994));
#6735 = DIRECTION('',(-0.,0.,-1.));
#6736 = DIRECTION('',(2.797412345512E-14,-1.,-0.));
#6737 = FACE_BOUND('',#6738,.T.);
#6738 = EDGE_LOOP('',(#6739));
#6739 = ORIENTED_EDGE('',*,*,#6740,.T.);
#6740 = EDGE_CURVE('',#6741,#6741,#6743,.T.);
#6741 = VERTEX_POINT('',#6742);
#6742 = CARTESIAN_POINT('',(83.58,80.482,1.509994));
#6743 = CIRCLE('',#6744,0.508);
#6744 = AXIS2_PLACEMENT_3D('',#6745,#6746,#6747);
#6745 = CARTESIAN_POINT('',(83.58,80.99,1.509994));
#6746 = DIRECTION('',(-0.,0.,-1.));
#6747 = DIRECTION('',(-0.,-1.,0.));
#6748 = FACE_BOUND('',#6749,.T.);
#6749 = EDGE_LOOP('',(#6750));
#6750 = ORIENTED_EDGE('',*,*,#6751,.T.);
#6751 = EDGE_CURVE('',#6752,#6752,#6754,.T.);
#6752 = VERTEX_POINT('',#6753);
#6753 = CARTESIAN_POINT('',(86.12,80.482,1.509994));
#6754 = CIRCLE('',#6755,0.508);
#6755 = AXIS2_PLACEMENT_3D('',#6756,#6757,#6758);
#6756 = CARTESIAN_POINT('',(86.12,80.99,1.509994));
#6757 = DIRECTION('',(-0.,0.,-1.));
#6758 = DIRECTION('',(-0.,-1.,0.));
#6759 = FACE_BOUND('',#6760,.T.);
#6760 = EDGE_LOOP('',(#6761));
#6761 = ORIENTED_EDGE('',*,*,#6762,.T.);
#6762 = EDGE_CURVE('',#6763,#6763,#6765,.T.);
#6763 = VERTEX_POINT('',#6764);
#6764 = CARTESIAN_POINT('',(88.66,80.482,1.509994));
#6765 = CIRCLE('',#6766,0.508);
#6766 = AXIS2_PLACEMENT_3D('',#6767,#6768,#6769);
#6767 = CARTESIAN_POINT('',(88.66,80.99,1.509994));
#6768 = DIRECTION('',(-0.,0.,-1.));
#6769 = DIRECTION('',(-0.,-1.,0.));
#6770 = FACE_BOUND('',#6771,.T.);
#6771 = EDGE_LOOP('',(#6772));
#6772 = ORIENTED_EDGE('',*,*,#6773,.T.);
#6773 = EDGE_CURVE('',#6774,#6774,#6776,.T.);
#6774 = VERTEX_POINT('',#6775);
#6775 = CARTESIAN_POINT('',(91.2,77.942,1.509994));
#6776 = CIRCLE('',#6777,0.508);
#6777 = AXIS2_PLACEMENT_3D('',#6778,#6779,#6780);
#6778 = CARTESIAN_POINT('',(91.2,78.45,1.509994));
#6779 = DIRECTION('',(-0.,0.,-1.));
#6780 = DIRECTION('',(2.797412345512E-14,-1.,-0.));
#6781 = FACE_BOUND('',#6782,.T.);
#6782 = EDGE_LOOP('',(#6783));
#6783 = ORIENTED_EDGE('',*,*,#6784,.T.);
#6784 = EDGE_CURVE('',#6785,#6785,#6787,.T.);
#6785 = VERTEX_POINT('',#6786);
#6786 = CARTESIAN_POINT('',(91.2,80.482,1.509994));
#6787 = CIRCLE('',#6788,0.508);
#6788 = AXIS2_PLACEMENT_3D('',#6789,#6790,#6791);
#6789 = CARTESIAN_POINT('',(91.2,80.99,1.509994));
#6790 = DIRECTION('',(-0.,0.,-1.));
#6791 = DIRECTION('',(2.797412345512E-14,-1.,-0.));
#6792 = FACE_BOUND('',#6793,.T.);
#6793 = EDGE_LOOP('',(#6794));
#6794 = ORIENTED_EDGE('',*,*,#6795,.T.);
#6795 = EDGE_CURVE('',#6796,#6796,#6798,.T.);
#6796 = VERTEX_POINT('',#6797);
#6797 = CARTESIAN_POINT('',(102.35,91.932,1.509994));
#6798 = CIRCLE('',#6799,0.508);
#6799 = AXIS2_PLACEMENT_3D('',#6800,#6801,#6802);
#6800 = CARTESIAN_POINT('',(102.35,92.44,1.509994));
#6801 = DIRECTION('',(-0.,0.,-1.));
#6802 = DIRECTION('',(-0.,-1.,0.));
#6803 = FACE_BOUND('',#6804,.T.);
#6804 = EDGE_LOOP('',(#6805));
#6805 = ORIENTED_EDGE('',*,*,#6806,.T.);
#6806 = EDGE_CURVE('',#6807,#6807,#6809,.T.);
#6807 = VERTEX_POINT('',#6808);
#6808 = CARTESIAN_POINT('',(104.89,91.932,1.509994));
#6809 = CIRCLE('',#6810,0.508);
#6810 = AXIS2_PLACEMENT_3D('',#6811,#6812,#6813);
#6811 = CARTESIAN_POINT('',(104.89,92.44,1.509994));
#6812 = DIRECTION('',(-0.,0.,-1.));
#6813 = DIRECTION('',(-0.,-1.,0.));
#6814 = FACE_BOUND('',#6815,.T.);
#6815 = EDGE_LOOP('',(#6816));
#6816 = ORIENTED_EDGE('',*,*,#6817,.T.);
#6817 = EDGE_CURVE('',#6818,#6818,#6820,.T.);
#6818 = VERTEX_POINT('',#6819);
#6819 = CARTESIAN_POINT('',(121.78,91.47,1.509994));
#6820 = CIRCLE('',#6821,0.5);
#6821 = AXIS2_PLACEMENT_3D('',#6822,#6823,#6824);
#6822 = CARTESIAN_POINT('',(121.78,91.97,1.509994));
#6823 = DIRECTION('',(-0.,0.,-1.));
#6824 = DIRECTION('',(-0.,-1.,0.));
#6825 = FACE_BOUND('',#6826,.T.);
#6826 = EDGE_LOOP('',(#6827));
#6827 = ORIENTED_EDGE('',*,*,#6828,.T.);
#6828 = EDGE_CURVE('',#6829,#6829,#6831,.T.);
#6829 = VERTEX_POINT('',#6830);
#6830 = CARTESIAN_POINT('',(124.32,91.47,1.509994));
#6831 = CIRCLE('',#6832,0.5);
#6832 = AXIS2_PLACEMENT_3D('',#6833,#6834,#6835);
#6833 = CARTESIAN_POINT('',(124.32,91.97,1.509994));
#6834 = DIRECTION('',(-0.,0.,-1.));
#6835 = DIRECTION('',(-0.,-1.,0.));
#6836 = FACE_BOUND('',#6837,.T.);
#6837 = EDGE_LOOP('',(#6838));
#6838 = ORIENTED_EDGE('',*,*,#6839,.T.);
#6839 = EDGE_CURVE('',#6840,#6840,#6842,.T.);
#6840 = VERTEX_POINT('',#6841);
#6841 = CARTESIAN_POINT('',(102.35,94.472,1.509994));
#6842 = CIRCLE('',#6843,0.508);
#6843 = AXIS2_PLACEMENT_3D('',#6844,#6845,#6846);
#6844 = CARTESIAN_POINT('',(102.35,94.98,1.509994));
#6845 = DIRECTION('',(-0.,0.,-1.));
#6846 = DIRECTION('',(-0.,-1.,0.));
#6847 = FACE_BOUND('',#6848,.T.);
#6848 = EDGE_LOOP('',(#6849));
#6849 = ORIENTED_EDGE('',*,*,#6850,.T.);
#6850 = EDGE_CURVE('',#6851,#6851,#6853,.T.);
#6851 = VERTEX_POINT('',#6852);
#6852 = CARTESIAN_POINT('',(104.89,94.472,1.509994));
#6853 = CIRCLE('',#6854,0.508);
#6854 = AXIS2_PLACEMENT_3D('',#6855,#6856,#6857);
#6855 = CARTESIAN_POINT('',(104.89,94.98,1.509994));
#6856 = DIRECTION('',(-0.,0.,-1.));
#6857 = DIRECTION('',(-0.,-1.,0.));
#6858 = FACE_BOUND('',#6859,.T.);
#6859 = EDGE_LOOP('',(#6860));
#6860 = ORIENTED_EDGE('',*,*,#6861,.T.);
#6861 = EDGE_CURVE('',#6862,#6862,#6864,.T.);
#6862 = VERTEX_POINT('',#6863);
#6863 = CARTESIAN_POINT('',(102.35,97.012,1.509994));
#6864 = CIRCLE('',#6865,0.508);
#6865 = AXIS2_PLACEMENT_3D('',#6866,#6867,#6868);
#6866 = CARTESIAN_POINT('',(102.35,97.52,1.509994));
#6867 = DIRECTION('',(-0.,0.,-1.));
#6868 = DIRECTION('',(-0.,-1.,0.));
#6869 = FACE_BOUND('',#6870,.T.);
#6870 = EDGE_LOOP('',(#6871));
#6871 = ORIENTED_EDGE('',*,*,#6872,.T.);
#6872 = EDGE_CURVE('',#6873,#6873,#6875,.T.);
#6873 = VERTEX_POINT('',#6874);
#6874 = CARTESIAN_POINT('',(104.89,97.012,1.509994));
#6875 = CIRCLE('',#6876,0.508);
#6876 = AXIS2_PLACEMENT_3D('',#6877,#6878,#6879);
#6877 = CARTESIAN_POINT('',(104.89,97.52,1.509994));
#6878 = DIRECTION('',(-0.,0.,-1.));
#6879 = DIRECTION('',(-0.,-1.,0.));
#6880 = FACE_BOUND('',#6881,.T.);
#6881 = EDGE_LOOP('',(#6882));
#6882 = ORIENTED_EDGE('',*,*,#6883,.T.);
#6883 = EDGE_CURVE('',#6884,#6884,#6886,.T.);
#6884 = VERTEX_POINT('',#6885);
#6885 = CARTESIAN_POINT('',(102.35,99.552,1.509994));
#6886 = CIRCLE('',#6887,0.508);
#6887 = AXIS2_PLACEMENT_3D('',#6888,#6889,#6890);
#6888 = CARTESIAN_POINT('',(102.35,100.06,1.509994));
#6889 = DIRECTION('',(-0.,0.,-1.));
#6890 = DIRECTION('',(-0.,-1.,0.));
#6891 = FACE_BOUND('',#6892,.T.);
#6892 = EDGE_LOOP('',(#6893));
#6893 = ORIENTED_EDGE('',*,*,#6894,.T.);
#6894 = EDGE_CURVE('',#6895,#6895,#6897,.T.);
#6895 = VERTEX_POINT('',#6896);
#6896 = CARTESIAN_POINT('',(104.89,99.552,1.509994));
#6897 = CIRCLE('',#6898,0.508);
#6898 = AXIS2_PLACEMENT_3D('',#6899,#6900,#6901);
#6899 = CARTESIAN_POINT('',(104.89,100.06,1.509994));
#6900 = DIRECTION('',(-0.,0.,-1.));
#6901 = DIRECTION('',(-0.,-1.,0.));
#6902 = FACE_BOUND('',#6903,.T.);
#6903 = EDGE_LOOP('',(#6904));
#6904 = ORIENTED_EDGE('',*,*,#6905,.T.);
#6905 = EDGE_CURVE('',#6906,#6906,#6908,.T.);
#6906 = VERTEX_POINT('',#6907);
#6907 = CARTESIAN_POINT('',(102.35,102.092,1.509994));
#6908 = CIRCLE('',#6909,0.508);
#6909 = AXIS2_PLACEMENT_3D('',#6910,#6911,#6912);
#6910 = CARTESIAN_POINT('',(102.35,102.6,1.509994));
#6911 = DIRECTION('',(-0.,0.,-1.));
#6912 = DIRECTION('',(-0.,-1.,0.));
#6913 = FACE_BOUND('',#6914,.T.);
#6914 = EDGE_LOOP('',(#6915));
#6915 = ORIENTED_EDGE('',*,*,#6916,.T.);
#6916 = EDGE_CURVE('',#6917,#6917,#6919,.T.);
#6917 = VERTEX_POINT('',#6918);
#6918 = CARTESIAN_POINT('',(104.89,102.092,1.509994));
#6919 = CIRCLE('',#6920,0.508);
#6920 = AXIS2_PLACEMENT_3D('',#6921,#6922,#6923);
#6921 = CARTESIAN_POINT('',(104.89,102.6,1.509994));
#6922 = DIRECTION('',(-0.,0.,-1.));
#6923 = DIRECTION('',(-0.,-1.,0.));
#6924 = FACE_BOUND('',#6925,.T.);
#6925 = EDGE_LOOP('',(#6926));
#6926 = ORIENTED_EDGE('',*,*,#6927,.T.);
#6927 = EDGE_CURVE('',#6928,#6928,#6930,.T.);
#6928 = VERTEX_POINT('',#6929);
#6929 = CARTESIAN_POINT('',(102.35,104.632,1.509994));
#6930 = CIRCLE('',#6931,0.508);
#6931 = AXIS2_PLACEMENT_3D('',#6932,#6933,#6934);
#6932 = CARTESIAN_POINT('',(102.35,105.14,1.509994));
#6933 = DIRECTION('',(-0.,0.,-1.));
#6934 = DIRECTION('',(-0.,-1.,0.));
#6935 = FACE_BOUND('',#6936,.T.);
#6936 = EDGE_LOOP('',(#6937));
#6937 = ORIENTED_EDGE('',*,*,#6938,.T.);
#6938 = EDGE_CURVE('',#6939,#6939,#6941,.T.);
#6939 = VERTEX_POINT('',#6940);
#6940 = CARTESIAN_POINT('',(104.89,104.632,1.509994));
#6941 = CIRCLE('',#6942,0.508);
#6942 = AXIS2_PLACEMENT_3D('',#6943,#6944,#6945);
#6943 = CARTESIAN_POINT('',(104.89,105.14,1.509994));
#6944 = DIRECTION('',(-0.,0.,-1.));
#6945 = DIRECTION('',(-0.,-1.,0.));
#6946 = FACE_BOUND('',#6947,.T.);
#6947 = EDGE_LOOP('',(#6948));
#6948 = ORIENTED_EDGE('',*,*,#6949,.T.);
#6949 = EDGE_CURVE('',#6950,#6950,#6952,.T.);
#6950 = VERTEX_POINT('',#6951);
#6951 = CARTESIAN_POINT('',(65.95,124.872,1.509994));
#6952 = CIRCLE('',#6953,0.508);
#6953 = AXIS2_PLACEMENT_3D('',#6954,#6955,#6956);
#6954 = CARTESIAN_POINT('',(65.95,125.38,1.509994));
#6955 = DIRECTION('',(-0.,0.,-1.));
#6956 = DIRECTION('',(2.797412345512E-14,-1.,-0.));
#6957 = FACE_BOUND('',#6958,.T.);
#6958 = EDGE_LOOP('',(#6959));
#6959 = ORIENTED_EDGE('',*,*,#6960,.T.);
#6960 = EDGE_CURVE('',#6961,#6961,#6963,.T.);
#6961 = VERTEX_POINT('',#6962);
#6962 = CARTESIAN_POINT('',(68.49,124.872,1.509994));
#6963 = CIRCLE('',#6964,0.508);
#6964 = AXIS2_PLACEMENT_3D('',#6965,#6966,#6967);
#6965 = CARTESIAN_POINT('',(68.49,125.38,1.509994));
#6966 = DIRECTION('',(-0.,0.,-1.));
#6967 = DIRECTION('',(-2.797412345512E-14,-1.,0.));
#6968 = FACE_BOUND('',#6969,.T.);
#6969 = EDGE_LOOP('',(#6970));
#6970 = ORIENTED_EDGE('',*,*,#6971,.T.);
#6971 = EDGE_CURVE('',#6972,#6972,#6974,.T.);
#6972 = VERTEX_POINT('',#6973);
#6973 = CARTESIAN_POINT('',(80.19,133.7131,1.509994));
#6974 = CIRCLE('',#6975,0.5969);
#6975 = AXIS2_PLACEMENT_3D('',#6976,#6977,#6978);
#6976 = CARTESIAN_POINT('',(80.19,134.31,1.509994));
#6977 = DIRECTION('',(-0.,0.,-1.));
#6978 = DIRECTION('',(-0.,-1.,0.));
#6979 = FACE_BOUND('',#6980,.T.);
#6980 = EDGE_LOOP('',(#6981));
#6981 = ORIENTED_EDGE('',*,*,#6982,.T.);
#6982 = EDGE_CURVE('',#6983,#6983,#6985,.T.);
#6983 = VERTEX_POINT('',#6984);
#6984 = CARTESIAN_POINT('',(80.19,138.7931,1.509994));
#6985 = CIRCLE('',#6986,0.5969);
#6986 = AXIS2_PLACEMENT_3D('',#6987,#6988,#6989);
#6987 = CARTESIAN_POINT('',(80.19,139.39,1.509994));
#6988 = DIRECTION('',(-0.,0.,-1.));
#6989 = DIRECTION('',(-0.,-1.,0.));
#6990 = FACE_BOUND('',#6991,.T.);
#6991 = EDGE_LOOP('',(#6992));
#6992 = ORIENTED_EDGE('',*,*,#6993,.T.);
#6993 = EDGE_CURVE('',#6994,#6994,#6996,.T.);
#6994 = VERTEX_POINT('',#6995);
#6995 = CARTESIAN_POINT('',(85.27,133.7131,1.509994));
#6996 = CIRCLE('',#6997,0.5969);
#6997 = AXIS2_PLACEMENT_3D('',#6998,#6999,#7000);
#6998 = CARTESIAN_POINT('',(85.27,134.31,1.509994));
#6999 = DIRECTION('',(-0.,0.,-1.));
#7000 = DIRECTION('',(-2.380776464266E-14,-1.,0.));
#7001 = FACE_BOUND('',#7002,.T.);
#7002 = EDGE_LOOP('',(#7003));
#7003 = ORIENTED_EDGE('',*,*,#7004,.T.);
#7004 = EDGE_CURVE('',#7005,#7005,#7007,.T.);
#7005 = VERTEX_POINT('',#7006);
#7006 = CARTESIAN_POINT('',(85.27,138.7931,1.509994));
#7007 = CIRCLE('',#7008,0.5969);
#7008 = AXIS2_PLACEMENT_3D('',#7009,#7010,#7011);
#7009 = CARTESIAN_POINT('',(85.27,139.39,1.509994));
#7010 = DIRECTION('',(-0.,0.,-1.));
#7011 = DIRECTION('',(-2.380776464266E-14,-1.,0.));
#7012 = FACE_BOUND('',#7013,.T.);
#7013 = EDGE_LOOP('',(#7014));
#7014 = ORIENTED_EDGE('',*,*,#7015,.T.);
#7015 = EDGE_CURVE('',#7016,#7016,#7018,.T.);
#7016 = VERTEX_POINT('',#7017);
#7017 = CARTESIAN_POINT('',(116.,112.4,1.509994));
#7018 = CIRCLE('',#7019,1.6);
#7019 = AXIS2_PLACEMENT_3D('',#7020,#7021,#7022);
#7020 = CARTESIAN_POINT('',(116.,114.,1.509994));
#7021 = DIRECTION('',(-0.,0.,-1.));
#7022 = DIRECTION('',(-0.,-1.,0.));
#7023 = FACE_BOUND('',#7024,.T.);
#7024 = EDGE_LOOP('',(#7025));
#7025 = ORIENTED_EDGE('',*,*,#7026,.T.);
#7026 = EDGE_CURVE('',#7027,#7027,#7029,.T.);
#7027 = VERTEX_POINT('',#7028);
#7028 = CARTESIAN_POINT('',(126.577898,132.9931,1.509994));
#7029 = CIRCLE('',#7030,0.5969);
#7030 = AXIS2_PLACEMENT_3D('',#7031,#7032,#7033);
#7031 = CARTESIAN_POINT('',(126.577898,133.59,1.509994));
#7032 = DIRECTION('',(-0.,0.,-1.));
#7033 = DIRECTION('',(-0.,-1.,0.));
#7034 = FACE_BOUND('',#7035,.T.);
#7035 = EDGE_LOOP('',(#7036));
#7036 = ORIENTED_EDGE('',*,*,#7037,.T.);
#7037 = EDGE_CURVE('',#7038,#7038,#7040,.T.);
#7038 = VERTEX_POINT('',#7039);
#7039 = CARTESIAN_POINT('',(128.7,144.950998,1.509994));
#7040 = CIRCLE('',#7041,0.5969);
#7041 = AXIS2_PLACEMENT_3D('',#7042,#7043,#7044);
#7042 = CARTESIAN_POINT('',(128.7,145.547898,1.509994));
#7043 = DIRECTION('',(-0.,0.,-1.));
#7044 = DIRECTION('',(-0.,-1.,0.));
#7045 = FACE_BOUND('',#7046,.T.);
#7046 = EDGE_LOOP('',(#7047));
#7047 = ORIENTED_EDGE('',*,*,#7048,.T.);
#7048 = EDGE_CURVE('',#7049,#7049,#7051,.T.);
#7049 = VERTEX_POINT('',#7050);
#7050 = CARTESIAN_POINT('',(125.107898,148.5431,1.509994));
#7051 = CIRCLE('',#7052,0.5969);
#7052 = AXIS2_PLACEMENT_3D('',#7053,#7054,#7055);
#7053 = CARTESIAN_POINT('',(125.107898,149.14,1.509994));
#7054 = DIRECTION('',(-0.,0.,-1.));
#7055 = DIRECTION('',(-0.,-1.,0.));
#7056 = FACE_BOUND('',#7057,.T.);
#7057 = EDGE_LOOP('',(#7058));
#7058 = ORIENTED_EDGE('',*,*,#7059,.T.);
#7059 = EDGE_CURVE('',#7060,#7060,#7062,.T.);
#7060 = VERTEX_POINT('',#7061);
#7061 = CARTESIAN_POINT('',(132.502584,19.526518,1.509994));
#7062 = CIRCLE('',#7063,0.5);
#7063 = AXIS2_PLACEMENT_3D('',#7064,#7065,#7066);
#7064 = CARTESIAN_POINT('',(132.502584,20.026518,1.509994));
#7065 = DIRECTION('',(-0.,0.,-1.));
#7066 = DIRECTION('',(-0.,-1.,0.));
#7067 = FACE_BOUND('',#7068,.T.);
#7068 = EDGE_LOOP('',(#7069));
#7069 = ORIENTED_EDGE('',*,*,#7070,.T.);
#7070 = EDGE_CURVE('',#7071,#7071,#7073,.T.);
#7071 = VERTEX_POINT('',#7072);
#7072 = CARTESIAN_POINT('',(135.042584,19.526518,1.509994));
#7073 = CIRCLE('',#7074,0.5);
#7074 = AXIS2_PLACEMENT_3D('',#7075,#7076,#7077);
#7075 = CARTESIAN_POINT('',(135.042584,20.026518,1.509994));
#7076 = DIRECTION('',(-0.,0.,-1.));
#7077 = DIRECTION('',(-0.,-1.,0.));
#7078 = FACE_BOUND('',#7079,.T.);
#7079 = EDGE_LOOP('',(#7080));
#7080 = ORIENTED_EDGE('',*,*,#7081,.T.);
#7081 = EDGE_CURVE('',#7082,#7082,#7084,.T.);
#7082 = VERTEX_POINT('',#7083);
#7083 = CARTESIAN_POINT('',(137.582584,19.526518,1.509994));
#7084 = CIRCLE('',#7085,0.5);
#7085 = AXIS2_PLACEMENT_3D('',#7086,#7087,#7088);
#7086 = CARTESIAN_POINT('',(137.582584,20.026518,1.509994));
#7087 = DIRECTION('',(-0.,0.,-1.));
#7088 = DIRECTION('',(-0.,-1.,0.));
#7089 = FACE_BOUND('',#7090,.T.);
#7090 = EDGE_LOOP('',(#7091));
#7091 = ORIENTED_EDGE('',*,*,#7092,.T.);
#7092 = EDGE_CURVE('',#7093,#7093,#7095,.T.);
#7093 = VERTEX_POINT('',#7094);
#7094 = CARTESIAN_POINT('',(142.477268,19.579962,1.509994));
#7095 = CIRCLE('',#7096,0.5);
#7096 = AXIS2_PLACEMENT_3D('',#7097,#7098,#7099);
#7097 = CARTESIAN_POINT('',(142.477268,20.079962,1.509994));
#7098 = DIRECTION('',(-0.,0.,-1.));
#7099 = DIRECTION('',(-0.,-1.,0.));
#7100 = FACE_BOUND('',#7101,.T.);
#7101 = EDGE_LOOP('',(#7102));
#7102 = ORIENTED_EDGE('',*,*,#7103,.T.);
#7103 = EDGE_CURVE('',#7104,#7104,#7106,.T.);
#7104 = VERTEX_POINT('',#7105);
#7105 = CARTESIAN_POINT('',(145.017268,19.579962,1.509994));
#7106 = CIRCLE('',#7107,0.5);
#7107 = AXIS2_PLACEMENT_3D('',#7108,#7109,#7110);
#7108 = CARTESIAN_POINT('',(145.017268,20.079962,1.509994));
#7109 = DIRECTION('',(-0.,0.,-1.));
#7110 = DIRECTION('',(-0.,-1.,0.));
#7111 = FACE_BOUND('',#7112,.T.);
#7112 = EDGE_LOOP('',(#7113));
#7113 = ORIENTED_EDGE('',*,*,#7114,.T.);
#7114 = EDGE_CURVE('',#7115,#7115,#7117,.T.);
#7115 = VERTEX_POINT('',#7116);
#7116 = CARTESIAN_POINT('',(147.557268,19.579962,1.509994));
#7117 = CIRCLE('',#7118,0.5);
#7118 = AXIS2_PLACEMENT_3D('',#7119,#7120,#7121);
#7119 = CARTESIAN_POINT('',(147.557268,20.079962,1.509994));
#7120 = DIRECTION('',(-0.,0.,-1.));
#7121 = DIRECTION('',(-0.,-1.,0.));
#7122 = FACE_BOUND('',#7123,.T.);
#7123 = EDGE_LOOP('',(#7124));
#7124 = ORIENTED_EDGE('',*,*,#7125,.T.);
#7125 = EDGE_CURVE('',#7126,#7126,#7128,.T.);
#7126 = VERTEX_POINT('',#7127);
#7127 = CARTESIAN_POINT('',(152.468121,19.364793,1.509994));
#7128 = CIRCLE('',#7129,0.5);
#7129 = AXIS2_PLACEMENT_3D('',#7130,#7131,#7132);
#7130 = CARTESIAN_POINT('',(152.468121,19.864793,1.509994));
#7131 = DIRECTION('',(-0.,0.,-1.));
#7132 = DIRECTION('',(-0.,-1.,0.));
#7133 = FACE_BOUND('',#7134,.T.);
#7134 = EDGE_LOOP('',(#7135));
#7135 = ORIENTED_EDGE('',*,*,#7136,.T.);
#7136 = EDGE_CURVE('',#7137,#7137,#7139,.T.);
#7137 = VERTEX_POINT('',#7138);
#7138 = CARTESIAN_POINT('',(155.008121,19.364793,1.509994));
#7139 = CIRCLE('',#7140,0.5);
#7140 = AXIS2_PLACEMENT_3D('',#7141,#7142,#7143);
#7141 = CARTESIAN_POINT('',(155.008121,19.864793,1.509994));
#7142 = DIRECTION('',(-0.,0.,-1.));
#7143 = DIRECTION('',(-0.,-1.,0.));
#7144 = FACE_BOUND('',#7145,.T.);
#7145 = EDGE_LOOP('',(#7146));
#7146 = ORIENTED_EDGE('',*,*,#7147,.T.);
#7147 = EDGE_CURVE('',#7148,#7148,#7150,.T.);
#7148 = VERTEX_POINT('',#7149);
#7149 = CARTESIAN_POINT('',(157.548121,19.364793,1.509994));
#7150 = CIRCLE('',#7151,0.5);
#7151 = AXIS2_PLACEMENT_3D('',#7152,#7153,#7154);
#7152 = CARTESIAN_POINT('',(157.548121,19.864793,1.509994));
#7153 = DIRECTION('',(-0.,0.,-1.));
#7154 = DIRECTION('',(-0.,-1.,0.));
#7155 = FACE_BOUND('',#7156,.T.);
#7156 = EDGE_LOOP('',(#7157));
#7157 = ORIENTED_EDGE('',*,*,#7158,.T.);
#7158 = EDGE_CURVE('',#7159,#7159,#7161,.T.);
#7159 = VERTEX_POINT('',#7160);
#7160 = CARTESIAN_POINT('',(162.376093,19.469943,1.509994));
#7161 = CIRCLE('',#7162,0.5);
#7162 = AXIS2_PLACEMENT_3D('',#7163,#7164,#7165);
#7163 = CARTESIAN_POINT('',(162.376093,19.969943,1.509994));
#7164 = DIRECTION('',(-0.,0.,-1.));
#7165 = DIRECTION('',(-0.,-1.,0.));
#7166 = FACE_BOUND('',#7167,.T.);
#7167 = EDGE_LOOP('',(#7168));
#7168 = ORIENTED_EDGE('',*,*,#7169,.T.);
#7169 = EDGE_CURVE('',#7170,#7170,#7172,.T.);
#7170 = VERTEX_POINT('',#7171);
#7171 = CARTESIAN_POINT('',(164.916093,19.469943,1.509994));
#7172 = CIRCLE('',#7173,0.5);
#7173 = AXIS2_PLACEMENT_3D('',#7174,#7175,#7176);
#7174 = CARTESIAN_POINT('',(164.916093,19.969943,1.509994));
#7175 = DIRECTION('',(-0.,0.,-1.));
#7176 = DIRECTION('',(-0.,-1.,0.));
#7177 = FACE_BOUND('',#7178,.T.);
#7178 = EDGE_LOOP('',(#7179));
#7179 = ORIENTED_EDGE('',*,*,#7180,.T.);
#7180 = EDGE_CURVE('',#7181,#7181,#7183,.T.);
#7181 = VERTEX_POINT('',#7182);
#7182 = CARTESIAN_POINT('',(167.456093,19.469943,1.509994));
#7183 = CIRCLE('',#7184,0.5);
#7184 = AXIS2_PLACEMENT_3D('',#7185,#7186,#7187);
#7185 = CARTESIAN_POINT('',(167.456093,19.969943,1.509994));
#7186 = DIRECTION('',(-0.,0.,-1.));
#7187 = DIRECTION('',(-0.,-1.,0.));
#7188 = FACE_BOUND('',#7189,.T.);
#7189 = EDGE_LOOP('',(#7190));
#7190 = ORIENTED_EDGE('',*,*,#7191,.T.);
#7191 = EDGE_CURVE('',#7192,#7192,#7194,.T.);
#7192 = VERTEX_POINT('',#7193);
#7193 = CARTESIAN_POINT('',(132.399156,54.489462,1.509994));
#7194 = CIRCLE('',#7195,0.5);
#7195 = AXIS2_PLACEMENT_3D('',#7196,#7197,#7198);
#7196 = CARTESIAN_POINT('',(132.399156,54.989462,1.509994));
#7197 = DIRECTION('',(-0.,0.,-1.));
#7198 = DIRECTION('',(-0.,-1.,0.));
#7199 = FACE_BOUND('',#7200,.T.);
#7200 = EDGE_LOOP('',(#7201));
#7201 = ORIENTED_EDGE('',*,*,#7202,.T.);
#7202 = EDGE_CURVE('',#7203,#7203,#7205,.T.);
#7203 = VERTEX_POINT('',#7204);
#7204 = CARTESIAN_POINT('',(134.939156,54.489462,1.509994));
#7205 = CIRCLE('',#7206,0.5);
#7206 = AXIS2_PLACEMENT_3D('',#7207,#7208,#7209);
#7207 = CARTESIAN_POINT('',(134.939156,54.989462,1.509994));
#7208 = DIRECTION('',(-0.,0.,-1.));
#7209 = DIRECTION('',(-0.,-1.,0.));
#7210 = FACE_BOUND('',#7211,.T.);
#7211 = EDGE_LOOP('',(#7212));
#7212 = ORIENTED_EDGE('',*,*,#7213,.T.);
#7213 = EDGE_CURVE('',#7214,#7214,#7216,.T.);
#7214 = VERTEX_POINT('',#7215);
#7215 = CARTESIAN_POINT('',(137.479156,54.489462,1.509994));
#7216 = CIRCLE('',#7217,0.5);
#7217 = AXIS2_PLACEMENT_3D('',#7218,#7219,#7220);
#7218 = CARTESIAN_POINT('',(137.479156,54.989462,1.509994));
#7219 = DIRECTION('',(-0.,0.,-1.));
#7220 = DIRECTION('',(-0.,-1.,0.));
#7221 = FACE_BOUND('',#7222,.T.);
#7222 = EDGE_LOOP('',(#7223));
#7223 = ORIENTED_EDGE('',*,*,#7224,.T.);
#7224 = EDGE_CURVE('',#7225,#7225,#7227,.T.);
#7225 = VERTEX_POINT('',#7226);
#7226 = CARTESIAN_POINT('',(142.490446,54.451746,1.509994));
#7227 = CIRCLE('',#7228,0.5);
#7228 = AXIS2_PLACEMENT_3D('',#7229,#7230,#7231);
#7229 = CARTESIAN_POINT('',(142.490446,54.951746,1.509994));
#7230 = DIRECTION('',(-0.,0.,-1.));
#7231 = DIRECTION('',(-0.,-1.,0.));
#7232 = FACE_BOUND('',#7233,.T.);
#7233 = EDGE_LOOP('',(#7234));
#7234 = ORIENTED_EDGE('',*,*,#7235,.T.);
#7235 = EDGE_CURVE('',#7236,#7236,#7238,.T.);
#7236 = VERTEX_POINT('',#7237);
#7237 = CARTESIAN_POINT('',(145.030446,54.451746,1.509994));
#7238 = CIRCLE('',#7239,0.5);
#7239 = AXIS2_PLACEMENT_3D('',#7240,#7241,#7242);
#7240 = CARTESIAN_POINT('',(145.030446,54.951746,1.509994));
#7241 = DIRECTION('',(-0.,0.,-1.));
#7242 = DIRECTION('',(-0.,-1.,0.));
#7243 = FACE_BOUND('',#7244,.T.);
#7244 = EDGE_LOOP('',(#7245));
#7245 = ORIENTED_EDGE('',*,*,#7246,.T.);
#7246 = EDGE_CURVE('',#7247,#7247,#7249,.T.);
#7247 = VERTEX_POINT('',#7248);
#7248 = CARTESIAN_POINT('',(147.570446,54.451746,1.509994));
#7249 = CIRCLE('',#7250,0.5);
#7250 = AXIS2_PLACEMENT_3D('',#7251,#7252,#7253);
#7251 = CARTESIAN_POINT('',(147.570446,54.951746,1.509994));
#7252 = DIRECTION('',(-0.,0.,-1.));
#7253 = DIRECTION('',(-0.,-1.,0.));
#7254 = FACE_BOUND('',#7255,.T.);
#7255 = EDGE_LOOP('',(#7256));
#7256 = ORIENTED_EDGE('',*,*,#7257,.T.);
#7257 = EDGE_CURVE('',#7258,#7258,#7260,.T.);
#7258 = VERTEX_POINT('',#7259);
#7259 = CARTESIAN_POINT('',(152.371006,54.452618,1.509994));
#7260 = CIRCLE('',#7261,0.5);
#7261 = AXIS2_PLACEMENT_3D('',#7262,#7263,#7264);
#7262 = CARTESIAN_POINT('',(152.371006,54.952618,1.509994));
#7263 = DIRECTION('',(-0.,0.,-1.));
#7264 = DIRECTION('',(-0.,-1.,0.));
#7265 = FACE_BOUND('',#7266,.T.);
#7266 = EDGE_LOOP('',(#7267));
#7267 = ORIENTED_EDGE('',*,*,#7268,.T.);
#7268 = EDGE_CURVE('',#7269,#7269,#7271,.T.);
#7269 = VERTEX_POINT('',#7270);
#7270 = CARTESIAN_POINT('',(154.911006,54.452618,1.509994));
#7271 = CIRCLE('',#7272,0.5);
#7272 = AXIS2_PLACEMENT_3D('',#7273,#7274,#7275);
#7273 = CARTESIAN_POINT('',(154.911006,54.952618,1.509994));
#7274 = DIRECTION('',(-0.,0.,-1.));
#7275 = DIRECTION('',(-0.,-1.,0.));
#7276 = FACE_BOUND('',#7277,.T.);
#7277 = EDGE_LOOP('',(#7278));
#7278 = ORIENTED_EDGE('',*,*,#7279,.T.);
#7279 = EDGE_CURVE('',#7280,#7280,#7282,.T.);
#7280 = VERTEX_POINT('',#7281);
#7281 = CARTESIAN_POINT('',(157.451006,54.452618,1.509994));
#7282 = CIRCLE('',#7283,0.5);
#7283 = AXIS2_PLACEMENT_3D('',#7284,#7285,#7286);
#7284 = CARTESIAN_POINT('',(157.451006,54.952618,1.509994));
#7285 = DIRECTION('',(-0.,0.,-1.));
#7286 = DIRECTION('',(-0.,-1.,0.));
#7287 = FACE_BOUND('',#7288,.T.);
#7288 = EDGE_LOOP('',(#7289));
#7289 = ORIENTED_EDGE('',*,*,#7290,.T.);
#7290 = EDGE_CURVE('',#7291,#7291,#7293,.T.);
#7291 = VERTEX_POINT('',#7292);
#7292 = CARTESIAN_POINT('',(162.354712,54.453493,1.509994));
#7293 = CIRCLE('',#7294,0.5);
#7294 = AXIS2_PLACEMENT_3D('',#7295,#7296,#7297);
#7295 = CARTESIAN_POINT('',(162.354712,54.953493,1.509994));
#7296 = DIRECTION('',(-0.,0.,-1.));
#7297 = DIRECTION('',(-0.,-1.,0.));
#7298 = FACE_BOUND('',#7299,.T.);
#7299 = EDGE_LOOP('',(#7300));
#7300 = ORIENTED_EDGE('',*,*,#7301,.T.);
#7301 = EDGE_CURVE('',#7302,#7302,#7304,.T.);
#7302 = VERTEX_POINT('',#7303);
#7303 = CARTESIAN_POINT('',(164.894712,54.453493,1.509994));
#7304 = CIRCLE('',#7305,0.5);
#7305 = AXIS2_PLACEMENT_3D('',#7306,#7307,#7308);
#7306 = CARTESIAN_POINT('',(164.894712,54.953493,1.509994));
#7307 = DIRECTION('',(-0.,0.,-1.));
#7308 = DIRECTION('',(-0.,-1.,0.));
#7309 = FACE_BOUND('',#7310,.T.);
#7310 = EDGE_LOOP('',(#7311));
#7311 = ORIENTED_EDGE('',*,*,#7312,.T.);
#7312 = EDGE_CURVE('',#7313,#7313,#7315,.T.);
#7313 = VERTEX_POINT('',#7314);
#7314 = CARTESIAN_POINT('',(167.434712,54.453493,1.509994));
#7315 = CIRCLE('',#7316,0.5);
#7316 = AXIS2_PLACEMENT_3D('',#7317,#7318,#7319);
#7317 = CARTESIAN_POINT('',(167.434712,54.953493,1.509994));
#7318 = DIRECTION('',(-0.,0.,-1.));
#7319 = DIRECTION('',(-0.,-1.,0.));
#7320 = FACE_BOUND('',#7321,.T.);
#7321 = EDGE_LOOP('',(#7322));
#7322 = ORIENTED_EDGE('',*,*,#7323,.T.);
#7323 = EDGE_CURVE('',#7324,#7324,#7326,.T.);
#7324 = VERTEX_POINT('',#7325);
#7325 = CARTESIAN_POINT('',(183.32,47.162,1.509994));
#7326 = CIRCLE('',#7327,0.508);
#7327 = AXIS2_PLACEMENT_3D('',#7328,#7329,#7330);
#7328 = CARTESIAN_POINT('',(183.32,47.67,1.509994));
#7329 = DIRECTION('',(-0.,0.,-1.));
#7330 = DIRECTION('',(-0.,-1.,0.));
#7331 = FACE_BOUND('',#7332,.T.);
#7332 = EDGE_LOOP('',(#7333));
#7333 = ORIENTED_EDGE('',*,*,#7334,.T.);
#7334 = EDGE_CURVE('',#7335,#7335,#7337,.T.);
#7335 = VERTEX_POINT('',#7336);
#7336 = CARTESIAN_POINT('',(188.52,47.142,1.509994));
#7337 = CIRCLE('',#7338,0.508);
#7338 = AXIS2_PLACEMENT_3D('',#7339,#7340,#7341);
#7339 = CARTESIAN_POINT('',(188.52,47.65,1.509994));
#7340 = DIRECTION('',(-0.,0.,-1.));
#7341 = DIRECTION('',(5.594824691024E-14,-1.,-0.));
#7342 = FACE_BOUND('',#7343,.T.);
#7343 = EDGE_LOOP('',(#7344));
#7344 = ORIENTED_EDGE('',*,*,#7345,.T.);
#7345 = EDGE_CURVE('',#7346,#7346,#7348,.T.);
#7346 = VERTEX_POINT('',#7347);
#7347 = CARTESIAN_POINT('',(183.32,49.702,1.509994));
#7348 = CIRCLE('',#7349,0.508);
#7349 = AXIS2_PLACEMENT_3D('',#7350,#7351,#7352);
#7350 = CARTESIAN_POINT('',(183.32,50.21,1.509994));
#7351 = DIRECTION('',(-0.,0.,-1.));
#7352 = DIRECTION('',(-0.,-1.,0.));
#7353 = FACE_BOUND('',#7354,.T.);
#7354 = EDGE_LOOP('',(#7355));
#7355 = ORIENTED_EDGE('',*,*,#7356,.T.);
#7356 = EDGE_CURVE('',#7357,#7357,#7359,.T.);
#7357 = VERTEX_POINT('',#7358);
#7358 = CARTESIAN_POINT('',(183.32,52.242,1.509994));
#7359 = CIRCLE('',#7360,0.508);
#7360 = AXIS2_PLACEMENT_3D('',#7361,#7362,#7363);
#7361 = CARTESIAN_POINT('',(183.32,52.75,1.509994));
#7362 = DIRECTION('',(-0.,0.,-1.));
#7363 = DIRECTION('',(-0.,-1.,0.));
#7364 = FACE_BOUND('',#7365,.T.);
#7365 = EDGE_LOOP('',(#7366));
#7366 = ORIENTED_EDGE('',*,*,#7367,.T.);
#7367 = EDGE_CURVE('',#7368,#7368,#7370,.T.);
#7368 = VERTEX_POINT('',#7369);
#7369 = CARTESIAN_POINT('',(188.52,49.682,1.509994));
#7370 = CIRCLE('',#7371,0.508);
#7371 = AXIS2_PLACEMENT_3D('',#7372,#7373,#7374);
#7372 = CARTESIAN_POINT('',(188.52,50.19,1.509994));
#7373 = DIRECTION('',(-0.,0.,-1.));
#7374 = DIRECTION('',(5.594824691024E-14,-1.,-0.));
#7375 = FACE_BOUND('',#7376,.T.);
#7376 = EDGE_LOOP('',(#7377));
#7377 = ORIENTED_EDGE('',*,*,#7378,.T.);
#7378 = EDGE_CURVE('',#7379,#7379,#7381,.T.);
#7379 = VERTEX_POINT('',#7380);
#7380 = CARTESIAN_POINT('',(188.52,52.222,1.509994));
#7381 = CIRCLE('',#7382,0.508);
#7382 = AXIS2_PLACEMENT_3D('',#7383,#7384,#7385);
#7383 = CARTESIAN_POINT('',(188.52,52.73,1.509994));
#7384 = DIRECTION('',(-0.,0.,-1.));
#7385 = DIRECTION('',(5.594824691024E-14,-1.,-0.));
#7386 = FACE_BOUND('',#7387,.T.);
#7387 = EDGE_LOOP('',(#7388));
#7388 = ORIENTED_EDGE('',*,*,#7389,.T.);
#7389 = EDGE_CURVE('',#7390,#7390,#7392,.T.);
#7390 = VERTEX_POINT('',#7391);
#7391 = CARTESIAN_POINT('',(256.,2.4,1.509994));
#7392 = CIRCLE('',#7393,1.6);
#7393 = AXIS2_PLACEMENT_3D('',#7394,#7395,#7396);
#7394 = CARTESIAN_POINT('',(256.,4.,1.509994));
#7395 = DIRECTION('',(-0.,0.,-1.));
#7396 = DIRECTION('',(-0.,-1.,0.));
#7397 = FACE_BOUND('',#7398,.T.);
#7398 = EDGE_LOOP('',(#7399));
#7399 = ORIENTED_EDGE('',*,*,#7400,.T.);
#7400 = EDGE_CURVE('',#7401,#7401,#7403,.T.);
#7401 = VERTEX_POINT('',#7402);
#7402 = CARTESIAN_POINT('',(193.82,46.902,1.509994));
#7403 = CIRCLE('',#7404,0.508);
#7404 = AXIS2_PLACEMENT_3D('',#7405,#7406,#7407);
#7405 = CARTESIAN_POINT('',(193.82,47.41,1.509994));
#7406 = DIRECTION('',(-0.,0.,-1.));
#7407 = DIRECTION('',(-0.,-1.,0.));
#7408 = FACE_BOUND('',#7409,.T.);
#7409 = EDGE_LOOP('',(#7410));
#7410 = ORIENTED_EDGE('',*,*,#7411,.T.);
#7411 = EDGE_CURVE('',#7412,#7412,#7414,.T.);
#7412 = VERTEX_POINT('',#7413);
#7413 = CARTESIAN_POINT('',(198.87,46.822,1.509994));
#7414 = CIRCLE('',#7415,0.508);
#7415 = AXIS2_PLACEMENT_3D('',#7416,#7417,#7418);
#7416 = CARTESIAN_POINT('',(198.87,47.33,1.509994));
#7417 = DIRECTION('',(-0.,0.,-1.));
#7418 = DIRECTION('',(-0.,-1.,0.));
#7419 = FACE_BOUND('',#7420,.T.);
#7420 = EDGE_LOOP('',(#7421));
#7421 = ORIENTED_EDGE('',*,*,#7422,.T.);
#7422 = EDGE_CURVE('',#7423,#7423,#7425,.T.);
#7423 = VERTEX_POINT('',#7424);
#7424 = CARTESIAN_POINT('',(204.37,46.932,1.509994));
#7425 = CIRCLE('',#7426,0.508);
#7426 = AXIS2_PLACEMENT_3D('',#7427,#7428,#7429);
#7427 = CARTESIAN_POINT('',(204.37,47.44,1.509994));
#7428 = DIRECTION('',(-0.,0.,-1.));
#7429 = DIRECTION('',(-0.,-1.,0.));
#7430 = FACE_BOUND('',#7431,.T.);
#7431 = EDGE_LOOP('',(#7432));
#7432 = ORIENTED_EDGE('',*,*,#7433,.T.);
#7433 = EDGE_CURVE('',#7434,#7434,#7436,.T.);
#7434 = VERTEX_POINT('',#7435);
#7435 = CARTESIAN_POINT('',(193.82,49.442,1.509994));
#7436 = CIRCLE('',#7437,0.508);
#7437 = AXIS2_PLACEMENT_3D('',#7438,#7439,#7440);
#7438 = CARTESIAN_POINT('',(193.82,49.95,1.509994));
#7439 = DIRECTION('',(-0.,0.,-1.));
#7440 = DIRECTION('',(-0.,-1.,0.));
#7441 = FACE_BOUND('',#7442,.T.);
#7442 = EDGE_LOOP('',(#7443));
#7443 = ORIENTED_EDGE('',*,*,#7444,.T.);
#7444 = EDGE_CURVE('',#7445,#7445,#7447,.T.);
#7445 = VERTEX_POINT('',#7446);
#7446 = CARTESIAN_POINT('',(193.82,51.982,1.509994));
#7447 = CIRCLE('',#7448,0.508);
#7448 = AXIS2_PLACEMENT_3D('',#7449,#7450,#7451);
#7449 = CARTESIAN_POINT('',(193.82,52.49,1.509994));
#7450 = DIRECTION('',(-0.,0.,-1.));
#7451 = DIRECTION('',(-0.,-1.,0.));
#7452 = FACE_BOUND('',#7453,.T.);
#7453 = EDGE_LOOP('',(#7454));
#7454 = ORIENTED_EDGE('',*,*,#7455,.T.);
#7455 = EDGE_CURVE('',#7456,#7456,#7458,.T.);
#7456 = VERTEX_POINT('',#7457);
#7457 = CARTESIAN_POINT('',(198.87,49.362,1.509994));
#7458 = CIRCLE('',#7459,0.508);
#7459 = AXIS2_PLACEMENT_3D('',#7460,#7461,#7462);
#7460 = CARTESIAN_POINT('',(198.87,49.87,1.509994));
#7461 = DIRECTION('',(-0.,0.,-1.));
#7462 = DIRECTION('',(-0.,-1.,0.));
#7463 = FACE_BOUND('',#7464,.T.);
#7464 = EDGE_LOOP('',(#7465));
#7465 = ORIENTED_EDGE('',*,*,#7466,.T.);
#7466 = EDGE_CURVE('',#7467,#7467,#7469,.T.);
#7467 = VERTEX_POINT('',#7468);
#7468 = CARTESIAN_POINT('',(198.87,51.902,1.509994));
#7469 = CIRCLE('',#7470,0.508);
#7470 = AXIS2_PLACEMENT_3D('',#7471,#7472,#7473);
#7471 = CARTESIAN_POINT('',(198.87,52.41,1.509994));
#7472 = DIRECTION('',(-0.,0.,-1.));
#7473 = DIRECTION('',(-0.,-1.,0.));
#7474 = FACE_BOUND('',#7475,.T.);
#7475 = EDGE_LOOP('',(#7476));
#7476 = ORIENTED_EDGE('',*,*,#7477,.T.);
#7477 = EDGE_CURVE('',#7478,#7478,#7480,.T.);
#7478 = VERTEX_POINT('',#7479);
#7479 = CARTESIAN_POINT('',(204.37,49.472,1.509994));
#7480 = CIRCLE('',#7481,0.508);
#7481 = AXIS2_PLACEMENT_3D('',#7482,#7483,#7484);
#7482 = CARTESIAN_POINT('',(204.37,49.98,1.509994));
#7483 = DIRECTION('',(-0.,0.,-1.));
#7484 = DIRECTION('',(-0.,-1.,0.));
#7485 = FACE_BOUND('',#7486,.T.);
#7486 = EDGE_LOOP('',(#7487));
#7487 = ORIENTED_EDGE('',*,*,#7488,.T.);
#7488 = EDGE_CURVE('',#7489,#7489,#7491,.T.);
#7489 = VERTEX_POINT('',#7490);
#7490 = CARTESIAN_POINT('',(204.37,52.012,1.509994));
#7491 = CIRCLE('',#7492,0.508);
#7492 = AXIS2_PLACEMENT_3D('',#7493,#7494,#7495);
#7493 = CARTESIAN_POINT('',(204.37,52.52,1.509994));
#7494 = DIRECTION('',(-0.,0.,-1.));
#7495 = DIRECTION('',(-0.,-1.,0.));
#7496 = FACE_BOUND('',#7497,.T.);
#7497 = EDGE_LOOP('',(#7498));
#7498 = ORIENTED_EDGE('',*,*,#7499,.T.);
#7499 = EDGE_CURVE('',#7500,#7500,#7502,.T.);
#7500 = VERTEX_POINT('',#7501);
#7501 = CARTESIAN_POINT('',(209.72,46.922,1.509994));
#7502 = CIRCLE('',#7503,0.508);
#7503 = AXIS2_PLACEMENT_3D('',#7504,#7505,#7506);
#7504 = CARTESIAN_POINT('',(209.72,47.43,1.509994));
#7505 = DIRECTION('',(-0.,0.,-1.));
#7506 = DIRECTION('',(-0.,-1.,0.));
#7507 = FACE_BOUND('',#7508,.T.);
#7508 = EDGE_LOOP('',(#7509));
#7509 = ORIENTED_EDGE('',*,*,#7510,.T.);
#7510 = EDGE_CURVE('',#7511,#7511,#7513,.T.);
#7511 = VERTEX_POINT('',#7512);
#7512 = CARTESIAN_POINT('',(214.92,47.082,1.509994));
#7513 = CIRCLE('',#7514,0.508);
#7514 = AXIS2_PLACEMENT_3D('',#7515,#7516,#7517);
#7515 = CARTESIAN_POINT('',(214.92,47.59,1.509994));
#7516 = DIRECTION('',(-0.,0.,-1.));
#7517 = DIRECTION('',(-5.594824691025E-14,-1.,0.));
#7518 = FACE_BOUND('',#7519,.T.);
#7519 = EDGE_LOOP('',(#7520));
#7520 = ORIENTED_EDGE('',*,*,#7521,.T.);
#7521 = EDGE_CURVE('',#7522,#7522,#7524,.T.);
#7522 = VERTEX_POINT('',#7523);
#7523 = CARTESIAN_POINT('',(219.87,47.092,1.509994));
#7524 = CIRCLE('',#7525,0.508);
#7525 = AXIS2_PLACEMENT_3D('',#7526,#7527,#7528);
#7526 = CARTESIAN_POINT('',(219.87,47.6,1.509994));
#7527 = DIRECTION('',(-0.,0.,-1.));
#7528 = DIRECTION('',(-0.,-1.,0.));
#7529 = FACE_BOUND('',#7530,.T.);
#7530 = EDGE_LOOP('',(#7531));
#7531 = ORIENTED_EDGE('',*,*,#7532,.T.);
#7532 = EDGE_CURVE('',#7533,#7533,#7535,.T.);
#7533 = VERTEX_POINT('',#7534);
#7534 = CARTESIAN_POINT('',(209.72,49.462,1.509994));
#7535 = CIRCLE('',#7536,0.508);
#7536 = AXIS2_PLACEMENT_3D('',#7537,#7538,#7539);
#7537 = CARTESIAN_POINT('',(209.72,49.97,1.509994));
#7538 = DIRECTION('',(-0.,0.,-1.));
#7539 = DIRECTION('',(-0.,-1.,0.));
#7540 = FACE_BOUND('',#7541,.T.);
#7541 = EDGE_LOOP('',(#7542));
#7542 = ORIENTED_EDGE('',*,*,#7543,.T.);
#7543 = EDGE_CURVE('',#7544,#7544,#7546,.T.);
#7544 = VERTEX_POINT('',#7545);
#7545 = CARTESIAN_POINT('',(209.72,52.002,1.509994));
#7546 = CIRCLE('',#7547,0.508);
#7547 = AXIS2_PLACEMENT_3D('',#7548,#7549,#7550);
#7548 = CARTESIAN_POINT('',(209.72,52.51,1.509994));
#7549 = DIRECTION('',(-0.,0.,-1.));
#7550 = DIRECTION('',(-0.,-1.,0.));
#7551 = FACE_BOUND('',#7552,.T.);
#7552 = EDGE_LOOP('',(#7553));
#7553 = ORIENTED_EDGE('',*,*,#7554,.T.);
#7554 = EDGE_CURVE('',#7555,#7555,#7557,.T.);
#7555 = VERTEX_POINT('',#7556);
#7556 = CARTESIAN_POINT('',(214.92,49.622,1.509994));
#7557 = CIRCLE('',#7558,0.508);
#7558 = AXIS2_PLACEMENT_3D('',#7559,#7560,#7561);
#7559 = CARTESIAN_POINT('',(214.92,50.13,1.509994));
#7560 = DIRECTION('',(-0.,0.,-1.));
#7561 = DIRECTION('',(-5.594824691025E-14,-1.,0.));
#7562 = FACE_BOUND('',#7563,.T.);
#7563 = EDGE_LOOP('',(#7564));
#7564 = ORIENTED_EDGE('',*,*,#7565,.T.);
#7565 = EDGE_CURVE('',#7566,#7566,#7568,.T.);
#7566 = VERTEX_POINT('',#7567);
#7567 = CARTESIAN_POINT('',(214.92,52.162,1.509994));
#7568 = CIRCLE('',#7569,0.508);
#7569 = AXIS2_PLACEMENT_3D('',#7570,#7571,#7572);
#7570 = CARTESIAN_POINT('',(214.92,52.67,1.509994));
#7571 = DIRECTION('',(-0.,0.,-1.));
#7572 = DIRECTION('',(-5.594824691025E-14,-1.,0.));
#7573 = FACE_BOUND('',#7574,.T.);
#7574 = EDGE_LOOP('',(#7575));
#7575 = ORIENTED_EDGE('',*,*,#7576,.T.);
#7576 = EDGE_CURVE('',#7577,#7577,#7579,.T.);
#7577 = VERTEX_POINT('',#7578);
#7578 = CARTESIAN_POINT('',(219.87,49.632,1.509994));
#7579 = CIRCLE('',#7580,0.508);
#7580 = AXIS2_PLACEMENT_3D('',#7581,#7582,#7583);
#7581 = CARTESIAN_POINT('',(219.87,50.14,1.509994));
#7582 = DIRECTION('',(-0.,0.,-1.));
#7583 = DIRECTION('',(-0.,-1.,0.));
#7584 = FACE_BOUND('',#7585,.T.);
#7585 = EDGE_LOOP('',(#7586));
#7586 = ORIENTED_EDGE('',*,*,#7587,.T.);
#7587 = EDGE_CURVE('',#7588,#7588,#7590,.T.);
#7588 = VERTEX_POINT('',#7589);
#7589 = CARTESIAN_POINT('',(219.87,52.172,1.509994));
#7590 = CIRCLE('',#7591,0.508);
#7591 = AXIS2_PLACEMENT_3D('',#7592,#7593,#7594);
#7592 = CARTESIAN_POINT('',(219.87,52.68,1.509994));
#7593 = DIRECTION('',(-0.,0.,-1.));
#7594 = DIRECTION('',(-0.,-1.,0.));
#7595 = FACE_BOUND('',#7596,.T.);
#7596 = EDGE_LOOP('',(#7597));
#7597 = ORIENTED_EDGE('',*,*,#7598,.T.);
#7598 = EDGE_CURVE('',#7599,#7599,#7601,.T.);
#7599 = VERTEX_POINT('',#7600);
#7600 = CARTESIAN_POINT('',(246.53,42.17,1.509994));
#7601 = CIRCLE('',#7602,0.5);
#7602 = AXIS2_PLACEMENT_3D('',#7603,#7604,#7605);
#7603 = CARTESIAN_POINT('',(246.53,42.67,1.509994));
#7604 = DIRECTION('',(-0.,0.,-1.));
#7605 = DIRECTION('',(-0.,-1.,0.));
#7606 = FACE_BOUND('',#7607,.T.);
#7607 = EDGE_LOOP('',(#7608));
#7608 = ORIENTED_EDGE('',*,*,#7609,.T.);
#7609 = EDGE_CURVE('',#7610,#7610,#7612,.T.);
#7610 = VERTEX_POINT('',#7611);
#7611 = CARTESIAN_POINT('',(246.53,44.71,1.509994));
#7612 = CIRCLE('',#7613,0.5);
#7613 = AXIS2_PLACEMENT_3D('',#7614,#7615,#7616);
#7614 = CARTESIAN_POINT('',(246.53,45.21,1.509994));
#7615 = DIRECTION('',(-0.,0.,-1.));
#7616 = DIRECTION('',(-0.,-1.,0.));
#7617 = FACE_BOUND('',#7618,.T.);
#7618 = EDGE_LOOP('',(#7619));
#7619 = ORIENTED_EDGE('',*,*,#7620,.T.);
#7620 = EDGE_CURVE('',#7621,#7621,#7623,.T.);
#7621 = VERTEX_POINT('',#7622);
#7622 = CARTESIAN_POINT('',(246.53,59.95,1.509994));
#7623 = CIRCLE('',#7624,0.5);
#7624 = AXIS2_PLACEMENT_3D('',#7625,#7626,#7627);
#7625 = CARTESIAN_POINT('',(246.53,60.45,1.509994));
#7626 = DIRECTION('',(-0.,0.,-1.));
#7627 = DIRECTION('',(-0.,-1.,0.));
#7628 = FACE_BOUND('',#7629,.T.);
#7629 = EDGE_LOOP('',(#7630));
#7630 = ORIENTED_EDGE('',*,*,#7631,.T.);
#7631 = EDGE_CURVE('',#7632,#7632,#7634,.T.);
#7632 = VERTEX_POINT('',#7633);
#7633 = CARTESIAN_POINT('',(246.53,62.49,1.509994));
#7634 = CIRCLE('',#7635,0.5);
#7635 = AXIS2_PLACEMENT_3D('',#7636,#7637,#7638);
#7636 = CARTESIAN_POINT('',(246.53,62.99,1.509994));
#7637 = DIRECTION('',(-0.,0.,-1.));
#7638 = DIRECTION('',(-0.,-1.,0.));
#7639 = FACE_BOUND('',#7640,.T.);
#7640 = EDGE_LOOP('',(#7641));
#7641 = ORIENTED_EDGE('',*,*,#7642,.T.);
#7642 = EDGE_CURVE('',#7643,#7643,#7645,.T.);
#7643 = VERTEX_POINT('',#7644);
#7644 = CARTESIAN_POINT('',(186.25,78.27,1.509994));
#7645 = CIRCLE('',#7646,0.5);
#7646 = AXIS2_PLACEMENT_3D('',#7647,#7648,#7649);
#7647 = CARTESIAN_POINT('',(186.25,78.77,1.509994));
#7648 = DIRECTION('',(-0.,0.,-1.));
#7649 = DIRECTION('',(-0.,-1.,0.));
#7650 = FACE_BOUND('',#7651,.T.);
#7651 = EDGE_LOOP('',(#7652));
#7652 = ORIENTED_EDGE('',*,*,#7653,.T.);
#7653 = EDGE_CURVE('',#7654,#7654,#7656,.T.);
#7654 = VERTEX_POINT('',#7655);
#7655 = CARTESIAN_POINT('',(188.79,78.27,1.509994));
#7656 = CIRCLE('',#7657,0.5);
#7657 = AXIS2_PLACEMENT_3D('',#7658,#7659,#7660);
#7658 = CARTESIAN_POINT('',(188.79,78.77,1.509994));
#7659 = DIRECTION('',(-0.,0.,-1.));
#7660 = DIRECTION('',(-0.,-1.,0.));
#7661 = FACE_BOUND('',#7662,.T.);
#7662 = EDGE_LOOP('',(#7663));
#7663 = ORIENTED_EDGE('',*,*,#7664,.T.);
#7664 = EDGE_CURVE('',#7665,#7665,#7667,.T.);
#7665 = VERTEX_POINT('',#7666);
#7666 = CARTESIAN_POINT('',(185.34,90.47,1.509994));
#7667 = CIRCLE('',#7668,0.5);
#7668 = AXIS2_PLACEMENT_3D('',#7669,#7670,#7671);
#7669 = CARTESIAN_POINT('',(185.34,90.97,1.509994));
#7670 = DIRECTION('',(-0.,0.,-1.));
#7671 = DIRECTION('',(-0.,-1.,0.));
#7672 = FACE_BOUND('',#7673,.T.);
#7673 = EDGE_LOOP('',(#7674));
#7674 = ORIENTED_EDGE('',*,*,#7675,.T.);
#7675 = EDGE_CURVE('',#7676,#7676,#7678,.T.);
#7676 = VERTEX_POINT('',#7677);
#7677 = CARTESIAN_POINT('',(187.88,90.47,1.509994));
#7678 = CIRCLE('',#7679,0.5);
#7679 = AXIS2_PLACEMENT_3D('',#7680,#7681,#7682);
#7680 = CARTESIAN_POINT('',(187.88,90.97,1.509994));
#7681 = DIRECTION('',(-0.,0.,-1.));
#7682 = DIRECTION('',(-0.,-1.,0.));
#7683 = FACE_BOUND('',#7684,.T.);
#7684 = EDGE_LOOP('',(#7685));
#7685 = ORIENTED_EDGE('',*,*,#7686,.T.);
#7686 = EDGE_CURVE('',#7687,#7687,#7689,.T.);
#7687 = VERTEX_POINT('',#7688);
#7688 = CARTESIAN_POINT('',(142.7,116.980998,1.509994));
#7689 = CIRCLE('',#7690,0.5969);
#7690 = AXIS2_PLACEMENT_3D('',#7691,#7692,#7693);
#7691 = CARTESIAN_POINT('',(142.7,117.577898,1.509994));
#7692 = DIRECTION('',(-0.,0.,-1.));
#7693 = DIRECTION('',(-0.,-1.,0.));
#7694 = FACE_BOUND('',#7695,.T.);
#7695 = EDGE_LOOP('',(#7696));
#7696 = ORIENTED_EDGE('',*,*,#7697,.T.);
#7697 = EDGE_CURVE('',#7698,#7698,#7700,.T.);
#7698 = VERTEX_POINT('',#7699);
#7699 = CARTESIAN_POINT('',(139.107898,120.5731,1.509994));
#7700 = CIRCLE('',#7701,0.5969);
#7701 = AXIS2_PLACEMENT_3D('',#7702,#7703,#7704);
#7702 = CARTESIAN_POINT('',(139.107898,121.17,1.509994));
#7703 = DIRECTION('',(-0.,0.,-1.));
#7704 = DIRECTION('',(-0.,-1.,0.));
#7705 = FACE_BOUND('',#7706,.T.);
#7706 = EDGE_LOOP('',(#7707));
#7707 = ORIENTED_EDGE('',*,*,#7708,.T.);
#7708 = EDGE_CURVE('',#7709,#7709,#7711,.T.);
#7709 = VERTEX_POINT('',#7710);
#7710 = CARTESIAN_POINT('',(130.17,129.400998,1.509994));
#7711 = CIRCLE('',#7712,0.5969);
#7712 = AXIS2_PLACEMENT_3D('',#7713,#7714,#7715);
#7713 = CARTESIAN_POINT('',(130.17,129.997898,1.509994));
#7714 = DIRECTION('',(-0.,0.,-1.));
#7715 = DIRECTION('',(-4.761552928532E-14,-1.,0.));
#7716 = FACE_BOUND('',#7717,.T.);
#7717 = EDGE_LOOP('',(#7718));
#7718 = ORIENTED_EDGE('',*,*,#7719,.T.);
#7719 = EDGE_CURVE('',#7720,#7720,#7722,.T.);
#7720 = VERTEX_POINT('',#7721);
#7721 = CARTESIAN_POINT('',(142.7,124.165202,1.509994));
#7722 = CIRCLE('',#7723,0.5969);
#7723 = AXIS2_PLACEMENT_3D('',#7724,#7725,#7726);
#7724 = CARTESIAN_POINT('',(142.7,124.762102,1.509994));
#7725 = DIRECTION('',(-0.,0.,-1.));
#7726 = DIRECTION('',(-0.,-1.,0.));
#7727 = FACE_BOUND('',#7728,.T.);
#7728 = EDGE_LOOP('',(#7729));
#7729 = ORIENTED_EDGE('',*,*,#7730,.T.);
#7730 = EDGE_CURVE('',#7731,#7731,#7733,.T.);
#7731 = VERTEX_POINT('',#7732);
#7732 = CARTESIAN_POINT('',(146.292102,120.5731,1.509994));
#7733 = CIRCLE('',#7734,0.5969);
#7734 = AXIS2_PLACEMENT_3D('',#7735,#7736,#7737);
#7735 = CARTESIAN_POINT('',(146.292102,121.17,1.509994));
#7736 = DIRECTION('',(-0.,0.,-1.));
#7737 = DIRECTION('',(-0.,-1.,0.));
#7738 = FACE_BOUND('',#7739,.T.);
#7739 = EDGE_LOOP('',(#7740));
#7740 = ORIENTED_EDGE('',*,*,#7741,.T.);
#7741 = EDGE_CURVE('',#7742,#7742,#7744,.T.);
#7742 = VERTEX_POINT('',#7743);
#7743 = CARTESIAN_POINT('',(158.25,118.420998,1.509994));
#7744 = CIRCLE('',#7745,0.5969);
#7745 = AXIS2_PLACEMENT_3D('',#7746,#7747,#7748);
#7746 = CARTESIAN_POINT('',(158.25,119.017898,1.509994));
#7747 = DIRECTION('',(-0.,0.,-1.));
#7748 = DIRECTION('',(-0.,-1.,0.));
#7749 = FACE_BOUND('',#7750,.T.);
#7750 = EDGE_LOOP('',(#7751));
#7751 = ORIENTED_EDGE('',*,*,#7752,.T.);
#7752 = EDGE_CURVE('',#7753,#7753,#7755,.T.);
#7753 = VERTEX_POINT('',#7754);
#7754 = CARTESIAN_POINT('',(154.657898,122.0131,1.509994));
#7755 = CIRCLE('',#7756,0.5969);
#7756 = AXIS2_PLACEMENT_3D('',#7757,#7758,#7759);
#7757 = CARTESIAN_POINT('',(154.657898,122.61,1.509994));
#7758 = DIRECTION('',(-0.,0.,-1.));
#7759 = DIRECTION('',(-0.,-1.,0.));
#7760 = FACE_BOUND('',#7761,.T.);
#7761 = EDGE_LOOP('',(#7762));
#7762 = ORIENTED_EDGE('',*,*,#7763,.T.);
#7763 = EDGE_CURVE('',#7764,#7764,#7766,.T.);
#7764 = VERTEX_POINT('',#7765);
#7765 = CARTESIAN_POINT('',(158.25,125.605202,1.509994));
#7766 = CIRCLE('',#7767,0.5969);
#7767 = AXIS2_PLACEMENT_3D('',#7768,#7769,#7770);
#7768 = CARTESIAN_POINT('',(158.25,126.202102,1.509994));
#7769 = DIRECTION('',(-0.,0.,-1.));
#7770 = DIRECTION('',(-0.,-1.,0.));
#7771 = FACE_BOUND('',#7772,.T.);
#7772 = EDGE_LOOP('',(#7773));
#7773 = ORIENTED_EDGE('',*,*,#7774,.T.);
#7774 = EDGE_CURVE('',#7775,#7775,#7777,.T.);
#7775 = VERTEX_POINT('',#7776);
#7776 = CARTESIAN_POINT('',(133.762102,132.9931,1.509994));
#7777 = CIRCLE('',#7778,0.5969);
#7778 = AXIS2_PLACEMENT_3D('',#7779,#7780,#7781);
#7779 = CARTESIAN_POINT('',(133.762102,133.59,1.509994));
#7780 = DIRECTION('',(-0.,0.,-1.));
#7781 = DIRECTION('',(-0.,-1.,0.));
#7782 = FACE_BOUND('',#7783,.T.);
#7783 = EDGE_LOOP('',(#7784));
#7784 = ORIENTED_EDGE('',*,*,#7785,.T.);
#7785 = EDGE_CURVE('',#7786,#7786,#7788,.T.);
#7786 = VERTEX_POINT('',#7787);
#7787 = CARTESIAN_POINT('',(130.17,136.585202,1.509994));
#7788 = CIRCLE('',#7789,0.5969);
#7789 = AXIS2_PLACEMENT_3D('',#7790,#7791,#7792);
#7790 = CARTESIAN_POINT('',(130.17,137.182102,1.509994));
#7791 = DIRECTION('',(-0.,0.,-1.));
#7792 = DIRECTION('',(-4.761552928532E-14,-1.,0.));
#7793 = FACE_BOUND('',#7794,.T.);
#7794 = EDGE_LOOP('',(#7795));
#7795 = ORIENTED_EDGE('',*,*,#7796,.T.);
#7796 = EDGE_CURVE('',#7797,#7797,#7799,.T.);
#7797 = VERTEX_POINT('',#7798);
#7798 = CARTESIAN_POINT('',(132.292102,148.5431,1.509994));
#7799 = CIRCLE('',#7800,0.5969);
#7800 = AXIS2_PLACEMENT_3D('',#7801,#7802,#7803);
#7801 = CARTESIAN_POINT('',(132.292102,149.14,1.509994));
#7802 = DIRECTION('',(-0.,0.,-1.));
#7803 = DIRECTION('',(-0.,-1.,0.));
#7804 = FACE_BOUND('',#7805,.T.);
#7805 = EDGE_LOOP('',(#7806));
#7806 = ORIENTED_EDGE('',*,*,#7807,.T.);
#7807 = EDGE_CURVE('',#7808,#7808,#7810,.T.);
#7808 = VERTEX_POINT('',#7809);
#7809 = CARTESIAN_POINT('',(161.842102,122.0131,1.509994));
#7810 = CIRCLE('',#7811,0.5969);
#7811 = AXIS2_PLACEMENT_3D('',#7812,#7813,#7814);
#7812 = CARTESIAN_POINT('',(161.842102,122.61,1.509994));
#7813 = DIRECTION('',(-0.,0.,-1.));
#7814 = DIRECTION('',(-0.,-1.,0.));
#7815 = FACE_BOUND('',#7816,.T.);
#7816 = EDGE_LOOP('',(#7817));
#7817 = ORIENTED_EDGE('',*,*,#7818,.T.);
#7818 = EDGE_CURVE('',#7819,#7819,#7821,.T.);
#7819 = VERTEX_POINT('',#7820);
#7820 = CARTESIAN_POINT('',(170.3,130.470998,1.509994));
#7821 = CIRCLE('',#7822,0.5969);
#7822 = AXIS2_PLACEMENT_3D('',#7823,#7824,#7825);
#7823 = CARTESIAN_POINT('',(170.3,131.067898,1.509994));
#7824 = DIRECTION('',(-0.,0.,-1.));
#7825 = DIRECTION('',(-0.,-1.,0.));
#7826 = FACE_BOUND('',#7827,.T.);
#7827 = EDGE_LOOP('',(#7828));
#7828 = ORIENTED_EDGE('',*,*,#7829,.T.);
#7829 = EDGE_CURVE('',#7830,#7830,#7832,.T.);
#7830 = VERTEX_POINT('',#7831);
#7831 = CARTESIAN_POINT('',(166.707898,134.0631,1.509994));
#7832 = CIRCLE('',#7833,0.5969);
#7833 = AXIS2_PLACEMENT_3D('',#7834,#7835,#7836);
#7834 = CARTESIAN_POINT('',(166.707898,134.66,1.509994));
#7835 = DIRECTION('',(-0.,0.,-1.));
#7836 = DIRECTION('',(-0.,-1.,0.));
#7837 = FACE_BOUND('',#7838,.T.);
#7838 = EDGE_LOOP('',(#7839));
#7839 = ORIENTED_EDGE('',*,*,#7840,.T.);
#7840 = EDGE_CURVE('',#7841,#7841,#7843,.T.);
#7841 = VERTEX_POINT('',#7842);
#7842 = CARTESIAN_POINT('',(173.892102,134.0631,1.509994));
#7843 = CIRCLE('',#7844,0.5969);
#7844 = AXIS2_PLACEMENT_3D('',#7845,#7846,#7847);
#7845 = CARTESIAN_POINT('',(173.892102,134.66,1.509994));
#7846 = DIRECTION('',(-0.,0.,-1.));
#7847 = DIRECTION('',(-0.,-1.,0.));
#7848 = FACE_BOUND('',#7849,.T.);
#7849 = EDGE_LOOP('',(#7850));
#7850 = ORIENTED_EDGE('',*,*,#7851,.T.);
#7851 = EDGE_CURVE('',#7852,#7852,#7854,.T.);
#7852 = VERTEX_POINT('',#7853);
#7853 = CARTESIAN_POINT('',(170.3,137.655202,1.509994));
#7854 = CIRCLE('',#7855,0.5969);
#7855 = AXIS2_PLACEMENT_3D('',#7856,#7857,#7858);
#7856 = CARTESIAN_POINT('',(170.3,138.252102,1.509994));
#7857 = DIRECTION('',(-0.,0.,-1.));
#7858 = DIRECTION('',(-0.,-1.,0.));
#7859 = FACE_BOUND('',#7860,.T.);
#7860 = EDGE_LOOP('',(#7861));
#7861 = ORIENTED_EDGE('',*,*,#7862,.T.);
#7862 = EDGE_CURVE('',#7863,#7863,#7865,.T.);
#7863 = VERTEX_POINT('',#7864);
#7864 = CARTESIAN_POINT('',(169.59,146.700998,1.509994));
#7865 = CIRCLE('',#7866,0.5969);
#7866 = AXIS2_PLACEMENT_3D('',#7867,#7868,#7869);
#7867 = CARTESIAN_POINT('',(169.59,147.297898,1.509994));
#7868 = DIRECTION('',(-0.,0.,-1.));
#7869 = DIRECTION('',(-0.,-1.,0.));
#7870 = FACE_BOUND('',#7871,.T.);
#7871 = EDGE_LOOP('',(#7872));
#7872 = ORIENTED_EDGE('',*,*,#7873,.T.);
#7873 = EDGE_CURVE('',#7874,#7874,#7876,.T.);
#7874 = VERTEX_POINT('',#7875);
#7875 = CARTESIAN_POINT('',(246.48,76.01,1.509994));
#7876 = CIRCLE('',#7877,0.5);
#7877 = AXIS2_PLACEMENT_3D('',#7878,#7879,#7880);
#7878 = CARTESIAN_POINT('',(246.48,76.51,1.509994));
#7879 = DIRECTION('',(-0.,0.,-1.));
#7880 = DIRECTION('',(-0.,-1.,0.));
#7881 = FACE_BOUND('',#7882,.T.);
#7882 = EDGE_LOOP('',(#7883));
#7883 = ORIENTED_EDGE('',*,*,#7884,.T.);
#7884 = EDGE_CURVE('',#7885,#7885,#7887,.T.);
#7885 = VERTEX_POINT('',#7886);
#7886 = CARTESIAN_POINT('',(246.48,78.55,1.509994));
#7887 = CIRCLE('',#7888,0.5);
#7888 = AXIS2_PLACEMENT_3D('',#7889,#7890,#7891);
#7889 = CARTESIAN_POINT('',(246.48,79.05,1.509994));
#7890 = DIRECTION('',(-0.,0.,-1.));
#7891 = DIRECTION('',(-0.,-1.,0.));
#7892 = FACE_BOUND('',#7893,.T.);
#7893 = EDGE_LOOP('',(#7894));
#7894 = ORIENTED_EDGE('',*,*,#7895,.T.);
#7895 = EDGE_CURVE('',#7896,#7896,#7898,.T.);
#7896 = VERTEX_POINT('',#7897);
#7897 = CARTESIAN_POINT('',(246.8,97.73,1.509994));
#7898 = CIRCLE('',#7899,0.5);
#7899 = AXIS2_PLACEMENT_3D('',#7900,#7901,#7902);
#7900 = CARTESIAN_POINT('',(246.8,98.23,1.509994));
#7901 = DIRECTION('',(-0.,0.,-1.));
#7902 = DIRECTION('',(-0.,-1.,0.));
#7903 = FACE_BOUND('',#7904,.T.);
#7904 = EDGE_LOOP('',(#7905));
#7905 = ORIENTED_EDGE('',*,*,#7906,.T.);
#7906 = EDGE_CURVE('',#7907,#7907,#7909,.T.);
#7907 = VERTEX_POINT('',#7908);
#7908 = CARTESIAN_POINT('',(246.8,100.27,1.509994));
#7909 = CIRCLE('',#7910,0.5);
#7910 = AXIS2_PLACEMENT_3D('',#7911,#7912,#7913);
#7911 = CARTESIAN_POINT('',(246.8,100.77,1.509994));
#7912 = DIRECTION('',(-0.,0.,-1.));
#7913 = DIRECTION('',(-0.,-1.,0.));
#7914 = FACE_BOUND('',#7915,.T.);
#7915 = EDGE_LOOP('',(#7916));
#7916 = ORIENTED_EDGE('',*,*,#7917,.T.);
#7917 = EDGE_CURVE('',#7918,#7918,#7920,.T.);
#7918 = VERTEX_POINT('',#7919);
#7919 = CARTESIAN_POINT('',(246.88,105.7,1.509994));
#7920 = CIRCLE('',#7921,0.5);
#7921 = AXIS2_PLACEMENT_3D('',#7922,#7923,#7924);
#7922 = CARTESIAN_POINT('',(246.88,106.2,1.509994));
#7923 = DIRECTION('',(-0.,0.,-1.));
#7924 = DIRECTION('',(-0.,-1.,0.));
#7925 = FACE_BOUND('',#7926,.T.);
#7926 = EDGE_LOOP('',(#7927));
#7927 = ORIENTED_EDGE('',*,*,#7928,.T.);
#7928 = EDGE_CURVE('',#7929,#7929,#7931,.T.);
#7929 = VERTEX_POINT('',#7930);
#7930 = CARTESIAN_POINT('',(246.88,108.24,1.509994));
#7931 = CIRCLE('',#7932,0.5);
#7932 = AXIS2_PLACEMENT_3D('',#7933,#7934,#7935);
#7933 = CARTESIAN_POINT('',(246.88,108.74,1.509994));
#7934 = DIRECTION('',(-0.,0.,-1.));
#7935 = DIRECTION('',(-0.,-1.,0.));
#7936 = FACE_BOUND('',#7937,.T.);
#7937 = EDGE_LOOP('',(#7938));
#7938 = ORIENTED_EDGE('',*,*,#7939,.T.);
#7939 = EDGE_CURVE('',#7940,#7940,#7942,.T.);
#7940 = VERTEX_POINT('',#7941);
#7941 = CARTESIAN_POINT('',(206.52,129.130998,1.509994));
#7942 = CIRCLE('',#7943,0.5969);
#7943 = AXIS2_PLACEMENT_3D('',#7944,#7945,#7946);
#7944 = CARTESIAN_POINT('',(206.52,129.727898,1.509994));
#7945 = DIRECTION('',(-0.,0.,-1.));
#7946 = DIRECTION('',(4.761552928532E-14,-1.,-0.));
#7947 = FACE_BOUND('',#7948,.T.);
#7948 = EDGE_LOOP('',(#7949));
#7949 = ORIENTED_EDGE('',*,*,#7950,.T.);
#7950 = EDGE_CURVE('',#7951,#7951,#7953,.T.);
#7951 = VERTEX_POINT('',#7952);
#7952 = CARTESIAN_POINT('',(215.347898,120.3331,1.509994));
#7953 = CIRCLE('',#7954,0.5969);
#7954 = AXIS2_PLACEMENT_3D('',#7955,#7956,#7957);
#7955 = CARTESIAN_POINT('',(215.347898,120.93,1.509994));
#7956 = DIRECTION('',(-0.,0.,-1.));
#7957 = DIRECTION('',(-0.,-1.,0.));
#7958 = FACE_BOUND('',#7959,.T.);
#7959 = EDGE_LOOP('',(#7960));
#7960 = ORIENTED_EDGE('',*,*,#7961,.T.);
#7961 = EDGE_CURVE('',#7962,#7962,#7964,.T.);
#7962 = VERTEX_POINT('',#7963);
#7963 = CARTESIAN_POINT('',(218.94,116.740998,1.509994));
#7964 = CIRCLE('',#7965,0.5969);
#7965 = AXIS2_PLACEMENT_3D('',#7966,#7967,#7968);
#7966 = CARTESIAN_POINT('',(218.94,117.337898,1.509994));
#7967 = DIRECTION('',(-0.,0.,-1.));
#7968 = DIRECTION('',(-0.,-1.,0.));
#7969 = FACE_BOUND('',#7970,.T.);
#7970 = EDGE_LOOP('',(#7971));
#7971 = ORIENTED_EDGE('',*,*,#7972,.T.);
#7972 = EDGE_CURVE('',#7973,#7973,#7975,.T.);
#7973 = VERTEX_POINT('',#7974);
#7974 = CARTESIAN_POINT('',(222.532102,120.3331,1.509994));
#7975 = CIRCLE('',#7976,0.5969);
#7976 = AXIS2_PLACEMENT_3D('',#7977,#7978,#7979);
#7977 = CARTESIAN_POINT('',(222.532102,120.93,1.509994));
#7978 = DIRECTION('',(-0.,0.,-1.));
#7979 = DIRECTION('',(-0.,-1.,0.));
#7980 = FACE_BOUND('',#7981,.T.);
#7981 = EDGE_LOOP('',(#7982));
#7982 = ORIENTED_EDGE('',*,*,#7983,.T.);
#7983 = EDGE_CURVE('',#7984,#7984,#7986,.T.);
#7984 = VERTEX_POINT('',#7985);
#7985 = CARTESIAN_POINT('',(218.94,123.925202,1.509994));
#7986 = CIRCLE('',#7987,0.5969);
#7987 = AXIS2_PLACEMENT_3D('',#7988,#7989,#7990);
#7988 = CARTESIAN_POINT('',(218.94,124.522102,1.509994));
#7989 = DIRECTION('',(-0.,0.,-1.));
#7990 = DIRECTION('',(-0.,-1.,0.));
#7991 = FACE_BOUND('',#7992,.T.);
#7992 = EDGE_LOOP('',(#7993));
#7993 = ORIENTED_EDGE('',*,*,#7994,.T.);
#7994 = EDGE_CURVE('',#7995,#7995,#7997,.T.);
#7995 = VERTEX_POINT('',#7996);
#7996 = CARTESIAN_POINT('',(202.927898,132.7231,1.509994));
#7997 = CIRCLE('',#7998,0.5969);
#7998 = AXIS2_PLACEMENT_3D('',#7999,#8000,#8001);
#7999 = CARTESIAN_POINT('',(202.927898,133.32,1.509994));
#8000 = DIRECTION('',(-0.,0.,-1.));
#8001 = DIRECTION('',(-0.,-1.,0.));
#8002 = FACE_BOUND('',#8003,.T.);
#8003 = EDGE_LOOP('',(#8004));
#8004 = ORIENTED_EDGE('',*,*,#8005,.T.);
#8005 = EDGE_CURVE('',#8006,#8006,#8008,.T.);
#8006 = VERTEX_POINT('',#8007);
#8007 = CARTESIAN_POINT('',(206.52,136.315202,1.509994));
#8008 = CIRCLE('',#8009,0.5969);
#8009 = AXIS2_PLACEMENT_3D('',#8010,#8011,#8012);
#8010 = CARTESIAN_POINT('',(206.52,136.912102,1.509994));
#8011 = DIRECTION('',(-0.,0.,-1.));
#8012 = DIRECTION('',(4.761552928531E-14,-1.,-0.));
#8013 = FACE_BOUND('',#8014,.T.);
#8014 = EDGE_LOOP('',(#8015));
#8015 = ORIENTED_EDGE('',*,*,#8016,.T.);
#8016 = EDGE_CURVE('',#8017,#8017,#8019,.T.);
#8017 = VERTEX_POINT('',#8018);
#8018 = CARTESIAN_POINT('',(205.05,145.520998,1.509994));
#8019 = CIRCLE('',#8020,0.5969);
#8020 = AXIS2_PLACEMENT_3D('',#8021,#8022,#8023);
#8021 = CARTESIAN_POINT('',(205.05,146.117898,1.509994));
#8022 = DIRECTION('',(-0.,0.,-1.));
#8023 = DIRECTION('',(-0.,-1.,0.));
#8024 = FACE_BOUND('',#8025,.T.);
#8025 = EDGE_LOOP('',(#8026));
#8026 = ORIENTED_EDGE('',*,*,#8027,.T.);
#8027 = EDGE_CURVE('',#8028,#8028,#8030,.T.);
#8028 = VERTEX_POINT('',#8029);
#8029 = CARTESIAN_POINT('',(201.457898,149.1131,1.509994));
#8030 = CIRCLE('',#8031,0.5969);
#8031 = AXIS2_PLACEMENT_3D('',#8032,#8033,#8034);
#8032 = CARTESIAN_POINT('',(201.457898,149.71,1.509994));
#8033 = DIRECTION('',(-0.,0.,-1.));
#8034 = DIRECTION('',(-0.,-1.,0.));
#8035 = FACE_BOUND('',#8036,.T.);
#8036 = EDGE_LOOP('',(#8037));
#8037 = ORIENTED_EDGE('',*,*,#8038,.T.);
#8038 = EDGE_CURVE('',#8039,#8039,#8041,.T.);
#8039 = VERTEX_POINT('',#8040);
#8040 = CARTESIAN_POINT('',(208.642102,149.1131,1.509994));
#8041 = CIRCLE('',#8042,0.5969);
#8042 = AXIS2_PLACEMENT_3D('',#8043,#8044,#8045);
#8043 = CARTESIAN_POINT('',(208.642102,149.71,1.509994));
#8044 = DIRECTION('',(-0.,0.,-1.));
#8045 = DIRECTION('',(-0.,-1.,0.));
#8046 = FACE_BOUND('',#8047,.T.);
#8047 = EDGE_LOOP('',(#8048));
#8048 = ORIENTED_EDGE('',*,*,#8049,.T.);
#8049 = EDGE_CURVE('',#8050,#8050,#8052,.T.);
#8050 = VERTEX_POINT('',#8051);
#8051 = CARTESIAN_POINT('',(210.112102,132.7231,1.509994));
#8052 = CIRCLE('',#8053,0.5969);
#8053 = AXIS2_PLACEMENT_3D('',#8054,#8055,#8056);
#8054 = CARTESIAN_POINT('',(210.112102,133.32,1.509994));
#8055 = DIRECTION('',(-0.,0.,-1.));
#8056 = DIRECTION('',(-0.,-1.,0.));
#8057 = FACE_BOUND('',#8058,.T.);
#8058 = EDGE_LOOP('',(#8059));
#8059 = ORIENTED_EDGE('',*,*,#8060,.T.);
#8060 = EDGE_CURVE('',#8061,#8061,#8063,.T.);
#8061 = VERTEX_POINT('',#8062);
#8062 = CARTESIAN_POINT('',(234.31,118.670998,1.509994));
#8063 = CIRCLE('',#8064,0.5969);
#8064 = AXIS2_PLACEMENT_3D('',#8065,#8066,#8067);
#8065 = CARTESIAN_POINT('',(234.31,119.267898,1.509994));
#8066 = DIRECTION('',(-0.,0.,-1.));
#8067 = DIRECTION('',(-0.,-1.,0.));
#8068 = FACE_BOUND('',#8069,.T.);
#8069 = EDGE_LOOP('',(#8070));
#8070 = ORIENTED_EDGE('',*,*,#8071,.T.);
#8071 = EDGE_CURVE('',#8072,#8072,#8074,.T.);
#8072 = VERTEX_POINT('',#8073);
#8073 = CARTESIAN_POINT('',(230.717898,122.2631,1.509994));
#8074 = CIRCLE('',#8075,0.5969);
#8075 = AXIS2_PLACEMENT_3D('',#8076,#8077,#8078);
#8076 = CARTESIAN_POINT('',(230.717898,122.86,1.509994));
#8077 = DIRECTION('',(-0.,0.,-1.));
#8078 = DIRECTION('',(-0.,-1.,0.));
#8079 = FACE_BOUND('',#8080,.T.);
#8080 = EDGE_LOOP('',(#8081));
#8081 = ORIENTED_EDGE('',*,*,#8082,.T.);
#8082 = EDGE_CURVE('',#8083,#8083,#8085,.T.);
#8083 = VERTEX_POINT('',#8084);
#8084 = CARTESIAN_POINT('',(234.31,125.855202,1.509994));
#8085 = CIRCLE('',#8086,0.5969);
#8086 = AXIS2_PLACEMENT_3D('',#8087,#8088,#8089);
#8087 = CARTESIAN_POINT('',(234.31,126.452102,1.509994));
#8088 = DIRECTION('',(-0.,0.,-1.));
#8089 = DIRECTION('',(-0.,-1.,0.));
#8090 = FACE_BOUND('',#8091,.T.);
#8091 = EDGE_LOOP('',(#8092));
#8092 = ORIENTED_EDGE('',*,*,#8093,.T.);
#8093 = EDGE_CURVE('',#8094,#8094,#8096,.T.);
#8094 = VERTEX_POINT('',#8095);
#8095 = CARTESIAN_POINT('',(237.902102,122.2631,1.509994));
#8096 = CIRCLE('',#8097,0.5969);
#8097 = AXIS2_PLACEMENT_3D('',#8098,#8099,#8100);
#8098 = CARTESIAN_POINT('',(237.902102,122.86,1.509994));
#8099 = DIRECTION('',(-0.,0.,-1.));
#8100 = DIRECTION('',(-0.,-1.,0.));
#8101 = FACE_BOUND('',#8102,.T.);
#8102 = EDGE_LOOP('',(#8103));
#8103 = ORIENTED_EDGE('',*,*,#8104,.T.);
#8104 = EDGE_CURVE('',#8105,#8105,#8107,.T.);
#8105 = VERTEX_POINT('',#8106);
#8106 = CARTESIAN_POINT('',(256.,112.4,1.509994));
#8107 = CIRCLE('',#8108,1.6);
#8108 = AXIS2_PLACEMENT_3D('',#8109,#8110,#8111);
#8109 = CARTESIAN_POINT('',(256.,114.,1.509994));
#8110 = DIRECTION('',(-0.,0.,-1.));
#8111 = DIRECTION('',(-0.,-1.,0.));
#8112 = FACE_BOUND('',#8113,.T.);
#8113 = EDGE_LOOP('',(#8114));
#8114 = ORIENTED_EDGE('',*,*,#8115,.T.);
#8115 = EDGE_CURVE('',#8116,#8116,#8118,.T.);
#8116 = VERTEX_POINT('',#8117);
#8117 = CARTESIAN_POINT('',(245.45,129.970998,1.509994));
#8118 = CIRCLE('',#8119,0.5969);
#8119 = AXIS2_PLACEMENT_3D('',#8120,#8121,#8122);
#8120 = CARTESIAN_POINT('',(245.45,130.567898,1.509994));
#8121 = DIRECTION('',(-0.,0.,-1.));
#8122 = DIRECTION('',(-0.,-1.,0.));
#8123 = FACE_BOUND('',#8124,.T.);
#8124 = EDGE_LOOP('',(#8125));
#8125 = ORIENTED_EDGE('',*,*,#8126,.T.);
#8126 = EDGE_CURVE('',#8127,#8127,#8129,.T.);
#8127 = VERTEX_POINT('',#8128);
#8128 = CARTESIAN_POINT('',(241.857898,133.5631,1.509994));
#8129 = CIRCLE('',#8130,0.5969);
#8130 = AXIS2_PLACEMENT_3D('',#8131,#8132,#8133);
#8131 = CARTESIAN_POINT('',(241.857898,134.16,1.509994));
#8132 = DIRECTION('',(-0.,0.,-1.));
#8133 = DIRECTION('',(-0.,-1.,0.));
#8134 = FACE_BOUND('',#8135,.T.);
#8135 = EDGE_LOOP('',(#8136));
#8136 = ORIENTED_EDGE('',*,*,#8137,.T.);
#8137 = EDGE_CURVE('',#8138,#8138,#8140,.T.);
#8138 = VERTEX_POINT('',#8139);
#8139 = CARTESIAN_POINT('',(249.042102,133.5631,1.509994));
#8140 = CIRCLE('',#8141,0.5969);
#8141 = AXIS2_PLACEMENT_3D('',#8142,#8143,#8144);
#8142 = CARTESIAN_POINT('',(249.042102,134.16,1.509994));
#8143 = DIRECTION('',(-0.,0.,-1.));
#8144 = DIRECTION('',(-0.,-1.,0.));
#8145 = FACE_BOUND('',#8146,.T.);
#8146 = EDGE_LOOP('',(#8147));
#8147 = ORIENTED_EDGE('',*,*,#8148,.T.);
#8148 = EDGE_CURVE('',#8149,#8149,#8151,.T.);
#8149 = VERTEX_POINT('',#8150);
#8150 = CARTESIAN_POINT('',(245.45,137.155202,1.509994));
#8151 = CIRCLE('',#8152,0.5969);
#8152 = AXIS2_PLACEMENT_3D('',#8153,#8154,#8155);
#8153 = CARTESIAN_POINT('',(245.45,137.752102,1.509994));
#8154 = DIRECTION('',(-0.,0.,-1.));
#8155 = DIRECTION('',(-0.,-1.,0.));
#8156 = FACE_BOUND('',#8157,.T.);
#8157 = EDGE_LOOP('',(#8158));
#8158 = ORIENTED_EDGE('',*,*,#8159,.T.);
#8159 = EDGE_CURVE('',#8160,#8160,#8162,.T.);
#8160 = VERTEX_POINT('',#8161);
#8161 = CARTESIAN_POINT('',(245.46,145.830998,1.509994));
#8162 = CIRCLE('',#8163,0.5969);
#8163 = AXIS2_PLACEMENT_3D('',#8164,#8165,#8166);
#8164 = CARTESIAN_POINT('',(245.46,146.427898,1.509994));
#8165 = DIRECTION('',(-0.,0.,-1.));
#8166 = DIRECTION('',(-0.,-1.,0.));
#8167 = FACE_BOUND('',#8168,.T.);
#8168 = EDGE_LOOP('',(#8169));
#8169 = ORIENTED_EDGE('',*,*,#8170,.T.);
#8170 = EDGE_CURVE('',#8171,#8171,#8173,.T.);
#8171 = VERTEX_POINT('',#8172);
#8172 = CARTESIAN_POINT('',(5.52,154.4,1.509994));
#8173 = CIRCLE('',#8174,0.5);
#8174 = AXIS2_PLACEMENT_3D('',#8175,#8176,#8177);
#8175 = CARTESIAN_POINT('',(5.52,154.9,1.509994));
#8176 = DIRECTION('',(-0.,0.,-1.));
#8177 = DIRECTION('',(-0.,-1.,0.));
#8178 = FACE_BOUND('',#8179,.T.);
#8179 = EDGE_LOOP('',(#8180));
#8180 = ORIENTED_EDGE('',*,*,#8181,.T.);
#8181 = EDGE_CURVE('',#8182,#8182,#8184,.T.);
#8182 = VERTEX_POINT('',#8183);
#8183 = CARTESIAN_POINT('',(5.52,156.94,1.509994));
#8184 = CIRCLE('',#8185,0.5);
#8185 = AXIS2_PLACEMENT_3D('',#8186,#8187,#8188);
#8186 = CARTESIAN_POINT('',(5.52,157.44,1.509994));
#8187 = DIRECTION('',(-0.,0.,-1.));
#8188 = DIRECTION('',(-0.,-1.,0.));
#8189 = FACE_BOUND('',#8190,.T.);
#8190 = EDGE_LOOP('',(#8191));
#8191 = ORIENTED_EDGE('',*,*,#8192,.T.);
#8192 = EDGE_CURVE('',#8193,#8193,#8195,.T.);
#8193 = VERTEX_POINT('',#8194);
#8194 = CARTESIAN_POINT('',(5.73,162.69,1.509994));
#8195 = CIRCLE('',#8196,0.5);
#8196 = AXIS2_PLACEMENT_3D('',#8197,#8198,#8199);
#8197 = CARTESIAN_POINT('',(5.73,163.19,1.509994));
#8198 = DIRECTION('',(-0.,0.,-1.));
#8199 = DIRECTION('',(-0.,-1.,0.));
#8200 = FACE_BOUND('',#8201,.T.);
#8201 = EDGE_LOOP('',(#8202));
#8202 = ORIENTED_EDGE('',*,*,#8203,.T.);
#8203 = EDGE_CURVE('',#8204,#8204,#8206,.T.);
#8204 = VERTEX_POINT('',#8205);
#8205 = CARTESIAN_POINT('',(5.73,165.23,1.509994));
#8206 = CIRCLE('',#8207,0.5);
#8207 = AXIS2_PLACEMENT_3D('',#8208,#8209,#8210);
#8208 = CARTESIAN_POINT('',(5.73,165.73,1.509994));
#8209 = DIRECTION('',(-0.,0.,-1.));
#8210 = DIRECTION('',(-0.,-1.,0.));
#8211 = FACE_BOUND('',#8212,.T.);
#8212 = EDGE_LOOP('',(#8213));
#8213 = ORIENTED_EDGE('',*,*,#8214,.T.);
#8214 = EDGE_CURVE('',#8215,#8215,#8217,.T.);
#8215 = VERTEX_POINT('',#8216);
#8216 = CARTESIAN_POINT('',(5.97,170.57,1.509994));
#8217 = CIRCLE('',#8218,0.5);
#8218 = AXIS2_PLACEMENT_3D('',#8219,#8220,#8221);
#8219 = CARTESIAN_POINT('',(5.97,171.07,1.509994));
#8220 = DIRECTION('',(-0.,0.,-1.));
#8221 = DIRECTION('',(-0.,-1.,0.));
#8222 = FACE_BOUND('',#8223,.T.);
#8223 = EDGE_LOOP('',(#8224));
#8224 = ORIENTED_EDGE('',*,*,#8225,.T.);
#8225 = EDGE_CURVE('',#8226,#8226,#8228,.T.);
#8226 = VERTEX_POINT('',#8227);
#8227 = CARTESIAN_POINT('',(5.97,173.11,1.509994));
#8228 = CIRCLE('',#8229,0.5);
#8229 = AXIS2_PLACEMENT_3D('',#8230,#8231,#8232);
#8230 = CARTESIAN_POINT('',(5.97,173.61,1.509994));
#8231 = DIRECTION('',(-0.,0.,-1.));
#8232 = DIRECTION('',(-0.,-1.,0.));
#8233 = FACE_BOUND('',#8234,.T.);
#8234 = EDGE_LOOP('',(#8235));
#8235 = ORIENTED_EDGE('',*,*,#8236,.T.);
#8236 = EDGE_CURVE('',#8237,#8237,#8239,.T.);
#8237 = VERTEX_POINT('',#8238);
#8238 = CARTESIAN_POINT('',(3.,180.102,1.509994));
#8239 = CIRCLE('',#8240,0.508);
#8240 = AXIS2_PLACEMENT_3D('',#8241,#8242,#8243);
#8241 = CARTESIAN_POINT('',(3.,180.61,1.509994));
#8242 = DIRECTION('',(-0.,0.,-1.));
#8243 = DIRECTION('',(-0.,-1.,0.));
#8244 = FACE_BOUND('',#8245,.T.);
#8245 = EDGE_LOOP('',(#8246));
#8246 = ORIENTED_EDGE('',*,*,#8247,.T.);
#8247 = EDGE_CURVE('',#8248,#8248,#8250,.T.);
#8248 = VERTEX_POINT('',#8249);
#8249 = CARTESIAN_POINT('',(5.54,180.102,1.509994));
#8250 = CIRCLE('',#8251,0.508);
#8251 = AXIS2_PLACEMENT_3D('',#8252,#8253,#8254);
#8252 = CARTESIAN_POINT('',(5.54,180.61,1.509994));
#8253 = DIRECTION('',(-0.,0.,-1.));
#8254 = DIRECTION('',(-0.,-1.,0.));
#8255 = FACE_BOUND('',#8256,.T.);
#8256 = EDGE_LOOP('',(#8257));
#8257 = ORIENTED_EDGE('',*,*,#8258,.T.);
#8258 = EDGE_CURVE('',#8259,#8259,#8261,.T.);
#8259 = VERTEX_POINT('',#8260);
#8260 = CARTESIAN_POINT('',(3.,182.642,1.509994));
#8261 = CIRCLE('',#8262,0.508);
#8262 = AXIS2_PLACEMENT_3D('',#8263,#8264,#8265);
#8263 = CARTESIAN_POINT('',(3.,183.15,1.509994));
#8264 = DIRECTION('',(-0.,0.,-1.));
#8265 = DIRECTION('',(-0.,-1.,0.));
#8266 = FACE_BOUND('',#8267,.T.);
#8267 = EDGE_LOOP('',(#8268));
#8268 = ORIENTED_EDGE('',*,*,#8269,.T.);
#8269 = EDGE_CURVE('',#8270,#8270,#8272,.T.);
#8270 = VERTEX_POINT('',#8271);
#8271 = CARTESIAN_POINT('',(3.,185.182,1.509994));
#8272 = CIRCLE('',#8273,0.508);
#8273 = AXIS2_PLACEMENT_3D('',#8274,#8275,#8276);
#8274 = CARTESIAN_POINT('',(3.,185.69,1.509994));
#8275 = DIRECTION('',(-0.,0.,-1.));
#8276 = DIRECTION('',(-0.,-1.,0.));
#8277 = FACE_BOUND('',#8278,.T.);
#8278 = EDGE_LOOP('',(#8279));
#8279 = ORIENTED_EDGE('',*,*,#8280,.T.);
#8280 = EDGE_CURVE('',#8281,#8281,#8283,.T.);
#8281 = VERTEX_POINT('',#8282);
#8282 = CARTESIAN_POINT('',(5.54,182.642,1.509994));
#8283 = CIRCLE('',#8284,0.508);
#8284 = AXIS2_PLACEMENT_3D('',#8285,#8286,#8287);
#8285 = CARTESIAN_POINT('',(5.54,183.15,1.509994));
#8286 = DIRECTION('',(-0.,0.,-1.));
#8287 = DIRECTION('',(-0.,-1.,0.));
#8288 = FACE_BOUND('',#8289,.T.);
#8289 = EDGE_LOOP('',(#8290));
#8290 = ORIENTED_EDGE('',*,*,#8291,.T.);
#8291 = EDGE_CURVE('',#8292,#8292,#8294,.T.);
#8292 = VERTEX_POINT('',#8293);
#8293 = CARTESIAN_POINT('',(5.54,185.182,1.509994));
#8294 = CIRCLE('',#8295,0.508);
#8295 = AXIS2_PLACEMENT_3D('',#8296,#8297,#8298);
#8296 = CARTESIAN_POINT('',(5.54,185.69,1.509994));
#8297 = DIRECTION('',(-0.,0.,-1.));
#8298 = DIRECTION('',(-0.,-1.,0.));
#8299 = FACE_BOUND('',#8300,.T.);
#8300 = EDGE_LOOP('',(#8301));
#8301 = ORIENTED_EDGE('',*,*,#8302,.T.);
#8302 = EDGE_CURVE('',#8303,#8303,#8305,.T.);
#8303 = VERTEX_POINT('',#8304);
#8304 = CARTESIAN_POINT('',(64.46,182.7631,1.509994));
#8305 = CIRCLE('',#8306,0.5969);
#8306 = AXIS2_PLACEMENT_3D('',#8307,#8308,#8309);
#8307 = CARTESIAN_POINT('',(64.46,183.36,1.509994));
#8308 = DIRECTION('',(-0.,0.,-1.));
#8309 = DIRECTION('',(-2.380776464266E-14,-1.,0.));
#8310 = FACE_BOUND('',#8311,.T.);
#8311 = EDGE_LOOP('',(#8312));
#8312 = ORIENTED_EDGE('',*,*,#8313,.T.);
#8313 = EDGE_CURVE('',#8314,#8314,#8316,.T.);
#8314 = VERTEX_POINT('',#8315);
#8315 = CARTESIAN_POINT('',(3.,187.722,1.509994));
#8316 = CIRCLE('',#8317,0.508);
#8317 = AXIS2_PLACEMENT_3D('',#8318,#8319,#8320);
#8318 = CARTESIAN_POINT('',(3.,188.23,1.509994));
#8319 = DIRECTION('',(-0.,0.,-1.));
#8320 = DIRECTION('',(-0.,-1.,0.));
#8321 = FACE_BOUND('',#8322,.T.);
#8322 = EDGE_LOOP('',(#8323));
#8323 = ORIENTED_EDGE('',*,*,#8324,.T.);
#8324 = EDGE_CURVE('',#8325,#8325,#8327,.T.);
#8325 = VERTEX_POINT('',#8326);
#8326 = CARTESIAN_POINT('',(5.54,187.722,1.509994));
#8327 = CIRCLE('',#8328,0.508);
#8328 = AXIS2_PLACEMENT_3D('',#8329,#8330,#8331);
#8329 = CARTESIAN_POINT('',(5.54,188.23,1.509994));
#8330 = DIRECTION('',(-0.,0.,-1.));
#8331 = DIRECTION('',(-0.,-1.,0.));
#8332 = FACE_BOUND('',#8333,.T.);
#8333 = EDGE_LOOP('',(#8334,#8345,#8353,#8362));
#8334 = ORIENTED_EDGE('',*,*,#8335,.T.);
#8335 = EDGE_CURVE('',#8336,#8338,#8340,.T.);
#8336 = VERTEX_POINT('',#8337);
#8337 = CARTESIAN_POINT('',(0.86,203.26,1.509994));
#8338 = VERTEX_POINT('',#8339);
#8339 = CARTESIAN_POINT('',(0.86,203.76,1.509994));
#8340 = CIRCLE('',#8341,0.25);
#8341 = AXIS2_PLACEMENT_3D('',#8342,#8343,#8344);
#8342 = CARTESIAN_POINT('',(0.86,203.51,1.509994));
#8343 = DIRECTION('',(-0.,0.,-1.));
#8344 = DIRECTION('',(0.,1.,0.));
#8345 = ORIENTED_EDGE('',*,*,#8346,.T.);
#8346 = EDGE_CURVE('',#8338,#8347,#8349,.T.);
#8347 = VERTEX_POINT('',#8348);
#8348 = CARTESIAN_POINT('',(1.46,203.76,1.509994));
#8349 = LINE('',#8350,#8351);
#8350 = CARTESIAN_POINT('',(0.73,203.76,1.509994));
#8351 = VECTOR('',#8352,1.);
#8352 = DIRECTION('',(1.,0.,-0.));
#8353 = ORIENTED_EDGE('',*,*,#8354,.T.);
#8354 = EDGE_CURVE('',#8347,#8355,#8357,.T.);
#8355 = VERTEX_POINT('',#8356);
#8356 = CARTESIAN_POINT('',(1.46,203.26,1.509994));
#8357 = CIRCLE('',#8358,0.25);
#8358 = AXIS2_PLACEMENT_3D('',#8359,#8360,#8361);
#8359 = CARTESIAN_POINT('',(1.46,203.51,1.509994));
#8360 = DIRECTION('',(-0.,0.,-1.));
#8361 = DIRECTION('',(-0.,-1.,0.));
#8362 = ORIENTED_EDGE('',*,*,#8363,.T.);
#8363 = EDGE_CURVE('',#8355,#8336,#8364,.T.);
#8364 = LINE('',#8365,#8366);
#8365 = CARTESIAN_POINT('',(0.43,203.26,1.509994));
#8366 = VECTOR('',#8367,1.);
#8367 = DIRECTION('',(-1.,0.,0.));
#8368 = FACE_BOUND('',#8369,.T.);
#8369 = EDGE_LOOP('',(#8370,#8381,#8389,#8398));
#8370 = ORIENTED_EDGE('',*,*,#8371,.T.);
#8371 = EDGE_CURVE('',#8372,#8374,#8376,.T.);
#8372 = VERTEX_POINT('',#8373);
#8373 = CARTESIAN_POINT('',(6.81,203.62,1.509994));
#8374 = VERTEX_POINT('',#8375);
#8375 = CARTESIAN_POINT('',(6.81,204.12,1.509994));
#8376 = CIRCLE('',#8377,0.25);
#8377 = AXIS2_PLACEMENT_3D('',#8378,#8379,#8380);
#8378 = CARTESIAN_POINT('',(6.81,203.87,1.509994));
#8379 = DIRECTION('',(-0.,0.,-1.));
#8380 = DIRECTION('',(0.,1.,0.));
#8381 = ORIENTED_EDGE('',*,*,#8382,.T.);
#8382 = EDGE_CURVE('',#8374,#8383,#8385,.T.);
#8383 = VERTEX_POINT('',#8384);
#8384 = CARTESIAN_POINT('',(7.41,204.12,1.509994));
#8385 = LINE('',#8386,#8387);
#8386 = CARTESIAN_POINT('',(3.705,204.12,1.509994));
#8387 = VECTOR('',#8388,1.);
#8388 = DIRECTION('',(1.,0.,-0.));
#8389 = ORIENTED_EDGE('',*,*,#8390,.T.);
#8390 = EDGE_CURVE('',#8383,#8391,#8393,.T.);
#8391 = VERTEX_POINT('',#8392);
#8392 = CARTESIAN_POINT('',(7.41,203.62,1.509994));
#8393 = CIRCLE('',#8394,0.25);
#8394 = AXIS2_PLACEMENT_3D('',#8395,#8396,#8397);
#8395 = CARTESIAN_POINT('',(7.41,203.87,1.509994));
#8396 = DIRECTION('',(-0.,0.,-1.));
#8397 = DIRECTION('',(-0.,-1.,0.));
#8398 = ORIENTED_EDGE('',*,*,#8399,.T.);
#8399 = EDGE_CURVE('',#8391,#8372,#8400,.T.);
#8400 = LINE('',#8401,#8402);
#8401 = CARTESIAN_POINT('',(3.405,203.62,1.509994));
#8402 = VECTOR('',#8403,1.);
#8403 = DIRECTION('',(-1.,0.,0.));
#8404 = FACE_BOUND('',#8405,.T.);
#8405 = EDGE_LOOP('',(#8406,#8417,#8425,#8434));
#8406 = ORIENTED_EDGE('',*,*,#8407,.T.);
#8407 = EDGE_CURVE('',#8408,#8410,#8412,.T.);
#8408 = VERTEX_POINT('',#8409);
#8409 = CARTESIAN_POINT('',(8.685,204.25,1.509994));
#8410 = VERTEX_POINT('',#8411);
#8411 = CARTESIAN_POINT('',(8.035,204.25,1.509994));
#8412 = CIRCLE('',#8413,0.325);
#8413 = AXIS2_PLACEMENT_3D('',#8414,#8415,#8416);
#8414 = CARTESIAN_POINT('',(8.36,204.25,1.509994));
#8415 = DIRECTION('',(-0.,0.,-1.));
#8416 = DIRECTION('',(-1.,0.,0.));
#8417 = ORIENTED_EDGE('',*,*,#8418,.T.);
#8418 = EDGE_CURVE('',#8410,#8419,#8421,.T.);
#8419 = VERTEX_POINT('',#8420);
#8420 = CARTESIAN_POINT('',(8.035,204.55,1.509994));
#8421 = LINE('',#8422,#8423);
#8422 = CARTESIAN_POINT('',(8.035,102.275,1.509994));
#8423 = VECTOR('',#8424,1.);
#8424 = DIRECTION('',(-0.,1.,0.));
#8425 = ORIENTED_EDGE('',*,*,#8426,.T.);
#8426 = EDGE_CURVE('',#8419,#8427,#8429,.T.);
#8427 = VERTEX_POINT('',#8428);
#8428 = CARTESIAN_POINT('',(8.685,204.55,1.509994));
#8429 = CIRCLE('',#8430,0.325);
#8430 = AXIS2_PLACEMENT_3D('',#8431,#8432,#8433);
#8431 = CARTESIAN_POINT('',(8.36,204.55,1.509994));
#8432 = DIRECTION('',(0.,-0.,-1.));
#8433 = DIRECTION('',(1.,0.,-0.));
#8434 = ORIENTED_EDGE('',*,*,#8435,.T.);
#8435 = EDGE_CURVE('',#8427,#8408,#8436,.T.);
#8436 = LINE('',#8437,#8438);
#8437 = CARTESIAN_POINT('',(8.685,102.125,1.509994));
#8438 = VECTOR('',#8439,1.);
#8439 = DIRECTION('',(0.,-1.,0.));
#8440 = FACE_BOUND('',#8441,.T.);
#8441 = EDGE_LOOP('',(#8442,#8453,#8461,#8470));
#8442 = ORIENTED_EDGE('',*,*,#8443,.T.);
#8443 = EDGE_CURVE('',#8444,#8446,#8448,.T.);
#8444 = VERTEX_POINT('',#8445);
#8445 = CARTESIAN_POINT('',(0.86,212.24,1.509994));
#8446 = VERTEX_POINT('',#8447);
#8447 = CARTESIAN_POINT('',(0.86,212.74,1.509994));
#8448 = CIRCLE('',#8449,0.25);
#8449 = AXIS2_PLACEMENT_3D('',#8450,#8451,#8452);
#8450 = CARTESIAN_POINT('',(0.86,212.49,1.509994));
#8451 = DIRECTION('',(-0.,0.,-1.));
#8452 = DIRECTION('',(0.,1.,0.));
#8453 = ORIENTED_EDGE('',*,*,#8454,.T.);
#8454 = EDGE_CURVE('',#8446,#8455,#8457,.T.);
#8455 = VERTEX_POINT('',#8456);
#8456 = CARTESIAN_POINT('',(1.46,212.74,1.509994));
#8457 = LINE('',#8458,#8459);
#8458 = CARTESIAN_POINT('',(0.73,212.74,1.509994));
#8459 = VECTOR('',#8460,1.);
#8460 = DIRECTION('',(1.,0.,-0.));
#8461 = ORIENTED_EDGE('',*,*,#8462,.T.);
#8462 = EDGE_CURVE('',#8455,#8463,#8465,.T.);
#8463 = VERTEX_POINT('',#8464);
#8464 = CARTESIAN_POINT('',(1.46,212.24,1.509994));
#8465 = CIRCLE('',#8466,0.25);
#8466 = AXIS2_PLACEMENT_3D('',#8467,#8468,#8469);
#8467 = CARTESIAN_POINT('',(1.46,212.49,1.509994));
#8468 = DIRECTION('',(-0.,0.,-1.));
#8469 = DIRECTION('',(-0.,-1.,0.));
#8470 = ORIENTED_EDGE('',*,*,#8471,.T.);
#8471 = EDGE_CURVE('',#8463,#8444,#8472,.T.);
#8472 = LINE('',#8473,#8474);
#8473 = CARTESIAN_POINT('',(0.43,212.24,1.509994));
#8474 = VECTOR('',#8475,1.);
#8475 = DIRECTION('',(-1.,0.,0.));
#8476 = FACE_BOUND('',#8477,.T.);
#8477 = EDGE_LOOP('',(#8478,#8489,#8497,#8506));
#8478 = ORIENTED_EDGE('',*,*,#8479,.T.);
#8479 = EDGE_CURVE('',#8480,#8482,#8484,.T.);
#8480 = VERTEX_POINT('',#8481);
#8481 = CARTESIAN_POINT('',(6.81,211.88,1.509994));
#8482 = VERTEX_POINT('',#8483);
#8483 = CARTESIAN_POINT('',(6.81,212.38,1.509994));
#8484 = CIRCLE('',#8485,0.25);
#8485 = AXIS2_PLACEMENT_3D('',#8486,#8487,#8488);
#8486 = CARTESIAN_POINT('',(6.81,212.13,1.509994));
#8487 = DIRECTION('',(-0.,0.,-1.));
#8488 = DIRECTION('',(0.,1.,0.));
#8489 = ORIENTED_EDGE('',*,*,#8490,.T.);
#8490 = EDGE_CURVE('',#8482,#8491,#8493,.T.);
#8491 = VERTEX_POINT('',#8492);
#8492 = CARTESIAN_POINT('',(7.41,212.38,1.509994));
#8493 = LINE('',#8494,#8495);
#8494 = CARTESIAN_POINT('',(3.705,212.38,1.509994));
#8495 = VECTOR('',#8496,1.);
#8496 = DIRECTION('',(1.,0.,-0.));
#8497 = ORIENTED_EDGE('',*,*,#8498,.T.);
#8498 = EDGE_CURVE('',#8491,#8499,#8501,.T.);
#8499 = VERTEX_POINT('',#8500);
#8500 = CARTESIAN_POINT('',(7.41,211.88,1.509994));
#8501 = CIRCLE('',#8502,0.25);
#8502 = AXIS2_PLACEMENT_3D('',#8503,#8504,#8505);
#8503 = CARTESIAN_POINT('',(7.41,212.13,1.509994));
#8504 = DIRECTION('',(-0.,0.,-1.));
#8505 = DIRECTION('',(-0.,-1.,0.));
#8506 = ORIENTED_EDGE('',*,*,#8507,.T.);
#8507 = EDGE_CURVE('',#8499,#8480,#8508,.T.);
#8508 = LINE('',#8509,#8510);
#8509 = CARTESIAN_POINT('',(3.405,211.88,1.509994));
#8510 = VECTOR('',#8511,1.);
#8511 = DIRECTION('',(-1.,0.,0.));
#8512 = FACE_BOUND('',#8513,.T.);
#8513 = EDGE_LOOP('',(#8514));
#8514 = ORIENTED_EDGE('',*,*,#8515,.T.);
#8515 = EDGE_CURVE('',#8516,#8516,#8518,.T.);
#8516 = VERTEX_POINT('',#8517);
#8517 = CARTESIAN_POINT('',(8.36,211.275,1.509994));
#8518 = CIRCLE('',#8519,0.325);
#8519 = AXIS2_PLACEMENT_3D('',#8520,#8521,#8522);
#8520 = CARTESIAN_POINT('',(8.36,211.6,1.509994));
#8521 = DIRECTION('',(-0.,0.,-1.));
#8522 = DIRECTION('',(-0.,-1.,0.));
#8523 = FACE_BOUND('',#8524,.T.);
#8524 = EDGE_LOOP('',(#8525));
#8525 = ORIENTED_EDGE('',*,*,#8526,.T.);
#8526 = EDGE_CURVE('',#8527,#8527,#8529,.T.);
#8527 = VERTEX_POINT('',#8528);
#8528 = CARTESIAN_POINT('',(6.02,219.51,1.509994));
#8529 = CIRCLE('',#8530,0.5);
#8530 = AXIS2_PLACEMENT_3D('',#8531,#8532,#8533);
#8531 = CARTESIAN_POINT('',(6.02,220.01,1.509994));
#8532 = DIRECTION('',(-0.,0.,-1.));
#8533 = DIRECTION('',(-0.,-1.,0.));
#8534 = FACE_BOUND('',#8535,.T.);
#8535 = EDGE_LOOP('',(#8536));
#8536 = ORIENTED_EDGE('',*,*,#8537,.T.);
#8537 = EDGE_CURVE('',#8538,#8538,#8540,.T.);
#8538 = VERTEX_POINT('',#8539);
#8539 = CARTESIAN_POINT('',(6.02,222.05,1.509994));
#8540 = CIRCLE('',#8541,0.5);
#8541 = AXIS2_PLACEMENT_3D('',#8542,#8543,#8544);
#8542 = CARTESIAN_POINT('',(6.02,222.55,1.509994));
#8543 = DIRECTION('',(-0.,0.,-1.));
#8544 = DIRECTION('',(-0.,-1.,0.));
#8545 = FACE_BOUND('',#8546,.T.);
#8546 = EDGE_LOOP('',(#8547));
#8547 = ORIENTED_EDGE('',*,*,#8548,.T.);
#8548 = EDGE_CURVE('',#8549,#8549,#8551,.T.);
#8549 = VERTEX_POINT('',#8550);
#8550 = CARTESIAN_POINT('',(64.46,187.8431,1.509994));
#8551 = CIRCLE('',#8552,0.5969);
#8552 = AXIS2_PLACEMENT_3D('',#8553,#8554,#8555);
#8553 = CARTESIAN_POINT('',(64.46,188.44,1.509994));
#8554 = DIRECTION('',(-0.,0.,-1.));
#8555 = DIRECTION('',(-2.380776464266E-14,-1.,0.));
#8556 = FACE_BOUND('',#8557,.T.);
#8557 = EDGE_LOOP('',(#8558));
#8558 = ORIENTED_EDGE('',*,*,#8559,.T.);
#8559 = EDGE_CURVE('',#8560,#8560,#8562,.T.);
#8560 = VERTEX_POINT('',#8561);
#8561 = CARTESIAN_POINT('',(64.47,192.1031,1.509994));
#8562 = CIRCLE('',#8563,0.5969);
#8563 = AXIS2_PLACEMENT_3D('',#8564,#8565,#8566);
#8564 = CARTESIAN_POINT('',(64.47,192.7,1.509994));
#8565 = DIRECTION('',(-0.,0.,-1.));
#8566 = DIRECTION('',(-0.,-1.,0.));
#8567 = FACE_BOUND('',#8568,.T.);
#8568 = EDGE_LOOP('',(#8569));
#8569 = ORIENTED_EDGE('',*,*,#8570,.T.);
#8570 = EDGE_CURVE('',#8571,#8571,#8573,.T.);
#8571 = VERTEX_POINT('',#8572);
#8572 = CARTESIAN_POINT('',(64.47,197.1831,1.509994));
#8573 = CIRCLE('',#8574,0.5969);
#8574 = AXIS2_PLACEMENT_3D('',#8575,#8576,#8577);
#8575 = CARTESIAN_POINT('',(64.47,197.78,1.509994));
#8576 = DIRECTION('',(-0.,0.,-1.));
#8577 = DIRECTION('',(-0.,-1.,0.));
#8578 = FACE_BOUND('',#8579,.T.);
#8579 = EDGE_LOOP('',(#8580));
#8580 = ORIENTED_EDGE('',*,*,#8581,.T.);
#8581 = EDGE_CURVE('',#8582,#8582,#8584,.T.);
#8582 = VERTEX_POINT('',#8583);
#8583 = CARTESIAN_POINT('',(49.46,219.9131,1.509994));
#8584 = CIRCLE('',#8585,0.5969);
#8585 = AXIS2_PLACEMENT_3D('',#8586,#8587,#8588);
#8586 = CARTESIAN_POINT('',(49.46,220.51,1.509994));
#8587 = DIRECTION('',(-0.,0.,-1.));
#8588 = DIRECTION('',(-0.,-1.,0.));
#8589 = FACE_BOUND('',#8590,.T.);
#8590 = EDGE_LOOP('',(#8591));
#8591 = ORIENTED_EDGE('',*,*,#8592,.T.);
#8592 = EDGE_CURVE('',#8593,#8593,#8595,.T.);
#8593 = VERTEX_POINT('',#8594);
#8594 = CARTESIAN_POINT('',(54.54,219.9131,1.509994));
#8595 = CIRCLE('',#8596,0.5969);
#8596 = AXIS2_PLACEMENT_3D('',#8597,#8598,#8599);
#8597 = CARTESIAN_POINT('',(54.54,220.51,1.509994));
#8598 = DIRECTION('',(-0.,0.,-1.));
#8599 = DIRECTION('',(-0.,-1.,0.));
#8600 = FACE_BOUND('',#8601,.T.);
#8601 = EDGE_LOOP('',(#8602));
#8602 = ORIENTED_EDGE('',*,*,#8603,.T.);
#8603 = EDGE_CURVE('',#8604,#8604,#8606,.T.);
#8604 = VERTEX_POINT('',#8605);
#8605 = CARTESIAN_POINT('',(75.67,155.071231,1.509994));
#8606 = CIRCLE('',#8607,0.42);
#8607 = AXIS2_PLACEMENT_3D('',#8608,#8609,#8610);
#8608 = CARTESIAN_POINT('',(75.67,155.491231,1.509994));
#8609 = DIRECTION('',(-0.,0.,-1.));
#8610 = DIRECTION('',(-0.,-1.,0.));
#8611 = FACE_BOUND('',#8612,.T.);
#8612 = EDGE_LOOP('',(#8613));
#8613 = ORIENTED_EDGE('',*,*,#8614,.T.);
#8614 = EDGE_CURVE('',#8615,#8615,#8617,.T.);
#8615 = VERTEX_POINT('',#8616);
#8616 = CARTESIAN_POINT('',(75.67,157.611231,1.509994));
#8617 = CIRCLE('',#8618,0.42);
#8618 = AXIS2_PLACEMENT_3D('',#8619,#8620,#8621);
#8619 = CARTESIAN_POINT('',(75.67,158.031231,1.509994));
#8620 = DIRECTION('',(-0.,0.,-1.));
#8621 = DIRECTION('',(-0.,-1.,0.));
#8622 = FACE_BOUND('',#8623,.T.);
#8623 = EDGE_LOOP('',(#8624));
#8624 = ORIENTED_EDGE('',*,*,#8625,.T.);
#8625 = EDGE_CURVE('',#8626,#8626,#8628,.T.);
#8626 = VERTEX_POINT('',#8627);
#8627 = CARTESIAN_POINT('',(78.21,155.071231,1.509994));
#8628 = CIRCLE('',#8629,0.42);
#8629 = AXIS2_PLACEMENT_3D('',#8630,#8631,#8632);
#8630 = CARTESIAN_POINT('',(78.21,155.491231,1.509994));
#8631 = DIRECTION('',(-0.,0.,-1.));
#8632 = DIRECTION('',(-3.383536836953E-14,-1.,0.));
#8633 = FACE_BOUND('',#8634,.T.);
#8634 = EDGE_LOOP('',(#8635));
#8635 = ORIENTED_EDGE('',*,*,#8636,.T.);
#8636 = EDGE_CURVE('',#8637,#8637,#8639,.T.);
#8637 = VERTEX_POINT('',#8638);
#8638 = CARTESIAN_POINT('',(76.94,155.806231,1.509994));
#8639 = CIRCLE('',#8640,0.32);
#8640 = AXIS2_PLACEMENT_3D('',#8641,#8642,#8643);
#8641 = CARTESIAN_POINT('',(76.94,156.126231,1.509994));
#8642 = DIRECTION('',(-0.,0.,-1.));
#8643 = DIRECTION('',(-0.,-1.,0.));
#8644 = FACE_BOUND('',#8645,.T.);
#8645 = EDGE_LOOP('',(#8646));
#8646 = ORIENTED_EDGE('',*,*,#8647,.T.);
#8647 = EDGE_CURVE('',#8648,#8648,#8650,.T.);
#8648 = VERTEX_POINT('',#8649);
#8649 = CARTESIAN_POINT('',(76.94,157.076231,1.509994));
#8650 = CIRCLE('',#8651,0.32);
#8651 = AXIS2_PLACEMENT_3D('',#8652,#8653,#8654);
#8652 = CARTESIAN_POINT('',(76.94,157.396231,1.509994));
#8653 = DIRECTION('',(-0.,0.,-1.));
#8654 = DIRECTION('',(-0.,-1.,0.));
#8655 = FACE_BOUND('',#8656,.T.);
#8656 = EDGE_LOOP('',(#8657));
#8657 = ORIENTED_EDGE('',*,*,#8658,.T.);
#8658 = EDGE_CURVE('',#8659,#8659,#8661,.T.);
#8659 = VERTEX_POINT('',#8660);
#8660 = CARTESIAN_POINT('',(78.21,157.611231,1.509994));
#8661 = CIRCLE('',#8662,0.42);
#8662 = AXIS2_PLACEMENT_3D('',#8663,#8664,#8665);
#8663 = CARTESIAN_POINT('',(78.21,158.031231,1.509994));
#8664 = DIRECTION('',(-0.,0.,-1.));
#8665 = DIRECTION('',(-3.383536836953E-14,-1.,0.));
#8666 = FACE_BOUND('',#8667,.T.);
#8667 = EDGE_LOOP('',(#8668));
#8668 = ORIENTED_EDGE('',*,*,#8669,.T.);
#8669 = EDGE_CURVE('',#8670,#8670,#8672,.T.);
#8670 = VERTEX_POINT('',#8671);
#8671 = CARTESIAN_POINT('',(69.54,182.7631,1.509994));
#8672 = CIRCLE('',#8673,0.5969);
#8673 = AXIS2_PLACEMENT_3D('',#8674,#8675,#8676);
#8674 = CARTESIAN_POINT('',(69.54,183.36,1.509994));
#8675 = DIRECTION('',(-0.,0.,-1.));
#8676 = DIRECTION('',(2.380776464266E-14,-1.,-0.));
#8677 = FACE_BOUND('',#8678,.T.);
#8678 = EDGE_LOOP('',(#8679));
#8679 = ORIENTED_EDGE('',*,*,#8680,.T.);
#8680 = EDGE_CURVE('',#8681,#8681,#8683,.T.);
#8681 = VERTEX_POINT('',#8682);
#8682 = CARTESIAN_POINT('',(73.93,178.13,1.509994));
#8683 = CIRCLE('',#8684,0.42);
#8684 = AXIS2_PLACEMENT_3D('',#8685,#8686,#8687);
#8685 = CARTESIAN_POINT('',(73.93,178.55,1.509994));
#8686 = DIRECTION('',(-0.,0.,-1.));
#8687 = DIRECTION('',(-0.,-1.,0.));
#8688 = FACE_BOUND('',#8689,.T.);
#8689 = EDGE_LOOP('',(#8690));
#8690 = ORIENTED_EDGE('',*,*,#8691,.T.);
#8691 = EDGE_CURVE('',#8692,#8692,#8694,.T.);
#8692 = VERTEX_POINT('',#8693);
#8693 = CARTESIAN_POINT('',(76.47,178.13,1.509994));
#8694 = CIRCLE('',#8695,0.42);
#8695 = AXIS2_PLACEMENT_3D('',#8696,#8697,#8698);
#8696 = CARTESIAN_POINT('',(76.47,178.55,1.509994));
#8697 = DIRECTION('',(-0.,0.,-1.));
#8698 = DIRECTION('',(-0.,-1.,0.));
#8699 = FACE_BOUND('',#8700,.T.);
#8700 = EDGE_LOOP('',(#8701));
#8701 = ORIENTED_EDGE('',*,*,#8702,.T.);
#8702 = EDGE_CURVE('',#8703,#8703,#8705,.T.);
#8703 = VERTEX_POINT('',#8704);
#8704 = CARTESIAN_POINT('',(75.2,178.865,1.509994));
#8705 = CIRCLE('',#8706,0.32);
#8706 = AXIS2_PLACEMENT_3D('',#8707,#8708,#8709);
#8707 = CARTESIAN_POINT('',(75.2,179.185,1.509994));
#8708 = DIRECTION('',(-0.,0.,-1.));
#8709 = DIRECTION('',(4.4408920985E-14,-1.,-0.));
#8710 = FACE_BOUND('',#8711,.T.);
#8711 = EDGE_LOOP('',(#8712));
#8712 = ORIENTED_EDGE('',*,*,#8713,.T.);
#8713 = EDGE_CURVE('',#8714,#8714,#8716,.T.);
#8714 = VERTEX_POINT('',#8715);
#8715 = CARTESIAN_POINT('',(73.93,180.67,1.509994));
#8716 = CIRCLE('',#8717,0.42);
#8717 = AXIS2_PLACEMENT_3D('',#8718,#8719,#8720);
#8718 = CARTESIAN_POINT('',(73.93,181.09,1.509994));
#8719 = DIRECTION('',(-0.,0.,-1.));
#8720 = DIRECTION('',(-0.,-1.,0.));
#8721 = FACE_BOUND('',#8722,.T.);
#8722 = EDGE_LOOP('',(#8723));
#8723 = ORIENTED_EDGE('',*,*,#8724,.T.);
#8724 = EDGE_CURVE('',#8725,#8725,#8727,.T.);
#8725 = VERTEX_POINT('',#8726);
#8726 = CARTESIAN_POINT('',(75.2,180.135,1.509994));
#8727 = CIRCLE('',#8728,0.32);
#8728 = AXIS2_PLACEMENT_3D('',#8729,#8730,#8731);
#8729 = CARTESIAN_POINT('',(75.2,180.455,1.509994));
#8730 = DIRECTION('',(-0.,0.,-1.));
#8731 = DIRECTION('',(4.4408920985E-14,-1.,-0.));
#8732 = FACE_BOUND('',#8733,.T.);
#8733 = EDGE_LOOP('',(#8734));
#8734 = ORIENTED_EDGE('',*,*,#8735,.T.);
#8735 = EDGE_CURVE('',#8736,#8736,#8738,.T.);
#8736 = VERTEX_POINT('',#8737);
#8737 = CARTESIAN_POINT('',(76.47,180.67,1.509994));
#8738 = CIRCLE('',#8739,0.42);
#8739 = AXIS2_PLACEMENT_3D('',#8740,#8741,#8742);
#8740 = CARTESIAN_POINT('',(76.47,181.09,1.509994));
#8741 = DIRECTION('',(-0.,0.,-1.));
#8742 = DIRECTION('',(-0.,-1.,0.));
#8743 = FACE_BOUND('',#8744,.T.);
#8744 = EDGE_LOOP('',(#8745));
#8745 = ORIENTED_EDGE('',*,*,#8746,.T.);
#8746 = EDGE_CURVE('',#8747,#8747,#8749,.T.);
#8747 = VERTEX_POINT('',#8748);
#8748 = CARTESIAN_POINT('',(128.7,152.135202,1.509994));
#8749 = CIRCLE('',#8750,0.5969);
#8750 = AXIS2_PLACEMENT_3D('',#8751,#8752,#8753);
#8751 = CARTESIAN_POINT('',(128.7,152.732102,1.509994));
#8752 = DIRECTION('',(-0.,0.,-1.));
#8753 = DIRECTION('',(-0.,-1.,0.));
#8754 = FACE_BOUND('',#8755,.T.);
#8755 = EDGE_LOOP('',(#8756));
#8756 = ORIENTED_EDGE('',*,*,#8757,.T.);
#8757 = EDGE_CURVE('',#8758,#8758,#8760,.T.);
#8758 = VERTEX_POINT('',#8759);
#8759 = CARTESIAN_POINT('',(69.54,187.8431,1.509994));
#8760 = CIRCLE('',#8761,0.5969);
#8761 = AXIS2_PLACEMENT_3D('',#8762,#8763,#8764);
#8762 = CARTESIAN_POINT('',(69.54,188.44,1.509994));
#8763 = DIRECTION('',(-0.,0.,-1.));
#8764 = DIRECTION('',(2.380776464266E-14,-1.,-0.));
#8765 = FACE_BOUND('',#8766,.T.);
#8766 = EDGE_LOOP('',(#8767));
#8767 = ORIENTED_EDGE('',*,*,#8768,.T.);
#8768 = EDGE_CURVE('',#8769,#8769,#8771,.T.);
#8769 = VERTEX_POINT('',#8770);
#8770 = CARTESIAN_POINT('',(69.55,192.1031,1.509994));
#8771 = CIRCLE('',#8772,0.5969);
#8772 = AXIS2_PLACEMENT_3D('',#8773,#8774,#8775);
#8773 = CARTESIAN_POINT('',(69.55,192.7,1.509994));
#8774 = DIRECTION('',(-0.,0.,-1.));
#8775 = DIRECTION('',(-2.380776464266E-14,-1.,0.));
#8776 = FACE_BOUND('',#8777,.T.);
#8777 = EDGE_LOOP('',(#8778));
#8778 = ORIENTED_EDGE('',*,*,#8779,.T.);
#8779 = EDGE_CURVE('',#8780,#8780,#8782,.T.);
#8780 = VERTEX_POINT('',#8781);
#8781 = CARTESIAN_POINT('',(78.5,189.722,1.509994));
#8782 = CIRCLE('',#8783,0.508);
#8783 = AXIS2_PLACEMENT_3D('',#8784,#8785,#8786);
#8784 = CARTESIAN_POINT('',(78.5,190.23,1.509994));
#8785 = DIRECTION('',(-0.,0.,-1.));
#8786 = DIRECTION('',(-0.,-1.,0.));
#8787 = FACE_BOUND('',#8788,.T.);
#8788 = EDGE_LOOP('',(#8789));
#8789 = ORIENTED_EDGE('',*,*,#8790,.T.);
#8790 = EDGE_CURVE('',#8791,#8791,#8793,.T.);
#8791 = VERTEX_POINT('',#8792);
#8792 = CARTESIAN_POINT('',(78.5,192.262,1.509994));
#8793 = CIRCLE('',#8794,0.508);
#8794 = AXIS2_PLACEMENT_3D('',#8795,#8796,#8797);
#8795 = CARTESIAN_POINT('',(78.5,192.77,1.509994));
#8796 = DIRECTION('',(-0.,0.,-1.));
#8797 = DIRECTION('',(-0.,-1.,0.));
#8798 = FACE_BOUND('',#8799,.T.);
#8799 = EDGE_LOOP('',(#8800));
#8800 = ORIENTED_EDGE('',*,*,#8801,.T.);
#8801 = EDGE_CURVE('',#8802,#8802,#8804,.T.);
#8802 = VERTEX_POINT('',#8803);
#8803 = CARTESIAN_POINT('',(69.55,197.1831,1.509994));
#8804 = CIRCLE('',#8805,0.5969);
#8805 = AXIS2_PLACEMENT_3D('',#8806,#8807,#8808);
#8806 = CARTESIAN_POINT('',(69.55,197.78,1.509994));
#8807 = DIRECTION('',(-0.,0.,-1.));
#8808 = DIRECTION('',(-2.380776464266E-14,-1.,0.));
#8809 = FACE_BOUND('',#8810,.T.);
#8810 = EDGE_LOOP('',(#8811));
#8811 = ORIENTED_EDGE('',*,*,#8812,.T.);
#8812 = EDGE_CURVE('',#8813,#8813,#8815,.T.);
#8813 = VERTEX_POINT('',#8814);
#8814 = CARTESIAN_POINT('',(79.96,218.6731,1.509994));
#8815 = CIRCLE('',#8816,0.5969);
#8816 = AXIS2_PLACEMENT_3D('',#8817,#8818,#8819);
#8817 = CARTESIAN_POINT('',(79.96,219.27,1.509994));
#8818 = DIRECTION('',(-0.,0.,-1.));
#8819 = DIRECTION('',(-2.380776464266E-14,-1.,0.));
#8820 = FACE_BOUND('',#8821,.T.);
#8821 = EDGE_LOOP('',(#8822));
#8822 = ORIENTED_EDGE('',*,*,#8823,.T.);
#8823 = EDGE_CURVE('',#8824,#8824,#8826,.T.);
#8824 = VERTEX_POINT('',#8825);
#8825 = CARTESIAN_POINT('',(85.04,218.6731,1.509994));
#8826 = CIRCLE('',#8827,0.5969);
#8827 = AXIS2_PLACEMENT_3D('',#8828,#8829,#8830);
#8828 = CARTESIAN_POINT('',(85.04,219.27,1.509994));
#8829 = DIRECTION('',(-0.,0.,-1.));
#8830 = DIRECTION('',(2.380776464266E-14,-1.,-0.));
#8831 = FACE_BOUND('',#8832,.T.);
#8832 = EDGE_LOOP('',(#8833));
#8833 = ORIENTED_EDGE('',*,*,#8834,.T.);
#8834 = EDGE_CURVE('',#8835,#8835,#8837,.T.);
#8835 = VERTEX_POINT('',#8836);
#8836 = CARTESIAN_POINT('',(127.447898,210.0931,1.509994));
#8837 = CIRCLE('',#8838,0.5969);
#8838 = AXIS2_PLACEMENT_3D('',#8839,#8840,#8841);
#8839 = CARTESIAN_POINT('',(127.447898,210.69,1.509994));
#8840 = DIRECTION('',(-0.,0.,-1.));
#8841 = DIRECTION('',(-0.,-1.,0.));
#8842 = FACE_BOUND('',#8843,.T.);
#8843 = EDGE_LOOP('',(#8844));
#8844 = ORIENTED_EDGE('',*,*,#8845,.T.);
#8845 = EDGE_CURVE('',#8846,#8846,#8848,.T.);
#8846 = VERTEX_POINT('',#8847);
#8847 = CARTESIAN_POINT('',(125.599166,222.954693,1.509994));
#8848 = CIRCLE('',#8849,0.5969);
#8849 = AXIS2_PLACEMENT_3D('',#8850,#8851,#8852);
#8850 = CARTESIAN_POINT('',(125.599166,223.551593,1.509994));
#8851 = DIRECTION('',(-0.,0.,-1.));
#8852 = DIRECTION('',(-0.,-1.,0.));
#8853 = FACE_BOUND('',#8854,.T.);
#8854 = EDGE_LOOP('',(#8855));
#8855 = ORIENTED_EDGE('',*,*,#8856,.T.);
#8856 = EDGE_CURVE('',#8857,#8857,#8859,.T.);
#8857 = VERTEX_POINT('',#8858);
#8858 = CARTESIAN_POINT('',(4.62,251.88,1.509994));
#8859 = CIRCLE('',#8860,0.5);
#8860 = AXIS2_PLACEMENT_3D('',#8861,#8862,#8863);
#8861 = CARTESIAN_POINT('',(4.62,252.38,1.509994));
#8862 = DIRECTION('',(-0.,0.,-1.));
#8863 = DIRECTION('',(-0.,-1.,0.));
#8864 = FACE_BOUND('',#8865,.T.);
#8865 = EDGE_LOOP('',(#8866));
#8866 = ORIENTED_EDGE('',*,*,#8867,.T.);
#8867 = EDGE_CURVE('',#8868,#8868,#8870,.T.);
#8868 = VERTEX_POINT('',#8869);
#8869 = CARTESIAN_POINT('',(4.62,254.42,1.509994));
#8870 = CIRCLE('',#8871,0.5);
#8871 = AXIS2_PLACEMENT_3D('',#8872,#8873,#8874);
#8872 = CARTESIAN_POINT('',(4.62,254.92,1.509994));
#8873 = DIRECTION('',(-0.,0.,-1.));
#8874 = DIRECTION('',(-0.,-1.,0.));
#8875 = FACE_BOUND('',#8876,.T.);
#8876 = EDGE_LOOP('',(#8877));
#8877 = ORIENTED_EDGE('',*,*,#8878,.T.);
#8878 = EDGE_CURVE('',#8879,#8879,#8881,.T.);
#8879 = VERTEX_POINT('',#8880);
#8880 = CARTESIAN_POINT('',(49.46,224.9931,1.509994));
#8881 = CIRCLE('',#8882,0.5969);
#8882 = AXIS2_PLACEMENT_3D('',#8883,#8884,#8885);
#8883 = CARTESIAN_POINT('',(49.46,225.59,1.509994));
#8884 = DIRECTION('',(-0.,0.,-1.));
#8885 = DIRECTION('',(-0.,-1.,0.));
#8886 = FACE_BOUND('',#8887,.T.);
#8887 = EDGE_LOOP('',(#8888));
#8888 = ORIENTED_EDGE('',*,*,#8889,.T.);
#8889 = EDGE_CURVE('',#8890,#8890,#8892,.T.);
#8890 = VERTEX_POINT('',#8891);
#8891 = CARTESIAN_POINT('',(54.54,224.9931,1.509994));
#8892 = CIRCLE('',#8893,0.5969);
#8893 = AXIS2_PLACEMENT_3D('',#8894,#8895,#8896);
#8894 = CARTESIAN_POINT('',(54.54,225.59,1.509994));
#8895 = DIRECTION('',(-0.,0.,-1.));
#8896 = DIRECTION('',(-0.,-1.,0.));
#8897 = FACE_BOUND('',#8898,.T.);
#8898 = EDGE_LOOP('',(#8899));
#8899 = ORIENTED_EDGE('',*,*,#8900,.T.);
#8900 = EDGE_CURVE('',#8901,#8901,#8903,.T.);
#8901 = VERTEX_POINT('',#8902);
#8902 = CARTESIAN_POINT('',(4.,294.4,1.509994));
#8903 = CIRCLE('',#8904,1.6);
#8904 = AXIS2_PLACEMENT_3D('',#8905,#8906,#8907);
#8905 = CARTESIAN_POINT('',(4.,296.,1.509994));
#8906 = DIRECTION('',(-0.,0.,-1.));
#8907 = DIRECTION('',(-0.,-1.,0.));
#8908 = FACE_BOUND('',#8909,.T.);
#8909 = EDGE_LOOP('',(#8910));
#8910 = ORIENTED_EDGE('',*,*,#8911,.T.);
#8911 = EDGE_CURVE('',#8912,#8912,#8914,.T.);
#8912 = VERTEX_POINT('',#8913);
#8913 = CARTESIAN_POINT('',(79.96,223.7531,1.509994));
#8914 = CIRCLE('',#8915,0.5969);
#8915 = AXIS2_PLACEMENT_3D('',#8916,#8917,#8918);
#8916 = CARTESIAN_POINT('',(79.96,224.35,1.509994));
#8917 = DIRECTION('',(-0.,0.,-1.));
#8918 = DIRECTION('',(-2.380776464266E-14,-1.,0.));
#8919 = FACE_BOUND('',#8920,.T.);
#8920 = EDGE_LOOP('',(#8921));
#8921 = ORIENTED_EDGE('',*,*,#8922,.T.);
#8922 = EDGE_CURVE('',#8923,#8923,#8925,.T.);
#8923 = VERTEX_POINT('',#8924);
#8924 = CARTESIAN_POINT('',(85.04,223.7531,1.509994));
#8925 = CIRCLE('',#8926,0.5969);
#8926 = AXIS2_PLACEMENT_3D('',#8927,#8928,#8929);
#8927 = CARTESIAN_POINT('',(85.04,224.35,1.509994));
#8928 = DIRECTION('',(-0.,0.,-1.));
#8929 = DIRECTION('',(2.380776464266E-14,-1.,-0.));
#8930 = FACE_BOUND('',#8931,.T.);
#8931 = EDGE_LOOP('',(#8932));
#8932 = ORIENTED_EDGE('',*,*,#8933,.T.);
#8933 = EDGE_CURVE('',#8934,#8934,#8936,.T.);
#8934 = VERTEX_POINT('',#8935);
#8935 = CARTESIAN_POINT('',(116.,248.4,1.509994));
#8936 = CIRCLE('',#8937,1.6);
#8937 = AXIS2_PLACEMENT_3D('',#8938,#8939,#8940);
#8938 = CARTESIAN_POINT('',(116.,250.,1.509994));
#8939 = DIRECTION('',(-0.,0.,-1.));
#8940 = DIRECTION('',(-0.,-1.,0.));
#8941 = FACE_BOUND('',#8942,.T.);
#8942 = EDGE_LOOP('',(#8943));
#8943 = ORIENTED_EDGE('',*,*,#8944,.T.);
#8944 = EDGE_CURVE('',#8945,#8945,#8947,.T.);
#8945 = VERTEX_POINT('',#8946);
#8946 = CARTESIAN_POINT('',(117.23,278.28,1.509994));
#8947 = CIRCLE('',#8948,0.5);
#8948 = AXIS2_PLACEMENT_3D('',#8949,#8950,#8951);
#8949 = CARTESIAN_POINT('',(117.23,278.78,1.509994));
#8950 = DIRECTION('',(-0.,0.,-1.));
#8951 = DIRECTION('',(-0.,-1.,0.));
#8952 = FACE_BOUND('',#8953,.T.);
#8953 = EDGE_LOOP('',(#8954));
#8954 = ORIENTED_EDGE('',*,*,#8955,.T.);
#8955 = EDGE_CURVE('',#8956,#8956,#8958,.T.);
#8956 = VERTEX_POINT('',#8957);
#8957 = CARTESIAN_POINT('',(119.77,278.28,1.509994));
#8958 = CIRCLE('',#8959,0.5);
#8959 = AXIS2_PLACEMENT_3D('',#8960,#8961,#8962);
#8960 = CARTESIAN_POINT('',(119.77,278.78,1.509994));
#8961 = DIRECTION('',(-0.,0.,-1.));
#8962 = DIRECTION('',(-0.,-1.,0.));
#8963 = FACE_BOUND('',#8964,.T.);
#8964 = EDGE_LOOP('',(#8965));
#8965 = ORIENTED_EDGE('',*,*,#8966,.T.);
#8966 = EDGE_CURVE('',#8967,#8967,#8969,.T.);
#8967 = VERTEX_POINT('',#8968);
#8968 = CARTESIAN_POINT('',(141.42,157.600998,1.509994));
#8969 = CIRCLE('',#8970,0.5969);
#8970 = AXIS2_PLACEMENT_3D('',#8971,#8972,#8973);
#8971 = CARTESIAN_POINT('',(141.42,158.197898,1.509994));
#8972 = DIRECTION('',(-0.,0.,-1.));
#8973 = DIRECTION('',(-4.761552928532E-14,-1.,0.));
#8974 = FACE_BOUND('',#8975,.T.);
#8975 = EDGE_LOOP('',(#8976));
#8976 = ORIENTED_EDGE('',*,*,#8977,.T.);
#8977 = EDGE_CURVE('',#8978,#8978,#8980,.T.);
#8978 = VERTEX_POINT('',#8979);
#8979 = CARTESIAN_POINT('',(137.827898,161.1931,1.509994));
#8980 = CIRCLE('',#8981,0.5969);
#8981 = AXIS2_PLACEMENT_3D('',#8982,#8983,#8984);
#8982 = CARTESIAN_POINT('',(137.827898,161.79,1.509994));
#8983 = DIRECTION('',(-0.,0.,-1.));
#8984 = DIRECTION('',(-0.,-1.,0.));
#8985 = FACE_BOUND('',#8986,.T.);
#8986 = EDGE_LOOP('',(#8987));
#8987 = ORIENTED_EDGE('',*,*,#8988,.T.);
#8988 = EDGE_CURVE('',#8989,#8989,#8991,.T.);
#8989 = VERTEX_POINT('',#8990);
#8990 = CARTESIAN_POINT('',(145.012102,161.1931,1.509994));
#8991 = CIRCLE('',#8992,0.5969);
#8992 = AXIS2_PLACEMENT_3D('',#8993,#8994,#8995);
#8993 = CARTESIAN_POINT('',(145.012102,161.79,1.509994));
#8994 = DIRECTION('',(-0.,0.,-1.));
#8995 = DIRECTION('',(-0.,-1.,0.));
#8996 = FACE_BOUND('',#8997,.T.);
#8997 = EDGE_LOOP('',(#8998));
#8998 = ORIENTED_EDGE('',*,*,#8999,.T.);
#8999 = EDGE_CURVE('',#9000,#9000,#9002,.T.);
#9000 = VERTEX_POINT('',#9001);
#9001 = CARTESIAN_POINT('',(141.42,164.785202,1.509994));
#9002 = CIRCLE('',#9003,0.5969);
#9003 = AXIS2_PLACEMENT_3D('',#9004,#9005,#9006);
#9004 = CARTESIAN_POINT('',(141.42,165.382102,1.509994));
#9005 = DIRECTION('',(-0.,0.,-1.));
#9006 = DIRECTION('',(-4.761552928532E-14,-1.,0.));
#9007 = FACE_BOUND('',#9008,.T.);
#9008 = EDGE_LOOP('',(#9009));
#9009 = ORIENTED_EDGE('',*,*,#9010,.T.);
#9010 = EDGE_CURVE('',#9011,#9011,#9013,.T.);
#9011 = VERTEX_POINT('',#9012);
#9012 = CARTESIAN_POINT('',(158.33,157.750998,1.509994));
#9013 = CIRCLE('',#9014,0.5969);
#9014 = AXIS2_PLACEMENT_3D('',#9015,#9016,#9017);
#9015 = CARTESIAN_POINT('',(158.33,158.347898,1.509994));
#9016 = DIRECTION('',(-0.,0.,-1.));
#9017 = DIRECTION('',(4.761552928532E-14,-1.,-0.));
#9018 = FACE_BOUND('',#9019,.T.);
#9019 = EDGE_LOOP('',(#9020));
#9020 = ORIENTED_EDGE('',*,*,#9021,.T.);
#9021 = EDGE_CURVE('',#9022,#9022,#9024,.T.);
#9022 = VERTEX_POINT('',#9023);
#9023 = CARTESIAN_POINT('',(154.737898,161.3431,1.509994));
#9024 = CIRCLE('',#9025,0.5969);
#9025 = AXIS2_PLACEMENT_3D('',#9026,#9027,#9028);
#9026 = CARTESIAN_POINT('',(154.737898,161.94,1.509994));
#9027 = DIRECTION('',(-0.,0.,-1.));
#9028 = DIRECTION('',(-0.,-1.,0.));
#9029 = FACE_BOUND('',#9030,.T.);
#9030 = EDGE_LOOP('',(#9031));
#9031 = ORIENTED_EDGE('',*,*,#9032,.T.);
#9032 = EDGE_CURVE('',#9033,#9033,#9035,.T.);
#9033 = VERTEX_POINT('',#9034);
#9034 = CARTESIAN_POINT('',(158.33,164.935202,1.509994));
#9035 = CIRCLE('',#9036,0.5969);
#9036 = AXIS2_PLACEMENT_3D('',#9037,#9038,#9039);
#9037 = CARTESIAN_POINT('',(158.33,165.532102,1.509994));
#9038 = DIRECTION('',(-0.,0.,-1.));
#9039 = DIRECTION('',(4.761552928531E-14,-1.,-0.));
#9040 = FACE_BOUND('',#9041,.T.);
#9041 = EDGE_LOOP('',(#9042));
#9042 = ORIENTED_EDGE('',*,*,#9043,.T.);
#9043 = EDGE_CURVE('',#9044,#9044,#9046,.T.);
#9044 = VERTEX_POINT('',#9045);
#9045 = CARTESIAN_POINT('',(165.997898,150.2931,1.509994));
#9046 = CIRCLE('',#9047,0.5969);
#9047 = AXIS2_PLACEMENT_3D('',#9048,#9049,#9050);
#9048 = CARTESIAN_POINT('',(165.997898,150.89,1.509994));
#9049 = DIRECTION('',(-0.,0.,-1.));
#9050 = DIRECTION('',(-0.,-1.,0.));
#9051 = FACE_BOUND('',#9052,.T.);
#9052 = EDGE_LOOP('',(#9053));
#9053 = ORIENTED_EDGE('',*,*,#9054,.T.);
#9054 = EDGE_CURVE('',#9055,#9055,#9057,.T.);
#9055 = VERTEX_POINT('',#9056);
#9056 = CARTESIAN_POINT('',(173.182102,150.2931,1.509994));
#9057 = CIRCLE('',#9058,0.5969);
#9058 = AXIS2_PLACEMENT_3D('',#9059,#9060,#9061);
#9059 = CARTESIAN_POINT('',(173.182102,150.89,1.509994));
#9060 = DIRECTION('',(-0.,0.,-1.));
#9061 = DIRECTION('',(-0.,-1.,0.));
#9062 = FACE_BOUND('',#9063,.T.);
#9063 = EDGE_LOOP('',(#9064));
#9064 = ORIENTED_EDGE('',*,*,#9065,.T.);
#9065 = EDGE_CURVE('',#9066,#9066,#9068,.T.);
#9066 = VERTEX_POINT('',#9067);
#9067 = CARTESIAN_POINT('',(169.59,153.885202,1.509994));
#9068 = CIRCLE('',#9069,0.5969);
#9069 = AXIS2_PLACEMENT_3D('',#9070,#9071,#9072);
#9070 = CARTESIAN_POINT('',(169.59,154.482102,1.509994));
#9071 = DIRECTION('',(-0.,0.,-1.));
#9072 = DIRECTION('',(-0.,-1.,0.));
#9073 = FACE_BOUND('',#9074,.T.);
#9074 = EDGE_LOOP('',(#9075));
#9075 = ORIENTED_EDGE('',*,*,#9076,.T.);
#9076 = EDGE_CURVE('',#9077,#9077,#9079,.T.);
#9077 = VERTEX_POINT('',#9078);
#9078 = CARTESIAN_POINT('',(161.922102,161.3431,1.509994));
#9079 = CIRCLE('',#9080,0.5969);
#9080 = AXIS2_PLACEMENT_3D('',#9081,#9082,#9083);
#9081 = CARTESIAN_POINT('',(161.922102,161.94,1.509994));
#9082 = DIRECTION('',(-0.,0.,-1.));
#9083 = DIRECTION('',(-0.,-1.,0.));
#9084 = FACE_BOUND('',#9085,.T.);
#9085 = EDGE_LOOP('',(#9086));
#9086 = ORIENTED_EDGE('',*,*,#9087,.T.);
#9087 = EDGE_CURVE('',#9088,#9088,#9090,.T.);
#9088 = VERTEX_POINT('',#9089);
#9089 = CARTESIAN_POINT('',(144.44,193.050998,1.509994));
#9090 = CIRCLE('',#9091,0.5969);
#9091 = AXIS2_PLACEMENT_3D('',#9092,#9093,#9094);
#9092 = CARTESIAN_POINT('',(144.44,193.647898,1.509994));
#9093 = DIRECTION('',(-0.,0.,-1.));
#9094 = DIRECTION('',(-0.,-1.,0.));
#9095 = FACE_BOUND('',#9096,.T.);
#9096 = EDGE_LOOP('',(#9097));
#9097 = ORIENTED_EDGE('',*,*,#9098,.T.);
#9098 = EDGE_CURVE('',#9099,#9099,#9101,.T.);
#9099 = VERTEX_POINT('',#9100);
#9100 = CARTESIAN_POINT('',(140.847898,196.6431,1.509994));
#9101 = CIRCLE('',#9102,0.5969);
#9102 = AXIS2_PLACEMENT_3D('',#9103,#9104,#9105);
#9103 = CARTESIAN_POINT('',(140.847898,197.24,1.509994));
#9104 = DIRECTION('',(-0.,0.,-1.));
#9105 = DIRECTION('',(-0.,-1.,0.));
#9106 = FACE_BOUND('',#9107,.T.);
#9107 = EDGE_LOOP('',(#9108));
#9108 = ORIENTED_EDGE('',*,*,#9109,.T.);
#9109 = EDGE_CURVE('',#9110,#9110,#9112,.T.);
#9110 = VERTEX_POINT('',#9111);
#9111 = CARTESIAN_POINT('',(144.44,200.235202,1.509994));
#9112 = CIRCLE('',#9113,0.5969);
#9113 = AXIS2_PLACEMENT_3D('',#9114,#9115,#9116);
#9114 = CARTESIAN_POINT('',(144.44,200.832102,1.509994));
#9115 = DIRECTION('',(-0.,0.,-1.));
#9116 = DIRECTION('',(-0.,-1.,0.));
#9117 = FACE_BOUND('',#9118,.T.);
#9118 = EDGE_LOOP('',(#9119));
#9119 = ORIENTED_EDGE('',*,*,#9120,.T.);
#9120 = EDGE_CURVE('',#9121,#9121,#9123,.T.);
#9121 = VERTEX_POINT('',#9122);
#9122 = CARTESIAN_POINT('',(157.34,194.700998,1.509994));
#9123 = CIRCLE('',#9124,0.5969);
#9124 = AXIS2_PLACEMENT_3D('',#9125,#9126,#9127);
#9125 = CARTESIAN_POINT('',(157.34,195.297898,1.509994));
#9126 = DIRECTION('',(-0.,0.,-1.));
#9127 = DIRECTION('',(-0.,-1.,0.));
#9128 = FACE_BOUND('',#9129,.T.);
#9129 = EDGE_LOOP('',(#9130));
#9130 = ORIENTED_EDGE('',*,*,#9131,.T.);
#9131 = EDGE_CURVE('',#9132,#9132,#9134,.T.);
#9132 = VERTEX_POINT('',#9133);
#9133 = CARTESIAN_POINT('',(148.032102,196.6431,1.509994));
#9134 = CIRCLE('',#9135,0.5969);
#9135 = AXIS2_PLACEMENT_3D('',#9136,#9137,#9138);
#9136 = CARTESIAN_POINT('',(148.032102,197.24,1.509994));
#9137 = DIRECTION('',(-0.,0.,-1.));
#9138 = DIRECTION('',(-0.,-1.,0.));
#9139 = FACE_BOUND('',#9140,.T.);
#9140 = EDGE_LOOP('',(#9141));
#9141 = ORIENTED_EDGE('',*,*,#9142,.T.);
#9142 = EDGE_CURVE('',#9143,#9143,#9145,.T.);
#9143 = VERTEX_POINT('',#9144);
#9144 = CARTESIAN_POINT('',(153.747898,198.2931,1.509994));
#9145 = CIRCLE('',#9146,0.5969);
#9146 = AXIS2_PLACEMENT_3D('',#9147,#9148,#9149);
#9147 = CARTESIAN_POINT('',(153.747898,198.89,1.509994));
#9148 = DIRECTION('',(-0.,0.,-1.));
#9149 = DIRECTION('',(-0.,-1.,0.));
#9150 = FACE_BOUND('',#9151,.T.);
#9151 = EDGE_LOOP('',(#9152));
#9152 = ORIENTED_EDGE('',*,*,#9153,.T.);
#9153 = EDGE_CURVE('',#9154,#9154,#9156,.T.);
#9154 = VERTEX_POINT('',#9155);
#9155 = CARTESIAN_POINT('',(160.932102,198.2931,1.509994));
#9156 = CIRCLE('',#9157,0.5969);
#9157 = AXIS2_PLACEMENT_3D('',#9158,#9159,#9160);
#9158 = CARTESIAN_POINT('',(160.932102,198.89,1.509994));
#9159 = DIRECTION('',(-0.,0.,-1.));
#9160 = DIRECTION('',(-0.,-1.,0.));
#9161 = FACE_BOUND('',#9162,.T.);
#9162 = EDGE_LOOP('',(#9163));
#9163 = ORIENTED_EDGE('',*,*,#9164,.T.);
#9164 = EDGE_CURVE('',#9165,#9165,#9167,.T.);
#9165 = VERTEX_POINT('',#9166);
#9166 = CARTESIAN_POINT('',(157.34,201.885202,1.509994));
#9167 = CIRCLE('',#9168,0.5969);
#9168 = AXIS2_PLACEMENT_3D('',#9169,#9170,#9171);
#9169 = CARTESIAN_POINT('',(157.34,202.482102,1.509994));
#9170 = DIRECTION('',(-0.,0.,-1.));
#9171 = DIRECTION('',(-0.,-1.,0.));
#9172 = FACE_BOUND('',#9173,.T.);
#9173 = EDGE_LOOP('',(#9174));
#9174 = ORIENTED_EDGE('',*,*,#9175,.T.);
#9175 = EDGE_CURVE('',#9176,#9176,#9178,.T.);
#9176 = VERTEX_POINT('',#9177);
#9177 = CARTESIAN_POINT('',(131.04,206.500998,1.509994));
#9178 = CIRCLE('',#9179,0.5969);
#9179 = AXIS2_PLACEMENT_3D('',#9180,#9181,#9182);
#9180 = CARTESIAN_POINT('',(131.04,207.097898,1.509994));
#9181 = DIRECTION('',(-0.,0.,-1.));
#9182 = DIRECTION('',(-0.,-1.,0.));
#9183 = FACE_BOUND('',#9184,.T.);
#9184 = EDGE_LOOP('',(#9185));
#9185 = ORIENTED_EDGE('',*,*,#9186,.T.);
#9186 = EDGE_CURVE('',#9187,#9187,#9189,.T.);
#9187 = VERTEX_POINT('',#9188);
#9188 = CARTESIAN_POINT('',(131.04,213.685202,1.509994));
#9189 = CIRCLE('',#9190,0.5969);
#9190 = AXIS2_PLACEMENT_3D('',#9191,#9192,#9193);
#9191 = CARTESIAN_POINT('',(131.04,214.282102,1.509994));
#9192 = DIRECTION('',(-0.,0.,-1.));
#9193 = DIRECTION('',(-0.,-1.,0.));
#9194 = FACE_BOUND('',#9195,.T.);
#9195 = EDGE_LOOP('',(#9196));
#9196 = ORIENTED_EDGE('',*,*,#9197,.T.);
#9197 = EDGE_CURVE('',#9198,#9198,#9200,.T.);
#9198 = VERTEX_POINT('',#9199);
#9199 = CARTESIAN_POINT('',(134.632102,210.0931,1.509994));
#9200 = CIRCLE('',#9201,0.5969);
#9201 = AXIS2_PLACEMENT_3D('',#9202,#9203,#9204);
#9202 = CARTESIAN_POINT('',(134.632102,210.69,1.509994));
#9203 = DIRECTION('',(-0.,0.,-1.));
#9204 = DIRECTION('',(-0.,-1.,0.));
#9205 = FACE_BOUND('',#9206,.T.);
#9206 = EDGE_LOOP('',(#9207));
#9207 = ORIENTED_EDGE('',*,*,#9208,.T.);
#9208 = EDGE_CURVE('',#9209,#9209,#9211,.T.);
#9209 = VERTEX_POINT('',#9210);
#9210 = CARTESIAN_POINT('',(129.191268,219.362591,1.509994));
#9211 = CIRCLE('',#9212,0.5969);
#9212 = AXIS2_PLACEMENT_3D('',#9213,#9214,#9215);
#9213 = CARTESIAN_POINT('',(129.191268,219.959491,1.509994));
#9214 = DIRECTION('',(-0.,0.,-1.));
#9215 = DIRECTION('',(-0.,-1.,0.));
#9216 = FACE_BOUND('',#9217,.T.);
#9217 = EDGE_LOOP('',(#9218));
#9218 = ORIENTED_EDGE('',*,*,#9219,.T.);
#9219 = EDGE_CURVE('',#9220,#9220,#9222,.T.);
#9220 = VERTEX_POINT('',#9221);
#9221 = CARTESIAN_POINT('',(132.78337,222.954693,1.509994));
#9222 = CIRCLE('',#9223,0.5969);
#9223 = AXIS2_PLACEMENT_3D('',#9224,#9225,#9226);
#9224 = CARTESIAN_POINT('',(132.78337,223.551593,1.509994));
#9225 = DIRECTION('',(-0.,0.,-1.));
#9226 = DIRECTION('',(-0.,-1.,0.));
#9227 = FACE_BOUND('',#9228,.T.);
#9228 = EDGE_LOOP('',(#9229));
#9229 = ORIENTED_EDGE('',*,*,#9230,.T.);
#9230 = EDGE_CURVE('',#9231,#9231,#9233,.T.);
#9231 = VERTEX_POINT('',#9232);
#9232 = CARTESIAN_POINT('',(167.217898,211.8631,1.509994));
#9233 = CIRCLE('',#9234,0.5969);
#9234 = AXIS2_PLACEMENT_3D('',#9235,#9236,#9237);
#9235 = CARTESIAN_POINT('',(167.217898,212.46,1.509994));
#9236 = DIRECTION('',(-0.,0.,-1.));
#9237 = DIRECTION('',(-0.,-1.,0.));
#9238 = FACE_BOUND('',#9239,.T.);
#9239 = EDGE_LOOP('',(#9240));
#9240 = ORIENTED_EDGE('',*,*,#9241,.T.);
#9241 = EDGE_CURVE('',#9242,#9242,#9244,.T.);
#9242 = VERTEX_POINT('',#9243);
#9243 = CARTESIAN_POINT('',(170.81,208.270998,1.509994));
#9244 = CIRCLE('',#9245,0.5969);
#9245 = AXIS2_PLACEMENT_3D('',#9246,#9247,#9248);
#9246 = CARTESIAN_POINT('',(170.81,208.867898,1.509994));
#9247 = DIRECTION('',(-0.,0.,-1.));
#9248 = DIRECTION('',(-0.,-1.,0.));
#9249 = FACE_BOUND('',#9250,.T.);
#9250 = EDGE_LOOP('',(#9251));
#9251 = ORIENTED_EDGE('',*,*,#9252,.T.);
#9252 = EDGE_CURVE('',#9253,#9253,#9255,.T.);
#9253 = VERTEX_POINT('',#9254);
#9254 = CARTESIAN_POINT('',(174.402102,211.8631,1.509994));
#9255 = CIRCLE('',#9256,0.5969);
#9256 = AXIS2_PLACEMENT_3D('',#9257,#9258,#9259);
#9257 = CARTESIAN_POINT('',(174.402102,212.46,1.509994));
#9258 = DIRECTION('',(-0.,0.,-1.));
#9259 = DIRECTION('',(-0.,-1.,0.));
#9260 = FACE_BOUND('',#9261,.T.);
#9261 = EDGE_LOOP('',(#9262));
#9262 = ORIENTED_EDGE('',*,*,#9263,.T.);
#9263 = EDGE_CURVE('',#9264,#9264,#9266,.T.);
#9264 = VERTEX_POINT('',#9265);
#9265 = CARTESIAN_POINT('',(169.04,220.950998,1.509994));
#9266 = CIRCLE('',#9267,0.5969);
#9267 = AXIS2_PLACEMENT_3D('',#9268,#9269,#9270);
#9268 = CARTESIAN_POINT('',(169.04,221.547898,1.509994));
#9269 = DIRECTION('',(-0.,0.,-1.));
#9270 = DIRECTION('',(-0.,-1.,0.));
#9271 = FACE_BOUND('',#9272,.T.);
#9272 = EDGE_LOOP('',(#9273));
#9273 = ORIENTED_EDGE('',*,*,#9274,.T.);
#9274 = EDGE_CURVE('',#9275,#9275,#9277,.T.);
#9275 = VERTEX_POINT('',#9276);
#9276 = CARTESIAN_POINT('',(170.81,215.455202,1.509994));
#9277 = CIRCLE('',#9278,0.5969);
#9278 = AXIS2_PLACEMENT_3D('',#9279,#9280,#9281);
#9279 = CARTESIAN_POINT('',(170.81,216.052102,1.509994));
#9280 = DIRECTION('',(-0.,0.,-1.));
#9281 = DIRECTION('',(-0.,-1.,0.));
#9282 = FACE_BOUND('',#9283,.T.);
#9283 = EDGE_LOOP('',(#9284));
#9284 = ORIENTED_EDGE('',*,*,#9285,.T.);
#9285 = EDGE_CURVE('',#9286,#9286,#9288,.T.);
#9286 = VERTEX_POINT('',#9287);
#9287 = CARTESIAN_POINT('',(205.05,152.705202,1.509994));
#9288 = CIRCLE('',#9289,0.5969);
#9289 = AXIS2_PLACEMENT_3D('',#9290,#9291,#9292);
#9290 = CARTESIAN_POINT('',(205.05,153.302102,1.509994));
#9291 = DIRECTION('',(-0.,0.,-1.));
#9292 = DIRECTION('',(-0.,-1.,0.));
#9293 = FACE_BOUND('',#9294,.T.);
#9294 = EDGE_LOOP('',(#9295));
#9295 = ORIENTED_EDGE('',*,*,#9296,.T.);
#9296 = EDGE_CURVE('',#9297,#9297,#9299,.T.);
#9297 = VERTEX_POINT('',#9298);
#9298 = CARTESIAN_POINT('',(216.95,157.320998,1.509994));
#9299 = CIRCLE('',#9300,0.5969);
#9300 = AXIS2_PLACEMENT_3D('',#9301,#9302,#9303);
#9301 = CARTESIAN_POINT('',(216.95,157.917898,1.509994));
#9302 = DIRECTION('',(-0.,0.,-1.));
#9303 = DIRECTION('',(-0.,-1.,0.));
#9304 = FACE_BOUND('',#9305,.T.);
#9305 = EDGE_LOOP('',(#9306));
#9306 = ORIENTED_EDGE('',*,*,#9307,.T.);
#9307 = EDGE_CURVE('',#9308,#9308,#9310,.T.);
#9308 = VERTEX_POINT('',#9309);
#9309 = CARTESIAN_POINT('',(213.357898,160.9131,1.509994));
#9310 = CIRCLE('',#9311,0.5969);
#9311 = AXIS2_PLACEMENT_3D('',#9312,#9313,#9314);
#9312 = CARTESIAN_POINT('',(213.357898,161.51,1.509994));
#9313 = DIRECTION('',(-0.,0.,-1.));
#9314 = DIRECTION('',(-0.,-1.,0.));
#9315 = FACE_BOUND('',#9316,.T.);
#9316 = EDGE_LOOP('',(#9317));
#9317 = ORIENTED_EDGE('',*,*,#9318,.T.);
#9318 = EDGE_CURVE('',#9319,#9319,#9321,.T.);
#9319 = VERTEX_POINT('',#9320);
#9320 = CARTESIAN_POINT('',(216.95,164.505202,1.509994));
#9321 = CIRCLE('',#9322,0.5969);
#9322 = AXIS2_PLACEMENT_3D('',#9323,#9324,#9325);
#9323 = CARTESIAN_POINT('',(216.95,165.102102,1.509994));
#9324 = DIRECTION('',(-0.,0.,-1.));
#9325 = DIRECTION('',(-0.,-1.,0.));
#9326 = FACE_BOUND('',#9327,.T.);
#9327 = EDGE_LOOP('',(#9328));
#9328 = ORIENTED_EDGE('',*,*,#9329,.T.);
#9329 = EDGE_CURVE('',#9330,#9330,#9332,.T.);
#9330 = VERTEX_POINT('',#9331);
#9331 = CARTESIAN_POINT('',(220.542102,160.9131,1.509994));
#9332 = CIRCLE('',#9333,0.5969);
#9333 = AXIS2_PLACEMENT_3D('',#9334,#9335,#9336);
#9334 = CARTESIAN_POINT('',(220.542102,161.51,1.509994));
#9335 = DIRECTION('',(-0.,0.,-1.));
#9336 = DIRECTION('',(-0.,-1.,0.));
#9337 = FACE_BOUND('',#9338,.T.);
#9338 = EDGE_LOOP('',(#9339));
#9339 = ORIENTED_EDGE('',*,*,#9340,.T.);
#9340 = EDGE_CURVE('',#9341,#9341,#9343,.T.);
#9341 = VERTEX_POINT('',#9342);
#9342 = CARTESIAN_POINT('',(233.13,158.020998,1.509994));
#9343 = CIRCLE('',#9344,0.5969);
#9344 = AXIS2_PLACEMENT_3D('',#9345,#9346,#9347);
#9345 = CARTESIAN_POINT('',(233.13,158.617898,1.509994));
#9346 = DIRECTION('',(-0.,0.,-1.));
#9347 = DIRECTION('',(-0.,-1.,0.));
#9348 = FACE_BOUND('',#9349,.T.);
#9349 = EDGE_LOOP('',(#9350));
#9350 = ORIENTED_EDGE('',*,*,#9351,.T.);
#9351 = EDGE_CURVE('',#9352,#9352,#9354,.T.);
#9352 = VERTEX_POINT('',#9353);
#9353 = CARTESIAN_POINT('',(229.537898,161.6131,1.509994));
#9354 = CIRCLE('',#9355,0.5969);
#9355 = AXIS2_PLACEMENT_3D('',#9356,#9357,#9358);
#9356 = CARTESIAN_POINT('',(229.537898,162.21,1.509994));
#9357 = DIRECTION('',(-0.,0.,-1.));
#9358 = DIRECTION('',(4.761552928532E-14,-1.,-0.));
#9359 = FACE_BOUND('',#9360,.T.);
#9360 = EDGE_LOOP('',(#9361));
#9361 = ORIENTED_EDGE('',*,*,#9362,.T.);
#9362 = EDGE_CURVE('',#9363,#9363,#9365,.T.);
#9363 = VERTEX_POINT('',#9364);
#9364 = CARTESIAN_POINT('',(233.13,165.205202,1.509994));
#9365 = CIRCLE('',#9366,0.5969);
#9366 = AXIS2_PLACEMENT_3D('',#9367,#9368,#9369);
#9367 = CARTESIAN_POINT('',(233.13,165.802102,1.509994));
#9368 = DIRECTION('',(-0.,0.,-1.));
#9369 = DIRECTION('',(-0.,-1.,0.));
#9370 = FACE_BOUND('',#9371,.T.);
#9371 = EDGE_LOOP('',(#9372));
#9372 = ORIENTED_EDGE('',*,*,#9373,.T.);
#9373 = EDGE_CURVE('',#9374,#9374,#9376,.T.);
#9374 = VERTEX_POINT('',#9375);
#9375 = CARTESIAN_POINT('',(236.722102,161.6131,1.509994));
#9376 = CIRCLE('',#9377,0.5969);
#9377 = AXIS2_PLACEMENT_3D('',#9378,#9379,#9380);
#9378 = CARTESIAN_POINT('',(236.722102,162.21,1.509994));
#9379 = DIRECTION('',(-0.,0.,-1.));
#9380 = DIRECTION('',(-0.,-1.,0.));
#9381 = FACE_BOUND('',#9382,.T.);
#9382 = EDGE_LOOP('',(#9383));
#9383 = ORIENTED_EDGE('',*,*,#9384,.T.);
#9384 = EDGE_CURVE('',#9385,#9385,#9387,.T.);
#9385 = VERTEX_POINT('',#9386);
#9386 = CARTESIAN_POINT('',(241.867898,149.4231,1.509994));
#9387 = CIRCLE('',#9388,0.5969);
#9388 = AXIS2_PLACEMENT_3D('',#9389,#9390,#9391);
#9389 = CARTESIAN_POINT('',(241.867898,150.02,1.509994));
#9390 = DIRECTION('',(-0.,0.,-1.));
#9391 = DIRECTION('',(-0.,-1.,0.));
#9392 = FACE_BOUND('',#9393,.T.);
#9393 = EDGE_LOOP('',(#9394));
#9394 = ORIENTED_EDGE('',*,*,#9395,.T.);
#9395 = EDGE_CURVE('',#9396,#9396,#9398,.T.);
#9396 = VERTEX_POINT('',#9397);
#9397 = CARTESIAN_POINT('',(245.46,153.015202,1.509994));
#9398 = CIRCLE('',#9399,0.5969);
#9399 = AXIS2_PLACEMENT_3D('',#9400,#9401,#9402);
#9400 = CARTESIAN_POINT('',(245.46,153.612102,1.509994));
#9401 = DIRECTION('',(-0.,0.,-1.));
#9402 = DIRECTION('',(-0.,-1.,0.));
#9403 = FACE_BOUND('',#9404,.T.);
#9404 = EDGE_LOOP('',(#9405));
#9405 = ORIENTED_EDGE('',*,*,#9406,.T.);
#9406 = EDGE_CURVE('',#9407,#9407,#9409,.T.);
#9407 = VERTEX_POINT('',#9408);
#9408 = CARTESIAN_POINT('',(249.052102,149.4231,1.509994));
#9409 = CIRCLE('',#9410,0.5969);
#9410 = AXIS2_PLACEMENT_3D('',#9411,#9412,#9413);
#9411 = CARTESIAN_POINT('',(249.052102,150.02,1.509994));
#9412 = DIRECTION('',(-0.,0.,-1.));
#9413 = DIRECTION('',(-0.,-1.,0.));
#9414 = FACE_BOUND('',#9415,.T.);
#9415 = EDGE_LOOP('',(#9416));
#9416 = ORIENTED_EDGE('',*,*,#9417,.T.);
#9417 = EDGE_CURVE('',#9418,#9418,#9420,.T.);
#9418 = VERTEX_POINT('',#9419);
#9419 = CARTESIAN_POINT('',(218.84,194.160998,1.509994));
#9420 = CIRCLE('',#9421,0.5969);
#9421 = AXIS2_PLACEMENT_3D('',#9422,#9423,#9424);
#9422 = CARTESIAN_POINT('',(218.84,194.757898,1.509994));
#9423 = DIRECTION('',(-0.,0.,-1.));
#9424 = DIRECTION('',(-0.,-1.,0.));
#9425 = FACE_BOUND('',#9426,.T.);
#9426 = EDGE_LOOP('',(#9427));
#9427 = ORIENTED_EDGE('',*,*,#9428,.T.);
#9428 = EDGE_CURVE('',#9429,#9429,#9431,.T.);
#9429 = VERTEX_POINT('',#9430);
#9430 = CARTESIAN_POINT('',(215.247898,197.7531,1.509994));
#9431 = CIRCLE('',#9432,0.5969);
#9432 = AXIS2_PLACEMENT_3D('',#9433,#9434,#9435);
#9433 = CARTESIAN_POINT('',(215.247898,198.35,1.509994));
#9434 = DIRECTION('',(-0.,0.,-1.));
#9435 = DIRECTION('',(-0.,-1.,0.));
#9436 = FACE_BOUND('',#9437,.T.);
#9437 = EDGE_LOOP('',(#9438));
#9438 = ORIENTED_EDGE('',*,*,#9439,.T.);
#9439 = EDGE_CURVE('',#9440,#9440,#9442,.T.);
#9440 = VERTEX_POINT('',#9441);
#9441 = CARTESIAN_POINT('',(222.432102,197.7531,1.509994));
#9442 = CIRCLE('',#9443,0.5969);
#9443 = AXIS2_PLACEMENT_3D('',#9444,#9445,#9446);
#9444 = CARTESIAN_POINT('',(222.432102,198.35,1.509994));
#9445 = DIRECTION('',(-0.,0.,-1.));
#9446 = DIRECTION('',(-0.,-1.,0.));
#9447 = FACE_BOUND('',#9448,.T.);
#9448 = EDGE_LOOP('',(#9449));
#9449 = ORIENTED_EDGE('',*,*,#9450,.T.);
#9450 = EDGE_CURVE('',#9451,#9451,#9453,.T.);
#9451 = VERTEX_POINT('',#9452);
#9452 = CARTESIAN_POINT('',(218.84,201.345202,1.509994));
#9453 = CIRCLE('',#9454,0.5969);
#9454 = AXIS2_PLACEMENT_3D('',#9455,#9456,#9457);
#9455 = CARTESIAN_POINT('',(218.84,201.942102,1.509994));
#9456 = DIRECTION('',(-0.,0.,-1.));
#9457 = DIRECTION('',(-0.,-1.,0.));
#9458 = FACE_BOUND('',#9459,.T.);
#9459 = EDGE_LOOP('',(#9460));
#9460 = ORIENTED_EDGE('',*,*,#9461,.T.);
#9461 = EDGE_CURVE('',#9462,#9462,#9464,.T.);
#9462 = VERTEX_POINT('',#9463);
#9463 = CARTESIAN_POINT('',(206.75,206.370998,1.509994));
#9464 = CIRCLE('',#9465,0.5969);
#9465 = AXIS2_PLACEMENT_3D('',#9466,#9467,#9468);
#9466 = CARTESIAN_POINT('',(206.75,206.967898,1.509994));
#9467 = DIRECTION('',(-0.,0.,-1.));
#9468 = DIRECTION('',(-0.,-1.,0.));
#9469 = FACE_BOUND('',#9470,.T.);
#9470 = EDGE_LOOP('',(#9471));
#9471 = ORIENTED_EDGE('',*,*,#9472,.T.);
#9472 = EDGE_CURVE('',#9473,#9473,#9475,.T.);
#9473 = VERTEX_POINT('',#9474);
#9474 = CARTESIAN_POINT('',(203.157898,209.9631,1.509994));
#9475 = CIRCLE('',#9476,0.5969);
#9476 = AXIS2_PLACEMENT_3D('',#9477,#9478,#9479);
#9477 = CARTESIAN_POINT('',(203.157898,210.56,1.509994));
#9478 = DIRECTION('',(-0.,0.,-1.));
#9479 = DIRECTION('',(-0.,-1.,0.));
#9480 = FACE_BOUND('',#9481,.T.);
#9481 = EDGE_LOOP('',(#9482));
#9482 = ORIENTED_EDGE('',*,*,#9483,.T.);
#9483 = EDGE_CURVE('',#9484,#9484,#9486,.T.);
#9484 = VERTEX_POINT('',#9485);
#9485 = CARTESIAN_POINT('',(206.75,213.555202,1.509994));
#9486 = CIRCLE('',#9487,0.5969);
#9487 = AXIS2_PLACEMENT_3D('',#9488,#9489,#9490);
#9488 = CARTESIAN_POINT('',(206.75,214.152102,1.509994));
#9489 = DIRECTION('',(-0.,0.,-1.));
#9490 = DIRECTION('',(-0.,-1.,0.));
#9491 = FACE_BOUND('',#9492,.T.);
#9492 = EDGE_LOOP('',(#9493));
#9493 = ORIENTED_EDGE('',*,*,#9494,.T.);
#9494 = EDGE_CURVE('',#9495,#9495,#9497,.T.);
#9495 = VERTEX_POINT('',#9496);
#9496 = CARTESIAN_POINT('',(205.15,219.220998,1.509994));
#9497 = CIRCLE('',#9498,0.5969);
#9498 = AXIS2_PLACEMENT_3D('',#9499,#9500,#9501);
#9499 = CARTESIAN_POINT('',(205.15,219.817898,1.509994));
#9500 = DIRECTION('',(-0.,0.,-1.));
#9501 = DIRECTION('',(-0.,-1.,0.));
#9502 = FACE_BOUND('',#9503,.T.);
#9503 = EDGE_LOOP('',(#9504));
#9504 = ORIENTED_EDGE('',*,*,#9505,.T.);
#9505 = EDGE_CURVE('',#9506,#9506,#9508,.T.);
#9506 = VERTEX_POINT('',#9507);
#9507 = CARTESIAN_POINT('',(201.557898,222.8131,1.509994));
#9508 = CIRCLE('',#9509,0.5969);
#9509 = AXIS2_PLACEMENT_3D('',#9510,#9511,#9512);
#9510 = CARTESIAN_POINT('',(201.557898,223.41,1.509994));
#9511 = DIRECTION('',(-0.,0.,-1.));
#9512 = DIRECTION('',(-0.,-1.,0.));
#9513 = FACE_BOUND('',#9514,.T.);
#9514 = EDGE_LOOP('',(#9515));
#9515 = ORIENTED_EDGE('',*,*,#9516,.T.);
#9516 = EDGE_CURVE('',#9517,#9517,#9519,.T.);
#9517 = VERTEX_POINT('',#9518);
#9518 = CARTESIAN_POINT('',(208.742102,222.8131,1.509994));
#9519 = CIRCLE('',#9520,0.5969);
#9520 = AXIS2_PLACEMENT_3D('',#9521,#9522,#9523);
#9521 = CARTESIAN_POINT('',(208.742102,223.41,1.509994));
#9522 = DIRECTION('',(-0.,0.,-1.));
#9523 = DIRECTION('',(-0.,-1.,0.));
#9524 = FACE_BOUND('',#9525,.T.);
#9525 = EDGE_LOOP('',(#9526));
#9526 = ORIENTED_EDGE('',*,*,#9527,.T.);
#9527 = EDGE_CURVE('',#9528,#9528,#9530,.T.);
#9528 = VERTEX_POINT('',#9529);
#9529 = CARTESIAN_POINT('',(210.342102,209.9631,1.509994));
#9530 = CIRCLE('',#9531,0.5969);
#9531 = AXIS2_PLACEMENT_3D('',#9532,#9533,#9534);
#9532 = CARTESIAN_POINT('',(210.342102,210.56,1.509994));
#9533 = DIRECTION('',(-0.,0.,-1.));
#9534 = DIRECTION('',(-0.,-1.,0.));
#9535 = FACE_BOUND('',#9536,.T.);
#9536 = EDGE_LOOP('',(#9537));
#9537 = ORIENTED_EDGE('',*,*,#9538,.T.);
#9538 = EDGE_CURVE('',#9539,#9539,#9541,.T.);
#9539 = VERTEX_POINT('',#9540);
#9540 = CARTESIAN_POINT('',(233.94,194.030998,1.509994));
#9541 = CIRCLE('',#9542,0.5969);
#9542 = AXIS2_PLACEMENT_3D('',#9543,#9544,#9545);
#9543 = CARTESIAN_POINT('',(233.94,194.627898,1.509994));
#9544 = DIRECTION('',(-0.,0.,-1.));
#9545 = DIRECTION('',(-0.,-1.,0.));
#9546 = FACE_BOUND('',#9547,.T.);
#9547 = EDGE_LOOP('',(#9548));
#9548 = ORIENTED_EDGE('',*,*,#9549,.T.);
#9549 = EDGE_CURVE('',#9550,#9550,#9552,.T.);
#9550 = VERTEX_POINT('',#9551);
#9551 = CARTESIAN_POINT('',(230.347898,197.6231,1.509994));
#9552 = CIRCLE('',#9553,0.5969);
#9553 = AXIS2_PLACEMENT_3D('',#9554,#9555,#9556);
#9554 = CARTESIAN_POINT('',(230.347898,198.22,1.509994));
#9555 = DIRECTION('',(-0.,0.,-1.));
#9556 = DIRECTION('',(-0.,-1.,0.));
#9557 = FACE_BOUND('',#9558,.T.);
#9558 = EDGE_LOOP('',(#9559));
#9559 = ORIENTED_EDGE('',*,*,#9560,.T.);
#9560 = EDGE_CURVE('',#9561,#9561,#9563,.T.);
#9561 = VERTEX_POINT('',#9562);
#9562 = CARTESIAN_POINT('',(237.532102,197.6231,1.509994));
#9563 = CIRCLE('',#9564,0.5969);
#9564 = AXIS2_PLACEMENT_3D('',#9565,#9566,#9567);
#9565 = CARTESIAN_POINT('',(237.532102,198.22,1.509994));
#9566 = DIRECTION('',(-0.,0.,-1.));
#9567 = DIRECTION('',(-0.,-1.,0.));
#9568 = FACE_BOUND('',#9569,.T.);
#9569 = EDGE_LOOP('',(#9570));
#9570 = ORIENTED_EDGE('',*,*,#9571,.T.);
#9571 = EDGE_CURVE('',#9572,#9572,#9574,.T.);
#9572 = VERTEX_POINT('',#9573);
#9573 = CARTESIAN_POINT('',(233.94,201.215202,1.509994));
#9574 = CIRCLE('',#9575,0.5969);
#9575 = AXIS2_PLACEMENT_3D('',#9576,#9577,#9578);
#9576 = CARTESIAN_POINT('',(233.94,201.812102,1.509994));
#9577 = DIRECTION('',(-0.,0.,-1.));
#9578 = DIRECTION('',(-0.,-1.,0.));
#9579 = FACE_BOUND('',#9580,.T.);
#9580 = EDGE_LOOP('',(#9581));
#9581 = ORIENTED_EDGE('',*,*,#9582,.T.);
#9582 = EDGE_CURVE('',#9583,#9583,#9585,.T.);
#9583 = VERTEX_POINT('',#9584);
#9584 = CARTESIAN_POINT('',(247.3,207.420998,1.509994));
#9585 = CIRCLE('',#9586,0.5969);
#9586 = AXIS2_PLACEMENT_3D('',#9587,#9588,#9589);
#9587 = CARTESIAN_POINT('',(247.3,208.017898,1.509994));
#9588 = DIRECTION('',(-0.,0.,-1.));
#9589 = DIRECTION('',(-0.,-1.,0.));
#9590 = FACE_BOUND('',#9591,.T.);
#9591 = EDGE_LOOP('',(#9592));
#9592 = ORIENTED_EDGE('',*,*,#9593,.T.);
#9593 = EDGE_CURVE('',#9594,#9594,#9596,.T.);
#9594 = VERTEX_POINT('',#9595);
#9595 = CARTESIAN_POINT('',(243.707898,211.0131,1.509994));
#9596 = CIRCLE('',#9597,0.5969);
#9597 = AXIS2_PLACEMENT_3D('',#9598,#9599,#9600);
#9598 = CARTESIAN_POINT('',(243.707898,211.61,1.509994));
#9599 = DIRECTION('',(-0.,0.,-1.));
#9600 = DIRECTION('',(-0.,-1.,0.));
#9601 = FACE_BOUND('',#9602,.T.);
#9602 = EDGE_LOOP('',(#9603));
#9603 = ORIENTED_EDGE('',*,*,#9604,.T.);
#9604 = EDGE_CURVE('',#9605,#9605,#9607,.T.);
#9605 = VERTEX_POINT('',#9606);
#9606 = CARTESIAN_POINT('',(250.892102,211.0131,1.509994));
#9607 = CIRCLE('',#9608,0.5969);
#9608 = AXIS2_PLACEMENT_3D('',#9609,#9610,#9611);
#9609 = CARTESIAN_POINT('',(250.892102,211.61,1.509994));
#9610 = DIRECTION('',(-0.,0.,-1.));
#9611 = DIRECTION('',(-0.,-1.,0.));
#9612 = FACE_BOUND('',#9613,.T.);
#9613 = EDGE_LOOP('',(#9614));
#9614 = ORIENTED_EDGE('',*,*,#9615,.T.);
#9615 = EDGE_CURVE('',#9616,#9616,#9618,.T.);
#9616 = VERTEX_POINT('',#9617);
#9617 = CARTESIAN_POINT('',(247.3,214.605202,1.509994));
#9618 = CIRCLE('',#9619,0.5969);
#9619 = AXIS2_PLACEMENT_3D('',#9620,#9621,#9622);
#9620 = CARTESIAN_POINT('',(247.3,215.202102,1.509994));
#9621 = DIRECTION('',(-0.,0.,-1.));
#9622 = DIRECTION('',(-0.,-1.,0.));
#9623 = FACE_BOUND('',#9624,.T.);
#9624 = EDGE_LOOP('',(#9625));
#9625 = ORIENTED_EDGE('',*,*,#9626,.T.);
#9626 = EDGE_CURVE('',#9627,#9627,#9629,.T.);
#9627 = VERTEX_POINT('',#9628);
#9628 = CARTESIAN_POINT('',(245.55,221.420998,1.509994));
#9629 = CIRCLE('',#9630,0.5969);
#9630 = AXIS2_PLACEMENT_3D('',#9631,#9632,#9633);
#9631 = CARTESIAN_POINT('',(245.55,222.017898,1.509994));
#9632 = DIRECTION('',(-0.,0.,-1.));
#9633 = DIRECTION('',(-0.,-1.,0.));
#9634 = FACE_BOUND('',#9635,.T.);
#9635 = EDGE_LOOP('',(#9636));
#9636 = ORIENTED_EDGE('',*,*,#9637,.T.);
#9637 = EDGE_CURVE('',#9638,#9638,#9640,.T.);
#9638 = VERTEX_POINT('',#9639);
#9639 = CARTESIAN_POINT('',(129.191268,226.546795,1.509994));
#9640 = CIRCLE('',#9641,0.5969);
#9641 = AXIS2_PLACEMENT_3D('',#9642,#9643,#9644);
#9642 = CARTESIAN_POINT('',(129.191268,227.143695,1.509994));
#9643 = DIRECTION('',(-0.,0.,-1.));
#9644 = DIRECTION('',(-0.,-1.,0.));
#9645 = FACE_BOUND('',#9646,.T.);
#9646 = EDGE_LOOP('',(#9647));
#9647 = ORIENTED_EDGE('',*,*,#9648,.T.);
#9648 = EDGE_CURVE('',#9649,#9649,#9651,.T.);
#9649 = VERTEX_POINT('',#9650);
#9650 = CARTESIAN_POINT('',(139.157976,236.423015,1.509994));
#9651 = CIRCLE('',#9652,0.5969);
#9652 = AXIS2_PLACEMENT_3D('',#9653,#9654,#9655);
#9653 = CARTESIAN_POINT('',(139.157976,237.019915,1.509994));
#9654 = DIRECTION('',(-0.,0.,-1.));
#9655 = DIRECTION('',(-4.761552928532E-14,-1.,0.));
#9656 = FACE_BOUND('',#9657,.T.);
#9657 = EDGE_LOOP('',(#9658));
#9658 = ORIENTED_EDGE('',*,*,#9659,.T.);
#9659 = EDGE_CURVE('',#9660,#9660,#9662,.T.);
#9660 = VERTEX_POINT('',#9661);
#9661 = CARTESIAN_POINT('',(142.750078,232.830913,1.509994));
#9662 = CIRCLE('',#9663,0.5969);
#9663 = AXIS2_PLACEMENT_3D('',#9664,#9665,#9666);
#9664 = CARTESIAN_POINT('',(142.750078,233.427813,1.509994));
#9665 = DIRECTION('',(-0.,0.,-1.));
#9666 = DIRECTION('',(-0.,-1.,0.));
#9667 = FACE_BOUND('',#9668,.T.);
#9668 = EDGE_LOOP('',(#9669));
#9669 = ORIENTED_EDGE('',*,*,#9670,.T.);
#9670 = EDGE_CURVE('',#9671,#9671,#9673,.T.);
#9671 = VERTEX_POINT('',#9672);
#9672 = CARTESIAN_POINT('',(142.750078,240.015117,1.509994));
#9673 = CIRCLE('',#9674,0.5969);
#9674 = AXIS2_PLACEMENT_3D('',#9675,#9676,#9677);
#9675 = CARTESIAN_POINT('',(142.750078,240.612017,1.509994));
#9676 = DIRECTION('',(-0.,0.,-1.));
#9677 = DIRECTION('',(-0.,-1.,0.));
#9678 = FACE_BOUND('',#9679,.T.);
#9679 = EDGE_LOOP('',(#9680));
#9680 = ORIENTED_EDGE('',*,*,#9681,.T.);
#9681 = EDGE_CURVE('',#9682,#9682,#9684,.T.);
#9682 = VERTEX_POINT('',#9683);
#9683 = CARTESIAN_POINT('',(146.34218,236.423015,1.509994));
#9684 = CIRCLE('',#9685,0.5969);
#9685 = AXIS2_PLACEMENT_3D('',#9686,#9687,#9688);
#9686 = CARTESIAN_POINT('',(146.34218,237.019915,1.509994));
#9687 = DIRECTION('',(-0.,0.,-1.));
#9688 = DIRECTION('',(4.761552928532E-14,-1.,-0.));
#9689 = FACE_BOUND('',#9690,.T.);
#9690 = EDGE_LOOP('',(#9691));
#9691 = ORIENTED_EDGE('',*,*,#9692,.T.);
#9692 = EDGE_CURVE('',#9693,#9693,#9695,.T.);
#9693 = VERTEX_POINT('',#9694);
#9694 = CARTESIAN_POINT('',(151.937898,238.0431,1.509994));
#9695 = CIRCLE('',#9696,0.5969);
#9696 = AXIS2_PLACEMENT_3D('',#9697,#9698,#9699);
#9697 = CARTESIAN_POINT('',(151.937898,238.64,1.509994));
#9698 = DIRECTION('',(-0.,0.,-1.));
#9699 = DIRECTION('',(-4.761552928532E-14,-1.,0.));
#9700 = FACE_BOUND('',#9701,.T.);
#9701 = EDGE_LOOP('',(#9702));
#9702 = ORIENTED_EDGE('',*,*,#9703,.T.);
#9703 = EDGE_CURVE('',#9704,#9704,#9706,.T.);
#9704 = VERTEX_POINT('',#9705);
#9705 = CARTESIAN_POINT('',(155.53,234.450998,1.509994));
#9706 = CIRCLE('',#9707,0.5969);
#9707 = AXIS2_PLACEMENT_3D('',#9708,#9709,#9710);
#9708 = CARTESIAN_POINT('',(155.53,235.047898,1.509994));
#9709 = DIRECTION('',(-0.,0.,-1.));
#9710 = DIRECTION('',(-0.,-1.,0.));
#9711 = FACE_BOUND('',#9712,.T.);
#9712 = EDGE_LOOP('',(#9713));
#9713 = ORIENTED_EDGE('',*,*,#9714,.T.);
#9714 = EDGE_CURVE('',#9715,#9715,#9717,.T.);
#9715 = VERTEX_POINT('',#9716);
#9716 = CARTESIAN_POINT('',(155.53,241.635202,1.509994));
#9717 = CIRCLE('',#9718,0.5969);
#9718 = AXIS2_PLACEMENT_3D('',#9719,#9720,#9721);
#9719 = CARTESIAN_POINT('',(155.53,242.232102,1.509994));
#9720 = DIRECTION('',(-0.,0.,-1.));
#9721 = DIRECTION('',(-0.,-1.,0.));
#9722 = FACE_BOUND('',#9723,.T.);
#9723 = EDGE_LOOP('',(#9724));
#9724 = ORIENTED_EDGE('',*,*,#9725,.T.);
#9725 = EDGE_CURVE('',#9726,#9726,#9728,.T.);
#9726 = VERTEX_POINT('',#9727);
#9727 = CARTESIAN_POINT('',(159.122102,238.0431,1.509994));
#9728 = CIRCLE('',#9729,0.5969);
#9729 = AXIS2_PLACEMENT_3D('',#9730,#9731,#9732);
#9730 = CARTESIAN_POINT('',(159.122102,238.64,1.509994));
#9731 = DIRECTION('',(-0.,0.,-1.));
#9732 = DIRECTION('',(4.761552928532E-14,-1.,-0.));
#9733 = FACE_BOUND('',#9734,.T.);
#9734 = EDGE_LOOP('',(#9735));
#9735 = ORIENTED_EDGE('',*,*,#9736,.T.);
#9736 = EDGE_CURVE('',#9737,#9737,#9739,.T.);
#9737 = VERTEX_POINT('',#9738);
#9738 = CARTESIAN_POINT('',(165.447898,224.5431,1.509994));
#9739 = CIRCLE('',#9740,0.5969);
#9740 = AXIS2_PLACEMENT_3D('',#9741,#9742,#9743);
#9741 = CARTESIAN_POINT('',(165.447898,225.14,1.509994));
#9742 = DIRECTION('',(-0.,0.,-1.));
#9743 = DIRECTION('',(-0.,-1.,0.));
#9744 = FACE_BOUND('',#9745,.T.);
#9745 = EDGE_LOOP('',(#9746));
#9746 = ORIENTED_EDGE('',*,*,#9747,.T.);
#9747 = EDGE_CURVE('',#9748,#9748,#9750,.T.);
#9748 = VERTEX_POINT('',#9749);
#9749 = CARTESIAN_POINT('',(169.04,228.135202,1.509994));
#9750 = CIRCLE('',#9751,0.5969);
#9751 = AXIS2_PLACEMENT_3D('',#9752,#9753,#9754);
#9752 = CARTESIAN_POINT('',(169.04,228.732102,1.509994));
#9753 = DIRECTION('',(-0.,0.,-1.));
#9754 = DIRECTION('',(-0.,-1.,0.));
#9755 = FACE_BOUND('',#9756,.T.);
#9756 = EDGE_LOOP('',(#9757));
#9757 = ORIENTED_EDGE('',*,*,#9758,.T.);
#9758 = EDGE_CURVE('',#9759,#9759,#9761,.T.);
#9759 = VERTEX_POINT('',#9760);
#9760 = CARTESIAN_POINT('',(172.632102,224.5431,1.509994));
#9761 = CIRCLE('',#9762,0.5969);
#9762 = AXIS2_PLACEMENT_3D('',#9763,#9764,#9765);
#9763 = CARTESIAN_POINT('',(172.632102,225.14,1.509994));
#9764 = DIRECTION('',(-0.,0.,-1.));
#9765 = DIRECTION('',(-0.,-1.,0.));
#9766 = FACE_BOUND('',#9767,.T.);
#9767 = EDGE_LOOP('',(#9768));
#9768 = ORIENTED_EDGE('',*,*,#9769,.T.);
#9769 = EDGE_CURVE('',#9770,#9770,#9772,.T.);
#9770 = VERTEX_POINT('',#9771);
#9771 = CARTESIAN_POINT('',(179.13,276.1,1.509994));
#9772 = CIRCLE('',#9773,0.5);
#9773 = AXIS2_PLACEMENT_3D('',#9774,#9775,#9776);
#9774 = CARTESIAN_POINT('',(179.13,276.6,1.509994));
#9775 = DIRECTION('',(-0.,0.,-1.));
#9776 = DIRECTION('',(-0.,-1.,0.));
#9777 = FACE_BOUND('',#9778,.T.);
#9778 = EDGE_LOOP('',(#9779));
#9779 = ORIENTED_EDGE('',*,*,#9780,.T.);
#9780 = EDGE_CURVE('',#9781,#9781,#9783,.T.);
#9781 = VERTEX_POINT('',#9782);
#9782 = CARTESIAN_POINT('',(181.67,276.1,1.509994));
#9783 = CIRCLE('',#9784,0.5);
#9784 = AXIS2_PLACEMENT_3D('',#9785,#9786,#9787);
#9785 = CARTESIAN_POINT('',(181.67,276.6,1.509994));
#9786 = DIRECTION('',(-0.,0.,-1.));
#9787 = DIRECTION('',(-0.,-1.,0.));
#9788 = FACE_BOUND('',#9789,.T.);
#9789 = EDGE_LOOP('',(#9790));
#9790 = ORIENTED_EDGE('',*,*,#9791,.T.);
#9791 = EDGE_CURVE('',#9792,#9792,#9794,.T.);
#9792 = VERTEX_POINT('',#9793);
#9793 = CARTESIAN_POINT('',(189.63,276.1,1.509994));
#9794 = CIRCLE('',#9795,0.5);
#9795 = AXIS2_PLACEMENT_3D('',#9796,#9797,#9798);
#9796 = CARTESIAN_POINT('',(189.63,276.6,1.509994));
#9797 = DIRECTION('',(-0.,0.,-1.));
#9798 = DIRECTION('',(-0.,-1.,0.));
#9799 = FACE_BOUND('',#9800,.T.);
#9800 = EDGE_LOOP('',(#9801));
#9801 = ORIENTED_EDGE('',*,*,#9802,.T.);
#9802 = EDGE_CURVE('',#9803,#9803,#9805,.T.);
#9803 = VERTEX_POINT('',#9804);
#9804 = CARTESIAN_POINT('',(192.17,276.1,1.509994));
#9805 = CIRCLE('',#9806,0.5);
#9806 = AXIS2_PLACEMENT_3D('',#9807,#9808,#9809);
#9807 = CARTESIAN_POINT('',(192.17,276.6,1.509994));
#9808 = DIRECTION('',(-0.,0.,-1.));
#9809 = DIRECTION('',(-0.,-1.,0.));
#9810 = FACE_BOUND('',#9811,.T.);
#9811 = EDGE_LOOP('',(#9812));
#9812 = ORIENTED_EDGE('',*,*,#9813,.T.);
#9813 = EDGE_CURVE('',#9814,#9814,#9816,.T.);
#9814 = VERTEX_POINT('',#9815);
#9815 = CARTESIAN_POINT('',(185.27,285.13,1.509994));
#9816 = CIRCLE('',#9817,0.5);
#9817 = AXIS2_PLACEMENT_3D('',#9818,#9819,#9820);
#9818 = CARTESIAN_POINT('',(185.27,285.63,1.509994));
#9819 = DIRECTION('',(-0.,0.,-1.));
#9820 = DIRECTION('',(-0.,-1.,0.));
#9821 = FACE_BOUND('',#9822,.T.);
#9822 = EDGE_LOOP('',(#9823));
#9823 = ORIENTED_EDGE('',*,*,#9824,.T.);
#9824 = EDGE_CURVE('',#9825,#9825,#9827,.T.);
#9825 = VERTEX_POINT('',#9826);
#9826 = CARTESIAN_POINT('',(187.81,285.13,1.509994));
#9827 = CIRCLE('',#9828,0.5);
#9828 = AXIS2_PLACEMENT_3D('',#9829,#9830,#9831);
#9829 = CARTESIAN_POINT('',(187.81,285.63,1.509994));
#9830 = DIRECTION('',(-0.,0.,-1.));
#9831 = DIRECTION('',(-0.,-1.,0.));
#9832 = FACE_BOUND('',#9833,.T.);
#9833 = EDGE_LOOP('',(#9834));
#9834 = ORIENTED_EDGE('',*,*,#9835,.T.);
#9835 = EDGE_CURVE('',#9836,#9836,#9838,.T.);
#9836 = VERTEX_POINT('',#9837);
#9837 = CARTESIAN_POINT('',(205.15,226.405202,1.509994));
#9838 = CIRCLE('',#9839,0.5969);
#9839 = AXIS2_PLACEMENT_3D('',#9840,#9841,#9842);
#9840 = CARTESIAN_POINT('',(205.15,227.002102,1.509994));
#9841 = DIRECTION('',(-0.,0.,-1.));
#9842 = DIRECTION('',(-0.,-1.,0.));
#9843 = FACE_BOUND('',#9844,.T.);
#9844 = EDGE_LOOP('',(#9845));
#9845 = ORIENTED_EDGE('',*,*,#9846,.T.);
#9846 = EDGE_CURVE('',#9847,#9847,#9849,.T.);
#9847 = VERTEX_POINT('',#9848);
#9848 = CARTESIAN_POINT('',(215.057898,236.4131,1.509994));
#9849 = CIRCLE('',#9850,0.5969);
#9850 = AXIS2_PLACEMENT_3D('',#9851,#9852,#9853);
#9851 = CARTESIAN_POINT('',(215.057898,237.01,1.509994));
#9852 = DIRECTION('',(-0.,0.,-1.));
#9853 = DIRECTION('',(-0.,-1.,0.));
#9854 = FACE_BOUND('',#9855,.T.);
#9855 = EDGE_LOOP('',(#9856));
#9856 = ORIENTED_EDGE('',*,*,#9857,.T.);
#9857 = EDGE_CURVE('',#9858,#9858,#9860,.T.);
#9858 = VERTEX_POINT('',#9859);
#9859 = CARTESIAN_POINT('',(218.65,232.820998,1.509994));
#9860 = CIRCLE('',#9861,0.5969);
#9861 = AXIS2_PLACEMENT_3D('',#9862,#9863,#9864);
#9862 = CARTESIAN_POINT('',(218.65,233.417898,1.509994));
#9863 = DIRECTION('',(-0.,0.,-1.));
#9864 = DIRECTION('',(-0.,-1.,0.));
#9865 = FACE_BOUND('',#9866,.T.);
#9866 = EDGE_LOOP('',(#9867));
#9867 = ORIENTED_EDGE('',*,*,#9868,.T.);
#9868 = EDGE_CURVE('',#9869,#9869,#9871,.T.);
#9869 = VERTEX_POINT('',#9870);
#9870 = CARTESIAN_POINT('',(222.242102,236.4131,1.509994));
#9871 = CIRCLE('',#9872,0.5969);
#9872 = AXIS2_PLACEMENT_3D('',#9873,#9874,#9875);
#9873 = CARTESIAN_POINT('',(222.242102,237.01,1.509994));
#9874 = DIRECTION('',(-0.,0.,-1.));
#9875 = DIRECTION('',(-0.,-1.,0.));
#9876 = FACE_BOUND('',#9877,.T.);
#9877 = EDGE_LOOP('',(#9878));
#9878 = ORIENTED_EDGE('',*,*,#9879,.T.);
#9879 = EDGE_CURVE('',#9880,#9880,#9882,.T.);
#9880 = VERTEX_POINT('',#9881);
#9881 = CARTESIAN_POINT('',(218.65,240.005202,1.509994));
#9882 = CIRCLE('',#9883,0.5969);
#9883 = AXIS2_PLACEMENT_3D('',#9884,#9885,#9886);
#9884 = CARTESIAN_POINT('',(218.65,240.602102,1.509994));
#9885 = DIRECTION('',(-0.,0.,-1.));
#9886 = DIRECTION('',(-0.,-1.,0.));
#9887 = FACE_BOUND('',#9888,.T.);
#9888 = EDGE_LOOP('',(#9889));
#9889 = ORIENTED_EDGE('',*,*,#9890,.T.);
#9890 = EDGE_CURVE('',#9891,#9891,#9893,.T.);
#9891 = VERTEX_POINT('',#9892);
#9892 = CARTESIAN_POINT('',(232.,234.920998,1.509994));
#9893 = CIRCLE('',#9894,0.5969);
#9894 = AXIS2_PLACEMENT_3D('',#9895,#9896,#9897);
#9895 = CARTESIAN_POINT('',(232.,235.517898,1.509994));
#9896 = DIRECTION('',(-0.,0.,-1.));
#9897 = DIRECTION('',(-0.,-1.,0.));
#9898 = FACE_BOUND('',#9899,.T.);
#9899 = EDGE_LOOP('',(#9900));
#9900 = ORIENTED_EDGE('',*,*,#9901,.T.);
#9901 = EDGE_CURVE('',#9902,#9902,#9904,.T.);
#9902 = VERTEX_POINT('',#9903);
#9903 = CARTESIAN_POINT('',(228.407898,238.5131,1.509994));
#9904 = CIRCLE('',#9905,0.5969);
#9905 = AXIS2_PLACEMENT_3D('',#9906,#9907,#9908);
#9906 = CARTESIAN_POINT('',(228.407898,239.11,1.509994));
#9907 = DIRECTION('',(-0.,0.,-1.));
#9908 = DIRECTION('',(-0.,-1.,0.));
#9909 = FACE_BOUND('',#9910,.T.);
#9910 = EDGE_LOOP('',(#9911));
#9911 = ORIENTED_EDGE('',*,*,#9912,.T.);
#9912 = EDGE_CURVE('',#9913,#9913,#9915,.T.);
#9913 = VERTEX_POINT('',#9914);
#9914 = CARTESIAN_POINT('',(235.592102,238.5131,1.509994));
#9915 = CIRCLE('',#9916,0.5969);
#9916 = AXIS2_PLACEMENT_3D('',#9917,#9918,#9919);
#9917 = CARTESIAN_POINT('',(235.592102,239.11,1.509994));
#9918 = DIRECTION('',(-0.,0.,-1.));
#9919 = DIRECTION('',(-0.,-1.,0.));
#9920 = FACE_BOUND('',#9921,.T.);
#9921 = EDGE_LOOP('',(#9922));
#9922 = ORIENTED_EDGE('',*,*,#9923,.T.);
#9923 = EDGE_CURVE('',#9924,#9924,#9926,.T.);
#9924 = VERTEX_POINT('',#9925);
#9925 = CARTESIAN_POINT('',(241.957898,225.0131,1.509994));
#9926 = CIRCLE('',#9927,0.5969);
#9927 = AXIS2_PLACEMENT_3D('',#9928,#9929,#9930);
#9928 = CARTESIAN_POINT('',(241.957898,225.61,1.509994));
#9929 = DIRECTION('',(-0.,0.,-1.));
#9930 = DIRECTION('',(-0.,-1.,0.));
#9931 = FACE_BOUND('',#9932,.T.);
#9932 = EDGE_LOOP('',(#9933));
#9933 = ORIENTED_EDGE('',*,*,#9934,.T.);
#9934 = EDGE_CURVE('',#9935,#9935,#9937,.T.);
#9935 = VERTEX_POINT('',#9936);
#9936 = CARTESIAN_POINT('',(249.142102,225.0131,1.509994));
#9937 = CIRCLE('',#9938,0.5969);
#9938 = AXIS2_PLACEMENT_3D('',#9939,#9940,#9941);
#9939 = CARTESIAN_POINT('',(249.142102,225.61,1.509994));
#9940 = DIRECTION('',(-0.,0.,-1.));
#9941 = DIRECTION('',(-0.,-1.,0.));
#9942 = FACE_BOUND('',#9943,.T.);
#9943 = EDGE_LOOP('',(#9944));
#9944 = ORIENTED_EDGE('',*,*,#9945,.T.);
#9945 = EDGE_CURVE('',#9946,#9946,#9948,.T.);
#9946 = VERTEX_POINT('',#9947);
#9947 = CARTESIAN_POINT('',(245.55,228.605202,1.509994));
#9948 = CIRCLE('',#9949,0.5969);
#9949 = AXIS2_PLACEMENT_3D('',#9950,#9951,#9952);
#9950 = CARTESIAN_POINT('',(245.55,229.202102,1.509994));
#9951 = DIRECTION('',(-0.,0.,-1.));
#9952 = DIRECTION('',(-0.,-1.,0.));
#9953 = FACE_BOUND('',#9954,.T.);
#9954 = EDGE_LOOP('',(#9955));
#9955 = ORIENTED_EDGE('',*,*,#9956,.T.);
#9956 = EDGE_CURVE('',#9957,#9957,#9959,.T.);
#9957 = VERTEX_POINT('',#9958);
#9958 = CARTESIAN_POINT('',(232.,242.105202,1.509994));
#9959 = CIRCLE('',#9960,0.5969);
#9960 = AXIS2_PLACEMENT_3D('',#9961,#9962,#9963);
#9961 = CARTESIAN_POINT('',(232.,242.702102,1.509994));
#9962 = DIRECTION('',(-0.,0.,-1.));
#9963 = DIRECTION('',(-0.,-1.,0.));
#9964 = FACE_BOUND('',#9965,.T.);
#9965 = EDGE_LOOP('',(#9966));
#9966 = ORIENTED_EDGE('',*,*,#9967,.T.);
#9967 = EDGE_CURVE('',#9968,#9968,#9970,.T.);
#9968 = VERTEX_POINT('',#9969);
#9969 = CARTESIAN_POINT('',(256.,248.4,1.509994));
#9970 = CIRCLE('',#9971,1.6);
#9971 = AXIS2_PLACEMENT_3D('',#9972,#9973,#9974);
#9972 = CARTESIAN_POINT('',(256.,250.,1.509994));
#9973 = DIRECTION('',(-0.,0.,-1.));
#9974 = DIRECTION('',(-0.,-1.,0.));
#9975 = FACE_BOUND('',#9976,.T.);
#9976 = EDGE_LOOP('',(#9977));
#9977 = ORIENTED_EDGE('',*,*,#9978,.T.);
#9978 = EDGE_CURVE('',#9979,#9979,#9981,.T.);
#9979 = VERTEX_POINT('',#9980);
#9980 = CARTESIAN_POINT('',(200.79,276.73,1.509994));
#9981 = CIRCLE('',#9982,0.5);
#9982 = AXIS2_PLACEMENT_3D('',#9983,#9984,#9985);
#9983 = CARTESIAN_POINT('',(200.79,277.23,1.509994));
#9984 = DIRECTION('',(-0.,0.,-1.));
#9985 = DIRECTION('',(-0.,-1.,0.));
#9986 = FACE_BOUND('',#9987,.T.);
#9987 = EDGE_LOOP('',(#9988));
#9988 = ORIENTED_EDGE('',*,*,#9989,.T.);
#9989 = EDGE_CURVE('',#9990,#9990,#9992,.T.);
#9990 = VERTEX_POINT('',#9991);
#9991 = CARTESIAN_POINT('',(203.33,276.73,1.509994));
#9992 = CIRCLE('',#9993,0.5);
#9993 = AXIS2_PLACEMENT_3D('',#9994,#9995,#9996);
#9994 = CARTESIAN_POINT('',(203.33,277.23,1.509994));
#9995 = DIRECTION('',(-0.,0.,-1.));
#9996 = DIRECTION('',(-0.,-1.,0.));
#9997 = FACE_BOUND('',#9998,.T.);
#9998 = EDGE_LOOP('',(#9999));
#9999 = ORIENTED_EDGE('',*,*,#10000,.T.);
#10000 = EDGE_CURVE('',#10001,#10001,#10003,.T.);
#10001 = VERTEX_POINT('',#10002);
#10002 = CARTESIAN_POINT('',(241.4,277.53,1.509994));
#10003 = CIRCLE('',#10004,0.5);
#10004 = AXIS2_PLACEMENT_3D('',#10005,#10006,#10007);
#10005 = CARTESIAN_POINT('',(241.4,278.03,1.509994));
#10006 = DIRECTION('',(-0.,0.,-1.));
#10007 = DIRECTION('',(-0.,-1.,0.));
#10008 = FACE_BOUND('',#10009,.T.);
#10009 = EDGE_LOOP('',(#10010));
#10010 = ORIENTED_EDGE('',*,*,#10011,.T.);
#10011 = EDGE_CURVE('',#10012,#10012,#10014,.T.);
#10012 = VERTEX_POINT('',#10013);
#10013 = CARTESIAN_POINT('',(243.94,277.53,1.509994));
#10014 = CIRCLE('',#10015,0.5);
#10015 = AXIS2_PLACEMENT_3D('',#10016,#10017,#10018);
#10016 = CARTESIAN_POINT('',(243.94,278.03,1.509994));
#10017 = DIRECTION('',(-0.,0.,-1.));
#10018 = DIRECTION('',(-0.,-1.,0.));
#10019 = FACE_BOUND('',#10020,.T.);
#10020 = EDGE_LOOP('',(#10021));
#10021 = ORIENTED_EDGE('',*,*,#10022,.T.);
#10022 = EDGE_CURVE('',#10023,#10023,#10025,.T.);
#10023 = VERTEX_POINT('',#10024);
#10024 = CARTESIAN_POINT('',(256.,294.4,1.509994));
#10025 = CIRCLE('',#10026,1.6);
#10026 = AXIS2_PLACEMENT_3D('',#10027,#10028,#10029);
#10027 = CARTESIAN_POINT('',(256.,296.,1.509994));
#10028 = DIRECTION('',(-0.,0.,-1.));
#10029 = DIRECTION('',(-0.,-1.,0.));
#10030 = PLANE('',#10031);
#10031 = AXIS2_PLACEMENT_3D('',#10032,#10033,#10034);
#10032 = CARTESIAN_POINT('',(0.,0.,1.509994));
#10033 = DIRECTION('',(0.,0.,1.));
#10034 = DIRECTION('',(1.,0.,-0.));
#10035 = ADVANCED_FACE('',(#10036),#10042,.T.);
#10036 = FACE_BOUND('',#10037,.T.);
#10037 = EDGE_LOOP('',(#10038,#10039,#10040,#10041));
#10038 = ORIENTED_EDGE('',*,*,#119,.T.);
#10039 = ORIENTED_EDGE('',*,*,#5092,.T.);
#10040 = ORIENTED_EDGE('',*,*,#79,.F.);
#10041 = ORIENTED_EDGE('',*,*,#143,.F.);
#10042 = PLANE('',#10043);
#10043 = AXIS2_PLACEMENT_3D('',#10044,#10045,#10046);
#10044 = CARTESIAN_POINT('',(0.,300.,0.));
#10045 = DIRECTION('',(0.,1.,0.));
#10046 = DIRECTION('',(1.,0.,0.));
#10047 = ADVANCED_FACE('',(#10048),#10059,.F.);
#10048 = FACE_BOUND('',#10049,.T.);
#10049 = EDGE_LOOP('',(#10050,#10051,#10057,#10058));
#10050 = ORIENTED_EDGE('',*,*,#152,.T.);
#10051 = ORIENTED_EDGE('',*,*,#10052,.T.);
#10052 = EDGE_CURVE('',#153,#5102,#10053,.T.);
#10053 = LINE('',#10054,#10055);
#10054 = CARTESIAN_POINT('',(4.,2.4,-4.6E-02));
#10055 = VECTOR('',#10056,1.);
#10056 = DIRECTION('',(0.,0.,1.));
#10057 = ORIENTED_EDGE('',*,*,#5101,.F.);
#10058 = ORIENTED_EDGE('',*,*,#10052,.F.);
#10059 = CYLINDRICAL_SURFACE('',#10060,1.6);
#10060 = AXIS2_PLACEMENT_3D('',#10061,#10062,#10063);
#10061 = CARTESIAN_POINT('',(4.,4.,-4.6E-02));
#10062 = DIRECTION('',(-0.,-0.,-1.));
#10063 = DIRECTION('',(-0.,-1.,0.));
#10064 = ADVANCED_FACE('',(#10065),#10076,.F.);
#10065 = FACE_BOUND('',#10066,.T.);
#10066 = EDGE_LOOP('',(#10067,#10068,#10074,#10075));
#10067 = ORIENTED_EDGE('',*,*,#163,.T.);
#10068 = ORIENTED_EDGE('',*,*,#10069,.T.);
#10069 = EDGE_CURVE('',#164,#5113,#10070,.T.);
#10070 = LINE('',#10071,#10072);
#10071 = CARTESIAN_POINT('',(4.95,15.35,-4.6E-02));
#10072 = VECTOR('',#10073,1.);
#10073 = DIRECTION('',(0.,0.,1.));
#10074 = ORIENTED_EDGE('',*,*,#5112,.F.);
#10075 = ORIENTED_EDGE('',*,*,#10069,.F.);
#10076 = CYLINDRICAL_SURFACE('',#10077,0.5);
#10077 = AXIS2_PLACEMENT_3D('',#10078,#10079,#10080);
#10078 = CARTESIAN_POINT('',(4.95,15.85,-4.6E-02));
#10079 = DIRECTION('',(-0.,-0.,-1.));
#10080 = DIRECTION('',(-0.,-1.,0.));
#10081 = ADVANCED_FACE('',(#10082),#10093,.F.);
#10082 = FACE_BOUND('',#10083,.T.);
#10083 = EDGE_LOOP('',(#10084,#10085,#10091,#10092));
#10084 = ORIENTED_EDGE('',*,*,#174,.T.);
#10085 = ORIENTED_EDGE('',*,*,#10086,.T.);
#10086 = EDGE_CURVE('',#175,#5124,#10087,.T.);
#10087 = LINE('',#10088,#10089);
#10088 = CARTESIAN_POINT('',(4.95,17.89,-4.6E-02));
#10089 = VECTOR('',#10090,1.);
#10090 = DIRECTION('',(0.,0.,1.));
#10091 = ORIENTED_EDGE('',*,*,#5123,.F.);
#10092 = ORIENTED_EDGE('',*,*,#10086,.F.);
#10093 = CYLINDRICAL_SURFACE('',#10094,0.5);
#10094 = AXIS2_PLACEMENT_3D('',#10095,#10096,#10097);
#10095 = CARTESIAN_POINT('',(4.95,18.39,-4.6E-02));
#10096 = DIRECTION('',(-0.,-0.,-1.));
#10097 = DIRECTION('',(-0.,-1.,0.));
#10098 = ADVANCED_FACE('',(#10099),#10110,.F.);
#10099 = FACE_BOUND('',#10100,.T.);
#10100 = EDGE_LOOP('',(#10101,#10102,#10108,#10109));
#10101 = ORIENTED_EDGE('',*,*,#185,.T.);
#10102 = ORIENTED_EDGE('',*,*,#10103,.T.);
#10103 = EDGE_CURVE('',#186,#5135,#10104,.T.);
#10104 = LINE('',#10105,#10106);
#10105 = CARTESIAN_POINT('',(24.23,14.,-4.6E-02));
#10106 = VECTOR('',#10107,1.);
#10107 = DIRECTION('',(0.,0.,1.));
#10108 = ORIENTED_EDGE('',*,*,#5134,.F.);
#10109 = ORIENTED_EDGE('',*,*,#10103,.F.);
#10110 = CYLINDRICAL_SURFACE('',#10111,0.5);
#10111 = AXIS2_PLACEMENT_3D('',#10112,#10113,#10114);
#10112 = CARTESIAN_POINT('',(24.23,14.5,-4.6E-02));
#10113 = DIRECTION('',(-0.,-0.,-1.));
#10114 = DIRECTION('',(-0.,-1.,0.));
#10115 = ADVANCED_FACE('',(#10116),#10127,.F.);
#10116 = FACE_BOUND('',#10117,.T.);
#10117 = EDGE_LOOP('',(#10118,#10119,#10125,#10126));
#10118 = ORIENTED_EDGE('',*,*,#196,.T.);
#10119 = ORIENTED_EDGE('',*,*,#10120,.T.);
#10120 = EDGE_CURVE('',#197,#5146,#10121,.T.);
#10121 = LINE('',#10122,#10123);
#10122 = CARTESIAN_POINT('',(26.77,14.,-4.6E-02));
#10123 = VECTOR('',#10124,1.);
#10124 = DIRECTION('',(0.,0.,1.));
#10125 = ORIENTED_EDGE('',*,*,#5145,.F.);
#10126 = ORIENTED_EDGE('',*,*,#10120,.F.);
#10127 = CYLINDRICAL_SURFACE('',#10128,0.5);
#10128 = AXIS2_PLACEMENT_3D('',#10129,#10130,#10131);
#10129 = CARTESIAN_POINT('',(26.77,14.5,-4.6E-02));
#10130 = DIRECTION('',(-0.,-0.,-1.));
#10131 = DIRECTION('',(-0.,-1.,0.));
#10132 = ADVANCED_FACE('',(#10133),#10144,.F.);
#10133 = FACE_BOUND('',#10134,.T.);
#10134 = EDGE_LOOP('',(#10135,#10136,#10142,#10143));
#10135 = ORIENTED_EDGE('',*,*,#207,.T.);
#10136 = ORIENTED_EDGE('',*,*,#10137,.T.);
#10137 = EDGE_CURVE('',#208,#5157,#10138,.T.);
#10138 = LINE('',#10139,#10140);
#10139 = CARTESIAN_POINT('',(24.23,29.,-4.6E-02));
#10140 = VECTOR('',#10141,1.);
#10141 = DIRECTION('',(0.,0.,1.));
#10142 = ORIENTED_EDGE('',*,*,#5156,.F.);
#10143 = ORIENTED_EDGE('',*,*,#10137,.F.);
#10144 = CYLINDRICAL_SURFACE('',#10145,0.5);
#10145 = AXIS2_PLACEMENT_3D('',#10146,#10147,#10148);
#10146 = CARTESIAN_POINT('',(24.23,29.5,-4.6E-02));
#10147 = DIRECTION('',(-0.,-0.,-1.));
#10148 = DIRECTION('',(-0.,-1.,0.));
#10149 = ADVANCED_FACE('',(#10150),#10161,.F.);
#10150 = FACE_BOUND('',#10151,.T.);
#10151 = EDGE_LOOP('',(#10152,#10153,#10159,#10160));
#10152 = ORIENTED_EDGE('',*,*,#218,.T.);
#10153 = ORIENTED_EDGE('',*,*,#10154,.T.);
#10154 = EDGE_CURVE('',#219,#5168,#10155,.T.);
#10155 = LINE('',#10156,#10157);
#10156 = CARTESIAN_POINT('',(26.77,29.,-4.6E-02));
#10157 = VECTOR('',#10158,1.);
#10158 = DIRECTION('',(0.,0.,1.));
#10159 = ORIENTED_EDGE('',*,*,#5167,.F.);
#10160 = ORIENTED_EDGE('',*,*,#10154,.F.);
#10161 = CYLINDRICAL_SURFACE('',#10162,0.5);
#10162 = AXIS2_PLACEMENT_3D('',#10163,#10164,#10165);
#10163 = CARTESIAN_POINT('',(26.77,29.5,-4.6E-02));
#10164 = DIRECTION('',(-0.,-0.,-1.));
#10165 = DIRECTION('',(-0.,-1.,0.));
#10166 = ADVANCED_FACE('',(#10167),#10178,.F.);
#10167 = FACE_BOUND('',#10168,.T.);
#10168 = EDGE_LOOP('',(#10169,#10170,#10176,#10177));
#10169 = ORIENTED_EDGE('',*,*,#229,.T.);
#10170 = ORIENTED_EDGE('',*,*,#10171,.T.);
#10171 = EDGE_CURVE('',#230,#5179,#10172,.T.);
#10172 = LINE('',#10173,#10174);
#10173 = CARTESIAN_POINT('',(39.23,14.,-4.6E-02));
#10174 = VECTOR('',#10175,1.);
#10175 = DIRECTION('',(0.,0.,1.));
#10176 = ORIENTED_EDGE('',*,*,#5178,.F.);
#10177 = ORIENTED_EDGE('',*,*,#10171,.F.);
#10178 = CYLINDRICAL_SURFACE('',#10179,0.5);
#10179 = AXIS2_PLACEMENT_3D('',#10180,#10181,#10182);
#10180 = CARTESIAN_POINT('',(39.23,14.5,-4.6E-02));
#10181 = DIRECTION('',(-0.,-0.,-1.));
#10182 = DIRECTION('',(-0.,-1.,0.));
#10183 = ADVANCED_FACE('',(#10184),#10195,.F.);
#10184 = FACE_BOUND('',#10185,.T.);
#10185 = EDGE_LOOP('',(#10186,#10187,#10193,#10194));
#10186 = ORIENTED_EDGE('',*,*,#240,.T.);
#10187 = ORIENTED_EDGE('',*,*,#10188,.T.);
#10188 = EDGE_CURVE('',#241,#5190,#10189,.T.);
#10189 = LINE('',#10190,#10191);
#10190 = CARTESIAN_POINT('',(41.77,14.,-4.6E-02));
#10191 = VECTOR('',#10192,1.);
#10192 = DIRECTION('',(0.,0.,1.));
#10193 = ORIENTED_EDGE('',*,*,#5189,.F.);
#10194 = ORIENTED_EDGE('',*,*,#10188,.F.);
#10195 = CYLINDRICAL_SURFACE('',#10196,0.5);
#10196 = AXIS2_PLACEMENT_3D('',#10197,#10198,#10199);
#10197 = CARTESIAN_POINT('',(41.77,14.5,-4.6E-02));
#10198 = DIRECTION('',(-0.,-0.,-1.));
#10199 = DIRECTION('',(-0.,-1.,0.));
#10200 = ADVANCED_FACE('',(#10201),#10212,.F.);
#10201 = FACE_BOUND('',#10202,.T.);
#10202 = EDGE_LOOP('',(#10203,#10204,#10210,#10211));
#10203 = ORIENTED_EDGE('',*,*,#251,.T.);
#10204 = ORIENTED_EDGE('',*,*,#10205,.T.);
#10205 = EDGE_CURVE('',#252,#5201,#10206,.T.);
#10206 = LINE('',#10207,#10208);
#10207 = CARTESIAN_POINT('',(47.5626,20.5256,-4.6E-02));
#10208 = VECTOR('',#10209,1.);
#10209 = DIRECTION('',(0.,0.,1.));
#10210 = ORIENTED_EDGE('',*,*,#5200,.F.);
#10211 = ORIENTED_EDGE('',*,*,#10205,.F.);
#10212 = CYLINDRICAL_SURFACE('',#10213,0.127);
#10213 = AXIS2_PLACEMENT_3D('',#10214,#10215,#10216);
#10214 = CARTESIAN_POINT('',(47.5626,20.6526,-4.6E-02));
#10215 = DIRECTION('',(-0.,-0.,-1.));
#10216 = DIRECTION('',(-0.,-1.,0.));
#10217 = ADVANCED_FACE('',(#10218),#10229,.F.);
#10218 = FACE_BOUND('',#10219,.T.);
#10219 = EDGE_LOOP('',(#10220,#10221,#10227,#10228));
#10220 = ORIENTED_EDGE('',*,*,#262,.T.);
#10221 = ORIENTED_EDGE('',*,*,#10222,.T.);
#10222 = EDGE_CURVE('',#263,#5212,#10223,.T.);
#10223 = LINE('',#10224,#10225);
#10224 = CARTESIAN_POINT('',(48.35,20.5256,-4.6E-02));
#10225 = VECTOR('',#10226,1.);
#10226 = DIRECTION('',(0.,0.,1.));
#10227 = ORIENTED_EDGE('',*,*,#5211,.F.);
#10228 = ORIENTED_EDGE('',*,*,#10222,.F.);
#10229 = CYLINDRICAL_SURFACE('',#10230,0.127);
#10230 = AXIS2_PLACEMENT_3D('',#10231,#10232,#10233);
#10231 = CARTESIAN_POINT('',(48.35,20.6526,-4.6E-02));
#10232 = DIRECTION('',(-0.,0.,-1.));
#10233 = DIRECTION('',(5.594824691024E-14,-1.,-0.));
#10234 = ADVANCED_FACE('',(#10235),#10246,.F.);
#10235 = FACE_BOUND('',#10236,.T.);
#10236 = EDGE_LOOP('',(#10237,#10238,#10244,#10245));
#10237 = ORIENTED_EDGE('',*,*,#273,.T.);
#10238 = ORIENTED_EDGE('',*,*,#10239,.T.);
#10239 = EDGE_CURVE('',#274,#5223,#10240,.T.);
#10240 = LINE('',#10241,#10242);
#10241 = CARTESIAN_POINT('',(54.13,14.2,-4.6E-02));
#10242 = VECTOR('',#10243,1.);
#10243 = DIRECTION('',(0.,0.,1.));
#10244 = ORIENTED_EDGE('',*,*,#5222,.F.);
#10245 = ORIENTED_EDGE('',*,*,#10239,.F.);
#10246 = CYLINDRICAL_SURFACE('',#10247,0.5);
#10247 = AXIS2_PLACEMENT_3D('',#10248,#10249,#10250);
#10248 = CARTESIAN_POINT('',(54.13,14.7,-4.6E-02));
#10249 = DIRECTION('',(-0.,-0.,-1.));
#10250 = DIRECTION('',(-0.,-1.,0.));
#10251 = ADVANCED_FACE('',(#10252),#10263,.F.);
#10252 = FACE_BOUND('',#10253,.T.);
#10253 = EDGE_LOOP('',(#10254,#10255,#10261,#10262));
#10254 = ORIENTED_EDGE('',*,*,#284,.T.);
#10255 = ORIENTED_EDGE('',*,*,#10256,.T.);
#10256 = EDGE_CURVE('',#285,#5234,#10257,.T.);
#10257 = LINE('',#10258,#10259);
#10258 = CARTESIAN_POINT('',(56.67,14.2,-4.6E-02));
#10259 = VECTOR('',#10260,1.);
#10260 = DIRECTION('',(0.,0.,1.));
#10261 = ORIENTED_EDGE('',*,*,#5233,.F.);
#10262 = ORIENTED_EDGE('',*,*,#10256,.F.);
#10263 = CYLINDRICAL_SURFACE('',#10264,0.5);
#10264 = AXIS2_PLACEMENT_3D('',#10265,#10266,#10267);
#10265 = CARTESIAN_POINT('',(56.67,14.7,-4.6E-02));
#10266 = DIRECTION('',(-0.,-0.,-1.));
#10267 = DIRECTION('',(-0.,-1.,0.));
#10268 = ADVANCED_FACE('',(#10269),#10280,.F.);
#10269 = FACE_BOUND('',#10270,.T.);
#10270 = EDGE_LOOP('',(#10271,#10272,#10278,#10279));
#10271 = ORIENTED_EDGE('',*,*,#295,.T.);
#10272 = ORIENTED_EDGE('',*,*,#10273,.T.);
#10273 = EDGE_CURVE('',#296,#5245,#10274,.T.);
#10274 = LINE('',#10275,#10276);
#10275 = CARTESIAN_POINT('',(49.1374,20.5256,-4.6E-02));
#10276 = VECTOR('',#10277,1.);
#10277 = DIRECTION('',(0.,0.,1.));
#10278 = ORIENTED_EDGE('',*,*,#5244,.F.);
#10279 = ORIENTED_EDGE('',*,*,#10273,.F.);
#10280 = CYLINDRICAL_SURFACE('',#10281,0.127);
#10281 = AXIS2_PLACEMENT_3D('',#10282,#10283,#10284);
#10282 = CARTESIAN_POINT('',(49.1374,20.6526,-4.6E-02));
#10283 = DIRECTION('',(-0.,-0.,-1.));
#10284 = DIRECTION('',(-0.,-1.,0.));
#10285 = ADVANCED_FACE('',(#10286),#10297,.F.);
#10286 = FACE_BOUND('',#10287,.T.);
#10287 = EDGE_LOOP('',(#10288,#10289,#10295,#10296));
#10288 = ORIENTED_EDGE('',*,*,#306,.T.);
#10289 = ORIENTED_EDGE('',*,*,#10290,.T.);
#10290 = EDGE_CURVE('',#307,#5256,#10291,.T.);
#10291 = LINE('',#10292,#10293);
#10292 = CARTESIAN_POINT('',(39.23,29.,-4.6E-02));
#10293 = VECTOR('',#10294,1.);
#10294 = DIRECTION('',(0.,0.,1.));
#10295 = ORIENTED_EDGE('',*,*,#5255,.F.);
#10296 = ORIENTED_EDGE('',*,*,#10290,.F.);
#10297 = CYLINDRICAL_SURFACE('',#10298,0.5);
#10298 = AXIS2_PLACEMENT_3D('',#10299,#10300,#10301);
#10299 = CARTESIAN_POINT('',(39.23,29.5,-4.6E-02));
#10300 = DIRECTION('',(-0.,-0.,-1.));
#10301 = DIRECTION('',(-0.,-1.,0.));
#10302 = ADVANCED_FACE('',(#10303),#10314,.F.);
#10303 = FACE_BOUND('',#10304,.T.);
#10304 = EDGE_LOOP('',(#10305,#10306,#10312,#10313));
#10305 = ORIENTED_EDGE('',*,*,#317,.T.);
#10306 = ORIENTED_EDGE('',*,*,#10307,.T.);
#10307 = EDGE_CURVE('',#318,#5267,#10308,.T.);
#10308 = LINE('',#10309,#10310);
#10309 = CARTESIAN_POINT('',(47.5626,21.313,-4.6E-02));
#10310 = VECTOR('',#10311,1.);
#10311 = DIRECTION('',(0.,0.,1.));
#10312 = ORIENTED_EDGE('',*,*,#5266,.F.);
#10313 = ORIENTED_EDGE('',*,*,#10307,.F.);
#10314 = CYLINDRICAL_SURFACE('',#10315,0.127);
#10315 = AXIS2_PLACEMENT_3D('',#10316,#10317,#10318);
#10316 = CARTESIAN_POINT('',(47.5626,21.44,-4.6E-02));
#10317 = DIRECTION('',(-0.,-0.,-1.));
#10318 = DIRECTION('',(-0.,-1.,0.));
#10319 = ADVANCED_FACE('',(#10320),#10331,.F.);
#10320 = FACE_BOUND('',#10321,.T.);
#10321 = EDGE_LOOP('',(#10322,#10323,#10329,#10330));
#10322 = ORIENTED_EDGE('',*,*,#328,.T.);
#10323 = ORIENTED_EDGE('',*,*,#10324,.T.);
#10324 = EDGE_CURVE('',#329,#5278,#10325,.T.);
#10325 = LINE('',#10326,#10327);
#10326 = CARTESIAN_POINT('',(48.35,21.313,-4.6E-02));
#10327 = VECTOR('',#10328,1.);
#10328 = DIRECTION('',(0.,0.,1.));
#10329 = ORIENTED_EDGE('',*,*,#5277,.F.);
#10330 = ORIENTED_EDGE('',*,*,#10324,.F.);
#10331 = CYLINDRICAL_SURFACE('',#10332,0.127);
#10332 = AXIS2_PLACEMENT_3D('',#10333,#10334,#10335);
#10333 = CARTESIAN_POINT('',(48.35,21.44,-4.6E-02));
#10334 = DIRECTION('',(-0.,0.,-1.));
#10335 = DIRECTION('',(5.594824691024E-14,-1.,-0.));
#10336 = ADVANCED_FACE('',(#10337),#10348,.F.);
#10337 = FACE_BOUND('',#10338,.T.);
#10338 = EDGE_LOOP('',(#10339,#10340,#10346,#10347));
#10339 = ORIENTED_EDGE('',*,*,#339,.T.);
#10340 = ORIENTED_EDGE('',*,*,#10341,.T.);
#10341 = EDGE_CURVE('',#340,#5289,#10342,.T.);
#10342 = LINE('',#10343,#10344);
#10343 = CARTESIAN_POINT('',(47.5626,22.1004,-4.6E-02));
#10344 = VECTOR('',#10345,1.);
#10345 = DIRECTION('',(0.,0.,1.));
#10346 = ORIENTED_EDGE('',*,*,#5288,.F.);
#10347 = ORIENTED_EDGE('',*,*,#10341,.F.);
#10348 = CYLINDRICAL_SURFACE('',#10349,0.127);
#10349 = AXIS2_PLACEMENT_3D('',#10350,#10351,#10352);
#10350 = CARTESIAN_POINT('',(47.5626,22.2274,-4.6E-02));
#10351 = DIRECTION('',(-0.,-0.,-1.));
#10352 = DIRECTION('',(-0.,-1.,0.));
#10353 = ADVANCED_FACE('',(#10354),#10365,.F.);
#10354 = FACE_BOUND('',#10355,.T.);
#10355 = EDGE_LOOP('',(#10356,#10357,#10363,#10364));
#10356 = ORIENTED_EDGE('',*,*,#350,.T.);
#10357 = ORIENTED_EDGE('',*,*,#10358,.T.);
#10358 = EDGE_CURVE('',#351,#5300,#10359,.T.);
#10359 = LINE('',#10360,#10361);
#10360 = CARTESIAN_POINT('',(48.35,22.1004,-4.6E-02));
#10361 = VECTOR('',#10362,1.);
#10362 = DIRECTION('',(0.,0.,1.));
#10363 = ORIENTED_EDGE('',*,*,#5299,.F.);
#10364 = ORIENTED_EDGE('',*,*,#10358,.F.);
#10365 = CYLINDRICAL_SURFACE('',#10366,0.127);
#10366 = AXIS2_PLACEMENT_3D('',#10367,#10368,#10369);
#10367 = CARTESIAN_POINT('',(48.35,22.2274,-4.6E-02));
#10368 = DIRECTION('',(-0.,0.,-1.));
#10369 = DIRECTION('',(5.594824691024E-14,-1.,-0.));
#10370 = ADVANCED_FACE('',(#10371),#10382,.F.);
#10371 = FACE_BOUND('',#10372,.T.);
#10372 = EDGE_LOOP('',(#10373,#10374,#10380,#10381));
#10373 = ORIENTED_EDGE('',*,*,#361,.T.);
#10374 = ORIENTED_EDGE('',*,*,#10375,.T.);
#10375 = EDGE_CURVE('',#362,#5311,#10376,.T.);
#10376 = LINE('',#10377,#10378);
#10377 = CARTESIAN_POINT('',(41.77,29.,-4.6E-02));
#10378 = VECTOR('',#10379,1.);
#10379 = DIRECTION('',(0.,0.,1.));
#10380 = ORIENTED_EDGE('',*,*,#5310,.F.);
#10381 = ORIENTED_EDGE('',*,*,#10375,.F.);
#10382 = CYLINDRICAL_SURFACE('',#10383,0.5);
#10383 = AXIS2_PLACEMENT_3D('',#10384,#10385,#10386);
#10384 = CARTESIAN_POINT('',(41.77,29.5,-4.6E-02));
#10385 = DIRECTION('',(-0.,-0.,-1.));
#10386 = DIRECTION('',(-0.,-1.,0.));
#10387 = ADVANCED_FACE('',(#10388),#10399,.F.);
#10388 = FACE_BOUND('',#10389,.T.);
#10389 = EDGE_LOOP('',(#10390,#10391,#10397,#10398));
#10390 = ORIENTED_EDGE('',*,*,#372,.T.);
#10391 = ORIENTED_EDGE('',*,*,#10392,.T.);
#10392 = EDGE_CURVE('',#373,#5322,#10393,.T.);
#10393 = LINE('',#10394,#10395);
#10394 = CARTESIAN_POINT('',(49.1374,21.313,-4.6E-02));
#10395 = VECTOR('',#10396,1.);
#10396 = DIRECTION('',(0.,0.,1.));
#10397 = ORIENTED_EDGE('',*,*,#5321,.F.);
#10398 = ORIENTED_EDGE('',*,*,#10392,.F.);
#10399 = CYLINDRICAL_SURFACE('',#10400,0.127);
#10400 = AXIS2_PLACEMENT_3D('',#10401,#10402,#10403);
#10401 = CARTESIAN_POINT('',(49.1374,21.44,-4.6E-02));
#10402 = DIRECTION('',(-0.,-0.,-1.));
#10403 = DIRECTION('',(-0.,-1.,0.));
#10404 = ADVANCED_FACE('',(#10405),#10416,.F.);
#10405 = FACE_BOUND('',#10406,.T.);
#10406 = EDGE_LOOP('',(#10407,#10408,#10414,#10415));
#10407 = ORIENTED_EDGE('',*,*,#383,.T.);
#10408 = ORIENTED_EDGE('',*,*,#10409,.T.);
#10409 = EDGE_CURVE('',#384,#5333,#10410,.T.);
#10410 = LINE('',#10411,#10412);
#10411 = CARTESIAN_POINT('',(49.1374,22.1004,-4.6E-02));
#10412 = VECTOR('',#10413,1.);
#10413 = DIRECTION('',(0.,0.,1.));
#10414 = ORIENTED_EDGE('',*,*,#5332,.F.);
#10415 = ORIENTED_EDGE('',*,*,#10409,.F.);
#10416 = CYLINDRICAL_SURFACE('',#10417,0.127);
#10417 = AXIS2_PLACEMENT_3D('',#10418,#10419,#10420);
#10418 = CARTESIAN_POINT('',(49.1374,22.2274,-4.6E-02));
#10419 = DIRECTION('',(-0.,-0.,-1.));
#10420 = DIRECTION('',(-0.,-1.,0.));
#10421 = ADVANCED_FACE('',(#10422),#10433,.F.);
#10422 = FACE_BOUND('',#10423,.T.);
#10423 = EDGE_LOOP('',(#10424,#10425,#10431,#10432));
#10424 = ORIENTED_EDGE('',*,*,#394,.T.);
#10425 = ORIENTED_EDGE('',*,*,#10426,.T.);
#10426 = EDGE_CURVE('',#395,#5344,#10427,.T.);
#10427 = LINE('',#10428,#10429);
#10428 = CARTESIAN_POINT('',(54.13,29.2,-4.6E-02));
#10429 = VECTOR('',#10430,1.);
#10430 = DIRECTION('',(0.,0.,1.));
#10431 = ORIENTED_EDGE('',*,*,#5343,.F.);
#10432 = ORIENTED_EDGE('',*,*,#10426,.F.);
#10433 = CYLINDRICAL_SURFACE('',#10434,0.5);
#10434 = AXIS2_PLACEMENT_3D('',#10435,#10436,#10437);
#10435 = CARTESIAN_POINT('',(54.13,29.7,-4.6E-02));
#10436 = DIRECTION('',(-0.,-0.,-1.));
#10437 = DIRECTION('',(-0.,-1.,0.));
#10438 = ADVANCED_FACE('',(#10439),#10450,.F.);
#10439 = FACE_BOUND('',#10440,.T.);
#10440 = EDGE_LOOP('',(#10441,#10442,#10448,#10449));
#10441 = ORIENTED_EDGE('',*,*,#405,.T.);
#10442 = ORIENTED_EDGE('',*,*,#10443,.T.);
#10443 = EDGE_CURVE('',#406,#5355,#10444,.T.);
#10444 = LINE('',#10445,#10446);
#10445 = CARTESIAN_POINT('',(56.67,29.2,-4.6E-02));
#10446 = VECTOR('',#10447,1.);
#10447 = DIRECTION('',(0.,0.,1.));
#10448 = ORIENTED_EDGE('',*,*,#5354,.F.);
#10449 = ORIENTED_EDGE('',*,*,#10443,.F.);
#10450 = CYLINDRICAL_SURFACE('',#10451,0.5);
#10451 = AXIS2_PLACEMENT_3D('',#10452,#10453,#10454);
#10452 = CARTESIAN_POINT('',(56.67,29.7,-4.6E-02));
#10453 = DIRECTION('',(-0.,-0.,-1.));
#10454 = DIRECTION('',(-0.,-1.,0.));
#10455 = ADVANCED_FACE('',(#10456),#10467,.F.);
#10456 = FACE_BOUND('',#10457,.T.);
#10457 = EDGE_LOOP('',(#10458,#10459,#10465,#10466));
#10458 = ORIENTED_EDGE('',*,*,#416,.T.);
#10459 = ORIENTED_EDGE('',*,*,#10460,.T.);
#10460 = EDGE_CURVE('',#417,#5366,#10461,.T.);
#10461 = LINE('',#10462,#10463);
#10462 = CARTESIAN_POINT('',(4.97,45.48,-4.6E-02));
#10463 = VECTOR('',#10464,1.);
#10464 = DIRECTION('',(0.,0.,1.));
#10465 = ORIENTED_EDGE('',*,*,#5365,.F.);
#10466 = ORIENTED_EDGE('',*,*,#10460,.F.);
#10467 = CYLINDRICAL_SURFACE('',#10468,0.5);
#10468 = AXIS2_PLACEMENT_3D('',#10469,#10470,#10471);
#10469 = CARTESIAN_POINT('',(4.97,45.98,-4.6E-02));
#10470 = DIRECTION('',(-0.,-0.,-1.));
#10471 = DIRECTION('',(-0.,-1.,0.));
#10472 = ADVANCED_FACE('',(#10473),#10484,.F.);
#10473 = FACE_BOUND('',#10474,.T.);
#10474 = EDGE_LOOP('',(#10475,#10476,#10482,#10483));
#10475 = ORIENTED_EDGE('',*,*,#427,.T.);
#10476 = ORIENTED_EDGE('',*,*,#10477,.T.);
#10477 = EDGE_CURVE('',#428,#5377,#10478,.T.);
#10478 = LINE('',#10479,#10480);
#10479 = CARTESIAN_POINT('',(4.97,48.02,-4.6E-02));
#10480 = VECTOR('',#10481,1.);
#10481 = DIRECTION('',(0.,0.,1.));
#10482 = ORIENTED_EDGE('',*,*,#5376,.F.);
#10483 = ORIENTED_EDGE('',*,*,#10477,.F.);
#10484 = CYLINDRICAL_SURFACE('',#10485,0.5);
#10485 = AXIS2_PLACEMENT_3D('',#10486,#10487,#10488);
#10486 = CARTESIAN_POINT('',(4.97,48.52,-4.6E-02));
#10487 = DIRECTION('',(-0.,-0.,-1.));
#10488 = DIRECTION('',(-0.,-1.,0.));
#10489 = ADVANCED_FACE('',(#10490),#10501,.F.);
#10490 = FACE_BOUND('',#10491,.T.);
#10491 = EDGE_LOOP('',(#10492,#10493,#10499,#10500));
#10492 = ORIENTED_EDGE('',*,*,#438,.T.);
#10493 = ORIENTED_EDGE('',*,*,#10494,.T.);
#10494 = EDGE_CURVE('',#439,#5388,#10495,.T.);
#10495 = LINE('',#10496,#10497);
#10496 = CARTESIAN_POINT('',(4.95,57.21,-4.6E-02));
#10497 = VECTOR('',#10498,1.);
#10498 = DIRECTION('',(0.,0.,1.));
#10499 = ORIENTED_EDGE('',*,*,#5387,.F.);
#10500 = ORIENTED_EDGE('',*,*,#10494,.F.);
#10501 = CYLINDRICAL_SURFACE('',#10502,0.5);
#10502 = AXIS2_PLACEMENT_3D('',#10503,#10504,#10505);
#10503 = CARTESIAN_POINT('',(4.95,57.71,-4.6E-02));
#10504 = DIRECTION('',(-0.,-0.,-1.));
#10505 = DIRECTION('',(-0.,-1.,0.));
#10506 = ADVANCED_FACE('',(#10507),#10518,.F.);
#10507 = FACE_BOUND('',#10508,.T.);
#10508 = EDGE_LOOP('',(#10509,#10510,#10516,#10517));
#10509 = ORIENTED_EDGE('',*,*,#449,.T.);
#10510 = ORIENTED_EDGE('',*,*,#10511,.T.);
#10511 = EDGE_CURVE('',#450,#5399,#10512,.T.);
#10512 = LINE('',#10513,#10514);
#10513 = CARTESIAN_POINT('',(24.43,43.95,-4.6E-02));
#10514 = VECTOR('',#10515,1.);
#10515 = DIRECTION('',(0.,0.,1.));
#10516 = ORIENTED_EDGE('',*,*,#5398,.F.);
#10517 = ORIENTED_EDGE('',*,*,#10511,.F.);
#10518 = CYLINDRICAL_SURFACE('',#10519,0.5);
#10519 = AXIS2_PLACEMENT_3D('',#10520,#10521,#10522);
#10520 = CARTESIAN_POINT('',(24.43,44.45,-4.6E-02));
#10521 = DIRECTION('',(-0.,-0.,-1.));
#10522 = DIRECTION('',(-0.,-1.,0.));
#10523 = ADVANCED_FACE('',(#10524),#10535,.F.);
#10524 = FACE_BOUND('',#10525,.T.);
#10525 = EDGE_LOOP('',(#10526,#10527,#10533,#10534));
#10526 = ORIENTED_EDGE('',*,*,#460,.T.);
#10527 = ORIENTED_EDGE('',*,*,#10528,.T.);
#10528 = EDGE_CURVE('',#461,#5410,#10529,.T.);
#10529 = LINE('',#10530,#10531);
#10530 = CARTESIAN_POINT('',(26.97,43.95,-4.6E-02));
#10531 = VECTOR('',#10532,1.);
#10532 = DIRECTION('',(0.,0.,1.));
#10533 = ORIENTED_EDGE('',*,*,#5409,.F.);
#10534 = ORIENTED_EDGE('',*,*,#10528,.F.);
#10535 = CYLINDRICAL_SURFACE('',#10536,0.5);
#10536 = AXIS2_PLACEMENT_3D('',#10537,#10538,#10539);
#10537 = CARTESIAN_POINT('',(26.97,44.45,-4.6E-02));
#10538 = DIRECTION('',(-0.,-0.,-1.));
#10539 = DIRECTION('',(-0.,-1.,0.));
#10540 = ADVANCED_FACE('',(#10541),#10552,.F.);
#10541 = FACE_BOUND('',#10542,.T.);
#10542 = EDGE_LOOP('',(#10543,#10544,#10550,#10551));
#10543 = ORIENTED_EDGE('',*,*,#471,.T.);
#10544 = ORIENTED_EDGE('',*,*,#10545,.T.);
#10545 = EDGE_CURVE('',#472,#5421,#10546,.T.);
#10546 = LINE('',#10547,#10548);
#10547 = CARTESIAN_POINT('',(4.95,59.75,-4.6E-02));
#10548 = VECTOR('',#10549,1.);
#10549 = DIRECTION('',(0.,0.,1.));
#10550 = ORIENTED_EDGE('',*,*,#5420,.F.);
#10551 = ORIENTED_EDGE('',*,*,#10545,.F.);
#10552 = CYLINDRICAL_SURFACE('',#10553,0.5);
#10553 = AXIS2_PLACEMENT_3D('',#10554,#10555,#10556);
#10554 = CARTESIAN_POINT('',(4.95,60.25,-4.6E-02));
#10555 = DIRECTION('',(-0.,-0.,-1.));
#10556 = DIRECTION('',(-0.,-1.,0.));
#10557 = ADVANCED_FACE('',(#10558),#10569,.F.);
#10558 = FACE_BOUND('',#10559,.T.);
#10559 = EDGE_LOOP('',(#10560,#10561,#10567,#10568));
#10560 = ORIENTED_EDGE('',*,*,#482,.T.);
#10561 = ORIENTED_EDGE('',*,*,#10562,.T.);
#10562 = EDGE_CURVE('',#483,#5432,#10563,.T.);
#10563 = LINE('',#10564,#10565);
#10564 = CARTESIAN_POINT('',(24.43,58.95,-4.6E-02));
#10565 = VECTOR('',#10566,1.);
#10566 = DIRECTION('',(0.,0.,1.));
#10567 = ORIENTED_EDGE('',*,*,#5431,.F.);
#10568 = ORIENTED_EDGE('',*,*,#10562,.F.);
#10569 = CYLINDRICAL_SURFACE('',#10570,0.5);
#10570 = AXIS2_PLACEMENT_3D('',#10571,#10572,#10573);
#10571 = CARTESIAN_POINT('',(24.43,59.45,-4.6E-02));
#10572 = DIRECTION('',(-0.,-0.,-1.));
#10573 = DIRECTION('',(-0.,-1.,0.));
#10574 = ADVANCED_FACE('',(#10575),#10586,.F.);
#10575 = FACE_BOUND('',#10576,.T.);
#10576 = EDGE_LOOP('',(#10577,#10578,#10584,#10585));
#10577 = ORIENTED_EDGE('',*,*,#493,.T.);
#10578 = ORIENTED_EDGE('',*,*,#10579,.T.);
#10579 = EDGE_CURVE('',#494,#5443,#10580,.T.);
#10580 = LINE('',#10581,#10582);
#10581 = CARTESIAN_POINT('',(26.97,58.95,-4.6E-02));
#10582 = VECTOR('',#10583,1.);
#10583 = DIRECTION('',(0.,0.,1.));
#10584 = ORIENTED_EDGE('',*,*,#5442,.F.);
#10585 = ORIENTED_EDGE('',*,*,#10579,.F.);
#10586 = CYLINDRICAL_SURFACE('',#10587,0.5);
#10587 = AXIS2_PLACEMENT_3D('',#10588,#10589,#10590);
#10588 = CARTESIAN_POINT('',(26.97,59.45,-4.6E-02));
#10589 = DIRECTION('',(-0.,-0.,-1.));
#10590 = DIRECTION('',(-0.,-1.,0.));
#10591 = ADVANCED_FACE('',(#10592),#10603,.F.);
#10592 = FACE_BOUND('',#10593,.T.);
#10593 = EDGE_LOOP('',(#10594,#10595,#10601,#10602));
#10594 = ORIENTED_EDGE('',*,*,#504,.T.);
#10595 = ORIENTED_EDGE('',*,*,#10596,.T.);
#10596 = EDGE_CURVE('',#505,#5454,#10597,.T.);
#10597 = LINE('',#10598,#10599);
#10598 = CARTESIAN_POINT('',(39.43,43.95,-4.6E-02));
#10599 = VECTOR('',#10600,1.);
#10600 = DIRECTION('',(0.,0.,1.));
#10601 = ORIENTED_EDGE('',*,*,#5453,.F.);
#10602 = ORIENTED_EDGE('',*,*,#10596,.F.);
#10603 = CYLINDRICAL_SURFACE('',#10604,0.5);
#10604 = AXIS2_PLACEMENT_3D('',#10605,#10606,#10607);
#10605 = CARTESIAN_POINT('',(39.43,44.45,-4.6E-02));
#10606 = DIRECTION('',(-0.,-0.,-1.));
#10607 = DIRECTION('',(-0.,-1.,0.));
#10608 = ADVANCED_FACE('',(#10609),#10620,.F.);
#10609 = FACE_BOUND('',#10610,.T.);
#10610 = EDGE_LOOP('',(#10611,#10612,#10618,#10619));
#10611 = ORIENTED_EDGE('',*,*,#515,.T.);
#10612 = ORIENTED_EDGE('',*,*,#10613,.T.);
#10613 = EDGE_CURVE('',#516,#5465,#10614,.T.);
#10614 = LINE('',#10615,#10616);
#10615 = CARTESIAN_POINT('',(41.97,43.95,-4.6E-02));
#10616 = VECTOR('',#10617,1.);
#10617 = DIRECTION('',(0.,0.,1.));
#10618 = ORIENTED_EDGE('',*,*,#5464,.F.);
#10619 = ORIENTED_EDGE('',*,*,#10613,.F.);
#10620 = CYLINDRICAL_SURFACE('',#10621,0.5);
#10621 = AXIS2_PLACEMENT_3D('',#10622,#10623,#10624);
#10622 = CARTESIAN_POINT('',(41.97,44.45,-4.6E-02));
#10623 = DIRECTION('',(-0.,-0.,-1.));
#10624 = DIRECTION('',(-0.,-1.,0.));
#10625 = ADVANCED_FACE('',(#10626),#10637,.F.);
#10626 = FACE_BOUND('',#10627,.T.);
#10627 = EDGE_LOOP('',(#10628,#10629,#10635,#10636));
#10628 = ORIENTED_EDGE('',*,*,#526,.T.);
#10629 = ORIENTED_EDGE('',*,*,#10630,.T.);
#10630 = EDGE_CURVE('',#527,#5476,#10631,.T.);
#10631 = LINE('',#10632,#10633);
#10632 = CARTESIAN_POINT('',(47.8726,49.6256,-4.6E-02));
#10633 = VECTOR('',#10634,1.);
#10634 = DIRECTION('',(0.,0.,1.));
#10635 = ORIENTED_EDGE('',*,*,#5475,.F.);
#10636 = ORIENTED_EDGE('',*,*,#10630,.F.);
#10637 = CYLINDRICAL_SURFACE('',#10638,0.127);
#10638 = AXIS2_PLACEMENT_3D('',#10639,#10640,#10641);
#10639 = CARTESIAN_POINT('',(47.8726,49.7526,-4.6E-02));
#10640 = DIRECTION('',(-0.,-0.,-1.));
#10641 = DIRECTION('',(-5.594824691025E-14,-1.,0.));
#10642 = ADVANCED_FACE('',(#10643),#10654,.F.);
#10643 = FACE_BOUND('',#10644,.T.);
#10644 = EDGE_LOOP('',(#10645,#10646,#10652,#10653));
#10645 = ORIENTED_EDGE('',*,*,#537,.T.);
#10646 = ORIENTED_EDGE('',*,*,#10647,.T.);
#10647 = EDGE_CURVE('',#538,#5487,#10648,.T.);
#10648 = LINE('',#10649,#10650);
#10649 = CARTESIAN_POINT('',(48.66,49.6256,-4.6E-02));
#10650 = VECTOR('',#10651,1.);
#10651 = DIRECTION('',(0.,0.,1.));
#10652 = ORIENTED_EDGE('',*,*,#5486,.F.);
#10653 = ORIENTED_EDGE('',*,*,#10647,.F.);
#10654 = CYLINDRICAL_SURFACE('',#10655,0.127);
#10655 = AXIS2_PLACEMENT_3D('',#10656,#10657,#10658);
#10656 = CARTESIAN_POINT('',(48.66,49.7526,-4.6E-02));
#10657 = DIRECTION('',(-0.,-0.,-1.));
#10658 = DIRECTION('',(-0.,-1.,0.));
#10659 = ADVANCED_FACE('',(#10660),#10671,.F.);
#10660 = FACE_BOUND('',#10661,.T.);
#10661 = EDGE_LOOP('',(#10662,#10663,#10669,#10670));
#10662 = ORIENTED_EDGE('',*,*,#548,.T.);
#10663 = ORIENTED_EDGE('',*,*,#10664,.T.);
#10664 = EDGE_CURVE('',#549,#5498,#10665,.T.);
#10665 = LINE('',#10666,#10667);
#10666 = CARTESIAN_POINT('',(47.8726,50.413,-4.6E-02));
#10667 = VECTOR('',#10668,1.);
#10668 = DIRECTION('',(0.,0.,1.));
#10669 = ORIENTED_EDGE('',*,*,#5497,.F.);
#10670 = ORIENTED_EDGE('',*,*,#10664,.F.);
#10671 = CYLINDRICAL_SURFACE('',#10672,0.127);
#10672 = AXIS2_PLACEMENT_3D('',#10673,#10674,#10675);
#10673 = CARTESIAN_POINT('',(47.8726,50.54,-4.6E-02));
#10674 = DIRECTION('',(-0.,-0.,-1.));
#10675 = DIRECTION('',(-5.594824691025E-14,-1.,0.));
#10676 = ADVANCED_FACE('',(#10677),#10688,.F.);
#10677 = FACE_BOUND('',#10678,.T.);
#10678 = EDGE_LOOP('',(#10679,#10680,#10686,#10687));
#10679 = ORIENTED_EDGE('',*,*,#559,.T.);
#10680 = ORIENTED_EDGE('',*,*,#10681,.T.);
#10681 = EDGE_CURVE('',#560,#5509,#10682,.T.);
#10682 = LINE('',#10683,#10684);
#10683 = CARTESIAN_POINT('',(48.66,50.413,-4.6E-02));
#10684 = VECTOR('',#10685,1.);
#10685 = DIRECTION('',(0.,0.,1.));
#10686 = ORIENTED_EDGE('',*,*,#5508,.F.);
#10687 = ORIENTED_EDGE('',*,*,#10681,.F.);
#10688 = CYLINDRICAL_SURFACE('',#10689,0.127);
#10689 = AXIS2_PLACEMENT_3D('',#10690,#10691,#10692);
#10690 = CARTESIAN_POINT('',(48.66,50.54,-4.6E-02));
#10691 = DIRECTION('',(-0.,-0.,-1.));
#10692 = DIRECTION('',(-0.,-1.,0.));
#10693 = ADVANCED_FACE('',(#10694),#10705,.F.);
#10694 = FACE_BOUND('',#10695,.T.);
#10695 = EDGE_LOOP('',(#10696,#10697,#10703,#10704));
#10696 = ORIENTED_EDGE('',*,*,#570,.T.);
#10697 = ORIENTED_EDGE('',*,*,#10698,.T.);
#10698 = EDGE_CURVE('',#571,#5520,#10699,.T.);
#10699 = LINE('',#10700,#10701);
#10700 = CARTESIAN_POINT('',(47.8726,51.2004,-4.6E-02));
#10701 = VECTOR('',#10702,1.);
#10702 = DIRECTION('',(0.,0.,1.));
#10703 = ORIENTED_EDGE('',*,*,#5519,.F.);
#10704 = ORIENTED_EDGE('',*,*,#10698,.F.);
#10705 = CYLINDRICAL_SURFACE('',#10706,0.127);
#10706 = AXIS2_PLACEMENT_3D('',#10707,#10708,#10709);
#10707 = CARTESIAN_POINT('',(47.8726,51.3274,-4.6E-02));
#10708 = DIRECTION('',(-0.,-0.,-1.));
#10709 = DIRECTION('',(-5.594824691025E-14,-1.,0.));
#10710 = ADVANCED_FACE('',(#10711),#10722,.F.);
#10711 = FACE_BOUND('',#10712,.T.);
#10712 = EDGE_LOOP('',(#10713,#10714,#10720,#10721));
#10713 = ORIENTED_EDGE('',*,*,#581,.T.);
#10714 = ORIENTED_EDGE('',*,*,#10715,.T.);
#10715 = EDGE_CURVE('',#582,#5531,#10716,.T.);
#10716 = LINE('',#10717,#10718);
#10717 = CARTESIAN_POINT('',(48.66,51.2004,-4.6E-02));
#10718 = VECTOR('',#10719,1.);
#10719 = DIRECTION('',(0.,0.,1.));
#10720 = ORIENTED_EDGE('',*,*,#5530,.F.);
#10721 = ORIENTED_EDGE('',*,*,#10715,.F.);
#10722 = CYLINDRICAL_SURFACE('',#10723,0.127);
#10723 = AXIS2_PLACEMENT_3D('',#10724,#10725,#10726);
#10724 = CARTESIAN_POINT('',(48.66,51.3274,-4.6E-02));
#10725 = DIRECTION('',(-0.,-0.,-1.));
#10726 = DIRECTION('',(-0.,-1.,0.));
#10727 = ADVANCED_FACE('',(#10728),#10739,.F.);
#10728 = FACE_BOUND('',#10729,.T.);
#10729 = EDGE_LOOP('',(#10730,#10731,#10737,#10738));
#10730 = ORIENTED_EDGE('',*,*,#592,.T.);
#10731 = ORIENTED_EDGE('',*,*,#10732,.T.);
#10732 = EDGE_CURVE('',#593,#5542,#10733,.T.);
#10733 = LINE('',#10734,#10735);
#10734 = CARTESIAN_POINT('',(54.23,44.,-4.6E-02));
#10735 = VECTOR('',#10736,1.);
#10736 = DIRECTION('',(0.,0.,1.));
#10737 = ORIENTED_EDGE('',*,*,#5541,.F.);
#10738 = ORIENTED_EDGE('',*,*,#10732,.F.);
#10739 = CYLINDRICAL_SURFACE('',#10740,0.5);
#10740 = AXIS2_PLACEMENT_3D('',#10741,#10742,#10743);
#10741 = CARTESIAN_POINT('',(54.23,44.5,-4.6E-02));
#10742 = DIRECTION('',(-0.,-0.,-1.));
#10743 = DIRECTION('',(-0.,-1.,0.));
#10744 = ADVANCED_FACE('',(#10745),#10756,.F.);
#10745 = FACE_BOUND('',#10746,.T.);
#10746 = EDGE_LOOP('',(#10747,#10748,#10754,#10755));
#10747 = ORIENTED_EDGE('',*,*,#603,.T.);
#10748 = ORIENTED_EDGE('',*,*,#10749,.T.);
#10749 = EDGE_CURVE('',#604,#5553,#10750,.T.);
#10750 = LINE('',#10751,#10752);
#10751 = CARTESIAN_POINT('',(56.77,44.,-4.6E-02));
#10752 = VECTOR('',#10753,1.);
#10753 = DIRECTION('',(0.,0.,1.));
#10754 = ORIENTED_EDGE('',*,*,#5552,.F.);
#10755 = ORIENTED_EDGE('',*,*,#10749,.F.);
#10756 = CYLINDRICAL_SURFACE('',#10757,0.5);
#10757 = AXIS2_PLACEMENT_3D('',#10758,#10759,#10760);
#10758 = CARTESIAN_POINT('',(56.77,44.5,-4.6E-02));
#10759 = DIRECTION('',(-0.,-0.,-1.));
#10760 = DIRECTION('',(-0.,-1.,0.));
#10761 = ADVANCED_FACE('',(#10762),#10773,.F.);
#10762 = FACE_BOUND('',#10763,.T.);
#10763 = EDGE_LOOP('',(#10764,#10765,#10771,#10772));
#10764 = ORIENTED_EDGE('',*,*,#614,.T.);
#10765 = ORIENTED_EDGE('',*,*,#10766,.T.);
#10766 = EDGE_CURVE('',#615,#5564,#10767,.T.);
#10767 = LINE('',#10768,#10769);
#10768 = CARTESIAN_POINT('',(49.4474,49.6256,-4.6E-02));
#10769 = VECTOR('',#10770,1.);
#10770 = DIRECTION('',(0.,0.,1.));
#10771 = ORIENTED_EDGE('',*,*,#5563,.F.);
#10772 = ORIENTED_EDGE('',*,*,#10766,.F.);
#10773 = CYLINDRICAL_SURFACE('',#10774,0.127);
#10774 = AXIS2_PLACEMENT_3D('',#10775,#10776,#10777);
#10775 = CARTESIAN_POINT('',(49.4474,49.7526,-4.6E-02));
#10776 = DIRECTION('',(-0.,-0.,-1.));
#10777 = DIRECTION('',(-0.,-1.,0.));
#10778 = ADVANCED_FACE('',(#10779),#10790,.F.);
#10779 = FACE_BOUND('',#10780,.T.);
#10780 = EDGE_LOOP('',(#10781,#10782,#10788,#10789));
#10781 = ORIENTED_EDGE('',*,*,#625,.T.);
#10782 = ORIENTED_EDGE('',*,*,#10783,.T.);
#10783 = EDGE_CURVE('',#626,#5575,#10784,.T.);
#10784 = LINE('',#10785,#10786);
#10785 = CARTESIAN_POINT('',(49.4474,50.413,-4.6E-02));
#10786 = VECTOR('',#10787,1.);
#10787 = DIRECTION('',(0.,0.,1.));
#10788 = ORIENTED_EDGE('',*,*,#5574,.F.);
#10789 = ORIENTED_EDGE('',*,*,#10783,.F.);
#10790 = CYLINDRICAL_SURFACE('',#10791,0.127);
#10791 = AXIS2_PLACEMENT_3D('',#10792,#10793,#10794);
#10792 = CARTESIAN_POINT('',(49.4474,50.54,-4.6E-02));
#10793 = DIRECTION('',(-0.,-0.,-1.));
#10794 = DIRECTION('',(-0.,-1.,0.));
#10795 = ADVANCED_FACE('',(#10796),#10807,.F.);
#10796 = FACE_BOUND('',#10797,.T.);
#10797 = EDGE_LOOP('',(#10798,#10799,#10805,#10806));
#10798 = ORIENTED_EDGE('',*,*,#636,.T.);
#10799 = ORIENTED_EDGE('',*,*,#10800,.T.);
#10800 = EDGE_CURVE('',#637,#5586,#10801,.T.);
#10801 = LINE('',#10802,#10803);
#10802 = CARTESIAN_POINT('',(49.4474,51.2004,-4.6E-02));
#10803 = VECTOR('',#10804,1.);
#10804 = DIRECTION('',(0.,0.,1.));
#10805 = ORIENTED_EDGE('',*,*,#5585,.F.);
#10806 = ORIENTED_EDGE('',*,*,#10800,.F.);
#10807 = CYLINDRICAL_SURFACE('',#10808,0.127);
#10808 = AXIS2_PLACEMENT_3D('',#10809,#10810,#10811);
#10809 = CARTESIAN_POINT('',(49.4474,51.3274,-4.6E-02));
#10810 = DIRECTION('',(-0.,-0.,-1.));
#10811 = DIRECTION('',(-0.,-1.,0.));
#10812 = ADVANCED_FACE('',(#10813),#10824,.F.);
#10813 = FACE_BOUND('',#10814,.T.);
#10814 = EDGE_LOOP('',(#10815,#10816,#10822,#10823));
#10815 = ORIENTED_EDGE('',*,*,#647,.T.);
#10816 = ORIENTED_EDGE('',*,*,#10817,.T.);
#10817 = EDGE_CURVE('',#648,#5597,#10818,.T.);
#10818 = LINE('',#10819,#10820);
#10819 = CARTESIAN_POINT('',(39.43,58.95,-4.6E-02));
#10820 = VECTOR('',#10821,1.);
#10821 = DIRECTION('',(0.,0.,1.));
#10822 = ORIENTED_EDGE('',*,*,#5596,.F.);
#10823 = ORIENTED_EDGE('',*,*,#10817,.F.);
#10824 = CYLINDRICAL_SURFACE('',#10825,0.5);
#10825 = AXIS2_PLACEMENT_3D('',#10826,#10827,#10828);
#10826 = CARTESIAN_POINT('',(39.43,59.45,-4.6E-02));
#10827 = DIRECTION('',(-0.,-0.,-1.));
#10828 = DIRECTION('',(-0.,-1.,0.));
#10829 = ADVANCED_FACE('',(#10830),#10841,.F.);
#10830 = FACE_BOUND('',#10831,.T.);
#10831 = EDGE_LOOP('',(#10832,#10833,#10839,#10840));
#10832 = ORIENTED_EDGE('',*,*,#658,.T.);
#10833 = ORIENTED_EDGE('',*,*,#10834,.T.);
#10834 = EDGE_CURVE('',#659,#5608,#10835,.T.);
#10835 = LINE('',#10836,#10837);
#10836 = CARTESIAN_POINT('',(41.97,58.95,-4.6E-02));
#10837 = VECTOR('',#10838,1.);
#10838 = DIRECTION('',(0.,0.,1.));
#10839 = ORIENTED_EDGE('',*,*,#5607,.F.);
#10840 = ORIENTED_EDGE('',*,*,#10834,.F.);
#10841 = CYLINDRICAL_SURFACE('',#10842,0.5);
#10842 = AXIS2_PLACEMENT_3D('',#10843,#10844,#10845);
#10843 = CARTESIAN_POINT('',(41.97,59.45,-4.6E-02));
#10844 = DIRECTION('',(-0.,-0.,-1.));
#10845 = DIRECTION('',(-0.,-1.,0.));
#10846 = ADVANCED_FACE('',(#10847),#10858,.F.);
#10847 = FACE_BOUND('',#10848,.T.);
#10848 = EDGE_LOOP('',(#10849,#10850,#10856,#10857));
#10849 = ORIENTED_EDGE('',*,*,#669,.T.);
#10850 = ORIENTED_EDGE('',*,*,#10851,.T.);
#10851 = EDGE_CURVE('',#670,#5619,#10852,.T.);
#10852 = LINE('',#10853,#10854);
#10853 = CARTESIAN_POINT('',(54.23,59.,-4.6E-02));
#10854 = VECTOR('',#10855,1.);
#10855 = DIRECTION('',(0.,0.,1.));
#10856 = ORIENTED_EDGE('',*,*,#5618,.F.);
#10857 = ORIENTED_EDGE('',*,*,#10851,.F.);
#10858 = CYLINDRICAL_SURFACE('',#10859,0.5);
#10859 = AXIS2_PLACEMENT_3D('',#10860,#10861,#10862);
#10860 = CARTESIAN_POINT('',(54.23,59.5,-4.6E-02));
#10861 = DIRECTION('',(-0.,-0.,-1.));
#10862 = DIRECTION('',(-0.,-1.,0.));
#10863 = ADVANCED_FACE('',(#10864),#10875,.F.);
#10864 = FACE_BOUND('',#10865,.T.);
#10865 = EDGE_LOOP('',(#10866,#10867,#10873,#10874));
#10866 = ORIENTED_EDGE('',*,*,#680,.T.);
#10867 = ORIENTED_EDGE('',*,*,#10868,.T.);
#10868 = EDGE_CURVE('',#681,#5630,#10869,.T.);
#10869 = LINE('',#10870,#10871);
#10870 = CARTESIAN_POINT('',(56.77,59.,-4.6E-02));
#10871 = VECTOR('',#10872,1.);
#10872 = DIRECTION('',(0.,0.,1.));
#10873 = ORIENTED_EDGE('',*,*,#5629,.F.);
#10874 = ORIENTED_EDGE('',*,*,#10868,.F.);
#10875 = CYLINDRICAL_SURFACE('',#10876,0.5);
#10876 = AXIS2_PLACEMENT_3D('',#10877,#10878,#10879);
#10877 = CARTESIAN_POINT('',(56.77,59.5,-4.6E-02));
#10878 = DIRECTION('',(-0.,-0.,-1.));
#10879 = DIRECTION('',(-0.,-1.,0.));
#10880 = ADVANCED_FACE('',(#10881),#10892,.F.);
#10881 = FACE_BOUND('',#10882,.T.);
#10882 = EDGE_LOOP('',(#10883,#10884,#10890,#10891));
#10883 = ORIENTED_EDGE('',*,*,#691,.T.);
#10884 = ORIENTED_EDGE('',*,*,#10885,.T.);
#10885 = EDGE_CURVE('',#692,#5641,#10886,.T.);
#10886 = LINE('',#10887,#10888);
#10887 = CARTESIAN_POINT('',(58.72,72.862,-4.6E-02));
#10888 = VECTOR('',#10889,1.);
#10889 = DIRECTION('',(0.,0.,1.));
#10890 = ORIENTED_EDGE('',*,*,#5640,.F.);
#10891 = ORIENTED_EDGE('',*,*,#10885,.F.);
#10892 = CYLINDRICAL_SURFACE('',#10893,0.508);
#10893 = AXIS2_PLACEMENT_3D('',#10894,#10895,#10896);
#10894 = CARTESIAN_POINT('',(58.72,73.37,-4.6E-02));
#10895 = DIRECTION('',(-0.,-0.,-1.));
#10896 = DIRECTION('',(-0.,-1.,0.));
#10897 = ADVANCED_FACE('',(#10898),#10909,.F.);
#10898 = FACE_BOUND('',#10899,.T.);
#10899 = EDGE_LOOP('',(#10900,#10901,#10907,#10908));
#10900 = ORIENTED_EDGE('',*,*,#702,.T.);
#10901 = ORIENTED_EDGE('',*,*,#10902,.T.);
#10902 = EDGE_CURVE('',#703,#5652,#10903,.T.);
#10903 = LINE('',#10904,#10905);
#10904 = CARTESIAN_POINT('',(58.72,75.402,-4.6E-02));
#10905 = VECTOR('',#10906,1.);
#10906 = DIRECTION('',(0.,0.,1.));
#10907 = ORIENTED_EDGE('',*,*,#5651,.F.);
#10908 = ORIENTED_EDGE('',*,*,#10902,.F.);
#10909 = CYLINDRICAL_SURFACE('',#10910,0.508);
#10910 = AXIS2_PLACEMENT_3D('',#10911,#10912,#10913);
#10911 = CARTESIAN_POINT('',(58.72,75.91,-4.6E-02));
#10912 = DIRECTION('',(-0.,-0.,-1.));
#10913 = DIRECTION('',(-0.,-1.,0.));
#10914 = ADVANCED_FACE('',(#10915),#10926,.F.);
#10915 = FACE_BOUND('',#10916,.T.);
#10916 = EDGE_LOOP('',(#10917,#10918,#10924,#10925));
#10917 = ORIENTED_EDGE('',*,*,#713,.T.);
#10918 = ORIENTED_EDGE('',*,*,#10919,.T.);
#10919 = EDGE_CURVE('',#714,#5663,#10920,.T.);
#10920 = LINE('',#10921,#10922);
#10921 = CARTESIAN_POINT('',(69.13,14.2,-4.6E-02));
#10922 = VECTOR('',#10923,1.);
#10923 = DIRECTION('',(0.,0.,1.));
#10924 = ORIENTED_EDGE('',*,*,#5662,.F.);
#10925 = ORIENTED_EDGE('',*,*,#10919,.F.);
#10926 = CYLINDRICAL_SURFACE('',#10927,0.5);
#10927 = AXIS2_PLACEMENT_3D('',#10928,#10929,#10930);
#10928 = CARTESIAN_POINT('',(69.13,14.7,-4.6E-02));
#10929 = DIRECTION('',(-0.,-0.,-1.));
#10930 = DIRECTION('',(-0.,-1.,0.));
#10931 = ADVANCED_FACE('',(#10932),#10943,.F.);
#10932 = FACE_BOUND('',#10933,.T.);
#10933 = EDGE_LOOP('',(#10934,#10935,#10941,#10942));
#10934 = ORIENTED_EDGE('',*,*,#724,.T.);
#10935 = ORIENTED_EDGE('',*,*,#10936,.T.);
#10936 = EDGE_CURVE('',#725,#5674,#10937,.T.);
#10937 = LINE('',#10938,#10939);
#10938 = CARTESIAN_POINT('',(71.67,14.2,-4.6E-02));
#10939 = VECTOR('',#10940,1.);
#10940 = DIRECTION('',(0.,0.,1.));
#10941 = ORIENTED_EDGE('',*,*,#5673,.F.);
#10942 = ORIENTED_EDGE('',*,*,#10936,.F.);
#10943 = CYLINDRICAL_SURFACE('',#10944,0.5);
#10944 = AXIS2_PLACEMENT_3D('',#10945,#10946,#10947);
#10945 = CARTESIAN_POINT('',(71.67,14.7,-4.6E-02));
#10946 = DIRECTION('',(-0.,-0.,-1.));
#10947 = DIRECTION('',(-0.,-1.,0.));
#10948 = ADVANCED_FACE('',(#10949),#10960,.F.);
#10949 = FACE_BOUND('',#10950,.T.);
#10950 = EDGE_LOOP('',(#10951,#10952,#10958,#10959));
#10951 = ORIENTED_EDGE('',*,*,#735,.T.);
#10952 = ORIENTED_EDGE('',*,*,#10953,.T.);
#10953 = EDGE_CURVE('',#736,#5685,#10954,.T.);
#10954 = LINE('',#10955,#10956);
#10955 = CARTESIAN_POINT('',(82.594834,19.522253,-4.6E-02));
#10956 = VECTOR('',#10957,1.);
#10957 = DIRECTION('',(0.,0.,1.));
#10958 = ORIENTED_EDGE('',*,*,#5684,.F.);
#10959 = ORIENTED_EDGE('',*,*,#10953,.F.);
#10960 = CYLINDRICAL_SURFACE('',#10961,0.5);
#10961 = AXIS2_PLACEMENT_3D('',#10962,#10963,#10964);
#10962 = CARTESIAN_POINT('',(82.594834,20.022253,-4.6E-02));
#10963 = DIRECTION('',(-0.,-0.,-1.));
#10964 = DIRECTION('',(-0.,-1.,0.));
#10965 = ADVANCED_FACE('',(#10966),#10977,.F.);
#10966 = FACE_BOUND('',#10967,.T.);
#10967 = EDGE_LOOP('',(#10968,#10969,#10975,#10976));
#10968 = ORIENTED_EDGE('',*,*,#746,.T.);
#10969 = ORIENTED_EDGE('',*,*,#10970,.T.);
#10970 = EDGE_CURVE('',#747,#5696,#10971,.T.);
#10971 = LINE('',#10972,#10973);
#10972 = CARTESIAN_POINT('',(85.134834,19.522253,-4.6E-02));
#10973 = VECTOR('',#10974,1.);
#10974 = DIRECTION('',(0.,0.,1.));
#10975 = ORIENTED_EDGE('',*,*,#5695,.F.);
#10976 = ORIENTED_EDGE('',*,*,#10970,.F.);
#10977 = CYLINDRICAL_SURFACE('',#10978,0.5);
#10978 = AXIS2_PLACEMENT_3D('',#10979,#10980,#10981);
#10979 = CARTESIAN_POINT('',(85.134834,20.022253,-4.6E-02));
#10980 = DIRECTION('',(-0.,-0.,-1.));
#10981 = DIRECTION('',(-0.,-1.,0.));
#10982 = ADVANCED_FACE('',(#10983),#10994,.F.);
#10983 = FACE_BOUND('',#10984,.T.);
#10984 = EDGE_LOOP('',(#10985,#10986,#10992,#10993));
#10985 = ORIENTED_EDGE('',*,*,#757,.T.);
#10986 = ORIENTED_EDGE('',*,*,#10987,.T.);
#10987 = EDGE_CURVE('',#758,#5707,#10988,.T.);
#10988 = LINE('',#10989,#10990);
#10989 = CARTESIAN_POINT('',(87.674834,19.522253,-4.6E-02));
#10990 = VECTOR('',#10991,1.);
#10991 = DIRECTION('',(0.,0.,1.));
#10992 = ORIENTED_EDGE('',*,*,#5706,.F.);
#10993 = ORIENTED_EDGE('',*,*,#10987,.F.);
#10994 = CYLINDRICAL_SURFACE('',#10995,0.5);
#10995 = AXIS2_PLACEMENT_3D('',#10996,#10997,#10998);
#10996 = CARTESIAN_POINT('',(87.674834,20.022253,-4.6E-02));
#10997 = DIRECTION('',(-0.,-0.,-1.));
#10998 = DIRECTION('',(-0.,-1.,0.));
#10999 = ADVANCED_FACE('',(#11000),#11011,.F.);
#11000 = FACE_BOUND('',#11001,.T.);
#11001 = EDGE_LOOP('',(#11002,#11003,#11009,#11010));
#11002 = ORIENTED_EDGE('',*,*,#768,.T.);
#11003 = ORIENTED_EDGE('',*,*,#11004,.T.);
#11004 = EDGE_CURVE('',#769,#5718,#11005,.T.);
#11005 = LINE('',#11006,#11007);
#11006 = CARTESIAN_POINT('',(92.443334,19.441656,-4.6E-02));
#11007 = VECTOR('',#11008,1.);
#11008 = DIRECTION('',(0.,0.,1.));
#11009 = ORIENTED_EDGE('',*,*,#5717,.F.);
#11010 = ORIENTED_EDGE('',*,*,#11004,.F.);
#11011 = CYLINDRICAL_SURFACE('',#11012,0.5);
#11012 = AXIS2_PLACEMENT_3D('',#11013,#11014,#11015);
#11013 = CARTESIAN_POINT('',(92.443334,19.941656,-4.6E-02));
#11014 = DIRECTION('',(-0.,-0.,-1.));
#11015 = DIRECTION('',(-0.,-1.,0.));
#11016 = ADVANCED_FACE('',(#11017),#11028,.F.);
#11017 = FACE_BOUND('',#11018,.T.);
#11018 = EDGE_LOOP('',(#11019,#11020,#11026,#11027));
#11019 = ORIENTED_EDGE('',*,*,#779,.T.);
#11020 = ORIENTED_EDGE('',*,*,#11021,.T.);
#11021 = EDGE_CURVE('',#780,#5729,#11022,.T.);
#11022 = LINE('',#11023,#11024);
#11023 = CARTESIAN_POINT('',(94.983334,19.441656,-4.6E-02));
#11024 = VECTOR('',#11025,1.);
#11025 = DIRECTION('',(0.,0.,1.));
#11026 = ORIENTED_EDGE('',*,*,#5728,.F.);
#11027 = ORIENTED_EDGE('',*,*,#11021,.F.);
#11028 = CYLINDRICAL_SURFACE('',#11029,0.5);
#11029 = AXIS2_PLACEMENT_3D('',#11030,#11031,#11032);
#11030 = CARTESIAN_POINT('',(94.983334,19.941656,-4.6E-02));
#11031 = DIRECTION('',(-0.,-0.,-1.));
#11032 = DIRECTION('',(-0.,-1.,0.));
#11033 = ADVANCED_FACE('',(#11034),#11045,.F.);
#11034 = FACE_BOUND('',#11035,.T.);
#11035 = EDGE_LOOP('',(#11036,#11037,#11043,#11044));
#11036 = ORIENTED_EDGE('',*,*,#790,.T.);
#11037 = ORIENTED_EDGE('',*,*,#11038,.T.);
#11038 = EDGE_CURVE('',#791,#5740,#11039,.T.);
#11039 = LINE('',#11040,#11041);
#11040 = CARTESIAN_POINT('',(69.13,29.2,-4.6E-02));
#11041 = VECTOR('',#11042,1.);
#11042 = DIRECTION('',(0.,0.,1.));
#11043 = ORIENTED_EDGE('',*,*,#5739,.F.);
#11044 = ORIENTED_EDGE('',*,*,#11038,.F.);
#11045 = CYLINDRICAL_SURFACE('',#11046,0.5);
#11046 = AXIS2_PLACEMENT_3D('',#11047,#11048,#11049);
#11047 = CARTESIAN_POINT('',(69.13,29.7,-4.6E-02));
#11048 = DIRECTION('',(-0.,-0.,-1.));
#11049 = DIRECTION('',(-0.,-1.,0.));
#11050 = ADVANCED_FACE('',(#11051),#11062,.F.);
#11051 = FACE_BOUND('',#11052,.T.);
#11052 = EDGE_LOOP('',(#11053,#11054,#11060,#11061));
#11053 = ORIENTED_EDGE('',*,*,#801,.T.);
#11054 = ORIENTED_EDGE('',*,*,#11055,.T.);
#11055 = EDGE_CURVE('',#802,#5751,#11056,.T.);
#11056 = LINE('',#11057,#11058);
#11057 = CARTESIAN_POINT('',(71.67,29.2,-4.6E-02));
#11058 = VECTOR('',#11059,1.);
#11059 = DIRECTION('',(0.,0.,1.));
#11060 = ORIENTED_EDGE('',*,*,#5750,.F.);
#11061 = ORIENTED_EDGE('',*,*,#11055,.F.);
#11062 = CYLINDRICAL_SURFACE('',#11063,0.5);
#11063 = AXIS2_PLACEMENT_3D('',#11064,#11065,#11066);
#11064 = CARTESIAN_POINT('',(71.67,29.7,-4.6E-02));
#11065 = DIRECTION('',(-0.,-0.,-1.));
#11066 = DIRECTION('',(-0.,-1.,0.));
#11067 = ADVANCED_FACE('',(#11068),#11079,.F.);
#11068 = FACE_BOUND('',#11069,.T.);
#11069 = EDGE_LOOP('',(#11070,#11071,#11077,#11078));
#11070 = ORIENTED_EDGE('',*,*,#812,.T.);
#11071 = ORIENTED_EDGE('',*,*,#11072,.T.);
#11072 = EDGE_CURVE('',#813,#5762,#11073,.T.);
#11073 = LINE('',#11074,#11075);
#11074 = CARTESIAN_POINT('',(97.523334,19.441656,-4.6E-02));
#11075 = VECTOR('',#11076,1.);
#11076 = DIRECTION('',(0.,0.,1.));
#11077 = ORIENTED_EDGE('',*,*,#5761,.F.);
#11078 = ORIENTED_EDGE('',*,*,#11072,.F.);
#11079 = CYLINDRICAL_SURFACE('',#11080,0.5);
#11080 = AXIS2_PLACEMENT_3D('',#11081,#11082,#11083);
#11081 = CARTESIAN_POINT('',(97.523334,19.941656,-4.6E-02));
#11082 = DIRECTION('',(-0.,-0.,-1.));
#11083 = DIRECTION('',(-0.,-1.,0.));
#11084 = ADVANCED_FACE('',(#11085),#11096,.F.);
#11085 = FACE_BOUND('',#11086,.T.);
#11086 = EDGE_LOOP('',(#11087,#11088,#11094,#11095));
#11087 = ORIENTED_EDGE('',*,*,#823,.T.);
#11088 = ORIENTED_EDGE('',*,*,#11089,.T.);
#11089 = EDGE_CURVE('',#824,#5773,#11090,.T.);
#11090 = LINE('',#11091,#11092);
#11091 = CARTESIAN_POINT('',(102.523256,19.36345,-4.6E-02));
#11092 = VECTOR('',#11093,1.);
#11093 = DIRECTION('',(0.,0.,1.));
#11094 = ORIENTED_EDGE('',*,*,#5772,.F.);
#11095 = ORIENTED_EDGE('',*,*,#11089,.F.);
#11096 = CYLINDRICAL_SURFACE('',#11097,0.5);
#11097 = AXIS2_PLACEMENT_3D('',#11098,#11099,#11100);
#11098 = CARTESIAN_POINT('',(102.523256,19.86345,-4.6E-02));
#11099 = DIRECTION('',(-0.,-0.,-1.));
#11100 = DIRECTION('',(-0.,-1.,0.));
#11101 = ADVANCED_FACE('',(#11102),#11113,.F.);
#11102 = FACE_BOUND('',#11103,.T.);
#11103 = EDGE_LOOP('',(#11104,#11105,#11111,#11112));
#11104 = ORIENTED_EDGE('',*,*,#834,.T.);
#11105 = ORIENTED_EDGE('',*,*,#11106,.T.);
#11106 = EDGE_CURVE('',#835,#5784,#11107,.T.);
#11107 = LINE('',#11108,#11109);
#11108 = CARTESIAN_POINT('',(105.063256,19.36345,-4.6E-02));
#11109 = VECTOR('',#11110,1.);
#11110 = DIRECTION('',(0.,0.,1.));
#11111 = ORIENTED_EDGE('',*,*,#5783,.F.);
#11112 = ORIENTED_EDGE('',*,*,#11106,.F.);
#11113 = CYLINDRICAL_SURFACE('',#11114,0.5);
#11114 = AXIS2_PLACEMENT_3D('',#11115,#11116,#11117);
#11115 = CARTESIAN_POINT('',(105.063256,19.86345,-4.6E-02));
#11116 = DIRECTION('',(-0.,-0.,-1.));
#11117 = DIRECTION('',(-0.,-1.,0.));
#11118 = ADVANCED_FACE('',(#11119),#11130,.F.);
#11119 = FACE_BOUND('',#11120,.T.);
#11120 = EDGE_LOOP('',(#11121,#11122,#11128,#11129));
#11121 = ORIENTED_EDGE('',*,*,#845,.T.);
#11122 = ORIENTED_EDGE('',*,*,#11123,.T.);
#11123 = EDGE_CURVE('',#846,#5795,#11124,.T.);
#11124 = LINE('',#11125,#11126);
#11125 = CARTESIAN_POINT('',(107.603256,19.36345,-4.6E-02));
#11126 = VECTOR('',#11127,1.);
#11127 = DIRECTION('',(0.,0.,1.));
#11128 = ORIENTED_EDGE('',*,*,#5794,.F.);
#11129 = ORIENTED_EDGE('',*,*,#11123,.F.);
#11130 = CYLINDRICAL_SURFACE('',#11131,0.5);
#11131 = AXIS2_PLACEMENT_3D('',#11132,#11133,#11134);
#11132 = CARTESIAN_POINT('',(107.603256,19.86345,-4.6E-02));
#11133 = DIRECTION('',(-0.,-0.,-1.));
#11134 = DIRECTION('',(-0.,-1.,0.));
#11135 = ADVANCED_FACE('',(#11136),#11147,.F.);
#11136 = FACE_BOUND('',#11137,.T.);
#11137 = EDGE_LOOP('',(#11138,#11139,#11145,#11146));
#11138 = ORIENTED_EDGE('',*,*,#856,.T.);
#11139 = ORIENTED_EDGE('',*,*,#11140,.T.);
#11140 = EDGE_CURVE('',#857,#5806,#11141,.T.);
#11141 = LINE('',#11142,#11143);
#11142 = CARTESIAN_POINT('',(112.310165,19.42435,-4.6E-02));
#11143 = VECTOR('',#11144,1.);
#11144 = DIRECTION('',(0.,0.,1.));
#11145 = ORIENTED_EDGE('',*,*,#5805,.F.);
#11146 = ORIENTED_EDGE('',*,*,#11140,.F.);
#11147 = CYLINDRICAL_SURFACE('',#11148,0.5);
#11148 = AXIS2_PLACEMENT_3D('',#11149,#11150,#11151);
#11149 = CARTESIAN_POINT('',(112.310165,19.92435,-4.6E-02));
#11150 = DIRECTION('',(-0.,-0.,-1.));
#11151 = DIRECTION('',(-0.,-1.,0.));
#11152 = ADVANCED_FACE('',(#11153),#11164,.F.);
#11153 = FACE_BOUND('',#11154,.T.);
#11154 = EDGE_LOOP('',(#11155,#11156,#11162,#11163));
#11155 = ORIENTED_EDGE('',*,*,#867,.T.);
#11156 = ORIENTED_EDGE('',*,*,#11157,.T.);
#11157 = EDGE_CURVE('',#868,#5817,#11158,.T.);
#11158 = LINE('',#11159,#11160);
#11159 = CARTESIAN_POINT('',(114.850165,19.42435,-4.6E-02));
#11160 = VECTOR('',#11161,1.);
#11161 = DIRECTION('',(0.,0.,1.));
#11162 = ORIENTED_EDGE('',*,*,#5816,.F.);
#11163 = ORIENTED_EDGE('',*,*,#11157,.F.);
#11164 = CYLINDRICAL_SURFACE('',#11165,0.5);
#11165 = AXIS2_PLACEMENT_3D('',#11166,#11167,#11168);
#11166 = CARTESIAN_POINT('',(114.850165,19.92435,-4.6E-02));
#11167 = DIRECTION('',(-0.,-0.,-1.));
#11168 = DIRECTION('',(-0.,-1.,0.));
#11169 = ADVANCED_FACE('',(#11170),#11181,.F.);
#11170 = FACE_BOUND('',#11171,.T.);
#11171 = EDGE_LOOP('',(#11172,#11173,#11179,#11180));
#11172 = ORIENTED_EDGE('',*,*,#878,.T.);
#11173 = ORIENTED_EDGE('',*,*,#11174,.T.);
#11174 = EDGE_CURVE('',#879,#5828,#11175,.T.);
#11175 = LINE('',#11176,#11177);
#11176 = CARTESIAN_POINT('',(117.390165,19.42435,-4.6E-02));
#11177 = VECTOR('',#11178,1.);
#11178 = DIRECTION('',(0.,0.,1.));
#11179 = ORIENTED_EDGE('',*,*,#5827,.F.);
#11180 = ORIENTED_EDGE('',*,*,#11174,.F.);
#11181 = CYLINDRICAL_SURFACE('',#11182,0.5);
#11182 = AXIS2_PLACEMENT_3D('',#11183,#11184,#11185);
#11183 = CARTESIAN_POINT('',(117.390165,19.92435,-4.6E-02));
#11184 = DIRECTION('',(-0.,-0.,-1.));
#11185 = DIRECTION('',(-0.,-1.,0.));
#11186 = ADVANCED_FACE('',(#11187),#11198,.F.);
#11187 = FACE_BOUND('',#11188,.T.);
#11188 = EDGE_LOOP('',(#11189,#11190,#11196,#11197));
#11189 = ORIENTED_EDGE('',*,*,#889,.T.);
#11190 = ORIENTED_EDGE('',*,*,#11191,.T.);
#11191 = EDGE_CURVE('',#890,#5839,#11192,.T.);
#11192 = LINE('',#11193,#11194);
#11193 = CARTESIAN_POINT('',(69.23,44.,-4.6E-02));
#11194 = VECTOR('',#11195,1.);
#11195 = DIRECTION('',(0.,0.,1.));
#11196 = ORIENTED_EDGE('',*,*,#5838,.F.);
#11197 = ORIENTED_EDGE('',*,*,#11191,.F.);
#11198 = CYLINDRICAL_SURFACE('',#11199,0.5);
#11199 = AXIS2_PLACEMENT_3D('',#11200,#11201,#11202);
#11200 = CARTESIAN_POINT('',(69.23,44.5,-4.6E-02));
#11201 = DIRECTION('',(-0.,-0.,-1.));
#11202 = DIRECTION('',(-0.,-1.,0.));
#11203 = ADVANCED_FACE('',(#11204),#11215,.F.);
#11204 = FACE_BOUND('',#11205,.T.);
#11205 = EDGE_LOOP('',(#11206,#11207,#11213,#11214));
#11206 = ORIENTED_EDGE('',*,*,#900,.T.);
#11207 = ORIENTED_EDGE('',*,*,#11208,.T.);
#11208 = EDGE_CURVE('',#901,#5850,#11209,.T.);
#11209 = LINE('',#11210,#11211);
#11210 = CARTESIAN_POINT('',(71.77,44.,-4.6E-02));
#11211 = VECTOR('',#11212,1.);
#11212 = DIRECTION('',(0.,0.,1.));
#11213 = ORIENTED_EDGE('',*,*,#5849,.F.);
#11214 = ORIENTED_EDGE('',*,*,#11208,.F.);
#11215 = CYLINDRICAL_SURFACE('',#11216,0.5);
#11216 = AXIS2_PLACEMENT_3D('',#11217,#11218,#11219);
#11217 = CARTESIAN_POINT('',(71.77,44.5,-4.6E-02));
#11218 = DIRECTION('',(-0.,-0.,-1.));
#11219 = DIRECTION('',(-0.,-1.,0.));
#11220 = ADVANCED_FACE('',(#11221),#11232,.F.);
#11221 = FACE_BOUND('',#11222,.T.);
#11222 = EDGE_LOOP('',(#11223,#11224,#11230,#11231));
#11223 = ORIENTED_EDGE('',*,*,#911,.T.);
#11224 = ORIENTED_EDGE('',*,*,#11225,.T.);
#11225 = EDGE_CURVE('',#912,#5861,#11226,.T.);
#11226 = LINE('',#11227,#11228);
#11227 = CARTESIAN_POINT('',(82.33489,54.583209,-4.6E-02));
#11228 = VECTOR('',#11229,1.);
#11229 = DIRECTION('',(0.,0.,1.));
#11230 = ORIENTED_EDGE('',*,*,#5860,.F.);
#11231 = ORIENTED_EDGE('',*,*,#11225,.F.);
#11232 = CYLINDRICAL_SURFACE('',#11233,0.5);
#11233 = AXIS2_PLACEMENT_3D('',#11234,#11235,#11236);
#11234 = CARTESIAN_POINT('',(82.33489,55.083209,-4.6E-02));
#11235 = DIRECTION('',(-0.,-0.,-1.));
#11236 = DIRECTION('',(-0.,-1.,0.));
#11237 = ADVANCED_FACE('',(#11238),#11249,.F.);
#11238 = FACE_BOUND('',#11239,.T.);
#11239 = EDGE_LOOP('',(#11240,#11241,#11247,#11248));
#11240 = ORIENTED_EDGE('',*,*,#922,.T.);
#11241 = ORIENTED_EDGE('',*,*,#11242,.T.);
#11242 = EDGE_CURVE('',#923,#5872,#11243,.T.);
#11243 = LINE('',#11244,#11245);
#11244 = CARTESIAN_POINT('',(84.87489,54.583209,-4.6E-02));
#11245 = VECTOR('',#11246,1.);
#11246 = DIRECTION('',(0.,0.,1.));
#11247 = ORIENTED_EDGE('',*,*,#5871,.F.);
#11248 = ORIENTED_EDGE('',*,*,#11242,.F.);
#11249 = CYLINDRICAL_SURFACE('',#11250,0.5);
#11250 = AXIS2_PLACEMENT_3D('',#11251,#11252,#11253);
#11251 = CARTESIAN_POINT('',(84.87489,55.083209,-4.6E-02));
#11252 = DIRECTION('',(-0.,-0.,-1.));
#11253 = DIRECTION('',(-0.,-1.,0.));
#11254 = ADVANCED_FACE('',(#11255),#11266,.F.);
#11255 = FACE_BOUND('',#11256,.T.);
#11256 = EDGE_LOOP('',(#11257,#11258,#11264,#11265));
#11257 = ORIENTED_EDGE('',*,*,#933,.T.);
#11258 = ORIENTED_EDGE('',*,*,#11259,.T.);
#11259 = EDGE_CURVE('',#934,#5883,#11260,.T.);
#11260 = LINE('',#11261,#11262);
#11261 = CARTESIAN_POINT('',(87.41489,54.583209,-4.6E-02));
#11262 = VECTOR('',#11263,1.);
#11263 = DIRECTION('',(0.,0.,1.));
#11264 = ORIENTED_EDGE('',*,*,#5882,.F.);
#11265 = ORIENTED_EDGE('',*,*,#11259,.F.);
#11266 = CYLINDRICAL_SURFACE('',#11267,0.5);
#11267 = AXIS2_PLACEMENT_3D('',#11268,#11269,#11270);
#11268 = CARTESIAN_POINT('',(87.41489,55.083209,-4.6E-02));
#11269 = DIRECTION('',(-0.,-0.,-1.));
#11270 = DIRECTION('',(-0.,-1.,0.));
#11271 = ADVANCED_FACE('',(#11272),#11283,.F.);
#11272 = FACE_BOUND('',#11273,.T.);
#11273 = EDGE_LOOP('',(#11274,#11275,#11281,#11282));
#11274 = ORIENTED_EDGE('',*,*,#944,.T.);
#11275 = ORIENTED_EDGE('',*,*,#11276,.T.);
#11276 = EDGE_CURVE('',#945,#5894,#11277,.T.);
#11277 = LINE('',#11278,#11279);
#11278 = CARTESIAN_POINT('',(92.294228,54.57385,-4.6E-02));
#11279 = VECTOR('',#11280,1.);
#11280 = DIRECTION('',(0.,0.,1.));
#11281 = ORIENTED_EDGE('',*,*,#5893,.F.);
#11282 = ORIENTED_EDGE('',*,*,#11276,.F.);
#11283 = CYLINDRICAL_SURFACE('',#11284,0.5);
#11284 = AXIS2_PLACEMENT_3D('',#11285,#11286,#11287);
#11285 = CARTESIAN_POINT('',(92.294228,55.07385,-4.6E-02));
#11286 = DIRECTION('',(-0.,-0.,-1.));
#11287 = DIRECTION('',(-0.,-1.,0.));
#11288 = ADVANCED_FACE('',(#11289),#11300,.F.);
#11289 = FACE_BOUND('',#11290,.T.);
#11290 = EDGE_LOOP('',(#11291,#11292,#11298,#11299));
#11291 = ORIENTED_EDGE('',*,*,#955,.T.);
#11292 = ORIENTED_EDGE('',*,*,#11293,.T.);
#11293 = EDGE_CURVE('',#956,#5905,#11294,.T.);
#11294 = LINE('',#11295,#11296);
#11295 = CARTESIAN_POINT('',(94.834228,54.57385,-4.6E-02));
#11296 = VECTOR('',#11297,1.);
#11297 = DIRECTION('',(0.,0.,1.));
#11298 = ORIENTED_EDGE('',*,*,#5904,.F.);
#11299 = ORIENTED_EDGE('',*,*,#11293,.F.);
#11300 = CYLINDRICAL_SURFACE('',#11301,0.5);
#11301 = AXIS2_PLACEMENT_3D('',#11302,#11303,#11304);
#11302 = CARTESIAN_POINT('',(94.834228,55.07385,-4.6E-02));
#11303 = DIRECTION('',(-0.,-0.,-1.));
#11304 = DIRECTION('',(-0.,-1.,0.));
#11305 = ADVANCED_FACE('',(#11306),#11317,.F.);
#11306 = FACE_BOUND('',#11307,.T.);
#11307 = EDGE_LOOP('',(#11308,#11309,#11315,#11316));
#11308 = ORIENTED_EDGE('',*,*,#966,.T.);
#11309 = ORIENTED_EDGE('',*,*,#11310,.T.);
#11310 = EDGE_CURVE('',#967,#5916,#11311,.T.);
#11311 = LINE('',#11312,#11313);
#11312 = CARTESIAN_POINT('',(69.23,59.,-4.6E-02));
#11313 = VECTOR('',#11314,1.);
#11314 = DIRECTION('',(0.,0.,1.));
#11315 = ORIENTED_EDGE('',*,*,#5915,.F.);
#11316 = ORIENTED_EDGE('',*,*,#11310,.F.);
#11317 = CYLINDRICAL_SURFACE('',#11318,0.5);
#11318 = AXIS2_PLACEMENT_3D('',#11319,#11320,#11321);
#11319 = CARTESIAN_POINT('',(69.23,59.5,-4.6E-02));
#11320 = DIRECTION('',(-0.,-0.,-1.));
#11321 = DIRECTION('',(-0.,-1.,0.));
#11322 = ADVANCED_FACE('',(#11323),#11334,.F.);
#11323 = FACE_BOUND('',#11324,.T.);
#11324 = EDGE_LOOP('',(#11325,#11326,#11332,#11333));
#11325 = ORIENTED_EDGE('',*,*,#977,.T.);
#11326 = ORIENTED_EDGE('',*,*,#11327,.T.);
#11327 = EDGE_CURVE('',#978,#5927,#11328,.T.);
#11328 = LINE('',#11329,#11330);
#11329 = CARTESIAN_POINT('',(71.77,59.,-4.6E-02));
#11330 = VECTOR('',#11331,1.);
#11331 = DIRECTION('',(0.,0.,1.));
#11332 = ORIENTED_EDGE('',*,*,#5926,.F.);
#11333 = ORIENTED_EDGE('',*,*,#11327,.F.);
#11334 = CYLINDRICAL_SURFACE('',#11335,0.5);
#11335 = AXIS2_PLACEMENT_3D('',#11336,#11337,#11338);
#11336 = CARTESIAN_POINT('',(71.77,59.5,-4.6E-02));
#11337 = DIRECTION('',(-0.,-0.,-1.));
#11338 = DIRECTION('',(-0.,-1.,0.));
#11339 = ADVANCED_FACE('',(#11340),#11351,.F.);
#11340 = FACE_BOUND('',#11341,.T.);
#11341 = EDGE_LOOP('',(#11342,#11343,#11349,#11350));
#11342 = ORIENTED_EDGE('',*,*,#988,.T.);
#11343 = ORIENTED_EDGE('',*,*,#11344,.T.);
#11344 = EDGE_CURVE('',#989,#5938,#11345,.T.);
#11345 = LINE('',#11346,#11347);
#11346 = CARTESIAN_POINT('',(64.92,75.362,-4.6E-02));
#11347 = VECTOR('',#11348,1.);
#11348 = DIRECTION('',(0.,0.,1.));
#11349 = ORIENTED_EDGE('',*,*,#5937,.F.);
#11350 = ORIENTED_EDGE('',*,*,#11344,.F.);
#11351 = CYLINDRICAL_SURFACE('',#11352,0.508);
#11352 = AXIS2_PLACEMENT_3D('',#11353,#11354,#11355);
#11353 = CARTESIAN_POINT('',(64.92,75.87,-4.6E-02));
#11354 = DIRECTION('',(-0.,-0.,-1.));
#11355 = DIRECTION('',(-0.,-1.,0.));
#11356 = ADVANCED_FACE('',(#11357),#11368,.F.);
#11357 = FACE_BOUND('',#11358,.T.);
#11358 = EDGE_LOOP('',(#11359,#11360,#11366,#11367));
#11359 = ORIENTED_EDGE('',*,*,#999,.T.);
#11360 = ORIENTED_EDGE('',*,*,#11361,.T.);
#11361 = EDGE_CURVE('',#1000,#5949,#11362,.T.);
#11362 = LINE('',#11363,#11364);
#11363 = CARTESIAN_POINT('',(70.47,75.292,-4.6E-02));
#11364 = VECTOR('',#11365,1.);
#11365 = DIRECTION('',(0.,0.,1.));
#11366 = ORIENTED_EDGE('',*,*,#5948,.F.);
#11367 = ORIENTED_EDGE('',*,*,#11361,.F.);
#11368 = CYLINDRICAL_SURFACE('',#11369,0.508);
#11369 = AXIS2_PLACEMENT_3D('',#11370,#11371,#11372);
#11370 = CARTESIAN_POINT('',(70.47,75.8,-4.6E-02));
#11371 = DIRECTION('',(-0.,-0.,-1.));
#11372 = DIRECTION('',(-0.,-1.,0.));
#11373 = ADVANCED_FACE('',(#11374),#11385,.F.);
#11374 = FACE_BOUND('',#11375,.T.);
#11375 = EDGE_LOOP('',(#11376,#11377,#11383,#11384));
#11376 = ORIENTED_EDGE('',*,*,#1010,.T.);
#11377 = ORIENTED_EDGE('',*,*,#11378,.T.);
#11378 = EDGE_CURVE('',#1011,#5960,#11379,.T.);
#11379 = LINE('',#11380,#11381);
#11380 = CARTESIAN_POINT('',(97.374228,54.57385,-4.6E-02));
#11381 = VECTOR('',#11382,1.);
#11382 = DIRECTION('',(0.,0.,1.));
#11383 = ORIENTED_EDGE('',*,*,#5959,.F.);
#11384 = ORIENTED_EDGE('',*,*,#11378,.F.);
#11385 = CYLINDRICAL_SURFACE('',#11386,0.5);
#11386 = AXIS2_PLACEMENT_3D('',#11387,#11388,#11389);
#11387 = CARTESIAN_POINT('',(97.374228,55.07385,-4.6E-02));
#11388 = DIRECTION('',(-0.,-0.,-1.));
#11389 = DIRECTION('',(-0.,-1.,0.));
#11390 = ADVANCED_FACE('',(#11391),#11402,.F.);
#11391 = FACE_BOUND('',#11392,.T.);
#11392 = EDGE_LOOP('',(#11393,#11394,#11400,#11401));
#11393 = ORIENTED_EDGE('',*,*,#1021,.T.);
#11394 = ORIENTED_EDGE('',*,*,#11395,.T.);
#11395 = EDGE_CURVE('',#1022,#5971,#11396,.T.);
#11396 = LINE('',#11397,#11398);
#11397 = CARTESIAN_POINT('',(102.46439,54.602053,-4.6E-02));
#11398 = VECTOR('',#11399,1.);
#11399 = DIRECTION('',(0.,0.,1.));
#11400 = ORIENTED_EDGE('',*,*,#5970,.F.);
#11401 = ORIENTED_EDGE('',*,*,#11395,.F.);
#11402 = CYLINDRICAL_SURFACE('',#11403,0.5);
#11403 = AXIS2_PLACEMENT_3D('',#11404,#11405,#11406);
#11404 = CARTESIAN_POINT('',(102.46439,55.102053,-4.6E-02));
#11405 = DIRECTION('',(-0.,-0.,-1.));
#11406 = DIRECTION('',(-0.,-1.,0.));
#11407 = ADVANCED_FACE('',(#11408),#11419,.F.);
#11408 = FACE_BOUND('',#11409,.T.);
#11409 = EDGE_LOOP('',(#11410,#11411,#11417,#11418));
#11410 = ORIENTED_EDGE('',*,*,#1032,.T.);
#11411 = ORIENTED_EDGE('',*,*,#11412,.T.);
#11412 = EDGE_CURVE('',#1033,#5982,#11413,.T.);
#11413 = LINE('',#11414,#11415);
#11414 = CARTESIAN_POINT('',(105.00439,54.602053,-4.6E-02));
#11415 = VECTOR('',#11416,1.);
#11416 = DIRECTION('',(0.,0.,1.));
#11417 = ORIENTED_EDGE('',*,*,#5981,.F.);
#11418 = ORIENTED_EDGE('',*,*,#11412,.F.);
#11419 = CYLINDRICAL_SURFACE('',#11420,0.5);
#11420 = AXIS2_PLACEMENT_3D('',#11421,#11422,#11423);
#11421 = CARTESIAN_POINT('',(105.00439,55.102053,-4.6E-02));
#11422 = DIRECTION('',(-0.,-0.,-1.));
#11423 = DIRECTION('',(-0.,-1.,0.));
#11424 = ADVANCED_FACE('',(#11425),#11436,.F.);
#11425 = FACE_BOUND('',#11426,.T.);
#11426 = EDGE_LOOP('',(#11427,#11428,#11434,#11435));
#11427 = ORIENTED_EDGE('',*,*,#1043,.T.);
#11428 = ORIENTED_EDGE('',*,*,#11429,.T.);
#11429 = EDGE_CURVE('',#1044,#5993,#11430,.T.);
#11430 = LINE('',#11431,#11432);
#11431 = CARTESIAN_POINT('',(107.54439,54.602053,-4.6E-02));
#11432 = VECTOR('',#11433,1.);
#11433 = DIRECTION('',(0.,0.,1.));
#11434 = ORIENTED_EDGE('',*,*,#5992,.F.);
#11435 = ORIENTED_EDGE('',*,*,#11429,.F.);
#11436 = CYLINDRICAL_SURFACE('',#11437,0.5);
#11437 = AXIS2_PLACEMENT_3D('',#11438,#11439,#11440);
#11438 = CARTESIAN_POINT('',(107.54439,55.102053,-4.6E-02));
#11439 = DIRECTION('',(-0.,-0.,-1.));
#11440 = DIRECTION('',(-0.,-1.,0.));
#11441 = ADVANCED_FACE('',(#11442),#11453,.F.);
#11442 = FACE_BOUND('',#11443,.T.);
#11443 = EDGE_LOOP('',(#11444,#11445,#11451,#11452));
#11444 = ORIENTED_EDGE('',*,*,#1054,.T.);
#11445 = ORIENTED_EDGE('',*,*,#11446,.T.);
#11446 = EDGE_CURVE('',#1055,#6004,#11447,.T.);
#11447 = LINE('',#11448,#11449);
#11448 = CARTESIAN_POINT('',(112.481303,54.500128,-4.6E-02));
#11449 = VECTOR('',#11450,1.);
#11450 = DIRECTION('',(0.,0.,1.));
#11451 = ORIENTED_EDGE('',*,*,#6003,.F.);
#11452 = ORIENTED_EDGE('',*,*,#11446,.F.);
#11453 = CYLINDRICAL_SURFACE('',#11454,0.5);
#11454 = AXIS2_PLACEMENT_3D('',#11455,#11456,#11457);
#11455 = CARTESIAN_POINT('',(112.481303,55.000128,-4.6E-02));
#11456 = DIRECTION('',(-0.,-0.,-1.));
#11457 = DIRECTION('',(-0.,-1.,0.));
#11458 = ADVANCED_FACE('',(#11459),#11470,.F.);
#11459 = FACE_BOUND('',#11460,.T.);
#11460 = EDGE_LOOP('',(#11461,#11462,#11468,#11469));
#11461 = ORIENTED_EDGE('',*,*,#1065,.T.);
#11462 = ORIENTED_EDGE('',*,*,#11463,.T.);
#11463 = EDGE_CURVE('',#1066,#6015,#11464,.T.);
#11464 = LINE('',#11465,#11466);
#11465 = CARTESIAN_POINT('',(115.021303,54.500128,-4.6E-02));
#11466 = VECTOR('',#11467,1.);
#11467 = DIRECTION('',(0.,0.,1.));
#11468 = ORIENTED_EDGE('',*,*,#6014,.F.);
#11469 = ORIENTED_EDGE('',*,*,#11463,.F.);
#11470 = CYLINDRICAL_SURFACE('',#11471,0.5);
#11471 = AXIS2_PLACEMENT_3D('',#11472,#11473,#11474);
#11472 = CARTESIAN_POINT('',(115.021303,55.000128,-4.6E-02));
#11473 = DIRECTION('',(-0.,-0.,-1.));
#11474 = DIRECTION('',(-0.,-1.,0.));
#11475 = ADVANCED_FACE('',(#11476),#11487,.F.);
#11476 = FACE_BOUND('',#11477,.T.);
#11477 = EDGE_LOOP('',(#11478,#11479,#11485,#11486));
#11478 = ORIENTED_EDGE('',*,*,#1076,.T.);
#11479 = ORIENTED_EDGE('',*,*,#11480,.T.);
#11480 = EDGE_CURVE('',#1077,#6026,#11481,.T.);
#11481 = LINE('',#11482,#11483);
#11482 = CARTESIAN_POINT('',(117.561303,54.500128,-4.6E-02));
#11483 = VECTOR('',#11484,1.);
#11484 = DIRECTION('',(0.,0.,1.));
#11485 = ORIENTED_EDGE('',*,*,#6025,.F.);
#11486 = ORIENTED_EDGE('',*,*,#11480,.F.);
#11487 = CYLINDRICAL_SURFACE('',#11488,0.5);
#11488 = AXIS2_PLACEMENT_3D('',#11489,#11490,#11491);
#11489 = CARTESIAN_POINT('',(117.561303,55.000128,-4.6E-02));
#11490 = DIRECTION('',(-0.,-0.,-1.));
#11491 = DIRECTION('',(-0.,-1.,0.));
#11492 = ADVANCED_FACE('',(#11493),#11504,.F.);
#11493 = FACE_BOUND('',#11494,.T.);
#11494 = EDGE_LOOP('',(#11495,#11496,#11502,#11503));
#11495 = ORIENTED_EDGE('',*,*,#1087,.T.);
#11496 = ORIENTED_EDGE('',*,*,#11497,.T.);
#11497 = EDGE_CURVE('',#1088,#6037,#11498,.T.);
#11498 = LINE('',#11499,#11500);
#11499 = CARTESIAN_POINT('',(4.52,85.13,-4.6E-02));
#11500 = VECTOR('',#11501,1.);
#11501 = DIRECTION('',(0.,0.,1.));
#11502 = ORIENTED_EDGE('',*,*,#6036,.F.);
#11503 = ORIENTED_EDGE('',*,*,#11497,.F.);
#11504 = CYLINDRICAL_SURFACE('',#11505,0.5);
#11505 = AXIS2_PLACEMENT_3D('',#11506,#11507,#11508);
#11506 = CARTESIAN_POINT('',(4.52,85.63,-4.6E-02));
#11507 = DIRECTION('',(-0.,-0.,-1.));
#11508 = DIRECTION('',(-0.,-1.,0.));
#11509 = ADVANCED_FACE('',(#11510),#11521,.F.);
#11510 = FACE_BOUND('',#11511,.T.);
#11511 = EDGE_LOOP('',(#11512,#11513,#11519,#11520));
#11512 = ORIENTED_EDGE('',*,*,#1098,.T.);
#11513 = ORIENTED_EDGE('',*,*,#11514,.T.);
#11514 = EDGE_CURVE('',#1099,#6048,#11515,.T.);
#11515 = LINE('',#11516,#11517);
#11516 = CARTESIAN_POINT('',(4.52,87.67,-4.6E-02));
#11517 = VECTOR('',#11518,1.);
#11518 = DIRECTION('',(0.,0.,1.));
#11519 = ORIENTED_EDGE('',*,*,#6047,.F.);
#11520 = ORIENTED_EDGE('',*,*,#11514,.F.);
#11521 = CYLINDRICAL_SURFACE('',#11522,0.5);
#11522 = AXIS2_PLACEMENT_3D('',#11523,#11524,#11525);
#11523 = CARTESIAN_POINT('',(4.52,88.17,-4.6E-02));
#11524 = DIRECTION('',(-0.,-0.,-1.));
#11525 = DIRECTION('',(-0.,-1.,0.));
#11526 = ADVANCED_FACE('',(#11527),#11538,.F.);
#11527 = FACE_BOUND('',#11528,.T.);
#11528 = EDGE_LOOP('',(#11529,#11530,#11536,#11537));
#11529 = ORIENTED_EDGE('',*,*,#1109,.T.);
#11530 = ORIENTED_EDGE('',*,*,#11531,.T.);
#11531 = EDGE_CURVE('',#1110,#6059,#11532,.T.);
#11532 = LINE('',#11533,#11534);
#11533 = CARTESIAN_POINT('',(29.64,85.992,-4.6E-02));
#11534 = VECTOR('',#11535,1.);
#11535 = DIRECTION('',(0.,0.,1.));
#11536 = ORIENTED_EDGE('',*,*,#6058,.F.);
#11537 = ORIENTED_EDGE('',*,*,#11531,.F.);
#11538 = CYLINDRICAL_SURFACE('',#11539,0.508);
#11539 = AXIS2_PLACEMENT_3D('',#11540,#11541,#11542);
#11540 = CARTESIAN_POINT('',(29.64,86.5,-4.6E-02));
#11541 = DIRECTION('',(-0.,-0.,-1.));
#11542 = DIRECTION('',(-0.,-1.,0.));
#11543 = ADVANCED_FACE('',(#11544),#11555,.F.);
#11544 = FACE_BOUND('',#11545,.T.);
#11545 = EDGE_LOOP('',(#11546,#11547,#11553,#11554));
#11546 = ORIENTED_EDGE('',*,*,#1120,.T.);
#11547 = ORIENTED_EDGE('',*,*,#11548,.T.);
#11548 = EDGE_CURVE('',#1121,#6070,#11549,.T.);
#11549 = LINE('',#11550,#11551);
#11550 = CARTESIAN_POINT('',(32.18,85.992,-4.6E-02));
#11551 = VECTOR('',#11552,1.);
#11552 = DIRECTION('',(0.,0.,1.));
#11553 = ORIENTED_EDGE('',*,*,#6069,.F.);
#11554 = ORIENTED_EDGE('',*,*,#11548,.F.);
#11555 = CYLINDRICAL_SURFACE('',#11556,0.508);
#11556 = AXIS2_PLACEMENT_3D('',#11557,#11558,#11559);
#11557 = CARTESIAN_POINT('',(32.18,86.5,-4.6E-02));
#11558 = DIRECTION('',(-0.,-0.,-1.));
#11559 = DIRECTION('',(-0.,-1.,0.));
#11560 = ADVANCED_FACE('',(#11561),#11572,.F.);
#11561 = FACE_BOUND('',#11562,.T.);
#11562 = EDGE_LOOP('',(#11563,#11564,#11570,#11571));
#11563 = ORIENTED_EDGE('',*,*,#1131,.T.);
#11564 = ORIENTED_EDGE('',*,*,#11565,.T.);
#11565 = EDGE_CURVE('',#1132,#6081,#11566,.T.);
#11566 = LINE('',#11567,#11568);
#11567 = CARTESIAN_POINT('',(5.33,104.91,-4.6E-02));
#11568 = VECTOR('',#11569,1.);
#11569 = DIRECTION('',(0.,0.,1.));
#11570 = ORIENTED_EDGE('',*,*,#6080,.F.);
#11571 = ORIENTED_EDGE('',*,*,#11565,.F.);
#11572 = CYLINDRICAL_SURFACE('',#11573,0.45);
#11573 = AXIS2_PLACEMENT_3D('',#11574,#11575,#11576);
#11574 = CARTESIAN_POINT('',(5.33,105.36,-4.6E-02));
#11575 = DIRECTION('',(-0.,-0.,-1.));
#11576 = DIRECTION('',(-0.,-1.,0.));
#11577 = ADVANCED_FACE('',(#11578),#11589,.F.);
#11578 = FACE_BOUND('',#11579,.T.);
#11579 = EDGE_LOOP('',(#11580,#11581,#11587,#11588));
#11580 = ORIENTED_EDGE('',*,*,#1142,.T.);
#11581 = ORIENTED_EDGE('',*,*,#11582,.T.);
#11582 = EDGE_CURVE('',#1143,#6092,#11583,.T.);
#11583 = LINE('',#11584,#11585);
#11584 = CARTESIAN_POINT('',(5.33,109.31,-4.6E-02));
#11585 = VECTOR('',#11586,1.);
#11586 = DIRECTION('',(0.,0.,1.));
#11587 = ORIENTED_EDGE('',*,*,#6091,.F.);
#11588 = ORIENTED_EDGE('',*,*,#11582,.F.);
#11589 = CYLINDRICAL_SURFACE('',#11590,0.45);
#11590 = AXIS2_PLACEMENT_3D('',#11591,#11592,#11593);
#11591 = CARTESIAN_POINT('',(5.33,109.76,-4.6E-02));
#11592 = DIRECTION('',(-0.,-0.,-1.));
#11593 = DIRECTION('',(-0.,-1.,0.));
#11594 = ADVANCED_FACE('',(#11595),#11606,.F.);
#11595 = FACE_BOUND('',#11596,.T.);
#11596 = EDGE_LOOP('',(#11597,#11598,#11604,#11605));
#11597 = ORIENTED_EDGE('',*,*,#1153,.T.);
#11598 = ORIENTED_EDGE('',*,*,#11599,.T.);
#11599 = EDGE_CURVE('',#1154,#6103,#11600,.T.);
#11600 = LINE('',#11601,#11602);
#11601 = CARTESIAN_POINT('',(39.62,80.362,-4.6E-02));
#11602 = VECTOR('',#11603,1.);
#11603 = DIRECTION('',(0.,0.,1.));
#11604 = ORIENTED_EDGE('',*,*,#6102,.F.);
#11605 = ORIENTED_EDGE('',*,*,#11599,.F.);
#11606 = CYLINDRICAL_SURFACE('',#11607,0.508);
#11607 = AXIS2_PLACEMENT_3D('',#11608,#11609,#11610);
#11608 = CARTESIAN_POINT('',(39.62,80.87,-4.6E-02));
#11609 = DIRECTION('',(-0.,-0.,-1.));
#11610 = DIRECTION('',(-1.398706172756E-14,-1.,0.));
#11611 = ADVANCED_FACE('',(#11612),#11623,.F.);
#11612 = FACE_BOUND('',#11613,.T.);
#11613 = EDGE_LOOP('',(#11614,#11615,#11621,#11622));
#11614 = ORIENTED_EDGE('',*,*,#1164,.T.);
#11615 = ORIENTED_EDGE('',*,*,#11616,.T.);
#11616 = EDGE_CURVE('',#1165,#6114,#11617,.T.);
#11617 = LINE('',#11618,#11619);
#11618 = CARTESIAN_POINT('',(42.16,80.362,-4.6E-02));
#11619 = VECTOR('',#11620,1.);
#11620 = DIRECTION('',(0.,0.,1.));
#11621 = ORIENTED_EDGE('',*,*,#6113,.F.);
#11622 = ORIENTED_EDGE('',*,*,#11616,.F.);
#11623 = CYLINDRICAL_SURFACE('',#11624,0.508);
#11624 = AXIS2_PLACEMENT_3D('',#11625,#11626,#11627);
#11625 = CARTESIAN_POINT('',(42.16,80.87,-4.6E-02));
#11626 = DIRECTION('',(-0.,-0.,-1.));
#11627 = DIRECTION('',(-0.,-1.,0.));
#11628 = ADVANCED_FACE('',(#11629),#11640,.F.);
#11629 = FACE_BOUND('',#11630,.T.);
#11630 = EDGE_LOOP('',(#11631,#11632,#11638,#11639));
#11631 = ORIENTED_EDGE('',*,*,#1175,.T.);
#11632 = ORIENTED_EDGE('',*,*,#11633,.T.);
#11633 = EDGE_CURVE('',#1176,#6125,#11634,.T.);
#11634 = LINE('',#11635,#11636);
#11635 = CARTESIAN_POINT('',(44.7,80.362,-4.6E-02));
#11636 = VECTOR('',#11637,1.);
#11637 = DIRECTION('',(0.,0.,1.));
#11638 = ORIENTED_EDGE('',*,*,#6124,.F.);
#11639 = ORIENTED_EDGE('',*,*,#11633,.F.);
#11640 = CYLINDRICAL_SURFACE('',#11641,0.508);
#11641 = AXIS2_PLACEMENT_3D('',#11642,#11643,#11644);
#11642 = CARTESIAN_POINT('',(44.7,80.87,-4.6E-02));
#11643 = DIRECTION('',(-0.,-0.,-1.));
#11644 = DIRECTION('',(-0.,-1.,0.));
#11645 = ADVANCED_FACE('',(#11646),#11657,.F.);
#11646 = FACE_BOUND('',#11647,.T.);
#11647 = EDGE_LOOP('',(#11648,#11649,#11655,#11656));
#11648 = ORIENTED_EDGE('',*,*,#1186,.T.);
#11649 = ORIENTED_EDGE('',*,*,#11650,.T.);
#11650 = EDGE_CURVE('',#1187,#6136,#11651,.T.);
#11651 = LINE('',#11652,#11653);
#11652 = CARTESIAN_POINT('',(47.24,80.362,-4.6E-02));
#11653 = VECTOR('',#11654,1.);
#11654 = DIRECTION('',(0.,0.,1.));
#11655 = ORIENTED_EDGE('',*,*,#6135,.F.);
#11656 = ORIENTED_EDGE('',*,*,#11650,.F.);
#11657 = CYLINDRICAL_SURFACE('',#11658,0.508);
#11658 = AXIS2_PLACEMENT_3D('',#11659,#11660,#11661);
#11659 = CARTESIAN_POINT('',(47.24,80.87,-4.6E-02));
#11660 = DIRECTION('',(-0.,0.,-1.));
#11661 = DIRECTION('',(1.398706172756E-14,-1.,-0.));
#11662 = ADVANCED_FACE('',(#11663),#11674,.F.);
#11663 = FACE_BOUND('',#11664,.T.);
#11664 = EDGE_LOOP('',(#11665,#11666,#11672,#11673));
#11665 = ORIENTED_EDGE('',*,*,#1197,.T.);
#11666 = ORIENTED_EDGE('',*,*,#11667,.T.);
#11667 = EDGE_CURVE('',#1198,#6147,#11668,.T.);
#11668 = LINE('',#11669,#11670);
#11669 = CARTESIAN_POINT('',(34.72,85.992,-4.6E-02));
#11670 = VECTOR('',#11671,1.);
#11671 = DIRECTION('',(0.,0.,1.));
#11672 = ORIENTED_EDGE('',*,*,#6146,.F.);
#11673 = ORIENTED_EDGE('',*,*,#11667,.F.);
#11674 = CYLINDRICAL_SURFACE('',#11675,0.508);
#11675 = AXIS2_PLACEMENT_3D('',#11676,#11677,#11678);
#11676 = CARTESIAN_POINT('',(34.72,86.5,-4.6E-02));
#11677 = DIRECTION('',(-0.,-0.,-1.));
#11678 = DIRECTION('',(-0.,-1.,0.));
#11679 = ADVANCED_FACE('',(#11680),#11691,.F.);
#11680 = FACE_BOUND('',#11681,.T.);
#11681 = EDGE_LOOP('',(#11682,#11683,#11689,#11690));
#11682 = ORIENTED_EDGE('',*,*,#1208,.T.);
#11683 = ORIENTED_EDGE('',*,*,#11684,.T.);
#11684 = EDGE_CURVE('',#1209,#6158,#11685,.T.);
#11685 = LINE('',#11686,#11687);
#11686 = CARTESIAN_POINT('',(37.26,85.992,-4.6E-02));
#11687 = VECTOR('',#11688,1.);
#11688 = DIRECTION('',(0.,0.,1.));
#11689 = ORIENTED_EDGE('',*,*,#6157,.F.);
#11690 = ORIENTED_EDGE('',*,*,#11684,.F.);
#11691 = CYLINDRICAL_SURFACE('',#11692,0.508);
#11692 = AXIS2_PLACEMENT_3D('',#11693,#11694,#11695);
#11693 = CARTESIAN_POINT('',(37.26,86.5,-4.6E-02));
#11694 = DIRECTION('',(-0.,-0.,-1.));
#11695 = DIRECTION('',(-1.398706172756E-14,-1.,0.));
#11696 = ADVANCED_FACE('',(#11697),#11708,.F.);
#11697 = FACE_BOUND('',#11698,.T.);
#11698 = EDGE_LOOP('',(#11699,#11700,#11706,#11707));
#11699 = ORIENTED_EDGE('',*,*,#1219,.T.);
#11700 = ORIENTED_EDGE('',*,*,#11701,.T.);
#11701 = EDGE_CURVE('',#1220,#6169,#11702,.T.);
#11702 = LINE('',#11703,#11704);
#11703 = CARTESIAN_POINT('',(34.63,93.612,-4.6E-02));
#11704 = VECTOR('',#11705,1.);
#11705 = DIRECTION('',(0.,0.,1.));
#11706 = ORIENTED_EDGE('',*,*,#6168,.F.);
#11707 = ORIENTED_EDGE('',*,*,#11701,.F.);
#11708 = CYLINDRICAL_SURFACE('',#11709,0.508);
#11709 = AXIS2_PLACEMENT_3D('',#11710,#11711,#11712);
#11710 = CARTESIAN_POINT('',(34.63,94.12,-4.6E-02));
#11711 = DIRECTION('',(-0.,0.,-1.));
#11712 = DIRECTION('',(1.398706172756E-14,-1.,-0.));
#11713 = ADVANCED_FACE('',(#11714),#11725,.F.);
#11714 = FACE_BOUND('',#11715,.T.);
#11715 = EDGE_LOOP('',(#11716,#11717,#11723,#11724));
#11716 = ORIENTED_EDGE('',*,*,#1230,.T.);
#11717 = ORIENTED_EDGE('',*,*,#11718,.T.);
#11718 = EDGE_CURVE('',#1231,#6180,#11719,.T.);
#11719 = LINE('',#11720,#11721);
#11720 = CARTESIAN_POINT('',(37.17,93.612,-4.6E-02));
#11721 = VECTOR('',#11722,1.);
#11722 = DIRECTION('',(0.,0.,1.));
#11723 = ORIENTED_EDGE('',*,*,#6179,.F.);
#11724 = ORIENTED_EDGE('',*,*,#11718,.F.);
#11725 = CYLINDRICAL_SURFACE('',#11726,0.508);
#11726 = AXIS2_PLACEMENT_3D('',#11727,#11728,#11729);
#11727 = CARTESIAN_POINT('',(37.17,94.12,-4.6E-02));
#11728 = DIRECTION('',(-0.,-0.,-1.));
#11729 = DIRECTION('',(-0.,-1.,0.));
#11730 = ADVANCED_FACE('',(#11731),#11742,.F.);
#11731 = FACE_BOUND('',#11732,.T.);
#11732 = EDGE_LOOP('',(#11733,#11734,#11740,#11741));
#11733 = ORIENTED_EDGE('',*,*,#1241,.T.);
#11734 = ORIENTED_EDGE('',*,*,#11735,.T.);
#11735 = EDGE_CURVE('',#1242,#6191,#11736,.T.);
#11736 = LINE('',#11737,#11738);
#11737 = CARTESIAN_POINT('',(39.71,93.612,-4.6E-02));
#11738 = VECTOR('',#11739,1.);
#11739 = DIRECTION('',(0.,0.,1.));
#11740 = ORIENTED_EDGE('',*,*,#6190,.F.);
#11741 = ORIENTED_EDGE('',*,*,#11735,.F.);
#11742 = CYLINDRICAL_SURFACE('',#11743,0.508);
#11743 = AXIS2_PLACEMENT_3D('',#11744,#11745,#11746);
#11744 = CARTESIAN_POINT('',(39.71,94.12,-4.6E-02));
#11745 = DIRECTION('',(-0.,-0.,-1.));
#11746 = DIRECTION('',(-0.,-1.,0.));
#11747 = ADVANCED_FACE('',(#11748),#11759,.F.);
#11748 = FACE_BOUND('',#11749,.T.);
#11749 = EDGE_LOOP('',(#11750,#11751,#11757,#11758));
#11750 = ORIENTED_EDGE('',*,*,#1252,.T.);
#11751 = ORIENTED_EDGE('',*,*,#11752,.T.);
#11752 = EDGE_CURVE('',#1253,#6202,#11753,.T.);
#11753 = LINE('',#11754,#11755);
#11754 = CARTESIAN_POINT('',(44.64,86.512,-4.6E-02));
#11755 = VECTOR('',#11756,1.);
#11756 = DIRECTION('',(0.,0.,1.));
#11757 = ORIENTED_EDGE('',*,*,#6201,.F.);
#11758 = ORIENTED_EDGE('',*,*,#11752,.F.);
#11759 = CYLINDRICAL_SURFACE('',#11760,0.508);
#11760 = AXIS2_PLACEMENT_3D('',#11761,#11762,#11763);
#11761 = CARTESIAN_POINT('',(44.64,87.02,-4.6E-02));
#11762 = DIRECTION('',(-0.,-0.,-1.));
#11763 = DIRECTION('',(-0.,-1.,0.));
#11764 = ADVANCED_FACE('',(#11765),#11776,.F.);
#11765 = FACE_BOUND('',#11766,.T.);
#11766 = EDGE_LOOP('',(#11767,#11768,#11774,#11775));
#11767 = ORIENTED_EDGE('',*,*,#1263,.T.);
#11768 = ORIENTED_EDGE('',*,*,#11769,.T.);
#11769 = EDGE_CURVE('',#1264,#6213,#11770,.T.);
#11770 = LINE('',#11771,#11772);
#11771 = CARTESIAN_POINT('',(47.18,86.512,-4.6E-02));
#11772 = VECTOR('',#11773,1.);
#11773 = DIRECTION('',(0.,0.,1.));
#11774 = ORIENTED_EDGE('',*,*,#6212,.F.);
#11775 = ORIENTED_EDGE('',*,*,#11769,.F.);
#11776 = CYLINDRICAL_SURFACE('',#11777,0.508);
#11777 = AXIS2_PLACEMENT_3D('',#11778,#11779,#11780);
#11778 = CARTESIAN_POINT('',(47.18,87.02,-4.6E-02));
#11779 = DIRECTION('',(-0.,-0.,-1.));
#11780 = DIRECTION('',(-0.,-1.,0.));
#11781 = ADVANCED_FACE('',(#11782),#11793,.F.);
#11782 = FACE_BOUND('',#11783,.T.);
#11783 = EDGE_LOOP('',(#11784,#11785,#11791,#11792));
#11784 = ORIENTED_EDGE('',*,*,#1274,.T.);
#11785 = ORIENTED_EDGE('',*,*,#11786,.T.);
#11786 = EDGE_CURVE('',#1275,#6224,#11787,.T.);
#11787 = LINE('',#11788,#11789);
#11788 = CARTESIAN_POINT('',(42.25,93.612,-4.6E-02));
#11789 = VECTOR('',#11790,1.);
#11790 = DIRECTION('',(0.,0.,1.));
#11791 = ORIENTED_EDGE('',*,*,#6223,.F.);
#11792 = ORIENTED_EDGE('',*,*,#11786,.F.);
#11793 = CYLINDRICAL_SURFACE('',#11794,0.508);
#11794 = AXIS2_PLACEMENT_3D('',#11795,#11796,#11797);
#11795 = CARTESIAN_POINT('',(42.25,94.12,-4.6E-02));
#11796 = DIRECTION('',(-0.,-0.,-1.));
#11797 = DIRECTION('',(-0.,-1.,0.));
#11798 = ADVANCED_FACE('',(#11799),#11810,.F.);
#11799 = FACE_BOUND('',#11800,.T.);
#11800 = EDGE_LOOP('',(#11801,#11802,#11808,#11809));
#11801 = ORIENTED_EDGE('',*,*,#1285,.T.);
#11802 = ORIENTED_EDGE('',*,*,#11803,.T.);
#11803 = EDGE_CURVE('',#1286,#6235,#11804,.T.);
#11804 = LINE('',#11805,#11806);
#11805 = CARTESIAN_POINT('',(44.79,93.612,-4.6E-02));
#11806 = VECTOR('',#11807,1.);
#11807 = DIRECTION('',(0.,0.,1.));
#11808 = ORIENTED_EDGE('',*,*,#6234,.F.);
#11809 = ORIENTED_EDGE('',*,*,#11803,.F.);
#11810 = CYLINDRICAL_SURFACE('',#11811,0.508);
#11811 = AXIS2_PLACEMENT_3D('',#11812,#11813,#11814);
#11812 = CARTESIAN_POINT('',(44.79,94.12,-4.6E-02));
#11813 = DIRECTION('',(-0.,-0.,-1.));
#11814 = DIRECTION('',(-0.,-1.,0.));
#11815 = ADVANCED_FACE('',(#11816),#11827,.F.);
#11816 = FACE_BOUND('',#11817,.T.);
#11817 = EDGE_LOOP('',(#11818,#11819,#11825,#11826));
#11818 = ORIENTED_EDGE('',*,*,#1296,.T.);
#11819 = ORIENTED_EDGE('',*,*,#11820,.T.);
#11820 = EDGE_CURVE('',#1297,#6246,#11821,.T.);
#11821 = LINE('',#11822,#11823);
#11822 = CARTESIAN_POINT('',(47.33,93.612,-4.6E-02));
#11823 = VECTOR('',#11824,1.);
#11824 = DIRECTION('',(0.,0.,1.));
#11825 = ORIENTED_EDGE('',*,*,#6245,.F.);
#11826 = ORIENTED_EDGE('',*,*,#11820,.F.);
#11827 = CYLINDRICAL_SURFACE('',#11828,0.508);
#11828 = AXIS2_PLACEMENT_3D('',#11829,#11830,#11831);
#11829 = CARTESIAN_POINT('',(47.33,94.12,-4.6E-02));
#11830 = DIRECTION('',(-0.,-0.,-1.));
#11831 = DIRECTION('',(-0.,-1.,0.));
#11832 = ADVANCED_FACE('',(#11833),#11844,.F.);
#11833 = FACE_BOUND('',#11834,.T.);
#11834 = EDGE_LOOP('',(#11835,#11836,#11842,#11843));
#11835 = ORIENTED_EDGE('',*,*,#1307,.T.);
#11836 = ORIENTED_EDGE('',*,*,#11837,.T.);
#11837 = EDGE_CURVE('',#1308,#6257,#11838,.T.);
#11838 = LINE('',#11839,#11840);
#11839 = CARTESIAN_POINT('',(49.78,80.362,-4.6E-02));
#11840 = VECTOR('',#11841,1.);
#11841 = DIRECTION('',(0.,0.,1.));
#11842 = ORIENTED_EDGE('',*,*,#6256,.F.);
#11843 = ORIENTED_EDGE('',*,*,#11837,.F.);
#11844 = CYLINDRICAL_SURFACE('',#11845,0.508);
#11845 = AXIS2_PLACEMENT_3D('',#11846,#11847,#11848);
#11846 = CARTESIAN_POINT('',(49.78,80.87,-4.6E-02));
#11847 = DIRECTION('',(-0.,-0.,-1.));
#11848 = DIRECTION('',(-0.,-1.,0.));
#11849 = ADVANCED_FACE('',(#11850),#11861,.F.);
#11850 = FACE_BOUND('',#11851,.T.);
#11851 = EDGE_LOOP('',(#11852,#11853,#11859,#11860));
#11852 = ORIENTED_EDGE('',*,*,#1318,.T.);
#11853 = ORIENTED_EDGE('',*,*,#11854,.T.);
#11854 = EDGE_CURVE('',#1319,#6268,#11855,.T.);
#11855 = LINE('',#11856,#11857);
#11856 = CARTESIAN_POINT('',(52.32,80.362,-4.6E-02));
#11857 = VECTOR('',#11858,1.);
#11858 = DIRECTION('',(0.,0.,1.));
#11859 = ORIENTED_EDGE('',*,*,#6267,.F.);
#11860 = ORIENTED_EDGE('',*,*,#11854,.F.);
#11861 = CYLINDRICAL_SURFACE('',#11862,0.508);
#11862 = AXIS2_PLACEMENT_3D('',#11863,#11864,#11865);
#11863 = CARTESIAN_POINT('',(52.32,80.87,-4.6E-02));
#11864 = DIRECTION('',(-0.,-0.,-1.));
#11865 = DIRECTION('',(-0.,-1.,0.));
#11866 = ADVANCED_FACE('',(#11867),#11878,.F.);
#11867 = FACE_BOUND('',#11868,.T.);
#11868 = EDGE_LOOP('',(#11869,#11870,#11876,#11877));
#11869 = ORIENTED_EDGE('',*,*,#1329,.T.);
#11870 = ORIENTED_EDGE('',*,*,#11871,.T.);
#11871 = EDGE_CURVE('',#1330,#6279,#11872,.T.);
#11872 = LINE('',#11873,#11874);
#11873 = CARTESIAN_POINT('',(58.72,77.942,-4.6E-02));
#11874 = VECTOR('',#11875,1.);
#11875 = DIRECTION('',(0.,0.,1.));
#11876 = ORIENTED_EDGE('',*,*,#6278,.F.);
#11877 = ORIENTED_EDGE('',*,*,#11871,.F.);
#11878 = CYLINDRICAL_SURFACE('',#11879,0.508);
#11879 = AXIS2_PLACEMENT_3D('',#11880,#11881,#11882);
#11880 = CARTESIAN_POINT('',(58.72,78.45,-4.6E-02));
#11881 = DIRECTION('',(-0.,-0.,-1.));
#11882 = DIRECTION('',(-0.,-1.,0.));
#11883 = ADVANCED_FACE('',(#11884),#11895,.F.);
#11884 = FACE_BOUND('',#11885,.T.);
#11885 = EDGE_LOOP('',(#11886,#11887,#11893,#11894));
#11886 = ORIENTED_EDGE('',*,*,#1340,.T.);
#11887 = ORIENTED_EDGE('',*,*,#11888,.T.);
#11888 = EDGE_CURVE('',#1341,#6290,#11889,.T.);
#11889 = LINE('',#11890,#11891);
#11890 = CARTESIAN_POINT('',(58.72,80.482,-4.6E-02));
#11891 = VECTOR('',#11892,1.);
#11892 = DIRECTION('',(0.,0.,1.));
#11893 = ORIENTED_EDGE('',*,*,#6289,.F.);
#11894 = ORIENTED_EDGE('',*,*,#11888,.F.);
#11895 = CYLINDRICAL_SURFACE('',#11896,0.508);
#11896 = AXIS2_PLACEMENT_3D('',#11897,#11898,#11899);
#11897 = CARTESIAN_POINT('',(58.72,80.99,-4.6E-02));
#11898 = DIRECTION('',(-0.,-0.,-1.));
#11899 = DIRECTION('',(-0.,-1.,0.));
#11900 = ADVANCED_FACE('',(#11901),#11912,.F.);
#11901 = FACE_BOUND('',#11902,.T.);
#11902 = EDGE_LOOP('',(#11903,#11904,#11910,#11911));
#11903 = ORIENTED_EDGE('',*,*,#1351,.T.);
#11904 = ORIENTED_EDGE('',*,*,#11905,.T.);
#11905 = EDGE_CURVE('',#1352,#6301,#11906,.T.);
#11906 = LINE('',#11907,#11908);
#11907 = CARTESIAN_POINT('',(49.72,86.512,-4.6E-02));
#11908 = VECTOR('',#11909,1.);
#11909 = DIRECTION('',(0.,0.,1.));
#11910 = ORIENTED_EDGE('',*,*,#6300,.F.);
#11911 = ORIENTED_EDGE('',*,*,#11905,.F.);
#11912 = CYLINDRICAL_SURFACE('',#11913,0.508);
#11913 = AXIS2_PLACEMENT_3D('',#11914,#11915,#11916);
#11914 = CARTESIAN_POINT('',(49.72,87.02,-4.6E-02));
#11915 = DIRECTION('',(-0.,-0.,-1.));
#11916 = DIRECTION('',(-0.,-1.,0.));
#11917 = ADVANCED_FACE('',(#11918),#11929,.F.);
#11918 = FACE_BOUND('',#11919,.T.);
#11919 = EDGE_LOOP('',(#11920,#11921,#11927,#11928));
#11920 = ORIENTED_EDGE('',*,*,#1362,.T.);
#11921 = ORIENTED_EDGE('',*,*,#11922,.T.);
#11922 = EDGE_CURVE('',#1363,#6312,#11923,.T.);
#11923 = LINE('',#11924,#11925);
#11924 = CARTESIAN_POINT('',(52.26,86.512,-4.6E-02));
#11925 = VECTOR('',#11926,1.);
#11926 = DIRECTION('',(0.,0.,1.));
#11927 = ORIENTED_EDGE('',*,*,#6311,.F.);
#11928 = ORIENTED_EDGE('',*,*,#11922,.F.);
#11929 = CYLINDRICAL_SURFACE('',#11930,0.508);
#11930 = AXIS2_PLACEMENT_3D('',#11931,#11932,#11933);
#11931 = CARTESIAN_POINT('',(52.26,87.02,-4.6E-02));
#11932 = DIRECTION('',(-0.,-0.,-1.));
#11933 = DIRECTION('',(-1.398706172756E-14,-1.,0.));
#11934 = ADVANCED_FACE('',(#11935),#11946,.F.);
#11935 = FACE_BOUND('',#11936,.T.);
#11936 = EDGE_LOOP('',(#11937,#11938,#11944,#11945));
#11937 = ORIENTED_EDGE('',*,*,#1373,.T.);
#11938 = ORIENTED_EDGE('',*,*,#11939,.T.);
#11939 = EDGE_CURVE('',#1374,#6323,#11940,.T.);
#11940 = LINE('',#11941,#11942);
#11941 = CARTESIAN_POINT('',(49.87,93.612,-4.6E-02));
#11942 = VECTOR('',#11943,1.);
#11943 = DIRECTION('',(0.,0.,1.));
#11944 = ORIENTED_EDGE('',*,*,#6322,.F.);
#11945 = ORIENTED_EDGE('',*,*,#11939,.F.);
#11946 = CYLINDRICAL_SURFACE('',#11947,0.508);
#11947 = AXIS2_PLACEMENT_3D('',#11948,#11949,#11950);
#11948 = CARTESIAN_POINT('',(49.87,94.12,-4.6E-02));
#11949 = DIRECTION('',(-0.,-0.,-1.));
#11950 = DIRECTION('',(-1.398706172756E-14,-1.,0.));
#11951 = ADVANCED_FACE('',(#11952),#11963,.F.);
#11952 = FACE_BOUND('',#11953,.T.);
#11953 = EDGE_LOOP('',(#11954,#11955,#11961,#11962));
#11954 = ORIENTED_EDGE('',*,*,#1384,.T.);
#11955 = ORIENTED_EDGE('',*,*,#11956,.T.);
#11956 = EDGE_CURVE('',#1385,#6334,#11957,.T.);
#11957 = LINE('',#11958,#11959);
#11958 = CARTESIAN_POINT('',(52.41,93.612,-4.6E-02));
#11959 = VECTOR('',#11960,1.);
#11960 = DIRECTION('',(0.,0.,1.));
#11961 = ORIENTED_EDGE('',*,*,#6333,.F.);
#11962 = ORIENTED_EDGE('',*,*,#11956,.F.);
#11963 = CYLINDRICAL_SURFACE('',#11964,0.508);
#11964 = AXIS2_PLACEMENT_3D('',#11965,#11966,#11967);
#11965 = CARTESIAN_POINT('',(52.41,94.12,-4.6E-02));
#11966 = DIRECTION('',(-0.,-0.,-1.));
#11967 = DIRECTION('',(-0.,-1.,0.));
#11968 = ADVANCED_FACE('',(#11969),#11980,.F.);
#11969 = FACE_BOUND('',#11970,.T.);
#11970 = EDGE_LOOP('',(#11971,#11972,#11978,#11979));
#11971 = ORIENTED_EDGE('',*,*,#1395,.T.);
#11972 = ORIENTED_EDGE('',*,*,#11973,.T.);
#11973 = EDGE_CURVE('',#1396,#6345,#11974,.T.);
#11974 = LINE('',#11975,#11976);
#11975 = CARTESIAN_POINT('',(48.76,104.042,-4.6E-02));
#11976 = VECTOR('',#11977,1.);
#11977 = DIRECTION('',(0.,0.,1.));
#11978 = ORIENTED_EDGE('',*,*,#6344,.F.);
#11979 = ORIENTED_EDGE('',*,*,#11973,.F.);
#11980 = CYLINDRICAL_SURFACE('',#11981,0.508);
#11981 = AXIS2_PLACEMENT_3D('',#11982,#11983,#11984);
#11982 = CARTESIAN_POINT('',(48.76,104.55,-4.6E-02));
#11983 = DIRECTION('',(-0.,-0.,-1.));
#11984 = DIRECTION('',(-1.398706172756E-14,-1.,0.));
#11985 = ADVANCED_FACE('',(#11986),#11997,.F.);
#11986 = FACE_BOUND('',#11987,.T.);
#11987 = EDGE_LOOP('',(#11988,#11989,#11995,#11996));
#11988 = ORIENTED_EDGE('',*,*,#1406,.T.);
#11989 = ORIENTED_EDGE('',*,*,#11990,.T.);
#11990 = EDGE_CURVE('',#1407,#6356,#11991,.T.);
#11991 = LINE('',#11992,#11993);
#11992 = CARTESIAN_POINT('',(48.76,106.582,-4.6E-02));
#11993 = VECTOR('',#11994,1.);
#11994 = DIRECTION('',(0.,0.,1.));
#11995 = ORIENTED_EDGE('',*,*,#6355,.F.);
#11996 = ORIENTED_EDGE('',*,*,#11990,.F.);
#11997 = CYLINDRICAL_SURFACE('',#11998,0.508);
#11998 = AXIS2_PLACEMENT_3D('',#11999,#12000,#12001);
#11999 = CARTESIAN_POINT('',(48.76,107.09,-4.6E-02));
#12000 = DIRECTION('',(-0.,-0.,-1.));
#12001 = DIRECTION('',(-1.398706172756E-14,-1.,0.));
#12002 = ADVANCED_FACE('',(#12003),#12014,.F.);
#12003 = FACE_BOUND('',#12004,.T.);
#12004 = EDGE_LOOP('',(#12005,#12006,#12012,#12013));
#12005 = ORIENTED_EDGE('',*,*,#1417,.T.);
#12006 = ORIENTED_EDGE('',*,*,#12007,.T.);
#12007 = EDGE_CURVE('',#1418,#6367,#12008,.T.);
#12008 = LINE('',#12009,#12010);
#12009 = CARTESIAN_POINT('',(48.76,109.122,-4.6E-02));
#12010 = VECTOR('',#12011,1.);
#12011 = DIRECTION('',(0.,0.,1.));
#12012 = ORIENTED_EDGE('',*,*,#6366,.F.);
#12013 = ORIENTED_EDGE('',*,*,#12007,.F.);
#12014 = CYLINDRICAL_SURFACE('',#12015,0.508);
#12015 = AXIS2_PLACEMENT_3D('',#12016,#12017,#12018);
#12016 = CARTESIAN_POINT('',(48.76,109.63,-4.6E-02));
#12017 = DIRECTION('',(-0.,-0.,-1.));
#12018 = DIRECTION('',(-1.398706172756E-14,-1.,0.));
#12019 = ADVANCED_FACE('',(#12020),#12031,.F.);
#12020 = FACE_BOUND('',#12021,.T.);
#12021 = EDGE_LOOP('',(#12022,#12023,#12029,#12030));
#12022 = ORIENTED_EDGE('',*,*,#1428,.T.);
#12023 = ORIENTED_EDGE('',*,*,#12024,.T.);
#12024 = EDGE_CURVE('',#1429,#6378,#12025,.T.);
#12025 = LINE('',#12026,#12027);
#12026 = CARTESIAN_POINT('',(48.76,111.662,-4.6E-02));
#12027 = VECTOR('',#12028,1.);
#12028 = DIRECTION('',(0.,0.,1.));
#12029 = ORIENTED_EDGE('',*,*,#6377,.F.);
#12030 = ORIENTED_EDGE('',*,*,#12024,.F.);
#12031 = CYLINDRICAL_SURFACE('',#12032,0.508);
#12032 = AXIS2_PLACEMENT_3D('',#12033,#12034,#12035);
#12033 = CARTESIAN_POINT('',(48.76,112.17,-4.6E-02));
#12034 = DIRECTION('',(-0.,-0.,-1.));
#12035 = DIRECTION('',(-1.398706172756E-14,-1.,0.));
#12036 = ADVANCED_FACE('',(#12037),#12048,.F.);
#12037 = FACE_BOUND('',#12038,.T.);
#12038 = EDGE_LOOP('',(#12039,#12040,#12046,#12047));
#12039 = ORIENTED_EDGE('',*,*,#1439,.T.);
#12040 = ORIENTED_EDGE('',*,*,#12041,.T.);
#12041 = EDGE_CURVE('',#1440,#6389,#12042,.T.);
#12042 = LINE('',#12043,#12044);
#12043 = CARTESIAN_POINT('',(51.3,104.042,-4.6E-02));
#12044 = VECTOR('',#12045,1.);
#12045 = DIRECTION('',(0.,0.,1.));
#12046 = ORIENTED_EDGE('',*,*,#6388,.F.);
#12047 = ORIENTED_EDGE('',*,*,#12041,.F.);
#12048 = CYLINDRICAL_SURFACE('',#12049,0.508);
#12049 = AXIS2_PLACEMENT_3D('',#12050,#12051,#12052);
#12050 = CARTESIAN_POINT('',(51.3,104.55,-4.6E-02));
#12051 = DIRECTION('',(-0.,-0.,-1.));
#12052 = DIRECTION('',(-0.,-1.,0.));
#12053 = ADVANCED_FACE('',(#12054),#12065,.F.);
#12054 = FACE_BOUND('',#12055,.T.);
#12055 = EDGE_LOOP('',(#12056,#12057,#12063,#12064));
#12056 = ORIENTED_EDGE('',*,*,#1450,.T.);
#12057 = ORIENTED_EDGE('',*,*,#12058,.T.);
#12058 = EDGE_CURVE('',#1451,#6400,#12059,.T.);
#12059 = LINE('',#12060,#12061);
#12060 = CARTESIAN_POINT('',(51.3,106.582,-4.6E-02));
#12061 = VECTOR('',#12062,1.);
#12062 = DIRECTION('',(0.,0.,1.));
#12063 = ORIENTED_EDGE('',*,*,#6399,.F.);
#12064 = ORIENTED_EDGE('',*,*,#12058,.F.);
#12065 = CYLINDRICAL_SURFACE('',#12066,0.508);
#12066 = AXIS2_PLACEMENT_3D('',#12067,#12068,#12069);
#12067 = CARTESIAN_POINT('',(51.3,107.09,-4.6E-02));
#12068 = DIRECTION('',(-0.,-0.,-1.));
#12069 = DIRECTION('',(-0.,-1.,0.));
#12070 = ADVANCED_FACE('',(#12071),#12082,.F.);
#12071 = FACE_BOUND('',#12072,.T.);
#12072 = EDGE_LOOP('',(#12073,#12074,#12080,#12081));
#12073 = ORIENTED_EDGE('',*,*,#1461,.T.);
#12074 = ORIENTED_EDGE('',*,*,#12075,.T.);
#12075 = EDGE_CURVE('',#1462,#6411,#12076,.T.);
#12076 = LINE('',#12077,#12078);
#12077 = CARTESIAN_POINT('',(51.3,109.122,-4.6E-02));
#12078 = VECTOR('',#12079,1.);
#12079 = DIRECTION('',(0.,0.,1.));
#12080 = ORIENTED_EDGE('',*,*,#6410,.F.);
#12081 = ORIENTED_EDGE('',*,*,#12075,.F.);
#12082 = CYLINDRICAL_SURFACE('',#12083,0.508);
#12083 = AXIS2_PLACEMENT_3D('',#12084,#12085,#12086);
#12084 = CARTESIAN_POINT('',(51.3,109.63,-4.6E-02));
#12085 = DIRECTION('',(-0.,-0.,-1.));
#12086 = DIRECTION('',(-0.,-1.,0.));
#12087 = ADVANCED_FACE('',(#12088),#12099,.F.);
#12088 = FACE_BOUND('',#12089,.T.);
#12089 = EDGE_LOOP('',(#12090,#12091,#12097,#12098));
#12090 = ORIENTED_EDGE('',*,*,#1472,.T.);
#12091 = ORIENTED_EDGE('',*,*,#12092,.T.);
#12092 = EDGE_CURVE('',#1473,#6422,#12093,.T.);
#12093 = LINE('',#12094,#12095);
#12094 = CARTESIAN_POINT('',(51.3,111.662,-4.6E-02));
#12095 = VECTOR('',#12096,1.);
#12096 = DIRECTION('',(0.,0.,1.));
#12097 = ORIENTED_EDGE('',*,*,#6421,.F.);
#12098 = ORIENTED_EDGE('',*,*,#12092,.F.);
#12099 = CYLINDRICAL_SURFACE('',#12100,0.508);
#12100 = AXIS2_PLACEMENT_3D('',#12101,#12102,#12103);
#12101 = CARTESIAN_POINT('',(51.3,112.17,-4.6E-02));
#12102 = DIRECTION('',(-0.,-0.,-1.));
#12103 = DIRECTION('',(-0.,-1.,0.));
#12104 = ADVANCED_FACE('',(#12105),#12116,.F.);
#12105 = FACE_BOUND('',#12106,.T.);
#12106 = EDGE_LOOP('',(#12107,#12108,#12114,#12115));
#12107 = ORIENTED_EDGE('',*,*,#1483,.T.);
#12108 = ORIENTED_EDGE('',*,*,#12109,.T.);
#12109 = EDGE_CURVE('',#1484,#6433,#12110,.T.);
#12110 = LINE('',#12111,#12112);
#12111 = CARTESIAN_POINT('',(5.52,139.79,-4.6E-02));
#12112 = VECTOR('',#12113,1.);
#12113 = DIRECTION('',(0.,0.,1.));
#12114 = ORIENTED_EDGE('',*,*,#6432,.F.);
#12115 = ORIENTED_EDGE('',*,*,#12109,.F.);
#12116 = CYLINDRICAL_SURFACE('',#12117,0.5);
#12117 = AXIS2_PLACEMENT_3D('',#12118,#12119,#12120);
#12118 = CARTESIAN_POINT('',(5.52,140.29,-4.6E-02));
#12119 = DIRECTION('',(-0.,-0.,-1.));
#12120 = DIRECTION('',(-0.,-1.,0.));
#12121 = ADVANCED_FACE('',(#12122),#12133,.F.);
#12122 = FACE_BOUND('',#12123,.T.);
#12123 = EDGE_LOOP('',(#12124,#12125,#12131,#12132));
#12124 = ORIENTED_EDGE('',*,*,#1494,.T.);
#12125 = ORIENTED_EDGE('',*,*,#12126,.T.);
#12126 = EDGE_CURVE('',#1495,#6444,#12127,.T.);
#12127 = LINE('',#12128,#12129);
#12128 = CARTESIAN_POINT('',(5.52,142.33,-4.6E-02));
#12129 = VECTOR('',#12130,1.);
#12130 = DIRECTION('',(0.,0.,1.));
#12131 = ORIENTED_EDGE('',*,*,#6443,.F.);
#12132 = ORIENTED_EDGE('',*,*,#12126,.F.);
#12133 = CYLINDRICAL_SURFACE('',#12134,0.5);
#12134 = AXIS2_PLACEMENT_3D('',#12135,#12136,#12137);
#12135 = CARTESIAN_POINT('',(5.52,142.83,-4.6E-02));
#12136 = DIRECTION('',(-0.,-0.,-1.));
#12137 = DIRECTION('',(-0.,-1.,0.));
#12138 = ADVANCED_FACE('',(#12139),#12150,.F.);
#12139 = FACE_BOUND('',#12140,.T.);
#12140 = EDGE_LOOP('',(#12141,#12142,#12148,#12149));
#12141 = ORIENTED_EDGE('',*,*,#1505,.T.);
#12142 = ORIENTED_EDGE('',*,*,#12143,.T.);
#12143 = EDGE_CURVE('',#1506,#6455,#12144,.T.);
#12144 = LINE('',#12145,#12146);
#12145 = CARTESIAN_POINT('',(48.76,114.202,-4.6E-02));
#12146 = VECTOR('',#12147,1.);
#12147 = DIRECTION('',(0.,0.,1.));
#12148 = ORIENTED_EDGE('',*,*,#6454,.F.);
#12149 = ORIENTED_EDGE('',*,*,#12143,.F.);
#12150 = CYLINDRICAL_SURFACE('',#12151,0.508);
#12151 = AXIS2_PLACEMENT_3D('',#12152,#12153,#12154);
#12152 = CARTESIAN_POINT('',(48.76,114.71,-4.6E-02));
#12153 = DIRECTION('',(-0.,-0.,-1.));
#12154 = DIRECTION('',(-1.398706172756E-14,-1.,0.));
#12155 = ADVANCED_FACE('',(#12156),#12167,.F.);
#12156 = FACE_BOUND('',#12157,.T.);
#12157 = EDGE_LOOP('',(#12158,#12159,#12165,#12166));
#12158 = ORIENTED_EDGE('',*,*,#1516,.T.);
#12159 = ORIENTED_EDGE('',*,*,#12160,.T.);
#12160 = EDGE_CURVE('',#1517,#6466,#12161,.T.);
#12161 = LINE('',#12162,#12163);
#12162 = CARTESIAN_POINT('',(48.76,116.742,-4.6E-02));
#12163 = VECTOR('',#12164,1.);
#12164 = DIRECTION('',(0.,0.,1.));
#12165 = ORIENTED_EDGE('',*,*,#6465,.F.);
#12166 = ORIENTED_EDGE('',*,*,#12160,.F.);
#12167 = CYLINDRICAL_SURFACE('',#12168,0.508);
#12168 = AXIS2_PLACEMENT_3D('',#12169,#12170,#12171);
#12169 = CARTESIAN_POINT('',(48.76,117.25,-4.6E-02));
#12170 = DIRECTION('',(-0.,-0.,-1.));
#12171 = DIRECTION('',(-1.398706172756E-14,-1.,0.));
#12172 = ADVANCED_FACE('',(#12173),#12184,.F.);
#12173 = FACE_BOUND('',#12174,.T.);
#12174 = EDGE_LOOP('',(#12175,#12176,#12182,#12183));
#12175 = ORIENTED_EDGE('',*,*,#1527,.T.);
#12176 = ORIENTED_EDGE('',*,*,#12177,.T.);
#12177 = EDGE_CURVE('',#1528,#6477,#12178,.T.);
#12178 = LINE('',#12179,#12180);
#12179 = CARTESIAN_POINT('',(48.76,119.282,-4.6E-02));
#12180 = VECTOR('',#12181,1.);
#12181 = DIRECTION('',(0.,0.,1.));
#12182 = ORIENTED_EDGE('',*,*,#6476,.F.);
#12183 = ORIENTED_EDGE('',*,*,#12177,.F.);
#12184 = CYLINDRICAL_SURFACE('',#12185,0.508);
#12185 = AXIS2_PLACEMENT_3D('',#12186,#12187,#12188);
#12186 = CARTESIAN_POINT('',(48.76,119.79,-4.6E-02));
#12187 = DIRECTION('',(-0.,-0.,-1.));
#12188 = DIRECTION('',(-1.398706172756E-14,-1.,0.));
#12189 = ADVANCED_FACE('',(#12190),#12201,.F.);
#12190 = FACE_BOUND('',#12191,.T.);
#12191 = EDGE_LOOP('',(#12192,#12193,#12199,#12200));
#12192 = ORIENTED_EDGE('',*,*,#1538,.T.);
#12193 = ORIENTED_EDGE('',*,*,#12194,.T.);
#12194 = EDGE_CURVE('',#1539,#6488,#12195,.T.);
#12195 = LINE('',#12196,#12197);
#12196 = CARTESIAN_POINT('',(48.76,121.822,-4.6E-02));
#12197 = VECTOR('',#12198,1.);
#12198 = DIRECTION('',(0.,0.,1.));
#12199 = ORIENTED_EDGE('',*,*,#6487,.F.);
#12200 = ORIENTED_EDGE('',*,*,#12194,.F.);
#12201 = CYLINDRICAL_SURFACE('',#12202,0.508);
#12202 = AXIS2_PLACEMENT_3D('',#12203,#12204,#12205);
#12203 = CARTESIAN_POINT('',(48.76,122.33,-4.6E-02));
#12204 = DIRECTION('',(-0.,-0.,-1.));
#12205 = DIRECTION('',(-1.398706172756E-14,-1.,0.));
#12206 = ADVANCED_FACE('',(#12207),#12218,.F.);
#12207 = FACE_BOUND('',#12208,.T.);
#12208 = EDGE_LOOP('',(#12209,#12210,#12216,#12217));
#12209 = ORIENTED_EDGE('',*,*,#1549,.T.);
#12210 = ORIENTED_EDGE('',*,*,#12211,.T.);
#12211 = EDGE_CURVE('',#1550,#6499,#12212,.T.);
#12212 = LINE('',#12213,#12214);
#12213 = CARTESIAN_POINT('',(48.76,124.362,-4.6E-02));
#12214 = VECTOR('',#12215,1.);
#12215 = DIRECTION('',(0.,0.,1.));
#12216 = ORIENTED_EDGE('',*,*,#6498,.F.);
#12217 = ORIENTED_EDGE('',*,*,#12211,.F.);
#12218 = CYLINDRICAL_SURFACE('',#12219,0.508);
#12219 = AXIS2_PLACEMENT_3D('',#12220,#12221,#12222);
#12220 = CARTESIAN_POINT('',(48.76,124.87,-4.6E-02));
#12221 = DIRECTION('',(-0.,-0.,-1.));
#12222 = DIRECTION('',(-1.398706172756E-14,-1.,0.));
#12223 = ADVANCED_FACE('',(#12224),#12235,.F.);
#12224 = FACE_BOUND('',#12225,.T.);
#12225 = EDGE_LOOP('',(#12226,#12227,#12233,#12234));
#12226 = ORIENTED_EDGE('',*,*,#1560,.T.);
#12227 = ORIENTED_EDGE('',*,*,#12228,.T.);
#12228 = EDGE_CURVE('',#1561,#6510,#12229,.T.);
#12229 = LINE('',#12230,#12231);
#12230 = CARTESIAN_POINT('',(48.76,126.902,-4.6E-02));
#12231 = VECTOR('',#12232,1.);
#12232 = DIRECTION('',(0.,0.,1.));
#12233 = ORIENTED_EDGE('',*,*,#6509,.F.);
#12234 = ORIENTED_EDGE('',*,*,#12228,.F.);
#12235 = CYLINDRICAL_SURFACE('',#12236,0.508);
#12236 = AXIS2_PLACEMENT_3D('',#12237,#12238,#12239);
#12237 = CARTESIAN_POINT('',(48.76,127.41,-4.6E-02));
#12238 = DIRECTION('',(-0.,-0.,-1.));
#12239 = DIRECTION('',(-1.398706172756E-14,-1.,0.));
#12240 = ADVANCED_FACE('',(#12241),#12252,.F.);
#12241 = FACE_BOUND('',#12242,.T.);
#12242 = EDGE_LOOP('',(#12243,#12244,#12250,#12251));
#12243 = ORIENTED_EDGE('',*,*,#1571,.T.);
#12244 = ORIENTED_EDGE('',*,*,#12245,.T.);
#12245 = EDGE_CURVE('',#1572,#6521,#12246,.T.);
#12246 = LINE('',#12247,#12248);
#12247 = CARTESIAN_POINT('',(51.3,114.202,-4.6E-02));
#12248 = VECTOR('',#12249,1.);
#12249 = DIRECTION('',(0.,0.,1.));
#12250 = ORIENTED_EDGE('',*,*,#6520,.F.);
#12251 = ORIENTED_EDGE('',*,*,#12245,.F.);
#12252 = CYLINDRICAL_SURFACE('',#12253,0.508);
#12253 = AXIS2_PLACEMENT_3D('',#12254,#12255,#12256);
#12254 = CARTESIAN_POINT('',(51.3,114.71,-4.6E-02));
#12255 = DIRECTION('',(-0.,-0.,-1.));
#12256 = DIRECTION('',(-0.,-1.,0.));
#12257 = ADVANCED_FACE('',(#12258),#12269,.F.);
#12258 = FACE_BOUND('',#12259,.T.);
#12259 = EDGE_LOOP('',(#12260,#12261,#12267,#12268));
#12260 = ORIENTED_EDGE('',*,*,#1582,.T.);
#12261 = ORIENTED_EDGE('',*,*,#12262,.T.);
#12262 = EDGE_CURVE('',#1583,#6532,#12263,.T.);
#12263 = LINE('',#12264,#12265);
#12264 = CARTESIAN_POINT('',(51.3,116.742,-4.6E-02));
#12265 = VECTOR('',#12266,1.);
#12266 = DIRECTION('',(0.,0.,1.));
#12267 = ORIENTED_EDGE('',*,*,#6531,.F.);
#12268 = ORIENTED_EDGE('',*,*,#12262,.F.);
#12269 = CYLINDRICAL_SURFACE('',#12270,0.508);
#12270 = AXIS2_PLACEMENT_3D('',#12271,#12272,#12273);
#12271 = CARTESIAN_POINT('',(51.3,117.25,-4.6E-02));
#12272 = DIRECTION('',(-0.,-0.,-1.));
#12273 = DIRECTION('',(-0.,-1.,0.));
#12274 = ADVANCED_FACE('',(#12275),#12286,.F.);
#12275 = FACE_BOUND('',#12276,.T.);
#12276 = EDGE_LOOP('',(#12277,#12278,#12284,#12285));
#12277 = ORIENTED_EDGE('',*,*,#1593,.T.);
#12278 = ORIENTED_EDGE('',*,*,#12279,.T.);
#12279 = EDGE_CURVE('',#1594,#6543,#12280,.T.);
#12280 = LINE('',#12281,#12282);
#12281 = CARTESIAN_POINT('',(51.3,119.282,-4.6E-02));
#12282 = VECTOR('',#12283,1.);
#12283 = DIRECTION('',(0.,0.,1.));
#12284 = ORIENTED_EDGE('',*,*,#6542,.F.);
#12285 = ORIENTED_EDGE('',*,*,#12279,.F.);
#12286 = CYLINDRICAL_SURFACE('',#12287,0.508);
#12287 = AXIS2_PLACEMENT_3D('',#12288,#12289,#12290);
#12288 = CARTESIAN_POINT('',(51.3,119.79,-4.6E-02));
#12289 = DIRECTION('',(-0.,-0.,-1.));
#12290 = DIRECTION('',(-0.,-1.,0.));
#12291 = ADVANCED_FACE('',(#12292),#12303,.F.);
#12292 = FACE_BOUND('',#12293,.T.);
#12293 = EDGE_LOOP('',(#12294,#12295,#12301,#12302));
#12294 = ORIENTED_EDGE('',*,*,#1604,.T.);
#12295 = ORIENTED_EDGE('',*,*,#12296,.T.);
#12296 = EDGE_CURVE('',#1605,#6554,#12297,.T.);
#12297 = LINE('',#12298,#12299);
#12298 = CARTESIAN_POINT('',(51.3,121.822,-4.6E-02));
#12299 = VECTOR('',#12300,1.);
#12300 = DIRECTION('',(0.,0.,1.));
#12301 = ORIENTED_EDGE('',*,*,#6553,.F.);
#12302 = ORIENTED_EDGE('',*,*,#12296,.F.);
#12303 = CYLINDRICAL_SURFACE('',#12304,0.508);
#12304 = AXIS2_PLACEMENT_3D('',#12305,#12306,#12307);
#12305 = CARTESIAN_POINT('',(51.3,122.33,-4.6E-02));
#12306 = DIRECTION('',(-0.,-0.,-1.));
#12307 = DIRECTION('',(-0.,-1.,0.));
#12308 = ADVANCED_FACE('',(#12309),#12320,.F.);
#12309 = FACE_BOUND('',#12310,.T.);
#12310 = EDGE_LOOP('',(#12311,#12312,#12318,#12319));
#12311 = ORIENTED_EDGE('',*,*,#1615,.T.);
#12312 = ORIENTED_EDGE('',*,*,#12313,.T.);
#12313 = EDGE_CURVE('',#1616,#6565,#12314,.T.);
#12314 = LINE('',#12315,#12316);
#12315 = CARTESIAN_POINT('',(51.3,124.362,-4.6E-02));
#12316 = VECTOR('',#12317,1.);
#12317 = DIRECTION('',(0.,0.,1.));
#12318 = ORIENTED_EDGE('',*,*,#6564,.F.);
#12319 = ORIENTED_EDGE('',*,*,#12313,.F.);
#12320 = CYLINDRICAL_SURFACE('',#12321,0.508);
#12321 = AXIS2_PLACEMENT_3D('',#12322,#12323,#12324);
#12322 = CARTESIAN_POINT('',(51.3,124.87,-4.6E-02));
#12323 = DIRECTION('',(-0.,-0.,-1.));
#12324 = DIRECTION('',(-0.,-1.,0.));
#12325 = ADVANCED_FACE('',(#12326),#12337,.F.);
#12326 = FACE_BOUND('',#12327,.T.);
#12327 = EDGE_LOOP('',(#12328,#12329,#12335,#12336));
#12328 = ORIENTED_EDGE('',*,*,#1626,.T.);
#12329 = ORIENTED_EDGE('',*,*,#12330,.T.);
#12330 = EDGE_CURVE('',#1627,#6576,#12331,.T.);
#12331 = LINE('',#12332,#12333);
#12332 = CARTESIAN_POINT('',(51.3,126.902,-4.6E-02));
#12333 = VECTOR('',#12334,1.);
#12334 = DIRECTION('',(0.,0.,1.));
#12335 = ORIENTED_EDGE('',*,*,#6575,.F.);
#12336 = ORIENTED_EDGE('',*,*,#12330,.F.);
#12337 = CYLINDRICAL_SURFACE('',#12338,0.508);
#12338 = AXIS2_PLACEMENT_3D('',#12339,#12340,#12341);
#12339 = CARTESIAN_POINT('',(51.3,127.41,-4.6E-02));
#12340 = DIRECTION('',(-0.,-0.,-1.));
#12341 = DIRECTION('',(-0.,-1.,0.));
#12342 = ADVANCED_FACE('',(#12343),#12354,.F.);
#12343 = FACE_BOUND('',#12344,.T.);
#12344 = EDGE_LOOP('',(#12345,#12346,#12352,#12353));
#12345 = ORIENTED_EDGE('',*,*,#1637,.T.);
#12346 = ORIENTED_EDGE('',*,*,#12347,.T.);
#12347 = EDGE_CURVE('',#1638,#6587,#12348,.T.);
#12348 = LINE('',#12349,#12350);
#12349 = CARTESIAN_POINT('',(63.41,124.872,-4.6E-02));
#12350 = VECTOR('',#12351,1.);
#12351 = DIRECTION('',(0.,0.,1.));
#12352 = ORIENTED_EDGE('',*,*,#6586,.F.);
#12353 = ORIENTED_EDGE('',*,*,#12347,.F.);
#12354 = CYLINDRICAL_SURFACE('',#12355,0.508);
#12355 = AXIS2_PLACEMENT_3D('',#12356,#12357,#12358);
#12356 = CARTESIAN_POINT('',(63.41,125.38,-4.6E-02));
#12357 = DIRECTION('',(-0.,-0.,-1.));
#12358 = DIRECTION('',(-0.,-1.,0.));
#12359 = ADVANCED_FACE('',(#12360),#12371,.F.);
#12360 = FACE_BOUND('',#12361,.T.);
#12361 = EDGE_LOOP('',(#12362,#12363,#12369,#12370));
#12362 = ORIENTED_EDGE('',*,*,#1648,.T.);
#12363 = ORIENTED_EDGE('',*,*,#12364,.T.);
#12364 = EDGE_CURVE('',#1649,#6598,#12365,.T.);
#12365 = LINE('',#12366,#12367);
#12366 = CARTESIAN_POINT('',(64.92,77.902,-4.6E-02));
#12367 = VECTOR('',#12368,1.);
#12368 = DIRECTION('',(0.,0.,1.));
#12369 = ORIENTED_EDGE('',*,*,#6597,.F.);
#12370 = ORIENTED_EDGE('',*,*,#12364,.F.);
#12371 = CYLINDRICAL_SURFACE('',#12372,0.508);
#12372 = AXIS2_PLACEMENT_3D('',#12373,#12374,#12375);
#12373 = CARTESIAN_POINT('',(64.92,78.41,-4.6E-02));
#12374 = DIRECTION('',(-0.,-0.,-1.));
#12375 = DIRECTION('',(-0.,-1.,0.));
#12376 = ADVANCED_FACE('',(#12377),#12388,.F.);
#12377 = FACE_BOUND('',#12378,.T.);
#12378 = EDGE_LOOP('',(#12379,#12380,#12386,#12387));
#12379 = ORIENTED_EDGE('',*,*,#1659,.T.);
#12380 = ORIENTED_EDGE('',*,*,#12381,.T.);
#12381 = EDGE_CURVE('',#1660,#6609,#12382,.T.);
#12382 = LINE('',#12383,#12384);
#12383 = CARTESIAN_POINT('',(70.47,77.832,-4.6E-02));
#12384 = VECTOR('',#12385,1.);
#12385 = DIRECTION('',(0.,0.,1.));
#12386 = ORIENTED_EDGE('',*,*,#6608,.F.);
#12387 = ORIENTED_EDGE('',*,*,#12381,.F.);
#12388 = CYLINDRICAL_SURFACE('',#12389,0.508);
#12389 = AXIS2_PLACEMENT_3D('',#12390,#12391,#12392);
#12390 = CARTESIAN_POINT('',(70.47,78.34,-4.6E-02));
#12391 = DIRECTION('',(-0.,-0.,-1.));
#12392 = DIRECTION('',(-0.,-1.,0.));
#12393 = ADVANCED_FACE('',(#12394),#12405,.F.);
#12394 = FACE_BOUND('',#12395,.T.);
#12395 = EDGE_LOOP('',(#12396,#12397,#12403,#12404));
#12396 = ORIENTED_EDGE('',*,*,#1670,.T.);
#12397 = ORIENTED_EDGE('',*,*,#12398,.T.);
#12398 = EDGE_CURVE('',#1671,#6620,#12399,.T.);
#12399 = LINE('',#12400,#12401);
#12400 = CARTESIAN_POINT('',(64.92,80.442,-4.6E-02));
#12401 = VECTOR('',#12402,1.);
#12402 = DIRECTION('',(0.,0.,1.));
#12403 = ORIENTED_EDGE('',*,*,#6619,.F.);
#12404 = ORIENTED_EDGE('',*,*,#12398,.F.);
#12405 = CYLINDRICAL_SURFACE('',#12406,0.508);
#12406 = AXIS2_PLACEMENT_3D('',#12407,#12408,#12409);
#12407 = CARTESIAN_POINT('',(64.92,80.95,-4.6E-02));
#12408 = DIRECTION('',(-0.,-0.,-1.));
#12409 = DIRECTION('',(-0.,-1.,0.));
#12410 = ADVANCED_FACE('',(#12411),#12422,.F.);
#12411 = FACE_BOUND('',#12412,.T.);
#12412 = EDGE_LOOP('',(#12413,#12414,#12420,#12421));
#12413 = ORIENTED_EDGE('',*,*,#1681,.T.);
#12414 = ORIENTED_EDGE('',*,*,#12415,.T.);
#12415 = EDGE_CURVE('',#1682,#6631,#12416,.T.);
#12416 = LINE('',#12417,#12418);
#12417 = CARTESIAN_POINT('',(70.47,80.372,-4.6E-02));
#12418 = VECTOR('',#12419,1.);
#12419 = DIRECTION('',(0.,0.,1.));
#12420 = ORIENTED_EDGE('',*,*,#6630,.F.);
#12421 = ORIENTED_EDGE('',*,*,#12415,.F.);
#12422 = CYLINDRICAL_SURFACE('',#12423,0.508);
#12423 = AXIS2_PLACEMENT_3D('',#12424,#12425,#12426);
#12424 = CARTESIAN_POINT('',(70.47,80.88,-4.6E-02));
#12425 = DIRECTION('',(-0.,-0.,-1.));
#12426 = DIRECTION('',(-0.,-1.,0.));
#12427 = ADVANCED_FACE('',(#12428),#12439,.F.);
#12428 = FACE_BOUND('',#12429,.T.);
#12429 = EDGE_LOOP('',(#12430,#12431,#12437,#12438));
#12430 = ORIENTED_EDGE('',*,*,#1692,.T.);
#12431 = ORIENTED_EDGE('',*,*,#12432,.T.);
#12432 = EDGE_CURVE('',#1693,#6642,#12433,.T.);
#12433 = LINE('',#12434,#12435);
#12434 = CARTESIAN_POINT('',(75.96,77.942,-4.6E-02));
#12435 = VECTOR('',#12436,1.);
#12436 = DIRECTION('',(0.,0.,1.));
#12437 = ORIENTED_EDGE('',*,*,#6641,.F.);
#12438 = ORIENTED_EDGE('',*,*,#12432,.F.);
#12439 = CYLINDRICAL_SURFACE('',#12440,0.508);
#12440 = AXIS2_PLACEMENT_3D('',#12441,#12442,#12443);
#12441 = CARTESIAN_POINT('',(75.96,78.45,-4.6E-02));
#12442 = DIRECTION('',(-0.,-0.,-1.));
#12443 = DIRECTION('',(-2.797412345512E-14,-1.,0.));
#12444 = ADVANCED_FACE('',(#12445),#12456,.F.);
#12445 = FACE_BOUND('',#12446,.T.);
#12446 = EDGE_LOOP('',(#12447,#12448,#12454,#12455));
#12447 = ORIENTED_EDGE('',*,*,#1703,.T.);
#12448 = ORIENTED_EDGE('',*,*,#12449,.T.);
#12449 = EDGE_CURVE('',#1704,#6653,#12450,.T.);
#12450 = LINE('',#12451,#12452);
#12451 = CARTESIAN_POINT('',(78.5,77.942,-4.6E-02));
#12452 = VECTOR('',#12453,1.);
#12453 = DIRECTION('',(0.,0.,1.));
#12454 = ORIENTED_EDGE('',*,*,#6652,.F.);
#12455 = ORIENTED_EDGE('',*,*,#12449,.F.);
#12456 = CYLINDRICAL_SURFACE('',#12457,0.508);
#12457 = AXIS2_PLACEMENT_3D('',#12458,#12459,#12460);
#12458 = CARTESIAN_POINT('',(78.5,78.45,-4.6E-02));
#12459 = DIRECTION('',(-0.,-0.,-1.));
#12460 = DIRECTION('',(-0.,-1.,0.));
#12461 = ADVANCED_FACE('',(#12462),#12473,.F.);
#12462 = FACE_BOUND('',#12463,.T.);
#12463 = EDGE_LOOP('',(#12464,#12465,#12471,#12472));
#12464 = ORIENTED_EDGE('',*,*,#1714,.T.);
#12465 = ORIENTED_EDGE('',*,*,#12466,.T.);
#12466 = EDGE_CURVE('',#1715,#6664,#12467,.T.);
#12467 = LINE('',#12468,#12469);
#12468 = CARTESIAN_POINT('',(75.96,80.482,-4.6E-02));
#12469 = VECTOR('',#12470,1.);
#12470 = DIRECTION('',(0.,0.,1.));
#12471 = ORIENTED_EDGE('',*,*,#6663,.F.);
#12472 = ORIENTED_EDGE('',*,*,#12466,.F.);
#12473 = CYLINDRICAL_SURFACE('',#12474,0.508);
#12474 = AXIS2_PLACEMENT_3D('',#12475,#12476,#12477);
#12475 = CARTESIAN_POINT('',(75.96,80.99,-4.6E-02));
#12476 = DIRECTION('',(-0.,-0.,-1.));
#12477 = DIRECTION('',(-2.797412345512E-14,-1.,0.));
#12478 = ADVANCED_FACE('',(#12479),#12490,.F.);
#12479 = FACE_BOUND('',#12480,.T.);
#12480 = EDGE_LOOP('',(#12481,#12482,#12488,#12489));
#12481 = ORIENTED_EDGE('',*,*,#1725,.T.);
#12482 = ORIENTED_EDGE('',*,*,#12483,.T.);
#12483 = EDGE_CURVE('',#1726,#6675,#12484,.T.);
#12484 = LINE('',#12485,#12486);
#12485 = CARTESIAN_POINT('',(78.5,80.482,-4.6E-02));
#12486 = VECTOR('',#12487,1.);
#12487 = DIRECTION('',(0.,0.,1.));
#12488 = ORIENTED_EDGE('',*,*,#6674,.F.);
#12489 = ORIENTED_EDGE('',*,*,#12483,.F.);
#12490 = CYLINDRICAL_SURFACE('',#12491,0.508);
#12491 = AXIS2_PLACEMENT_3D('',#12492,#12493,#12494);
#12492 = CARTESIAN_POINT('',(78.5,80.99,-4.6E-02));
#12493 = DIRECTION('',(-0.,-0.,-1.));
#12494 = DIRECTION('',(-0.,-1.,0.));
#12495 = ADVANCED_FACE('',(#12496),#12507,.F.);
#12496 = FACE_BOUND('',#12497,.T.);
#12497 = EDGE_LOOP('',(#12498,#12499,#12505,#12506));
#12498 = ORIENTED_EDGE('',*,*,#1736,.T.);
#12499 = ORIENTED_EDGE('',*,*,#12500,.T.);
#12500 = EDGE_CURVE('',#1737,#6686,#12501,.T.);
#12501 = LINE('',#12502,#12503);
#12502 = CARTESIAN_POINT('',(81.04,77.942,-4.6E-02));
#12503 = VECTOR('',#12504,1.);
#12504 = DIRECTION('',(0.,0.,1.));
#12505 = ORIENTED_EDGE('',*,*,#6685,.F.);
#12506 = ORIENTED_EDGE('',*,*,#12500,.F.);
#12507 = CYLINDRICAL_SURFACE('',#12508,0.508);
#12508 = AXIS2_PLACEMENT_3D('',#12509,#12510,#12511);
#12509 = CARTESIAN_POINT('',(81.04,78.45,-4.6E-02));
#12510 = DIRECTION('',(-0.,0.,-1.));
#12511 = DIRECTION('',(2.797412345512E-14,-1.,-0.));
#12512 = ADVANCED_FACE('',(#12513),#12524,.F.);
#12513 = FACE_BOUND('',#12514,.T.);
#12514 = EDGE_LOOP('',(#12515,#12516,#12522,#12523));
#12515 = ORIENTED_EDGE('',*,*,#1747,.T.);
#12516 = ORIENTED_EDGE('',*,*,#12517,.T.);
#12517 = EDGE_CURVE('',#1748,#6697,#12518,.T.);
#12518 = LINE('',#12519,#12520);
#12519 = CARTESIAN_POINT('',(83.58,77.942,-4.6E-02));
#12520 = VECTOR('',#12521,1.);
#12521 = DIRECTION('',(0.,0.,1.));
#12522 = ORIENTED_EDGE('',*,*,#6696,.F.);
#12523 = ORIENTED_EDGE('',*,*,#12517,.F.);
#12524 = CYLINDRICAL_SURFACE('',#12525,0.508);
#12525 = AXIS2_PLACEMENT_3D('',#12526,#12527,#12528);
#12526 = CARTESIAN_POINT('',(83.58,78.45,-4.6E-02));
#12527 = DIRECTION('',(-0.,-0.,-1.));
#12528 = DIRECTION('',(-0.,-1.,0.));
#12529 = ADVANCED_FACE('',(#12530),#12541,.F.);
#12530 = FACE_BOUND('',#12531,.T.);
#12531 = EDGE_LOOP('',(#12532,#12533,#12539,#12540));
#12532 = ORIENTED_EDGE('',*,*,#1758,.T.);
#12533 = ORIENTED_EDGE('',*,*,#12534,.T.);
#12534 = EDGE_CURVE('',#1759,#6708,#12535,.T.);
#12535 = LINE('',#12536,#12537);
#12536 = CARTESIAN_POINT('',(86.12,77.942,-4.6E-02));
#12537 = VECTOR('',#12538,1.);
#12538 = DIRECTION('',(0.,0.,1.));
#12539 = ORIENTED_EDGE('',*,*,#6707,.F.);
#12540 = ORIENTED_EDGE('',*,*,#12534,.F.);
#12541 = CYLINDRICAL_SURFACE('',#12542,0.508);
#12542 = AXIS2_PLACEMENT_3D('',#12543,#12544,#12545);
#12543 = CARTESIAN_POINT('',(86.12,78.45,-4.6E-02));
#12544 = DIRECTION('',(-0.,-0.,-1.));
#12545 = DIRECTION('',(-0.,-1.,0.));
#12546 = ADVANCED_FACE('',(#12547),#12558,.F.);
#12547 = FACE_BOUND('',#12548,.T.);
#12548 = EDGE_LOOP('',(#12549,#12550,#12556,#12557));
#12549 = ORIENTED_EDGE('',*,*,#1769,.T.);
#12550 = ORIENTED_EDGE('',*,*,#12551,.T.);
#12551 = EDGE_CURVE('',#1770,#6719,#12552,.T.);
#12552 = LINE('',#12553,#12554);
#12553 = CARTESIAN_POINT('',(88.66,77.942,-4.6E-02));
#12554 = VECTOR('',#12555,1.);
#12555 = DIRECTION('',(0.,0.,1.));
#12556 = ORIENTED_EDGE('',*,*,#6718,.F.);
#12557 = ORIENTED_EDGE('',*,*,#12551,.F.);
#12558 = CYLINDRICAL_SURFACE('',#12559,0.508);
#12559 = AXIS2_PLACEMENT_3D('',#12560,#12561,#12562);
#12560 = CARTESIAN_POINT('',(88.66,78.45,-4.6E-02));
#12561 = DIRECTION('',(-0.,-0.,-1.));
#12562 = DIRECTION('',(-0.,-1.,0.));
#12563 = ADVANCED_FACE('',(#12564),#12575,.F.);
#12564 = FACE_BOUND('',#12565,.T.);
#12565 = EDGE_LOOP('',(#12566,#12567,#12573,#12574));
#12566 = ORIENTED_EDGE('',*,*,#1780,.T.);
#12567 = ORIENTED_EDGE('',*,*,#12568,.T.);
#12568 = EDGE_CURVE('',#1781,#6730,#12569,.T.);
#12569 = LINE('',#12570,#12571);
#12570 = CARTESIAN_POINT('',(81.04,80.482,-4.6E-02));
#12571 = VECTOR('',#12572,1.);
#12572 = DIRECTION('',(0.,0.,1.));
#12573 = ORIENTED_EDGE('',*,*,#6729,.F.);
#12574 = ORIENTED_EDGE('',*,*,#12568,.F.);
#12575 = CYLINDRICAL_SURFACE('',#12576,0.508);
#12576 = AXIS2_PLACEMENT_3D('',#12577,#12578,#12579);
#12577 = CARTESIAN_POINT('',(81.04,80.99,-4.6E-02));
#12578 = DIRECTION('',(-0.,0.,-1.));
#12579 = DIRECTION('',(2.797412345512E-14,-1.,-0.));
#12580 = ADVANCED_FACE('',(#12581),#12592,.F.);
#12581 = FACE_BOUND('',#12582,.T.);
#12582 = EDGE_LOOP('',(#12583,#12584,#12590,#12591));
#12583 = ORIENTED_EDGE('',*,*,#1791,.T.);
#12584 = ORIENTED_EDGE('',*,*,#12585,.T.);
#12585 = EDGE_CURVE('',#1792,#6741,#12586,.T.);
#12586 = LINE('',#12587,#12588);
#12587 = CARTESIAN_POINT('',(83.58,80.482,-4.6E-02));
#12588 = VECTOR('',#12589,1.);
#12589 = DIRECTION('',(0.,0.,1.));
#12590 = ORIENTED_EDGE('',*,*,#6740,.F.);
#12591 = ORIENTED_EDGE('',*,*,#12585,.F.);
#12592 = CYLINDRICAL_SURFACE('',#12593,0.508);
#12593 = AXIS2_PLACEMENT_3D('',#12594,#12595,#12596);
#12594 = CARTESIAN_POINT('',(83.58,80.99,-4.6E-02));
#12595 = DIRECTION('',(-0.,-0.,-1.));
#12596 = DIRECTION('',(-0.,-1.,0.));
#12597 = ADVANCED_FACE('',(#12598),#12609,.F.);
#12598 = FACE_BOUND('',#12599,.T.);
#12599 = EDGE_LOOP('',(#12600,#12601,#12607,#12608));
#12600 = ORIENTED_EDGE('',*,*,#1802,.T.);
#12601 = ORIENTED_EDGE('',*,*,#12602,.T.);
#12602 = EDGE_CURVE('',#1803,#6752,#12603,.T.);
#12603 = LINE('',#12604,#12605);
#12604 = CARTESIAN_POINT('',(86.12,80.482,-4.6E-02));
#12605 = VECTOR('',#12606,1.);
#12606 = DIRECTION('',(0.,0.,1.));
#12607 = ORIENTED_EDGE('',*,*,#6751,.F.);
#12608 = ORIENTED_EDGE('',*,*,#12602,.F.);
#12609 = CYLINDRICAL_SURFACE('',#12610,0.508);
#12610 = AXIS2_PLACEMENT_3D('',#12611,#12612,#12613);
#12611 = CARTESIAN_POINT('',(86.12,80.99,-4.6E-02));
#12612 = DIRECTION('',(-0.,-0.,-1.));
#12613 = DIRECTION('',(-0.,-1.,0.));
#12614 = ADVANCED_FACE('',(#12615),#12626,.F.);
#12615 = FACE_BOUND('',#12616,.T.);
#12616 = EDGE_LOOP('',(#12617,#12618,#12624,#12625));
#12617 = ORIENTED_EDGE('',*,*,#1813,.T.);
#12618 = ORIENTED_EDGE('',*,*,#12619,.T.);
#12619 = EDGE_CURVE('',#1814,#6763,#12620,.T.);
#12620 = LINE('',#12621,#12622);
#12621 = CARTESIAN_POINT('',(88.66,80.482,-4.6E-02));
#12622 = VECTOR('',#12623,1.);
#12623 = DIRECTION('',(0.,0.,1.));
#12624 = ORIENTED_EDGE('',*,*,#6762,.F.);
#12625 = ORIENTED_EDGE('',*,*,#12619,.F.);
#12626 = CYLINDRICAL_SURFACE('',#12627,0.508);
#12627 = AXIS2_PLACEMENT_3D('',#12628,#12629,#12630);
#12628 = CARTESIAN_POINT('',(88.66,80.99,-4.6E-02));
#12629 = DIRECTION('',(-0.,-0.,-1.));
#12630 = DIRECTION('',(-0.,-1.,0.));
#12631 = ADVANCED_FACE('',(#12632),#12643,.F.);
#12632 = FACE_BOUND('',#12633,.T.);
#12633 = EDGE_LOOP('',(#12634,#12635,#12641,#12642));
#12634 = ORIENTED_EDGE('',*,*,#1824,.T.);
#12635 = ORIENTED_EDGE('',*,*,#12636,.T.);
#12636 = EDGE_CURVE('',#1825,#6774,#12637,.T.);
#12637 = LINE('',#12638,#12639);
#12638 = CARTESIAN_POINT('',(91.2,77.942,-4.6E-02));
#12639 = VECTOR('',#12640,1.);
#12640 = DIRECTION('',(0.,0.,1.));
#12641 = ORIENTED_EDGE('',*,*,#6773,.F.);
#12642 = ORIENTED_EDGE('',*,*,#12636,.F.);
#12643 = CYLINDRICAL_SURFACE('',#12644,0.508);
#12644 = AXIS2_PLACEMENT_3D('',#12645,#12646,#12647);
#12645 = CARTESIAN_POINT('',(91.2,78.45,-4.6E-02));
#12646 = DIRECTION('',(-0.,0.,-1.));
#12647 = DIRECTION('',(2.797412345512E-14,-1.,-0.));
#12648 = ADVANCED_FACE('',(#12649),#12660,.F.);
#12649 = FACE_BOUND('',#12650,.T.);
#12650 = EDGE_LOOP('',(#12651,#12652,#12658,#12659));
#12651 = ORIENTED_EDGE('',*,*,#1835,.T.);
#12652 = ORIENTED_EDGE('',*,*,#12653,.T.);
#12653 = EDGE_CURVE('',#1836,#6785,#12654,.T.);
#12654 = LINE('',#12655,#12656);
#12655 = CARTESIAN_POINT('',(91.2,80.482,-4.6E-02));
#12656 = VECTOR('',#12657,1.);
#12657 = DIRECTION('',(0.,0.,1.));
#12658 = ORIENTED_EDGE('',*,*,#6784,.F.);
#12659 = ORIENTED_EDGE('',*,*,#12653,.F.);
#12660 = CYLINDRICAL_SURFACE('',#12661,0.508);
#12661 = AXIS2_PLACEMENT_3D('',#12662,#12663,#12664);
#12662 = CARTESIAN_POINT('',(91.2,80.99,-4.6E-02));
#12663 = DIRECTION('',(-0.,0.,-1.));
#12664 = DIRECTION('',(2.797412345512E-14,-1.,-0.));
#12665 = ADVANCED_FACE('',(#12666),#12677,.F.);
#12666 = FACE_BOUND('',#12667,.T.);
#12667 = EDGE_LOOP('',(#12668,#12669,#12675,#12676));
#12668 = ORIENTED_EDGE('',*,*,#1846,.T.);
#12669 = ORIENTED_EDGE('',*,*,#12670,.T.);
#12670 = EDGE_CURVE('',#1847,#6796,#12671,.T.);
#12671 = LINE('',#12672,#12673);
#12672 = CARTESIAN_POINT('',(102.35,91.932,-4.6E-02));
#12673 = VECTOR('',#12674,1.);
#12674 = DIRECTION('',(0.,0.,1.));
#12675 = ORIENTED_EDGE('',*,*,#6795,.F.);
#12676 = ORIENTED_EDGE('',*,*,#12670,.F.);
#12677 = CYLINDRICAL_SURFACE('',#12678,0.508);
#12678 = AXIS2_PLACEMENT_3D('',#12679,#12680,#12681);
#12679 = CARTESIAN_POINT('',(102.35,92.44,-4.6E-02));
#12680 = DIRECTION('',(-0.,-0.,-1.));
#12681 = DIRECTION('',(-0.,-1.,0.));
#12682 = ADVANCED_FACE('',(#12683),#12694,.F.);
#12683 = FACE_BOUND('',#12684,.T.);
#12684 = EDGE_LOOP('',(#12685,#12686,#12692,#12693));
#12685 = ORIENTED_EDGE('',*,*,#1857,.T.);
#12686 = ORIENTED_EDGE('',*,*,#12687,.T.);
#12687 = EDGE_CURVE('',#1858,#6807,#12688,.T.);
#12688 = LINE('',#12689,#12690);
#12689 = CARTESIAN_POINT('',(104.89,91.932,-4.6E-02));
#12690 = VECTOR('',#12691,1.);
#12691 = DIRECTION('',(0.,0.,1.));
#12692 = ORIENTED_EDGE('',*,*,#6806,.F.);
#12693 = ORIENTED_EDGE('',*,*,#12687,.F.);
#12694 = CYLINDRICAL_SURFACE('',#12695,0.508);
#12695 = AXIS2_PLACEMENT_3D('',#12696,#12697,#12698);
#12696 = CARTESIAN_POINT('',(104.89,92.44,-4.6E-02));
#12697 = DIRECTION('',(-0.,-0.,-1.));
#12698 = DIRECTION('',(-0.,-1.,0.));
#12699 = ADVANCED_FACE('',(#12700),#12711,.F.);
#12700 = FACE_BOUND('',#12701,.T.);
#12701 = EDGE_LOOP('',(#12702,#12703,#12709,#12710));
#12702 = ORIENTED_EDGE('',*,*,#1868,.T.);
#12703 = ORIENTED_EDGE('',*,*,#12704,.T.);
#12704 = EDGE_CURVE('',#1869,#6818,#12705,.T.);
#12705 = LINE('',#12706,#12707);
#12706 = CARTESIAN_POINT('',(121.78,91.47,-4.6E-02));
#12707 = VECTOR('',#12708,1.);
#12708 = DIRECTION('',(0.,0.,1.));
#12709 = ORIENTED_EDGE('',*,*,#6817,.F.);
#12710 = ORIENTED_EDGE('',*,*,#12704,.F.);
#12711 = CYLINDRICAL_SURFACE('',#12712,0.5);
#12712 = AXIS2_PLACEMENT_3D('',#12713,#12714,#12715);
#12713 = CARTESIAN_POINT('',(121.78,91.97,-4.6E-02));
#12714 = DIRECTION('',(-0.,-0.,-1.));
#12715 = DIRECTION('',(-0.,-1.,0.));
#12716 = ADVANCED_FACE('',(#12717),#12728,.F.);
#12717 = FACE_BOUND('',#12718,.T.);
#12718 = EDGE_LOOP('',(#12719,#12720,#12726,#12727));
#12719 = ORIENTED_EDGE('',*,*,#1879,.T.);
#12720 = ORIENTED_EDGE('',*,*,#12721,.T.);
#12721 = EDGE_CURVE('',#1880,#6829,#12722,.T.);
#12722 = LINE('',#12723,#12724);
#12723 = CARTESIAN_POINT('',(124.32,91.47,-4.6E-02));
#12724 = VECTOR('',#12725,1.);
#12725 = DIRECTION('',(0.,0.,1.));
#12726 = ORIENTED_EDGE('',*,*,#6828,.F.);
#12727 = ORIENTED_EDGE('',*,*,#12721,.F.);
#12728 = CYLINDRICAL_SURFACE('',#12729,0.5);
#12729 = AXIS2_PLACEMENT_3D('',#12730,#12731,#12732);
#12730 = CARTESIAN_POINT('',(124.32,91.97,-4.6E-02));
#12731 = DIRECTION('',(-0.,-0.,-1.));
#12732 = DIRECTION('',(-0.,-1.,0.));
#12733 = ADVANCED_FACE('',(#12734),#12745,.F.);
#12734 = FACE_BOUND('',#12735,.T.);
#12735 = EDGE_LOOP('',(#12736,#12737,#12743,#12744));
#12736 = ORIENTED_EDGE('',*,*,#1890,.T.);
#12737 = ORIENTED_EDGE('',*,*,#12738,.T.);
#12738 = EDGE_CURVE('',#1891,#6840,#12739,.T.);
#12739 = LINE('',#12740,#12741);
#12740 = CARTESIAN_POINT('',(102.35,94.472,-4.6E-02));
#12741 = VECTOR('',#12742,1.);
#12742 = DIRECTION('',(0.,0.,1.));
#12743 = ORIENTED_EDGE('',*,*,#6839,.F.);
#12744 = ORIENTED_EDGE('',*,*,#12738,.F.);
#12745 = CYLINDRICAL_SURFACE('',#12746,0.508);
#12746 = AXIS2_PLACEMENT_3D('',#12747,#12748,#12749);
#12747 = CARTESIAN_POINT('',(102.35,94.98,-4.6E-02));
#12748 = DIRECTION('',(-0.,-0.,-1.));
#12749 = DIRECTION('',(-0.,-1.,0.));
#12750 = ADVANCED_FACE('',(#12751),#12762,.F.);
#12751 = FACE_BOUND('',#12752,.T.);
#12752 = EDGE_LOOP('',(#12753,#12754,#12760,#12761));
#12753 = ORIENTED_EDGE('',*,*,#1901,.T.);
#12754 = ORIENTED_EDGE('',*,*,#12755,.T.);
#12755 = EDGE_CURVE('',#1902,#6851,#12756,.T.);
#12756 = LINE('',#12757,#12758);
#12757 = CARTESIAN_POINT('',(104.89,94.472,-4.6E-02));
#12758 = VECTOR('',#12759,1.);
#12759 = DIRECTION('',(0.,0.,1.));
#12760 = ORIENTED_EDGE('',*,*,#6850,.F.);
#12761 = ORIENTED_EDGE('',*,*,#12755,.F.);
#12762 = CYLINDRICAL_SURFACE('',#12763,0.508);
#12763 = AXIS2_PLACEMENT_3D('',#12764,#12765,#12766);
#12764 = CARTESIAN_POINT('',(104.89,94.98,-4.6E-02));
#12765 = DIRECTION('',(-0.,-0.,-1.));
#12766 = DIRECTION('',(-0.,-1.,0.));
#12767 = ADVANCED_FACE('',(#12768),#12779,.F.);
#12768 = FACE_BOUND('',#12769,.T.);
#12769 = EDGE_LOOP('',(#12770,#12771,#12777,#12778));
#12770 = ORIENTED_EDGE('',*,*,#1912,.T.);
#12771 = ORIENTED_EDGE('',*,*,#12772,.T.);
#12772 = EDGE_CURVE('',#1913,#6862,#12773,.T.);
#12773 = LINE('',#12774,#12775);
#12774 = CARTESIAN_POINT('',(102.35,97.012,-4.6E-02));
#12775 = VECTOR('',#12776,1.);
#12776 = DIRECTION('',(0.,0.,1.));
#12777 = ORIENTED_EDGE('',*,*,#6861,.F.);
#12778 = ORIENTED_EDGE('',*,*,#12772,.F.);
#12779 = CYLINDRICAL_SURFACE('',#12780,0.508);
#12780 = AXIS2_PLACEMENT_3D('',#12781,#12782,#12783);
#12781 = CARTESIAN_POINT('',(102.35,97.52,-4.6E-02));
#12782 = DIRECTION('',(-0.,-0.,-1.));
#12783 = DIRECTION('',(-0.,-1.,0.));
#12784 = ADVANCED_FACE('',(#12785),#12796,.F.);
#12785 = FACE_BOUND('',#12786,.T.);
#12786 = EDGE_LOOP('',(#12787,#12788,#12794,#12795));
#12787 = ORIENTED_EDGE('',*,*,#1923,.T.);
#12788 = ORIENTED_EDGE('',*,*,#12789,.T.);
#12789 = EDGE_CURVE('',#1924,#6873,#12790,.T.);
#12790 = LINE('',#12791,#12792);
#12791 = CARTESIAN_POINT('',(104.89,97.012,-4.6E-02));
#12792 = VECTOR('',#12793,1.);
#12793 = DIRECTION('',(0.,0.,1.));
#12794 = ORIENTED_EDGE('',*,*,#6872,.F.);
#12795 = ORIENTED_EDGE('',*,*,#12789,.F.);
#12796 = CYLINDRICAL_SURFACE('',#12797,0.508);
#12797 = AXIS2_PLACEMENT_3D('',#12798,#12799,#12800);
#12798 = CARTESIAN_POINT('',(104.89,97.52,-4.6E-02));
#12799 = DIRECTION('',(-0.,-0.,-1.));
#12800 = DIRECTION('',(-0.,-1.,0.));
#12801 = ADVANCED_FACE('',(#12802),#12813,.F.);
#12802 = FACE_BOUND('',#12803,.T.);
#12803 = EDGE_LOOP('',(#12804,#12805,#12811,#12812));
#12804 = ORIENTED_EDGE('',*,*,#1934,.T.);
#12805 = ORIENTED_EDGE('',*,*,#12806,.T.);
#12806 = EDGE_CURVE('',#1935,#6884,#12807,.T.);
#12807 = LINE('',#12808,#12809);
#12808 = CARTESIAN_POINT('',(102.35,99.552,-4.6E-02));
#12809 = VECTOR('',#12810,1.);
#12810 = DIRECTION('',(0.,0.,1.));
#12811 = ORIENTED_EDGE('',*,*,#6883,.F.);
#12812 = ORIENTED_EDGE('',*,*,#12806,.F.);
#12813 = CYLINDRICAL_SURFACE('',#12814,0.508);
#12814 = AXIS2_PLACEMENT_3D('',#12815,#12816,#12817);
#12815 = CARTESIAN_POINT('',(102.35,100.06,-4.6E-02));
#12816 = DIRECTION('',(-0.,-0.,-1.));
#12817 = DIRECTION('',(-0.,-1.,0.));
#12818 = ADVANCED_FACE('',(#12819),#12830,.F.);
#12819 = FACE_BOUND('',#12820,.T.);
#12820 = EDGE_LOOP('',(#12821,#12822,#12828,#12829));
#12821 = ORIENTED_EDGE('',*,*,#1945,.T.);
#12822 = ORIENTED_EDGE('',*,*,#12823,.T.);
#12823 = EDGE_CURVE('',#1946,#6895,#12824,.T.);
#12824 = LINE('',#12825,#12826);
#12825 = CARTESIAN_POINT('',(104.89,99.552,-4.6E-02));
#12826 = VECTOR('',#12827,1.);
#12827 = DIRECTION('',(0.,0.,1.));
#12828 = ORIENTED_EDGE('',*,*,#6894,.F.);
#12829 = ORIENTED_EDGE('',*,*,#12823,.F.);
#12830 = CYLINDRICAL_SURFACE('',#12831,0.508);
#12831 = AXIS2_PLACEMENT_3D('',#12832,#12833,#12834);
#12832 = CARTESIAN_POINT('',(104.89,100.06,-4.6E-02));
#12833 = DIRECTION('',(-0.,-0.,-1.));
#12834 = DIRECTION('',(-0.,-1.,0.));
#12835 = ADVANCED_FACE('',(#12836),#12847,.F.);
#12836 = FACE_BOUND('',#12837,.T.);
#12837 = EDGE_LOOP('',(#12838,#12839,#12845,#12846));
#12838 = ORIENTED_EDGE('',*,*,#1956,.T.);
#12839 = ORIENTED_EDGE('',*,*,#12840,.T.);
#12840 = EDGE_CURVE('',#1957,#6906,#12841,.T.);
#12841 = LINE('',#12842,#12843);
#12842 = CARTESIAN_POINT('',(102.35,102.092,-4.6E-02));
#12843 = VECTOR('',#12844,1.);
#12844 = DIRECTION('',(0.,0.,1.));
#12845 = ORIENTED_EDGE('',*,*,#6905,.F.);
#12846 = ORIENTED_EDGE('',*,*,#12840,.F.);
#12847 = CYLINDRICAL_SURFACE('',#12848,0.508);
#12848 = AXIS2_PLACEMENT_3D('',#12849,#12850,#12851);
#12849 = CARTESIAN_POINT('',(102.35,102.6,-4.6E-02));
#12850 = DIRECTION('',(-0.,-0.,-1.));
#12851 = DIRECTION('',(-0.,-1.,0.));
#12852 = ADVANCED_FACE('',(#12853),#12864,.F.);
#12853 = FACE_BOUND('',#12854,.T.);
#12854 = EDGE_LOOP('',(#12855,#12856,#12862,#12863));
#12855 = ORIENTED_EDGE('',*,*,#1967,.T.);
#12856 = ORIENTED_EDGE('',*,*,#12857,.T.);
#12857 = EDGE_CURVE('',#1968,#6917,#12858,.T.);
#12858 = LINE('',#12859,#12860);
#12859 = CARTESIAN_POINT('',(104.89,102.092,-4.6E-02));
#12860 = VECTOR('',#12861,1.);
#12861 = DIRECTION('',(0.,0.,1.));
#12862 = ORIENTED_EDGE('',*,*,#6916,.F.);
#12863 = ORIENTED_EDGE('',*,*,#12857,.F.);
#12864 = CYLINDRICAL_SURFACE('',#12865,0.508);
#12865 = AXIS2_PLACEMENT_3D('',#12866,#12867,#12868);
#12866 = CARTESIAN_POINT('',(104.89,102.6,-4.6E-02));
#12867 = DIRECTION('',(-0.,-0.,-1.));
#12868 = DIRECTION('',(-0.,-1.,0.));
#12869 = ADVANCED_FACE('',(#12870),#12881,.F.);
#12870 = FACE_BOUND('',#12871,.T.);
#12871 = EDGE_LOOP('',(#12872,#12873,#12879,#12880));
#12872 = ORIENTED_EDGE('',*,*,#1978,.T.);
#12873 = ORIENTED_EDGE('',*,*,#12874,.T.);
#12874 = EDGE_CURVE('',#1979,#6928,#12875,.T.);
#12875 = LINE('',#12876,#12877);
#12876 = CARTESIAN_POINT('',(102.35,104.632,-4.6E-02));
#12877 = VECTOR('',#12878,1.);
#12878 = DIRECTION('',(0.,0.,1.));
#12879 = ORIENTED_EDGE('',*,*,#6927,.F.);
#12880 = ORIENTED_EDGE('',*,*,#12874,.F.);
#12881 = CYLINDRICAL_SURFACE('',#12882,0.508);
#12882 = AXIS2_PLACEMENT_3D('',#12883,#12884,#12885);
#12883 = CARTESIAN_POINT('',(102.35,105.14,-4.6E-02));
#12884 = DIRECTION('',(-0.,-0.,-1.));
#12885 = DIRECTION('',(-0.,-1.,0.));
#12886 = ADVANCED_FACE('',(#12887),#12898,.F.);
#12887 = FACE_BOUND('',#12888,.T.);
#12888 = EDGE_LOOP('',(#12889,#12890,#12896,#12897));
#12889 = ORIENTED_EDGE('',*,*,#1989,.T.);
#12890 = ORIENTED_EDGE('',*,*,#12891,.T.);
#12891 = EDGE_CURVE('',#1990,#6939,#12892,.T.);
#12892 = LINE('',#12893,#12894);
#12893 = CARTESIAN_POINT('',(104.89,104.632,-4.6E-02));
#12894 = VECTOR('',#12895,1.);
#12895 = DIRECTION('',(0.,0.,1.));
#12896 = ORIENTED_EDGE('',*,*,#6938,.F.);
#12897 = ORIENTED_EDGE('',*,*,#12891,.F.);
#12898 = CYLINDRICAL_SURFACE('',#12899,0.508);
#12899 = AXIS2_PLACEMENT_3D('',#12900,#12901,#12902);
#12900 = CARTESIAN_POINT('',(104.89,105.14,-4.6E-02));
#12901 = DIRECTION('',(-0.,-0.,-1.));
#12902 = DIRECTION('',(-0.,-1.,0.));
#12903 = ADVANCED_FACE('',(#12904),#12915,.F.);
#12904 = FACE_BOUND('',#12905,.T.);
#12905 = EDGE_LOOP('',(#12906,#12907,#12913,#12914));
#12906 = ORIENTED_EDGE('',*,*,#2000,.T.);
#12907 = ORIENTED_EDGE('',*,*,#12908,.T.);
#12908 = EDGE_CURVE('',#2001,#6950,#12909,.T.);
#12909 = LINE('',#12910,#12911);
#12910 = CARTESIAN_POINT('',(65.95,124.872,-4.6E-02));
#12911 = VECTOR('',#12912,1.);
#12912 = DIRECTION('',(0.,0.,1.));
#12913 = ORIENTED_EDGE('',*,*,#6949,.F.);
#12914 = ORIENTED_EDGE('',*,*,#12908,.F.);
#12915 = CYLINDRICAL_SURFACE('',#12916,0.508);
#12916 = AXIS2_PLACEMENT_3D('',#12917,#12918,#12919);
#12917 = CARTESIAN_POINT('',(65.95,125.38,-4.6E-02));
#12918 = DIRECTION('',(-0.,0.,-1.));
#12919 = DIRECTION('',(2.797412345512E-14,-1.,-0.));
#12920 = ADVANCED_FACE('',(#12921),#12932,.F.);
#12921 = FACE_BOUND('',#12922,.T.);
#12922 = EDGE_LOOP('',(#12923,#12924,#12930,#12931));
#12923 = ORIENTED_EDGE('',*,*,#2011,.T.);
#12924 = ORIENTED_EDGE('',*,*,#12925,.T.);
#12925 = EDGE_CURVE('',#2012,#6961,#12926,.T.);
#12926 = LINE('',#12927,#12928);
#12927 = CARTESIAN_POINT('',(68.49,124.872,-4.6E-02));
#12928 = VECTOR('',#12929,1.);
#12929 = DIRECTION('',(0.,0.,1.));
#12930 = ORIENTED_EDGE('',*,*,#6960,.F.);
#12931 = ORIENTED_EDGE('',*,*,#12925,.F.);
#12932 = CYLINDRICAL_SURFACE('',#12933,0.508);
#12933 = AXIS2_PLACEMENT_3D('',#12934,#12935,#12936);
#12934 = CARTESIAN_POINT('',(68.49,125.38,-4.6E-02));
#12935 = DIRECTION('',(-0.,-0.,-1.));
#12936 = DIRECTION('',(-2.797412345512E-14,-1.,0.));
#12937 = ADVANCED_FACE('',(#12938),#12949,.F.);
#12938 = FACE_BOUND('',#12939,.T.);
#12939 = EDGE_LOOP('',(#12940,#12941,#12947,#12948));
#12940 = ORIENTED_EDGE('',*,*,#2022,.T.);
#12941 = ORIENTED_EDGE('',*,*,#12942,.T.);
#12942 = EDGE_CURVE('',#2023,#6972,#12943,.T.);
#12943 = LINE('',#12944,#12945);
#12944 = CARTESIAN_POINT('',(80.19,133.7131,-4.6E-02));
#12945 = VECTOR('',#12946,1.);
#12946 = DIRECTION('',(0.,0.,1.));
#12947 = ORIENTED_EDGE('',*,*,#6971,.F.);
#12948 = ORIENTED_EDGE('',*,*,#12942,.F.);
#12949 = CYLINDRICAL_SURFACE('',#12950,0.5969);
#12950 = AXIS2_PLACEMENT_3D('',#12951,#12952,#12953);
#12951 = CARTESIAN_POINT('',(80.19,134.31,-4.6E-02));
#12952 = DIRECTION('',(-0.,-0.,-1.));
#12953 = DIRECTION('',(-0.,-1.,0.));
#12954 = ADVANCED_FACE('',(#12955),#12966,.F.);
#12955 = FACE_BOUND('',#12956,.T.);
#12956 = EDGE_LOOP('',(#12957,#12958,#12964,#12965));
#12957 = ORIENTED_EDGE('',*,*,#2033,.T.);
#12958 = ORIENTED_EDGE('',*,*,#12959,.T.);
#12959 = EDGE_CURVE('',#2034,#6983,#12960,.T.);
#12960 = LINE('',#12961,#12962);
#12961 = CARTESIAN_POINT('',(80.19,138.7931,-4.6E-02));
#12962 = VECTOR('',#12963,1.);
#12963 = DIRECTION('',(0.,0.,1.));
#12964 = ORIENTED_EDGE('',*,*,#6982,.F.);
#12965 = ORIENTED_EDGE('',*,*,#12959,.F.);
#12966 = CYLINDRICAL_SURFACE('',#12967,0.5969);
#12967 = AXIS2_PLACEMENT_3D('',#12968,#12969,#12970);
#12968 = CARTESIAN_POINT('',(80.19,139.39,-4.6E-02));
#12969 = DIRECTION('',(-0.,-0.,-1.));
#12970 = DIRECTION('',(-0.,-1.,0.));
#12971 = ADVANCED_FACE('',(#12972),#12983,.F.);
#12972 = FACE_BOUND('',#12973,.T.);
#12973 = EDGE_LOOP('',(#12974,#12975,#12981,#12982));
#12974 = ORIENTED_EDGE('',*,*,#2044,.T.);
#12975 = ORIENTED_EDGE('',*,*,#12976,.T.);
#12976 = EDGE_CURVE('',#2045,#6994,#12977,.T.);
#12977 = LINE('',#12978,#12979);
#12978 = CARTESIAN_POINT('',(85.27,133.7131,-4.6E-02));
#12979 = VECTOR('',#12980,1.);
#12980 = DIRECTION('',(0.,0.,1.));
#12981 = ORIENTED_EDGE('',*,*,#6993,.F.);
#12982 = ORIENTED_EDGE('',*,*,#12976,.F.);
#12983 = CYLINDRICAL_SURFACE('',#12984,0.5969);
#12984 = AXIS2_PLACEMENT_3D('',#12985,#12986,#12987);
#12985 = CARTESIAN_POINT('',(85.27,134.31,-4.6E-02));
#12986 = DIRECTION('',(-0.,-0.,-1.));
#12987 = DIRECTION('',(-2.380776464266E-14,-1.,0.));
#12988 = ADVANCED_FACE('',(#12989),#13000,.F.);
#12989 = FACE_BOUND('',#12990,.T.);
#12990 = EDGE_LOOP('',(#12991,#12992,#12998,#12999));
#12991 = ORIENTED_EDGE('',*,*,#2055,.T.);
#12992 = ORIENTED_EDGE('',*,*,#12993,.T.);
#12993 = EDGE_CURVE('',#2056,#7005,#12994,.T.);
#12994 = LINE('',#12995,#12996);
#12995 = CARTESIAN_POINT('',(85.27,138.7931,-4.6E-02));
#12996 = VECTOR('',#12997,1.);
#12997 = DIRECTION('',(0.,0.,1.));
#12998 = ORIENTED_EDGE('',*,*,#7004,.F.);
#12999 = ORIENTED_EDGE('',*,*,#12993,.F.);
#13000 = CYLINDRICAL_SURFACE('',#13001,0.5969);
#13001 = AXIS2_PLACEMENT_3D('',#13002,#13003,#13004);
#13002 = CARTESIAN_POINT('',(85.27,139.39,-4.6E-02));
#13003 = DIRECTION('',(-0.,-0.,-1.));
#13004 = DIRECTION('',(-2.380776464266E-14,-1.,0.));
#13005 = ADVANCED_FACE('',(#13006),#13017,.F.);
#13006 = FACE_BOUND('',#13007,.T.);
#13007 = EDGE_LOOP('',(#13008,#13009,#13015,#13016));
#13008 = ORIENTED_EDGE('',*,*,#2066,.T.);
#13009 = ORIENTED_EDGE('',*,*,#13010,.T.);
#13010 = EDGE_CURVE('',#2067,#7016,#13011,.T.);
#13011 = LINE('',#13012,#13013);
#13012 = CARTESIAN_POINT('',(116.,112.4,-4.6E-02));
#13013 = VECTOR('',#13014,1.);
#13014 = DIRECTION('',(0.,0.,1.));
#13015 = ORIENTED_EDGE('',*,*,#7015,.F.);
#13016 = ORIENTED_EDGE('',*,*,#13010,.F.);
#13017 = CYLINDRICAL_SURFACE('',#13018,1.6);
#13018 = AXIS2_PLACEMENT_3D('',#13019,#13020,#13021);
#13019 = CARTESIAN_POINT('',(116.,114.,-4.6E-02));
#13020 = DIRECTION('',(-0.,-0.,-1.));
#13021 = DIRECTION('',(-0.,-1.,0.));
#13022 = ADVANCED_FACE('',(#13023),#13034,.F.);
#13023 = FACE_BOUND('',#13024,.T.);
#13024 = EDGE_LOOP('',(#13025,#13026,#13032,#13033));
#13025 = ORIENTED_EDGE('',*,*,#2077,.T.);
#13026 = ORIENTED_EDGE('',*,*,#13027,.T.);
#13027 = EDGE_CURVE('',#2078,#7027,#13028,.T.);
#13028 = LINE('',#13029,#13030);
#13029 = CARTESIAN_POINT('',(126.577898,132.9931,-4.6E-02));
#13030 = VECTOR('',#13031,1.);
#13031 = DIRECTION('',(0.,0.,1.));
#13032 = ORIENTED_EDGE('',*,*,#7026,.F.);
#13033 = ORIENTED_EDGE('',*,*,#13027,.F.);
#13034 = CYLINDRICAL_SURFACE('',#13035,0.5969);
#13035 = AXIS2_PLACEMENT_3D('',#13036,#13037,#13038);
#13036 = CARTESIAN_POINT('',(126.577898,133.59,-4.6E-02));
#13037 = DIRECTION('',(-0.,-0.,-1.));
#13038 = DIRECTION('',(-0.,-1.,0.));
#13039 = ADVANCED_FACE('',(#13040),#13051,.F.);
#13040 = FACE_BOUND('',#13041,.T.);
#13041 = EDGE_LOOP('',(#13042,#13043,#13049,#13050));
#13042 = ORIENTED_EDGE('',*,*,#2088,.T.);
#13043 = ORIENTED_EDGE('',*,*,#13044,.T.);
#13044 = EDGE_CURVE('',#2089,#7038,#13045,.T.);
#13045 = LINE('',#13046,#13047);
#13046 = CARTESIAN_POINT('',(128.7,144.950998,-4.6E-02));
#13047 = VECTOR('',#13048,1.);
#13048 = DIRECTION('',(0.,0.,1.));
#13049 = ORIENTED_EDGE('',*,*,#7037,.F.);
#13050 = ORIENTED_EDGE('',*,*,#13044,.F.);
#13051 = CYLINDRICAL_SURFACE('',#13052,0.5969);
#13052 = AXIS2_PLACEMENT_3D('',#13053,#13054,#13055);
#13053 = CARTESIAN_POINT('',(128.7,145.547898,-4.6E-02));
#13054 = DIRECTION('',(-0.,-0.,-1.));
#13055 = DIRECTION('',(-0.,-1.,0.));
#13056 = ADVANCED_FACE('',(#13057),#13068,.F.);
#13057 = FACE_BOUND('',#13058,.T.);
#13058 = EDGE_LOOP('',(#13059,#13060,#13066,#13067));
#13059 = ORIENTED_EDGE('',*,*,#2099,.T.);
#13060 = ORIENTED_EDGE('',*,*,#13061,.T.);
#13061 = EDGE_CURVE('',#2100,#7049,#13062,.T.);
#13062 = LINE('',#13063,#13064);
#13063 = CARTESIAN_POINT('',(125.107898,148.5431,-4.6E-02));
#13064 = VECTOR('',#13065,1.);
#13065 = DIRECTION('',(0.,0.,1.));
#13066 = ORIENTED_EDGE('',*,*,#7048,.F.);
#13067 = ORIENTED_EDGE('',*,*,#13061,.F.);
#13068 = CYLINDRICAL_SURFACE('',#13069,0.5969);
#13069 = AXIS2_PLACEMENT_3D('',#13070,#13071,#13072);
#13070 = CARTESIAN_POINT('',(125.107898,149.14,-4.6E-02));
#13071 = DIRECTION('',(-0.,-0.,-1.));
#13072 = DIRECTION('',(-0.,-1.,0.));
#13073 = ADVANCED_FACE('',(#13074),#13085,.F.);
#13074 = FACE_BOUND('',#13075,.T.);
#13075 = EDGE_LOOP('',(#13076,#13077,#13083,#13084));
#13076 = ORIENTED_EDGE('',*,*,#2110,.T.);
#13077 = ORIENTED_EDGE('',*,*,#13078,.T.);
#13078 = EDGE_CURVE('',#2111,#7060,#13079,.T.);
#13079 = LINE('',#13080,#13081);
#13080 = CARTESIAN_POINT('',(132.502584,19.526518,-4.6E-02));
#13081 = VECTOR('',#13082,1.);
#13082 = DIRECTION('',(0.,0.,1.));
#13083 = ORIENTED_EDGE('',*,*,#7059,.F.);
#13084 = ORIENTED_EDGE('',*,*,#13078,.F.);
#13085 = CYLINDRICAL_SURFACE('',#13086,0.5);
#13086 = AXIS2_PLACEMENT_3D('',#13087,#13088,#13089);
#13087 = CARTESIAN_POINT('',(132.502584,20.026518,-4.6E-02));
#13088 = DIRECTION('',(-0.,-0.,-1.));
#13089 = DIRECTION('',(-0.,-1.,0.));
#13090 = ADVANCED_FACE('',(#13091),#13102,.F.);
#13091 = FACE_BOUND('',#13092,.T.);
#13092 = EDGE_LOOP('',(#13093,#13094,#13100,#13101));
#13093 = ORIENTED_EDGE('',*,*,#2121,.T.);
#13094 = ORIENTED_EDGE('',*,*,#13095,.T.);
#13095 = EDGE_CURVE('',#2122,#7071,#13096,.T.);
#13096 = LINE('',#13097,#13098);
#13097 = CARTESIAN_POINT('',(135.042584,19.526518,-4.6E-02));
#13098 = VECTOR('',#13099,1.);
#13099 = DIRECTION('',(0.,0.,1.));
#13100 = ORIENTED_EDGE('',*,*,#7070,.F.);
#13101 = ORIENTED_EDGE('',*,*,#13095,.F.);
#13102 = CYLINDRICAL_SURFACE('',#13103,0.5);
#13103 = AXIS2_PLACEMENT_3D('',#13104,#13105,#13106);
#13104 = CARTESIAN_POINT('',(135.042584,20.026518,-4.6E-02));
#13105 = DIRECTION('',(-0.,-0.,-1.));
#13106 = DIRECTION('',(-0.,-1.,0.));
#13107 = ADVANCED_FACE('',(#13108),#13119,.F.);
#13108 = FACE_BOUND('',#13109,.T.);
#13109 = EDGE_LOOP('',(#13110,#13111,#13117,#13118));
#13110 = ORIENTED_EDGE('',*,*,#2132,.T.);
#13111 = ORIENTED_EDGE('',*,*,#13112,.T.);
#13112 = EDGE_CURVE('',#2133,#7082,#13113,.T.);
#13113 = LINE('',#13114,#13115);
#13114 = CARTESIAN_POINT('',(137.582584,19.526518,-4.6E-02));
#13115 = VECTOR('',#13116,1.);
#13116 = DIRECTION('',(0.,0.,1.));
#13117 = ORIENTED_EDGE('',*,*,#7081,.F.);
#13118 = ORIENTED_EDGE('',*,*,#13112,.F.);
#13119 = CYLINDRICAL_SURFACE('',#13120,0.5);
#13120 = AXIS2_PLACEMENT_3D('',#13121,#13122,#13123);
#13121 = CARTESIAN_POINT('',(137.582584,20.026518,-4.6E-02));
#13122 = DIRECTION('',(-0.,-0.,-1.));
#13123 = DIRECTION('',(-0.,-1.,0.));
#13124 = ADVANCED_FACE('',(#13125),#13136,.F.);
#13125 = FACE_BOUND('',#13126,.T.);
#13126 = EDGE_LOOP('',(#13127,#13128,#13134,#13135));
#13127 = ORIENTED_EDGE('',*,*,#2143,.T.);
#13128 = ORIENTED_EDGE('',*,*,#13129,.T.);
#13129 = EDGE_CURVE('',#2144,#7093,#13130,.T.);
#13130 = LINE('',#13131,#13132);
#13131 = CARTESIAN_POINT('',(142.477268,19.579962,-4.6E-02));
#13132 = VECTOR('',#13133,1.);
#13133 = DIRECTION('',(0.,0.,1.));
#13134 = ORIENTED_EDGE('',*,*,#7092,.F.);
#13135 = ORIENTED_EDGE('',*,*,#13129,.F.);
#13136 = CYLINDRICAL_SURFACE('',#13137,0.5);
#13137 = AXIS2_PLACEMENT_3D('',#13138,#13139,#13140);
#13138 = CARTESIAN_POINT('',(142.477268,20.079962,-4.6E-02));
#13139 = DIRECTION('',(-0.,-0.,-1.));
#13140 = DIRECTION('',(-0.,-1.,0.));
#13141 = ADVANCED_FACE('',(#13142),#13153,.F.);
#13142 = FACE_BOUND('',#13143,.T.);
#13143 = EDGE_LOOP('',(#13144,#13145,#13151,#13152));
#13144 = ORIENTED_EDGE('',*,*,#2154,.T.);
#13145 = ORIENTED_EDGE('',*,*,#13146,.T.);
#13146 = EDGE_CURVE('',#2155,#7104,#13147,.T.);
#13147 = LINE('',#13148,#13149);
#13148 = CARTESIAN_POINT('',(145.017268,19.579962,-4.6E-02));
#13149 = VECTOR('',#13150,1.);
#13150 = DIRECTION('',(0.,0.,1.));
#13151 = ORIENTED_EDGE('',*,*,#7103,.F.);
#13152 = ORIENTED_EDGE('',*,*,#13146,.F.);
#13153 = CYLINDRICAL_SURFACE('',#13154,0.5);
#13154 = AXIS2_PLACEMENT_3D('',#13155,#13156,#13157);
#13155 = CARTESIAN_POINT('',(145.017268,20.079962,-4.6E-02));
#13156 = DIRECTION('',(-0.,-0.,-1.));
#13157 = DIRECTION('',(-0.,-1.,0.));
#13158 = ADVANCED_FACE('',(#13159),#13170,.F.);
#13159 = FACE_BOUND('',#13160,.T.);
#13160 = EDGE_LOOP('',(#13161,#13162,#13168,#13169));
#13161 = ORIENTED_EDGE('',*,*,#2165,.T.);
#13162 = ORIENTED_EDGE('',*,*,#13163,.T.);
#13163 = EDGE_CURVE('',#2166,#7115,#13164,.T.);
#13164 = LINE('',#13165,#13166);
#13165 = CARTESIAN_POINT('',(147.557268,19.579962,-4.6E-02));
#13166 = VECTOR('',#13167,1.);
#13167 = DIRECTION('',(0.,0.,1.));
#13168 = ORIENTED_EDGE('',*,*,#7114,.F.);
#13169 = ORIENTED_EDGE('',*,*,#13163,.F.);
#13170 = CYLINDRICAL_SURFACE('',#13171,0.5);
#13171 = AXIS2_PLACEMENT_3D('',#13172,#13173,#13174);
#13172 = CARTESIAN_POINT('',(147.557268,20.079962,-4.6E-02));
#13173 = DIRECTION('',(-0.,-0.,-1.));
#13174 = DIRECTION('',(-0.,-1.,0.));
#13175 = ADVANCED_FACE('',(#13176),#13187,.F.);
#13176 = FACE_BOUND('',#13177,.T.);
#13177 = EDGE_LOOP('',(#13178,#13179,#13185,#13186));
#13178 = ORIENTED_EDGE('',*,*,#2176,.T.);
#13179 = ORIENTED_EDGE('',*,*,#13180,.T.);
#13180 = EDGE_CURVE('',#2177,#7126,#13181,.T.);
#13181 = LINE('',#13182,#13183);
#13182 = CARTESIAN_POINT('',(152.468121,19.364793,-4.6E-02));
#13183 = VECTOR('',#13184,1.);
#13184 = DIRECTION('',(0.,0.,1.));
#13185 = ORIENTED_EDGE('',*,*,#7125,.F.);
#13186 = ORIENTED_EDGE('',*,*,#13180,.F.);
#13187 = CYLINDRICAL_SURFACE('',#13188,0.5);
#13188 = AXIS2_PLACEMENT_3D('',#13189,#13190,#13191);
#13189 = CARTESIAN_POINT('',(152.468121,19.864793,-4.6E-02));
#13190 = DIRECTION('',(-0.,-0.,-1.));
#13191 = DIRECTION('',(-0.,-1.,0.));
#13192 = ADVANCED_FACE('',(#13193),#13204,.F.);
#13193 = FACE_BOUND('',#13194,.T.);
#13194 = EDGE_LOOP('',(#13195,#13196,#13202,#13203));
#13195 = ORIENTED_EDGE('',*,*,#2187,.T.);
#13196 = ORIENTED_EDGE('',*,*,#13197,.T.);
#13197 = EDGE_CURVE('',#2188,#7137,#13198,.T.);
#13198 = LINE('',#13199,#13200);
#13199 = CARTESIAN_POINT('',(155.008121,19.364793,-4.6E-02));
#13200 = VECTOR('',#13201,1.);
#13201 = DIRECTION('',(0.,0.,1.));
#13202 = ORIENTED_EDGE('',*,*,#7136,.F.);
#13203 = ORIENTED_EDGE('',*,*,#13197,.F.);
#13204 = CYLINDRICAL_SURFACE('',#13205,0.5);
#13205 = AXIS2_PLACEMENT_3D('',#13206,#13207,#13208);
#13206 = CARTESIAN_POINT('',(155.008121,19.864793,-4.6E-02));
#13207 = DIRECTION('',(-0.,-0.,-1.));
#13208 = DIRECTION('',(-0.,-1.,0.));
#13209 = ADVANCED_FACE('',(#13210),#13221,.F.);
#13210 = FACE_BOUND('',#13211,.T.);
#13211 = EDGE_LOOP('',(#13212,#13213,#13219,#13220));
#13212 = ORIENTED_EDGE('',*,*,#2198,.T.);
#13213 = ORIENTED_EDGE('',*,*,#13214,.T.);
#13214 = EDGE_CURVE('',#2199,#7148,#13215,.T.);
#13215 = LINE('',#13216,#13217);
#13216 = CARTESIAN_POINT('',(157.548121,19.364793,-4.6E-02));
#13217 = VECTOR('',#13218,1.);
#13218 = DIRECTION('',(0.,0.,1.));
#13219 = ORIENTED_EDGE('',*,*,#7147,.F.);
#13220 = ORIENTED_EDGE('',*,*,#13214,.F.);
#13221 = CYLINDRICAL_SURFACE('',#13222,0.5);
#13222 = AXIS2_PLACEMENT_3D('',#13223,#13224,#13225);
#13223 = CARTESIAN_POINT('',(157.548121,19.864793,-4.6E-02));
#13224 = DIRECTION('',(-0.,-0.,-1.));
#13225 = DIRECTION('',(-0.,-1.,0.));
#13226 = ADVANCED_FACE('',(#13227),#13238,.F.);
#13227 = FACE_BOUND('',#13228,.T.);
#13228 = EDGE_LOOP('',(#13229,#13230,#13236,#13237));
#13229 = ORIENTED_EDGE('',*,*,#2209,.T.);
#13230 = ORIENTED_EDGE('',*,*,#13231,.T.);
#13231 = EDGE_CURVE('',#2210,#7159,#13232,.T.);
#13232 = LINE('',#13233,#13234);
#13233 = CARTESIAN_POINT('',(162.376093,19.469943,-4.6E-02));
#13234 = VECTOR('',#13235,1.);
#13235 = DIRECTION('',(0.,0.,1.));
#13236 = ORIENTED_EDGE('',*,*,#7158,.F.);
#13237 = ORIENTED_EDGE('',*,*,#13231,.F.);
#13238 = CYLINDRICAL_SURFACE('',#13239,0.5);
#13239 = AXIS2_PLACEMENT_3D('',#13240,#13241,#13242);
#13240 = CARTESIAN_POINT('',(162.376093,19.969943,-4.6E-02));
#13241 = DIRECTION('',(-0.,-0.,-1.));
#13242 = DIRECTION('',(-0.,-1.,0.));
#13243 = ADVANCED_FACE('',(#13244),#13255,.F.);
#13244 = FACE_BOUND('',#13245,.T.);
#13245 = EDGE_LOOP('',(#13246,#13247,#13253,#13254));
#13246 = ORIENTED_EDGE('',*,*,#2220,.T.);
#13247 = ORIENTED_EDGE('',*,*,#13248,.T.);
#13248 = EDGE_CURVE('',#2221,#7170,#13249,.T.);
#13249 = LINE('',#13250,#13251);
#13250 = CARTESIAN_POINT('',(164.916093,19.469943,-4.6E-02));
#13251 = VECTOR('',#13252,1.);
#13252 = DIRECTION('',(0.,0.,1.));
#13253 = ORIENTED_EDGE('',*,*,#7169,.F.);
#13254 = ORIENTED_EDGE('',*,*,#13248,.F.);
#13255 = CYLINDRICAL_SURFACE('',#13256,0.5);
#13256 = AXIS2_PLACEMENT_3D('',#13257,#13258,#13259);
#13257 = CARTESIAN_POINT('',(164.916093,19.969943,-4.6E-02));
#13258 = DIRECTION('',(-0.,-0.,-1.));
#13259 = DIRECTION('',(-0.,-1.,0.));
#13260 = ADVANCED_FACE('',(#13261),#13272,.F.);
#13261 = FACE_BOUND('',#13262,.T.);
#13262 = EDGE_LOOP('',(#13263,#13264,#13270,#13271));
#13263 = ORIENTED_EDGE('',*,*,#2231,.T.);
#13264 = ORIENTED_EDGE('',*,*,#13265,.T.);
#13265 = EDGE_CURVE('',#2232,#7181,#13266,.T.);
#13266 = LINE('',#13267,#13268);
#13267 = CARTESIAN_POINT('',(167.456093,19.469943,-4.6E-02));
#13268 = VECTOR('',#13269,1.);
#13269 = DIRECTION('',(0.,0.,1.));
#13270 = ORIENTED_EDGE('',*,*,#7180,.F.);
#13271 = ORIENTED_EDGE('',*,*,#13265,.F.);
#13272 = CYLINDRICAL_SURFACE('',#13273,0.5);
#13273 = AXIS2_PLACEMENT_3D('',#13274,#13275,#13276);
#13274 = CARTESIAN_POINT('',(167.456093,19.969943,-4.6E-02));
#13275 = DIRECTION('',(-0.,-0.,-1.));
#13276 = DIRECTION('',(-0.,-1.,0.));
#13277 = ADVANCED_FACE('',(#13278),#13289,.F.);
#13278 = FACE_BOUND('',#13279,.T.);
#13279 = EDGE_LOOP('',(#13280,#13281,#13287,#13288));
#13280 = ORIENTED_EDGE('',*,*,#2242,.T.);
#13281 = ORIENTED_EDGE('',*,*,#13282,.T.);
#13282 = EDGE_CURVE('',#2243,#7192,#13283,.T.);
#13283 = LINE('',#13284,#13285);
#13284 = CARTESIAN_POINT('',(132.399156,54.489462,-4.6E-02));
#13285 = VECTOR('',#13286,1.);
#13286 = DIRECTION('',(0.,0.,1.));
#13287 = ORIENTED_EDGE('',*,*,#7191,.F.);
#13288 = ORIENTED_EDGE('',*,*,#13282,.F.);
#13289 = CYLINDRICAL_SURFACE('',#13290,0.5);
#13290 = AXIS2_PLACEMENT_3D('',#13291,#13292,#13293);
#13291 = CARTESIAN_POINT('',(132.399156,54.989462,-4.6E-02));
#13292 = DIRECTION('',(-0.,-0.,-1.));
#13293 = DIRECTION('',(-0.,-1.,0.));
#13294 = ADVANCED_FACE('',(#13295),#13306,.F.);
#13295 = FACE_BOUND('',#13296,.T.);
#13296 = EDGE_LOOP('',(#13297,#13298,#13304,#13305));
#13297 = ORIENTED_EDGE('',*,*,#2253,.T.);
#13298 = ORIENTED_EDGE('',*,*,#13299,.T.);
#13299 = EDGE_CURVE('',#2254,#7203,#13300,.T.);
#13300 = LINE('',#13301,#13302);
#13301 = CARTESIAN_POINT('',(134.939156,54.489462,-4.6E-02));
#13302 = VECTOR('',#13303,1.);
#13303 = DIRECTION('',(0.,0.,1.));
#13304 = ORIENTED_EDGE('',*,*,#7202,.F.);
#13305 = ORIENTED_EDGE('',*,*,#13299,.F.);
#13306 = CYLINDRICAL_SURFACE('',#13307,0.5);
#13307 = AXIS2_PLACEMENT_3D('',#13308,#13309,#13310);
#13308 = CARTESIAN_POINT('',(134.939156,54.989462,-4.6E-02));
#13309 = DIRECTION('',(-0.,-0.,-1.));
#13310 = DIRECTION('',(-0.,-1.,0.));
#13311 = ADVANCED_FACE('',(#13312),#13323,.F.);
#13312 = FACE_BOUND('',#13313,.T.);
#13313 = EDGE_LOOP('',(#13314,#13315,#13321,#13322));
#13314 = ORIENTED_EDGE('',*,*,#2264,.T.);
#13315 = ORIENTED_EDGE('',*,*,#13316,.T.);
#13316 = EDGE_CURVE('',#2265,#7214,#13317,.T.);
#13317 = LINE('',#13318,#13319);
#13318 = CARTESIAN_POINT('',(137.479156,54.489462,-4.6E-02));
#13319 = VECTOR('',#13320,1.);
#13320 = DIRECTION('',(0.,0.,1.));
#13321 = ORIENTED_EDGE('',*,*,#7213,.F.);
#13322 = ORIENTED_EDGE('',*,*,#13316,.F.);
#13323 = CYLINDRICAL_SURFACE('',#13324,0.5);
#13324 = AXIS2_PLACEMENT_3D('',#13325,#13326,#13327);
#13325 = CARTESIAN_POINT('',(137.479156,54.989462,-4.6E-02));
#13326 = DIRECTION('',(-0.,-0.,-1.));
#13327 = DIRECTION('',(-0.,-1.,0.));
#13328 = ADVANCED_FACE('',(#13329),#13340,.F.);
#13329 = FACE_BOUND('',#13330,.T.);
#13330 = EDGE_LOOP('',(#13331,#13332,#13338,#13339));
#13331 = ORIENTED_EDGE('',*,*,#2275,.T.);
#13332 = ORIENTED_EDGE('',*,*,#13333,.T.);
#13333 = EDGE_CURVE('',#2276,#7225,#13334,.T.);
#13334 = LINE('',#13335,#13336);
#13335 = CARTESIAN_POINT('',(142.490446,54.451746,-4.6E-02));
#13336 = VECTOR('',#13337,1.);
#13337 = DIRECTION('',(0.,0.,1.));
#13338 = ORIENTED_EDGE('',*,*,#7224,.F.);
#13339 = ORIENTED_EDGE('',*,*,#13333,.F.);
#13340 = CYLINDRICAL_SURFACE('',#13341,0.5);
#13341 = AXIS2_PLACEMENT_3D('',#13342,#13343,#13344);
#13342 = CARTESIAN_POINT('',(142.490446,54.951746,-4.6E-02));
#13343 = DIRECTION('',(-0.,-0.,-1.));
#13344 = DIRECTION('',(-0.,-1.,0.));
#13345 = ADVANCED_FACE('',(#13346),#13357,.F.);
#13346 = FACE_BOUND('',#13347,.T.);
#13347 = EDGE_LOOP('',(#13348,#13349,#13355,#13356));
#13348 = ORIENTED_EDGE('',*,*,#2286,.T.);
#13349 = ORIENTED_EDGE('',*,*,#13350,.T.);
#13350 = EDGE_CURVE('',#2287,#7236,#13351,.T.);
#13351 = LINE('',#13352,#13353);
#13352 = CARTESIAN_POINT('',(145.030446,54.451746,-4.6E-02));
#13353 = VECTOR('',#13354,1.);
#13354 = DIRECTION('',(0.,0.,1.));
#13355 = ORIENTED_EDGE('',*,*,#7235,.F.);
#13356 = ORIENTED_EDGE('',*,*,#13350,.F.);
#13357 = CYLINDRICAL_SURFACE('',#13358,0.5);
#13358 = AXIS2_PLACEMENT_3D('',#13359,#13360,#13361);
#13359 = CARTESIAN_POINT('',(145.030446,54.951746,-4.6E-02));
#13360 = DIRECTION('',(-0.,-0.,-1.));
#13361 = DIRECTION('',(-0.,-1.,0.));
#13362 = ADVANCED_FACE('',(#13363),#13374,.F.);
#13363 = FACE_BOUND('',#13364,.T.);
#13364 = EDGE_LOOP('',(#13365,#13366,#13372,#13373));
#13365 = ORIENTED_EDGE('',*,*,#2297,.T.);
#13366 = ORIENTED_EDGE('',*,*,#13367,.T.);
#13367 = EDGE_CURVE('',#2298,#7247,#13368,.T.);
#13368 = LINE('',#13369,#13370);
#13369 = CARTESIAN_POINT('',(147.570446,54.451746,-4.6E-02));
#13370 = VECTOR('',#13371,1.);
#13371 = DIRECTION('',(0.,0.,1.));
#13372 = ORIENTED_EDGE('',*,*,#7246,.F.);
#13373 = ORIENTED_EDGE('',*,*,#13367,.F.);
#13374 = CYLINDRICAL_SURFACE('',#13375,0.5);
#13375 = AXIS2_PLACEMENT_3D('',#13376,#13377,#13378);
#13376 = CARTESIAN_POINT('',(147.570446,54.951746,-4.6E-02));
#13377 = DIRECTION('',(-0.,-0.,-1.));
#13378 = DIRECTION('',(-0.,-1.,0.));
#13379 = ADVANCED_FACE('',(#13380),#13391,.F.);
#13380 = FACE_BOUND('',#13381,.T.);
#13381 = EDGE_LOOP('',(#13382,#13383,#13389,#13390));
#13382 = ORIENTED_EDGE('',*,*,#2308,.T.);
#13383 = ORIENTED_EDGE('',*,*,#13384,.T.);
#13384 = EDGE_CURVE('',#2309,#7258,#13385,.T.);
#13385 = LINE('',#13386,#13387);
#13386 = CARTESIAN_POINT('',(152.371006,54.452618,-4.6E-02));
#13387 = VECTOR('',#13388,1.);
#13388 = DIRECTION('',(0.,0.,1.));
#13389 = ORIENTED_EDGE('',*,*,#7257,.F.);
#13390 = ORIENTED_EDGE('',*,*,#13384,.F.);
#13391 = CYLINDRICAL_SURFACE('',#13392,0.5);
#13392 = AXIS2_PLACEMENT_3D('',#13393,#13394,#13395);
#13393 = CARTESIAN_POINT('',(152.371006,54.952618,-4.6E-02));
#13394 = DIRECTION('',(-0.,-0.,-1.));
#13395 = DIRECTION('',(-0.,-1.,0.));
#13396 = ADVANCED_FACE('',(#13397),#13408,.F.);
#13397 = FACE_BOUND('',#13398,.T.);
#13398 = EDGE_LOOP('',(#13399,#13400,#13406,#13407));
#13399 = ORIENTED_EDGE('',*,*,#2319,.T.);
#13400 = ORIENTED_EDGE('',*,*,#13401,.T.);
#13401 = EDGE_CURVE('',#2320,#7269,#13402,.T.);
#13402 = LINE('',#13403,#13404);
#13403 = CARTESIAN_POINT('',(154.911006,54.452618,-4.6E-02));
#13404 = VECTOR('',#13405,1.);
#13405 = DIRECTION('',(0.,0.,1.));
#13406 = ORIENTED_EDGE('',*,*,#7268,.F.);
#13407 = ORIENTED_EDGE('',*,*,#13401,.F.);
#13408 = CYLINDRICAL_SURFACE('',#13409,0.5);
#13409 = AXIS2_PLACEMENT_3D('',#13410,#13411,#13412);
#13410 = CARTESIAN_POINT('',(154.911006,54.952618,-4.6E-02));
#13411 = DIRECTION('',(-0.,-0.,-1.));
#13412 = DIRECTION('',(-0.,-1.,0.));
#13413 = ADVANCED_FACE('',(#13414),#13425,.F.);
#13414 = FACE_BOUND('',#13415,.T.);
#13415 = EDGE_LOOP('',(#13416,#13417,#13423,#13424));
#13416 = ORIENTED_EDGE('',*,*,#2330,.T.);
#13417 = ORIENTED_EDGE('',*,*,#13418,.T.);
#13418 = EDGE_CURVE('',#2331,#7280,#13419,.T.);
#13419 = LINE('',#13420,#13421);
#13420 = CARTESIAN_POINT('',(157.451006,54.452618,-4.6E-02));
#13421 = VECTOR('',#13422,1.);
#13422 = DIRECTION('',(0.,0.,1.));
#13423 = ORIENTED_EDGE('',*,*,#7279,.F.);
#13424 = ORIENTED_EDGE('',*,*,#13418,.F.);
#13425 = CYLINDRICAL_SURFACE('',#13426,0.5);
#13426 = AXIS2_PLACEMENT_3D('',#13427,#13428,#13429);
#13427 = CARTESIAN_POINT('',(157.451006,54.952618,-4.6E-02));
#13428 = DIRECTION('',(-0.,-0.,-1.));
#13429 = DIRECTION('',(-0.,-1.,0.));
#13430 = ADVANCED_FACE('',(#13431),#13442,.F.);
#13431 = FACE_BOUND('',#13432,.T.);
#13432 = EDGE_LOOP('',(#13433,#13434,#13440,#13441));
#13433 = ORIENTED_EDGE('',*,*,#2341,.T.);
#13434 = ORIENTED_EDGE('',*,*,#13435,.T.);
#13435 = EDGE_CURVE('',#2342,#7291,#13436,.T.);
#13436 = LINE('',#13437,#13438);
#13437 = CARTESIAN_POINT('',(162.354712,54.453493,-4.6E-02));
#13438 = VECTOR('',#13439,1.);
#13439 = DIRECTION('',(0.,0.,1.));
#13440 = ORIENTED_EDGE('',*,*,#7290,.F.);
#13441 = ORIENTED_EDGE('',*,*,#13435,.F.);
#13442 = CYLINDRICAL_SURFACE('',#13443,0.5);
#13443 = AXIS2_PLACEMENT_3D('',#13444,#13445,#13446);
#13444 = CARTESIAN_POINT('',(162.354712,54.953493,-4.6E-02));
#13445 = DIRECTION('',(-0.,-0.,-1.));
#13446 = DIRECTION('',(-0.,-1.,0.));
#13447 = ADVANCED_FACE('',(#13448),#13459,.F.);
#13448 = FACE_BOUND('',#13449,.T.);
#13449 = EDGE_LOOP('',(#13450,#13451,#13457,#13458));
#13450 = ORIENTED_EDGE('',*,*,#2352,.T.);
#13451 = ORIENTED_EDGE('',*,*,#13452,.T.);
#13452 = EDGE_CURVE('',#2353,#7302,#13453,.T.);
#13453 = LINE('',#13454,#13455);
#13454 = CARTESIAN_POINT('',(164.894712,54.453493,-4.6E-02));
#13455 = VECTOR('',#13456,1.);
#13456 = DIRECTION('',(0.,0.,1.));
#13457 = ORIENTED_EDGE('',*,*,#7301,.F.);
#13458 = ORIENTED_EDGE('',*,*,#13452,.F.);
#13459 = CYLINDRICAL_SURFACE('',#13460,0.5);
#13460 = AXIS2_PLACEMENT_3D('',#13461,#13462,#13463);
#13461 = CARTESIAN_POINT('',(164.894712,54.953493,-4.6E-02));
#13462 = DIRECTION('',(-0.,-0.,-1.));
#13463 = DIRECTION('',(-0.,-1.,0.));
#13464 = ADVANCED_FACE('',(#13465),#13476,.F.);
#13465 = FACE_BOUND('',#13466,.T.);
#13466 = EDGE_LOOP('',(#13467,#13468,#13474,#13475));
#13467 = ORIENTED_EDGE('',*,*,#2363,.T.);
#13468 = ORIENTED_EDGE('',*,*,#13469,.T.);
#13469 = EDGE_CURVE('',#2364,#7313,#13470,.T.);
#13470 = LINE('',#13471,#13472);
#13471 = CARTESIAN_POINT('',(167.434712,54.453493,-4.6E-02));
#13472 = VECTOR('',#13473,1.);
#13473 = DIRECTION('',(0.,0.,1.));
#13474 = ORIENTED_EDGE('',*,*,#7312,.F.);
#13475 = ORIENTED_EDGE('',*,*,#13469,.F.);
#13476 = CYLINDRICAL_SURFACE('',#13477,0.5);
#13477 = AXIS2_PLACEMENT_3D('',#13478,#13479,#13480);
#13478 = CARTESIAN_POINT('',(167.434712,54.953493,-4.6E-02));
#13479 = DIRECTION('',(-0.,-0.,-1.));
#13480 = DIRECTION('',(-0.,-1.,0.));
#13481 = ADVANCED_FACE('',(#13482),#13493,.F.);
#13482 = FACE_BOUND('',#13483,.T.);
#13483 = EDGE_LOOP('',(#13484,#13485,#13491,#13492));
#13484 = ORIENTED_EDGE('',*,*,#2374,.T.);
#13485 = ORIENTED_EDGE('',*,*,#13486,.T.);
#13486 = EDGE_CURVE('',#2375,#7324,#13487,.T.);
#13487 = LINE('',#13488,#13489);
#13488 = CARTESIAN_POINT('',(183.32,47.162,-4.6E-02));
#13489 = VECTOR('',#13490,1.);
#13490 = DIRECTION('',(0.,0.,1.));
#13491 = ORIENTED_EDGE('',*,*,#7323,.F.);
#13492 = ORIENTED_EDGE('',*,*,#13486,.F.);
#13493 = CYLINDRICAL_SURFACE('',#13494,0.508);
#13494 = AXIS2_PLACEMENT_3D('',#13495,#13496,#13497);
#13495 = CARTESIAN_POINT('',(183.32,47.67,-4.6E-02));
#13496 = DIRECTION('',(-0.,-0.,-1.));
#13497 = DIRECTION('',(-0.,-1.,0.));
#13498 = ADVANCED_FACE('',(#13499),#13510,.F.);
#13499 = FACE_BOUND('',#13500,.T.);
#13500 = EDGE_LOOP('',(#13501,#13502,#13508,#13509));
#13501 = ORIENTED_EDGE('',*,*,#2385,.T.);
#13502 = ORIENTED_EDGE('',*,*,#13503,.T.);
#13503 = EDGE_CURVE('',#2386,#7335,#13504,.T.);
#13504 = LINE('',#13505,#13506);
#13505 = CARTESIAN_POINT('',(188.52,47.142,-4.6E-02));
#13506 = VECTOR('',#13507,1.);
#13507 = DIRECTION('',(0.,0.,1.));
#13508 = ORIENTED_EDGE('',*,*,#7334,.F.);
#13509 = ORIENTED_EDGE('',*,*,#13503,.F.);
#13510 = CYLINDRICAL_SURFACE('',#13511,0.508);
#13511 = AXIS2_PLACEMENT_3D('',#13512,#13513,#13514);
#13512 = CARTESIAN_POINT('',(188.52,47.65,-4.6E-02));
#13513 = DIRECTION('',(-0.,0.,-1.));
#13514 = DIRECTION('',(5.594824691024E-14,-1.,-0.));
#13515 = ADVANCED_FACE('',(#13516),#13527,.F.);
#13516 = FACE_BOUND('',#13517,.T.);
#13517 = EDGE_LOOP('',(#13518,#13519,#13525,#13526));
#13518 = ORIENTED_EDGE('',*,*,#2396,.T.);
#13519 = ORIENTED_EDGE('',*,*,#13520,.T.);
#13520 = EDGE_CURVE('',#2397,#7346,#13521,.T.);
#13521 = LINE('',#13522,#13523);
#13522 = CARTESIAN_POINT('',(183.32,49.702,-4.6E-02));
#13523 = VECTOR('',#13524,1.);
#13524 = DIRECTION('',(0.,0.,1.));
#13525 = ORIENTED_EDGE('',*,*,#7345,.F.);
#13526 = ORIENTED_EDGE('',*,*,#13520,.F.);
#13527 = CYLINDRICAL_SURFACE('',#13528,0.508);
#13528 = AXIS2_PLACEMENT_3D('',#13529,#13530,#13531);
#13529 = CARTESIAN_POINT('',(183.32,50.21,-4.6E-02));
#13530 = DIRECTION('',(-0.,-0.,-1.));
#13531 = DIRECTION('',(-0.,-1.,0.));
#13532 = ADVANCED_FACE('',(#13533),#13544,.F.);
#13533 = FACE_BOUND('',#13534,.T.);
#13534 = EDGE_LOOP('',(#13535,#13536,#13542,#13543));
#13535 = ORIENTED_EDGE('',*,*,#2407,.T.);
#13536 = ORIENTED_EDGE('',*,*,#13537,.T.);
#13537 = EDGE_CURVE('',#2408,#7357,#13538,.T.);
#13538 = LINE('',#13539,#13540);
#13539 = CARTESIAN_POINT('',(183.32,52.242,-4.6E-02));
#13540 = VECTOR('',#13541,1.);
#13541 = DIRECTION('',(0.,0.,1.));
#13542 = ORIENTED_EDGE('',*,*,#7356,.F.);
#13543 = ORIENTED_EDGE('',*,*,#13537,.F.);
#13544 = CYLINDRICAL_SURFACE('',#13545,0.508);
#13545 = AXIS2_PLACEMENT_3D('',#13546,#13547,#13548);
#13546 = CARTESIAN_POINT('',(183.32,52.75,-4.6E-02));
#13547 = DIRECTION('',(-0.,-0.,-1.));
#13548 = DIRECTION('',(-0.,-1.,0.));
#13549 = ADVANCED_FACE('',(#13550),#13561,.F.);
#13550 = FACE_BOUND('',#13551,.T.);
#13551 = EDGE_LOOP('',(#13552,#13553,#13559,#13560));
#13552 = ORIENTED_EDGE('',*,*,#2418,.T.);
#13553 = ORIENTED_EDGE('',*,*,#13554,.T.);
#13554 = EDGE_CURVE('',#2419,#7368,#13555,.T.);
#13555 = LINE('',#13556,#13557);
#13556 = CARTESIAN_POINT('',(188.52,49.682,-4.6E-02));
#13557 = VECTOR('',#13558,1.);
#13558 = DIRECTION('',(0.,0.,1.));
#13559 = ORIENTED_EDGE('',*,*,#7367,.F.);
#13560 = ORIENTED_EDGE('',*,*,#13554,.F.);
#13561 = CYLINDRICAL_SURFACE('',#13562,0.508);
#13562 = AXIS2_PLACEMENT_3D('',#13563,#13564,#13565);
#13563 = CARTESIAN_POINT('',(188.52,50.19,-4.6E-02));
#13564 = DIRECTION('',(-0.,0.,-1.));
#13565 = DIRECTION('',(5.594824691024E-14,-1.,-0.));
#13566 = ADVANCED_FACE('',(#13567),#13578,.F.);
#13567 = FACE_BOUND('',#13568,.T.);
#13568 = EDGE_LOOP('',(#13569,#13570,#13576,#13577));
#13569 = ORIENTED_EDGE('',*,*,#2429,.T.);
#13570 = ORIENTED_EDGE('',*,*,#13571,.T.);
#13571 = EDGE_CURVE('',#2430,#7379,#13572,.T.);
#13572 = LINE('',#13573,#13574);
#13573 = CARTESIAN_POINT('',(188.52,52.222,-4.6E-02));
#13574 = VECTOR('',#13575,1.);
#13575 = DIRECTION('',(0.,0.,1.));
#13576 = ORIENTED_EDGE('',*,*,#7378,.F.);
#13577 = ORIENTED_EDGE('',*,*,#13571,.F.);
#13578 = CYLINDRICAL_SURFACE('',#13579,0.508);
#13579 = AXIS2_PLACEMENT_3D('',#13580,#13581,#13582);
#13580 = CARTESIAN_POINT('',(188.52,52.73,-4.6E-02));
#13581 = DIRECTION('',(-0.,0.,-1.));
#13582 = DIRECTION('',(5.594824691024E-14,-1.,-0.));
#13583 = ADVANCED_FACE('',(#13584),#13595,.F.);
#13584 = FACE_BOUND('',#13585,.T.);
#13585 = EDGE_LOOP('',(#13586,#13587,#13593,#13594));
#13586 = ORIENTED_EDGE('',*,*,#2440,.T.);
#13587 = ORIENTED_EDGE('',*,*,#13588,.T.);
#13588 = EDGE_CURVE('',#2441,#7390,#13589,.T.);
#13589 = LINE('',#13590,#13591);
#13590 = CARTESIAN_POINT('',(256.,2.4,-4.6E-02));
#13591 = VECTOR('',#13592,1.);
#13592 = DIRECTION('',(0.,0.,1.));
#13593 = ORIENTED_EDGE('',*,*,#7389,.F.);
#13594 = ORIENTED_EDGE('',*,*,#13588,.F.);
#13595 = CYLINDRICAL_SURFACE('',#13596,1.6);
#13596 = AXIS2_PLACEMENT_3D('',#13597,#13598,#13599);
#13597 = CARTESIAN_POINT('',(256.,4.,-4.6E-02));
#13598 = DIRECTION('',(-0.,-0.,-1.));
#13599 = DIRECTION('',(-0.,-1.,0.));
#13600 = ADVANCED_FACE('',(#13601),#13612,.F.);
#13601 = FACE_BOUND('',#13602,.T.);
#13602 = EDGE_LOOP('',(#13603,#13604,#13610,#13611));
#13603 = ORIENTED_EDGE('',*,*,#2451,.T.);
#13604 = ORIENTED_EDGE('',*,*,#13605,.T.);
#13605 = EDGE_CURVE('',#2452,#7401,#13606,.T.);
#13606 = LINE('',#13607,#13608);
#13607 = CARTESIAN_POINT('',(193.82,46.902,-4.6E-02));
#13608 = VECTOR('',#13609,1.);
#13609 = DIRECTION('',(0.,0.,1.));
#13610 = ORIENTED_EDGE('',*,*,#7400,.F.);
#13611 = ORIENTED_EDGE('',*,*,#13605,.F.);
#13612 = CYLINDRICAL_SURFACE('',#13613,0.508);
#13613 = AXIS2_PLACEMENT_3D('',#13614,#13615,#13616);
#13614 = CARTESIAN_POINT('',(193.82,47.41,-4.6E-02));
#13615 = DIRECTION('',(-0.,-0.,-1.));
#13616 = DIRECTION('',(-0.,-1.,0.));
#13617 = ADVANCED_FACE('',(#13618),#13629,.F.);
#13618 = FACE_BOUND('',#13619,.T.);
#13619 = EDGE_LOOP('',(#13620,#13621,#13627,#13628));
#13620 = ORIENTED_EDGE('',*,*,#2462,.T.);
#13621 = ORIENTED_EDGE('',*,*,#13622,.T.);
#13622 = EDGE_CURVE('',#2463,#7412,#13623,.T.);
#13623 = LINE('',#13624,#13625);
#13624 = CARTESIAN_POINT('',(198.87,46.822,-4.6E-02));
#13625 = VECTOR('',#13626,1.);
#13626 = DIRECTION('',(0.,0.,1.));
#13627 = ORIENTED_EDGE('',*,*,#7411,.F.);
#13628 = ORIENTED_EDGE('',*,*,#13622,.F.);
#13629 = CYLINDRICAL_SURFACE('',#13630,0.508);
#13630 = AXIS2_PLACEMENT_3D('',#13631,#13632,#13633);
#13631 = CARTESIAN_POINT('',(198.87,47.33,-4.6E-02));
#13632 = DIRECTION('',(-0.,-0.,-1.));
#13633 = DIRECTION('',(-0.,-1.,0.));
#13634 = ADVANCED_FACE('',(#13635),#13646,.F.);
#13635 = FACE_BOUND('',#13636,.T.);
#13636 = EDGE_LOOP('',(#13637,#13638,#13644,#13645));
#13637 = ORIENTED_EDGE('',*,*,#2473,.T.);
#13638 = ORIENTED_EDGE('',*,*,#13639,.T.);
#13639 = EDGE_CURVE('',#2474,#7423,#13640,.T.);
#13640 = LINE('',#13641,#13642);
#13641 = CARTESIAN_POINT('',(204.37,46.932,-4.6E-02));
#13642 = VECTOR('',#13643,1.);
#13643 = DIRECTION('',(0.,0.,1.));
#13644 = ORIENTED_EDGE('',*,*,#7422,.F.);
#13645 = ORIENTED_EDGE('',*,*,#13639,.F.);
#13646 = CYLINDRICAL_SURFACE('',#13647,0.508);
#13647 = AXIS2_PLACEMENT_3D('',#13648,#13649,#13650);
#13648 = CARTESIAN_POINT('',(204.37,47.44,-4.6E-02));
#13649 = DIRECTION('',(-0.,-0.,-1.));
#13650 = DIRECTION('',(-0.,-1.,0.));
#13651 = ADVANCED_FACE('',(#13652),#13663,.F.);
#13652 = FACE_BOUND('',#13653,.T.);
#13653 = EDGE_LOOP('',(#13654,#13655,#13661,#13662));
#13654 = ORIENTED_EDGE('',*,*,#2484,.T.);
#13655 = ORIENTED_EDGE('',*,*,#13656,.T.);
#13656 = EDGE_CURVE('',#2485,#7434,#13657,.T.);
#13657 = LINE('',#13658,#13659);
#13658 = CARTESIAN_POINT('',(193.82,49.442,-4.6E-02));
#13659 = VECTOR('',#13660,1.);
#13660 = DIRECTION('',(0.,0.,1.));
#13661 = ORIENTED_EDGE('',*,*,#7433,.F.);
#13662 = ORIENTED_EDGE('',*,*,#13656,.F.);
#13663 = CYLINDRICAL_SURFACE('',#13664,0.508);
#13664 = AXIS2_PLACEMENT_3D('',#13665,#13666,#13667);
#13665 = CARTESIAN_POINT('',(193.82,49.95,-4.6E-02));
#13666 = DIRECTION('',(-0.,-0.,-1.));
#13667 = DIRECTION('',(-0.,-1.,0.));
#13668 = ADVANCED_FACE('',(#13669),#13680,.F.);
#13669 = FACE_BOUND('',#13670,.T.);
#13670 = EDGE_LOOP('',(#13671,#13672,#13678,#13679));
#13671 = ORIENTED_EDGE('',*,*,#2495,.T.);
#13672 = ORIENTED_EDGE('',*,*,#13673,.T.);
#13673 = EDGE_CURVE('',#2496,#7445,#13674,.T.);
#13674 = LINE('',#13675,#13676);
#13675 = CARTESIAN_POINT('',(193.82,51.982,-4.6E-02));
#13676 = VECTOR('',#13677,1.);
#13677 = DIRECTION('',(0.,0.,1.));
#13678 = ORIENTED_EDGE('',*,*,#7444,.F.);
#13679 = ORIENTED_EDGE('',*,*,#13673,.F.);
#13680 = CYLINDRICAL_SURFACE('',#13681,0.508);
#13681 = AXIS2_PLACEMENT_3D('',#13682,#13683,#13684);
#13682 = CARTESIAN_POINT('',(193.82,52.49,-4.6E-02));
#13683 = DIRECTION('',(-0.,-0.,-1.));
#13684 = DIRECTION('',(-0.,-1.,0.));
#13685 = ADVANCED_FACE('',(#13686),#13697,.F.);
#13686 = FACE_BOUND('',#13687,.T.);
#13687 = EDGE_LOOP('',(#13688,#13689,#13695,#13696));
#13688 = ORIENTED_EDGE('',*,*,#2506,.T.);
#13689 = ORIENTED_EDGE('',*,*,#13690,.T.);
#13690 = EDGE_CURVE('',#2507,#7456,#13691,.T.);
#13691 = LINE('',#13692,#13693);
#13692 = CARTESIAN_POINT('',(198.87,49.362,-4.6E-02));
#13693 = VECTOR('',#13694,1.);
#13694 = DIRECTION('',(0.,0.,1.));
#13695 = ORIENTED_EDGE('',*,*,#7455,.F.);
#13696 = ORIENTED_EDGE('',*,*,#13690,.F.);
#13697 = CYLINDRICAL_SURFACE('',#13698,0.508);
#13698 = AXIS2_PLACEMENT_3D('',#13699,#13700,#13701);
#13699 = CARTESIAN_POINT('',(198.87,49.87,-4.6E-02));
#13700 = DIRECTION('',(-0.,-0.,-1.));
#13701 = DIRECTION('',(-0.,-1.,0.));
#13702 = ADVANCED_FACE('',(#13703),#13714,.F.);
#13703 = FACE_BOUND('',#13704,.T.);
#13704 = EDGE_LOOP('',(#13705,#13706,#13712,#13713));
#13705 = ORIENTED_EDGE('',*,*,#2517,.T.);
#13706 = ORIENTED_EDGE('',*,*,#13707,.T.);
#13707 = EDGE_CURVE('',#2518,#7467,#13708,.T.);
#13708 = LINE('',#13709,#13710);
#13709 = CARTESIAN_POINT('',(198.87,51.902,-4.6E-02));
#13710 = VECTOR('',#13711,1.);
#13711 = DIRECTION('',(0.,0.,1.));
#13712 = ORIENTED_EDGE('',*,*,#7466,.F.);
#13713 = ORIENTED_EDGE('',*,*,#13707,.F.);
#13714 = CYLINDRICAL_SURFACE('',#13715,0.508);
#13715 = AXIS2_PLACEMENT_3D('',#13716,#13717,#13718);
#13716 = CARTESIAN_POINT('',(198.87,52.41,-4.6E-02));
#13717 = DIRECTION('',(-0.,-0.,-1.));
#13718 = DIRECTION('',(-0.,-1.,0.));
#13719 = ADVANCED_FACE('',(#13720),#13731,.F.);
#13720 = FACE_BOUND('',#13721,.T.);
#13721 = EDGE_LOOP('',(#13722,#13723,#13729,#13730));
#13722 = ORIENTED_EDGE('',*,*,#2528,.T.);
#13723 = ORIENTED_EDGE('',*,*,#13724,.T.);
#13724 = EDGE_CURVE('',#2529,#7478,#13725,.T.);
#13725 = LINE('',#13726,#13727);
#13726 = CARTESIAN_POINT('',(204.37,49.472,-4.6E-02));
#13727 = VECTOR('',#13728,1.);
#13728 = DIRECTION('',(0.,0.,1.));
#13729 = ORIENTED_EDGE('',*,*,#7477,.F.);
#13730 = ORIENTED_EDGE('',*,*,#13724,.F.);
#13731 = CYLINDRICAL_SURFACE('',#13732,0.508);
#13732 = AXIS2_PLACEMENT_3D('',#13733,#13734,#13735);
#13733 = CARTESIAN_POINT('',(204.37,49.98,-4.6E-02));
#13734 = DIRECTION('',(-0.,-0.,-1.));
#13735 = DIRECTION('',(-0.,-1.,0.));
#13736 = ADVANCED_FACE('',(#13737),#13748,.F.);
#13737 = FACE_BOUND('',#13738,.T.);
#13738 = EDGE_LOOP('',(#13739,#13740,#13746,#13747));
#13739 = ORIENTED_EDGE('',*,*,#2539,.T.);
#13740 = ORIENTED_EDGE('',*,*,#13741,.T.);
#13741 = EDGE_CURVE('',#2540,#7489,#13742,.T.);
#13742 = LINE('',#13743,#13744);
#13743 = CARTESIAN_POINT('',(204.37,52.012,-4.6E-02));
#13744 = VECTOR('',#13745,1.);
#13745 = DIRECTION('',(0.,0.,1.));
#13746 = ORIENTED_EDGE('',*,*,#7488,.F.);
#13747 = ORIENTED_EDGE('',*,*,#13741,.F.);
#13748 = CYLINDRICAL_SURFACE('',#13749,0.508);
#13749 = AXIS2_PLACEMENT_3D('',#13750,#13751,#13752);
#13750 = CARTESIAN_POINT('',(204.37,52.52,-4.6E-02));
#13751 = DIRECTION('',(-0.,-0.,-1.));
#13752 = DIRECTION('',(-0.,-1.,0.));
#13753 = ADVANCED_FACE('',(#13754),#13765,.F.);
#13754 = FACE_BOUND('',#13755,.T.);
#13755 = EDGE_LOOP('',(#13756,#13757,#13763,#13764));
#13756 = ORIENTED_EDGE('',*,*,#2550,.T.);
#13757 = ORIENTED_EDGE('',*,*,#13758,.T.);
#13758 = EDGE_CURVE('',#2551,#7500,#13759,.T.);
#13759 = LINE('',#13760,#13761);
#13760 = CARTESIAN_POINT('',(209.72,46.922,-4.6E-02));
#13761 = VECTOR('',#13762,1.);
#13762 = DIRECTION('',(0.,0.,1.));
#13763 = ORIENTED_EDGE('',*,*,#7499,.F.);
#13764 = ORIENTED_EDGE('',*,*,#13758,.F.);
#13765 = CYLINDRICAL_SURFACE('',#13766,0.508);
#13766 = AXIS2_PLACEMENT_3D('',#13767,#13768,#13769);
#13767 = CARTESIAN_POINT('',(209.72,47.43,-4.6E-02));
#13768 = DIRECTION('',(-0.,-0.,-1.));
#13769 = DIRECTION('',(-0.,-1.,0.));
#13770 = ADVANCED_FACE('',(#13771),#13782,.F.);
#13771 = FACE_BOUND('',#13772,.T.);
#13772 = EDGE_LOOP('',(#13773,#13774,#13780,#13781));
#13773 = ORIENTED_EDGE('',*,*,#2561,.T.);
#13774 = ORIENTED_EDGE('',*,*,#13775,.T.);
#13775 = EDGE_CURVE('',#2562,#7511,#13776,.T.);
#13776 = LINE('',#13777,#13778);
#13777 = CARTESIAN_POINT('',(214.92,47.082,-4.6E-02));
#13778 = VECTOR('',#13779,1.);
#13779 = DIRECTION('',(0.,0.,1.));
#13780 = ORIENTED_EDGE('',*,*,#7510,.F.);
#13781 = ORIENTED_EDGE('',*,*,#13775,.F.);
#13782 = CYLINDRICAL_SURFACE('',#13783,0.508);
#13783 = AXIS2_PLACEMENT_3D('',#13784,#13785,#13786);
#13784 = CARTESIAN_POINT('',(214.92,47.59,-4.6E-02));
#13785 = DIRECTION('',(-0.,-0.,-1.));
#13786 = DIRECTION('',(-5.594824691025E-14,-1.,0.));
#13787 = ADVANCED_FACE('',(#13788),#13799,.F.);
#13788 = FACE_BOUND('',#13789,.T.);
#13789 = EDGE_LOOP('',(#13790,#13791,#13797,#13798));
#13790 = ORIENTED_EDGE('',*,*,#2572,.T.);
#13791 = ORIENTED_EDGE('',*,*,#13792,.T.);
#13792 = EDGE_CURVE('',#2573,#7522,#13793,.T.);
#13793 = LINE('',#13794,#13795);
#13794 = CARTESIAN_POINT('',(219.87,47.092,-4.6E-02));
#13795 = VECTOR('',#13796,1.);
#13796 = DIRECTION('',(0.,0.,1.));
#13797 = ORIENTED_EDGE('',*,*,#7521,.F.);
#13798 = ORIENTED_EDGE('',*,*,#13792,.F.);
#13799 = CYLINDRICAL_SURFACE('',#13800,0.508);
#13800 = AXIS2_PLACEMENT_3D('',#13801,#13802,#13803);
#13801 = CARTESIAN_POINT('',(219.87,47.6,-4.6E-02));
#13802 = DIRECTION('',(-0.,-0.,-1.));
#13803 = DIRECTION('',(-0.,-1.,0.));
#13804 = ADVANCED_FACE('',(#13805),#13816,.F.);
#13805 = FACE_BOUND('',#13806,.T.);
#13806 = EDGE_LOOP('',(#13807,#13808,#13814,#13815));
#13807 = ORIENTED_EDGE('',*,*,#2583,.T.);
#13808 = ORIENTED_EDGE('',*,*,#13809,.T.);
#13809 = EDGE_CURVE('',#2584,#7533,#13810,.T.);
#13810 = LINE('',#13811,#13812);
#13811 = CARTESIAN_POINT('',(209.72,49.462,-4.6E-02));
#13812 = VECTOR('',#13813,1.);
#13813 = DIRECTION('',(0.,0.,1.));
#13814 = ORIENTED_EDGE('',*,*,#7532,.F.);
#13815 = ORIENTED_EDGE('',*,*,#13809,.F.);
#13816 = CYLINDRICAL_SURFACE('',#13817,0.508);
#13817 = AXIS2_PLACEMENT_3D('',#13818,#13819,#13820);
#13818 = CARTESIAN_POINT('',(209.72,49.97,-4.6E-02));
#13819 = DIRECTION('',(-0.,-0.,-1.));
#13820 = DIRECTION('',(-0.,-1.,0.));
#13821 = ADVANCED_FACE('',(#13822),#13833,.F.);
#13822 = FACE_BOUND('',#13823,.T.);
#13823 = EDGE_LOOP('',(#13824,#13825,#13831,#13832));
#13824 = ORIENTED_EDGE('',*,*,#2594,.T.);
#13825 = ORIENTED_EDGE('',*,*,#13826,.T.);
#13826 = EDGE_CURVE('',#2595,#7544,#13827,.T.);
#13827 = LINE('',#13828,#13829);
#13828 = CARTESIAN_POINT('',(209.72,52.002,-4.6E-02));
#13829 = VECTOR('',#13830,1.);
#13830 = DIRECTION('',(0.,0.,1.));
#13831 = ORIENTED_EDGE('',*,*,#7543,.F.);
#13832 = ORIENTED_EDGE('',*,*,#13826,.F.);
#13833 = CYLINDRICAL_SURFACE('',#13834,0.508);
#13834 = AXIS2_PLACEMENT_3D('',#13835,#13836,#13837);
#13835 = CARTESIAN_POINT('',(209.72,52.51,-4.6E-02));
#13836 = DIRECTION('',(-0.,-0.,-1.));
#13837 = DIRECTION('',(-0.,-1.,0.));
#13838 = ADVANCED_FACE('',(#13839),#13850,.F.);
#13839 = FACE_BOUND('',#13840,.T.);
#13840 = EDGE_LOOP('',(#13841,#13842,#13848,#13849));
#13841 = ORIENTED_EDGE('',*,*,#2605,.T.);
#13842 = ORIENTED_EDGE('',*,*,#13843,.T.);
#13843 = EDGE_CURVE('',#2606,#7555,#13844,.T.);
#13844 = LINE('',#13845,#13846);
#13845 = CARTESIAN_POINT('',(214.92,49.622,-4.6E-02));
#13846 = VECTOR('',#13847,1.);
#13847 = DIRECTION('',(0.,0.,1.));
#13848 = ORIENTED_EDGE('',*,*,#7554,.F.);
#13849 = ORIENTED_EDGE('',*,*,#13843,.F.);
#13850 = CYLINDRICAL_SURFACE('',#13851,0.508);
#13851 = AXIS2_PLACEMENT_3D('',#13852,#13853,#13854);
#13852 = CARTESIAN_POINT('',(214.92,50.13,-4.6E-02));
#13853 = DIRECTION('',(-0.,-0.,-1.));
#13854 = DIRECTION('',(-5.594824691025E-14,-1.,0.));
#13855 = ADVANCED_FACE('',(#13856),#13867,.F.);
#13856 = FACE_BOUND('',#13857,.T.);
#13857 = EDGE_LOOP('',(#13858,#13859,#13865,#13866));
#13858 = ORIENTED_EDGE('',*,*,#2616,.T.);
#13859 = ORIENTED_EDGE('',*,*,#13860,.T.);
#13860 = EDGE_CURVE('',#2617,#7566,#13861,.T.);
#13861 = LINE('',#13862,#13863);
#13862 = CARTESIAN_POINT('',(214.92,52.162,-4.6E-02));
#13863 = VECTOR('',#13864,1.);
#13864 = DIRECTION('',(0.,0.,1.));
#13865 = ORIENTED_EDGE('',*,*,#7565,.F.);
#13866 = ORIENTED_EDGE('',*,*,#13860,.F.);
#13867 = CYLINDRICAL_SURFACE('',#13868,0.508);
#13868 = AXIS2_PLACEMENT_3D('',#13869,#13870,#13871);
#13869 = CARTESIAN_POINT('',(214.92,52.67,-4.6E-02));
#13870 = DIRECTION('',(-0.,-0.,-1.));
#13871 = DIRECTION('',(-5.594824691025E-14,-1.,0.));
#13872 = ADVANCED_FACE('',(#13873),#13884,.F.);
#13873 = FACE_BOUND('',#13874,.T.);
#13874 = EDGE_LOOP('',(#13875,#13876,#13882,#13883));
#13875 = ORIENTED_EDGE('',*,*,#2627,.T.);
#13876 = ORIENTED_EDGE('',*,*,#13877,.T.);
#13877 = EDGE_CURVE('',#2628,#7577,#13878,.T.);
#13878 = LINE('',#13879,#13880);
#13879 = CARTESIAN_POINT('',(219.87,49.632,-4.6E-02));
#13880 = VECTOR('',#13881,1.);
#13881 = DIRECTION('',(0.,0.,1.));
#13882 = ORIENTED_EDGE('',*,*,#7576,.F.);
#13883 = ORIENTED_EDGE('',*,*,#13877,.F.);
#13884 = CYLINDRICAL_SURFACE('',#13885,0.508);
#13885 = AXIS2_PLACEMENT_3D('',#13886,#13887,#13888);
#13886 = CARTESIAN_POINT('',(219.87,50.14,-4.6E-02));
#13887 = DIRECTION('',(-0.,-0.,-1.));
#13888 = DIRECTION('',(-0.,-1.,0.));
#13889 = ADVANCED_FACE('',(#13890),#13901,.F.);
#13890 = FACE_BOUND('',#13891,.T.);
#13891 = EDGE_LOOP('',(#13892,#13893,#13899,#13900));
#13892 = ORIENTED_EDGE('',*,*,#2638,.T.);
#13893 = ORIENTED_EDGE('',*,*,#13894,.T.);
#13894 = EDGE_CURVE('',#2639,#7588,#13895,.T.);
#13895 = LINE('',#13896,#13897);
#13896 = CARTESIAN_POINT('',(219.87,52.172,-4.6E-02));
#13897 = VECTOR('',#13898,1.);
#13898 = DIRECTION('',(0.,0.,1.));
#13899 = ORIENTED_EDGE('',*,*,#7587,.F.);
#13900 = ORIENTED_EDGE('',*,*,#13894,.F.);
#13901 = CYLINDRICAL_SURFACE('',#13902,0.508);
#13902 = AXIS2_PLACEMENT_3D('',#13903,#13904,#13905);
#13903 = CARTESIAN_POINT('',(219.87,52.68,-4.6E-02));
#13904 = DIRECTION('',(-0.,-0.,-1.));
#13905 = DIRECTION('',(-0.,-1.,0.));
#13906 = ADVANCED_FACE('',(#13907),#13918,.F.);
#13907 = FACE_BOUND('',#13908,.T.);
#13908 = EDGE_LOOP('',(#13909,#13910,#13916,#13917));
#13909 = ORIENTED_EDGE('',*,*,#2649,.T.);
#13910 = ORIENTED_EDGE('',*,*,#13911,.T.);
#13911 = EDGE_CURVE('',#2650,#7599,#13912,.T.);
#13912 = LINE('',#13913,#13914);
#13913 = CARTESIAN_POINT('',(246.53,42.17,-4.6E-02));
#13914 = VECTOR('',#13915,1.);
#13915 = DIRECTION('',(0.,0.,1.));
#13916 = ORIENTED_EDGE('',*,*,#7598,.F.);
#13917 = ORIENTED_EDGE('',*,*,#13911,.F.);
#13918 = CYLINDRICAL_SURFACE('',#13919,0.5);
#13919 = AXIS2_PLACEMENT_3D('',#13920,#13921,#13922);
#13920 = CARTESIAN_POINT('',(246.53,42.67,-4.6E-02));
#13921 = DIRECTION('',(-0.,-0.,-1.));
#13922 = DIRECTION('',(-0.,-1.,0.));
#13923 = ADVANCED_FACE('',(#13924),#13935,.F.);
#13924 = FACE_BOUND('',#13925,.T.);
#13925 = EDGE_LOOP('',(#13926,#13927,#13933,#13934));
#13926 = ORIENTED_EDGE('',*,*,#2660,.T.);
#13927 = ORIENTED_EDGE('',*,*,#13928,.T.);
#13928 = EDGE_CURVE('',#2661,#7610,#13929,.T.);
#13929 = LINE('',#13930,#13931);
#13930 = CARTESIAN_POINT('',(246.53,44.71,-4.6E-02));
#13931 = VECTOR('',#13932,1.);
#13932 = DIRECTION('',(0.,0.,1.));
#13933 = ORIENTED_EDGE('',*,*,#7609,.F.);
#13934 = ORIENTED_EDGE('',*,*,#13928,.F.);
#13935 = CYLINDRICAL_SURFACE('',#13936,0.5);
#13936 = AXIS2_PLACEMENT_3D('',#13937,#13938,#13939);
#13937 = CARTESIAN_POINT('',(246.53,45.21,-4.6E-02));
#13938 = DIRECTION('',(-0.,-0.,-1.));
#13939 = DIRECTION('',(-0.,-1.,0.));
#13940 = ADVANCED_FACE('',(#13941),#13952,.F.);
#13941 = FACE_BOUND('',#13942,.T.);
#13942 = EDGE_LOOP('',(#13943,#13944,#13950,#13951));
#13943 = ORIENTED_EDGE('',*,*,#2671,.T.);
#13944 = ORIENTED_EDGE('',*,*,#13945,.T.);
#13945 = EDGE_CURVE('',#2672,#7621,#13946,.T.);
#13946 = LINE('',#13947,#13948);
#13947 = CARTESIAN_POINT('',(246.53,59.95,-4.6E-02));
#13948 = VECTOR('',#13949,1.);
#13949 = DIRECTION('',(0.,0.,1.));
#13950 = ORIENTED_EDGE('',*,*,#7620,.F.);
#13951 = ORIENTED_EDGE('',*,*,#13945,.F.);
#13952 = CYLINDRICAL_SURFACE('',#13953,0.5);
#13953 = AXIS2_PLACEMENT_3D('',#13954,#13955,#13956);
#13954 = CARTESIAN_POINT('',(246.53,60.45,-4.6E-02));
#13955 = DIRECTION('',(-0.,-0.,-1.));
#13956 = DIRECTION('',(-0.,-1.,0.));
#13957 = ADVANCED_FACE('',(#13958),#13969,.F.);
#13958 = FACE_BOUND('',#13959,.T.);
#13959 = EDGE_LOOP('',(#13960,#13961,#13967,#13968));
#13960 = ORIENTED_EDGE('',*,*,#2682,.T.);
#13961 = ORIENTED_EDGE('',*,*,#13962,.T.);
#13962 = EDGE_CURVE('',#2683,#7632,#13963,.T.);
#13963 = LINE('',#13964,#13965);
#13964 = CARTESIAN_POINT('',(246.53,62.49,-4.6E-02));
#13965 = VECTOR('',#13966,1.);
#13966 = DIRECTION('',(0.,0.,1.));
#13967 = ORIENTED_EDGE('',*,*,#7631,.F.);
#13968 = ORIENTED_EDGE('',*,*,#13962,.F.);
#13969 = CYLINDRICAL_SURFACE('',#13970,0.5);
#13970 = AXIS2_PLACEMENT_3D('',#13971,#13972,#13973);
#13971 = CARTESIAN_POINT('',(246.53,62.99,-4.6E-02));
#13972 = DIRECTION('',(-0.,-0.,-1.));
#13973 = DIRECTION('',(-0.,-1.,0.));
#13974 = ADVANCED_FACE('',(#13975),#13986,.F.);
#13975 = FACE_BOUND('',#13976,.T.);
#13976 = EDGE_LOOP('',(#13977,#13978,#13984,#13985));
#13977 = ORIENTED_EDGE('',*,*,#2693,.T.);
#13978 = ORIENTED_EDGE('',*,*,#13979,.T.);
#13979 = EDGE_CURVE('',#2694,#7643,#13980,.T.);
#13980 = LINE('',#13981,#13982);
#13981 = CARTESIAN_POINT('',(186.25,78.27,-4.6E-02));
#13982 = VECTOR('',#13983,1.);
#13983 = DIRECTION('',(0.,0.,1.));
#13984 = ORIENTED_EDGE('',*,*,#7642,.F.);
#13985 = ORIENTED_EDGE('',*,*,#13979,.F.);
#13986 = CYLINDRICAL_SURFACE('',#13987,0.5);
#13987 = AXIS2_PLACEMENT_3D('',#13988,#13989,#13990);
#13988 = CARTESIAN_POINT('',(186.25,78.77,-4.6E-02));
#13989 = DIRECTION('',(-0.,-0.,-1.));
#13990 = DIRECTION('',(-0.,-1.,0.));
#13991 = ADVANCED_FACE('',(#13992),#14003,.F.);
#13992 = FACE_BOUND('',#13993,.T.);
#13993 = EDGE_LOOP('',(#13994,#13995,#14001,#14002));
#13994 = ORIENTED_EDGE('',*,*,#2704,.T.);
#13995 = ORIENTED_EDGE('',*,*,#13996,.T.);
#13996 = EDGE_CURVE('',#2705,#7654,#13997,.T.);
#13997 = LINE('',#13998,#13999);
#13998 = CARTESIAN_POINT('',(188.79,78.27,-4.6E-02));
#13999 = VECTOR('',#14000,1.);
#14000 = DIRECTION('',(0.,0.,1.));
#14001 = ORIENTED_EDGE('',*,*,#7653,.F.);
#14002 = ORIENTED_EDGE('',*,*,#13996,.F.);
#14003 = CYLINDRICAL_SURFACE('',#14004,0.5);
#14004 = AXIS2_PLACEMENT_3D('',#14005,#14006,#14007);
#14005 = CARTESIAN_POINT('',(188.79,78.77,-4.6E-02));
#14006 = DIRECTION('',(-0.,-0.,-1.));
#14007 = DIRECTION('',(-0.,-1.,0.));
#14008 = ADVANCED_FACE('',(#14009),#14020,.F.);
#14009 = FACE_BOUND('',#14010,.T.);
#14010 = EDGE_LOOP('',(#14011,#14012,#14018,#14019));
#14011 = ORIENTED_EDGE('',*,*,#2715,.T.);
#14012 = ORIENTED_EDGE('',*,*,#14013,.T.);
#14013 = EDGE_CURVE('',#2716,#7665,#14014,.T.);
#14014 = LINE('',#14015,#14016);
#14015 = CARTESIAN_POINT('',(185.34,90.47,-4.6E-02));
#14016 = VECTOR('',#14017,1.);
#14017 = DIRECTION('',(0.,0.,1.));
#14018 = ORIENTED_EDGE('',*,*,#7664,.F.);
#14019 = ORIENTED_EDGE('',*,*,#14013,.F.);
#14020 = CYLINDRICAL_SURFACE('',#14021,0.5);
#14021 = AXIS2_PLACEMENT_3D('',#14022,#14023,#14024);
#14022 = CARTESIAN_POINT('',(185.34,90.97,-4.6E-02));
#14023 = DIRECTION('',(-0.,-0.,-1.));
#14024 = DIRECTION('',(-0.,-1.,0.));
#14025 = ADVANCED_FACE('',(#14026),#14037,.F.);
#14026 = FACE_BOUND('',#14027,.T.);
#14027 = EDGE_LOOP('',(#14028,#14029,#14035,#14036));
#14028 = ORIENTED_EDGE('',*,*,#2726,.T.);
#14029 = ORIENTED_EDGE('',*,*,#14030,.T.);
#14030 = EDGE_CURVE('',#2727,#7676,#14031,.T.);
#14031 = LINE('',#14032,#14033);
#14032 = CARTESIAN_POINT('',(187.88,90.47,-4.6E-02));
#14033 = VECTOR('',#14034,1.);
#14034 = DIRECTION('',(0.,0.,1.));
#14035 = ORIENTED_EDGE('',*,*,#7675,.F.);
#14036 = ORIENTED_EDGE('',*,*,#14030,.F.);
#14037 = CYLINDRICAL_SURFACE('',#14038,0.5);
#14038 = AXIS2_PLACEMENT_3D('',#14039,#14040,#14041);
#14039 = CARTESIAN_POINT('',(187.88,90.97,-4.6E-02));
#14040 = DIRECTION('',(-0.,-0.,-1.));
#14041 = DIRECTION('',(-0.,-1.,0.));
#14042 = ADVANCED_FACE('',(#14043),#14054,.F.);
#14043 = FACE_BOUND('',#14044,.T.);
#14044 = EDGE_LOOP('',(#14045,#14046,#14052,#14053));
#14045 = ORIENTED_EDGE('',*,*,#2737,.T.);
#14046 = ORIENTED_EDGE('',*,*,#14047,.T.);
#14047 = EDGE_CURVE('',#2738,#7687,#14048,.T.);
#14048 = LINE('',#14049,#14050);
#14049 = CARTESIAN_POINT('',(142.7,116.980998,-4.6E-02));
#14050 = VECTOR('',#14051,1.);
#14051 = DIRECTION('',(0.,0.,1.));
#14052 = ORIENTED_EDGE('',*,*,#7686,.F.);
#14053 = ORIENTED_EDGE('',*,*,#14047,.F.);
#14054 = CYLINDRICAL_SURFACE('',#14055,0.5969);
#14055 = AXIS2_PLACEMENT_3D('',#14056,#14057,#14058);
#14056 = CARTESIAN_POINT('',(142.7,117.577898,-4.6E-02));
#14057 = DIRECTION('',(-0.,-0.,-1.));
#14058 = DIRECTION('',(-0.,-1.,0.));
#14059 = ADVANCED_FACE('',(#14060),#14071,.F.);
#14060 = FACE_BOUND('',#14061,.T.);
#14061 = EDGE_LOOP('',(#14062,#14063,#14069,#14070));
#14062 = ORIENTED_EDGE('',*,*,#2748,.T.);
#14063 = ORIENTED_EDGE('',*,*,#14064,.T.);
#14064 = EDGE_CURVE('',#2749,#7698,#14065,.T.);
#14065 = LINE('',#14066,#14067);
#14066 = CARTESIAN_POINT('',(139.107898,120.5731,-4.6E-02));
#14067 = VECTOR('',#14068,1.);
#14068 = DIRECTION('',(0.,0.,1.));
#14069 = ORIENTED_EDGE('',*,*,#7697,.F.);
#14070 = ORIENTED_EDGE('',*,*,#14064,.F.);
#14071 = CYLINDRICAL_SURFACE('',#14072,0.5969);
#14072 = AXIS2_PLACEMENT_3D('',#14073,#14074,#14075);
#14073 = CARTESIAN_POINT('',(139.107898,121.17,-4.6E-02));
#14074 = DIRECTION('',(-0.,-0.,-1.));
#14075 = DIRECTION('',(-0.,-1.,0.));
#14076 = ADVANCED_FACE('',(#14077),#14088,.F.);
#14077 = FACE_BOUND('',#14078,.T.);
#14078 = EDGE_LOOP('',(#14079,#14080,#14086,#14087));
#14079 = ORIENTED_EDGE('',*,*,#2759,.T.);
#14080 = ORIENTED_EDGE('',*,*,#14081,.T.);
#14081 = EDGE_CURVE('',#2760,#7709,#14082,.T.);
#14082 = LINE('',#14083,#14084);
#14083 = CARTESIAN_POINT('',(130.17,129.400998,-4.6E-02));
#14084 = VECTOR('',#14085,1.);
#14085 = DIRECTION('',(0.,0.,1.));
#14086 = ORIENTED_EDGE('',*,*,#7708,.F.);
#14087 = ORIENTED_EDGE('',*,*,#14081,.F.);
#14088 = CYLINDRICAL_SURFACE('',#14089,0.5969);
#14089 = AXIS2_PLACEMENT_3D('',#14090,#14091,#14092);
#14090 = CARTESIAN_POINT('',(130.17,129.997898,-4.6E-02));
#14091 = DIRECTION('',(-0.,-0.,-1.));
#14092 = DIRECTION('',(-4.761552928532E-14,-1.,0.));
#14093 = ADVANCED_FACE('',(#14094),#14105,.F.);
#14094 = FACE_BOUND('',#14095,.T.);
#14095 = EDGE_LOOP('',(#14096,#14097,#14103,#14104));
#14096 = ORIENTED_EDGE('',*,*,#2770,.T.);
#14097 = ORIENTED_EDGE('',*,*,#14098,.T.);
#14098 = EDGE_CURVE('',#2771,#7720,#14099,.T.);
#14099 = LINE('',#14100,#14101);
#14100 = CARTESIAN_POINT('',(142.7,124.165202,-4.6E-02));
#14101 = VECTOR('',#14102,1.);
#14102 = DIRECTION('',(0.,0.,1.));
#14103 = ORIENTED_EDGE('',*,*,#7719,.F.);
#14104 = ORIENTED_EDGE('',*,*,#14098,.F.);
#14105 = CYLINDRICAL_SURFACE('',#14106,0.5969);
#14106 = AXIS2_PLACEMENT_3D('',#14107,#14108,#14109);
#14107 = CARTESIAN_POINT('',(142.7,124.762102,-4.6E-02));
#14108 = DIRECTION('',(-0.,-0.,-1.));
#14109 = DIRECTION('',(-0.,-1.,0.));
#14110 = ADVANCED_FACE('',(#14111),#14122,.F.);
#14111 = FACE_BOUND('',#14112,.T.);
#14112 = EDGE_LOOP('',(#14113,#14114,#14120,#14121));
#14113 = ORIENTED_EDGE('',*,*,#2781,.T.);
#14114 = ORIENTED_EDGE('',*,*,#14115,.T.);
#14115 = EDGE_CURVE('',#2782,#7731,#14116,.T.);
#14116 = LINE('',#14117,#14118);
#14117 = CARTESIAN_POINT('',(146.292102,120.5731,-4.6E-02));
#14118 = VECTOR('',#14119,1.);
#14119 = DIRECTION('',(0.,0.,1.));
#14120 = ORIENTED_EDGE('',*,*,#7730,.F.);
#14121 = ORIENTED_EDGE('',*,*,#14115,.F.);
#14122 = CYLINDRICAL_SURFACE('',#14123,0.5969);
#14123 = AXIS2_PLACEMENT_3D('',#14124,#14125,#14126);
#14124 = CARTESIAN_POINT('',(146.292102,121.17,-4.6E-02));
#14125 = DIRECTION('',(-0.,-0.,-1.));
#14126 = DIRECTION('',(-0.,-1.,0.));
#14127 = ADVANCED_FACE('',(#14128),#14139,.F.);
#14128 = FACE_BOUND('',#14129,.T.);
#14129 = EDGE_LOOP('',(#14130,#14131,#14137,#14138));
#14130 = ORIENTED_EDGE('',*,*,#2792,.T.);
#14131 = ORIENTED_EDGE('',*,*,#14132,.T.);
#14132 = EDGE_CURVE('',#2793,#7742,#14133,.T.);
#14133 = LINE('',#14134,#14135);
#14134 = CARTESIAN_POINT('',(158.25,118.420998,-4.6E-02));
#14135 = VECTOR('',#14136,1.);
#14136 = DIRECTION('',(0.,0.,1.));
#14137 = ORIENTED_EDGE('',*,*,#7741,.F.);
#14138 = ORIENTED_EDGE('',*,*,#14132,.F.);
#14139 = CYLINDRICAL_SURFACE('',#14140,0.5969);
#14140 = AXIS2_PLACEMENT_3D('',#14141,#14142,#14143);
#14141 = CARTESIAN_POINT('',(158.25,119.017898,-4.6E-02));
#14142 = DIRECTION('',(-0.,-0.,-1.));
#14143 = DIRECTION('',(-0.,-1.,0.));
#14144 = ADVANCED_FACE('',(#14145),#14156,.F.);
#14145 = FACE_BOUND('',#14146,.T.);
#14146 = EDGE_LOOP('',(#14147,#14148,#14154,#14155));
#14147 = ORIENTED_EDGE('',*,*,#2803,.T.);
#14148 = ORIENTED_EDGE('',*,*,#14149,.T.);
#14149 = EDGE_CURVE('',#2804,#7753,#14150,.T.);
#14150 = LINE('',#14151,#14152);
#14151 = CARTESIAN_POINT('',(154.657898,122.0131,-4.6E-02));
#14152 = VECTOR('',#14153,1.);
#14153 = DIRECTION('',(0.,0.,1.));
#14154 = ORIENTED_EDGE('',*,*,#7752,.F.);
#14155 = ORIENTED_EDGE('',*,*,#14149,.F.);
#14156 = CYLINDRICAL_SURFACE('',#14157,0.5969);
#14157 = AXIS2_PLACEMENT_3D('',#14158,#14159,#14160);
#14158 = CARTESIAN_POINT('',(154.657898,122.61,-4.6E-02));
#14159 = DIRECTION('',(-0.,-0.,-1.));
#14160 = DIRECTION('',(-0.,-1.,0.));
#14161 = ADVANCED_FACE('',(#14162),#14173,.F.);
#14162 = FACE_BOUND('',#14163,.T.);
#14163 = EDGE_LOOP('',(#14164,#14165,#14171,#14172));
#14164 = ORIENTED_EDGE('',*,*,#2814,.T.);
#14165 = ORIENTED_EDGE('',*,*,#14166,.T.);
#14166 = EDGE_CURVE('',#2815,#7764,#14167,.T.);
#14167 = LINE('',#14168,#14169);
#14168 = CARTESIAN_POINT('',(158.25,125.605202,-4.6E-02));
#14169 = VECTOR('',#14170,1.);
#14170 = DIRECTION('',(0.,0.,1.));
#14171 = ORIENTED_EDGE('',*,*,#7763,.F.);
#14172 = ORIENTED_EDGE('',*,*,#14166,.F.);
#14173 = CYLINDRICAL_SURFACE('',#14174,0.5969);
#14174 = AXIS2_PLACEMENT_3D('',#14175,#14176,#14177);
#14175 = CARTESIAN_POINT('',(158.25,126.202102,-4.6E-02));
#14176 = DIRECTION('',(-0.,-0.,-1.));
#14177 = DIRECTION('',(-0.,-1.,0.));
#14178 = ADVANCED_FACE('',(#14179),#14190,.F.);
#14179 = FACE_BOUND('',#14180,.T.);
#14180 = EDGE_LOOP('',(#14181,#14182,#14188,#14189));
#14181 = ORIENTED_EDGE('',*,*,#2825,.T.);
#14182 = ORIENTED_EDGE('',*,*,#14183,.T.);
#14183 = EDGE_CURVE('',#2826,#7775,#14184,.T.);
#14184 = LINE('',#14185,#14186);
#14185 = CARTESIAN_POINT('',(133.762102,132.9931,-4.6E-02));
#14186 = VECTOR('',#14187,1.);
#14187 = DIRECTION('',(0.,0.,1.));
#14188 = ORIENTED_EDGE('',*,*,#7774,.F.);
#14189 = ORIENTED_EDGE('',*,*,#14183,.F.);
#14190 = CYLINDRICAL_SURFACE('',#14191,0.5969);
#14191 = AXIS2_PLACEMENT_3D('',#14192,#14193,#14194);
#14192 = CARTESIAN_POINT('',(133.762102,133.59,-4.6E-02));
#14193 = DIRECTION('',(-0.,-0.,-1.));
#14194 = DIRECTION('',(-0.,-1.,0.));
#14195 = ADVANCED_FACE('',(#14196),#14207,.F.);
#14196 = FACE_BOUND('',#14197,.T.);
#14197 = EDGE_LOOP('',(#14198,#14199,#14205,#14206));
#14198 = ORIENTED_EDGE('',*,*,#2836,.T.);
#14199 = ORIENTED_EDGE('',*,*,#14200,.T.);
#14200 = EDGE_CURVE('',#2837,#7786,#14201,.T.);
#14201 = LINE('',#14202,#14203);
#14202 = CARTESIAN_POINT('',(130.17,136.585202,-4.6E-02));
#14203 = VECTOR('',#14204,1.);
#14204 = DIRECTION('',(0.,0.,1.));
#14205 = ORIENTED_EDGE('',*,*,#7785,.F.);
#14206 = ORIENTED_EDGE('',*,*,#14200,.F.);
#14207 = CYLINDRICAL_SURFACE('',#14208,0.5969);
#14208 = AXIS2_PLACEMENT_3D('',#14209,#14210,#14211);
#14209 = CARTESIAN_POINT('',(130.17,137.182102,-4.6E-02));
#14210 = DIRECTION('',(-0.,-0.,-1.));
#14211 = DIRECTION('',(-4.761552928532E-14,-1.,0.));
#14212 = ADVANCED_FACE('',(#14213),#14224,.F.);
#14213 = FACE_BOUND('',#14214,.T.);
#14214 = EDGE_LOOP('',(#14215,#14216,#14222,#14223));
#14215 = ORIENTED_EDGE('',*,*,#2847,.T.);
#14216 = ORIENTED_EDGE('',*,*,#14217,.T.);
#14217 = EDGE_CURVE('',#2848,#7797,#14218,.T.);
#14218 = LINE('',#14219,#14220);
#14219 = CARTESIAN_POINT('',(132.292102,148.5431,-4.6E-02));
#14220 = VECTOR('',#14221,1.);
#14221 = DIRECTION('',(0.,0.,1.));
#14222 = ORIENTED_EDGE('',*,*,#7796,.F.);
#14223 = ORIENTED_EDGE('',*,*,#14217,.F.);
#14224 = CYLINDRICAL_SURFACE('',#14225,0.5969);
#14225 = AXIS2_PLACEMENT_3D('',#14226,#14227,#14228);
#14226 = CARTESIAN_POINT('',(132.292102,149.14,-4.6E-02));
#14227 = DIRECTION('',(-0.,-0.,-1.));
#14228 = DIRECTION('',(-0.,-1.,0.));
#14229 = ADVANCED_FACE('',(#14230),#14241,.F.);
#14230 = FACE_BOUND('',#14231,.T.);
#14231 = EDGE_LOOP('',(#14232,#14233,#14239,#14240));
#14232 = ORIENTED_EDGE('',*,*,#2858,.T.);
#14233 = ORIENTED_EDGE('',*,*,#14234,.T.);
#14234 = EDGE_CURVE('',#2859,#7808,#14235,.T.);
#14235 = LINE('',#14236,#14237);
#14236 = CARTESIAN_POINT('',(161.842102,122.0131,-4.6E-02));
#14237 = VECTOR('',#14238,1.);
#14238 = DIRECTION('',(0.,0.,1.));
#14239 = ORIENTED_EDGE('',*,*,#7807,.F.);
#14240 = ORIENTED_EDGE('',*,*,#14234,.F.);
#14241 = CYLINDRICAL_SURFACE('',#14242,0.5969);
#14242 = AXIS2_PLACEMENT_3D('',#14243,#14244,#14245);
#14243 = CARTESIAN_POINT('',(161.842102,122.61,-4.6E-02));
#14244 = DIRECTION('',(-0.,-0.,-1.));
#14245 = DIRECTION('',(-0.,-1.,0.));
#14246 = ADVANCED_FACE('',(#14247),#14258,.F.);
#14247 = FACE_BOUND('',#14248,.T.);
#14248 = EDGE_LOOP('',(#14249,#14250,#14256,#14257));
#14249 = ORIENTED_EDGE('',*,*,#2869,.T.);
#14250 = ORIENTED_EDGE('',*,*,#14251,.T.);
#14251 = EDGE_CURVE('',#2870,#7819,#14252,.T.);
#14252 = LINE('',#14253,#14254);
#14253 = CARTESIAN_POINT('',(170.3,130.470998,-4.6E-02));
#14254 = VECTOR('',#14255,1.);
#14255 = DIRECTION('',(0.,0.,1.));
#14256 = ORIENTED_EDGE('',*,*,#7818,.F.);
#14257 = ORIENTED_EDGE('',*,*,#14251,.F.);
#14258 = CYLINDRICAL_SURFACE('',#14259,0.5969);
#14259 = AXIS2_PLACEMENT_3D('',#14260,#14261,#14262);
#14260 = CARTESIAN_POINT('',(170.3,131.067898,-4.6E-02));
#14261 = DIRECTION('',(-0.,-0.,-1.));
#14262 = DIRECTION('',(-0.,-1.,0.));
#14263 = ADVANCED_FACE('',(#14264),#14275,.F.);
#14264 = FACE_BOUND('',#14265,.T.);
#14265 = EDGE_LOOP('',(#14266,#14267,#14273,#14274));
#14266 = ORIENTED_EDGE('',*,*,#2880,.T.);
#14267 = ORIENTED_EDGE('',*,*,#14268,.T.);
#14268 = EDGE_CURVE('',#2881,#7830,#14269,.T.);
#14269 = LINE('',#14270,#14271);
#14270 = CARTESIAN_POINT('',(166.707898,134.0631,-4.6E-02));
#14271 = VECTOR('',#14272,1.);
#14272 = DIRECTION('',(0.,0.,1.));
#14273 = ORIENTED_EDGE('',*,*,#7829,.F.);
#14274 = ORIENTED_EDGE('',*,*,#14268,.F.);
#14275 = CYLINDRICAL_SURFACE('',#14276,0.5969);
#14276 = AXIS2_PLACEMENT_3D('',#14277,#14278,#14279);
#14277 = CARTESIAN_POINT('',(166.707898,134.66,-4.6E-02));
#14278 = DIRECTION('',(-0.,-0.,-1.));
#14279 = DIRECTION('',(-0.,-1.,0.));
#14280 = ADVANCED_FACE('',(#14281),#14292,.F.);
#14281 = FACE_BOUND('',#14282,.T.);
#14282 = EDGE_LOOP('',(#14283,#14284,#14290,#14291));
#14283 = ORIENTED_EDGE('',*,*,#2891,.T.);
#14284 = ORIENTED_EDGE('',*,*,#14285,.T.);
#14285 = EDGE_CURVE('',#2892,#7841,#14286,.T.);
#14286 = LINE('',#14287,#14288);
#14287 = CARTESIAN_POINT('',(173.892102,134.0631,-4.6E-02));
#14288 = VECTOR('',#14289,1.);
#14289 = DIRECTION('',(0.,0.,1.));
#14290 = ORIENTED_EDGE('',*,*,#7840,.F.);
#14291 = ORIENTED_EDGE('',*,*,#14285,.F.);
#14292 = CYLINDRICAL_SURFACE('',#14293,0.5969);
#14293 = AXIS2_PLACEMENT_3D('',#14294,#14295,#14296);
#14294 = CARTESIAN_POINT('',(173.892102,134.66,-4.6E-02));
#14295 = DIRECTION('',(-0.,-0.,-1.));
#14296 = DIRECTION('',(-0.,-1.,0.));
#14297 = ADVANCED_FACE('',(#14298),#14309,.F.);
#14298 = FACE_BOUND('',#14299,.T.);
#14299 = EDGE_LOOP('',(#14300,#14301,#14307,#14308));
#14300 = ORIENTED_EDGE('',*,*,#2902,.T.);
#14301 = ORIENTED_EDGE('',*,*,#14302,.T.);
#14302 = EDGE_CURVE('',#2903,#7852,#14303,.T.);
#14303 = LINE('',#14304,#14305);
#14304 = CARTESIAN_POINT('',(170.3,137.655202,-4.6E-02));
#14305 = VECTOR('',#14306,1.);
#14306 = DIRECTION('',(0.,0.,1.));
#14307 = ORIENTED_EDGE('',*,*,#7851,.F.);
#14308 = ORIENTED_EDGE('',*,*,#14302,.F.);
#14309 = CYLINDRICAL_SURFACE('',#14310,0.5969);
#14310 = AXIS2_PLACEMENT_3D('',#14311,#14312,#14313);
#14311 = CARTESIAN_POINT('',(170.3,138.252102,-4.6E-02));
#14312 = DIRECTION('',(-0.,-0.,-1.));
#14313 = DIRECTION('',(-0.,-1.,0.));
#14314 = ADVANCED_FACE('',(#14315),#14326,.F.);
#14315 = FACE_BOUND('',#14316,.T.);
#14316 = EDGE_LOOP('',(#14317,#14318,#14324,#14325));
#14317 = ORIENTED_EDGE('',*,*,#2913,.T.);
#14318 = ORIENTED_EDGE('',*,*,#14319,.T.);
#14319 = EDGE_CURVE('',#2914,#7863,#14320,.T.);
#14320 = LINE('',#14321,#14322);
#14321 = CARTESIAN_POINT('',(169.59,146.700998,-4.6E-02));
#14322 = VECTOR('',#14323,1.);
#14323 = DIRECTION('',(0.,0.,1.));
#14324 = ORIENTED_EDGE('',*,*,#7862,.F.);
#14325 = ORIENTED_EDGE('',*,*,#14319,.F.);
#14326 = CYLINDRICAL_SURFACE('',#14327,0.5969);
#14327 = AXIS2_PLACEMENT_3D('',#14328,#14329,#14330);
#14328 = CARTESIAN_POINT('',(169.59,147.297898,-4.6E-02));
#14329 = DIRECTION('',(-0.,-0.,-1.));
#14330 = DIRECTION('',(-0.,-1.,0.));
#14331 = ADVANCED_FACE('',(#14332),#14343,.F.);
#14332 = FACE_BOUND('',#14333,.T.);
#14333 = EDGE_LOOP('',(#14334,#14335,#14341,#14342));
#14334 = ORIENTED_EDGE('',*,*,#2924,.T.);
#14335 = ORIENTED_EDGE('',*,*,#14336,.T.);
#14336 = EDGE_CURVE('',#2925,#7874,#14337,.T.);
#14337 = LINE('',#14338,#14339);
#14338 = CARTESIAN_POINT('',(246.48,76.01,-4.6E-02));
#14339 = VECTOR('',#14340,1.);
#14340 = DIRECTION('',(0.,0.,1.));
#14341 = ORIENTED_EDGE('',*,*,#7873,.F.);
#14342 = ORIENTED_EDGE('',*,*,#14336,.F.);
#14343 = CYLINDRICAL_SURFACE('',#14344,0.5);
#14344 = AXIS2_PLACEMENT_3D('',#14345,#14346,#14347);
#14345 = CARTESIAN_POINT('',(246.48,76.51,-4.6E-02));
#14346 = DIRECTION('',(-0.,-0.,-1.));
#14347 = DIRECTION('',(-0.,-1.,0.));
#14348 = ADVANCED_FACE('',(#14349),#14360,.F.);
#14349 = FACE_BOUND('',#14350,.T.);
#14350 = EDGE_LOOP('',(#14351,#14352,#14358,#14359));
#14351 = ORIENTED_EDGE('',*,*,#2935,.T.);
#14352 = ORIENTED_EDGE('',*,*,#14353,.T.);
#14353 = EDGE_CURVE('',#2936,#7885,#14354,.T.);
#14354 = LINE('',#14355,#14356);
#14355 = CARTESIAN_POINT('',(246.48,78.55,-4.6E-02));
#14356 = VECTOR('',#14357,1.);
#14357 = DIRECTION('',(0.,0.,1.));
#14358 = ORIENTED_EDGE('',*,*,#7884,.F.);
#14359 = ORIENTED_EDGE('',*,*,#14353,.F.);
#14360 = CYLINDRICAL_SURFACE('',#14361,0.5);
#14361 = AXIS2_PLACEMENT_3D('',#14362,#14363,#14364);
#14362 = CARTESIAN_POINT('',(246.48,79.05,-4.6E-02));
#14363 = DIRECTION('',(-0.,-0.,-1.));
#14364 = DIRECTION('',(-0.,-1.,0.));
#14365 = ADVANCED_FACE('',(#14366),#14377,.F.);
#14366 = FACE_BOUND('',#14367,.T.);
#14367 = EDGE_LOOP('',(#14368,#14369,#14375,#14376));
#14368 = ORIENTED_EDGE('',*,*,#2946,.T.);
#14369 = ORIENTED_EDGE('',*,*,#14370,.T.);
#14370 = EDGE_CURVE('',#2947,#7896,#14371,.T.);
#14371 = LINE('',#14372,#14373);
#14372 = CARTESIAN_POINT('',(246.8,97.73,-4.6E-02));
#14373 = VECTOR('',#14374,1.);
#14374 = DIRECTION('',(0.,0.,1.));
#14375 = ORIENTED_EDGE('',*,*,#7895,.F.);
#14376 = ORIENTED_EDGE('',*,*,#14370,.F.);
#14377 = CYLINDRICAL_SURFACE('',#14378,0.5);
#14378 = AXIS2_PLACEMENT_3D('',#14379,#14380,#14381);
#14379 = CARTESIAN_POINT('',(246.8,98.23,-4.6E-02));
#14380 = DIRECTION('',(-0.,-0.,-1.));
#14381 = DIRECTION('',(-0.,-1.,0.));
#14382 = ADVANCED_FACE('',(#14383),#14394,.F.);
#14383 = FACE_BOUND('',#14384,.T.);
#14384 = EDGE_LOOP('',(#14385,#14386,#14392,#14393));
#14385 = ORIENTED_EDGE('',*,*,#2957,.T.);
#14386 = ORIENTED_EDGE('',*,*,#14387,.T.);
#14387 = EDGE_CURVE('',#2958,#7907,#14388,.T.);
#14388 = LINE('',#14389,#14390);
#14389 = CARTESIAN_POINT('',(246.8,100.27,-4.6E-02));
#14390 = VECTOR('',#14391,1.);
#14391 = DIRECTION('',(0.,0.,1.));
#14392 = ORIENTED_EDGE('',*,*,#7906,.F.);
#14393 = ORIENTED_EDGE('',*,*,#14387,.F.);
#14394 = CYLINDRICAL_SURFACE('',#14395,0.5);
#14395 = AXIS2_PLACEMENT_3D('',#14396,#14397,#14398);
#14396 = CARTESIAN_POINT('',(246.8,100.77,-4.6E-02));
#14397 = DIRECTION('',(-0.,-0.,-1.));
#14398 = DIRECTION('',(-0.,-1.,0.));
#14399 = ADVANCED_FACE('',(#14400),#14411,.F.);
#14400 = FACE_BOUND('',#14401,.T.);
#14401 = EDGE_LOOP('',(#14402,#14403,#14409,#14410));
#14402 = ORIENTED_EDGE('',*,*,#2968,.T.);
#14403 = ORIENTED_EDGE('',*,*,#14404,.T.);
#14404 = EDGE_CURVE('',#2969,#7918,#14405,.T.);
#14405 = LINE('',#14406,#14407);
#14406 = CARTESIAN_POINT('',(246.88,105.7,-4.6E-02));
#14407 = VECTOR('',#14408,1.);
#14408 = DIRECTION('',(0.,0.,1.));
#14409 = ORIENTED_EDGE('',*,*,#7917,.F.);
#14410 = ORIENTED_EDGE('',*,*,#14404,.F.);
#14411 = CYLINDRICAL_SURFACE('',#14412,0.5);
#14412 = AXIS2_PLACEMENT_3D('',#14413,#14414,#14415);
#14413 = CARTESIAN_POINT('',(246.88,106.2,-4.6E-02));
#14414 = DIRECTION('',(-0.,-0.,-1.));
#14415 = DIRECTION('',(-0.,-1.,0.));
#14416 = ADVANCED_FACE('',(#14417),#14428,.F.);
#14417 = FACE_BOUND('',#14418,.T.);
#14418 = EDGE_LOOP('',(#14419,#14420,#14426,#14427));
#14419 = ORIENTED_EDGE('',*,*,#2979,.T.);
#14420 = ORIENTED_EDGE('',*,*,#14421,.T.);
#14421 = EDGE_CURVE('',#2980,#7929,#14422,.T.);
#14422 = LINE('',#14423,#14424);
#14423 = CARTESIAN_POINT('',(246.88,108.24,-4.6E-02));
#14424 = VECTOR('',#14425,1.);
#14425 = DIRECTION('',(0.,0.,1.));
#14426 = ORIENTED_EDGE('',*,*,#7928,.F.);
#14427 = ORIENTED_EDGE('',*,*,#14421,.F.);
#14428 = CYLINDRICAL_SURFACE('',#14429,0.5);
#14429 = AXIS2_PLACEMENT_3D('',#14430,#14431,#14432);
#14430 = CARTESIAN_POINT('',(246.88,108.74,-4.6E-02));
#14431 = DIRECTION('',(-0.,-0.,-1.));
#14432 = DIRECTION('',(-0.,-1.,0.));
#14433 = ADVANCED_FACE('',(#14434),#14445,.F.);
#14434 = FACE_BOUND('',#14435,.T.);
#14435 = EDGE_LOOP('',(#14436,#14437,#14443,#14444));
#14436 = ORIENTED_EDGE('',*,*,#2990,.T.);
#14437 = ORIENTED_EDGE('',*,*,#14438,.T.);
#14438 = EDGE_CURVE('',#2991,#7940,#14439,.T.);
#14439 = LINE('',#14440,#14441);
#14440 = CARTESIAN_POINT('',(206.52,129.130998,-4.6E-02));
#14441 = VECTOR('',#14442,1.);
#14442 = DIRECTION('',(0.,0.,1.));
#14443 = ORIENTED_EDGE('',*,*,#7939,.F.);
#14444 = ORIENTED_EDGE('',*,*,#14438,.F.);
#14445 = CYLINDRICAL_SURFACE('',#14446,0.5969);
#14446 = AXIS2_PLACEMENT_3D('',#14447,#14448,#14449);
#14447 = CARTESIAN_POINT('',(206.52,129.727898,-4.6E-02));
#14448 = DIRECTION('',(-0.,0.,-1.));
#14449 = DIRECTION('',(4.761552928532E-14,-1.,-0.));
#14450 = ADVANCED_FACE('',(#14451),#14462,.F.);
#14451 = FACE_BOUND('',#14452,.T.);
#14452 = EDGE_LOOP('',(#14453,#14454,#14460,#14461));
#14453 = ORIENTED_EDGE('',*,*,#3001,.T.);
#14454 = ORIENTED_EDGE('',*,*,#14455,.T.);
#14455 = EDGE_CURVE('',#3002,#7951,#14456,.T.);
#14456 = LINE('',#14457,#14458);
#14457 = CARTESIAN_POINT('',(215.347898,120.3331,-4.6E-02));
#14458 = VECTOR('',#14459,1.);
#14459 = DIRECTION('',(0.,0.,1.));
#14460 = ORIENTED_EDGE('',*,*,#7950,.F.);
#14461 = ORIENTED_EDGE('',*,*,#14455,.F.);
#14462 = CYLINDRICAL_SURFACE('',#14463,0.5969);
#14463 = AXIS2_PLACEMENT_3D('',#14464,#14465,#14466);
#14464 = CARTESIAN_POINT('',(215.347898,120.93,-4.6E-02));
#14465 = DIRECTION('',(-0.,-0.,-1.));
#14466 = DIRECTION('',(-0.,-1.,0.));
#14467 = ADVANCED_FACE('',(#14468),#14479,.F.);
#14468 = FACE_BOUND('',#14469,.T.);
#14469 = EDGE_LOOP('',(#14470,#14471,#14477,#14478));
#14470 = ORIENTED_EDGE('',*,*,#3012,.T.);
#14471 = ORIENTED_EDGE('',*,*,#14472,.T.);
#14472 = EDGE_CURVE('',#3013,#7962,#14473,.T.);
#14473 = LINE('',#14474,#14475);
#14474 = CARTESIAN_POINT('',(218.94,116.740998,-4.6E-02));
#14475 = VECTOR('',#14476,1.);
#14476 = DIRECTION('',(0.,0.,1.));
#14477 = ORIENTED_EDGE('',*,*,#7961,.F.);
#14478 = ORIENTED_EDGE('',*,*,#14472,.F.);
#14479 = CYLINDRICAL_SURFACE('',#14480,0.5969);
#14480 = AXIS2_PLACEMENT_3D('',#14481,#14482,#14483);
#14481 = CARTESIAN_POINT('',(218.94,117.337898,-4.6E-02));
#14482 = DIRECTION('',(-0.,-0.,-1.));
#14483 = DIRECTION('',(-0.,-1.,0.));
#14484 = ADVANCED_FACE('',(#14485),#14496,.F.);
#14485 = FACE_BOUND('',#14486,.T.);
#14486 = EDGE_LOOP('',(#14487,#14488,#14494,#14495));
#14487 = ORIENTED_EDGE('',*,*,#3023,.T.);
#14488 = ORIENTED_EDGE('',*,*,#14489,.T.);
#14489 = EDGE_CURVE('',#3024,#7973,#14490,.T.);
#14490 = LINE('',#14491,#14492);
#14491 = CARTESIAN_POINT('',(222.532102,120.3331,-4.6E-02));
#14492 = VECTOR('',#14493,1.);
#14493 = DIRECTION('',(0.,0.,1.));
#14494 = ORIENTED_EDGE('',*,*,#7972,.F.);
#14495 = ORIENTED_EDGE('',*,*,#14489,.F.);
#14496 = CYLINDRICAL_SURFACE('',#14497,0.5969);
#14497 = AXIS2_PLACEMENT_3D('',#14498,#14499,#14500);
#14498 = CARTESIAN_POINT('',(222.532102,120.93,-4.6E-02));
#14499 = DIRECTION('',(-0.,-0.,-1.));
#14500 = DIRECTION('',(-0.,-1.,0.));
#14501 = ADVANCED_FACE('',(#14502),#14513,.F.);
#14502 = FACE_BOUND('',#14503,.T.);
#14503 = EDGE_LOOP('',(#14504,#14505,#14511,#14512));
#14504 = ORIENTED_EDGE('',*,*,#3034,.T.);
#14505 = ORIENTED_EDGE('',*,*,#14506,.T.);
#14506 = EDGE_CURVE('',#3035,#7984,#14507,.T.);
#14507 = LINE('',#14508,#14509);
#14508 = CARTESIAN_POINT('',(218.94,123.925202,-4.6E-02));
#14509 = VECTOR('',#14510,1.);
#14510 = DIRECTION('',(0.,0.,1.));
#14511 = ORIENTED_EDGE('',*,*,#7983,.F.);
#14512 = ORIENTED_EDGE('',*,*,#14506,.F.);
#14513 = CYLINDRICAL_SURFACE('',#14514,0.5969);
#14514 = AXIS2_PLACEMENT_3D('',#14515,#14516,#14517);
#14515 = CARTESIAN_POINT('',(218.94,124.522102,-4.6E-02));
#14516 = DIRECTION('',(-0.,-0.,-1.));
#14517 = DIRECTION('',(-0.,-1.,0.));
#14518 = ADVANCED_FACE('',(#14519),#14530,.F.);
#14519 = FACE_BOUND('',#14520,.T.);
#14520 = EDGE_LOOP('',(#14521,#14522,#14528,#14529));
#14521 = ORIENTED_EDGE('',*,*,#3045,.T.);
#14522 = ORIENTED_EDGE('',*,*,#14523,.T.);
#14523 = EDGE_CURVE('',#3046,#7995,#14524,.T.);
#14524 = LINE('',#14525,#14526);
#14525 = CARTESIAN_POINT('',(202.927898,132.7231,-4.6E-02));
#14526 = VECTOR('',#14527,1.);
#14527 = DIRECTION('',(0.,0.,1.));
#14528 = ORIENTED_EDGE('',*,*,#7994,.F.);
#14529 = ORIENTED_EDGE('',*,*,#14523,.F.);
#14530 = CYLINDRICAL_SURFACE('',#14531,0.5969);
#14531 = AXIS2_PLACEMENT_3D('',#14532,#14533,#14534);
#14532 = CARTESIAN_POINT('',(202.927898,133.32,-4.6E-02));
#14533 = DIRECTION('',(-0.,-0.,-1.));
#14534 = DIRECTION('',(-0.,-1.,0.));
#14535 = ADVANCED_FACE('',(#14536),#14547,.F.);
#14536 = FACE_BOUND('',#14537,.T.);
#14537 = EDGE_LOOP('',(#14538,#14539,#14545,#14546));
#14538 = ORIENTED_EDGE('',*,*,#3056,.T.);
#14539 = ORIENTED_EDGE('',*,*,#14540,.T.);
#14540 = EDGE_CURVE('',#3057,#8006,#14541,.T.);
#14541 = LINE('',#14542,#14543);
#14542 = CARTESIAN_POINT('',(206.52,136.315202,-4.6E-02));
#14543 = VECTOR('',#14544,1.);
#14544 = DIRECTION('',(0.,0.,1.));
#14545 = ORIENTED_EDGE('',*,*,#8005,.F.);
#14546 = ORIENTED_EDGE('',*,*,#14540,.F.);
#14547 = CYLINDRICAL_SURFACE('',#14548,0.5969);
#14548 = AXIS2_PLACEMENT_3D('',#14549,#14550,#14551);
#14549 = CARTESIAN_POINT('',(206.52,136.912102,-4.6E-02));
#14550 = DIRECTION('',(-0.,0.,-1.));
#14551 = DIRECTION('',(4.761552928531E-14,-1.,-0.));
#14552 = ADVANCED_FACE('',(#14553),#14564,.F.);
#14553 = FACE_BOUND('',#14554,.T.);
#14554 = EDGE_LOOP('',(#14555,#14556,#14562,#14563));
#14555 = ORIENTED_EDGE('',*,*,#3067,.T.);
#14556 = ORIENTED_EDGE('',*,*,#14557,.T.);
#14557 = EDGE_CURVE('',#3068,#8017,#14558,.T.);
#14558 = LINE('',#14559,#14560);
#14559 = CARTESIAN_POINT('',(205.05,145.520998,-4.6E-02));
#14560 = VECTOR('',#14561,1.);
#14561 = DIRECTION('',(0.,0.,1.));
#14562 = ORIENTED_EDGE('',*,*,#8016,.F.);
#14563 = ORIENTED_EDGE('',*,*,#14557,.F.);
#14564 = CYLINDRICAL_SURFACE('',#14565,0.5969);
#14565 = AXIS2_PLACEMENT_3D('',#14566,#14567,#14568);
#14566 = CARTESIAN_POINT('',(205.05,146.117898,-4.6E-02));
#14567 = DIRECTION('',(-0.,-0.,-1.));
#14568 = DIRECTION('',(-0.,-1.,0.));
#14569 = ADVANCED_FACE('',(#14570),#14581,.F.);
#14570 = FACE_BOUND('',#14571,.T.);
#14571 = EDGE_LOOP('',(#14572,#14573,#14579,#14580));
#14572 = ORIENTED_EDGE('',*,*,#3078,.T.);
#14573 = ORIENTED_EDGE('',*,*,#14574,.T.);
#14574 = EDGE_CURVE('',#3079,#8028,#14575,.T.);
#14575 = LINE('',#14576,#14577);
#14576 = CARTESIAN_POINT('',(201.457898,149.1131,-4.6E-02));
#14577 = VECTOR('',#14578,1.);
#14578 = DIRECTION('',(0.,0.,1.));
#14579 = ORIENTED_EDGE('',*,*,#8027,.F.);
#14580 = ORIENTED_EDGE('',*,*,#14574,.F.);
#14581 = CYLINDRICAL_SURFACE('',#14582,0.5969);
#14582 = AXIS2_PLACEMENT_3D('',#14583,#14584,#14585);
#14583 = CARTESIAN_POINT('',(201.457898,149.71,-4.6E-02));
#14584 = DIRECTION('',(-0.,-0.,-1.));
#14585 = DIRECTION('',(-0.,-1.,0.));
#14586 = ADVANCED_FACE('',(#14587),#14598,.F.);
#14587 = FACE_BOUND('',#14588,.T.);
#14588 = EDGE_LOOP('',(#14589,#14590,#14596,#14597));
#14589 = ORIENTED_EDGE('',*,*,#3089,.T.);
#14590 = ORIENTED_EDGE('',*,*,#14591,.T.);
#14591 = EDGE_CURVE('',#3090,#8039,#14592,.T.);
#14592 = LINE('',#14593,#14594);
#14593 = CARTESIAN_POINT('',(208.642102,149.1131,-4.6E-02));
#14594 = VECTOR('',#14595,1.);
#14595 = DIRECTION('',(0.,0.,1.));
#14596 = ORIENTED_EDGE('',*,*,#8038,.F.);
#14597 = ORIENTED_EDGE('',*,*,#14591,.F.);
#14598 = CYLINDRICAL_SURFACE('',#14599,0.5969);
#14599 = AXIS2_PLACEMENT_3D('',#14600,#14601,#14602);
#14600 = CARTESIAN_POINT('',(208.642102,149.71,-4.6E-02));
#14601 = DIRECTION('',(-0.,-0.,-1.));
#14602 = DIRECTION('',(-0.,-1.,0.));
#14603 = ADVANCED_FACE('',(#14604),#14615,.F.);
#14604 = FACE_BOUND('',#14605,.T.);
#14605 = EDGE_LOOP('',(#14606,#14607,#14613,#14614));
#14606 = ORIENTED_EDGE('',*,*,#3100,.T.);
#14607 = ORIENTED_EDGE('',*,*,#14608,.T.);
#14608 = EDGE_CURVE('',#3101,#8050,#14609,.T.);
#14609 = LINE('',#14610,#14611);
#14610 = CARTESIAN_POINT('',(210.112102,132.7231,-4.6E-02));
#14611 = VECTOR('',#14612,1.);
#14612 = DIRECTION('',(0.,0.,1.));
#14613 = ORIENTED_EDGE('',*,*,#8049,.F.);
#14614 = ORIENTED_EDGE('',*,*,#14608,.F.);
#14615 = CYLINDRICAL_SURFACE('',#14616,0.5969);
#14616 = AXIS2_PLACEMENT_3D('',#14617,#14618,#14619);
#14617 = CARTESIAN_POINT('',(210.112102,133.32,-4.6E-02));
#14618 = DIRECTION('',(-0.,-0.,-1.));
#14619 = DIRECTION('',(-0.,-1.,0.));
#14620 = ADVANCED_FACE('',(#14621),#14632,.F.);
#14621 = FACE_BOUND('',#14622,.T.);
#14622 = EDGE_LOOP('',(#14623,#14624,#14630,#14631));
#14623 = ORIENTED_EDGE('',*,*,#3111,.T.);
#14624 = ORIENTED_EDGE('',*,*,#14625,.T.);
#14625 = EDGE_CURVE('',#3112,#8061,#14626,.T.);
#14626 = LINE('',#14627,#14628);
#14627 = CARTESIAN_POINT('',(234.31,118.670998,-4.6E-02));
#14628 = VECTOR('',#14629,1.);
#14629 = DIRECTION('',(0.,0.,1.));
#14630 = ORIENTED_EDGE('',*,*,#8060,.F.);
#14631 = ORIENTED_EDGE('',*,*,#14625,.F.);
#14632 = CYLINDRICAL_SURFACE('',#14633,0.5969);
#14633 = AXIS2_PLACEMENT_3D('',#14634,#14635,#14636);
#14634 = CARTESIAN_POINT('',(234.31,119.267898,-4.6E-02));
#14635 = DIRECTION('',(-0.,-0.,-1.));
#14636 = DIRECTION('',(-0.,-1.,0.));
#14637 = ADVANCED_FACE('',(#14638),#14649,.F.);
#14638 = FACE_BOUND('',#14639,.T.);
#14639 = EDGE_LOOP('',(#14640,#14641,#14647,#14648));
#14640 = ORIENTED_EDGE('',*,*,#3122,.T.);
#14641 = ORIENTED_EDGE('',*,*,#14642,.T.);
#14642 = EDGE_CURVE('',#3123,#8072,#14643,.T.);
#14643 = LINE('',#14644,#14645);
#14644 = CARTESIAN_POINT('',(230.717898,122.2631,-4.6E-02));
#14645 = VECTOR('',#14646,1.);
#14646 = DIRECTION('',(0.,0.,1.));
#14647 = ORIENTED_EDGE('',*,*,#8071,.F.);
#14648 = ORIENTED_EDGE('',*,*,#14642,.F.);
#14649 = CYLINDRICAL_SURFACE('',#14650,0.5969);
#14650 = AXIS2_PLACEMENT_3D('',#14651,#14652,#14653);
#14651 = CARTESIAN_POINT('',(230.717898,122.86,-4.6E-02));
#14652 = DIRECTION('',(-0.,-0.,-1.));
#14653 = DIRECTION('',(-0.,-1.,0.));
#14654 = ADVANCED_FACE('',(#14655),#14666,.F.);
#14655 = FACE_BOUND('',#14656,.T.);
#14656 = EDGE_LOOP('',(#14657,#14658,#14664,#14665));
#14657 = ORIENTED_EDGE('',*,*,#3133,.T.);
#14658 = ORIENTED_EDGE('',*,*,#14659,.T.);
#14659 = EDGE_CURVE('',#3134,#8083,#14660,.T.);
#14660 = LINE('',#14661,#14662);
#14661 = CARTESIAN_POINT('',(234.31,125.855202,-4.6E-02));
#14662 = VECTOR('',#14663,1.);
#14663 = DIRECTION('',(0.,0.,1.));
#14664 = ORIENTED_EDGE('',*,*,#8082,.F.);
#14665 = ORIENTED_EDGE('',*,*,#14659,.F.);
#14666 = CYLINDRICAL_SURFACE('',#14667,0.5969);
#14667 = AXIS2_PLACEMENT_3D('',#14668,#14669,#14670);
#14668 = CARTESIAN_POINT('',(234.31,126.452102,-4.6E-02));
#14669 = DIRECTION('',(-0.,-0.,-1.));
#14670 = DIRECTION('',(-0.,-1.,0.));
#14671 = ADVANCED_FACE('',(#14672),#14683,.F.);
#14672 = FACE_BOUND('',#14673,.T.);
#14673 = EDGE_LOOP('',(#14674,#14675,#14681,#14682));
#14674 = ORIENTED_EDGE('',*,*,#3144,.T.);
#14675 = ORIENTED_EDGE('',*,*,#14676,.T.);
#14676 = EDGE_CURVE('',#3145,#8094,#14677,.T.);
#14677 = LINE('',#14678,#14679);
#14678 = CARTESIAN_POINT('',(237.902102,122.2631,-4.6E-02));
#14679 = VECTOR('',#14680,1.);
#14680 = DIRECTION('',(0.,0.,1.));
#14681 = ORIENTED_EDGE('',*,*,#8093,.F.);
#14682 = ORIENTED_EDGE('',*,*,#14676,.F.);
#14683 = CYLINDRICAL_SURFACE('',#14684,0.5969);
#14684 = AXIS2_PLACEMENT_3D('',#14685,#14686,#14687);
#14685 = CARTESIAN_POINT('',(237.902102,122.86,-4.6E-02));
#14686 = DIRECTION('',(-0.,-0.,-1.));
#14687 = DIRECTION('',(-0.,-1.,0.));
#14688 = ADVANCED_FACE('',(#14689),#14700,.F.);
#14689 = FACE_BOUND('',#14690,.T.);
#14690 = EDGE_LOOP('',(#14691,#14692,#14698,#14699));
#14691 = ORIENTED_EDGE('',*,*,#3155,.T.);
#14692 = ORIENTED_EDGE('',*,*,#14693,.T.);
#14693 = EDGE_CURVE('',#3156,#8105,#14694,.T.);
#14694 = LINE('',#14695,#14696);
#14695 = CARTESIAN_POINT('',(256.,112.4,-4.6E-02));
#14696 = VECTOR('',#14697,1.);
#14697 = DIRECTION('',(0.,0.,1.));
#14698 = ORIENTED_EDGE('',*,*,#8104,.F.);
#14699 = ORIENTED_EDGE('',*,*,#14693,.F.);
#14700 = CYLINDRICAL_SURFACE('',#14701,1.6);
#14701 = AXIS2_PLACEMENT_3D('',#14702,#14703,#14704);
#14702 = CARTESIAN_POINT('',(256.,114.,-4.6E-02));
#14703 = DIRECTION('',(-0.,-0.,-1.));
#14704 = DIRECTION('',(-0.,-1.,0.));
#14705 = ADVANCED_FACE('',(#14706),#14717,.F.);
#14706 = FACE_BOUND('',#14707,.T.);
#14707 = EDGE_LOOP('',(#14708,#14709,#14715,#14716));
#14708 = ORIENTED_EDGE('',*,*,#3166,.T.);
#14709 = ORIENTED_EDGE('',*,*,#14710,.T.);
#14710 = EDGE_CURVE('',#3167,#8116,#14711,.T.);
#14711 = LINE('',#14712,#14713);
#14712 = CARTESIAN_POINT('',(245.45,129.970998,-4.6E-02));
#14713 = VECTOR('',#14714,1.);
#14714 = DIRECTION('',(0.,0.,1.));
#14715 = ORIENTED_EDGE('',*,*,#8115,.F.);
#14716 = ORIENTED_EDGE('',*,*,#14710,.F.);
#14717 = CYLINDRICAL_SURFACE('',#14718,0.5969);
#14718 = AXIS2_PLACEMENT_3D('',#14719,#14720,#14721);
#14719 = CARTESIAN_POINT('',(245.45,130.567898,-4.6E-02));
#14720 = DIRECTION('',(-0.,-0.,-1.));
#14721 = DIRECTION('',(-0.,-1.,0.));
#14722 = ADVANCED_FACE('',(#14723),#14734,.F.);
#14723 = FACE_BOUND('',#14724,.T.);
#14724 = EDGE_LOOP('',(#14725,#14726,#14732,#14733));
#14725 = ORIENTED_EDGE('',*,*,#3177,.T.);
#14726 = ORIENTED_EDGE('',*,*,#14727,.T.);
#14727 = EDGE_CURVE('',#3178,#8127,#14728,.T.);
#14728 = LINE('',#14729,#14730);
#14729 = CARTESIAN_POINT('',(241.857898,133.5631,-4.6E-02));
#14730 = VECTOR('',#14731,1.);
#14731 = DIRECTION('',(0.,0.,1.));
#14732 = ORIENTED_EDGE('',*,*,#8126,.F.);
#14733 = ORIENTED_EDGE('',*,*,#14727,.F.);
#14734 = CYLINDRICAL_SURFACE('',#14735,0.5969);
#14735 = AXIS2_PLACEMENT_3D('',#14736,#14737,#14738);
#14736 = CARTESIAN_POINT('',(241.857898,134.16,-4.6E-02));
#14737 = DIRECTION('',(-0.,-0.,-1.));
#14738 = DIRECTION('',(-0.,-1.,0.));
#14739 = ADVANCED_FACE('',(#14740),#14751,.F.);
#14740 = FACE_BOUND('',#14741,.T.);
#14741 = EDGE_LOOP('',(#14742,#14743,#14749,#14750));
#14742 = ORIENTED_EDGE('',*,*,#3188,.T.);
#14743 = ORIENTED_EDGE('',*,*,#14744,.T.);
#14744 = EDGE_CURVE('',#3189,#8138,#14745,.T.);
#14745 = LINE('',#14746,#14747);
#14746 = CARTESIAN_POINT('',(249.042102,133.5631,-4.6E-02));
#14747 = VECTOR('',#14748,1.);
#14748 = DIRECTION('',(0.,0.,1.));
#14749 = ORIENTED_EDGE('',*,*,#8137,.F.);
#14750 = ORIENTED_EDGE('',*,*,#14744,.F.);
#14751 = CYLINDRICAL_SURFACE('',#14752,0.5969);
#14752 = AXIS2_PLACEMENT_3D('',#14753,#14754,#14755);
#14753 = CARTESIAN_POINT('',(249.042102,134.16,-4.6E-02));
#14754 = DIRECTION('',(-0.,-0.,-1.));
#14755 = DIRECTION('',(-0.,-1.,0.));
#14756 = ADVANCED_FACE('',(#14757),#14768,.F.);
#14757 = FACE_BOUND('',#14758,.T.);
#14758 = EDGE_LOOP('',(#14759,#14760,#14766,#14767));
#14759 = ORIENTED_EDGE('',*,*,#3199,.T.);
#14760 = ORIENTED_EDGE('',*,*,#14761,.T.);
#14761 = EDGE_CURVE('',#3200,#8149,#14762,.T.);
#14762 = LINE('',#14763,#14764);
#14763 = CARTESIAN_POINT('',(245.45,137.155202,-4.6E-02));
#14764 = VECTOR('',#14765,1.);
#14765 = DIRECTION('',(0.,0.,1.));
#14766 = ORIENTED_EDGE('',*,*,#8148,.F.);
#14767 = ORIENTED_EDGE('',*,*,#14761,.F.);
#14768 = CYLINDRICAL_SURFACE('',#14769,0.5969);
#14769 = AXIS2_PLACEMENT_3D('',#14770,#14771,#14772);
#14770 = CARTESIAN_POINT('',(245.45,137.752102,-4.6E-02));
#14771 = DIRECTION('',(-0.,-0.,-1.));
#14772 = DIRECTION('',(-0.,-1.,0.));
#14773 = ADVANCED_FACE('',(#14774),#14785,.F.);
#14774 = FACE_BOUND('',#14775,.T.);
#14775 = EDGE_LOOP('',(#14776,#14777,#14783,#14784));
#14776 = ORIENTED_EDGE('',*,*,#3210,.T.);
#14777 = ORIENTED_EDGE('',*,*,#14778,.T.);
#14778 = EDGE_CURVE('',#3211,#8160,#14779,.T.);
#14779 = LINE('',#14780,#14781);
#14780 = CARTESIAN_POINT('',(245.46,145.830998,-4.6E-02));
#14781 = VECTOR('',#14782,1.);
#14782 = DIRECTION('',(0.,0.,1.));
#14783 = ORIENTED_EDGE('',*,*,#8159,.F.);
#14784 = ORIENTED_EDGE('',*,*,#14778,.F.);
#14785 = CYLINDRICAL_SURFACE('',#14786,0.5969);
#14786 = AXIS2_PLACEMENT_3D('',#14787,#14788,#14789);
#14787 = CARTESIAN_POINT('',(245.46,146.427898,-4.6E-02));
#14788 = DIRECTION('',(-0.,-0.,-1.));
#14789 = DIRECTION('',(-0.,-1.,0.));
#14790 = ADVANCED_FACE('',(#14791),#14802,.F.);
#14791 = FACE_BOUND('',#14792,.T.);
#14792 = EDGE_LOOP('',(#14793,#14794,#14800,#14801));
#14793 = ORIENTED_EDGE('',*,*,#3221,.T.);
#14794 = ORIENTED_EDGE('',*,*,#14795,.T.);
#14795 = EDGE_CURVE('',#3222,#8171,#14796,.T.);
#14796 = LINE('',#14797,#14798);
#14797 = CARTESIAN_POINT('',(5.52,154.4,-4.6E-02));
#14798 = VECTOR('',#14799,1.);
#14799 = DIRECTION('',(0.,0.,1.));
#14800 = ORIENTED_EDGE('',*,*,#8170,.F.);
#14801 = ORIENTED_EDGE('',*,*,#14795,.F.);
#14802 = CYLINDRICAL_SURFACE('',#14803,0.5);
#14803 = AXIS2_PLACEMENT_3D('',#14804,#14805,#14806);
#14804 = CARTESIAN_POINT('',(5.52,154.9,-4.6E-02));
#14805 = DIRECTION('',(-0.,-0.,-1.));
#14806 = DIRECTION('',(-0.,-1.,0.));
#14807 = ADVANCED_FACE('',(#14808),#14819,.F.);
#14808 = FACE_BOUND('',#14809,.T.);
#14809 = EDGE_LOOP('',(#14810,#14811,#14817,#14818));
#14810 = ORIENTED_EDGE('',*,*,#3232,.T.);
#14811 = ORIENTED_EDGE('',*,*,#14812,.T.);
#14812 = EDGE_CURVE('',#3233,#8182,#14813,.T.);
#14813 = LINE('',#14814,#14815);
#14814 = CARTESIAN_POINT('',(5.52,156.94,-4.6E-02));
#14815 = VECTOR('',#14816,1.);
#14816 = DIRECTION('',(0.,0.,1.));
#14817 = ORIENTED_EDGE('',*,*,#8181,.F.);
#14818 = ORIENTED_EDGE('',*,*,#14812,.F.);
#14819 = CYLINDRICAL_SURFACE('',#14820,0.5);
#14820 = AXIS2_PLACEMENT_3D('',#14821,#14822,#14823);
#14821 = CARTESIAN_POINT('',(5.52,157.44,-4.6E-02));
#14822 = DIRECTION('',(-0.,-0.,-1.));
#14823 = DIRECTION('',(-0.,-1.,0.));
#14824 = ADVANCED_FACE('',(#14825),#14836,.F.);
#14825 = FACE_BOUND('',#14826,.T.);
#14826 = EDGE_LOOP('',(#14827,#14828,#14834,#14835));
#14827 = ORIENTED_EDGE('',*,*,#3243,.T.);
#14828 = ORIENTED_EDGE('',*,*,#14829,.T.);
#14829 = EDGE_CURVE('',#3244,#8193,#14830,.T.);
#14830 = LINE('',#14831,#14832);
#14831 = CARTESIAN_POINT('',(5.73,162.69,-4.6E-02));
#14832 = VECTOR('',#14833,1.);
#14833 = DIRECTION('',(0.,0.,1.));
#14834 = ORIENTED_EDGE('',*,*,#8192,.F.);
#14835 = ORIENTED_EDGE('',*,*,#14829,.F.);
#14836 = CYLINDRICAL_SURFACE('',#14837,0.5);
#14837 = AXIS2_PLACEMENT_3D('',#14838,#14839,#14840);
#14838 = CARTESIAN_POINT('',(5.73,163.19,-4.6E-02));
#14839 = DIRECTION('',(-0.,-0.,-1.));
#14840 = DIRECTION('',(-0.,-1.,0.));
#14841 = ADVANCED_FACE('',(#14842),#14853,.F.);
#14842 = FACE_BOUND('',#14843,.T.);
#14843 = EDGE_LOOP('',(#14844,#14845,#14851,#14852));
#14844 = ORIENTED_EDGE('',*,*,#3254,.T.);
#14845 = ORIENTED_EDGE('',*,*,#14846,.T.);
#14846 = EDGE_CURVE('',#3255,#8204,#14847,.T.);
#14847 = LINE('',#14848,#14849);
#14848 = CARTESIAN_POINT('',(5.73,165.23,-4.6E-02));
#14849 = VECTOR('',#14850,1.);
#14850 = DIRECTION('',(0.,0.,1.));
#14851 = ORIENTED_EDGE('',*,*,#8203,.F.);
#14852 = ORIENTED_EDGE('',*,*,#14846,.F.);
#14853 = CYLINDRICAL_SURFACE('',#14854,0.5);
#14854 = AXIS2_PLACEMENT_3D('',#14855,#14856,#14857);
#14855 = CARTESIAN_POINT('',(5.73,165.73,-4.6E-02));
#14856 = DIRECTION('',(-0.,-0.,-1.));
#14857 = DIRECTION('',(-0.,-1.,0.));
#14858 = ADVANCED_FACE('',(#14859),#14870,.F.);
#14859 = FACE_BOUND('',#14860,.T.);
#14860 = EDGE_LOOP('',(#14861,#14862,#14868,#14869));
#14861 = ORIENTED_EDGE('',*,*,#3265,.T.);
#14862 = ORIENTED_EDGE('',*,*,#14863,.T.);
#14863 = EDGE_CURVE('',#3266,#8215,#14864,.T.);
#14864 = LINE('',#14865,#14866);
#14865 = CARTESIAN_POINT('',(5.97,170.57,-4.6E-02));
#14866 = VECTOR('',#14867,1.);
#14867 = DIRECTION('',(0.,0.,1.));
#14868 = ORIENTED_EDGE('',*,*,#8214,.F.);
#14869 = ORIENTED_EDGE('',*,*,#14863,.F.);
#14870 = CYLINDRICAL_SURFACE('',#14871,0.5);
#14871 = AXIS2_PLACEMENT_3D('',#14872,#14873,#14874);
#14872 = CARTESIAN_POINT('',(5.97,171.07,-4.6E-02));
#14873 = DIRECTION('',(-0.,-0.,-1.));
#14874 = DIRECTION('',(-0.,-1.,0.));
#14875 = ADVANCED_FACE('',(#14876),#14887,.F.);
#14876 = FACE_BOUND('',#14877,.T.);
#14877 = EDGE_LOOP('',(#14878,#14879,#14885,#14886));
#14878 = ORIENTED_EDGE('',*,*,#3276,.T.);
#14879 = ORIENTED_EDGE('',*,*,#14880,.T.);
#14880 = EDGE_CURVE('',#3277,#8226,#14881,.T.);
#14881 = LINE('',#14882,#14883);
#14882 = CARTESIAN_POINT('',(5.97,173.11,-4.6E-02));
#14883 = VECTOR('',#14884,1.);
#14884 = DIRECTION('',(0.,0.,1.));
#14885 = ORIENTED_EDGE('',*,*,#8225,.F.);
#14886 = ORIENTED_EDGE('',*,*,#14880,.F.);
#14887 = CYLINDRICAL_SURFACE('',#14888,0.5);
#14888 = AXIS2_PLACEMENT_3D('',#14889,#14890,#14891);
#14889 = CARTESIAN_POINT('',(5.97,173.61,-4.6E-02));
#14890 = DIRECTION('',(-0.,-0.,-1.));
#14891 = DIRECTION('',(-0.,-1.,0.));
#14892 = ADVANCED_FACE('',(#14893),#14904,.F.);
#14893 = FACE_BOUND('',#14894,.T.);
#14894 = EDGE_LOOP('',(#14895,#14896,#14902,#14903));
#14895 = ORIENTED_EDGE('',*,*,#3287,.T.);
#14896 = ORIENTED_EDGE('',*,*,#14897,.T.);
#14897 = EDGE_CURVE('',#3288,#8237,#14898,.T.);
#14898 = LINE('',#14899,#14900);
#14899 = CARTESIAN_POINT('',(3.,180.102,-4.6E-02));
#14900 = VECTOR('',#14901,1.);
#14901 = DIRECTION('',(0.,0.,1.));
#14902 = ORIENTED_EDGE('',*,*,#8236,.F.);
#14903 = ORIENTED_EDGE('',*,*,#14897,.F.);
#14904 = CYLINDRICAL_SURFACE('',#14905,0.508);
#14905 = AXIS2_PLACEMENT_3D('',#14906,#14907,#14908);
#14906 = CARTESIAN_POINT('',(3.,180.61,-4.6E-02));
#14907 = DIRECTION('',(-0.,-0.,-1.));
#14908 = DIRECTION('',(-0.,-1.,0.));
#14909 = ADVANCED_FACE('',(#14910),#14921,.F.);
#14910 = FACE_BOUND('',#14911,.T.);
#14911 = EDGE_LOOP('',(#14912,#14913,#14919,#14920));
#14912 = ORIENTED_EDGE('',*,*,#3298,.T.);
#14913 = ORIENTED_EDGE('',*,*,#14914,.T.);
#14914 = EDGE_CURVE('',#3299,#8248,#14915,.T.);
#14915 = LINE('',#14916,#14917);
#14916 = CARTESIAN_POINT('',(5.54,180.102,-4.6E-02));
#14917 = VECTOR('',#14918,1.);
#14918 = DIRECTION('',(0.,0.,1.));
#14919 = ORIENTED_EDGE('',*,*,#8247,.F.);
#14920 = ORIENTED_EDGE('',*,*,#14914,.F.);
#14921 = CYLINDRICAL_SURFACE('',#14922,0.508);
#14922 = AXIS2_PLACEMENT_3D('',#14923,#14924,#14925);
#14923 = CARTESIAN_POINT('',(5.54,180.61,-4.6E-02));
#14924 = DIRECTION('',(-0.,-0.,-1.));
#14925 = DIRECTION('',(-0.,-1.,0.));
#14926 = ADVANCED_FACE('',(#14927),#14938,.F.);
#14927 = FACE_BOUND('',#14928,.T.);
#14928 = EDGE_LOOP('',(#14929,#14930,#14936,#14937));
#14929 = ORIENTED_EDGE('',*,*,#3309,.T.);
#14930 = ORIENTED_EDGE('',*,*,#14931,.T.);
#14931 = EDGE_CURVE('',#3310,#8259,#14932,.T.);
#14932 = LINE('',#14933,#14934);
#14933 = CARTESIAN_POINT('',(3.,182.642,-4.6E-02));
#14934 = VECTOR('',#14935,1.);
#14935 = DIRECTION('',(0.,0.,1.));
#14936 = ORIENTED_EDGE('',*,*,#8258,.F.);
#14937 = ORIENTED_EDGE('',*,*,#14931,.F.);
#14938 = CYLINDRICAL_SURFACE('',#14939,0.508);
#14939 = AXIS2_PLACEMENT_3D('',#14940,#14941,#14942);
#14940 = CARTESIAN_POINT('',(3.,183.15,-4.6E-02));
#14941 = DIRECTION('',(-0.,-0.,-1.));
#14942 = DIRECTION('',(-0.,-1.,0.));
#14943 = ADVANCED_FACE('',(#14944),#14955,.F.);
#14944 = FACE_BOUND('',#14945,.T.);
#14945 = EDGE_LOOP('',(#14946,#14947,#14953,#14954));
#14946 = ORIENTED_EDGE('',*,*,#3320,.T.);
#14947 = ORIENTED_EDGE('',*,*,#14948,.T.);
#14948 = EDGE_CURVE('',#3321,#8270,#14949,.T.);
#14949 = LINE('',#14950,#14951);
#14950 = CARTESIAN_POINT('',(3.,185.182,-4.6E-02));
#14951 = VECTOR('',#14952,1.);
#14952 = DIRECTION('',(0.,0.,1.));
#14953 = ORIENTED_EDGE('',*,*,#8269,.F.);
#14954 = ORIENTED_EDGE('',*,*,#14948,.F.);
#14955 = CYLINDRICAL_SURFACE('',#14956,0.508);
#14956 = AXIS2_PLACEMENT_3D('',#14957,#14958,#14959);
#14957 = CARTESIAN_POINT('',(3.,185.69,-4.6E-02));
#14958 = DIRECTION('',(-0.,-0.,-1.));
#14959 = DIRECTION('',(-0.,-1.,0.));
#14960 = ADVANCED_FACE('',(#14961),#14972,.F.);
#14961 = FACE_BOUND('',#14962,.T.);
#14962 = EDGE_LOOP('',(#14963,#14964,#14970,#14971));
#14963 = ORIENTED_EDGE('',*,*,#3331,.T.);
#14964 = ORIENTED_EDGE('',*,*,#14965,.T.);
#14965 = EDGE_CURVE('',#3332,#8281,#14966,.T.);
#14966 = LINE('',#14967,#14968);
#14967 = CARTESIAN_POINT('',(5.54,182.642,-4.6E-02));
#14968 = VECTOR('',#14969,1.);
#14969 = DIRECTION('',(0.,0.,1.));
#14970 = ORIENTED_EDGE('',*,*,#8280,.F.);
#14971 = ORIENTED_EDGE('',*,*,#14965,.F.);
#14972 = CYLINDRICAL_SURFACE('',#14973,0.508);
#14973 = AXIS2_PLACEMENT_3D('',#14974,#14975,#14976);
#14974 = CARTESIAN_POINT('',(5.54,183.15,-4.6E-02));
#14975 = DIRECTION('',(-0.,-0.,-1.));
#14976 = DIRECTION('',(-0.,-1.,0.));
#14977 = ADVANCED_FACE('',(#14978),#14989,.F.);
#14978 = FACE_BOUND('',#14979,.T.);
#14979 = EDGE_LOOP('',(#14980,#14981,#14987,#14988));
#14980 = ORIENTED_EDGE('',*,*,#3342,.T.);
#14981 = ORIENTED_EDGE('',*,*,#14982,.T.);
#14982 = EDGE_CURVE('',#3343,#8292,#14983,.T.);
#14983 = LINE('',#14984,#14985);
#14984 = CARTESIAN_POINT('',(5.54,185.182,-4.6E-02));
#14985 = VECTOR('',#14986,1.);
#14986 = DIRECTION('',(0.,0.,1.));
#14987 = ORIENTED_EDGE('',*,*,#8291,.F.);
#14988 = ORIENTED_EDGE('',*,*,#14982,.F.);
#14989 = CYLINDRICAL_SURFACE('',#14990,0.508);
#14990 = AXIS2_PLACEMENT_3D('',#14991,#14992,#14993);
#14991 = CARTESIAN_POINT('',(5.54,185.69,-4.6E-02));
#14992 = DIRECTION('',(-0.,-0.,-1.));
#14993 = DIRECTION('',(-0.,-1.,0.));
#14994 = ADVANCED_FACE('',(#14995),#15006,.F.);
#14995 = FACE_BOUND('',#14996,.T.);
#14996 = EDGE_LOOP('',(#14997,#14998,#15004,#15005));
#14997 = ORIENTED_EDGE('',*,*,#3353,.T.);
#14998 = ORIENTED_EDGE('',*,*,#14999,.T.);
#14999 = EDGE_CURVE('',#3354,#8303,#15000,.T.);
#15000 = LINE('',#15001,#15002);
#15001 = CARTESIAN_POINT('',(64.46,182.7631,-4.6E-02));
#15002 = VECTOR('',#15003,1.);
#15003 = DIRECTION('',(0.,0.,1.));
#15004 = ORIENTED_EDGE('',*,*,#8302,.F.);
#15005 = ORIENTED_EDGE('',*,*,#14999,.F.);
#15006 = CYLINDRICAL_SURFACE('',#15007,0.5969);
#15007 = AXIS2_PLACEMENT_3D('',#15008,#15009,#15010);
#15008 = CARTESIAN_POINT('',(64.46,183.36,-4.6E-02));
#15009 = DIRECTION('',(-0.,-0.,-1.));
#15010 = DIRECTION('',(-2.380776464266E-14,-1.,0.));
#15011 = ADVANCED_FACE('',(#15012),#15023,.F.);
#15012 = FACE_BOUND('',#15013,.T.);
#15013 = EDGE_LOOP('',(#15014,#15015,#15021,#15022));
#15014 = ORIENTED_EDGE('',*,*,#3364,.T.);
#15015 = ORIENTED_EDGE('',*,*,#15016,.T.);
#15016 = EDGE_CURVE('',#3365,#8314,#15017,.T.);
#15017 = LINE('',#15018,#15019);
#15018 = CARTESIAN_POINT('',(3.,187.722,-4.6E-02));
#15019 = VECTOR('',#15020,1.);
#15020 = DIRECTION('',(0.,0.,1.));
#15021 = ORIENTED_EDGE('',*,*,#8313,.F.);
#15022 = ORIENTED_EDGE('',*,*,#15016,.F.);
#15023 = CYLINDRICAL_SURFACE('',#15024,0.508);
#15024 = AXIS2_PLACEMENT_3D('',#15025,#15026,#15027);
#15025 = CARTESIAN_POINT('',(3.,188.23,-4.6E-02));
#15026 = DIRECTION('',(-0.,-0.,-1.));
#15027 = DIRECTION('',(-0.,-1.,0.));
#15028 = ADVANCED_FACE('',(#15029),#15040,.F.);
#15029 = FACE_BOUND('',#15030,.T.);
#15030 = EDGE_LOOP('',(#15031,#15032,#15038,#15039));
#15031 = ORIENTED_EDGE('',*,*,#3375,.T.);
#15032 = ORIENTED_EDGE('',*,*,#15033,.T.);
#15033 = EDGE_CURVE('',#3376,#8325,#15034,.T.);
#15034 = LINE('',#15035,#15036);
#15035 = CARTESIAN_POINT('',(5.54,187.722,-4.6E-02));
#15036 = VECTOR('',#15037,1.);
#15037 = DIRECTION('',(0.,0.,1.));
#15038 = ORIENTED_EDGE('',*,*,#8324,.F.);
#15039 = ORIENTED_EDGE('',*,*,#15033,.F.);
#15040 = CYLINDRICAL_SURFACE('',#15041,0.508);
#15041 = AXIS2_PLACEMENT_3D('',#15042,#15043,#15044);
#15042 = CARTESIAN_POINT('',(5.54,188.23,-4.6E-02));
#15043 = DIRECTION('',(-0.,-0.,-1.));
#15044 = DIRECTION('',(-0.,-1.,0.));
#15045 = ADVANCED_FACE('',(#15046),#15062,.F.);
#15046 = FACE_BOUND('',#15047,.T.);
#15047 = EDGE_LOOP('',(#15048,#15049,#15055,#15056));
#15048 = ORIENTED_EDGE('',*,*,#3386,.T.);
#15049 = ORIENTED_EDGE('',*,*,#15050,.T.);
#15050 = EDGE_CURVE('',#3389,#8338,#15051,.T.);
#15051 = LINE('',#15052,#15053);
#15052 = CARTESIAN_POINT('',(0.86,203.76,-4.6E-02));
#15053 = VECTOR('',#15054,1.);
#15054 = DIRECTION('',(0.,0.,1.));
#15055 = ORIENTED_EDGE('',*,*,#8335,.F.);
#15056 = ORIENTED_EDGE('',*,*,#15057,.F.);
#15057 = EDGE_CURVE('',#3387,#8336,#15058,.T.);
#15058 = LINE('',#15059,#15060);
#15059 = CARTESIAN_POINT('',(0.86,203.26,-4.6E-02));
#15060 = VECTOR('',#15061,1.);
#15061 = DIRECTION('',(0.,0.,1.));
#15062 = CYLINDRICAL_SURFACE('',#15063,0.25);
#15063 = AXIS2_PLACEMENT_3D('',#15064,#15065,#15066);
#15064 = CARTESIAN_POINT('',(0.86,203.51,-4.6E-02));
#15065 = DIRECTION('',(-0.,0.,-1.));
#15066 = DIRECTION('',(0.,1.,0.));
#15067 = ADVANCED_FACE('',(#15068),#15079,.T.);
#15068 = FACE_BOUND('',#15069,.T.);
#15069 = EDGE_LOOP('',(#15070,#15071,#15072,#15073));
#15070 = ORIENTED_EDGE('',*,*,#3414,.T.);
#15071 = ORIENTED_EDGE('',*,*,#15057,.T.);
#15072 = ORIENTED_EDGE('',*,*,#8363,.F.);
#15073 = ORIENTED_EDGE('',*,*,#15074,.F.);
#15074 = EDGE_CURVE('',#3406,#8355,#15075,.T.);
#15075 = LINE('',#15076,#15077);
#15076 = CARTESIAN_POINT('',(1.46,203.26,-4.6E-02));
#15077 = VECTOR('',#15078,1.);
#15078 = DIRECTION('',(0.,0.,1.));
#15079 = PLANE('',#15080);
#15080 = AXIS2_PLACEMENT_3D('',#15081,#15082,#15083);
#15081 = CARTESIAN_POINT('',(0.86,203.26,-4.6E-02));
#15082 = DIRECTION('',(0.,1.,0.));
#15083 = DIRECTION('',(1.,0.,0.));
#15084 = ADVANCED_FACE('',(#15085),#15096,.F.);
#15085 = FACE_BOUND('',#15086,.T.);
#15086 = EDGE_LOOP('',(#15087,#15088,#15089,#15090));
#15087 = ORIENTED_EDGE('',*,*,#3405,.T.);
#15088 = ORIENTED_EDGE('',*,*,#15074,.T.);
#15089 = ORIENTED_EDGE('',*,*,#8354,.F.);
#15090 = ORIENTED_EDGE('',*,*,#15091,.F.);
#15091 = EDGE_CURVE('',#3398,#8347,#15092,.T.);
#15092 = LINE('',#15093,#15094);
#15093 = CARTESIAN_POINT('',(1.46,203.76,-4.6E-02));
#15094 = VECTOR('',#15095,1.);
#15095 = DIRECTION('',(0.,0.,1.));
#15096 = CYLINDRICAL_SURFACE('',#15097,0.25);
#15097 = AXIS2_PLACEMENT_3D('',#15098,#15099,#15100);
#15098 = CARTESIAN_POINT('',(1.46,203.51,-4.6E-02));
#15099 = DIRECTION('',(-0.,-0.,-1.));
#15100 = DIRECTION('',(-0.,-1.,0.));
#15101 = ADVANCED_FACE('',(#15102),#15108,.T.);
#15102 = FACE_BOUND('',#15103,.T.);
#15103 = EDGE_LOOP('',(#15104,#15105,#15106,#15107));
#15104 = ORIENTED_EDGE('',*,*,#3397,.T.);
#15105 = ORIENTED_EDGE('',*,*,#15091,.T.);
#15106 = ORIENTED_EDGE('',*,*,#8346,.F.);
#15107 = ORIENTED_EDGE('',*,*,#15050,.F.);
#15108 = PLANE('',#15109);
#15109 = AXIS2_PLACEMENT_3D('',#15110,#15111,#15112);
#15110 = CARTESIAN_POINT('',(1.46,203.76,-4.6E-02));
#15111 = DIRECTION('',(0.,-1.,0.));
#15112 = DIRECTION('',(-1.,0.,0.));
#15113 = ADVANCED_FACE('',(#15114),#15130,.F.);
#15114 = FACE_BOUND('',#15115,.T.);
#15115 = EDGE_LOOP('',(#15116,#15117,#15123,#15124));
#15116 = ORIENTED_EDGE('',*,*,#3422,.T.);
#15117 = ORIENTED_EDGE('',*,*,#15118,.T.);
#15118 = EDGE_CURVE('',#3425,#8374,#15119,.T.);
#15119 = LINE('',#15120,#15121);
#15120 = CARTESIAN_POINT('',(6.81,204.12,-4.6E-02));
#15121 = VECTOR('',#15122,1.);
#15122 = DIRECTION('',(0.,0.,1.));
#15123 = ORIENTED_EDGE('',*,*,#8371,.F.);
#15124 = ORIENTED_EDGE('',*,*,#15125,.F.);
#15125 = EDGE_CURVE('',#3423,#8372,#15126,.T.);
#15126 = LINE('',#15127,#15128);
#15127 = CARTESIAN_POINT('',(6.81,203.62,-4.6E-02));
#15128 = VECTOR('',#15129,1.);
#15129 = DIRECTION('',(0.,0.,1.));
#15130 = CYLINDRICAL_SURFACE('',#15131,0.25);
#15131 = AXIS2_PLACEMENT_3D('',#15132,#15133,#15134);
#15132 = CARTESIAN_POINT('',(6.81,203.87,-4.6E-02));
#15133 = DIRECTION('',(-0.,0.,-1.));
#15134 = DIRECTION('',(0.,1.,0.));
#15135 = ADVANCED_FACE('',(#15136),#15147,.T.);
#15136 = FACE_BOUND('',#15137,.T.);
#15137 = EDGE_LOOP('',(#15138,#15139,#15140,#15141));
#15138 = ORIENTED_EDGE('',*,*,#3450,.T.);
#15139 = ORIENTED_EDGE('',*,*,#15125,.T.);
#15140 = ORIENTED_EDGE('',*,*,#8399,.F.);
#15141 = ORIENTED_EDGE('',*,*,#15142,.F.);
#15142 = EDGE_CURVE('',#3442,#8391,#15143,.T.);
#15143 = LINE('',#15144,#15145);
#15144 = CARTESIAN_POINT('',(7.41,203.62,-4.6E-02));
#15145 = VECTOR('',#15146,1.);
#15146 = DIRECTION('',(0.,0.,1.));
#15147 = PLANE('',#15148);
#15148 = AXIS2_PLACEMENT_3D('',#15149,#15150,#15151);
#15149 = CARTESIAN_POINT('',(6.81,203.62,-4.6E-02));
#15150 = DIRECTION('',(0.,1.,0.));
#15151 = DIRECTION('',(1.,0.,0.));
#15152 = ADVANCED_FACE('',(#15153),#15164,.F.);
#15153 = FACE_BOUND('',#15154,.T.);
#15154 = EDGE_LOOP('',(#15155,#15156,#15157,#15158));
#15155 = ORIENTED_EDGE('',*,*,#3441,.T.);
#15156 = ORIENTED_EDGE('',*,*,#15142,.T.);
#15157 = ORIENTED_EDGE('',*,*,#8390,.F.);
#15158 = ORIENTED_EDGE('',*,*,#15159,.F.);
#15159 = EDGE_CURVE('',#3434,#8383,#15160,.T.);
#15160 = LINE('',#15161,#15162);
#15161 = CARTESIAN_POINT('',(7.41,204.12,-4.6E-02));
#15162 = VECTOR('',#15163,1.);
#15163 = DIRECTION('',(0.,0.,1.));
#15164 = CYLINDRICAL_SURFACE('',#15165,0.25);
#15165 = AXIS2_PLACEMENT_3D('',#15166,#15167,#15168);
#15166 = CARTESIAN_POINT('',(7.41,203.87,-4.6E-02));
#15167 = DIRECTION('',(-0.,-0.,-1.));
#15168 = DIRECTION('',(-0.,-1.,0.));
#15169 = ADVANCED_FACE('',(#15170),#15176,.T.);
#15170 = FACE_BOUND('',#15171,.T.);
#15171 = EDGE_LOOP('',(#15172,#15173,#15174,#15175));
#15172 = ORIENTED_EDGE('',*,*,#3433,.T.);
#15173 = ORIENTED_EDGE('',*,*,#15159,.T.);
#15174 = ORIENTED_EDGE('',*,*,#8382,.F.);
#15175 = ORIENTED_EDGE('',*,*,#15118,.F.);
#15176 = PLANE('',#15177);
#15177 = AXIS2_PLACEMENT_3D('',#15178,#15179,#15180);
#15178 = CARTESIAN_POINT('',(7.41,204.12,-4.6E-02));
#15179 = DIRECTION('',(0.,-1.,0.));
#15180 = DIRECTION('',(-1.,0.,0.));
#15181 = ADVANCED_FACE('',(#15182),#15198,.F.);
#15182 = FACE_BOUND('',#15183,.T.);
#15183 = EDGE_LOOP('',(#15184,#15185,#15191,#15192));
#15184 = ORIENTED_EDGE('',*,*,#3458,.T.);
#15185 = ORIENTED_EDGE('',*,*,#15186,.T.);
#15186 = EDGE_CURVE('',#3461,#8410,#15187,.T.);
#15187 = LINE('',#15188,#15189);
#15188 = CARTESIAN_POINT('',(8.035,204.25,-4.6E-02));
#15189 = VECTOR('',#15190,1.);
#15190 = DIRECTION('',(0.,0.,1.));
#15191 = ORIENTED_EDGE('',*,*,#8407,.F.);
#15192 = ORIENTED_EDGE('',*,*,#15193,.F.);
#15193 = EDGE_CURVE('',#3459,#8408,#15194,.T.);
#15194 = LINE('',#15195,#15196);
#15195 = CARTESIAN_POINT('',(8.685,204.25,-4.6E-02));
#15196 = VECTOR('',#15197,1.);
#15197 = DIRECTION('',(0.,0.,1.));
#15198 = CYLINDRICAL_SURFACE('',#15199,0.325);
#15199 = AXIS2_PLACEMENT_3D('',#15200,#15201,#15202);
#15200 = CARTESIAN_POINT('',(8.36,204.25,-4.6E-02));
#15201 = DIRECTION('',(-0.,-0.,-1.));
#15202 = DIRECTION('',(-1.,0.,-0.));
#15203 = ADVANCED_FACE('',(#15204),#15215,.T.);
#15204 = FACE_BOUND('',#15205,.T.);
#15205 = EDGE_LOOP('',(#15206,#15207,#15208,#15209));
#15206 = ORIENTED_EDGE('',*,*,#3486,.T.);
#15207 = ORIENTED_EDGE('',*,*,#15193,.T.);
#15208 = ORIENTED_EDGE('',*,*,#8435,.F.);
#15209 = ORIENTED_EDGE('',*,*,#15210,.F.);
#15210 = EDGE_CURVE('',#3478,#8427,#15211,.T.);
#15211 = LINE('',#15212,#15213);
#15212 = CARTESIAN_POINT('',(8.685,204.55,-4.6E-02));
#15213 = VECTOR('',#15214,1.);
#15214 = DIRECTION('',(0.,0.,1.));
#15215 = PLANE('',#15216);
#15216 = AXIS2_PLACEMENT_3D('',#15217,#15218,#15219);
#15217 = CARTESIAN_POINT('',(8.685,204.25,-4.6E-02));
#15218 = DIRECTION('',(-1.,0.,0.));
#15219 = DIRECTION('',(0.,1.,0.));
#15220 = ADVANCED_FACE('',(#15221),#15232,.F.);
#15221 = FACE_BOUND('',#15222,.T.);
#15222 = EDGE_LOOP('',(#15223,#15224,#15225,#15226));
#15223 = ORIENTED_EDGE('',*,*,#3477,.T.);
#15224 = ORIENTED_EDGE('',*,*,#15210,.T.);
#15225 = ORIENTED_EDGE('',*,*,#8426,.F.);
#15226 = ORIENTED_EDGE('',*,*,#15227,.F.);
#15227 = EDGE_CURVE('',#3470,#8419,#15228,.T.);
#15228 = LINE('',#15229,#15230);
#15229 = CARTESIAN_POINT('',(8.035,204.55,-4.6E-02));
#15230 = VECTOR('',#15231,1.);
#15231 = DIRECTION('',(0.,0.,1.));
#15232 = CYLINDRICAL_SURFACE('',#15233,0.325);
#15233 = AXIS2_PLACEMENT_3D('',#15234,#15235,#15236);
#15234 = CARTESIAN_POINT('',(8.36,204.55,-4.6E-02));
#15235 = DIRECTION('',(-0.,-0.,-1.));
#15236 = DIRECTION('',(1.,0.,-0.));
#15237 = ADVANCED_FACE('',(#15238),#15244,.T.);
#15238 = FACE_BOUND('',#15239,.T.);
#15239 = EDGE_LOOP('',(#15240,#15241,#15242,#15243));
#15240 = ORIENTED_EDGE('',*,*,#3469,.T.);
#15241 = ORIENTED_EDGE('',*,*,#15227,.T.);
#15242 = ORIENTED_EDGE('',*,*,#8418,.F.);
#15243 = ORIENTED_EDGE('',*,*,#15186,.F.);
#15244 = PLANE('',#15245);
#15245 = AXIS2_PLACEMENT_3D('',#15246,#15247,#15248);
#15246 = CARTESIAN_POINT('',(8.035,204.55,-4.6E-02));
#15247 = DIRECTION('',(1.,0.,-0.));
#15248 = DIRECTION('',(0.,-1.,0.));
#15249 = ADVANCED_FACE('',(#15250),#15266,.F.);
#15250 = FACE_BOUND('',#15251,.T.);
#15251 = EDGE_LOOP('',(#15252,#15253,#15259,#15260));
#15252 = ORIENTED_EDGE('',*,*,#3494,.T.);
#15253 = ORIENTED_EDGE('',*,*,#15254,.T.);
#15254 = EDGE_CURVE('',#3497,#8446,#15255,.T.);
#15255 = LINE('',#15256,#15257);
#15256 = CARTESIAN_POINT('',(0.86,212.74,-4.6E-02));
#15257 = VECTOR('',#15258,1.);
#15258 = DIRECTION('',(0.,0.,1.));
#15259 = ORIENTED_EDGE('',*,*,#8443,.F.);
#15260 = ORIENTED_EDGE('',*,*,#15261,.F.);
#15261 = EDGE_CURVE('',#3495,#8444,#15262,.T.);
#15262 = LINE('',#15263,#15264);
#15263 = CARTESIAN_POINT('',(0.86,212.24,-4.6E-02));
#15264 = VECTOR('',#15265,1.);
#15265 = DIRECTION('',(0.,0.,1.));
#15266 = CYLINDRICAL_SURFACE('',#15267,0.25);
#15267 = AXIS2_PLACEMENT_3D('',#15268,#15269,#15270);
#15268 = CARTESIAN_POINT('',(0.86,212.49,-4.6E-02));
#15269 = DIRECTION('',(-0.,0.,-1.));
#15270 = DIRECTION('',(0.,1.,0.));
#15271 = ADVANCED_FACE('',(#15272),#15283,.T.);
#15272 = FACE_BOUND('',#15273,.T.);
#15273 = EDGE_LOOP('',(#15274,#15275,#15276,#15277));
#15274 = ORIENTED_EDGE('',*,*,#3522,.T.);
#15275 = ORIENTED_EDGE('',*,*,#15261,.T.);
#15276 = ORIENTED_EDGE('',*,*,#8471,.F.);
#15277 = ORIENTED_EDGE('',*,*,#15278,.F.);
#15278 = EDGE_CURVE('',#3514,#8463,#15279,.T.);
#15279 = LINE('',#15280,#15281);
#15280 = CARTESIAN_POINT('',(1.46,212.24,-4.6E-02));
#15281 = VECTOR('',#15282,1.);
#15282 = DIRECTION('',(0.,0.,1.));
#15283 = PLANE('',#15284);
#15284 = AXIS2_PLACEMENT_3D('',#15285,#15286,#15287);
#15285 = CARTESIAN_POINT('',(0.86,212.24,-4.6E-02));
#15286 = DIRECTION('',(0.,1.,0.));
#15287 = DIRECTION('',(1.,0.,0.));
#15288 = ADVANCED_FACE('',(#15289),#15300,.F.);
#15289 = FACE_BOUND('',#15290,.T.);
#15290 = EDGE_LOOP('',(#15291,#15292,#15293,#15294));
#15291 = ORIENTED_EDGE('',*,*,#3513,.T.);
#15292 = ORIENTED_EDGE('',*,*,#15278,.T.);
#15293 = ORIENTED_EDGE('',*,*,#8462,.F.);
#15294 = ORIENTED_EDGE('',*,*,#15295,.F.);
#15295 = EDGE_CURVE('',#3506,#8455,#15296,.T.);
#15296 = LINE('',#15297,#15298);
#15297 = CARTESIAN_POINT('',(1.46,212.74,-4.6E-02));
#15298 = VECTOR('',#15299,1.);
#15299 = DIRECTION('',(0.,0.,1.));
#15300 = CYLINDRICAL_SURFACE('',#15301,0.25);
#15301 = AXIS2_PLACEMENT_3D('',#15302,#15303,#15304);
#15302 = CARTESIAN_POINT('',(1.46,212.49,-4.6E-02));
#15303 = DIRECTION('',(-0.,-0.,-1.));
#15304 = DIRECTION('',(-0.,-1.,0.));
#15305 = ADVANCED_FACE('',(#15306),#15312,.T.);
#15306 = FACE_BOUND('',#15307,.T.);
#15307 = EDGE_LOOP('',(#15308,#15309,#15310,#15311));
#15308 = ORIENTED_EDGE('',*,*,#3505,.T.);
#15309 = ORIENTED_EDGE('',*,*,#15295,.T.);
#15310 = ORIENTED_EDGE('',*,*,#8454,.F.);
#15311 = ORIENTED_EDGE('',*,*,#15254,.F.);
#15312 = PLANE('',#15313);
#15313 = AXIS2_PLACEMENT_3D('',#15314,#15315,#15316);
#15314 = CARTESIAN_POINT('',(1.46,212.74,-4.6E-02));
#15315 = DIRECTION('',(0.,-1.,0.));
#15316 = DIRECTION('',(-1.,0.,0.));
#15317 = ADVANCED_FACE('',(#15318),#15334,.F.);
#15318 = FACE_BOUND('',#15319,.T.);
#15319 = EDGE_LOOP('',(#15320,#15321,#15327,#15328));
#15320 = ORIENTED_EDGE('',*,*,#3530,.T.);
#15321 = ORIENTED_EDGE('',*,*,#15322,.T.);
#15322 = EDGE_CURVE('',#3533,#8482,#15323,.T.);
#15323 = LINE('',#15324,#15325);
#15324 = CARTESIAN_POINT('',(6.81,212.38,-4.6E-02));
#15325 = VECTOR('',#15326,1.);
#15326 = DIRECTION('',(0.,0.,1.));
#15327 = ORIENTED_EDGE('',*,*,#8479,.F.);
#15328 = ORIENTED_EDGE('',*,*,#15329,.F.);
#15329 = EDGE_CURVE('',#3531,#8480,#15330,.T.);
#15330 = LINE('',#15331,#15332);
#15331 = CARTESIAN_POINT('',(6.81,211.88,-4.6E-02));
#15332 = VECTOR('',#15333,1.);
#15333 = DIRECTION('',(0.,0.,1.));
#15334 = CYLINDRICAL_SURFACE('',#15335,0.25);
#15335 = AXIS2_PLACEMENT_3D('',#15336,#15337,#15338);
#15336 = CARTESIAN_POINT('',(6.81,212.13,-4.6E-02));
#15337 = DIRECTION('',(-0.,0.,-1.));
#15338 = DIRECTION('',(0.,1.,0.));
#15339 = ADVANCED_FACE('',(#15340),#15351,.T.);
#15340 = FACE_BOUND('',#15341,.T.);
#15341 = EDGE_LOOP('',(#15342,#15343,#15344,#15345));
#15342 = ORIENTED_EDGE('',*,*,#3558,.T.);
#15343 = ORIENTED_EDGE('',*,*,#15329,.T.);
#15344 = ORIENTED_EDGE('',*,*,#8507,.F.);
#15345 = ORIENTED_EDGE('',*,*,#15346,.F.);
#15346 = EDGE_CURVE('',#3550,#8499,#15347,.T.);
#15347 = LINE('',#15348,#15349);
#15348 = CARTESIAN_POINT('',(7.41,211.88,-4.6E-02));
#15349 = VECTOR('',#15350,1.);
#15350 = DIRECTION('',(0.,0.,1.));
#15351 = PLANE('',#15352);
#15352 = AXIS2_PLACEMENT_3D('',#15353,#15354,#15355);
#15353 = CARTESIAN_POINT('',(6.81,211.88,-4.6E-02));
#15354 = DIRECTION('',(0.,1.,0.));
#15355 = DIRECTION('',(1.,0.,0.));
#15356 = ADVANCED_FACE('',(#15357),#15368,.F.);
#15357 = FACE_BOUND('',#15358,.T.);
#15358 = EDGE_LOOP('',(#15359,#15360,#15361,#15362));
#15359 = ORIENTED_EDGE('',*,*,#3549,.T.);
#15360 = ORIENTED_EDGE('',*,*,#15346,.T.);
#15361 = ORIENTED_EDGE('',*,*,#8498,.F.);
#15362 = ORIENTED_EDGE('',*,*,#15363,.F.);
#15363 = EDGE_CURVE('',#3542,#8491,#15364,.T.);
#15364 = LINE('',#15365,#15366);
#15365 = CARTESIAN_POINT('',(7.41,212.38,-4.6E-02));
#15366 = VECTOR('',#15367,1.);
#15367 = DIRECTION('',(0.,0.,1.));
#15368 = CYLINDRICAL_SURFACE('',#15369,0.25);
#15369 = AXIS2_PLACEMENT_3D('',#15370,#15371,#15372);
#15370 = CARTESIAN_POINT('',(7.41,212.13,-4.6E-02));
#15371 = DIRECTION('',(-0.,-0.,-1.));
#15372 = DIRECTION('',(-0.,-1.,0.));
#15373 = ADVANCED_FACE('',(#15374),#15380,.T.);
#15374 = FACE_BOUND('',#15375,.T.);
#15375 = EDGE_LOOP('',(#15376,#15377,#15378,#15379));
#15376 = ORIENTED_EDGE('',*,*,#3541,.T.);
#15377 = ORIENTED_EDGE('',*,*,#15363,.T.);
#15378 = ORIENTED_EDGE('',*,*,#8490,.F.);
#15379 = ORIENTED_EDGE('',*,*,#15322,.F.);
#15380 = PLANE('',#15381);
#15381 = AXIS2_PLACEMENT_3D('',#15382,#15383,#15384);
#15382 = CARTESIAN_POINT('',(7.41,212.38,-4.6E-02));
#15383 = DIRECTION('',(0.,-1.,0.));
#15384 = DIRECTION('',(-1.,0.,0.));
#15385 = ADVANCED_FACE('',(#15386),#15397,.F.);
#15386 = FACE_BOUND('',#15387,.T.);
#15387 = EDGE_LOOP('',(#15388,#15389,#15395,#15396));
#15388 = ORIENTED_EDGE('',*,*,#3566,.T.);
#15389 = ORIENTED_EDGE('',*,*,#15390,.T.);
#15390 = EDGE_CURVE('',#3567,#8516,#15391,.T.);
#15391 = LINE('',#15392,#15393);
#15392 = CARTESIAN_POINT('',(8.36,211.275,-4.6E-02));
#15393 = VECTOR('',#15394,1.);
#15394 = DIRECTION('',(0.,0.,1.));
#15395 = ORIENTED_EDGE('',*,*,#8515,.F.);
#15396 = ORIENTED_EDGE('',*,*,#15390,.F.);
#15397 = CYLINDRICAL_SURFACE('',#15398,0.325);
#15398 = AXIS2_PLACEMENT_3D('',#15399,#15400,#15401);
#15399 = CARTESIAN_POINT('',(8.36,211.6,-4.6E-02));
#15400 = DIRECTION('',(-0.,-0.,-1.));
#15401 = DIRECTION('',(-0.,-1.,0.));
#15402 = ADVANCED_FACE('',(#15403),#15414,.F.);
#15403 = FACE_BOUND('',#15404,.T.);
#15404 = EDGE_LOOP('',(#15405,#15406,#15412,#15413));
#15405 = ORIENTED_EDGE('',*,*,#3577,.T.);
#15406 = ORIENTED_EDGE('',*,*,#15407,.T.);
#15407 = EDGE_CURVE('',#3578,#8527,#15408,.T.);
#15408 = LINE('',#15409,#15410);
#15409 = CARTESIAN_POINT('',(6.02,219.51,-4.6E-02));
#15410 = VECTOR('',#15411,1.);
#15411 = DIRECTION('',(0.,0.,1.));
#15412 = ORIENTED_EDGE('',*,*,#8526,.F.);
#15413 = ORIENTED_EDGE('',*,*,#15407,.F.);
#15414 = CYLINDRICAL_SURFACE('',#15415,0.5);
#15415 = AXIS2_PLACEMENT_3D('',#15416,#15417,#15418);
#15416 = CARTESIAN_POINT('',(6.02,220.01,-4.6E-02));
#15417 = DIRECTION('',(-0.,-0.,-1.));
#15418 = DIRECTION('',(-0.,-1.,0.));
#15419 = ADVANCED_FACE('',(#15420),#15431,.F.);
#15420 = FACE_BOUND('',#15421,.T.);
#15421 = EDGE_LOOP('',(#15422,#15423,#15429,#15430));
#15422 = ORIENTED_EDGE('',*,*,#3588,.T.);
#15423 = ORIENTED_EDGE('',*,*,#15424,.T.);
#15424 = EDGE_CURVE('',#3589,#8538,#15425,.T.);
#15425 = LINE('',#15426,#15427);
#15426 = CARTESIAN_POINT('',(6.02,222.05,-4.6E-02));
#15427 = VECTOR('',#15428,1.);
#15428 = DIRECTION('',(0.,0.,1.));
#15429 = ORIENTED_EDGE('',*,*,#8537,.F.);
#15430 = ORIENTED_EDGE('',*,*,#15424,.F.);
#15431 = CYLINDRICAL_SURFACE('',#15432,0.5);
#15432 = AXIS2_PLACEMENT_3D('',#15433,#15434,#15435);
#15433 = CARTESIAN_POINT('',(6.02,222.55,-4.6E-02));
#15434 = DIRECTION('',(-0.,-0.,-1.));
#15435 = DIRECTION('',(-0.,-1.,0.));
#15436 = ADVANCED_FACE('',(#15437),#15448,.F.);
#15437 = FACE_BOUND('',#15438,.T.);
#15438 = EDGE_LOOP('',(#15439,#15440,#15446,#15447));
#15439 = ORIENTED_EDGE('',*,*,#3599,.T.);
#15440 = ORIENTED_EDGE('',*,*,#15441,.T.);
#15441 = EDGE_CURVE('',#3600,#8549,#15442,.T.);
#15442 = LINE('',#15443,#15444);
#15443 = CARTESIAN_POINT('',(64.46,187.8431,-4.6E-02));
#15444 = VECTOR('',#15445,1.);
#15445 = DIRECTION('',(0.,0.,1.));
#15446 = ORIENTED_EDGE('',*,*,#8548,.F.);
#15447 = ORIENTED_EDGE('',*,*,#15441,.F.);
#15448 = CYLINDRICAL_SURFACE('',#15449,0.5969);
#15449 = AXIS2_PLACEMENT_3D('',#15450,#15451,#15452);
#15450 = CARTESIAN_POINT('',(64.46,188.44,-4.6E-02));
#15451 = DIRECTION('',(-0.,-0.,-1.));
#15452 = DIRECTION('',(-2.380776464266E-14,-1.,0.));
#15453 = ADVANCED_FACE('',(#15454),#15465,.F.);
#15454 = FACE_BOUND('',#15455,.T.);
#15455 = EDGE_LOOP('',(#15456,#15457,#15463,#15464));
#15456 = ORIENTED_EDGE('',*,*,#3610,.T.);
#15457 = ORIENTED_EDGE('',*,*,#15458,.T.);
#15458 = EDGE_CURVE('',#3611,#8560,#15459,.T.);
#15459 = LINE('',#15460,#15461);
#15460 = CARTESIAN_POINT('',(64.47,192.1031,-4.6E-02));
#15461 = VECTOR('',#15462,1.);
#15462 = DIRECTION('',(0.,0.,1.));
#15463 = ORIENTED_EDGE('',*,*,#8559,.F.);
#15464 = ORIENTED_EDGE('',*,*,#15458,.F.);
#15465 = CYLINDRICAL_SURFACE('',#15466,0.5969);
#15466 = AXIS2_PLACEMENT_3D('',#15467,#15468,#15469);
#15467 = CARTESIAN_POINT('',(64.47,192.7,-4.6E-02));
#15468 = DIRECTION('',(-0.,-0.,-1.));
#15469 = DIRECTION('',(-0.,-1.,0.));
#15470 = ADVANCED_FACE('',(#15471),#15482,.F.);
#15471 = FACE_BOUND('',#15472,.T.);
#15472 = EDGE_LOOP('',(#15473,#15474,#15480,#15481));
#15473 = ORIENTED_EDGE('',*,*,#3621,.T.);
#15474 = ORIENTED_EDGE('',*,*,#15475,.T.);
#15475 = EDGE_CURVE('',#3622,#8571,#15476,.T.);
#15476 = LINE('',#15477,#15478);
#15477 = CARTESIAN_POINT('',(64.47,197.1831,-4.6E-02));
#15478 = VECTOR('',#15479,1.);
#15479 = DIRECTION('',(0.,0.,1.));
#15480 = ORIENTED_EDGE('',*,*,#8570,.F.);
#15481 = ORIENTED_EDGE('',*,*,#15475,.F.);
#15482 = CYLINDRICAL_SURFACE('',#15483,0.5969);
#15483 = AXIS2_PLACEMENT_3D('',#15484,#15485,#15486);
#15484 = CARTESIAN_POINT('',(64.47,197.78,-4.6E-02));
#15485 = DIRECTION('',(-0.,-0.,-1.));
#15486 = DIRECTION('',(-0.,-1.,0.));
#15487 = ADVANCED_FACE('',(#15488),#15499,.F.);
#15488 = FACE_BOUND('',#15489,.T.);
#15489 = EDGE_LOOP('',(#15490,#15491,#15497,#15498));
#15490 = ORIENTED_EDGE('',*,*,#3632,.T.);
#15491 = ORIENTED_EDGE('',*,*,#15492,.T.);
#15492 = EDGE_CURVE('',#3633,#8582,#15493,.T.);
#15493 = LINE('',#15494,#15495);
#15494 = CARTESIAN_POINT('',(49.46,219.9131,-4.6E-02));
#15495 = VECTOR('',#15496,1.);
#15496 = DIRECTION('',(0.,0.,1.));
#15497 = ORIENTED_EDGE('',*,*,#8581,.F.);
#15498 = ORIENTED_EDGE('',*,*,#15492,.F.);
#15499 = CYLINDRICAL_SURFACE('',#15500,0.5969);
#15500 = AXIS2_PLACEMENT_3D('',#15501,#15502,#15503);
#15501 = CARTESIAN_POINT('',(49.46,220.51,-4.6E-02));
#15502 = DIRECTION('',(-0.,-0.,-1.));
#15503 = DIRECTION('',(-0.,-1.,0.));
#15504 = ADVANCED_FACE('',(#15505),#15516,.F.);
#15505 = FACE_BOUND('',#15506,.T.);
#15506 = EDGE_LOOP('',(#15507,#15508,#15514,#15515));
#15507 = ORIENTED_EDGE('',*,*,#3643,.T.);
#15508 = ORIENTED_EDGE('',*,*,#15509,.T.);
#15509 = EDGE_CURVE('',#3644,#8593,#15510,.T.);
#15510 = LINE('',#15511,#15512);
#15511 = CARTESIAN_POINT('',(54.54,219.9131,-4.6E-02));
#15512 = VECTOR('',#15513,1.);
#15513 = DIRECTION('',(0.,0.,1.));
#15514 = ORIENTED_EDGE('',*,*,#8592,.F.);
#15515 = ORIENTED_EDGE('',*,*,#15509,.F.);
#15516 = CYLINDRICAL_SURFACE('',#15517,0.5969);
#15517 = AXIS2_PLACEMENT_3D('',#15518,#15519,#15520);
#15518 = CARTESIAN_POINT('',(54.54,220.51,-4.6E-02));
#15519 = DIRECTION('',(-0.,-0.,-1.));
#15520 = DIRECTION('',(-0.,-1.,0.));
#15521 = ADVANCED_FACE('',(#15522),#15533,.F.);
#15522 = FACE_BOUND('',#15523,.T.);
#15523 = EDGE_LOOP('',(#15524,#15525,#15531,#15532));
#15524 = ORIENTED_EDGE('',*,*,#3654,.T.);
#15525 = ORIENTED_EDGE('',*,*,#15526,.T.);
#15526 = EDGE_CURVE('',#3655,#8604,#15527,.T.);
#15527 = LINE('',#15528,#15529);
#15528 = CARTESIAN_POINT('',(75.67,155.071231,-4.6E-02));
#15529 = VECTOR('',#15530,1.);
#15530 = DIRECTION('',(0.,0.,1.));
#15531 = ORIENTED_EDGE('',*,*,#8603,.F.);
#15532 = ORIENTED_EDGE('',*,*,#15526,.F.);
#15533 = CYLINDRICAL_SURFACE('',#15534,0.42);
#15534 = AXIS2_PLACEMENT_3D('',#15535,#15536,#15537);
#15535 = CARTESIAN_POINT('',(75.67,155.491231,-4.6E-02));
#15536 = DIRECTION('',(-0.,-0.,-1.));
#15537 = DIRECTION('',(-0.,-1.,0.));
#15538 = ADVANCED_FACE('',(#15539),#15550,.F.);
#15539 = FACE_BOUND('',#15540,.T.);
#15540 = EDGE_LOOP('',(#15541,#15542,#15548,#15549));
#15541 = ORIENTED_EDGE('',*,*,#3665,.T.);
#15542 = ORIENTED_EDGE('',*,*,#15543,.T.);
#15543 = EDGE_CURVE('',#3666,#8615,#15544,.T.);
#15544 = LINE('',#15545,#15546);
#15545 = CARTESIAN_POINT('',(75.67,157.611231,-4.6E-02));
#15546 = VECTOR('',#15547,1.);
#15547 = DIRECTION('',(0.,0.,1.));
#15548 = ORIENTED_EDGE('',*,*,#8614,.F.);
#15549 = ORIENTED_EDGE('',*,*,#15543,.F.);
#15550 = CYLINDRICAL_SURFACE('',#15551,0.42);
#15551 = AXIS2_PLACEMENT_3D('',#15552,#15553,#15554);
#15552 = CARTESIAN_POINT('',(75.67,158.031231,-4.6E-02));
#15553 = DIRECTION('',(-0.,-0.,-1.));
#15554 = DIRECTION('',(-0.,-1.,0.));
#15555 = ADVANCED_FACE('',(#15556),#15567,.F.);
#15556 = FACE_BOUND('',#15557,.T.);
#15557 = EDGE_LOOP('',(#15558,#15559,#15565,#15566));
#15558 = ORIENTED_EDGE('',*,*,#3676,.T.);
#15559 = ORIENTED_EDGE('',*,*,#15560,.T.);
#15560 = EDGE_CURVE('',#3677,#8626,#15561,.T.);
#15561 = LINE('',#15562,#15563);
#15562 = CARTESIAN_POINT('',(78.21,155.071231,-4.6E-02));
#15563 = VECTOR('',#15564,1.);
#15564 = DIRECTION('',(0.,0.,1.));
#15565 = ORIENTED_EDGE('',*,*,#8625,.F.);
#15566 = ORIENTED_EDGE('',*,*,#15560,.F.);
#15567 = CYLINDRICAL_SURFACE('',#15568,0.42);
#15568 = AXIS2_PLACEMENT_3D('',#15569,#15570,#15571);
#15569 = CARTESIAN_POINT('',(78.21,155.491231,-4.6E-02));
#15570 = DIRECTION('',(-0.,-0.,-1.));
#15571 = DIRECTION('',(-3.383536836953E-14,-1.,0.));
#15572 = ADVANCED_FACE('',(#15573),#15584,.F.);
#15573 = FACE_BOUND('',#15574,.T.);
#15574 = EDGE_LOOP('',(#15575,#15576,#15582,#15583));
#15575 = ORIENTED_EDGE('',*,*,#3687,.T.);
#15576 = ORIENTED_EDGE('',*,*,#15577,.T.);
#15577 = EDGE_CURVE('',#3688,#8637,#15578,.T.);
#15578 = LINE('',#15579,#15580);
#15579 = CARTESIAN_POINT('',(76.94,155.806231,-4.6E-02));
#15580 = VECTOR('',#15581,1.);
#15581 = DIRECTION('',(0.,0.,1.));
#15582 = ORIENTED_EDGE('',*,*,#8636,.F.);
#15583 = ORIENTED_EDGE('',*,*,#15577,.F.);
#15584 = CYLINDRICAL_SURFACE('',#15585,0.32);
#15585 = AXIS2_PLACEMENT_3D('',#15586,#15587,#15588);
#15586 = CARTESIAN_POINT('',(76.94,156.126231,-4.6E-02));
#15587 = DIRECTION('',(-0.,-0.,-1.));
#15588 = DIRECTION('',(-0.,-1.,0.));
#15589 = ADVANCED_FACE('',(#15590),#15601,.F.);
#15590 = FACE_BOUND('',#15591,.T.);
#15591 = EDGE_LOOP('',(#15592,#15593,#15599,#15600));
#15592 = ORIENTED_EDGE('',*,*,#3698,.T.);
#15593 = ORIENTED_EDGE('',*,*,#15594,.T.);
#15594 = EDGE_CURVE('',#3699,#8648,#15595,.T.);
#15595 = LINE('',#15596,#15597);
#15596 = CARTESIAN_POINT('',(76.94,157.076231,-4.6E-02));
#15597 = VECTOR('',#15598,1.);
#15598 = DIRECTION('',(0.,0.,1.));
#15599 = ORIENTED_EDGE('',*,*,#8647,.F.);
#15600 = ORIENTED_EDGE('',*,*,#15594,.F.);
#15601 = CYLINDRICAL_SURFACE('',#15602,0.32);
#15602 = AXIS2_PLACEMENT_3D('',#15603,#15604,#15605);
#15603 = CARTESIAN_POINT('',(76.94,157.396231,-4.6E-02));
#15604 = DIRECTION('',(-0.,-0.,-1.));
#15605 = DIRECTION('',(-0.,-1.,0.));
#15606 = ADVANCED_FACE('',(#15607),#15618,.F.);
#15607 = FACE_BOUND('',#15608,.T.);
#15608 = EDGE_LOOP('',(#15609,#15610,#15616,#15617));
#15609 = ORIENTED_EDGE('',*,*,#3709,.T.);
#15610 = ORIENTED_EDGE('',*,*,#15611,.T.);
#15611 = EDGE_CURVE('',#3710,#8659,#15612,.T.);
#15612 = LINE('',#15613,#15614);
#15613 = CARTESIAN_POINT('',(78.21,157.611231,-4.6E-02));
#15614 = VECTOR('',#15615,1.);
#15615 = DIRECTION('',(0.,0.,1.));
#15616 = ORIENTED_EDGE('',*,*,#8658,.F.);
#15617 = ORIENTED_EDGE('',*,*,#15611,.F.);
#15618 = CYLINDRICAL_SURFACE('',#15619,0.42);
#15619 = AXIS2_PLACEMENT_3D('',#15620,#15621,#15622);
#15620 = CARTESIAN_POINT('',(78.21,158.031231,-4.6E-02));
#15621 = DIRECTION('',(-0.,-0.,-1.));
#15622 = DIRECTION('',(-3.383536836953E-14,-1.,0.));
#15623 = ADVANCED_FACE('',(#15624),#15635,.F.);
#15624 = FACE_BOUND('',#15625,.T.);
#15625 = EDGE_LOOP('',(#15626,#15627,#15633,#15634));
#15626 = ORIENTED_EDGE('',*,*,#3720,.T.);
#15627 = ORIENTED_EDGE('',*,*,#15628,.T.);
#15628 = EDGE_CURVE('',#3721,#8670,#15629,.T.);
#15629 = LINE('',#15630,#15631);
#15630 = CARTESIAN_POINT('',(69.54,182.7631,-4.6E-02));
#15631 = VECTOR('',#15632,1.);
#15632 = DIRECTION('',(0.,0.,1.));
#15633 = ORIENTED_EDGE('',*,*,#8669,.F.);
#15634 = ORIENTED_EDGE('',*,*,#15628,.F.);
#15635 = CYLINDRICAL_SURFACE('',#15636,0.5969);
#15636 = AXIS2_PLACEMENT_3D('',#15637,#15638,#15639);
#15637 = CARTESIAN_POINT('',(69.54,183.36,-4.6E-02));
#15638 = DIRECTION('',(-0.,0.,-1.));
#15639 = DIRECTION('',(2.380776464266E-14,-1.,-0.));
#15640 = ADVANCED_FACE('',(#15641),#15652,.F.);
#15641 = FACE_BOUND('',#15642,.T.);
#15642 = EDGE_LOOP('',(#15643,#15644,#15650,#15651));
#15643 = ORIENTED_EDGE('',*,*,#3731,.T.);
#15644 = ORIENTED_EDGE('',*,*,#15645,.T.);
#15645 = EDGE_CURVE('',#3732,#8681,#15646,.T.);
#15646 = LINE('',#15647,#15648);
#15647 = CARTESIAN_POINT('',(73.93,178.13,-4.6E-02));
#15648 = VECTOR('',#15649,1.);
#15649 = DIRECTION('',(0.,0.,1.));
#15650 = ORIENTED_EDGE('',*,*,#8680,.F.);
#15651 = ORIENTED_EDGE('',*,*,#15645,.F.);
#15652 = CYLINDRICAL_SURFACE('',#15653,0.42);
#15653 = AXIS2_PLACEMENT_3D('',#15654,#15655,#15656);
#15654 = CARTESIAN_POINT('',(73.93,178.55,-4.6E-02));
#15655 = DIRECTION('',(-0.,-0.,-1.));
#15656 = DIRECTION('',(-0.,-1.,0.));
#15657 = ADVANCED_FACE('',(#15658),#15669,.F.);
#15658 = FACE_BOUND('',#15659,.T.);
#15659 = EDGE_LOOP('',(#15660,#15661,#15667,#15668));
#15660 = ORIENTED_EDGE('',*,*,#3742,.T.);
#15661 = ORIENTED_EDGE('',*,*,#15662,.T.);
#15662 = EDGE_CURVE('',#3743,#8692,#15663,.T.);
#15663 = LINE('',#15664,#15665);
#15664 = CARTESIAN_POINT('',(76.47,178.13,-4.6E-02));
#15665 = VECTOR('',#15666,1.);
#15666 = DIRECTION('',(0.,0.,1.));
#15667 = ORIENTED_EDGE('',*,*,#8691,.F.);
#15668 = ORIENTED_EDGE('',*,*,#15662,.F.);
#15669 = CYLINDRICAL_SURFACE('',#15670,0.42);
#15670 = AXIS2_PLACEMENT_3D('',#15671,#15672,#15673);
#15671 = CARTESIAN_POINT('',(76.47,178.55,-4.6E-02));
#15672 = DIRECTION('',(-0.,-0.,-1.));
#15673 = DIRECTION('',(-0.,-1.,0.));
#15674 = ADVANCED_FACE('',(#15675),#15686,.F.);
#15675 = FACE_BOUND('',#15676,.T.);
#15676 = EDGE_LOOP('',(#15677,#15678,#15684,#15685));
#15677 = ORIENTED_EDGE('',*,*,#3753,.T.);
#15678 = ORIENTED_EDGE('',*,*,#15679,.T.);
#15679 = EDGE_CURVE('',#3754,#8703,#15680,.T.);
#15680 = LINE('',#15681,#15682);
#15681 = CARTESIAN_POINT('',(75.2,178.865,-4.6E-02));
#15682 = VECTOR('',#15683,1.);
#15683 = DIRECTION('',(0.,0.,1.));
#15684 = ORIENTED_EDGE('',*,*,#8702,.F.);
#15685 = ORIENTED_EDGE('',*,*,#15679,.F.);
#15686 = CYLINDRICAL_SURFACE('',#15687,0.32);
#15687 = AXIS2_PLACEMENT_3D('',#15688,#15689,#15690);
#15688 = CARTESIAN_POINT('',(75.2,179.185,-4.6E-02));
#15689 = DIRECTION('',(-0.,0.,-1.));
#15690 = DIRECTION('',(4.4408920985E-14,-1.,-0.));
#15691 = ADVANCED_FACE('',(#15692),#15703,.F.);
#15692 = FACE_BOUND('',#15693,.T.);
#15693 = EDGE_LOOP('',(#15694,#15695,#15701,#15702));
#15694 = ORIENTED_EDGE('',*,*,#3764,.T.);
#15695 = ORIENTED_EDGE('',*,*,#15696,.T.);
#15696 = EDGE_CURVE('',#3765,#8714,#15697,.T.);
#15697 = LINE('',#15698,#15699);
#15698 = CARTESIAN_POINT('',(73.93,180.67,-4.6E-02));
#15699 = VECTOR('',#15700,1.);
#15700 = DIRECTION('',(0.,0.,1.));
#15701 = ORIENTED_EDGE('',*,*,#8713,.F.);
#15702 = ORIENTED_EDGE('',*,*,#15696,.F.);
#15703 = CYLINDRICAL_SURFACE('',#15704,0.42);
#15704 = AXIS2_PLACEMENT_3D('',#15705,#15706,#15707);
#15705 = CARTESIAN_POINT('',(73.93,181.09,-4.6E-02));
#15706 = DIRECTION('',(-0.,-0.,-1.));
#15707 = DIRECTION('',(-0.,-1.,0.));
#15708 = ADVANCED_FACE('',(#15709),#15720,.F.);
#15709 = FACE_BOUND('',#15710,.T.);
#15710 = EDGE_LOOP('',(#15711,#15712,#15718,#15719));
#15711 = ORIENTED_EDGE('',*,*,#3775,.T.);
#15712 = ORIENTED_EDGE('',*,*,#15713,.T.);
#15713 = EDGE_CURVE('',#3776,#8725,#15714,.T.);
#15714 = LINE('',#15715,#15716);
#15715 = CARTESIAN_POINT('',(75.2,180.135,-4.6E-02));
#15716 = VECTOR('',#15717,1.);
#15717 = DIRECTION('',(0.,0.,1.));
#15718 = ORIENTED_EDGE('',*,*,#8724,.F.);
#15719 = ORIENTED_EDGE('',*,*,#15713,.F.);
#15720 = CYLINDRICAL_SURFACE('',#15721,0.32);
#15721 = AXIS2_PLACEMENT_3D('',#15722,#15723,#15724);
#15722 = CARTESIAN_POINT('',(75.2,180.455,-4.6E-02));
#15723 = DIRECTION('',(-0.,0.,-1.));
#15724 = DIRECTION('',(4.4408920985E-14,-1.,-0.));
#15725 = ADVANCED_FACE('',(#15726),#15737,.F.);
#15726 = FACE_BOUND('',#15727,.T.);
#15727 = EDGE_LOOP('',(#15728,#15729,#15735,#15736));
#15728 = ORIENTED_EDGE('',*,*,#3786,.T.);
#15729 = ORIENTED_EDGE('',*,*,#15730,.T.);
#15730 = EDGE_CURVE('',#3787,#8736,#15731,.T.);
#15731 = LINE('',#15732,#15733);
#15732 = CARTESIAN_POINT('',(76.47,180.67,-4.6E-02));
#15733 = VECTOR('',#15734,1.);
#15734 = DIRECTION('',(0.,0.,1.));
#15735 = ORIENTED_EDGE('',*,*,#8735,.F.);
#15736 = ORIENTED_EDGE('',*,*,#15730,.F.);
#15737 = CYLINDRICAL_SURFACE('',#15738,0.42);
#15738 = AXIS2_PLACEMENT_3D('',#15739,#15740,#15741);
#15739 = CARTESIAN_POINT('',(76.47,181.09,-4.6E-02));
#15740 = DIRECTION('',(-0.,-0.,-1.));
#15741 = DIRECTION('',(-0.,-1.,0.));
#15742 = ADVANCED_FACE('',(#15743),#15754,.F.);
#15743 = FACE_BOUND('',#15744,.T.);
#15744 = EDGE_LOOP('',(#15745,#15746,#15752,#15753));
#15745 = ORIENTED_EDGE('',*,*,#3797,.T.);
#15746 = ORIENTED_EDGE('',*,*,#15747,.T.);
#15747 = EDGE_CURVE('',#3798,#8747,#15748,.T.);
#15748 = LINE('',#15749,#15750);
#15749 = CARTESIAN_POINT('',(128.7,152.135202,-4.6E-02));
#15750 = VECTOR('',#15751,1.);
#15751 = DIRECTION('',(0.,0.,1.));
#15752 = ORIENTED_EDGE('',*,*,#8746,.F.);
#15753 = ORIENTED_EDGE('',*,*,#15747,.F.);
#15754 = CYLINDRICAL_SURFACE('',#15755,0.5969);
#15755 = AXIS2_PLACEMENT_3D('',#15756,#15757,#15758);
#15756 = CARTESIAN_POINT('',(128.7,152.732102,-4.6E-02));
#15757 = DIRECTION('',(-0.,-0.,-1.));
#15758 = DIRECTION('',(-0.,-1.,0.));
#15759 = ADVANCED_FACE('',(#15760),#15771,.F.);
#15760 = FACE_BOUND('',#15761,.T.);
#15761 = EDGE_LOOP('',(#15762,#15763,#15769,#15770));
#15762 = ORIENTED_EDGE('',*,*,#3808,.T.);
#15763 = ORIENTED_EDGE('',*,*,#15764,.T.);
#15764 = EDGE_CURVE('',#3809,#8758,#15765,.T.);
#15765 = LINE('',#15766,#15767);
#15766 = CARTESIAN_POINT('',(69.54,187.8431,-4.6E-02));
#15767 = VECTOR('',#15768,1.);
#15768 = DIRECTION('',(0.,0.,1.));
#15769 = ORIENTED_EDGE('',*,*,#8757,.F.);
#15770 = ORIENTED_EDGE('',*,*,#15764,.F.);
#15771 = CYLINDRICAL_SURFACE('',#15772,0.5969);
#15772 = AXIS2_PLACEMENT_3D('',#15773,#15774,#15775);
#15773 = CARTESIAN_POINT('',(69.54,188.44,-4.6E-02));
#15774 = DIRECTION('',(-0.,0.,-1.));
#15775 = DIRECTION('',(2.380776464266E-14,-1.,-0.));
#15776 = ADVANCED_FACE('',(#15777),#15788,.F.);
#15777 = FACE_BOUND('',#15778,.T.);
#15778 = EDGE_LOOP('',(#15779,#15780,#15786,#15787));
#15779 = ORIENTED_EDGE('',*,*,#3819,.T.);
#15780 = ORIENTED_EDGE('',*,*,#15781,.T.);
#15781 = EDGE_CURVE('',#3820,#8769,#15782,.T.);
#15782 = LINE('',#15783,#15784);
#15783 = CARTESIAN_POINT('',(69.55,192.1031,-4.6E-02));
#15784 = VECTOR('',#15785,1.);
#15785 = DIRECTION('',(0.,0.,1.));
#15786 = ORIENTED_EDGE('',*,*,#8768,.F.);
#15787 = ORIENTED_EDGE('',*,*,#15781,.F.);
#15788 = CYLINDRICAL_SURFACE('',#15789,0.5969);
#15789 = AXIS2_PLACEMENT_3D('',#15790,#15791,#15792);
#15790 = CARTESIAN_POINT('',(69.55,192.7,-4.6E-02));
#15791 = DIRECTION('',(-0.,-0.,-1.));
#15792 = DIRECTION('',(-2.380776464266E-14,-1.,0.));
#15793 = ADVANCED_FACE('',(#15794),#15805,.F.);
#15794 = FACE_BOUND('',#15795,.T.);
#15795 = EDGE_LOOP('',(#15796,#15797,#15803,#15804));
#15796 = ORIENTED_EDGE('',*,*,#3830,.T.);
#15797 = ORIENTED_EDGE('',*,*,#15798,.T.);
#15798 = EDGE_CURVE('',#3831,#8780,#15799,.T.);
#15799 = LINE('',#15800,#15801);
#15800 = CARTESIAN_POINT('',(78.5,189.722,-4.6E-02));
#15801 = VECTOR('',#15802,1.);
#15802 = DIRECTION('',(0.,0.,1.));
#15803 = ORIENTED_EDGE('',*,*,#8779,.F.);
#15804 = ORIENTED_EDGE('',*,*,#15798,.F.);
#15805 = CYLINDRICAL_SURFACE('',#15806,0.508);
#15806 = AXIS2_PLACEMENT_3D('',#15807,#15808,#15809);
#15807 = CARTESIAN_POINT('',(78.5,190.23,-4.6E-02));
#15808 = DIRECTION('',(-0.,-0.,-1.));
#15809 = DIRECTION('',(-0.,-1.,0.));
#15810 = ADVANCED_FACE('',(#15811),#15822,.F.);
#15811 = FACE_BOUND('',#15812,.T.);
#15812 = EDGE_LOOP('',(#15813,#15814,#15820,#15821));
#15813 = ORIENTED_EDGE('',*,*,#3841,.T.);
#15814 = ORIENTED_EDGE('',*,*,#15815,.T.);
#15815 = EDGE_CURVE('',#3842,#8791,#15816,.T.);
#15816 = LINE('',#15817,#15818);
#15817 = CARTESIAN_POINT('',(78.5,192.262,-4.6E-02));
#15818 = VECTOR('',#15819,1.);
#15819 = DIRECTION('',(0.,0.,1.));
#15820 = ORIENTED_EDGE('',*,*,#8790,.F.);
#15821 = ORIENTED_EDGE('',*,*,#15815,.F.);
#15822 = CYLINDRICAL_SURFACE('',#15823,0.508);
#15823 = AXIS2_PLACEMENT_3D('',#15824,#15825,#15826);
#15824 = CARTESIAN_POINT('',(78.5,192.77,-4.6E-02));
#15825 = DIRECTION('',(-0.,-0.,-1.));
#15826 = DIRECTION('',(-0.,-1.,0.));
#15827 = ADVANCED_FACE('',(#15828),#15839,.F.);
#15828 = FACE_BOUND('',#15829,.T.);
#15829 = EDGE_LOOP('',(#15830,#15831,#15837,#15838));
#15830 = ORIENTED_EDGE('',*,*,#3852,.T.);
#15831 = ORIENTED_EDGE('',*,*,#15832,.T.);
#15832 = EDGE_CURVE('',#3853,#8802,#15833,.T.);
#15833 = LINE('',#15834,#15835);
#15834 = CARTESIAN_POINT('',(69.55,197.1831,-4.6E-02));
#15835 = VECTOR('',#15836,1.);
#15836 = DIRECTION('',(0.,0.,1.));
#15837 = ORIENTED_EDGE('',*,*,#8801,.F.);
#15838 = ORIENTED_EDGE('',*,*,#15832,.F.);
#15839 = CYLINDRICAL_SURFACE('',#15840,0.5969);
#15840 = AXIS2_PLACEMENT_3D('',#15841,#15842,#15843);
#15841 = CARTESIAN_POINT('',(69.55,197.78,-4.6E-02));
#15842 = DIRECTION('',(-0.,-0.,-1.));
#15843 = DIRECTION('',(-2.380776464266E-14,-1.,0.));
#15844 = ADVANCED_FACE('',(#15845),#15856,.F.);
#15845 = FACE_BOUND('',#15846,.T.);
#15846 = EDGE_LOOP('',(#15847,#15848,#15854,#15855));
#15847 = ORIENTED_EDGE('',*,*,#3863,.T.);
#15848 = ORIENTED_EDGE('',*,*,#15849,.T.);
#15849 = EDGE_CURVE('',#3864,#8813,#15850,.T.);
#15850 = LINE('',#15851,#15852);
#15851 = CARTESIAN_POINT('',(79.96,218.6731,-4.6E-02));
#15852 = VECTOR('',#15853,1.);
#15853 = DIRECTION('',(0.,0.,1.));
#15854 = ORIENTED_EDGE('',*,*,#8812,.F.);
#15855 = ORIENTED_EDGE('',*,*,#15849,.F.);
#15856 = CYLINDRICAL_SURFACE('',#15857,0.5969);
#15857 = AXIS2_PLACEMENT_3D('',#15858,#15859,#15860);
#15858 = CARTESIAN_POINT('',(79.96,219.27,-4.6E-02));
#15859 = DIRECTION('',(-0.,-0.,-1.));
#15860 = DIRECTION('',(-2.380776464266E-14,-1.,0.));
#15861 = ADVANCED_FACE('',(#15862),#15873,.F.);
#15862 = FACE_BOUND('',#15863,.T.);
#15863 = EDGE_LOOP('',(#15864,#15865,#15871,#15872));
#15864 = ORIENTED_EDGE('',*,*,#3874,.T.);
#15865 = ORIENTED_EDGE('',*,*,#15866,.T.);
#15866 = EDGE_CURVE('',#3875,#8824,#15867,.T.);
#15867 = LINE('',#15868,#15869);
#15868 = CARTESIAN_POINT('',(85.04,218.6731,-4.6E-02));
#15869 = VECTOR('',#15870,1.);
#15870 = DIRECTION('',(0.,0.,1.));
#15871 = ORIENTED_EDGE('',*,*,#8823,.F.);
#15872 = ORIENTED_EDGE('',*,*,#15866,.F.);
#15873 = CYLINDRICAL_SURFACE('',#15874,0.5969);
#15874 = AXIS2_PLACEMENT_3D('',#15875,#15876,#15877);
#15875 = CARTESIAN_POINT('',(85.04,219.27,-4.6E-02));
#15876 = DIRECTION('',(-0.,0.,-1.));
#15877 = DIRECTION('',(2.380776464266E-14,-1.,-0.));
#15878 = ADVANCED_FACE('',(#15879),#15890,.F.);
#15879 = FACE_BOUND('',#15880,.T.);
#15880 = EDGE_LOOP('',(#15881,#15882,#15888,#15889));
#15881 = ORIENTED_EDGE('',*,*,#3885,.T.);
#15882 = ORIENTED_EDGE('',*,*,#15883,.T.);
#15883 = EDGE_CURVE('',#3886,#8835,#15884,.T.);
#15884 = LINE('',#15885,#15886);
#15885 = CARTESIAN_POINT('',(127.447898,210.0931,-4.6E-02));
#15886 = VECTOR('',#15887,1.);
#15887 = DIRECTION('',(0.,0.,1.));
#15888 = ORIENTED_EDGE('',*,*,#8834,.F.);
#15889 = ORIENTED_EDGE('',*,*,#15883,.F.);
#15890 = CYLINDRICAL_SURFACE('',#15891,0.5969);
#15891 = AXIS2_PLACEMENT_3D('',#15892,#15893,#15894);
#15892 = CARTESIAN_POINT('',(127.447898,210.69,-4.6E-02));
#15893 = DIRECTION('',(-0.,-0.,-1.));
#15894 = DIRECTION('',(-0.,-1.,0.));
#15895 = ADVANCED_FACE('',(#15896),#15907,.F.);
#15896 = FACE_BOUND('',#15897,.T.);
#15897 = EDGE_LOOP('',(#15898,#15899,#15905,#15906));
#15898 = ORIENTED_EDGE('',*,*,#3896,.T.);
#15899 = ORIENTED_EDGE('',*,*,#15900,.T.);
#15900 = EDGE_CURVE('',#3897,#8846,#15901,.T.);
#15901 = LINE('',#15902,#15903);
#15902 = CARTESIAN_POINT('',(125.599166,222.954693,-4.6E-02));
#15903 = VECTOR('',#15904,1.);
#15904 = DIRECTION('',(0.,0.,1.));
#15905 = ORIENTED_EDGE('',*,*,#8845,.F.);
#15906 = ORIENTED_EDGE('',*,*,#15900,.F.);
#15907 = CYLINDRICAL_SURFACE('',#15908,0.5969);
#15908 = AXIS2_PLACEMENT_3D('',#15909,#15910,#15911);
#15909 = CARTESIAN_POINT('',(125.599166,223.551593,-4.6E-02));
#15910 = DIRECTION('',(-0.,-0.,-1.));
#15911 = DIRECTION('',(-0.,-1.,0.));
#15912 = ADVANCED_FACE('',(#15913),#15924,.F.);
#15913 = FACE_BOUND('',#15914,.T.);
#15914 = EDGE_LOOP('',(#15915,#15916,#15922,#15923));
#15915 = ORIENTED_EDGE('',*,*,#3907,.T.);
#15916 = ORIENTED_EDGE('',*,*,#15917,.T.);
#15917 = EDGE_CURVE('',#3908,#8857,#15918,.T.);
#15918 = LINE('',#15919,#15920);
#15919 = CARTESIAN_POINT('',(4.62,251.88,-4.6E-02));
#15920 = VECTOR('',#15921,1.);
#15921 = DIRECTION('',(0.,0.,1.));
#15922 = ORIENTED_EDGE('',*,*,#8856,.F.);
#15923 = ORIENTED_EDGE('',*,*,#15917,.F.);
#15924 = CYLINDRICAL_SURFACE('',#15925,0.5);
#15925 = AXIS2_PLACEMENT_3D('',#15926,#15927,#15928);
#15926 = CARTESIAN_POINT('',(4.62,252.38,-4.6E-02));
#15927 = DIRECTION('',(-0.,-0.,-1.));
#15928 = DIRECTION('',(-0.,-1.,0.));
#15929 = ADVANCED_FACE('',(#15930),#15941,.F.);
#15930 = FACE_BOUND('',#15931,.T.);
#15931 = EDGE_LOOP('',(#15932,#15933,#15939,#15940));
#15932 = ORIENTED_EDGE('',*,*,#3918,.T.);
#15933 = ORIENTED_EDGE('',*,*,#15934,.T.);
#15934 = EDGE_CURVE('',#3919,#8868,#15935,.T.);
#15935 = LINE('',#15936,#15937);
#15936 = CARTESIAN_POINT('',(4.62,254.42,-4.6E-02));
#15937 = VECTOR('',#15938,1.);
#15938 = DIRECTION('',(0.,0.,1.));
#15939 = ORIENTED_EDGE('',*,*,#8867,.F.);
#15940 = ORIENTED_EDGE('',*,*,#15934,.F.);
#15941 = CYLINDRICAL_SURFACE('',#15942,0.5);
#15942 = AXIS2_PLACEMENT_3D('',#15943,#15944,#15945);
#15943 = CARTESIAN_POINT('',(4.62,254.92,-4.6E-02));
#15944 = DIRECTION('',(-0.,-0.,-1.));
#15945 = DIRECTION('',(-0.,-1.,0.));
#15946 = ADVANCED_FACE('',(#15947),#15958,.F.);
#15947 = FACE_BOUND('',#15948,.T.);
#15948 = EDGE_LOOP('',(#15949,#15950,#15956,#15957));
#15949 = ORIENTED_EDGE('',*,*,#3929,.T.);
#15950 = ORIENTED_EDGE('',*,*,#15951,.T.);
#15951 = EDGE_CURVE('',#3930,#8879,#15952,.T.);
#15952 = LINE('',#15953,#15954);
#15953 = CARTESIAN_POINT('',(49.46,224.9931,-4.6E-02));
#15954 = VECTOR('',#15955,1.);
#15955 = DIRECTION('',(0.,0.,1.));
#15956 = ORIENTED_EDGE('',*,*,#8878,.F.);
#15957 = ORIENTED_EDGE('',*,*,#15951,.F.);
#15958 = CYLINDRICAL_SURFACE('',#15959,0.5969);
#15959 = AXIS2_PLACEMENT_3D('',#15960,#15961,#15962);
#15960 = CARTESIAN_POINT('',(49.46,225.59,-4.6E-02));
#15961 = DIRECTION('',(-0.,-0.,-1.));
#15962 = DIRECTION('',(-0.,-1.,0.));
#15963 = ADVANCED_FACE('',(#15964),#15975,.F.);
#15964 = FACE_BOUND('',#15965,.T.);
#15965 = EDGE_LOOP('',(#15966,#15967,#15973,#15974));
#15966 = ORIENTED_EDGE('',*,*,#3940,.T.);
#15967 = ORIENTED_EDGE('',*,*,#15968,.T.);
#15968 = EDGE_CURVE('',#3941,#8890,#15969,.T.);
#15969 = LINE('',#15970,#15971);
#15970 = CARTESIAN_POINT('',(54.54,224.9931,-4.6E-02));
#15971 = VECTOR('',#15972,1.);
#15972 = DIRECTION('',(0.,0.,1.));
#15973 = ORIENTED_EDGE('',*,*,#8889,.F.);
#15974 = ORIENTED_EDGE('',*,*,#15968,.F.);
#15975 = CYLINDRICAL_SURFACE('',#15976,0.5969);
#15976 = AXIS2_PLACEMENT_3D('',#15977,#15978,#15979);
#15977 = CARTESIAN_POINT('',(54.54,225.59,-4.6E-02));
#15978 = DIRECTION('',(-0.,-0.,-1.));
#15979 = DIRECTION('',(-0.,-1.,0.));
#15980 = ADVANCED_FACE('',(#15981),#15992,.F.);
#15981 = FACE_BOUND('',#15982,.T.);
#15982 = EDGE_LOOP('',(#15983,#15984,#15990,#15991));
#15983 = ORIENTED_EDGE('',*,*,#3951,.T.);
#15984 = ORIENTED_EDGE('',*,*,#15985,.T.);
#15985 = EDGE_CURVE('',#3952,#8901,#15986,.T.);
#15986 = LINE('',#15987,#15988);
#15987 = CARTESIAN_POINT('',(4.,294.4,-4.6E-02));
#15988 = VECTOR('',#15989,1.);
#15989 = DIRECTION('',(0.,0.,1.));
#15990 = ORIENTED_EDGE('',*,*,#8900,.F.);
#15991 = ORIENTED_EDGE('',*,*,#15985,.F.);
#15992 = CYLINDRICAL_SURFACE('',#15993,1.6);
#15993 = AXIS2_PLACEMENT_3D('',#15994,#15995,#15996);
#15994 = CARTESIAN_POINT('',(4.,296.,-4.6E-02));
#15995 = DIRECTION('',(-0.,-0.,-1.));
#15996 = DIRECTION('',(-0.,-1.,0.));
#15997 = ADVANCED_FACE('',(#15998),#16009,.F.);
#15998 = FACE_BOUND('',#15999,.T.);
#15999 = EDGE_LOOP('',(#16000,#16001,#16007,#16008));
#16000 = ORIENTED_EDGE('',*,*,#3962,.T.);
#16001 = ORIENTED_EDGE('',*,*,#16002,.T.);
#16002 = EDGE_CURVE('',#3963,#8912,#16003,.T.);
#16003 = LINE('',#16004,#16005);
#16004 = CARTESIAN_POINT('',(79.96,223.7531,-4.6E-02));
#16005 = VECTOR('',#16006,1.);
#16006 = DIRECTION('',(0.,0.,1.));
#16007 = ORIENTED_EDGE('',*,*,#8911,.F.);
#16008 = ORIENTED_EDGE('',*,*,#16002,.F.);
#16009 = CYLINDRICAL_SURFACE('',#16010,0.5969);
#16010 = AXIS2_PLACEMENT_3D('',#16011,#16012,#16013);
#16011 = CARTESIAN_POINT('',(79.96,224.35,-4.6E-02));
#16012 = DIRECTION('',(-0.,-0.,-1.));
#16013 = DIRECTION('',(-2.380776464266E-14,-1.,0.));
#16014 = ADVANCED_FACE('',(#16015),#16026,.F.);
#16015 = FACE_BOUND('',#16016,.T.);
#16016 = EDGE_LOOP('',(#16017,#16018,#16024,#16025));
#16017 = ORIENTED_EDGE('',*,*,#3973,.T.);
#16018 = ORIENTED_EDGE('',*,*,#16019,.T.);
#16019 = EDGE_CURVE('',#3974,#8923,#16020,.T.);
#16020 = LINE('',#16021,#16022);
#16021 = CARTESIAN_POINT('',(85.04,223.7531,-4.6E-02));
#16022 = VECTOR('',#16023,1.);
#16023 = DIRECTION('',(0.,0.,1.));
#16024 = ORIENTED_EDGE('',*,*,#8922,.F.);
#16025 = ORIENTED_EDGE('',*,*,#16019,.F.);
#16026 = CYLINDRICAL_SURFACE('',#16027,0.5969);
#16027 = AXIS2_PLACEMENT_3D('',#16028,#16029,#16030);
#16028 = CARTESIAN_POINT('',(85.04,224.35,-4.6E-02));
#16029 = DIRECTION('',(-0.,0.,-1.));
#16030 = DIRECTION('',(2.380776464266E-14,-1.,-0.));
#16031 = ADVANCED_FACE('',(#16032),#16043,.F.);
#16032 = FACE_BOUND('',#16033,.T.);
#16033 = EDGE_LOOP('',(#16034,#16035,#16041,#16042));
#16034 = ORIENTED_EDGE('',*,*,#3984,.T.);
#16035 = ORIENTED_EDGE('',*,*,#16036,.T.);
#16036 = EDGE_CURVE('',#3985,#8934,#16037,.T.);
#16037 = LINE('',#16038,#16039);
#16038 = CARTESIAN_POINT('',(116.,248.4,-4.6E-02));
#16039 = VECTOR('',#16040,1.);
#16040 = DIRECTION('',(0.,0.,1.));
#16041 = ORIENTED_EDGE('',*,*,#8933,.F.);
#16042 = ORIENTED_EDGE('',*,*,#16036,.F.);
#16043 = CYLINDRICAL_SURFACE('',#16044,1.6);
#16044 = AXIS2_PLACEMENT_3D('',#16045,#16046,#16047);
#16045 = CARTESIAN_POINT('',(116.,250.,-4.6E-02));
#16046 = DIRECTION('',(-0.,-0.,-1.));
#16047 = DIRECTION('',(-0.,-1.,0.));
#16048 = ADVANCED_FACE('',(#16049),#16060,.F.);
#16049 = FACE_BOUND('',#16050,.T.);
#16050 = EDGE_LOOP('',(#16051,#16052,#16058,#16059));
#16051 = ORIENTED_EDGE('',*,*,#3995,.T.);
#16052 = ORIENTED_EDGE('',*,*,#16053,.T.);
#16053 = EDGE_CURVE('',#3996,#8945,#16054,.T.);
#16054 = LINE('',#16055,#16056);
#16055 = CARTESIAN_POINT('',(117.23,278.28,-4.6E-02));
#16056 = VECTOR('',#16057,1.);
#16057 = DIRECTION('',(0.,0.,1.));
#16058 = ORIENTED_EDGE('',*,*,#8944,.F.);
#16059 = ORIENTED_EDGE('',*,*,#16053,.F.);
#16060 = CYLINDRICAL_SURFACE('',#16061,0.5);
#16061 = AXIS2_PLACEMENT_3D('',#16062,#16063,#16064);
#16062 = CARTESIAN_POINT('',(117.23,278.78,-4.6E-02));
#16063 = DIRECTION('',(-0.,-0.,-1.));
#16064 = DIRECTION('',(-0.,-1.,0.));
#16065 = ADVANCED_FACE('',(#16066),#16077,.F.);
#16066 = FACE_BOUND('',#16067,.T.);
#16067 = EDGE_LOOP('',(#16068,#16069,#16075,#16076));
#16068 = ORIENTED_EDGE('',*,*,#4006,.T.);
#16069 = ORIENTED_EDGE('',*,*,#16070,.T.);
#16070 = EDGE_CURVE('',#4007,#8956,#16071,.T.);
#16071 = LINE('',#16072,#16073);
#16072 = CARTESIAN_POINT('',(119.77,278.28,-4.6E-02));
#16073 = VECTOR('',#16074,1.);
#16074 = DIRECTION('',(0.,0.,1.));
#16075 = ORIENTED_EDGE('',*,*,#8955,.F.);
#16076 = ORIENTED_EDGE('',*,*,#16070,.F.);
#16077 = CYLINDRICAL_SURFACE('',#16078,0.5);
#16078 = AXIS2_PLACEMENT_3D('',#16079,#16080,#16081);
#16079 = CARTESIAN_POINT('',(119.77,278.78,-4.6E-02));
#16080 = DIRECTION('',(-0.,-0.,-1.));
#16081 = DIRECTION('',(-0.,-1.,0.));
#16082 = ADVANCED_FACE('',(#16083),#16094,.F.);
#16083 = FACE_BOUND('',#16084,.T.);
#16084 = EDGE_LOOP('',(#16085,#16086,#16092,#16093));
#16085 = ORIENTED_EDGE('',*,*,#4017,.T.);
#16086 = ORIENTED_EDGE('',*,*,#16087,.T.);
#16087 = EDGE_CURVE('',#4018,#8967,#16088,.T.);
#16088 = LINE('',#16089,#16090);
#16089 = CARTESIAN_POINT('',(141.42,157.600998,-4.6E-02));
#16090 = VECTOR('',#16091,1.);
#16091 = DIRECTION('',(0.,0.,1.));
#16092 = ORIENTED_EDGE('',*,*,#8966,.F.);
#16093 = ORIENTED_EDGE('',*,*,#16087,.F.);
#16094 = CYLINDRICAL_SURFACE('',#16095,0.5969);
#16095 = AXIS2_PLACEMENT_3D('',#16096,#16097,#16098);
#16096 = CARTESIAN_POINT('',(141.42,158.197898,-4.6E-02));
#16097 = DIRECTION('',(-0.,-0.,-1.));
#16098 = DIRECTION('',(-4.761552928532E-14,-1.,0.));
#16099 = ADVANCED_FACE('',(#16100),#16111,.F.);
#16100 = FACE_BOUND('',#16101,.T.);
#16101 = EDGE_LOOP('',(#16102,#16103,#16109,#16110));
#16102 = ORIENTED_EDGE('',*,*,#4028,.T.);
#16103 = ORIENTED_EDGE('',*,*,#16104,.T.);
#16104 = EDGE_CURVE('',#4029,#8978,#16105,.T.);
#16105 = LINE('',#16106,#16107);
#16106 = CARTESIAN_POINT('',(137.827898,161.1931,-4.6E-02));
#16107 = VECTOR('',#16108,1.);
#16108 = DIRECTION('',(0.,0.,1.));
#16109 = ORIENTED_EDGE('',*,*,#8977,.F.);
#16110 = ORIENTED_EDGE('',*,*,#16104,.F.);
#16111 = CYLINDRICAL_SURFACE('',#16112,0.5969);
#16112 = AXIS2_PLACEMENT_3D('',#16113,#16114,#16115);
#16113 = CARTESIAN_POINT('',(137.827898,161.79,-4.6E-02));
#16114 = DIRECTION('',(-0.,-0.,-1.));
#16115 = DIRECTION('',(-0.,-1.,0.));
#16116 = ADVANCED_FACE('',(#16117),#16128,.F.);
#16117 = FACE_BOUND('',#16118,.T.);
#16118 = EDGE_LOOP('',(#16119,#16120,#16126,#16127));
#16119 = ORIENTED_EDGE('',*,*,#4039,.T.);
#16120 = ORIENTED_EDGE('',*,*,#16121,.T.);
#16121 = EDGE_CURVE('',#4040,#8989,#16122,.T.);
#16122 = LINE('',#16123,#16124);
#16123 = CARTESIAN_POINT('',(145.012102,161.1931,-4.6E-02));
#16124 = VECTOR('',#16125,1.);
#16125 = DIRECTION('',(0.,0.,1.));
#16126 = ORIENTED_EDGE('',*,*,#8988,.F.);
#16127 = ORIENTED_EDGE('',*,*,#16121,.F.);
#16128 = CYLINDRICAL_SURFACE('',#16129,0.5969);
#16129 = AXIS2_PLACEMENT_3D('',#16130,#16131,#16132);
#16130 = CARTESIAN_POINT('',(145.012102,161.79,-4.6E-02));
#16131 = DIRECTION('',(-0.,-0.,-1.));
#16132 = DIRECTION('',(-0.,-1.,0.));
#16133 = ADVANCED_FACE('',(#16134),#16145,.F.);
#16134 = FACE_BOUND('',#16135,.T.);
#16135 = EDGE_LOOP('',(#16136,#16137,#16143,#16144));
#16136 = ORIENTED_EDGE('',*,*,#4050,.T.);
#16137 = ORIENTED_EDGE('',*,*,#16138,.T.);
#16138 = EDGE_CURVE('',#4051,#9000,#16139,.T.);
#16139 = LINE('',#16140,#16141);
#16140 = CARTESIAN_POINT('',(141.42,164.785202,-4.6E-02));
#16141 = VECTOR('',#16142,1.);
#16142 = DIRECTION('',(0.,0.,1.));
#16143 = ORIENTED_EDGE('',*,*,#8999,.F.);
#16144 = ORIENTED_EDGE('',*,*,#16138,.F.);
#16145 = CYLINDRICAL_SURFACE('',#16146,0.5969);
#16146 = AXIS2_PLACEMENT_3D('',#16147,#16148,#16149);
#16147 = CARTESIAN_POINT('',(141.42,165.382102,-4.6E-02));
#16148 = DIRECTION('',(-0.,-0.,-1.));
#16149 = DIRECTION('',(-4.761552928532E-14,-1.,0.));
#16150 = ADVANCED_FACE('',(#16151),#16162,.F.);
#16151 = FACE_BOUND('',#16152,.T.);
#16152 = EDGE_LOOP('',(#16153,#16154,#16160,#16161));
#16153 = ORIENTED_EDGE('',*,*,#4061,.T.);
#16154 = ORIENTED_EDGE('',*,*,#16155,.T.);
#16155 = EDGE_CURVE('',#4062,#9011,#16156,.T.);
#16156 = LINE('',#16157,#16158);
#16157 = CARTESIAN_POINT('',(158.33,157.750998,-4.6E-02));
#16158 = VECTOR('',#16159,1.);
#16159 = DIRECTION('',(0.,0.,1.));
#16160 = ORIENTED_EDGE('',*,*,#9010,.F.);
#16161 = ORIENTED_EDGE('',*,*,#16155,.F.);
#16162 = CYLINDRICAL_SURFACE('',#16163,0.5969);
#16163 = AXIS2_PLACEMENT_3D('',#16164,#16165,#16166);
#16164 = CARTESIAN_POINT('',(158.33,158.347898,-4.6E-02));
#16165 = DIRECTION('',(-0.,0.,-1.));
#16166 = DIRECTION('',(4.761552928532E-14,-1.,-0.));
#16167 = ADVANCED_FACE('',(#16168),#16179,.F.);
#16168 = FACE_BOUND('',#16169,.T.);
#16169 = EDGE_LOOP('',(#16170,#16171,#16177,#16178));
#16170 = ORIENTED_EDGE('',*,*,#4072,.T.);
#16171 = ORIENTED_EDGE('',*,*,#16172,.T.);
#16172 = EDGE_CURVE('',#4073,#9022,#16173,.T.);
#16173 = LINE('',#16174,#16175);
#16174 = CARTESIAN_POINT('',(154.737898,161.3431,-4.6E-02));
#16175 = VECTOR('',#16176,1.);
#16176 = DIRECTION('',(0.,0.,1.));
#16177 = ORIENTED_EDGE('',*,*,#9021,.F.);
#16178 = ORIENTED_EDGE('',*,*,#16172,.F.);
#16179 = CYLINDRICAL_SURFACE('',#16180,0.5969);
#16180 = AXIS2_PLACEMENT_3D('',#16181,#16182,#16183);
#16181 = CARTESIAN_POINT('',(154.737898,161.94,-4.6E-02));
#16182 = DIRECTION('',(-0.,-0.,-1.));
#16183 = DIRECTION('',(-0.,-1.,0.));
#16184 = ADVANCED_FACE('',(#16185),#16196,.F.);
#16185 = FACE_BOUND('',#16186,.T.);
#16186 = EDGE_LOOP('',(#16187,#16188,#16194,#16195));
#16187 = ORIENTED_EDGE('',*,*,#4083,.T.);
#16188 = ORIENTED_EDGE('',*,*,#16189,.T.);
#16189 = EDGE_CURVE('',#4084,#9033,#16190,.T.);
#16190 = LINE('',#16191,#16192);
#16191 = CARTESIAN_POINT('',(158.33,164.935202,-4.6E-02));
#16192 = VECTOR('',#16193,1.);
#16193 = DIRECTION('',(0.,0.,1.));
#16194 = ORIENTED_EDGE('',*,*,#9032,.F.);
#16195 = ORIENTED_EDGE('',*,*,#16189,.F.);
#16196 = CYLINDRICAL_SURFACE('',#16197,0.5969);
#16197 = AXIS2_PLACEMENT_3D('',#16198,#16199,#16200);
#16198 = CARTESIAN_POINT('',(158.33,165.532102,-4.6E-02));
#16199 = DIRECTION('',(-0.,0.,-1.));
#16200 = DIRECTION('',(4.761552928531E-14,-1.,-0.));
#16201 = ADVANCED_FACE('',(#16202),#16213,.F.);
#16202 = FACE_BOUND('',#16203,.T.);
#16203 = EDGE_LOOP('',(#16204,#16205,#16211,#16212));
#16204 = ORIENTED_EDGE('',*,*,#4094,.T.);
#16205 = ORIENTED_EDGE('',*,*,#16206,.T.);
#16206 = EDGE_CURVE('',#4095,#9044,#16207,.T.);
#16207 = LINE('',#16208,#16209);
#16208 = CARTESIAN_POINT('',(165.997898,150.2931,-4.6E-02));
#16209 = VECTOR('',#16210,1.);
#16210 = DIRECTION('',(0.,0.,1.));
#16211 = ORIENTED_EDGE('',*,*,#9043,.F.);
#16212 = ORIENTED_EDGE('',*,*,#16206,.F.);
#16213 = CYLINDRICAL_SURFACE('',#16214,0.5969);
#16214 = AXIS2_PLACEMENT_3D('',#16215,#16216,#16217);
#16215 = CARTESIAN_POINT('',(165.997898,150.89,-4.6E-02));
#16216 = DIRECTION('',(-0.,-0.,-1.));
#16217 = DIRECTION('',(-0.,-1.,0.));
#16218 = ADVANCED_FACE('',(#16219),#16230,.F.);
#16219 = FACE_BOUND('',#16220,.T.);
#16220 = EDGE_LOOP('',(#16221,#16222,#16228,#16229));
#16221 = ORIENTED_EDGE('',*,*,#4105,.T.);
#16222 = ORIENTED_EDGE('',*,*,#16223,.T.);
#16223 = EDGE_CURVE('',#4106,#9055,#16224,.T.);
#16224 = LINE('',#16225,#16226);
#16225 = CARTESIAN_POINT('',(173.182102,150.2931,-4.6E-02));
#16226 = VECTOR('',#16227,1.);
#16227 = DIRECTION('',(0.,0.,1.));
#16228 = ORIENTED_EDGE('',*,*,#9054,.F.);
#16229 = ORIENTED_EDGE('',*,*,#16223,.F.);
#16230 = CYLINDRICAL_SURFACE('',#16231,0.5969);
#16231 = AXIS2_PLACEMENT_3D('',#16232,#16233,#16234);
#16232 = CARTESIAN_POINT('',(173.182102,150.89,-4.6E-02));
#16233 = DIRECTION('',(-0.,-0.,-1.));
#16234 = DIRECTION('',(-0.,-1.,0.));
#16235 = ADVANCED_FACE('',(#16236),#16247,.F.);
#16236 = FACE_BOUND('',#16237,.T.);
#16237 = EDGE_LOOP('',(#16238,#16239,#16245,#16246));
#16238 = ORIENTED_EDGE('',*,*,#4116,.T.);
#16239 = ORIENTED_EDGE('',*,*,#16240,.T.);
#16240 = EDGE_CURVE('',#4117,#9066,#16241,.T.);
#16241 = LINE('',#16242,#16243);
#16242 = CARTESIAN_POINT('',(169.59,153.885202,-4.6E-02));
#16243 = VECTOR('',#16244,1.);
#16244 = DIRECTION('',(0.,0.,1.));
#16245 = ORIENTED_EDGE('',*,*,#9065,.F.);
#16246 = ORIENTED_EDGE('',*,*,#16240,.F.);
#16247 = CYLINDRICAL_SURFACE('',#16248,0.5969);
#16248 = AXIS2_PLACEMENT_3D('',#16249,#16250,#16251);
#16249 = CARTESIAN_POINT('',(169.59,154.482102,-4.6E-02));
#16250 = DIRECTION('',(-0.,-0.,-1.));
#16251 = DIRECTION('',(-0.,-1.,0.));
#16252 = ADVANCED_FACE('',(#16253),#16264,.F.);
#16253 = FACE_BOUND('',#16254,.T.);
#16254 = EDGE_LOOP('',(#16255,#16256,#16262,#16263));
#16255 = ORIENTED_EDGE('',*,*,#4127,.T.);
#16256 = ORIENTED_EDGE('',*,*,#16257,.T.);
#16257 = EDGE_CURVE('',#4128,#9077,#16258,.T.);
#16258 = LINE('',#16259,#16260);
#16259 = CARTESIAN_POINT('',(161.922102,161.3431,-4.6E-02));
#16260 = VECTOR('',#16261,1.);
#16261 = DIRECTION('',(0.,0.,1.));
#16262 = ORIENTED_EDGE('',*,*,#9076,.F.);
#16263 = ORIENTED_EDGE('',*,*,#16257,.F.);
#16264 = CYLINDRICAL_SURFACE('',#16265,0.5969);
#16265 = AXIS2_PLACEMENT_3D('',#16266,#16267,#16268);
#16266 = CARTESIAN_POINT('',(161.922102,161.94,-4.6E-02));
#16267 = DIRECTION('',(-0.,-0.,-1.));
#16268 = DIRECTION('',(-0.,-1.,0.));
#16269 = ADVANCED_FACE('',(#16270),#16281,.F.);
#16270 = FACE_BOUND('',#16271,.T.);
#16271 = EDGE_LOOP('',(#16272,#16273,#16279,#16280));
#16272 = ORIENTED_EDGE('',*,*,#4138,.T.);
#16273 = ORIENTED_EDGE('',*,*,#16274,.T.);
#16274 = EDGE_CURVE('',#4139,#9088,#16275,.T.);
#16275 = LINE('',#16276,#16277);
#16276 = CARTESIAN_POINT('',(144.44,193.050998,-4.6E-02));
#16277 = VECTOR('',#16278,1.);
#16278 = DIRECTION('',(0.,0.,1.));
#16279 = ORIENTED_EDGE('',*,*,#9087,.F.);
#16280 = ORIENTED_EDGE('',*,*,#16274,.F.);
#16281 = CYLINDRICAL_SURFACE('',#16282,0.5969);
#16282 = AXIS2_PLACEMENT_3D('',#16283,#16284,#16285);
#16283 = CARTESIAN_POINT('',(144.44,193.647898,-4.6E-02));
#16284 = DIRECTION('',(-0.,-0.,-1.));
#16285 = DIRECTION('',(-0.,-1.,0.));
#16286 = ADVANCED_FACE('',(#16287),#16298,.F.);
#16287 = FACE_BOUND('',#16288,.T.);
#16288 = EDGE_LOOP('',(#16289,#16290,#16296,#16297));
#16289 = ORIENTED_EDGE('',*,*,#4149,.T.);
#16290 = ORIENTED_EDGE('',*,*,#16291,.T.);
#16291 = EDGE_CURVE('',#4150,#9099,#16292,.T.);
#16292 = LINE('',#16293,#16294);
#16293 = CARTESIAN_POINT('',(140.847898,196.6431,-4.6E-02));
#16294 = VECTOR('',#16295,1.);
#16295 = DIRECTION('',(0.,0.,1.));
#16296 = ORIENTED_EDGE('',*,*,#9098,.F.);
#16297 = ORIENTED_EDGE('',*,*,#16291,.F.);
#16298 = CYLINDRICAL_SURFACE('',#16299,0.5969);
#16299 = AXIS2_PLACEMENT_3D('',#16300,#16301,#16302);
#16300 = CARTESIAN_POINT('',(140.847898,197.24,-4.6E-02));
#16301 = DIRECTION('',(-0.,-0.,-1.));
#16302 = DIRECTION('',(-0.,-1.,0.));
#16303 = ADVANCED_FACE('',(#16304),#16315,.F.);
#16304 = FACE_BOUND('',#16305,.T.);
#16305 = EDGE_LOOP('',(#16306,#16307,#16313,#16314));
#16306 = ORIENTED_EDGE('',*,*,#4160,.T.);
#16307 = ORIENTED_EDGE('',*,*,#16308,.T.);
#16308 = EDGE_CURVE('',#4161,#9110,#16309,.T.);
#16309 = LINE('',#16310,#16311);
#16310 = CARTESIAN_POINT('',(144.44,200.235202,-4.6E-02));
#16311 = VECTOR('',#16312,1.);
#16312 = DIRECTION('',(0.,0.,1.));
#16313 = ORIENTED_EDGE('',*,*,#9109,.F.);
#16314 = ORIENTED_EDGE('',*,*,#16308,.F.);
#16315 = CYLINDRICAL_SURFACE('',#16316,0.5969);
#16316 = AXIS2_PLACEMENT_3D('',#16317,#16318,#16319);
#16317 = CARTESIAN_POINT('',(144.44,200.832102,-4.6E-02));
#16318 = DIRECTION('',(-0.,-0.,-1.));
#16319 = DIRECTION('',(-0.,-1.,0.));
#16320 = ADVANCED_FACE('',(#16321),#16332,.F.);
#16321 = FACE_BOUND('',#16322,.T.);
#16322 = EDGE_LOOP('',(#16323,#16324,#16330,#16331));
#16323 = ORIENTED_EDGE('',*,*,#4171,.T.);
#16324 = ORIENTED_EDGE('',*,*,#16325,.T.);
#16325 = EDGE_CURVE('',#4172,#9121,#16326,.T.);
#16326 = LINE('',#16327,#16328);
#16327 = CARTESIAN_POINT('',(157.34,194.700998,-4.6E-02));
#16328 = VECTOR('',#16329,1.);
#16329 = DIRECTION('',(0.,0.,1.));
#16330 = ORIENTED_EDGE('',*,*,#9120,.F.);
#16331 = ORIENTED_EDGE('',*,*,#16325,.F.);
#16332 = CYLINDRICAL_SURFACE('',#16333,0.5969);
#16333 = AXIS2_PLACEMENT_3D('',#16334,#16335,#16336);
#16334 = CARTESIAN_POINT('',(157.34,195.297898,-4.6E-02));
#16335 = DIRECTION('',(-0.,-0.,-1.));
#16336 = DIRECTION('',(-0.,-1.,0.));
#16337 = ADVANCED_FACE('',(#16338),#16349,.F.);
#16338 = FACE_BOUND('',#16339,.T.);
#16339 = EDGE_LOOP('',(#16340,#16341,#16347,#16348));
#16340 = ORIENTED_EDGE('',*,*,#4182,.T.);
#16341 = ORIENTED_EDGE('',*,*,#16342,.T.);
#16342 = EDGE_CURVE('',#4183,#9132,#16343,.T.);
#16343 = LINE('',#16344,#16345);
#16344 = CARTESIAN_POINT('',(148.032102,196.6431,-4.6E-02));
#16345 = VECTOR('',#16346,1.);
#16346 = DIRECTION('',(0.,0.,1.));
#16347 = ORIENTED_EDGE('',*,*,#9131,.F.);
#16348 = ORIENTED_EDGE('',*,*,#16342,.F.);
#16349 = CYLINDRICAL_SURFACE('',#16350,0.5969);
#16350 = AXIS2_PLACEMENT_3D('',#16351,#16352,#16353);
#16351 = CARTESIAN_POINT('',(148.032102,197.24,-4.6E-02));
#16352 = DIRECTION('',(-0.,-0.,-1.));
#16353 = DIRECTION('',(-0.,-1.,0.));
#16354 = ADVANCED_FACE('',(#16355),#16366,.F.);
#16355 = FACE_BOUND('',#16356,.T.);
#16356 = EDGE_LOOP('',(#16357,#16358,#16364,#16365));
#16357 = ORIENTED_EDGE('',*,*,#4193,.T.);
#16358 = ORIENTED_EDGE('',*,*,#16359,.T.);
#16359 = EDGE_CURVE('',#4194,#9143,#16360,.T.);
#16360 = LINE('',#16361,#16362);
#16361 = CARTESIAN_POINT('',(153.747898,198.2931,-4.6E-02));
#16362 = VECTOR('',#16363,1.);
#16363 = DIRECTION('',(0.,0.,1.));
#16364 = ORIENTED_EDGE('',*,*,#9142,.F.);
#16365 = ORIENTED_EDGE('',*,*,#16359,.F.);
#16366 = CYLINDRICAL_SURFACE('',#16367,0.5969);
#16367 = AXIS2_PLACEMENT_3D('',#16368,#16369,#16370);
#16368 = CARTESIAN_POINT('',(153.747898,198.89,-4.6E-02));
#16369 = DIRECTION('',(-0.,-0.,-1.));
#16370 = DIRECTION('',(-0.,-1.,0.));
#16371 = ADVANCED_FACE('',(#16372),#16383,.F.);
#16372 = FACE_BOUND('',#16373,.T.);
#16373 = EDGE_LOOP('',(#16374,#16375,#16381,#16382));
#16374 = ORIENTED_EDGE('',*,*,#4204,.T.);
#16375 = ORIENTED_EDGE('',*,*,#16376,.T.);
#16376 = EDGE_CURVE('',#4205,#9154,#16377,.T.);
#16377 = LINE('',#16378,#16379);
#16378 = CARTESIAN_POINT('',(160.932102,198.2931,-4.6E-02));
#16379 = VECTOR('',#16380,1.);
#16380 = DIRECTION('',(0.,0.,1.));
#16381 = ORIENTED_EDGE('',*,*,#9153,.F.);
#16382 = ORIENTED_EDGE('',*,*,#16376,.F.);
#16383 = CYLINDRICAL_SURFACE('',#16384,0.5969);
#16384 = AXIS2_PLACEMENT_3D('',#16385,#16386,#16387);
#16385 = CARTESIAN_POINT('',(160.932102,198.89,-4.6E-02));
#16386 = DIRECTION('',(-0.,-0.,-1.));
#16387 = DIRECTION('',(-0.,-1.,0.));
#16388 = ADVANCED_FACE('',(#16389),#16400,.F.);
#16389 = FACE_BOUND('',#16390,.T.);
#16390 = EDGE_LOOP('',(#16391,#16392,#16398,#16399));
#16391 = ORIENTED_EDGE('',*,*,#4215,.T.);
#16392 = ORIENTED_EDGE('',*,*,#16393,.T.);
#16393 = EDGE_CURVE('',#4216,#9165,#16394,.T.);
#16394 = LINE('',#16395,#16396);
#16395 = CARTESIAN_POINT('',(157.34,201.885202,-4.6E-02));
#16396 = VECTOR('',#16397,1.);
#16397 = DIRECTION('',(0.,0.,1.));
#16398 = ORIENTED_EDGE('',*,*,#9164,.F.);
#16399 = ORIENTED_EDGE('',*,*,#16393,.F.);
#16400 = CYLINDRICAL_SURFACE('',#16401,0.5969);
#16401 = AXIS2_PLACEMENT_3D('',#16402,#16403,#16404);
#16402 = CARTESIAN_POINT('',(157.34,202.482102,-4.6E-02));
#16403 = DIRECTION('',(-0.,-0.,-1.));
#16404 = DIRECTION('',(-0.,-1.,0.));
#16405 = ADVANCED_FACE('',(#16406),#16417,.F.);
#16406 = FACE_BOUND('',#16407,.T.);
#16407 = EDGE_LOOP('',(#16408,#16409,#16415,#16416));
#16408 = ORIENTED_EDGE('',*,*,#4226,.T.);
#16409 = ORIENTED_EDGE('',*,*,#16410,.T.);
#16410 = EDGE_CURVE('',#4227,#9176,#16411,.T.);
#16411 = LINE('',#16412,#16413);
#16412 = CARTESIAN_POINT('',(131.04,206.500998,-4.6E-02));
#16413 = VECTOR('',#16414,1.);
#16414 = DIRECTION('',(0.,0.,1.));
#16415 = ORIENTED_EDGE('',*,*,#9175,.F.);
#16416 = ORIENTED_EDGE('',*,*,#16410,.F.);
#16417 = CYLINDRICAL_SURFACE('',#16418,0.5969);
#16418 = AXIS2_PLACEMENT_3D('',#16419,#16420,#16421);
#16419 = CARTESIAN_POINT('',(131.04,207.097898,-4.6E-02));
#16420 = DIRECTION('',(-0.,-0.,-1.));
#16421 = DIRECTION('',(-0.,-1.,0.));
#16422 = ADVANCED_FACE('',(#16423),#16434,.F.);
#16423 = FACE_BOUND('',#16424,.T.);
#16424 = EDGE_LOOP('',(#16425,#16426,#16432,#16433));
#16425 = ORIENTED_EDGE('',*,*,#4237,.T.);
#16426 = ORIENTED_EDGE('',*,*,#16427,.T.);
#16427 = EDGE_CURVE('',#4238,#9187,#16428,.T.);
#16428 = LINE('',#16429,#16430);
#16429 = CARTESIAN_POINT('',(131.04,213.685202,-4.6E-02));
#16430 = VECTOR('',#16431,1.);
#16431 = DIRECTION('',(0.,0.,1.));
#16432 = ORIENTED_EDGE('',*,*,#9186,.F.);
#16433 = ORIENTED_EDGE('',*,*,#16427,.F.);
#16434 = CYLINDRICAL_SURFACE('',#16435,0.5969);
#16435 = AXIS2_PLACEMENT_3D('',#16436,#16437,#16438);
#16436 = CARTESIAN_POINT('',(131.04,214.282102,-4.6E-02));
#16437 = DIRECTION('',(-0.,-0.,-1.));
#16438 = DIRECTION('',(-0.,-1.,0.));
#16439 = ADVANCED_FACE('',(#16440),#16451,.F.);
#16440 = FACE_BOUND('',#16441,.T.);
#16441 = EDGE_LOOP('',(#16442,#16443,#16449,#16450));
#16442 = ORIENTED_EDGE('',*,*,#4248,.T.);
#16443 = ORIENTED_EDGE('',*,*,#16444,.T.);
#16444 = EDGE_CURVE('',#4249,#9198,#16445,.T.);
#16445 = LINE('',#16446,#16447);
#16446 = CARTESIAN_POINT('',(134.632102,210.0931,-4.6E-02));
#16447 = VECTOR('',#16448,1.);
#16448 = DIRECTION('',(0.,0.,1.));
#16449 = ORIENTED_EDGE('',*,*,#9197,.F.);
#16450 = ORIENTED_EDGE('',*,*,#16444,.F.);
#16451 = CYLINDRICAL_SURFACE('',#16452,0.5969);
#16452 = AXIS2_PLACEMENT_3D('',#16453,#16454,#16455);
#16453 = CARTESIAN_POINT('',(134.632102,210.69,-4.6E-02));
#16454 = DIRECTION('',(-0.,-0.,-1.));
#16455 = DIRECTION('',(-0.,-1.,0.));
#16456 = ADVANCED_FACE('',(#16457),#16468,.F.);
#16457 = FACE_BOUND('',#16458,.T.);
#16458 = EDGE_LOOP('',(#16459,#16460,#16466,#16467));
#16459 = ORIENTED_EDGE('',*,*,#4259,.T.);
#16460 = ORIENTED_EDGE('',*,*,#16461,.T.);
#16461 = EDGE_CURVE('',#4260,#9209,#16462,.T.);
#16462 = LINE('',#16463,#16464);
#16463 = CARTESIAN_POINT('',(129.191268,219.362591,-4.6E-02));
#16464 = VECTOR('',#16465,1.);
#16465 = DIRECTION('',(0.,0.,1.));
#16466 = ORIENTED_EDGE('',*,*,#9208,.F.);
#16467 = ORIENTED_EDGE('',*,*,#16461,.F.);
#16468 = CYLINDRICAL_SURFACE('',#16469,0.5969);
#16469 = AXIS2_PLACEMENT_3D('',#16470,#16471,#16472);
#16470 = CARTESIAN_POINT('',(129.191268,219.959491,-4.6E-02));
#16471 = DIRECTION('',(-0.,-0.,-1.));
#16472 = DIRECTION('',(-0.,-1.,0.));
#16473 = ADVANCED_FACE('',(#16474),#16485,.F.);
#16474 = FACE_BOUND('',#16475,.T.);
#16475 = EDGE_LOOP('',(#16476,#16477,#16483,#16484));
#16476 = ORIENTED_EDGE('',*,*,#4270,.T.);
#16477 = ORIENTED_EDGE('',*,*,#16478,.T.);
#16478 = EDGE_CURVE('',#4271,#9220,#16479,.T.);
#16479 = LINE('',#16480,#16481);
#16480 = CARTESIAN_POINT('',(132.78337,222.954693,-4.6E-02));
#16481 = VECTOR('',#16482,1.);
#16482 = DIRECTION('',(0.,0.,1.));
#16483 = ORIENTED_EDGE('',*,*,#9219,.F.);
#16484 = ORIENTED_EDGE('',*,*,#16478,.F.);
#16485 = CYLINDRICAL_SURFACE('',#16486,0.5969);
#16486 = AXIS2_PLACEMENT_3D('',#16487,#16488,#16489);
#16487 = CARTESIAN_POINT('',(132.78337,223.551593,-4.6E-02));
#16488 = DIRECTION('',(-0.,-0.,-1.));
#16489 = DIRECTION('',(-0.,-1.,0.));
#16490 = ADVANCED_FACE('',(#16491),#16502,.F.);
#16491 = FACE_BOUND('',#16492,.T.);
#16492 = EDGE_LOOP('',(#16493,#16494,#16500,#16501));
#16493 = ORIENTED_EDGE('',*,*,#4281,.T.);
#16494 = ORIENTED_EDGE('',*,*,#16495,.T.);
#16495 = EDGE_CURVE('',#4282,#9231,#16496,.T.);
#16496 = LINE('',#16497,#16498);
#16497 = CARTESIAN_POINT('',(167.217898,211.8631,-4.6E-02));
#16498 = VECTOR('',#16499,1.);
#16499 = DIRECTION('',(0.,0.,1.));
#16500 = ORIENTED_EDGE('',*,*,#9230,.F.);
#16501 = ORIENTED_EDGE('',*,*,#16495,.F.);
#16502 = CYLINDRICAL_SURFACE('',#16503,0.5969);
#16503 = AXIS2_PLACEMENT_3D('',#16504,#16505,#16506);
#16504 = CARTESIAN_POINT('',(167.217898,212.46,-4.6E-02));
#16505 = DIRECTION('',(-0.,-0.,-1.));
#16506 = DIRECTION('',(-0.,-1.,0.));
#16507 = ADVANCED_FACE('',(#16508),#16519,.F.);
#16508 = FACE_BOUND('',#16509,.T.);
#16509 = EDGE_LOOP('',(#16510,#16511,#16517,#16518));
#16510 = ORIENTED_EDGE('',*,*,#4292,.T.);
#16511 = ORIENTED_EDGE('',*,*,#16512,.T.);
#16512 = EDGE_CURVE('',#4293,#9242,#16513,.T.);
#16513 = LINE('',#16514,#16515);
#16514 = CARTESIAN_POINT('',(170.81,208.270998,-4.6E-02));
#16515 = VECTOR('',#16516,1.);
#16516 = DIRECTION('',(0.,0.,1.));
#16517 = ORIENTED_EDGE('',*,*,#9241,.F.);
#16518 = ORIENTED_EDGE('',*,*,#16512,.F.);
#16519 = CYLINDRICAL_SURFACE('',#16520,0.5969);
#16520 = AXIS2_PLACEMENT_3D('',#16521,#16522,#16523);
#16521 = CARTESIAN_POINT('',(170.81,208.867898,-4.6E-02));
#16522 = DIRECTION('',(-0.,-0.,-1.));
#16523 = DIRECTION('',(-0.,-1.,0.));
#16524 = ADVANCED_FACE('',(#16525),#16536,.F.);
#16525 = FACE_BOUND('',#16526,.T.);
#16526 = EDGE_LOOP('',(#16527,#16528,#16534,#16535));
#16527 = ORIENTED_EDGE('',*,*,#4303,.T.);
#16528 = ORIENTED_EDGE('',*,*,#16529,.T.);
#16529 = EDGE_CURVE('',#4304,#9253,#16530,.T.);
#16530 = LINE('',#16531,#16532);
#16531 = CARTESIAN_POINT('',(174.402102,211.8631,-4.6E-02));
#16532 = VECTOR('',#16533,1.);
#16533 = DIRECTION('',(0.,0.,1.));
#16534 = ORIENTED_EDGE('',*,*,#9252,.F.);
#16535 = ORIENTED_EDGE('',*,*,#16529,.F.);
#16536 = CYLINDRICAL_SURFACE('',#16537,0.5969);
#16537 = AXIS2_PLACEMENT_3D('',#16538,#16539,#16540);
#16538 = CARTESIAN_POINT('',(174.402102,212.46,-4.6E-02));
#16539 = DIRECTION('',(-0.,-0.,-1.));
#16540 = DIRECTION('',(-0.,-1.,0.));
#16541 = ADVANCED_FACE('',(#16542),#16553,.F.);
#16542 = FACE_BOUND('',#16543,.T.);
#16543 = EDGE_LOOP('',(#16544,#16545,#16551,#16552));
#16544 = ORIENTED_EDGE('',*,*,#4314,.T.);
#16545 = ORIENTED_EDGE('',*,*,#16546,.T.);
#16546 = EDGE_CURVE('',#4315,#9264,#16547,.T.);
#16547 = LINE('',#16548,#16549);
#16548 = CARTESIAN_POINT('',(169.04,220.950998,-4.6E-02));
#16549 = VECTOR('',#16550,1.);
#16550 = DIRECTION('',(0.,0.,1.));
#16551 = ORIENTED_EDGE('',*,*,#9263,.F.);
#16552 = ORIENTED_EDGE('',*,*,#16546,.F.);
#16553 = CYLINDRICAL_SURFACE('',#16554,0.5969);
#16554 = AXIS2_PLACEMENT_3D('',#16555,#16556,#16557);
#16555 = CARTESIAN_POINT('',(169.04,221.547898,-4.6E-02));
#16556 = DIRECTION('',(-0.,-0.,-1.));
#16557 = DIRECTION('',(-0.,-1.,0.));
#16558 = ADVANCED_FACE('',(#16559),#16570,.F.);
#16559 = FACE_BOUND('',#16560,.T.);
#16560 = EDGE_LOOP('',(#16561,#16562,#16568,#16569));
#16561 = ORIENTED_EDGE('',*,*,#4325,.T.);
#16562 = ORIENTED_EDGE('',*,*,#16563,.T.);
#16563 = EDGE_CURVE('',#4326,#9275,#16564,.T.);
#16564 = LINE('',#16565,#16566);
#16565 = CARTESIAN_POINT('',(170.81,215.455202,-4.6E-02));
#16566 = VECTOR('',#16567,1.);
#16567 = DIRECTION('',(0.,0.,1.));
#16568 = ORIENTED_EDGE('',*,*,#9274,.F.);
#16569 = ORIENTED_EDGE('',*,*,#16563,.F.);
#16570 = CYLINDRICAL_SURFACE('',#16571,0.5969);
#16571 = AXIS2_PLACEMENT_3D('',#16572,#16573,#16574);
#16572 = CARTESIAN_POINT('',(170.81,216.052102,-4.6E-02));
#16573 = DIRECTION('',(-0.,-0.,-1.));
#16574 = DIRECTION('',(-0.,-1.,0.));
#16575 = ADVANCED_FACE('',(#16576),#16587,.F.);
#16576 = FACE_BOUND('',#16577,.T.);
#16577 = EDGE_LOOP('',(#16578,#16579,#16585,#16586));
#16578 = ORIENTED_EDGE('',*,*,#4336,.T.);
#16579 = ORIENTED_EDGE('',*,*,#16580,.T.);
#16580 = EDGE_CURVE('',#4337,#9286,#16581,.T.);
#16581 = LINE('',#16582,#16583);
#16582 = CARTESIAN_POINT('',(205.05,152.705202,-4.6E-02));
#16583 = VECTOR('',#16584,1.);
#16584 = DIRECTION('',(0.,0.,1.));
#16585 = ORIENTED_EDGE('',*,*,#9285,.F.);
#16586 = ORIENTED_EDGE('',*,*,#16580,.F.);
#16587 = CYLINDRICAL_SURFACE('',#16588,0.5969);
#16588 = AXIS2_PLACEMENT_3D('',#16589,#16590,#16591);
#16589 = CARTESIAN_POINT('',(205.05,153.302102,-4.6E-02));
#16590 = DIRECTION('',(-0.,-0.,-1.));
#16591 = DIRECTION('',(-0.,-1.,0.));
#16592 = ADVANCED_FACE('',(#16593),#16604,.F.);
#16593 = FACE_BOUND('',#16594,.T.);
#16594 = EDGE_LOOP('',(#16595,#16596,#16602,#16603));
#16595 = ORIENTED_EDGE('',*,*,#4347,.T.);
#16596 = ORIENTED_EDGE('',*,*,#16597,.T.);
#16597 = EDGE_CURVE('',#4348,#9297,#16598,.T.);
#16598 = LINE('',#16599,#16600);
#16599 = CARTESIAN_POINT('',(216.95,157.320998,-4.6E-02));
#16600 = VECTOR('',#16601,1.);
#16601 = DIRECTION('',(0.,0.,1.));
#16602 = ORIENTED_EDGE('',*,*,#9296,.F.);
#16603 = ORIENTED_EDGE('',*,*,#16597,.F.);
#16604 = CYLINDRICAL_SURFACE('',#16605,0.5969);
#16605 = AXIS2_PLACEMENT_3D('',#16606,#16607,#16608);
#16606 = CARTESIAN_POINT('',(216.95,157.917898,-4.6E-02));
#16607 = DIRECTION('',(-0.,-0.,-1.));
#16608 = DIRECTION('',(-0.,-1.,0.));
#16609 = ADVANCED_FACE('',(#16610),#16621,.F.);
#16610 = FACE_BOUND('',#16611,.T.);
#16611 = EDGE_LOOP('',(#16612,#16613,#16619,#16620));
#16612 = ORIENTED_EDGE('',*,*,#4358,.T.);
#16613 = ORIENTED_EDGE('',*,*,#16614,.T.);
#16614 = EDGE_CURVE('',#4359,#9308,#16615,.T.);
#16615 = LINE('',#16616,#16617);
#16616 = CARTESIAN_POINT('',(213.357898,160.9131,-4.6E-02));
#16617 = VECTOR('',#16618,1.);
#16618 = DIRECTION('',(0.,0.,1.));
#16619 = ORIENTED_EDGE('',*,*,#9307,.F.);
#16620 = ORIENTED_EDGE('',*,*,#16614,.F.);
#16621 = CYLINDRICAL_SURFACE('',#16622,0.5969);
#16622 = AXIS2_PLACEMENT_3D('',#16623,#16624,#16625);
#16623 = CARTESIAN_POINT('',(213.357898,161.51,-4.6E-02));
#16624 = DIRECTION('',(-0.,-0.,-1.));
#16625 = DIRECTION('',(-0.,-1.,0.));
#16626 = ADVANCED_FACE('',(#16627),#16638,.F.);
#16627 = FACE_BOUND('',#16628,.T.);
#16628 = EDGE_LOOP('',(#16629,#16630,#16636,#16637));
#16629 = ORIENTED_EDGE('',*,*,#4369,.T.);
#16630 = ORIENTED_EDGE('',*,*,#16631,.T.);
#16631 = EDGE_CURVE('',#4370,#9319,#16632,.T.);
#16632 = LINE('',#16633,#16634);
#16633 = CARTESIAN_POINT('',(216.95,164.505202,-4.6E-02));
#16634 = VECTOR('',#16635,1.);
#16635 = DIRECTION('',(0.,0.,1.));
#16636 = ORIENTED_EDGE('',*,*,#9318,.F.);
#16637 = ORIENTED_EDGE('',*,*,#16631,.F.);
#16638 = CYLINDRICAL_SURFACE('',#16639,0.5969);
#16639 = AXIS2_PLACEMENT_3D('',#16640,#16641,#16642);
#16640 = CARTESIAN_POINT('',(216.95,165.102102,-4.6E-02));
#16641 = DIRECTION('',(-0.,-0.,-1.));
#16642 = DIRECTION('',(-0.,-1.,0.));
#16643 = ADVANCED_FACE('',(#16644),#16655,.F.);
#16644 = FACE_BOUND('',#16645,.T.);
#16645 = EDGE_LOOP('',(#16646,#16647,#16653,#16654));
#16646 = ORIENTED_EDGE('',*,*,#4380,.T.);
#16647 = ORIENTED_EDGE('',*,*,#16648,.T.);
#16648 = EDGE_CURVE('',#4381,#9330,#16649,.T.);
#16649 = LINE('',#16650,#16651);
#16650 = CARTESIAN_POINT('',(220.542102,160.9131,-4.6E-02));
#16651 = VECTOR('',#16652,1.);
#16652 = DIRECTION('',(0.,0.,1.));
#16653 = ORIENTED_EDGE('',*,*,#9329,.F.);
#16654 = ORIENTED_EDGE('',*,*,#16648,.F.);
#16655 = CYLINDRICAL_SURFACE('',#16656,0.5969);
#16656 = AXIS2_PLACEMENT_3D('',#16657,#16658,#16659);
#16657 = CARTESIAN_POINT('',(220.542102,161.51,-4.6E-02));
#16658 = DIRECTION('',(-0.,-0.,-1.));
#16659 = DIRECTION('',(-0.,-1.,0.));
#16660 = ADVANCED_FACE('',(#16661),#16672,.F.);
#16661 = FACE_BOUND('',#16662,.T.);
#16662 = EDGE_LOOP('',(#16663,#16664,#16670,#16671));
#16663 = ORIENTED_EDGE('',*,*,#4391,.T.);
#16664 = ORIENTED_EDGE('',*,*,#16665,.T.);
#16665 = EDGE_CURVE('',#4392,#9341,#16666,.T.);
#16666 = LINE('',#16667,#16668);
#16667 = CARTESIAN_POINT('',(233.13,158.020998,-4.6E-02));
#16668 = VECTOR('',#16669,1.);
#16669 = DIRECTION('',(0.,0.,1.));
#16670 = ORIENTED_EDGE('',*,*,#9340,.F.);
#16671 = ORIENTED_EDGE('',*,*,#16665,.F.);
#16672 = CYLINDRICAL_SURFACE('',#16673,0.5969);
#16673 = AXIS2_PLACEMENT_3D('',#16674,#16675,#16676);
#16674 = CARTESIAN_POINT('',(233.13,158.617898,-4.6E-02));
#16675 = DIRECTION('',(-0.,-0.,-1.));
#16676 = DIRECTION('',(-0.,-1.,0.));
#16677 = ADVANCED_FACE('',(#16678),#16689,.F.);
#16678 = FACE_BOUND('',#16679,.T.);
#16679 = EDGE_LOOP('',(#16680,#16681,#16687,#16688));
#16680 = ORIENTED_EDGE('',*,*,#4402,.T.);
#16681 = ORIENTED_EDGE('',*,*,#16682,.T.);
#16682 = EDGE_CURVE('',#4403,#9352,#16683,.T.);
#16683 = LINE('',#16684,#16685);
#16684 = CARTESIAN_POINT('',(229.537898,161.6131,-4.6E-02));
#16685 = VECTOR('',#16686,1.);
#16686 = DIRECTION('',(0.,0.,1.));
#16687 = ORIENTED_EDGE('',*,*,#9351,.F.);
#16688 = ORIENTED_EDGE('',*,*,#16682,.F.);
#16689 = CYLINDRICAL_SURFACE('',#16690,0.5969);
#16690 = AXIS2_PLACEMENT_3D('',#16691,#16692,#16693);
#16691 = CARTESIAN_POINT('',(229.537898,162.21,-4.6E-02));
#16692 = DIRECTION('',(-0.,0.,-1.));
#16693 = DIRECTION('',(4.761552928532E-14,-1.,-0.));
#16694 = ADVANCED_FACE('',(#16695),#16706,.F.);
#16695 = FACE_BOUND('',#16696,.T.);
#16696 = EDGE_LOOP('',(#16697,#16698,#16704,#16705));
#16697 = ORIENTED_EDGE('',*,*,#4413,.T.);
#16698 = ORIENTED_EDGE('',*,*,#16699,.T.);
#16699 = EDGE_CURVE('',#4414,#9363,#16700,.T.);
#16700 = LINE('',#16701,#16702);
#16701 = CARTESIAN_POINT('',(233.13,165.205202,-4.6E-02));
#16702 = VECTOR('',#16703,1.);
#16703 = DIRECTION('',(0.,0.,1.));
#16704 = ORIENTED_EDGE('',*,*,#9362,.F.);
#16705 = ORIENTED_EDGE('',*,*,#16699,.F.);
#16706 = CYLINDRICAL_SURFACE('',#16707,0.5969);
#16707 = AXIS2_PLACEMENT_3D('',#16708,#16709,#16710);
#16708 = CARTESIAN_POINT('',(233.13,165.802102,-4.6E-02));
#16709 = DIRECTION('',(-0.,-0.,-1.));
#16710 = DIRECTION('',(-0.,-1.,0.));
#16711 = ADVANCED_FACE('',(#16712),#16723,.F.);
#16712 = FACE_BOUND('',#16713,.T.);
#16713 = EDGE_LOOP('',(#16714,#16715,#16721,#16722));
#16714 = ORIENTED_EDGE('',*,*,#4424,.T.);
#16715 = ORIENTED_EDGE('',*,*,#16716,.T.);
#16716 = EDGE_CURVE('',#4425,#9374,#16717,.T.);
#16717 = LINE('',#16718,#16719);
#16718 = CARTESIAN_POINT('',(236.722102,161.6131,-4.6E-02));
#16719 = VECTOR('',#16720,1.);
#16720 = DIRECTION('',(0.,0.,1.));
#16721 = ORIENTED_EDGE('',*,*,#9373,.F.);
#16722 = ORIENTED_EDGE('',*,*,#16716,.F.);
#16723 = CYLINDRICAL_SURFACE('',#16724,0.5969);
#16724 = AXIS2_PLACEMENT_3D('',#16725,#16726,#16727);
#16725 = CARTESIAN_POINT('',(236.722102,162.21,-4.6E-02));
#16726 = DIRECTION('',(-0.,-0.,-1.));
#16727 = DIRECTION('',(-0.,-1.,0.));
#16728 = ADVANCED_FACE('',(#16729),#16740,.F.);
#16729 = FACE_BOUND('',#16730,.T.);
#16730 = EDGE_LOOP('',(#16731,#16732,#16738,#16739));
#16731 = ORIENTED_EDGE('',*,*,#4435,.T.);
#16732 = ORIENTED_EDGE('',*,*,#16733,.T.);
#16733 = EDGE_CURVE('',#4436,#9385,#16734,.T.);
#16734 = LINE('',#16735,#16736);
#16735 = CARTESIAN_POINT('',(241.867898,149.4231,-4.6E-02));
#16736 = VECTOR('',#16737,1.);
#16737 = DIRECTION('',(0.,0.,1.));
#16738 = ORIENTED_EDGE('',*,*,#9384,.F.);
#16739 = ORIENTED_EDGE('',*,*,#16733,.F.);
#16740 = CYLINDRICAL_SURFACE('',#16741,0.5969);
#16741 = AXIS2_PLACEMENT_3D('',#16742,#16743,#16744);
#16742 = CARTESIAN_POINT('',(241.867898,150.02,-4.6E-02));
#16743 = DIRECTION('',(-0.,-0.,-1.));
#16744 = DIRECTION('',(-0.,-1.,0.));
#16745 = ADVANCED_FACE('',(#16746),#16757,.F.);
#16746 = FACE_BOUND('',#16747,.T.);
#16747 = EDGE_LOOP('',(#16748,#16749,#16755,#16756));
#16748 = ORIENTED_EDGE('',*,*,#4446,.T.);
#16749 = ORIENTED_EDGE('',*,*,#16750,.T.);
#16750 = EDGE_CURVE('',#4447,#9396,#16751,.T.);
#16751 = LINE('',#16752,#16753);
#16752 = CARTESIAN_POINT('',(245.46,153.015202,-4.6E-02));
#16753 = VECTOR('',#16754,1.);
#16754 = DIRECTION('',(0.,0.,1.));
#16755 = ORIENTED_EDGE('',*,*,#9395,.F.);
#16756 = ORIENTED_EDGE('',*,*,#16750,.F.);
#16757 = CYLINDRICAL_SURFACE('',#16758,0.5969);
#16758 = AXIS2_PLACEMENT_3D('',#16759,#16760,#16761);
#16759 = CARTESIAN_POINT('',(245.46,153.612102,-4.6E-02));
#16760 = DIRECTION('',(-0.,-0.,-1.));
#16761 = DIRECTION('',(-0.,-1.,0.));
#16762 = ADVANCED_FACE('',(#16763),#16774,.F.);
#16763 = FACE_BOUND('',#16764,.T.);
#16764 = EDGE_LOOP('',(#16765,#16766,#16772,#16773));
#16765 = ORIENTED_EDGE('',*,*,#4457,.T.);
#16766 = ORIENTED_EDGE('',*,*,#16767,.T.);
#16767 = EDGE_CURVE('',#4458,#9407,#16768,.T.);
#16768 = LINE('',#16769,#16770);
#16769 = CARTESIAN_POINT('',(249.052102,149.4231,-4.6E-02));
#16770 = VECTOR('',#16771,1.);
#16771 = DIRECTION('',(0.,0.,1.));
#16772 = ORIENTED_EDGE('',*,*,#9406,.F.);
#16773 = ORIENTED_EDGE('',*,*,#16767,.F.);
#16774 = CYLINDRICAL_SURFACE('',#16775,0.5969);
#16775 = AXIS2_PLACEMENT_3D('',#16776,#16777,#16778);
#16776 = CARTESIAN_POINT('',(249.052102,150.02,-4.6E-02));
#16777 = DIRECTION('',(-0.,-0.,-1.));
#16778 = DIRECTION('',(-0.,-1.,0.));
#16779 = ADVANCED_FACE('',(#16780),#16791,.F.);
#16780 = FACE_BOUND('',#16781,.T.);
#16781 = EDGE_LOOP('',(#16782,#16783,#16789,#16790));
#16782 = ORIENTED_EDGE('',*,*,#4468,.T.);
#16783 = ORIENTED_EDGE('',*,*,#16784,.T.);
#16784 = EDGE_CURVE('',#4469,#9418,#16785,.T.);
#16785 = LINE('',#16786,#16787);
#16786 = CARTESIAN_POINT('',(218.84,194.160998,-4.6E-02));
#16787 = VECTOR('',#16788,1.);
#16788 = DIRECTION('',(0.,0.,1.));
#16789 = ORIENTED_EDGE('',*,*,#9417,.F.);
#16790 = ORIENTED_EDGE('',*,*,#16784,.F.);
#16791 = CYLINDRICAL_SURFACE('',#16792,0.5969);
#16792 = AXIS2_PLACEMENT_3D('',#16793,#16794,#16795);
#16793 = CARTESIAN_POINT('',(218.84,194.757898,-4.6E-02));
#16794 = DIRECTION('',(-0.,-0.,-1.));
#16795 = DIRECTION('',(-0.,-1.,0.));
#16796 = ADVANCED_FACE('',(#16797),#16808,.F.);
#16797 = FACE_BOUND('',#16798,.T.);
#16798 = EDGE_LOOP('',(#16799,#16800,#16806,#16807));
#16799 = ORIENTED_EDGE('',*,*,#4479,.T.);
#16800 = ORIENTED_EDGE('',*,*,#16801,.T.);
#16801 = EDGE_CURVE('',#4480,#9429,#16802,.T.);
#16802 = LINE('',#16803,#16804);
#16803 = CARTESIAN_POINT('',(215.247898,197.7531,-4.6E-02));
#16804 = VECTOR('',#16805,1.);
#16805 = DIRECTION('',(0.,0.,1.));
#16806 = ORIENTED_EDGE('',*,*,#9428,.F.);
#16807 = ORIENTED_EDGE('',*,*,#16801,.F.);
#16808 = CYLINDRICAL_SURFACE('',#16809,0.5969);
#16809 = AXIS2_PLACEMENT_3D('',#16810,#16811,#16812);
#16810 = CARTESIAN_POINT('',(215.247898,198.35,-4.6E-02));
#16811 = DIRECTION('',(-0.,-0.,-1.));
#16812 = DIRECTION('',(-0.,-1.,0.));
#16813 = ADVANCED_FACE('',(#16814),#16825,.F.);
#16814 = FACE_BOUND('',#16815,.T.);
#16815 = EDGE_LOOP('',(#16816,#16817,#16823,#16824));
#16816 = ORIENTED_EDGE('',*,*,#4490,.T.);
#16817 = ORIENTED_EDGE('',*,*,#16818,.T.);
#16818 = EDGE_CURVE('',#4491,#9440,#16819,.T.);
#16819 = LINE('',#16820,#16821);
#16820 = CARTESIAN_POINT('',(222.432102,197.7531,-4.6E-02));
#16821 = VECTOR('',#16822,1.);
#16822 = DIRECTION('',(0.,0.,1.));
#16823 = ORIENTED_EDGE('',*,*,#9439,.F.);
#16824 = ORIENTED_EDGE('',*,*,#16818,.F.);
#16825 = CYLINDRICAL_SURFACE('',#16826,0.5969);
#16826 = AXIS2_PLACEMENT_3D('',#16827,#16828,#16829);
#16827 = CARTESIAN_POINT('',(222.432102,198.35,-4.6E-02));
#16828 = DIRECTION('',(-0.,-0.,-1.));
#16829 = DIRECTION('',(-0.,-1.,0.));
#16830 = ADVANCED_FACE('',(#16831),#16842,.F.);
#16831 = FACE_BOUND('',#16832,.T.);
#16832 = EDGE_LOOP('',(#16833,#16834,#16840,#16841));
#16833 = ORIENTED_EDGE('',*,*,#4501,.T.);
#16834 = ORIENTED_EDGE('',*,*,#16835,.T.);
#16835 = EDGE_CURVE('',#4502,#9451,#16836,.T.);
#16836 = LINE('',#16837,#16838);
#16837 = CARTESIAN_POINT('',(218.84,201.345202,-4.6E-02));
#16838 = VECTOR('',#16839,1.);
#16839 = DIRECTION('',(0.,0.,1.));
#16840 = ORIENTED_EDGE('',*,*,#9450,.F.);
#16841 = ORIENTED_EDGE('',*,*,#16835,.F.);
#16842 = CYLINDRICAL_SURFACE('',#16843,0.5969);
#16843 = AXIS2_PLACEMENT_3D('',#16844,#16845,#16846);
#16844 = CARTESIAN_POINT('',(218.84,201.942102,-4.6E-02));
#16845 = DIRECTION('',(-0.,-0.,-1.));
#16846 = DIRECTION('',(-0.,-1.,0.));
#16847 = ADVANCED_FACE('',(#16848),#16859,.F.);
#16848 = FACE_BOUND('',#16849,.T.);
#16849 = EDGE_LOOP('',(#16850,#16851,#16857,#16858));
#16850 = ORIENTED_EDGE('',*,*,#4512,.T.);
#16851 = ORIENTED_EDGE('',*,*,#16852,.T.);
#16852 = EDGE_CURVE('',#4513,#9462,#16853,.T.);
#16853 = LINE('',#16854,#16855);
#16854 = CARTESIAN_POINT('',(206.75,206.370998,-4.6E-02));
#16855 = VECTOR('',#16856,1.);
#16856 = DIRECTION('',(0.,0.,1.));
#16857 = ORIENTED_EDGE('',*,*,#9461,.F.);
#16858 = ORIENTED_EDGE('',*,*,#16852,.F.);
#16859 = CYLINDRICAL_SURFACE('',#16860,0.5969);
#16860 = AXIS2_PLACEMENT_3D('',#16861,#16862,#16863);
#16861 = CARTESIAN_POINT('',(206.75,206.967898,-4.6E-02));
#16862 = DIRECTION('',(-0.,-0.,-1.));
#16863 = DIRECTION('',(-0.,-1.,0.));
#16864 = ADVANCED_FACE('',(#16865),#16876,.F.);
#16865 = FACE_BOUND('',#16866,.T.);
#16866 = EDGE_LOOP('',(#16867,#16868,#16874,#16875));
#16867 = ORIENTED_EDGE('',*,*,#4523,.T.);
#16868 = ORIENTED_EDGE('',*,*,#16869,.T.);
#16869 = EDGE_CURVE('',#4524,#9473,#16870,.T.);
#16870 = LINE('',#16871,#16872);
#16871 = CARTESIAN_POINT('',(203.157898,209.9631,-4.6E-02));
#16872 = VECTOR('',#16873,1.);
#16873 = DIRECTION('',(0.,0.,1.));
#16874 = ORIENTED_EDGE('',*,*,#9472,.F.);
#16875 = ORIENTED_EDGE('',*,*,#16869,.F.);
#16876 = CYLINDRICAL_SURFACE('',#16877,0.5969);
#16877 = AXIS2_PLACEMENT_3D('',#16878,#16879,#16880);
#16878 = CARTESIAN_POINT('',(203.157898,210.56,-4.6E-02));
#16879 = DIRECTION('',(-0.,-0.,-1.));
#16880 = DIRECTION('',(-0.,-1.,0.));
#16881 = ADVANCED_FACE('',(#16882),#16893,.F.);
#16882 = FACE_BOUND('',#16883,.T.);
#16883 = EDGE_LOOP('',(#16884,#16885,#16891,#16892));
#16884 = ORIENTED_EDGE('',*,*,#4534,.T.);
#16885 = ORIENTED_EDGE('',*,*,#16886,.T.);
#16886 = EDGE_CURVE('',#4535,#9484,#16887,.T.);
#16887 = LINE('',#16888,#16889);
#16888 = CARTESIAN_POINT('',(206.75,213.555202,-4.6E-02));
#16889 = VECTOR('',#16890,1.);
#16890 = DIRECTION('',(0.,0.,1.));
#16891 = ORIENTED_EDGE('',*,*,#9483,.F.);
#16892 = ORIENTED_EDGE('',*,*,#16886,.F.);
#16893 = CYLINDRICAL_SURFACE('',#16894,0.5969);
#16894 = AXIS2_PLACEMENT_3D('',#16895,#16896,#16897);
#16895 = CARTESIAN_POINT('',(206.75,214.152102,-4.6E-02));
#16896 = DIRECTION('',(-0.,-0.,-1.));
#16897 = DIRECTION('',(-0.,-1.,0.));
#16898 = ADVANCED_FACE('',(#16899),#16910,.F.);
#16899 = FACE_BOUND('',#16900,.T.);
#16900 = EDGE_LOOP('',(#16901,#16902,#16908,#16909));
#16901 = ORIENTED_EDGE('',*,*,#4545,.T.);
#16902 = ORIENTED_EDGE('',*,*,#16903,.T.);
#16903 = EDGE_CURVE('',#4546,#9495,#16904,.T.);
#16904 = LINE('',#16905,#16906);
#16905 = CARTESIAN_POINT('',(205.15,219.220998,-4.6E-02));
#16906 = VECTOR('',#16907,1.);
#16907 = DIRECTION('',(0.,0.,1.));
#16908 = ORIENTED_EDGE('',*,*,#9494,.F.);
#16909 = ORIENTED_EDGE('',*,*,#16903,.F.);
#16910 = CYLINDRICAL_SURFACE('',#16911,0.5969);
#16911 = AXIS2_PLACEMENT_3D('',#16912,#16913,#16914);
#16912 = CARTESIAN_POINT('',(205.15,219.817898,-4.6E-02));
#16913 = DIRECTION('',(-0.,-0.,-1.));
#16914 = DIRECTION('',(-0.,-1.,0.));
#16915 = ADVANCED_FACE('',(#16916),#16927,.F.);
#16916 = FACE_BOUND('',#16917,.T.);
#16917 = EDGE_LOOP('',(#16918,#16919,#16925,#16926));
#16918 = ORIENTED_EDGE('',*,*,#4556,.T.);
#16919 = ORIENTED_EDGE('',*,*,#16920,.T.);
#16920 = EDGE_CURVE('',#4557,#9506,#16921,.T.);
#16921 = LINE('',#16922,#16923);
#16922 = CARTESIAN_POINT('',(201.557898,222.8131,-4.6E-02));
#16923 = VECTOR('',#16924,1.);
#16924 = DIRECTION('',(0.,0.,1.));
#16925 = ORIENTED_EDGE('',*,*,#9505,.F.);
#16926 = ORIENTED_EDGE('',*,*,#16920,.F.);
#16927 = CYLINDRICAL_SURFACE('',#16928,0.5969);
#16928 = AXIS2_PLACEMENT_3D('',#16929,#16930,#16931);
#16929 = CARTESIAN_POINT('',(201.557898,223.41,-4.6E-02));
#16930 = DIRECTION('',(-0.,-0.,-1.));
#16931 = DIRECTION('',(-0.,-1.,0.));
#16932 = ADVANCED_FACE('',(#16933),#16944,.F.);
#16933 = FACE_BOUND('',#16934,.T.);
#16934 = EDGE_LOOP('',(#16935,#16936,#16942,#16943));
#16935 = ORIENTED_EDGE('',*,*,#4567,.T.);
#16936 = ORIENTED_EDGE('',*,*,#16937,.T.);
#16937 = EDGE_CURVE('',#4568,#9517,#16938,.T.);
#16938 = LINE('',#16939,#16940);
#16939 = CARTESIAN_POINT('',(208.742102,222.8131,-4.6E-02));
#16940 = VECTOR('',#16941,1.);
#16941 = DIRECTION('',(0.,0.,1.));
#16942 = ORIENTED_EDGE('',*,*,#9516,.F.);
#16943 = ORIENTED_EDGE('',*,*,#16937,.F.);
#16944 = CYLINDRICAL_SURFACE('',#16945,0.5969);
#16945 = AXIS2_PLACEMENT_3D('',#16946,#16947,#16948);
#16946 = CARTESIAN_POINT('',(208.742102,223.41,-4.6E-02));
#16947 = DIRECTION('',(-0.,-0.,-1.));
#16948 = DIRECTION('',(-0.,-1.,0.));
#16949 = ADVANCED_FACE('',(#16950),#16961,.F.);
#16950 = FACE_BOUND('',#16951,.T.);
#16951 = EDGE_LOOP('',(#16952,#16953,#16959,#16960));
#16952 = ORIENTED_EDGE('',*,*,#4578,.T.);
#16953 = ORIENTED_EDGE('',*,*,#16954,.T.);
#16954 = EDGE_CURVE('',#4579,#9528,#16955,.T.);
#16955 = LINE('',#16956,#16957);
#16956 = CARTESIAN_POINT('',(210.342102,209.9631,-4.6E-02));
#16957 = VECTOR('',#16958,1.);
#16958 = DIRECTION('',(0.,0.,1.));
#16959 = ORIENTED_EDGE('',*,*,#9527,.F.);
#16960 = ORIENTED_EDGE('',*,*,#16954,.F.);
#16961 = CYLINDRICAL_SURFACE('',#16962,0.5969);
#16962 = AXIS2_PLACEMENT_3D('',#16963,#16964,#16965);
#16963 = CARTESIAN_POINT('',(210.342102,210.56,-4.6E-02));
#16964 = DIRECTION('',(-0.,-0.,-1.));
#16965 = DIRECTION('',(-0.,-1.,0.));
#16966 = ADVANCED_FACE('',(#16967),#16978,.F.);
#16967 = FACE_BOUND('',#16968,.T.);
#16968 = EDGE_LOOP('',(#16969,#16970,#16976,#16977));
#16969 = ORIENTED_EDGE('',*,*,#4589,.T.);
#16970 = ORIENTED_EDGE('',*,*,#16971,.T.);
#16971 = EDGE_CURVE('',#4590,#9539,#16972,.T.);
#16972 = LINE('',#16973,#16974);
#16973 = CARTESIAN_POINT('',(233.94,194.030998,-4.6E-02));
#16974 = VECTOR('',#16975,1.);
#16975 = DIRECTION('',(0.,0.,1.));
#16976 = ORIENTED_EDGE('',*,*,#9538,.F.);
#16977 = ORIENTED_EDGE('',*,*,#16971,.F.);
#16978 = CYLINDRICAL_SURFACE('',#16979,0.5969);
#16979 = AXIS2_PLACEMENT_3D('',#16980,#16981,#16982);
#16980 = CARTESIAN_POINT('',(233.94,194.627898,-4.6E-02));
#16981 = DIRECTION('',(-0.,-0.,-1.));
#16982 = DIRECTION('',(-0.,-1.,0.));
#16983 = ADVANCED_FACE('',(#16984),#16995,.F.);
#16984 = FACE_BOUND('',#16985,.T.);
#16985 = EDGE_LOOP('',(#16986,#16987,#16993,#16994));
#16986 = ORIENTED_EDGE('',*,*,#4600,.T.);
#16987 = ORIENTED_EDGE('',*,*,#16988,.T.);
#16988 = EDGE_CURVE('',#4601,#9550,#16989,.T.);
#16989 = LINE('',#16990,#16991);
#16990 = CARTESIAN_POINT('',(230.347898,197.6231,-4.6E-02));
#16991 = VECTOR('',#16992,1.);
#16992 = DIRECTION('',(0.,0.,1.));
#16993 = ORIENTED_EDGE('',*,*,#9549,.F.);
#16994 = ORIENTED_EDGE('',*,*,#16988,.F.);
#16995 = CYLINDRICAL_SURFACE('',#16996,0.5969);
#16996 = AXIS2_PLACEMENT_3D('',#16997,#16998,#16999);
#16997 = CARTESIAN_POINT('',(230.347898,198.22,-4.6E-02));
#16998 = DIRECTION('',(-0.,-0.,-1.));
#16999 = DIRECTION('',(-0.,-1.,0.));
#17000 = ADVANCED_FACE('',(#17001),#17012,.F.);
#17001 = FACE_BOUND('',#17002,.T.);
#17002 = EDGE_LOOP('',(#17003,#17004,#17010,#17011));
#17003 = ORIENTED_EDGE('',*,*,#4611,.T.);
#17004 = ORIENTED_EDGE('',*,*,#17005,.T.);
#17005 = EDGE_CURVE('',#4612,#9561,#17006,.T.);
#17006 = LINE('',#17007,#17008);
#17007 = CARTESIAN_POINT('',(237.532102,197.6231,-4.6E-02));
#17008 = VECTOR('',#17009,1.);
#17009 = DIRECTION('',(0.,0.,1.));
#17010 = ORIENTED_EDGE('',*,*,#9560,.F.);
#17011 = ORIENTED_EDGE('',*,*,#17005,.F.);
#17012 = CYLINDRICAL_SURFACE('',#17013,0.5969);
#17013 = AXIS2_PLACEMENT_3D('',#17014,#17015,#17016);
#17014 = CARTESIAN_POINT('',(237.532102,198.22,-4.6E-02));
#17015 = DIRECTION('',(-0.,-0.,-1.));
#17016 = DIRECTION('',(-0.,-1.,0.));
#17017 = ADVANCED_FACE('',(#17018),#17029,.F.);
#17018 = FACE_BOUND('',#17019,.T.);
#17019 = EDGE_LOOP('',(#17020,#17021,#17027,#17028));
#17020 = ORIENTED_EDGE('',*,*,#4622,.T.);
#17021 = ORIENTED_EDGE('',*,*,#17022,.T.);
#17022 = EDGE_CURVE('',#4623,#9572,#17023,.T.);
#17023 = LINE('',#17024,#17025);
#17024 = CARTESIAN_POINT('',(233.94,201.215202,-4.6E-02));
#17025 = VECTOR('',#17026,1.);
#17026 = DIRECTION('',(0.,0.,1.));
#17027 = ORIENTED_EDGE('',*,*,#9571,.F.);
#17028 = ORIENTED_EDGE('',*,*,#17022,.F.);
#17029 = CYLINDRICAL_SURFACE('',#17030,0.5969);
#17030 = AXIS2_PLACEMENT_3D('',#17031,#17032,#17033);
#17031 = CARTESIAN_POINT('',(233.94,201.812102,-4.6E-02));
#17032 = DIRECTION('',(-0.,-0.,-1.));
#17033 = DIRECTION('',(-0.,-1.,0.));
#17034 = ADVANCED_FACE('',(#17035),#17046,.F.);
#17035 = FACE_BOUND('',#17036,.T.);
#17036 = EDGE_LOOP('',(#17037,#17038,#17044,#17045));
#17037 = ORIENTED_EDGE('',*,*,#4633,.T.);
#17038 = ORIENTED_EDGE('',*,*,#17039,.T.);
#17039 = EDGE_CURVE('',#4634,#9583,#17040,.T.);
#17040 = LINE('',#17041,#17042);
#17041 = CARTESIAN_POINT('',(247.3,207.420998,-4.6E-02));
#17042 = VECTOR('',#17043,1.);
#17043 = DIRECTION('',(0.,0.,1.));
#17044 = ORIENTED_EDGE('',*,*,#9582,.F.);
#17045 = ORIENTED_EDGE('',*,*,#17039,.F.);
#17046 = CYLINDRICAL_SURFACE('',#17047,0.5969);
#17047 = AXIS2_PLACEMENT_3D('',#17048,#17049,#17050);
#17048 = CARTESIAN_POINT('',(247.3,208.017898,-4.6E-02));
#17049 = DIRECTION('',(-0.,-0.,-1.));
#17050 = DIRECTION('',(-0.,-1.,0.));
#17051 = ADVANCED_FACE('',(#17052),#17063,.F.);
#17052 = FACE_BOUND('',#17053,.T.);
#17053 = EDGE_LOOP('',(#17054,#17055,#17061,#17062));
#17054 = ORIENTED_EDGE('',*,*,#4644,.T.);
#17055 = ORIENTED_EDGE('',*,*,#17056,.T.);
#17056 = EDGE_CURVE('',#4645,#9594,#17057,.T.);
#17057 = LINE('',#17058,#17059);
#17058 = CARTESIAN_POINT('',(243.707898,211.0131,-4.6E-02));
#17059 = VECTOR('',#17060,1.);
#17060 = DIRECTION('',(0.,0.,1.));
#17061 = ORIENTED_EDGE('',*,*,#9593,.F.);
#17062 = ORIENTED_EDGE('',*,*,#17056,.F.);
#17063 = CYLINDRICAL_SURFACE('',#17064,0.5969);
#17064 = AXIS2_PLACEMENT_3D('',#17065,#17066,#17067);
#17065 = CARTESIAN_POINT('',(243.707898,211.61,-4.6E-02));
#17066 = DIRECTION('',(-0.,-0.,-1.));
#17067 = DIRECTION('',(-0.,-1.,0.));
#17068 = ADVANCED_FACE('',(#17069),#17080,.F.);
#17069 = FACE_BOUND('',#17070,.T.);
#17070 = EDGE_LOOP('',(#17071,#17072,#17078,#17079));
#17071 = ORIENTED_EDGE('',*,*,#4655,.T.);
#17072 = ORIENTED_EDGE('',*,*,#17073,.T.);
#17073 = EDGE_CURVE('',#4656,#9605,#17074,.T.);
#17074 = LINE('',#17075,#17076);
#17075 = CARTESIAN_POINT('',(250.892102,211.0131,-4.6E-02));
#17076 = VECTOR('',#17077,1.);
#17077 = DIRECTION('',(0.,0.,1.));
#17078 = ORIENTED_EDGE('',*,*,#9604,.F.);
#17079 = ORIENTED_EDGE('',*,*,#17073,.F.);
#17080 = CYLINDRICAL_SURFACE('',#17081,0.5969);
#17081 = AXIS2_PLACEMENT_3D('',#17082,#17083,#17084);
#17082 = CARTESIAN_POINT('',(250.892102,211.61,-4.6E-02));
#17083 = DIRECTION('',(-0.,-0.,-1.));
#17084 = DIRECTION('',(-0.,-1.,0.));
#17085 = ADVANCED_FACE('',(#17086),#17097,.F.);
#17086 = FACE_BOUND('',#17087,.T.);
#17087 = EDGE_LOOP('',(#17088,#17089,#17095,#17096));
#17088 = ORIENTED_EDGE('',*,*,#4666,.T.);
#17089 = ORIENTED_EDGE('',*,*,#17090,.T.);
#17090 = EDGE_CURVE('',#4667,#9616,#17091,.T.);
#17091 = LINE('',#17092,#17093);
#17092 = CARTESIAN_POINT('',(247.3,214.605202,-4.6E-02));
#17093 = VECTOR('',#17094,1.);
#17094 = DIRECTION('',(0.,0.,1.));
#17095 = ORIENTED_EDGE('',*,*,#9615,.F.);
#17096 = ORIENTED_EDGE('',*,*,#17090,.F.);
#17097 = CYLINDRICAL_SURFACE('',#17098,0.5969);
#17098 = AXIS2_PLACEMENT_3D('',#17099,#17100,#17101);
#17099 = CARTESIAN_POINT('',(247.3,215.202102,-4.6E-02));
#17100 = DIRECTION('',(-0.,-0.,-1.));
#17101 = DIRECTION('',(-0.,-1.,0.));
#17102 = ADVANCED_FACE('',(#17103),#17114,.F.);
#17103 = FACE_BOUND('',#17104,.T.);
#17104 = EDGE_LOOP('',(#17105,#17106,#17112,#17113));
#17105 = ORIENTED_EDGE('',*,*,#4677,.T.);
#17106 = ORIENTED_EDGE('',*,*,#17107,.T.);
#17107 = EDGE_CURVE('',#4678,#9627,#17108,.T.);
#17108 = LINE('',#17109,#17110);
#17109 = CARTESIAN_POINT('',(245.55,221.420998,-4.6E-02));
#17110 = VECTOR('',#17111,1.);
#17111 = DIRECTION('',(0.,0.,1.));
#17112 = ORIENTED_EDGE('',*,*,#9626,.F.);
#17113 = ORIENTED_EDGE('',*,*,#17107,.F.);
#17114 = CYLINDRICAL_SURFACE('',#17115,0.5969);
#17115 = AXIS2_PLACEMENT_3D('',#17116,#17117,#17118);
#17116 = CARTESIAN_POINT('',(245.55,222.017898,-4.6E-02));
#17117 = DIRECTION('',(-0.,-0.,-1.));
#17118 = DIRECTION('',(-0.,-1.,0.));
#17119 = ADVANCED_FACE('',(#17120),#17131,.F.);
#17120 = FACE_BOUND('',#17121,.T.);
#17121 = EDGE_LOOP('',(#17122,#17123,#17129,#17130));
#17122 = ORIENTED_EDGE('',*,*,#4688,.T.);
#17123 = ORIENTED_EDGE('',*,*,#17124,.T.);
#17124 = EDGE_CURVE('',#4689,#9638,#17125,.T.);
#17125 = LINE('',#17126,#17127);
#17126 = CARTESIAN_POINT('',(129.191268,226.546795,-4.6E-02));
#17127 = VECTOR('',#17128,1.);
#17128 = DIRECTION('',(0.,0.,1.));
#17129 = ORIENTED_EDGE('',*,*,#9637,.F.);
#17130 = ORIENTED_EDGE('',*,*,#17124,.F.);
#17131 = CYLINDRICAL_SURFACE('',#17132,0.5969);
#17132 = AXIS2_PLACEMENT_3D('',#17133,#17134,#17135);
#17133 = CARTESIAN_POINT('',(129.191268,227.143695,-4.6E-02));
#17134 = DIRECTION('',(-0.,-0.,-1.));
#17135 = DIRECTION('',(-0.,-1.,0.));
#17136 = ADVANCED_FACE('',(#17137),#17148,.F.);
#17137 = FACE_BOUND('',#17138,.T.);
#17138 = EDGE_LOOP('',(#17139,#17140,#17146,#17147));
#17139 = ORIENTED_EDGE('',*,*,#4699,.T.);
#17140 = ORIENTED_EDGE('',*,*,#17141,.T.);
#17141 = EDGE_CURVE('',#4700,#9649,#17142,.T.);
#17142 = LINE('',#17143,#17144);
#17143 = CARTESIAN_POINT('',(139.157976,236.423015,-4.6E-02));
#17144 = VECTOR('',#17145,1.);
#17145 = DIRECTION('',(0.,0.,1.));
#17146 = ORIENTED_EDGE('',*,*,#9648,.F.);
#17147 = ORIENTED_EDGE('',*,*,#17141,.F.);
#17148 = CYLINDRICAL_SURFACE('',#17149,0.5969);
#17149 = AXIS2_PLACEMENT_3D('',#17150,#17151,#17152);
#17150 = CARTESIAN_POINT('',(139.157976,237.019915,-4.6E-02));
#17151 = DIRECTION('',(-0.,-0.,-1.));
#17152 = DIRECTION('',(-4.761552928532E-14,-1.,0.));
#17153 = ADVANCED_FACE('',(#17154),#17165,.F.);
#17154 = FACE_BOUND('',#17155,.T.);
#17155 = EDGE_LOOP('',(#17156,#17157,#17163,#17164));
#17156 = ORIENTED_EDGE('',*,*,#4710,.T.);
#17157 = ORIENTED_EDGE('',*,*,#17158,.T.);
#17158 = EDGE_CURVE('',#4711,#9660,#17159,.T.);
#17159 = LINE('',#17160,#17161);
#17160 = CARTESIAN_POINT('',(142.750078,232.830913,-4.6E-02));
#17161 = VECTOR('',#17162,1.);
#17162 = DIRECTION('',(0.,0.,1.));
#17163 = ORIENTED_EDGE('',*,*,#9659,.F.);
#17164 = ORIENTED_EDGE('',*,*,#17158,.F.);
#17165 = CYLINDRICAL_SURFACE('',#17166,0.5969);
#17166 = AXIS2_PLACEMENT_3D('',#17167,#17168,#17169);
#17167 = CARTESIAN_POINT('',(142.750078,233.427813,-4.6E-02));
#17168 = DIRECTION('',(-0.,-0.,-1.));
#17169 = DIRECTION('',(-0.,-1.,0.));
#17170 = ADVANCED_FACE('',(#17171),#17182,.F.);
#17171 = FACE_BOUND('',#17172,.T.);
#17172 = EDGE_LOOP('',(#17173,#17174,#17180,#17181));
#17173 = ORIENTED_EDGE('',*,*,#4721,.T.);
#17174 = ORIENTED_EDGE('',*,*,#17175,.T.);
#17175 = EDGE_CURVE('',#4722,#9671,#17176,.T.);
#17176 = LINE('',#17177,#17178);
#17177 = CARTESIAN_POINT('',(142.750078,240.015117,-4.6E-02));
#17178 = VECTOR('',#17179,1.);
#17179 = DIRECTION('',(0.,0.,1.));
#17180 = ORIENTED_EDGE('',*,*,#9670,.F.);
#17181 = ORIENTED_EDGE('',*,*,#17175,.F.);
#17182 = CYLINDRICAL_SURFACE('',#17183,0.5969);
#17183 = AXIS2_PLACEMENT_3D('',#17184,#17185,#17186);
#17184 = CARTESIAN_POINT('',(142.750078,240.612017,-4.6E-02));
#17185 = DIRECTION('',(-0.,-0.,-1.));
#17186 = DIRECTION('',(-0.,-1.,0.));
#17187 = ADVANCED_FACE('',(#17188),#17199,.F.);
#17188 = FACE_BOUND('',#17189,.T.);
#17189 = EDGE_LOOP('',(#17190,#17191,#17197,#17198));
#17190 = ORIENTED_EDGE('',*,*,#4732,.T.);
#17191 = ORIENTED_EDGE('',*,*,#17192,.T.);
#17192 = EDGE_CURVE('',#4733,#9682,#17193,.T.);
#17193 = LINE('',#17194,#17195);
#17194 = CARTESIAN_POINT('',(146.34218,236.423015,-4.6E-02));
#17195 = VECTOR('',#17196,1.);
#17196 = DIRECTION('',(0.,0.,1.));
#17197 = ORIENTED_EDGE('',*,*,#9681,.F.);
#17198 = ORIENTED_EDGE('',*,*,#17192,.F.);
#17199 = CYLINDRICAL_SURFACE('',#17200,0.5969);
#17200 = AXIS2_PLACEMENT_3D('',#17201,#17202,#17203);
#17201 = CARTESIAN_POINT('',(146.34218,237.019915,-4.6E-02));
#17202 = DIRECTION('',(-0.,0.,-1.));
#17203 = DIRECTION('',(4.761552928532E-14,-1.,-0.));
#17204 = ADVANCED_FACE('',(#17205),#17216,.F.);
#17205 = FACE_BOUND('',#17206,.T.);
#17206 = EDGE_LOOP('',(#17207,#17208,#17214,#17215));
#17207 = ORIENTED_EDGE('',*,*,#4743,.T.);
#17208 = ORIENTED_EDGE('',*,*,#17209,.T.);
#17209 = EDGE_CURVE('',#4744,#9693,#17210,.T.);
#17210 = LINE('',#17211,#17212);
#17211 = CARTESIAN_POINT('',(151.937898,238.0431,-4.6E-02));
#17212 = VECTOR('',#17213,1.);
#17213 = DIRECTION('',(0.,0.,1.));
#17214 = ORIENTED_EDGE('',*,*,#9692,.F.);
#17215 = ORIENTED_EDGE('',*,*,#17209,.F.);
#17216 = CYLINDRICAL_SURFACE('',#17217,0.5969);
#17217 = AXIS2_PLACEMENT_3D('',#17218,#17219,#17220);
#17218 = CARTESIAN_POINT('',(151.937898,238.64,-4.6E-02));
#17219 = DIRECTION('',(-0.,-0.,-1.));
#17220 = DIRECTION('',(-4.761552928532E-14,-1.,0.));
#17221 = ADVANCED_FACE('',(#17222),#17233,.F.);
#17222 = FACE_BOUND('',#17223,.T.);
#17223 = EDGE_LOOP('',(#17224,#17225,#17231,#17232));
#17224 = ORIENTED_EDGE('',*,*,#4754,.T.);
#17225 = ORIENTED_EDGE('',*,*,#17226,.T.);
#17226 = EDGE_CURVE('',#4755,#9704,#17227,.T.);
#17227 = LINE('',#17228,#17229);
#17228 = CARTESIAN_POINT('',(155.53,234.450998,-4.6E-02));
#17229 = VECTOR('',#17230,1.);
#17230 = DIRECTION('',(0.,0.,1.));
#17231 = ORIENTED_EDGE('',*,*,#9703,.F.);
#17232 = ORIENTED_EDGE('',*,*,#17226,.F.);
#17233 = CYLINDRICAL_SURFACE('',#17234,0.5969);
#17234 = AXIS2_PLACEMENT_3D('',#17235,#17236,#17237);
#17235 = CARTESIAN_POINT('',(155.53,235.047898,-4.6E-02));
#17236 = DIRECTION('',(-0.,-0.,-1.));
#17237 = DIRECTION('',(-0.,-1.,0.));
#17238 = ADVANCED_FACE('',(#17239),#17250,.F.);
#17239 = FACE_BOUND('',#17240,.T.);
#17240 = EDGE_LOOP('',(#17241,#17242,#17248,#17249));
#17241 = ORIENTED_EDGE('',*,*,#4765,.T.);
#17242 = ORIENTED_EDGE('',*,*,#17243,.T.);
#17243 = EDGE_CURVE('',#4766,#9715,#17244,.T.);
#17244 = LINE('',#17245,#17246);
#17245 = CARTESIAN_POINT('',(155.53,241.635202,-4.6E-02));
#17246 = VECTOR('',#17247,1.);
#17247 = DIRECTION('',(0.,0.,1.));
#17248 = ORIENTED_EDGE('',*,*,#9714,.F.);
#17249 = ORIENTED_EDGE('',*,*,#17243,.F.);
#17250 = CYLINDRICAL_SURFACE('',#17251,0.5969);
#17251 = AXIS2_PLACEMENT_3D('',#17252,#17253,#17254);
#17252 = CARTESIAN_POINT('',(155.53,242.232102,-4.6E-02));
#17253 = DIRECTION('',(-0.,-0.,-1.));
#17254 = DIRECTION('',(-0.,-1.,0.));
#17255 = ADVANCED_FACE('',(#17256),#17267,.F.);
#17256 = FACE_BOUND('',#17257,.T.);
#17257 = EDGE_LOOP('',(#17258,#17259,#17265,#17266));
#17258 = ORIENTED_EDGE('',*,*,#4776,.T.);
#17259 = ORIENTED_EDGE('',*,*,#17260,.T.);
#17260 = EDGE_CURVE('',#4777,#9726,#17261,.T.);
#17261 = LINE('',#17262,#17263);
#17262 = CARTESIAN_POINT('',(159.122102,238.0431,-4.6E-02));
#17263 = VECTOR('',#17264,1.);
#17264 = DIRECTION('',(0.,0.,1.));
#17265 = ORIENTED_EDGE('',*,*,#9725,.F.);
#17266 = ORIENTED_EDGE('',*,*,#17260,.F.);
#17267 = CYLINDRICAL_SURFACE('',#17268,0.5969);
#17268 = AXIS2_PLACEMENT_3D('',#17269,#17270,#17271);
#17269 = CARTESIAN_POINT('',(159.122102,238.64,-4.6E-02));
#17270 = DIRECTION('',(-0.,0.,-1.));
#17271 = DIRECTION('',(4.761552928532E-14,-1.,-0.));
#17272 = ADVANCED_FACE('',(#17273),#17284,.F.);
#17273 = FACE_BOUND('',#17274,.T.);
#17274 = EDGE_LOOP('',(#17275,#17276,#17282,#17283));
#17275 = ORIENTED_EDGE('',*,*,#4787,.T.);
#17276 = ORIENTED_EDGE('',*,*,#17277,.T.);
#17277 = EDGE_CURVE('',#4788,#9737,#17278,.T.);
#17278 = LINE('',#17279,#17280);
#17279 = CARTESIAN_POINT('',(165.447898,224.5431,-4.6E-02));
#17280 = VECTOR('',#17281,1.);
#17281 = DIRECTION('',(0.,0.,1.));
#17282 = ORIENTED_EDGE('',*,*,#9736,.F.);
#17283 = ORIENTED_EDGE('',*,*,#17277,.F.);
#17284 = CYLINDRICAL_SURFACE('',#17285,0.5969);
#17285 = AXIS2_PLACEMENT_3D('',#17286,#17287,#17288);
#17286 = CARTESIAN_POINT('',(165.447898,225.14,-4.6E-02));
#17287 = DIRECTION('',(-0.,-0.,-1.));
#17288 = DIRECTION('',(-0.,-1.,0.));
#17289 = ADVANCED_FACE('',(#17290),#17301,.F.);
#17290 = FACE_BOUND('',#17291,.T.);
#17291 = EDGE_LOOP('',(#17292,#17293,#17299,#17300));
#17292 = ORIENTED_EDGE('',*,*,#4798,.T.);
#17293 = ORIENTED_EDGE('',*,*,#17294,.T.);
#17294 = EDGE_CURVE('',#4799,#9748,#17295,.T.);
#17295 = LINE('',#17296,#17297);
#17296 = CARTESIAN_POINT('',(169.04,228.135202,-4.6E-02));
#17297 = VECTOR('',#17298,1.);
#17298 = DIRECTION('',(0.,0.,1.));
#17299 = ORIENTED_EDGE('',*,*,#9747,.F.);
#17300 = ORIENTED_EDGE('',*,*,#17294,.F.);
#17301 = CYLINDRICAL_SURFACE('',#17302,0.5969);
#17302 = AXIS2_PLACEMENT_3D('',#17303,#17304,#17305);
#17303 = CARTESIAN_POINT('',(169.04,228.732102,-4.6E-02));
#17304 = DIRECTION('',(-0.,-0.,-1.));
#17305 = DIRECTION('',(-0.,-1.,0.));
#17306 = ADVANCED_FACE('',(#17307),#17318,.F.);
#17307 = FACE_BOUND('',#17308,.T.);
#17308 = EDGE_LOOP('',(#17309,#17310,#17316,#17317));
#17309 = ORIENTED_EDGE('',*,*,#4809,.T.);
#17310 = ORIENTED_EDGE('',*,*,#17311,.T.);
#17311 = EDGE_CURVE('',#4810,#9759,#17312,.T.);
#17312 = LINE('',#17313,#17314);
#17313 = CARTESIAN_POINT('',(172.632102,224.5431,-4.6E-02));
#17314 = VECTOR('',#17315,1.);
#17315 = DIRECTION('',(0.,0.,1.));
#17316 = ORIENTED_EDGE('',*,*,#9758,.F.);
#17317 = ORIENTED_EDGE('',*,*,#17311,.F.);
#17318 = CYLINDRICAL_SURFACE('',#17319,0.5969);
#17319 = AXIS2_PLACEMENT_3D('',#17320,#17321,#17322);
#17320 = CARTESIAN_POINT('',(172.632102,225.14,-4.6E-02));
#17321 = DIRECTION('',(-0.,-0.,-1.));
#17322 = DIRECTION('',(-0.,-1.,0.));
#17323 = ADVANCED_FACE('',(#17324),#17335,.F.);
#17324 = FACE_BOUND('',#17325,.T.);
#17325 = EDGE_LOOP('',(#17326,#17327,#17333,#17334));
#17326 = ORIENTED_EDGE('',*,*,#4820,.T.);
#17327 = ORIENTED_EDGE('',*,*,#17328,.T.);
#17328 = EDGE_CURVE('',#4821,#9770,#17329,.T.);
#17329 = LINE('',#17330,#17331);
#17330 = CARTESIAN_POINT('',(179.13,276.1,-4.6E-02));
#17331 = VECTOR('',#17332,1.);
#17332 = DIRECTION('',(0.,0.,1.));
#17333 = ORIENTED_EDGE('',*,*,#9769,.F.);
#17334 = ORIENTED_EDGE('',*,*,#17328,.F.);
#17335 = CYLINDRICAL_SURFACE('',#17336,0.5);
#17336 = AXIS2_PLACEMENT_3D('',#17337,#17338,#17339);
#17337 = CARTESIAN_POINT('',(179.13,276.6,-4.6E-02));
#17338 = DIRECTION('',(-0.,-0.,-1.));
#17339 = DIRECTION('',(-0.,-1.,0.));
#17340 = ADVANCED_FACE('',(#17341),#17352,.F.);
#17341 = FACE_BOUND('',#17342,.T.);
#17342 = EDGE_LOOP('',(#17343,#17344,#17350,#17351));
#17343 = ORIENTED_EDGE('',*,*,#4831,.T.);
#17344 = ORIENTED_EDGE('',*,*,#17345,.T.);
#17345 = EDGE_CURVE('',#4832,#9781,#17346,.T.);
#17346 = LINE('',#17347,#17348);
#17347 = CARTESIAN_POINT('',(181.67,276.1,-4.6E-02));
#17348 = VECTOR('',#17349,1.);
#17349 = DIRECTION('',(0.,0.,1.));
#17350 = ORIENTED_EDGE('',*,*,#9780,.F.);
#17351 = ORIENTED_EDGE('',*,*,#17345,.F.);
#17352 = CYLINDRICAL_SURFACE('',#17353,0.5);
#17353 = AXIS2_PLACEMENT_3D('',#17354,#17355,#17356);
#17354 = CARTESIAN_POINT('',(181.67,276.6,-4.6E-02));
#17355 = DIRECTION('',(-0.,-0.,-1.));
#17356 = DIRECTION('',(-0.,-1.,0.));
#17357 = ADVANCED_FACE('',(#17358),#17369,.F.);
#17358 = FACE_BOUND('',#17359,.T.);
#17359 = EDGE_LOOP('',(#17360,#17361,#17367,#17368));
#17360 = ORIENTED_EDGE('',*,*,#4842,.T.);
#17361 = ORIENTED_EDGE('',*,*,#17362,.T.);
#17362 = EDGE_CURVE('',#4843,#9792,#17363,.T.);
#17363 = LINE('',#17364,#17365);
#17364 = CARTESIAN_POINT('',(189.63,276.1,-4.6E-02));
#17365 = VECTOR('',#17366,1.);
#17366 = DIRECTION('',(0.,0.,1.));
#17367 = ORIENTED_EDGE('',*,*,#9791,.F.);
#17368 = ORIENTED_EDGE('',*,*,#17362,.F.);
#17369 = CYLINDRICAL_SURFACE('',#17370,0.5);
#17370 = AXIS2_PLACEMENT_3D('',#17371,#17372,#17373);
#17371 = CARTESIAN_POINT('',(189.63,276.6,-4.6E-02));
#17372 = DIRECTION('',(-0.,-0.,-1.));
#17373 = DIRECTION('',(-0.,-1.,0.));
#17374 = ADVANCED_FACE('',(#17375),#17386,.F.);
#17375 = FACE_BOUND('',#17376,.T.);
#17376 = EDGE_LOOP('',(#17377,#17378,#17384,#17385));
#17377 = ORIENTED_EDGE('',*,*,#4853,.T.);
#17378 = ORIENTED_EDGE('',*,*,#17379,.T.);
#17379 = EDGE_CURVE('',#4854,#9803,#17380,.T.);
#17380 = LINE('',#17381,#17382);
#17381 = CARTESIAN_POINT('',(192.17,276.1,-4.6E-02));
#17382 = VECTOR('',#17383,1.);
#17383 = DIRECTION('',(0.,0.,1.));
#17384 = ORIENTED_EDGE('',*,*,#9802,.F.);
#17385 = ORIENTED_EDGE('',*,*,#17379,.F.);
#17386 = CYLINDRICAL_SURFACE('',#17387,0.5);
#17387 = AXIS2_PLACEMENT_3D('',#17388,#17389,#17390);
#17388 = CARTESIAN_POINT('',(192.17,276.6,-4.6E-02));
#17389 = DIRECTION('',(-0.,-0.,-1.));
#17390 = DIRECTION('',(-0.,-1.,0.));
#17391 = ADVANCED_FACE('',(#17392),#17403,.F.);
#17392 = FACE_BOUND('',#17393,.T.);
#17393 = EDGE_LOOP('',(#17394,#17395,#17401,#17402));
#17394 = ORIENTED_EDGE('',*,*,#4864,.T.);
#17395 = ORIENTED_EDGE('',*,*,#17396,.T.);
#17396 = EDGE_CURVE('',#4865,#9814,#17397,.T.);
#17397 = LINE('',#17398,#17399);
#17398 = CARTESIAN_POINT('',(185.27,285.13,-4.6E-02));
#17399 = VECTOR('',#17400,1.);
#17400 = DIRECTION('',(0.,0.,1.));
#17401 = ORIENTED_EDGE('',*,*,#9813,.F.);
#17402 = ORIENTED_EDGE('',*,*,#17396,.F.);
#17403 = CYLINDRICAL_SURFACE('',#17404,0.5);
#17404 = AXIS2_PLACEMENT_3D('',#17405,#17406,#17407);
#17405 = CARTESIAN_POINT('',(185.27,285.63,-4.6E-02));
#17406 = DIRECTION('',(-0.,-0.,-1.));
#17407 = DIRECTION('',(-0.,-1.,0.));
#17408 = ADVANCED_FACE('',(#17409),#17420,.F.);
#17409 = FACE_BOUND('',#17410,.T.);
#17410 = EDGE_LOOP('',(#17411,#17412,#17418,#17419));
#17411 = ORIENTED_EDGE('',*,*,#4875,.T.);
#17412 = ORIENTED_EDGE('',*,*,#17413,.T.);
#17413 = EDGE_CURVE('',#4876,#9825,#17414,.T.);
#17414 = LINE('',#17415,#17416);
#17415 = CARTESIAN_POINT('',(187.81,285.13,-4.6E-02));
#17416 = VECTOR('',#17417,1.);
#17417 = DIRECTION('',(0.,0.,1.));
#17418 = ORIENTED_EDGE('',*,*,#9824,.F.);
#17419 = ORIENTED_EDGE('',*,*,#17413,.F.);
#17420 = CYLINDRICAL_SURFACE('',#17421,0.5);
#17421 = AXIS2_PLACEMENT_3D('',#17422,#17423,#17424);
#17422 = CARTESIAN_POINT('',(187.81,285.63,-4.6E-02));
#17423 = DIRECTION('',(-0.,-0.,-1.));
#17424 = DIRECTION('',(-0.,-1.,0.));
#17425 = ADVANCED_FACE('',(#17426),#17437,.F.);
#17426 = FACE_BOUND('',#17427,.T.);
#17427 = EDGE_LOOP('',(#17428,#17429,#17435,#17436));
#17428 = ORIENTED_EDGE('',*,*,#4886,.T.);
#17429 = ORIENTED_EDGE('',*,*,#17430,.T.);
#17430 = EDGE_CURVE('',#4887,#9836,#17431,.T.);
#17431 = LINE('',#17432,#17433);
#17432 = CARTESIAN_POINT('',(205.15,226.405202,-4.6E-02));
#17433 = VECTOR('',#17434,1.);
#17434 = DIRECTION('',(0.,0.,1.));
#17435 = ORIENTED_EDGE('',*,*,#9835,.F.);
#17436 = ORIENTED_EDGE('',*,*,#17430,.F.);
#17437 = CYLINDRICAL_SURFACE('',#17438,0.5969);
#17438 = AXIS2_PLACEMENT_3D('',#17439,#17440,#17441);
#17439 = CARTESIAN_POINT('',(205.15,227.002102,-4.6E-02));
#17440 = DIRECTION('',(-0.,-0.,-1.));
#17441 = DIRECTION('',(-0.,-1.,0.));
#17442 = ADVANCED_FACE('',(#17443),#17454,.F.);
#17443 = FACE_BOUND('',#17444,.T.);
#17444 = EDGE_LOOP('',(#17445,#17446,#17452,#17453));
#17445 = ORIENTED_EDGE('',*,*,#4897,.T.);
#17446 = ORIENTED_EDGE('',*,*,#17447,.T.);
#17447 = EDGE_CURVE('',#4898,#9847,#17448,.T.);
#17448 = LINE('',#17449,#17450);
#17449 = CARTESIAN_POINT('',(215.057898,236.4131,-4.6E-02));
#17450 = VECTOR('',#17451,1.);
#17451 = DIRECTION('',(0.,0.,1.));
#17452 = ORIENTED_EDGE('',*,*,#9846,.F.);
#17453 = ORIENTED_EDGE('',*,*,#17447,.F.);
#17454 = CYLINDRICAL_SURFACE('',#17455,0.5969);
#17455 = AXIS2_PLACEMENT_3D('',#17456,#17457,#17458);
#17456 = CARTESIAN_POINT('',(215.057898,237.01,-4.6E-02));
#17457 = DIRECTION('',(-0.,-0.,-1.));
#17458 = DIRECTION('',(-0.,-1.,0.));
#17459 = ADVANCED_FACE('',(#17460),#17471,.F.);
#17460 = FACE_BOUND('',#17461,.T.);
#17461 = EDGE_LOOP('',(#17462,#17463,#17469,#17470));
#17462 = ORIENTED_EDGE('',*,*,#4908,.T.);
#17463 = ORIENTED_EDGE('',*,*,#17464,.T.);
#17464 = EDGE_CURVE('',#4909,#9858,#17465,.T.);
#17465 = LINE('',#17466,#17467);
#17466 = CARTESIAN_POINT('',(218.65,232.820998,-4.6E-02));
#17467 = VECTOR('',#17468,1.);
#17468 = DIRECTION('',(0.,0.,1.));
#17469 = ORIENTED_EDGE('',*,*,#9857,.F.);
#17470 = ORIENTED_EDGE('',*,*,#17464,.F.);
#17471 = CYLINDRICAL_SURFACE('',#17472,0.5969);
#17472 = AXIS2_PLACEMENT_3D('',#17473,#17474,#17475);
#17473 = CARTESIAN_POINT('',(218.65,233.417898,-4.6E-02));
#17474 = DIRECTION('',(-0.,-0.,-1.));
#17475 = DIRECTION('',(-0.,-1.,0.));
#17476 = ADVANCED_FACE('',(#17477),#17488,.F.);
#17477 = FACE_BOUND('',#17478,.T.);
#17478 = EDGE_LOOP('',(#17479,#17480,#17486,#17487));
#17479 = ORIENTED_EDGE('',*,*,#4919,.T.);
#17480 = ORIENTED_EDGE('',*,*,#17481,.T.);
#17481 = EDGE_CURVE('',#4920,#9869,#17482,.T.);
#17482 = LINE('',#17483,#17484);
#17483 = CARTESIAN_POINT('',(222.242102,236.4131,-4.6E-02));
#17484 = VECTOR('',#17485,1.);
#17485 = DIRECTION('',(0.,0.,1.));
#17486 = ORIENTED_EDGE('',*,*,#9868,.F.);
#17487 = ORIENTED_EDGE('',*,*,#17481,.F.);
#17488 = CYLINDRICAL_SURFACE('',#17489,0.5969);
#17489 = AXIS2_PLACEMENT_3D('',#17490,#17491,#17492);
#17490 = CARTESIAN_POINT('',(222.242102,237.01,-4.6E-02));
#17491 = DIRECTION('',(-0.,-0.,-1.));
#17492 = DIRECTION('',(-0.,-1.,0.));
#17493 = ADVANCED_FACE('',(#17494),#17505,.F.);
#17494 = FACE_BOUND('',#17495,.T.);
#17495 = EDGE_LOOP('',(#17496,#17497,#17503,#17504));
#17496 = ORIENTED_EDGE('',*,*,#4930,.T.);
#17497 = ORIENTED_EDGE('',*,*,#17498,.T.);
#17498 = EDGE_CURVE('',#4931,#9880,#17499,.T.);
#17499 = LINE('',#17500,#17501);
#17500 = CARTESIAN_POINT('',(218.65,240.005202,-4.6E-02));
#17501 = VECTOR('',#17502,1.);
#17502 = DIRECTION('',(0.,0.,1.));
#17503 = ORIENTED_EDGE('',*,*,#9879,.F.);
#17504 = ORIENTED_EDGE('',*,*,#17498,.F.);
#17505 = CYLINDRICAL_SURFACE('',#17506,0.5969);
#17506 = AXIS2_PLACEMENT_3D('',#17507,#17508,#17509);
#17507 = CARTESIAN_POINT('',(218.65,240.602102,-4.6E-02));
#17508 = DIRECTION('',(-0.,-0.,-1.));
#17509 = DIRECTION('',(-0.,-1.,0.));
#17510 = ADVANCED_FACE('',(#17511),#17522,.F.);
#17511 = FACE_BOUND('',#17512,.T.);
#17512 = EDGE_LOOP('',(#17513,#17514,#17520,#17521));
#17513 = ORIENTED_EDGE('',*,*,#4941,.T.);
#17514 = ORIENTED_EDGE('',*,*,#17515,.T.);
#17515 = EDGE_CURVE('',#4942,#9891,#17516,.T.);
#17516 = LINE('',#17517,#17518);
#17517 = CARTESIAN_POINT('',(232.,234.920998,-4.6E-02));
#17518 = VECTOR('',#17519,1.);
#17519 = DIRECTION('',(0.,0.,1.));
#17520 = ORIENTED_EDGE('',*,*,#9890,.F.);
#17521 = ORIENTED_EDGE('',*,*,#17515,.F.);
#17522 = CYLINDRICAL_SURFACE('',#17523,0.5969);
#17523 = AXIS2_PLACEMENT_3D('',#17524,#17525,#17526);
#17524 = CARTESIAN_POINT('',(232.,235.517898,-4.6E-02));
#17525 = DIRECTION('',(-0.,-0.,-1.));
#17526 = DIRECTION('',(-0.,-1.,0.));
#17527 = ADVANCED_FACE('',(#17528),#17539,.F.);
#17528 = FACE_BOUND('',#17529,.T.);
#17529 = EDGE_LOOP('',(#17530,#17531,#17537,#17538));
#17530 = ORIENTED_EDGE('',*,*,#4952,.T.);
#17531 = ORIENTED_EDGE('',*,*,#17532,.T.);
#17532 = EDGE_CURVE('',#4953,#9902,#17533,.T.);
#17533 = LINE('',#17534,#17535);
#17534 = CARTESIAN_POINT('',(228.407898,238.5131,-4.6E-02));
#17535 = VECTOR('',#17536,1.);
#17536 = DIRECTION('',(0.,0.,1.));
#17537 = ORIENTED_EDGE('',*,*,#9901,.F.);
#17538 = ORIENTED_EDGE('',*,*,#17532,.F.);
#17539 = CYLINDRICAL_SURFACE('',#17540,0.5969);
#17540 = AXIS2_PLACEMENT_3D('',#17541,#17542,#17543);
#17541 = CARTESIAN_POINT('',(228.407898,239.11,-4.6E-02));
#17542 = DIRECTION('',(-0.,-0.,-1.));
#17543 = DIRECTION('',(-0.,-1.,0.));
#17544 = ADVANCED_FACE('',(#17545),#17556,.F.);
#17545 = FACE_BOUND('',#17546,.T.);
#17546 = EDGE_LOOP('',(#17547,#17548,#17554,#17555));
#17547 = ORIENTED_EDGE('',*,*,#4963,.T.);
#17548 = ORIENTED_EDGE('',*,*,#17549,.T.);
#17549 = EDGE_CURVE('',#4964,#9913,#17550,.T.);
#17550 = LINE('',#17551,#17552);
#17551 = CARTESIAN_POINT('',(235.592102,238.5131,-4.6E-02));
#17552 = VECTOR('',#17553,1.);
#17553 = DIRECTION('',(0.,0.,1.));
#17554 = ORIENTED_EDGE('',*,*,#9912,.F.);
#17555 = ORIENTED_EDGE('',*,*,#17549,.F.);
#17556 = CYLINDRICAL_SURFACE('',#17557,0.5969);
#17557 = AXIS2_PLACEMENT_3D('',#17558,#17559,#17560);
#17558 = CARTESIAN_POINT('',(235.592102,239.11,-4.6E-02));
#17559 = DIRECTION('',(-0.,-0.,-1.));
#17560 = DIRECTION('',(-0.,-1.,0.));
#17561 = ADVANCED_FACE('',(#17562),#17573,.F.);
#17562 = FACE_BOUND('',#17563,.T.);
#17563 = EDGE_LOOP('',(#17564,#17565,#17571,#17572));
#17564 = ORIENTED_EDGE('',*,*,#4974,.T.);
#17565 = ORIENTED_EDGE('',*,*,#17566,.T.);
#17566 = EDGE_CURVE('',#4975,#9924,#17567,.T.);
#17567 = LINE('',#17568,#17569);
#17568 = CARTESIAN_POINT('',(241.957898,225.0131,-4.6E-02));
#17569 = VECTOR('',#17570,1.);
#17570 = DIRECTION('',(0.,0.,1.));
#17571 = ORIENTED_EDGE('',*,*,#9923,.F.);
#17572 = ORIENTED_EDGE('',*,*,#17566,.F.);
#17573 = CYLINDRICAL_SURFACE('',#17574,0.5969);
#17574 = AXIS2_PLACEMENT_3D('',#17575,#17576,#17577);
#17575 = CARTESIAN_POINT('',(241.957898,225.61,-4.6E-02));
#17576 = DIRECTION('',(-0.,-0.,-1.));
#17577 = DIRECTION('',(-0.,-1.,0.));
#17578 = ADVANCED_FACE('',(#17579),#17590,.F.);
#17579 = FACE_BOUND('',#17580,.T.);
#17580 = EDGE_LOOP('',(#17581,#17582,#17588,#17589));
#17581 = ORIENTED_EDGE('',*,*,#4985,.T.);
#17582 = ORIENTED_EDGE('',*,*,#17583,.T.);
#17583 = EDGE_CURVE('',#4986,#9935,#17584,.T.);
#17584 = LINE('',#17585,#17586);
#17585 = CARTESIAN_POINT('',(249.142102,225.0131,-4.6E-02));
#17586 = VECTOR('',#17587,1.);
#17587 = DIRECTION('',(0.,0.,1.));
#17588 = ORIENTED_EDGE('',*,*,#9934,.F.);
#17589 = ORIENTED_EDGE('',*,*,#17583,.F.);
#17590 = CYLINDRICAL_SURFACE('',#17591,0.5969);
#17591 = AXIS2_PLACEMENT_3D('',#17592,#17593,#17594);
#17592 = CARTESIAN_POINT('',(249.142102,225.61,-4.6E-02));
#17593 = DIRECTION('',(-0.,-0.,-1.));
#17594 = DIRECTION('',(-0.,-1.,0.));
#17595 = ADVANCED_FACE('',(#17596),#17607,.F.);
#17596 = FACE_BOUND('',#17597,.T.);
#17597 = EDGE_LOOP('',(#17598,#17599,#17605,#17606));
#17598 = ORIENTED_EDGE('',*,*,#4996,.T.);
#17599 = ORIENTED_EDGE('',*,*,#17600,.T.);
#17600 = EDGE_CURVE('',#4997,#9946,#17601,.T.);
#17601 = LINE('',#17602,#17603);
#17602 = CARTESIAN_POINT('',(245.55,228.605202,-4.6E-02));
#17603 = VECTOR('',#17604,1.);
#17604 = DIRECTION('',(0.,0.,1.));
#17605 = ORIENTED_EDGE('',*,*,#9945,.F.);
#17606 = ORIENTED_EDGE('',*,*,#17600,.F.);
#17607 = CYLINDRICAL_SURFACE('',#17608,0.5969);
#17608 = AXIS2_PLACEMENT_3D('',#17609,#17610,#17611);
#17609 = CARTESIAN_POINT('',(245.55,229.202102,-4.6E-02));
#17610 = DIRECTION('',(-0.,-0.,-1.));
#17611 = DIRECTION('',(-0.,-1.,0.));
#17612 = ADVANCED_FACE('',(#17613),#17624,.F.);
#17613 = FACE_BOUND('',#17614,.T.);
#17614 = EDGE_LOOP('',(#17615,#17616,#17622,#17623));
#17615 = ORIENTED_EDGE('',*,*,#5007,.T.);
#17616 = ORIENTED_EDGE('',*,*,#17617,.T.);
#17617 = EDGE_CURVE('',#5008,#9957,#17618,.T.);
#17618 = LINE('',#17619,#17620);
#17619 = CARTESIAN_POINT('',(232.,242.105202,-4.6E-02));
#17620 = VECTOR('',#17621,1.);
#17621 = DIRECTION('',(0.,0.,1.));
#17622 = ORIENTED_EDGE('',*,*,#9956,.F.);
#17623 = ORIENTED_EDGE('',*,*,#17617,.F.);
#17624 = CYLINDRICAL_SURFACE('',#17625,0.5969);
#17625 = AXIS2_PLACEMENT_3D('',#17626,#17627,#17628);
#17626 = CARTESIAN_POINT('',(232.,242.702102,-4.6E-02));
#17627 = DIRECTION('',(-0.,-0.,-1.));
#17628 = DIRECTION('',(-0.,-1.,0.));
#17629 = ADVANCED_FACE('',(#17630),#17641,.F.);
#17630 = FACE_BOUND('',#17631,.T.);
#17631 = EDGE_LOOP('',(#17632,#17633,#17639,#17640));
#17632 = ORIENTED_EDGE('',*,*,#5018,.T.);
#17633 = ORIENTED_EDGE('',*,*,#17634,.T.);
#17634 = EDGE_CURVE('',#5019,#9968,#17635,.T.);
#17635 = LINE('',#17636,#17637);
#17636 = CARTESIAN_POINT('',(256.,248.4,-4.6E-02));
#17637 = VECTOR('',#17638,1.);
#17638 = DIRECTION('',(0.,0.,1.));
#17639 = ORIENTED_EDGE('',*,*,#9967,.F.);
#17640 = ORIENTED_EDGE('',*,*,#17634,.F.);
#17641 = CYLINDRICAL_SURFACE('',#17642,1.6);
#17642 = AXIS2_PLACEMENT_3D('',#17643,#17644,#17645);
#17643 = CARTESIAN_POINT('',(256.,250.,-4.6E-02));
#17644 = DIRECTION('',(-0.,-0.,-1.));
#17645 = DIRECTION('',(-0.,-1.,0.));
#17646 = ADVANCED_FACE('',(#17647),#17658,.F.);
#17647 = FACE_BOUND('',#17648,.T.);
#17648 = EDGE_LOOP('',(#17649,#17650,#17656,#17657));
#17649 = ORIENTED_EDGE('',*,*,#5029,.T.);
#17650 = ORIENTED_EDGE('',*,*,#17651,.T.);
#17651 = EDGE_CURVE('',#5030,#9979,#17652,.T.);
#17652 = LINE('',#17653,#17654);
#17653 = CARTESIAN_POINT('',(200.79,276.73,-4.6E-02));
#17654 = VECTOR('',#17655,1.);
#17655 = DIRECTION('',(0.,0.,1.));
#17656 = ORIENTED_EDGE('',*,*,#9978,.F.);
#17657 = ORIENTED_EDGE('',*,*,#17651,.F.);
#17658 = CYLINDRICAL_SURFACE('',#17659,0.5);
#17659 = AXIS2_PLACEMENT_3D('',#17660,#17661,#17662);
#17660 = CARTESIAN_POINT('',(200.79,277.23,-4.6E-02));
#17661 = DIRECTION('',(-0.,-0.,-1.));
#17662 = DIRECTION('',(-0.,-1.,0.));
#17663 = ADVANCED_FACE('',(#17664),#17675,.F.);
#17664 = FACE_BOUND('',#17665,.T.);
#17665 = EDGE_LOOP('',(#17666,#17667,#17673,#17674));
#17666 = ORIENTED_EDGE('',*,*,#5040,.T.);
#17667 = ORIENTED_EDGE('',*,*,#17668,.T.);
#17668 = EDGE_CURVE('',#5041,#9990,#17669,.T.);
#17669 = LINE('',#17670,#17671);
#17670 = CARTESIAN_POINT('',(203.33,276.73,-4.6E-02));
#17671 = VECTOR('',#17672,1.);
#17672 = DIRECTION('',(0.,0.,1.));
#17673 = ORIENTED_EDGE('',*,*,#9989,.F.);
#17674 = ORIENTED_EDGE('',*,*,#17668,.F.);
#17675 = CYLINDRICAL_SURFACE('',#17676,0.5);
#17676 = AXIS2_PLACEMENT_3D('',#17677,#17678,#17679);
#17677 = CARTESIAN_POINT('',(203.33,277.23,-4.6E-02));
#17678 = DIRECTION('',(-0.,-0.,-1.));
#17679 = DIRECTION('',(-0.,-1.,0.));
#17680 = ADVANCED_FACE('',(#17681),#17692,.F.);
#17681 = FACE_BOUND('',#17682,.T.);
#17682 = EDGE_LOOP('',(#17683,#17684,#17690,#17691));
#17683 = ORIENTED_EDGE('',*,*,#5051,.T.);
#17684 = ORIENTED_EDGE('',*,*,#17685,.T.);
#17685 = EDGE_CURVE('',#5052,#10001,#17686,.T.);
#17686 = LINE('',#17687,#17688);
#17687 = CARTESIAN_POINT('',(241.4,277.53,-4.6E-02));
#17688 = VECTOR('',#17689,1.);
#17689 = DIRECTION('',(0.,0.,1.));
#17690 = ORIENTED_EDGE('',*,*,#10000,.F.);
#17691 = ORIENTED_EDGE('',*,*,#17685,.F.);
#17692 = CYLINDRICAL_SURFACE('',#17693,0.5);
#17693 = AXIS2_PLACEMENT_3D('',#17694,#17695,#17696);
#17694 = CARTESIAN_POINT('',(241.4,278.03,-4.6E-02));
#17695 = DIRECTION('',(-0.,-0.,-1.));
#17696 = DIRECTION('',(-0.,-1.,0.));
#17697 = ADVANCED_FACE('',(#17698),#17709,.F.);
#17698 = FACE_BOUND('',#17699,.T.);
#17699 = EDGE_LOOP('',(#17700,#17701,#17707,#17708));
#17700 = ORIENTED_EDGE('',*,*,#5062,.T.);
#17701 = ORIENTED_EDGE('',*,*,#17702,.T.);
#17702 = EDGE_CURVE('',#5063,#10012,#17703,.T.);
#17703 = LINE('',#17704,#17705);
#17704 = CARTESIAN_POINT('',(243.94,277.53,-4.6E-02));
#17705 = VECTOR('',#17706,1.);
#17706 = DIRECTION('',(0.,0.,1.));
#17707 = ORIENTED_EDGE('',*,*,#10011,.F.);
#17708 = ORIENTED_EDGE('',*,*,#17702,.F.);
#17709 = CYLINDRICAL_SURFACE('',#17710,0.5);
#17710 = AXIS2_PLACEMENT_3D('',#17711,#17712,#17713);
#17711 = CARTESIAN_POINT('',(243.94,278.03,-4.6E-02));
#17712 = DIRECTION('',(-0.,-0.,-1.));
#17713 = DIRECTION('',(-0.,-1.,0.));
#17714 = ADVANCED_FACE('',(#17715),#17726,.F.);
#17715 = FACE_BOUND('',#17716,.T.);
#17716 = EDGE_LOOP('',(#17717,#17718,#17724,#17725));
#17717 = ORIENTED_EDGE('',*,*,#5073,.T.);
#17718 = ORIENTED_EDGE('',*,*,#17719,.T.);
#17719 = EDGE_CURVE('',#5074,#10023,#17720,.T.);
#17720 = LINE('',#17721,#17722);
#17721 = CARTESIAN_POINT('',(256.,294.4,-4.6E-02));
#17722 = VECTOR('',#17723,1.);
#17723 = DIRECTION('',(0.,0.,1.));
#17724 = ORIENTED_EDGE('',*,*,#10022,.F.);
#17725 = ORIENTED_EDGE('',*,*,#17719,.F.);
#17726 = CYLINDRICAL_SURFACE('',#17727,1.6);
#17727 = AXIS2_PLACEMENT_3D('',#17728,#17729,#17730);
#17728 = CARTESIAN_POINT('',(256.,296.,-4.6E-02));
#17729 = DIRECTION('',(-0.,-0.,-1.));
#17730 = DIRECTION('',(-0.,-1.,0.));
#17731 = ( GEOMETRIC_REPRESENTATION_CONTEXT(3) 
GLOBAL_UNCERTAINTY_ASSIGNED_CONTEXT((#17735)) 
GLOBAL_UNIT_ASSIGNED_CONTEXT((#17732,#17733,#17734)) 
REPRESENTATION_CONTEXT('Context #1',
  '3D Context with UNIT and UNCERTAINTY') );
#17732 = ( LENGTH_UNIT() NAMED_UNIT(*) SI_UNIT(.MILLI.,.METRE.) );
#17733 = ( NAMED_UNIT(*) PLANE_ANGLE_UNIT() SI_UNIT($,.RADIAN.) );
#17734 = ( NAMED_UNIT(*) SI_UNIT($,.STERADIAN.) SOLID_ANGLE_UNIT() );
#17735 = UNCERTAINTY_MEASURE_WITH_UNIT(LENGTH_MEASURE(1.E-07),#17732,
  'distance_accuracy_value','confusion accuracy');
#17736 = CONTEXT_DEPENDENT_SHAPE_REPRESENTATION(#17737,#17739);
#17737 = ( REPRESENTATION_RELATIONSHIP('','',#32,#10) 
REPRESENTATION_RELATIONSHIP_WITH_TRANSFORMATION(#17738) 
SHAPE_REPRESENTATION_RELATIONSHIP() );
#17738 = ITEM_DEFINED_TRANSFORMATION('','',#11,#15);
#17739 = PRODUCT_DEFINITION_SHAPE('Placement','Placement of an item',
  #17740);
#17740 = NEXT_ASSEMBLY_USAGE_OCCURRENCE('1','=>[0:1:1:2]','',#5,#27,$);
#17741 = PRODUCT_RELATED_PRODUCT_CATEGORY('part',$,(#29));
#17742 = MECHANICAL_DESIGN_GEOMETRIC_PRESENTATION_REPRESENTATION('',(
    #17743),#17731);
#17743 = STYLED_ITEM('color',(#17744),#33);
#17744 = PRESENTATION_STYLE_ASSIGNMENT((#17745));
#17745 = SURFACE_STYLE_USAGE(.BOTH.,#17746);
#17746 = SURFACE_SIDE_STYLE('',(#17747));
#17747 = SURFACE_STYLE_FILL_AREA(#17748);
#17748 = FILL_AREA_STYLE('',(#17749));
#17749 = FILL_AREA_STYLE_COLOUR('',#17750);
#17750 = COLOUR_RGB('',0.313304153717,0.484529207832,0.410020903123);
ENDSEC;
END-ISO-10303-21;
