ISO-10303-21;
HEADER;
FILE_DESCRIPTION(('FreeCAD Model'),'2;1');
FILE_NAME('Open CASCADE Shape Model','2026-10-09T14:31:31',('Author'),(
    ''),'Open CASCADE STEP processor 7.8','FreeCAD','Unknown');
FILE_SCHEMA(('AUTOMOTIVE_DESIGN { 1 0 10303 214 1 1 1 1 }'));
ENDSEC;
DATA;
#1 = APPLICATION_PROTOCOL_DEFINITION('international standard',
  'automotive_design',2000,#2);
#2 = APPLICATION_CONTEXT(
  'core data for automotive mechanical design processes');
#3 = SHAPE_DEFINITION_REPRESENTATION(#4,#10);
#4 = PRODUCT_DEFINITION_SHAPE('','',#5);
#5 = PRODUCT_DEFINITION('design','',#6,#9);
#6 = PRODUCT_DEFINITION_FORMATION('','',#7);
#7 = PRODUCT('AERIS10_enclosure_detail','AERIS10_enclosure_detail','',(
    #8));
#8 = PRODUCT_CONTEXT('',#2,'mechanical');
#9 = PRODUCT_DEFINITION_CONTEXT('part definition',#2,'design');
#10 = SHAPE_REPRESENTATION('',(#11,#15,#19,#23,#27,#31,#35,#39,#43,#47,
    #51,#55,#59),#63);
#11 = AXIS2_PLACEMENT_3D('',#12,#13,#14);
#12 = CARTESIAN_POINT('',(0.,0.,0.));
#13 = DIRECTION('',(0.,0.,1.));
#14 = DIRECTION('',(1.,0.,-0.));
#15 = AXIS2_PLACEMENT_3D('',#16,#17,#18);
#16 = CARTESIAN_POINT('',(0.,0.,0.));
#17 = DIRECTION('',(0.,0.,1.));
#18 = DIRECTION('',(1.,0.,0.));
#19 = AXIS2_PLACEMENT_3D('',#20,#21,#22);
#20 = CARTESIAN_POINT('',(0.,0.,0.));
#21 = DIRECTION('',(0.,0.,1.));
#22 = DIRECTION('',(1.,0.,0.));
#23 = AXIS2_PLACEMENT_3D('',#24,#25,#26);
#24 = CARTESIAN_POINT('',(0.,0.,0.));
#25 = DIRECTION('',(0.,0.,1.));
#26 = DIRECTION('',(1.,0.,0.));
#27 = AXIS2_PLACEMENT_3D('',#28,#29,#30);
#28 = CARTESIAN_POINT('',(0.,0.,0.));
#29 = DIRECTION('',(0.,0.,1.));
#30 = DIRECTION('',(1.,0.,0.));
#31 = AXIS2_PLACEMENT_3D('',#32,#33,#34);
#32 = CARTESIAN_POINT('',(0.,0.,0.));
#33 = DIRECTION('',(0.,0.,1.));
#34 = DIRECTION('',(1.,0.,0.));
#35 = AXIS2_PLACEMENT_3D('',#36,#37,#38);
#36 = CARTESIAN_POINT('',(0.,0.,0.));
#37 = DIRECTION('',(0.,0.,1.));
#38 = DIRECTION('',(1.,0.,0.));
#39 = AXIS2_PLACEMENT_3D('',#40,#41,#42);
#40 = CARTESIAN_POINT('',(0.,0.,0.));
#41 = DIRECTION('',(0.,0.,1.));
#42 = DIRECTION('',(1.,0.,0.));
#43 = AXIS2_PLACEMENT_3D('',#44,#45,#46);
#44 = CARTESIAN_POINT('',(0.,0.,0.));
#45 = DIRECTION('',(0.,0.,1.));
#46 = DIRECTION('',(1.,0.,0.));
#47 = AXIS2_PLACEMENT_3D('',#48,#49,#50);
#48 = CARTESIAN_POINT('',(0.,0.,0.));
#49 = DIRECTION('',(0.,0.,1.));
#50 = DIRECTION('',(1.,0.,0.));
#51 = AXIS2_PLACEMENT_3D('',#52,#53,#54);
#52 = CARTESIAN_POINT('',(0.,0.,0.));
#53 = DIRECTION('',(0.,0.,1.));
#54 = DIRECTION('',(1.,0.,0.));
#55 = AXIS2_PLACEMENT_3D('',#56,#57,#58);
#56 = CARTESIAN_POINT('',(0.,0.,0.));
#57 = DIRECTION('',(0.,0.,1.));
#58 = DIRECTION('',(1.,0.,0.));
#59 = AXIS2_PLACEMENT_3D('',#60,#61,#62);
#60 = CARTESIAN_POINT('',(0.,0.,0.));
#61 = DIRECTION('',(0.,0.,1.));
#62 = DIRECTION('',(1.,0.,0.));
#63 = ( GEOMETRIC_REPRESENTATION_CONTEXT(3) 
GLOBAL_UNCERTAINTY_ASSIGNED_CONTEXT((#67)) GLOBAL_UNIT_ASSIGNED_CONTEXT(
(#64,#65,#66)) REPRESENTATION_CONTEXT('Context #1',
  '3D Context with UNIT and UNCERTAINTY') );
#64 = ( LENGTH_UNIT() NAMED_UNIT(*) SI_UNIT(.MILLI.,.METRE.) );
#65 = ( NAMED_UNIT(*) PLANE_ANGLE_UNIT() SI_UNIT($,.RADIAN.) );
#66 = ( NAMED_UNIT(*) SI_UNIT($,.STERADIAN.) SOLID_ANGLE_UNIT() );
#67 = UNCERTAINTY_MEASURE_WITH_UNIT(LENGTH_MEASURE(1.E-07),#64,
  'distance_accuracy_value','confusion accuracy');
#68 = PRODUCT_RELATED_PRODUCT_CATEGORY('part',$,(#7));
#69 = SHAPE_DEFINITION_REPRESENTATION(#70,#76);
#70 = PRODUCT_DEFINITION_SHAPE('','',#71);
#71 = PRODUCT_DEFINITION('design','',#72,#75);
#72 = PRODUCT_DEFINITION_FORMATION('','',#73);
#73 = PRODUCT(
'Turntable plate Ø340×8 Al, 8×M6 to the head base, 12×M6 to the 
bearing outer ring',
'Turntable plate Ø340×8 Al, 8×M6 to the head base, 12×M6 to the 
bearing outer ring','',(#74));
#74 = PRODUCT_CONTEXT('',#2,'mechanical');
#75 = PRODUCT_DEFINITION_CONTEXT('part definition',#2,'design');
#76 = ADVANCED_BREP_SHAPE_REPRESENTATION('',(#11,#77),#949);
#77 = MANIFOLD_SOLID_BREP('',#78);
#78 = CLOSED_SHELL('',(#79,#112,#352,#592,#609,#626,#643,#660,#677,#694,
    #711,#728,#745,#762,#779,#796,#813,#830,#847,#864,#881,#898,#915,
    #932));
#79 = ADVANCED_FACE('',(#80),#107,.T.);
#80 = FACE_BOUND('',#81,.T.);
#81 = EDGE_LOOP('',(#82,#91,#99,#106));
#82 = ORIENTED_EDGE('',*,*,#83,.F.);
#83 = EDGE_CURVE('',#84,#84,#86,.T.);
#84 = VERTEX_POINT('',#85);
#85 = CARTESIAN_POINT('',(325.,86.,-2.5));
#86 = CIRCLE('',#87,170.);
#87 = AXIS2_PLACEMENT_3D('',#88,#89,#90);
#88 = CARTESIAN_POINT('',(155.,86.,-2.5));
#89 = DIRECTION('',(0.,0.,1.));
#90 = DIRECTION('',(1.,0.,-0.));
#91 = ORIENTED_EDGE('',*,*,#92,.F.);
#92 = EDGE_CURVE('',#93,#84,#95,.T.);
#93 = VERTEX_POINT('',#94);
#94 = CARTESIAN_POINT('',(325.,86.,-10.5));
#95 = LINE('',#96,#97);
#96 = CARTESIAN_POINT('',(325.,86.,-10.5));
#97 = VECTOR('',#98,1.);
#98 = DIRECTION('',(0.,0.,1.));
#99 = ORIENTED_EDGE('',*,*,#100,.T.);
#100 = EDGE_CURVE('',#93,#93,#101,.T.);
#101 = CIRCLE('',#102,170.);
#102 = AXIS2_PLACEMENT_3D('',#103,#104,#105);
#103 = CARTESIAN_POINT('',(155.,86.,-10.5));
#104 = DIRECTION('',(0.,0.,1.));
#105 = DIRECTION('',(1.,0.,-0.));
#106 = ORIENTED_EDGE('',*,*,#92,.T.);
#107 = CYLINDRICAL_SURFACE('',#108,170.);
#108 = AXIS2_PLACEMENT_3D('',#109,#110,#111);
#109 = CARTESIAN_POINT('',(155.,86.,-10.5));
#110 = DIRECTION('',(0.,0.,1.));
#111 = DIRECTION('',(1.,0.,-0.));
#112 = ADVANCED_FACE('',(#113,#116,#127,#138,#149,#160,#171,#182,#193,
    #204,#215,#226,#237,#248,#259,#270,#281,#292,#303,#314,#325,#336),
  #347,.T.);
#113 = FACE_BOUND('',#114,.T.);
#114 = EDGE_LOOP('',(#115));
#115 = ORIENTED_EDGE('',*,*,#83,.T.);
#116 = FACE_BOUND('',#117,.T.);
#117 = EDGE_LOOP('',(#118));
#118 = ORIENTED_EDGE('',*,*,#119,.F.);
#119 = EDGE_CURVE('',#120,#120,#122,.T.);
#120 = VERTEX_POINT('',#121);
#121 = CARTESIAN_POINT('',(52.183982822018,-20.06601717798,-2.5));
#122 = CIRCLE('',#123,3.25);
#123 = AXIS2_PLACEMENT_3D('',#124,#125,#126);
#124 = CARTESIAN_POINT('',(48.933982822018,-20.06601717798,-2.5));
#125 = DIRECTION('',(0.,0.,1.));
#126 = DIRECTION('',(1.,0.,-0.));
#127 = FACE_BOUND('',#128,.T.);
#128 = EDGE_LOOP('',(#129));
#129 = ORIENTED_EDGE('',*,*,#130,.F.);
#130 = EDGE_CURVE('',#131,#131,#133,.T.);
#131 = VERTEX_POINT('',#132);
#132 = CARTESIAN_POINT('',(158.25,-64.,-2.5));
#133 = CIRCLE('',#134,3.25);
#134 = AXIS2_PLACEMENT_3D('',#135,#136,#137);
#135 = CARTESIAN_POINT('',(155.,-64.,-2.5));
#136 = DIRECTION('',(0.,0.,1.));
#137 = DIRECTION('',(1.,0.,-0.));
#138 = FACE_BOUND('',#139,.T.);
#139 = EDGE_LOOP('',(#140));
#140 = ORIENTED_EDGE('',*,*,#141,.F.);
#141 = EDGE_CURVE('',#142,#142,#144,.T.);
#142 = VERTEX_POINT('',#143);
#143 = CARTESIAN_POINT('',(158.25,1.,-2.5));
#144 = CIRCLE('',#145,3.25);
#145 = AXIS2_PLACEMENT_3D('',#146,#147,#148);
#146 = CARTESIAN_POINT('',(155.,1.,-2.5));
#147 = DIRECTION('',(0.,0.,1.));
#148 = DIRECTION('',(1.,0.,-0.));
#149 = FACE_BOUND('',#150,.T.);
#150 = EDGE_LOOP('',(#151));
#151 = ORIENTED_EDGE('',*,*,#152,.F.);
#152 = EDGE_CURVE('',#153,#153,#155,.T.);
#153 = VERTEX_POINT('',#154);
#154 = CARTESIAN_POINT('',(115.75,12.387840678323,-2.5));
#155 = CIRCLE('',#156,3.25);
#156 = AXIS2_PLACEMENT_3D('',#157,#158,#159);
#157 = CARTESIAN_POINT('',(112.5,12.387840678323,-2.5));
#158 = DIRECTION('',(0.,0.,1.));
#159 = DIRECTION('',(1.,0.,-0.));
#160 = FACE_BOUND('',#161,.T.);
#161 = EDGE_LOOP('',(#162));
#162 = ORIENTED_EDGE('',*,*,#163,.F.);
#163 = EDGE_CURVE('',#164,#164,#166,.T.);
#164 = VERTEX_POINT('',#165);
#165 = CARTESIAN_POINT('',(84.637840678323,43.5,-2.5));
#166 = CIRCLE('',#167,3.25);
#167 = AXIS2_PLACEMENT_3D('',#168,#169,#170);
#168 = CARTESIAN_POINT('',(81.387840678323,43.5,-2.5));
#169 = DIRECTION('',(0.,0.,1.));
#170 = DIRECTION('',(1.,0.,-0.));
#171 = FACE_BOUND('',#172,.T.);
#172 = EDGE_LOOP('',(#173));
#173 = ORIENTED_EDGE('',*,*,#174,.F.);
#174 = EDGE_CURVE('',#175,#175,#177,.T.);
#175 = VERTEX_POINT('',#176);
#176 = CARTESIAN_POINT('',(264.31601717798,-20.06601717798,-2.5));
#177 = CIRCLE('',#178,3.25);
#178 = AXIS2_PLACEMENT_3D('',#179,#180,#181);
#179 = CARTESIAN_POINT('',(261.06601717798,-20.06601717798,-2.5));
#180 = DIRECTION('',(0.,0.,1.));
#181 = DIRECTION('',(1.,0.,-0.));
#182 = FACE_BOUND('',#183,.T.);
#183 = EDGE_LOOP('',(#184));
#184 = ORIENTED_EDGE('',*,*,#185,.F.);
#185 = EDGE_CURVE('',#186,#186,#188,.T.);
#186 = VERTEX_POINT('',#187);
#187 = CARTESIAN_POINT('',(200.75,12.387840678323,-2.5));
#188 = CIRCLE('',#189,3.25);
#189 = AXIS2_PLACEMENT_3D('',#190,#191,#192);
#190 = CARTESIAN_POINT('',(197.5,12.387840678323,-2.5));
#191 = DIRECTION('',(0.,0.,1.));
#192 = DIRECTION('',(1.,0.,-0.));
#193 = FACE_BOUND('',#194,.T.);
#194 = EDGE_LOOP('',(#195));
#195 = ORIENTED_EDGE('',*,*,#196,.F.);
#196 = EDGE_CURVE('',#197,#197,#199,.T.);
#197 = VERTEX_POINT('',#198);
#198 = CARTESIAN_POINT('',(231.86215932167,43.5,-2.5));
#199 = CIRCLE('',#200,3.25);
#200 = AXIS2_PLACEMENT_3D('',#201,#202,#203);
#201 = CARTESIAN_POINT('',(228.61215932167,43.5,-2.5));
#202 = DIRECTION('',(0.,0.,1.));
#203 = DIRECTION('',(1.,0.,-0.));
#204 = FACE_BOUND('',#205,.T.);
#205 = EDGE_LOOP('',(#206));
#206 = ORIENTED_EDGE('',*,*,#207,.F.);
#207 = EDGE_CURVE('',#208,#208,#210,.T.);
#208 = VERTEX_POINT('',#209);
#209 = CARTESIAN_POINT('',(8.25,86.,-2.5));
#210 = CIRCLE('',#211,3.25);
#211 = AXIS2_PLACEMENT_3D('',#212,#213,#214);
#212 = CARTESIAN_POINT('',(5.,86.,-2.5));
#213 = DIRECTION('',(0.,0.,1.));
#214 = DIRECTION('',(1.,0.,-0.));
#215 = FACE_BOUND('',#216,.T.);
#216 = EDGE_LOOP('',(#217));
#217 = ORIENTED_EDGE('',*,*,#218,.F.);
#218 = EDGE_CURVE('',#219,#219,#221,.T.);
#219 = VERTEX_POINT('',#220);
#220 = CARTESIAN_POINT('',(73.25,86.,-2.5));
#221 = CIRCLE('',#222,3.25);
#222 = AXIS2_PLACEMENT_3D('',#223,#224,#225);
#223 = CARTESIAN_POINT('',(70.,86.,-2.5));
#224 = DIRECTION('',(0.,0.,1.));
#225 = DIRECTION('',(1.,0.,-0.));
#226 = FACE_BOUND('',#227,.T.);
#227 = EDGE_LOOP('',(#228));
#228 = ORIENTED_EDGE('',*,*,#229,.F.);
#229 = EDGE_CURVE('',#230,#230,#232,.T.);
#230 = VERTEX_POINT('',#231);
#231 = CARTESIAN_POINT('',(84.637840678323,128.5,-2.5));
#232 = CIRCLE('',#233,3.25);
#233 = AXIS2_PLACEMENT_3D('',#234,#235,#236);
#234 = CARTESIAN_POINT('',(81.387840678323,128.5,-2.5));
#235 = DIRECTION('',(0.,0.,1.));
#236 = DIRECTION('',(1.,0.,-0.));
#237 = FACE_BOUND('',#238,.T.);
#238 = EDGE_LOOP('',(#239));
#239 = ORIENTED_EDGE('',*,*,#240,.F.);
#240 = EDGE_CURVE('',#241,#241,#243,.T.);
#241 = VERTEX_POINT('',#242);
#242 = CARTESIAN_POINT('',(115.75,159.61215932167,-2.5));
#243 = CIRCLE('',#244,3.25);
#244 = AXIS2_PLACEMENT_3D('',#245,#246,#247);
#245 = CARTESIAN_POINT('',(112.5,159.61215932167,-2.5));
#246 = DIRECTION('',(0.,0.,1.));
#247 = DIRECTION('',(1.,0.,-0.));
#248 = FACE_BOUND('',#249,.T.);
#249 = EDGE_LOOP('',(#250));
#250 = ORIENTED_EDGE('',*,*,#251,.F.);
#251 = EDGE_CURVE('',#252,#252,#254,.T.);
#252 = VERTEX_POINT('',#253);
#253 = CARTESIAN_POINT('',(52.183982822018,192.06601717798,-2.5));
#254 = CIRCLE('',#255,3.25);
#255 = AXIS2_PLACEMENT_3D('',#256,#257,#258);
#256 = CARTESIAN_POINT('',(48.933982822018,192.06601717798,-2.5));
#257 = DIRECTION('',(0.,0.,1.));
#258 = DIRECTION('',(1.,0.,-0.));
#259 = FACE_BOUND('',#260,.T.);
#260 = EDGE_LOOP('',(#261));
#261 = ORIENTED_EDGE('',*,*,#262,.F.);
#262 = EDGE_CURVE('',#263,#263,#265,.T.);
#263 = VERTEX_POINT('',#264);
#264 = CARTESIAN_POINT('',(190.,86.,-2.5));
#265 = CIRCLE('',#266,35.);
#266 = AXIS2_PLACEMENT_3D('',#267,#268,#269);
#267 = CARTESIAN_POINT('',(155.,86.,-2.5));
#268 = DIRECTION('',(0.,0.,1.));
#269 = DIRECTION('',(1.,0.,-0.));
#270 = FACE_BOUND('',#271,.T.);
#271 = EDGE_LOOP('',(#272));
#272 = ORIENTED_EDGE('',*,*,#273,.F.);
#273 = EDGE_CURVE('',#274,#274,#276,.T.);
#274 = VERTEX_POINT('',#275);
#275 = CARTESIAN_POINT('',(231.86215932167,128.5,-2.5));
#276 = CIRCLE('',#277,3.25);
#277 = AXIS2_PLACEMENT_3D('',#278,#279,#280);
#278 = CARTESIAN_POINT('',(228.61215932167,128.5,-2.5));
#279 = DIRECTION('',(0.,0.,1.));
#280 = DIRECTION('',(1.,0.,-0.));
#281 = FACE_BOUND('',#282,.T.);
#282 = EDGE_LOOP('',(#283));
#283 = ORIENTED_EDGE('',*,*,#284,.F.);
#284 = EDGE_CURVE('',#285,#285,#287,.T.);
#285 = VERTEX_POINT('',#286);
#286 = CARTESIAN_POINT('',(200.75,159.61215932167,-2.5));
#287 = CIRCLE('',#288,3.25);
#288 = AXIS2_PLACEMENT_3D('',#289,#290,#291);
#289 = CARTESIAN_POINT('',(197.5,159.61215932167,-2.5));
#290 = DIRECTION('',(0.,0.,1.));
#291 = DIRECTION('',(1.,0.,-0.));
#292 = FACE_BOUND('',#293,.T.);
#293 = EDGE_LOOP('',(#294));
#294 = ORIENTED_EDGE('',*,*,#295,.F.);
#295 = EDGE_CURVE('',#296,#296,#298,.T.);
#296 = VERTEX_POINT('',#297);
#297 = CARTESIAN_POINT('',(243.25,86.,-2.5));
#298 = CIRCLE('',#299,3.25);
#299 = AXIS2_PLACEMENT_3D('',#300,#301,#302);
#300 = CARTESIAN_POINT('',(240.,86.,-2.5));
#301 = DIRECTION('',(0.,0.,1.));
#302 = DIRECTION('',(1.,0.,-0.));
#303 = FACE_BOUND('',#304,.T.);
#304 = EDGE_LOOP('',(#305));
#305 = ORIENTED_EDGE('',*,*,#306,.F.);
#306 = EDGE_CURVE('',#307,#307,#309,.T.);
#307 = VERTEX_POINT('',#308);
#308 = CARTESIAN_POINT('',(308.25,86.,-2.5));
#309 = CIRCLE('',#310,3.25);
#310 = AXIS2_PLACEMENT_3D('',#311,#312,#313);
#311 = CARTESIAN_POINT('',(305.,86.,-2.5));
#312 = DIRECTION('',(0.,0.,1.));
#313 = DIRECTION('',(1.,0.,-0.));
#314 = FACE_BOUND('',#315,.T.);
#315 = EDGE_LOOP('',(#316));
#316 = ORIENTED_EDGE('',*,*,#317,.F.);
#317 = EDGE_CURVE('',#318,#318,#320,.T.);
#318 = VERTEX_POINT('',#319);
#319 = CARTESIAN_POINT('',(158.25,171.,-2.5));
#320 = CIRCLE('',#321,3.25);
#321 = AXIS2_PLACEMENT_3D('',#322,#323,#324);
#322 = CARTESIAN_POINT('',(155.,171.,-2.5));
#323 = DIRECTION('',(0.,0.,1.));
#324 = DIRECTION('',(1.,0.,-0.));
#325 = FACE_BOUND('',#326,.T.);
#326 = EDGE_LOOP('',(#327));
#327 = ORIENTED_EDGE('',*,*,#328,.F.);
#328 = EDGE_CURVE('',#329,#329,#331,.T.);
#329 = VERTEX_POINT('',#330);
#330 = CARTESIAN_POINT('',(158.25,236.,-2.5));
#331 = CIRCLE('',#332,3.25);
#332 = AXIS2_PLACEMENT_3D('',#333,#334,#335);
#333 = CARTESIAN_POINT('',(155.,236.,-2.5));
#334 = DIRECTION('',(0.,0.,1.));
#335 = DIRECTION('',(1.,0.,-0.));
#336 = FACE_BOUND('',#337,.T.);
#337 = EDGE_LOOP('',(#338));
#338 = ORIENTED_EDGE('',*,*,#339,.F.);
#339 = EDGE_CURVE('',#340,#340,#342,.T.);
#340 = VERTEX_POINT('',#341);
#341 = CARTESIAN_POINT('',(264.31601717798,192.06601717798,-2.5));
#342 = CIRCLE('',#343,3.25);
#343 = AXIS2_PLACEMENT_3D('',#344,#345,#346);
#344 = CARTESIAN_POINT('',(261.06601717798,192.06601717798,-2.5));
#345 = DIRECTION('',(0.,0.,1.));
#346 = DIRECTION('',(1.,0.,-0.));
#347 = PLANE('',#348);
#348 = AXIS2_PLACEMENT_3D('',#349,#350,#351);
#349 = CARTESIAN_POINT('',(155.,86.,-2.5));
#350 = DIRECTION('',(0.,0.,1.));
#351 = DIRECTION('',(1.,0.,-0.));
#352 = ADVANCED_FACE('',(#353,#356,#367,#378,#389,#400,#411,#422,#433,
    #444,#455,#466,#477,#488,#499,#510,#521,#532,#543,#554,#565,#576),
  #587,.F.);
#353 = FACE_BOUND('',#354,.F.);
#354 = EDGE_LOOP('',(#355));
#355 = ORIENTED_EDGE('',*,*,#100,.T.);
#356 = FACE_BOUND('',#357,.F.);
#357 = EDGE_LOOP('',(#358));
#358 = ORIENTED_EDGE('',*,*,#359,.F.);
#359 = EDGE_CURVE('',#360,#360,#362,.T.);
#360 = VERTEX_POINT('',#361);
#361 = CARTESIAN_POINT('',(52.183982822018,-20.06601717798,-10.5));
#362 = CIRCLE('',#363,3.25);
#363 = AXIS2_PLACEMENT_3D('',#364,#365,#366);
#364 = CARTESIAN_POINT('',(48.933982822018,-20.06601717798,-10.5));
#365 = DIRECTION('',(0.,0.,1.));
#366 = DIRECTION('',(1.,0.,-0.));
#367 = FACE_BOUND('',#368,.F.);
#368 = EDGE_LOOP('',(#369));
#369 = ORIENTED_EDGE('',*,*,#370,.F.);
#370 = EDGE_CURVE('',#371,#371,#373,.T.);
#371 = VERTEX_POINT('',#372);
#372 = CARTESIAN_POINT('',(158.25,-64.,-10.5));
#373 = CIRCLE('',#374,3.25);
#374 = AXIS2_PLACEMENT_3D('',#375,#376,#377);
#375 = CARTESIAN_POINT('',(155.,-64.,-10.5));
#376 = DIRECTION('',(0.,0.,1.));
#377 = DIRECTION('',(1.,0.,-0.));
#378 = FACE_BOUND('',#379,.F.);
#379 = EDGE_LOOP('',(#380));
#380 = ORIENTED_EDGE('',*,*,#381,.F.);
#381 = EDGE_CURVE('',#382,#382,#384,.T.);
#382 = VERTEX_POINT('',#383);
#383 = CARTESIAN_POINT('',(158.25,1.,-10.5));
#384 = CIRCLE('',#385,3.25);
#385 = AXIS2_PLACEMENT_3D('',#386,#387,#388);
#386 = CARTESIAN_POINT('',(155.,1.,-10.5));
#387 = DIRECTION('',(0.,0.,1.));
#388 = DIRECTION('',(1.,0.,-0.));
#389 = FACE_BOUND('',#390,.F.);
#390 = EDGE_LOOP('',(#391));
#391 = ORIENTED_EDGE('',*,*,#392,.F.);
#392 = EDGE_CURVE('',#393,#393,#395,.T.);
#393 = VERTEX_POINT('',#394);
#394 = CARTESIAN_POINT('',(115.75,12.387840678323,-10.5));
#395 = CIRCLE('',#396,3.25);
#396 = AXIS2_PLACEMENT_3D('',#397,#398,#399);
#397 = CARTESIAN_POINT('',(112.5,12.387840678323,-10.5));
#398 = DIRECTION('',(0.,0.,1.));
#399 = DIRECTION('',(1.,0.,-0.));
#400 = FACE_BOUND('',#401,.F.);
#401 = EDGE_LOOP('',(#402));
#402 = ORIENTED_EDGE('',*,*,#403,.F.);
#403 = EDGE_CURVE('',#404,#404,#406,.T.);
#404 = VERTEX_POINT('',#405);
#405 = CARTESIAN_POINT('',(84.637840678323,43.5,-10.5));
#406 = CIRCLE('',#407,3.25);
#407 = AXIS2_PLACEMENT_3D('',#408,#409,#410);
#408 = CARTESIAN_POINT('',(81.387840678323,43.5,-10.5));
#409 = DIRECTION('',(0.,0.,1.));
#410 = DIRECTION('',(1.,0.,-0.));
#411 = FACE_BOUND('',#412,.F.);
#412 = EDGE_LOOP('',(#413));
#413 = ORIENTED_EDGE('',*,*,#414,.F.);
#414 = EDGE_CURVE('',#415,#415,#417,.T.);
#415 = VERTEX_POINT('',#416);
#416 = CARTESIAN_POINT('',(264.31601717798,-20.06601717798,-10.5));
#417 = CIRCLE('',#418,3.25);
#418 = AXIS2_PLACEMENT_3D('',#419,#420,#421);
#419 = CARTESIAN_POINT('',(261.06601717798,-20.06601717798,-10.5));
#420 = DIRECTION('',(0.,0.,1.));
#421 = DIRECTION('',(1.,0.,-0.));
#422 = FACE_BOUND('',#423,.F.);
#423 = EDGE_LOOP('',(#424));
#424 = ORIENTED_EDGE('',*,*,#425,.F.);
#425 = EDGE_CURVE('',#426,#426,#428,.T.);
#426 = VERTEX_POINT('',#427);
#427 = CARTESIAN_POINT('',(200.75,12.387840678323,-10.5));
#428 = CIRCLE('',#429,3.25);
#429 = AXIS2_PLACEMENT_3D('',#430,#431,#432);
#430 = CARTESIAN_POINT('',(197.5,12.387840678323,-10.5));
#431 = DIRECTION('',(0.,0.,1.));
#432 = DIRECTION('',(1.,0.,-0.));
#433 = FACE_BOUND('',#434,.F.);
#434 = EDGE_LOOP('',(#435));
#435 = ORIENTED_EDGE('',*,*,#436,.F.);
#436 = EDGE_CURVE('',#437,#437,#439,.T.);
#437 = VERTEX_POINT('',#438);
#438 = CARTESIAN_POINT('',(231.86215932167,43.5,-10.5));
#439 = CIRCLE('',#440,3.25);
#440 = AXIS2_PLACEMENT_3D('',#441,#442,#443);
#441 = CARTESIAN_POINT('',(228.61215932167,43.5,-10.5));
#442 = DIRECTION('',(0.,0.,1.));
#443 = DIRECTION('',(1.,0.,-0.));
#444 = FACE_BOUND('',#445,.F.);
#445 = EDGE_LOOP('',(#446));
#446 = ORIENTED_EDGE('',*,*,#447,.F.);
#447 = EDGE_CURVE('',#448,#448,#450,.T.);
#448 = VERTEX_POINT('',#449);
#449 = CARTESIAN_POINT('',(8.25,86.,-10.5));
#450 = CIRCLE('',#451,3.25);
#451 = AXIS2_PLACEMENT_3D('',#452,#453,#454);
#452 = CARTESIAN_POINT('',(5.,86.,-10.5));
#453 = DIRECTION('',(0.,0.,1.));
#454 = DIRECTION('',(1.,0.,-0.));
#455 = FACE_BOUND('',#456,.F.);
#456 = EDGE_LOOP('',(#457));
#457 = ORIENTED_EDGE('',*,*,#458,.F.);
#458 = EDGE_CURVE('',#459,#459,#461,.T.);
#459 = VERTEX_POINT('',#460);
#460 = CARTESIAN_POINT('',(73.25,86.,-10.5));
#461 = CIRCLE('',#462,3.25);
#462 = AXIS2_PLACEMENT_3D('',#463,#464,#465);
#463 = CARTESIAN_POINT('',(70.,86.,-10.5));
#464 = DIRECTION('',(0.,0.,1.));
#465 = DIRECTION('',(1.,0.,-0.));
#466 = FACE_BOUND('',#467,.F.);
#467 = EDGE_LOOP('',(#468));
#468 = ORIENTED_EDGE('',*,*,#469,.F.);
#469 = EDGE_CURVE('',#470,#470,#472,.T.);
#470 = VERTEX_POINT('',#471);
#471 = CARTESIAN_POINT('',(84.637840678323,128.5,-10.5));
#472 = CIRCLE('',#473,3.25);
#473 = AXIS2_PLACEMENT_3D('',#474,#475,#476);
#474 = CARTESIAN_POINT('',(81.387840678323,128.5,-10.5));
#475 = DIRECTION('',(0.,0.,1.));
#476 = DIRECTION('',(1.,0.,-0.));
#477 = FACE_BOUND('',#478,.F.);
#478 = EDGE_LOOP('',(#479));
#479 = ORIENTED_EDGE('',*,*,#480,.F.);
#480 = EDGE_CURVE('',#481,#481,#483,.T.);
#481 = VERTEX_POINT('',#482);
#482 = CARTESIAN_POINT('',(115.75,159.61215932167,-10.5));
#483 = CIRCLE('',#484,3.25);
#484 = AXIS2_PLACEMENT_3D('',#485,#486,#487);
#485 = CARTESIAN_POINT('',(112.5,159.61215932167,-10.5));
#486 = DIRECTION('',(0.,0.,1.));
#487 = DIRECTION('',(1.,0.,-0.));
#488 = FACE_BOUND('',#489,.F.);
#489 = EDGE_LOOP('',(#490));
#490 = ORIENTED_EDGE('',*,*,#491,.F.);
#491 = EDGE_CURVE('',#492,#492,#494,.T.);
#492 = VERTEX_POINT('',#493);
#493 = CARTESIAN_POINT('',(52.183982822018,192.06601717798,-10.5));
#494 = CIRCLE('',#495,3.25);
#495 = AXIS2_PLACEMENT_3D('',#496,#497,#498);
#496 = CARTESIAN_POINT('',(48.933982822018,192.06601717798,-10.5));
#497 = DIRECTION('',(0.,0.,1.));
#498 = DIRECTION('',(1.,0.,-0.));
#499 = FACE_BOUND('',#500,.F.);
#500 = EDGE_LOOP('',(#501));
#501 = ORIENTED_EDGE('',*,*,#502,.F.);
#502 = EDGE_CURVE('',#503,#503,#505,.T.);
#503 = VERTEX_POINT('',#504);
#504 = CARTESIAN_POINT('',(190.,86.,-10.5));
#505 = CIRCLE('',#506,35.);
#506 = AXIS2_PLACEMENT_3D('',#507,#508,#509);
#507 = CARTESIAN_POINT('',(155.,86.,-10.5));
#508 = DIRECTION('',(0.,0.,1.));
#509 = DIRECTION('',(1.,0.,-0.));
#510 = FACE_BOUND('',#511,.F.);
#511 = EDGE_LOOP('',(#512));
#512 = ORIENTED_EDGE('',*,*,#513,.F.);
#513 = EDGE_CURVE('',#514,#514,#516,.T.);
#514 = VERTEX_POINT('',#515);
#515 = CARTESIAN_POINT('',(231.86215932167,128.5,-10.5));
#516 = CIRCLE('',#517,3.25);
#517 = AXIS2_PLACEMENT_3D('',#518,#519,#520);
#518 = CARTESIAN_POINT('',(228.61215932167,128.5,-10.5));
#519 = DIRECTION('',(0.,0.,1.));
#520 = DIRECTION('',(1.,0.,-0.));
#521 = FACE_BOUND('',#522,.F.);
#522 = EDGE_LOOP('',(#523));
#523 = ORIENTED_EDGE('',*,*,#524,.F.);
#524 = EDGE_CURVE('',#525,#525,#527,.T.);
#525 = VERTEX_POINT('',#526);
#526 = CARTESIAN_POINT('',(200.75,159.61215932167,-10.5));
#527 = CIRCLE('',#528,3.25);
#528 = AXIS2_PLACEMENT_3D('',#529,#530,#531);
#529 = CARTESIAN_POINT('',(197.5,159.61215932167,-10.5));
#530 = DIRECTION('',(0.,0.,1.));
#531 = DIRECTION('',(1.,0.,-0.));
#532 = FACE_BOUND('',#533,.F.);
#533 = EDGE_LOOP('',(#534));
#534 = ORIENTED_EDGE('',*,*,#535,.F.);
#535 = EDGE_CURVE('',#536,#536,#538,.T.);
#536 = VERTEX_POINT('',#537);
#537 = CARTESIAN_POINT('',(243.25,86.,-10.5));
#538 = CIRCLE('',#539,3.25);
#539 = AXIS2_PLACEMENT_3D('',#540,#541,#542);
#540 = CARTESIAN_POINT('',(240.,86.,-10.5));
#541 = DIRECTION('',(0.,0.,1.));
#542 = DIRECTION('',(1.,0.,-0.));
#543 = FACE_BOUND('',#544,.F.);
#544 = EDGE_LOOP('',(#545));
#545 = ORIENTED_EDGE('',*,*,#546,.F.);
#546 = EDGE_CURVE('',#547,#547,#549,.T.);
#547 = VERTEX_POINT('',#548);
#548 = CARTESIAN_POINT('',(308.25,86.,-10.5));
#549 = CIRCLE('',#550,3.25);
#550 = AXIS2_PLACEMENT_3D('',#551,#552,#553);
#551 = CARTESIAN_POINT('',(305.,86.,-10.5));
#552 = DIRECTION('',(0.,0.,1.));
#553 = DIRECTION('',(1.,0.,-0.));
#554 = FACE_BOUND('',#555,.F.);
#555 = EDGE_LOOP('',(#556));
#556 = ORIENTED_EDGE('',*,*,#557,.F.);
#557 = EDGE_CURVE('',#558,#558,#560,.T.);
#558 = VERTEX_POINT('',#559);
#559 = CARTESIAN_POINT('',(158.25,171.,-10.5));
#560 = CIRCLE('',#561,3.25);
#561 = AXIS2_PLACEMENT_3D('',#562,#563,#564);
#562 = CARTESIAN_POINT('',(155.,171.,-10.5));
#563 = DIRECTION('',(0.,0.,1.));
#564 = DIRECTION('',(1.,0.,-0.));
#565 = FACE_BOUND('',#566,.F.);
#566 = EDGE_LOOP('',(#567));
#567 = ORIENTED_EDGE('',*,*,#568,.F.);
#568 = EDGE_CURVE('',#569,#569,#571,.T.);
#569 = VERTEX_POINT('',#570);
#570 = CARTESIAN_POINT('',(158.25,236.,-10.5));
#571 = CIRCLE('',#572,3.25);
#572 = AXIS2_PLACEMENT_3D('',#573,#574,#575);
#573 = CARTESIAN_POINT('',(155.,236.,-10.5));
#574 = DIRECTION('',(0.,0.,1.));
#575 = DIRECTION('',(1.,0.,-0.));
#576 = FACE_BOUND('',#577,.F.);
#577 = EDGE_LOOP('',(#578));
#578 = ORIENTED_EDGE('',*,*,#579,.F.);
#579 = EDGE_CURVE('',#580,#580,#582,.T.);
#580 = VERTEX_POINT('',#581);
#581 = CARTESIAN_POINT('',(264.31601717798,192.06601717798,-10.5));
#582 = CIRCLE('',#583,3.25);
#583 = AXIS2_PLACEMENT_3D('',#584,#585,#586);
#584 = CARTESIAN_POINT('',(261.06601717798,192.06601717798,-10.5));
#585 = DIRECTION('',(0.,0.,1.));
#586 = DIRECTION('',(1.,0.,-0.));
#587 = PLANE('',#588);
#588 = AXIS2_PLACEMENT_3D('',#589,#590,#591);
#589 = CARTESIAN_POINT('',(155.,86.,-10.5));
#590 = DIRECTION('',(0.,0.,1.));
#591 = DIRECTION('',(1.,0.,-0.));
#592 = ADVANCED_FACE('',(#593),#604,.F.);
#593 = FACE_BOUND('',#594,.F.);
#594 = EDGE_LOOP('',(#595,#596,#602,#603));
#595 = ORIENTED_EDGE('',*,*,#119,.F.);
#596 = ORIENTED_EDGE('',*,*,#597,.F.);
#597 = EDGE_CURVE('',#360,#120,#598,.T.);
#598 = LINE('',#599,#600);
#599 = CARTESIAN_POINT('',(52.183982822018,-20.06601717798,-15.5));
#600 = VECTOR('',#601,1.);
#601 = DIRECTION('',(0.,0.,1.));
#602 = ORIENTED_EDGE('',*,*,#359,.T.);
#603 = ORIENTED_EDGE('',*,*,#597,.T.);
#604 = CYLINDRICAL_SURFACE('',#605,3.25);
#605 = AXIS2_PLACEMENT_3D('',#606,#607,#608);
#606 = CARTESIAN_POINT('',(48.933982822018,-20.06601717798,-15.5));
#607 = DIRECTION('',(0.,0.,1.));
#608 = DIRECTION('',(1.,0.,-0.));
#609 = ADVANCED_FACE('',(#610),#621,.F.);
#610 = FACE_BOUND('',#611,.F.);
#611 = EDGE_LOOP('',(#612,#613,#619,#620));
#612 = ORIENTED_EDGE('',*,*,#130,.F.);
#613 = ORIENTED_EDGE('',*,*,#614,.F.);
#614 = EDGE_CURVE('',#371,#131,#615,.T.);
#615 = LINE('',#616,#617);
#616 = CARTESIAN_POINT('',(158.25,-64.,-15.5));
#617 = VECTOR('',#618,1.);
#618 = DIRECTION('',(0.,0.,1.));
#619 = ORIENTED_EDGE('',*,*,#370,.T.);
#620 = ORIENTED_EDGE('',*,*,#614,.T.);
#621 = CYLINDRICAL_SURFACE('',#622,3.25);
#622 = AXIS2_PLACEMENT_3D('',#623,#624,#625);
#623 = CARTESIAN_POINT('',(155.,-64.,-15.5));
#624 = DIRECTION('',(0.,0.,1.));
#625 = DIRECTION('',(1.,0.,-0.));
#626 = ADVANCED_FACE('',(#627),#638,.F.);
#627 = FACE_BOUND('',#628,.F.);
#628 = EDGE_LOOP('',(#629,#630,#636,#637));
#629 = ORIENTED_EDGE('',*,*,#141,.F.);
#630 = ORIENTED_EDGE('',*,*,#631,.F.);
#631 = EDGE_CURVE('',#382,#142,#632,.T.);
#632 = LINE('',#633,#634);
#633 = CARTESIAN_POINT('',(158.25,1.,-15.5));
#634 = VECTOR('',#635,1.);
#635 = DIRECTION('',(0.,0.,1.));
#636 = ORIENTED_EDGE('',*,*,#381,.T.);
#637 = ORIENTED_EDGE('',*,*,#631,.T.);
#638 = CYLINDRICAL_SURFACE('',#639,3.25);
#639 = AXIS2_PLACEMENT_3D('',#640,#641,#642);
#640 = CARTESIAN_POINT('',(155.,1.,-15.5));
#641 = DIRECTION('',(0.,0.,1.));
#642 = DIRECTION('',(1.,0.,-0.));
#643 = ADVANCED_FACE('',(#644),#655,.F.);
#644 = FACE_BOUND('',#645,.F.);
#645 = EDGE_LOOP('',(#646,#647,#653,#654));
#646 = ORIENTED_EDGE('',*,*,#152,.F.);
#647 = ORIENTED_EDGE('',*,*,#648,.F.);
#648 = EDGE_CURVE('',#393,#153,#649,.T.);
#649 = LINE('',#650,#651);
#650 = CARTESIAN_POINT('',(115.75,12.387840678323,-15.5));
#651 = VECTOR('',#652,1.);
#652 = DIRECTION('',(0.,0.,1.));
#653 = ORIENTED_EDGE('',*,*,#392,.T.);
#654 = ORIENTED_EDGE('',*,*,#648,.T.);
#655 = CYLINDRICAL_SURFACE('',#656,3.25);
#656 = AXIS2_PLACEMENT_3D('',#657,#658,#659);
#657 = CARTESIAN_POINT('',(112.5,12.387840678323,-15.5));
#658 = DIRECTION('',(0.,0.,1.));
#659 = DIRECTION('',(1.,0.,-0.));
#660 = ADVANCED_FACE('',(#661),#672,.F.);
#661 = FACE_BOUND('',#662,.F.);
#662 = EDGE_LOOP('',(#663,#664,#670,#671));
#663 = ORIENTED_EDGE('',*,*,#163,.F.);
#664 = ORIENTED_EDGE('',*,*,#665,.F.);
#665 = EDGE_CURVE('',#404,#164,#666,.T.);
#666 = LINE('',#667,#668);
#667 = CARTESIAN_POINT('',(84.637840678323,43.5,-15.5));
#668 = VECTOR('',#669,1.);
#669 = DIRECTION('',(0.,0.,1.));
#670 = ORIENTED_EDGE('',*,*,#403,.T.);
#671 = ORIENTED_EDGE('',*,*,#665,.T.);
#672 = CYLINDRICAL_SURFACE('',#673,3.25);
#673 = AXIS2_PLACEMENT_3D('',#674,#675,#676);
#674 = CARTESIAN_POINT('',(81.387840678323,43.5,-15.5));
#675 = DIRECTION('',(0.,0.,1.));
#676 = DIRECTION('',(1.,0.,-0.));
#677 = ADVANCED_FACE('',(#678),#689,.F.);
#678 = FACE_BOUND('',#679,.F.);
#679 = EDGE_LOOP('',(#680,#681,#687,#688));
#680 = ORIENTED_EDGE('',*,*,#174,.F.);
#681 = ORIENTED_EDGE('',*,*,#682,.F.);
#682 = EDGE_CURVE('',#415,#175,#683,.T.);
#683 = LINE('',#684,#685);
#684 = CARTESIAN_POINT('',(264.31601717798,-20.06601717798,-15.5));
#685 = VECTOR('',#686,1.);
#686 = DIRECTION('',(0.,0.,1.));
#687 = ORIENTED_EDGE('',*,*,#414,.T.);
#688 = ORIENTED_EDGE('',*,*,#682,.T.);
#689 = CYLINDRICAL_SURFACE('',#690,3.25);
#690 = AXIS2_PLACEMENT_3D('',#691,#692,#693);
#691 = CARTESIAN_POINT('',(261.06601717798,-20.06601717798,-15.5));
#692 = DIRECTION('',(0.,0.,1.));
#693 = DIRECTION('',(1.,0.,-0.));
#694 = ADVANCED_FACE('',(#695),#706,.F.);
#695 = FACE_BOUND('',#696,.F.);
#696 = EDGE_LOOP('',(#697,#698,#704,#705));
#697 = ORIENTED_EDGE('',*,*,#185,.F.);
#698 = ORIENTED_EDGE('',*,*,#699,.F.);
#699 = EDGE_CURVE('',#426,#186,#700,.T.);
#700 = LINE('',#701,#702);
#701 = CARTESIAN_POINT('',(200.75,12.387840678323,-15.5));
#702 = VECTOR('',#703,1.);
#703 = DIRECTION('',(0.,0.,1.));
#704 = ORIENTED_EDGE('',*,*,#425,.T.);
#705 = ORIENTED_EDGE('',*,*,#699,.T.);
#706 = CYLINDRICAL_SURFACE('',#707,3.25);
#707 = AXIS2_PLACEMENT_3D('',#708,#709,#710);
#708 = CARTESIAN_POINT('',(197.5,12.387840678323,-15.5));
#709 = DIRECTION('',(0.,0.,1.));
#710 = DIRECTION('',(1.,0.,-0.));
#711 = ADVANCED_FACE('',(#712),#723,.F.);
#712 = FACE_BOUND('',#713,.F.);
#713 = EDGE_LOOP('',(#714,#715,#721,#722));
#714 = ORIENTED_EDGE('',*,*,#196,.F.);
#715 = ORIENTED_EDGE('',*,*,#716,.F.);
#716 = EDGE_CURVE('',#437,#197,#717,.T.);
#717 = LINE('',#718,#719);
#718 = CARTESIAN_POINT('',(231.86215932167,43.5,-15.5));
#719 = VECTOR('',#720,1.);
#720 = DIRECTION('',(0.,0.,1.));
#721 = ORIENTED_EDGE('',*,*,#436,.T.);
#722 = ORIENTED_EDGE('',*,*,#716,.T.);
#723 = CYLINDRICAL_SURFACE('',#724,3.25);
#724 = AXIS2_PLACEMENT_3D('',#725,#726,#727);
#725 = CARTESIAN_POINT('',(228.61215932167,43.5,-15.5));
#726 = DIRECTION('',(0.,0.,1.));
#727 = DIRECTION('',(1.,0.,-0.));
#728 = ADVANCED_FACE('',(#729),#740,.F.);
#729 = FACE_BOUND('',#730,.F.);
#730 = EDGE_LOOP('',(#731,#732,#738,#739));
#731 = ORIENTED_EDGE('',*,*,#207,.F.);
#732 = ORIENTED_EDGE('',*,*,#733,.F.);
#733 = EDGE_CURVE('',#448,#208,#734,.T.);
#734 = LINE('',#735,#736);
#735 = CARTESIAN_POINT('',(8.25,86.,-15.5));
#736 = VECTOR('',#737,1.);
#737 = DIRECTION('',(0.,0.,1.));
#738 = ORIENTED_EDGE('',*,*,#447,.T.);
#739 = ORIENTED_EDGE('',*,*,#733,.T.);
#740 = CYLINDRICAL_SURFACE('',#741,3.25);
#741 = AXIS2_PLACEMENT_3D('',#742,#743,#744);
#742 = CARTESIAN_POINT('',(5.,86.,-15.5));
#743 = DIRECTION('',(0.,0.,1.));
#744 = DIRECTION('',(1.,0.,-0.));
#745 = ADVANCED_FACE('',(#746),#757,.F.);
#746 = FACE_BOUND('',#747,.F.);
#747 = EDGE_LOOP('',(#748,#749,#755,#756));
#748 = ORIENTED_EDGE('',*,*,#218,.F.);
#749 = ORIENTED_EDGE('',*,*,#750,.F.);
#750 = EDGE_CURVE('',#459,#219,#751,.T.);
#751 = LINE('',#752,#753);
#752 = CARTESIAN_POINT('',(73.25,86.,-15.5));
#753 = VECTOR('',#754,1.);
#754 = DIRECTION('',(0.,0.,1.));
#755 = ORIENTED_EDGE('',*,*,#458,.T.);
#756 = ORIENTED_EDGE('',*,*,#750,.T.);
#757 = CYLINDRICAL_SURFACE('',#758,3.25);
#758 = AXIS2_PLACEMENT_3D('',#759,#760,#761);
#759 = CARTESIAN_POINT('',(70.,86.,-15.5));
#760 = DIRECTION('',(0.,0.,1.));
#761 = DIRECTION('',(1.,0.,-0.));
#762 = ADVANCED_FACE('',(#763),#774,.F.);
#763 = FACE_BOUND('',#764,.F.);
#764 = EDGE_LOOP('',(#765,#766,#772,#773));
#765 = ORIENTED_EDGE('',*,*,#229,.F.);
#766 = ORIENTED_EDGE('',*,*,#767,.F.);
#767 = EDGE_CURVE('',#470,#230,#768,.T.);
#768 = LINE('',#769,#770);
#769 = CARTESIAN_POINT('',(84.637840678323,128.5,-15.5));
#770 = VECTOR('',#771,1.);
#771 = DIRECTION('',(0.,0.,1.));
#772 = ORIENTED_EDGE('',*,*,#469,.T.);
#773 = ORIENTED_EDGE('',*,*,#767,.T.);
#774 = CYLINDRICAL_SURFACE('',#775,3.25);
#775 = AXIS2_PLACEMENT_3D('',#776,#777,#778);
#776 = CARTESIAN_POINT('',(81.387840678323,128.5,-15.5));
#777 = DIRECTION('',(0.,0.,1.));
#778 = DIRECTION('',(1.,0.,-0.));
#779 = ADVANCED_FACE('',(#780),#791,.F.);
#780 = FACE_BOUND('',#781,.F.);
#781 = EDGE_LOOP('',(#782,#783,#789,#790));
#782 = ORIENTED_EDGE('',*,*,#240,.F.);
#783 = ORIENTED_EDGE('',*,*,#784,.F.);
#784 = EDGE_CURVE('',#481,#241,#785,.T.);
#785 = LINE('',#786,#787);
#786 = CARTESIAN_POINT('',(115.75,159.61215932167,-15.5));
#787 = VECTOR('',#788,1.);
#788 = DIRECTION('',(0.,0.,1.));
#789 = ORIENTED_EDGE('',*,*,#480,.T.);
#790 = ORIENTED_EDGE('',*,*,#784,.T.);
#791 = CYLINDRICAL_SURFACE('',#792,3.25);
#792 = AXIS2_PLACEMENT_3D('',#793,#794,#795);
#793 = CARTESIAN_POINT('',(112.5,159.61215932167,-15.5));
#794 = DIRECTION('',(0.,0.,1.));
#795 = DIRECTION('',(1.,0.,-0.));
#796 = ADVANCED_FACE('',(#797),#808,.F.);
#797 = FACE_BOUND('',#798,.F.);
#798 = EDGE_LOOP('',(#799,#800,#806,#807));
#799 = ORIENTED_EDGE('',*,*,#251,.F.);
#800 = ORIENTED_EDGE('',*,*,#801,.F.);
#801 = EDGE_CURVE('',#492,#252,#802,.T.);
#802 = LINE('',#803,#804);
#803 = CARTESIAN_POINT('',(52.183982822018,192.06601717798,-15.5));
#804 = VECTOR('',#805,1.);
#805 = DIRECTION('',(0.,0.,1.));
#806 = ORIENTED_EDGE('',*,*,#491,.T.);
#807 = ORIENTED_EDGE('',*,*,#801,.T.);
#808 = CYLINDRICAL_SURFACE('',#809,3.25);
#809 = AXIS2_PLACEMENT_3D('',#810,#811,#812);
#810 = CARTESIAN_POINT('',(48.933982822018,192.06601717798,-15.5));
#811 = DIRECTION('',(0.,0.,1.));
#812 = DIRECTION('',(1.,0.,-0.));
#813 = ADVANCED_FACE('',(#814),#825,.F.);
#814 = FACE_BOUND('',#815,.F.);
#815 = EDGE_LOOP('',(#816,#817,#823,#824));
#816 = ORIENTED_EDGE('',*,*,#262,.F.);
#817 = ORIENTED_EDGE('',*,*,#818,.F.);
#818 = EDGE_CURVE('',#503,#263,#819,.T.);
#819 = LINE('',#820,#821);
#820 = CARTESIAN_POINT('',(190.,86.,-15.5));
#821 = VECTOR('',#822,1.);
#822 = DIRECTION('',(0.,0.,1.));
#823 = ORIENTED_EDGE('',*,*,#502,.T.);
#824 = ORIENTED_EDGE('',*,*,#818,.T.);
#825 = CYLINDRICAL_SURFACE('',#826,35.);
#826 = AXIS2_PLACEMENT_3D('',#827,#828,#829);
#827 = CARTESIAN_POINT('',(155.,86.,-15.5));
#828 = DIRECTION('',(0.,0.,1.));
#829 = DIRECTION('',(1.,0.,-0.));
#830 = ADVANCED_FACE('',(#831),#842,.F.);
#831 = FACE_BOUND('',#832,.F.);
#832 = EDGE_LOOP('',(#833,#834,#840,#841));
#833 = ORIENTED_EDGE('',*,*,#273,.F.);
#834 = ORIENTED_EDGE('',*,*,#835,.F.);
#835 = EDGE_CURVE('',#514,#274,#836,.T.);
#836 = LINE('',#837,#838);
#837 = CARTESIAN_POINT('',(231.86215932167,128.5,-15.5));
#838 = VECTOR('',#839,1.);
#839 = DIRECTION('',(0.,0.,1.));
#840 = ORIENTED_EDGE('',*,*,#513,.T.);
#841 = ORIENTED_EDGE('',*,*,#835,.T.);
#842 = CYLINDRICAL_SURFACE('',#843,3.25);
#843 = AXIS2_PLACEMENT_3D('',#844,#845,#846);
#844 = CARTESIAN_POINT('',(228.61215932167,128.5,-15.5));
#845 = DIRECTION('',(0.,0.,1.));
#846 = DIRECTION('',(1.,0.,-0.));
#847 = ADVANCED_FACE('',(#848),#859,.F.);
#848 = FACE_BOUND('',#849,.F.);
#849 = EDGE_LOOP('',(#850,#851,#857,#858));
#850 = ORIENTED_EDGE('',*,*,#284,.F.);
#851 = ORIENTED_EDGE('',*,*,#852,.F.);
#852 = EDGE_CURVE('',#525,#285,#853,.T.);
#853 = LINE('',#854,#855);
#854 = CARTESIAN_POINT('',(200.75,159.61215932167,-15.5));
#855 = VECTOR('',#856,1.);
#856 = DIRECTION('',(0.,0.,1.));
#857 = ORIENTED_EDGE('',*,*,#524,.T.);
#858 = ORIENTED_EDGE('',*,*,#852,.T.);
#859 = CYLINDRICAL_SURFACE('',#860,3.25);
#860 = AXIS2_PLACEMENT_3D('',#861,#862,#863);
#861 = CARTESIAN_POINT('',(197.5,159.61215932167,-15.5));
#862 = DIRECTION('',(0.,0.,1.));
#863 = DIRECTION('',(1.,0.,-0.));
#864 = ADVANCED_FACE('',(#865),#876,.F.);
#865 = FACE_BOUND('',#866,.F.);
#866 = EDGE_LOOP('',(#867,#868,#874,#875));
#867 = ORIENTED_EDGE('',*,*,#295,.F.);
#868 = ORIENTED_EDGE('',*,*,#869,.F.);
#869 = EDGE_CURVE('',#536,#296,#870,.T.);
#870 = LINE('',#871,#872);
#871 = CARTESIAN_POINT('',(243.25,86.,-15.5));
#872 = VECTOR('',#873,1.);
#873 = DIRECTION('',(0.,0.,1.));
#874 = ORIENTED_EDGE('',*,*,#535,.T.);
#875 = ORIENTED_EDGE('',*,*,#869,.T.);
#876 = CYLINDRICAL_SURFACE('',#877,3.25);
#877 = AXIS2_PLACEMENT_3D('',#878,#879,#880);
#878 = CARTESIAN_POINT('',(240.,86.,-15.5));
#879 = DIRECTION('',(0.,0.,1.));
#880 = DIRECTION('',(1.,0.,-0.));
#881 = ADVANCED_FACE('',(#882),#893,.F.);
#882 = FACE_BOUND('',#883,.F.);
#883 = EDGE_LOOP('',(#884,#885,#891,#892));
#884 = ORIENTED_EDGE('',*,*,#306,.F.);
#885 = ORIENTED_EDGE('',*,*,#886,.F.);
#886 = EDGE_CURVE('',#547,#307,#887,.T.);
#887 = LINE('',#888,#889);
#888 = CARTESIAN_POINT('',(308.25,86.,-15.5));
#889 = VECTOR('',#890,1.);
#890 = DIRECTION('',(0.,0.,1.));
#891 = ORIENTED_EDGE('',*,*,#546,.T.);
#892 = ORIENTED_EDGE('',*,*,#886,.T.);
#893 = CYLINDRICAL_SURFACE('',#894,3.25);
#894 = AXIS2_PLACEMENT_3D('',#895,#896,#897);
#895 = CARTESIAN_POINT('',(305.,86.,-15.5));
#896 = DIRECTION('',(0.,0.,1.));
#897 = DIRECTION('',(1.,0.,-0.));
#898 = ADVANCED_FACE('',(#899),#910,.F.);
#899 = FACE_BOUND('',#900,.F.);
#900 = EDGE_LOOP('',(#901,#902,#908,#909));
#901 = ORIENTED_EDGE('',*,*,#317,.F.);
#902 = ORIENTED_EDGE('',*,*,#903,.F.);
#903 = EDGE_CURVE('',#558,#318,#904,.T.);
#904 = LINE('',#905,#906);
#905 = CARTESIAN_POINT('',(158.25,171.,-15.5));
#906 = VECTOR('',#907,1.);
#907 = DIRECTION('',(0.,0.,1.));
#908 = ORIENTED_EDGE('',*,*,#557,.T.);
#909 = ORIENTED_EDGE('',*,*,#903,.T.);
#910 = CYLINDRICAL_SURFACE('',#911,3.25);
#911 = AXIS2_PLACEMENT_3D('',#912,#913,#914);
#912 = CARTESIAN_POINT('',(155.,171.,-15.5));
#913 = DIRECTION('',(0.,0.,1.));
#914 = DIRECTION('',(1.,0.,-0.));
#915 = ADVANCED_FACE('',(#916),#927,.F.);
#916 = FACE_BOUND('',#917,.F.);
#917 = EDGE_LOOP('',(#918,#919,#925,#926));
#918 = ORIENTED_EDGE('',*,*,#328,.F.);
#919 = ORIENTED_EDGE('',*,*,#920,.F.);
#920 = EDGE_CURVE('',#569,#329,#921,.T.);
#921 = LINE('',#922,#923);
#922 = CARTESIAN_POINT('',(158.25,236.,-15.5));
#923 = VECTOR('',#924,1.);
#924 = DIRECTION('',(0.,0.,1.));
#925 = ORIENTED_EDGE('',*,*,#568,.T.);
#926 = ORIENTED_EDGE('',*,*,#920,.T.);
#927 = CYLINDRICAL_SURFACE('',#928,3.25);
#928 = AXIS2_PLACEMENT_3D('',#929,#930,#931);
#929 = CARTESIAN_POINT('',(155.,236.,-15.5));
#930 = DIRECTION('',(0.,0.,1.));
#931 = DIRECTION('',(1.,0.,-0.));
#932 = ADVANCED_FACE('',(#933),#944,.F.);
#933 = FACE_BOUND('',#934,.F.);
#934 = EDGE_LOOP('',(#935,#936,#942,#943));
#935 = ORIENTED_EDGE('',*,*,#339,.F.);
#936 = ORIENTED_EDGE('',*,*,#937,.F.);
#937 = EDGE_CURVE('',#580,#340,#938,.T.);
#938 = LINE('',#939,#940);
#939 = CARTESIAN_POINT('',(264.31601717798,192.06601717798,-15.5));
#940 = VECTOR('',#941,1.);
#941 = DIRECTION('',(0.,0.,1.));
#942 = ORIENTED_EDGE('',*,*,#579,.T.);
#943 = ORIENTED_EDGE('',*,*,#937,.T.);
#944 = CYLINDRICAL_SURFACE('',#945,3.25);
#945 = AXIS2_PLACEMENT_3D('',#946,#947,#948);
#946 = CARTESIAN_POINT('',(261.06601717798,192.06601717798,-15.5));
#947 = DIRECTION('',(0.,0.,1.));
#948 = DIRECTION('',(1.,0.,-0.));
#949 = ( GEOMETRIC_REPRESENTATION_CONTEXT(3) 
GLOBAL_UNCERTAINTY_ASSIGNED_CONTEXT((#953)) GLOBAL_UNIT_ASSIGNED_CONTEXT
((#950,#951,#952)) REPRESENTATION_CONTEXT('Context #1',
  '3D Context with UNIT and UNCERTAINTY') );
#950 = ( LENGTH_UNIT() NAMED_UNIT(*) SI_UNIT(.MILLI.,.METRE.) );
#951 = ( NAMED_UNIT(*) PLANE_ANGLE_UNIT() SI_UNIT($,.RADIAN.) );
#952 = ( NAMED_UNIT(*) SI_UNIT($,.STERADIAN.) SOLID_ANGLE_UNIT() );
#953 = UNCERTAINTY_MEASURE_WITH_UNIT(LENGTH_MEASURE(1.E-07),#950,
  'distance_accuracy_value','confusion accuracy');
#954 = CONTEXT_DEPENDENT_SHAPE_REPRESENTATION(#955,#957);
#955 = ( REPRESENTATION_RELATIONSHIP('','',#76,#10) 
REPRESENTATION_RELATIONSHIP_WITH_TRANSFORMATION(#956) 
SHAPE_REPRESENTATION_RELATIONSHIP() );
#956 = ITEM_DEFINED_TRANSFORMATION('','',#11,#15);
#957 = PRODUCT_DEFINITION_SHAPE('Placement','Placement of an item',#958
  );
#958 = NEXT_ASSEMBLY_USAGE_OCCURRENCE('91',
'Turntable plate Ø340×8 Al, 8×M6 to the head base, 12×M6 to the 
bearing outer ring','',#5,#71,$);
#959 = PRODUCT_RELATED_PRODUCT_CATEGORY('part',$,(#73));
#960 = SHAPE_DEFINITION_REPRESENTATION(#961,#967);
#961 = PRODUCT_DEFINITION_SHAPE('','',#962);
#962 = PRODUCT_DEFINITION('design','',#963,#966);
#963 = PRODUCT_DEFINITION_FORMATION('','',#964);
#964 = PRODUCT(
'Slewing bearing OD190/ID100×20 (4-point contact, e.g. igus PRT-04-100 
class)',
'Slewing bearing OD190/ID100×20 (4-point contact, e.g. igus PRT-04-100 
class)','',(#965));
#965 = PRODUCT_CONTEXT('',#2,'mechanical');
#966 = PRODUCT_DEFINITION_CONTEXT('part definition',#2,'design');
#967 = ADVANCED_BREP_SHAPE_REPRESENTATION('',(#11,#968),#1060);
#968 = MANIFOLD_SOLID_BREP('',#969);
#969 = CLOSED_SHELL('',(#970,#1003,#1023,#1043));
#970 = ADVANCED_FACE('',(#971),#998,.T.);
#971 = FACE_BOUND('',#972,.T.);
#972 = EDGE_LOOP('',(#973,#982,#990,#997));
#973 = ORIENTED_EDGE('',*,*,#974,.F.);
#974 = EDGE_CURVE('',#975,#975,#977,.T.);
#975 = VERTEX_POINT('',#976);
#976 = CARTESIAN_POINT('',(250.,86.,-10.5));
#977 = CIRCLE('',#978,95.);
#978 = AXIS2_PLACEMENT_3D('',#979,#980,#981);
#979 = CARTESIAN_POINT('',(155.,86.,-10.5));
#980 = DIRECTION('',(0.,0.,1.));
#981 = DIRECTION('',(1.,0.,-0.));
#982 = ORIENTED_EDGE('',*,*,#983,.F.);
#983 = EDGE_CURVE('',#984,#975,#986,.T.);
#984 = VERTEX_POINT('',#985);
#985 = CARTESIAN_POINT('',(250.,86.,-30.5));
#986 = LINE('',#987,#988);
#987 = CARTESIAN_POINT('',(250.,86.,-30.5));
#988 = VECTOR('',#989,1.);
#989 = DIRECTION('',(0.,0.,1.));
#990 = ORIENTED_EDGE('',*,*,#991,.T.);
#991 = EDGE_CURVE('',#984,#984,#992,.T.);
#992 = CIRCLE('',#993,95.);
#993 = AXIS2_PLACEMENT_3D('',#994,#995,#996);
#994 = CARTESIAN_POINT('',(155.,86.,-30.5));
#995 = DIRECTION('',(0.,0.,1.));
#996 = DIRECTION('',(1.,0.,-0.));
#997 = ORIENTED_EDGE('',*,*,#983,.T.);
#998 = CYLINDRICAL_SURFACE('',#999,95.);
#999 = AXIS2_PLACEMENT_3D('',#1000,#1001,#1002);
#1000 = CARTESIAN_POINT('',(155.,86.,-30.5));
#1001 = DIRECTION('',(0.,0.,1.));
#1002 = DIRECTION('',(1.,0.,-0.));
#1003 = ADVANCED_FACE('',(#1004,#1007),#1018,.T.);
#1004 = FACE_BOUND('',#1005,.T.);
#1005 = EDGE_LOOP('',(#1006));
#1006 = ORIENTED_EDGE('',*,*,#974,.T.);
#1007 = FACE_BOUND('',#1008,.T.);
#1008 = EDGE_LOOP('',(#1009));
#1009 = ORIENTED_EDGE('',*,*,#1010,.F.);
#1010 = EDGE_CURVE('',#1011,#1011,#1013,.T.);
#1011 = VERTEX_POINT('',#1012);
#1012 = CARTESIAN_POINT('',(205.,86.,-10.5));
#1013 = CIRCLE('',#1014,50.);
#1014 = AXIS2_PLACEMENT_3D('',#1015,#1016,#1017);
#1015 = CARTESIAN_POINT('',(155.,86.,-10.5));
#1016 = DIRECTION('',(0.,0.,1.));
#1017 = DIRECTION('',(1.,0.,-0.));
#1018 = PLANE('',#1019);
#1019 = AXIS2_PLACEMENT_3D('',#1020,#1021,#1022);
#1020 = CARTESIAN_POINT('',(155.,86.,-10.5));
#1021 = DIRECTION('',(0.,0.,1.));
#1022 = DIRECTION('',(1.,0.,-0.));
#1023 = ADVANCED_FACE('',(#1024,#1027),#1038,.F.);
#1024 = FACE_BOUND('',#1025,.F.);
#1025 = EDGE_LOOP('',(#1026));
#1026 = ORIENTED_EDGE('',*,*,#991,.T.);
#1027 = FACE_BOUND('',#1028,.F.);
#1028 = EDGE_LOOP('',(#1029));
#1029 = ORIENTED_EDGE('',*,*,#1030,.F.);
#1030 = EDGE_CURVE('',#1031,#1031,#1033,.T.);
#1031 = VERTEX_POINT('',#1032);
#1032 = CARTESIAN_POINT('',(205.,86.,-30.5));
#1033 = CIRCLE('',#1034,50.);
#1034 = AXIS2_PLACEMENT_3D('',#1035,#1036,#1037);
#1035 = CARTESIAN_POINT('',(155.,86.,-30.5));
#1036 = DIRECTION('',(0.,0.,1.));
#1037 = DIRECTION('',(1.,0.,-0.));
#1038 = PLANE('',#1039);
#1039 = AXIS2_PLACEMENT_3D('',#1040,#1041,#1042);
#1040 = CARTESIAN_POINT('',(155.,86.,-30.5));
#1041 = DIRECTION('',(0.,0.,1.));
#1042 = DIRECTION('',(1.,0.,-0.));
#1043 = ADVANCED_FACE('',(#1044),#1055,.F.);
#1044 = FACE_BOUND('',#1045,.F.);
#1045 = EDGE_LOOP('',(#1046,#1047,#1053,#1054));
#1046 = ORIENTED_EDGE('',*,*,#1010,.F.);
#1047 = ORIENTED_EDGE('',*,*,#1048,.F.);
#1048 = EDGE_CURVE('',#1031,#1011,#1049,.T.);
#1049 = LINE('',#1050,#1051);
#1050 = CARTESIAN_POINT('',(205.,86.,-31.5));
#1051 = VECTOR('',#1052,1.);
#1052 = DIRECTION('',(0.,0.,1.));
#1053 = ORIENTED_EDGE('',*,*,#1030,.T.);
#1054 = ORIENTED_EDGE('',*,*,#1048,.T.);
#1055 = CYLINDRICAL_SURFACE('',#1056,50.);
#1056 = AXIS2_PLACEMENT_3D('',#1057,#1058,#1059);
#1057 = CARTESIAN_POINT('',(155.,86.,-31.5));
#1058 = DIRECTION('',(0.,0.,1.));
#1059 = DIRECTION('',(1.,0.,-0.));
#1060 = ( GEOMETRIC_REPRESENTATION_CONTEXT(3) 
GLOBAL_UNCERTAINTY_ASSIGNED_CONTEXT((#1064)) 
GLOBAL_UNIT_ASSIGNED_CONTEXT((#1061,#1062,#1063)) REPRESENTATION_CONTEXT
('Context #1','3D Context with UNIT and UNCERTAINTY') );
#1061 = ( LENGTH_UNIT() NAMED_UNIT(*) SI_UNIT(.MILLI.,.METRE.) );
#1062 = ( NAMED_UNIT(*) PLANE_ANGLE_UNIT() SI_UNIT($,.RADIAN.) );
#1063 = ( NAMED_UNIT(*) SI_UNIT($,.STERADIAN.) SOLID_ANGLE_UNIT() );
#1064 = UNCERTAINTY_MEASURE_WITH_UNIT(LENGTH_MEASURE(1.E-07),#1061,
  'distance_accuracy_value','confusion accuracy');
#1065 = CONTEXT_DEPENDENT_SHAPE_REPRESENTATION(#1066,#1068);
#1066 = ( REPRESENTATION_RELATIONSHIP('','',#967,#10) 
REPRESENTATION_RELATIONSHIP_WITH_TRANSFORMATION(#1067) 
SHAPE_REPRESENTATION_RELATIONSHIP() );
#1067 = ITEM_DEFINED_TRANSFORMATION('','',#11,#19);
#1068 = PRODUCT_DEFINITION_SHAPE('Placement','Placement of an item',
  #1069);
#1069 = NEXT_ASSEMBLY_USAGE_OCCURRENCE('92',
'Slewing bearing OD190/ID100×20 (4-point contact, e.g. igus PRT-04-100 
class)','',#5,#962,$);
#1070 = PRODUCT_RELATED_PRODUCT_CATEGORY('part',$,(#964));
#1071 = SHAPE_DEFINITION_REPRESENTATION(#1072,#1078);
#1072 = PRODUCT_DEFINITION_SHAPE('','',#1073);
#1073 = PRODUCT_DEFINITION('design','',#1074,#1077);
#1074 = PRODUCT_DEFINITION_FORMATION('','',#1075);
#1075 = PRODUCT(
'Ring pulley GT3 180T Ø172 Al (machined/3D-printed), clamped under the 
turntable',
'Ring pulley GT3 180T Ø172 Al (machined/3D-printed), clamped under the 
turntable','',(#1076));
#1076 = PRODUCT_CONTEXT('',#2,'mechanical');
#1077 = PRODUCT_DEFINITION_CONTEXT('part definition',#2,'design');
#1078 = SHAPE_REPRESENTATION('',(#11),#1079);
#1079 = ( GEOMETRIC_REPRESENTATION_CONTEXT(3) 
GLOBAL_UNCERTAINTY_ASSIGNED_CONTEXT((#1083)) 
GLOBAL_UNIT_ASSIGNED_CONTEXT((#1080,#1081,#1082)) REPRESENTATION_CONTEXT
('Context #1','3D Context with UNIT and UNCERTAINTY') );
#1080 = ( LENGTH_UNIT() NAMED_UNIT(*) SI_UNIT(.MILLI.,.METRE.) );
#1081 = ( NAMED_UNIT(*) PLANE_ANGLE_UNIT() SI_UNIT($,.RADIAN.) );
#1082 = ( NAMED_UNIT(*) SI_UNIT($,.STERADIAN.) SOLID_ANGLE_UNIT() );
#1083 = UNCERTAINTY_MEASURE_WITH_UNIT(LENGTH_MEASURE(1.E-07),#1080,
  'distance_accuracy_value','confusion accuracy');
#1084 = CONTEXT_DEPENDENT_SHAPE_REPRESENTATION(#1085,#1087);
#1085 = ( REPRESENTATION_RELATIONSHIP('','',#1078,#10) 
REPRESENTATION_RELATIONSHIP_WITH_TRANSFORMATION(#1086) 
SHAPE_REPRESENTATION_RELATIONSHIP() );
#1086 = ITEM_DEFINED_TRANSFORMATION('','',#11,#23);
#1087 = PRODUCT_DEFINITION_SHAPE('Placement','Placement of an item',
  #1088);
#1088 = NEXT_ASSEMBLY_USAGE_OCCURRENCE('93',
'Ring pulley GT3 180T Ø172 Al (machined/3D-printed), clamped under the 
turntable','',#5,#1073,$);
#1089 = PRODUCT_RELATED_PRODUCT_CATEGORY('part',$,(#1075));
#1090 = SHAPE_DEFINITION_REPRESENTATION(#1091,#1097);
#1091 = PRODUCT_DEFINITION_SHAPE('','',#1092);
#1092 = PRODUCT_DEFINITION('design','',#1093,#1096);
#1093 = PRODUCT_DEFINITION_FORMATION('','',#1094);
#1094 = PRODUCT(
'Pedestal top plate 360×360×5 Al, 12×M6 to the bearing inner ring, 
bore Ø90',
'Pedestal top plate 360×360×5 Al, 12×M6 to the bearing inner ring, 
bore Ø90','',(#1095));
#1095 = PRODUCT_CONTEXT('',#2,'mechanical');
#1096 = PRODUCT_DEFINITION_CONTEXT('part definition',#2,'design');
#1097 = ADVANCED_BREP_SHAPE_REPRESENTATION('',(#11,#1098),#1755);
#1098 = MANIFOLD_SOLID_BREP('',#1099);
#1099 = CLOSED_SHELL('',(#1100,#1140,#1171,#1338,#1362,#1522,#1534,#1551
    ,#1568,#1585,#1602,#1619,#1636,#1653,#1670,#1687,#1704,#1721,#1738)
  );
#1100 = ADVANCED_FACE('',(#1101),#1135,.F.);
#1101 = FACE_BOUND('',#1102,.F.);
#1102 = EDGE_LOOP('',(#1103,#1113,#1121,#1129));
#1103 = ORIENTED_EDGE('',*,*,#1104,.F.);
#1104 = EDGE_CURVE('',#1105,#1107,#1109,.T.);
#1105 = VERTEX_POINT('',#1106);
#1106 = CARTESIAN_POINT('',(-25.,-94.,-35.5));
#1107 = VERTEX_POINT('',#1108);
#1108 = CARTESIAN_POINT('',(-25.,-94.,-30.5));
#1109 = LINE('',#1110,#1111);
#1110 = CARTESIAN_POINT('',(-25.,-94.,-35.5));
#1111 = VECTOR('',#1112,1.);
#1112 = DIRECTION('',(0.,0.,1.));
#1113 = ORIENTED_EDGE('',*,*,#1114,.T.);
#1114 = EDGE_CURVE('',#1105,#1115,#1117,.T.);
#1115 = VERTEX_POINT('',#1116);
#1116 = CARTESIAN_POINT('',(-25.,266.,-35.5));
#1117 = LINE('',#1118,#1119);
#1118 = CARTESIAN_POINT('',(-25.,-94.,-35.5));
#1119 = VECTOR('',#1120,1.);
#1120 = DIRECTION('',(-0.,1.,0.));
#1121 = ORIENTED_EDGE('',*,*,#1122,.T.);
#1122 = EDGE_CURVE('',#1115,#1123,#1125,.T.);
#1123 = VERTEX_POINT('',#1124);
#1124 = CARTESIAN_POINT('',(-25.,266.,-30.5));
#1125 = LINE('',#1126,#1127);
#1126 = CARTESIAN_POINT('',(-25.,266.,-35.5));
#1127 = VECTOR('',#1128,1.);
#1128 = DIRECTION('',(0.,0.,1.));
#1129 = ORIENTED_EDGE('',*,*,#1130,.F.);
#1130 = EDGE_CURVE('',#1107,#1123,#1131,.T.);
#1131 = LINE('',#1132,#1133);
#1132 = CARTESIAN_POINT('',(-25.,-94.,-30.5));
#1133 = VECTOR('',#1134,1.);
#1134 = DIRECTION('',(-0.,1.,0.));
#1135 = PLANE('',#1136);
#1136 = AXIS2_PLACEMENT_3D('',#1137,#1138,#1139);
#1137 = CARTESIAN_POINT('',(-25.,-94.,-35.5));
#1138 = DIRECTION('',(1.,0.,-0.));
#1139 = DIRECTION('',(0.,0.,1.));
#1140 = ADVANCED_FACE('',(#1141),#1166,.F.);
#1141 = FACE_BOUND('',#1142,.F.);
#1142 = EDGE_LOOP('',(#1143,#1151,#1152,#1160));
#1143 = ORIENTED_EDGE('',*,*,#1144,.F.);
#1144 = EDGE_CURVE('',#1105,#1145,#1147,.T.);
#1145 = VERTEX_POINT('',#1146);
#1146 = CARTESIAN_POINT('',(335.,-94.,-35.5));
#1147 = LINE('',#1148,#1149);
#1148 = CARTESIAN_POINT('',(-25.,-94.,-35.5));
#1149 = VECTOR('',#1150,1.);
#1150 = DIRECTION('',(1.,0.,-0.));
#1151 = ORIENTED_EDGE('',*,*,#1104,.T.);
#1152 = ORIENTED_EDGE('',*,*,#1153,.T.);
#1153 = EDGE_CURVE('',#1107,#1154,#1156,.T.);
#1154 = VERTEX_POINT('',#1155);
#1155 = CARTESIAN_POINT('',(335.,-94.,-30.5));
#1156 = LINE('',#1157,#1158);
#1157 = CARTESIAN_POINT('',(-25.,-94.,-30.5));
#1158 = VECTOR('',#1159,1.);
#1159 = DIRECTION('',(1.,0.,-0.));
#1160 = ORIENTED_EDGE('',*,*,#1161,.F.);
#1161 = EDGE_CURVE('',#1145,#1154,#1162,.T.);
#1162 = LINE('',#1163,#1164);
#1163 = CARTESIAN_POINT('',(335.,-94.,-35.5));
#1164 = VECTOR('',#1165,1.);
#1165 = DIRECTION('',(0.,0.,1.));
#1166 = PLANE('',#1167);
#1167 = AXIS2_PLACEMENT_3D('',#1168,#1169,#1170);
#1168 = CARTESIAN_POINT('',(-25.,-94.,-35.5));
#1169 = DIRECTION('',(-0.,1.,0.));
#1170 = DIRECTION('',(0.,0.,1.));
#1171 = ADVANCED_FACE('',(#1172,#1190,#1201,#1212,#1223,#1234,#1245,
    #1256,#1267,#1278,#1289,#1300,#1311,#1322),#1333,.T.);
#1172 = FACE_BOUND('',#1173,.T.);
#1173 = EDGE_LOOP('',(#1174,#1175,#1176,#1184));
#1174 = ORIENTED_EDGE('',*,*,#1130,.F.);
#1175 = ORIENTED_EDGE('',*,*,#1153,.T.);
#1176 = ORIENTED_EDGE('',*,*,#1177,.T.);
#1177 = EDGE_CURVE('',#1154,#1178,#1180,.T.);
#1178 = VERTEX_POINT('',#1179);
#1179 = CARTESIAN_POINT('',(335.,266.,-30.5));
#1180 = LINE('',#1181,#1182);
#1181 = CARTESIAN_POINT('',(335.,-94.,-30.5));
#1182 = VECTOR('',#1183,1.);
#1183 = DIRECTION('',(-0.,1.,0.));
#1184 = ORIENTED_EDGE('',*,*,#1185,.F.);
#1185 = EDGE_CURVE('',#1123,#1178,#1186,.T.);
#1186 = LINE('',#1187,#1188);
#1187 = CARTESIAN_POINT('',(-25.,266.,-30.5));
#1188 = VECTOR('',#1189,1.);
#1189 = DIRECTION('',(1.,0.,-0.));
#1190 = FACE_BOUND('',#1191,.T.);
#1191 = EDGE_LOOP('',(#1192));
#1192 = ORIENTED_EDGE('',*,*,#1193,.F.);
#1193 = EDGE_CURVE('',#1194,#1194,#1196,.T.);
#1194 = VERTEX_POINT('',#1195);
#1195 = CARTESIAN_POINT('',(117.23780669118,44.98780669118,-30.5));
#1196 = CIRCLE('',#1197,3.25);
#1197 = AXIS2_PLACEMENT_3D('',#1198,#1199,#1200);
#1198 = CARTESIAN_POINT('',(113.98780669118,44.98780669118,-30.5));
#1199 = DIRECTION('',(0.,0.,1.));
#1200 = DIRECTION('',(1.,0.,-0.));
#1201 = FACE_BOUND('',#1202,.T.);
#1202 = EDGE_LOOP('',(#1203));
#1203 = ORIENTED_EDGE('',*,*,#1204,.F.);
#1204 = EDGE_CURVE('',#1205,#1205,#1207,.T.);
#1205 = VERTEX_POINT('',#1206);
#1206 = CARTESIAN_POINT('',(143.23849538405,29.976302075234,-30.5));
#1207 = CIRCLE('',#1208,3.25);
#1208 = AXIS2_PLACEMENT_3D('',#1209,#1210,#1211);
#1209 = CARTESIAN_POINT('',(139.98849538405,29.976302075234,-30.5));
#1210 = DIRECTION('',(0.,0.,1.));
#1211 = DIRECTION('',(1.,0.,-0.));
#1212 = FACE_BOUND('',#1213,.T.);
#1213 = EDGE_LOOP('',(#1214));
#1214 = ORIENTED_EDGE('',*,*,#1215,.F.);
#1215 = EDGE_CURVE('',#1216,#1216,#1218,.T.);
#1216 = VERTEX_POINT('',#1217);
#1217 = CARTESIAN_POINT('',(102.22630207523,70.988495384054,-30.5));
#1218 = CIRCLE('',#1219,3.25);
#1219 = AXIS2_PLACEMENT_3D('',#1220,#1221,#1222);
#1220 = CARTESIAN_POINT('',(98.976302075234,70.988495384054,-30.5));
#1221 = DIRECTION('',(0.,0.,1.));
#1222 = DIRECTION('',(1.,0.,-0.));
#1223 = FACE_BOUND('',#1224,.T.);
#1224 = EDGE_LOOP('',(#1225));
#1225 = ORIENTED_EDGE('',*,*,#1226,.F.);
#1226 = EDGE_CURVE('',#1227,#1227,#1229,.T.);
#1227 = VERTEX_POINT('',#1228);
#1228 = CARTESIAN_POINT('',(173.26150461594,29.976302075234,-30.5));
#1229 = CIRCLE('',#1230,3.25);
#1230 = AXIS2_PLACEMENT_3D('',#1231,#1232,#1233);
#1231 = CARTESIAN_POINT('',(170.01150461594,29.976302075234,-30.5));
#1232 = DIRECTION('',(0.,0.,1.));
#1233 = DIRECTION('',(1.,0.,-0.));
#1234 = FACE_BOUND('',#1235,.T.);
#1235 = EDGE_LOOP('',(#1236));
#1236 = ORIENTED_EDGE('',*,*,#1237,.F.);
#1237 = EDGE_CURVE('',#1238,#1238,#1240,.T.);
#1238 = VERTEX_POINT('',#1239);
#1239 = CARTESIAN_POINT('',(199.26219330882,44.98780669118,-30.5));
#1240 = CIRCLE('',#1241,3.25);
#1241 = AXIS2_PLACEMENT_3D('',#1242,#1243,#1244);
#1242 = CARTESIAN_POINT('',(196.01219330882,44.98780669118,-30.5));
#1243 = DIRECTION('',(0.,0.,1.));
#1244 = DIRECTION('',(1.,0.,-0.));
#1245 = FACE_BOUND('',#1246,.T.);
#1246 = EDGE_LOOP('',(#1247));
#1247 = ORIENTED_EDGE('',*,*,#1248,.F.);
#1248 = EDGE_CURVE('',#1249,#1249,#1251,.T.);
#1249 = VERTEX_POINT('',#1250);
#1250 = CARTESIAN_POINT('',(214.27369792476,70.988495384054,-30.5));
#1251 = CIRCLE('',#1252,3.25);
#1252 = AXIS2_PLACEMENT_3D('',#1253,#1254,#1255);
#1253 = CARTESIAN_POINT('',(211.02369792476,70.988495384054,-30.5));
#1254 = DIRECTION('',(0.,0.,1.));
#1255 = DIRECTION('',(1.,0.,-0.));
#1256 = FACE_BOUND('',#1257,.T.);
#1257 = EDGE_LOOP('',(#1258));
#1258 = ORIENTED_EDGE('',*,*,#1259,.F.);
#1259 = EDGE_CURVE('',#1260,#1260,#1262,.T.);
#1260 = VERTEX_POINT('',#1261);
#1261 = CARTESIAN_POINT('',(102.22630207523,101.01150461594,-30.5));
#1262 = CIRCLE('',#1263,3.25);
#1263 = AXIS2_PLACEMENT_3D('',#1264,#1265,#1266);
#1264 = CARTESIAN_POINT('',(98.976302075234,101.01150461594,-30.5));
#1265 = DIRECTION('',(0.,0.,1.));
#1266 = DIRECTION('',(1.,0.,-0.));
#1267 = FACE_BOUND('',#1268,.T.);
#1268 = EDGE_LOOP('',(#1269));
#1269 = ORIENTED_EDGE('',*,*,#1270,.F.);
#1270 = EDGE_CURVE('',#1271,#1271,#1273,.T.);
#1271 = VERTEX_POINT('',#1272);
#1272 = CARTESIAN_POINT('',(117.23780669118,127.01219330882,-30.5));
#1273 = CIRCLE('',#1274,3.25);
#1274 = AXIS2_PLACEMENT_3D('',#1275,#1276,#1277);
#1275 = CARTESIAN_POINT('',(113.98780669118,127.01219330882,-30.5));
#1276 = DIRECTION('',(0.,0.,1.));
#1277 = DIRECTION('',(1.,0.,-0.));
#1278 = FACE_BOUND('',#1279,.T.);
#1279 = EDGE_LOOP('',(#1280));
#1280 = ORIENTED_EDGE('',*,*,#1281,.F.);
#1281 = EDGE_CURVE('',#1282,#1282,#1284,.T.);
#1282 = VERTEX_POINT('',#1283);
#1283 = CARTESIAN_POINT('',(143.23849538405,142.02369792476,-30.5));
#1284 = CIRCLE('',#1285,3.25);
#1285 = AXIS2_PLACEMENT_3D('',#1286,#1287,#1288);
#1286 = CARTESIAN_POINT('',(139.98849538405,142.02369792476,-30.5));
#1287 = DIRECTION('',(0.,0.,1.));
#1288 = DIRECTION('',(1.,0.,-0.));
#1289 = FACE_BOUND('',#1290,.T.);
#1290 = EDGE_LOOP('',(#1291));
#1291 = ORIENTED_EDGE('',*,*,#1292,.F.);
#1292 = EDGE_CURVE('',#1293,#1293,#1295,.T.);
#1293 = VERTEX_POINT('',#1294);
#1294 = CARTESIAN_POINT('',(200.,86.,-30.5));
#1295 = CIRCLE('',#1296,45.);
#1296 = AXIS2_PLACEMENT_3D('',#1297,#1298,#1299);
#1297 = CARTESIAN_POINT('',(155.,86.,-30.5));
#1298 = DIRECTION('',(0.,0.,1.));
#1299 = DIRECTION('',(1.,0.,-0.));
#1300 = FACE_BOUND('',#1301,.T.);
#1301 = EDGE_LOOP('',(#1302));
#1302 = ORIENTED_EDGE('',*,*,#1303,.F.);
#1303 = EDGE_CURVE('',#1304,#1304,#1306,.T.);
#1304 = VERTEX_POINT('',#1305);
#1305 = CARTESIAN_POINT('',(214.27369792476,101.01150461594,-30.5));
#1306 = CIRCLE('',#1307,3.25);
#1307 = AXIS2_PLACEMENT_3D('',#1308,#1309,#1310);
#1308 = CARTESIAN_POINT('',(211.02369792476,101.01150461594,-30.5));
#1309 = DIRECTION('',(0.,0.,1.));
#1310 = DIRECTION('',(1.,0.,-0.));
#1311 = FACE_BOUND('',#1312,.T.);
#1312 = EDGE_LOOP('',(#1313));
#1313 = ORIENTED_EDGE('',*,*,#1314,.F.);
#1314 = EDGE_CURVE('',#1315,#1315,#1317,.T.);
#1315 = VERTEX_POINT('',#1316);
#1316 = CARTESIAN_POINT('',(173.26150461594,142.02369792476,-30.5));
#1317 = CIRCLE('',#1318,3.25);
#1318 = AXIS2_PLACEMENT_3D('',#1319,#1320,#1321);
#1319 = CARTESIAN_POINT('',(170.01150461594,142.02369792476,-30.5));
#1320 = DIRECTION('',(0.,0.,1.));
#1321 = DIRECTION('',(1.,0.,-0.));
#1322 = FACE_BOUND('',#1323,.T.);
#1323 = EDGE_LOOP('',(#1324));
#1324 = ORIENTED_EDGE('',*,*,#1325,.F.);
#1325 = EDGE_CURVE('',#1326,#1326,#1328,.T.);
#1326 = VERTEX_POINT('',#1327);
#1327 = CARTESIAN_POINT('',(199.26219330882,127.01219330882,-30.5));
#1328 = CIRCLE('',#1329,3.25);
#1329 = AXIS2_PLACEMENT_3D('',#1330,#1331,#1332);
#1330 = CARTESIAN_POINT('',(196.01219330882,127.01219330882,-30.5));
#1331 = DIRECTION('',(0.,0.,1.));
#1332 = DIRECTION('',(1.,0.,-0.));
#1333 = PLANE('',#1334);
#1334 = AXIS2_PLACEMENT_3D('',#1335,#1336,#1337);
#1335 = CARTESIAN_POINT('',(-25.,-94.,-30.5));
#1336 = DIRECTION('',(0.,0.,1.));
#1337 = DIRECTION('',(1.,0.,-0.));
#1338 = ADVANCED_FACE('',(#1339),#1357,.T.);
#1339 = FACE_BOUND('',#1340,.T.);
#1340 = EDGE_LOOP('',(#1341,#1349,#1350,#1351));
#1341 = ORIENTED_EDGE('',*,*,#1342,.F.);
#1342 = EDGE_CURVE('',#1115,#1343,#1345,.T.);
#1343 = VERTEX_POINT('',#1344);
#1344 = CARTESIAN_POINT('',(335.,266.,-35.5));
#1345 = LINE('',#1346,#1347);
#1346 = CARTESIAN_POINT('',(-25.,266.,-35.5));
#1347 = VECTOR('',#1348,1.);
#1348 = DIRECTION('',(1.,0.,-0.));
#1349 = ORIENTED_EDGE('',*,*,#1122,.T.);
#1350 = ORIENTED_EDGE('',*,*,#1185,.T.);
#1351 = ORIENTED_EDGE('',*,*,#1352,.F.);
#1352 = EDGE_CURVE('',#1343,#1178,#1353,.T.);
#1353 = LINE('',#1354,#1355);
#1354 = CARTESIAN_POINT('',(335.,266.,-35.5));
#1355 = VECTOR('',#1356,1.);
#1356 = DIRECTION('',(0.,0.,1.));
#1357 = PLANE('',#1358);
#1358 = AXIS2_PLACEMENT_3D('',#1359,#1360,#1361);
#1359 = CARTESIAN_POINT('',(-25.,266.,-35.5));
#1360 = DIRECTION('',(-0.,1.,0.));
#1361 = DIRECTION('',(0.,0.,1.));
#1362 = ADVANCED_FACE('',(#1363,#1374,#1385,#1396,#1407,#1418,#1429,
    #1440,#1451,#1462,#1473,#1484,#1495,#1506),#1517,.F.);
#1363 = FACE_BOUND('',#1364,.F.);
#1364 = EDGE_LOOP('',(#1365,#1366,#1367,#1373));
#1365 = ORIENTED_EDGE('',*,*,#1114,.F.);
#1366 = ORIENTED_EDGE('',*,*,#1144,.T.);
#1367 = ORIENTED_EDGE('',*,*,#1368,.T.);
#1368 = EDGE_CURVE('',#1145,#1343,#1369,.T.);
#1369 = LINE('',#1370,#1371);
#1370 = CARTESIAN_POINT('',(335.,-94.,-35.5));
#1371 = VECTOR('',#1372,1.);
#1372 = DIRECTION('',(-0.,1.,0.));
#1373 = ORIENTED_EDGE('',*,*,#1342,.F.);
#1374 = FACE_BOUND('',#1375,.F.);
#1375 = EDGE_LOOP('',(#1376));
#1376 = ORIENTED_EDGE('',*,*,#1377,.F.);
#1377 = EDGE_CURVE('',#1378,#1378,#1380,.T.);
#1378 = VERTEX_POINT('',#1379);
#1379 = CARTESIAN_POINT('',(117.23780669118,44.98780669118,-35.5));
#1380 = CIRCLE('',#1381,3.25);
#1381 = AXIS2_PLACEMENT_3D('',#1382,#1383,#1384);
#1382 = CARTESIAN_POINT('',(113.98780669118,44.98780669118,-35.5));
#1383 = DIRECTION('',(0.,0.,1.));
#1384 = DIRECTION('',(1.,0.,-0.));
#1385 = FACE_BOUND('',#1386,.F.);
#1386 = EDGE_LOOP('',(#1387));
#1387 = ORIENTED_EDGE('',*,*,#1388,.F.);
#1388 = EDGE_CURVE('',#1389,#1389,#1391,.T.);
#1389 = VERTEX_POINT('',#1390);
#1390 = CARTESIAN_POINT('',(143.23849538405,29.976302075234,-35.5));
#1391 = CIRCLE('',#1392,3.25);
#1392 = AXIS2_PLACEMENT_3D('',#1393,#1394,#1395);
#1393 = CARTESIAN_POINT('',(139.98849538405,29.976302075234,-35.5));
#1394 = DIRECTION('',(0.,0.,1.));
#1395 = DIRECTION('',(1.,0.,-0.));
#1396 = FACE_BOUND('',#1397,.F.);
#1397 = EDGE_LOOP('',(#1398));
#1398 = ORIENTED_EDGE('',*,*,#1399,.F.);
#1399 = EDGE_CURVE('',#1400,#1400,#1402,.T.);
#1400 = VERTEX_POINT('',#1401);
#1401 = CARTESIAN_POINT('',(102.22630207523,70.988495384054,-35.5));
#1402 = CIRCLE('',#1403,3.25);
#1403 = AXIS2_PLACEMENT_3D('',#1404,#1405,#1406);
#1404 = CARTESIAN_POINT('',(98.976302075234,70.988495384054,-35.5));
#1405 = DIRECTION('',(0.,0.,1.));
#1406 = DIRECTION('',(1.,0.,-0.));
#1407 = FACE_BOUND('',#1408,.F.);
#1408 = EDGE_LOOP('',(#1409));
#1409 = ORIENTED_EDGE('',*,*,#1410,.F.);
#1410 = EDGE_CURVE('',#1411,#1411,#1413,.T.);
#1411 = VERTEX_POINT('',#1412);
#1412 = CARTESIAN_POINT('',(173.26150461594,29.976302075234,-35.5));
#1413 = CIRCLE('',#1414,3.25);
#1414 = AXIS2_PLACEMENT_3D('',#1415,#1416,#1417);
#1415 = CARTESIAN_POINT('',(170.01150461594,29.976302075234,-35.5));
#1416 = DIRECTION('',(0.,0.,1.));
#1417 = DIRECTION('',(1.,0.,-0.));
#1418 = FACE_BOUND('',#1419,.F.);
#1419 = EDGE_LOOP('',(#1420));
#1420 = ORIENTED_EDGE('',*,*,#1421,.F.);
#1421 = EDGE_CURVE('',#1422,#1422,#1424,.T.);
#1422 = VERTEX_POINT('',#1423);
#1423 = CARTESIAN_POINT('',(199.26219330882,44.98780669118,-35.5));
#1424 = CIRCLE('',#1425,3.25);
#1425 = AXIS2_PLACEMENT_3D('',#1426,#1427,#1428);
#1426 = CARTESIAN_POINT('',(196.01219330882,44.98780669118,-35.5));
#1427 = DIRECTION('',(0.,0.,1.));
#1428 = DIRECTION('',(1.,0.,-0.));
#1429 = FACE_BOUND('',#1430,.F.);
#1430 = EDGE_LOOP('',(#1431));
#1431 = ORIENTED_EDGE('',*,*,#1432,.F.);
#1432 = EDGE_CURVE('',#1433,#1433,#1435,.T.);
#1433 = VERTEX_POINT('',#1434);
#1434 = CARTESIAN_POINT('',(214.27369792476,70.988495384054,-35.5));
#1435 = CIRCLE('',#1436,3.25);
#1436 = AXIS2_PLACEMENT_3D('',#1437,#1438,#1439);
#1437 = CARTESIAN_POINT('',(211.02369792476,70.988495384054,-35.5));
#1438 = DIRECTION('',(0.,0.,1.));
#1439 = DIRECTION('',(1.,0.,-0.));
#1440 = FACE_BOUND('',#1441,.F.);
#1441 = EDGE_LOOP('',(#1442));
#1442 = ORIENTED_EDGE('',*,*,#1443,.F.);
#1443 = EDGE_CURVE('',#1444,#1444,#1446,.T.);
#1444 = VERTEX_POINT('',#1445);
#1445 = CARTESIAN_POINT('',(102.22630207523,101.01150461594,-35.5));
#1446 = CIRCLE('',#1447,3.25);
#1447 = AXIS2_PLACEMENT_3D('',#1448,#1449,#1450);
#1448 = CARTESIAN_POINT('',(98.976302075234,101.01150461594,-35.5));
#1449 = DIRECTION('',(0.,0.,1.));
#1450 = DIRECTION('',(1.,0.,-0.));
#1451 = FACE_BOUND('',#1452,.F.);
#1452 = EDGE_LOOP('',(#1453));
#1453 = ORIENTED_EDGE('',*,*,#1454,.F.);
#1454 = EDGE_CURVE('',#1455,#1455,#1457,.T.);
#1455 = VERTEX_POINT('',#1456);
#1456 = CARTESIAN_POINT('',(117.23780669118,127.01219330882,-35.5));
#1457 = CIRCLE('',#1458,3.25);
#1458 = AXIS2_PLACEMENT_3D('',#1459,#1460,#1461);
#1459 = CARTESIAN_POINT('',(113.98780669118,127.01219330882,-35.5));
#1460 = DIRECTION('',(0.,0.,1.));
#1461 = DIRECTION('',(1.,0.,-0.));
#1462 = FACE_BOUND('',#1463,.F.);
#1463 = EDGE_LOOP('',(#1464));
#1464 = ORIENTED_EDGE('',*,*,#1465,.F.);
#1465 = EDGE_CURVE('',#1466,#1466,#1468,.T.);
#1466 = VERTEX_POINT('',#1467);
#1467 = CARTESIAN_POINT('',(143.23849538405,142.02369792476,-35.5));
#1468 = CIRCLE('',#1469,3.25);
#1469 = AXIS2_PLACEMENT_3D('',#1470,#1471,#1472);
#1470 = CARTESIAN_POINT('',(139.98849538405,142.02369792476,-35.5));
#1471 = DIRECTION('',(0.,0.,1.));
#1472 = DIRECTION('',(1.,0.,-0.));
#1473 = FACE_BOUND('',#1474,.F.);
#1474 = EDGE_LOOP('',(#1475));
#1475 = ORIENTED_EDGE('',*,*,#1476,.F.);
#1476 = EDGE_CURVE('',#1477,#1477,#1479,.T.);
#1477 = VERTEX_POINT('',#1478);
#1478 = CARTESIAN_POINT('',(200.,86.,-35.5));
#1479 = CIRCLE('',#1480,45.);
#1480 = AXIS2_PLACEMENT_3D('',#1481,#1482,#1483);
#1481 = CARTESIAN_POINT('',(155.,86.,-35.5));
#1482 = DIRECTION('',(0.,0.,1.));
#1483 = DIRECTION('',(1.,0.,-0.));
#1484 = FACE_BOUND('',#1485,.F.);
#1485 = EDGE_LOOP('',(#1486));
#1486 = ORIENTED_EDGE('',*,*,#1487,.F.);
#1487 = EDGE_CURVE('',#1488,#1488,#1490,.T.);
#1488 = VERTEX_POINT('',#1489);
#1489 = CARTESIAN_POINT('',(214.27369792476,101.01150461594,-35.5));
#1490 = CIRCLE('',#1491,3.25);
#1491 = AXIS2_PLACEMENT_3D('',#1492,#1493,#1494);
#1492 = CARTESIAN_POINT('',(211.02369792476,101.01150461594,-35.5));
#1493 = DIRECTION('',(0.,0.,1.));
#1494 = DIRECTION('',(1.,0.,-0.));
#1495 = FACE_BOUND('',#1496,.F.);
#1496 = EDGE_LOOP('',(#1497));
#1497 = ORIENTED_EDGE('',*,*,#1498,.F.);
#1498 = EDGE_CURVE('',#1499,#1499,#1501,.T.);
#1499 = VERTEX_POINT('',#1500);
#1500 = CARTESIAN_POINT('',(173.26150461594,142.02369792476,-35.5));
#1501 = CIRCLE('',#1502,3.25);
#1502 = AXIS2_PLACEMENT_3D('',#1503,#1504,#1505);
#1503 = CARTESIAN_POINT('',(170.01150461594,142.02369792476,-35.5));
#1504 = DIRECTION('',(0.,0.,1.));
#1505 = DIRECTION('',(1.,0.,-0.));
#1506 = FACE_BOUND('',#1507,.F.);
#1507 = EDGE_LOOP('',(#1508));
#1508 = ORIENTED_EDGE('',*,*,#1509,.F.);
#1509 = EDGE_CURVE('',#1510,#1510,#1512,.T.);
#1510 = VERTEX_POINT('',#1511);
#1511 = CARTESIAN_POINT('',(199.26219330882,127.01219330882,-35.5));
#1512 = CIRCLE('',#1513,3.25);
#1513 = AXIS2_PLACEMENT_3D('',#1514,#1515,#1516);
#1514 = CARTESIAN_POINT('',(196.01219330882,127.01219330882,-35.5));
#1515 = DIRECTION('',(0.,0.,1.));
#1516 = DIRECTION('',(1.,0.,-0.));
#1517 = PLANE('',#1518);
#1518 = AXIS2_PLACEMENT_3D('',#1519,#1520,#1521);
#1519 = CARTESIAN_POINT('',(-25.,-94.,-35.5));
#1520 = DIRECTION('',(0.,0.,1.));
#1521 = DIRECTION('',(1.,0.,-0.));
#1522 = ADVANCED_FACE('',(#1523),#1529,.T.);
#1523 = FACE_BOUND('',#1524,.T.);
#1524 = EDGE_LOOP('',(#1525,#1526,#1527,#1528));
#1525 = ORIENTED_EDGE('',*,*,#1161,.F.);
#1526 = ORIENTED_EDGE('',*,*,#1368,.T.);
#1527 = ORIENTED_EDGE('',*,*,#1352,.T.);
#1528 = ORIENTED_EDGE('',*,*,#1177,.F.);
#1529 = PLANE('',#1530);
#1530 = AXIS2_PLACEMENT_3D('',#1531,#1532,#1533);
#1531 = CARTESIAN_POINT('',(335.,-94.,-35.5));
#1532 = DIRECTION('',(1.,0.,-0.));
#1533 = DIRECTION('',(0.,0.,1.));
#1534 = ADVANCED_FACE('',(#1535),#1546,.F.);
#1535 = FACE_BOUND('',#1536,.F.);
#1536 = EDGE_LOOP('',(#1537,#1538,#1544,#1545));
#1537 = ORIENTED_EDGE('',*,*,#1193,.F.);
#1538 = ORIENTED_EDGE('',*,*,#1539,.F.);
#1539 = EDGE_CURVE('',#1378,#1194,#1540,.T.);
#1540 = LINE('',#1541,#1542);
#1541 = CARTESIAN_POINT('',(117.23780669118,44.98780669118,-40.5));
#1542 = VECTOR('',#1543,1.);
#1543 = DIRECTION('',(0.,0.,1.));
#1544 = ORIENTED_EDGE('',*,*,#1377,.T.);
#1545 = ORIENTED_EDGE('',*,*,#1539,.T.);
#1546 = CYLINDRICAL_SURFACE('',#1547,3.25);
#1547 = AXIS2_PLACEMENT_3D('',#1548,#1549,#1550);
#1548 = CARTESIAN_POINT('',(113.98780669118,44.98780669118,-40.5));
#1549 = DIRECTION('',(0.,0.,1.));
#1550 = DIRECTION('',(1.,0.,-0.));
#1551 = ADVANCED_FACE('',(#1552),#1563,.F.);
#1552 = FACE_BOUND('',#1553,.F.);
#1553 = EDGE_LOOP('',(#1554,#1555,#1561,#1562));
#1554 = ORIENTED_EDGE('',*,*,#1204,.F.);
#1555 = ORIENTED_EDGE('',*,*,#1556,.F.);
#1556 = EDGE_CURVE('',#1389,#1205,#1557,.T.);
#1557 = LINE('',#1558,#1559);
#1558 = CARTESIAN_POINT('',(143.23849538405,29.976302075234,-40.5));
#1559 = VECTOR('',#1560,1.);
#1560 = DIRECTION('',(0.,0.,1.));
#1561 = ORIENTED_EDGE('',*,*,#1388,.T.);
#1562 = ORIENTED_EDGE('',*,*,#1556,.T.);
#1563 = CYLINDRICAL_SURFACE('',#1564,3.25);
#1564 = AXIS2_PLACEMENT_3D('',#1565,#1566,#1567);
#1565 = CARTESIAN_POINT('',(139.98849538405,29.976302075234,-40.5));
#1566 = DIRECTION('',(0.,0.,1.));
#1567 = DIRECTION('',(1.,0.,-0.));
#1568 = ADVANCED_FACE('',(#1569),#1580,.F.);
#1569 = FACE_BOUND('',#1570,.F.);
#1570 = EDGE_LOOP('',(#1571,#1572,#1578,#1579));
#1571 = ORIENTED_EDGE('',*,*,#1215,.F.);
#1572 = ORIENTED_EDGE('',*,*,#1573,.F.);
#1573 = EDGE_CURVE('',#1400,#1216,#1574,.T.);
#1574 = LINE('',#1575,#1576);
#1575 = CARTESIAN_POINT('',(102.22630207523,70.988495384054,-40.5));
#1576 = VECTOR('',#1577,1.);
#1577 = DIRECTION('',(0.,0.,1.));
#1578 = ORIENTED_EDGE('',*,*,#1399,.T.);
#1579 = ORIENTED_EDGE('',*,*,#1573,.T.);
#1580 = CYLINDRICAL_SURFACE('',#1581,3.25);
#1581 = AXIS2_PLACEMENT_3D('',#1582,#1583,#1584);
#1582 = CARTESIAN_POINT('',(98.976302075234,70.988495384054,-40.5));
#1583 = DIRECTION('',(0.,0.,1.));
#1584 = DIRECTION('',(1.,0.,-0.));
#1585 = ADVANCED_FACE('',(#1586),#1597,.F.);
#1586 = FACE_BOUND('',#1587,.F.);
#1587 = EDGE_LOOP('',(#1588,#1589,#1595,#1596));
#1588 = ORIENTED_EDGE('',*,*,#1226,.F.);
#1589 = ORIENTED_EDGE('',*,*,#1590,.F.);
#1590 = EDGE_CURVE('',#1411,#1227,#1591,.T.);
#1591 = LINE('',#1592,#1593);
#1592 = CARTESIAN_POINT('',(173.26150461594,29.976302075234,-40.5));
#1593 = VECTOR('',#1594,1.);
#1594 = DIRECTION('',(0.,0.,1.));
#1595 = ORIENTED_EDGE('',*,*,#1410,.T.);
#1596 = ORIENTED_EDGE('',*,*,#1590,.T.);
#1597 = CYLINDRICAL_SURFACE('',#1598,3.25);
#1598 = AXIS2_PLACEMENT_3D('',#1599,#1600,#1601);
#1599 = CARTESIAN_POINT('',(170.01150461594,29.976302075234,-40.5));
#1600 = DIRECTION('',(0.,0.,1.));
#1601 = DIRECTION('',(1.,0.,-0.));
#1602 = ADVANCED_FACE('',(#1603),#1614,.F.);
#1603 = FACE_BOUND('',#1604,.F.);
#1604 = EDGE_LOOP('',(#1605,#1606,#1612,#1613));
#1605 = ORIENTED_EDGE('',*,*,#1237,.F.);
#1606 = ORIENTED_EDGE('',*,*,#1607,.F.);
#1607 = EDGE_CURVE('',#1422,#1238,#1608,.T.);
#1608 = LINE('',#1609,#1610);
#1609 = CARTESIAN_POINT('',(199.26219330882,44.98780669118,-40.5));
#1610 = VECTOR('',#1611,1.);
#1611 = DIRECTION('',(0.,0.,1.));
#1612 = ORIENTED_EDGE('',*,*,#1421,.T.);
#1613 = ORIENTED_EDGE('',*,*,#1607,.T.);
#1614 = CYLINDRICAL_SURFACE('',#1615,3.25);
#1615 = AXIS2_PLACEMENT_3D('',#1616,#1617,#1618);
#1616 = CARTESIAN_POINT('',(196.01219330882,44.98780669118,-40.5));
#1617 = DIRECTION('',(0.,0.,1.));
#1618 = DIRECTION('',(1.,0.,-0.));
#1619 = ADVANCED_FACE('',(#1620),#1631,.F.);
#1620 = FACE_BOUND('',#1621,.F.);
#1621 = EDGE_LOOP('',(#1622,#1623,#1629,#1630));
#1622 = ORIENTED_EDGE('',*,*,#1248,.F.);
#1623 = ORIENTED_EDGE('',*,*,#1624,.F.);
#1624 = EDGE_CURVE('',#1433,#1249,#1625,.T.);
#1625 = LINE('',#1626,#1627);
#1626 = CARTESIAN_POINT('',(214.27369792476,70.988495384054,-40.5));
#1627 = VECTOR('',#1628,1.);
#1628 = DIRECTION('',(0.,0.,1.));
#1629 = ORIENTED_EDGE('',*,*,#1432,.T.);
#1630 = ORIENTED_EDGE('',*,*,#1624,.T.);
#1631 = CYLINDRICAL_SURFACE('',#1632,3.25);
#1632 = AXIS2_PLACEMENT_3D('',#1633,#1634,#1635);
#1633 = CARTESIAN_POINT('',(211.02369792476,70.988495384054,-40.5));
#1634 = DIRECTION('',(0.,0.,1.));
#1635 = DIRECTION('',(1.,0.,-0.));
#1636 = ADVANCED_FACE('',(#1637),#1648,.F.);
#1637 = FACE_BOUND('',#1638,.F.);
#1638 = EDGE_LOOP('',(#1639,#1640,#1646,#1647));
#1639 = ORIENTED_EDGE('',*,*,#1259,.F.);
#1640 = ORIENTED_EDGE('',*,*,#1641,.F.);
#1641 = EDGE_CURVE('',#1444,#1260,#1642,.T.);
#1642 = LINE('',#1643,#1644);
#1643 = CARTESIAN_POINT('',(102.22630207523,101.01150461594,-40.5));
#1644 = VECTOR('',#1645,1.);
#1645 = DIRECTION('',(0.,0.,1.));
#1646 = ORIENTED_EDGE('',*,*,#1443,.T.);
#1647 = ORIENTED_EDGE('',*,*,#1641,.T.);
#1648 = CYLINDRICAL_SURFACE('',#1649,3.25);
#1649 = AXIS2_PLACEMENT_3D('',#1650,#1651,#1652);
#1650 = CARTESIAN_POINT('',(98.976302075234,101.01150461594,-40.5));
#1651 = DIRECTION('',(0.,0.,1.));
#1652 = DIRECTION('',(1.,0.,-0.));
#1653 = ADVANCED_FACE('',(#1654),#1665,.F.);
#1654 = FACE_BOUND('',#1655,.F.);
#1655 = EDGE_LOOP('',(#1656,#1657,#1663,#1664));
#1656 = ORIENTED_EDGE('',*,*,#1270,.F.);
#1657 = ORIENTED_EDGE('',*,*,#1658,.F.);
#1658 = EDGE_CURVE('',#1455,#1271,#1659,.T.);
#1659 = LINE('',#1660,#1661);
#1660 = CARTESIAN_POINT('',(117.23780669118,127.01219330882,-40.5));
#1661 = VECTOR('',#1662,1.);
#1662 = DIRECTION('',(0.,0.,1.));
#1663 = ORIENTED_EDGE('',*,*,#1454,.T.);
#1664 = ORIENTED_EDGE('',*,*,#1658,.T.);
#1665 = CYLINDRICAL_SURFACE('',#1666,3.25);
#1666 = AXIS2_PLACEMENT_3D('',#1667,#1668,#1669);
#1667 = CARTESIAN_POINT('',(113.98780669118,127.01219330882,-40.5));
#1668 = DIRECTION('',(0.,0.,1.));
#1669 = DIRECTION('',(1.,0.,-0.));
#1670 = ADVANCED_FACE('',(#1671),#1682,.F.);
#1671 = FACE_BOUND('',#1672,.F.);
#1672 = EDGE_LOOP('',(#1673,#1674,#1680,#1681));
#1673 = ORIENTED_EDGE('',*,*,#1281,.F.);
#1674 = ORIENTED_EDGE('',*,*,#1675,.F.);
#1675 = EDGE_CURVE('',#1466,#1282,#1676,.T.);
#1676 = LINE('',#1677,#1678);
#1677 = CARTESIAN_POINT('',(143.23849538405,142.02369792476,-40.5));
#1678 = VECTOR('',#1679,1.);
#1679 = DIRECTION('',(0.,0.,1.));
#1680 = ORIENTED_EDGE('',*,*,#1465,.T.);
#1681 = ORIENTED_EDGE('',*,*,#1675,.T.);
#1682 = CYLINDRICAL_SURFACE('',#1683,3.25);
#1683 = AXIS2_PLACEMENT_3D('',#1684,#1685,#1686);
#1684 = CARTESIAN_POINT('',(139.98849538405,142.02369792476,-40.5));
#1685 = DIRECTION('',(0.,0.,1.));
#1686 = DIRECTION('',(1.,0.,-0.));
#1687 = ADVANCED_FACE('',(#1688),#1699,.F.);
#1688 = FACE_BOUND('',#1689,.F.);
#1689 = EDGE_LOOP('',(#1690,#1691,#1697,#1698));
#1690 = ORIENTED_EDGE('',*,*,#1292,.F.);
#1691 = ORIENTED_EDGE('',*,*,#1692,.F.);
#1692 = EDGE_CURVE('',#1477,#1293,#1693,.T.);
#1693 = LINE('',#1694,#1695);
#1694 = CARTESIAN_POINT('',(200.,86.,-40.5));
#1695 = VECTOR('',#1696,1.);
#1696 = DIRECTION('',(0.,0.,1.));
#1697 = ORIENTED_EDGE('',*,*,#1476,.T.);
#1698 = ORIENTED_EDGE('',*,*,#1692,.T.);
#1699 = CYLINDRICAL_SURFACE('',#1700,45.);
#1700 = AXIS2_PLACEMENT_3D('',#1701,#1702,#1703);
#1701 = CARTESIAN_POINT('',(155.,86.,-40.5));
#1702 = DIRECTION('',(0.,0.,1.));
#1703 = DIRECTION('',(1.,0.,-0.));
#1704 = ADVANCED_FACE('',(#1705),#1716,.F.);
#1705 = FACE_BOUND('',#1706,.F.);
#1706 = EDGE_LOOP('',(#1707,#1708,#1714,#1715));
#1707 = ORIENTED_EDGE('',*,*,#1303,.F.);
#1708 = ORIENTED_EDGE('',*,*,#1709,.F.);
#1709 = EDGE_CURVE('',#1488,#1304,#1710,.T.);
#1710 = LINE('',#1711,#1712);
#1711 = CARTESIAN_POINT('',(214.27369792476,101.01150461594,-40.5));
#1712 = VECTOR('',#1713,1.);
#1713 = DIRECTION('',(0.,0.,1.));
#1714 = ORIENTED_EDGE('',*,*,#1487,.T.);
#1715 = ORIENTED_EDGE('',*,*,#1709,.T.);
#1716 = CYLINDRICAL_SURFACE('',#1717,3.25);
#1717 = AXIS2_PLACEMENT_3D('',#1718,#1719,#1720);
#1718 = CARTESIAN_POINT('',(211.02369792476,101.01150461594,-40.5));
#1719 = DIRECTION('',(0.,0.,1.));
#1720 = DIRECTION('',(1.,0.,-0.));
#1721 = ADVANCED_FACE('',(#1722),#1733,.F.);
#1722 = FACE_BOUND('',#1723,.F.);
#1723 = EDGE_LOOP('',(#1724,#1725,#1731,#1732));
#1724 = ORIENTED_EDGE('',*,*,#1314,.F.);
#1725 = ORIENTED_EDGE('',*,*,#1726,.F.);
#1726 = EDGE_CURVE('',#1499,#1315,#1727,.T.);
#1727 = LINE('',#1728,#1729);
#1728 = CARTESIAN_POINT('',(173.26150461594,142.02369792476,-40.5));
#1729 = VECTOR('',#1730,1.);
#1730 = DIRECTION('',(0.,0.,1.));
#1731 = ORIENTED_EDGE('',*,*,#1498,.T.);
#1732 = ORIENTED_EDGE('',*,*,#1726,.T.);
#1733 = CYLINDRICAL_SURFACE('',#1734,3.25);
#1734 = AXIS2_PLACEMENT_3D('',#1735,#1736,#1737);
#1735 = CARTESIAN_POINT('',(170.01150461594,142.02369792476,-40.5));
#1736 = DIRECTION('',(0.,0.,1.));
#1737 = DIRECTION('',(1.,0.,-0.));
#1738 = ADVANCED_FACE('',(#1739),#1750,.F.);
#1739 = FACE_BOUND('',#1740,.F.);
#1740 = EDGE_LOOP('',(#1741,#1742,#1748,#1749));
#1741 = ORIENTED_EDGE('',*,*,#1325,.F.);
#1742 = ORIENTED_EDGE('',*,*,#1743,.F.);
#1743 = EDGE_CURVE('',#1510,#1326,#1744,.T.);
#1744 = LINE('',#1745,#1746);
#1745 = CARTESIAN_POINT('',(199.26219330882,127.01219330882,-40.5));
#1746 = VECTOR('',#1747,1.);
#1747 = DIRECTION('',(0.,0.,1.));
#1748 = ORIENTED_EDGE('',*,*,#1509,.T.);
#1749 = ORIENTED_EDGE('',*,*,#1743,.T.);
#1750 = CYLINDRICAL_SURFACE('',#1751,3.25);
#1751 = AXIS2_PLACEMENT_3D('',#1752,#1753,#1754);
#1752 = CARTESIAN_POINT('',(196.01219330882,127.01219330882,-40.5));
#1753 = DIRECTION('',(0.,0.,1.));
#1754 = DIRECTION('',(1.,0.,-0.));
#1755 = ( GEOMETRIC_REPRESENTATION_CONTEXT(3) 
GLOBAL_UNCERTAINTY_ASSIGNED_CONTEXT((#1759)) 
GLOBAL_UNIT_ASSIGNED_CONTEXT((#1756,#1757,#1758)) REPRESENTATION_CONTEXT
('Context #1','3D Context with UNIT and UNCERTAINTY') );
#1756 = ( LENGTH_UNIT() NAMED_UNIT(*) SI_UNIT(.MILLI.,.METRE.) );
#1757 = ( NAMED_UNIT(*) PLANE_ANGLE_UNIT() SI_UNIT($,.RADIAN.) );
#1758 = ( NAMED_UNIT(*) SI_UNIT($,.STERADIAN.) SOLID_ANGLE_UNIT() );
#1759 = UNCERTAINTY_MEASURE_WITH_UNIT(LENGTH_MEASURE(1.E-07),#1756,
  'distance_accuracy_value','confusion accuracy');
#1760 = CONTEXT_DEPENDENT_SHAPE_REPRESENTATION(#1761,#1763);
#1761 = ( REPRESENTATION_RELATIONSHIP('','',#1097,#10) 
REPRESENTATION_RELATIONSHIP_WITH_TRANSFORMATION(#1762) 
SHAPE_REPRESENTATION_RELATIONSHIP() );
#1762 = ITEM_DEFINED_TRANSFORMATION('','',#11,#27);
#1763 = PRODUCT_DEFINITION_SHAPE('Placement','Placement of an item',
  #1764);
#1764 = NEXT_ASSEMBLY_USAGE_OCCURRENCE('94',
'Pedestal top plate 360×360×5 Al, 12×M6 to the bearing inner ring, 
bore Ø90','',#5,#1092,$);
#1765 = PRODUCT_RELATED_PRODUCT_CATEGORY('part',$,(#1094));
#1766 = SHAPE_DEFINITION_REPRESENTATION(#1767,#1773);
#1767 = PRODUCT_DEFINITION_SHAPE('','',#1768);
#1768 = PRODUCT_DEFINITION('design','',#1769,#1772);
#1769 = PRODUCT_DEFINITION_FORMATION('','',#1770);
#1770 = PRODUCT(
'Pedestal housing 360×360×125 folded 2.5 mm Al (4 bends), open top, 
connector panel cut-out',
'Pedestal housing 360×360×125 folded 2.5 mm Al (4 bends), open top, 
connector panel cut-out','',(#1771));
#1771 = PRODUCT_CONTEXT('',#2,'mechanical');
#1772 = PRODUCT_DEFINITION_CONTEXT('part definition',#2,'design');
#1773 = ADVANCED_BREP_SHAPE_REPRESENTATION('',(#11,#1774),#2202);
#1774 = MANIFOLD_SOLID_BREP('',#1775);
#1775 = CLOSED_SHELL('',(#1776,#1816,#1881,#1905,#1929,#1980,#1992,#2023
    ,#2047,#2071,#2088,#2125,#2149,#2173,#2190));
#1776 = ADVANCED_FACE('',(#1777),#1811,.F.);
#1777 = FACE_BOUND('',#1778,.F.);
#1778 = EDGE_LOOP('',(#1779,#1789,#1797,#1805));
#1779 = ORIENTED_EDGE('',*,*,#1780,.F.);
#1780 = EDGE_CURVE('',#1781,#1783,#1785,.T.);
#1781 = VERTEX_POINT('',#1782);
#1782 = CARTESIAN_POINT('',(-25.,-94.,-165.5));
#1783 = VERTEX_POINT('',#1784);
#1784 = CARTESIAN_POINT('',(-25.,-94.,-35.5));
#1785 = LINE('',#1786,#1787);
#1786 = CARTESIAN_POINT('',(-25.,-94.,-165.5));
#1787 = VECTOR('',#1788,1.);
#1788 = DIRECTION('',(0.,0.,1.));
#1789 = ORIENTED_EDGE('',*,*,#1790,.T.);
#1790 = EDGE_CURVE('',#1781,#1791,#1793,.T.);
#1791 = VERTEX_POINT('',#1792);
#1792 = CARTESIAN_POINT('',(-25.,266.,-165.5));
#1793 = LINE('',#1794,#1795);
#1794 = CARTESIAN_POINT('',(-25.,-94.,-165.5));
#1795 = VECTOR('',#1796,1.);
#1796 = DIRECTION('',(-0.,1.,0.));
#1797 = ORIENTED_EDGE('',*,*,#1798,.T.);
#1798 = EDGE_CURVE('',#1791,#1799,#1801,.T.);
#1799 = VERTEX_POINT('',#1800);
#1800 = CARTESIAN_POINT('',(-25.,266.,-35.5));
#1801 = LINE('',#1802,#1803);
#1802 = CARTESIAN_POINT('',(-25.,266.,-165.5));
#1803 = VECTOR('',#1804,1.);
#1804 = DIRECTION('',(0.,0.,1.));
#1805 = ORIENTED_EDGE('',*,*,#1806,.F.);
#1806 = EDGE_CURVE('',#1783,#1799,#1807,.T.);
#1807 = LINE('',#1808,#1809);
#1808 = CARTESIAN_POINT('',(-25.,-94.,-35.5));
#1809 = VECTOR('',#1810,1.);
#1810 = DIRECTION('',(-0.,1.,0.));
#1811 = PLANE('',#1812);
#1812 = AXIS2_PLACEMENT_3D('',#1813,#1814,#1815);
#1813 = CARTESIAN_POINT('',(-25.,-94.,-165.5));
#1814 = DIRECTION('',(1.,0.,-0.));
#1815 = DIRECTION('',(0.,0.,1.));
#1816 = ADVANCED_FACE('',(#1817,#1842),#1876,.F.);
#1817 = FACE_BOUND('',#1818,.F.);
#1818 = EDGE_LOOP('',(#1819,#1827,#1828,#1836));
#1819 = ORIENTED_EDGE('',*,*,#1820,.F.);
#1820 = EDGE_CURVE('',#1781,#1821,#1823,.T.);
#1821 = VERTEX_POINT('',#1822);
#1822 = CARTESIAN_POINT('',(335.,-94.,-165.5));
#1823 = LINE('',#1824,#1825);
#1824 = CARTESIAN_POINT('',(-25.,-94.,-165.5));
#1825 = VECTOR('',#1826,1.);
#1826 = DIRECTION('',(1.,0.,-0.));
#1827 = ORIENTED_EDGE('',*,*,#1780,.T.);
#1828 = ORIENTED_EDGE('',*,*,#1829,.T.);
#1829 = EDGE_CURVE('',#1783,#1830,#1832,.T.);
#1830 = VERTEX_POINT('',#1831);
#1831 = CARTESIAN_POINT('',(335.,-94.,-35.5));
#1832 = LINE('',#1833,#1834);
#1833 = CARTESIAN_POINT('',(-25.,-94.,-35.5));
#1834 = VECTOR('',#1835,1.);
#1835 = DIRECTION('',(1.,0.,-0.));
#1836 = ORIENTED_EDGE('',*,*,#1837,.F.);
#1837 = EDGE_CURVE('',#1821,#1830,#1838,.T.);
#1838 = LINE('',#1839,#1840);
#1839 = CARTESIAN_POINT('',(335.,-94.,-165.5));
#1840 = VECTOR('',#1841,1.);
#1841 = DIRECTION('',(0.,0.,1.));
#1842 = FACE_BOUND('',#1843,.F.);
#1843 = EDGE_LOOP('',(#1844,#1854,#1862,#1870));
#1844 = ORIENTED_EDGE('',*,*,#1845,.F.);
#1845 = EDGE_CURVE('',#1846,#1848,#1850,.T.);
#1846 = VERTEX_POINT('',#1847);
#1847 = CARTESIAN_POINT('',(275.,-94.,-75.5));
#1848 = VERTEX_POINT('',#1849);
#1849 = CARTESIAN_POINT('',(325.,-94.,-75.5));
#1850 = LINE('',#1851,#1852);
#1851 = CARTESIAN_POINT('',(125.,-94.,-75.5));
#1852 = VECTOR('',#1853,1.);
#1853 = DIRECTION('',(1.,0.,-0.));
#1854 = ORIENTED_EDGE('',*,*,#1855,.T.);
#1855 = EDGE_CURVE('',#1846,#1856,#1858,.T.);
#1856 = VERTEX_POINT('',#1857);
#1857 = CARTESIAN_POINT('',(275.,-94.,-135.5));
#1858 = LINE('',#1859,#1860);
#1859 = CARTESIAN_POINT('',(275.,-94.,-150.5));
#1860 = VECTOR('',#1861,1.);
#1861 = DIRECTION('',(-0.,0.,-1.));
#1862 = ORIENTED_EDGE('',*,*,#1863,.T.);
#1863 = EDGE_CURVE('',#1856,#1864,#1866,.T.);
#1864 = VERTEX_POINT('',#1865);
#1865 = CARTESIAN_POINT('',(325.,-94.,-135.5));
#1866 = LINE('',#1867,#1868);
#1867 = CARTESIAN_POINT('',(125.,-94.,-135.5));
#1868 = VECTOR('',#1869,1.);
#1869 = DIRECTION('',(1.,0.,-0.));
#1870 = ORIENTED_EDGE('',*,*,#1871,.F.);
#1871 = EDGE_CURVE('',#1848,#1864,#1872,.T.);
#1872 = LINE('',#1873,#1874);
#1873 = CARTESIAN_POINT('',(325.,-94.,-150.5));
#1874 = VECTOR('',#1875,1.);
#1875 = DIRECTION('',(-0.,0.,-1.));
#1876 = PLANE('',#1877);
#1877 = AXIS2_PLACEMENT_3D('',#1878,#1879,#1880);
#1878 = CARTESIAN_POINT('',(-25.,-94.,-165.5));
#1879 = DIRECTION('',(-0.,1.,0.));
#1880 = DIRECTION('',(0.,0.,1.));
#1881 = ADVANCED_FACE('',(#1882),#1900,.T.);
#1882 = FACE_BOUND('',#1883,.T.);
#1883 = EDGE_LOOP('',(#1884,#1885,#1886,#1894));
#1884 = ORIENTED_EDGE('',*,*,#1806,.F.);
#1885 = ORIENTED_EDGE('',*,*,#1829,.T.);
#1886 = ORIENTED_EDGE('',*,*,#1887,.T.);
#1887 = EDGE_CURVE('',#1830,#1888,#1890,.T.);
#1888 = VERTEX_POINT('',#1889);
#1889 = CARTESIAN_POINT('',(335.,266.,-35.5));
#1890 = LINE('',#1891,#1892);
#1891 = CARTESIAN_POINT('',(335.,-94.,-35.5));
#1892 = VECTOR('',#1893,1.);
#1893 = DIRECTION('',(-0.,1.,0.));
#1894 = ORIENTED_EDGE('',*,*,#1895,.F.);
#1895 = EDGE_CURVE('',#1799,#1888,#1896,.T.);
#1896 = LINE('',#1897,#1898);
#1897 = CARTESIAN_POINT('',(-25.,266.,-35.5));
#1898 = VECTOR('',#1899,1.);
#1899 = DIRECTION('',(1.,0.,-0.));
#1900 = PLANE('',#1901);
#1901 = AXIS2_PLACEMENT_3D('',#1902,#1903,#1904);
#1902 = CARTESIAN_POINT('',(-25.,-94.,-35.5));
#1903 = DIRECTION('',(0.,0.,1.));
#1904 = DIRECTION('',(1.,0.,-0.));
#1905 = ADVANCED_FACE('',(#1906),#1924,.T.);
#1906 = FACE_BOUND('',#1907,.T.);
#1907 = EDGE_LOOP('',(#1908,#1916,#1917,#1918));
#1908 = ORIENTED_EDGE('',*,*,#1909,.F.);
#1909 = EDGE_CURVE('',#1791,#1910,#1912,.T.);
#1910 = VERTEX_POINT('',#1911);
#1911 = CARTESIAN_POINT('',(335.,266.,-165.5));
#1912 = LINE('',#1913,#1914);
#1913 = CARTESIAN_POINT('',(-25.,266.,-165.5));
#1914 = VECTOR('',#1915,1.);
#1915 = DIRECTION('',(1.,0.,-0.));
#1916 = ORIENTED_EDGE('',*,*,#1798,.T.);
#1917 = ORIENTED_EDGE('',*,*,#1895,.T.);
#1918 = ORIENTED_EDGE('',*,*,#1919,.F.);
#1919 = EDGE_CURVE('',#1910,#1888,#1920,.T.);
#1920 = LINE('',#1921,#1922);
#1921 = CARTESIAN_POINT('',(335.,266.,-165.5));
#1922 = VECTOR('',#1923,1.);
#1923 = DIRECTION('',(0.,0.,1.));
#1924 = PLANE('',#1925);
#1925 = AXIS2_PLACEMENT_3D('',#1926,#1927,#1928);
#1926 = CARTESIAN_POINT('',(-25.,266.,-165.5));
#1927 = DIRECTION('',(-0.,1.,0.));
#1928 = DIRECTION('',(0.,0.,1.));
#1929 = ADVANCED_FACE('',(#1930,#1941),#1975,.F.);
#1930 = FACE_BOUND('',#1931,.F.);
#1931 = EDGE_LOOP('',(#1932,#1933,#1934,#1940));
#1932 = ORIENTED_EDGE('',*,*,#1790,.F.);
#1933 = ORIENTED_EDGE('',*,*,#1820,.T.);
#1934 = ORIENTED_EDGE('',*,*,#1935,.T.);
#1935 = EDGE_CURVE('',#1821,#1910,#1936,.T.);
#1936 = LINE('',#1937,#1938);
#1937 = CARTESIAN_POINT('',(335.,-94.,-165.5));
#1938 = VECTOR('',#1939,1.);
#1939 = DIRECTION('',(-0.,1.,0.));
#1940 = ORIENTED_EDGE('',*,*,#1909,.F.);
#1941 = FACE_BOUND('',#1942,.F.);
#1942 = EDGE_LOOP('',(#1943,#1953,#1961,#1969));
#1943 = ORIENTED_EDGE('',*,*,#1944,.T.);
#1944 = EDGE_CURVE('',#1945,#1947,#1949,.T.);
#1945 = VERTEX_POINT('',#1946);
#1946 = CARTESIAN_POINT('',(332.5,-91.5,-165.5));
#1947 = VERTEX_POINT('',#1948);
#1948 = CARTESIAN_POINT('',(-22.5,-91.5,-165.5));
#1949 = LINE('',#1950,#1951);
#1950 = CARTESIAN_POINT('',(-23.75,-91.5,-165.5));
#1951 = VECTOR('',#1952,1.);
#1952 = DIRECTION('',(-1.,-0.,0.));
#1953 = ORIENTED_EDGE('',*,*,#1954,.T.);
#1954 = EDGE_CURVE('',#1947,#1955,#1957,.T.);
#1955 = VERTEX_POINT('',#1956);
#1956 = CARTESIAN_POINT('',(-22.5,263.5,-165.5));
#1957 = LINE('',#1958,#1959);
#1958 = CARTESIAN_POINT('',(-22.5,-92.75,-165.5));
#1959 = VECTOR('',#1960,1.);
#1960 = DIRECTION('',(-0.,1.,0.));
#1961 = ORIENTED_EDGE('',*,*,#1962,.F.);
#1962 = EDGE_CURVE('',#1963,#1955,#1965,.T.);
#1963 = VERTEX_POINT('',#1964);
#1964 = CARTESIAN_POINT('',(332.5,263.5,-165.5));
#1965 = LINE('',#1966,#1967);
#1966 = CARTESIAN_POINT('',(-23.75,263.5,-165.5));
#1967 = VECTOR('',#1968,1.);
#1968 = DIRECTION('',(-1.,-0.,0.));
#1969 = ORIENTED_EDGE('',*,*,#1970,.F.);
#1970 = EDGE_CURVE('',#1945,#1963,#1971,.T.);
#1971 = LINE('',#1972,#1973);
#1972 = CARTESIAN_POINT('',(332.5,-92.75,-165.5));
#1973 = VECTOR('',#1974,1.);
#1974 = DIRECTION('',(-0.,1.,0.));
#1975 = PLANE('',#1976);
#1976 = AXIS2_PLACEMENT_3D('',#1977,#1978,#1979);
#1977 = CARTESIAN_POINT('',(-25.,-94.,-165.5));
#1978 = DIRECTION('',(0.,0.,1.));
#1979 = DIRECTION('',(1.,0.,-0.));
#1980 = ADVANCED_FACE('',(#1981),#1987,.T.);
#1981 = FACE_BOUND('',#1982,.T.);
#1982 = EDGE_LOOP('',(#1983,#1984,#1985,#1986));
#1983 = ORIENTED_EDGE('',*,*,#1837,.F.);
#1984 = ORIENTED_EDGE('',*,*,#1935,.T.);
#1985 = ORIENTED_EDGE('',*,*,#1919,.T.);
#1986 = ORIENTED_EDGE('',*,*,#1887,.F.);
#1987 = PLANE('',#1988);
#1988 = AXIS2_PLACEMENT_3D('',#1989,#1990,#1991);
#1989 = CARTESIAN_POINT('',(335.,-94.,-165.5));
#1990 = DIRECTION('',(1.,0.,-0.));
#1991 = DIRECTION('',(0.,0.,1.));
#1992 = ADVANCED_FACE('',(#1993),#2018,.F.);
#1993 = FACE_BOUND('',#1994,.F.);
#1994 = EDGE_LOOP('',(#1995,#2003,#2004,#2012));
#1995 = ORIENTED_EDGE('',*,*,#1996,.F.);
#1996 = EDGE_CURVE('',#1846,#1997,#1999,.T.);
#1997 = VERTEX_POINT('',#1998);
#1998 = CARTESIAN_POINT('',(275.,-91.5,-75.5));
#1999 = LINE('',#2000,#2001);
#2000 = CARTESIAN_POINT('',(275.,-95.,-75.5));
#2001 = VECTOR('',#2002,1.);
#2002 = DIRECTION('',(-0.,1.,0.));
#2003 = ORIENTED_EDGE('',*,*,#1845,.T.);
#2004 = ORIENTED_EDGE('',*,*,#2005,.T.);
#2005 = EDGE_CURVE('',#1848,#2006,#2008,.T.);
#2006 = VERTEX_POINT('',#2007);
#2007 = CARTESIAN_POINT('',(325.,-91.5,-75.5));
#2008 = LINE('',#2009,#2010);
#2009 = CARTESIAN_POINT('',(325.,-95.,-75.5));
#2010 = VECTOR('',#2011,1.);
#2011 = DIRECTION('',(-0.,1.,0.));
#2012 = ORIENTED_EDGE('',*,*,#2013,.F.);
#2013 = EDGE_CURVE('',#1997,#2006,#2014,.T.);
#2014 = LINE('',#2015,#2016);
#2015 = CARTESIAN_POINT('',(126.25,-91.5,-75.5));
#2016 = VECTOR('',#2017,1.);
#2017 = DIRECTION('',(1.,0.,-0.));
#2018 = PLANE('',#2019);
#2019 = AXIS2_PLACEMENT_3D('',#2020,#2021,#2022);
#2020 = CARTESIAN_POINT('',(275.,-95.,-75.5));
#2021 = DIRECTION('',(0.,0.,1.));
#2022 = DIRECTION('',(1.,0.,-0.));
#2023 = ADVANCED_FACE('',(#2024),#2042,.F.);
#2024 = FACE_BOUND('',#2025,.F.);
#2025 = EDGE_LOOP('',(#2026,#2027,#2028,#2036));
#2026 = ORIENTED_EDGE('',*,*,#2005,.F.);
#2027 = ORIENTED_EDGE('',*,*,#1871,.T.);
#2028 = ORIENTED_EDGE('',*,*,#2029,.T.);
#2029 = EDGE_CURVE('',#1864,#2030,#2032,.T.);
#2030 = VERTEX_POINT('',#2031);
#2031 = CARTESIAN_POINT('',(325.,-91.5,-135.5));
#2032 = LINE('',#2033,#2034);
#2033 = CARTESIAN_POINT('',(325.,-95.,-135.5));
#2034 = VECTOR('',#2035,1.);
#2035 = DIRECTION('',(-0.,1.,0.));
#2036 = ORIENTED_EDGE('',*,*,#2037,.F.);
#2037 = EDGE_CURVE('',#2006,#2030,#2038,.T.);
#2038 = LINE('',#2039,#2040);
#2039 = CARTESIAN_POINT('',(325.,-91.5,-151.));
#2040 = VECTOR('',#2041,1.);
#2041 = DIRECTION('',(-0.,0.,-1.));
#2042 = PLANE('',#2043);
#2043 = AXIS2_PLACEMENT_3D('',#2044,#2045,#2046);
#2044 = CARTESIAN_POINT('',(325.,-95.,-135.5));
#2045 = DIRECTION('',(1.,0.,-0.));
#2046 = DIRECTION('',(0.,0.,1.));
#2047 = ADVANCED_FACE('',(#2048),#2066,.T.);
#2048 = FACE_BOUND('',#2049,.T.);
#2049 = EDGE_LOOP('',(#2050,#2058,#2059,#2060));
#2050 = ORIENTED_EDGE('',*,*,#2051,.F.);
#2051 = EDGE_CURVE('',#1856,#2052,#2054,.T.);
#2052 = VERTEX_POINT('',#2053);
#2053 = CARTESIAN_POINT('',(275.,-91.5,-135.5));
#2054 = LINE('',#2055,#2056);
#2055 = CARTESIAN_POINT('',(275.,-95.,-135.5));
#2056 = VECTOR('',#2057,1.);
#2057 = DIRECTION('',(-0.,1.,0.));
#2058 = ORIENTED_EDGE('',*,*,#1863,.T.);
#2059 = ORIENTED_EDGE('',*,*,#2029,.T.);
#2060 = ORIENTED_EDGE('',*,*,#2061,.F.);
#2061 = EDGE_CURVE('',#2052,#2030,#2062,.T.);
#2062 = LINE('',#2063,#2064);
#2063 = CARTESIAN_POINT('',(126.25,-91.5,-135.5));
#2064 = VECTOR('',#2065,1.);
#2065 = DIRECTION('',(1.,0.,-0.));
#2066 = PLANE('',#2067);
#2067 = AXIS2_PLACEMENT_3D('',#2068,#2069,#2070);
#2068 = CARTESIAN_POINT('',(275.,-95.,-135.5));
#2069 = DIRECTION('',(0.,0.,1.));
#2070 = DIRECTION('',(1.,0.,-0.));
#2071 = ADVANCED_FACE('',(#2072),#2083,.T.);
#2072 = FACE_BOUND('',#2073,.T.);
#2073 = EDGE_LOOP('',(#2074,#2075,#2076,#2077));
#2074 = ORIENTED_EDGE('',*,*,#1996,.F.);
#2075 = ORIENTED_EDGE('',*,*,#1855,.T.);
#2076 = ORIENTED_EDGE('',*,*,#2051,.T.);
#2077 = ORIENTED_EDGE('',*,*,#2078,.F.);
#2078 = EDGE_CURVE('',#1997,#2052,#2079,.T.);
#2079 = LINE('',#2080,#2081);
#2080 = CARTESIAN_POINT('',(275.,-91.5,-151.));
#2081 = VECTOR('',#2082,1.);
#2082 = DIRECTION('',(-0.,0.,-1.));
#2083 = PLANE('',#2084);
#2084 = AXIS2_PLACEMENT_3D('',#2085,#2086,#2087);
#2085 = CARTESIAN_POINT('',(275.,-95.,-135.5));
#2086 = DIRECTION('',(1.,0.,-0.));
#2087 = DIRECTION('',(0.,0.,1.));
#2088 = ADVANCED_FACE('',(#2089,#2114),#2120,.T.);
#2089 = FACE_BOUND('',#2090,.T.);
#2090 = EDGE_LOOP('',(#2091,#2099,#2100,#2108));
#2091 = ORIENTED_EDGE('',*,*,#2092,.F.);
#2092 = EDGE_CURVE('',#1945,#2093,#2095,.T.);
#2093 = VERTEX_POINT('',#2094);
#2094 = CARTESIAN_POINT('',(332.5,-91.5,-36.5));
#2095 = LINE('',#2096,#2097);
#2096 = CARTESIAN_POINT('',(332.5,-91.5,-166.5));
#2097 = VECTOR('',#2098,1.);
#2098 = DIRECTION('',(0.,0.,1.));
#2099 = ORIENTED_EDGE('',*,*,#1944,.T.);
#2100 = ORIENTED_EDGE('',*,*,#2101,.T.);
#2101 = EDGE_CURVE('',#1947,#2102,#2104,.T.);
#2102 = VERTEX_POINT('',#2103);
#2103 = CARTESIAN_POINT('',(-22.5,-91.5,-36.5));
#2104 = LINE('',#2105,#2106);
#2105 = CARTESIAN_POINT('',(-22.5,-91.5,-166.5));
#2106 = VECTOR('',#2107,1.);
#2107 = DIRECTION('',(0.,0.,1.));
#2108 = ORIENTED_EDGE('',*,*,#2109,.T.);
#2109 = EDGE_CURVE('',#2102,#2093,#2110,.T.);
#2110 = LINE('',#2111,#2112);
#2111 = CARTESIAN_POINT('',(-22.5,-91.5,-36.5));
#2112 = VECTOR('',#2113,1.);
#2113 = DIRECTION('',(1.,0.,-0.));
#2114 = FACE_BOUND('',#2115,.T.);
#2115 = EDGE_LOOP('',(#2116,#2117,#2118,#2119));
#2116 = ORIENTED_EDGE('',*,*,#2013,.F.);
#2117 = ORIENTED_EDGE('',*,*,#2078,.T.);
#2118 = ORIENTED_EDGE('',*,*,#2061,.T.);
#2119 = ORIENTED_EDGE('',*,*,#2037,.F.);
#2120 = PLANE('',#2121);
#2121 = AXIS2_PLACEMENT_3D('',#2122,#2123,#2124);
#2122 = CARTESIAN_POINT('',(-22.5,-91.5,-166.5));
#2123 = DIRECTION('',(-0.,1.,0.));
#2124 = DIRECTION('',(0.,0.,1.));
#2125 = ADVANCED_FACE('',(#2126),#2144,.F.);
#2126 = FACE_BOUND('',#2127,.F.);
#2127 = EDGE_LOOP('',(#2128,#2129,#2130,#2138));
#2128 = ORIENTED_EDGE('',*,*,#2092,.F.);
#2129 = ORIENTED_EDGE('',*,*,#1970,.T.);
#2130 = ORIENTED_EDGE('',*,*,#2131,.T.);
#2131 = EDGE_CURVE('',#1963,#2132,#2134,.T.);
#2132 = VERTEX_POINT('',#2133);
#2133 = CARTESIAN_POINT('',(332.5,263.5,-36.5));
#2134 = LINE('',#2135,#2136);
#2135 = CARTESIAN_POINT('',(332.5,263.5,-166.5));
#2136 = VECTOR('',#2137,1.);
#2137 = DIRECTION('',(0.,0.,1.));
#2138 = ORIENTED_EDGE('',*,*,#2139,.F.);
#2139 = EDGE_CURVE('',#2093,#2132,#2140,.T.);
#2140 = LINE('',#2141,#2142);
#2141 = CARTESIAN_POINT('',(332.5,-91.5,-36.5));
#2142 = VECTOR('',#2143,1.);
#2143 = DIRECTION('',(-0.,1.,0.));
#2144 = PLANE('',#2145);
#2145 = AXIS2_PLACEMENT_3D('',#2146,#2147,#2148);
#2146 = CARTESIAN_POINT('',(332.5,-91.5,-166.5));
#2147 = DIRECTION('',(1.,0.,-0.));
#2148 = DIRECTION('',(0.,0.,1.));
#2149 = ADVANCED_FACE('',(#2150),#2168,.F.);
#2150 = FACE_BOUND('',#2151,.F.);
#2151 = EDGE_LOOP('',(#2152,#2153,#2154,#2162));
#2152 = ORIENTED_EDGE('',*,*,#2131,.F.);
#2153 = ORIENTED_EDGE('',*,*,#1962,.T.);
#2154 = ORIENTED_EDGE('',*,*,#2155,.T.);
#2155 = EDGE_CURVE('',#1955,#2156,#2158,.T.);
#2156 = VERTEX_POINT('',#2157);
#2157 = CARTESIAN_POINT('',(-22.5,263.5,-36.5));
#2158 = LINE('',#2159,#2160);
#2159 = CARTESIAN_POINT('',(-22.5,263.5,-166.5));
#2160 = VECTOR('',#2161,1.);
#2161 = DIRECTION('',(0.,0.,1.));
#2162 = ORIENTED_EDGE('',*,*,#2163,.T.);
#2163 = EDGE_CURVE('',#2156,#2132,#2164,.T.);
#2164 = LINE('',#2165,#2166);
#2165 = CARTESIAN_POINT('',(-22.5,263.5,-36.5));
#2166 = VECTOR('',#2167,1.);
#2167 = DIRECTION('',(1.,0.,-0.));
#2168 = PLANE('',#2169);
#2169 = AXIS2_PLACEMENT_3D('',#2170,#2171,#2172);
#2170 = CARTESIAN_POINT('',(-22.5,263.5,-166.5));
#2171 = DIRECTION('',(-0.,1.,0.));
#2172 = DIRECTION('',(0.,0.,1.));
#2173 = ADVANCED_FACE('',(#2174),#2185,.T.);
#2174 = FACE_BOUND('',#2175,.T.);
#2175 = EDGE_LOOP('',(#2176,#2177,#2178,#2179));
#2176 = ORIENTED_EDGE('',*,*,#2101,.F.);
#2177 = ORIENTED_EDGE('',*,*,#1954,.T.);
#2178 = ORIENTED_EDGE('',*,*,#2155,.T.);
#2179 = ORIENTED_EDGE('',*,*,#2180,.F.);
#2180 = EDGE_CURVE('',#2102,#2156,#2181,.T.);
#2181 = LINE('',#2182,#2183);
#2182 = CARTESIAN_POINT('',(-22.5,-91.5,-36.5));
#2183 = VECTOR('',#2184,1.);
#2184 = DIRECTION('',(-0.,1.,0.));
#2185 = PLANE('',#2186);
#2186 = AXIS2_PLACEMENT_3D('',#2187,#2188,#2189);
#2187 = CARTESIAN_POINT('',(-22.5,-91.5,-166.5));
#2188 = DIRECTION('',(1.,0.,-0.));
#2189 = DIRECTION('',(0.,0.,1.));
#2190 = ADVANCED_FACE('',(#2191),#2197,.F.);
#2191 = FACE_BOUND('',#2192,.F.);
#2192 = EDGE_LOOP('',(#2193,#2194,#2195,#2196));
#2193 = ORIENTED_EDGE('',*,*,#2180,.F.);
#2194 = ORIENTED_EDGE('',*,*,#2109,.T.);
#2195 = ORIENTED_EDGE('',*,*,#2139,.T.);
#2196 = ORIENTED_EDGE('',*,*,#2163,.F.);
#2197 = PLANE('',#2198);
#2198 = AXIS2_PLACEMENT_3D('',#2199,#2200,#2201);
#2199 = CARTESIAN_POINT('',(-22.5,-91.5,-36.5));
#2200 = DIRECTION('',(0.,0.,1.));
#2201 = DIRECTION('',(1.,0.,-0.));
#2202 = ( GEOMETRIC_REPRESENTATION_CONTEXT(3) 
GLOBAL_UNCERTAINTY_ASSIGNED_CONTEXT((#2206)) 
GLOBAL_UNIT_ASSIGNED_CONTEXT((#2203,#2204,#2205)) REPRESENTATION_CONTEXT
('Context #1','3D Context with UNIT and UNCERTAINTY') );
#2203 = ( LENGTH_UNIT() NAMED_UNIT(*) SI_UNIT(.MILLI.,.METRE.) );
#2204 = ( NAMED_UNIT(*) PLANE_ANGLE_UNIT() SI_UNIT($,.RADIAN.) );
#2205 = ( NAMED_UNIT(*) SI_UNIT($,.STERADIAN.) SOLID_ANGLE_UNIT() );
#2206 = UNCERTAINTY_MEASURE_WITH_UNIT(LENGTH_MEASURE(1.E-07),#2203,
  'distance_accuracy_value','confusion accuracy');
#2207 = CONTEXT_DEPENDENT_SHAPE_REPRESENTATION(#2208,#2210);
#2208 = ( REPRESENTATION_RELATIONSHIP('','',#1773,#10) 
REPRESENTATION_RELATIONSHIP_WITH_TRANSFORMATION(#2209) 
SHAPE_REPRESENTATION_RELATIONSHIP() );
#2209 = ITEM_DEFINED_TRANSFORMATION('','',#11,#31);
#2210 = PRODUCT_DEFINITION_SHAPE('Placement','Placement of an item',
  #2211);
#2211 = NEXT_ASSEMBLY_USAGE_OCCURRENCE('95',
'Pedestal housing 360×360×125 folded 2.5 mm Al (4 bends), open top, 
connector panel cut-out','',#5,#1768,$);
#2212 = PRODUCT_RELATED_PRODUCT_CATEGORY('part',$,(#1770));
#2213 = SHAPE_DEFINITION_REPRESENTATION(#2214,#2220);
#2214 = PRODUCT_DEFINITION_SHAPE('','',#2215);
#2215 = PRODUCT_DEFINITION('design','',#2216,#2219);
#2216 = PRODUCT_DEFINITION_FORMATION('','',#2217);
#2217 = PRODUCT('Stepper NEMA 23 76 mm','Stepper NEMA 23 76 mm','',(
    #2218));
#2218 = PRODUCT_CONTEXT('',#2,'mechanical');
#2219 = PRODUCT_DEFINITION_CONTEXT('part definition',#2,'design');
#2220 = ADVANCED_BREP_SHAPE_REPRESENTATION('',(#11,#2221),#2371);
#2221 = MANIFOLD_SOLID_BREP('',#2222);
#2222 = CLOSED_SHELL('',(#2223,#2263,#2303,#2325,#2347,#2359));
#2223 = ADVANCED_FACE('',(#2224),#2258,.F.);
#2224 = FACE_BOUND('',#2225,.F.);
#2225 = EDGE_LOOP('',(#2226,#2236,#2244,#2252));
#2226 = ORIENTED_EDGE('',*,*,#2227,.F.);
#2227 = EDGE_CURVE('',#2228,#2230,#2232,.T.);
#2228 = VERTEX_POINT('',#2229);
#2229 = CARTESIAN_POINT('',(266.45,57.8,-131.5));
#2230 = VERTEX_POINT('',#2231);
#2231 = CARTESIAN_POINT('',(266.45,57.8,-55.5));
#2232 = LINE('',#2233,#2234);
#2233 = CARTESIAN_POINT('',(266.45,57.8,-131.5));
#2234 = VECTOR('',#2235,1.);
#2235 = DIRECTION('',(0.,0.,1.));
#2236 = ORIENTED_EDGE('',*,*,#2237,.T.);
#2237 = EDGE_CURVE('',#2228,#2238,#2240,.T.);
#2238 = VERTEX_POINT('',#2239);
#2239 = CARTESIAN_POINT('',(266.45,114.2,-131.5));
#2240 = LINE('',#2241,#2242);
#2241 = CARTESIAN_POINT('',(266.45,57.8,-131.5));
#2242 = VECTOR('',#2243,1.);
#2243 = DIRECTION('',(-0.,1.,0.));
#2244 = ORIENTED_EDGE('',*,*,#2245,.T.);
#2245 = EDGE_CURVE('',#2238,#2246,#2248,.T.);
#2246 = VERTEX_POINT('',#2247);
#2247 = CARTESIAN_POINT('',(266.45,114.2,-55.5));
#2248 = LINE('',#2249,#2250);
#2249 = CARTESIAN_POINT('',(266.45,114.2,-131.5));
#2250 = VECTOR('',#2251,1.);
#2251 = DIRECTION('',(0.,0.,1.));
#2252 = ORIENTED_EDGE('',*,*,#2253,.F.);
#2253 = EDGE_CURVE('',#2230,#2246,#2254,.T.);
#2254 = LINE('',#2255,#2256);
#2255 = CARTESIAN_POINT('',(266.45,57.8,-55.5));
#2256 = VECTOR('',#2257,1.);
#2257 = DIRECTION('',(-0.,1.,0.));
#2258 = PLANE('',#2259);
#2259 = AXIS2_PLACEMENT_3D('',#2260,#2261,#2262);
#2260 = CARTESIAN_POINT('',(266.45,57.8,-131.5));
#2261 = DIRECTION('',(1.,0.,-0.));
#2262 = DIRECTION('',(0.,0.,1.));
#2263 = ADVANCED_FACE('',(#2264),#2298,.T.);
#2264 = FACE_BOUND('',#2265,.T.);
#2265 = EDGE_LOOP('',(#2266,#2276,#2284,#2292));
#2266 = ORIENTED_EDGE('',*,*,#2267,.F.);
#2267 = EDGE_CURVE('',#2268,#2270,#2272,.T.);
#2268 = VERTEX_POINT('',#2269);
#2269 = CARTESIAN_POINT('',(322.85,57.8,-131.5));
#2270 = VERTEX_POINT('',#2271);
#2271 = CARTESIAN_POINT('',(322.85,57.8,-55.5));
#2272 = LINE('',#2273,#2274);
#2273 = CARTESIAN_POINT('',(322.85,57.8,-131.5));
#2274 = VECTOR('',#2275,1.);
#2275 = DIRECTION('',(0.,0.,1.));
#2276 = ORIENTED_EDGE('',*,*,#2277,.T.);
#2277 = EDGE_CURVE('',#2268,#2278,#2280,.T.);
#2278 = VERTEX_POINT('',#2279);
#2279 = CARTESIAN_POINT('',(322.85,114.2,-131.5));
#2280 = LINE('',#2281,#2282);
#2281 = CARTESIAN_POINT('',(322.85,57.8,-131.5));
#2282 = VECTOR('',#2283,1.);
#2283 = DIRECTION('',(-0.,1.,0.));
#2284 = ORIENTED_EDGE('',*,*,#2285,.T.);
#2285 = EDGE_CURVE('',#2278,#2286,#2288,.T.);
#2286 = VERTEX_POINT('',#2287);
#2287 = CARTESIAN_POINT('',(322.85,114.2,-55.5));
#2288 = LINE('',#2289,#2290);
#2289 = CARTESIAN_POINT('',(322.85,114.2,-131.5));
#2290 = VECTOR('',#2291,1.);
#2291 = DIRECTION('',(0.,0.,1.));
#2292 = ORIENTED_EDGE('',*,*,#2293,.F.);
#2293 = EDGE_CURVE('',#2270,#2286,#2294,.T.);
#2294 = LINE('',#2295,#2296);
#2295 = CARTESIAN_POINT('',(322.85,57.8,-55.5));
#2296 = VECTOR('',#2297,1.);
#2297 = DIRECTION('',(-0.,1.,0.));
#2298 = PLANE('',#2299);
#2299 = AXIS2_PLACEMENT_3D('',#2300,#2301,#2302);
#2300 = CARTESIAN_POINT('',(322.85,57.8,-131.5));
#2301 = DIRECTION('',(1.,0.,-0.));
#2302 = DIRECTION('',(0.,0.,1.));
#2303 = ADVANCED_FACE('',(#2304),#2320,.F.);
#2304 = FACE_BOUND('',#2305,.F.);
#2305 = EDGE_LOOP('',(#2306,#2312,#2313,#2319));
#2306 = ORIENTED_EDGE('',*,*,#2307,.F.);
#2307 = EDGE_CURVE('',#2228,#2268,#2308,.T.);
#2308 = LINE('',#2309,#2310);
#2309 = CARTESIAN_POINT('',(266.45,57.8,-131.5));
#2310 = VECTOR('',#2311,1.);
#2311 = DIRECTION('',(1.,0.,-0.));
#2312 = ORIENTED_EDGE('',*,*,#2227,.T.);
#2313 = ORIENTED_EDGE('',*,*,#2314,.T.);
#2314 = EDGE_CURVE('',#2230,#2270,#2315,.T.);
#2315 = LINE('',#2316,#2317);
#2316 = CARTESIAN_POINT('',(266.45,57.8,-55.5));
#2317 = VECTOR('',#2318,1.);
#2318 = DIRECTION('',(1.,0.,-0.));
#2319 = ORIENTED_EDGE('',*,*,#2267,.F.);
#2320 = PLANE('',#2321);
#2321 = AXIS2_PLACEMENT_3D('',#2322,#2323,#2324);
#2322 = CARTESIAN_POINT('',(266.45,57.8,-131.5));
#2323 = DIRECTION('',(-0.,1.,0.));
#2324 = DIRECTION('',(0.,0.,1.));
#2325 = ADVANCED_FACE('',(#2326),#2342,.T.);
#2326 = FACE_BOUND('',#2327,.T.);
#2327 = EDGE_LOOP('',(#2328,#2334,#2335,#2341));
#2328 = ORIENTED_EDGE('',*,*,#2329,.F.);
#2329 = EDGE_CURVE('',#2238,#2278,#2330,.T.);
#2330 = LINE('',#2331,#2332);
#2331 = CARTESIAN_POINT('',(266.45,114.2,-131.5));
#2332 = VECTOR('',#2333,1.);
#2333 = DIRECTION('',(1.,0.,-0.));
#2334 = ORIENTED_EDGE('',*,*,#2245,.T.);
#2335 = ORIENTED_EDGE('',*,*,#2336,.T.);
#2336 = EDGE_CURVE('',#2246,#2286,#2337,.T.);
#2337 = LINE('',#2338,#2339);
#2338 = CARTESIAN_POINT('',(266.45,114.2,-55.5));
#2339 = VECTOR('',#2340,1.);
#2340 = DIRECTION('',(1.,0.,-0.));
#2341 = ORIENTED_EDGE('',*,*,#2285,.F.);
#2342 = PLANE('',#2343);
#2343 = AXIS2_PLACEMENT_3D('',#2344,#2345,#2346);
#2344 = CARTESIAN_POINT('',(266.45,114.2,-131.5));
#2345 = DIRECTION('',(-0.,1.,0.));
#2346 = DIRECTION('',(0.,0.,1.));
#2347 = ADVANCED_FACE('',(#2348),#2354,.F.);
#2348 = FACE_BOUND('',#2349,.F.);
#2349 = EDGE_LOOP('',(#2350,#2351,#2352,#2353));
#2350 = ORIENTED_EDGE('',*,*,#2237,.F.);
#2351 = ORIENTED_EDGE('',*,*,#2307,.T.);
#2352 = ORIENTED_EDGE('',*,*,#2277,.T.);
#2353 = ORIENTED_EDGE('',*,*,#2329,.F.);
#2354 = PLANE('',#2355);
#2355 = AXIS2_PLACEMENT_3D('',#2356,#2357,#2358);
#2356 = CARTESIAN_POINT('',(266.45,57.8,-131.5));
#2357 = DIRECTION('',(0.,0.,1.));
#2358 = DIRECTION('',(1.,0.,-0.));
#2359 = ADVANCED_FACE('',(#2360),#2366,.T.);
#2360 = FACE_BOUND('',#2361,.T.);
#2361 = EDGE_LOOP('',(#2362,#2363,#2364,#2365));
#2362 = ORIENTED_EDGE('',*,*,#2253,.F.);
#2363 = ORIENTED_EDGE('',*,*,#2314,.T.);
#2364 = ORIENTED_EDGE('',*,*,#2293,.T.);
#2365 = ORIENTED_EDGE('',*,*,#2336,.F.);
#2366 = PLANE('',#2367);
#2367 = AXIS2_PLACEMENT_3D('',#2368,#2369,#2370);
#2368 = CARTESIAN_POINT('',(266.45,57.8,-55.5));
#2369 = DIRECTION('',(0.,0.,1.));
#2370 = DIRECTION('',(1.,0.,-0.));
#2371 = ( GEOMETRIC_REPRESENTATION_CONTEXT(3) 
GLOBAL_UNCERTAINTY_ASSIGNED_CONTEXT((#2375)) 
GLOBAL_UNIT_ASSIGNED_CONTEXT((#2372,#2373,#2374)) REPRESENTATION_CONTEXT
('Context #1','3D Context with UNIT and UNCERTAINTY') );
#2372 = ( LENGTH_UNIT() NAMED_UNIT(*) SI_UNIT(.MILLI.,.METRE.) );
#2373 = ( NAMED_UNIT(*) PLANE_ANGLE_UNIT() SI_UNIT($,.RADIAN.) );
#2374 = ( NAMED_UNIT(*) SI_UNIT($,.STERADIAN.) SOLID_ANGLE_UNIT() );
#2375 = UNCERTAINTY_MEASURE_WITH_UNIT(LENGTH_MEASURE(1.E-07),#2372,
  'distance_accuracy_value','confusion accuracy');
#2376 = CONTEXT_DEPENDENT_SHAPE_REPRESENTATION(#2377,#2379);
#2377 = ( REPRESENTATION_RELATIONSHIP('','',#2220,#10) 
REPRESENTATION_RELATIONSHIP_WITH_TRANSFORMATION(#2378) 
SHAPE_REPRESENTATION_RELATIONSHIP() );
#2378 = ITEM_DEFINED_TRANSFORMATION('','',#11,#35);
#2379 = PRODUCT_DEFINITION_SHAPE('Placement','Placement of an item',
  #2380);
#2380 = NEXT_ASSEMBLY_USAGE_OCCURRENCE('96','Stepper NEMA 23 76 mm','',
  #5,#2215,$);
#2381 = PRODUCT_RELATED_PRODUCT_CATEGORY('part',$,(#2217));
#2382 = SHAPE_DEFINITION_REPRESENTATION(#2383,#2389);
#2383 = PRODUCT_DEFINITION_SHAPE('','',#2384);
#2384 = PRODUCT_DEFINITION('design','',#2385,#2388);
#2385 = PRODUCT_DEFINITION_FORMATION('','',#2386);
#2386 = PRODUCT(
  'Motor bracket 80×80×3 Al with slotted belt-tension holes',
  'Motor bracket 80×80×3 Al with slotted belt-tension holes','',(#2387
    ));
#2387 = PRODUCT_CONTEXT('',#2,'mechanical');
#2388 = PRODUCT_DEFINITION_CONTEXT('part definition',#2,'design');
#2389 = ADVANCED_BREP_SHAPE_REPRESENTATION('',(#11,#2390),#2735);
#2390 = MANIFOLD_SOLID_BREP('',#2391);
#2391 = CLOSED_SHELL('',(#2392,#2432,#2463,#2542,#2566,#2638,#2650,#2667
    ,#2684,#2701,#2718));
#2392 = ADVANCED_FACE('',(#2393),#2427,.F.);
#2393 = FACE_BOUND('',#2394,.F.);
#2394 = EDGE_LOOP('',(#2395,#2405,#2413,#2421));
#2395 = ORIENTED_EDGE('',*,*,#2396,.F.);
#2396 = EDGE_CURVE('',#2397,#2399,#2401,.T.);
#2397 = VERTEX_POINT('',#2398);
#2398 = CARTESIAN_POINT('',(254.65,46.,-58.5));
#2399 = VERTEX_POINT('',#2400);
#2400 = CARTESIAN_POINT('',(254.65,46.,-55.5));
#2401 = LINE('',#2402,#2403);
#2402 = CARTESIAN_POINT('',(254.65,46.,-58.5));
#2403 = VECTOR('',#2404,1.);
#2404 = DIRECTION('',(0.,0.,1.));
#2405 = ORIENTED_EDGE('',*,*,#2406,.T.);
#2406 = EDGE_CURVE('',#2397,#2407,#2409,.T.);
#2407 = VERTEX_POINT('',#2408);
#2408 = CARTESIAN_POINT('',(254.65,126.,-58.5));
#2409 = LINE('',#2410,#2411);
#2410 = CARTESIAN_POINT('',(254.65,46.,-58.5));
#2411 = VECTOR('',#2412,1.);
#2412 = DIRECTION('',(-0.,1.,0.));
#2413 = ORIENTED_EDGE('',*,*,#2414,.T.);
#2414 = EDGE_CURVE('',#2407,#2415,#2417,.T.);
#2415 = VERTEX_POINT('',#2416);
#2416 = CARTESIAN_POINT('',(254.65,126.,-55.5));
#2417 = LINE('',#2418,#2419);
#2418 = CARTESIAN_POINT('',(254.65,126.,-58.5));
#2419 = VECTOR('',#2420,1.);
#2420 = DIRECTION('',(0.,0.,1.));
#2421 = ORIENTED_EDGE('',*,*,#2422,.F.);
#2422 = EDGE_CURVE('',#2399,#2415,#2423,.T.);
#2423 = LINE('',#2424,#2425);
#2424 = CARTESIAN_POINT('',(254.65,46.,-55.5));
#2425 = VECTOR('',#2426,1.);
#2426 = DIRECTION('',(-0.,1.,0.));
#2427 = PLANE('',#2428);
#2428 = AXIS2_PLACEMENT_3D('',#2429,#2430,#2431);
#2429 = CARTESIAN_POINT('',(254.65,46.,-58.5));
#2430 = DIRECTION('',(1.,0.,-0.));
#2431 = DIRECTION('',(0.,0.,1.));
#2432 = ADVANCED_FACE('',(#2433),#2458,.F.);
#2433 = FACE_BOUND('',#2434,.F.);
#2434 = EDGE_LOOP('',(#2435,#2443,#2444,#2452));
#2435 = ORIENTED_EDGE('',*,*,#2436,.F.);
#2436 = EDGE_CURVE('',#2397,#2437,#2439,.T.);
#2437 = VERTEX_POINT('',#2438);
#2438 = CARTESIAN_POINT('',(334.65,46.,-58.5));
#2439 = LINE('',#2440,#2441);
#2440 = CARTESIAN_POINT('',(254.65,46.,-58.5));
#2441 = VECTOR('',#2442,1.);
#2442 = DIRECTION('',(1.,0.,-0.));
#2443 = ORIENTED_EDGE('',*,*,#2396,.T.);
#2444 = ORIENTED_EDGE('',*,*,#2445,.T.);
#2445 = EDGE_CURVE('',#2399,#2446,#2448,.T.);
#2446 = VERTEX_POINT('',#2447);
#2447 = CARTESIAN_POINT('',(334.65,46.,-55.5));
#2448 = LINE('',#2449,#2450);
#2449 = CARTESIAN_POINT('',(254.65,46.,-55.5));
#2450 = VECTOR('',#2451,1.);
#2451 = DIRECTION('',(1.,0.,-0.));
#2452 = ORIENTED_EDGE('',*,*,#2453,.F.);
#2453 = EDGE_CURVE('',#2437,#2446,#2454,.T.);
#2454 = LINE('',#2455,#2456);
#2455 = CARTESIAN_POINT('',(334.65,46.,-58.5));
#2456 = VECTOR('',#2457,1.);
#2457 = DIRECTION('',(0.,0.,1.));
#2458 = PLANE('',#2459);
#2459 = AXIS2_PLACEMENT_3D('',#2460,#2461,#2462);
#2460 = CARTESIAN_POINT('',(254.65,46.,-58.5));
#2461 = DIRECTION('',(-0.,1.,0.));
#2462 = DIRECTION('',(0.,0.,1.));
#2463 = ADVANCED_FACE('',(#2464,#2482,#2493,#2504,#2515,#2526),#2537,.T.
  );
#2464 = FACE_BOUND('',#2465,.T.);
#2465 = EDGE_LOOP('',(#2466,#2467,#2468,#2476));
#2466 = ORIENTED_EDGE('',*,*,#2422,.F.);
#2467 = ORIENTED_EDGE('',*,*,#2445,.T.);
#2468 = ORIENTED_EDGE('',*,*,#2469,.T.);
#2469 = EDGE_CURVE('',#2446,#2470,#2472,.T.);
#2470 = VERTEX_POINT('',#2471);
#2471 = CARTESIAN_POINT('',(334.65,126.,-55.5));
#2472 = LINE('',#2473,#2474);
#2473 = CARTESIAN_POINT('',(334.65,46.,-55.5));
#2474 = VECTOR('',#2475,1.);
#2475 = DIRECTION('',(-0.,1.,0.));
#2476 = ORIENTED_EDGE('',*,*,#2477,.F.);
#2477 = EDGE_CURVE('',#2415,#2470,#2478,.T.);
#2478 = LINE('',#2479,#2480);
#2479 = CARTESIAN_POINT('',(254.65,126.,-55.5));
#2480 = VECTOR('',#2481,1.);
#2481 = DIRECTION('',(1.,0.,-0.));
#2482 = FACE_BOUND('',#2483,.T.);
#2483 = EDGE_LOOP('',(#2484));
#2484 = ORIENTED_EDGE('',*,*,#2485,.F.);
#2485 = EDGE_CURVE('',#2486,#2486,#2488,.T.);
#2486 = VERTEX_POINT('',#2487);
#2487 = CARTESIAN_POINT('',(273.8,62.4,-55.5));
#2488 = CIRCLE('',#2489,2.75);
#2489 = AXIS2_PLACEMENT_3D('',#2490,#2491,#2492);
#2490 = CARTESIAN_POINT('',(271.05,62.4,-55.5));
#2491 = DIRECTION('',(0.,0.,1.));
#2492 = DIRECTION('',(1.,0.,-0.));
#2493 = FACE_BOUND('',#2494,.T.);
#2494 = EDGE_LOOP('',(#2495));
#2495 = ORIENTED_EDGE('',*,*,#2496,.F.);
#2496 = EDGE_CURVE('',#2497,#2497,#2499,.T.);
#2497 = VERTEX_POINT('',#2498);
#2498 = CARTESIAN_POINT('',(321.,62.4,-55.5));
#2499 = CIRCLE('',#2500,2.75);
#2500 = AXIS2_PLACEMENT_3D('',#2501,#2502,#2503);
#2501 = CARTESIAN_POINT('',(318.25,62.4,-55.5));
#2502 = DIRECTION('',(0.,0.,1.));
#2503 = DIRECTION('',(1.,0.,-0.));
#2504 = FACE_BOUND('',#2505,.T.);
#2505 = EDGE_LOOP('',(#2506));
#2506 = ORIENTED_EDGE('',*,*,#2507,.F.);
#2507 = EDGE_CURVE('',#2508,#2508,#2510,.T.);
#2508 = VERTEX_POINT('',#2509);
#2509 = CARTESIAN_POINT('',(273.8,109.6,-55.5));
#2510 = CIRCLE('',#2511,2.75);
#2511 = AXIS2_PLACEMENT_3D('',#2512,#2513,#2514);
#2512 = CARTESIAN_POINT('',(271.05,109.6,-55.5));
#2513 = DIRECTION('',(0.,0.,1.));
#2514 = DIRECTION('',(1.,0.,-0.));
#2515 = FACE_BOUND('',#2516,.T.);
#2516 = EDGE_LOOP('',(#2517));
#2517 = ORIENTED_EDGE('',*,*,#2518,.F.);
#2518 = EDGE_CURVE('',#2519,#2519,#2521,.T.);
#2519 = VERTEX_POINT('',#2520);
#2520 = CARTESIAN_POINT('',(314.15,86.,-55.5));
#2521 = CIRCLE('',#2522,19.5);
#2522 = AXIS2_PLACEMENT_3D('',#2523,#2524,#2525);
#2523 = CARTESIAN_POINT('',(294.65,86.,-55.5));
#2524 = DIRECTION('',(0.,0.,1.));
#2525 = DIRECTION('',(1.,0.,-0.));
#2526 = FACE_BOUND('',#2527,.T.);
#2527 = EDGE_LOOP('',(#2528));
#2528 = ORIENTED_EDGE('',*,*,#2529,.F.);
#2529 = EDGE_CURVE('',#2530,#2530,#2532,.T.);
#2530 = VERTEX_POINT('',#2531);
#2531 = CARTESIAN_POINT('',(321.,109.6,-55.5));
#2532 = CIRCLE('',#2533,2.75);
#2533 = AXIS2_PLACEMENT_3D('',#2534,#2535,#2536);
#2534 = CARTESIAN_POINT('',(318.25,109.6,-55.5));
#2535 = DIRECTION('',(0.,0.,1.));
#2536 = DIRECTION('',(1.,0.,-0.));
#2537 = PLANE('',#2538);
#2538 = AXIS2_PLACEMENT_3D('',#2539,#2540,#2541);
#2539 = CARTESIAN_POINT('',(254.65,46.,-55.5));
#2540 = DIRECTION('',(0.,0.,1.));
#2541 = DIRECTION('',(1.,0.,-0.));
#2542 = ADVANCED_FACE('',(#2543),#2561,.T.);
#2543 = FACE_BOUND('',#2544,.T.);
#2544 = EDGE_LOOP('',(#2545,#2553,#2554,#2555));
#2545 = ORIENTED_EDGE('',*,*,#2546,.F.);
#2546 = EDGE_CURVE('',#2407,#2547,#2549,.T.);
#2547 = VERTEX_POINT('',#2548);
#2548 = CARTESIAN_POINT('',(334.65,126.,-58.5));
#2549 = LINE('',#2550,#2551);
#2550 = CARTESIAN_POINT('',(254.65,126.,-58.5));
#2551 = VECTOR('',#2552,1.);
#2552 = DIRECTION('',(1.,0.,-0.));
#2553 = ORIENTED_EDGE('',*,*,#2414,.T.);
#2554 = ORIENTED_EDGE('',*,*,#2477,.T.);
#2555 = ORIENTED_EDGE('',*,*,#2556,.F.);
#2556 = EDGE_CURVE('',#2547,#2470,#2557,.T.);
#2557 = LINE('',#2558,#2559);
#2558 = CARTESIAN_POINT('',(334.65,126.,-58.5));
#2559 = VECTOR('',#2560,1.);
#2560 = DIRECTION('',(0.,0.,1.));
#2561 = PLANE('',#2562);
#2562 = AXIS2_PLACEMENT_3D('',#2563,#2564,#2565);
#2563 = CARTESIAN_POINT('',(254.65,126.,-58.5));
#2564 = DIRECTION('',(-0.,1.,0.));
#2565 = DIRECTION('',(0.,0.,1.));
#2566 = ADVANCED_FACE('',(#2567,#2578,#2589,#2600,#2611,#2622),#2633,.F.
  );
#2567 = FACE_BOUND('',#2568,.F.);
#2568 = EDGE_LOOP('',(#2569,#2570,#2571,#2577));
#2569 = ORIENTED_EDGE('',*,*,#2406,.F.);
#2570 = ORIENTED_EDGE('',*,*,#2436,.T.);
#2571 = ORIENTED_EDGE('',*,*,#2572,.T.);
#2572 = EDGE_CURVE('',#2437,#2547,#2573,.T.);
#2573 = LINE('',#2574,#2575);
#2574 = CARTESIAN_POINT('',(334.65,46.,-58.5));
#2575 = VECTOR('',#2576,1.);
#2576 = DIRECTION('',(-0.,1.,0.));
#2577 = ORIENTED_EDGE('',*,*,#2546,.F.);
#2578 = FACE_BOUND('',#2579,.F.);
#2579 = EDGE_LOOP('',(#2580));
#2580 = ORIENTED_EDGE('',*,*,#2581,.F.);
#2581 = EDGE_CURVE('',#2582,#2582,#2584,.T.);
#2582 = VERTEX_POINT('',#2583);
#2583 = CARTESIAN_POINT('',(273.8,62.4,-58.5));
#2584 = CIRCLE('',#2585,2.75);
#2585 = AXIS2_PLACEMENT_3D('',#2586,#2587,#2588);
#2586 = CARTESIAN_POINT('',(271.05,62.4,-58.5));
#2587 = DIRECTION('',(0.,0.,1.));
#2588 = DIRECTION('',(1.,0.,-0.));
#2589 = FACE_BOUND('',#2590,.F.);
#2590 = EDGE_LOOP('',(#2591));
#2591 = ORIENTED_EDGE('',*,*,#2592,.F.);
#2592 = EDGE_CURVE('',#2593,#2593,#2595,.T.);
#2593 = VERTEX_POINT('',#2594);
#2594 = CARTESIAN_POINT('',(321.,62.4,-58.5));
#2595 = CIRCLE('',#2596,2.75);
#2596 = AXIS2_PLACEMENT_3D('',#2597,#2598,#2599);
#2597 = CARTESIAN_POINT('',(318.25,62.4,-58.5));
#2598 = DIRECTION('',(0.,0.,1.));
#2599 = DIRECTION('',(1.,0.,-0.));
#2600 = FACE_BOUND('',#2601,.F.);
#2601 = EDGE_LOOP('',(#2602));
#2602 = ORIENTED_EDGE('',*,*,#2603,.F.);
#2603 = EDGE_CURVE('',#2604,#2604,#2606,.T.);
#2604 = VERTEX_POINT('',#2605);
#2605 = CARTESIAN_POINT('',(273.8,109.6,-58.5));
#2606 = CIRCLE('',#2607,2.75);
#2607 = AXIS2_PLACEMENT_3D('',#2608,#2609,#2610);
#2608 = CARTESIAN_POINT('',(271.05,109.6,-58.5));
#2609 = DIRECTION('',(0.,0.,1.));
#2610 = DIRECTION('',(1.,0.,-0.));
#2611 = FACE_BOUND('',#2612,.F.);
#2612 = EDGE_LOOP('',(#2613));
#2613 = ORIENTED_EDGE('',*,*,#2614,.F.);
#2614 = EDGE_CURVE('',#2615,#2615,#2617,.T.);
#2615 = VERTEX_POINT('',#2616);
#2616 = CARTESIAN_POINT('',(314.15,86.,-58.5));
#2617 = CIRCLE('',#2618,19.5);
#2618 = AXIS2_PLACEMENT_3D('',#2619,#2620,#2621);
#2619 = CARTESIAN_POINT('',(294.65,86.,-58.5));
#2620 = DIRECTION('',(0.,0.,1.));
#2621 = DIRECTION('',(1.,0.,-0.));
#2622 = FACE_BOUND('',#2623,.F.);
#2623 = EDGE_LOOP('',(#2624));
#2624 = ORIENTED_EDGE('',*,*,#2625,.F.);
#2625 = EDGE_CURVE('',#2626,#2626,#2628,.T.);
#2626 = VERTEX_POINT('',#2627);
#2627 = CARTESIAN_POINT('',(321.,109.6,-58.5));
#2628 = CIRCLE('',#2629,2.75);
#2629 = AXIS2_PLACEMENT_3D('',#2630,#2631,#2632);
#2630 = CARTESIAN_POINT('',(318.25,109.6,-58.5));
#2631 = DIRECTION('',(0.,0.,1.));
#2632 = DIRECTION('',(1.,0.,-0.));
#2633 = PLANE('',#2634);
#2634 = AXIS2_PLACEMENT_3D('',#2635,#2636,#2637);
#2635 = CARTESIAN_POINT('',(254.65,46.,-58.5));
#2636 = DIRECTION('',(0.,0.,1.));
#2637 = DIRECTION('',(1.,0.,-0.));
#2638 = ADVANCED_FACE('',(#2639),#2645,.T.);
#2639 = FACE_BOUND('',#2640,.T.);
#2640 = EDGE_LOOP('',(#2641,#2642,#2643,#2644));
#2641 = ORIENTED_EDGE('',*,*,#2453,.F.);
#2642 = ORIENTED_EDGE('',*,*,#2572,.T.);
#2643 = ORIENTED_EDGE('',*,*,#2556,.T.);
#2644 = ORIENTED_EDGE('',*,*,#2469,.F.);
#2645 = PLANE('',#2646);
#2646 = AXIS2_PLACEMENT_3D('',#2647,#2648,#2649);
#2647 = CARTESIAN_POINT('',(334.65,46.,-58.5));
#2648 = DIRECTION('',(1.,0.,-0.));
#2649 = DIRECTION('',(0.,0.,1.));
#2650 = ADVANCED_FACE('',(#2651),#2662,.F.);
#2651 = FACE_BOUND('',#2652,.F.);
#2652 = EDGE_LOOP('',(#2653,#2654,#2660,#2661));
#2653 = ORIENTED_EDGE('',*,*,#2485,.F.);
#2654 = ORIENTED_EDGE('',*,*,#2655,.F.);
#2655 = EDGE_CURVE('',#2582,#2486,#2656,.T.);
#2656 = LINE('',#2657,#2658);
#2657 = CARTESIAN_POINT('',(273.8,62.4,-60.5));
#2658 = VECTOR('',#2659,1.);
#2659 = DIRECTION('',(0.,0.,1.));
#2660 = ORIENTED_EDGE('',*,*,#2581,.T.);
#2661 = ORIENTED_EDGE('',*,*,#2655,.T.);
#2662 = CYLINDRICAL_SURFACE('',#2663,2.75);
#2663 = AXIS2_PLACEMENT_3D('',#2664,#2665,#2666);
#2664 = CARTESIAN_POINT('',(271.05,62.4,-60.5));
#2665 = DIRECTION('',(0.,0.,1.));
#2666 = DIRECTION('',(1.,0.,-0.));
#2667 = ADVANCED_FACE('',(#2668),#2679,.F.);
#2668 = FACE_BOUND('',#2669,.F.);
#2669 = EDGE_LOOP('',(#2670,#2671,#2677,#2678));
#2670 = ORIENTED_EDGE('',*,*,#2496,.F.);
#2671 = ORIENTED_EDGE('',*,*,#2672,.F.);
#2672 = EDGE_CURVE('',#2593,#2497,#2673,.T.);
#2673 = LINE('',#2674,#2675);
#2674 = CARTESIAN_POINT('',(321.,62.4,-60.5));
#2675 = VECTOR('',#2676,1.);
#2676 = DIRECTION('',(0.,0.,1.));
#2677 = ORIENTED_EDGE('',*,*,#2592,.T.);
#2678 = ORIENTED_EDGE('',*,*,#2672,.T.);
#2679 = CYLINDRICAL_SURFACE('',#2680,2.75);
#2680 = AXIS2_PLACEMENT_3D('',#2681,#2682,#2683);
#2681 = CARTESIAN_POINT('',(318.25,62.4,-60.5));
#2682 = DIRECTION('',(0.,0.,1.));
#2683 = DIRECTION('',(1.,0.,-0.));
#2684 = ADVANCED_FACE('',(#2685),#2696,.F.);
#2685 = FACE_BOUND('',#2686,.F.);
#2686 = EDGE_LOOP('',(#2687,#2688,#2694,#2695));
#2687 = ORIENTED_EDGE('',*,*,#2507,.F.);
#2688 = ORIENTED_EDGE('',*,*,#2689,.F.);
#2689 = EDGE_CURVE('',#2604,#2508,#2690,.T.);
#2690 = LINE('',#2691,#2692);
#2691 = CARTESIAN_POINT('',(273.8,109.6,-60.5));
#2692 = VECTOR('',#2693,1.);
#2693 = DIRECTION('',(0.,0.,1.));
#2694 = ORIENTED_EDGE('',*,*,#2603,.T.);
#2695 = ORIENTED_EDGE('',*,*,#2689,.T.);
#2696 = CYLINDRICAL_SURFACE('',#2697,2.75);
#2697 = AXIS2_PLACEMENT_3D('',#2698,#2699,#2700);
#2698 = CARTESIAN_POINT('',(271.05,109.6,-60.5));
#2699 = DIRECTION('',(0.,0.,1.));
#2700 = DIRECTION('',(1.,0.,-0.));
#2701 = ADVANCED_FACE('',(#2702),#2713,.F.);
#2702 = FACE_BOUND('',#2703,.F.);
#2703 = EDGE_LOOP('',(#2704,#2705,#2711,#2712));
#2704 = ORIENTED_EDGE('',*,*,#2518,.F.);
#2705 = ORIENTED_EDGE('',*,*,#2706,.F.);
#2706 = EDGE_CURVE('',#2615,#2519,#2707,.T.);
#2707 = LINE('',#2708,#2709);
#2708 = CARTESIAN_POINT('',(314.15,86.,-60.5));
#2709 = VECTOR('',#2710,1.);
#2710 = DIRECTION('',(0.,0.,1.));
#2711 = ORIENTED_EDGE('',*,*,#2614,.T.);
#2712 = ORIENTED_EDGE('',*,*,#2706,.T.);
#2713 = CYLINDRICAL_SURFACE('',#2714,19.5);
#2714 = AXIS2_PLACEMENT_3D('',#2715,#2716,#2717);
#2715 = CARTESIAN_POINT('',(294.65,86.,-60.5));
#2716 = DIRECTION('',(0.,0.,1.));
#2717 = DIRECTION('',(1.,0.,-0.));
#2718 = ADVANCED_FACE('',(#2719),#2730,.F.);
#2719 = FACE_BOUND('',#2720,.F.);
#2720 = EDGE_LOOP('',(#2721,#2722,#2728,#2729));
#2721 = ORIENTED_EDGE('',*,*,#2529,.F.);
#2722 = ORIENTED_EDGE('',*,*,#2723,.F.);
#2723 = EDGE_CURVE('',#2626,#2530,#2724,.T.);
#2724 = LINE('',#2725,#2726);
#2725 = CARTESIAN_POINT('',(321.,109.6,-60.5));
#2726 = VECTOR('',#2727,1.);
#2727 = DIRECTION('',(0.,0.,1.));
#2728 = ORIENTED_EDGE('',*,*,#2625,.T.);
#2729 = ORIENTED_EDGE('',*,*,#2723,.T.);
#2730 = CYLINDRICAL_SURFACE('',#2731,2.75);
#2731 = AXIS2_PLACEMENT_3D('',#2732,#2733,#2734);
#2732 = CARTESIAN_POINT('',(318.25,109.6,-60.5));
#2733 = DIRECTION('',(0.,0.,1.));
#2734 = DIRECTION('',(1.,0.,-0.));
#2735 = ( GEOMETRIC_REPRESENTATION_CONTEXT(3) 
GLOBAL_UNCERTAINTY_ASSIGNED_CONTEXT((#2739)) 
GLOBAL_UNIT_ASSIGNED_CONTEXT((#2736,#2737,#2738)) REPRESENTATION_CONTEXT
('Context #1','3D Context with UNIT and UNCERTAINTY') );
#2736 = ( LENGTH_UNIT() NAMED_UNIT(*) SI_UNIT(.MILLI.,.METRE.) );
#2737 = ( NAMED_UNIT(*) PLANE_ANGLE_UNIT() SI_UNIT($,.RADIAN.) );
#2738 = ( NAMED_UNIT(*) SI_UNIT($,.STERADIAN.) SOLID_ANGLE_UNIT() );
#2739 = UNCERTAINTY_MEASURE_WITH_UNIT(LENGTH_MEASURE(1.E-07),#2736,
  'distance_accuracy_value','confusion accuracy');
#2740 = CONTEXT_DEPENDENT_SHAPE_REPRESENTATION(#2741,#2743);
#2741 = ( REPRESENTATION_RELATIONSHIP('','',#2389,#10) 
REPRESENTATION_RELATIONSHIP_WITH_TRANSFORMATION(#2742) 
SHAPE_REPRESENTATION_RELATIONSHIP() );
#2742 = ITEM_DEFINED_TRANSFORMATION('','',#11,#39);
#2743 = PRODUCT_DEFINITION_SHAPE('Placement','Placement of an item',
  #2744);
#2744 = NEXT_ASSEMBLY_USAGE_OCCURRENCE('97',
  'Motor bracket 80×80×3 Al with slotted belt-tension holes','',#5,
  #2384,$);
#2745 = PRODUCT_RELATED_PRODUCT_CATEGORY('part',$,(#2386));
#2746 = SHAPE_DEFINITION_REPRESENTATION(#2747,#2753);
#2747 = PRODUCT_DEFINITION_SHAPE('','',#2748);
#2748 = PRODUCT_DEFINITION('design','',#2749,#2752);
#2749 = PRODUCT_DEFINITION_FORMATION('','',#2750);
#2750 = PRODUCT('Motor pulley GT3 60T Ø57, bore 6.35',
  'Motor pulley GT3 60T Ø57, bore 6.35','',(#2751));
#2751 = PRODUCT_CONTEXT('',#2,'mechanical');
#2752 = PRODUCT_DEFINITION_CONTEXT('part definition',#2,'design');
#2753 = ADVANCED_BREP_SHAPE_REPRESENTATION('',(#11,#2754),#2807);
#2754 = MANIFOLD_SOLID_BREP('',#2755);
#2755 = CLOSED_SHELL('',(#2756,#2789,#2798));
#2756 = ADVANCED_FACE('',(#2757),#2784,.T.);
#2757 = FACE_BOUND('',#2758,.T.);
#2758 = EDGE_LOOP('',(#2759,#2768,#2776,#2783));
#2759 = ORIENTED_EDGE('',*,*,#2760,.F.);
#2760 = EDGE_CURVE('',#2761,#2761,#2763,.T.);
#2761 = VERTEX_POINT('',#2762);
#2762 = CARTESIAN_POINT('',(323.3,86.,-14.5));
#2763 = CIRCLE('',#2764,28.65);
#2764 = AXIS2_PLACEMENT_3D('',#2765,#2766,#2767);
#2765 = CARTESIAN_POINT('',(294.65,86.,-14.5));
#2766 = DIRECTION('',(0.,0.,1.));
#2767 = DIRECTION('',(1.,0.,-0.));
#2768 = ORIENTED_EDGE('',*,*,#2769,.F.);
#2769 = EDGE_CURVE('',#2770,#2761,#2772,.T.);
#2770 = VERTEX_POINT('',#2771);
#2771 = CARTESIAN_POINT('',(323.3,86.,-26.5));
#2772 = LINE('',#2773,#2774);
#2773 = CARTESIAN_POINT('',(323.3,86.,-26.5));
#2774 = VECTOR('',#2775,1.);
#2775 = DIRECTION('',(0.,0.,1.));
#2776 = ORIENTED_EDGE('',*,*,#2777,.T.);
#2777 = EDGE_CURVE('',#2770,#2770,#2778,.T.);
#2778 = CIRCLE('',#2779,28.65);
#2779 = AXIS2_PLACEMENT_3D('',#2780,#2781,#2782);
#2780 = CARTESIAN_POINT('',(294.65,86.,-26.5));
#2781 = DIRECTION('',(0.,0.,1.));
#2782 = DIRECTION('',(1.,0.,-0.));
#2783 = ORIENTED_EDGE('',*,*,#2769,.T.);
#2784 = CYLINDRICAL_SURFACE('',#2785,28.65);
#2785 = AXIS2_PLACEMENT_3D('',#2786,#2787,#2788);
#2786 = CARTESIAN_POINT('',(294.65,86.,-26.5));
#2787 = DIRECTION('',(0.,0.,1.));
#2788 = DIRECTION('',(1.,0.,-0.));
#2789 = ADVANCED_FACE('',(#2790),#2793,.T.);
#2790 = FACE_BOUND('',#2791,.T.);
#2791 = EDGE_LOOP('',(#2792));
#2792 = ORIENTED_EDGE('',*,*,#2760,.T.);
#2793 = PLANE('',#2794);
#2794 = AXIS2_PLACEMENT_3D('',#2795,#2796,#2797);
#2795 = CARTESIAN_POINT('',(294.65,86.,-14.5));
#2796 = DIRECTION('',(0.,0.,1.));
#2797 = DIRECTION('',(1.,0.,-0.));
#2798 = ADVANCED_FACE('',(#2799),#2802,.F.);
#2799 = FACE_BOUND('',#2800,.T.);
#2800 = EDGE_LOOP('',(#2801));
#2801 = ORIENTED_EDGE('',*,*,#2777,.F.);
#2802 = PLANE('',#2803);
#2803 = AXIS2_PLACEMENT_3D('',#2804,#2805,#2806);
#2804 = CARTESIAN_POINT('',(294.65,86.,-26.5));
#2805 = DIRECTION('',(0.,0.,1.));
#2806 = DIRECTION('',(1.,0.,-0.));
#2807 = ( GEOMETRIC_REPRESENTATION_CONTEXT(3) 
GLOBAL_UNCERTAINTY_ASSIGNED_CONTEXT((#2811)) 
GLOBAL_UNIT_ASSIGNED_CONTEXT((#2808,#2809,#2810)) REPRESENTATION_CONTEXT
('Context #1','3D Context with UNIT and UNCERTAINTY') );
#2808 = ( LENGTH_UNIT() NAMED_UNIT(*) SI_UNIT(.MILLI.,.METRE.) );
#2809 = ( NAMED_UNIT(*) PLANE_ANGLE_UNIT() SI_UNIT($,.RADIAN.) );
#2810 = ( NAMED_UNIT(*) SI_UNIT($,.STERADIAN.) SOLID_ANGLE_UNIT() );
#2811 = UNCERTAINTY_MEASURE_WITH_UNIT(LENGTH_MEASURE(1.E-07),#2808,
  'distance_accuracy_value','confusion accuracy');
#2812 = CONTEXT_DEPENDENT_SHAPE_REPRESENTATION(#2813,#2815);
#2813 = ( REPRESENTATION_RELATIONSHIP('','',#2753,#10) 
REPRESENTATION_RELATIONSHIP_WITH_TRANSFORMATION(#2814) 
SHAPE_REPRESENTATION_RELATIONSHIP() );
#2814 = ITEM_DEFINED_TRANSFORMATION('','',#11,#43);
#2815 = PRODUCT_DEFINITION_SHAPE('Placement','Placement of an item',
  #2816);
#2816 = NEXT_ASSEMBLY_USAGE_OCCURRENCE('98',
  'Motor pulley GT3 60T Ø57, bore 6.35','',#5,#2748,$);
#2817 = PRODUCT_RELATED_PRODUCT_CATEGORY('part',$,(#2750));
#2818 = SHAPE_DEFINITION_REPRESENTATION(#2819,#2825);
#2819 = PRODUCT_DEFINITION_SHAPE('','',#2820);
#2820 = PRODUCT_DEFINITION('design','',#2821,#2824);
#2821 = PRODUCT_DEFINITION_FORMATION('','',#2822);
#2822 = PRODUCT(
'Through-bore slip ring Ø99×60, bore 60, 12 circuits (4×10 A, 4×10 
A, 4 signal)',
'Through-bore slip ring Ø99×60, bore 60, 12 circuits (4×10 A, 4×10 
A, 4 signal)','',(#2823));
#2823 = PRODUCT_CONTEXT('',#2,'mechanical');
#2824 = PRODUCT_DEFINITION_CONTEXT('part definition',#2,'design');
#2825 = ADVANCED_BREP_SHAPE_REPRESENTATION('',(#11,#2826),#2918);
#2826 = MANIFOLD_SOLID_BREP('',#2827);
#2827 = CLOSED_SHELL('',(#2828,#2861,#2881,#2901));
#2828 = ADVANCED_FACE('',(#2829),#2856,.T.);
#2829 = FACE_BOUND('',#2830,.T.);
#2830 = EDGE_LOOP('',(#2831,#2840,#2848,#2855));
#2831 = ORIENTED_EDGE('',*,*,#2832,.F.);
#2832 = EDGE_CURVE('',#2833,#2833,#2835,.T.);
#2833 = VERTEX_POINT('',#2834);
#2834 = CARTESIAN_POINT('',(204.5,86.,-5.5));
#2835 = CIRCLE('',#2836,49.5);
#2836 = AXIS2_PLACEMENT_3D('',#2837,#2838,#2839);
#2837 = CARTESIAN_POINT('',(155.,86.,-5.5));
#2838 = DIRECTION('',(0.,0.,1.));
#2839 = DIRECTION('',(1.,0.,-0.));
#2840 = ORIENTED_EDGE('',*,*,#2841,.F.);
#2841 = EDGE_CURVE('',#2842,#2833,#2844,.T.);
#2842 = VERTEX_POINT('',#2843);
#2843 = CARTESIAN_POINT('',(204.5,86.,-65.5));
#2844 = LINE('',#2845,#2846);
#2845 = CARTESIAN_POINT('',(204.5,86.,-65.5));
#2846 = VECTOR('',#2847,1.);
#2847 = DIRECTION('',(0.,0.,1.));
#2848 = ORIENTED_EDGE('',*,*,#2849,.T.);
#2849 = EDGE_CURVE('',#2842,#2842,#2850,.T.);
#2850 = CIRCLE('',#2851,49.5);
#2851 = AXIS2_PLACEMENT_3D('',#2852,#2853,#2854);
#2852 = CARTESIAN_POINT('',(155.,86.,-65.5));
#2853 = DIRECTION('',(0.,0.,1.));
#2854 = DIRECTION('',(1.,0.,-0.));
#2855 = ORIENTED_EDGE('',*,*,#2841,.T.);
#2856 = CYLINDRICAL_SURFACE('',#2857,49.5);
#2857 = AXIS2_PLACEMENT_3D('',#2858,#2859,#2860);
#2858 = CARTESIAN_POINT('',(155.,86.,-65.5));
#2859 = DIRECTION('',(0.,0.,1.));
#2860 = DIRECTION('',(1.,0.,-0.));
#2861 = ADVANCED_FACE('',(#2862,#2865),#2876,.T.);
#2862 = FACE_BOUND('',#2863,.T.);
#2863 = EDGE_LOOP('',(#2864));
#2864 = ORIENTED_EDGE('',*,*,#2832,.T.);
#2865 = FACE_BOUND('',#2866,.T.);
#2866 = EDGE_LOOP('',(#2867));
#2867 = ORIENTED_EDGE('',*,*,#2868,.F.);
#2868 = EDGE_CURVE('',#2869,#2869,#2871,.T.);
#2869 = VERTEX_POINT('',#2870);
#2870 = CARTESIAN_POINT('',(185.,86.,-5.5));
#2871 = CIRCLE('',#2872,30.);
#2872 = AXIS2_PLACEMENT_3D('',#2873,#2874,#2875);
#2873 = CARTESIAN_POINT('',(155.,86.,-5.5));
#2874 = DIRECTION('',(0.,0.,1.));
#2875 = DIRECTION('',(1.,0.,-0.));
#2876 = PLANE('',#2877);
#2877 = AXIS2_PLACEMENT_3D('',#2878,#2879,#2880);
#2878 = CARTESIAN_POINT('',(155.,86.,-5.5));
#2879 = DIRECTION('',(0.,0.,1.));
#2880 = DIRECTION('',(1.,0.,-0.));
#2881 = ADVANCED_FACE('',(#2882,#2885),#2896,.F.);
#2882 = FACE_BOUND('',#2883,.F.);
#2883 = EDGE_LOOP('',(#2884));
#2884 = ORIENTED_EDGE('',*,*,#2849,.T.);
#2885 = FACE_BOUND('',#2886,.F.);
#2886 = EDGE_LOOP('',(#2887));
#2887 = ORIENTED_EDGE('',*,*,#2888,.F.);
#2888 = EDGE_CURVE('',#2889,#2889,#2891,.T.);
#2889 = VERTEX_POINT('',#2890);
#2890 = CARTESIAN_POINT('',(185.,86.,-65.5));
#2891 = CIRCLE('',#2892,30.);
#2892 = AXIS2_PLACEMENT_3D('',#2893,#2894,#2895);
#2893 = CARTESIAN_POINT('',(155.,86.,-65.5));
#2894 = DIRECTION('',(0.,0.,1.));
#2895 = DIRECTION('',(1.,0.,-0.));
#2896 = PLANE('',#2897);
#2897 = AXIS2_PLACEMENT_3D('',#2898,#2899,#2900);
#2898 = CARTESIAN_POINT('',(155.,86.,-65.5));
#2899 = DIRECTION('',(0.,0.,1.));
#2900 = DIRECTION('',(1.,0.,-0.));
#2901 = ADVANCED_FACE('',(#2902),#2913,.F.);
#2902 = FACE_BOUND('',#2903,.F.);
#2903 = EDGE_LOOP('',(#2904,#2905,#2911,#2912));
#2904 = ORIENTED_EDGE('',*,*,#2868,.F.);
#2905 = ORIENTED_EDGE('',*,*,#2906,.F.);
#2906 = EDGE_CURVE('',#2889,#2869,#2907,.T.);
#2907 = LINE('',#2908,#2909);
#2908 = CARTESIAN_POINT('',(185.,86.,-66.5));
#2909 = VECTOR('',#2910,1.);
#2910 = DIRECTION('',(0.,0.,1.));
#2911 = ORIENTED_EDGE('',*,*,#2888,.T.);
#2912 = ORIENTED_EDGE('',*,*,#2906,.T.);
#2913 = CYLINDRICAL_SURFACE('',#2914,30.);
#2914 = AXIS2_PLACEMENT_3D('',#2915,#2916,#2917);
#2915 = CARTESIAN_POINT('',(155.,86.,-66.5));
#2916 = DIRECTION('',(0.,0.,1.));
#2917 = DIRECTION('',(1.,0.,-0.));
#2918 = ( GEOMETRIC_REPRESENTATION_CONTEXT(3) 
GLOBAL_UNCERTAINTY_ASSIGNED_CONTEXT((#2922)) 
GLOBAL_UNIT_ASSIGNED_CONTEXT((#2919,#2920,#2921)) REPRESENTATION_CONTEXT
('Context #1','3D Context with UNIT and UNCERTAINTY') );
#2919 = ( LENGTH_UNIT() NAMED_UNIT(*) SI_UNIT(.MILLI.,.METRE.) );
#2920 = ( NAMED_UNIT(*) PLANE_ANGLE_UNIT() SI_UNIT($,.RADIAN.) );
#2921 = ( NAMED_UNIT(*) SI_UNIT($,.STERADIAN.) SOLID_ANGLE_UNIT() );
#2922 = UNCERTAINTY_MEASURE_WITH_UNIT(LENGTH_MEASURE(1.E-07),#2919,
  'distance_accuracy_value','confusion accuracy');
#2923 = CONTEXT_DEPENDENT_SHAPE_REPRESENTATION(#2924,#2926);
#2924 = ( REPRESENTATION_RELATIONSHIP('','',#2825,#10) 
REPRESENTATION_RELATIONSHIP_WITH_TRANSFORMATION(#2925) 
SHAPE_REPRESENTATION_RELATIONSHIP() );
#2925 = ITEM_DEFINED_TRANSFORMATION('','',#11,#47);
#2926 = PRODUCT_DEFINITION_SHAPE('Placement','Placement of an item',
  #2927);
#2927 = NEXT_ASSEMBLY_USAGE_OCCURRENCE('99',
'Through-bore slip ring Ø99×60, bore 60, 12 circuits (4×10 A, 4×10 
A, 4 signal)','',#5,#2820,$);
#2928 = PRODUCT_RELATED_PRODUCT_CATEGORY('part',$,(#2822));
#2929 = SHAPE_DEFINITION_REPRESENTATION(#2930,#2936);
#2930 = PRODUCT_DEFINITION_SHAPE('','',#2931);
#2931 = PRODUCT_DEFINITION('design','',#2932,#2935);
#2932 = PRODUCT_DEFINITION_FORMATION('','',#2933);
#2933 = PRODUCT('Slip-ring stator bracket 140×140×3 Al',
  'Slip-ring stator bracket 140×140×3 Al','',(#2934));
#2934 = PRODUCT_CONTEXT('',#2,'mechanical');
#2935 = PRODUCT_DEFINITION_CONTEXT('part definition',#2,'design');
#2936 = ADVANCED_BREP_SHAPE_REPRESENTATION('',(#11,#2937),#3126);
#2937 = MANIFOLD_SOLID_BREP('',#2938);
#2938 = CLOSED_SHELL('',(#2939,#2979,#3010,#3045,#3069,#3097,#3109));
#2939 = ADVANCED_FACE('',(#2940),#2974,.F.);
#2940 = FACE_BOUND('',#2941,.F.);
#2941 = EDGE_LOOP('',(#2942,#2952,#2960,#2968));
#2942 = ORIENTED_EDGE('',*,*,#2943,.F.);
#2943 = EDGE_CURVE('',#2944,#2946,#2948,.T.);
#2944 = VERTEX_POINT('',#2945);
#2945 = CARTESIAN_POINT('',(85.,16.,-80.5));
#2946 = VERTEX_POINT('',#2947);
#2947 = CARTESIAN_POINT('',(85.,16.,-77.5));
#2948 = LINE('',#2949,#2950);
#2949 = CARTESIAN_POINT('',(85.,16.,-80.5));
#2950 = VECTOR('',#2951,1.);
#2951 = DIRECTION('',(0.,0.,1.));
#2952 = ORIENTED_EDGE('',*,*,#2953,.T.);
#2953 = EDGE_CURVE('',#2944,#2954,#2956,.T.);
#2954 = VERTEX_POINT('',#2955);
#2955 = CARTESIAN_POINT('',(85.,156.,-80.5));
#2956 = LINE('',#2957,#2958);
#2957 = CARTESIAN_POINT('',(85.,16.,-80.5));
#2958 = VECTOR('',#2959,1.);
#2959 = DIRECTION('',(-0.,1.,0.));
#2960 = ORIENTED_EDGE('',*,*,#2961,.T.);
#2961 = EDGE_CURVE('',#2954,#2962,#2964,.T.);
#2962 = VERTEX_POINT('',#2963);
#2963 = CARTESIAN_POINT('',(85.,156.,-77.5));
#2964 = LINE('',#2965,#2966);
#2965 = CARTESIAN_POINT('',(85.,156.,-80.5));
#2966 = VECTOR('',#2967,1.);
#2967 = DIRECTION('',(0.,0.,1.));
#2968 = ORIENTED_EDGE('',*,*,#2969,.F.);
#2969 = EDGE_CURVE('',#2946,#2962,#2970,.T.);
#2970 = LINE('',#2971,#2972);
#2971 = CARTESIAN_POINT('',(85.,16.,-77.5));
#2972 = VECTOR('',#2973,1.);
#2973 = DIRECTION('',(-0.,1.,0.));
#2974 = PLANE('',#2975);
#2975 = AXIS2_PLACEMENT_3D('',#2976,#2977,#2978);
#2976 = CARTESIAN_POINT('',(85.,16.,-80.5));
#2977 = DIRECTION('',(1.,0.,-0.));
#2978 = DIRECTION('',(0.,0.,1.));
#2979 = ADVANCED_FACE('',(#2980),#3005,.F.);
#2980 = FACE_BOUND('',#2981,.F.);
#2981 = EDGE_LOOP('',(#2982,#2990,#2991,#2999));
#2982 = ORIENTED_EDGE('',*,*,#2983,.F.);
#2983 = EDGE_CURVE('',#2944,#2984,#2986,.T.);
#2984 = VERTEX_POINT('',#2985);
#2985 = CARTESIAN_POINT('',(225.,16.,-80.5));
#2986 = LINE('',#2987,#2988);
#2987 = CARTESIAN_POINT('',(85.,16.,-80.5));
#2988 = VECTOR('',#2989,1.);
#2989 = DIRECTION('',(1.,0.,-0.));
#2990 = ORIENTED_EDGE('',*,*,#2943,.T.);
#2991 = ORIENTED_EDGE('',*,*,#2992,.T.);
#2992 = EDGE_CURVE('',#2946,#2993,#2995,.T.);
#2993 = VERTEX_POINT('',#2994);
#2994 = CARTESIAN_POINT('',(225.,16.,-77.5));
#2995 = LINE('',#2996,#2997);
#2996 = CARTESIAN_POINT('',(85.,16.,-77.5));
#2997 = VECTOR('',#2998,1.);
#2998 = DIRECTION('',(1.,0.,-0.));
#2999 = ORIENTED_EDGE('',*,*,#3000,.F.);
#3000 = EDGE_CURVE('',#2984,#2993,#3001,.T.);
#3001 = LINE('',#3002,#3003);
#3002 = CARTESIAN_POINT('',(225.,16.,-80.5));
#3003 = VECTOR('',#3004,1.);
#3004 = DIRECTION('',(0.,0.,1.));
#3005 = PLANE('',#3006);
#3006 = AXIS2_PLACEMENT_3D('',#3007,#3008,#3009);
#3007 = CARTESIAN_POINT('',(85.,16.,-80.5));
#3008 = DIRECTION('',(-0.,1.,0.));
#3009 = DIRECTION('',(0.,0.,1.));
#3010 = ADVANCED_FACE('',(#3011,#3029),#3040,.T.);
#3011 = FACE_BOUND('',#3012,.T.);
#3012 = EDGE_LOOP('',(#3013,#3014,#3015,#3023));
#3013 = ORIENTED_EDGE('',*,*,#2969,.F.);
#3014 = ORIENTED_EDGE('',*,*,#2992,.T.);
#3015 = ORIENTED_EDGE('',*,*,#3016,.T.);
#3016 = EDGE_CURVE('',#2993,#3017,#3019,.T.);
#3017 = VERTEX_POINT('',#3018);
#3018 = CARTESIAN_POINT('',(225.,156.,-77.5));
#3019 = LINE('',#3020,#3021);
#3020 = CARTESIAN_POINT('',(225.,16.,-77.5));
#3021 = VECTOR('',#3022,1.);
#3022 = DIRECTION('',(-0.,1.,0.));
#3023 = ORIENTED_EDGE('',*,*,#3024,.F.);
#3024 = EDGE_CURVE('',#2962,#3017,#3025,.T.);
#3025 = LINE('',#3026,#3027);
#3026 = CARTESIAN_POINT('',(85.,156.,-77.5));
#3027 = VECTOR('',#3028,1.);
#3028 = DIRECTION('',(1.,0.,-0.));
#3029 = FACE_BOUND('',#3030,.T.);
#3030 = EDGE_LOOP('',(#3031));
#3031 = ORIENTED_EDGE('',*,*,#3032,.F.);
#3032 = EDGE_CURVE('',#3033,#3033,#3035,.T.);
#3033 = VERTEX_POINT('',#3034);
#3034 = CARTESIAN_POINT('',(205.,86.,-77.5));
#3035 = CIRCLE('',#3036,50.);
#3036 = AXIS2_PLACEMENT_3D('',#3037,#3038,#3039);
#3037 = CARTESIAN_POINT('',(155.,86.,-77.5));
#3038 = DIRECTION('',(0.,0.,1.));
#3039 = DIRECTION('',(1.,0.,-0.));
#3040 = PLANE('',#3041);
#3041 = AXIS2_PLACEMENT_3D('',#3042,#3043,#3044);
#3042 = CARTESIAN_POINT('',(85.,16.,-77.5));
#3043 = DIRECTION('',(0.,0.,1.));
#3044 = DIRECTION('',(1.,0.,-0.));
#3045 = ADVANCED_FACE('',(#3046),#3064,.T.);
#3046 = FACE_BOUND('',#3047,.T.);
#3047 = EDGE_LOOP('',(#3048,#3056,#3057,#3058));
#3048 = ORIENTED_EDGE('',*,*,#3049,.F.);
#3049 = EDGE_CURVE('',#2954,#3050,#3052,.T.);
#3050 = VERTEX_POINT('',#3051);
#3051 = CARTESIAN_POINT('',(225.,156.,-80.5));
#3052 = LINE('',#3053,#3054);
#3053 = CARTESIAN_POINT('',(85.,156.,-80.5));
#3054 = VECTOR('',#3055,1.);
#3055 = DIRECTION('',(1.,0.,-0.));
#3056 = ORIENTED_EDGE('',*,*,#2961,.T.);
#3057 = ORIENTED_EDGE('',*,*,#3024,.T.);
#3058 = ORIENTED_EDGE('',*,*,#3059,.F.);
#3059 = EDGE_CURVE('',#3050,#3017,#3060,.T.);
#3060 = LINE('',#3061,#3062);
#3061 = CARTESIAN_POINT('',(225.,156.,-80.5));
#3062 = VECTOR('',#3063,1.);
#3063 = DIRECTION('',(0.,0.,1.));
#3064 = PLANE('',#3065);
#3065 = AXIS2_PLACEMENT_3D('',#3066,#3067,#3068);
#3066 = CARTESIAN_POINT('',(85.,156.,-80.5));
#3067 = DIRECTION('',(-0.,1.,0.));
#3068 = DIRECTION('',(0.,0.,1.));
#3069 = ADVANCED_FACE('',(#3070,#3081),#3092,.F.);
#3070 = FACE_BOUND('',#3071,.F.);
#3071 = EDGE_LOOP('',(#3072,#3073,#3074,#3080));
#3072 = ORIENTED_EDGE('',*,*,#2953,.F.);
#3073 = ORIENTED_EDGE('',*,*,#2983,.T.);
#3074 = ORIENTED_EDGE('',*,*,#3075,.T.);
#3075 = EDGE_CURVE('',#2984,#3050,#3076,.T.);
#3076 = LINE('',#3077,#3078);
#3077 = CARTESIAN_POINT('',(225.,16.,-80.5));
#3078 = VECTOR('',#3079,1.);
#3079 = DIRECTION('',(-0.,1.,0.));
#3080 = ORIENTED_EDGE('',*,*,#3049,.F.);
#3081 = FACE_BOUND('',#3082,.F.);
#3082 = EDGE_LOOP('',(#3083));
#3083 = ORIENTED_EDGE('',*,*,#3084,.F.);
#3084 = EDGE_CURVE('',#3085,#3085,#3087,.T.);
#3085 = VERTEX_POINT('',#3086);
#3086 = CARTESIAN_POINT('',(205.,86.,-80.5));
#3087 = CIRCLE('',#3088,50.);
#3088 = AXIS2_PLACEMENT_3D('',#3089,#3090,#3091);
#3089 = CARTESIAN_POINT('',(155.,86.,-80.5));
#3090 = DIRECTION('',(0.,0.,1.));
#3091 = DIRECTION('',(1.,0.,-0.));
#3092 = PLANE('',#3093);
#3093 = AXIS2_PLACEMENT_3D('',#3094,#3095,#3096);
#3094 = CARTESIAN_POINT('',(85.,16.,-80.5));
#3095 = DIRECTION('',(0.,0.,1.));
#3096 = DIRECTION('',(1.,0.,-0.));
#3097 = ADVANCED_FACE('',(#3098),#3104,.T.);
#3098 = FACE_BOUND('',#3099,.T.);
#3099 = EDGE_LOOP('',(#3100,#3101,#3102,#3103));
#3100 = ORIENTED_EDGE('',*,*,#3000,.F.);
#3101 = ORIENTED_EDGE('',*,*,#3075,.T.);
#3102 = ORIENTED_EDGE('',*,*,#3059,.T.);
#3103 = ORIENTED_EDGE('',*,*,#3016,.F.);
#3104 = PLANE('',#3105);
#3105 = AXIS2_PLACEMENT_3D('',#3106,#3107,#3108);
#3106 = CARTESIAN_POINT('',(225.,16.,-80.5));
#3107 = DIRECTION('',(1.,0.,-0.));
#3108 = DIRECTION('',(0.,0.,1.));
#3109 = ADVANCED_FACE('',(#3110),#3121,.F.);
#3110 = FACE_BOUND('',#3111,.F.);
#3111 = EDGE_LOOP('',(#3112,#3113,#3119,#3120));
#3112 = ORIENTED_EDGE('',*,*,#3032,.F.);
#3113 = ORIENTED_EDGE('',*,*,#3114,.F.);
#3114 = EDGE_CURVE('',#3085,#3033,#3115,.T.);
#3115 = LINE('',#3116,#3117);
#3116 = CARTESIAN_POINT('',(205.,86.,-85.5));
#3117 = VECTOR('',#3118,1.);
#3118 = DIRECTION('',(0.,0.,1.));
#3119 = ORIENTED_EDGE('',*,*,#3084,.T.);
#3120 = ORIENTED_EDGE('',*,*,#3114,.T.);
#3121 = CYLINDRICAL_SURFACE('',#3122,50.);
#3122 = AXIS2_PLACEMENT_3D('',#3123,#3124,#3125);
#3123 = CARTESIAN_POINT('',(155.,86.,-85.5));
#3124 = DIRECTION('',(0.,0.,1.));
#3125 = DIRECTION('',(1.,0.,-0.));
#3126 = ( GEOMETRIC_REPRESENTATION_CONTEXT(3) 
GLOBAL_UNCERTAINTY_ASSIGNED_CONTEXT((#3130)) 
GLOBAL_UNIT_ASSIGNED_CONTEXT((#3127,#3128,#3129)) REPRESENTATION_CONTEXT
('Context #1','3D Context with UNIT and UNCERTAINTY') );
#3127 = ( LENGTH_UNIT() NAMED_UNIT(*) SI_UNIT(.MILLI.,.METRE.) );
#3128 = ( NAMED_UNIT(*) PLANE_ANGLE_UNIT() SI_UNIT($,.RADIAN.) );
#3129 = ( NAMED_UNIT(*) SI_UNIT($,.STERADIAN.) SOLID_ANGLE_UNIT() );
#3130 = UNCERTAINTY_MEASURE_WITH_UNIT(LENGTH_MEASURE(1.E-07),#3127,
  'distance_accuracy_value','confusion accuracy');
#3131 = CONTEXT_DEPENDENT_SHAPE_REPRESENTATION(#3132,#3134);
#3132 = ( REPRESENTATION_RELATIONSHIP('','',#2936,#10) 
REPRESENTATION_RELATIONSHIP_WITH_TRANSFORMATION(#3133) 
SHAPE_REPRESENTATION_RELATIONSHIP() );
#3133 = ITEM_DEFINED_TRANSFORMATION('','',#11,#51);
#3134 = PRODUCT_DEFINITION_SHAPE('Placement','Placement of an item',
  #3135);
#3135 = NEXT_ASSEMBLY_USAGE_OCCURRENCE('100',
  'Slip-ring stator bracket 140×140×3 Al','',#5,#2931,$);
#3136 = PRODUCT_RELATED_PRODUCT_CATEGORY('part',$,(#2933));
#3137 = SHAPE_DEFINITION_REPRESENTATION(#3138,#3144);
#3138 = PRODUCT_DEFINITION_SHAPE('','',#3139);
#3139 = PRODUCT_DEFINITION('design','',#3140,#3143);
#3140 = PRODUCT_DEFINITION_FORMATION('','',#3141);
#3141 = PRODUCT('Stepper driver TB6600 on DIN rail',
  'Stepper driver TB6600 on DIN rail','',(#3142));
#3142 = PRODUCT_CONTEXT('',#2,'mechanical');
#3143 = PRODUCT_DEFINITION_CONTEXT('part definition',#2,'design');
#3144 = ADVANCED_BREP_SHAPE_REPRESENTATION('',(#11,#3145),#3295);
#3145 = MANIFOLD_SOLID_BREP('',#3146);
#3146 = CLOSED_SHELL('',(#3147,#3187,#3227,#3249,#3271,#3283));
#3147 = ADVANCED_FACE('',(#3148),#3182,.F.);
#3148 = FACE_BOUND('',#3149,.F.);
#3149 = EDGE_LOOP('',(#3150,#3160,#3168,#3176));
#3150 = ORIENTED_EDGE('',*,*,#3151,.F.);
#3151 = EDGE_CURVE('',#3152,#3154,#3156,.T.);
#3152 = VERTEX_POINT('',#3153);
#3153 = CARTESIAN_POINT('',(5.,166.,-161.));
#3154 = VERTEX_POINT('',#3155);
#3155 = CARTESIAN_POINT('',(5.,166.,-125.));
#3156 = LINE('',#3157,#3158);
#3157 = CARTESIAN_POINT('',(5.,166.,-161.));
#3158 = VECTOR('',#3159,1.);
#3159 = DIRECTION('',(0.,0.,1.));
#3160 = ORIENTED_EDGE('',*,*,#3161,.T.);
#3161 = EDGE_CURVE('',#3152,#3162,#3164,.T.);
#3162 = VERTEX_POINT('',#3163);
#3163 = CARTESIAN_POINT('',(5.,238.,-161.));
#3164 = LINE('',#3165,#3166);
#3165 = CARTESIAN_POINT('',(5.,166.,-161.));
#3166 = VECTOR('',#3167,1.);
#3167 = DIRECTION('',(-0.,1.,0.));
#3168 = ORIENTED_EDGE('',*,*,#3169,.T.);
#3169 = EDGE_CURVE('',#3162,#3170,#3172,.T.);
#3170 = VERTEX_POINT('',#3171);
#3171 = CARTESIAN_POINT('',(5.,238.,-125.));
#3172 = LINE('',#3173,#3174);
#3173 = CARTESIAN_POINT('',(5.,238.,-161.));
#3174 = VECTOR('',#3175,1.);
#3175 = DIRECTION('',(0.,0.,1.));
#3176 = ORIENTED_EDGE('',*,*,#3177,.F.);
#3177 = EDGE_CURVE('',#3154,#3170,#3178,.T.);
#3178 = LINE('',#3179,#3180);
#3179 = CARTESIAN_POINT('',(5.,166.,-125.));
#3180 = VECTOR('',#3181,1.);
#3181 = DIRECTION('',(-0.,1.,0.));
#3182 = PLANE('',#3183);
#3183 = AXIS2_PLACEMENT_3D('',#3184,#3185,#3186);
#3184 = CARTESIAN_POINT('',(5.,166.,-161.));
#3185 = DIRECTION('',(1.,0.,-0.));
#3186 = DIRECTION('',(0.,0.,1.));
#3187 = ADVANCED_FACE('',(#3188),#3222,.T.);
#3188 = FACE_BOUND('',#3189,.T.);
#3189 = EDGE_LOOP('',(#3190,#3200,#3208,#3216));
#3190 = ORIENTED_EDGE('',*,*,#3191,.F.);
#3191 = EDGE_CURVE('',#3192,#3194,#3196,.T.);
#3192 = VERTEX_POINT('',#3193);
#3193 = CARTESIAN_POINT('',(101.,166.,-161.));
#3194 = VERTEX_POINT('',#3195);
#3195 = CARTESIAN_POINT('',(101.,166.,-125.));
#3196 = LINE('',#3197,#3198);
#3197 = CARTESIAN_POINT('',(101.,166.,-161.));
#3198 = VECTOR('',#3199,1.);
#3199 = DIRECTION('',(0.,0.,1.));
#3200 = ORIENTED_EDGE('',*,*,#3201,.T.);
#3201 = EDGE_CURVE('',#3192,#3202,#3204,.T.);
#3202 = VERTEX_POINT('',#3203);
#3203 = CARTESIAN_POINT('',(101.,238.,-161.));
#3204 = LINE('',#3205,#3206);
#3205 = CARTESIAN_POINT('',(101.,166.,-161.));
#3206 = VECTOR('',#3207,1.);
#3207 = DIRECTION('',(-0.,1.,0.));
#3208 = ORIENTED_EDGE('',*,*,#3209,.T.);
#3209 = EDGE_CURVE('',#3202,#3210,#3212,.T.);
#3210 = VERTEX_POINT('',#3211);
#3211 = CARTESIAN_POINT('',(101.,238.,-125.));
#3212 = LINE('',#3213,#3214);
#3213 = CARTESIAN_POINT('',(101.,238.,-161.));
#3214 = VECTOR('',#3215,1.);
#3215 = DIRECTION('',(0.,0.,1.));
#3216 = ORIENTED_EDGE('',*,*,#3217,.F.);
#3217 = EDGE_CURVE('',#3194,#3210,#3218,.T.);
#3218 = LINE('',#3219,#3220);
#3219 = CARTESIAN_POINT('',(101.,166.,-125.));
#3220 = VECTOR('',#3221,1.);
#3221 = DIRECTION('',(-0.,1.,0.));
#3222 = PLANE('',#3223);
#3223 = AXIS2_PLACEMENT_3D('',#3224,#3225,#3226);
#3224 = CARTESIAN_POINT('',(101.,166.,-161.));
#3225 = DIRECTION('',(1.,0.,-0.));
#3226 = DIRECTION('',(0.,0.,1.));
#3227 = ADVANCED_FACE('',(#3228),#3244,.F.);
#3228 = FACE_BOUND('',#3229,.F.);
#3229 = EDGE_LOOP('',(#3230,#3236,#3237,#3243));
#3230 = ORIENTED_EDGE('',*,*,#3231,.F.);
#3231 = EDGE_CURVE('',#3152,#3192,#3232,.T.);
#3232 = LINE('',#3233,#3234);
#3233 = CARTESIAN_POINT('',(5.,166.,-161.));
#3234 = VECTOR('',#3235,1.);
#3235 = DIRECTION('',(1.,0.,-0.));
#3236 = ORIENTED_EDGE('',*,*,#3151,.T.);
#3237 = ORIENTED_EDGE('',*,*,#3238,.T.);
#3238 = EDGE_CURVE('',#3154,#3194,#3239,.T.);
#3239 = LINE('',#3240,#3241);
#3240 = CARTESIAN_POINT('',(5.,166.,-125.));
#3241 = VECTOR('',#3242,1.);
#3242 = DIRECTION('',(1.,0.,-0.));
#3243 = ORIENTED_EDGE('',*,*,#3191,.F.);
#3244 = PLANE('',#3245);
#3245 = AXIS2_PLACEMENT_3D('',#3246,#3247,#3248);
#3246 = CARTESIAN_POINT('',(5.,166.,-161.));
#3247 = DIRECTION('',(-0.,1.,0.));
#3248 = DIRECTION('',(0.,0.,1.));
#3249 = ADVANCED_FACE('',(#3250),#3266,.T.);
#3250 = FACE_BOUND('',#3251,.T.);
#3251 = EDGE_LOOP('',(#3252,#3258,#3259,#3265));
#3252 = ORIENTED_EDGE('',*,*,#3253,.F.);
#3253 = EDGE_CURVE('',#3162,#3202,#3254,.T.);
#3254 = LINE('',#3255,#3256);
#3255 = CARTESIAN_POINT('',(5.,238.,-161.));
#3256 = VECTOR('',#3257,1.);
#3257 = DIRECTION('',(1.,0.,-0.));
#3258 = ORIENTED_EDGE('',*,*,#3169,.T.);
#3259 = ORIENTED_EDGE('',*,*,#3260,.T.);
#3260 = EDGE_CURVE('',#3170,#3210,#3261,.T.);
#3261 = LINE('',#3262,#3263);
#3262 = CARTESIAN_POINT('',(5.,238.,-125.));
#3263 = VECTOR('',#3264,1.);
#3264 = DIRECTION('',(1.,0.,-0.));
#3265 = ORIENTED_EDGE('',*,*,#3209,.F.);
#3266 = PLANE('',#3267);
#3267 = AXIS2_PLACEMENT_3D('',#3268,#3269,#3270);
#3268 = CARTESIAN_POINT('',(5.,238.,-161.));
#3269 = DIRECTION('',(-0.,1.,0.));
#3270 = DIRECTION('',(0.,0.,1.));
#3271 = ADVANCED_FACE('',(#3272),#3278,.F.);
#3272 = FACE_BOUND('',#3273,.F.);
#3273 = EDGE_LOOP('',(#3274,#3275,#3276,#3277));
#3274 = ORIENTED_EDGE('',*,*,#3161,.F.);
#3275 = ORIENTED_EDGE('',*,*,#3231,.T.);
#3276 = ORIENTED_EDGE('',*,*,#3201,.T.);
#3277 = ORIENTED_EDGE('',*,*,#3253,.F.);
#3278 = PLANE('',#3279);
#3279 = AXIS2_PLACEMENT_3D('',#3280,#3281,#3282);
#3280 = CARTESIAN_POINT('',(5.,166.,-161.));
#3281 = DIRECTION('',(0.,0.,1.));
#3282 = DIRECTION('',(1.,0.,-0.));
#3283 = ADVANCED_FACE('',(#3284),#3290,.T.);
#3284 = FACE_BOUND('',#3285,.T.);
#3285 = EDGE_LOOP('',(#3286,#3287,#3288,#3289));
#3286 = ORIENTED_EDGE('',*,*,#3177,.F.);
#3287 = ORIENTED_EDGE('',*,*,#3238,.T.);
#3288 = ORIENTED_EDGE('',*,*,#3217,.T.);
#3289 = ORIENTED_EDGE('',*,*,#3260,.F.);
#3290 = PLANE('',#3291);
#3291 = AXIS2_PLACEMENT_3D('',#3292,#3293,#3294);
#3292 = CARTESIAN_POINT('',(5.,166.,-125.));
#3293 = DIRECTION('',(0.,0.,1.));
#3294 = DIRECTION('',(1.,0.,-0.));
#3295 = ( GEOMETRIC_REPRESENTATION_CONTEXT(3) 
GLOBAL_UNCERTAINTY_ASSIGNED_CONTEXT((#3299)) 
GLOBAL_UNIT_ASSIGNED_CONTEXT((#3296,#3297,#3298)) REPRESENTATION_CONTEXT
('Context #1','3D Context with UNIT and UNCERTAINTY') );
#3296 = ( LENGTH_UNIT() NAMED_UNIT(*) SI_UNIT(.MILLI.,.METRE.) );
#3297 = ( NAMED_UNIT(*) PLANE_ANGLE_UNIT() SI_UNIT($,.RADIAN.) );
#3298 = ( NAMED_UNIT(*) SI_UNIT($,.STERADIAN.) SOLID_ANGLE_UNIT() );
#3299 = UNCERTAINTY_MEASURE_WITH_UNIT(LENGTH_MEASURE(1.E-07),#3296,
  'distance_accuracy_value','confusion accuracy');
#3300 = CONTEXT_DEPENDENT_SHAPE_REPRESENTATION(#3301,#3303);
#3301 = ( REPRESENTATION_RELATIONSHIP('','',#3144,#10) 
REPRESENTATION_RELATIONSHIP_WITH_TRANSFORMATION(#3302) 
SHAPE_REPRESENTATION_RELATIONSHIP() );
#3302 = ITEM_DEFINED_TRANSFORMATION('','',#11,#55);
#3303 = PRODUCT_DEFINITION_SHAPE('Placement','Placement of an item',
  #3304);
#3304 = NEXT_ASSEMBLY_USAGE_OCCURRENCE('101',
  'Stepper driver TB6600 on DIN rail','',#5,#3139,$);
#3305 = PRODUCT_RELATED_PRODUCT_CATEGORY('part',$,(#3141));
#3306 = SHAPE_DEFINITION_REPRESENTATION(#3307,#3313);
#3307 = PRODUCT_DEFINITION_SHAPE('','',#3308);
#3308 = PRODUCT_DEFINITION('design','',#3309,#3312);
#3309 = PRODUCT_DEFINITION_FORMATION('','',#3310);
#3310 = PRODUCT(
'Mast flange Ø150×10 steel, 4×M10 PCD 110 (ASSUMPTION — mast 
interface undefined)',
'Mast flange Ø150×10 steel, 4×M10 PCD 110 (ASSUMPTION — mast 
interface undefined)','',(#3311));
#3311 = PRODUCT_CONTEXT('',#2,'mechanical');
#3312 = PRODUCT_DEFINITION_CONTEXT('part definition',#2,'design');
#3313 = ADVANCED_BREP_SHAPE_REPRESENTATION('',(#11,#3314),#3523);
#3314 = MANIFOLD_SOLID_BREP('',#3315);
#3315 = CLOSED_SHELL('',(#3316,#3349,#3402,#3455,#3472,#3489,#3506));
#3316 = ADVANCED_FACE('',(#3317),#3344,.T.);
#3317 = FACE_BOUND('',#3318,.T.);
#3318 = EDGE_LOOP('',(#3319,#3328,#3336,#3343));
#3319 = ORIENTED_EDGE('',*,*,#3320,.F.);
#3320 = EDGE_CURVE('',#3321,#3321,#3323,.T.);
#3321 = VERTEX_POINT('',#3322);
#3322 = CARTESIAN_POINT('',(230.,86.,-165.5));
#3323 = CIRCLE('',#3324,75.);
#3324 = AXIS2_PLACEMENT_3D('',#3325,#3326,#3327);
#3325 = CARTESIAN_POINT('',(155.,86.,-165.5));
#3326 = DIRECTION('',(0.,0.,1.));
#3327 = DIRECTION('',(1.,0.,-0.));
#3328 = ORIENTED_EDGE('',*,*,#3329,.F.);
#3329 = EDGE_CURVE('',#3330,#3321,#3332,.T.);
#3330 = VERTEX_POINT('',#3331);
#3331 = CARTESIAN_POINT('',(230.,86.,-175.5));
#3332 = LINE('',#3333,#3334);
#3333 = CARTESIAN_POINT('',(230.,86.,-175.5));
#3334 = VECTOR('',#3335,1.);
#3335 = DIRECTION('',(0.,0.,1.));
#3336 = ORIENTED_EDGE('',*,*,#3337,.T.);
#3337 = EDGE_CURVE('',#3330,#3330,#3338,.T.);
#3338 = CIRCLE('',#3339,75.);
#3339 = AXIS2_PLACEMENT_3D('',#3340,#3341,#3342);
#3340 = CARTESIAN_POINT('',(155.,86.,-175.5));
#3341 = DIRECTION('',(0.,0.,1.));
#3342 = DIRECTION('',(1.,0.,-0.));
#3343 = ORIENTED_EDGE('',*,*,#3329,.T.);
#3344 = CYLINDRICAL_SURFACE('',#3345,75.);
#3345 = AXIS2_PLACEMENT_3D('',#3346,#3347,#3348);
#3346 = CARTESIAN_POINT('',(155.,86.,-175.5));
#3347 = DIRECTION('',(0.,0.,1.));
#3348 = DIRECTION('',(1.,0.,-0.));
#3349 = ADVANCED_FACE('',(#3350,#3353,#3364,#3375,#3386),#3397,.T.);
#3350 = FACE_BOUND('',#3351,.T.);
#3351 = EDGE_LOOP('',(#3352));
#3352 = ORIENTED_EDGE('',*,*,#3320,.T.);
#3353 = FACE_BOUND('',#3354,.T.);
#3354 = EDGE_LOOP('',(#3355));
#3355 = ORIENTED_EDGE('',*,*,#3356,.F.);
#3356 = EDGE_CURVE('',#3357,#3357,#3359,.T.);
#3357 = VERTEX_POINT('',#3358);
#3358 = CARTESIAN_POINT('',(121.35912703474,47.10912703474,-165.5));
#3359 = CIRCLE('',#3360,5.25);
#3360 = AXIS2_PLACEMENT_3D('',#3361,#3362,#3363);
#3361 = CARTESIAN_POINT('',(116.10912703474,47.10912703474,-165.5));
#3362 = DIRECTION('',(0.,0.,1.));
#3363 = DIRECTION('',(1.,0.,-0.));
#3364 = FACE_BOUND('',#3365,.T.);
#3365 = EDGE_LOOP('',(#3366));
#3366 = ORIENTED_EDGE('',*,*,#3367,.F.);
#3367 = EDGE_CURVE('',#3368,#3368,#3370,.T.);
#3368 = VERTEX_POINT('',#3369);
#3369 = CARTESIAN_POINT('',(199.14087296526,47.10912703474,-165.5));
#3370 = CIRCLE('',#3371,5.25);
#3371 = AXIS2_PLACEMENT_3D('',#3372,#3373,#3374);
#3372 = CARTESIAN_POINT('',(193.89087296526,47.10912703474,-165.5));
#3373 = DIRECTION('',(0.,0.,1.));
#3374 = DIRECTION('',(1.,0.,-0.));
#3375 = FACE_BOUND('',#3376,.T.);
#3376 = EDGE_LOOP('',(#3377));
#3377 = ORIENTED_EDGE('',*,*,#3378,.F.);
#3378 = EDGE_CURVE('',#3379,#3379,#3381,.T.);
#3379 = VERTEX_POINT('',#3380);
#3380 = CARTESIAN_POINT('',(121.35912703474,124.89087296526,-165.5));
#3381 = CIRCLE('',#3382,5.25);
#3382 = AXIS2_PLACEMENT_3D('',#3383,#3384,#3385);
#3383 = CARTESIAN_POINT('',(116.10912703474,124.89087296526,-165.5));
#3384 = DIRECTION('',(0.,0.,1.));
#3385 = DIRECTION('',(1.,0.,-0.));
#3386 = FACE_BOUND('',#3387,.T.);
#3387 = EDGE_LOOP('',(#3388));
#3388 = ORIENTED_EDGE('',*,*,#3389,.F.);
#3389 = EDGE_CURVE('',#3390,#3390,#3392,.T.);
#3390 = VERTEX_POINT('',#3391);
#3391 = CARTESIAN_POINT('',(199.14087296526,124.89087296526,-165.5));
#3392 = CIRCLE('',#3393,5.25);
#3393 = AXIS2_PLACEMENT_3D('',#3394,#3395,#3396);
#3394 = CARTESIAN_POINT('',(193.89087296526,124.89087296526,-165.5));
#3395 = DIRECTION('',(0.,0.,1.));
#3396 = DIRECTION('',(1.,0.,-0.));
#3397 = PLANE('',#3398);
#3398 = AXIS2_PLACEMENT_3D('',#3399,#3400,#3401);
#3399 = CARTESIAN_POINT('',(155.,86.,-165.5));
#3400 = DIRECTION('',(0.,0.,1.));
#3401 = DIRECTION('',(1.,0.,-0.));
#3402 = ADVANCED_FACE('',(#3403,#3406,#3417,#3428,#3439),#3450,.F.);
#3403 = FACE_BOUND('',#3404,.F.);
#3404 = EDGE_LOOP('',(#3405));
#3405 = ORIENTED_EDGE('',*,*,#3337,.T.);
#3406 = FACE_BOUND('',#3407,.F.);
#3407 = EDGE_LOOP('',(#3408));
#3408 = ORIENTED_EDGE('',*,*,#3409,.F.);
#3409 = EDGE_CURVE('',#3410,#3410,#3412,.T.);
#3410 = VERTEX_POINT('',#3411);
#3411 = CARTESIAN_POINT('',(121.35912703474,47.10912703474,-175.5));
#3412 = CIRCLE('',#3413,5.25);
#3413 = AXIS2_PLACEMENT_3D('',#3414,#3415,#3416);
#3414 = CARTESIAN_POINT('',(116.10912703474,47.10912703474,-175.5));
#3415 = DIRECTION('',(0.,0.,1.));
#3416 = DIRECTION('',(1.,0.,-0.));
#3417 = FACE_BOUND('',#3418,.F.);
#3418 = EDGE_LOOP('',(#3419));
#3419 = ORIENTED_EDGE('',*,*,#3420,.F.);
#3420 = EDGE_CURVE('',#3421,#3421,#3423,.T.);
#3421 = VERTEX_POINT('',#3422);
#3422 = CARTESIAN_POINT('',(199.14087296526,47.10912703474,-175.5));
#3423 = CIRCLE('',#3424,5.25);
#3424 = AXIS2_PLACEMENT_3D('',#3425,#3426,#3427);
#3425 = CARTESIAN_POINT('',(193.89087296526,47.10912703474,-175.5));
#3426 = DIRECTION('',(0.,0.,1.));
#3427 = DIRECTION('',(1.,0.,-0.));
#3428 = FACE_BOUND('',#3429,.F.);
#3429 = EDGE_LOOP('',(#3430));
#3430 = ORIENTED_EDGE('',*,*,#3431,.F.);
#3431 = EDGE_CURVE('',#3432,#3432,#3434,.T.);
#3432 = VERTEX_POINT('',#3433);
#3433 = CARTESIAN_POINT('',(121.35912703474,124.89087296526,-175.5));
#3434 = CIRCLE('',#3435,5.25);
#3435 = AXIS2_PLACEMENT_3D('',#3436,#3437,#3438);
#3436 = CARTESIAN_POINT('',(116.10912703474,124.89087296526,-175.5));
#3437 = DIRECTION('',(0.,0.,1.));
#3438 = DIRECTION('',(1.,0.,-0.));
#3439 = FACE_BOUND('',#3440,.F.);
#3440 = EDGE_LOOP('',(#3441));
#3441 = ORIENTED_EDGE('',*,*,#3442,.F.);
#3442 = EDGE_CURVE('',#3443,#3443,#3445,.T.);
#3443 = VERTEX_POINT('',#3444);
#3444 = CARTESIAN_POINT('',(199.14087296526,124.89087296526,-175.5));
#3445 = CIRCLE('',#3446,5.25);
#3446 = AXIS2_PLACEMENT_3D('',#3447,#3448,#3449);
#3447 = CARTESIAN_POINT('',(193.89087296526,124.89087296526,-175.5));
#3448 = DIRECTION('',(0.,0.,1.));
#3449 = DIRECTION('',(1.,0.,-0.));
#3450 = PLANE('',#3451);
#3451 = AXIS2_PLACEMENT_3D('',#3452,#3453,#3454);
#3452 = CARTESIAN_POINT('',(155.,86.,-175.5));
#3453 = DIRECTION('',(0.,0.,1.));
#3454 = DIRECTION('',(1.,0.,-0.));
#3455 = ADVANCED_FACE('',(#3456),#3467,.F.);
#3456 = FACE_BOUND('',#3457,.F.);
#3457 = EDGE_LOOP('',(#3458,#3459,#3465,#3466));
#3458 = ORIENTED_EDGE('',*,*,#3356,.F.);
#3459 = ORIENTED_EDGE('',*,*,#3460,.F.);
#3460 = EDGE_CURVE('',#3410,#3357,#3461,.T.);
#3461 = LINE('',#3462,#3463);
#3462 = CARTESIAN_POINT('',(121.35912703474,47.10912703474,-180.5));
#3463 = VECTOR('',#3464,1.);
#3464 = DIRECTION('',(0.,0.,1.));
#3465 = ORIENTED_EDGE('',*,*,#3409,.T.);
#3466 = ORIENTED_EDGE('',*,*,#3460,.T.);
#3467 = CYLINDRICAL_SURFACE('',#3468,5.25);
#3468 = AXIS2_PLACEMENT_3D('',#3469,#3470,#3471);
#3469 = CARTESIAN_POINT('',(116.10912703474,47.10912703474,-180.5));
#3470 = DIRECTION('',(0.,0.,1.));
#3471 = DIRECTION('',(1.,0.,-0.));
#3472 = ADVANCED_FACE('',(#3473),#3484,.F.);
#3473 = FACE_BOUND('',#3474,.F.);
#3474 = EDGE_LOOP('',(#3475,#3476,#3482,#3483));
#3475 = ORIENTED_EDGE('',*,*,#3367,.F.);
#3476 = ORIENTED_EDGE('',*,*,#3477,.F.);
#3477 = EDGE_CURVE('',#3421,#3368,#3478,.T.);
#3478 = LINE('',#3479,#3480);
#3479 = CARTESIAN_POINT('',(199.14087296526,47.10912703474,-180.5));
#3480 = VECTOR('',#3481,1.);
#3481 = DIRECTION('',(0.,0.,1.));
#3482 = ORIENTED_EDGE('',*,*,#3420,.T.);
#3483 = ORIENTED_EDGE('',*,*,#3477,.T.);
#3484 = CYLINDRICAL_SURFACE('',#3485,5.25);
#3485 = AXIS2_PLACEMENT_3D('',#3486,#3487,#3488);
#3486 = CARTESIAN_POINT('',(193.89087296526,47.10912703474,-180.5));
#3487 = DIRECTION('',(0.,0.,1.));
#3488 = DIRECTION('',(1.,0.,-0.));
#3489 = ADVANCED_FACE('',(#3490),#3501,.F.);
#3490 = FACE_BOUND('',#3491,.F.);
#3491 = EDGE_LOOP('',(#3492,#3493,#3499,#3500));
#3492 = ORIENTED_EDGE('',*,*,#3378,.F.);
#3493 = ORIENTED_EDGE('',*,*,#3494,.F.);
#3494 = EDGE_CURVE('',#3432,#3379,#3495,.T.);
#3495 = LINE('',#3496,#3497);
#3496 = CARTESIAN_POINT('',(121.35912703474,124.89087296526,-180.5));
#3497 = VECTOR('',#3498,1.);
#3498 = DIRECTION('',(0.,0.,1.));
#3499 = ORIENTED_EDGE('',*,*,#3431,.T.);
#3500 = ORIENTED_EDGE('',*,*,#3494,.T.);
#3501 = CYLINDRICAL_SURFACE('',#3502,5.25);
#3502 = AXIS2_PLACEMENT_3D('',#3503,#3504,#3505);
#3503 = CARTESIAN_POINT('',(116.10912703474,124.89087296526,-180.5));
#3504 = DIRECTION('',(0.,0.,1.));
#3505 = DIRECTION('',(1.,0.,-0.));
#3506 = ADVANCED_FACE('',(#3507),#3518,.F.);
#3507 = FACE_BOUND('',#3508,.F.);
#3508 = EDGE_LOOP('',(#3509,#3510,#3516,#3517));
#3509 = ORIENTED_EDGE('',*,*,#3389,.F.);
#3510 = ORIENTED_EDGE('',*,*,#3511,.F.);
#3511 = EDGE_CURVE('',#3443,#3390,#3512,.T.);
#3512 = LINE('',#3513,#3514);
#3513 = CARTESIAN_POINT('',(199.14087296526,124.89087296526,-180.5));
#3514 = VECTOR('',#3515,1.);
#3515 = DIRECTION('',(0.,0.,1.));
#3516 = ORIENTED_EDGE('',*,*,#3442,.T.);
#3517 = ORIENTED_EDGE('',*,*,#3511,.T.);
#3518 = CYLINDRICAL_SURFACE('',#3519,5.25);
#3519 = AXIS2_PLACEMENT_3D('',#3520,#3521,#3522);
#3520 = CARTESIAN_POINT('',(193.89087296526,124.89087296526,-180.5));
#3521 = DIRECTION('',(0.,0.,1.));
#3522 = DIRECTION('',(1.,0.,-0.));
#3523 = ( GEOMETRIC_REPRESENTATION_CONTEXT(3) 
GLOBAL_UNCERTAINTY_ASSIGNED_CONTEXT((#3527)) 
GLOBAL_UNIT_ASSIGNED_CONTEXT((#3524,#3525,#3526)) REPRESENTATION_CONTEXT
('Context #1','3D Context with UNIT and UNCERTAINTY') );
#3524 = ( LENGTH_UNIT() NAMED_UNIT(*) SI_UNIT(.MILLI.,.METRE.) );
#3525 = ( NAMED_UNIT(*) PLANE_ANGLE_UNIT() SI_UNIT($,.RADIAN.) );
#3526 = ( NAMED_UNIT(*) SI_UNIT($,.STERADIAN.) SOLID_ANGLE_UNIT() );
#3527 = UNCERTAINTY_MEASURE_WITH_UNIT(LENGTH_MEASURE(1.E-07),#3524,
  'distance_accuracy_value','confusion accuracy');
#3528 = CONTEXT_DEPENDENT_SHAPE_REPRESENTATION(#3529,#3531);
#3529 = ( REPRESENTATION_RELATIONSHIP('','',#3313,#10) 
REPRESENTATION_RELATIONSHIP_WITH_TRANSFORMATION(#3530) 
SHAPE_REPRESENTATION_RELATIONSHIP() );
#3530 = ITEM_DEFINED_TRANSFORMATION('','',#11,#59);
#3531 = PRODUCT_DEFINITION_SHAPE('Placement','Placement of an item',
  #3532);
#3532 = NEXT_ASSEMBLY_USAGE_OCCURRENCE('102',
'Mast flange Ø150×10 steel, 4×M10 PCD 110 (ASSUMPTION — mast 
interface undefined)','',#5,#3308,$);
#3533 = PRODUCT_RELATED_PRODUCT_CATEGORY('part',$,(#3310));
ENDSEC;
END-ISO-10303-21;
